[PowderGraph 1]
2thetadeg	d-value	intx	sigx	count
   0.00100  88267.70067    0.00000    0.00000          0
   0.01100   8025.58304    0.00000    0.00000          0
   0.02100   4203.90795    0.00000    0.00000          0
   0.03099   2847.81610    0.00000    0.00000          0
   0.04099   2153.22972    0.00000    0.00000          0
   0.05099   1731.02925    0.00000    0.00000          0
   0.06099   1447.25478    0.00000    0.00000          0
   0.07099   1243.41659    0.00000    0.00000          0
   0.08099   1089.90871    0.00000    0.00000          0
   0.09098    970.13877    0.00000    0.00000          0
   0.10098    874.08561    0.00000    0.00000          0
   0.11098    795.33930    0.00000    0.00000          0
   0.12098    729.60890    0.00000    0.00000          0
   0.13098    673.91366    0.00000    0.00000          0
   0.14098    626.11844    0.00000    0.00000          0
   0.15097    584.65371    0.00000    0.00000          0
   0.16097    548.33988    0.00000    0.00000          0
   0.17097    516.27327    0.00000    0.00000          0
   0.18097    487.74993    0.00000    0.00000          0
   0.19097    462.21333    0.00000    0.00000          0
   0.20097    439.21769    0.00000    0.00000          0
   0.21096    418.40172    0.00000    0.00000          0
   0.22096    399.46955    0.00000    0.00000          0
   0.23096    382.17653    0.00000    0.00000          0
   0.24096    366.31862    0.00000    0.00000          0
   0.25096    351.72428    0.00000    0.00000          0
   0.26096    338.24829    0.00000    0.00000          0
   0.27095    325.76683    0.00000    0.00000          0
   0.28095    314.17373    0.00000    0.00000          0
   0.29095    303.37742    0.00000    0.00000          0
   0.30095    293.29846    0.00000    0.00000          0
   0.31095    283.86767    0.00000    0.00000          0
   0.32095    275.02446    0.00000    0.00000          0
   0.33094    266.71559    0.00000    0.00000          0
   0.34094    258.89405    0.00000    0.00000          0
   0.35094    251.51818    0.00000    0.00000          0
   0.36094    244.55094    0.00000    0.00000          0
   0.37094    237.95929    0.00000    0.00000          0
   0.38094    231.71367    0.00000    0.00000          0
   0.39093    225.78751    0.00000    0.00000          0
   0.40093    220.15693    0.00000    0.00000          0
   0.41093    214.80033    0.00000    0.00000          0
   0.42093    209.69821    0.00000    0.00000          0
   0.43093    204.83285    0.00000    0.00000          0
   0.44092    200.18814    0.00000    0.00000          0
   0.45092    195.74940    0.00000    0.00000          0
   0.46092    191.50323    0.00000    0.00000          0
   0.47092    187.43737    0.00000    0.00000          0
   0.48092    183.54057    0.00000    0.00000          0
   0.49092    179.80249    0.00000    0.00000          0
   0.50091    176.21364    0.00000    0.00000          0
   0.51091    172.76526    0.00000    0.00000          0
   0.52091    169.44925    0.00000    0.00000          0
   0.53091    166.25814    0.00000    0.00000          0
   0.54091    163.18500    0.00000    0.00000          0
   0.55091    160.22341    0.00000    0.00000          0
   0.56090    157.36740    0.00000    0.00000          0
   0.57090    154.61142    0.00000    0.00000          0
   0.58090    151.95032    0.00000    0.00000          0
   0.59090    149.37927    0.00000    0.00000          0
   0.60090    146.89378    0.00000    0.00000          0
   0.61090    144.48965    0.00000    0.00000          0
   0.62089    142.16295    0.00000    0.00000          0
   0.63089    139.91000    0.00000    0.00000          0
   0.64089    137.72733    0.00000    0.00000          0
   0.65089    135.61173    0.00000    0.00000          0
   0.66089    133.56014    0.00000    0.00000          0
   0.67089    131.56970    0.00000    0.00000          0
   0.68088    129.63771    0.00000    0.00000          0
   0.69088    127.76165    0.00000    0.00000          0
   0.70088    125.93911    0.00000    0.00000          0
   0.71088    124.16783    0.00000    0.00000          0
   0.72088    122.44570    0.00000    0.00000          0
   0.73088    120.77067    0.00000    0.00000          0
   0.74087    119.14086    0.00000    0.00000          0
   0.75087    117.55446    0.00000    0.00000          0
   0.76087    116.00974    0.00000    0.00000          0
   0.77087    114.50510    0.00000    0.00000          0
   0.78087    113.03899    0.00000    0.00000          0
   0.79087    111.60995    0.00000    0.00000          0
   0.80086    110.21659    0.00000    0.00000          0
   0.81086    108.85759    0.00000    0.00000          0
   0.82086    107.53169    0.00000    0.00000          0
   0.83086    106.23771    0.00000    0.00000          0
   0.84086    104.97451    0.00000    0.00000          0
   0.85085    103.74099    0.00000    0.00000          0
   0.86085    102.53612    0.00000    0.00000          0
   0.87085    101.35892    0.00000    0.00000          0
   0.88085    100.20844    0.00000    0.00000          0
   0.89085     99.08379    0.00000    0.00000          0
   0.90085     97.98410    0.00000    0.00000          0
   0.91084     96.90856    0.00000    0.00000          0
   0.92084     95.85637    0.00000    0.00000          0
   0.93084     94.82679    0.00000    0.00000          0
   0.94084     93.81909    0.00000    0.00000          0
   0.95084     92.83258    0.00000    0.00000          0
   0.96084     91.86660    0.00000    0.00000          0
   0.97083     90.92052    0.00000    0.00000          0
   0.98083     89.99373    0.00000    0.00000          0
   0.99083     89.08564    0.00000    0.00000          0
   1.00083     88.19570    0.00000    0.00000          0
   1.01083     87.32336    0.00000    0.00000          0
   1.02083     86.46811    0.00000    0.00000          0
   1.03082     85.62945    0.00000    0.00000          0
   1.04082     84.80690    0.00000    0.00000          0
   1.05082     84.00001    0.00000    0.00000          0
   1.06082     83.20832    0.00000    0.00000          0
   1.07082     82.43142    0.00000    0.00000          0
   1.08082     81.66890    0.00000    0.00000          0
   1.09081     80.92035    0.00000    0.00000          0
   1.10081     80.18540    0.00000    0.00000          0
   1.11081     79.46368    0.00000    0.00000          0
   1.12081     78.75484    0.00000    0.00000          0
   1.13081     78.05854    0.00000    0.00000          0
   1.14081     77.37443    0.00000    0.00000          0
   1.15080     76.70222    0.00000    0.00000          0
   1.16080     76.04159    0.00000    0.00000          0
   1.17080     75.39224    0.00000    0.00000          0
   1.18080     74.75388    0.00000    0.00000          0
   1.19080     74.12625    0.00000    0.00000          0
   1.20079     73.50907    0.00000    0.00000          0
   1.21079     72.90208    0.00000    0.00000          0
   1.22079     72.30503    0.00000    0.00000          0
   1.23079     71.71768    0.00000    0.00000          0
   1.24079     71.13980    0.00000    0.00000          0
   1.25079     70.57116    0.00000    0.00000          0
   1.26078     70.01154    0.00000    0.00000          0
   1.27078     69.46073    0.00000    0.00000          0
   1.28078     68.91851    0.00000    0.00000          0
   1.29078     68.38469    0.00000    0.00000          0
   1.30078     67.85908    0.00000    0.00000          0
   1.31078     67.34149    0.00000    0.00000          0
   1.32077     66.83174    0.00000    0.00000          0
   1.33077     66.32965    0.00000    0.00000          0
   1.34077     65.83504    0.00000    0.00000          0
   1.35077     65.34776    0.00000    0.00000          0
   1.36077     64.86763    0.00000    0.00000          0
   1.37077     64.39451    0.00000    0.00000          0
   1.38076     63.92825    0.00000    0.00000          0
   1.39076     63.46869    0.00000    0.00000          0
   1.40076     63.01568    0.00000    0.00000          0
   1.41076     62.56910    0.00000    0.00000          0
   1.42076     62.12881    0.00000    0.00000          0
   1.43076     61.69467    0.00000    0.00000          0
   1.44075     61.26655    0.00000    0.00000          0
   1.45075     60.84434    0.00000    0.00000          0
   1.46075     60.42790    0.00000    0.00000          0
   1.47075     60.01713    0.00000    0.00000          0
   1.48075     59.61191    0.00000    0.00000          0
   1.49075     59.21212    0.00000    0.00000          0
   1.50074     58.81765    0.00000    0.00000          0
   1.51074     58.42841    0.00000    0.00000          0
   1.52074     58.04429    0.00000    0.00000          0
   1.53074     57.66519    0.00000    0.00000          0
   1.54074     57.29100    0.00000    0.00000          0
   1.55074     56.92164    0.00000    0.00000          0
   1.56073     56.55702    0.00000    0.00000          0
   1.57073     56.19703    0.00000    0.00000          0
   1.58073     55.84160    0.00000    0.00000          0
   1.59073     55.49064    0.00000    0.00000          0
   1.60073     55.14406    0.00000    0.00000          0
   1.61072     54.80179    0.00000    0.00000          0
   1.62072     54.46374    0.00000    0.00000          0
   1.63072     54.12983    0.00000    0.00000          0
   1.64072     53.80000    0.00000    0.00000          0
   1.65072     53.47415    0.00000    0.00000          0
   1.66072     53.15224    0.00000    0.00000          0
   1.67071     52.83417    0.00000    0.00000          0
   1.68071     52.51989    0.00000    0.00000          0
   1.69071     52.20933    0.00000    0.00000          0
   1.70071     51.90242    0.00000    0.00000          0
   1.71071     51.59910    0.00000    0.00000          0
   1.72071     51.29930    0.00000    0.00000          0
   1.73070     51.00297    0.00000    0.00000          0
   1.74070     50.71004    0.00000    0.00000          0
   1.75070     50.42045    0.00000    0.00000          0
   1.76070     50.13416    0.00000    0.00000          0
   1.77070     49.85110    0.00000    0.00000          0
   1.78070     49.57121    0.00000    0.00000          0
   1.79069     49.29446    0.00000    0.00000          0
   1.80069     49.02077    0.00000    0.00000          0
   1.81069     48.75011    0.00000    0.00000          0
   1.82069     48.48242    0.00000    0.00000          0
   1.83069     48.21766    0.00000    0.00000          0
   1.84069     47.95577    0.00000    0.00000          0
   1.85068     47.69671    0.00000    0.00000          0
   1.86068     47.44044    0.00000    0.00000          0
   1.87068     47.18690    0.00000    0.00000          0
   1.88068     46.93607    0.00000    0.00000          0
   1.89068     46.68788    0.00000    0.00000          0
   1.90068     46.44231    0.00000    0.00000          0
   1.91067     46.19930    0.00000    0.00000          0
   1.92067     45.95883    0.00000    0.00000          0
   1.93067     45.72085    0.00000    0.00000          0
   1.94067     45.48532    0.00000    0.00000          0
   1.95067     45.25220    0.00000    0.00000          0
   1.96067     45.02146    0.00000    0.00000          0
   1.97066     44.79306    0.00000    0.00000          0
   1.98066     44.56697    0.00000    0.00000          0
   1.99066     44.34315    0.00000    0.00000          0
   2.00066     44.12157    0.00000    0.00000          0
   2.01066     43.90219    0.00000    0.00000          0
   2.02065     43.68498    0.00000    0.00000          0
   2.03065     43.46992    0.00000    0.00000          0
   2.04065     43.25695    0.00000    0.00000          0
   2.05065     43.04607    0.00000    0.00000          0
   2.06065     42.83723    0.00000    0.00000          0
   2.07065     42.63041    0.00000    0.00000          0
   2.08064     42.42558    0.00000    0.00000          0
   2.09064     42.22270    0.00000    0.00000          0
   2.10064     42.02176    0.00000    0.00000          0
   2.11064     41.82272    0.00000    0.00000          0
   2.12064     41.62556    0.00000    0.00000          0
   2.13064     41.43025    0.00000    0.00000          0
   2.14063     41.23676    0.00000    0.00000          0
   2.15063     41.04508    0.00000    0.00000          0
   2.16063     40.85516    0.00000    0.00000          0
   2.17063     40.66700    0.00000    0.00000          0
   2.18063     40.48056    0.00000    0.00000          0
   2.19063     40.29583    0.00000    0.00000          0
   2.20062     40.11277    0.00000    0.00000          0
   2.21062     39.93137    0.00000    0.00000          0
   2.22062     39.75160    0.00000    0.00000          0
   2.23062     39.57344    0.00000    0.00000          0
   2.24062     39.39688    0.00000    0.00000          0
   2.25062     39.22188    0.00000    0.00000          0
   2.26061     39.04843    0.00000    0.00000          0
   2.27061     38.87651    0.00000    0.00000          0
   2.28061     38.70610    0.00000    0.00000          0
   2.29061     38.53717    0.00000    0.00000          0
   2.30061     38.36971    0.00000    0.00000          0
   2.31061     38.20370    0.00000    0.00000          0
   2.32060     38.03913    0.00000    0.00000          0
   2.33060     37.87596    0.00000    0.00000          0
   2.34060     37.71419    0.00000    0.00000          0
   2.35060     37.55379    0.00000    0.00000          0
   2.36060     37.39476    0.00000    0.00000          0
   2.37060     37.23706    0.00000    0.00000          0
   2.38059     37.08069    0.00000    0.00000          0
   2.39059     36.92563    0.00000    0.00000          0
   2.40059     36.77186    0.00000    0.00000          0
   2.41059     36.61937    0.00000    0.00000          0
   2.42059     36.46813    0.00000    0.00000          0
   2.43058     36.31814    0.00000    0.00000          0
   2.44058     36.16938    0.00000    0.00000          0
   2.45058     36.02183    0.00000    0.00000          0
   2.46058     35.87548    0.00000    0.00000          0
   2.47058     35.73032    0.00000    0.00000          0
   2.48058     35.58633    0.00000    0.00000          0
   2.49057     35.44349    0.00000    0.00000          0
   2.50057     35.30179    0.00000    0.00000          0
   2.51057     35.16123    0.00000    0.00000          0
   2.52057     35.02178    0.00000    0.00000          0
   2.53057     34.88343    0.00000    0.00000          0
   2.54057     34.74617    0.00000    0.00000          0
   2.55056     34.60998    0.00000    0.00000          0
   2.56056     34.47486    0.00000    0.00000          0
   2.57056     34.34079    0.00000    0.00000          0
   2.58056     34.20776    0.00000    0.00000          0
   2.59056     34.07576    0.00000    0.00000          0
   2.60056     33.94477    0.00000    0.00000          0
   2.61055     33.81479    0.00000    0.00000          0
   2.62055     33.68580    0.00000    0.00000          0
   2.63055     33.55779    0.00000    0.00000          0
   2.64055     33.43074    0.00000    0.00000          0
   2.65055     33.30466    0.00000    0.00000          0
   2.66055     33.17952    0.00000    0.00000          0
   2.67054     33.05532    0.00000    0.00000          0
   2.68054     32.93205    0.00000    0.00000          0
   2.69054     32.80970    0.00000    0.00000          0
   2.70054     32.68825    0.00000    0.00000          0
   2.71054     32.56769    0.00000    0.00000          0
   2.72054     32.44802    0.00000    0.00000          0
   2.73053     32.32923    0.00000    0.00000          0
   2.74053     32.21131    0.00000    0.00000          0
   2.75053     32.09424    0.00000    0.00000          0
   2.76053     31.97802    0.00000    0.00000          0
   2.77053     31.86264    0.00000    0.00000          0
   2.78053     31.74809    0.00000    0.00000          0
   2.79052     31.63436    0.00000    0.00000          0
   2.80052     31.52145    0.00000    0.00000          0
   2.81052     31.40933    0.00000    0.00000          0
   2.82052     31.29801    0.00000    0.00000          0
   2.83052     31.18748    0.00000    0.00000          0
   2.84051     31.07773    0.00000    0.00000          0
   2.85051     30.96874    0.00000    0.00000          0
   2.86051     30.86052    0.00000    0.00000          0
   2.87051     30.75305    0.00000    0.00000          0
   2.88051     30.64633    0.00000    0.00000          0
   2.89051     30.54035    0.00000    0.00000          0
   2.90050     30.43509    0.00000    0.00000          0
   2.91050     30.33056    0.00000    0.00000          0
   2.92050     30.22675    0.00000    0.00000          0
   2.93050     30.12364    0.00000    0.00000          0
   2.94050     30.02124    0.00000    0.00000          0
   2.95050     29.91953    0.00000    0.00000          0
   2.96049     29.81851    0.00000    0.00000          0
   2.97049     29.71816    0.00000    0.00000          0
   2.98049     29.61850    0.00000    0.00000          0
   2.99049     29.51949    0.00000    0.00000          0
   3.00049     29.42115    0.00000    0.00000          0
   3.01049     29.32346    0.00000    0.00000          0
   3.02048     29.22642    0.00000    0.00000          0
   3.03048     29.13001    0.00000    0.00000          0
   3.04048     29.03425    0.00000    0.00000          0
   3.05048     28.93910    0.00000    0.00000          0
   3.06048     28.84459    0.00000    0.00000          0
   3.07048     28.75068    0.00000    0.00000          0
   3.08047     28.65739    0.00000    0.00000          0
   3.09047     28.56470    0.00000    0.00000          0
   3.10047     28.47261    0.00000    0.00000          0
   3.11047     28.38111    0.00000    0.00000          0
   3.12047     28.29019    0.00000    0.00000          0
   3.13047     28.19986    0.00000    0.00000          0
   3.14046     28.11010    0.00000    0.00000          0
   3.15046     28.02091    0.00000    0.00000          0
   3.16046     27.93229    0.00000    0.00000          0
   3.17046     27.84423    0.00000    0.00000          0
   3.18046     27.75672    0.00000    0.00000          0
   3.19045     27.66975    0.00000    0.00000          0
   3.20045     27.58334    0.00000    0.00000          0
   3.21045     27.49746    0.00000    0.00000          0
   3.22045     27.41211    0.00000    0.00000          0
   3.23045     27.32729    0.00000    0.00000          0
   3.24045     27.24300    0.00000    0.00000          0
   3.25044     27.15922    0.00000    0.00000          0
   3.26044     27.07596    0.00000    0.00000          0
   3.27044     26.99320    0.00000    0.00000          0
   3.28044     26.91095    0.00000    0.00000          0
   3.29044     26.82920    0.00000    0.00000          0
   3.30044     26.74795    0.00000    0.00000          0
   3.31043     26.66719    0.00000    0.00000          0
   3.32043     26.58691    0.00000    0.00000          0
   3.33043     26.50712   41.56937    1.99310          2
   3.34043     26.42780   39.22374    1.32033          2
   3.35043     26.34896   34.53248    2.53888          1
   3.36043     26.27058   35.38531    1.53591          1
   3.37042     26.19268   36.23813    1.55431          1
   3.38042     26.11523   36.98204    0.90654          3
   3.39042     26.03824   37.32766    0.64401          6
   3.40042     25.96170   39.15998    1.92461         10
   3.41042     25.88561   38.90796    0.50930         10
   3.42042     25.80997   39.30848    2.93805         13
   3.43041     25.73476   40.62162    0.42490         15
   3.44041     25.66000   41.23087    0.39078         18
   3.45041     25.58566   41.23918    0.35351         22
   3.46041     25.51176   42.17654    0.31689         28
   3.47041     25.43828   42.56244    2.52562         34
   3.48041     25.36523   43.16844    3.14838         36
   3.49040     25.29259   43.37344    3.06697         41
   3.50040     25.22037   43.94469    0.26411         42
   3.51040     25.14856   44.50684    0.26579         42
   3.52040     25.07716   44.93834    0.25520         46
   3.53040     25.00616   45.69127    2.78068         46
   3.54040     24.93556   46.34324    0.25110         49
   3.55039     24.86536   46.10989    2.02011         55
   3.56039     24.79556   47.04514    3.46821         52
   3.57039     24.72615   46.96084    0.24191         54
   3.58039     24.65712   47.60737    0.25008         51
   3.59039     24.58848   48.04280    0.24583         53
   3.60038     24.52022   48.07335    0.25318         50
   3.61038     24.45234   48.51714    2.74235         58
   3.62038     24.38483   49.16155    1.96962         56
   3.63038     24.31769   49.23986    2.41418         65
   3.64038     24.25093   49.60108    3.57965         57
   3.65038     24.18453   49.76009    2.70659         66
   3.66037     24.11849   50.92114    2.93993         64
   3.67037     24.05281   51.16507    0.21616         73
   3.68037     23.98749   51.93738    1.82828         78
   3.69037     23.92253   52.08218    1.77496         98
   3.70037     23.85791   52.54439    1.32023        106
   3.71037     23.79364   52.92673    3.62648        133
   3.72036     23.72972   53.12707    1.43013        148
   3.73036     23.66614   53.97654    0.14592        169
   3.74036     23.60290   53.94444    1.53378        200
   3.75036     23.54000   54.02521    1.69492        240
   3.76036     23.47743   54.64922    1.10748        284
   3.77036     23.41520   53.97546    1.50866        358
   3.78035     23.35329   54.34975    1.21682        396
   3.79035     23.29171   53.64934    1.07600        513
   3.80035     23.23046   54.25658    1.14180        543
   3.81035     23.16952   53.73824    0.99962        701
   3.82035     23.10891   54.19166    1.27378        744
   3.83035     23.04861   53.69077    0.93520        914
   3.84034     22.98863   54.10996    0.84434        988
   3.85034     22.92895   53.46908    0.90639       1183
   3.86034     22.86959   53.84328    0.94549       1326
   3.87034     22.81053   53.37976    0.92171       1507
   3.88034     22.75178   53.51834    0.76455       1671
   3.89034     22.69333   53.04989    0.96936       1828
   3.90033     22.63518   53.24599    0.98486       1936
   3.91033     22.57732   52.78471    0.71678       2201
   3.92033     22.51977   52.83840    0.81050       2231
   3.93033     22.46250   52.48087    0.79010       2523
   3.94033     22.40553   52.49972    0.83239       2616
   3.95033     22.34884   52.15781    0.70272       2892
   3.96032     22.29244   52.29108    0.76226       3020
   3.97032     22.23633   51.92297    0.69534       3258
   3.98032     22.18049   51.89532    0.65222       3360
   3.99032     22.12494   51.76056    0.74937       3575
   4.00032     22.06966   51.62239    0.75243       3741
   4.01031     22.01466   51.66098    0.60673       3929
   4.02031     21.95993   51.38081    0.71765       4127
   4.03031     21.90548   51.39818    0.58283       4275
   4.04031     21.85129   51.29904    0.67989       4526
   4.05031     21.79737   51.26256    0.62257       4668
   4.06031     21.74372   51.22727    0.63076       4837
   4.07030     21.69033   51.11040    0.66055       5027
   4.08030     21.63721   51.10200    0.54721       5219
   4.09030     21.58434   51.06843    0.63746       5372
   4.10030     21.53173   51.12421    0.63446       5463
   4.11030     21.47938   50.93318    0.61684       5704
   4.12030     21.42728   51.07913    0.67763       5727
   4.13029     21.37543   50.81429    0.54519       5977
   4.14029     21.32383   51.16235    0.63883       6119
   4.15029     21.27248   50.82011    0.55116       6436
   4.16029     21.22138   51.25124    0.53673       6573
   4.17029     21.17053   51.03590    0.59228       6840
   4.18029     21.11992   51.18253    0.56594       6853
   4.19028     21.06954   51.03892    0.62768       7092
   4.20028     21.01941   51.11380    0.53570       7145
   4.21028     20.96952   51.01623    0.54958       7301
   4.22028     20.91986   51.07192    0.67801       7429
   4.23028     20.87044   50.96937    0.60825       7547
   4.24028     20.82125   50.92658    0.62507       7737
   4.25027     20.77230   50.86742    0.53886       7706
   4.26027     20.72357   50.74861    0.61870       7838
   4.27027     20.67507   50.73264    0.62152       7918
   4.28027     20.62680   50.66122    0.56969       8051
   4.29027     20.57875   50.62760    0.52754       8148
   4.30027     20.53092   50.52081    0.49559       8128
   4.31026     20.48332   50.55082    0.51870       8362
   4.32026     20.43594   50.50354    0.59937       8424
   4.33026     20.38878   50.39187    0.61888       8477
   4.34026     20.34183   50.34260    0.57449       8586
   4.35026     20.29510   50.15253    0.58930       8543
   4.36026     20.24859   50.15290    0.65271       8636
   4.37025     20.20228   50.06352    0.53199       8713
   4.38025     20.15619   49.98729    0.66019       8704
   4.39025     20.11031   49.69918    0.59090       8516
   4.40025     20.06464   49.64386    0.46317       8526
   4.41025     20.01917   49.55484    0.47443       8764
   4.42024     19.97392   49.58697    0.58447       8788
   4.43024     19.92886   49.42782    0.54554       8924
   4.44024     19.88401   49.33242    0.64687       8867
   4.45024     19.83936   49.19104    0.52447       8935
   4.46024     19.79491   49.10581    0.55605       8938
   4.47024     19.75065   49.08852    0.67435       8977
   4.48023     19.70660   48.90912    0.51262       9052
   4.49023     19.66274   48.84882    0.60270       9046
   4.50023     19.61908   48.64442    0.53459       8973
   4.51023     19.57561   48.54720    0.61203       8911
   4.52023     19.53233   48.41887    0.49006       9049
   4.53023     19.48925   48.37820    0.50096       9104
   4.54022     19.44635   48.25724    0.50657       9236
   4.55022     19.40364   48.21525    0.54192       9070
   4.56022     19.36112   48.02123    0.54049       9182
   4.57022     19.31879   48.05981    0.58436       9180
   4.58022     19.27664   47.87852    0.53195       9351
   4.59022     19.23468   47.87211    0.52115       9324
   4.60021     19.19289   47.60545    0.66195       9236
   4.61021     19.15129   47.60471    0.55569       9262
   4.62021     19.10987   47.45286    0.47649       9412
   4.63021     19.06863   47.43521    0.66678       9344
   4.64021     19.02756   47.20084    0.49677       9238
   4.65021     18.98667   47.12225    0.48531       9281
   4.66020     18.94596   47.20232    0.49643       9382
   4.67020     18.90542   46.95511    0.51774       9375
   4.68020     18.86506   46.97765    0.56600       9550
   4.69020     18.82486   46.82202    0.53352       9506
   4.70020     18.78484   46.78425    0.53017       9487
   4.71020     18.74499   46.67889    0.58262       9538
   4.72019     18.70531   46.56314    0.49429       9472
   4.73019     18.66579   46.49119    0.51441       9525
   4.74019     18.62644   46.40257    0.55249       9596
   4.75019     18.58726   46.38815    0.52792       9638
   4.76019     18.54824   46.20659    0.49699       9522
   4.77018     18.50939   46.14977    0.56176       9637
   4.78018     18.47069   46.02646    0.49577       9616
   4.79018     18.43216   46.01193    0.47468       9619
   4.80018     18.39379   45.92365    0.52793       9718
   4.81018     18.35558   45.85404    0.49634       9711
   4.82018     18.31753   45.76996    0.56670       9744
   4.83017     18.27964   45.62551    0.46489       9643
   4.84017     18.24190   45.61025    0.54348       9728
   4.85017     18.20432   45.56520    0.58785       9899
   4.86017     18.16689   45.51504    0.49120       9941
   4.87017     18.12962   45.37006    0.49347       9971
   4.88017     18.09250   45.27654    0.58181       9631
   4.89016     18.05553   45.07285    0.55743       9706
   4.90016     18.01871   45.22071    0.43473       9768
   4.91016     17.98204   45.01680    0.48260      10096
   4.92016     17.94552   45.05359    0.59389       9936
   4.93016     17.90915   44.82260    0.43701       9957
   4.94016     17.87293   44.91209    0.49369       9865
   4.95015     17.83685   44.75194    0.47115      10047
   4.96015     17.80092   44.84499    0.54239      10140
   4.97015     17.76513   44.61641    0.53499      10120
   4.98015     17.72949   44.65321    0.47592      10041
   4.99015     17.69399   44.46052    0.62608      10042
   5.00015     17.65863   44.52529    0.58145      10132
   5.01014     17.62341   44.33404    0.45440      10059
   5.02014     17.58833   44.36776    0.47122      10112
   5.03014     17.55340   44.22591    0.43928      10130
   5.04014     17.51860   44.21561    0.51712      10109
   5.05014     17.48394   44.13155    0.44236      10072
   5.06014     17.44941   44.13280    0.54123      10297
   5.07013     17.41503   44.04207    0.46941      10325
   5.08013     17.38077   44.00961    0.50855      10286
   5.09013     17.34665   43.91759    0.53490      10382
   5.10013     17.31267   43.94579    0.50486      10217
   5.11013     17.27882   43.80045    0.49307      10545
   5.12013     17.24510   43.88837    0.61044      10318
   5.13012     17.21151   43.48352    0.49477      10219
   5.14012     17.17806   43.65761    0.43869      10260
   5.15012     17.14473   43.42974    0.40021      10410
   5.16012     17.11153   43.57655    0.49031      10338
   5.17012     17.07846   43.38483    0.51718      10511
   5.18011     17.04552   43.48821    0.45576      10505
   5.19011     17.01271   43.27430    0.52324      10520
   5.20011     16.98002   43.25604    0.49107      10495
   5.21011     16.94746   43.20249    0.47370      10514
   5.22011     16.91502   43.19322    0.49520      10736
   5.23011     16.88271   43.09642    0.48536      10591
   5.24010     16.85052   43.02968    0.64223      10555
   5.25010     16.81845   42.87135    0.50184      10570
   5.26010     16.78650   42.90543    0.44891      10552
   5.27010     16.75468   42.71549    0.41154      10656
   5.28010     16.72297   42.82063    0.44124      10672
   5.29010     16.69139   42.59855    0.46129      10663
   5.30009     16.65993   42.74479    0.48095      10709
   5.31009     16.62858   42.52062    0.45166      10774
   5.32009     16.59735   42.60395    0.54706      10644
   5.33009     16.56624   42.45608    0.47876      10931
   5.34009     16.53524   42.45998    0.49936      10892
   5.35009     16.50437   42.33332    0.50893      10881
   5.36008     16.47360   42.38418    0.45797      10898
   5.37008     16.44295   42.25019    0.46451      10774
   5.38008     16.41242   42.14465    0.44576      10752
   5.39008     16.38200   42.18765    0.45497      10870
   5.40008     16.35169   42.07985    0.45567      10957
   5.41008     16.32149   42.14169    0.42565      10926
   5.42007     16.29141   42.05819    0.54465      11004
   5.43007     16.26143   41.96344    0.50529      10977
   5.44007     16.23157   42.02162    0.45127      11109
   5.45007     16.20181   41.89143    0.49087      10961
   5.46007     16.17217   41.91390    0.42444      11105
   5.47007     16.14263   41.80036    0.43608      11162
   5.48006     16.11320   41.81965    0.47066      10987
   5.49006     16.08388   41.81486    0.56337      11183
   5.50006     16.05466   41.65565    0.50879      11094
   5.51006     16.02555   41.76630    0.44832      11119
   5.52006     15.99655   41.56206    0.40745      11271
   5.53006     15.96765   41.58329    0.44175      11032
   5.54005     15.93885   41.51685    0.44394      11218
   5.55005     15.91016   41.63214    0.43921      11286
   5.56005     15.88157   41.42096    0.51203      11304
   5.57005     15.85309   41.47939    0.41697      11276
   5.58005     15.82471   41.37569    0.53336      11338
   5.59004     15.79642   41.36524    0.45919      11281
   5.60004     15.76824   41.32735    0.49544      11409
   5.61004     15.74016   41.31902    0.48729      11402
   5.62004     15.71218   41.17805    0.40293      11375
   5.63004     15.68430   41.15468    0.45149      11367
   5.64004     15.65652   41.06813    0.42231      11419
   5.65003     15.62884   41.07198    0.46371      11321
   5.66003     15.60125   41.06847    0.44244      11665
   5.67003     15.57376   41.09083    0.44893      11481
   5.68003     15.54637   40.97503    0.50722      11506
   5.69003     15.51908   40.86904    0.42526      11430
   5.70003     15.49188   40.85990    0.40882      11529
   5.71002     15.46477   40.87480    0.46119      11701
   5.72002     15.43777   40.92964    0.46556      11657
   5.73002     15.41085   40.74598    0.45904      11757
   5.74002     15.38403   40.85719    0.47728      11596
   5.75002     15.35730   40.60753    0.48356      11626
   5.76002     15.33067   40.62274    0.46150      11518
   5.77001     15.30412   40.66809    0.47114      11673
   5.78001     15.27767   40.68826    0.37468      11812
   5.79001     15.25131   40.62817    0.38497      11751
   5.80001     15.22505   40.51657    0.45407      11726
   5.81001     15.19887   40.47631    0.45728      11739
   5.82001     15.17278   40.65905    0.53019      11924
   5.83000     15.14678   40.51618    0.44013      11966
   5.84000     15.12087   40.57958    0.48316      11897
   5.85000     15.09505   40.41220    0.48395      11840
   5.86000     15.06932   40.45127    0.42062      11946
   5.87000     15.04367   40.46867    0.44707      11850
   5.88000     15.01812   40.29261    0.40453      11943
   5.88999     14.99264   40.52745    0.42765      11863
   5.89999     14.96726   40.31492    0.39418      12028
   5.90999     14.94196   40.36157    0.47803      11896
   5.91999     14.91675   40.24097    0.43325      12047
   5.92999     14.89162   40.36514    0.46603      12086
   5.93999     14.86658   40.28012    0.42110      12121
   5.94998     14.84162   40.24023    0.45581      12077
   5.95998     14.81674   40.18945    0.42627      12063
   5.96998     14.79195   40.25490    0.43168      12355
   5.97998     14.76724   40.19801    0.45382      12245
   5.98998     14.74261   40.13128    0.49575      12186
   5.99997     14.71807   40.05162    0.43450      12008
   6.00997     14.69361   40.03671    0.37848      12073
   6.01997     14.66922   40.00151    0.36665      12350
   6.02997     14.64492   39.94217    0.47591      12281
   6.03997     14.62070   40.08044    0.40494      12440
   6.04997     14.59656   39.94932    0.40606      12518
   6.05996     14.57250   39.96515    0.42104      12351
   6.06996     14.54852   39.87943    0.50960      12596
   6.07996     14.52462   39.89985    0.41589      12643
   6.08996     14.50080   39.87839    0.43974      12431
   6.09996     14.47705   39.80633    0.48935      12745
   6.10996     14.45338   39.85121    0.48671      12388
   6.11995     14.42979   39.73867    0.36184      12762
   6.12995     14.40628   39.77131    0.37000      12584
   6.13995     14.38284   39.73704    0.38258      12654
   6.14995     14.35948   39.76012    0.42423      12849
   6.15995     14.33620   39.67381    0.44398      12797
   6.16995     14.31299   39.69028    0.44760      12884
   6.17994     14.28985   39.72794    0.42304      12987
   6.18994     14.26680   39.73423    0.41703      13104
   6.19994     14.24381   39.69650    0.41159      13005
   6.20994     14.22090   39.69780    0.47414      13194
   6.21994     14.19806   39.69885    0.45773      13057
   6.22994     14.17530   39.61285    0.39577      13169
   6.23993     14.15261   39.73002    0.39774      13107
   6.24993     14.12999   39.51129    0.36232      13159
   6.25993     14.10744   39.68563    0.40303      13124
   6.26993     14.08497   39.51626    0.38308      13149
   6.27993     14.06257   39.60459    0.49291      13414
   6.28993     14.04024   39.73288    0.38035      13471
   6.29992     14.01798   39.56945    0.39884      13548
   6.30992     13.99579   39.60424    0.42719      13432
   6.31992     13.97367   39.53418    0.46338      13514
   6.32992     13.95162   39.59062    0.41346      13581
   6.33992     13.92964   39.58002    0.39481      13631
   6.34992     13.90773   39.56429    0.42653      13501
   6.35991     13.88589   39.51133    0.40132      13693
   6.36991     13.86411   39.48021    0.39292      13556
   6.37991     13.84241   39.47455    0.41128      13668
   6.38991     13.82077   39.49193    0.36850      13865
   6.39991     13.79920   39.52493    0.38189      13764
   6.40990     13.77770   39.40292    0.38158      13858
   6.41990     13.75627   39.48325    0.42018      13870
   6.42990     13.73490   39.40083    0.44468      14121
   6.43990     13.71360   39.45062    0.44091      14061
   6.44990     13.69236   39.46047    0.44113      13979
   6.45990     13.67119   39.37765    0.36486      14307
   6.46989     13.65009   39.43468    0.41640      13989
   6.47989     13.62905   39.24549    0.38600      13955
   6.48989     13.60807   39.42749    0.35699      14150
   6.49989     13.58716   39.34918    0.41013      14356
   6.50989     13.56632   39.27833    0.38288      14334
   6.51989     13.54553   39.31765    0.40792      14244
   6.52988     13.52482   39.33692    0.39418      14348
   6.53988     13.50416   39.35682    0.40238      14561
   6.54988     13.48357   39.27234    0.43709      14462
   6.55988     13.46304   39.33492    0.39386      14502
   6.56988     13.44258   39.25419    0.36280      14578
   6.57988     13.42217   39.30126    0.40743      14441
   6.58987     13.40183   39.24195    0.39929      14703
   6.59987     13.38155   39.28127    0.38378      14682
   6.60987     13.36133   39.30775    0.37569      14747
   6.61987     13.34117   39.18172    0.47234      14736
   6.62987     13.32108   39.19511    0.34891      14665
   6.63987     13.30104   39.18563    0.37406      14676
   6.64986     13.28106   39.17851    0.36514      14887
   6.65986     13.26115   39.28536    0.40889      15050
   6.66986     13.24129   39.19896    0.35173      15002
   6.67986     13.22149   39.20067    0.50914      14881
   6.68986     13.20176   39.17591    0.39359      15017
   6.69986     13.18208   39.21606    0.37495      15159
   6.70985     13.16246   39.16919    0.37000      15107
   6.71985     13.14290   39.11053    0.41019      14984
   6.72985     13.12339   39.19943    0.38366      15398
   6.73985     13.10395   39.13329    0.36516      15233
   6.74985     13.08456   39.17090    0.42808      15095
   6.75984     13.06523   39.08689    0.33043      15376
   6.76984     13.04595   39.19397    0.40065      15514
   6.77984     13.02674   39.09084    0.41537      15334
   6.78984     13.00758   39.10126    0.34990      15527
   6.79984     12.98847   39.21488    0.45479      15475
   6.80984     12.96943   39.13618    0.33806      15800
   6.81983     12.95044   39.19441    0.37172      15624
   6.82983     12.93150   39.14687    0.36554      15916
   6.83983     12.91262   39.11728    0.41994      15648
   6.84983     12.89379   39.10906    0.37444      15803
   6.85983     12.87502   39.14594    0.35210      15937
   6.86983     12.85631   39.11866    0.39166      15749
   6.87982     12.83765   39.10469    0.35383      15798
   6.88982     12.81904   39.17166    0.36638      16214
   6.89982     12.80049   39.08673    0.36174      16159
   6.90982     12.78199   39.17558    0.37346      16280
   6.91982     12.76354   39.22130    0.37001      16302
   6.92982     12.74515   39.06184    0.36737      16383
   6.93981     12.72681   39.16484    0.35711      16230
   6.94981     12.70852   39.16390    0.41414      16525
   6.95981     12.69029   39.15900    0.36328      16549
   6.96981     12.67210   39.17153    0.37138      16495
   6.97981     12.65397   39.14096    0.37008      16680
   6.98981     12.63590   39.18731    0.36358      16647
   6.99980     12.61787   39.12466    0.40976      16587
   7.00980     12.59990   39.02199    0.30778      16696
   7.01980     12.58197   39.10736    0.36468      16766
   7.02980     12.56410   39.09752    0.34454      16736
   7.03980     12.54628   39.04445    0.37376      16803
   7.04980     12.52851   38.98089    0.40378      16684
   7.05979     12.51079   39.01508    0.34312      16720
   7.06979     12.49311   39.00586    0.41744      16919
   7.07979     12.47549   38.98898    0.33760      16841
   7.08979     12.45792   38.93947    0.40831      16629
   7.09979     12.44040   38.84469    0.31189      16728
   7.10979     12.42293   38.86820    0.36693      16422
   7.11978     12.40551   38.81143    0.35854      16464
   7.12978     12.38813   38.78599    0.36102      16669
   7.13978     12.37081   38.85797    0.33578      16631
   7.14978     12.35353   38.80360    0.32457      16726
   7.15978     12.33630   38.73039    0.42233      16680
   7.16977     12.31912   38.73402    0.36396      16421
   7.17977     12.30199   38.76003    0.37904      16747
   7.18977     12.28490   38.79943    0.33013      16828
   7.19977     12.26786   38.67308    0.41277      16675
   7.20977     12.25087   38.70392    0.35971      16666
   7.21977     12.23393   38.67138    0.34483      16536
   7.22976     12.21703   38.68780    0.33760      16557
   7.23976     12.20019   38.66718    0.36012      16601
   7.24976     12.18338   38.62242    0.37827      16857
   7.25976     12.16663   38.66272    0.34339      16703
   7.26976     12.14991   38.63519    0.32798      16829
   7.27976     12.13325   38.58000    0.37520      16784
   7.28975     12.11663   38.64807    0.38660      16829
   7.29975     12.10006   38.61108    0.35111      16798
   7.30975     12.08353   38.56249    0.37165      16960
   7.31975     12.06705   38.61210    0.35148      16682
   7.32975     12.05061   38.51926    0.37136      16779
   7.33975     12.03422   38.58780    0.34796      16778
   7.34974     12.01787   38.55978    0.34939      16982
   7.35974     12.00156   38.50027    0.36141      16804
   7.36974     11.98530   38.53263    0.33057      16905
   7.37974     11.96909   38.42957    0.34652      16912
   7.38974     11.95292   38.49333    0.34649      16998
   7.39974     11.93679   38.48408    0.34588      16969
   7.40973     11.92070   38.48153    0.39615      17162
   7.41973     11.90466   38.50563    0.37856      16983
   7.42973     11.88866   38.41476    0.35292      17259
   7.43973     11.87271   38.44374    0.37073      16930
   7.44973     11.85680   38.52231    0.35091      16912
   7.45973     11.84093   38.40439    0.31844      17061
   7.46972     11.82510   38.44132    0.35466      17228
   7.47972     11.80932   38.43061    0.37135      16964
   7.48972     11.79358   38.36501    0.35116      17258
   7.49972     11.77787   38.44366    0.33545      17188
   7.50972     11.76222   38.44414    0.34100      17183
   7.51972     11.74660   38.42503    0.36957      17218
   7.52971     11.73102   38.43457    0.39243      17527
   7.53971     11.71549   38.42122    0.35908      17347
   7.54971     11.70000   38.44813    0.32185      17289
   7.55971     11.68455   38.42974    0.40522      17231
   7.56971     11.66914   38.40535    0.33622      17331
   7.57970     11.65376   38.44987    0.32097      17240
   7.58970     11.63844   38.37855    0.35114      17495
   7.59970     11.62315   38.42925    0.36398      17429
   7.60970     11.60790   38.37130    0.36362      17388
   7.61970     11.59269   38.40651    0.33633      17579
   7.62970     11.57752   38.40379    0.33885      17547
   7.63969     11.56239   38.44238    0.34018      17421
   7.64969     11.54730   38.38488    0.40019      17659
   7.65969     11.53225   38.38178    0.36414      17538
   7.66969     11.51724   38.41839    0.31906      17777
   7.67969     11.50227   38.38966    0.35162      17639
   7.68969     11.48733   38.46869    0.36620      17613
   7.69968     11.47244   38.36675    0.32418      17615
   7.70968     11.45758   38.39303    0.36668      17618
   7.71968     11.44277   38.37310    0.32364      17706
   7.72968     11.42799   38.34714    0.37364      17681
   7.73968     11.41325   38.43847    0.35927      17919
   7.74968     11.39854   38.32803    0.30721      17919
   7.75967     11.38388   38.38280    0.37454      17870
   7.76967     11.36925   38.40063    0.35429      17822
   7.77967     11.35466   38.34641    0.36464      18091
   7.78967     11.34011   38.37310    0.33953      17955
   7.79967     11.32560   38.39078    0.35527      17778
   7.80967     11.31112   38.36394    0.32896      17954
   7.81966     11.29668   38.34993    0.33503      17947
   7.82966     11.28228   38.36039    0.34148      18032
   7.83966     11.26791   38.35853    0.32152      18124
   7.84966     11.25358   38.36175    0.38055      18020
   7.85966     11.23929   38.39179    0.32341      18196
   7.86966     11.22503   38.33831    0.37430      18137
   7.87965     11.21081   38.34573    0.38260      18049
   7.88965     11.19663   38.41087    0.33104      18465
   7.89965     11.18248   38.38249    0.32532      18327
   7.90965     11.16836   38.39664    0.38781      18156
   7.91965     11.15429   38.38388    0.32532      18184
   7.92965     11.14024   38.34998    0.32413      18196
   7.93964     11.12624   38.41672    0.34488      18178
   7.94964     11.11227   38.41215    0.33444      18538
   7.95964     11.09833   38.42410    0.34564      18434
   7.96964     11.08443   38.37149    0.35808      18324
   7.97964     11.07056   38.41487    0.33432      18439
   7.98963     11.05673   38.37482    0.35626      18453
   7.99963     11.04294   38.40930    0.34372      18575
   8.00963     11.02917   38.46276    0.32181      18669
   8.01963     11.01545   38.46990    0.33804      18573
   8.02963     11.00175   38.44104    0.35028      18672
   8.03963     10.98809   38.47084    0.33077      18355
   8.04962     10.97447   38.46476    0.33990      18522
   8.05962     10.96087   38.43285    0.34907      18752
   8.06962     10.94732   38.47095    0.31903      18841
   8.07962     10.93379   38.52577    0.36056      18612
   8.08962     10.92030   38.44071    0.34136      18909
   8.09962     10.90684   38.45463    0.35934      18655
   8.10961     10.89342   38.48967    0.31951      18644
   8.11961     10.88003   38.49974    0.32988      18947
   8.12961     10.86667   38.51588    0.34302      19114
   8.13961     10.85334   38.56421    0.34566      18910
   8.14961     10.84005   38.50109    0.35303      18902
   8.15961     10.82679   38.48212    0.35638      18667
   8.16960     10.81356   38.58673    0.29867      18980
   8.17960     10.80037   38.51037    0.32283      18956
   8.18960     10.78720   38.53852    0.31938      19070
   8.19960     10.77407   38.57306    0.37547      19170
   8.20960     10.76097   38.52541    0.35032      19135
   8.21960     10.74791   38.52902    0.34510      18941
   8.22959     10.73487   38.52770    0.35247      19265
   8.23959     10.72187   38.57377    0.29974      19256
   8.24959     10.70889   38.58991    0.40429      19176
   8.25959     10.69595   38.60977    0.33325      19321
   8.26959     10.68304   38.54729    0.30064      19190
   8.27959     10.67017   38.57507    0.36860      19077
   8.28958     10.65732   38.63297    0.31203      19267
   8.29958     10.64450   38.63381    0.30730      19493
   8.30958     10.63172   38.63125    0.33471      19432
   8.31958     10.61896   38.61636    0.37607      19441
   8.32958     10.60624   38.62687    0.34436      19439
   8.33958     10.59355   38.59752    0.37398      19410
   8.34957     10.58088   38.67260    0.30645      19464
   8.35957     10.56825   38.64803    0.34558      19545
   8.36957     10.55565   38.65844    0.35108      19649
   8.37957     10.54308   38.67046    0.29641      19639
   8.38957     10.53053   38.64868    0.31725      19377
   8.39956     10.51802   38.75304    0.36893      19689
   8.40956     10.50554   38.70816    0.31879      19679
   8.41956     10.49308   38.69963    0.33509      19566
   8.42956     10.48066   38.74277    0.34391      19698
   8.43956     10.46827   38.76098    0.31599      19866
   8.44956     10.45590   38.68339    0.34279      19937
   8.45955     10.44357   38.73616    0.36720      19692
   8.46955     10.43126   38.79986    0.29573      19839
   8.47955     10.41898   38.78383    0.36315      19951
   8.48955     10.40674   38.77784    0.34677      19820
   8.49955     10.39452   38.80646    0.31125      19886
   8.50955     10.38233   38.83750    0.31948      20062
   8.51954     10.37016   38.82438    0.36190      19859
   8.52954     10.35803   38.87205    0.31364      20041
   8.53954     10.34593   38.87541    0.30582      19955
   8.54954     10.33385   38.88416    0.32653      19978
   8.55954     10.32180   38.86974    0.34734      20110
   8.56954     10.30978   38.88365    0.34712      20337
   8.57953     10.29779   38.87860    0.35594      20160
   8.58953     10.28582   38.89985    0.32335      20269
   8.59953     10.27389   38.95866    0.31624      20232
   8.60953     10.26198   38.94017    0.39152      20099
   8.61953     10.25010   38.89227    0.27822      20255
   8.62953     10.23824   38.95775    0.34535      20340
   8.63952     10.22642   39.00260    0.29943      20333
   8.64952     10.21462   38.96784    0.32665      20368
   8.65952     10.20285   38.98616    0.32687      20405
   8.66952     10.19110   38.99205    0.33750      20250
   8.67952     10.17939   38.98182    0.34655      20299
   8.68952     10.16770   39.02269    0.35658      20733
   8.69951     10.15603   39.01954    0.34829      20553
   8.70951     10.14440   38.99620    0.31611      20702
   8.71951     10.13279   39.04562    0.30488      20558
   8.72951     10.12120   38.99425    0.33783      20548
   8.73951     10.10965   39.04818    0.31502      20489
   8.74950     10.09812   39.09741    0.31196      20621
   8.75950     10.08661   39.01444    0.34838      20608
   8.76950     10.07514   39.09601    0.29291      20807
   8.77950     10.06368   39.07097    0.36439      20652
   8.78950     10.05226   39.04704    0.33402      20869
   8.79950     10.04086   39.12665    0.33464      20848
   8.80949     10.02949   39.12728    0.34503      20757
   8.81949     10.01814   39.08513    0.30104      20932
   8.82949     10.00682   39.09946    0.31782      20878
   8.83949      9.99552   39.14729    0.36110      20889
   8.84949      9.98425   39.11410    0.29501      20925
   8.85949      9.97300   39.17432    0.36820      20940
   8.86948      9.96178   39.14624    0.29448      20934
   8.87948      9.95059   39.17492    0.32990      20680
   8.88948      9.93942   39.19830    0.33425      21086
   8.89948      9.92828   39.17297    0.31439      21073
   8.90948      9.91716   39.21391    0.30288      21044
   8.91948      9.90606   39.20583    0.35656      21306
   8.92947      9.89499   39.20169    0.34707      20972
   8.93947      9.88395   39.25650    0.33774      21030
   8.94947      9.87293   39.17214    0.31097      21129
   8.95947      9.86193   39.26077    0.34298      21137
   8.96947      9.85096   39.23714    0.33002      21152
   8.97947      9.84002   39.26810    0.31703      21232
   8.98946      9.82910   39.28820    0.28287      21147
   8.99946      9.81820   39.27598    0.31301      21083
   9.00946      9.80732   39.31638    0.31704      21192
   9.01946      9.79648   39.32380    0.35444      21317
   9.02946      9.78565   39.27156    0.32487      21206
   9.03946      9.77485   39.33038    0.33193      21454
   9.04945      9.76407   39.35221    0.33631      21524
   9.05945      9.75332   39.30758    0.36842      21181
   9.06945      9.74259   39.35347    0.33750      21226
   9.07945      9.73188   39.29913    0.29420      21295
   9.08945      9.72120   39.35340    0.29230      21471
   9.09945      9.71054   39.37397    0.30030      21464
   9.10944      9.69991   39.36094    0.36034      21433
   9.11944      9.68929   39.38335    0.30182      21428
   9.12944      9.67870   39.39271    0.33079      21312
   9.13944      9.66814   39.39997    0.32641      21439
   9.14944      9.65760   39.37359    0.37022      21453
   9.15943      9.64708   39.37951    0.30198      21626
   9.16943      9.63658   39.43381    0.31336      21800
   9.17943      9.62611   39.36731    0.34159      21588
   9.18943      9.61565   39.43500    0.34577      21436
   9.19943      9.60523   39.39308    0.29378      21579
   9.20943      9.59482   39.40645    0.29745      21558
   9.21942      9.58444   39.45697    0.32764      21598
   9.22942      9.57408   39.40494    0.36639      21632
   9.23942      9.56374   39.44130    0.28611      21810
   9.24942      9.55342   39.46115    0.32624      21687
   9.25942      9.54313   39.45862    0.32977      21647
   9.26942      9.53286   39.44129    0.30874      21651
   9.27941      9.52261   39.44802    0.35801      21734
   9.28941      9.51238   39.44977    0.31423      22057
   9.29941      9.50218   39.42620    0.33545      21773
   9.30941      9.49200   39.45942    0.35446      21743
   9.31941      9.48183   39.46763    0.29064      21840
   9.32941      9.47170   39.42929    0.30408      21730
   9.33940      9.46158   39.49450    0.31762      21792
   9.34940      9.45148   39.45734    0.34398      21883
   9.35940      9.44141   39.44928    0.27557      21977
   9.36940      9.43135   39.48936    0.33005      21813
   9.37940      9.42132   39.45752    0.32259      21903
   9.38940      9.41131   39.47927    0.31815      21777
   9.39939      9.40133   39.46568    0.36333      21906
   9.40939      9.39136   39.46051    0.33675      22128
   9.41939      9.38141   39.44684    0.33714      21978
   9.42939      9.37149   39.46898    0.32913      21919
   9.43939      9.36158   39.46194    0.28335      21987
   9.44939      9.35170   39.46137    0.28647      21892
   9.45938      9.34184   39.50519    0.34651      21803
   9.46938      9.33200   39.45376    0.31851      21967
   9.47938      9.32218   39.50030    0.29703      22143
   9.48938      9.31238   39.50704    0.31836      21866
   9.49938      9.30260   39.46873    0.34655      22045
   9.50938      9.29284   39.50858    0.33335      22102
   9.51937      9.28310   39.49595    0.30567      22137
   9.52937      9.27338   39.51559    0.34082      22124
   9.53937      9.26369   39.50808    0.34923      22118
   9.54937      9.25401   39.50064    0.29148      22052
   9.55937      9.24435   39.52351    0.28332      21984
   9.56936      9.23472   39.50864    0.32817      21982
   9.57936      9.22510   39.54417    0.32323      22105
   9.58936      9.21550   39.55744    0.34256      21973
   9.59936      9.20593   39.55800    0.30662      22277
   9.60936      9.19637   39.55395    0.32126      22183
   9.61936      9.18684   39.53871    0.30828      22183
   9.62935      9.17732   39.55089    0.31733      21960
   9.63935      9.16782   39.57313    0.32002      22329
   9.64935      9.15835   39.58277    0.32674      22312
   9.65935      9.14889   39.55312    0.38367      22151
   9.66935      9.13945   39.58646    0.28425      22092
   9.67935      9.13003   39.57852    0.28823      22243
   9.68934      9.12063   39.56513    0.31644      22224
   9.69934      9.11126   39.59822    0.34224      21970
   9.70934      9.10190   39.60957    0.31098      22345
   9.71934      9.09255   39.61665    0.30242      22264
   9.72934      9.08323   39.60011    0.31076      22334
   9.73934      9.07393   39.63786    0.28491      22271
   9.74933      9.06465   39.57969    0.37697      22390
   9.75933      9.05538   39.61185    0.34391      22257
   9.76933      9.04614   39.63395    0.31899      22342
   9.77933      9.03691   39.59972    0.35887      22405
   9.78933      9.02770   39.66323    0.31243      22209
   9.79933      9.01852   39.59291    0.27409      22330
   9.80932      9.00935   39.64597    0.31435      22376
   9.81932      9.00020   39.60714    0.29955      22223
   9.82932      8.99106   39.65031    0.32534      22477
   9.83932      8.98195   39.63553    0.31446      22298
   9.84932      8.97285   39.66506    0.29766      22440
   9.85932      8.96378   39.64725    0.32115      22255
   9.86931      8.95472   39.62756    0.36623      22603
   9.87931      8.94568   39.62663    0.32098      22541
   9.88931      8.93666   39.63784    0.33568      22521
   9.89931      8.92765   39.64955    0.31181      22523
   9.90931      8.91867   39.64710    0.29083      22329
   9.91931      8.90970   39.66349    0.27215      22405
   9.92930      8.90075   39.62230    0.35028      22368
   9.93930      8.89182   39.65250    0.33606      22365
   9.94930      8.88291   39.65762    0.29480      22480
   9.95930      8.87401   39.65819    0.32899      22683
   9.96930      8.86513   39.69463    0.30590      22539
   9.97929      8.85627   39.64794    0.29930      22527
   9.98929      8.84743   39.68243    0.36417      22635
   9.99929      8.83861   39.63870    0.29913      22563
  10.00929      8.82980   39.67022    0.36116      22709
  10.01929      8.82101   39.62582    0.29736      22628
  10.02929      8.81224   39.72156    0.29132      22371
  10.03928      8.80349   39.68239    0.31242      22685
  10.04928      8.79475   39.67592    0.32824      22513
  10.05928      8.78603   39.68737    0.31128      22439
  10.06928      8.77733   39.66630    0.29790      22555
  10.07928      8.76865   39.69205    0.31889      22868
  10.08928      8.75998   39.70608    0.28404      22764
  10.09927      8.75133   39.73291    0.32856      22669
  10.10927      8.74270   39.67823    0.33441      22833
  10.11927      8.73408   39.72658    0.33787      22711
  10.12927      8.72548   39.66459    0.31935      22696
  10.13927      8.71690   39.66882    0.32232      22504
  10.14927      8.70834   39.72547    0.29920      22659
  10.15926      8.69979   39.72692    0.29526      22867
  10.16926      8.69126   39.69875    0.32839      22725
  10.17926      8.68274   39.72995    0.29021      22729
  10.18926      8.67424   39.68514    0.30485      22803
  10.19926      8.66576   39.72325    0.30480      22899
  10.20926      8.65730   39.73161    0.30248      22540
  10.21925      8.64885   39.71485    0.35308      22776
  10.22925      8.64042   39.71989    0.32081      23049
  10.23925      8.63201   39.71121    0.31726      23022
  10.24925      8.62361   39.69271    0.34118      22897
  10.25925      8.61523   39.67285    0.32043      22700
  10.26925      8.60686   39.72999    0.27419      22774
  10.27924      8.59851   39.73038    0.32813      22691
  10.28924      8.59018   39.73660    0.29381      22759
  10.29924      8.58186   39.70147    0.31221      23070
  10.30924      8.57356   39.69265    0.29994      22999
  10.31924      8.56528   39.67189    0.30875      23042
  10.32924      8.55701   39.74751    0.31493      22859
  10.33923      8.54876   39.68953    0.32667      22939
  10.34923      8.54052   39.71471    0.32902      22834
  10.35923      8.53230   39.66972    0.30804      23127
  10.36923      8.52409   39.68987    0.29691      23158
  10.37923      8.51591   39.65293    0.33305      22863
  10.38922      8.50773   39.67581    0.29292      22901
  10.39922      8.49957   39.70155    0.30887      22937
  10.40922      8.49143   39.72147    0.30818      22951
  10.41922      8.48331   39.66886    0.29725      22941
  10.42922      8.47520   39.70608    0.31742      23199
  10.43922      8.46710   39.66095    0.31032      23143
  10.44921      8.45902   39.71168    0.28387      23095
  10.45921      8.45096   39.66134    0.34689      23072
  10.46921      8.44291   39.70873    0.32959      23036
  10.47921      8.43488   39.66228    0.28555      23477
  10.48921      8.42686   39.68566    0.33013      22991
  10.49921      8.41886   39.66579    0.31102      23062
  10.50920      8.41087   39.68962    0.33485      22977
  10.51920      8.40290   39.69863    0.28832      22938
  10.52920      8.39494   39.68970    0.29315      23186
  10.53920      8.38700   39.69202    0.30913      23159
  10.54920      8.37907   39.70902    0.29844      23436
  10.55920      8.37116   39.69142    0.29193      23384
  10.56919      8.36327   39.73216    0.32725      23033
  10.57919      8.35538   39.67689    0.31463      23207
  10.58919      8.34752   39.68357    0.33703      23290
  10.59919      8.33967   39.69160    0.30769      23372
  10.60919      8.33183   39.68998    0.31599      23131
  10.61919      8.32401   39.70828    0.31567      23397
  10.62918      8.31620   39.70840    0.29204      23153
  10.63918      8.30841   39.70205    0.30313      22982
  10.64918      8.30063   39.71216    0.28372      23345
  10.65918      8.29286   39.69575    0.31754      23175
  10.66918      8.28512   39.70172    0.30702      23463
  10.67918      8.27738   39.70553    0.30576      23550
  10.68917      8.26966   39.72929    0.30380      23405
  10.69917      8.26196   39.69453    0.31377      23494
  10.70917      8.25426   39.70692    0.32438      23467
  10.71917      8.24659   39.68203    0.30607      23269
  10.72917      8.23892   39.67741    0.31605      23168
  10.73916      8.23128   39.70277    0.28295      23449
  10.74916      8.22364   39.70802    0.30419      23415
  10.75916      8.21602   39.68912    0.32107      23396
  10.76916      8.20842   39.68418    0.28815      23441
  10.77916      8.20083   39.67291    0.32826      23503
  10.78916      8.19325   39.68592    0.29374      23304
  10.79915      8.18569   39.68200    0.29899      23612
  10.80915      8.17814   39.68276    0.30285      23555
  10.81915      8.17060   39.67960    0.34174      23714
  10.82915      8.16308   39.66961    0.30663      23624
  10.83915      8.15557   39.66556    0.30444      23276
  10.84915      8.14808   39.63549    0.30837      23461
  10.85914      8.14060   39.64870    0.27606      23469
  10.86914      8.13313   39.64428    0.33302      23531
  10.87914      8.12568   39.64439    0.33459      23618
  10.88914      8.11824   39.64570    0.27278      23630
  10.89914      8.11082   39.64814    0.32391      23448
  10.90914      8.10341   39.60027    0.29418      23868
  10.91913      8.09601   39.60793    0.28902      23528
  10.92913      8.08863   39.63124    0.31028      23581
  10.93913      8.08126   39.61892    0.31875      23737
  10.94913      8.07390   39.61027    0.30083      23707
  10.95913      8.06655   39.58143    0.30509      23586
  10.96913      8.05922   39.57061    0.33446      23738
  10.97912      8.05191   39.59552    0.28588      23529
  10.98912      8.04460   39.57635    0.31216      23561
  10.99912      8.03731   39.57424    0.30191      23777
  11.00912      8.03004   39.60134    0.31610      23637
  11.01912      8.02277   39.57921    0.27293      23936
  11.02912      8.01552   39.56561    0.31100      24058
  11.03911      8.00829   39.58768    0.29904      23726
  11.04911      8.00106   39.58471    0.31184      23674
  11.05911      7.99385   39.58136    0.31452      23697
  11.06911      7.98665   39.59603    0.29147      23790
  11.07911      7.97947   39.54680    0.32252      23776
  11.08911      7.97229   39.58010    0.30518      23696
  11.09910      7.96514   39.57548    0.28847      23944
  11.10910      7.95799   39.57859    0.29299      23709
  11.11910      7.95086   39.58757    0.33047      23889
  11.12910      7.94374   39.58785    0.30401      23879
  11.13910      7.93663   39.57414    0.27679      24012
  11.14909      7.92953   39.60638    0.30672      23955
  11.15909      7.92245   39.59766    0.29156      23890
  11.16909      7.91538   39.61065    0.30712      23940
  11.17909      7.90832   39.61419    0.30997      23979
  11.18909      7.90128   39.58369    0.30000      23818
  11.19909      7.89425   39.56001    0.32420      23850
  11.20908      7.88723   39.60590    0.28505      23918
  11.21908      7.88022   39.61974    0.30380      23964
  11.22908      7.87323   39.58529    0.28761      24007
  11.23908      7.86625   39.60265    0.34670      24135
  11.24908      7.85928   39.59463    0.28545      23921
  11.25908      7.85232   39.58477    0.31482      23976
  11.26907      7.84538   39.59164    0.28333      24147
  11.27907      7.83844   39.59217    0.27914      24134
  11.28907      7.83152   39.59353    0.33441      24232
  11.29907      7.82462   39.58487    0.30064      23990
  11.30907      7.81772   39.56337    0.29593      23952
  11.31907      7.81084   39.60280    0.30871      23865
  11.32906      7.80397   39.55741    0.29585      23959
  11.33906      7.79711   39.53841    0.28898      24216
  11.34906      7.79026   39.55757    0.30590      24263
  11.35906      7.78343   39.56725    0.32160      24276
  11.36906      7.77661   39.56722    0.29323      24208
  11.37906      7.76980   39.56958    0.31314      24418
  11.38905      7.76300   39.53859    0.26978      24059
  11.39905      7.75621   39.55044    0.30003      23891
  11.40905      7.74944   39.52530    0.32734      24102
  11.41905      7.74267   39.55814    0.28270      24336
  11.42905      7.73592   39.52095    0.30865      24223
  11.43905      7.72918   39.52232    0.29117      24159
  11.44904      7.72246   39.53034    0.29954      24369
  11.45904      7.71574   39.51572    0.30226      24304
  11.46904      7.70904   39.51248    0.29651      24085
  11.47904      7.70234   39.50809    0.32415      24134
  11.48904      7.69566   39.50620    0.30288      24520
  11.49904      7.68899   39.49141    0.29111      24600
  11.50903      7.68234   39.50426    0.27931      24453
  11.51903      7.67569   39.50589    0.30031      24245
  11.52903      7.66906   39.50317    0.29541      24209
  11.53903      7.66243   39.46310    0.29741      24325
  11.54903      7.65582   39.45139    0.29539      24231
  11.55902      7.64922   39.46345    0.31245      24160
  11.56902      7.64264   39.46118    0.28866      24312
  11.57902      7.63606   39.45379    0.30603      24479
  11.58902      7.62949   39.44629    0.30070      24725
  11.59902      7.62294   39.42061    0.30968      24427
  11.60902      7.61640   39.43311    0.29349      24561
  11.61901      7.60986   39.41821    0.28350      24646
  11.62901      7.60334   39.43343    0.29148      24170
  11.63901      7.59684   39.43261    0.28294      24443
  11.64901      7.59034   39.41863    0.31885      24629
  11.65901      7.58385   39.38474    0.30256      24444
  11.66901      7.57738   39.39801    0.29251      24242
  11.67900      7.57091   39.39792    0.27900      24476
  11.68900      7.56446   39.38327    0.31970      24673
  11.69900      7.55801   39.35574    0.30225      24580
  11.70900      7.55158   39.37599    0.27058      24691
  11.71900      7.54516   39.37681    0.34258      24688
  11.72900      7.53875   39.37895    0.27546      24668
  11.73899      7.53236   39.35917    0.29979      24584
  11.74899      7.52597   39.38408    0.29723      24237
  11.75899      7.51959   39.35596    0.28282      24797
  11.76899      7.51323   39.36875    0.33913      24585
  11.77899      7.50687   39.34915    0.29139      24367
  11.78899      7.50053   39.35209    0.27132      24742
  11.79898      7.49419   39.35494    0.29510      24746
  11.80898      7.48787   39.36473    0.29774      24689
  11.81898      7.48156   39.35573    0.29077      24725
  11.82898      7.47526   39.33852    0.29865      24756
  11.83898      7.46897   39.32632    0.31525      24833
  11.84898      7.46269   39.33859    0.27844      24970
  11.85897      7.45642   39.34408    0.30556      24655
  11.86897      7.45016   39.36545    0.30685      24816
  11.87897      7.44391   39.35849    0.30455      24584
  11.88897      7.43767   39.31725    0.27681      24652
  11.89897      7.43145   39.32526    0.28826      24740
  11.90897      7.42523   39.32020    0.26706      24682
  11.91896      7.41902   39.30525    0.30043      24677
  11.92896      7.41283   39.32106    0.29363      24991
  11.93896      7.40664   39.30887    0.30433      25077
  11.94896      7.40047   39.30479    0.32257      24902
  11.95896      7.39430   39.31005    0.29203      24977
  11.96895      7.38815   39.31553    0.28287      24840
  11.97895      7.38200   39.30842    0.30943      24816
  11.98895      7.37587   39.28033    0.28394      25011
  11.99895      7.36975   39.29116    0.28974      24932
  12.00895      7.36363   39.30632    0.30786      24563
  12.01895      7.35753   39.29230    0.26253      24794
  12.02894      7.35144   39.27757    0.28592      25080
  12.03894      7.34535   39.26254    0.30591      25081
  12.04894      7.33928   39.27829    0.29967      24835
  12.05894      7.33322   39.26653    0.31131      25192
  12.06894      7.32717   39.25017    0.30228      25037
  12.07894      7.32112   39.25415    0.26076      25184
  12.08893      7.31509   39.28618    0.30729      25006
  12.09893      7.30907   39.24537    0.30164      25107
  12.10893      7.30305   39.25367    0.27627      24853
  12.11893      7.29705   39.25105    0.31201      24924
  12.12893      7.29106   39.25768    0.29914      24931
  12.13893      7.28508   39.21530    0.26977      24977
  12.14892      7.27910   39.23173    0.30916      25012
  12.15892      7.27314   39.24156    0.27852      25329
  12.16892      7.26719   39.23954    0.31378      25195
  12.17892      7.26124   39.22509    0.27306      25206
  12.18892      7.25531   39.23570    0.28379      25308
  12.19892      7.24939   39.23883    0.29112      25234
  12.20891      7.24347   39.22376    0.28105      25053
  12.21891      7.23757   39.21794    0.29450      25148
  12.22891      7.23167   39.20535    0.30856      25263
  12.23891      7.22579   39.21649    0.31880      25009
  12.24891      7.21991   39.21349    0.28730      25133
  12.25891      7.21404   39.22717    0.27064      25150
  12.26890      7.20819   39.20668    0.27853      25352
  12.27890      7.20234   39.21268    0.29539      25283
  12.28890      7.19650   39.19257    0.29260      25430
  12.29890      7.19068   39.18257    0.28077      25294
  12.30890      7.18486   39.22257    0.28993      25237
  12.31889      7.17905   39.20589    0.28709      25182
  12.32889      7.17325   39.17632    0.30010      25298
  12.33889      7.16746   39.19525    0.30796      25540
  12.34889      7.16168   39.17683    0.30330      25230
  12.35889      7.15591   39.19119    0.27149      25195
  12.36889      7.15015   39.18654    0.28382      25527
  12.37888      7.14439   39.16979    0.28209      25286
  12.38888      7.13865   39.19995    0.28096      25335
  12.39888      7.13292   39.18771    0.30032      25464
  12.40888      7.12719   39.18069    0.27398      25393
  12.41888      7.12147   39.17216    0.30306      25521
  12.42888      7.11577   39.16949    0.29102      25575
  12.43887      7.11007   39.14942    0.30538      25516
  12.44887      7.10438   39.17490    0.28293      25523
  12.45887      7.09870   39.16012    0.27378      25271
  12.46887      7.09303   39.13627    0.32304      25264
  12.47887      7.08737   39.13757    0.25242      25548
  12.48887      7.08172   39.15947    0.28892      25501
  12.49886      7.07608   39.16033    0.30448      25379
  12.50886      7.07045   39.13532    0.30191      25713
  12.51886      7.06482   39.13582    0.27780      25742
  12.52886      7.05921   39.12123    0.30380      25446
  12.53886      7.05360   39.10713    0.28430      25560
  12.54886      7.04800   39.12062    0.28139      25715
  12.55885      7.04241   39.11152    0.27571      25434
  12.56885      7.03683   39.11250    0.29250      25647
  12.57885      7.03126   39.09309    0.28944      25499
  12.58885      7.02570   39.09592    0.26743      25480
  12.59885      7.02015   39.07758    0.28977      25627
  12.60885      7.01460   39.07107    0.31623      25816
  12.61884      7.00907   39.06049    0.29677      25832
  12.62884      7.00354   39.05894    0.28779      25734
  12.63884      6.99802   39.09276    0.28755      25588
  12.64884      6.99252   39.05586    0.27135      25858
  12.65884      6.98702   39.04611    0.28156      25856
  12.66884      6.98152   39.04620    0.27898      25737
  12.67883      6.97604   39.04539    0.27579      25694
  12.68883      6.97057   39.04785    0.31819      25401
  12.69883      6.96510   38.98376    0.27728      25621
  12.70883      6.95964   39.03488    0.28546      25807
  12.71883      6.95419   39.01168    0.29972      25739
  12.72882      6.94875   39.02348    0.30036      25932
  12.73882      6.94332   39.00532    0.27252      26154
  12.74882      6.93790   39.01369    0.27232      25869
  12.75882      6.93249   39.00796    0.28764      25826
  12.76882      6.92708   39.01416    0.26750      25831
  12.77882      6.92168   38.99751    0.28878      25676
  12.78881      6.91629   38.96806    0.28611      25768
  12.79881      6.91091   38.99488    0.30162      25784
  12.80881      6.90554   38.95768    0.30735      25822
  12.81881      6.90018   38.96336    0.27010      26113
  12.82881      6.89482   38.96096    0.26529      25980
  12.83881      6.88948   38.95154    0.29495      26075
  12.84880      6.88414   38.94162    0.29115      26091
  12.85880      6.87881   38.92566    0.25298      25923
  12.86880      6.87348   38.93855    0.29968      25787
  12.87880      6.86817   38.89931    0.30876      26044
  12.88880      6.86287   38.93627    0.27630      26215
  12.89880      6.85757   38.89348    0.29733      25967
  12.90879      6.85228   38.90624    0.28597      25810
  12.91879      6.84700   38.87703    0.28094      26003
  12.92879      6.84173   38.87781    0.27138      25987
  12.93879      6.83646   38.84936    0.25922      26114
  12.94879      6.83121   38.83953    0.29299      26046
  12.95879      6.82596   38.86308    0.27243      26106
  12.96878      6.82072   38.83927    0.29526      25928
  12.97878      6.81549   38.85416    0.27038      26362
  12.98878      6.81026   38.82913    0.33939      26316
  12.99878      6.80505   38.84002    0.27926      26189
  13.00878      6.79984   38.83023    0.30444      26116
  13.01878      6.79464   38.83241    0.28625      25918
  13.02877      6.78945   38.80427    0.27498      26077
  13.03877      6.78426   38.78823    0.25881      25877
  13.04877      6.77909   38.81964    0.26596      26370
  13.05877      6.77392   38.78835    0.28676      26328
  13.06877      6.76876   38.80743    0.27284      26328
  13.07877      6.76361   38.79927    0.27874      26337
  13.08876      6.75846   38.77256    0.29800      26253
  13.09876      6.75333   38.79171    0.31563      26338
  13.10876      6.74820   38.77036    0.29710      26372
  13.11876      6.74308   38.77083    0.24835      26276
  13.12876      6.73796   38.76413    0.29012      26070
  13.13875      6.73286   38.79231    0.28525      26378
  13.14875      6.72776   38.75050    0.28903      26152
  13.15875      6.72267   38.75995    0.24846      26397
  13.16875      6.71759   38.75111    0.29874      26276
  13.17875      6.71252   38.74468    0.27996      26387
  13.18875      6.70745   38.74165    0.26885      26443
  13.19874      6.70239   38.71751    0.31728      26261
  13.20874      6.69734   38.69139    0.26765      26363
  13.21874      6.69230   38.69724    0.30261      26527
  13.22874      6.68726   38.72660    0.27459      26646
  13.23874      6.68224   38.70343    0.25441      26223
  13.24874      6.67721   38.68494    0.29102      26466
  13.25873      6.67220   38.66079    0.30978      26464
  13.26873      6.66720   38.67636    0.26601      26302
  13.27873      6.66220   38.65874    0.28570      26450
  13.28873      6.65721   38.63589    0.27821      26488
  13.29873      6.65223   38.63913    0.27026      26422
  13.30873      6.64725   38.62584    0.25578      26688
  13.31872      6.64228   38.64771    0.30328      26680
  13.32872      6.63732   38.58560    0.27019      26608
  13.33872      6.63237   38.61793    0.28886      26716
  13.34872      6.62743   38.61433    0.26789      26496
  13.35872      6.62249   38.58566    0.28081      26439
  13.36872      6.61756   38.57830    0.30506      26393
  13.37871      6.61263   38.54961    0.28617      26559
  13.38871      6.60772   38.52585    0.28118      26715
  13.39871      6.60281   38.53318    0.26866      26685
  13.40871      6.59791   38.57796    0.28037      26561
  13.41871      6.59302   38.52508    0.24824      26747
  13.42871      6.58813   38.51093    0.26976      26758
  13.43870      6.58325   38.53258    0.28544      26816
  13.44870      6.57838   38.50564    0.28948      26754
  13.45870      6.57351   38.49287    0.29337      26598
  13.46870      6.56866   38.48953    0.27654      26428
  13.47870      6.56381   38.44844    0.27461      26698
  13.48870      6.55896   38.42968    0.29743      26674
  13.49869      6.55413   38.45925    0.26705      26789
  13.50869      6.54930   38.41906    0.26608      26956
  13.51869      6.54448   38.43570    0.26742      26714
  13.52869      6.53966   38.44233    0.27221      26874
  13.53869      6.53486   38.43407    0.27025      26749
  13.54868      6.53006   38.39689    0.27943      26840
  13.55868      6.52526   38.38819    0.31598      26941
  13.56868      6.52048   38.35877    0.25705      26985
  13.57868      6.51570   38.38066    0.30762      26552
  13.58868      6.51093   38.36903    0.26043      26754
  13.59868      6.50616   38.29435    0.27244      26886
  13.60867      6.50141   38.31761    0.26537      27073
  13.61867      6.49666   38.31523    0.26041      26948
  13.62867      6.49191   38.31008    0.28818      26746
  13.63867      6.48718   38.30506    0.27061      27006
  13.64867      6.48245   38.28798    0.27317      27085
  13.65867      6.47772   38.27761    0.30603      26991
  13.66866      6.47301   38.28258    0.29446      26936
  13.67866      6.46830   38.27422    0.26688      27123
  13.68866      6.46360   38.27560    0.25633      26858
  13.69866      6.45890   38.26332    0.28697      26813
  13.70866      6.45421   38.21597    0.26234      26903
  13.71866      6.44953   38.24446    0.25394      26922
  13.72865      6.44486   38.21674    0.25920      27110
  13.73865      6.44019   38.23512    0.28460      27002
  13.74865      6.43553   38.23610    0.30862      27181
  13.75865      6.43087   38.22451    0.28182      27000
  13.76865      6.42623   38.21790    0.27399      27194
  13.77865      6.42159   38.23555    0.29422      27484
  13.78864      6.41695   38.24128    0.27550      27031
  13.79864      6.41232   38.24806    0.28316      26833
  13.80864      6.40770   38.23658    0.23497      27148
  13.81864      6.40309   38.19491    0.27451      27098
  13.82864      6.39848   38.20546    0.26685      27036
  13.83864      6.39388   38.23241    0.25484      27268
  13.84863      6.38929   38.22152    0.28181      27124
  13.85863      6.38470   38.20477    0.31004      27090
  13.86863      6.38012   38.22408    0.27924      27467
  13.87863      6.37555   38.20510    0.27650      27453
  13.88863      6.37098   38.22221    0.28520      27272
  13.89863      6.36642   38.22059    0.25238      27274
  13.90862      6.36187   38.19165    0.27404      27379
  13.91862      6.35732   38.20566    0.27723      27047
  13.92862      6.35278   38.20458    0.28704      26986
  13.93862      6.34824   38.14784    0.24347      27393
  13.94862      6.34372   38.16173    0.27409      27333
  13.95861      6.33919   38.19158    0.26727      27171
  13.96861      6.33468   38.16862    0.28791      27248
  13.97861      6.33017   38.15461    0.27105      27496
  13.98861      6.32567   38.12589    0.26927      27464
  13.99861      6.32117   38.13118    0.26826      27485
  14.00861      6.31668   38.11719    0.26262      27455
  14.01860      6.31220   38.12384    0.26495      27506
  14.02860      6.30773   38.08833    0.28286      27349
  14.03860      6.30326   38.06392    0.29037      27323
  14.04860      6.29879   38.05045    0.29021      27421
  14.05860      6.29433   38.09557    0.25039      27062
  14.06860      6.28988   38.04828    0.25516      27636
  14.07859      6.28544   38.01578    0.27470      27435
  14.08859      6.28100   38.04697    0.26119      27536
  14.09859      6.27657   38.03090    0.27047      27417
  14.10859      6.27214   37.98329    0.27304      27728
  14.11859      6.26772   38.01953    0.30330      27527
  14.12859      6.26331   37.97157    0.24758      27650
  14.13858      6.25890   37.95047    0.27576      27358
  14.14858      6.25450   37.92378    0.30033      27626
  14.15858      6.25011   37.91301    0.27429      27478
  14.16858      6.24572   37.91969    0.25993      27343
  14.17858      6.24134   37.93401    0.25677      27706
  14.18858      6.23696   37.90444    0.25598      27544
  14.19857      6.23260   37.88425    0.26478      27614
  14.20857      6.22823   37.86897    0.26183      28008
  14.21857      6.22387   37.87029    0.30838      27754
  14.22857      6.21952   37.85149    0.27650      27600
  14.23857      6.21518   37.83026    0.25725      27862
  14.24857      6.21084   37.81513    0.26155      27611
  14.25856      6.20651   37.80461    0.27933      27399
  14.26856      6.20218   37.77086    0.26236      27697
  14.27856      6.19786   37.79056    0.26588      27545
  14.28856      6.19355   37.77222    0.24137      27706
  14.29856      6.18924   37.76667    0.27449      27796
  14.30855      6.18494   37.76868    0.28608      27881
  14.31855      6.18064   37.75676    0.28293      27825
  14.32855      6.17635   37.73917    0.26740      28003
  14.33855      6.17206   37.73605    0.28892      27761
  14.34855      6.16779   37.71965    0.26481      27831
  14.35855      6.16351   37.69808    0.25791      27813
  14.36854      6.15925   37.70094    0.25453      27766
  14.37854      6.15499   37.68658    0.25099      27585
  14.38854      6.15073   37.68016    0.25513      27642
  14.39854      6.14648   37.70809    0.26021      27907
  14.40854      6.14224   37.68269    0.28063      27861
  14.41854      6.13800   37.67592    0.28518      27970
  14.42853      6.13377   37.67952    0.27168      28172
  14.43853      6.12955   37.66454    0.30635      28064
  14.44853      6.12533   37.67329    0.26994      27861
  14.45853      6.12112   37.66812    0.27172      28061
  14.46853      6.11691   37.64250    0.23804      27895
  14.47853      6.11271   37.64593    0.25416      27802
  14.48852      6.10851   37.65512    0.25850      27853
  14.49852      6.10432   37.63448    0.24417      27859
  14.50852      6.10014   37.65151    0.27460      28084
  14.51852      6.09596   37.63988    0.29646      28090
  14.52852      6.09179   37.62094    0.25400      28172
  14.53852      6.08762   37.61842    0.31686      28106
  14.54851      6.08346   37.61826    0.24540      28153
  14.55851      6.07930   37.61866    0.31844      28013
  14.56851      6.07515   37.60832    0.24135      28135
  14.57851      6.07101   37.58255    0.27089      28081
  14.58851      6.06687   37.57722    0.23009      28062
  14.59851      6.06274   37.59041    0.27505      27632
  14.60850      6.05861   37.57008    0.25496      28086
  14.61850      6.05449   37.54345    0.25743      28385
  14.62850      6.05037   37.55572    0.27551      28279
  14.63850      6.04626   37.54375    0.30472      28140
  14.64850      6.04216   37.50050    0.25991      28475
  14.65850      6.03806   37.51556    0.26018      28341
  14.66849      6.03397   37.49404    0.26253      28107
  14.67849      6.02988   37.49218    0.25974      28350
  14.68849      6.02580   37.48014    0.26729      28200
  14.69849      6.02172   37.45373    0.25105      27991
  14.70849      6.01765   37.45915    0.27752      27877
  14.71848      6.01359   37.46934    0.25657      28120
  14.72848      6.00953   37.44863    0.26230      28321
  14.73848      6.00547   37.41219    0.25631      28412
  14.74848      6.00142   37.39798    0.28364      28427
  14.75848      5.99738   37.40342    0.25740      28525
  14.76848      5.99334   37.37710    0.27244      28377
  14.77847      5.98931   37.35932    0.25286      28421
  14.78847      5.98528   37.36937    0.25492      28488
  14.79847      5.98126   37.34190    0.26447      28369
  14.80847      5.97725   37.34513    0.25776      27985
  14.81847      5.97324   37.30116    0.29553      28198
  14.82847      5.96923   37.31247    0.23549      28341
  14.83846      5.96523   37.32143    0.28917      28450
  14.84846      5.96124   37.30393    0.27266      28487
  14.85846      5.95725   37.29639    0.23804      28655
  14.86846      5.95326   37.28160    0.27707      28655
  14.87846      5.94929   37.27323    0.26624      28319
  14.88846      5.94531   37.28733    0.23706      28656
  14.89845      5.94135   37.25277    0.27767      28593
  14.90845      5.93738   37.24870    0.25843      28542
  14.91845      5.93343   37.24477    0.25729      28114
  14.92845      5.92948   37.20876    0.26859      28209
  14.93845      5.92553   37.20606    0.26496      28566
  14.94845      5.92159   37.21965    0.25130      28734
  14.95844      5.91765   37.20547    0.25846      28699
  14.96844      5.91372   37.21435    0.27896      28736
  14.97844      5.90980   37.20202    0.25763      28640
  14.98844      5.90588   37.18232    0.28004      28547
  14.99844      5.90196   37.19766    0.25086      28680
  15.00844      5.89805   37.17206    0.25271      28775
  15.01843      5.89415   37.18820    0.25060      28569
  15.02843      5.89025   37.15225    0.26983      28435
  15.03843      5.88636   37.13466    0.26416      28487
  15.04843      5.88247   37.13386    0.23433      28618
  15.05843      5.87859   37.11621    0.27507      28679
  15.06843      5.87471   37.12985    0.25551      28931
  15.07842      5.87083   37.12636    0.26120      28851
  15.08842      5.86697   37.11604    0.29067      28754
  15.09842      5.86310   37.10663    0.26190      28792
  15.10842      5.85925   37.10116    0.26427      28787
  15.11842      5.85539   37.09291    0.25268      28964
  15.12841      5.85155   37.12185    0.24449      28401
  15.13841      5.84770   37.05509    0.26560      28512
  15.14841      5.84387   37.06891    0.23964      28812
  15.15841      5.84004   37.05282    0.25496      28759
  15.16841      5.83621   37.05677    0.25601      28830
  15.17841      5.83239   37.03013    0.25854      29077
  15.18840      5.82857   37.01940    0.26244      29001
  15.19840      5.82476   37.03190    0.30615      28758
  15.20840      5.82095   37.02544    0.25439      29095
  15.21840      5.81715   37.01732    0.26399      29116
  15.22840      5.81335   37.02755    0.25131      28881
  15.23840      5.80956   37.02747    0.25155      28902
  15.24839      5.80577   37.02013    0.25782      28575
  15.25839      5.80199   36.99877    0.24317      28807
  15.26839      5.79822   36.99637    0.23749      28942
  15.27839      5.79444   36.99461    0.27865      28854
  15.28839      5.79068   37.00225    0.25615      29029
  15.29839      5.78691   36.98016    0.28096      29100
  15.30838      5.78316   36.96842    0.25024      28847
  15.31838      5.77941   36.97249    0.27435      29052
  15.32838      5.77566   36.97338    0.26219      29221
  15.33838      5.77192   36.97975    0.25508      29186
  15.34838      5.76818   36.97622    0.22862      29032
  15.35838      5.76445   36.97349    0.27078      28793
  15.36837      5.76072   36.96527    0.25416      29255
  15.37837      5.75699   36.97439    0.24928      29050
  15.38837      5.75328   36.96860    0.27903      29020
  15.39837      5.74956   36.98696    0.25385      29218
  15.40837      5.74586   36.93047    0.26003      29191
  15.41837      5.74215   36.96714    0.25108      29201
  15.42836      5.73845   36.95117    0.25649      29271
  15.43836      5.73476   36.97176    0.25366      29217
  15.44836      5.73107   36.95824    0.25574      29132
  15.45836      5.72739   36.96162    0.25361      29036
  15.46836      5.72371   36.92712    0.24902      29170
  15.47836      5.72003   36.93996    0.25679      29016
  15.48835      5.71636   36.93978    0.25915      29316
  15.49835      5.71270   36.93278    0.25432      29455
  15.50835      5.70904   36.92867    0.28249      29326
  15.51835      5.70538   36.96080    0.28730      28905
  15.52835      5.70173   36.91754    0.23096      29434
  15.53834      5.69808   36.92845    0.23426      29412
  15.54834      5.69444   36.95369    0.25380      29291
  15.55834      5.69080   36.92766    0.27356      29259
  15.56834      5.68717   36.90142    0.23842      29353
  15.57834      5.68354   36.88732    0.26655      29318
  15.58834      5.67992   36.88010    0.25681      29226
  15.59833      5.67630   36.87833    0.24847      29355
  15.60833      5.67269   36.88317    0.27640      29666
  15.61833      5.66908   36.86866    0.25148      29469
  15.62833      5.66548   36.87424    0.26489      29383
  15.63833      5.66188   36.87982    0.25420      29491
  15.64833      5.65828   36.88437    0.25299      29265
  15.65832      5.65469   36.86186    0.24894      29359
  15.66832      5.65111   36.86615    0.23963      29537
  15.67832      5.64752   36.81533    0.24379      29306
  15.68832      5.64395   36.82015    0.26939      29349
  15.69832      5.64037   36.81697    0.25208      29656
  15.70832      5.63681   36.80348    0.26302      29694
  15.71831      5.63324   36.78205    0.24640      29581
  15.72831      5.62969   36.79868    0.25201      29488
  15.73831      5.62613   36.76842    0.26385      29504
  15.74831      5.62258   36.76784    0.25270      29498
  15.75831      5.61904   36.80440    0.25403      29613
  15.76831      5.61550   36.75010    0.25088      29803
  15.77830      5.61196   36.76194    0.27257      29601
  15.78830      5.60843   36.74127    0.25312      29072
  15.79830      5.60490   36.72891    0.23433      29613
  15.80830      5.60138   36.69667    0.25468      29746
  15.81830      5.59786   36.69958    0.25139      29724
  15.82830      5.59435   36.71065    0.28729      29595
  15.83829      5.59084   36.66394    0.23694      29733
  15.84829      5.58734   36.65672    0.23299      29945
  15.85829      5.58384   36.69017    0.25053      29503
  15.86829      5.58034   36.66008    0.27656      29514
  15.87829      5.57685   36.64620    0.24689      30020
  15.88829      5.57336   36.62030    0.25199      29648
  15.89828      5.56988   36.60191    0.27015      29541
  15.90828      5.56640   36.61048    0.24100      29711
  15.91828      5.56293   36.60226    0.26951      29798
  15.92828      5.55946   36.62210    0.24007      29900
  15.93828      5.55599   36.57764    0.25450      29740
  15.94827      5.55253   36.59896    0.24241      29837
  15.95827      5.54908   36.59609    0.23676      29785
  15.96827      5.54562   36.58538    0.26324      29867
  15.97827      5.54218   36.58950    0.25512      30016
  15.98827      5.53873   36.56322    0.24621      29998
  15.99827      5.53529   36.52548    0.26031      29789
  16.00826      5.53186   36.52725    0.24535      29849
  16.01826      5.52843   36.53414    0.26738      29884
  16.02826      5.52500   36.49520    0.24490      30057
  16.03826      5.52158   36.52507    0.26378      30012
  16.04826      5.51816   36.51054    0.25582      29856
  16.05826      5.51475   36.52149    0.23136      29538
  16.06825      5.51134   36.53567    0.24543      29934
  16.07825      5.50794   36.50803    0.25485      30064
  16.08825      5.50454   36.48811    0.26016      29936
  16.09825      5.50114   36.50740    0.23815      30124
  16.10825      5.49775   36.45662    0.25295      29881
  16.11825      5.49436   36.45460    0.23996      29946
  16.12824      5.49098   36.44752    0.26832      30120
  16.13824      5.48760   36.47520    0.26246      30179
  16.14824      5.48422   36.43482    0.24497      29943
  16.15824      5.48085   36.43738    0.23706      30427
  16.16824      5.47748   36.47228    0.25165      29923
  16.17824      5.47412   36.44032    0.24876      30127
  16.18823      5.47076   36.42828    0.25155      30120
  16.19823      5.46741   36.44645    0.26400      30251
  16.20823      5.46406   36.42789    0.23951      30001
  16.21823      5.46071   36.38948    0.24586      29945
  16.22823      5.45737   36.40995    0.24400      30180
  16.23823      5.45403   36.38086    0.24986      30169
  16.24822      5.45070   36.40316    0.26269      30093
  16.25822      5.44737   36.38711    0.24146      30339
  16.26822      5.44404   36.41007    0.23974      30171
  16.27822      5.44072   36.41373    0.26410      30095
  16.28822      5.43741   36.38296    0.23218      30396
  16.29821      5.43409   36.37507    0.25598      30472
  16.30821      5.43078   36.36148    0.27479      30434
  16.31821      5.42748   36.36465    0.26078      30072
  16.32821      5.42418   36.35489    0.23777      30151
  16.33821      5.42088   36.33627    0.22664      30270
  16.34821      5.41759   36.36635    0.26339      30390
  16.35820      5.41430   36.35196    0.23615      29926
  16.36820      5.41101   36.37113    0.23659      30204
  16.37820      5.40773   36.36261    0.25674      30415
  16.38820      5.40446   36.35460    0.24843      30353
  16.39820      5.40118   36.33696    0.27031      30238
  16.40820      5.39792   36.34349    0.24000      30571
  16.41819      5.39465   36.31385    0.24319      30548
  16.42819      5.39139   36.29806    0.26377      30076
  16.43819      5.38813   36.28519    0.25602      30400
  16.44819      5.38488   36.29899    0.24105      30490
  16.45819      5.38163   36.28351    0.24226      30274
  16.46819      5.37839   36.29352    0.24182      30314
  16.47818      5.37515   36.30570    0.22907      30407
  16.48818      5.37191   36.27405    0.24116      30461
  16.49818      5.36868   36.27630    0.27432      30570
  16.50818      5.36545   36.27315    0.25130      30593
  16.51818      5.36222   36.25724    0.24823      30532
  16.52818      5.35900   36.23155    0.24966      30561
  16.53817      5.35578   36.24387    0.23252      30293
  16.54817      5.35257   36.22477    0.26995      30347
  16.55817      5.34936   36.20147    0.23930      30382
  16.56817      5.34615   36.22193    0.23872      30446
  16.57817      5.34295   36.22738    0.25108      30358
  16.58817      5.33975   36.20302    0.24212      30487
  16.59816      5.33656   36.17966    0.23857      30567
  16.60816      5.33337   36.17252    0.26622      30509
  16.61816      5.33018   36.16766    0.27663      30539
  16.62816      5.32700   36.13553    0.23044      30702
  16.63816      5.32382   36.11264    0.24465      30367
  16.64816      5.32065   36.11712    0.23573      30592
  16.65815      5.31748   36.11311    0.24171      30406
  16.66815      5.31431   36.09835    0.24029      30740
  16.67815      5.31115   36.12048    0.24014      30314
  16.68815      5.30799   36.11178    0.24209      30503
  16.69815      5.30483   36.09686    0.26492      30740
  16.70814      5.30168   36.07090    0.25092      30763
  16.71814      5.29853   36.07277    0.24711      30806
  16.72814      5.29539   36.06528    0.24927      30614
  16.73814      5.29225   36.04563    0.26453      30545
  16.74814      5.28911   36.02700    0.24126      30453
  16.75814      5.28598   36.03973    0.22074      30642
  16.76813      5.28285   36.03054    0.23880      30397
  16.77813      5.27972   36.02915    0.24156      30649
  16.78813      5.27660   36.02597    0.24109      30756
  16.79813      5.27348   36.00360    0.25155      30789
  16.80813      5.27037   36.00168    0.26080      30699
  16.81813      5.26726   36.00552    0.25703      31071
  16.82812      5.26415   35.99667    0.25508      30726
  16.83812      5.26105   35.97618    0.23244      31029
  16.84812      5.25795   35.95196    0.25793      30567
  16.85812      5.25485   35.95738    0.23958      30665
  16.86812      5.25176   35.97399    0.23330      30794
  16.87812      5.24867   36.00874    0.24844      30371
  16.88811      5.24559   35.97318    0.22500      30792
  16.89811      5.24250   35.98112    0.23440      30808
  16.90811      5.23943   35.95624    0.26753      30950
  16.91811      5.23635   35.97139    0.25576      30988
  16.92811      5.23328   35.94995    0.23879      31037
  16.93811      5.23022   35.94504    0.26200      31043
  16.94810      5.22715   35.91238    0.23365      30861
  16.95810      5.22409   35.92909    0.24243      30642
  16.96810      5.22104   35.93025    0.24459      30729
  16.97810      5.21799   35.96190    0.23559      30962
  16.98810      5.21494   35.92376    0.23677      30589
  16.99810      5.21189   35.93429    0.24796      31154
  17.00809      5.20885   35.92916    0.24618      30928
  17.01809      5.20581   35.91876    0.26178      31102
  17.02809      5.20278   35.91236    0.23762      30984
  17.03809      5.19975   35.91130    0.25518      31167
  17.04809      5.19672   35.87745    0.23352      31202
  17.05809      5.19370   35.88648    0.23005      30817
  17.06808      5.19068   35.86718    0.24367      30953
  17.07808      5.18766   35.89077    0.24351      30786
  17.08808      5.18465   35.87580    0.24221      30904
  17.09808      5.18164   35.89380    0.23099      30987
  17.10808      5.17863   35.86507    0.25996      31086
  17.11807      5.17563   35.84340    0.24176      31205
  17.12807      5.17263   35.86423    0.23995      31149
  17.13807      5.16964   35.84690    0.27666      31196
  17.14807      5.16665   35.85207    0.25215      31280
  17.15807      5.16366   35.79482    0.23657      30833
  17.16807      5.16067   35.82365    0.21122      31061
  17.17806      5.15769   35.82810    0.24140      30833
  17.18806      5.15471   35.80254    0.22497      30916
  17.19806      5.15174   35.81506    0.25336      31171
  17.20806      5.14877   35.78456    0.25086      31151
  17.21806      5.14580   35.78790    0.26558      31414
  17.22806      5.14284   35.75947    0.23775      31305
  17.23805      5.13988   35.75729    0.24439      31472
  17.24805      5.13692   35.76299    0.26238      31382
  17.25805      5.13397   35.69927    0.22843      31393
  17.26805      5.13102   35.72432    0.24278      31192
  17.27805      5.12807   35.72240    0.22797      30910
  17.28805      5.12513   35.71235    0.22759      30964
  17.29804      5.12219   35.68914    0.24259      31321
  17.30804      5.11925   35.69607    0.24150      31380
  17.31804      5.11632   35.68936    0.25457      31287
  17.32804      5.11339   35.66416    0.26475      31511
  17.33804      5.11046   35.65096    0.23847      31558
  17.34804      5.10754   35.65699    0.24078      31461
  17.35803      5.10462   35.61305    0.23134      31485
  17.36803      5.10170   35.59781    0.23749      31416
  17.37803      5.09879   35.61556    0.24187      30999
  17.38803      5.09588   35.61713    0.23202      31015
  17.39803      5.09298   35.59044    0.22745      31539
  17.40803      5.09007   35.58453    0.28100      31522
  17.41802      5.08717   35.57704    0.22823      31203
  17.42802      5.08428   35.59299    0.25997      31584
  17.43802      5.08139   35.54458    0.25199      31666
  17.44802      5.07850   35.55347    0.23351      31465
  17.45802      5.07561   35.55798    0.24125      31665
  17.46802      5.07273   35.49593    0.21683      31451
  17.47801      5.06985   35.53716    0.22102      31066
  17.48801      5.06697   35.53087    0.24542      31338
  17.49801      5.06410   35.51981    0.25744      31493
  17.50801      5.06123   35.47443    0.22912      31640
  17.51801      5.05836   35.51401    0.26193      31685
  17.52800      5.05550   35.50187    0.22634      31706
  17.53800      5.05264   35.47599    0.28077      31740
  17.54800      5.04978   35.46958    0.22729      31962
  17.55800      5.04693   35.48333    0.26999      31714
  17.56800      5.04408   35.44667    0.22656      31455
  17.57800      5.04124   35.47656    0.21658      31219
  17.58799      5.03839   35.45327    0.21651      31420
  17.59799      5.03555   35.47624    0.24581      31407
  17.60799      5.03272   35.41349    0.24324      31783
  17.61799      5.02988   35.44821    0.24949      31825
  17.62799      5.02705   35.43094    0.25053      31847
  17.63799      5.02422   35.42609    0.23843      31728
  17.64798      5.02140   35.40906    0.22825      32023
  17.65798      5.01858   35.40462    0.24864      32037
  17.66798      5.01576   35.39711    0.24133      31536
  17.67798      5.01295   35.41155    0.22978      31332
  17.68798      5.01014   35.40004    0.23830      31652
  17.69798      5.00733   35.38296    0.23229      31616
  17.70797      5.00452   35.40645    0.23430      31673
  17.71797      5.00172   35.37930    0.23804      31811
  17.72797      4.99892   35.35879    0.23912      32174
  17.73797      4.99613   35.37551    0.27603      31609
  17.74797      4.99334   35.35148    0.22014      32266
  17.75797      4.99055   35.33259    0.23953      32141
  17.76796      4.98776   35.32927    0.22690      31751
  17.77796      4.98498   35.33917    0.22336      31426
  17.78796      4.98220   35.34009    0.24778      31614
  17.79796      4.97942   35.30786    0.23945      31850
  17.80796      4.97665   35.33742    0.24946      31912
  17.81796      4.97388   35.30020    0.22383      32045
  17.82795      4.97111   35.28263    0.25193      32051
  17.83795      4.96835   35.29524    0.24439      32047
  17.84795      4.96559   35.28139    0.24571      32048
  17.85795      4.96283   35.26859    0.23568      32190
  17.86795      4.96008   35.26375    0.22580      32051
  17.87795      4.95733   35.24926    0.22296      31733
  17.88794      4.95458   35.26484    0.22362      31630
  17.89794      4.95183   35.22871    0.21704      32092
  17.90794      4.94909   35.24413    0.26822      32026
  17.91794      4.94635   35.22930    0.25655      31991
  17.92794      4.94362   35.20511    0.23453      32184
  17.93793      4.94088   35.19821    0.24748      32258
  17.94793      4.93815   35.19094    0.22844      32154
  17.95793      4.93543   35.19833    0.24883      32278
  17.96793      4.93270   35.19570    0.22665      32316
  17.97793      4.92998   35.16935    0.23918      31653
  17.98793      4.92726   35.16888    0.23491      31665
  17.99792      4.92455   35.15829    0.21424      32242
  18.00792      4.92184   35.15465    0.24909      32020
  18.01792      4.91913   35.13287    0.22980      32242
  18.02792      4.91642   35.13589    0.24926      32219
  18.03792      4.91372   35.10522    0.23593      32484
  18.04792      4.91102   35.11908    0.24541      32358
  18.05791      4.90832   35.10316    0.22099      32275
  18.06791      4.90563   35.11366    0.23933      32476
  18.07791      4.90294   35.04214    0.22970      31839
  18.08791      4.90025   35.07485    0.22383      32003
  18.09791      4.89757   35.06140    0.23946      32122
  18.10791      4.89489   35.04767    0.26409      32326
  18.11790      4.89221   35.02436    0.22209      32311
  18.12790      4.88953   35.05028    0.25193      32195
  18.13790      4.88686   35.01514    0.22679      32528
  18.14790      4.88419   35.00335    0.23880      32455
  18.15790      4.88152   34.99712    0.22668      32579
  18.16790      4.87886   35.03838    0.22430      32368
  18.17789      4.87620   34.93708    0.24111      31901
  18.18789      4.87354   34.94455    0.22127      32394
  18.19789      4.87088   34.97430    0.23788      32187
  18.20789      4.86823   34.92095    0.23525      32433
  18.21789      4.86558   34.92112    0.23785      32501
  18.22789      4.86294   34.93258    0.26094      32553
  18.23788      4.86029   34.90371    0.22151      32546
  18.24788      4.85765   34.89975    0.23668      32638
  18.25788      4.85501   34.91473    0.23113      32579
  18.26788      4.85238   34.92062    0.24476      32412
  18.27788      4.84975   34.84255    0.22533      32046
  18.28787      4.84712   34.84219    0.21146      32486
  18.29787      4.84449   34.88015    0.23585      32119
  18.30787      4.84187   34.82898    0.23952      32517
  18.31787      4.83925   34.80958    0.23192      32587
  18.32787      4.83663   34.80870    0.24250      32815
  18.33787      4.83402   34.79295    0.25287      32628
  18.34786      4.83141   34.79276    0.20772      32899
  18.35786      4.82880   34.79639    0.23032      32623
  18.36786      4.82619   34.79073    0.25304      32504
  18.37786      4.82359   34.72963    0.23806      32347
  18.38786      4.82099   34.73711    0.21737      32669
  18.39786      4.81839   34.72633    0.24300      32249
  18.40785      4.81580   34.71605    0.23597      32594
  18.41785      4.81320   34.71330    0.22110      32729
  18.42785      4.81062   34.67220    0.24377      32717
  18.43785      4.80803   34.68890    0.23316      32966
  18.44785      4.80545   34.65069    0.22553      32732
  18.45785      4.80287   34.69346    0.22799      32728
  18.46784      4.80029   34.65198    0.23152      32637
  18.47784      4.79771   34.60450    0.22717      32500
  18.48784      4.79514   34.58262    0.21945      32826
  18.49784      4.79257   34.61100    0.24964      32617
  18.50784      4.79000   34.57799    0.24265      32754
  18.51784      4.78744   34.57672    0.22795      32909
  18.52783      4.78488   34.56449    0.24070      32925
  18.53783      4.78232   34.55184    0.21397      32867
  18.54783      4.77977   34.58629    0.23989      32916
  18.55783      4.77721   34.55129    0.22122      32792
  18.56783      4.77466   34.55685    0.24183      32807
  18.57783      4.77212   34.49037    0.22783      32630
  18.58782      4.76957   34.49979    0.21407      32890
  18.59782      4.76703   34.52474    0.23139      32644
  18.60782      4.76449   34.49768    0.25367      32710
  18.61782      4.76196   34.48727    0.21862      33180
  18.62782      4.75942   34.47541    0.25606      32905
  18.63782      4.75689   34.48306    0.22543      33212
  18.64781      4.75436   34.49655    0.22949      32924
  18.65781      4.75184   34.48088    0.21152      33127
  18.66781      4.74932   34.44892    0.23709      32716
  18.67781      4.74680   34.42230    0.24931      32800
  18.68781      4.74428   34.41387    0.22908      32839
  18.69780      4.74176   34.43440    0.21817      32927
  18.70780      4.73925   34.42179    0.22434      32863
  18.71780      4.73674   34.41436    0.23882      33025
  18.72780      4.73424   34.39646    0.21633      33322
  18.73780      4.73173   34.37815    0.24323      33218
  18.74780      4.72923   34.42428    0.23080      32959
  18.75779      4.72674   34.36825    0.22963      33253
  18.76779      4.72424   34.36083    0.21966      33156
  18.77779      4.72175   34.32745    0.24488      32845
  18.78779      4.71926   34.30830    0.21592      33365
  18.79779      4.71677   34.32353    0.22423      32873
  18.80779      4.71428   34.30525    0.25062      33144
  18.81778      4.71180   34.32212    0.24452      33211
  18.82778      4.70932   34.30074    0.22902      33365
  18.83778      4.70685   34.31657    0.20903      32993
  18.84778      4.70437   34.29910    0.22084      33136
  18.85778      4.70190   34.27349    0.22696      33290
  18.86778      4.69943   34.23476    0.24067      33172
  18.87777      4.69696   34.20019    0.22696      33024
  18.88777      4.69450   34.21644    0.20911      33106
  18.89777      4.69204   34.21610    0.24937      33314
  18.90777      4.68958   34.19249    0.22976      33150
  18.91777      4.68712   34.20158    0.22378      33422
  18.92777      4.68467   34.17265    0.23235      33437
  18.93776      4.68222   34.19684    0.22874      33289
  18.94776      4.67977   34.16256    0.23524      33333
  18.95776      4.67733   34.14821    0.21419      33418
  18.96776      4.67488   34.11154    0.24550      33354
  18.97776      4.67244   34.09257    0.22143      33097
  18.98776      4.67001   34.08575    0.21011      33435
  18.99775      4.66757   34.08013    0.22437      33349
  19.00775      4.66514   34.07578    0.23332      33261
  19.01775      4.66271   34.05938    0.24658      33546
  19.02775      4.66028   34.08136    0.20864      33452
  19.03775      4.65785   34.04041    0.23497      33340
  19.04775      4.65543   34.03111    0.23480      33507
  19.05774      4.65301   33.98898    0.22728      33360
  19.06774      4.65060   33.96250    0.21275      33583
  19.07774      4.64818   33.95281    0.23512      33466
  19.08774      4.64577   33.93390    0.22322      33510
  19.09774      4.64336   33.95176    0.24685      33514
  19.10773      4.64095   33.89497    0.22140      33421
  19.11773      4.63855   33.92931    0.21561      33587
  19.12773      4.63614   33.88505    0.23551      33514
  19.13773      4.63375   33.87940    0.21582      33855
  19.14773      4.63135   33.84607    0.22877      33310
  19.15773      4.62895   33.83906    0.22137      33738
  19.16772      4.62656   33.78773    0.22038      33508
  19.17772      4.62417   33.78311    0.21359      33514
  19.18772      4.62179   33.78326    0.22529      33647
  19.19772      4.61940   33.76176    0.24075      33563
  19.20772      4.61702   33.73824    0.24049      33685
  19.21772      4.61464   33.74951    0.23251      33465
  19.22771      4.61226   33.75177    0.20886      33681
  19.23771      4.60989   33.68302    0.23062      33758
  19.24771      4.60752   33.69435    0.24094      33581
  19.25771      4.60515   33.66040    0.20344      33612
  19.26771      4.60278   33.63994    0.23213      33608
  19.27771      4.60041   33.60050    0.21793      33829
  19.28770      4.59805   33.61453    0.22097      33940
  19.29770      4.59569   33.60839    0.21423      33655
  19.30770      4.59333   33.60980    0.21486      33778
  19.31770      4.59098   33.58298    0.26165      33682
  19.32770      4.58863   33.56600    0.23181      34000
  19.33770      4.58628   33.54198    0.21668      33791
  19.34769      4.58393   33.52953    0.22130      33771
  19.35769      4.58159   33.52241    0.21431      33942
  19.36769      4.57924   33.46095    0.22593      33775
  19.37769      4.57690   33.48160    0.21407      33788
  19.38769      4.57456   33.48387    0.23979      33911
  19.39769      4.57223   33.47608    0.23478      33693
  19.40768      4.56990   33.48387    0.21796      33572
  19.41768      4.56757   33.45877    0.21860      33856
  19.42768      4.56524   33.41780    0.21860      34374
  19.43768      4.56291   33.38077    0.22758      33825
  19.44768      4.56059   33.40668    0.21645      34022
  19.45768      4.55827   33.35609    0.22209      33966
  19.46767      4.55595   33.33321    0.21907      33965
  19.47767      4.55363   33.31831    0.22062      34042
  19.48767      4.55132   33.35653    0.20964      33947
  19.49767      4.54901   33.33703    0.22088      33779
  19.50767      4.54670   33.31667    0.26102      34076
  19.51766      4.54439   33.29123    0.23602      34129
  19.52766      4.54209   33.28110    0.22120      34185
  19.53766      4.53979   33.23410    0.21750      33886
  19.54766      4.53749   33.23758    0.22280      34028
  19.55766      4.53519   33.19244    0.20103      33991
  19.56766      4.53289   33.17809    0.21649      34173
  19.57765      4.53060   33.16017    0.21221      34262
  19.58765      4.52831   33.18121    0.23216      33933
  19.59765      4.52602   33.17564    0.22358      34140
  19.60765      4.52374   33.14811    0.21712      34100
  19.61765      4.52146   33.11175    0.25055      34280
  19.62765      4.51918   33.10262    0.21644      34084
  19.63764      4.51690   33.09878    0.21866      34064
  19.64764      4.51462   33.06414    0.21878      34235
  19.65764      4.51235   33.01433    0.21721      34216
  19.66764      4.51008   33.02433    0.22207      34124
  19.67764      4.50781   33.00783    0.20759      34423
  19.68764      4.50554   33.05868    0.22225      33808
  19.69763      4.50328   33.01737    0.21604      34384
  19.70763      4.50101   32.96740    0.23385      34291
  19.71763      4.49875   32.96965    0.21608      34398
  19.72763      4.49650   32.94917    0.21705      34325
  19.73763      4.49424   32.94521    0.24484      34523
  19.74763      4.49199   32.91769    0.20214      34381
  19.75762      4.48974   32.88263    0.21609      34343
  19.76762      4.48749   32.87281    0.19933      34557
  19.77762      4.48524   32.90285    0.22315      34196
  19.78762      4.48300   32.88240    0.22863      34203
  19.79762      4.48076   32.87144    0.25293      34465
  19.80762      4.47852   32.83203    0.20825      34455
  19.81761      4.47628   32.81201    0.26348      34273
  19.82761      4.47405   32.81247    0.19534      34500
  19.83761      4.47182   32.78219    0.21158      34534
  19.84761      4.46959   32.77050    0.24095      34400
  19.85761      4.46736   32.75966    0.18855      34656
  19.86760      4.46513   32.77729    0.21582      34472
  19.87760      4.46291   32.75352    0.21963      34340
  19.88760      4.46069   32.73411    0.20931      34537
  19.89760      4.45847   32.71607    0.23101      34564
  19.90760      4.45625   32.71054    0.23596      34480
  19.91760      4.45404   32.68318    0.22872      34350
  19.92759      4.45183   32.66733    0.23041      34877
  19.93759      4.44962   32.66788    0.21982      34509
  19.94759      4.44741   32.59876    0.19827      34475
  19.95759      4.44520   32.61108    0.21838      34610
  19.96759      4.44300   32.62379    0.19704      34815
  19.97759      4.44080   32.63275    0.23236      34219
  19.98758      4.43860   32.58140    0.22019      34764
  19.99758      4.43640   32.58214    0.22005      34725
  20.00758      4.43421   32.55644    0.20825      34552
  20.01758      4.43202   32.54248    0.23173      34799
  20.02758      4.42983   32.50974    0.22324      34821
  20.03758      4.42764   32.50762    0.21252      34662
  20.04757      4.42545   32.46801    0.21321      34872
  20.05757      4.42327   32.46768    0.19822      34804
  20.06757      4.42109   32.45577    0.21168      34688
  20.07757      4.41891   32.43671    0.22026      34733
  20.08757      4.41673   32.40319    0.22558      34895
  20.09757      4.41456   32.41404    0.23373      34553
  20.10756      4.41238   32.38206    0.23398      34744
  20.11756      4.41021   32.36408    0.20970      34990
  20.12756      4.40805   32.35155    0.20941      34778
  20.13756      4.40588   32.31367    0.20809      34516
  20.14756      4.40372   32.32692    0.20158      35149
  20.15756      4.40155   32.31268    0.21334      34789
  20.16755      4.39939   32.30883    0.20948      34840
  20.17755      4.39724   32.29430    0.21873      35033
  20.18755      4.39508   32.26440    0.21983      34927
  20.19755      4.39293   32.23192    0.21881      34972
  20.20755      4.39078   32.23479    0.22719      34955
  20.21755      4.38863   32.21415    0.23149      35153
  20.22754      4.38648   32.17123    0.21618      34926
  20.23754      4.38434   32.18192    0.19748      34768
  20.24754      4.38220   32.17035    0.22110      35093
  20.25754      4.38005   32.14232    0.21141      34919
  20.26754      4.37792   32.16532    0.20665      34746
  20.27753      4.37578   32.09780    0.21571      35085
  20.28753      4.37365   32.10156    0.19165      35227
  20.29753      4.37151   32.06026    0.22164      35209
  20.30753      4.36939   32.06110    0.24253      35147
  20.31753      4.36726   32.03614    0.22063      35323
  20.32753      4.36513   31.99400    0.20780      34969
  20.33752      4.36301   32.00114    0.21643      34882
  20.34752      4.36089   31.97273    0.19894      35389
  20.35752      4.35877   31.97725    0.20091      35182
  20.36752      4.35665   31.94613    0.21492      35165
  20.37752      4.35454   31.90241    0.22931      35045
  20.38752      4.35242   31.90051    0.21895      35303
  20.39751      4.35031   31.89205    0.20829      35387
  20.40751      4.34820   31.83826    0.23142      35123
  20.41751      4.34610   31.83254    0.20708      35258
  20.42751      4.34399   31.81195    0.21566      34958
  20.43751      4.34189   31.79154    0.19757      35530
  20.44751      4.33979   31.77042    0.21699      35051
  20.45750      4.33769   31.77892    0.20630      35315
  20.46750      4.33559   31.71607    0.19668      35112
  20.47750      4.33350   31.71708    0.21513      35382
  20.48750      4.33141   31.69790    0.21599      35245
  20.49750      4.32932   31.67493    0.22324      35535
  20.50750      4.32723   31.65193    0.22800      35477
  20.51749      4.32514   31.66136    0.21249      35558
  20.52749      4.32306   31.62594    0.21297      35290
  20.53749      4.32098   31.60606    0.20144      35620
  20.54749      4.31890   31.61322    0.20625      35316
  20.55749      4.31682   31.57763    0.21169      35298
  20.56749      4.31474   31.57803    0.19765      35402
  20.57748      4.31267   31.54914    0.20762      35412
  20.58748      4.31060   31.53058    0.21419      35527
  20.59748      4.30853   31.52286    0.21195      35604
  20.60748      4.30646   31.51840    0.22051      35468
  20.61748      4.30439   31.48526    0.21425      35323
  20.62748      4.30233   31.46954    0.21838      35643
  20.63747      4.30027   31.46690    0.20406      35772
  20.64747      4.29821   31.47318    0.20285      35346
  20.65747      4.29615   31.42896    0.19964      35487
  20.66747      4.29409   31.41454    0.21771      35671
  20.67747      4.29204   31.40312    0.21386      35981
  20.68746      4.28999   31.39452    0.21738      35411
  20.69746      4.28794   31.37639    0.21315      35689
  20.70746      4.28589   31.37405    0.20107      35683
  20.71746      4.28385   31.33786    0.21352      35533
  20.72746      4.28180   31.34826    0.21579      35679
  20.73746      4.27976   31.33583    0.20418      35799
  20.74745      4.27772   31.29244    0.20076      35514
  20.75745      4.27568   31.30020    0.20227      35733
  20.76745      4.27365   31.29829    0.20655      35850
  20.77745      4.27161   31.24948    0.22007      35682
  20.78745      4.26958   31.27054    0.19355      35915
  20.79745      4.26755   31.21413    0.24675      35589
  20.80744      4.26552   31.24731    0.20215      35820
  20.81744      4.26350   31.19868    0.21424      35822
  20.82744      4.26147   31.20317    0.21801      36147
  20.83744      4.25945   31.18695    0.20319      35369
  20.84744      4.25743   31.17922    0.20144      35976
  20.85744      4.25541   31.15386    0.18849      35739
  20.86743      4.25340   31.13627    0.22877      35973
  20.87743      4.25138   31.12941    0.19279      35860
  20.88743      4.24937   31.12101    0.21126      36056
  20.89743      4.24736   31.09750    0.19769      35877
  20.90743      4.24535   31.07484    0.23838      35811
  20.91743      4.24334   31.06894    0.21584      36003
  20.92742      4.24134   31.05644    0.19864      35991
  20.93742      4.23933   31.03628    0.20333      35716
  20.94742      4.23733   31.02789    0.20603      36003
  20.95742      4.23534   31.00751    0.21403      36178
  20.96742      4.23334   31.01439    0.19796      35989
  20.97742      4.23134   30.98179    0.21144      36024
  20.98741      4.22935   30.95841    0.21563      36006
  20.99741      4.22736   30.95935    0.20241      36056
  21.00741      4.22537   30.93053    0.20171      35994
  21.01741      4.22338   30.91659    0.21090      36203
  21.02741      4.22140   30.91131    0.21872      35860
  21.03741      4.21941   30.88714    0.19265      36135
  21.04740      4.21743   30.87665    0.19859      36262
  21.05740      4.21545   30.85851    0.20055      36184
  21.06740      4.21347   30.86168    0.21740      36019
  21.07740      4.21150   30.82272    0.19690      36234
  21.08740      4.20952   30.80192    0.20036      36256
  21.09739      4.20755   30.82416    0.24049      36046
  21.10739      4.20558   30.77057    0.20490      36373
  21.11739      4.20361   30.78137    0.20338      36228
  21.12739      4.20164   30.76311    0.20871      36115
  21.13739      4.19968   30.76897    0.22293      36147
  21.14739      4.19772   30.72741    0.17795      36363
  21.15738      4.19575   30.72758    0.20228      36330
  21.16738      4.19380   30.71958    0.20680      36183
  21.17738      4.19184   30.70366    0.19593      36447
  21.18738      4.18988   30.67335    0.20708      36373
  21.19738      4.18793   30.65920    0.20770      36357
  21.20738      4.18598   30.66250    0.21169      36336
  21.21737      4.18403   30.64241    0.22299      36271
  21.22737      4.18208   30.61671    0.19777      36298
  21.23737      4.18013   30.62259    0.20698      36670
  21.24737      4.17819   30.59785    0.20363      36374
  21.25737      4.17625   30.60123    0.19996      36295
  21.26737      4.17430   30.56303    0.20061      36554
  21.27736      4.17237   30.56848    0.20641      36520
  21.28736      4.17043   30.52984    0.20426      36248
  21.29736      4.16849   30.52697    0.19731      36698
  21.30736      4.16656   30.50730    0.20848      36261
  21.31736      4.16463   30.49725    0.19800      36615
  21.32736      4.16270   30.47270    0.22067      36551
  21.33735      4.16077   30.46729    0.19721      36566
  21.34735      4.15884   30.45448    0.18769      36382
  21.35735      4.15692   30.43096    0.20991      36821
  21.36735      4.15500   30.40244    0.20142      36569
  21.37735      4.15308   30.39080    0.20348      36617
  21.38735      4.15116   30.37112    0.20909      36522
  21.39734      4.14924   30.36406    0.20243      36763
  21.40734      4.14733   30.33614    0.21178      36653
  21.41734      4.14541   30.31807    0.20176      36561
  21.42734      4.14350   30.31910    0.20839      36704
  21.43734      4.14159   30.29445    0.20973      36659
  21.44734      4.13968   30.28024    0.18909      36590
  21.45733      4.13778   30.25425    0.19413      36763
  21.46733      4.13587   30.24502    0.20271      36753
  21.47733      4.13397   30.23445    0.20019      36660
  21.48733      4.13207   30.19093    0.19328      36825
  21.49733      4.13017   30.20402    0.20378      36788
  21.50732      4.12827   30.17888    0.21347      36669
  21.51732      4.12638   30.19025    0.21523      36995
  21.52732      4.12448   30.14720    0.20321      36706
  21.53732      4.12259   30.13326    0.19493      36799
  21.54732      4.12070   30.13186    0.19659      37060
  21.55732      4.11881   30.12061    0.20355      36815
  21.56731      4.11692   30.08618    0.20605      36633
  21.57731      4.11504   30.07552    0.20043      36911
  21.58731      4.11316   30.08900    0.18918      36827
  21.59731      4.11127   30.05543    0.20031      36775
  21.60731      4.10939   30.04822    0.18864      36981
  21.61731      4.10752   30.03542    0.22685      36954
  21.62730      4.10564   30.01365    0.19998      36922
  21.63730      4.10376   30.01280    0.19769      37040
  21.64730      4.10189   29.97109    0.19295      36996
  21.65730      4.10002   29.97360    0.20499      36985
  21.66730      4.09815   29.95407    0.20916      36989
  21.67730      4.09628   29.95149    0.18735      37015
  21.68729      4.09442   29.92944    0.20063      36863
  21.69729      4.09255   29.94400    0.19323      37169
  21.70729      4.09069   29.90788    0.21901      37176
  21.71729      4.08883   29.89153    0.20275      36985
  21.72729      4.08697   29.89135    0.20461      37000
  21.73729      4.08511   29.86224    0.19704      37187
  21.74728      4.08326   29.83937    0.19574      37140
  21.75728      4.08141   29.83958    0.18116      37047
  21.76728      4.07955   29.83201    0.20091      37255
  21.77728      4.07770   29.81243    0.20854      37188
  21.78728      4.07585   29.81747    0.19183      37101
  21.79728      4.07401   29.78415    0.20392      37257
  21.80727      4.07216   29.78120    0.20337      37147
  21.81727      4.07032   29.76655    0.20371      37314
  21.82727      4.06848   29.72132    0.19348      37230
  21.83727      4.06664   29.73922    0.20907      37373
  21.84727      4.06480   29.73408    0.20217      37214
  21.85726      4.06296   29.70364    0.19055      37294
  21.86726      4.06113   29.69212    0.19847      37300
  21.87726      4.05929   29.70510    0.19512      37168
  21.88726      4.05746   29.68380    0.18398      37289
  21.89726      4.05563   29.67288    0.21202      37418
  21.90726      4.05380   29.64581    0.19796      37287
  21.91725      4.05198   29.64599    0.20028      37541
  21.92725      4.05015   29.63009    0.20854      37365
  21.93725      4.04833   29.62352    0.18771      37304
  21.94725      4.04651   29.59938    0.19697      37546
  21.95725      4.04469   29.60282    0.18317      37467
  21.96725      4.04287   29.60742    0.21511      37308
  21.97724      4.04105   29.58925    0.20264      37593
  21.98724      4.03924   29.57007    0.19520      37460
  21.99724      4.03742   29.58332    0.19680      37489
  22.00724      4.03561   29.55356    0.20361      37592
  22.01724      4.03380   29.54613    0.19014      37479
  22.02724      4.03199   29.51382    0.20560      37368
  22.03723      4.03019   29.52846    0.19912      37620
  22.04723      4.02838   29.51712    0.18982      37523
  22.05723      4.02658   29.50835    0.18439      37553
  22.06723      4.02477   29.50793    0.19641      37662
  22.07723      4.02297   29.51582    0.20971      37694
  22.08723      4.02118   29.47737    0.19290      37570
  22.09722      4.01938   29.47038    0.19691      37664
  22.10722      4.01758   29.45578    0.19708      37650
  22.11722      4.01579   29.45945    0.20374      37643
  22.12722      4.01400   29.42960    0.20725      37710
  22.13722      4.01221   29.41325    0.19484      37705
  22.14722      4.01042   29.41711    0.19253      37790
  22.15721      4.00863   29.43770    0.18209      37661
  22.16721      4.00685   29.39643    0.19724      37709
  22.17721      4.00506   29.37288    0.20491      37656
  22.18721      4.00328   29.35782    0.19655      37776
  22.19721      4.00150   29.37321    0.19389      37824
  22.20721      3.99972   29.32518    0.18574      37780
  22.21720      3.99794   29.30416    0.19726      37789
  22.22720      3.99617   29.29938    0.20009      37872
  22.23720      3.99439   29.28131    0.19365      37823
  22.24720      3.99262   29.27624    0.20266      37741
  22.25720      3.99085   29.24646    0.18660      37966
  22.26719      3.98908   29.22871    0.20451      37839
  22.27719      3.98731   29.21872    0.18304      38090
  22.28719      3.98555   29.17248    0.19347      37938
  22.29719      3.98378   29.17262    0.20183      38017
  22.30719      3.98202   29.14355    0.20020      37865
  22.31719      3.98026   29.13436    0.20333      38101
  22.32718      3.97850   29.11586    0.20271      37914
  22.33718      3.97674   29.10622    0.17220      37881
  22.34718      3.97498   29.08133    0.18955      38086
  22.35718      3.97323   29.05938    0.19980      38247
  22.36718      3.97148   29.05024    0.18542      38003
  22.37718      3.96972   29.01888    0.21368      38111
  22.38717      3.96797   29.01494    0.17967      38099
  22.39717      3.96622   28.99693    0.19827      38204
  22.40717      3.96448   28.95717    0.19015      38198
  22.41717      3.96273   28.97295    0.19950      38220
  22.42717      3.96099   28.94428    0.19174      38099
  22.43717      3.95924   28.94412    0.20150      38334
  22.44716      3.95750   28.92025    0.19281      38402
  22.45716      3.95576   28.90905    0.18898      38160
  22.46716      3.95403   28.87701    0.19338      38339
  22.47716      3.95229   28.88159    0.19351      38212
  22.48716      3.95056   28.84695    0.17985      38267
  22.49716      3.94882   28.85598    0.18647      38547
  22.50715      3.94709   28.84515    0.19502      38316
  22.51715      3.94536   28.83183    0.19383      38306
  22.52715      3.94363   28.80421    0.20173      38533
  22.53715      3.94191   28.82479    0.18431      38415
  22.54715      3.94018   28.76725    0.19436      38421
  22.55715      3.93846   28.77623    0.19793      38778
  22.56714      3.93673   28.76937    0.17435      38429
  22.57714      3.93501   28.74170    0.20784      38486
  22.58714      3.93329   28.72416    0.19522      38690
  22.59714      3.93158   28.72385    0.18889      38597
  22.60714      3.92986   28.73372    0.19006      38509
  22.61714      3.92815   28.69821    0.18998      38444
  22.62713      3.92643   28.70420    0.18711      38809
  22.63713      3.92472   28.67741    0.18345      38569
  22.64713      3.92301   28.66281    0.20873      38640
  22.65713      3.92130   28.64350    0.19237      38711
  22.66713      3.91960   28.63399    0.17603      38797
  22.67712      3.91789   28.61459    0.18132      38734
  22.68712      3.91619   28.61106    0.18659      38861
  22.69712      3.91448   28.60536    0.21228      38767
  22.70712      3.91278   28.61171    0.18695      38883
  22.71712      3.91108   28.58914    0.20351      38713
  22.72712      3.90938   28.56318    0.18393      39034
  22.73711      3.90769   28.56863    0.19062      38814
  22.74711      3.90599   28.54894    0.18133      39028
  22.75711      3.90430   28.51859    0.18776      38746
  22.76711      3.90261   28.53675    0.20162      38879
  22.77711      3.90092   28.50100    0.18790      38999
  22.78711      3.89923   28.49411    0.17322      39082
  22.79710      3.89754   28.49942    0.19173      38908
  22.80710      3.89585   28.48448    0.19366      39079
  22.81710      3.89417   28.44612    0.17891      39110
  22.82710      3.89249   28.44852    0.19763      39200
  22.83710      3.89081   28.42475    0.19538      39100
  22.84710      3.88913   28.43600    0.18558      39126
  22.85709      3.88745   28.41935    0.19061      39090
  22.86709      3.88577   28.40591    0.18212      39282
  22.87709      3.88409   28.39488    0.19123      39249
  22.88709      3.88242   28.38699    0.18708      39180
  22.89709      3.88075   28.37764    0.18034      39298
  22.90709      3.87908   28.36152    0.19089      39360
  22.91708      3.87741   28.33436    0.20939      39178
  22.92708      3.87574   28.33434    0.17711      39427
  22.93708      3.87407   28.30831    0.18759      39217
  22.94708      3.87241   28.30746    0.17314      39412
  22.95708      3.87074   28.30069    0.18208      39503
  22.96708      3.86908   28.28345    0.19199      39318
  22.97707      3.86742   28.25705    0.18477      39406
  22.98707      3.86576   28.27195    0.20436      39575
  22.99707      3.86410   28.25985    0.18803      39437
  23.00707      3.86244   28.24666    0.18028      39528
  23.01707      3.86079   28.22399    0.18115      39631
  23.02707      3.85914   28.20935    0.19464      39499
  23.03706      3.85748   28.21643    0.18607      39683
  23.04706      3.85583   28.19240    0.19288      39557
  23.05706      3.85418   28.19330    0.18812      39667
  23.06706      3.85253   28.14861    0.18063      39443
  23.07706      3.85089   28.15809    0.17388      39691
  23.08705      3.84924   28.14362    0.17707      39664
  23.09705      3.84760   28.13111    0.20384      39729
  23.10705      3.84596   28.11260    0.19032      39831
  23.11705      3.84432   28.09346    0.18391      39606
  23.12705      3.84268   28.09338    0.18267      39835
  23.13705      3.84104   28.08553    0.19112      39969
  23.14704      3.83940   28.05652    0.18222      39613
  23.15704      3.83777   28.06239    0.17389      39753
  23.16704      3.83613   28.04088    0.20542      39889
  23.17704      3.83450   28.03816    0.17503      39907
  23.18704      3.83287   28.00088    0.18506      39763
  23.19704      3.83124   28.00119    0.19346      40139
  23.20703      3.82961   27.97875    0.18494      39694
  23.21703      3.82799   27.95181    0.18257      39994
  23.22703      3.82636   27.95036    0.17821      39881
  23.23703      3.82474   27.92152    0.17769      39889
  23.24703      3.82312   27.91440    0.18566      40096
  23.25703      3.82149   27.92594    0.18225      40137
  23.26702      3.81988   27.88871    0.18954      40056
  23.27702      3.81826   27.89605    0.19076      40004
  23.28702      3.81664   27.85714    0.17838      40102
  23.29702      3.81502   27.85666    0.18014      40036
  23.30702      3.81341   27.84458    0.18867      40261
  23.31702      3.81180   27.82358    0.19030      40100
  23.32701      3.81019   27.83542    0.17742      39996
  23.33701      3.80858   27.80372    0.19499      40288
  23.34701      3.80697   27.78194    0.16806      40318
  23.35701      3.80536   27.75338    0.17875      40221
  23.36701      3.80376   27.78583    0.19255      40138
  23.37701      3.80215   27.72625    0.17669      40342
  23.38700      3.80055   27.72367    0.19569      40282
  23.39700      3.79895   27.72221    0.17460      40347
  23.40700      3.79735   27.70288    0.18101      40461
  23.41700      3.79575   27.69318    0.17845      40165
  23.42700      3.79415   27.70416    0.17860      40369
  23.43700      3.79256   27.65594    0.20776      40563
  23.44699      3.79096   27.66520    0.17483      40351
  23.45699      3.78937   27.66016    0.18570      40410
  23.46699      3.78778   27.63633    0.17403      40653
  23.47699      3.78619   27.64242    0.18082      40287
  23.48699      3.78460   27.64630    0.17795      40552
  23.49698      3.78301   27.59007    0.19599      40562
  23.50698      3.78142   27.61281    0.17978      40525
  23.51698      3.77984   27.60187    0.18754      40505
  23.52698      3.77825   27.57572    0.17675      40589
  23.53698      3.77667   27.58985    0.17194      40411
  23.54698      3.77509   27.56191    0.18568      40772
  23.55697      3.77351   27.53477    0.18165      40637
  23.56697      3.77193   27.57101    0.17644      40505
  23.57697      3.77036   27.54252    0.19065      40756
  23.58697      3.76878   27.51374    0.18509      40720
  23.59697      3.76721   27.54358    0.17261      40607
  23.60697      3.76563   27.49688    0.20850      40710
  23.61696      3.76406   27.48929    0.16950      40798
  23.62696      3.76249   27.52839    0.17342      40687
  23.63696      3.76092   27.50719    0.18424      40812
  23.64696      3.75935   27.48474    0.18166      40709
  23.65696      3.75779   27.49367    0.18102      40654
  23.66696      3.75622   27.45333    0.18279      40813
  23.67695      3.75466   27.46276    0.17633      40740
  23.68695      3.75310   27.45783    0.16779      40592
  23.69695      3.75154   27.41974    0.18535      40955
  23.70695      3.74998   27.42488    0.18027      40764
  23.71695      3.74842   27.43225    0.18507      40726
  23.72695      3.74686   27.39862    0.19947      41089
  23.73694      3.74531   27.38907    0.17835      40762
  23.74694      3.74375   27.38591    0.16839      40889
  23.75694      3.74220   27.35764    0.18160      41084
  23.76694      3.74065   27.37448    0.18154      40896
  23.77694      3.73910   27.35792    0.18142      40835
  23.78694      3.73755   27.34765    0.18954      41040
  23.79693      3.73600   27.32595    0.16572      40815
  23.80693      3.73445   27.31318    0.18917      41081
  23.81693      3.73291   27.30557    0.18038      41015
  23.82693      3.73136   27.31608    0.18007      40800
  23.83693      3.72982   27.27053    0.17449      40913
  23.84692      3.72828   27.26972    0.18677      41222
  23.85692      3.72674   27.26150    0.16810      40844
  23.86692      3.72520   27.23494    0.17718      41176
  23.87692      3.72367   27.23322    0.18586      41173
  23.88692      3.72213   27.22936    0.18168      40822
  23.89692      3.72059   27.21761    0.18078      41182
  23.90691      3.71906   27.21540    0.18641      41327
  23.91691      3.71753   27.20236    0.18970      41067
  23.92691      3.71600   27.18077    0.16439      41277
  23.93691      3.71447   27.17637    0.19345      41092
  23.94691      3.71294   27.19405    0.16346      40880
  23.95691      3.71141   27.17475    0.17775      41485
  23.96690      3.70989   27.15294    0.18128      40963
  23.97690      3.70836   27.15942    0.17847      41035
  23.98690      3.70684   27.14242    0.17985      41340
  23.99690      3.70532   27.15908    0.18117      41134
  24.00690      3.70380   27.13751    0.17636      41205
  24.01690      3.70228   27.12604    0.18261      41418
  24.02689      3.70076   27.12255    0.17472      41161
  24.03689      3.69924   27.12587    0.17107      41255
  24.04689      3.69773   27.10820    0.19481      41538
  24.05689      3.69621   27.10806    0.17906      41389
  24.06689      3.69470   27.09691    0.18690      41302
  24.07689      3.69319   27.11749    0.16110      41526
  24.08688      3.69168   27.09888    0.18447      41283
  24.09688      3.69017   27.09150    0.17102      41386
  24.10688      3.68866   27.08822    0.18162      41464
  24.11688      3.68716   27.08290    0.18856      41220
  24.12688      3.68565   27.06673    0.18292      41257
  24.13688      3.68415   27.06356    0.16515      41500
  24.14687      3.68264   27.06468    0.17533      41537
  24.15687      3.68114   27.04673    0.17026      41303
  24.16687      3.67964   27.04754    0.18053      41640
  24.17687      3.67814   27.03092    0.18151      41459
  24.18687      3.67664   27.01786    0.18504      41445
  24.19687      3.67515   27.01579    0.17291      41570
  24.20686      3.67365   27.00953    0.18605      41552
  24.21686      3.67216   26.99619    0.18471      41483
  24.22686      3.67067   26.97428    0.17822      41535
  24.23686      3.66917   26.96381    0.16793      41830
  24.24686      3.66768   26.96156    0.17614      41516
  24.25685      3.66619   26.95889    0.17461      41630
  24.26685      3.66471   26.93038    0.17826      41520
  24.27685      3.66322   26.93167    0.17396      41605
  24.28685      3.66173   26.91078    0.17222      41605
  24.29685      3.66025   26.89792    0.17603      41638
  24.30685      3.65877   26.89059    0.17200      41728
  24.31684      3.65729   26.87651    0.17801      41597
  24.32684      3.65581   26.85657    0.19723      41582
  24.33684      3.65433   26.84558    0.16754      41873
  24.34684      3.65285   26.83419    0.18391      41782
  24.35684      3.65137   26.83429    0.16591      41899
  24.36684      3.64990   26.82498    0.17638      41818
  24.37683      3.64842   26.80006    0.17625      41871
  24.38683      3.64695   26.79764    0.18181      41670
  24.39683      3.64548   26.79879    0.17658      41890
  24.40683      3.64401   26.76917    0.18248      41817
  24.41683      3.64254   26.78117    0.16256      41849
  24.42683      3.64107   26.76543    0.19544      41659
  24.43682      3.63960   26.75819    0.17424      41788
  24.44682      3.63813   26.74846    0.16391      41830
  24.45682      3.63667   26.73657    0.17853      42026
  24.46682      3.63521   26.72891    0.17203      42117
  24.47682      3.63374   26.71998    0.17597      41684
  24.48682      3.63228   26.71610    0.17494      41930
  24.49681      3.63082   26.71249    0.17959      42100
  24.50681      3.62936   26.70458    0.17439      41842
  24.51681      3.62791   26.68025    0.18177      42076
  24.52681      3.62645   26.68168    0.18448      42014
  24.53681      3.62500   26.67076    0.18436      41862
  24.54681      3.62354   26.65742    0.16363      42301
  24.55680      3.62209   26.66335    0.16548      42058
  24.56680      3.62064   26.66399    0.16524      41853
  24.57680      3.61919   26.62777    0.18007      42070
  24.58680      3.61774   26.63160    0.17918      42022
  24.59680      3.61629   26.62353    0.17630      42013
  24.60680      3.61484   26.60797    0.17173      42317
  24.61679      3.61340   26.61188    0.17699      41844
  24.62679      3.61195   26.57700    0.17524      42303
  24.63679      3.61051   26.57646    0.17407      42083
  24.64679      3.60907   26.56936    0.18748      42217
  24.65679      3.60763   26.55160    0.16198      42252
  24.66678      3.60619   26.54138    0.18046      42276
  24.67678      3.60475   26.53531    0.17811      42010
  24.68678      3.60331   26.51943    0.17718      42418
  24.69678      3.60188   26.51689    0.17148      42388
  24.70678      3.60044   26.50307    0.16782      42213
  24.71678      3.59901   26.49664    0.16831      42293
  24.72677      3.59757   26.49828    0.20031      42179
  24.73677      3.59614   26.47379    0.18084      42043
  24.74677      3.59471   26.47014    0.16530      42407
  24.75677      3.59328   26.45800    0.15913      42278
  24.76677      3.59186   26.45033    0.16232      42423
  24.77677      3.59043   26.43311    0.17565      42418
  24.78676      3.58900   26.43823    0.18411      42303
  24.79676      3.58758   26.43613    0.19089      42422
  24.80676      3.58616   26.40842    0.16629      42469
  24.81676      3.58473   26.40294    0.17456      42490
  24.82676      3.58331   26.37958    0.17597      42400
  24.83676      3.58189   26.38668    0.19433      42460
  24.84675      3.58047   26.37798    0.16747      42369
  24.85675      3.57906   26.35663    0.15676      42828
  24.86675      3.57764   26.34914    0.17816      42471
  24.87675      3.57622   26.34400    0.17413      42342
  24.88675      3.57481   26.32169    0.17131      42345
  24.89675      3.57340   26.31353    0.17015      42626
  24.90674      3.57199   26.31122    0.16914      42306
  24.91674      3.57058   26.28946    0.16373      42674
  24.92674      3.56917   26.28106    0.19068      42655
  24.93674      3.56776   26.26057    0.18056      42445
  24.94674      3.56635   26.24458    0.17952      42578
  24.95674      3.56494   26.24937    0.15688      42847
  24.96673      3.56354   26.21985    0.16693      42726
  24.97673      3.56214   26.21899    0.18692      42710
  24.98673      3.56073   26.20207    0.17241      42477
  24.99673      3.55933   26.18602    0.17837      42711
  25.00673      3.55793   26.17170    0.17084      42851
  25.01673      3.55653   26.16873    0.17011      42788
  25.02672      3.55513   26.15645    0.16902      42632
  25.03672      3.55374   26.15125    0.18396      42481
  25.04672      3.55234   26.13553    0.16639      42662
  25.05672      3.55095   26.11861    0.16391      42803
  25.06672      3.54955   26.10438    0.16618      42833
  25.07671      3.54816   26.11839    0.17069      42538
  25.08671      3.54677   26.10026    0.17542      42909
  25.09671      3.54538   26.09250    0.17172      42764
  25.10671      3.54399   26.10420    0.16935      42810
  25.11671      3.54260   26.07485    0.17142      43025
  25.12671      3.54121   26.07811    0.19434      42865
  25.13670      3.53983   26.05970    0.17299      42809
  25.14670      3.53844   26.05782    0.17861      43112
  25.15670      3.53706   26.05696    0.16764      42736
  25.16670      3.53568   26.06000    0.15201      43093
  25.17670      3.53429   26.04295    0.17858      42935
  25.18670      3.53291   26.04576    0.17373      42799
  25.19669      3.53153   26.02936    0.17368      42944
  25.20669      3.53016   26.01792    0.16696      43064
  25.21669      3.52878   26.00440    0.17111      42810
  25.22669      3.52740   26.01681    0.16837      43042
  25.23669      3.52603   25.99820    0.17469      42972
  25.24669      3.52466   25.97898    0.16850      43249
  25.25668      3.52328   25.97242    0.16934      43104
  25.26668      3.52191   25.95867    0.17085      42982
  25.27668      3.52054   25.96245    0.17629      43023
  25.28668      3.51917   25.93008    0.17109      43223
  25.29668      3.51780   25.93872    0.16574      43214
  25.30668      3.51644   25.90821    0.17878      43107
  25.31667      3.51507   25.90030    0.16944      43372
  25.32667      3.51370   25.89200    0.16856      43024
  25.33667      3.51234   25.88819    0.17117      43232
  25.34667      3.51098   25.86578    0.18110      42942
  25.35667      3.50962   25.85741    0.16222      43212
  25.36667      3.50826   25.84703    0.15354      43134
  25.37666      3.50690   25.83828    0.17072      43267
  25.38666      3.50554   25.81088    0.16480      43264
  25.39666      3.50418   25.81756    0.18123      43363
  25.40666      3.50282   25.79623    0.17018      43148
  25.41666      3.50147   25.78636    0.17691      43487
  25.42666      3.50011   25.78224    0.17781      43296
  25.43665      3.49876   25.78030    0.16036      43326
  25.44665      3.49741   25.75185    0.18794      43249
  25.45665      3.49606   25.75303    0.17521      43583
  25.46665      3.49471   25.74148    0.16087      43465
  25.47665      3.49336   25.74441    0.15815      43293
  25.48664      3.49201   25.72443    0.17090      43555
  25.49664      3.49066   25.71756    0.16793      43201
  25.50664      3.48932   25.70830    0.17541      43204
  25.51664      3.48797   25.70538    0.16183      43375
  25.52664      3.48663   25.70025    0.16495      43518
  25.53664      3.48529   25.68245    0.17536      43446
  25.54663      3.48395   25.68506    0.16687      43602
  25.55663      3.48261   25.65848    0.17113      43557
  25.56663      3.48127   25.66734    0.16635      43384
  25.57663      3.47993   25.65615    0.17245      43498
  25.58663      3.47859   25.62752    0.16082      43681
  25.59663      3.47726   25.63206    0.17387      43584
  25.60662      3.47592   25.61207    0.18144      43686
  25.61662      3.47459   25.60227    0.17632      43443
  25.62662      3.47325   25.60566    0.16538      43542
  25.63662      3.47192   25.59346    0.16078      43713
  25.64662      3.47059   25.56559    0.16820      43701
  25.65662      3.46926   25.56732    0.18050      43380
  25.66661      3.46793   25.55507    0.15698      43736
  25.67661      3.46660   25.53612    0.15796      43510
  25.68661      3.46528   25.54632    0.16333      43598
  25.69661      3.46395   25.49405    0.16876      43872
  25.70661      3.46263   25.52018    0.17775      43690
  25.71661      3.46130   25.49599    0.16911      43848
  25.72660      3.45998   25.48168    0.18042      43799
  25.73660      3.45866   25.46902    0.15775      43582
  25.74660      3.45734   25.45982    0.17817      43882
  25.75660      3.45602   25.44787    0.17500      44033
  25.76660      3.45470   25.44774    0.16277      43716
  25.77660      3.45338   25.43529    0.16455      44165
  25.78659      3.45207   25.41133    0.16131      43609
  25.79659      3.45075   25.40417    0.16857      43852
  25.80659      3.44944   25.40445    0.17472      43962
  25.81659      3.44813   25.39066    0.16542      43533
  25.82659      3.44681   25.37770    0.15848      44027
  25.83658      3.44550   25.36079    0.16479      43986
  25.84658      3.44419   25.35456    0.16732      43600
  25.85658      3.44288   25.35091    0.17203      44102
  25.86658      3.44157   25.32189    0.16354      44044
  25.87658      3.44027   25.32945    0.16434      43845
  25.88658      3.43896   25.31721    0.16684      44302
  25.89657      3.43766   25.29623    0.16899      43968
  25.90657      3.43635   25.30388    0.17162      43874
  25.91657      3.43505   25.28062    0.16998      44185
  25.92657      3.43375   25.26837    0.16148      44031
  25.93657      3.43245   25.26270    0.18175      44197
  25.94657      3.43115   25.26448    0.17147      44295
  25.95656      3.42985   25.24004    0.15836      43898
  25.96656      3.42855   25.23542    0.15629      44036
  25.97656      3.42725   25.22253    0.16044      44082
  25.98656      3.42596   25.23372    0.16210      43899
  25.99656      3.42466   25.19942    0.16487      44337
  26.00656      3.42337   25.20364    0.16917      44065
  26.01655      3.42207   25.19582    0.17489      44243
  26.02655      3.42078   25.17295    0.16814      44148
  26.03655      3.41949   25.17176    0.16182      44368
  26.04655      3.41820   25.17006    0.17962      44170
  26.05655      3.41691   25.15712    0.16436      44414
  26.06655      3.41562   25.15613    0.16407      44010
  26.07654      3.41434   25.13937    0.15972      44489
  26.08654      3.41305   25.14005    0.16906      44355
  26.09654      3.41177   25.12151    0.17482      44232
  26.10654      3.41048   25.11726    0.16050      44546
  26.11654      3.40920   25.10085    0.16009      44202
  26.12654      3.40792   25.11389    0.16675      43879
  26.13653      3.40664   25.09643    0.15932      44651
  26.14653      3.40536   25.08161    0.16571      44366
  26.15653      3.40408   25.08847    0.17548      44147
  26.16653      3.40280   25.08850    0.16442      44641
  26.17653      3.40152   25.05575    0.14896      44186
  26.18653      3.40025   25.05208    0.16194      44637
  26.19652      3.39897   25.05411    0.17339      44661
  26.20652      3.39770   25.04204    0.17487      44245
  26.21652      3.39642   25.03566    0.17146      44584
  26.22652      3.39515   25.03359    0.16195      44631
  26.23652      3.39388   25.01678    0.16313      44238
  26.24651      3.39261   25.01582    0.18513      44873
  26.25651      3.39134   25.00115    0.16383      44457
  26.26651      3.39007   24.99138    0.15652      44682
  26.27651      3.38881   24.99522    0.16091      44467
  26.28651      3.38754   24.97962    0.15338      44464
  26.29651      3.38627   24.96475    0.15770      44653
  26.30650      3.38501   24.96737    0.16025      44637
  26.31650      3.38375   24.94768    0.17451      44588
  26.32650      3.38248   24.95673    0.16403      44672
  26.33650      3.38122   24.91942    0.16743      44713
  26.34650      3.37996   24.93859    0.16868      44589
  26.35650      3.37870   24.90930    0.17945      44776
  26.36649      3.37744   24.88750    0.15699      44931
  26.37649      3.37619   24.88602    0.15752      44552
  26.38649      3.37493   24.87350    0.17832      45081
  26.39649      3.37368   24.87744    0.15134      44687
  26.40649      3.37242   24.86023    0.17632      44616
  26.41649      3.37117   24.84457    0.16829      45037
  26.42648      3.36991   24.84426    0.16442      44851
  26.43648      3.36866   24.81759    0.15813      44729
  26.44648      3.36741   24.82498    0.15221      44669
  26.45648      3.36616   24.81294    0.16982      44820
  26.46648      3.36491   24.77580    0.16391      44800
  26.47648      3.36366   24.80116    0.15730      45044
  26.48647      3.36242   24.78148    0.16733      44741
  26.49647      3.36117   24.76166    0.15680      45030
  26.50647      3.35993   24.76590    0.16152      44847
  26.51647      3.35868   24.74795    0.16215      44958
  26.52647      3.35744   24.73946    0.18264      45091
  26.53647      3.35620   24.72676    0.16963      44919
  26.54646      3.35495   24.72723    0.16077      45145
  26.55646      3.35371   24.70848    0.16375      45031
  26.56646      3.35247   24.70575    0.17028      45207
  26.57646      3.35124   24.68701    0.15005      45031
  26.58646      3.35000   24.68313    0.16582      44766
  26.59646      3.34876   24.66101    0.15854      44878
  26.60645      3.34753   24.65570    0.14588      45158
  26.61645      3.34629   24.64892    0.16784      45148
  26.62645      3.34506   24.63973    0.17693      44996
  26.63645      3.34382   24.62115    0.16274      45203
  26.64645      3.34259   24.61091    0.16119      45130
  26.65644      3.34136   24.59322    0.15973      44989
  26.66644      3.34013   24.58865    0.15818      45329
  26.67644      3.33890   24.57315    0.16685      45387
  26.68644      3.33767   24.56167    0.16683      45074
  26.69644      3.33645   24.53628    0.15964      45327
  26.70644      3.33522   24.53054    0.16404      45186
  26.71643      3.33399   24.51774    0.16090      45512
  26.72643      3.33277   24.49849    0.16333      45352
  26.73643      3.33155   24.47796    0.16939      45084
  26.74643      3.33032   24.48145    0.16016      45307
  26.75643      3.32910   24.46713    0.15954      45126
  26.76643      3.32788   24.45610    0.14911      45269
  26.77642      3.32666   24.44335    0.16669      45349
  26.78642      3.32544   24.42903    0.15566      45562
  26.79642      3.32422   24.40215    0.15456      45237
  26.80642      3.32301   24.40208    0.16347      45347
  26.81642      3.32179   24.38590    0.16532      45483
  26.82642      3.32058   24.38660    0.17467      45414
  26.83641      3.31936   24.37319    0.16332      45462
  26.84641      3.31815   24.35246    0.15855      45537
  26.85641      3.31693   24.35030    0.17385      45423
  26.86641      3.31572   24.33139    0.16191      45569
  26.87641      3.31451   24.31430    0.15729      45549
  26.88641      3.31330   24.31202    0.15626      45404
  26.89640      3.31209   24.30349    0.15582      45668
  26.90640      3.31089   24.28324    0.16581      45373
  26.91640      3.30968   24.27701    0.14659      45352
  26.92640      3.30847   24.28202    0.15948      45731
  26.93640      3.30727   24.25184    0.16429      45484
  26.94640      3.30606   24.25968    0.15914      45639
  26.95639      3.30486   24.24925    0.16601      45515
  26.96639      3.30366   24.24415    0.17282      45547
  26.97639      3.30245   24.22949    0.15299      45929
  26.98639      3.30125   24.21301    0.15669      45681
  26.99639      3.30005   24.20142    0.15476      45648
  27.00639      3.29885   24.20144    0.16775      45835
  27.01638      3.29766   24.19199    0.16277      45693
  27.02638      3.29646   24.19392    0.16884      45669
  27.03638      3.29526   24.18309    0.16354      46024
  27.04638      3.29407   24.17768    0.15378      45646
  27.05638      3.29287   24.16187    0.16278      45670
  27.06637      3.29168   24.14867    0.15023      45838
  27.07637      3.29049   24.15040    0.16112      45408
  27.08637      3.28929   24.14009    0.14778      46004
  27.09637      3.28810   24.12272    0.15192      45779
  27.10637      3.28691   24.12119    0.16819      45762
  27.11637      3.28572   24.11592    0.16042      46051
  27.12636      3.28454   24.10451    0.16623      45898
  27.13636      3.28335   24.09788    0.15761      45809
  27.14636      3.28216   24.09110    0.15858      46244
  27.15636      3.28098   24.08041    0.16238      45529
  27.16636      3.27979   24.06136    0.17332      46153
  27.17636      3.27861   24.05540    0.15935      46055
  27.18635      3.27742   24.03633    0.15531      45889
  27.19635      3.27624   24.04194    0.14961      46387
  27.20635      3.27506   24.02095    0.16016      45833
  27.21635      3.27388   24.01174    0.16049      46048
  27.22635      3.27270   24.00502    0.15751      45933
  27.23635      3.27152   23.99391    0.15928      45784
  27.24634      3.27034   23.98700    0.16247      46105
  27.25634      3.26917   23.97893    0.15388      46300
  27.26634      3.26799   23.95553    0.14773      45850
  27.27634      3.26682   23.95901    0.17121      46306
  27.28634      3.26564   23.94575    0.15912      46071
  27.29634      3.26447   23.93280    0.15060      46058
  27.30633      3.26330   23.94853    0.16227      46437
  27.31633      3.26212   23.89977    0.17193      46266
  27.32633      3.26095   23.91669    0.15627      46126
  27.33633      3.25978   23.89751    0.16429      46448
  27.34633      3.25861   23.90305    0.15606      45897
  27.35633      3.25745   23.89020    0.16424      46551
  27.36632      3.25628   23.86744    0.15488      46201
  27.37632      3.25511   23.87173    0.17317      46081
  27.38632      3.25395   23.87159    0.13829      46339
  27.39632      3.25278   23.85934    0.15146      46165
  27.40632      3.25162   23.82929    0.15555      46234
  27.41631      3.25045   23.83926    0.15019      46735
  27.42631      3.24929   23.82328    0.17055      46052
  27.43631      3.24813   23.81890    0.15911      46417
  27.44631      3.24697   23.81415    0.15638      46530
  27.45631      3.24581   23.76607    0.17307      46175
  27.46631      3.24465   23.79606    0.14756      46732
  27.47630      3.24349   23.75900    0.15950      46579
  27.48630      3.24234   23.75218    0.15971      46211
  27.49630      3.24118   23.74441    0.16325      46696
  27.50630      3.24002   23.74349    0.15273      46369
  27.51630      3.23887   23.70386    0.16546      46561
  27.52630      3.23772   23.71786    0.15623      46640
  27.53629      3.23656   23.67771    0.15308      46370
  27.54629      3.23541   23.66875    0.14820      46361
  27.55629      3.23426   23.67873    0.15085      46755
  27.56629      3.23311   23.64135    0.15712      46137
  27.57629      3.23196   23.65309    0.16944      46841
  27.58629      3.23081   23.61920    0.15107      46582
  27.59628      3.22966   23.62580    0.15268      46618
  27.60628      3.22852   23.61296    0.15919      46859
  27.61628      3.22737   23.59182    0.16161      46535
  27.62628      3.22622   23.57831    0.15482      46780
  27.63628      3.22508   23.58091    0.15951      46705
  27.64628      3.22394   23.57082    0.16365      46598
  27.65627      3.22279   23.55414    0.15975      46718
  27.66627      3.22165   23.55060    0.16172      46911
  27.67627      3.22051   23.52703    0.15271      46521
  27.68627      3.21937   23.54097    0.14393      46988
  27.69627      3.21823   23.50052    0.15898      46668
  27.70627      3.21709   23.50170    0.14769      46777
  27.71626      3.21595   23.50589    0.15658      46771
  27.72626      3.21482   23.49381    0.16122      46688
  27.73626      3.21368   23.48435    0.15170      46909
  27.74626      3.21255   23.46877    0.16050      46706
  27.75626      3.21141   23.47274    0.15139      47039
  27.76626      3.21028   23.44666    0.16281      46869
  27.77625      3.20914   23.43763    0.15931      46921
  27.78625      3.20801   23.43448    0.15363      46864
  27.79625      3.20688   23.41945    0.15727      47193
  27.80625      3.20575   23.40877    0.15871      46932
  27.81625      3.20462   23.39411    0.14541      47008
  27.82624      3.20349   23.38986    0.17201      46956
  27.83624      3.20236   23.35764    0.15479      47054
  27.84624      3.20124   23.37562    0.15814      47024
  27.85624      3.20011   23.34812    0.14629      46942
  27.86624      3.19899   23.33838    0.15623      46878
  27.87624      3.19786   23.31839    0.15331      47243
  27.88623      3.19674   23.31646    0.14207      47043
  27.89623      3.19561   23.30214    0.14864      47038
  27.90623      3.19449   23.29487    0.15865      47226
  27.91623      3.19337   23.28057    0.16499      47157
  27.92623      3.19225   23.25320    0.15306      47040
  27.93623      3.19113   23.24979    0.16099      47031
  27.94622      3.19001   23.24547    0.15940      47233
  27.95622      3.18889   23.22617    0.15376      47425
  27.96622      3.18778   23.21097    0.15520      47277
  27.97622      3.18666   23.21130    0.16322      47247
  27.98622      3.18554   23.17967    0.15205      47478
  27.99622      3.18443   23.17349    0.15752      47095
  28.00621      3.18331   23.16590    0.15151      47257
  28.01621      3.18220   23.14616    0.13922      47278
  28.02621      3.18109   23.13351    0.15113      47223
  28.03621      3.17998   23.13004    0.16186      47225
  28.04621      3.17887   23.11147    0.14662      47274
  28.05621      3.17776   23.10731    0.16119      47402
  28.06620      3.17665   23.09658    0.15330      47511
  28.07620      3.17554   23.07717    0.14626      47354
  28.08620      3.17443   23.06231    0.16019      47461
  28.09620      3.17332   23.06862    0.15251      47281
  28.10620      3.17222   23.05366    0.14081      47652
  28.11620      3.17111   23.02936    0.17257      47466
  28.12619      3.17001   23.02354    0.16446      47385
  28.13619      3.16890   23.00764    0.14902      47644
  28.14619      3.16780   23.00935    0.17251      47520
  28.15619      3.16670   22.99623    0.14725      47414
  28.16619      3.16560   22.98748    0.15029      47426
  28.17619      3.16450   22.98125    0.14465      47606
  28.18618      3.16340   22.96353    0.14197      47725
  28.19618      3.16230   22.96402    0.15907      47465
  28.20618      3.16120   22.93541    0.15416      47461
  28.21618      3.16010   22.94910    0.15147      47735
  28.22618      3.15901   22.92843    0.14096      47540
  28.23617      3.15791   22.92686    0.16208      47697
  28.24617      3.15681   22.90507    0.16773      47578
  28.25617      3.15572   22.91292    0.15054      47762
  28.26617      3.15463   22.88474    0.14810      47835
  28.27617      3.15353   22.88429    0.16480      47609
  28.28617      3.15244   22.88300    0.14749      47713
  28.29616      3.15135   22.86012    0.16494      47790
  28.30616      3.15026   22.86725    0.14811      47979
  28.31616      3.14917   22.83720    0.14934      47574
  28.32616      3.14808   22.84333    0.15096      47957
  28.33616      3.14699   22.81723    0.14952      47532
  28.34616      3.14591   22.81865    0.15193      47944
  28.35615      3.14482   22.80133    0.16093      47491
  28.36615      3.14373   22.79707    0.13371      47945
  28.37615      3.14265   22.78986    0.16019      48001
  28.38615      3.14157   22.76800    0.15165      47805
  28.39615      3.14048   22.77414    0.14918      47984
  28.40615      3.13940   22.76003    0.15806      47868
  28.41614      3.13832   22.75767    0.15937      47955
  28.42614      3.13724   22.74363    0.14438      47998
  28.43614      3.13616   22.72188    0.14921      47998
  28.44614      3.13508   22.72521    0.16117      48090
  28.45614      3.13400   22.70863    0.15976      47980
  28.46614      3.13292   22.71073    0.15169      48068
  28.47613      3.13184   22.69858    0.15601      47975
  28.48613      3.13077   22.69466    0.14543      48151
  28.49613      3.12969   22.68095    0.14295      47918
  28.50613      3.12861   22.67892    0.14803      48114
  28.51613      3.12754   22.67616    0.14745      47821
  28.52613      3.12647   22.64904    0.14643      48076
  28.53612      3.12539   22.66511    0.15383      48350
  28.54612      3.12432   22.63933    0.16000      48018
  28.55612      3.12325   22.65149    0.15491      48335
  28.56612      3.12218   22.63304    0.14927      48271
  28.57612      3.12111   22.62371    0.13773      47987
  28.58612      3.12004   22.61935    0.16155      48510
  28.59611      3.11897   22.61348    0.15484      48306
  28.60611      3.11791   22.60780    0.15469      48091
  28.61611      3.11684   22.59950    0.15454      48417
  28.62611      3.11577   22.58985    0.15816      48221
  28.63611      3.11471   22.58018    0.15287      48319
  28.64610      3.11364   22.58687    0.13621      48524
  28.65610      3.11258   22.55114    0.14997      47976
  28.66610      3.11152   22.56484    0.15027      48478
  28.67610      3.11046   22.55380    0.14931      48328
  28.68610      3.10939   22.54082    0.14037      48281
  28.69610      3.10833   22.54393    0.15816      48332
  28.70609      3.10727   22.52759    0.14737      48263
  28.71609      3.10621   22.52052    0.14505      48645
  28.72609      3.10516   22.51774    0.15464      48414
  28.73609      3.10410   22.51146    0.15123      48495
  28.74609      3.10304   22.49219    0.16992      48638
  28.75609      3.10199   22.49471    0.15620      48437
  28.76608      3.10093   22.48550    0.14063      48510
  28.77608      3.09988   22.47961    0.15099      48736
  28.78608      3.09882   22.46562    0.14874      48462
  28.79608      3.09777   22.46089    0.16018      48640
  28.80608      3.09672   22.45385    0.14266      48604
  28.81608      3.09566   22.45019    0.14500      48438
  28.82607      3.09461   22.42786    0.14973      48459
  28.83607      3.09356   22.43337    0.14408      48609
  28.84607      3.09251   22.41291    0.14989      48332
  28.85607      3.09146   22.42992    0.15091      48916
  28.86607      3.09042   22.39250    0.14638      48546
  28.87607      3.08937   22.39138    0.14861      48904
  28.88606      3.08832   22.39584    0.16117      48789
  28.89606      3.08728   22.38170    0.14489      48579
  28.90606      3.08623   22.37157    0.15773      49164
  28.91606      3.08519   22.37413    0.14089      48659
  28.92606      3.08414   22.36174    0.15378      48790
  28.93606      3.08310   22.35684    0.15099      49029
  28.94605      3.08206   22.33559    0.16303      48507
  28.95605      3.08102   22.33559    0.15991      48895
  28.96605      3.07998   22.31826    0.13452      48893
  28.97605      3.07894   22.32522    0.14343      48668
  28.98605      3.07790   22.31054    0.14409      48924
  28.99605      3.07686   22.30274    0.14372      48815
  29.00604      3.07582   22.30463    0.14608      48675
  29.01604      3.07478   22.29324    0.16009      49143
  29.02604      3.07375   22.27695    0.14049      48783
  29.03604      3.07271   22.28015    0.15220      49103
  29.04604      3.07168   22.27522    0.16309      49064
  29.05603      3.07064   22.26790    0.15265      48973
  29.06603      3.06961   22.26968    0.13564      49177
  29.07603      3.06858   22.24941    0.15475      48996
  29.08603      3.06754   22.26397    0.15568      49030
  29.09603      3.06651   22.24068    0.15439      49342
  29.10603      3.06548   22.23848    0.15081      48921
  29.11602      3.06445   22.23209    0.14422      49045
  29.12602      3.06342   22.22815    0.14226      49179
  29.13602      3.06239   22.22331    0.13888      48904
  29.14602      3.06137   22.23248    0.14601      49340
  29.15602      3.06034   22.20835    0.16085      48990
  29.16602      3.05931   22.22066    0.13921      49079
  29.17601      3.05829   22.21785    0.14889      49373
  29.18601      3.05726   22.20223    0.15210      48960
  29.19601      3.05624   22.20942    0.13962      49300
  29.20601      3.05521   22.20788    0.15660      49186
  29.21601      3.05419   22.20863    0.15199      49375
  29.22601      3.05317   22.19198    0.14605      49404
  29.23600      3.05215   22.20135    0.14919      49250
  29.24600      3.05113   22.18534    0.16092      49376
  29.25600      3.05011   22.18633    0.15587      49375
  29.26600      3.04909   22.17075    0.14600      49332
  29.27600      3.04807   22.18586    0.13862      49476
  29.28600      3.04705   22.17722    0.15190      49253
  29.29599      3.04603   22.15750    0.13661      49272
  29.30599      3.04502   22.15485    0.15153      49456
  29.31599      3.04400   22.16739    0.14071      49370
  29.32599      3.04299   22.15620    0.14485      49476
  29.33599      3.04197   22.14395    0.14733      49445
  29.34599      3.04096   22.14254    0.15170      49289
  29.35598      3.03995   22.13232    0.15369      49582
  29.36598      3.03893   22.12686    0.14406      49502
  29.37598      3.03792   22.11388    0.14615      49637
  29.38598      3.03691   22.10699    0.15450      49683
  29.39598      3.03590   22.10467    0.15015      49477
  29.40597      3.03489   22.10917    0.14352      49660
  29.41597      3.03388   22.09919    0.15250      49685
  29.42597      3.03288   22.07526    0.14661      49614
  29.43597      3.03187   22.05944    0.15484      49640
  29.44597      3.03086   22.06955    0.14999      49591
  29.45597      3.02985   22.04797    0.13883      49549
  29.46596      3.02885   22.07282    0.13439      49701
  29.47596      3.02784   22.04116    0.14085      49577
  29.48596      3.02684   22.03073    0.15440      49594
  29.49596      3.02584   22.02633    0.14592      49953
  29.50596      3.02484   22.02461    0.15012      49693
  29.51596      3.02383   22.00918    0.14859      49797
  29.52595      3.02283   22.01697    0.14450      49895
  29.53595      3.02183   22.00163    0.14612      49632
  29.54595      3.02083   21.98533    0.15399      50019
  29.55595      3.01983   21.98364    0.15045      49859
  29.56595      3.01883   21.97434    0.14217      49911
  29.57595      3.01784   21.98023    0.14554      49964
  29.58594      3.01684   21.96603    0.15899      49910
  29.59594      3.01584   21.95829    0.15320      49715
  29.60594      3.01485   21.94571    0.14173      50072
  29.61594      3.01385   21.94862    0.13052      49924
  29.62594      3.01286   21.94695    0.15142      49795
  29.63594      3.01186   21.92976    0.13598      49935
  29.64593      3.01087   21.93585    0.15762      49892
  29.65593      3.00988   21.91523    0.15582      49942
  29.66593      3.00889   21.91855    0.13702      50232
  29.67593      3.00790   21.91297    0.14398      49987
  29.68593      3.00691   21.92222    0.14527      50168
  29.69593      3.00592   21.90210    0.14303      50081
  29.70592      3.00493   21.89592    0.15443      49887
  29.71592      3.00394   21.90288    0.15601      50356
  29.72592      3.00295   21.88241    0.13863      50182
  29.73592      3.00196   21.90123    0.15972      50153
  29.74592      3.00098   21.88167    0.14581      50291
  29.75592      2.99999   21.87417    0.15707      49893
  29.76591      2.99901   21.87917    0.13242      50346
  29.77591      2.99802   21.86842    0.13763      50221
  29.78591      2.99704   21.86216    0.14326      50021
  29.79591      2.99606   21.88767    0.14251      50337
  29.80591      2.99507   21.86326    0.14928      50163
  29.81590      2.99409   21.85964    0.14094      50300
  29.82590      2.99311   21.86815    0.14649      50218
  29.83590      2.99213   21.85615    0.15051      50322
  29.84590      2.99115   21.86552    0.14101      50418
  29.85590      2.99017   21.85951    0.15634      50272
  29.86590      2.98919   21.86101    0.13994      50462
  29.87589      2.98822   21.86453    0.14696      50468
  29.88589      2.98724   21.85265    0.14847      50404
  29.89589      2.98626   21.88086    0.14541      50531
  29.90589      2.98529   21.86215    0.15559      50405
  29.91589      2.98431   21.84646    0.15167      50170
  29.92589      2.98334   21.86692    0.13656      50672
  29.93588      2.98237   21.87544    0.14079      50436
  29.94588      2.98139   21.86729    0.14953      50458
  29.95588      2.98042   21.87132    0.13359      50510
  29.96588      2.97945   21.87359    0.14624      50461
  29.97588      2.97848   21.87733    0.14211      50648
  29.98588      2.97751   21.87792    0.14445      50371
  29.99587      2.97654   21.87791    0.14944      50676
  30.00587      2.97557   21.88248    0.14677      50722
  30.01587      2.97460   21.89651    0.14534      50576
  30.02587      2.97363   21.88881    0.14282      50670
  30.03587      2.97266   21.90206    0.15028      50815
  30.04587      2.97170   21.89784    0.14520      50666
  30.05586      2.97073   21.90331    0.15445      50781
  30.06586      2.96977   21.90369    0.15178      50613
  30.07586      2.96880   21.91351    0.14245      50686
  30.08586      2.96784   21.93055    0.13956      50881
  30.09586      2.96688   21.91623    0.14540      50615
  30.10586      2.96591   21.93958    0.13551      50823
  30.11585      2.96495   21.94044    0.13895      50776
  30.12585      2.96399   21.94118    0.14782      50500
  30.13585      2.96303   21.96617    0.14689      51003
  30.14585      2.96207   21.95016    0.15227      50617
  30.15585      2.96111   21.98907    0.14708      50958
  30.16585      2.96015   21.98253    0.13200      51081
  30.17584      2.95919   21.98740    0.15363      50816
  30.18584      2.95824   22.01627    0.15165      50964
  30.19584      2.95728   22.01503    0.14439      51017
  30.20584      2.95632   22.02923    0.15903      50975
  30.21584      2.95537   22.04138    0.14466      51102
  30.22583      2.95441   22.05659    0.14300      51008
  30.23583      2.95346   22.06658    0.14858      50802
  30.24583      2.95251   22.07621    0.14896      51040
  30.25583      2.95155   22.08804    0.14826      50882
  30.26583      2.95060   22.10918    0.12901      51283
  30.27583      2.94965   22.12992    0.14452      50938
  30.28582      2.94870   22.12375    0.14785      51105
  30.29582      2.94775   22.15448    0.14538      51148
  30.30582      2.94680   22.15824    0.14558      50863
  30.31582      2.94585   22.20128    0.14599      51376
  30.32582      2.94490   22.20567    0.14401      51153
  30.33582      2.94395   22.20974    0.14800      51152
  30.34581      2.94300   22.26549    0.16333      51293
  30.35581      2.94206   22.26355    0.14098      51142
  30.36581      2.94111   22.30004    0.14653      51370
  30.37581      2.94017   22.32158    0.14823      51284
  30.38581      2.93922   22.32979    0.15195      51226
  30.39581      2.93828   22.37447    0.13900      51342
  30.40580      2.93733   22.39242    0.15939      51316
  30.41580      2.93639   22.41926    0.14625      51228
  30.42580      2.93545   22.45857    0.13092      51512
  30.43580      2.93451   22.49246    0.14321      51039
  30.44580      2.93357   22.52733    0.14947      51309
  30.45580      2.93263   22.56717    0.14062      51582
  30.46579      2.93169   22.60074    0.14585      51138
  30.47579      2.93075   22.63768    0.14835      51541
  30.48579      2.92981   22.67587    0.15781      51436
  30.49579      2.92887   22.72721    0.14912      51511
  30.50579      2.92794   22.77997    0.14596      51591
  30.51579      2.92700   22.80756    0.14776      51348
  30.52578      2.92606   22.86745    0.15575      51704
  30.53578      2.92513   22.93156    0.14495      51678
  30.54578      2.92419   22.97353    0.15307      51412
  30.55578      2.92326   23.03156    0.16717      51598
  30.56578      2.92233   23.07513    0.14221      51292
  30.57578      2.92139   23.15936    0.14135      51667
  30.58577      2.92046   23.21431    0.13683      51894
  30.59577      2.91953   23.27069    0.14868      51310
  30.60577      2.91860   23.35510    0.14397      51805
  30.61577      2.91767   23.41820    0.15759      51440
  30.62577      2.91674   23.48581    0.14904      51561
  30.63576      2.91581   23.58408    0.14717      51935
  30.64576      2.91488   23.64520    0.15237      51430
  30.65576      2.91395   23.74679    0.15452      52139
  30.66576      2.91302   23.82213    0.14768      51702
  30.67576      2.91210   23.92821    0.15761      51852
  30.68576      2.91117   24.02175    0.15454      51933
  30.69575      2.91025   24.11122    0.15786      51624
  30.70575      2.90932   24.23543    0.15985      52040
  30.71575      2.90840   24.32572    0.15219      51823
  30.72575      2.90747   24.44274    0.14936      51701
  30.73575      2.90655   24.55989    0.15277      51922
  30.74575      2.90563   24.69615    0.14396      51932
  30.75574      2.90471   24.79939    0.15907      51933
  30.76574      2.90379   24.96321    0.14982      51873
  30.77574      2.90286   25.07632    0.15024      51732
  30.78574      2.90194   25.24867    0.15450      52075
  30.79574      2.90103   25.39402    0.15485      52153
  30.80574      2.90011   25.53149    0.15752      51681
  30.81573      2.89919   25.72133    0.15565      52352
  30.82573      2.89827   25.87262    0.17009      51793
  30.83573      2.89735   26.07345    0.16112      52260
  30.84573      2.89644   26.24825    0.15949      52127
  30.85573      2.89552   26.41349    0.16354      51909
  30.86573      2.89461   26.65977    0.15192      52441
  30.87572      2.89369   26.83059    0.16942      51977
  30.88572      2.89278   27.05098    0.16530      52094
  30.89572      2.89186   27.28205    0.15646      52367
  30.90572      2.89095   27.49632    0.16433      51936
  30.91572      2.89004   27.73288    0.16596      52437
  30.92572      2.88913   27.98766    0.14776      52071
  30.93571      2.88822   28.23507    0.15692      52046
  30.94571      2.88731   28.48099    0.18475      52318
  30.95571      2.88640   28.75114    0.15715      52253
  30.96571      2.88549   29.03103    0.16944      52281
  30.97571      2.88458   29.31408    0.16907      52537
  30.98571      2.88367   29.58133    0.16916      52020
  30.99570      2.88276   29.89709    0.16581      52584
  31.00570      2.88186   30.19643    0.18040      52416
  31.01570      2.88095   30.48227    0.17089      52331
  31.02570      2.88005   30.82184    0.17201      52622
  31.03570      2.87914   31.10327    0.18757      52235
  31.04569      2.87824   31.43648    0.18060      52398
  31.05569      2.87733   31.77748    0.16468      52510
  31.06569      2.87643   32.08449    0.16739      52402
  31.07569      2.87553   32.45163    0.16190      52743
  31.08569      2.87462   32.79161    0.17768      52442
  31.09569      2.87372   33.11642    0.17638      52460
  31.10568      2.87282   33.49147    0.17582      52451
  31.11568      2.87192   33.81411    0.18752      52449
  31.12568      2.87102   34.18098    0.18628      52709
  31.13568      2.87012   34.54055    0.16734      52498
  31.14568      2.86922   34.87267    0.17833      52787
  31.15568      2.86833   35.24482    0.19470      52580
  31.16567      2.86743   35.60617    0.17893      52660
  31.17567      2.86653   35.94027    0.18934      52674
  31.18567      2.86564   36.31195    0.18429      52643
  31.19567      2.86474   36.63919    0.18593      52826
  31.20567      2.86384   36.96903    0.19022      52742
  31.21567      2.86295   37.31460    0.19858      52707
  31.22566      2.86206   37.65682    0.17499      52733
  31.23566      2.86116   37.98823    0.17268      52860
  31.24566      2.86027   38.30872    0.17843      52713
  31.25566      2.85938   38.61933    0.20229      52778
  31.26566      2.85849   38.92601    0.18807      52871
  31.27566      2.85760   39.22409    0.17835      52734
  31.28565      2.85670   39.50896    0.18310      52974
  31.29565      2.85582   39.78837    0.20060      53065
  31.30565      2.85493   40.04322    0.19634      52872
  31.31565      2.85404   40.30175    0.19567      52980
  31.32565      2.85315   40.53392    0.19138      52819
  31.33565      2.85226   40.77050    0.20113      53124
  31.34564      2.85137   40.99109    0.17962      52961
  31.35564      2.85049   41.16471    0.20466      53023
  31.36564      2.84960   41.35123    0.19238      52894
  31.37564      2.84872   41.52139    0.20266      52971
  31.38564      2.84783   41.68562    0.18061      53105
  31.39563      2.84695   41.83365    0.19986      53170
  31.40563      2.84606   41.93695    0.17768      52944
  31.41563      2.84518   42.06819    0.19655      53151
  31.42563      2.84430   42.14931    0.18912      53115
  31.43563      2.84342   42.23074    0.18254      53193
  31.44563      2.84254   42.28704    0.19628      53144
  31.45562      2.84166   42.31907    0.20187      53070
  31.46562      2.84078   42.37117    0.19915      53329
  31.47562      2.83990   42.38816    0.19562      53342
  31.48562      2.83902   42.37929    0.18152      53086
  31.49562      2.83814   42.35969    0.20271      53383
  31.50562      2.83726   42.33783    0.21644      53311
  31.51561      2.83638   42.28692    0.20408      53283
  31.52561      2.83551   42.23246    0.19144      53296
  31.53561      2.83463   42.14454    0.19256      53107
  31.54561      2.83375   42.08364    0.19874      53365
  31.55561      2.83288   41.99139    0.18301      53320
  31.56561      2.83200   41.86776    0.18547      53431
  31.57560      2.83113   41.77152    0.17910      53427
  31.58560      2.83026   41.60551    0.19846      53276
  31.59560      2.82938   41.48943    0.19264      53575
  31.60560      2.82851   41.32965    0.20502      53497
  31.61560      2.82764   41.17481    0.19050      53436
  31.62560      2.82677   40.99938    0.18562      53509
  31.63559      2.82590   40.82657    0.19214      53596
  31.64559      2.82503   40.63985    0.19520      53589
  31.65559      2.82416   40.46665    0.19670      53593
  31.66559      2.82329   40.24496    0.19189      53515
  31.67559      2.82242   40.06281    0.20594      53662
  31.68559      2.82155   39.85171    0.18490      53645
  31.69558      2.82069   39.62870    0.18717      53473
  31.70558      2.81982   39.43675    0.18633      53514
  31.71558      2.81895   39.19718    0.19771      53511
  31.72558      2.81809   38.99965    0.17792      53644
  31.73558      2.81722   38.76541    0.17338      54008
  31.74558      2.81636   38.53930    0.20013      53588
  31.75557      2.81550   38.30921    0.18111      53802
  31.76557      2.81463   38.09530    0.18367      53799
  31.77557      2.81377   37.85746    0.18172      53548
  31.78557      2.81291   37.64962    0.18072      53929
  31.79557      2.81204   37.40799    0.20131      53717
  31.80556      2.81118   37.19558    0.18671      53693
  31.81556      2.81032   36.97911    0.20916      54066
  31.82556      2.80946   36.74724    0.17120      53761
  31.83556      2.80860   36.53913    0.17869      54009
  31.84556      2.80774   36.31622    0.20372      53753
  31.85556      2.80689   36.07966    0.17579      53845
  31.86555      2.80603   35.88426    0.18023      53982
  31.87555      2.80517   35.67215    0.18087      54015
  31.88555      2.80431   35.46514    0.17995      54024
  31.89555      2.80346   35.25315    0.16990      54034
  31.90555      2.80260   35.05854    0.16887      54110
  31.91555      2.80175   34.84588    0.18901      53875
  31.92554      2.80089   34.65570    0.18146      54000
  31.93554      2.80004   34.46883    0.16454      54077
  31.94554      2.79918   34.28454    0.18466      54062
  31.95554      2.79833   34.08380    0.18028      54038
  31.96554      2.79748   33.90926    0.17961      54229
  31.97554      2.79663   33.74084    0.16905      54209
  31.98553      2.79578   33.55125    0.18184      54119
  31.99553      2.79493   33.40147    0.17227      54436
  32.00553      2.79407   33.21308    0.19135      53951
  32.01553      2.79322   33.04424    0.18918      54150
  32.02553      2.79238   32.88233    0.17246      54225
  32.03553      2.79153   32.72618    0.15979      54163
  32.04552      2.79068   32.59375    0.16920      54503
  32.05552      2.78983   32.41279    0.16809      54266
  32.06552      2.78898   32.30328    0.16648      54473
  32.07552      2.78814   32.12201    0.16661      54310
  32.08552      2.78729   32.00987    0.16989      54117
  32.09552      2.78645   31.87919    0.17571      54441
  32.10551      2.78560   31.72562    0.17605      54127
  32.11551      2.78476   31.61867    0.16503      54769
  32.12551      2.78391   31.47849    0.16645      54321
  32.13551      2.78307   31.35105    0.17181      54417
  32.14551      2.78223   31.24474    0.17202      54536
  32.15551      2.78138   31.12061    0.17015      54406
  32.16550      2.78054   31.01194    0.18679      54528
  32.17550      2.77970   30.89490    0.16628      54595
  32.18550      2.77886   30.77260    0.16119      54448
  32.19550      2.77802   30.66929    0.15751      54598
  32.20550      2.77718   30.56951    0.17605      54697
  32.21549      2.77634   30.43658    0.16647      54346
  32.22549      2.77550   30.37741    0.15797      54802
  32.23549      2.77467   30.24263    0.15781      54618
  32.24549      2.77383   30.15828    0.16710      54414
  32.25549      2.77299   30.06247    0.15773      54912
  32.26549      2.77215   29.94819    0.17744      54345
  32.27548      2.77132   29.88554    0.15256      55197
  32.28548      2.77048   29.77653    0.16875      54472
  32.29548      2.76965   29.69247    0.17655      54630
  32.30548      2.76881   29.61632    0.16878      54932
  32.31548      2.76798   29.49830    0.17021      54604
  32.32548      2.76715   29.45534    0.15619      55147
  32.33547      2.76631   29.33140    0.16127      54673
  32.34547      2.76548   29.26552    0.17333      54825
  32.35547      2.76465   29.18460    0.15871      55013
  32.36547      2.76382   29.11035    0.16121      54702
  32.37547      2.76299   29.04253    0.15963      55089
  32.38547      2.76216   28.96488    0.15834      55017
  32.39546      2.76133   28.89159    0.15432      54701
  32.40546      2.76050   28.81748    0.15761      54914
  32.41546      2.75967   28.73683    0.16155      54714
  32.42546      2.75884   28.70505    0.16479      54970
  32.43546      2.75801   28.62150    0.15987      55243
  32.44546      2.75719   28.55299    0.16224      54847
  32.45545      2.75636   28.48035    0.15980      55344
  32.46545      2.75553   28.42983    0.16023      54991
  32.47545      2.75471   28.37523    0.15625      55094
  32.48545      2.75388   28.31659    0.17126      55325
  32.49545      2.75306   28.23458    0.16489      54970
  32.50545      2.75224   28.19261    0.16061      55279
  32.51544      2.75141   28.12696    0.16203      55067
  32.52544      2.75059   28.08848    0.15303      55245
  32.53544      2.74977   28.02558    0.15330      55238
  32.54544      2.74895   27.97209    0.15335      55009
  32.55544      2.74812   27.93087    0.15590      55434
  32.56544      2.74730   27.86916    0.15570      55248
  32.57543      2.74648   27.81284    0.15921      55124
  32.58543      2.74566   27.77163    0.16125      55287
  32.59543      2.74484   27.72161    0.15921      54919
  32.60543      2.74402   27.68930    0.14673      55880
  32.61543      2.74321   27.62899    0.16696      55237
  32.62542      2.74239   27.60087    0.15634      55344
  32.63542      2.74157   27.56048    0.16674      55397
  32.64542      2.74075   27.49871    0.15616      55113
  32.65542      2.73994   27.48266    0.16055      55786
  32.66542      2.73912   27.42704    0.15897      55342
  32.67542      2.73831   27.37736    0.15817      55369
  32.68541      2.73749   27.36423    0.15197      55807
  32.69541      2.73668   27.30482    0.15295      55315
  32.70541      2.73586   27.29480    0.15403      55707
  32.71541      2.73505   27.25579    0.15171      55813
  32.72541      2.73424   27.19968    0.16158      55188
  32.73541      2.73343   27.19387    0.15036      55601
  32.74540      2.73261   27.14936    0.14230      55447
  32.75540      2.73180   27.12634    0.15806      55710
  32.76540      2.73099   27.09914    0.16202      55786
  32.77540      2.73018   27.05501    0.16744      55314
  32.78540      2.72937   27.04904    0.15379      56162
  32.79540      2.72856   27.00432    0.15137      55560
  32.80539      2.72775   26.98927    0.16152      55620
  32.81539      2.72694   26.96286    0.15809      55903
  32.82539      2.72614   26.92798    0.15581      55574
  32.83539      2.72533   26.92261    0.15776      55961
  32.84539      2.72452   26.88483    0.14827      55726
  32.85539      2.72372   26.85922    0.15967      55770
  32.86538      2.72291   26.85557    0.15040      55651
  32.87538      2.72211   26.81647    0.16340      55851
  32.88538      2.72130   26.80909    0.14157      56072
  32.89538      2.72050   26.78469    0.14970      55810
  32.90538      2.71969   26.75898    0.15388      55727
  32.91538      2.71889   26.76133    0.15385      55950
  32.92537      2.71809   26.72175    0.15545      55815
  32.93537      2.71728   26.71495    0.16138      56241
  32.94537      2.71648   26.71065    0.15062      55765
  32.95537      2.71568   26.69144    0.14592      55904
  32.96537      2.71488   26.69033    0.15946      56467
  32.97537      2.71408   26.65147    0.15869      55914
  32.98536      2.71328   26.65207    0.16102      56359
  32.99536      2.71248   26.63679    0.15493      56009
  33.00536      2.71168   26.61195    0.16167      55889
  33.01536      2.71088   26.63177    0.14346      56283
  33.02536      2.71009   26.60017    0.15375      55952
  33.03535      2.70929   26.61017    0.14854      56382
  33.04535      2.70849   26.61057    0.14532      56301
  33.05535      2.70770   26.56297    0.15503      56058
  33.06535      2.70690   26.58600    0.15395      56290
  33.07535      2.70610   26.58086    0.14886      56178
  33.08535      2.70531   26.56533    0.16261      56167
  33.09534      2.70451   26.59885    0.14356      56345
  33.10534      2.70372   26.56693    0.16031      56189
  33.11534      2.70293   26.59421    0.15637      56647
  33.12534      2.70213   26.57293    0.15958      56167
  33.13534      2.70134   26.56652    0.15590      56377
  33.14534      2.70055   26.59578    0.15517      56685
  33.15533      2.69976   26.57563    0.15786      56181
  33.16533      2.69897   26.58843    0.14622      56582
  33.17533      2.69818   26.60382    0.15263      56329
  33.18533      2.69739   26.58764    0.15427      56378
  33.19533      2.69660   26.60621    0.15635      56569
  33.20533      2.69581   26.62177    0.14953      56373
  33.21532      2.69502   26.61928    0.14670      56668
  33.22532      2.69423   26.63161    0.15174      56560
  33.23532      2.69344   26.63774    0.14955      56245
  33.24532      2.69266   26.66208    0.14811      56770
  33.25532      2.69187   26.65987    0.15339      56529
  33.26532      2.69108   26.67601    0.15736      56670
  33.27531      2.69030   26.70999    0.15739      56839
  33.28531      2.68951   26.70435    0.16101      56459
  33.29531      2.68873   26.71816    0.15808      56755
  33.30531      2.68794   26.74616    0.14298      56817
  33.31531      2.68716   26.76606    0.16094      56530
  33.32531      2.68638   26.78536    0.16001      56705
  33.33530      2.68559   26.79222    0.15901      56623
  33.34530      2.68481   26.82520    0.15367      56755
  33.35530      2.68403   26.85191    0.14236      56934
  33.36530      2.68325   26.85426    0.15407      56677
  33.37530      2.68247   26.91929    0.14212      57200
  33.38529      2.68169   26.92071    0.15748      56646
  33.39529      2.68091   26.94945    0.15974      56808
  33.40529      2.68013   26.99255    0.14634      56776
  33.41529      2.67935   27.01275    0.15595      56748
  33.42529      2.67857   27.06592    0.15161      57285
  33.43529      2.67779   27.07069    0.16634      56719
  33.44528      2.67701   27.13820    0.14672      57281
  33.45528      2.67624   27.17456    0.15377      57092
  33.46528      2.67546   27.21301    0.15742      56725
  33.47528      2.67468   27.25754    0.16439      57271
  33.48528      2.67391   27.28815    0.16742      56830
  33.49528      2.67313   27.35518    0.15424      57164
  33.50527      2.67236   27.40012    0.14450      57264
  33.51527      2.67158   27.45228    0.15075      57184
  33.52527      2.67081   27.52135    0.15314      57142
  33.53527      2.67003   27.57958    0.16239      57038
  33.54527      2.66926   27.63506    0.14856      57169
  33.55527      2.66849   27.69979    0.14940      57257
  33.56526      2.66772   27.77052    0.16104      57298
  33.57526      2.66695   27.83508    0.15666      57043
  33.58526      2.66617   27.92930    0.14718      57259
  33.59526      2.66540   27.98535    0.16077      57373
  33.60526      2.66463   28.07521    0.16192      57477
  33.61526      2.66386   28.15795    0.16716      57286
  33.62525      2.66310   28.24711    0.15651      57163
  33.63525      2.66233   28.31847    0.15654      57458
  33.64525      2.66156   28.40437    0.16850      57288
  33.65525      2.66079   28.51066    0.14875      57494
  33.66525      2.66002   28.60166    0.16144      57338
  33.67525      2.65926   28.69802    0.15274      57502
  33.68524      2.65849   28.80351    0.16477      57185
  33.69524      2.65772   28.89249    0.16160      57303
  33.70524      2.65696   29.02517    0.15776      57719
  33.71524      2.65619   29.12806    0.14871      57683
  33.72524      2.65543   29.25311    0.15346      57384
  33.73524      2.65466   29.36340    0.16484      57507
  33.74523      2.65390   29.47527    0.16601      57375
  33.75523      2.65314   29.62704    0.15837      58016
  33.76523      2.65237   29.74987    0.16101      57559
  33.77523      2.65161   29.88816    0.16170      57668
  33.78523      2.65085   30.02241    0.17051      57477
  33.79522      2.65009   30.17413    0.16341      57776
  33.80522      2.64933   30.32642    0.16971      57962
  33.81522      2.64857   30.46352    0.15683      57586
  33.82522      2.64781   30.61482    0.17328      57804
  33.83522      2.64705   30.79864    0.16580      57714
  33.84522      2.64629   30.96047    0.15464      57736
  33.85521      2.64553   31.11539    0.17024      57747
  33.86521      2.64477   31.31192    0.15197      57924
  33.87521      2.64401   31.47060    0.16821      57837
  33.88521      2.64326   31.66840    0.16813      57755
  33.89521      2.64250   31.85195    0.16904      57826
  33.90521      2.64174   32.03969    0.16311      58015
  33.91520      2.64099   32.26875    0.16916      57889
  33.92520      2.64023   32.43971    0.17485      57658
  33.93520      2.63948   32.66951    0.16354      58216
  33.94520      2.63872   32.88337    0.17073      58073
  33.95520      2.63797   33.10401    0.17280      58077
  33.96520      2.63721   33.33253    0.17541      57954
  33.97519      2.63646   33.53794    0.17731      58013
  33.98519      2.63571   33.79455    0.18732      57858
  33.99519      2.63496   34.04150    0.16628      58209
  34.00519      2.63420   34.27270    0.16371      58037
  34.01519      2.63345   34.56170    0.16458      58254
  34.02519      2.63270   34.80875    0.19033      58095
  34.03518      2.63195   35.10154    0.16971      58146
  34.04518      2.63120   35.36983    0.16970      58398
  34.05518      2.63045   35.62721    0.17528      58052
  34.06518      2.62970   35.94956    0.17357      58130
  34.07518      2.62895   36.23447    0.17854      58276
  34.08518      2.62821   36.53581    0.17488      58257
  34.09517      2.62746   36.84449    0.18645      58472
  34.10517      2.62671   37.13564    0.18512      58242
  34.11517      2.62596   37.47773    0.18194      58434
  34.12517      2.62522   37.80525    0.18454      58471
  34.13517      2.62447   38.11319    0.18352      58372
  34.14517      2.62373   38.44402    0.17696      58383
  34.15516      2.62298   38.74835    0.20317      58306
  34.16516      2.62224   39.13101    0.17284      58315
  34.17516      2.62149   39.46706    0.18624      58289
  34.18516      2.62075   39.80235    0.18041      58626
  34.19516      2.62000   40.15812    0.19870      58444
  34.20515      2.61926   40.48218    0.17585      58615
  34.21515      2.61852   40.86886    0.18023      58661
  34.22515      2.61778   41.20069    0.17752      58441
  34.23515      2.61703   41.57329    0.19778      58567
  34.24515      2.61629   41.91285    0.18708      58409
  34.25515      2.61555   42.26841    0.19344      58812
  34.26514      2.61481   42.64750    0.19533      58600
  34.27514      2.61407   42.98414    0.19719      58808
  34.28514      2.61333   43.35384    0.19661      58444
  34.29514      2.61259   43.69344    0.18582      58940
  34.30514      2.61186   44.04117    0.19825      58691
  34.31514      2.61112   44.36006    0.22562      58609
  34.32513      2.61038   44.72777    0.17980      58810
  34.33513      2.60964   45.08937    0.18380      58587
  34.34513      2.60891   45.41885    0.20231      59001
  34.35513      2.60817   45.70073    0.19198      58912
  34.36513      2.60743   46.03618    0.20467      58795
  34.37513      2.60670   46.39317    0.18515      59047
  34.38512      2.60596   46.66912    0.19916      58749
  34.39512      2.60523   46.96503    0.20338      58919
  34.40512      2.60449   47.25813    0.19340      58969
  34.41512      2.60376   47.54483    0.21031      58923
  34.42512      2.60303   47.83056    0.18521      59147
  34.43512      2.60229   48.07429    0.19803      58737
  34.44511      2.60156   48.33792    0.21099      59110
  34.45511      2.60083   48.55028    0.20963      59145
  34.46511      2.60010   48.79119    0.22990      58955
  34.47511      2.59937   48.99912    0.19034      59151
  34.48511      2.59864   49.16510    0.20625      58890
  34.49511      2.59791   49.39315    0.18875      59169
  34.50510      2.59718   49.57853    0.20910      59118
  34.51510      2.59645   49.70243    0.20334      59036
  34.52510      2.59572   49.89657    0.19179      59222
  34.53510      2.59499   50.01791    0.21300      59234
  34.54510      2.59426   50.12829    0.19356      59341
  34.55510      2.59353   50.23265    0.20318      59104
  34.56509      2.59281   50.32129    0.20006      59075
  34.57509      2.59208   50.41176    0.21103      59467
  34.58509      2.59135   50.45623    0.19916      59259
  34.59509      2.59063   50.50586    0.21331      59523
  34.60509      2.58990   50.53359    0.21377      59570
  34.61508      2.58917   50.56146    0.19476      59212
  34.62508      2.58845   50.57717    0.21558      59470
  34.63508      2.58773   50.51915    0.20038      59615
  34.64508      2.58700   50.51838    0.19896      59259
  34.65508      2.58628   50.49613    0.21503      59503
  34.66508      2.58556   50.40187    0.21182      58979
  34.67507      2.58483   50.38922    0.20311      59728
  34.68507      2.58411   50.26490    0.19507      59535
  34.69507      2.58339   50.20825    0.20307      59602
  34.70507      2.58267   50.13559    0.19976      59630
  34.71507      2.58195   49.95221    0.18566      59533
  34.72507      2.58123   49.86529    0.20420      59632
  34.73506      2.58051   49.73414    0.21336      59322
  34.74506      2.57979   49.58654    0.20223      59581
  34.75506      2.57907   49.45842    0.21682      59878
  34.76506      2.57835   49.26771    0.19098      59605
  34.77506      2.57763   49.11803    0.20256      59733
  34.78506      2.57691   48.94938    0.20676      59810
  34.79505      2.57619   48.76527    0.21217      59628
  34.80505      2.57548   48.55330    0.20169      59937
  34.81505      2.57476   48.37297    0.20749      59358
  34.82505      2.57404   48.21809    0.19108      60159
  34.83505      2.57333   47.96810    0.20538      59888
  34.84505      2.57261   47.81105    0.19183      59834
  34.85504      2.57190   47.62949    0.19908      59924
  34.86504      2.57118   47.34458    0.21032      59917
  34.87504      2.57047   47.24114    0.18514      59989
  34.88504      2.56975   46.99039    0.20738      59704
  34.89504      2.56904   46.75611    0.19058      60100
  34.90504      2.56833   46.61093    0.19246      59972
  34.91503      2.56762   46.35781    0.19315      59763
  34.92503      2.56690   46.22890    0.20089      60279
  34.93503      2.56619   46.00363    0.19885      60258
  34.94503      2.56548   45.80231    0.22141      59899
  34.95503      2.56477   45.66336    0.20548      60079
  34.96502      2.56406   45.45057    0.18447      60337
  34.97502      2.56335   45.25515    0.19975      60028
  34.98502      2.56264   45.12272    0.19807      59963
  34.99502      2.56193   44.96333    0.18282      59965
  35.00502      2.56122   44.77493    0.19158      60475
  35.01502      2.56051   44.66741    0.19352      60006
  35.02501      2.55980   44.52172    0.22266      60198
  35.03501      2.55910   44.39344    0.17477      60510
  35.04501      2.55839   44.25366    0.20731      60151
  35.05501      2.55768   44.14576    0.17441      60259
  35.06501      2.55698   44.04946    0.19096      60192
  35.07501      2.55627   43.97863    0.21095      60350
  35.08500      2.55557   43.86722    0.19548      60651
  35.09500      2.55486   43.79413    0.19106      60247
  35.10500      2.55416   43.76683    0.18441      60813
  35.11500      2.55345   43.64814    0.20333      60132
  35.12500      2.55275   43.66375    0.19850      60617
  35.13500      2.55204   43.60768    0.19366      60656
  35.14499      2.55134   43.54593    0.19851      60148
  35.15499      2.55064   43.61366    0.18929      60533
  35.16499      2.54994   43.53772    0.19332      60504
  35.17499      2.54923   43.60494    0.19454      60683
  35.18499      2.54853   43.64578    0.18350      60701
  35.19499      2.54783   43.63248    0.18317      60300
  35.20498      2.54713   43.73288    0.19183      60918
  35.21498      2.54643   43.73033    0.19348      60193
  35.22498      2.54573   43.86165    0.19340      60689
  35.23498      2.54503   43.92370    0.20705      60925
  35.24498      2.54433   43.99084    0.19035      60443
  35.25498      2.54363   44.16909    0.19282      61018
  35.26497      2.54293   44.24469    0.19683      60665
  35.27497      2.54224   44.37686    0.19257      61027
  35.28497      2.54154   44.56025    0.19310      61077
  35.29497      2.54084   44.66899    0.20350      60516
  35.30497      2.54015   44.81250    0.21044      60859
  35.31497      2.53945   45.02687    0.18478      60658
  35.32496      2.53875   45.21309    0.19302      60846
  35.33496      2.53806   45.38017    0.20573      61089
  35.34496      2.53736   45.59448    0.18403      60769
  35.35496      2.53667   45.83366    0.19750      61083
  35.36496      2.53597   46.03728    0.20895      60939
  35.37495      2.53528   46.26224    0.18401      61176
  35.38495      2.53459   46.52850    0.19550      60877
  35.39495      2.53389   46.73764    0.19073      60843
  35.40495      2.53320   46.99772    0.19639      61078
  35.41495      2.53251   47.29490    0.21524      61138
  35.42495      2.53182   47.49605    0.20405      61092
  35.43494      2.53113   47.79939    0.20557      61356
  35.44494      2.53043   48.04770    0.19737      60939
  35.45494      2.52974   48.31384    0.21027      61347
  35.46494      2.52905   48.61489    0.20406      61129
  35.47494      2.52836   48.86405    0.19130      61164
  35.48494      2.52767   49.12194    0.18860      61437
  35.49493      2.52698   49.40453    0.21039      61040
  35.50493      2.52630   49.69672    0.20833      61238
  35.51493      2.52561   49.94308    0.21009      61421
  35.52493      2.52492   50.18264    0.21119      61346
  35.53493      2.52423   50.48891    0.18915      61398
  35.54493      2.52355   50.68398    0.20501      61052
  35.55492      2.52286   50.95218    0.19635      61561
  35.56492      2.52217   51.17848    0.19367      61208
  35.57492      2.52149   51.41398    0.20697      61488
  35.58492      2.52080   51.63155    0.22348      61903
  35.59492      2.52012   51.84221    0.20189      61089
  35.60492      2.51943   52.01883    0.21195      61548
  35.61491      2.51875   52.19362    0.20678      61764
  35.62491      2.51806   52.36154    0.21985      61308
  35.63491      2.51738   52.51906    0.19369      61821
  35.64491      2.51670   52.62662    0.23170      61104
  35.65491      2.51601   52.78786    0.18967      61941
  35.66491      2.51533   52.88362    0.19828      61655
  35.67490      2.51465   52.98613    0.20827      61550
  35.68490      2.51397   53.06265    0.20489      61837
  35.69490      2.51329   53.06777    0.20122      61392
  35.70490      2.51260   53.14351    0.21912      62028
  35.71490      2.51192   53.14725    0.19931      61609
  35.72490      2.51124   53.11766    0.20100      61770
  35.73489      2.51056   53.10692    0.21206      61739
  35.74489      2.50988   53.04917    0.20557      61503
  35.75489      2.50921   52.97442    0.19303      62246
  35.76489      2.50853   52.91223    0.20870      61625
  35.77489      2.50785   52.79949    0.21612      61923
  35.78488      2.50717   52.66623    0.19805      62201
  35.79488      2.50649   52.50384    0.23076      61641
  35.80488      2.50582   52.33907    0.20609      62051
  35.81488      2.50514   52.15511    0.20232      61906
  35.82488      2.50446   51.98138    0.19334      61748
  35.83488      2.50379   51.76260    0.19836      62135
  35.84487      2.50311   51.50566    0.19713      62122
  35.85487      2.50244   51.30348    0.21128      62118
  35.86487      2.50176   51.01429    0.19770      62160
  35.87487      2.50109   50.72771    0.19085      62109
  35.88487      2.50041   50.46253    0.20199      62083
  35.89487      2.49974   50.09433    0.20187      61842
  35.90486      2.49907   49.84186    0.20522      62057
  35.91486      2.49840   49.48299    0.19744      62267
  35.92486      2.49772   49.16133    0.19384      61913
  35.93486      2.49705   48.82276    0.21388      62241
  35.94486      2.49638   48.42899    0.19492      61855
  35.95486      2.49571   48.11841    0.19679      62417
  35.96485      2.49504   47.72115    0.19113      62213
  35.97485      2.49437   47.33733    0.20095      62032
  35.98485      2.49370   46.98496    0.20290      61972
  35.99485      2.49303   46.56777    0.19557      62109
  36.00485      2.49236   46.22549    0.18849      62299
  36.01485      2.49169   45.81329    0.18958      61893
  36.02484      2.49102   45.43730    0.20155      62190
  36.03484      2.49035   45.05413    0.17452      62364
  36.04484      2.48968   44.64240    0.17821      61789
  36.05484      2.48902   44.25167    0.19686      62336
  36.06484      2.48835   43.84259    0.19784      61637
  36.07484      2.48768   43.48135    0.19286      62148
  36.08483      2.48702   43.07627    0.18572      61949
  36.09483      2.48635   42.68555    0.20278      61640
  36.10483      2.48568   42.32532    0.17859      62202
  36.11483      2.48502   41.93484    0.18994      61830
  36.12483      2.48435   41.56224    0.18535      62109
  36.13483      2.48369   41.17175    0.17949      61931
  36.14482      2.48303   40.80804    0.19477      61820
  36.15482      2.48236   40.46741    0.17309      62020
  36.16482      2.48170   40.07994    0.18836      61609
  36.17482      2.48104   39.76959    0.17683      61960
  36.18482      2.48037   39.43124    0.18817      61991
  36.19481      2.47971   39.04889    0.18065      61760
  36.20481      2.47905   38.76314    0.17096      62105
  36.21481      2.47839   38.42911    0.17253      61709
  36.22481      2.47773   38.09454    0.17899      61611
  36.23481      2.47707   37.80702    0.17170      61850
  36.24481      2.47641   37.49810    0.17029      61481
  36.25480      2.47575   37.21003    0.18384      61924
  36.26480      2.47509   36.92106    0.18167      61800
  36.27480      2.47443   36.65782    0.18798      61678
  36.28480      2.47377   36.37376    0.17683      61803
  36.29480      2.47311   36.10342    0.16669      61607
  36.30480      2.47245   35.84852    0.18220      61749
  36.31479      2.47179   35.59278    0.16261      61450
  36.32479      2.47114   35.37215    0.15923      61585
  36.33479      2.47048   35.12137    0.17216      61825
  36.34479      2.46982   34.88245    0.17359      61558
  36.35479      2.46917   34.68203    0.18098      61641
  36.36479      2.46851   34.43633    0.17289      61722
  36.37478      2.46785   34.24101    0.16254      61483
  36.38478      2.46720   34.02736    0.16112      61718
  36.39478      2.46654   33.79718    0.16047      61254
  36.40478      2.46589   33.63832    0.16211      61680
  36.41478      2.46524   33.42265    0.17333      61552
  36.42478      2.46458   33.24783    0.16243      61559
  36.43477      2.46393   33.08177    0.17419      61694
  36.44477      2.46327   32.87840    0.16600      61350
  36.45477      2.46262   32.73013    0.16999      61526
  36.46477      2.46197   32.55126    0.16837      61342
  36.47477      2.46132   32.40133    0.17130      61313
  36.48477      2.46067   32.25851    0.15703      61543
  36.49476      2.46002   32.08086    0.15579      61133
  36.50476      2.45936   31.96794    0.16100      61658
  36.51476      2.45871   31.81697    0.15731      61379
  36.52476      2.45806   31.68996    0.16927      61685
  36.53476      2.45741   31.55291    0.15454      61567
  36.54476      2.45676   31.41767    0.16378      61259
  36.55475      2.45612   31.30669    0.15777      61363
  36.56475      2.45547   31.16683    0.16918      61020
  36.57475      2.45482   31.05279    0.15495      61663
  36.58475      2.45417   30.95453    0.15875      61332
  36.59475      2.45352   30.82362    0.15336      61347
  36.60474      2.45288   30.73692    0.16066      61393
  36.61474      2.45223   30.62109    0.15963      61297
  36.62474      2.45158   30.51841    0.16884      61315
  36.63474      2.45094   30.41789    0.16241      61125
  36.64474      2.45029   30.32182    0.16272      61168
  36.65474      2.44965   30.24425    0.15260      61286
  36.66473      2.44900   30.15236    0.15702      61571
  36.67473      2.44836   30.06174    0.14949      61101
  36.68473      2.44771   29.99899    0.16013      61526
  36.69473      2.44707   29.91097    0.15480      61157
  36.70473      2.44642   29.84433    0.15053      61350
  36.71473      2.44578   29.77466    0.15520      61309
  36.72472      2.44514   29.67940    0.15768      60928
  36.73472      2.44449   29.64574    0.15486      61629
  36.74472      2.44385   29.57174    0.16446      60784
  36.75472      2.44321   29.50648    0.15311      61463
  36.76472      2.44257   29.45755    0.15828      61043
  36.77472      2.44193   29.39367    0.15811      61268
  36.78471      2.44129   29.35796    0.15581      61197
  36.79471      2.44065   29.28269    0.15268      60998
  36.80471      2.44001   29.24445    0.15443      61181
  36.81471      2.43937   29.20400    0.15740      61070
  36.82471      2.43873   29.14090    0.14796      61151
  36.83471      2.43809   29.12240    0.16489      61219
  36.84470      2.43745   29.06186    0.15209      61065
  36.85470      2.43681   29.05531    0.16022      61313
  36.86470      2.43617   28.98982    0.15432      61034
  36.87470      2.43554   28.97176    0.13686      61357
  36.88470      2.43490   28.94263    0.15118      61091
  36.89470      2.43426   28.90245    0.15608      60687
  36.90469      2.43363   28.90746    0.15823      61341
  36.91469      2.43299   28.87577    0.15197      60862
  36.92469      2.43235   28.86314    0.16543      60957
  36.93469      2.43172   28.85283    0.16059      61018
  36.94469      2.43108   28.84251    0.15360      60982
  36.95468      2.43045   28.85163    0.14619      61232
  36.96468      2.42981   28.82866    0.15676      60875
  36.97468      2.42918   28.83771    0.16537      61150
  36.98468      2.42855   28.83361    0.14281      61098
  36.99468      2.42791   28.85212    0.15277      61034
  37.00468      2.42728   28.87018    0.15654      61188
  37.01467      2.42665   28.86966    0.15894      60820
  37.02467      2.42601   28.90684    0.16040      60963
  37.03467      2.42538   28.90439    0.15268      60861
  37.04467      2.42475   28.94937    0.14554      61127
  37.05467      2.42412   28.97429    0.14469      60814
  37.06467      2.42349   29.00198    0.16575      60871
  37.07466      2.42286   29.03476    0.14693      60887
  37.08466      2.42223   29.07339    0.15505      60743
  37.09466      2.42160   29.12648    0.16095      61055
  37.10466      2.42097   29.15801    0.16327      61083
  37.11466      2.42034   29.22398    0.15645      61125
  37.12466      2.41971   29.27143    0.16327      60914
  37.13465      2.41908   29.31626    0.15771      60741
  37.14465      2.41845   29.38596    0.15333      60889
  37.15465      2.41783   29.46790    0.14107      60824
  37.16465      2.41720   29.53022    0.15393      61108
  37.17465      2.41657   29.61214    0.15455      60533
  37.18465      2.41594   29.69128    0.16720      60863
  37.19464      2.41532   29.78994    0.16115      60699
  37.20464      2.41469   29.88959    0.15572      61242
  37.21464      2.41407   29.99198    0.15647      60621
  37.22464      2.41344   30.06915    0.15126      60940
  37.23464      2.41282   30.20887    0.14750      60816
  37.24464      2.41219   30.29592    0.17314      60756
  37.25463      2.41157   30.47369    0.15905      60997
  37.26463      2.41094   30.55735    0.15665      60951
  37.27463      2.41032   30.71032    0.15901      60666
  37.28463      2.40969   30.85795    0.17296      61070
  37.29463      2.40907   30.98497    0.16046      60376
  37.30463      2.40845   31.16471    0.17345      60935
  37.31462      2.40783   31.30940    0.15244      60454
  37.32462      2.40720   31.47462    0.15289      61019
  37.33462      2.40658   31.66826    0.15860      60742
  37.34462      2.40596   31.82173    0.17433      60629
  37.35462      2.40534   32.05154    0.15814      61025
  37.36461      2.40472   32.24277    0.15884      60769
  37.37461      2.40410   32.44217    0.16259      60758
  37.38461      2.40348   32.63548    0.16089      60837
  37.39461      2.40286   32.87162    0.17621      60436
  37.40461      2.40224   33.09692    0.16430      60850
  37.41461      2.40162   33.34256    0.16701      60746
  37.42460      2.40100   33.57526    0.16718      60709
  37.43460      2.40038   33.82216    0.16165      60638
  37.44460      2.39977   34.10052    0.16789      60671
  37.45460      2.39915   34.35428    0.18071      60769
  37.46460      2.39853   34.64287    0.17398      60658
  37.47460      2.39791   34.89430    0.17113      60653
  37.48459      2.39730   35.22220    0.17967      60547
  37.49459      2.39668   35.50037    0.16751      60769
  37.50459      2.39607   35.82155    0.16758      60528
  37.51459      2.39545   36.13623    0.16345      60879
  37.52459      2.39483   36.44709    0.17824      60607
  37.53459      2.39422   36.80099    0.18154      60838
  37.54458      2.39361   37.11093    0.16278      60600
  37.55458      2.39299   37.48531    0.17734      60835
  37.56458      2.39238   37.82920    0.17544      60387
  37.57458      2.39176   38.18093    0.17927      60484
  37.58458      2.39115   38.55822    0.18812      60586
  37.59458      2.39054   38.88668    0.17634      60597
  37.60457      2.38992   39.32057    0.18248      60849
  37.61457      2.38931   39.68718    0.19261      60595
  37.62457      2.38870   40.07873    0.17838      60733
  37.63457      2.38809   40.45082    0.17918      60345
  37.64457      2.38748   40.84934    0.19327      60680
  37.65457      2.38687   41.27159    0.17652      60465
  37.66456      2.38626   41.65208    0.18886      60644
  37.67456      2.38565   42.06655    0.18925      60726
  37.68456      2.38504   42.46315    0.19071      60475
  37.69456      2.38443   42.88624    0.18264      60551
  37.70456      2.38382   43.26466    0.19542      60615
  37.71456      2.38321   43.71234    0.17734      60862
  37.72455      2.38260   44.09504    0.17669      60695
  37.73455      2.38199   44.51548    0.19811      60445
  37.74455      2.38138   44.89810    0.19580      60691
  37.75455      2.38077   45.34484    0.20062      60324
  37.76455      2.38017   45.73018    0.19883      60767
  37.77454      2.37956   46.12650    0.19354      60493
  37.78454      2.37895   46.52717    0.19138      60566
  37.79454      2.37835   46.89771    0.19297      60608
  37.80454      2.37774   47.29918    0.20679      60184
  37.81454      2.37714   47.65488    0.19168      60957
  37.82454      2.37653   48.04200    0.19454      60490
  37.83453      2.37593   48.41739    0.19311      60669
  37.84453      2.37532   48.74645    0.21860      60461
  37.85453      2.37472   49.14633    0.18775      60539
  37.86453      2.37411   49.44204    0.20678      60672
  37.87453      2.37351   49.76785    0.19758      60306
  37.88453      2.37290   50.10500    0.18210      60915
  37.89452      2.37230   50.36898    0.21175      60147
  37.90452      2.37170   50.66498    0.20241      60529
  37.91452      2.37110   50.96780    0.20628      60734
  37.92452      2.37049   51.19583    0.19011      60560
  37.93452      2.36989   51.44563    0.21316      60631
  37.94452      2.36929   51.68647    0.21513      60310
  37.95451      2.36869   51.90696    0.20580      60703
  37.96451      2.36809   52.07033    0.21044      60362
  37.97451      2.36749   52.29028    0.19743      60524
  37.98451      2.36689   52.42318    0.19847      60511
  37.99451      2.36629   52.59115    0.19984      60201
  38.00451      2.36569   52.71894    0.20145      60757
  38.01450      2.36509   52.85898    0.21169      60446
  38.02450      2.36449   52.91522    0.21215      60831
  38.03450      2.36389   52.99459    0.21165      60403
  38.04450      2.36329   53.10751    0.19783      60540
  38.05450      2.36270   53.08824    0.20375      60555
  38.06450      2.36210   53.17150    0.19462      60281
  38.07449      2.36150   53.13402    0.20271      60544
  38.08449      2.36090   53.17582    0.20235      60561
  38.09449      2.36031   53.12956    0.20774      60352
  38.10449      2.35971   53.08736    0.22935      60576
  38.11449      2.35912   53.10783    0.20672      60455
  38.12449      2.35852   52.93553    0.20958      60378
  38.13448      2.35792   52.89090    0.20305      60542
  38.14448      2.35733   52.78345    0.21039      60548
  38.15448      2.35673   52.68072    0.19532      60376
  38.16448      2.35614   52.58768    0.19977      60408
  38.17448      2.35555   52.42648    0.21399      60422
  38.18447      2.35495   52.32449    0.19422      60822
  38.19447      2.35436   52.14006    0.20882      60412
  38.20447      2.35377   51.97342    0.21360      60563
  38.21447      2.35317   51.81562    0.19291      60338
  38.22447      2.35258   51.59889    0.21268      60367
  38.23447      2.35199   51.41417    0.18982      60580
  38.24446      2.35140   51.20434    0.20364      60292
  38.25446      2.35080   51.04025    0.20727      60631
  38.26446      2.35021   50.79876    0.22201      60194
  38.27446      2.34962   50.61083    0.18522      60599
  38.28446      2.34903   50.42368    0.20740      60738
  38.29446      2.34844   50.17776    0.20547      60428
  38.30445      2.34785   49.95822    0.21528      60210
  38.31445      2.34726   49.70313    0.21161      60326
  38.32445      2.34667   49.54226    0.19070      60250
  38.33445      2.34608   49.27620    0.19737      60591
  38.34445      2.34549   49.09678    0.18709      60349
  38.35445      2.34491   48.87150    0.20651      60208
  38.36444      2.34432   48.68381    0.19986      60723
  38.37444      2.34373   48.46245    0.19871      60504
  38.38444      2.34314   48.30813    0.19550      60567
  38.39444      2.34256   48.07559    0.20394      60517
  38.40444      2.34197   47.90351    0.19715      60149
  38.41444      2.34138   47.73935    0.18975      60566
  38.42443      2.34080   47.55148    0.21499      60120
  38.43443      2.34021   47.42439    0.18829      60653
  38.44443      2.33962   47.25783    0.20049      60388
  38.45443      2.33904   47.12886    0.19884      60605
  38.46443      2.33845   46.99444    0.21332      60237
  38.47443      2.33787   46.85694    0.20060      60222
  38.48442      2.33728   46.81146    0.18949      60633
  38.49442      2.33670   46.67413    0.19558      60350
  38.50442      2.33612   46.64605    0.19158      60431
  38.51442      2.33553   46.49360    0.19806      60136
  38.52442      2.33495   46.51394    0.20298      60588
  38.53442      2.33437   46.45050    0.19853      60643
  38.54441      2.33379   46.40011    0.18918      60411
  38.55441      2.33320   46.44492    0.18590      60469
  38.56441      2.33262   46.38966    0.19664      60207
  38.57441      2.33204   46.43663    0.20647      60448
  38.58441      2.33146   46.47692    0.19993      60333
  38.59440      2.33088   46.50811    0.20197      60473
  38.60440      2.33030   46.61756    0.19283      60471
  38.61440      2.32972   46.67695    0.20020      60558
  38.62440      2.32914   46.76628    0.20602      60545
  38.63440      2.32856   46.91781    0.19504      60524
  38.64440      2.32798   47.02503    0.20226      60170
  38.65439      2.32740   47.20861    0.20068      60396
  38.66439      2.32682   47.39435    0.19691      60267
  38.67439      2.32624   47.58301    0.20022      60400
  38.68439      2.32566   47.82903    0.20082      60394
  38.69439      2.32508   48.03184    0.19334      60359
  38.70439      2.32451   48.32332    0.20049      60919
  38.71438      2.32393   48.59076    0.20152      60459
  38.72438      2.32335   48.88149    0.19893      60605
  38.73438      2.32278   49.22611    0.20659      60225
  38.74438      2.32220   49.54395    0.20589      60349
  38.75438      2.32162   49.91341    0.20598      60491
  38.76438      2.32105   50.32785    0.20891      60178
  38.77437      2.32047   50.71163    0.20975      60486
  38.78437      2.31990   51.14240    0.20864      60566
  38.79437      2.31932   51.63187    0.21397      60420
  38.80437      2.31875   52.05375    0.20996      60821
  38.81437      2.31817   52.56543    0.21918      60181
  38.82437      2.31760   53.13195    0.20118      60388
  38.83436      2.31703   53.59395    0.20686      60342
  38.84436      2.31645   54.24267    0.21560      60275
  38.85436      2.31588   54.83244    0.22147      60660
  38.86436      2.31531   55.39935    0.21040      60417
  38.87436      2.31473   56.13912    0.22631      60410
  38.88436      2.31416   56.72343    0.22961      60488
  38.89435      2.31359   57.46531    0.20266      60668
  38.90435      2.31302   58.21109    0.22012      60526
  38.91435      2.31245   58.91137    0.21903      60288
  38.92435      2.31188   59.75701    0.23603      60479
  38.93435      2.31130   60.46614    0.23290      60154
  38.94434      2.31073   61.38350    0.23728      60639
  38.95434      2.31016   62.25545    0.22134      60600
  38.96434      2.30959   63.06821    0.23612      60246
  38.97434      2.30903   63.99209    0.24981      60427
  38.98434      2.30846   64.90011    0.23142      60413
  38.99434      2.30789   65.90306    0.22738      60556
  39.00433      2.30732   66.88207    0.22707      60562
  39.01433      2.30675   67.94805    0.25297      60228
  39.02433      2.30618   68.94887    0.24157      60712
  39.03433      2.30561   70.03771    0.24130      60405
  39.04433      2.30505   71.15494    0.25776      60355
  39.05433      2.30448   72.28047    0.22897      60592
  39.06432      2.30391   73.37112    0.24346      60217
  39.07432      2.30335   74.61416    0.26256      60421
  39.08432      2.30278   75.77181    0.25316      60814
  39.09432      2.30221   77.03028    0.26830      60395
  39.10432      2.30165   78.36309    0.24710      60711
  39.11432      2.30108   79.47878    0.25545      60180
  39.12431      2.30052   80.91119    0.27398      60716
  39.13431      2.29995   82.07947    0.26924      60252
  39.14431      2.29939   83.43953    0.27988      60396
  39.15431      2.29883   84.76407    0.25495      60446
  39.16431      2.29826   86.12906    0.26611      60257
  39.17431      2.29770   87.59712    0.26691      60971
  39.18430      2.29713   88.90130    0.26856      60237
  39.19430      2.29657   90.40885    0.27504      60627
  39.20430      2.29601   91.65793    0.27031      60537
  39.21430      2.29545   93.21401    0.29849      60422
  39.22430      2.29488   94.59876    0.26642      60527
  39.23430      2.29432   95.99729    0.27423      60411
  39.24429      2.29376   97.45405    0.29660      60474
  39.25429      2.29320   98.94505    0.27749      60569
  39.26429      2.29264  100.31056    0.27662      60582
  39.27429      2.29208  101.76061    0.30817      60470
  39.28429      2.29152  103.23720    0.30275      60483
  39.29429      2.29096  104.55288    0.31673      60478
  39.30428      2.29040  106.06137    0.29557      60406
  39.31428      2.28984  107.33523    0.27809      60134
  39.32428      2.28928  108.72591    0.29519      60741
  39.33428      2.28872  110.06440    0.30176      60406
  39.34428      2.28816  111.41228    0.29692      60785
  39.35427      2.28760  112.71502    0.29725      60282
  39.36427      2.28705  113.93174    0.31322      60559
  39.37427      2.28649  115.26753    0.31554      60724
  39.38427      2.28593  116.40988    0.29295      60134
  39.39427      2.28537  117.67670    0.29775      60838
  39.40427      2.28482  118.56304    0.30342      60293
  39.41426      2.28426  119.85350    0.31220      60512
  39.42426      2.28370  120.82079    0.34363      60645
  39.43426      2.28315  121.87772    0.30333      60347
  39.44426      2.28259  122.82748    0.32086      60668
  39.45426      2.28204  123.73062    0.30705      60326
  39.46426      2.28148  124.60689    0.33143      60493
  39.47425      2.28093  125.42934    0.29743      60618
  39.48425      2.28037  126.12041    0.33776      60374
  39.49425      2.27982  126.83596    0.31817      60586
  39.50425      2.27926  127.45930    0.32417      60380
  39.51425      2.27871  128.06737    0.29688      60667
  39.52425      2.27816  128.61373    0.31710      60425
  39.53424      2.27760  128.98688    0.33598      60394
  39.54424      2.27705  129.50332    0.31051      60809
  39.55424      2.27650  129.69981    0.31353      60491
  39.56424      2.27595  129.95033    0.30943      60768
  39.57424      2.27539  130.13888    0.32913      60495
  39.58424      2.27484  130.14050    0.32152      60313
  39.59423      2.27429  130.38751    0.32226      60463
  39.60423      2.27374  130.29932    0.32239      60557
  39.61423      2.27319  130.32063    0.31369      60793
  39.62423      2.27264  130.16208    0.32904      60834
  39.63423      2.27209  129.93841    0.32308      60246
  39.64423      2.27154  129.56467    0.33446      60714
  39.65422      2.27099  129.24658    0.34072      60413
  39.66422      2.27044  128.90172    0.28343      60327
  39.67422      2.26989  128.40081    0.30415      60827
  39.68422      2.26934  127.89880    0.32238      60441
  39.69422      2.26879  127.36683    0.34774      60867
  39.70422      2.26824  126.60515    0.31829      60329
  39.71421      2.26770  126.02602    0.30345      60869
  39.72421      2.26715  125.10804    0.30611      60594
  39.73421      2.26660  124.30464    0.30804      60705
  39.74421      2.26605  123.44268    0.30187      60460
  39.75421      2.26551  122.53224    0.30964      60376
  39.76420      2.26496  121.52877    0.32034      60952
  39.77420      2.26441  120.54361    0.32212      60552
  39.78420      2.26387  119.45636    0.32593      60582
  39.79420      2.26332  118.36450    0.29869      60862
  39.80420      2.26278  117.17875    0.29902      60484
  39.81420      2.26223  115.98637    0.32142      60606
  39.82419      2.26169  114.84025    0.28240      60675
  39.83419      2.26114  113.60826    0.28956      60511
  39.84419      2.26060  112.39243    0.31041      60888
  39.85419      2.26005  110.99451    0.30894      60286
  39.86419      2.25951  109.83677    0.29509      60734
  39.87419      2.25897  108.35431    0.28527      60869
  39.88418      2.25842  107.11378    0.29612      60694
  39.89418      2.25788  105.77404    0.29105      60932
  39.90418      2.25734  104.30563    0.28170      60415
  39.91418      2.25680  102.93700    0.28411      60836
  39.92418      2.25625  101.55428    0.28569      60371
  39.93418      2.25571  100.14148    0.28053      60594
  39.94417      2.25517   98.69361    0.30507      60925
  39.95417      2.25463   97.21449    0.27659      60429
  39.96417      2.25409   95.92958    0.28803      61119
  39.97417      2.25355   94.42369    0.28347      60196
  39.98417      2.25301   92.96587    0.27484      60612
  39.99417      2.25247   91.65035    0.26834      60512
  40.00416      2.25193   90.10567    0.25624      60320
  40.01416      2.25139   88.83281    0.28148      60770
  40.02416      2.25085   87.31831    0.25788      60621
  40.03416      2.25031   86.01043    0.26068      60633
  40.04416      2.24977   84.57832    0.28019      60595
  40.05416      2.24923   83.22747    0.28883      60301
  40.06415      2.24869   81.94855    0.25104      60461
  40.07415      2.24815   80.51692    0.23335      60371
  40.08415      2.24762   79.22787    0.24438      60595
  40.09415      2.24708   77.89814    0.26050      60591
  40.10415      2.24654   76.58649    0.26107      60188
  40.11415      2.24601   75.37076    0.24973      60679
  40.12414      2.24547   74.09703    0.25902      60223
  40.13414      2.24493   72.88172    0.25946      60266
  40.14414      2.24440   71.65210    0.23741      60433
  40.15414      2.24386   70.43562    0.23935      60305
  40.16414      2.24332   69.32078    0.23254      60709
  40.17413      2.24279   68.12651    0.22770      59946
  40.18413      2.24225   67.01801    0.23651      60473
  40.19413      2.24172   65.92544    0.24974      60268
  40.20413      2.24119   64.85346    0.22848      60206
  40.21413      2.24065   63.82747    0.25010      60452
  40.22413      2.24012   62.72025    0.22678      60119
  40.23412      2.23958   61.79580    0.20039      60633
  40.24412      2.23905   60.72164    0.22524      60003
  40.25412      2.23852   59.73354    0.24015      59991
  40.26412      2.23798   58.83552    0.21415      60255
  40.27412      2.23745   57.85032    0.22133      59920
  40.28412      2.23692   57.05545    0.20547      60421
  40.29411      2.23639   56.06248    0.22665      60105
  40.30411      2.23586   55.23625    0.22530      60300
  40.31411      2.23532   54.33912    0.22086      60180
  40.32411      2.23479   53.47764    0.21982      59660
  40.33411      2.23426   52.71702    0.19499      60091
  40.34411      2.23373   51.89851    0.20521      59978
  40.35410      2.23320   51.14334    0.19753      59977
  40.36410      2.23267   50.36739    0.20156      60032
  40.37410      2.23214   49.55868    0.21063      60091
  40.38410      2.23161   48.91004    0.20762      60310
  40.39410      2.23108   48.15096    0.19381      59640
  40.40410      2.23055   47.48535    0.20819      60148
  40.41409      2.23002   46.81845    0.19455      59790
  40.42409      2.22950   46.07576    0.18252      59660
  40.43409      2.22897   45.51108    0.17998      60293
  40.44409      2.22844   44.80665    0.19188      59782
  40.45409      2.22791   44.23653    0.21222      60060
  40.46409      2.22739   43.63838    0.19318      59953
  40.47408      2.22686   43.02348    0.19871      59786
  40.48408      2.22633   42.48962    0.18310      59586
  40.49408      2.22580   41.92275    0.19919      59375
  40.50408      2.22528   41.35067    0.17473      60060
  40.51408      2.22475   40.81739    0.16721      59990
  40.52407      2.22423   40.28587    0.18543      59737
  40.53407      2.22370   39.80064    0.18825      59983
  40.54407      2.22318   39.26842    0.18373      59561
  40.55407      2.22265   38.81758    0.17610      60021
  40.56407      2.22213   38.31885    0.17194      59447
  40.57407      2.22160   37.83616    0.17652      59821
  40.58406      2.22108   37.36751    0.17156      59947
  40.59406      2.22055   36.87385    0.16746      59518
  40.60406      2.22003   36.50191    0.18294      60046
  40.61406      2.21951   36.04597    0.17142      59588
  40.62406      2.21898   35.61896    0.18584      59675
  40.63406      2.21846   35.24982    0.15748      59654
  40.64405      2.21794   34.79229    0.16647      59585
  40.65405      2.21741   34.43059    0.17995      59818
  40.66405      2.21689   34.04254    0.18308      59700
  40.67405      2.21637   33.65695    0.15618      59590
  40.68405      2.21585   33.33544    0.15436      59725
  40.69405      2.21533   32.92345    0.16576      59116
  40.70404      2.21481   32.63560    0.16062      59920
  40.71404      2.21429   32.24490    0.15811      59705
  40.72404      2.21376   31.96109    0.16638      59752
  40.73404      2.21324   31.62830    0.16160      59708
  40.74404      2.21272   31.30036    0.15177      59296
  40.75404      2.21220   31.00367    0.16662      59514
  40.76403      2.21169   30.66720    0.15744      59170
  40.77403      2.21117   30.39326    0.15450      59941
  40.78403      2.21065   30.08939    0.15151      59727
  40.79403      2.21013   29.80253    0.15520      59302
  40.80403      2.20961   29.54540    0.15881      59882
  40.81403      2.20909   29.23908    0.16600      59345
  40.82402      2.20857   28.98207    0.15450      59357
  40.83402      2.20806   28.72854    0.14970      59482
  40.84402      2.20754   28.46131    0.13935      59254
  40.85402      2.20702   28.24119    0.15233      59620
  40.86402      2.20650   27.98807    0.15263      59374
  40.87402      2.20599   27.75828    0.14897      59398
  40.88401      2.20547   27.53404    0.15891      59657
  40.89401      2.20496   27.27177    0.13972      59215
  40.90401      2.20444   27.10095    0.14505      59840
  40.91401      2.20392   26.83018    0.13939      58913
  40.92401      2.20341   26.65404    0.15184      59504
  40.93400      2.20289   26.43155    0.16146      59273
  40.94400      2.20238   26.21778    0.13358      59391
  40.95400      2.20186   26.02674    0.14811      59448
  40.96400      2.20135   25.80287    0.14524      59070
  40.97400      2.20084   25.65383    0.14789      59467
  40.98400      2.20032   25.43159    0.13827      59099
  40.99399      2.19981   25.24632    0.14509      59319
  41.00399      2.19929   25.06000    0.13972      59357
  41.01399      2.19878   24.87908    0.15045      58961
  41.02399      2.19827   24.72806    0.14564      59455
  41.03399      2.19776   24.53403    0.12854      59079
  41.04399      2.19724   24.37805    0.13341      59148
  41.05398      2.19673   24.21382    0.14621      59428
  41.06398      2.19622   24.02990    0.13767      59173
  41.07398      2.19571   23.90797    0.13214      59369
  41.08398      2.19520   23.72496    0.14460      59129
  41.09398      2.19469   23.57717    0.13998      59119
  41.10398      2.19418   23.45463    0.14187      59069
  41.11397      2.19367   23.26332    0.12561      58886
  41.12397      2.19315   23.17331    0.13976      59583
  41.13397      2.19264   22.98782    0.13660      58944
  41.14397      2.19214   22.89276    0.14101      59339
  41.15397      2.19163   22.72653    0.12682      58954
  41.16397      2.19112   22.59160    0.15858      58763
  41.17396      2.19061   22.47527    0.12470      59140
  41.18396      2.19010   22.34010    0.13364      58777
  41.19396      2.18959   22.23434    0.13252      59370
  41.20396      2.18908   22.11121    0.12479      59060
  41.21396      2.18857   21.98180    0.13925      58899
  41.22396      2.18807   21.88458    0.14114      59248
  41.23395      2.18756   21.75254    0.12737      58797
  41.24395      2.18705   21.65860    0.12490      58710
  41.25395      2.18654   21.55570    0.12736      59052
  41.26395      2.18604   21.42511    0.13057      58623
  41.27395      2.18553   21.34464    0.13731      59196
  41.28395      2.18503   21.21340    0.13417      58484
  41.29394      2.18452   21.13613    0.13140      58782
  41.30394      2.18401   21.05091    0.12357      58652
  41.31394      2.18351   20.93586    0.13371      58417
  41.32394      2.18300   20.86184    0.12177      58969
  41.33394      2.18250   20.73204    0.13704      58348
  41.34393      2.18199   20.69071    0.12440      58874
  41.35393      2.18149   20.56721    0.12448      58182
  41.36393      2.18098   20.49800    0.13155      58523
  41.37393      2.18048   20.42262    0.13428      58468
  41.38393      2.17998   20.31922    0.12314      58659
  41.39393      2.17947   20.26149    0.12487      58699
  41.40392      2.17897   20.17263    0.11650      58377
  41.41392      2.17847   20.09420    0.12594      58287
  41.42392      2.17796   20.02284    0.13256      58193
  41.43392      2.17746   19.91109    0.13287      57861
  41.44392      2.17696   19.89265    0.12638      58796
  41.45392      2.17646   19.77752    0.12180      58219
  41.46391      2.17596   19.72998    0.12206      58213
  41.47391      2.17545   19.65467    0.12340      58285
  41.48391      2.17495   19.56494    0.13387      57933
  41.49391      2.17445   19.51306    0.12956      58284
  41.50391      2.17395   19.45195    0.12292      58098
  41.51391      2.17345   19.38533    0.11854      58288
  41.52390      2.17295   19.33406    0.12395      58005
  41.53390      2.17245   19.24684    0.12567      57765
  41.54390      2.17195   19.21395    0.12649      58396
  41.55390      2.17145   19.12876    0.11696      57740
  41.56390      2.17095   19.10974    0.12502      58398
  41.57390      2.17045   19.03404    0.12709      58113
  41.58389      2.16995   18.96944    0.11771      57770
  41.59389      2.16946   18.91360    0.11575      58002
  41.60389      2.16896   18.84589    0.12579      57581
  41.61389      2.16846   18.82918    0.12525      57980
  41.62389      2.16796   18.76928    0.12673      57891
  41.63389      2.16746   18.70656    0.12174      57882
  41.64388      2.16697   18.65890    0.12601      58018
  41.65388      2.16647   18.59569    0.11508      57570
  41.66388      2.16597   18.54618    0.12533      57561
  41.67388      2.16548   18.52495    0.11591      57716
  41.68388      2.16498   18.44137    0.12410      57480
  41.69388      2.16448   18.42465    0.12546      58065
  41.70387      2.16399   18.33260    0.12202      57383
  41.71387      2.16349   18.33127    0.12002      57839
  41.72387      2.16300   18.26116    0.11727      57594
  41.73387      2.16250   18.22860    0.11956      57620
  41.74387      2.16201   18.19498    0.11272      57765
  41.75386      2.16151   18.11581    0.11699      57412
  41.76386      2.16102   18.09441    0.11957      57403
  41.77386      2.16053   18.05177    0.13196      57276
  41.78386      2.16003   18.00333    0.11934      57496
  41.79386      2.15954   17.97691    0.12242      57754
  41.80386      2.15904   17.90575    0.11553      57094
  41.81385      2.15855   17.88751    0.11432      57513
  41.82385      2.15806   17.82860    0.12215      57275
  41.83385      2.15757   17.79914    0.12019      57148
  41.84385      2.15707   17.76061    0.12628      57412
  41.85385      2.15658   17.70260    0.11422      57292
  41.86385      2.15609   17.68998    0.11205      57399
  41.87384      2.15560   17.63238    0.11856      56990
  41.88384      2.15511   17.61515    0.11839      57265
  41.89384      2.15461   17.56896    0.12164      57507
  41.90384      2.15412   17.51864    0.12293      56852
  41.91384      2.15363   17.53654    0.10912      57506
  41.92384      2.15314   17.46515    0.11381      56851
  41.93383      2.15265   17.44209    0.12399      56980
  41.94383      2.15216   17.40244    0.11115      57206
  41.95383      2.15167   17.36960    0.12237      56976
  41.96383      2.15118   17.36809    0.11901      57094
  41.97383      2.15069   17.32535    0.12071      56621
  41.98383      2.15020   17.30358    0.11590      56988
  41.99382      2.14972   17.25552    0.12997      57019
  42.00382      2.14923   17.22876    0.10722      56870
  42.01382      2.14874   17.21457    0.11466      56746
  42.02382      2.14825   17.19457    0.11320      56569
  42.03382      2.14776   17.16847    0.12236      56819
  42.04382      2.14728   17.13657    0.12449      57043
  42.05381      2.14679   17.09686    0.11967      56733
  42.06381      2.14630   17.09972    0.10730      56845
  42.07381      2.14581   17.05240    0.11804      56423
  42.08381      2.14533   17.06868    0.10435      56984
  42.09381      2.14484   17.00047    0.12801      56498
  42.10381      2.14435   16.97761    0.11423      56601
  42.11380      2.14387   16.96646    0.11663      56651
  42.12380      2.14338   16.92492    0.11670      56209
  42.13380      2.14290   16.94603    0.13085      56681
  42.14380      2.14241   16.88644    0.10651      56540
  42.15380      2.14193   16.88206    0.11805      56608
  42.16379      2.14144   16.84152    0.11686      56473
  42.17379      2.14096   16.81836    0.11514      56027
  42.18379      2.14047   16.80408    0.11559      56479
  42.19379      2.13999   16.76766    0.11403      56376
  42.20379      2.13951   16.74799    0.11471      56435
  42.21379      2.13902   16.74187    0.11254      56417
  42.22378      2.13854   16.68444    0.11818      56113
  42.23378      2.13805   16.67678    0.10891      56580
  42.24378      2.13757   16.64372    0.12421      56111
  42.25378      2.13709   16.63310    0.11434      56410
  42.26378      2.13661   16.61212    0.10774      56153
  42.27378      2.13612   16.55389    0.11134      55799
  42.28377      2.13564   16.55512    0.11756      56547
  42.29377      2.13516   16.51848    0.12104      55908
  42.30377      2.13468   16.52751    0.11387      56350
  42.31377      2.13420   16.49262    0.11533      55948
  42.32377      2.13372   16.45539    0.12092      56088
  42.33377      2.13324   16.43385    0.11118      56028
  42.34376      2.13276   16.41794    0.12003      55857
  42.35376      2.13228   16.42523    0.10148      56055
  42.36376      2.13180   16.38874    0.11888      56057
  42.37376      2.13132   16.35766    0.11773      55966
  42.38376      2.13084   16.35488    0.11742      56066
  42.39376      2.13036   16.32451    0.11846      55630
  42.40375      2.12988   16.33180    0.11910      56147
  42.41375      2.12940   16.32312    0.09960      56211
  42.42375      2.12892   16.26648    0.10964      55779
  42.43375      2.12844   16.27785    0.10943      55968
  42.44375      2.12796   16.22182    0.12377      55226
  42.45375      2.12748   16.26691    0.12308      56305
  42.46374      2.12701   16.20287    0.11228      55642
  42.47374      2.12653   16.20802    0.10741      55899
  42.48374      2.12605   16.18273    0.11750      55629
  42.49374      2.12558   16.15163    0.11852      55628
  42.50374      2.12510   16.16384    0.10843      55842
  42.51373      2.12462   16.11356    0.12031      55880
  42.52373      2.12415   16.10386    0.10644      55639
  42.53373      2.12367   16.10408    0.11514      55516
  42.54373      2.12319   16.06219    0.10825      55502
  42.55373      2.12272   16.05994    0.12057      56169
  42.56373      2.12224   16.04600    0.10958      55751
  42.57372      2.12177   16.02143    0.11631      55460
  42.58372      2.12129   16.02836    0.10398      55848
  42.59372      2.12082   15.97978    0.11681      55101
  42.60372      2.12034   15.97980    0.11308      56033
  42.61372      2.11987   15.95761    0.11237      55322
  42.62372      2.11939   15.96679    0.10498      55753
  42.63371      2.11892   15.93580    0.11823      55010
  42.64371      2.11845   15.93029    0.12270      55402
  42.65371      2.11797   15.91195    0.11643      55886
  42.66371      2.11750   15.92174    0.10962      55442
  42.67371      2.11703   15.89754    0.11429      55139
  42.68371      2.11655   15.88047    0.10710      55283
  42.69370      2.11608   15.85200    0.11102      55254
  42.70370      2.11561   15.86539    0.11293      55628
  42.71370      2.11514   15.85445    0.11513      55308
  42.72370      2.11466   15.83398    0.12107      55144
  42.73370      2.11419   15.82428    0.11087      55539
  42.74370      2.11372   15.79852    0.10758      55091
  42.75369      2.11325   15.81134    0.10836      55591
  42.76369      2.11278   15.78393    0.10295      55101
  42.77369      2.11231   15.76446    0.11566      55487
  42.78369      2.11184   15.74324    0.11440      55014
  42.79369      2.11137   15.75005    0.11617      55124
  42.80369      2.11090   15.73151    0.12596      55343
  42.81368      2.11043   15.71676    0.10690      55337
  42.82368      2.10996   15.70314    0.10426      55350
  42.83368      2.10949   15.68531    0.11446      55299
  42.84368      2.10902   15.67139    0.11849      54795
  42.85368      2.10855   15.67212    0.10658      55480
  42.86368      2.10808   15.62301    0.11205      55063
  42.87367      2.10761   15.65270    0.11072      55513
  42.88367      2.10715   15.61880    0.11030      54989
  42.89367      2.10668   15.61177    0.11842      55109
  42.90367      2.10621   15.58670    0.10944      55665
  42.91367      2.10574   15.56705    0.11019      55160
  42.92366      2.10528   15.57944    0.10693      55426
  42.93366      2.10481   15.55314    0.10646      54939
  42.94366      2.10434   15.52310    0.11370      55149
  42.95366      2.10387   15.51841    0.11519      55558
  42.96366      2.10341   15.49987    0.11222      54915
  42.97366      2.10294   15.49687    0.11139      55341
  42.98365      2.10248   15.48575    0.10941      55021
  42.99365      2.10201   15.43047    0.11595      55170
  43.00365      2.10154   15.45304    0.11791      55527
  43.01365      2.10108   15.40997    0.10534      54704
  43.02365      2.10061   15.42827    0.10179      55426
  43.03365      2.10015   15.38445    0.11124      54900
  43.04364      2.09968   15.37964    0.11512      55100
  43.05364      2.09922   15.38148    0.11684      55409
  43.06364      2.09876   15.34529    0.10921      54966
  43.07364      2.09829   15.35094    0.11496      55513
  43.08364      2.09783   15.32052    0.09952      55024
  43.09364      2.09736   15.34031    0.10413      54965
  43.10363      2.09690   15.30702    0.11338      55319
  43.11363      2.09644   15.27589    0.11311      54974
  43.12363      2.09598   15.29635    0.11742      55301
  43.13363      2.09551   15.27927    0.11540      54453
  43.14363      2.09505   15.28192    0.11052      55341
  43.15363      2.09459   15.26728    0.10876      55199
  43.16362      2.09413   15.23941    0.10829      55269
  43.17362      2.09366   15.25547    0.10674      54825
  43.18362      2.09320   15.23179    0.11192      54711
  43.19362      2.09274   15.22553    0.10911      55162
  43.20362      2.09228   15.22540    0.11555      55313
  43.21362      2.09182   15.20822    0.11224      54778
  43.22361      2.09136   15.22188    0.10915      55135
  43.23361      2.09090   15.18511    0.10521      54569
  43.24361      2.09044   15.20117    0.10904      55683
  43.25361      2.08998   15.17432    0.10584      55031
  43.26361      2.08952   15.18001    0.10953      54912
  43.27361      2.08906   15.16878    0.10900      54794
  43.28360      2.08860   15.14446    0.10996      54723
  43.29360      2.08814   15.15892    0.10928      55302
  43.30360      2.08768   15.14850    0.11604      54976
  43.31360      2.08722   15.13190    0.11292      54756
  43.32360      2.08676   15.13205    0.10812      55185
  43.33359      2.08630   15.10986    0.10873      54674
  43.34359      2.08585   15.11976    0.10684      55193
  43.35359      2.08539   15.08315    0.11988      54486
  43.36359      2.08493   15.08857    0.10476      55052
  43.37359      2.08447   15.09615    0.10448      54795
  43.38359      2.08402   15.06723    0.11491      54910
  43.39358      2.08356   15.07960    0.11241      55067
  43.40358      2.08310   15.04405    0.10926      54743
  43.41358      2.08265   15.05763    0.11093      54862
  43.42358      2.08219   15.06103    0.10034      55233
  43.43358      2.08173   15.02093    0.10419      54786
  43.44358      2.08128   15.02315    0.11213      54929
  43.45357      2.08082   15.01785    0.10865      54431
  43.46357      2.08037   15.02943    0.11841      54952
  43.47357      2.07991   15.01924    0.11275      55055
  43.48357      2.07946   14.98991    0.10799      54602
  43.49357      2.07900   15.01464    0.10194      55144
  43.50357      2.07855   14.99471    0.10845      54476
  43.51356      2.07809   15.01124    0.12033      55010
  43.52356      2.07764   14.97732    0.10834      54788
  43.53356      2.07718   14.98401    0.10772      54629
  43.54356      2.07673   14.98921    0.10919      54826
  43.55356      2.07628   14.98888    0.11341      54892
  43.56356      2.07582   14.96918    0.10540      54841
  43.57355      2.07537   14.97262    0.10665      55068
  43.58355      2.07492   14.94888    0.10367      54507
  43.59355      2.07446   14.97632    0.10920      55195
  43.60355      2.07401   14.94666    0.11355      54633
  43.61355      2.07356   14.95027    0.10576      55082
  43.62355      2.07311   14.93723    0.11456      54573
  43.63354      2.07266   14.92992    0.10807      55030
  43.64354      2.07220   14.95128    0.10312      54986
  43.65354      2.07175   14.92001    0.10926      54787
  43.66354      2.07130   14.92179    0.11144      54949
  43.67354      2.07085   14.91221    0.11880      54970
  43.68354      2.07040   14.90738    0.11354      54500
  43.69353      2.06995   14.92432    0.09867      55016
  43.70353      2.06950   14.88994    0.11282      54495
  43.71353      2.06905   14.90324    0.11524      55208
  43.72353      2.06860   14.88991    0.10424      54653
  43.73353      2.06815   14.90734    0.10608      54901
  43.74352      2.06770   14.88371    0.10942      55086
  43.75352      2.06725   14.86830    0.10835      54756
  43.76352      2.06680   14.89909    0.10503      55148
  43.77352      2.06635   14.86974    0.10435      54493
  43.78352      2.06590   14.87072    0.11104      54773
  43.79352      2.06545   14.84932    0.11872      54993
  43.80351      2.06501   14.84869    0.10928      54520
  43.81351      2.06456   14.88261    0.10543      55057
  43.82351      2.06411   14.83567    0.10896      54767
  43.83351      2.06366   14.83843    0.10692      54968
  43.84351      2.06322   14.84566    0.10715      54754
  43.85351      2.06277   14.82042    0.11794      54387
  43.86350      2.06232   14.82674    0.10916      55019
  43.87350      2.06187   14.82092    0.11497      54763
  43.88350      2.06143   14.82657    0.10372      54786
  43.89350      2.06098   14.80079    0.09857      54917
  43.90350      2.06054   14.79645    0.11171      54634
  43.91350      2.06009   14.82329    0.10947      55050
  43.92349      2.05964   14.78177    0.10851      54813
  43.93349      2.05920   14.77863    0.10281      54967
  43.94349      2.05875   14.78902    0.11639      54685
  43.95349      2.05831   14.76359    0.11038      54321
  43.96349      2.05786   14.77955    0.10608      55035
  43.97349      2.05742   14.74225    0.10578      54829
  43.98348      2.05697   14.75605    0.10273      54812
  43.99348      2.05653   14.76609    0.11161      54704
  44.00348      2.05609   14.73101    0.11724      54826
  44.01348      2.05564   14.72763    0.10865      54803
  44.02348      2.05520   14.73435    0.12089      54427
  44.03348      2.05475   14.74447    0.10191      54719
  44.04347      2.05431   14.70574    0.09936      55036
  44.05347      2.05387   14.70976    0.09983      54583
  44.06347      2.05343   14.71785    0.11805      54771
  44.07347      2.05298   14.70933    0.11415      54713
  44.08347      2.05254   14.70522    0.10647      54883
  44.09347      2.05210   14.68075    0.10195      54763
  44.10346      2.05166   14.69128    0.11237      54570
  44.11346      2.05121   14.68877    0.10780      54910
  44.12346      2.05077   14.67041    0.10983      54549
  44.13346      2.05033   14.66595    0.10099      54766
  44.14346      2.04989   14.67367    0.11034      54449
  44.15345      2.04945   14.66427    0.11040      55189
  44.16345      2.04901   14.68280    0.10851      54821
  44.17345      2.04857   14.64462    0.11761      54477
  44.18345      2.04813   14.64836    0.10760      54425
  44.19345      2.04769   14.66907    0.11446      54961
  44.20345      2.04725   14.65170    0.10145      54618
  44.21344      2.04681   14.65823    0.10100      54596
  44.22344      2.04637   14.62187    0.11199      54761
  44.23344      2.04593   14.66938    0.10603      54935
  44.24344      2.04549   14.66127    0.10407      54310
  44.25344      2.04505   14.63689    0.11382      54885
  44.26344      2.04461   14.65218    0.10552      54990
  44.27343      2.04417   14.65528    0.11374      54574
  44.28343      2.04373   14.65586    0.10510      54591
  44.29343      2.04330   14.63256    0.10082      54618
  44.30343      2.04286   14.63681    0.10271      54785
  44.31343      2.04242   14.67044    0.11462      54830
  44.32343      2.04198   14.63502    0.11024      54438
  44.33342      2.04155   14.65602    0.11472      54781
  44.34342      2.04111   14.63896    0.11140      54694
  44.35342      2.04067   14.65883    0.11354      54474
  44.36342      2.04024   14.65125    0.10091      54827
  44.37342      2.03980   14.62432    0.09971      54436
  44.38342      2.03936   14.66782    0.10642      54882
  44.39341      2.03893   14.64399    0.10926      54803
  44.40341      2.03849   14.63498    0.11349      54326
  44.41341      2.03805   14.65456    0.11429      54923
  44.42341      2.03762   14.64283    0.10899      54479
  44.43341      2.03718   14.64273    0.10130      55037
  44.44341      2.03675   14.63239    0.10519      54327
  44.45340      2.03631   14.64847    0.09712      54765
  44.46340      2.03588   14.61785    0.11528      54715
  44.47340      2.03544   14.64300    0.11586      54629
  44.48340      2.03501   14.63945    0.10863      54457
  44.49340      2.03458   14.63844    0.11003      54793
  44.50339      2.03414   14.62792    0.10600      54787
  44.51339      2.03371   14.63113    0.11728      54371
  44.52339      2.03328   14.64738    0.10815      54345
  44.53339      2.03284   14.61299    0.09728      54848
  44.54339      2.03241   14.63429    0.10957      54594
  44.55339      2.03198   14.64598    0.10735      54527
  44.56338      2.03154   14.63971    0.11239      54568
  44.57338      2.03111   14.61529    0.10697      54624
  44.58338      2.03068   14.66172    0.11477      54637
  44.59338      2.03025   14.65304    0.10391      54490
  44.60338      2.02981   14.64141    0.10365      54610
  44.61338      2.02938   14.61925    0.10566      54314
  44.62337      2.02895   14.66236    0.10691      54474
  44.63337      2.02852   14.64143    0.10873      54624
  44.64337      2.02809   14.65529    0.10989      54281
  44.65337      2.02766   14.64838    0.10750      54558
  44.66337      2.02723   14.65043    0.11603      54230
  44.67337      2.02680   14.65761    0.11199      54657
  44.68336      2.02637   14.67726    0.10756      54146
  44.69336      2.02594   14.63994    0.10093      54344
  44.70336      2.02551   14.65542    0.10388      54643
  44.71336      2.02508   14.65981    0.10685      54115
  44.72336      2.02465   14.67459    0.11202      54136
  44.73336      2.02422   14.65333    0.11027      54612
  44.74335      2.02379   14.66346    0.11332      54314
  44.75335      2.02336   14.68082    0.10773      54349
  44.76335      2.02293   14.65181    0.10018      54124
  44.77335      2.02250   14.67309    0.10356      54672
  44.78335      2.02207   14.66962    0.10979      54100
  44.79335      2.02165   14.66864    0.10515      54053
  44.80334      2.02122   14.66216    0.11192      54403
  44.81334      2.02079   14.68149    0.11631      54218
  44.82334      2.02036   14.67611    0.10950      53931
  44.83334      2.01994   14.67922    0.10807      54248
  44.84334      2.01951   14.67057    0.10056      54388
  44.85334      2.01908   14.69570    0.11174      54221
  44.86333      2.01865   14.67377    0.11547      53854
  44.87333      2.01823   14.68523    0.10387      53886
  44.88333      2.01780   14.70736    0.10833      54510
  44.89333      2.01738   14.67659    0.10938      54039
  44.90333      2.01695   14.70477    0.11174      54058
  44.91332      2.01652   14.70696    0.10269      54117
  44.92332      2.01610   14.70400    0.10859      54289
  44.93332      2.01567   14.69722    0.10595      53862
  44.94332      2.01525   14.71483    0.10927      54030
  44.95332      2.01482   14.70921    0.10230      54101
  44.96332      2.01440   14.69304    0.10898      54202
  44.97331      2.01397   14.70599    0.11784      53559
  44.98331      2.01355   14.73263    0.10909      54003
  44.99331      2.01312   14.68263    0.10391      54226
  45.00331      2.01270   14.72346    0.10868      54078
  45.01331      2.01228   14.71913    0.11201      53424
  45.02331      2.01185   14.69418    0.11049      54322
  45.03330      2.01143   14.70242    0.11400      53693
  45.04330      2.01101   14.71242    0.10132      53636
  45.05330      2.01058   14.70788    0.10713      53966
  45.06330      2.01016   14.71332    0.11405      54152
  45.07330      2.00974   14.70957    0.10682      53759
  45.08330      2.00932   14.69745    0.10670      53787
  45.09329      2.00889   14.71471    0.11102      53844
  45.10329      2.00847   14.71537    0.09703      54225
  45.11329      2.00805   14.68280    0.11017      53379
  45.12329      2.00763   14.69962    0.11408      53971
  45.13329      2.00721   14.70962    0.11042      53656
  45.14329      2.00678   14.69807    0.10716      53801
  45.15328      2.00636   14.71192    0.10424      53858
  45.16328      2.00594   14.71957    0.10742      53758
  45.17328      2.00552   14.70091    0.11415      53642
  45.18328      2.00510   14.70107    0.10863      53894
  45.19328      2.00468   14.70876    0.11353      53278
  45.20328      2.00426   14.72686    0.11442      53758
  45.21327      2.00384   14.69409    0.10237      53736
  45.22327      2.00342   14.73056    0.10745      53735
  45.23327      2.00300   14.73602    0.10617      53350
  45.24327      2.00258   14.71082    0.10645      54037
  45.25327      2.00216   14.73811    0.10891      53567
  45.26327      2.00174   14.74372    0.11045      53431
  45.27326      2.00133   14.73474    0.10913      53964
  45.28326      2.00091   14.73216    0.10771      53460
  45.29326      2.00049   14.74849    0.10725      53287
  45.30326      2.00007   14.75852    0.10473      53686
  45.31326      1.99965   14.74751    0.11270      53614
  45.32325      1.99923   14.77324    0.11046      53618
  45.33325      1.99882   14.75711    0.10667      53360
  45.34325      1.99840   14.78084    0.11802      53619
  45.35325      1.99798   14.78135    0.10845      53577
  45.36325      1.99756   14.76578    0.11245      53336
  45.37325      1.99715   14.79944    0.10522      53325
  45.38324      1.99673   14.79697    0.10849      53456
  45.39324      1.99631   14.77771    0.10908      53539
  45.40324      1.99590   14.83023    0.10193      53473
  45.41324      1.99548   14.81230    0.11484      53259
  45.42324      1.99507   14.81103    0.11074      53840
  45.43324      1.99465   14.81996    0.10728      53136
  45.44323      1.99423   14.84937    0.10445      53276
  45.45323      1.99382   14.81128    0.10882      53666
  45.46323      1.99340   14.84708    0.11061      53224
  45.47323      1.99299   14.86069    0.10571      53220
  45.48323      1.99257   14.84651    0.10990      53614
  45.49323      1.99216   14.85045    0.11274      53123
  45.50322      1.99174   14.88088    0.10723      53166
  45.51322      1.99133   14.87078    0.11662      53442
  45.52322      1.99092   14.86875    0.11134      53352
  45.53322      1.99050   14.88920    0.11379      52755
  45.54322      1.99009   14.88865    0.10629      53507
  45.55322      1.98967   14.90046    0.10062      53302
  45.56321      1.98926   14.90477    0.10851      53094
  45.57321      1.98885   14.90381    0.11515      53606
  45.58321      1.98844   14.92301    0.11364      53036
  45.59321      1.98802   14.92050    0.10863      53141
  45.60321      1.98761   14.91393    0.10233      53283
  45.61321      1.98720   14.95684    0.11076      53357
  45.62320      1.98678   14.91963    0.10656      53011
  45.63320      1.98637   14.93420    0.11101      52932
  45.64320      1.98596   14.96022    0.10597      53426
  45.65320      1.98555   14.94421    0.11423      53023
  45.66320      1.98514   14.94805    0.11648      52973
  45.67320      1.98473   14.98531    0.11236      53345
  45.68319      1.98432   14.97058    0.10894      53040
  45.69319      1.98390   14.95833    0.11523      52815
  45.70319      1.98349   14.99821    0.10504      53186
  45.71319      1.98308   14.99847    0.10613      52960
  45.72319      1.98267   14.98387    0.11093      53048
  45.73318      1.98226   15.01884    0.10919      53153
  45.74318      1.98185   15.00921    0.11198      52939
  45.75318      1.98144   15.02609    0.10754      52894
  45.76318      1.98103   15.03291    0.11293      53064
  45.77318      1.98062   15.04769    0.10633      53416
  45.78318      1.98021   15.03997    0.10364      52644
  45.79317      1.97981   15.05515    0.11574      52853
  45.80317      1.97940   15.05304    0.11181      53089
  45.81317      1.97899   15.08589    0.10736      52869
  45.82317      1.97858   15.07728    0.11399      52904
  45.83317      1.97817   15.09093    0.11447      53137
  45.84317      1.97776   15.10251    0.10860      52522
  45.85316      1.97735   15.11543    0.10874      53172
  45.86316      1.97695   15.10714    0.11625      52755
  45.87316      1.97654   15.13856    0.10983      52791
  45.88316      1.97613   15.12822    0.10462      52919
  45.89316      1.97572   15.14336    0.11253      52887
  45.90316      1.97532   15.16549    0.11125      52579
  45.91315      1.97491   15.16130    0.11390      52993
  45.92315      1.97450   15.16524    0.11109      52909
  45.93315      1.97410   15.20773    0.10382      52877
  45.94315      1.97369   15.17856    0.10680      52758
  45.95315      1.97328   15.18376    0.11030      52572
  45.96315      1.97288   15.22145    0.11133      52751
  45.97314      1.97247   15.20898    0.11106      52834
  45.98314      1.97207   15.22912    0.11674      52750
  45.99314      1.97166   15.23057    0.11048      52843
  46.00314      1.97126   15.25777    0.11577      52693
  46.01314      1.97085   15.25576    0.10422      52518
  46.02314      1.97045   15.25474    0.11746      52939
  46.03313      1.97004   15.27878    0.11435      52498
  46.04313      1.96964   15.28878    0.11076      52469
  46.05313      1.96923   15.27678    0.10667      52663
  46.06313      1.96883   15.32570    0.11645      52860
  46.07313      1.96842   15.32310    0.10881      52341
  46.08313      1.96802   15.32380    0.10695      53003
  46.09312      1.96762   15.33373    0.12442      52505
  46.10312      1.96721   15.35342    0.09795      52696
  46.11312      1.96681   15.34883    0.11262      52658
  46.12312      1.96641   15.38037    0.11716      52288
  46.13312      1.96600   15.37634    0.10540      52664
  46.14311      1.96560   15.39305    0.12167      52510
  46.15311      1.96520   15.41805    0.10707      52606
  46.16311      1.96480   15.41190    0.11047      52400
  46.17311      1.96439   15.42941    0.11882      52523
  46.18311      1.96399   15.46041    0.11496      52983
  46.19311      1.96359   15.44851    0.11259      52062
  46.20310      1.96319   15.48531    0.11619      52358
  46.21310      1.96279   15.49108    0.10907      52770
  46.22310      1.96239   15.50546    0.10937      52063
  46.23310      1.96199   15.54662    0.11042      52529
  46.24310      1.96158   15.53362    0.11172      52760
  46.25310      1.96118   15.58216    0.11630      52207
  46.26309      1.96078   15.57364    0.11187      52531
  46.27309      1.96038   15.61070    0.10587      52720
  46.28309      1.95998   15.63463    0.11599      52006
  46.29309      1.95958   15.63019    0.11209      52526
  46.30309      1.95918   15.67031    0.10647      52476
  46.31309      1.95878   15.70450    0.11802      52107
  46.32308      1.95838   15.68428    0.10981      52461
  46.33308      1.95798   15.75331    0.11795      52650
  46.34308      1.95759   15.75048    0.11624      51967
  46.35308      1.95719   15.77623    0.11069      52729
  46.36308      1.95679   15.79736    0.12229      51978
  46.37308      1.95639   15.82042    0.11977      52040
  46.38307      1.95599   15.85303    0.10179      52718
  46.39307      1.95559   15.86731    0.11313      51909
  46.40307      1.95519   15.88564    0.11711      52229
  46.41307      1.95480   15.91645    0.11405      52582
  46.42307      1.95440   15.92878    0.11869      52139
  46.43307      1.95400   15.97488    0.10780      52424
  46.44306      1.95360   15.99290    0.11498      52379
  46.45306      1.95321   15.98446    0.11000      52077
  46.46306      1.95281   16.02928    0.11088      51998
  46.47306      1.95241   16.04649    0.11706      52302
  46.48306      1.95202   16.07450    0.11849      52310
  46.49305      1.95162   16.09685    0.11464      51786
  46.50305      1.95122   16.11798    0.11549      52702
  46.51305      1.95083   16.13632    0.12637      51920
  46.52305      1.95043   16.17531    0.11049      51872
  46.53305      1.95003   16.17625    0.11451      52451
  46.54305      1.94964   16.20995    0.11490      51921
  46.55304      1.94924   16.23130    0.10893      51954
  46.56304      1.94885   16.26706    0.11940      52404
  46.57304      1.94845   16.28991    0.11829      51721
  46.58304      1.94806   16.31506    0.11112      52454
  46.59304      1.94766   16.34272    0.11995      51822
  46.60304      1.94727   16.37338    0.10843      52576
  46.61303      1.94687   16.40286    0.11188      51855
  46.62303      1.94648   16.42238    0.11306      51801
  46.63303      1.94609   16.44679    0.12263      52282
  46.64303      1.94569   16.49947    0.11618      51874
  46.65303      1.94530   16.50695    0.11551      52107
  46.66303      1.94491   16.54714    0.12168      51961
  46.67302      1.94451   16.60697    0.11312      51784
  46.68302      1.94412   16.60167    0.12036      52439
  46.69302      1.94373   16.64241    0.12301      51634
  46.70302      1.94333   16.70425    0.11952      51858
  46.71302      1.94294   16.70557    0.11321      52212
  46.72302      1.94255   16.76420    0.11254      51347
  46.73301      1.94216   16.81499    0.11779      52347
  46.74301      1.94176   16.80477    0.12738      51810
  46.75301      1.94137   16.89055    0.11274      52012
  46.76301      1.94098   16.90456    0.11778      51943
  46.77301      1.94059   16.95517    0.11220      51915
  46.78301      1.94020   16.98730    0.11650      51808
  46.79300      1.93981   17.02698    0.12039      51956
  46.80300      1.93941   17.06142    0.11704      51762
  46.81300      1.93902   17.12213    0.12052      51834
  46.82300      1.93863   17.14312    0.12099      51781
  46.83300      1.93824   17.18870    0.12147      51962
  46.84300      1.93785   17.25056    0.11720      51791
  46.85299      1.93746   17.26326    0.11982      51954
  46.86299      1.93707   17.31841    0.12414      51587
  46.87299      1.93668   17.36603    0.11645      51517
  46.88299      1.93629   17.39706    0.12467      52299
  46.89299      1.93590   17.44779    0.11802      51265
  46.90298      1.93551   17.50955    0.11881      52127
  46.91298      1.93512   17.52730    0.11833      51450
  46.92298      1.93473   17.60721    0.12283      51870
  46.93298      1.93435   17.63412    0.11351      52009
  46.94298      1.93396   17.69344    0.12140      51491
  46.95298      1.93357   17.73343    0.12057      51845
  46.96297      1.93318   17.79592    0.12545      51627
  46.97297      1.93279   17.83893    0.11415      51526
  46.98297      1.93240   17.90713    0.12815      51933
  46.99297      1.93202   17.94927    0.12084      51348
  47.00297      1.93163   18.01219    0.12340      52099
  47.01297      1.93124   18.08417    0.12985      51474
  47.02296      1.93085   18.11276    0.12676      51527
  47.03296      1.93047   18.18658    0.12568      51860
  47.04296      1.93008   18.25600    0.12043      51081
  47.05296      1.92969   18.30032    0.11254      52060
  47.06296      1.92931   18.39069    0.12531      51552
  47.07296      1.92892   18.43544    0.12551      51393
  47.08295      1.92853   18.50797    0.13001      51954
  47.09295      1.92815   18.59528    0.12477      51147
  47.10295      1.92776   18.64368    0.12063      52117
  47.11295      1.92738   18.73952    0.12066      51535
  47.12295      1.92699   18.78977    0.11829      51148
  47.13295      1.92660   18.86083    0.12688      51685
  47.14294      1.92622   18.95099    0.13135      51409
  47.15294      1.92583   19.03641    0.12544      51652
  47.16294      1.92545   19.11035    0.13868      51507
  47.17294      1.92506   19.19973    0.11535      51439
  47.18294      1.92468   19.27320    0.13590      51584
  47.19294      1.92430   19.35304    0.12849      51546
  47.20293      1.92391   19.45619    0.12742      51210
  47.21293      1.92353   19.51819    0.12734      51501
  47.22293      1.92314   19.63732    0.12801      51261
  47.23293      1.92276   19.73577    0.12790      51587
  47.24293      1.92238   19.78559    0.12472      51417
  47.25293      1.92199   19.93735    0.13278      51455
  47.26292      1.92161   19.99685    0.12620      51769
  47.27292      1.92123   20.11734    0.12177      51171
  47.28292      1.92084   20.22389    0.13477      51573
  47.29292      1.92046   20.28791    0.13503      50830
  47.30292      1.92008   20.44640    0.12258      51741
  47.31291      1.91969   20.55026    0.13300      51239
  47.32291      1.91931   20.65131    0.12872      51300
  47.33291      1.91893   20.77693    0.14611      51727
  47.34291      1.91855   20.88692    0.13034      50715
  47.35291      1.91817   21.02460    0.13957      51981
  47.36291      1.91779   21.14740    0.13641      50964
  47.37290      1.91740   21.26288    0.13396      51344
  47.38290      1.91702   21.41212    0.12438      51384
  47.39290      1.91664   21.54445    0.14298      50781
  47.40290      1.91626   21.68782    0.13426      52018
  47.41290      1.91588   21.85060    0.13417      51047
  47.42290      1.91550   21.95344    0.13802      51192
  47.43289      1.91512   22.15496    0.13020      51552
  47.44289      1.91474   22.27796    0.13171      50818
  47.45289      1.91436   22.44996    0.13647      51635
  47.46289      1.91398   22.62837    0.14522      51105
  47.47289      1.91360   22.77833    0.13915      51034
  47.48289      1.91322   22.98308    0.14246      51319
  47.49288      1.91284   23.13174    0.14324      50796
  47.50288      1.91246   23.34559    0.14045      51704
  47.51288      1.91208   23.51525    0.13838      51258
  47.52288      1.91170   23.73538    0.14904      50844
  47.53288      1.91132   23.90565    0.15139      51595
  47.54288      1.91094   24.12072    0.14187      50406
  47.55287      1.91057   24.34970    0.14277      51760
  47.56287      1.91019   24.55905    0.13959      51046
  47.57287      1.90981   24.80895    0.14212      50727
  47.58287      1.90943   24.99089    0.15495      51589
  47.59287      1.90905   25.26089    0.14588      50720
  47.60287      1.90868   25.51044    0.13951      51738
  47.61286      1.90830   25.75798    0.15134      50903
  47.62286      1.90792   26.01215    0.14375      50826
  47.63286      1.90754   26.27401    0.15536      51223
  47.64286      1.90717   26.53066    0.14994      50769
  47.65286      1.90679   26.83469    0.15737      51330
  47.66286      1.90641   27.12147    0.14594      51219
  47.67285      1.90604   27.39261    0.16550      50671
  47.68285      1.90566   27.72013    0.16137      51487
  47.69285      1.90528   27.98531    0.15462      50791
  47.70285      1.90491   28.33713    0.16062      50866
  47.71285      1.90453   28.63807    0.14925      51251
  47.72284      1.90416   28.98311    0.15920      50623
  47.73284      1.90378   29.30991    0.15421      51588
  47.74284      1.90341   29.64899    0.16282      50326
  47.75284      1.90303   30.04242    0.16457      51396
  47.76284      1.90266   30.39362    0.15162      51158
  47.77284      1.90228   30.77471    0.16185      50646
  47.78283      1.90191   31.14618    0.17240      51225
  47.79283      1.90153   31.53822    0.15712      50366
  47.80283      1.90116   31.96862    0.17392      51481
  47.81283      1.90078   32.36995    0.16820      50823
  47.82283      1.90041   32.79209    0.16699      50778
  47.83283      1.90004   33.23009    0.18537      51123
  47.84282      1.89966   33.66802    0.17396      50711
  47.85282      1.89929   34.13870    0.16745      50942
  47.86282      1.89891   34.60433    0.17672      51234
  47.87282      1.89854   35.05754    0.19054      50212
  47.88282      1.89817   35.55603    0.16583      51264
  47.89282      1.89780   36.04679    0.17062      50572
  47.90281      1.89742   36.57417    0.17900      50997
  47.91281      1.89705   37.09304    0.19676      51059
  47.92281      1.89668   37.60551    0.17719      50316
  47.93281      1.89631   38.15813    0.16933      51556
  47.94281      1.89593   38.68426    0.18978      50296
  47.95281      1.89556   39.26590    0.16980      51020
  47.96280      1.89519   39.81360    0.18776      50640
  47.97280      1.89482   40.39066    0.20694      50620
  47.98280      1.89445   40.97051    0.19924      51055
  47.99280      1.89408   41.55969    0.18067      50661
  48.00280      1.89370   42.14974    0.19598      50842
  48.01280      1.89333   42.77525    0.18882      51015
  48.02279      1.89296   43.34120    0.20335      50427
  48.03279      1.89259   43.96340    0.21446      51035
  48.04279      1.89222   44.57519    0.19342      50264
  48.05279      1.89185   45.16559    0.19177      51043
  48.06279      1.89148   45.81899    0.19281      50551
  48.07278      1.89111   46.40613    0.20324      50558
  48.08278      1.89074   47.03353    0.19082      51055
  48.09278      1.89037   47.64936    0.20098      50580
  48.10278      1.89000   48.25074    0.20028      50871
  48.11278      1.88963   48.87870    0.20166      50538
  48.12278      1.88926   49.43576    0.21906      50429
  48.13277      1.88889   50.06164    0.20452      50827
  48.14277      1.88852   50.62819    0.20004      50695
  48.15277      1.88816   51.23412    0.20393      50742
  48.16277      1.88779   51.80134    0.22416      50592
  48.17277      1.88742   52.31655    0.21256      50503
  48.18277      1.88705   52.90415    0.22234      50700
  48.19276      1.88668   53.39342    0.22563      50744
  48.20276      1.88631   53.93552    0.20190      50338
  48.21276      1.88595   54.41229    0.20136      50622
  48.22276      1.88558   54.90636    0.21625      50539
  48.23276      1.88521   55.36296    0.22833      50449
  48.24276      1.88484   55.79989    0.20544      51008
  48.25275      1.88448   56.20915    0.22251      50115
  48.26275      1.88411   56.63946    0.20991      51265
  48.27275      1.88374   56.96345    0.20053      49998
  48.28275      1.88338   57.35991    0.21787      50826
  48.29275      1.88301   57.58807    0.22260      50334
  48.30275      1.88264   57.94616    0.21326      50438
  48.31274      1.88228   58.14066    0.23292      50700
  48.32274      1.88191   58.44061    0.22317      50336
  48.33274      1.88154   58.57755    0.21458      50699
  48.34274      1.88118   58.79157    0.21827      50455
  48.35274      1.88081   58.89245    0.21835      50471
  48.36274      1.88045   58.99348    0.23329      50708
  48.37273      1.88008   59.06797    0.23785      49883
  48.38273      1.87972   59.12004    0.21116      50855
  48.39273      1.87935   59.12095    0.21092      50154
  48.40273      1.87899   59.08997    0.21446      50705
  48.41273      1.87862   59.02398    0.21649      50375
  48.42273      1.87826   58.94314    0.22741      50585
  48.43272      1.87789   58.80466    0.19987      50388
  48.44272      1.87753   58.64571    0.21725      50451
  48.45272      1.87717   58.40841    0.23029      50077
  48.46272      1.87680   58.24883    0.20300      50516
  48.47272      1.87644   57.92121    0.22376      50425
  48.48271      1.87607   57.68166    0.22652      50438
  48.49271      1.87571   57.33423    0.21460      50437
  48.50271      1.87535   57.01446    0.21442      50225
  48.51271      1.87498   56.65902    0.23252      50597
  48.52271      1.87462   56.23245    0.21530      50425
  48.53271      1.87426   55.83730    0.22305      50022
  48.54270      1.87390   55.36459    0.20184      50611
  48.55270      1.87353   54.90066    0.20208      49918
  48.56270      1.87317   54.44299    0.22186      50710
  48.57270      1.87281   53.91272    0.20806      50121
  48.58270      1.87245   53.41643    0.21715      50462
  48.59270      1.87208   52.86222    0.19076      50462
  48.60269      1.87172   52.26525    0.19790      50106
  48.61269      1.87136   51.71148    0.22321      50351
  48.62269      1.87100   51.10226    0.19664      50112
  48.63269      1.87064   50.51223    0.20916      50380
  48.64269      1.87028   49.93182    0.20384      50102
  48.65269      1.86992   49.26722    0.21547      50283
  48.66268      1.86956   48.70729    0.19642      50551
  48.67268      1.86920   48.01026    0.21562      50200
  48.68268      1.86883   47.41548    0.19729      50171
  48.69268      1.86847   46.73004    0.20651      50439
  48.70268      1.86811   46.11738    0.20765      49685
  48.71268      1.86775   45.45527    0.18239      50609
  48.72267      1.86739   44.85415    0.20172      49856
  48.73267      1.86703   44.17419    0.19003      50450
  48.74267      1.86667   43.55438    0.19126      50236
  48.75267      1.86632   42.90551    0.18988      50104
  48.76267      1.86596   42.26125    0.18954      50352
  48.77267      1.86560   41.62677    0.18300      49935
  48.78266      1.86524   40.98090    0.17917      50229
  48.79266      1.86488   40.41012    0.18398      50090
  48.80266      1.86452   39.75387    0.19680      50290
  48.81266      1.86416   39.18923    0.19046      49950
  48.82266      1.86380   38.58115    0.18606      50219
  48.83266      1.86345   37.98519    0.17547      50094
  48.84265      1.86309   37.43274    0.18070      50488
  48.85265      1.86273   36.86455    0.18599      49942
  48.86265      1.86237   36.28778    0.18991      50010
  48.87265      1.86201   35.74247    0.18186      49856
  48.88265      1.86166   35.21504    0.16919      50083
  48.89264      1.86130   34.71036    0.16868      50207
  48.90264      1.86094   34.16913    0.17222      50129
  48.91264      1.86058   33.66942    0.17127      50313
  48.92264      1.86023   33.18715    0.16327      49929
  48.93264      1.85987   32.68148    0.16023      50197
  48.94264      1.85951   32.25309    0.16741      49885
  48.95263      1.85916   31.75626    0.17864      50035
  48.96263      1.85880   31.34552    0.16046      49842
  48.97263      1.85845   30.88982    0.16638      50134
  48.98263      1.85809   30.49393    0.15801      49812
  48.99263      1.85773   30.08082    0.17137      50355
  49.00263      1.85738   29.69244    0.16138      50026
  49.01262      1.85702   29.28181    0.17903      49943
  49.02262      1.85667   28.93024    0.15196      49912
  49.03262      1.85631   28.54355    0.15528      49952
  49.04262      1.85596   28.18782    0.16457      50031
  49.05262      1.85560   27.88041    0.14600      49883
  49.06262      1.85525   27.48669    0.15980      49910
  49.07261      1.85489   27.22597    0.15307      50089
  49.08261      1.85454   26.85638    0.14804      50234
  49.09261      1.85418   26.60563    0.14349      49636
  49.10261      1.85383   26.24168    0.14381      50211
  49.11261      1.85348   25.99175    0.16634      49364
  49.12261      1.85312   25.68610    0.14512      50463
  49.13260      1.85277   25.44414    0.13737      49721
  49.14260      1.85241   25.16564    0.16283      49985
  49.15260      1.85206   24.93278    0.15517      49884
  49.16260      1.85171   24.65968    0.14489      49747
  49.17260      1.85136   24.45048    0.13973      50198
  49.18260      1.85100   24.19137    0.15049      49676
  49.19259      1.85065   23.96784    0.14857      50013
  49.20259      1.85030   23.75145    0.15338      49689
  49.21259      1.84994   23.52988    0.13193      49679
  49.22259      1.84959   23.35121    0.14182      50316
  49.23259      1.84924   23.13627    0.13989      49645
  49.24259      1.84889   22.92507    0.13775      50137
  49.25258      1.84854   22.75865    0.13789      49590
  49.26258      1.84818   22.53654    0.13917      49976
  49.27258      1.84783   22.40510    0.13054      49579
  49.28258      1.84748   22.19336    0.13389      49847
  49.29258      1.84713   22.03875    0.14692      49757
  49.30257      1.84678   21.87475    0.13840      49863
  49.31257      1.84643   21.71280    0.14329      49834
  49.32257      1.84608   21.56288    0.12592      49919
  49.33257      1.84573   21.41685    0.14528      49820
  49.34257      1.84537   21.27778    0.13867      49540
  49.35257      1.84502   21.12165    0.13444      49949
  49.36256      1.84467   20.98230    0.14707      49738
  49.37256      1.84432   20.85781    0.12286      49627
  49.38256      1.84397   20.71467    0.13115      49869
  49.39256      1.84362   20.60070    0.13430      49555
  49.40256      1.84327   20.47108    0.13231      49859
  49.41256      1.84292   20.37760    0.12593      49742
  49.42255      1.84258   20.21850    0.12519      49978
  49.43255      1.84223   20.12331    0.13691      49604
  49.44255      1.84188   19.99433    0.12606      49542
  49.45255      1.84153   19.90242    0.13106      49753
  49.46255      1.84118   19.81426    0.12853      49610
  49.47255      1.84083   19.67936    0.12934      49820
  49.48254      1.84048   19.59520    0.12908      49488
  49.49254      1.84013   19.50334    0.13955      49691
  49.50254      1.83979   19.38927    0.13069      49883
  49.51254      1.83944   19.32974    0.12140      49603
  49.52254      1.83909   19.19673    0.13240      49807
  49.53254      1.83874   19.14313    0.13435      49218
  49.54253      1.83839   19.01549    0.12755      49768
  49.55253      1.83805   18.96637    0.12385      49637
  49.56253      1.83770   18.87728    0.12237      49837
  49.57253      1.83735   18.78583    0.12709      49639
  49.58253      1.83700   18.71019    0.11698      49544
  49.59253      1.83666   18.63072    0.12000      49831
  49.60252      1.83631   18.52743    0.13097      49417
  49.61252      1.83596   18.49861    0.12517      49525
  49.62252      1.83562   18.37363    0.12539      49663
  49.63252      1.83527   18.35731    0.12042      49288
  49.64252      1.83492   18.24314    0.13082      49991
  49.65252      1.83458   18.21075    0.12744      49443
  49.66251      1.83423   18.12561    0.11886      49719
  49.67251      1.83389   18.06885    0.12875      49523
  49.68251      1.83354   18.00328    0.13168      49439
  49.69251      1.83320   17.93261    0.13301      49467
  49.70251      1.83285   17.86205    0.11345      49680
  49.71250      1.83251   17.83169    0.11544      49348
  49.72250      1.83216   17.74105    0.12306      49759
  49.73250      1.83182   17.72189    0.12951      49260
  49.74250      1.83147   17.63624    0.11957      49890
  49.75250      1.83113   17.58985    0.11337      49612
  49.76250      1.83078   17.53502    0.12146      49277
  49.77249      1.83044   17.46640    0.11441      49696
  49.78249      1.83009   17.45171    0.12641      49062
  49.79249      1.82975   17.36377    0.12643      49742
  49.80249      1.82940   17.33285    0.11871      49515
  49.81249      1.82906   17.27871    0.12610      49315
  49.82249      1.82872   17.23625    0.12180      49593
  49.83248      1.82837   17.18490    0.11950      49576
  49.84248      1.82803   17.15003    0.12668      49461
  49.85248      1.82769   17.07098    0.11591      49485
  49.86248      1.82734   17.06674    0.12375      49021
  49.87248      1.82700   16.98738    0.11941      49851
  49.88248      1.82666   16.96116    0.12342      49105
  49.89247      1.82632   16.90942    0.11576      49691
  49.90247      1.82597   16.86632    0.11111      49515
  49.91247      1.82563   16.83747    0.11523      49324
  49.92247      1.82529   16.78201    0.12137      49574
  49.93247      1.82495   16.73639    0.11527      49184
  49.94247      1.82460   16.70642    0.12014      49447
  49.95246      1.82426   16.66827    0.11428      49292
  49.96246      1.82392   16.62087    0.12178      49399
  49.97246      1.82358   16.61005    0.11653      49495
  49.98246      1.82324   16.53285    0.12414      49411
  49.99246      1.82290   16.54270    0.12464      49123
  50.00246      1.82256   16.46199    0.12383      49664
  50.01245      1.82222   16.46104    0.11233      49228
  50.02245      1.82187   16.41359    0.12651      49502
  50.03245      1.82153   16.36774    0.11828      49220
  50.04245      1.82119   16.35972    0.11080      49207
  50.05245      1.82085   16.31021    0.11471      49589
  50.06244      1.82051   16.28208    0.12391      49048
  50.07244      1.82017   16.26464    0.11459      49691
  50.08244      1.81983   16.22800    0.11088      49115
  50.09244      1.81949   16.18126    0.10555      49426
  50.10244      1.81915   16.18018    0.12234      49138
  50.11244      1.81881   16.12042    0.12123      49197
  50.12243      1.81847   16.12321    0.11915      49490
  50.13243      1.81814   16.08029    0.11728      49165
  50.14243      1.81780   16.06945    0.11228      49363
  50.15243      1.81746   16.05667    0.11634      49462
  50.16243      1.81712   15.99350    0.11805      49157
  50.17243      1.81678   16.02150    0.12714      49348
  50.18242      1.81644   15.95209    0.11871      49249
  50.19242      1.81610   15.96880    0.11950      49003
  50.20242      1.81576   15.92278    0.10563      49523
  50.21242      1.81543   15.89196    0.11557      48982
  50.22242      1.81509   15.90705    0.11822      49531
  50.23242      1.81475   15.85929    0.11806      49226
  50.24241      1.81441   15.86406    0.10573      49115
  50.25241      1.81408   15.82219    0.11197      49372
  50.26241      1.81374   15.80881    0.12668      48604
  50.27241      1.81340   15.80276    0.11002      49667
  50.28241      1.81306   15.79224    0.10902      49133
  50.29241      1.81273   15.76343    0.11964      49188
  50.30240      1.81239   15.76627    0.12353      49464
  50.31240      1.81205   15.73235    0.11376      48804
  50.32240      1.81172   15.74121    0.11610      49709
  50.33240      1.81138   15.72479    0.11558      48838
  50.34240      1.81104   15.69216    0.12064      49277
  50.35240      1.81071   15.72100    0.11457      49294
  50.36239      1.81037   15.64375    0.11924      48729
  50.37239      1.81004   15.69393    0.11366      49490
  50.38239      1.80970   15.66248    0.11452      49161
  50.39239      1.80936   15.63702    0.10632      48790
  50.40239      1.80903   15.67424    0.10958      49664
  50.41239      1.80869   15.61245    0.11748      48862
  50.42238      1.80836   15.63022    0.11838      49050
  50.43238      1.80802   15.61252    0.10938      49218
  50.44238      1.80769   15.58828    0.11922      48848
  50.45238      1.80735   15.62791    0.11338      49211
  50.46238      1.80702   15.58218    0.11360      49353
  50.47237      1.80668   15.60467    0.11219      48795
  50.48237      1.80635   15.57204    0.12360      49584
  50.49237      1.80602   15.55556    0.12165      48504
  50.50237      1.80568   15.58345    0.11692      49474
  50.51237      1.80535   15.55891    0.11365      49180
  50.52237      1.80501   15.55543    0.11410      48661
  50.53236      1.80468   15.54928    0.11295      49376
  50.54236      1.80435   15.54798    0.11134      48574
  50.55236      1.80401   15.53839    0.11804      49424
  50.56236      1.80368   15.53654    0.11066      49306
  50.57236      1.80335   15.53341    0.10831      48650
  50.58236      1.80301   15.52021    0.10862      49371
  50.59235      1.80268   15.53858    0.10982      48633
  50.60235      1.80235   15.49824    0.12615      49209
  50.61235      1.80202   15.52787    0.12488      49096
  50.62235      1.80168   15.50750    0.10706      48830
  50.63235      1.80135   15.52256    0.11111      49265
  50.64235      1.80102   15.53256    0.12063      48955
  50.65234      1.80069   15.50193    0.11990      49009
  50.66234      1.80035   15.53312    0.10926      49248
  50.67234      1.80002   15.51532    0.12717      48725
  50.68234      1.79969   15.52057    0.12250      49037
  50.69234      1.79936   15.54475    0.11051      48971
  50.70234      1.79903   15.51672    0.10857      49029
  50.71233      1.79870   15.54346    0.10979      48996
  50.72233      1.79837   15.53080    0.11868      48787
  50.73233      1.79803   15.54574    0.10446      49244
  50.74233      1.79770   15.56581    0.11697      48828
  50.75233      1.79737   15.52772    0.11375      48819
  50.76233      1.79704   15.57577    0.11231      49010
  50.77232      1.79671   15.57220    0.11038      48920
  50.78232      1.79638   15.57826    0.11614      49011
  50.79232      1.79605   15.60705    0.12430      48927
  50.80232      1.79572   15.57475    0.12063      48834
  50.81232      1.79539   15.61330    0.11444      49159
  50.82232      1.79506   15.62748    0.10995      48769
  50.83231      1.79473   15.61994    0.12427      49120
  50.84231      1.79440   15.66828    0.12297      48751
  50.85231      1.79407   15.62113    0.11273      48660
  50.86231      1.79374   15.66458    0.11665      49084
  50.87231      1.79342   15.69527    0.11766      48810
  50.88230      1.79309   15.67791    0.11186      48939
  50.89230      1.79276   15.72378    0.10379      49127
  50.90230      1.79243   15.71274    0.11104      48622
  50.91230      1.79210   15.72635    0.12041      49113
  50.92230      1.79177   15.76836    0.12068      48710
  50.93230      1.79144   15.75179    0.11112      48782
  50.94229      1.79112   15.78642    0.11686      48952
  50.95229      1.79079   15.81201    0.11454      48762
  50.96229      1.79046   15.82159    0.11397      48884
  50.97229      1.79013   15.86217    0.12624      48811
  50.98229      1.78980   15.84873    0.12229      48808
  50.99229      1.78948   15.88714    0.12348      49039
  51.00228      1.78915   15.92455    0.10920      48785
  51.01228      1.78882   15.92065    0.11747      48770
  51.02228      1.78850   15.96313    0.11654      48911
  51.03228      1.78817   15.97543    0.11424      48541
  51.04228      1.78784   16.01457    0.12177      49030
  51.05228      1.78752   16.03670    0.10981      48658
  51.06227      1.78719   16.06019    0.11123      49042
  51.07227      1.78686   16.07710    0.11218      48559
  51.08227      1.78654   16.12372    0.12003      48746
  51.09227      1.78621   16.14438    0.11355      48942
  51.10227      1.78588   16.17679    0.12392      48605
  51.11227      1.78556   16.20738    0.12353      48794
  51.12226      1.78523   16.25105    0.11157      49043
  51.13226      1.78491   16.28280    0.12103      48430
  51.14226      1.78458   16.31378    0.12119      49082
  51.15226      1.78426   16.35444    0.11713      48811
  51.16226      1.78393   16.38325    0.12446      48590
  51.17226      1.78361   16.42970    0.12891      48940
  51.18225      1.78328   16.46114    0.12246      48293
  51.19225      1.78296   16.50361    0.10468      49003
  51.20225      1.78263   16.54869    0.12410      48778
  51.21225      1.78231   16.59259    0.11944      48636
  51.22225      1.78198   16.63190    0.11378      48996
  51.23225      1.78166   16.66746    0.11707      48425
  51.24224      1.78133   16.71080    0.11626      48583
  51.25224      1.78101   16.77011    0.11722      48930
  51.26224      1.78069   16.81623    0.11620      48538
  51.27224      1.78036   16.86411    0.12788      48666
  51.28224      1.78004   16.91125    0.12125      48720
  51.29223      1.77971   16.96407    0.13235      48593
  51.30223      1.77939   17.02929    0.11575      49027
  51.31223      1.77907   17.07841    0.12152      48586
  51.32223      1.77875   17.13229    0.12361      48849
  51.33223      1.77842   17.18557    0.12818      48699
  51.34223      1.77810   17.24499    0.12509      48487
  51.35222      1.77778   17.30936    0.12065      48749
  51.36222      1.77745   17.36307    0.12270      48405
  51.37222      1.77713   17.43372    0.11510      48809
  51.38222      1.77681   17.50857    0.10916      48748
  51.39222      1.77649   17.55939    0.12524      48532
  51.40222      1.77616   17.62437    0.12869      48670
  51.41221      1.77584   17.69913    0.12385      48371
  51.42221      1.77552   17.76981    0.12400      48689
  51.43221      1.77520   17.85774    0.11414      48844
  51.44221      1.77488   17.91178    0.13247      48427
  51.45221      1.77456   17.99920    0.12800      48772
  51.46221      1.77424   18.07485    0.12574      48478
  51.47220      1.77391   18.14944    0.13699      48628
  51.48220      1.77359   18.24115    0.12660      48957
  51.49220      1.77327   18.31346    0.12417      48565
  51.50220      1.77295   18.39470    0.12907      48336
  51.51220      1.77263   18.48569    0.12705      48705
  51.52220      1.77231   18.57115    0.12516      48602
  51.53219      1.77199   18.66135    0.12496      48570
  51.54219      1.77167   18.74763    0.12653      48664
  51.55219      1.77135   18.83402    0.11762      48522
  51.56219      1.77103   18.92734    0.11954      48301
  51.57219      1.77071   19.02390    0.12693      48699
  51.58219      1.77039   19.12171    0.13304      48462
  51.59218      1.77007   19.21630    0.13819      48556
  51.60218      1.76975   19.31985    0.13279      48589
  51.61218      1.76943   19.42822    0.12278      48757
  51.62218      1.76911   19.52086    0.12518      48308
  51.63218      1.76879   19.63585    0.14317      48702
  51.64218      1.76847   19.73819    0.13268      48575
  51.65217      1.76816   19.84909    0.14310      48500
  51.66217      1.76784   19.95884    0.13397      48621
  51.67217      1.76752   20.06014    0.12660      48478
  51.68217      1.76720   20.17672    0.12544      48286
  51.69217      1.76688   20.30765    0.13213      48726
  51.70216      1.76656   20.41790    0.13303      48632
  51.71216      1.76625   20.51980    0.12497      48354
  51.72216      1.76593   20.65048    0.13338      48465
  51.73216      1.76561   20.76986    0.13416      48423
  51.74216      1.76529   20.89207    0.13385      48340
  51.75216      1.76497   21.02549    0.13102      48718
  51.76215      1.76466   21.13971    0.13851      48239
  51.77215      1.76434   21.27278    0.14059      48548
  51.78215      1.76402   21.40819    0.15138      48742
  51.79215      1.76371   21.52408    0.13379      48410
  51.80215      1.76339   21.66430    0.12897      48555
  51.81215      1.76307   21.78259    0.14278      48529
  51.82214      1.76276   21.91606    0.14973      48187
  51.83214      1.76244   22.05277    0.14470      48580
  51.84214      1.76212   22.17607    0.14067      48478
  51.85214      1.76181   22.30702    0.12883      48345
  51.86214      1.76149   22.46655    0.12939      48596
  51.87214      1.76117   22.57892    0.13323      48485
  51.88213      1.76086   22.70327    0.14196      48361
  51.89213      1.76054   22.84694    0.15055      48255
  51.90213      1.76023   22.97322    0.13375      48355
  51.91213      1.75991   23.10642    0.13756      48501
  51.92213      1.75960   23.25037    0.14442      48388
  51.93213      1.75928   23.37570    0.14244      48453
  51.94212      1.75897   23.49856    0.14203      48323
  51.95212      1.75865   23.64763    0.15137      48444
  51.96212      1.75834   23.77024    0.14628      48704
  51.97212      1.75802   23.88757    0.15109      48226
  51.98212      1.75771   24.03537    0.14163      48539
  51.99212      1.75739   24.14309    0.14629      48304
  52.00211      1.75708   24.25240    0.15184      48124
  52.01211      1.75676   24.41315    0.13960      48544
  52.02211      1.75645   24.50380    0.14888      48292
  52.03211      1.75613   24.64688    0.13022      48525
  52.04211      1.75582   24.76171    0.14049      48288
  52.05210      1.75551   24.85422    0.13904      48277
  52.06210      1.75519   24.98702    0.15365      48423
  52.07210      1.75488   25.09236    0.15449      48201
  52.08210      1.75457   25.19674    0.15063      48387
  52.09210      1.75425   25.31430    0.14170      48618
  52.10210      1.75394   25.40679    0.14338      48088
  52.11209      1.75363   25.51906    0.15916      48491
  52.12209      1.75331   25.61748    0.15249      48484
  52.13209      1.75300   25.70132    0.15239      47965
  52.14209      1.75269   25.80922    0.15389      48672
  52.15209      1.75238   25.86653    0.15701      48222
  52.16209      1.75206   25.97025    0.14615      48171
  52.17208      1.75175   26.05388    0.14518      48571
  52.18208      1.75144   26.12597    0.14691      48224
  52.19208      1.75113   26.20340    0.14064      48437
  52.20208      1.75082   26.25900    0.14750      48184
  52.21208      1.75050   26.32223    0.14921      48085
  52.22208      1.75019   26.39683    0.14180      48418
  52.23207      1.74988   26.42891    0.14812      48064
  52.24207      1.74957   26.49064    0.14981      48529
  52.25207      1.74926   26.54130    0.16895      48371
  52.26207      1.74895   26.56592    0.15311      47978
  52.27207      1.74864   26.61988    0.14576      48620
  52.28207      1.74833   26.64657    0.14466      48176
  52.29206      1.74801   26.66791    0.16127      48239
  52.30206      1.74770   26.69332    0.16244      48602
  52.31206      1.74739   26.69312    0.15605      48050
  52.32206      1.74708   26.71509    0.15398      48087
  52.33206      1.74677   26.71062    0.14724      48432
  52.34206      1.74646   26.72429    0.14782      48236
  52.35205      1.74615   26.72269    0.13510      48223
  52.36205      1.74584   26.69347    0.15308      48205
  52.37205      1.74553   26.69124    0.14750      48345
  52.38205      1.74522   26.64373    0.15304      48126
  52.39205      1.74491   26.62742    0.15262      47813
  52.40205      1.74460   26.62725    0.14385      48685
  52.41204      1.74430   26.55551    0.15330      48140
  52.42204      1.74399   26.53362    0.15052      47998
  52.43204      1.74368   26.49597    0.16089      48647
  52.44204      1.74337   26.41188    0.15429      47887
  52.45204      1.74306   26.38909    0.15721      48385
  52.46203      1.74275   26.31989    0.14157      48628
  52.47203      1.74244   26.23640    0.15591      47919
  52.48203      1.74213   26.18592    0.15484      48196
  52.49203      1.74183   26.09504    0.16944      47981
  52.50203      1.74152   26.02929    0.13338      48313
  52.51203      1.74121   25.95045    0.14185      48221
  52.52202      1.74090   25.85454    0.13849      48171
  52.53202      1.74059   25.74969    0.14444      48300
  52.54202      1.74029   25.66346    0.15394      47933
  52.55202      1.73998   25.56042    0.15148      47960
  52.56202      1.73967   25.46294    0.14085      48479
  52.57202      1.73936   25.33671    0.15032      47834
  52.58201      1.73906   25.25401    0.14378      48509
  52.59201      1.73875   25.12600    0.15158      48279
  52.60201      1.73844   25.01308    0.15495      48043
  52.61201      1.73814   24.90431    0.14505      48264
  52.62201      1.73783   24.76895    0.15313      48157
  52.63201      1.73752   24.64276    0.15925      48310
  52.64200      1.73722   24.51986    0.13939      48083
  52.65200      1.73691   24.37411    0.15227      47683
  52.66200      1.73660   24.28027    0.13789      48632
  52.67200      1.73630   24.12806    0.13940      47983
  52.68200      1.73599   23.98920    0.13995      47984
  52.69200      1.73569   23.85606    0.13543      48316
  52.70199      1.73538   23.71209    0.13362      47832
  52.71199      1.73507   23.58283    0.14673      48210
  52.72199      1.73477   23.45202    0.14317      48076
  52.73199      1.73446   23.29609    0.15148      48002
  52.74199      1.73416   23.17550    0.14136      48126
  52.75199      1.73385   23.01527    0.13784      48258
  52.76198      1.73355   22.88799    0.13897      48231
  52.77198      1.73324   22.75289    0.14944      48230
  52.78198      1.73294   22.58716    0.14920      47762
  52.79198      1.73263   22.48222    0.14205      48524
  52.80198      1.73233   22.31524    0.13857      48051
  52.81198      1.73202   22.16550    0.15288      47617
  52.82197      1.73172   22.05079    0.12820      48425
  52.83197      1.73142   21.88994    0.13053      47840
  52.84197      1.73111   21.75278    0.12618      48232
  52.85197      1.73081   21.61027    0.13688      48152
  52.86197      1.73050   21.44434    0.13818      47696
  52.87196      1.73020   21.34478    0.13119      48261
  52.88196      1.72990   21.19320    0.12828      48001
  52.89196      1.72959   21.04742    0.14361      47955
  52.90196      1.72929   20.93355    0.13381      48341
  52.91196      1.72899   20.76947    0.13978      47744
  52.92196      1.72868   20.64605    0.13232      48467
  52.93195      1.72838   20.51083    0.13583      48133
  52.94195      1.72808   20.35883    0.13758      47614
  52.95195      1.72777   20.25985    0.13526      48443
  52.96195      1.72747   20.10962    0.14479      47959
  52.97195      1.72717   19.96655    0.13641      48004
  52.98195      1.72687   19.85464    0.12141      48099
  52.99194      1.72657   19.71662    0.12961      47833
  53.00194      1.72626   19.59190    0.12688      48267
  53.01194      1.72596   19.45450    0.12316      47596
  53.02194      1.72566   19.33339    0.13103      47931
  53.03194      1.72536   19.22949    0.11842      48304
  53.04194      1.72506   19.09064    0.14208      47668
  53.05193      1.72475   18.97301    0.12815      48248
  53.06193      1.72445   18.86396    0.12697      48180
  53.07193      1.72415   18.72140    0.12635      47677
  53.08193      1.72385   18.63856    0.13350      48023
  53.09193      1.72355   18.51720    0.12780      48151
  53.10193      1.72325   18.39207    0.13059      48098
  53.11192      1.72295   18.30654    0.13010      48102
  53.12192      1.72265   18.17746    0.12473      48034
  53.13192      1.72235   18.06636    0.12980      47922
  53.14192      1.72205   17.97504    0.13041      47886
  53.15192      1.72175   17.85790    0.12219      47784
  53.16192      1.72144   17.77114    0.11237      48379
  53.17191      1.72114   17.65107    0.11389      47699
  53.18191      1.72084   17.55758    0.12372      47832
  53.19191      1.72054   17.46772    0.12712      48055
  53.20191      1.72025   17.35842    0.12457      47759
  53.21191      1.71995   17.27635    0.11507      48187
  53.22191      1.71965   17.18313    0.13043      47721
  53.23190      1.71935   17.08465    0.12086      47991
  53.24190      1.71905   17.02660    0.12442      48229
  53.25190      1.71875   16.91363    0.12497      47956
  53.26190      1.71845   16.82996    0.12538      47910
  53.27190      1.71815   16.75696    0.12387      48169
  53.28189      1.71785   16.66720    0.12520      48005
  53.29189      1.71755   16.58326    0.12630      47753
  53.30189      1.71725   16.50635    0.11860      47699
  53.31189      1.71696   16.43243    0.11611      47986
  53.32189      1.71666   16.36293    0.10430      48208
  53.33189      1.71636   16.26891    0.11730      47592
  53.34188      1.71606   16.20116    0.12378      47982
  53.35188      1.71576   16.14347    0.10969      47753
  53.36188      1.71546   16.05999    0.11726      47871
  53.37188      1.71517   16.00372    0.12225      47975
  53.38188      1.71487   15.93493    0.12156      48021
  53.39188      1.71457   15.85827    0.11320      47790
  53.40187      1.71427   15.80801    0.12299      47920
  53.41187      1.71398   15.74325    0.12048      48025
  53.42187      1.71368   15.68932    0.11881      48072
  53.43187      1.71338   15.61588    0.11987      47764
  53.44187      1.71309   15.56487    0.11754      48159
  53.45187      1.71279   15.50053    0.11961      47872
  53.46186      1.71249   15.44438    0.12320      47697
  53.47186      1.71220   15.37842    0.10883      47549
  53.48186      1.71190   15.33997    0.10557      48203
  53.49186      1.71160   15.27779    0.11249      47746
  53.50186      1.71131   15.21704    0.10918      47885
  53.51186      1.71101   15.17113    0.11178      47697
  53.52185      1.71071   15.12021    0.11995      47886
  53.53185      1.71042   15.06640    0.11413      48008
  53.54185      1.71012   15.01902    0.10849      47785
  53.55185      1.70983   14.96633    0.11623      47776
  53.56185      1.70953   14.92811    0.12650      47795
  53.57185      1.70924   14.87289    0.11132      48168
  53.58184      1.70894   14.82554    0.11357      47870
  53.59184      1.70864   14.78374    0.11551      47830
  53.60184      1.70835   14.72872    0.12190      47941
  53.61184      1.70805   14.68912    0.11166      47910
  53.62184      1.70776   14.64490    0.11730      47611
  53.63184      1.70747   14.59363    0.10852      47878
  53.64183      1.70717   14.55426    0.10026      47850
  53.65183      1.70688   14.51336    0.11297      47796
  53.66183      1.70658   14.46344    0.10929      47548
  53.67183      1.70629   14.42032    0.11136      47989
  53.68183      1.70599   14.38145    0.10586      47814
  53.69182      1.70570   14.33682    0.11448      47700
  53.70182      1.70540   14.30112    0.10921      47892
  53.71182      1.70511   14.24990    0.12304      47792
  53.72182      1.70482   14.22154    0.10383      47835
  53.73182      1.70452   14.18572    0.11067      48096
  53.74182      1.70423   14.13624    0.12397      47725
  53.75181      1.70394   14.10393    0.11376      47886
  53.76181      1.70364   14.06381    0.10997      47941
  53.77181      1.70335   14.02095    0.11148      47562
  53.78181      1.70306   13.98748    0.11474      47825
  53.79181      1.70276   13.94265    0.10893      47710
  53.80181      1.70247   13.91838    0.09838      47990
  53.81180      1.70218   13.87637    0.10788      47601
  53.82180      1.70189   13.83128    0.10232      47586
  53.83180      1.70159   13.81191    0.11555      47812
  53.84180      1.70130   13.78373    0.10601      47733
  53.85180      1.70101   13.73400    0.11219      47677
  53.86180      1.70072   13.72652    0.10527      48134
  53.87179      1.70042   13.67225    0.11553      47584
  53.88179      1.70013   13.65739    0.10581      47873
  53.89179      1.69984   13.62057    0.11796      47632
  53.90179      1.69955   13.59977    0.11224      47923
  53.91179      1.69926   13.58086    0.10156      48073
  53.92179      1.69897   13.53928    0.11900      47585
  53.93178      1.69867   13.51534    0.11195      47705
  53.94178      1.69838   13.48756    0.11637      47950
  53.95178      1.69809   13.45996    0.09870      47498
  53.96178      1.69780   13.43960    0.09872      47674
  53.97178      1.69751   13.41320    0.10323      47986
  53.98178      1.69722   13.37767    0.10635      47411
  53.99177      1.69693   13.36944    0.11015      47663
  54.00177      1.69664   13.32899    0.10151      47735
  54.01177      1.69635   13.31688    0.10837      47631
  54.02177      1.69606   13.30159    0.10729      48063
  54.03177      1.69577   13.25998    0.10777      47494
  54.04176      1.69548   13.25478    0.11551      47798
  54.05176      1.69519   13.23982    0.11206      47952
  54.06176      1.69490   13.19626    0.10327      47594
  54.07176      1.69461   13.20080    0.11044      48099
  54.08176      1.69432   13.16552    0.11499      47624
  54.09176      1.69403   13.14671    0.10553      47688
  54.10175      1.69374   13.12945    0.11082      47750
  54.11175      1.69345   13.09921    0.10844      47490
  54.12175      1.69316   13.08503    0.09866      47744
  54.13175      1.69287   13.07546    0.09483      47774
  54.14175      1.69258   13.02961    0.10205      47363
  54.15175      1.69229   13.03906    0.10472      48009
  54.16174      1.69200   13.00400    0.11021      47436
  54.17174      1.69172   12.98307    0.11209      47568
  54.18174      1.69143   12.98455    0.09945      48075
  54.19174      1.69114   12.94299    0.10043      47596
  54.20174      1.69085   12.94279    0.11827      47644
  54.21174      1.69056   12.92998    0.10938      48000
  54.22173      1.69027   12.87797    0.10816      47476
  54.23173      1.68999   12.89905    0.11225      47832
  54.24173      1.68970   12.86267    0.10261      47697
  54.25173      1.68941   12.84329    0.10793      47702
  54.26173      1.68912   12.83799    0.10986      47904
  54.27173      1.68883   12.79522    0.11005      47294
  54.28172      1.68855   12.79840    0.08931      47726
  54.29172      1.68826   12.77668    0.10519      47626
  54.30172      1.68797   12.74370    0.09999      47367
  54.31172      1.68769   12.74918    0.10097      47946
  54.32172      1.68740   12.72482    0.10474      47738
  54.33172      1.68711   12.69616    0.10758      47284
  54.34171      1.68683   12.70671    0.10913      47863
  54.35171      1.68654   12.66687    0.10471      47486
  54.36171      1.68625   12.67568    0.10306      48012
  54.37171      1.68597   12.65042    0.10622      47707
  54.38171      1.68568   12.62400    0.11021      47326
  54.39171      1.68539   12.63106    0.10933      47986
  54.40170      1.68511   12.60810    0.11064      47861
  54.41170      1.68482   12.58547    0.10746      47317
  54.42170      1.68453   12.58205    0.10344      47847
  54.43170      1.68425   12.56397    0.10283      47526
  54.44170      1.68396   12.55519    0.09244      47703
  54.45169      1.68368   12.53181    0.10842      47375
  54.46169      1.68339   12.51681    0.09584      47345
  54.47169      1.68311   12.51797    0.10000      48024
  54.48169      1.68282   12.50852    0.10411      47511
  54.49169      1.68254   12.48483    0.10739      47353
  54.50169      1.68225   12.48545    0.10099      47945
  54.51168      1.68197   12.46848    0.11267      47548
  54.52168      1.68168   12.45445    0.10171      47722
  54.53168      1.68140   12.45118    0.10526      47695
  54.54168      1.68111   12.43027    0.10472      47426
  54.55168      1.68083   12.43923    0.11054      48057
  54.56168      1.68054   12.40816    0.10758      47628
  54.57167      1.68026   12.39778    0.10743      47526
  54.58167      1.67997   12.40757    0.10374      47667
  54.59167      1.67969   12.37375    0.09784      47396
  54.60167      1.67941   12.36355    0.09660      47523
  54.61167      1.67912   12.36158    0.09661      47794
  54.62167      1.67884   12.34768    0.10022      47207
  54.63166      1.67856   12.34021    0.10987      47673
  54.64166      1.67827   12.32130    0.09556      47585
  54.65166      1.67799   12.31736    0.10091      47437
  54.66166      1.67771   12.30986    0.11033      47942
  54.67166      1.67742   12.29778    0.10928      47289
  54.68166      1.67714   12.27984    0.10086      47587
  54.69165      1.67686   12.28659    0.10759      47918
  54.70165      1.67657   12.27057    0.10070      47582
  54.71165      1.67629   12.26347    0.10878      47543
  54.72165      1.67601   12.25221    0.10624      47666
  54.73165      1.67573   12.23485    0.10943      47634
  54.74165      1.67544   12.24261    0.10665      47687
  54.75164      1.67516   12.21085    0.10174      47466
  54.76164      1.67488   12.20526    0.08712      47386
  54.77164      1.67460   12.20112    0.09848      47580
  54.78164      1.67431   12.18793    0.11151      47332
  54.79164      1.67403   12.18017    0.09466      47676
  54.80164      1.67375   12.17109    0.10705      47487
  54.81163      1.67347   12.15834    0.10338      47308
  54.82163      1.67319   12.16699    0.09879      48054
  54.83163      1.67291   12.13257    0.10157      47314
  54.84163      1.67262   12.13257    0.11349      47628
  54.85163      1.67234   12.14086    0.10390      47667
  54.86162      1.67206   12.11417    0.10935      47677
  54.87162      1.67178   12.10994    0.10089      47518
  54.88162      1.67150   12.09963    0.10001      47730
  54.89162      1.67122   12.09377    0.11152      47522
  54.90162      1.67094   12.08211    0.11473      47508
  54.91162      1.67066   12.06947    0.09654      47462
  54.92161      1.67038   12.06634    0.08970      47499
  54.93161      1.67010   12.05259    0.09669      47541
  54.94161      1.66982   12.04211    0.09860      47234
  54.95161      1.66954   12.03741    0.09766      47399
  54.96161      1.66926   12.03336    0.11737      47761
  54.97161      1.66898   12.02525    0.09580      47452
  54.98160      1.66870   12.01744    0.10058      47663
  54.99160      1.66842   12.01310    0.10963      47239
  55.00160      1.66814   12.00288    0.10093      47708
  55.01160      1.66786   11.99891    0.10620      47808
  55.02160      1.66758   11.99864    0.10699      47507
  55.03160      1.66730   11.97839    0.10171      47572
  55.04159      1.66702   11.98916    0.10907      47638
  55.05159      1.66674   11.96572    0.10330      47603
  55.06159      1.66646   11.96099    0.10387      47340
  55.07159      1.66618   11.96188    0.10075      47497
  55.08159      1.66590   11.95198    0.09229      47311
  55.09159      1.66563   11.94282    0.09336      47574
  55.10158      1.66535   11.93259    0.09856      47299
  55.11158      1.66507   11.92444    0.10320      47513
  55.12158      1.66479   11.93881    0.10079      47510
  55.13158      1.66451   11.92379    0.10491      47506
  55.14158      1.66423   11.90475    0.10181      47568
  55.15158      1.66396   11.90971    0.10267      47370
  55.16157      1.66368   11.91237    0.10024      47818
  55.17157      1.66340   11.89053    0.11093      47483
  55.18157      1.66312   11.89520    0.10290      47457
  55.19157      1.66284   11.87642    0.11077      47521
  55.20157      1.66257   11.89049    0.09710      47678
  55.21157      1.66229   11.88155    0.10397      47752
  55.22156      1.66201   11.86177    0.10749      47284
  55.23156      1.66174   11.85528    0.09693      47075
  55.24156      1.66146   11.86045    0.09539      47674
  55.25156      1.66118   11.84295    0.09169      47311
  55.26156      1.66090   11.84815    0.10316      47632
  55.27155      1.66063   11.83185    0.09854      47344
  55.28155      1.66035   11.82808    0.09927      47276
  55.29155      1.66007   11.83539    0.10705      47713
  55.30155      1.65980   11.81119    0.10062      47370
  55.31155      1.65952   11.81290    0.10035      47417
  55.32155      1.65925   11.81279    0.10961      47762
  55.33154      1.65897   11.80189    0.10092      47287
  55.34154      1.65869   11.79231    0.10191      47662
  55.35154      1.65842   11.79444    0.11211      47614
  55.36154      1.65814   11.77685    0.10556      47501
  55.37154      1.65787   11.78151    0.10039      47494
  55.38154      1.65759   11.76471    0.09661      47464
  55.39153      1.65731   11.76046    0.09953      47172
  55.40153      1.65704   11.75287    0.09869      47589
  55.41153      1.65676   11.73724    0.09239      47179
  55.42153      1.65649   11.74711    0.09659      47487
  55.43153      1.65621   11.73964    0.09563      47658
  55.44153      1.65594   11.72260    0.10766      46982
  55.45152      1.65566   11.72561    0.09846      47702
  55.46152      1.65539   11.71821    0.11170      47537
  55.47152      1.65511   11.71070    0.10074      47249
  55.48152      1.65484   11.71177    0.10025      47669
  55.49152      1.65456   11.70125    0.10374      47481
  55.50152      1.65429   11.69276    0.10661      47459
  55.51151      1.65402   11.69775    0.10392      47674
  55.52151      1.65374   11.68000    0.10712      47371
  55.53151      1.65347   11.69197    0.10240      47608
  55.54151      1.65319   11.67502    0.09854      47530
  55.55151      1.65292   11.66963    0.09537      47060
  55.56151      1.65265   11.65647    0.08949      47378
  55.57150      1.65237   11.65504    0.10251      47393
  55.58150      1.65210   11.65430    0.09872      47181
  55.59150      1.65183   11.65220    0.09970      47580
  55.60150      1.65155   11.63287    0.09879      47280
  55.61150      1.65128   11.64271    0.09758      47454
  55.62149      1.65101   11.64362    0.11116      47690
  55.63149      1.65073   11.61815    0.10351      47247
  55.64149      1.65046   11.63605    0.09997      47757
  55.65149      1.65019   11.61817    0.10373      47343
  55.66149      1.64991   11.60877    0.10426      47247
  55.67149      1.64964   11.62261    0.10272      48007
  55.68148      1.64937   11.59859    0.10392      47428
  55.69148      1.64910   11.59168    0.10689      47281
  55.70148      1.64882   11.59640    0.09088      47378
  55.71148      1.64855   11.57584    0.09663      47157
  55.72148      1.64828   11.57959    0.09546      47246
  55.73148      1.64801   11.57224    0.09234      47628
  55.74147      1.64774   11.55639    0.10577      46938
  55.75147      1.64746   11.56327    0.09627      47680
  55.76147      1.64719   11.55952    0.09914      47510
  55.77147      1.64692   11.54866    0.10276      47125
  55.78147      1.64665   11.55290    0.10213      47704
  55.79147      1.64638   11.54066    0.10381      47432
  55.80146      1.64611   11.53650    0.11237      47330
  55.81146      1.64584   11.53910    0.09397      47716
  55.82146      1.64556   11.52198    0.10396      46966
  55.83146      1.64529   11.53244    0.10833      47819
  55.84146      1.64502   11.52098    0.10408      47667
  55.85146      1.64475   11.51331    0.10419      47080
  55.86145      1.64448   11.51965    0.09239      47651
  55.87145      1.64421   11.49977    0.09465      47090
  55.88145      1.64394   11.49218    0.09488      47004
  55.89145      1.64367   11.50768    0.09598      47524
  55.90145      1.64340   11.49038    0.10345      47281
  55.91145      1.64313   11.49341    0.09614      47368
  55.92144      1.64286   11.49843    0.10086      47678
  55.93144      1.64259   11.48171    0.09897      47025
  55.94144      1.64232   11.48719    0.10652      47629
  55.95144      1.64205   11.49087    0.10169      47325
  55.96144      1.64178   11.46831    0.10337      47350
  55.97144      1.64151   11.48862    0.09845      47756
  55.98143      1.64124   11.47774    0.10766      47614
  55.99143      1.64097   11.46081    0.09810      47178
  56.00143      1.64070   11.47303    0.10770      47527
  56.01143      1.64043   11.47032    0.10387      47262
  56.02143      1.64016   11.46308    0.09515      47475
  56.03142      1.63989   11.45413    0.08998      47198
  56.04142      1.63963   11.45014    0.09706      46939
  56.05142      1.63936   11.45063    0.09764      47507
  56.06142      1.63909   11.45787    0.09652      47332
  56.07142      1.63882   11.44187    0.10394      47302
  56.08142      1.63855   11.45633    0.09780      47467
  56.09141      1.63828   11.44568    0.09866      47288
  56.10141      1.63801   11.43818    0.10682      47403
  56.11141      1.63775   11.44107    0.10186      47711
  56.12141      1.63748   11.44649    0.10410      47020
  56.13141      1.63721   11.43109    0.10037      47711
  56.14141      1.63694   11.43670    0.10079      47504
  56.15140      1.63667   11.42515    0.10694      47238
  56.16140      1.63641   11.42991    0.10972      47574
  56.17140      1.63614   11.42204    0.09042      47643
  56.18140      1.63587   11.41663    0.10376      46720
  56.19140      1.63560   11.40986    0.09060      47333
  56.20140      1.63534   11.40824    0.09220      47117
  56.21139      1.63507   11.40880    0.09589      47429
  56.22139      1.63480   11.40564    0.10344      47555
  56.23139      1.63454   11.39829    0.10036      47205
  56.24139      1.63427   11.40209    0.09908      47204
  56.25139      1.63400   11.39747    0.10138      47625
  56.26139      1.63374   11.38762    0.10500      47303
  56.27138      1.63347   11.39215    0.09759      47453
  56.28138      1.63320   11.38172    0.10680      47297
  56.29138      1.63294   11.36969    0.10744      47405
  56.30138      1.63267   11.38662    0.09938      47673
  56.31138      1.63240   11.37062    0.09799      47335
  56.32138      1.63214   11.36801    0.10768      47316
  56.33137      1.63187   11.36165    0.09572      47441
  56.34137      1.63161   11.35488    0.09800      46891
  56.35137      1.63134   11.35035    0.08676      47358
  56.36137      1.63107   11.34863    0.09723      47475
  56.37137      1.63081   11.35083    0.10234      47173
  56.38137      1.63054   11.33511    0.09797      47308
  56.39136      1.63028   11.33703    0.10141      47099
  56.40136      1.63001   11.33375    0.09780      47382
  56.41136      1.62975   11.33789    0.10203      47614
  56.42136      1.62948   11.32523    0.10185      47376
  56.43136      1.62922   11.32520    0.10405      47303
  56.44135      1.62895   11.32808    0.10391      47471
  56.45135      1.62869   11.31241    0.10564      47305
  56.46135      1.62842   11.31907    0.10213      47377
  56.47135      1.62816   11.32183    0.10061      47470
  56.48135      1.62789   11.31678    0.09820      47519
  56.49135      1.62763   11.30170    0.09359      47354
  56.50134      1.62737   11.29917    0.10592      46861
  56.51134      1.62710   11.30700    0.09006      47282
  56.52134      1.62684   11.29435    0.09001      47309
  56.53134      1.62657   11.30546    0.09587      47231
  56.54134      1.62631   11.28742    0.10628      47242
  56.55134      1.62605   11.30009    0.10407      47258
  56.56133      1.62578   11.29868    0.09951      47478
  56.57133      1.62552   11.29055    0.10031      47465
  56.58133      1.62525   11.29825    0.09718      47216
  56.59133      1.62499   11.29651    0.10391      47541
  56.60133      1.62473   11.27928    0.11376      47322
  56.61133      1.62446   11.29285    0.09768      47258
  56.62132      1.62420   11.29042    0.10357      47674
  56.63132      1.62394   11.28264    0.09845      47280
  56.64132      1.62368   11.28409    0.09482      47466
  56.65132      1.62341   11.27379    0.10506      47090
  56.66132      1.62315   11.27071    0.09187      46974
  56.67132      1.62289   11.27462    0.09118      47293
  56.68131      1.62263   11.26957    0.10013      47170
  56.69131      1.62236   11.27211    0.09858      47252
  56.70131      1.62210   11.26558    0.09403      47471
  56.71131      1.62184   11.27487    0.10211      47211
  56.72131      1.62158   11.26466    0.10993      47372
  56.73131      1.62131   11.27002    0.09560      47570
  56.74130      1.62105   11.26224    0.09994      47233
  56.75130      1.62079   11.27096    0.10389      47390
  56.76130      1.62053   11.26651    0.10582      47434
  56.77130      1.62027   11.25342    0.10482      47192
  56.78130      1.62001   11.26434    0.10045      47506
  56.79130      1.61974   11.26401    0.09634      47455
  56.80129      1.61948   11.25796    0.09845      47294
  56.81129      1.61922   11.25573    0.09510      47290
  56.82129      1.61896   11.24877    0.10231      46958
  56.83129      1.61870   11.25263    0.09039      46988
  56.84129      1.61844   11.26214    0.09217      47430
  56.85128      1.61818   11.25504    0.09746      47173
  56.86128      1.61792   11.25814    0.10884      47410
  56.87128      1.61766   11.26053    0.10508      47464
  56.88128      1.61739   11.25792    0.09343      47235
  56.89128      1.61713   11.26317    0.10657      47432
  56.90128      1.61687   11.26157    0.10232      47298
  56.91127      1.61661   11.25846    0.10142      47210
  56.92127      1.61635   11.26394    0.10635      47706
  56.93127      1.61609   11.26422    0.10239      47205
  56.94127      1.61583   11.26975    0.10150      47375
  56.95127      1.61557   11.26355    0.09733      47595
  56.96127      1.61531   11.25888    0.08956      46888
  56.97126      1.61505   11.24864    0.10787      46892
  56.98126      1.61479   11.26404    0.09128      47551
  56.99126      1.61453   11.26730    0.09497      46949
  57.00126      1.61427   11.26715    0.10101      47447
  57.01126      1.61402   11.26785    0.09243      47347
  57.02126      1.61376   11.26282    0.09688      46988
  57.03125      1.61350   11.27684    0.11019      47655
  57.04125      1.61324   11.27109    0.11634      47116
  57.05125      1.61298   11.27613    0.08944      47307
  57.06125      1.61272   11.28368    0.09965      47754
  57.07125      1.61246   11.26746    0.11144      47131
  57.08125      1.61220   11.27858    0.10573      47473
  57.09124      1.61194   11.28499    0.10262      47326
  57.10124      1.61169   11.26749    0.09756      47228
  57.11124      1.61143   11.29482    0.09326      47610
  57.12124      1.61117   11.27872    0.10232      46996
  57.13124      1.61091   11.26373    0.09667      46718
  57.14124      1.61065   11.28426    0.09257      47477
  57.15123      1.61039   11.29191    0.09941      47339
  57.16123      1.61014   11.27504    0.09259      47047
  57.17123      1.60988   11.29177    0.10250      47558
  57.18123      1.60962   11.29599    0.09942      47167
  57.19123      1.60936   11.27858    0.10604      47125
  57.20123      1.60911   11.29499    0.09939      47589
  57.21122      1.60885   11.28409    0.10864      47263
  57.22122      1.60859   11.29612    0.10077      47332
  57.23122      1.60833   11.29224    0.09605      47609
  57.24122      1.60808   11.29136    0.11036      46962
  57.25122      1.60782   11.29914    0.10604      47535
  57.26121      1.60756   11.29521    0.09736      47577
  57.27121      1.60731   11.27560    0.09246      47024
  57.28121      1.60705   11.28732    0.09588      47154
  57.29121      1.60679   11.28877    0.10164      47081
  57.30121      1.60654   11.28052    0.09907      46946
  57.31121      1.60628   11.29236    0.08842      47585
  57.32120      1.60602   11.30100    0.09932      47220
  57.33120      1.60577   11.28842    0.10298      47271
  57.34120      1.60551   11.28872    0.10113      47474
  57.35120      1.60525   11.29616    0.11137      46992
  57.36120      1.60500   11.29318    0.10091      47234
  57.37120      1.60474   11.29574    0.09315      47754
  57.38119      1.60449   11.29700    0.10703      47125
  57.39119      1.60423   11.29434    0.11275      47522
  57.40119      1.60397   11.30934    0.09864      47500
  57.41119      1.60372   11.28714    0.09930      46993
  57.42119      1.60346   11.30720    0.09583      47718
  57.43119      1.60321   11.29280    0.10320      46912
  57.44118      1.60295   11.29230    0.09303      46767
  57.45118      1.60270   11.30103    0.09440      47519
  57.46118      1.60244   11.30130    0.09633      47002
  57.47118      1.60219   11.30452    0.10245      47208
  57.48118      1.60193   11.31619    0.09789      47495
  57.49118      1.60168   11.30607    0.09374      47214
  57.50117      1.60142   11.30750    0.11580      47425
  57.51117      1.60117   11.31653    0.09852      47337
  57.52117      1.60091   11.31497    0.10640      47165
  57.53117      1.60066   11.31627    0.09887      47395
  57.54117      1.60041   11.32238    0.10312      47360
  57.55117      1.60015   11.32339    0.09950      47224
  57.56116      1.59990   11.32680    0.11287      47659
  57.57116      1.59964   11.32105    0.09364      47242
  57.58116      1.59939   11.31835    0.09696      47249
  57.59116      1.59913   11.32435    0.09667      47094
  57.60116      1.59888   11.31976    0.10588      46890
  57.61115      1.59863   11.32394    0.09440      47083
  57.62115      1.59837   11.33344    0.09416      47398
  57.63115      1.59812   11.33507    0.09521      47423
  57.64115      1.59787   11.33267    0.10485      47198
  57.65115      1.59761   11.34686    0.10435      47329
  57.66115      1.59736   11.33876    0.09760      47313
  57.67114      1.59711   11.34083    0.10394      47233
  57.68114      1.59685   11.34580    0.10468      47422
  57.69114      1.59660   11.34741    0.10263      47437
  57.70114      1.59635   11.35669    0.10142      47398
  57.71114      1.59610   11.35064    0.10734      47147
  57.72114      1.59584   11.35939    0.09574      47553
  57.73113      1.59559   11.36377    0.09613      47421
  57.74113      1.59534   11.35246    0.10338      46867
  57.75113      1.59509   11.36131    0.09635      46976
  57.76113      1.59483   11.36626    0.09433      47144
  57.77113      1.59458   11.36345    0.09973      47317
  57.78113      1.59433   11.36766    0.09891      47156
  57.79112      1.59408   11.38393    0.09872      47388
  57.80112      1.59382   11.38648    0.09633      47231
  57.81112      1.59357   11.37367    0.10693      47178
  57.82112      1.59332   11.38904    0.10947      47310
  57.83112      1.59307   11.39385    0.09655      47608
  57.84112      1.59282   11.39547    0.10292      47145
  57.85111      1.59257   11.40851    0.11154      47468
  57.86111      1.59231   11.40999    0.10357      47514
  57.87111      1.59206   11.40254    0.10182      47224
  57.88111      1.59181   11.41348    0.09237      47471
  57.89111      1.59156   11.42034    0.10081      47442
  57.90111      1.59131   11.40313    0.09802      46712
  57.91110      1.59106   11.42380    0.10383      47027
  57.92110      1.59081   11.42857    0.09493      47165
  57.93110      1.59056   11.42652    0.09185      47105
  57.94110      1.59031   11.43396    0.10283      47333
  57.95110      1.59006   11.44412    0.10673      47365
  57.96110      1.58981   11.44347    0.09789      47093
  57.97109      1.58956   11.45497    0.10248      47615
  57.98109      1.58931   11.45010    0.10199      47241
  57.99109      1.58905   11.46048    0.10797      47332
  58.00109      1.58880   11.46107    0.10774      47559
  58.01109      1.58855   11.46304    0.09724      47175
  58.02108      1.58830   11.46900    0.10430      47363
  58.03108      1.58805   11.47608    0.10119      47546
  58.04108      1.58781   11.47565    0.09749      47137
  58.05108      1.58756   11.47196    0.09917      47197
  58.06108      1.58731   11.47765    0.10466      47089
  58.07108      1.58706   11.48031    0.09527      46961
  58.08107      1.58681   11.49141    0.09787      47340
  58.09107      1.58656   11.49273    0.09610      47325
  58.10107      1.58631   11.49221    0.09896      46979
  58.11107      1.58606   11.50272    0.10631      47513
  58.12107      1.58581   11.50346    0.10225      47236
  58.13107      1.58556   11.49825    0.10357      47167
  58.14106      1.58531   11.50925    0.10076      47603
  58.15106      1.58506   11.50403    0.10745      47319
  58.16106      1.58481   11.51341    0.10931      47254
  58.17106      1.58457   11.51701    0.10044      47462
  58.18106      1.58432   11.50435    0.10260      47137
  58.19106      1.58407   11.52299    0.09167      47523
  58.20105      1.58382   11.51357    0.10498      47363
  58.21105      1.58357   11.50460    0.10532      46740
  58.22105      1.58332   11.52039    0.09446      47241
  58.23105      1.58308   11.52032    0.09800      47252
  58.24105      1.58283   11.50687    0.09360      46913
  58.25105      1.58258   11.52361    0.10563      47582
  58.26104      1.58233   11.51728    0.09964      47378
  58.27104      1.58209   11.50701    0.10507      46918
  58.28104      1.58184   11.52943    0.10098      47722
  58.29104      1.58159   11.52187    0.10255      47455
  58.30104      1.58134   11.50522    0.10626      47025
  58.31104      1.58110   11.52215    0.10399      47594
  58.32103      1.58085   11.51081    0.10594      47274
  58.33103      1.58060   11.50703    0.10546      47186
  58.34103      1.58035   11.51581    0.09111      47512
  58.35103      1.58011   11.50439    0.10115      47369
  58.36103      1.57986   11.49619    0.10051      47014
  58.37103      1.57961   11.50390    0.11077      47144
  58.38102      1.57937   11.49556    0.09931      46817
  58.39102      1.57912   11.50303    0.08688      47472
  58.40102      1.57887   11.50120    0.10361      47433
  58.41102      1.57863   11.49065    0.10370      46861
  58.42102      1.57838   11.50689    0.10584      47581
  58.43101      1.57813   11.50195    0.10039      47443
  58.44101      1.57789   11.48372    0.10205      46869
  58.45101      1.57764   11.50014    0.10072      47636
  58.46101      1.57740   11.49123    0.11065      47477
  58.47101      1.57715   11.47664    0.10464      46982
  58.48101      1.57690   11.49349    0.10227      47553
  58.49100      1.57666   11.48761    0.09373      47413
  58.50100      1.57641   11.47097    0.10119      47145
  58.51100      1.57617   11.47233    0.09664      47263
  58.52100      1.57592   11.47688    0.10493      47227
  58.53100      1.57568   11.46255    0.10292      46929
  58.54100      1.57543   11.46844    0.09474      47298
  58.55099      1.57519   11.46183    0.09763      47152
  58.56099      1.57494   11.45336    0.09924      47379
  58.57099      1.57470   11.45718    0.10545      47441
  58.58099      1.57445   11.45383    0.10512      47129
  58.59099      1.57421   11.44490    0.09903      47414
  58.60099      1.57396   11.44164    0.10003      47447
  58.61098      1.57372   11.43761    0.10560      47240
  58.62098      1.57347   11.43050    0.10780      47519
  58.63098      1.57323   11.42325    0.11213      47390
  58.64098      1.57298   11.41913    0.09283      47295
  58.65098      1.57274   11.41513    0.09633      47488
  58.66098      1.57249   11.40265    0.09888      47179
  58.67097      1.57225   11.39135    0.10713      46993
  58.68097      1.57201   11.39250    0.10358      47165
  58.69097      1.57176   11.38660    0.09245      47012
  58.70097      1.57152   11.37423    0.09347      47180
  58.71097      1.57128   11.38193    0.10365      47518
  58.72097      1.57103   11.37137    0.10466      47118
  58.73096      1.57079   11.36072    0.10278      47290
  58.74096      1.57054   11.36767    0.09866      47564
  58.75096      1.57030   11.35633    0.10190      47249
  58.76096      1.57006   11.34723    0.10202      47273
  58.77096      1.56981   11.35233    0.10539      47553
  58.78096      1.56957   11.34489    0.10870      47402
  58.79095      1.56933   11.33264    0.09680      47263
  58.80095      1.56908   11.33495    0.09658      47588
  58.81095      1.56884   11.32524    0.10118      47190
  58.82095      1.56860   11.31840    0.10073      47097
  58.83095      1.56836   11.31977    0.10781      47194
  58.84094      1.56811   11.30967    0.09544      47182
  58.85094      1.56787   11.29869    0.09231      46988
  58.86094      1.56763   11.30909    0.09579      47352
  58.87094      1.56739   11.30044    0.10350      47415
  58.88094      1.56714   11.29270    0.11277      47176
  58.89094      1.56690   11.29892    0.09546      47392
  58.90093      1.56666   11.28672    0.09911      47548
  58.91093      1.56642   11.28603    0.10386      47158
  58.92093      1.56618   11.28651    0.10549      47396
  58.93093      1.56593   11.27261    0.11022      47507
  58.94093      1.56569   11.27011    0.09711      47253
  58.95093      1.56545   11.26845    0.09388      47404
  58.96092      1.56521   11.25940    0.09947      47263
  58.97092      1.56497   11.25926    0.10061      47122
  58.98092      1.56473   11.25840    0.10733      47214
  58.99092      1.56448   11.24135    0.09532      47146
  59.00092      1.56424   11.25108    0.09614      47211
  59.01092      1.56400   11.25081    0.09587      47212
  59.02091      1.56376   11.24009    0.10091      47227
  59.03091      1.56352   11.24328    0.10229      47391
  59.04091      1.56328   11.23874    0.09981      47448
  59.05091      1.56304   11.23131    0.10316      47310
  59.06091      1.56280   11.23629    0.10054      47356
  59.07091      1.56256   11.23265    0.10442      47603
  59.08090      1.56232   11.22217    0.10704      47257
  59.09090      1.56208   11.22935    0.10482      47277
  59.10090      1.56184   11.22623    0.09046      47656
  59.11090      1.56159   11.21501    0.09743      47279
  59.12090      1.56135   11.20899    0.10625      47042
  59.13090      1.56111   11.21631    0.10281      47529
  59.14089      1.56087   11.20284    0.09957      47012
  59.15089      1.56063   11.20399    0.09606      47098
  59.16089      1.56039   11.20214    0.09568      47473
  59.17089      1.56015   11.19784    0.10216      47047
  59.18089      1.55991   11.20148    0.09823      47325
  59.19089      1.55968   11.20289    0.10453      47637
  59.20088      1.55944   11.18528    0.09594      46979
  59.21088      1.55920   11.19619    0.10255      47598
  59.22088      1.55896   11.18953    0.11013      47414
  59.23088      1.55872   11.18314    0.10353      47141
  59.24088      1.55848   11.18818    0.09938      47653
  59.25087      1.55824   11.18377    0.09616      47475
  59.26087      1.55800   11.17365    0.10205      47016
  59.27087      1.55776   11.17712    0.09600      47546
  59.28087      1.55752   11.17099    0.10158      47270
  59.29087      1.55728   11.16826    0.09931      47024
  59.30087      1.55704   11.17175    0.10161      47255
  59.31086      1.55681   11.16903    0.09572      47297
  59.32086      1.55657   11.16498    0.09480      47073
  59.33086      1.55633   11.16981    0.10377      47483
  59.34086      1.55609   11.17019    0.10135      47417
  59.35086      1.55585   11.16375    0.09759      47176
  59.36086      1.55561   11.16965    0.10445      47665
  59.37085      1.55538   11.16413    0.10244      47352
  59.38085      1.55514   11.16331    0.10890      47227
  59.39085      1.55490   11.17010    0.09994      47749
  59.40085      1.55466   11.16252    0.09613      47327
  59.41085      1.55442   11.16055    0.09546      47253
  59.42085      1.55419   11.16237    0.10157      47473
  59.43084      1.55395   11.15878    0.10396      46983
  59.44084      1.55371   11.15849    0.09684      47515
  59.45084      1.55347   11.16213    0.09855      47193
  59.46084      1.55324   11.15596    0.10547      46920
  59.47084      1.55300   11.16566    0.09824      47366
  59.48084      1.55276   11.16768    0.09173      47493
  59.49083      1.55253   11.15566    0.10267      47073
  59.50083      1.55229   11.17145    0.10118      47662
  59.51083      1.55205   11.16683    0.10321      47527
  59.52083      1.55181   11.16135    0.10753      47086
  59.53083      1.55158   11.17082    0.10260      47717
  59.54083      1.55134   11.17049    0.10107      47599
  59.55082      1.55110   11.16118    0.10289      46920
  59.56082      1.55087   11.17581    0.09364      47858
  59.57082      1.55063   11.17606    0.10034      47159
  59.58082      1.55040   11.16293    0.09680      46835
  59.59082      1.55016   11.17652    0.10284      47701
  59.60081      1.54992   11.17928    0.10108      47251
  59.61081      1.54969   11.17460    0.10185      46779
  59.62081      1.54945   11.18627    0.09522      47570
  59.63081      1.54922   11.18520    0.09782      47442
  59.64081      1.54898   11.18229    0.10163      47128
  59.65081      1.54874   11.19737    0.09968      47743
  59.66080      1.54851   11.20002    0.10203      47391
  59.67080      1.54827   11.19278    0.10582      47257
  59.68080      1.54804   11.20178    0.10379      47784
  59.69080      1.54780   11.20788    0.09736      47230
  59.70080      1.54757   11.20631    0.10354      47526
  59.71080      1.54733   11.21573    0.09544      47578
  59.72079      1.54710   11.21796    0.10204      46908
  59.73079      1.54686   11.20836    0.09800      47378
  59.74079      1.54663   11.22406    0.09875      47484
  59.75079      1.54639   11.23324    0.10264      47149
  59.76079      1.54616   11.22590    0.10186      47090
  59.77079      1.54592   11.24313    0.10291      47504
  59.78078      1.54569   11.24053    0.09207      47134
  59.79078      1.54545   11.24407    0.10285      47455
  59.80078      1.54522   11.25942    0.10253      47563
  59.81078      1.54498   11.25448    0.10632      47435
  59.82078      1.54475   11.26232    0.09851      47514
  59.83078      1.54451   11.26738    0.10882      47349
  59.84077      1.54428   11.27364    0.10234      47386
  59.85077      1.54405   11.27329    0.10761      47444
  59.86077      1.54381   11.28861    0.09262      47600
  59.87077      1.54358   11.28622    0.09708      47104
  59.88077      1.54334   11.28234    0.10041      47355
  59.89077      1.54311   11.30427    0.10317      47315
  59.90076      1.54288   11.30656    0.10119      47372
  59.91076      1.54264   11.30614    0.09845      47112
  59.92076      1.54241   11.32200    0.10686      47431
  59.93076      1.54218   11.32470    0.09336      47409
  59.94076      1.54194   11.33091    0.10391      47326
  59.95076      1.54171   11.34809    0.09863      47606
  59.96075      1.54148   11.34906    0.10622      47232
  59.97075      1.54124   11.35679    0.09892      47538
  59.98075      1.54101   11.37045    0.11236      47383
  59.99075      1.54078   11.37333    0.09961      47547
  60.00075      1.54054   11.38225    0.10780      47364
  60.01074      1.54031   11.39739    0.09406      47327
  60.02074      1.54008   11.39927    0.10144      47699
  60.03074      1.53985   11.39740    0.09768      47193
  60.04074      1.53961   11.42443    0.10517      47365
  60.05074      1.53938   11.43225    0.10365      47622
  60.06074      1.53915   11.43405    0.10236      46946
  60.07073      1.53892   11.45375    0.10247      47275
  60.08073      1.53868   11.45924    0.09204      47434
  60.09073      1.53845   11.47209    0.11813      47291
  60.10073      1.53822   11.48797    0.09516      47329
  60.11073      1.53799   11.49762    0.10258      47682
  60.12073      1.53776   11.49685    0.10425      47449
  60.13072      1.53753   11.52399    0.10573      47641
  60.14072      1.53729   11.53372    0.10604      47589
  60.15072      1.53706   11.53844    0.11034      47322
  60.16072      1.53683   11.55695    0.09067      47659
  60.17072      1.53660   11.56648    0.10247      47227
  60.18072      1.53637   11.57157    0.10705      47120
  60.19071      1.53614   11.59956    0.10463      47284
  60.20071      1.53590   11.60749    0.09697      47679
  60.21071      1.53567   11.61317    0.10428      47125
  60.22071      1.53544   11.64105    0.10718      47300
  60.23071      1.53521   11.65592    0.09958      47559
  60.24071      1.53498   11.66245    0.09818      47169
  60.25070      1.53475   11.69794    0.10100      47540
  60.26070      1.53452   11.71419    0.10969      47613
  60.27070      1.53429   11.71475    0.10385      47122
  60.28070      1.53406   11.75596    0.10317      47909
  60.29070      1.53383   11.76562    0.11325      47425
  60.30070      1.53360   11.78652    0.10048      47471
  60.31069      1.53337   11.80948    0.10085      47717
  60.32069      1.53314   11.83363    0.10119      47531
  60.33069      1.53291   11.85044    0.10643      46813
  60.34069      1.53268   11.87998    0.10034      47675
  60.35069      1.53245   11.90852    0.10513      47562
  60.36069      1.53222   11.92396    0.10637      47019
  60.37068      1.53199   11.96142    0.10123      47425
  60.38068      1.53176   11.98428    0.10819      47417
  60.39068      1.53153   12.00722    0.09860      47177
  60.40068      1.53130   12.04573    0.10784      47770
  60.41068      1.53107   12.07786    0.10317      47702
  60.42067      1.53084   12.09402    0.11016      47004
  60.43067      1.53061   12.13659    0.11306      47843
  60.44067      1.53038   12.16461    0.10319      47668
  60.45067      1.53015   12.18438    0.10877      47081
  60.46067      1.52992   12.23304    0.09850      47952
  60.47067      1.52969   12.25060    0.10551      47361
  60.48066      1.52946   12.28234    0.10624      47075
  60.49066      1.52923   12.32942    0.10242      47693
  60.50066      1.52901   12.36201    0.10840      47440
  60.51066      1.52878   12.38135    0.10656      47076
  60.52066      1.52855   12.43251    0.12043      47579
  60.53066      1.52832   12.46898    0.09989      47453
  60.54065      1.52809   12.49197    0.10020      47130
  60.55065      1.52786   12.55219    0.10435      47885
  60.56065      1.52763   12.58224    0.11461      47444
  60.57065      1.52741   12.61942    0.10843      47218
  60.58065      1.52718   12.66646    0.10792      47942
  60.59065      1.52695   12.70696    0.11419      47494
  60.60064      1.52672   12.74384    0.11299      47243
  60.61064      1.52649   12.80273    0.09776      47732
  60.62064      1.52627   12.83631    0.11301      47497
  60.63064      1.52604   12.87879    0.10645      47151
  60.64064      1.52581   12.94026    0.10890      47718
  60.65064      1.52558   12.98452    0.11551      47564
  60.66063      1.52536   13.03464    0.10706      47018
  60.67063      1.52513   13.10182    0.11358      47624
  60.68063      1.52490   13.15151    0.10548      47281
  60.69063      1.52467   13.19487    0.11066      47308
  60.70063      1.52445   13.27318    0.10914      47684
  60.71063      1.52422   13.32015    0.11127      47681
  60.72062      1.52399   13.37701    0.11267      47279
  60.73062      1.52377   13.45047    0.11206      47868
  60.74062      1.52354   13.51938    0.11972      47516
  60.75062      1.52331   13.56949    0.11104      47472
  60.76062      1.52309   13.65194    0.10655      47758
  60.77062      1.52286   13.70966    0.10804      47491
  60.78061      1.52263   13.77307    0.11169      47108
  60.79061      1.52241   13.86060    0.11472      47647
  60.80061      1.52218   13.93096    0.11873      47316
  60.81061      1.52195   14.00694    0.11533      47375
  60.82061      1.52173   14.08381    0.10878      47644
  60.83060      1.52150   14.16145    0.12828      47175
  60.84060      1.52127   14.24155    0.10548      47696
  60.85060      1.52105   14.33432    0.11670      47637
  60.86060      1.52082   14.41665    0.11177      47467
  60.87060      1.52060   14.50612    0.11923      47622
  60.88060      1.52037   14.58761    0.12222      47574
  60.89059      1.52014   14.68374    0.12241      47446
  60.90059      1.51992   14.77705    0.11254      47706
  60.91059      1.51969   14.87402    0.11071      47700
  60.92059      1.51947   14.96657    0.12051      47113
  60.93059      1.51924   15.07503    0.11835      47508
  60.94059      1.51902   15.16674    0.12092      47672
  60.95058      1.51879   15.28148    0.11454      47461
  60.96058      1.51857   15.38846    0.12483      47687
  60.97058      1.51834   15.49969    0.12391      47281
  60.98058      1.51812   15.61933    0.12422      47295
  60.99058      1.51789   15.72905    0.11364      47632
  61.00058      1.51767   15.84880    0.11722      47734
  61.01057      1.51744   15.97549    0.12748      47464
  61.02057      1.51722   16.10365    0.12448      47673
  61.03057      1.51699   16.22662    0.12653      47432
  61.04057      1.51677   16.36064    0.12389      47380
  61.05057      1.51654   16.48545    0.12648      48118
  61.06057      1.51632   16.62679    0.11202      47501
  61.07056      1.51610   16.75942    0.12958      47378
  61.08056      1.51587   16.91119    0.12562      47513
  61.09056      1.51565   17.05540    0.12822      47291
  61.10056      1.51542   17.20240    0.12753      47496
  61.11056      1.51520   17.35792    0.13191      47995
  61.12056      1.51498   17.50275    0.13088      47145
  61.13055      1.51475   17.67539    0.13656      47438
  61.14055      1.51453   17.83601    0.11706      47636
  61.15055      1.51430   17.99189    0.12905      47604
  61.16055      1.51408   18.16046    0.13800      47572
  61.17055      1.51386   18.33739    0.13090      47905
  61.18055      1.51363   18.50664    0.13322      47142
  61.19054      1.51341   18.69065    0.13453      47703
  61.20054      1.51319   18.86969    0.12807      47901
  61.21054      1.51296   19.04671    0.13923      47666
  61.22054      1.51274   19.23192    0.12743      47193
  61.23054      1.51252   19.43078    0.12962      47804
  61.24053      1.51229   19.62301    0.14204      47382
  61.25053      1.51207   19.81913    0.13903      47363
  61.26053      1.51185   20.03035    0.13655      47932
  61.27053      1.51163   20.22624    0.14409      47500
  61.28053      1.51140   20.43681    0.13816      47116
  61.29053      1.51118   20.66562    0.13737      47947
  61.30052      1.51096   20.87299    0.13837      47664
  61.31052      1.51074   21.08298    0.14246      47336
  61.32052      1.51051   21.31824    0.13770      47851
  61.33052      1.51029   21.54706    0.15191      47740
  61.34052      1.51007   21.76951    0.14443      47398
  61.35052      1.50985   22.01568    0.13894      47870
  61.36051      1.50962   22.23205    0.13877      47660
  61.37051      1.50940   22.47401    0.14647      47174
  61.38051      1.50918   22.72818    0.14700      47806
  61.39051      1.50896   22.97656    0.14536      47652
  61.40051      1.50874   23.21744    0.14816      47315
  61.41051      1.50852   23.46946    0.15271      47925
  61.42050      1.50829   23.71843    0.15025      47416
  61.43050      1.50807   23.97428    0.16193      47343
  61.44050      1.50785   24.24094    0.14150      47733
  61.45050      1.50763   24.49114    0.14827      47811
  61.46050      1.50741   24.73901    0.15293      47324
  61.47050      1.50719   25.02675    0.15415      48121
  61.48049      1.50697   25.28050    0.16249      47606
  61.49049      1.50675   25.53532    0.16042      47207
  61.50049      1.50652   25.79769    0.13787      48124
  61.51049      1.50630   26.06780    0.15883      47790
  61.52049      1.50608   26.31633    0.15835      47040
  61.53049      1.50586   26.60160    0.15352      47839
  61.54048      1.50564   26.85631    0.16270      47691
  61.55048      1.50542   27.10596    0.15861      47253
  61.56048      1.50520   27.39203    0.16505      48050
  61.57048      1.50498   27.64255    0.16800      47593
  61.58048      1.50476   27.90011    0.16793      47302
  61.59047      1.50454   28.15448    0.14558      47837
  61.60047      1.50432   28.42281    0.16053      47717
  61.61047      1.50410   28.67850    0.16722      47331
  61.62047      1.50388   28.92052    0.16995      47928
  61.63047      1.50366   29.16979    0.16971      47994
  61.64047      1.50344   29.41169    0.15610      47603
  61.65046      1.50322   29.66070    0.16477      47520
  61.66046      1.50300   29.89503    0.15834      47680
  61.67046      1.50278   30.12344    0.17771      47368
  61.68046      1.50256   30.34638    0.16197      47832
  61.69046      1.50234   30.58701    0.16640      47735
  61.70046      1.50212   30.79203    0.17463      47341
  61.71045      1.50190   31.01507    0.18246      47954
  61.72045      1.50168   31.22380    0.16808      47647
  61.73045      1.50146   31.41994    0.16946      47481
  61.74045      1.50124   31.61638    0.16312      47431
  61.75045      1.50102   31.81106    0.17065      48132
  61.76045      1.50081   31.98612    0.17430      47478
  61.77044      1.50059   32.15153    0.16699      47759
  61.78044      1.50037   32.32891    0.18199      47802
  61.79044      1.50015   32.48956    0.17016      47731
  61.80044      1.49993   32.61588    0.16959      47574
  61.81044      1.49971   32.77188    0.16474      47776
  61.82044      1.49949   32.89431    0.17344      47590
  61.83043      1.49927   33.02091    0.17372      47747
  61.84043      1.49906   33.13046    0.18307      47688
  61.85043      1.49884   33.25079    0.16923      47513
  61.86043      1.49862   33.32925    0.18262      47925
  61.87043      1.49840   33.42336    0.18207      47627
  61.88043      1.49818   33.50771    0.18402      47420
  61.89042      1.49797   33.56900    0.15592      47835
  61.90042      1.49775   33.61882    0.18433      47799
  61.91042      1.49753   33.67136    0.17113      47657
  61.92042      1.49731   33.72194    0.18283      47848
  61.93042      1.49709   33.71620    0.17760      47890
  61.94042      1.49688   33.76611    0.16671      47631
  61.95041      1.49666   33.75466    0.17318      47574
  61.96041      1.49644   33.74622    0.16856      47669
  61.97041      1.49622   33.73693    0.17949      47791
  61.98041      1.49601   33.71902    0.17110      47804
  61.99041      1.49579   33.68833    0.18119      47374
  62.00040      1.49557   33.64112    0.18414      47859
  62.01040      1.49535   33.60526    0.17993      48103
  62.02040      1.49514   33.52730    0.17503      47535
  62.03040      1.49492   33.45503    0.18268      47548
  62.04040      1.49470   33.38545    0.16284      47835
  62.05040      1.49449   33.29078    0.17193      47823
  62.06039      1.49427   33.17930    0.17520      47786
  62.07039      1.49405   33.09301    0.17611      47924
  62.08039      1.49384   32.96969    0.17457      47760
  62.09039      1.49362   32.83714    0.16351      47580
  62.10039      1.49340   32.68867    0.16918      47724
  62.11039      1.49319   32.55729    0.17193      47771
  62.12038      1.49297   32.40182    0.17889      47590
  62.13038      1.49275   32.25734    0.16847      47800
  62.14038      1.49254   32.09223    0.18205      48029
  62.15038      1.49232   31.91305    0.16923      47587
  62.16038      1.49211   31.74540    0.17826      47960
  62.17038      1.49189   31.55169    0.17183      47611
  62.18037      1.49167   31.35729    0.17098      47495
  62.19037      1.49146   31.17243    0.16068      47911
  62.20037      1.49124   30.96515    0.16952      47943
  62.21037      1.49103   30.73711    0.17308      47615
  62.22037      1.49081   30.54800    0.17503      47852
  62.23037      1.49060   30.32404    0.15626      48193
  62.24036      1.49038   30.07923    0.15691      47600
  62.25036      1.49017   29.85167    0.17103      47384
  62.26036      1.48995   29.62352    0.16177      48193
  62.27036      1.48974   29.40328    0.17227      47600
  62.28036      1.48952   29.13999    0.16108      47526
  62.29036      1.48931   28.91830    0.16487      48132
  62.30035      1.48909   28.65422    0.16897      47916
  62.31035      1.48888   28.41910    0.17182      47562
  62.32035      1.48866   28.16524    0.15487      47777
  62.33035      1.48845   27.91372    0.16437      47835
  62.34035      1.48823   27.64230    0.15140      47339
  62.35035      1.48802   27.41034    0.16756      48387
  62.36034      1.48780   27.14810    0.15879      47989
  62.37034      1.48759   26.86684    0.16073      47222
  62.38034      1.48737   26.63758    0.14637      48514
  62.39034      1.48716   26.36195    0.15781      47634
  62.40034      1.48694   26.09187    0.14991      47434
  62.41033      1.48673   25.84422    0.15520      48042
  62.42033      1.48652   25.59706    0.15776      47893
  62.43033      1.48630   25.32617    0.16422      47557
  62.44033      1.48609   25.07402    0.15391      47851
  62.45033      1.48587   24.83975    0.15237      48351
  62.46033      1.48566   24.56616    0.15755      47683
  62.47032      1.48545   24.31932    0.16198      47510
  62.48032      1.48523   24.09277    0.13946      47907
  62.49032      1.48502   23.82335    0.14861      48019
  62.50032      1.48481   23.57805    0.14885      47561
  62.51032      1.48459   23.36149    0.14963      48089
  62.52032      1.48438   23.10834    0.14333      48047
  62.53031      1.48417   22.85652    0.14087      47710
  62.54031      1.48395   22.63943    0.14119      47746
  62.55031      1.48374   22.40828    0.15364      47976
  62.56031      1.48353   22.18070    0.13896      47614
  62.57031      1.48331   21.96772    0.15297      47950
  62.58031      1.48310   21.74406    0.14068      48064
  62.59030      1.48289   21.52752    0.15040      47759
  62.60030      1.48267   21.31688    0.14198      48067
  62.61030      1.48246   21.11716    0.14976      47875
  62.62030      1.48225   20.90680    0.13841      47382
  62.63030      1.48204   20.69379    0.13757      47919
  62.64030      1.48182   20.51350    0.13069      48366
  62.65029      1.48161   20.32052    0.14604      47515
  62.66029      1.48140   20.10998    0.14423      48095
  62.67029      1.48119   19.94560    0.12260      48047
  62.68029      1.48097   19.75243    0.13802      47715
  62.69029      1.48076   19.56223    0.13560      47715
  62.70029      1.48055   19.40429    0.13512      47905
  62.71028      1.48034   19.22596    0.13774      47950
  62.72028      1.48013   19.06415    0.13247      47887
  62.73028      1.47991   18.90442    0.14441      48074
  62.74028      1.47970   18.73164    0.13115      47894
  62.75028      1.47949   18.58697    0.13725      48027
  62.76028      1.47928   18.41888    0.14142      47795
  62.77027      1.47907   18.27606    0.13014      47757
  62.78027      1.47886   18.14338    0.12575      47812
  62.79027      1.47864   17.97067    0.13186      48016
  62.80027      1.47843   17.84696    0.12682      48099
  62.81027      1.47822   17.71548    0.12120      48143
  62.82026      1.47801   17.57019    0.13251      47906
  62.83026      1.47780   17.43718    0.12084      47579
  62.84026      1.47759   17.30346    0.12888      47976
  62.85026      1.47738   17.19498    0.12650      47942
  62.86026      1.47717   17.05870    0.13386      47930
  62.87026      1.47696   16.94730    0.12891      47933
  62.88025      1.47675   16.84632    0.12542      48023
  62.89025      1.47653   16.70034    0.13292      47967
  62.90025      1.47632   16.61942    0.12760      48209
  62.91025      1.47611   16.49434    0.12712      47692
  62.92025      1.47590   16.38855    0.12031      47817
  62.93025      1.47569   16.29645    0.12193      48013
  62.94024      1.47548   16.18669    0.12233      48196
  62.95024      1.47527   16.09645    0.12887      47810
  62.96024      1.47506   15.99508    0.11372      47960
  62.97024      1.47485   15.91212    0.11839      48084
  62.98024      1.47464   15.82142    0.12658      47745
  62.99024      1.47443   15.71253    0.12054      47826
  63.00023      1.47422   15.66064    0.11846      48249
  63.01023      1.47401   15.56323    0.12360      48092
  63.02023      1.47380   15.48132    0.12310      47540
  63.03023      1.47359   15.41993    0.12617      48359
  63.04023      1.47338   15.33717    0.11775      48171
  63.05023      1.47317   15.26606    0.12815      47659
  63.06022      1.47296   15.19413    0.12112      48151
  63.07022      1.47275   15.13614    0.11968      47897
  63.08022      1.47254   15.05107    0.11121      47877
  63.09022      1.47233   15.00701    0.12773      48053
  63.10022      1.47213   14.94901    0.10890      48444
  63.11022      1.47192   14.87426    0.11760      47926
  63.12021      1.47171   14.82015    0.11646      47484
  63.13021      1.47150   14.76174    0.11476      48463
  63.14021      1.47129   14.71618    0.12208      47826
  63.15021      1.47108   14.64851    0.11575      47740
  63.16021      1.47087   14.61882    0.11887      48462
  63.17020      1.47066   14.55908    0.12381      48051
  63.18020      1.47045   14.50877    0.11861      47729
  63.19020      1.47025   14.47106    0.11752      48416
  63.20020      1.47004   14.42291    0.11693      48037
  63.21020      1.46983   14.37404    0.13070      47212
  63.22020      1.46962   14.32824    0.10667      48617
  63.23019      1.46941   14.30971    0.11297      48186
  63.24019      1.46920   14.23665    0.11380      47754
  63.25019      1.46900   14.21755    0.11272      48327
  63.26019      1.46879   14.17279    0.11148      48071
  63.27019      1.46858   14.13107    0.11317      47852
  63.28019      1.46837   14.08896    0.11740      47802
  63.29018      1.46816   14.07968    0.11395      48324
  63.30018      1.46796   14.03500    0.11890      48027
  63.31018      1.46775   13.99208    0.11498      47914
  63.32018      1.46754   13.98859    0.11767      48299
  63.33018      1.46733   13.93490    0.12288      48406
  63.34018      1.46713   13.91678    0.11945      47665
  63.35017      1.46692   13.87877    0.11491      48223
  63.36017      1.46671   13.86921    0.10897      48121
  63.37017      1.46650   13.83205    0.11660      47810
  63.38017      1.46630   13.81385    0.11148      48194
  63.39017      1.46609   13.79560    0.10579      48479
  63.40017      1.46588   13.77020    0.11237      47592
  63.41016      1.46567   13.72962    0.11148      48118
  63.42016      1.46547   13.74580    0.11271      48168
  63.43016      1.46526   13.71077    0.11502      47900
  63.44016      1.46505   13.68719    0.11929      48099
  63.45016      1.46485   13.69346    0.11156      48321
  63.46016      1.46464   13.67138    0.11819      48173
  63.47015      1.46443   13.65422    0.11869      48138
  63.48015      1.46423   13.64182    0.11505      48292
  63.49015      1.46402   13.63542    0.11193      48067
  63.50015      1.46381   13.62231    0.11865      47854
  63.51015      1.46361   13.60349    0.11319      48193
  63.52015      1.46340   13.60865    0.11206      48181
  63.53014      1.46320   13.60114    0.10178      48168
  63.54014      1.46299   13.57968    0.11380      48326
  63.55014      1.46278   13.57901    0.11173      47715
  63.56014      1.46258   13.57062    0.11059      48239
  63.57014      1.46237   13.56529    0.11013      48196
  63.58013      1.46217   13.56606    0.11773      47960
  63.59013      1.46196   13.56199    0.11540      48180
  63.60013      1.46175   13.55750    0.11798      48227
  63.61013      1.46155   13.54859    0.11176      48368
  63.62013      1.46134   13.56195    0.12028      48011
  63.63013      1.46114   13.54804    0.11508      48465
  63.64012      1.46093   13.54812    0.11728      47928
  63.65012      1.46073   13.55975    0.11133      47838
  63.66012      1.46052   13.54791    0.11017      48455
  63.67012      1.46032   13.55274    0.11216      48247
  63.68012      1.46011   13.55579    0.10431      48334
  63.69012      1.45991   13.55048    0.10655      47949
  63.70011      1.45970   13.56522    0.11649      48010
  63.71011      1.45950   13.55543    0.11441      48299
  63.72011      1.45929   13.57557    0.11503      47894
  63.73011      1.45909   13.56735    0.10902      48527
  63.74011      1.45888   13.58223    0.12434      48106
  63.75011      1.45868   13.59077    0.10803      48136
  63.76010      1.45847   13.59975    0.11883      48610
  63.77010      1.45827   13.60353    0.12035      48178
  63.78010      1.45806   13.61136    0.11694      48031
  63.79010      1.45786   13.62635    0.11703      48203
  63.80010      1.45765   13.62965    0.10939      48257
  63.81010      1.45745   13.64359    0.10961      48092
  63.82009      1.45724   13.66081    0.10587      48335
  63.83009      1.45704   13.66207    0.10683      48369
  63.84009      1.45684   13.67712    0.11403      47810
  63.85009      1.45663   13.68752    0.11767      48201
  63.86009      1.45643   13.71244    0.10891      48354
  63.87009      1.45622   13.71285    0.11730      48263
  63.88008      1.45602   13.73839    0.11479      48019
  63.89008      1.45582   13.75332    0.11787      48608
  63.90008      1.45561   13.76960    0.11243      48343
  63.91008      1.45541   13.78248    0.12285      48118
  63.92008      1.45521   13.80400    0.11780      48541
  63.93008      1.45500   13.81973    0.12617      48181
  63.94007      1.45480   13.82730    0.11055      47768
  63.95007      1.45460   13.86450    0.10579      48538
  63.96007      1.45439   13.87167    0.11016      48421
  63.97007      1.45419   13.89608    0.10564      48214
  63.98007      1.45399   13.90515    0.11765      48174
  63.99006      1.45378   13.93691    0.11405      48068
  64.00006      1.45358   13.95427    0.11380      48447
  64.01006      1.45338   13.97474    0.11844      47994
  64.02006      1.45317   13.99905    0.11651      48419
  64.03006      1.45297   14.02561    0.11741      48496
  64.04006      1.45277   14.04349    0.11683      47966
  64.05005      1.45257   14.07290    0.12000      48765
  64.06005      1.45236   14.10424    0.11407      48415
  64.07005      1.45216   14.11325    0.13115      48066
  64.08005      1.45196   14.15115    0.11535      48131
  64.09005      1.45176   14.17034    0.10859      48672
  64.10005      1.45155   14.21138    0.11073      48013
  64.11004      1.45135   14.21765    0.11116      48330
  64.12004      1.45115   14.25754    0.11159      48324
  64.13004      1.45095   14.28456    0.11472      48267
  64.14004      1.45075   14.31559    0.11945      47896
  64.15004      1.45054   14.34542    0.12167      48608
  64.16004      1.45034   14.38621    0.11357      48613
  64.17003      1.45014   14.40900    0.12144      48100
  64.18003      1.44994   14.44362    0.11716      48428
  64.19003      1.44974   14.47867    0.12652      48655
  64.20003      1.44953   14.51836    0.11708      48173
  64.21003      1.44933   14.54330    0.12372      48241
  64.22003      1.44913   14.58991    0.12250      48630
  64.23002      1.44893   14.62410    0.11668      48130
  64.24002      1.44873   14.65731    0.11046      48242
  64.25002      1.44853   14.69763    0.11049      48607
  64.26002      1.44833   14.74037    0.11282      48256
  64.27002      1.44813   14.77237    0.12022      48204
  64.28002      1.44792   14.81432    0.11550      48192
  64.29001      1.44772   14.86994    0.12067      48555
  64.30001      1.44752   14.90548    0.12263      48295
  64.31001      1.44732   14.93661    0.11699      48347
  64.32001      1.44712   15.00015    0.12552      48673
  64.33001      1.44692   15.03804    0.12575      48265
  64.34001      1.44672   15.08213    0.11634      48639
  64.35000      1.44652   15.12008    0.12613      48451
  64.36000      1.44632   15.18254    0.12859      48432
  64.37000      1.44612   15.21977    0.11922      48240
  64.38000      1.44592   15.26345    0.11689      48215
  64.39000      1.44572   15.32264    0.10756      48665
  64.39999      1.44552   15.36626    0.12377      48292
  64.40999      1.44532   15.40869    0.11972      48283
  64.41999      1.44512   15.47036    0.11390      48292
  64.42999      1.44492   15.51545    0.12684      48477
  64.43999      1.44472   15.57523    0.12455      48565
  64.44999      1.44452   15.61528    0.12047      48297
  64.45998      1.44432   15.67785    0.12372      48350
  64.46998      1.44412   15.72622    0.13020      48856
  64.47998      1.44392   15.78147    0.12759      48266
  64.48998      1.44372   15.82933    0.12307      48609
  64.49998      1.44352   15.89494    0.12714      48421
  64.50998      1.44332   15.93777    0.13247      48495
  64.51997      1.44312   15.99734    0.12346      48334
  64.52997      1.44292   16.06058    0.10381      48601
  64.53997      1.44272   16.11528    0.12192      48269
  64.54997      1.44252   16.16754    0.12725      48209
  64.55997      1.44232   16.22311    0.12072      48411
  64.56997      1.44212   16.30147    0.12207      48651
  64.57996      1.44192   16.34551    0.12944      48544
  64.58996      1.44172   16.41207    0.13112      48090
  64.59996      1.44152   16.46916    0.11832      48849
  64.60996      1.44132   16.54280    0.13635      48634
  64.61996      1.44113   16.58957    0.13110      48399
  64.62996      1.44093   16.65373    0.12929      48608
  64.63995      1.44073   16.72535    0.12704      48890
  64.64995      1.44053   16.77900    0.13708      48359
  64.65995      1.44033   16.84863    0.13073      48047
  64.66995      1.44013   16.90804    0.10885      48805
  64.67995      1.43993   16.97944    0.12075      48444
  64.68995      1.43974   17.02799    0.12874      47990
  64.69994      1.43954   17.10713    0.12592      48753
  64.70994      1.43934   17.16012    0.12834      48594
  64.71994      1.43914   17.23064    0.12699      48185
  64.72994      1.43894   17.30273    0.13421      48749
  64.73994      1.43874   17.36250    0.13245      48848
  64.74994      1.43855   17.42578    0.12690      48418
  64.75993      1.43835   17.48741    0.13348      48430
  64.76993      1.43815   17.56472    0.13484      48843
  64.77993      1.43795   17.61546    0.13347      48788
  64.78993      1.43776   17.67696    0.13219      48172
  64.79993      1.43756   17.75195    0.13896      48637
  64.80992      1.43736   17.80919    0.11780      48765
  64.81992      1.43716   17.86706    0.11510      48177
  64.82992      1.43696   17.92389    0.13398      48484
  64.83992      1.43677   17.99783    0.13152      48684
  64.84992      1.43657   18.05358    0.12572      48498
  64.85992      1.43637   18.10645    0.13592      48192
  64.86991      1.43618   18.17574    0.13443      48979
  64.87991      1.43598   18.23008    0.13643      48776
  64.88991      1.43578   18.28447    0.12832      48315
  64.89991      1.43558   18.33574    0.13758      48777
  64.90991      1.43539   18.40223    0.13743      48795
  64.91991      1.43519   18.44460    0.13921      48507
  64.92990      1.43499   18.49153    0.13538      48685
  64.93990      1.43480   18.55119    0.13703      48727
  64.94990      1.43460   18.59078    0.12257      48477
  64.95990      1.43440   18.63834    0.12360      48480
  64.96990      1.43421   18.67189    0.12425      48507
  64.97990      1.43401   18.72543    0.13799      48613
  64.98989      1.43381   18.75757    0.13333      48368
  64.99989      1.43362   18.79326    0.12667      48662
  65.00989      1.43342   18.83706    0.14424      48901
  65.01989      1.43322   18.86368    0.13981      48496
  65.02989      1.43303   18.89533    0.13130      48786
  65.03989      1.43283   18.91802    0.13891      48660
  65.04988      1.43264   18.95531    0.13965      48981
  65.05988      1.43244   18.97043    0.13614      48495
  65.06988      1.43224   18.98691    0.14405      48677
  65.07988      1.43205   19.01400    0.13380      48802
  65.08988      1.43185   19.02794    0.13406      48464
  65.09988      1.43166   19.02966    0.11839      48716
  65.10987      1.43146   19.03519    0.13123      48523
  65.11987      1.43127   19.04734    0.12968      48435
  65.12987      1.43107   19.05342    0.13125      48651
  65.13987      1.43088   19.04730    0.13826      48683
  65.14987      1.43068   19.05468    0.13430      48817
  65.15986      1.43048   19.04803    0.13157      48773
  65.16986      1.43029   19.02670    0.14567      48738
  65.17986      1.43009   19.03043    0.13726      48814
  65.18986      1.42990   19.01710    0.14034      48670
  65.19986      1.42970   18.99512    0.13815      48996
  65.20986      1.42951   18.96809    0.13134      48601
  65.21985      1.42931   18.95914    0.14919      48792
  65.22985      1.42912   18.92898    0.12077      48658
  65.23985      1.42892   18.89642    0.12980      48542
  65.24985      1.42873   18.85474    0.12090      48510
  65.25985      1.42853   18.82687    0.13527      48621
  65.26985      1.42834   18.79051    0.13049      48942
  65.27984      1.42815   18.74562    0.13534      48441
  65.28984      1.42795   18.70927    0.13467      48727
  65.29984      1.42776   18.66114    0.13973      49027
  65.30984      1.42756   18.60702    0.13105      48870
  65.31984      1.42737   18.56181    0.14059      48627
  65.32984      1.42717   18.50614    0.13287      48916
  65.33983      1.42698   18.44792    0.13607      49121
  65.34983      1.42678   18.37827    0.14184      48556
  65.35983      1.42659   18.32958    0.12898      48790
  65.36983      1.42640   18.27050    0.13337      48847
  65.37983      1.42620   18.18718    0.11877      48622
  65.38983      1.42601   18.11607    0.12198      48316
  65.39982      1.42582   18.05206    0.12865      48933
  65.40982      1.42562   17.98193    0.12976      48887
  65.41982      1.42543   17.90015    0.13378      48393
  65.42982      1.42523   17.82840    0.13134      49047
  65.43982      1.42504   17.75349    0.13553      48999
  65.44982      1.42485   17.67063    0.12929      48878
  65.45981      1.42465   17.57851    0.13520      48621
  65.46981      1.42446   17.50944    0.13463      49084
  65.47981      1.42427   17.42047    0.13208      48970
  65.48981      1.42407   17.32414    0.12861      48497
  65.49981      1.42388   17.24748    0.13798      49138
  65.50981      1.42369   17.16007    0.11998      48962
  65.51980      1.42349   17.05940    0.11915      48615
  65.52980      1.42330   16.96306    0.12317      48413
  65.53980      1.42311   16.88322    0.11819      48877
  65.54980      1.42292   16.78930    0.12914      49066
  65.55980      1.42272   16.68549    0.12785      48446
  65.56979      1.42253   16.59553    0.12535      49048
  65.57979      1.42234   16.50978    0.12565      48981
  65.58979      1.42214   16.41275    0.13035      48958
  65.59979      1.42195   16.30249    0.12899      48662
  65.60979      1.42176   16.21714    0.13146      49135
  65.61979      1.42157   16.12029    0.12337      49093
  65.62978      1.42137   16.02033    0.12715      48834
  65.63978      1.42118   15.91901    0.13206      49058
  65.64978      1.42099   15.83574    0.11779      48908
  65.65978      1.42080   15.72529    0.11506      48431
  65.66978      1.42061   15.61926    0.11420      48611
  65.67978      1.42041   15.53969    0.11890      49053
  65.68977      1.42022   15.44641    0.11644      48876
  65.69977      1.42003   15.33724    0.12761      48885
  65.70977      1.41984   15.24730    0.12193      48962
  65.71977      1.41965   15.15921    0.12273      49130
  65.72977      1.41945   15.06138    0.12480      48790
  65.73977      1.41926   14.96050    0.11903      48858
  65.74976      1.41907   14.88267    0.12725      49121
  65.75976      1.41888   14.78654    0.12601      49064
  65.76976      1.41869   14.69639    0.12028      49068
  65.77976      1.41850   14.59906    0.12028      49036
  65.78976      1.41831   14.52555    0.11240      48978
  65.79976      1.41811   14.42476    0.11737      48480
  65.80975      1.41792   14.33691    0.10651      48824
  65.81975      1.41773   14.25609    0.11960      49064
  65.82975      1.41754   14.18095    0.11134      48603
  65.83975      1.41735   14.09586    0.11465      49165
  65.84975      1.41716   14.00747    0.12340      48844
  65.85975      1.41697   13.94317    0.11579      49181
  65.86974      1.41678   13.86154    0.11772      49081
  65.87974      1.41659   13.78844    0.12135      49149
  65.88974      1.41640   13.70629    0.11532      48836
  65.89974      1.41620   13.64039    0.12352      49085
  65.90974      1.41601   13.57391    0.11652      49469
  65.91974      1.41582   13.49161    0.11745      48869
  65.92973      1.41563   13.43137    0.10620      48983
  65.93973      1.41544   13.36139    0.11503      48542
  65.94973      1.41525   13.29475    0.10478      49140
  65.95973      1.41506   13.22510    0.10525      48777
  65.96973      1.41487   13.17601    0.11789      48849
  65.97972      1.41468   13.11208    0.11164      49245
  65.98972      1.41449   13.05189    0.11047      48941
  65.99972      1.41430   12.98724    0.11697      49011
  66.00972      1.41411   12.94315    0.11372      49334
  66.01972      1.41392   12.88558    0.11509      49239
  66.02972      1.41373   12.82133    0.11758      48815
  66.03971      1.41354   12.77825    0.11241      49121
  66.04971      1.41335   12.72572    0.11392      49516
  66.05971      1.41316   12.67192    0.11566      49073
  66.06971      1.41297   12.61549    0.10193      48837
  66.07971      1.41278   12.56552    0.10890      48668
  66.08971      1.41259   12.52296    0.10491      49130
  66.09970      1.41240   12.47423    0.10345      49023
  66.10970      1.41222   12.42754    0.10453      48781
  66.11970      1.41203   12.38724    0.11263      49413
  66.12970      1.41184   12.34628    0.11355      49189
  66.13970      1.41165   12.29143    0.10936      48629
  66.14970      1.41146   12.26181    0.11516      49339
  66.15969      1.41127   12.21951    0.10696      49585
  66.16969      1.41108   12.17879    0.11216      49176
  66.17969      1.41089   12.13180    0.11183      48868
  66.18969      1.41070   12.10364    0.11744      49379
  66.19969      1.41051   12.06649    0.10224      49386
  66.20969      1.41032   12.02253    0.10551      48866
  66.21968      1.41014   11.98426    0.10579      48775
  66.22968      1.40995   11.95522    0.10174      49187
  66.23968      1.40976   11.92505    0.10022      49033
  66.24968      1.40957   11.88946    0.10791      48686
  66.25968      1.40938   11.86709    0.11043      49445
  66.26968      1.40919   11.83867    0.10586      49363
  66.27967      1.40901   11.80577    0.11243      49016
  66.28967      1.40882   11.77704    0.10662      49182
  66.29967      1.40863   11.75861    0.11541      49605
  66.30967      1.40844   11.72996    0.10508      49215
  66.31967      1.40825   11.69955    0.11218      48998
  66.32967      1.40806   11.68052    0.11507      49433
  66.33966      1.40788   11.66251    0.09716      49479
  66.34966      1.40769   11.63033    0.10361      48823
  66.35966      1.40750   11.60709    0.10783      48614
  66.36966      1.40731   11.59819    0.09855      49419
  66.37966      1.40713   11.57460    0.10273      49115
  66.38965      1.40694   11.55028    0.10305      49034
  66.39965      1.40675   11.53563    0.10772      49261
  66.40965      1.40656   11.51798    0.11081      49402
  66.41965      1.40637   11.49683    0.10267      49134
  66.42965      1.40619   11.48062    0.11132      49395
  66.43965      1.40600   11.46175    0.10503      49143
  66.44964      1.40581   11.44871    0.10828      49582
  66.45964      1.40563   11.42911    0.10969      49295
  66.46964      1.40544   11.40837    0.11659      49187
  66.47964      1.40525   11.39791    0.09386      49656
  66.48964      1.40506   11.37407    0.10183      48885
  66.49964      1.40488   11.35954    0.10653      48887
  66.50963      1.40469   11.34033    0.09613      49052
  66.51963      1.40450   11.32996    0.09937      49342
  66.52963      1.40432   11.31019    0.10835      49183
  66.53963      1.40413   11.29876    0.10918      49449
  66.54963      1.40394   11.28187    0.09970      49317
  66.55963      1.40376   11.26746    0.11047      49208
  66.56962      1.40357   11.25329    0.10603      49608
  66.57962      1.40338   11.23599    0.10797      49234
  66.58962      1.40320   11.22562    0.10411      49409
  66.59962      1.40301   11.20532    0.11206      49442
  66.60962      1.40282   11.19636    0.10166      49643
  66.61962      1.40264   11.17922    0.09645      49212
  66.62961      1.40245   11.16331    0.10503      48977
  66.63961      1.40227   11.15204    0.10857      49021
  66.64961      1.40208   11.13896    0.09397      49419
  66.65961      1.40189   11.12276    0.10010      48960
  66.66961      1.40171   11.11647    0.10639      49285
  66.67961      1.40152   11.10338    0.10601      49608
  66.68960      1.40134   11.09309    0.10449      49470
  66.69960      1.40115   11.07604    0.10473      49068
  66.70960      1.40096   11.06916    0.10933      49726
  66.71960      1.40078   11.06041    0.10383      49614
  66.72960      1.40059   11.04480    0.11067      49176
  66.73960      1.40041   11.03678    0.10164      49377
  66.74959      1.40022   11.03088    0.10201      49772
  66.75959      1.40004   11.01539    0.09575      49441
  66.76959      1.39985   10.99902    0.10499      48843
  66.77959      1.39967   11.00248    0.11055      49122
  66.78959      1.39948   10.99125    0.09106      49583
  66.79958      1.39930   10.98230    0.10213      49477
  66.80958      1.39911   10.97118    0.10689      48907
  66.81958      1.39893   10.97374    0.10292      49726
  66.82958      1.39874   10.96141    0.09937      49625
  66.83958      1.39856   10.95200    0.11475      49352
  66.84958      1.39837   10.94059    0.10478      49415
  66.85957      1.39819   10.94464    0.10215      49608
  66.86957      1.39800   10.93708    0.10753      49726
  66.87957      1.39782   10.92447    0.10690      49113
  66.88957      1.39763   10.92108    0.09568      49696
  66.89957      1.39745   10.91101    0.10376      49432
  66.90957      1.39726   10.90825    0.10014      49265
  66.91956      1.39708   10.89292    0.10476      48740
  66.92956      1.39689   10.89941    0.09357      49721
  66.93956      1.39671   10.89122    0.09994      49619
  66.94956      1.39652   10.88181    0.10977      49323
  66.95956      1.39634   10.87497    0.09983      49405
  66.96956      1.39616   10.87540    0.10656      49778
  66.97955      1.39597   10.86973    0.10834      49669
  66.98955      1.39579   10.85939    0.10103      49338
  66.99955      1.39560   10.85304    0.10830      49662
  67.00955      1.39542   10.84946    0.10758      49711
  67.01955      1.39524   10.84358    0.09915      49578
  67.02955      1.39505   10.83209    0.09669      49376
  67.03954      1.39487   10.82656    0.10353      49426
  67.04954      1.39469   10.82323    0.10486      49334
  67.05954      1.39450   10.81872    0.09834      49216
  67.06954      1.39432   10.81011    0.09603      49455
  67.07954      1.39413   10.80807    0.10167      49635
  67.08954      1.39395   10.80621    0.10373      49762
  67.09953      1.39377   10.79981    0.10416      49481
  67.10953      1.39358   10.79311    0.10380      49433
  67.11953      1.39340   10.79586    0.10836      49799
  67.12953      1.39322   10.78885    0.10148      49648
  67.13953      1.39303   10.78347    0.10519      49712
  67.14952      1.39285   10.78094    0.11130      49616
  67.15952      1.39267   10.77770    0.09453      49798
  67.16952      1.39249   10.77303    0.10371      49180
  67.17952      1.39230   10.77116    0.09890      49672
  67.18952      1.39212   10.76769    0.10309      49220
  67.19952      1.39194   10.77097    0.10254      49480
  67.20951      1.39175   10.76910    0.09653      49603
  67.21951      1.39157   10.76738    0.10193      49650
  67.22951      1.39139   10.76722    0.10210      49558
  67.23951      1.39121   10.76993    0.10321      49484
  67.24951      1.39102   10.77237    0.10576      49934
  67.25951      1.39084   10.77207    0.10876      49693
  67.26950      1.39066   10.77305    0.10556      49707
  67.27950      1.39048   10.77466    0.10477      49774
  67.28950      1.39029   10.77422    0.09741      50033
  67.29950      1.39011   10.77394    0.09884      49486
  67.30950      1.38993   10.77387    0.10127      49435
  67.31950      1.38975   10.77843    0.10837      49646
  67.32949      1.38957   10.77973    0.09698      49489
  67.33949      1.38938   10.77719    0.10334      49155
  67.34949      1.38920   10.79080    0.09335      49703
  67.35949      1.38902   10.79018    0.10519      49855
  67.36949      1.38884   10.79436    0.10476      49957
  67.37949      1.38866   10.79061    0.10371      49334
  67.38948      1.38847   10.79884    0.10699      49855
  67.39948      1.38829   10.80651    0.10450      49988
  67.40948      1.38811   10.79973    0.10508      49912
  67.41948      1.38793   10.80342    0.10426      49472
  67.42948      1.38775   10.80960    0.09746      49999
  67.43948      1.38757   10.81108    0.10072      49761
  67.44947      1.38738   10.81146    0.09992      49596
  67.45947      1.38720   10.81251    0.10533      49363
  67.46947      1.38702   10.82013    0.10593      49616
  67.47947      1.38684   10.82518    0.09481      49862
  67.48947      1.38666   10.82780    0.10341      49694
  67.49947      1.38648   10.83090    0.09958      49394
  67.50946      1.38630   10.83987    0.11005      50093
  67.51946      1.38612   10.83847    0.10271      49899
  67.52946      1.38594   10.84174    0.10485      49675
  67.53946      1.38576   10.85125    0.10505      49761
  67.54946      1.38557   10.85672    0.11325      50091
  67.55945      1.38539   10.85701    0.09596      49952
  67.56945      1.38521   10.85791    0.09640      49545
  67.57945      1.38503   10.86410    0.10639      49747
  67.58945      1.38485   10.87539    0.09992      49763
  67.59945      1.38467   10.87752    0.10513      49693
  67.60945      1.38449   10.87986    0.11153      49291
  67.61944      1.38431   10.89118    0.09186      49965
  67.62944      1.38413   10.90248    0.10565      49961
  67.63944      1.38395   10.90593    0.10330      49677
  67.64944      1.38377   10.90636    0.10234      49861
  67.65944      1.38359   10.92038    0.10661      50002
  67.66944      1.38341   10.92835    0.10770      50122
  67.67943      1.38323   10.93557    0.11166      49631
  67.68943      1.38305   10.93945    0.09951      49986
  67.69943      1.38287   10.95491    0.09839      50133
  67.70943      1.38269   10.95386    0.10315      49731
  67.71943      1.38251   10.96542    0.10135      49708
  67.72943      1.38233   10.96886    0.10456      49700
  67.73942      1.38215   10.98552    0.10624      49860
  67.74942      1.38197   10.99612    0.10702      49715
  67.75942      1.38179   11.00883    0.09356      49835
  67.76942      1.38161   11.00741    0.11068      49632
  67.77942      1.38143   11.02590    0.10377      50165
  67.78942      1.38125   11.03745    0.10218      49811
  67.79941      1.38107   11.04725    0.11368      50208
  67.80941      1.38089   11.05290    0.10410      49823
  67.81941      1.38071   11.06863    0.10645      50238
  67.82941      1.38054   11.08376    0.10073      49844
  67.83941      1.38036   11.09304    0.10105      50102
  67.84941      1.38018   11.09706    0.09974      49633
  67.85940      1.38000   11.11334    0.10909      49972
  67.86940      1.37982   11.12802    0.10540      49979
  67.87940      1.37964   11.14362    0.10387      49808
  67.88940      1.37946   11.14966    0.10075      49663
  67.89940      1.37928   11.17094    0.10401      49898
  67.90940      1.37910   11.18108    0.10333      50152
  67.91939      1.37893   11.19815    0.11093      50147
  67.92939      1.37875   11.20543    0.10485      49746
  67.93939      1.37857   11.23037    0.11042      50130
  67.94939      1.37839   11.24283    0.10979      50288
  67.95939      1.37821   11.26308    0.09929      50150
  67.96938      1.37803   11.27021    0.10439      49984
  67.97938      1.37785   11.28666    0.10118      49639
  67.98938      1.37768   11.30948    0.11051      50230
  67.99938      1.37750   11.32704    0.10486      49992
  68.00938      1.37732   11.33598    0.10567      49599
  68.01938      1.37714   11.36100    0.11368      49736
  68.02937      1.37696   11.38033    0.09670      50357
  68.03937      1.37679   11.40060    0.10720      50071
  68.04937      1.37661   11.41039    0.10227      49766
  68.05937      1.37643   11.43964    0.11318      50343
  68.06937      1.37625   11.45955    0.10973      50173
  68.07937      1.37607   11.47910    0.10631      50224
  68.08936      1.37590   11.49021    0.11193      49756
  68.09936      1.37572   11.52408    0.09809      50518
  68.10936      1.37554   11.53616    0.10034      50024
  68.11936      1.37536   11.56196    0.11018      49739
  68.12936      1.37519   11.57649    0.10604      49735
  68.13936      1.37501   11.60744    0.10488      50386
  68.14935      1.37483   11.62916    0.11578      50128
  68.15935      1.37465   11.65401    0.10174      49954
  68.16935      1.37448   11.66806    0.10527      49748
  68.17935      1.37430   11.70350    0.10638      50457
  68.18935      1.37412   11.72878    0.11001      50246
  68.19935      1.37395   11.75026    0.11314      50190
  68.20934      1.37377   11.76964    0.10993      49980
  68.21934      1.37359   11.80554    0.10828      50398
  68.22934      1.37341   11.83788    0.10519      50431
  68.23934      1.37324   11.85189    0.10178      49700
  68.24934      1.37306   11.87546    0.10848      49967
  68.25934      1.37288   11.91441    0.10795      50392
  68.26933      1.37271   11.94371    0.11263      50263
  68.27933      1.37253   11.97136    0.10928      49889
  68.28933      1.37235   11.99574    0.11212      49831
  68.29933      1.37218   12.03751    0.10391      50431
  68.30933      1.37200   12.06850    0.10741      50413
  68.31933      1.37182   12.09927    0.11272      49895
  68.32932      1.37165   12.12595    0.11175      50269
  68.33932      1.37147   12.16285    0.11223      50427
  68.34932      1.37130   12.20659    0.11508      50362
  68.35932      1.37112   12.23772    0.10438      50147
  68.36932      1.37094   12.27150    0.10752      50317
  68.37931      1.37077   12.31001    0.10718      49980
  68.38931      1.37059   12.34748    0.11204      50227
  68.39931      1.37042   12.39191    0.10858      50326
  68.40931      1.37024   12.42819    0.11542      50190
  68.41931      1.37006   12.46848    0.11442      49802
  68.42931      1.36989   12.51992    0.11336      50268
  68.43930      1.36971   12.56398    0.10281      50507
  68.44930      1.36954   12.60570    0.11580      50294
  68.45930      1.36936   12.65367    0.11707      50139
  68.46930      1.36919   12.70060    0.10986      50261
  68.47930      1.36901   12.74898    0.11694      50681
  68.48930      1.36883   12.79721    0.11434      50343
  68.49929      1.36866   12.84777    0.10281      50240
  68.50929      1.36848   12.89923    0.11494      49963
  68.51929      1.36831   12.95360    0.11438      50412
  68.52929      1.36813   13.00861    0.11040      50444
  68.53929      1.36796   13.05953    0.11924      49976
  68.54929      1.36778   13.12141    0.12013      50428
  68.55928      1.36761   13.17940    0.11643      50362
  68.56928      1.36743   13.24251    0.10871      50236
  68.57928      1.36726   13.29351    0.11460      50103
  68.58928      1.36708   13.36021    0.11446      50503
  68.59928      1.36691   13.42594    0.11706      50473
  68.60928      1.36673   13.49103    0.12626      50664
  68.61927      1.36656   13.54898    0.11351      50039
  68.62927      1.36638   13.61880    0.10579      50614
  68.63927      1.36621   13.68912    0.11994      50415
  68.64927      1.36603   13.75803    0.11218      50332
  68.65927      1.36586   13.82832    0.11539      49803
  68.66927      1.36569   13.90484    0.12386      50661
  68.67926      1.36551   13.98197    0.12123      50827
  68.68926      1.36534   14.05974    0.12179      50082
  68.69926      1.36516   14.13184    0.12290      49828
  68.70926      1.36499   14.21791    0.11193      50742
  68.71926      1.36481   14.30345    0.11827      50678
  68.72926      1.36464   14.38858    0.12468      50481
  68.73925      1.36447   14.46465    0.12138      50210
  68.74925      1.36429   14.55534    0.12498      50591
  68.75925      1.36412   14.65232    0.11320      50663
  68.76925      1.36394   14.73722    0.11861      50349
  68.77925      1.36377   14.82839    0.12375      50159
  68.78924      1.36360   14.93174    0.11467      50496
  68.79924      1.36342   15.03691    0.13431      50504
  68.80924      1.36325   15.13046    0.12311      50658
  68.81924      1.36307   15.23546    0.12552      50301
  68.82924      1.36290   15.33950    0.13723      50090
  68.83924      1.36273   15.45567    0.11806      50679
  68.84923      1.36255   15.56069    0.11931      50707
  68.85923      1.36238   15.67181    0.13069      50417
  68.86923      1.36221   15.78815    0.12857      50534
  68.87923      1.36203   15.90688    0.12450      50694
  68.88923      1.36186   16.02590    0.12310      50736
  68.89923      1.36169   16.14587    0.12140      50135
  68.90922      1.36151   16.26241    0.12328      50503
  68.91922      1.36134   16.40292    0.13405      50542
  68.92922      1.36117   16.53135    0.12676      50544
  68.93922      1.36099   16.65870    0.13845      50554
  68.94922      1.36082   16.79734    0.12815      50681
  68.95922      1.36065   16.93733    0.13686      50242
  68.96921      1.36048   17.07467    0.13342      50633
  68.97921      1.36030   17.20992    0.12298      50628
  68.98921      1.36013   17.36311    0.13233      50680
  68.99921      1.35996   17.50199    0.13779      50415
  69.00921      1.35979   17.65204    0.13569      50840
  69.01921      1.35961   17.80647    0.12728      50656
  69.02920      1.35944   17.95647    0.12736      50671
  69.03920      1.35927   18.10924    0.12835      50331
  69.04920      1.35910   18.27296    0.14154      50482
  69.05920      1.35892   18.43018    0.13943      50642
  69.06920      1.35875   18.60251    0.13788      50917
  69.07920      1.35858   18.76242    0.14783      50327
  69.08919      1.35841   18.93002    0.13516      50741
  69.09919      1.35823   19.09932    0.14562      50445
  69.10919      1.35806   19.27684    0.13306      50848
  69.11919      1.35789   19.44330    0.13478      50592
  69.12919      1.35772   19.62369    0.14571      50586
  69.13918      1.35755   19.80641    0.14401      50848
  69.14918      1.35737   19.98543    0.13427      51066
  69.15918      1.35720   20.16519    0.13773      50555
  69.16918      1.35703   20.35050    0.14385      50081
  69.17918      1.35686   20.53388    0.13705      50761
  69.18918      1.35669   20.73311    0.15639      50946
  69.19917      1.35652   20.92916    0.14235      50800
  69.20917      1.35634   21.10944    0.15319      50444
  69.21917      1.35617   21.32162    0.15531      50859
  69.22917      1.35600   21.51185    0.14791      50708
  69.23917      1.35583   21.71853    0.14302      50849
  69.24917      1.35566   21.91079    0.14668      50190
  69.25916      1.35549   22.11881    0.14633      51022
  69.26916      1.35532   22.33168    0.15395      51055
  69.27916      1.35514   22.53297    0.14086      50959
  69.28916      1.35497   22.73139    0.14663      50547
  69.29916      1.35480   22.94678    0.14951      50303
  69.30916      1.35463   23.15836    0.15433      51025
  69.31915      1.35446   23.36534    0.14757      50919
  69.32915      1.35429   23.58403    0.16703      50562
  69.33915      1.35412   23.78509    0.15894      50706
  69.34915      1.35395   24.01114    0.15820      51070
  69.35915      1.35378   24.21502    0.16111      50746
  69.36915      1.35361   24.42652    0.15965      50702
  69.37914      1.35344   24.63491    0.14759      50395
  69.38914      1.35327   24.85587    0.15800      51349
  69.39914      1.35310   25.06256    0.16391      50977
  69.40914      1.35292   25.26498    0.14942      50905
  69.41914      1.35275   25.47600    0.14987      50671
  69.42914      1.35258   25.68014    0.16062      50679
  69.43913      1.35241   25.88429    0.15884      50848
  69.44913      1.35224   26.09217    0.16498      50834
  69.45913      1.35207   26.28638    0.16316      50866
  69.46913      1.35190   26.48115    0.17645      50912
  69.47913      1.35173   26.68425    0.16527      50933
  69.48913      1.35156   26.87796    0.16459      51033
  69.49912      1.35139   27.06258    0.17607      50546
  69.50912      1.35122   27.23264    0.15128      50639
  69.51912      1.35105   27.42934    0.16639      51317
  69.52912      1.35088   27.60976    0.16888      51035
  69.53912      1.35071   27.76833    0.16052      50960
  69.54911      1.35054   27.94222    0.15525      50857
  69.55911      1.35037   28.09996    0.16828      50725
  69.56911      1.35020   28.26776    0.16579      50940
  69.57911      1.35003   28.42350    0.16522      50861
  69.58911      1.34987   28.56258    0.17607      51159
  69.59911      1.34970   28.70736    0.17222      50699
  69.60910      1.34953   28.85497    0.17903      51349
  69.61910      1.34936   28.98631    0.17854      50876
  69.62910      1.34919   29.10622    0.16586      50873
  69.63910      1.34902   29.22201    0.16728      50890
  69.64910      1.34885   29.34131    0.16715      51054
  69.65910      1.34868   29.45142    0.17634      50832
  69.66909      1.34851   29.56372    0.15974      51458
  69.67909      1.34834   29.63789    0.16448      50924
  69.68909      1.34817   29.73055    0.16553      50541
  69.69909      1.34800   29.82919    0.16956      50814
  69.70909      1.34784   29.89302    0.18005      51336
  69.71909      1.34767   29.96984    0.17424      51240
  69.72908      1.34750   30.02886    0.17467      50661
  69.73908      1.34733   30.08819    0.19054      51095
  69.74908      1.34716   30.14240    0.16796      51574
  69.75908      1.34699   30.18621    0.18432      50863
  69.76908      1.34682   30.21789    0.16984      50894
  69.77908      1.34665   30.24478    0.16202      50837
  69.78907      1.34649   30.27541    0.17212      51277
  69.79907      1.34632   30.30271    0.17528      51422
  69.80907      1.34615   30.29010    0.15797      50932
  69.81907      1.34598   30.27966    0.17200      50319
  69.82907      1.34581   30.29910    0.17555      51480
  69.83907      1.34564   30.27371    0.17521      51371
  69.84906      1.34548   30.26197    0.17389      51233
  69.85906      1.34531   30.22257    0.18550      50801
  69.86906      1.34514   30.18595    0.17023      51116
  69.87906      1.34497   30.15377    0.18873      51566
  69.88906      1.34480   30.09943    0.17228      51041
  69.89906      1.34464   30.03425    0.17558      51050
  69.90905      1.34447   29.96722    0.15956      50872
  69.91905      1.34430   29.90539    0.17751      51397
  69.92905      1.34413   29.83372    0.15323      51395
  69.93905      1.34397   29.72525    0.16806      50957
  69.94905      1.34380   29.63699    0.17305      50850
  69.95904      1.34363   29.54492    0.16692      51168
  69.96904      1.34346   29.43726    0.17608      51238
  69.97904      1.34329   29.33113    0.17449      51384
  69.98904      1.34313   29.20730    0.16671      51052
  69.99904      1.34296   29.07876    0.18804      51310
  70.00904      1.34279   28.96707    0.17640      51481
  70.01903      1.34263   28.82389    0.16792      51330
  70.02903      1.34246   28.68881    0.18218      50814
  70.03903      1.34229   28.54152    0.15318      51417
  70.04903      1.34212   28.40321    0.16872      51259
  70.05903      1.34196   28.25738    0.15531      51469
  70.06903      1.34179   28.08484    0.15834      50752
  70.07902      1.34162   27.92784    0.16839      51383
  70.08902      1.34146   27.77130    0.16843      51050
  70.09902      1.34129   27.61393    0.16567      51444
  70.10902      1.34112   27.44240    0.16835      51229
  70.11902      1.34096   27.27859    0.17520      51454
  70.12902      1.34079   27.08804    0.16367      51483
  70.13901      1.34062   26.92384    0.18309      51205
  70.14901      1.34046   26.74099    0.16121      51295
  70.15901      1.34029   26.56518    0.16774      51184
  70.16901      1.34012   26.38183    0.15595      51604
  70.17901      1.33996   26.18179    0.15530      51143
  70.18901      1.33979   26.01503    0.15102      51494
  70.19900      1.33962   25.81020    0.15333      50933
  70.20900      1.33946   25.63201    0.16166      51445
  70.21900      1.33929   25.43275    0.16138      51284
  70.22900      1.33912   25.23951    0.15937      51250
  70.23900      1.33896   25.05234    0.16307      51350
  70.24900      1.33879   24.86305    0.15964      51802
  70.25899      1.33863   24.65902    0.16211      51421
  70.26899      1.33846   24.45975    0.16437      51433
  70.27899      1.33829   24.26342    0.16609      51206
  70.28899      1.33813   24.07628    0.15597      51442
  70.29899      1.33796   23.87478    0.15203      51549
  70.30899      1.33780   23.67250    0.14216      51377
  70.31898      1.33763   23.46785    0.14763      51289
  70.32898      1.33747   23.27079    0.14575      51179
  70.33898      1.33730   23.08228    0.15195      51598
  70.34898      1.33713   22.87983    0.15188      51352
  70.35898      1.33697   22.68571    0.15095      51385
  70.36897      1.33680   22.49275    0.15805      51366
  70.37897      1.33664   22.30945    0.15763      51879
  70.38897      1.33647   22.11573    0.15070      51522
  70.39897      1.33631   21.92030    0.15947      51732
  70.40897      1.33614   21.72481    0.15328      50935
  70.41897      1.33598   21.54703    0.15190      51681
  70.42896      1.33581   21.35720    0.13678      51621
  70.43896      1.33565   21.17363    0.13485      51560
  70.44896      1.33548   20.98461    0.14006      51025
  70.45896      1.33532   20.79732    0.13712      51404
  70.46896      1.33515   20.63603    0.15008      51721
  70.47896      1.33499   20.45643    0.14420      51716
  70.48895      1.33482   20.28200    0.14549      51337
  70.49895      1.33466   20.11025    0.14928      51417
  70.50895      1.33449   19.94441    0.14194      51724
  70.51895      1.33433   19.78505    0.15248      51835
  70.52895      1.33416   19.61867    0.14539      51697
  70.53895      1.33400   19.45126    0.14375      51580
  70.54894      1.33383   19.29441    0.14574      51166
  70.55894      1.33367   19.14163    0.13024      51877
  70.56894      1.33350   18.98538    0.12428      51833
  70.57894      1.33334   18.83313    0.13493      50972
  70.58894      1.33318   18.68289    0.13305      51649
  70.59894      1.33301   18.53234    0.14336      51452
  70.60893      1.33285   18.40396    0.13638      51730
  70.61893      1.33268   18.25541    0.13810      51478
  70.62893      1.33252   18.12573    0.14185      51987
  70.63893      1.33236   17.98424    0.14101      51630
  70.64893      1.33219   17.85194    0.13922      51917
  70.65893      1.33203   17.72037    0.13859      51648
  70.66892      1.33186   17.59564    0.13725      51738
  70.67892      1.33170   17.46069    0.13719      51562
  70.68892      1.33154   17.33243    0.12497      51473
  70.69892      1.33137   17.21803    0.11982      51872
  70.70892      1.33121   17.08256    0.12479      51140
  70.71891      1.33104   16.96873    0.13309      51913
  70.72891      1.33088   16.85171    0.12849      51760
  70.73891      1.33072   16.74136    0.13366      51405
  70.74891      1.33055   16.63075    0.13237      51791
  70.75891      1.33039   16.51992    0.13194      52054
  70.76891      1.33023   16.41024    0.13244      51950
  70.77890      1.33006   16.30054    0.13728      51857
  70.78890      1.32990   16.19409    0.12797      51511
  70.79890      1.32974   16.09177    0.13500      51925
  70.80890      1.32957   15.99388    0.13281      51636
  70.81890      1.32941   15.88862    0.11034      52005
  70.82890      1.32925   15.78964    0.12112      51468
  70.83889      1.32908   15.68759    0.12290      51218
  70.84889      1.32892   15.60194    0.12403      51890
  70.85889      1.32876   15.51124    0.12599      52087
  70.86889      1.32860   15.41629    0.12720      51814
  70.87889      1.32843   15.33659    0.13314      51655
  70.88889      1.32827   15.24660    0.12807      51781
  70.89888      1.32811   15.16545    0.12768      52238
  70.90888      1.32794   15.08327    0.12856      52104
  70.91888      1.32778   15.00383    0.12626      51875
  70.92888      1.32762   14.92184    0.12840      51337
  70.93888      1.32746   14.85069    0.12514      51847
  70.94888      1.32729   14.78001    0.10768      52172
  70.95887      1.32713   14.69812    0.11510      51632
  70.96887      1.32697   14.62996    0.11656      51529
  70.97887      1.32681   14.56177    0.12449      51655
  70.98887      1.32664   14.50412    0.12239      52266
  70.99887      1.32648   14.43963    0.12483      52019
  71.00887      1.32632   14.37833    0.12051      51980
  71.01886      1.32616   14.30755    0.12870      51845
  71.02886      1.32599   14.24850    0.12555      51886
  71.03886      1.32583   14.19885    0.12366      52337
  71.04886      1.32567   14.14003    0.12249      52094
  71.05886      1.32551   14.08518    0.12139      51698
  71.06886      1.32535   14.03035    0.11906      51807
  71.07885      1.32518   13.97442    0.10594      51971
  71.08885      1.32502   13.91989    0.11334      51740
  71.09885      1.32486   13.87390    0.11682      51806
  71.10885      1.32470   13.82388    0.12029      51936
  71.11885      1.32454   13.77123    0.11788      51977
  71.12884      1.32438   13.72356    0.12321      52104
  71.13884      1.32421   13.68357    0.12405      52171
  71.14884      1.32405   13.63916    0.11867      51874
  71.15884      1.32389   13.58789    0.11966      52417
  71.16884      1.32373   13.54704    0.12067      51998
  71.17884      1.32357   13.50726    0.11782      52094
  71.18883      1.32341   13.47275    0.13080      52093
  71.19883      1.32325   13.43124    0.11010      51920
  71.20883      1.32308   13.37837    0.10256      51839
  71.21883      1.32292   13.33936    0.11252      51810
  71.22883      1.32276   13.30624    0.11093      51954
  71.23883      1.32260   13.27506    0.12374      51935
  71.24882      1.32244   13.23888    0.11622      52346
  71.25882      1.32228   13.19847    0.12154      52291
  71.26882      1.32212   13.17088    0.11991      51939
  71.27882      1.32196   13.14187    0.11527      52125
  71.28882      1.32180   13.11485    0.12489      52283
  71.29882      1.32164   13.08236    0.11720      52420
  71.30881      1.32148   13.04864    0.11717      52309
  71.31881      1.32131   13.02462    0.11662      51905
  71.32881      1.32115   13.00045    0.10834      51667
  71.33881      1.32099   12.96534    0.10120      52077
  71.34881      1.32083   12.94394    0.11298      52296
  71.35881      1.32067   12.92122    0.11311      52206
  71.36880      1.32051   12.90007    0.12314      51732
  71.37880      1.32035   12.88097    0.11098      52247
  71.38880      1.32019   12.86554    0.12349      52455
  71.39880      1.32003   12.84846    0.11433      52466
  71.40880      1.31987   12.82571    0.12346      52235
  71.41880      1.31971   12.81275    0.11926      51819
  71.42879      1.31955   12.79616    0.11341      52582
  71.43879      1.31939   12.78540    0.12068      52556
  71.44879      1.31923   12.77119    0.10466      52128
  71.45879      1.31907   12.75633    0.11017      51870
  71.46879      1.31891   12.74370    0.10498      51786
  71.47879      1.31875   12.73650    0.11044      52244
  71.48878      1.31859   12.73027    0.11860      52339
  71.49878      1.31843   12.72316    0.11259      52420
  71.50878      1.31827   12.71850    0.12147      52203
  71.51878      1.31811   12.71274    0.11558      52270
  71.52878      1.31795   12.71151    0.11466      52377
  71.53877      1.31779   12.71159    0.12243      52594
  71.54877      1.31763   12.70902    0.11804      52475
  71.55877      1.31747   12.70613    0.11528      52199
  71.56877      1.31731   12.70654    0.11727      52456
  71.57877      1.31715   12.70766    0.10291      52147
  71.58877      1.31699   12.70660    0.10788      52136
  71.59876      1.31683   12.71273    0.10804      52150
  71.60876      1.31668   12.71403    0.11602      52108
  71.61876      1.31652   12.71828    0.11059      52463
  71.62876      1.31636   12.72463    0.12019      52375
  71.63876      1.31620   12.73549    0.11933      52645
  71.64876      1.31604   12.74422    0.11848      52237
  71.65875      1.31588   12.75355    0.11771      52675
  71.66875      1.31572   12.75913    0.11613      52508
  71.67875      1.31556   12.76741    0.12080      52329
  71.68875      1.31540   12.78602    0.11485      52666
  71.69875      1.31524   12.79136    0.11248      52501
  71.70875      1.31509   12.80277    0.10708      51955
  71.71874      1.31493   12.81460    0.10623      52251
  71.72874      1.31477   12.82495    0.11007      52135
  71.73874      1.31461   12.85077    0.11559      52363
  71.74874      1.31445   12.86172    0.11830      52671
  71.75874      1.31429   12.87951    0.11413      52600
  71.76874      1.31413   12.89770    0.11869      52742
  71.77873      1.31397   12.91242    0.11968      52238
  71.78873      1.31382   12.93731    0.11642      52460
  71.79873      1.31366   12.95447    0.12766      52880
  71.80873      1.31350   12.97511    0.11583      52837
  71.81873      1.31334   12.99326    0.11183      52555
  71.82873      1.31318   13.01596    0.11269      52091
  71.83872      1.31303   13.03641    0.11114      51927
  71.84872      1.31287   13.06005    0.10934      52553
  71.85872      1.31271   13.09056    0.11120      52783
  71.86872      1.31255   13.11683    0.11777      52538
  71.87872      1.31239   13.13949    0.11857      52185
  71.88872      1.31223   13.17063    0.12026      52639
  71.89871      1.31208   13.20174    0.12028      53016
  71.90871      1.31192   13.23318    0.11849      52782
  71.91871      1.31176   13.26516    0.12190      52624
  71.92871      1.31160   13.29433    0.12085      52345
  71.93871      1.31145   13.32619    0.11511      52773
  71.94870      1.31129   13.36571    0.11345      52990
  71.95870      1.31113   13.39729    0.11404      52029
  71.96870      1.31097   13.43787    0.11422      52439
  71.97870      1.31082   13.47392    0.10738      52223
  71.98870      1.31066   13.51625    0.11828      52712
  71.99870      1.31050   13.56272    0.12316      52985
  72.00869      1.31034   13.60657    0.12001      52692
  72.01869      1.31019   13.64932    0.12450      52781
  72.02869      1.31003   13.69597    0.11637      52539
  72.03869      1.30987   13.74322    0.13322      52679
  72.04869      1.30971   13.79560    0.12036      53017
  72.05869      1.30956   13.84329    0.12292      52911
  72.06868      1.30940   13.89615    0.11396      52740
  72.07868      1.30924   13.94605    0.11569      52595
  72.08868      1.30909   13.99961    0.11791      51991
  72.09868      1.30893   14.05843    0.11615      52780
  72.10868      1.30877   14.12077    0.11346      52798
  72.11868      1.30862   14.17628    0.13228      52473
  72.12867      1.30846   14.23737    0.11503      52993
  72.13867      1.30830   14.29744    0.13174      52941
  72.14867      1.30815   14.36393    0.12055      52803
  72.15867      1.30799   14.43337    0.12804      52914
  72.16867      1.30783   14.49827    0.12937      52754
  72.17867      1.30768   14.56249    0.12119      53118
  72.18866      1.30752   14.63078    0.12138      52997
  72.19866      1.30736   14.70016    0.11718      52578
  72.20866      1.30721   14.76804    0.12448      52317
  72.21866      1.30705   14.85065    0.12212      52514
  72.22866      1.30689   14.92417    0.11346      52937
  72.23866      1.30674   15.00110    0.12715      53001
  72.24865      1.30658   15.07403    0.13052      52781
  72.25865      1.30642   15.16096    0.12595      52749
  72.26865      1.30627   15.24510    0.12910      52834
  72.27865      1.30611   15.32493    0.12868      53280
  72.28865      1.30596   15.41142    0.13150      53212
  72.29865      1.30580   15.49844    0.13244      52908
  72.30864      1.30564   15.58832    0.12694      52577
  72.31864      1.30549   15.67956    0.11710      53052
  72.32864      1.30533   15.77197    0.13051      52916
  72.33864      1.30518   15.86957    0.12620      52573
  72.34864      1.30502   15.96776    0.12245      52711
  72.35863      1.30487   16.06600    0.12886      52613
  72.36863      1.30471   16.16879    0.13017      52965
  72.37863      1.30455   16.27886    0.12852      53394
  72.38863      1.30440   16.38578    0.13919      53129
  72.39863      1.30424   16.49423    0.13008      53036
  72.40863      1.30409   16.60331    0.14068      52822
  72.41862      1.30393   16.71873    0.13146      52997
  72.42862      1.30378   16.83953    0.14234      53342
  72.43862      1.30362   16.95785    0.12076      53261
  72.44862      1.30347   17.07618    0.12925      52763
  72.45862      1.30331   17.20360    0.13616      52542
  72.46862      1.30316   17.32555    0.13278      52650
  72.47861      1.30300   17.45678    0.12819      53111
  72.48861      1.30285   17.58751    0.13796      53244
  72.49861      1.30269   17.71845    0.13674      53160
  72.50861      1.30254   17.86102    0.13828      52847
  72.51861      1.30238   17.99195    0.14215      53203
  72.52861      1.30223   18.13567    0.13559      53221
  72.53860      1.30207   18.28054    0.14772      53269
  72.54860      1.30192   18.43176    0.13966      53266
  72.55860      1.30176   18.57545    0.13414      53036
  72.56860      1.30161   18.72469    0.13549      53023
  72.57860      1.30145   18.87434    0.13535      52864
  72.58860      1.30130   19.03596    0.14659      52884
  72.59859      1.30114   19.19764    0.13521      52991
  72.60859      1.30099   19.35822    0.13975      53046
  72.61859      1.30083   19.53038    0.14261      53315
  72.62859      1.30068   19.69839    0.14581      53364
  72.63859      1.30053   19.86892    0.14823      52986
  72.64859      1.30037   20.04991    0.14658      53376
  72.65858      1.30022   20.23106    0.15227      53195
  72.66858      1.30006   20.41291    0.14956      53413
  72.67858      1.29991   20.60026    0.14410      53488
  72.68858      1.29975   20.78102    0.14048      53070
  72.69858      1.29960   20.97733    0.14947      52922
  72.70857      1.29945   21.17323    0.14275      52963
  72.71857      1.29929   21.37457    0.16105      52913
  72.72857      1.29914   21.58192    0.13898      53476
  72.73857      1.29898   21.78537    0.14783      53395
  72.74857      1.29883   21.99102    0.15550      53017
  72.75857      1.29868   22.20629    0.15655      53097
  72.76856      1.29852   22.42139    0.15951      53611
  72.77856      1.29837   22.64627    0.15953      53579
  72.78856      1.29822   22.86385    0.15669      53616
  72.79856      1.29806   23.09170    0.15332      53313
  72.80856      1.29791   23.30858    0.15036      52782
  72.81856      1.29775   23.54348    0.14901      53233
  72.82855      1.29760   23.77589    0.16742      53511
  72.83855      1.29745   24.01690    0.15335      53094
  72.84855      1.29729   24.24979    0.15653      53257
  72.85855      1.29714   24.48534    0.15370      52961
  72.86855      1.29699   24.73676    0.16945      53363
  72.87855      1.29683   24.97078    0.16024      53782
  72.88854      1.29668   25.22311    0.16848      53558
  72.89854      1.29653   25.47206    0.16663      53652
  72.90854      1.29637   25.71638    0.16794      53250
  72.91854      1.29622   25.96457    0.17098      53217
  72.92854      1.29607   26.21906    0.15059      53719
  72.93854      1.29592   26.46773    0.16232      53210
  72.94853      1.29576   26.71446    0.16793      53464
  72.95853      1.29561   26.97465    0.16990      53129
  72.96853      1.29546   27.21479    0.17638      53089
  72.97853      1.29530   27.47320    0.15214      53211
  72.98853      1.29515   27.72220    0.17511      53926
  72.99853      1.29500   27.97251    0.17370      53683
  73.00852      1.29485   28.21150    0.17342      53464
  73.01852      1.29469   28.46315    0.17555      53561
  73.02852      1.29454   28.70571    0.17898      53603
  73.03852      1.29439   28.94080    0.18081      53421
  73.04852      1.29424   29.18975    0.15488      53783
  73.05852      1.29408   29.41488    0.18135      53259
  73.06851      1.29393   29.64688    0.16767      53243
  73.07851      1.29378   29.87250    0.18330      53766
  73.08851      1.29363   30.09105    0.18049      53203
  73.09851      1.29347   30.31220    0.16873      53373
  73.10851      1.29332   30.52653    0.17508      53671
  73.11850      1.29317   30.72223    0.17356      53471
  73.12850      1.29302   30.92975    0.18847      53841
  73.13850      1.29286   31.11421    0.18098      53743
  73.14850      1.29271   31.30663    0.18766      53821
  73.15850      1.29256   31.48703    0.18351      53476
  73.16850      1.29241   31.65605    0.16321      53516
  73.17849      1.29226   31.82417    0.17770      53545
  73.18849      1.29211   31.97748    0.18140      53758
  73.19849      1.29195   32.12538    0.18446      53702
  73.20849      1.29180   32.26732    0.18857      53298
  73.21849      1.29165   32.39778    0.18723      53143
  73.22849      1.29150   32.52603    0.16841      53908
  73.23848      1.29135   32.64648    0.18766      53900
  73.24848      1.29119   32.74234    0.18325      53976
  73.25848      1.29104   32.84690    0.18857      53704
  73.26848      1.29089   32.92674    0.19216      53725
  73.27848      1.29074   33.01493    0.18847      53460
  73.28848      1.29059   33.07000    0.17106      54001
  73.29847      1.29044   33.13383    0.18036      53656
  73.30847      1.29029   33.18282    0.18111      53767
  73.31847      1.29014   33.22773    0.18929      53466
  73.32847      1.28998   33.24931    0.19003      53603
  73.33847      1.28983   33.27251    0.18520      53390
  73.34847      1.28968   33.29896    0.17987      54028
  73.35846      1.28953   33.29675    0.17775      53995
  73.36846      1.28938   33.28945    0.19066      53904
  73.37846      1.28923   33.27575    0.18701      53625
  73.38846      1.28908   33.25732    0.19239      53788
  73.39846      1.28893   33.21517    0.19090      53968
  73.40846      1.28878   33.18825    0.16800      54096
  73.41845      1.28862   33.13075    0.18460      53694
  73.42845      1.28847   33.07900    0.17823      53609
  73.43845      1.28832   33.01239    0.19498      53741
  73.44845      1.28817   32.93858    0.18266      53871
  73.45845      1.28802   32.86393    0.19780      53586
  73.46845      1.28787   32.78421    0.17536      54090
  73.47844      1.28772   32.69254    0.18159      53908
  73.48844      1.28757   32.60190    0.18274      53758
  73.49844      1.28742   32.49406    0.18693      54144
  73.50844      1.28727   32.39660    0.19232      53966
  73.51844      1.28712   32.27481    0.18508      53947
  73.52843      1.28697   32.17115    0.16928      54201
  73.53843      1.28682   32.03739    0.17358      53482
  73.54843      1.28667   31.91870    0.18512      53960
  73.55843      1.28652   31.78588    0.17968      54019
  73.56843      1.28637   31.65750    0.19080      54059
  73.57843      1.28622   31.51990    0.18640      53626
  73.58842      1.28607   31.40398    0.17607      53788
  73.59842      1.28592   31.25309    0.17279      54041
  73.60842      1.28577   31.12081    0.17882      54276
  73.61842      1.28562   30.98489    0.18580      54178
  73.62842      1.28547   30.83356    0.18772      54105
  73.63842      1.28532   30.69622    0.18554      53915
  73.64841      1.28517   30.54634    0.16378      53852
  73.65841      1.28502   30.40472    0.17047      54009
  73.66841      1.28487   30.26521    0.17636      54000
  73.67841      1.28472   30.12508    0.18584      54251
  73.68841      1.28457   29.98085    0.17929      54143
  73.69841      1.28442   29.84606    0.18321      53723
  73.70840      1.28427   29.70839    0.18381      53629
  73.71840      1.28412   29.57560    0.16454      54492
  73.72840      1.28397   29.44435    0.17473      54307
  73.73840      1.28382   29.31040    0.17946      54323
  73.74840      1.28367   29.17946    0.18109      54165
  73.75840      1.28352   29.04983    0.16957      53851
  73.76839      1.28337   28.92607    0.17133      54173
  73.77839      1.28323   28.80351    0.16590      53967
  73.78839      1.28308   28.69553    0.17819      54140
  73.79839      1.28293   28.58101    0.16819      54342
  73.80839      1.28278   28.47537    0.18032      54336
  73.81839      1.28263   28.37224    0.18101      53844
  73.82838      1.28248   28.26381    0.17890      53822
  73.83838      1.28233   28.17130    0.16119      54471
  73.84838      1.28218   28.08372    0.16838      54420
  73.85838      1.28203   27.98717    0.17634      54464
  73.86838      1.28188   27.90204    0.18166      54018
  73.87838      1.28174   27.82362    0.16027      54377
  73.88837      1.28159   27.73840    0.17192      54183
  73.89837      1.28144   27.65921    0.16134      53981
  73.90837      1.28129   27.59598    0.17481      54328
  73.91837      1.28114   27.54179    0.17069      54279
  73.92837      1.28099   27.47947    0.18048      54216
  73.93836      1.28084   27.41426    0.17193      54434
  73.94836      1.28070   27.36112    0.17615      54191
  73.95836      1.28055   27.31047    0.15956      54163
  73.96836      1.28040   27.26731    0.17250      54515
  73.97836      1.28025   27.22976    0.17346      54307
  73.98836      1.28010   27.19314    0.17271      54453
  73.99835      1.27995   27.15793    0.16058      54629
  74.00835      1.27981   27.12217    0.16234      54318
  74.01835      1.27966   27.10215    0.17152      54046
  74.02835      1.27951   27.09486    0.17005      54000
  74.03835      1.27936   27.08330    0.17209      54366
  74.04835      1.27921   27.07360    0.17579      54622
  74.05834      1.27907   27.07128    0.16708      54599
  74.06834      1.27892   27.08607    0.17851      54391
  74.07834      1.27877   27.07670    0.16283      54426
  74.08834      1.27862   27.09856    0.16797      54095
  74.09834      1.27847   27.12196    0.17046      54355
  74.10834      1.27833   27.15665    0.17795      54732
  74.11833      1.27818   27.18359    0.15720      54947
  74.12833      1.27803   27.22008    0.16956      54365
  74.13833      1.27788   27.26463    0.16688      54227
  74.14833      1.27774   27.32876    0.16826      54172
  74.15833      1.27759   27.37855    0.17735      54307
  74.16833      1.27744   27.44564    0.18257      54857
  74.17832      1.27729   27.52168    0.16808      54811
  74.18832      1.27715   27.59815    0.18570      54206
  74.19832      1.27700   27.67341    0.16293      54639
  74.20832      1.27685   27.76043    0.17350      54375
  74.21832      1.27670   27.85255    0.17183      54528
  74.22832      1.27656   27.95917    0.17925      54688
  74.23831      1.27641   28.06776    0.15828      54845
  74.24831      1.27626   28.17405    0.16976      54452
  74.25831      1.27612   28.30662    0.16736      54533
  74.26831      1.27597   28.42608    0.17679      54207
  74.27831      1.27582   28.55196    0.18137      54734
  74.28831      1.27567   28.68995    0.17768      54512
  74.29830      1.27553   28.84482    0.18108      54889
  74.30830      1.27538   28.98637    0.18136      54518
  74.31830      1.27523   29.14515    0.17377      54794
  74.32830      1.27509   29.30562    0.17110      54461
  74.33830      1.27494   29.46800    0.18166      54712
  74.34829      1.27479   29.64577    0.17359      55034
  74.35829      1.27465   29.81619    0.17138      54546
  74.36829      1.27450   29.99904    0.17007      54428
  74.37829      1.27435   30.18876    0.18978      54635
  74.38829      1.27421   30.38152    0.17351      54557
  74.39829      1.27406   30.58255    0.18371      55053
  74.40828      1.27391   30.79477    0.18922      54851
  74.41828      1.27377   30.99930    0.18370      54843
  74.42828      1.27362   31.21045    0.18741      54426
  74.43828      1.27348   31.43671    0.17896      54650
  74.44828      1.27333   31.65145    0.18669      54711
  74.45828      1.27318   31.88696    0.18205      54893
  74.46827      1.27304   32.11615    0.17706      55256
  74.47827      1.27289   32.34110    0.17765      54729
  74.48827      1.27274   32.58934    0.18422      54501
  74.49827      1.27260   32.83211    0.18551      54378
  74.50827      1.27245   33.07429    0.19214      54812
  74.51827      1.27231   33.33092    0.19291      55153
  74.52826      1.27216   33.58874    0.19626      55004
  74.53826      1.27201   33.84288    0.19082      55119
  74.54826      1.27187   34.10784    0.20232      54759
  74.55826      1.27172   34.36618    0.18478      54481
  74.56826      1.27158   34.62826    0.19294      54599
  74.57826      1.27143   34.90258    0.18968      55247
  74.58825      1.27129   35.17439    0.17991      55183
  74.59825      1.27114   35.44811    0.19393      54742
  74.60825      1.27099   35.72737    0.18829      54887
  74.61825      1.27085   36.00965    0.20369      54726
  74.62825      1.27070   36.29339    0.19558      54755
  74.63825      1.27056   36.57419    0.20235      54936
  74.64824      1.27041   36.86190    0.20059      55297
  74.65824      1.27027   37.15465    0.20715      55278
  74.66824      1.27012   37.43733    0.20710      54881
  74.67824      1.26998   37.72921    0.19984      54925
  74.68824      1.26983   38.01728    0.18959      54700
  74.69823      1.26969   38.30607    0.20186      55102
  74.70823      1.26954   38.59601    0.19035      55062
  74.71823      1.26940   38.88630    0.19811      54819
  74.72823      1.26925   39.17992    0.19677      55033
  74.73823      1.26911   39.46548    0.20958      55046
  74.74823      1.26896   39.75308    0.21273      54987
  74.75822      1.26882   40.03995    0.20557      55226
  74.76822      1.26867   40.32664    0.22022      55257
  74.77822      1.26853   40.59537    0.21050      55088
  74.78822      1.26838   40.88847    0.21352      55030
  74.79822      1.26824   41.15646    0.21391      55031
  74.80822      1.26809   41.44005    0.19481      55021
  74.81821      1.26795   41.69792    0.19974      55421
  74.82821      1.26780   41.95747    0.20046      55050
  74.83821      1.26766   42.19989    0.20767      55013
  74.84821      1.26751   42.45521    0.20954      55071
  74.85821      1.26737   42.70758    0.22125      55005
  74.86821      1.26723   42.94678    0.21677      55015
  74.87820      1.26708   43.18876    0.22076      55447
  74.88820      1.26694   43.40617    0.21333      55506
  74.89820      1.26679   43.62757    0.22964      55451
  74.90820      1.26665   43.82718    0.21263      55059
  74.91820      1.26650   44.04138    0.21693      55045
  74.92820      1.26636   44.24090    0.20746      54924
  74.93819      1.26622   44.41881    0.20041      55335
  74.94819      1.26607   44.61541    0.21220      55028
  74.95819      1.26593   44.78035    0.21229      55414
  74.96819      1.26578   44.96329    0.22572      55296
  74.97819      1.26564   45.11869    0.21549      55484
  74.98819      1.26549   45.28219    0.23308      55157
  74.99818      1.26535   45.42113    0.21689      54951
  75.00818      1.26521   45.58161    0.22825      55507
  75.01818      1.26506   45.71079    0.22356      55707
  75.02818      1.26492   45.84110    0.23521      55318
  75.03818      1.26478   45.96579    0.20744      55413
  75.04818      1.26463   46.09739    0.21089      55428
  75.05817      1.26449   46.19388    0.20089      54802
  75.06817      1.26434   46.30962    0.22158      55249
  75.07817      1.26420   46.40824    0.21861      55258
  75.08817      1.26406   46.51919    0.22770      55514
  75.09817      1.26391   46.61289    0.22659      55697
  75.10816      1.26377   46.70642    0.23114      55456
  75.11816      1.26363   46.77703    0.23090      55375
  75.12816      1.26348   46.86724    0.22760      55503
  75.13816      1.26334   46.92716    0.22913      55767
  75.14816      1.26320   47.00123    0.23004      54951
  75.15816      1.26305   47.06669    0.21313      55599
  75.16815      1.26291   47.13448    0.20278      55614
  75.17815      1.26277   47.17204    0.21393      55132
  75.18815      1.26262   47.22823    0.22355      55161
  75.19815      1.26248   47.27777    0.22764      55740
  75.20815      1.26234   47.31961    0.23266      55614
  75.21815      1.26220   47.35422    0.22007      55561
  75.22814      1.26205   47.39399    0.23786      55358
  75.23814      1.26191   47.42741    0.22226      55798
  75.24814      1.26177   47.45903    0.23968      55439
  75.25814      1.26162   47.48356    0.22723      55783
  75.26814      1.26148   47.49648    0.24173      55510
  75.27814      1.26134   47.52243    0.19550      55686
  75.28813      1.26120   47.52276    0.21618      55518
  75.29813      1.26105   47.53763    0.21846      55368
  75.30813      1.26091   47.55188    0.22518      55223
  75.31813      1.26077   47.56589    0.22979      55525
  75.32813      1.26063   47.57073    0.21928      55879
  75.33813      1.26048   47.58225    0.23720      55918
  75.34812      1.26034   47.58022    0.23052      55797
  75.35812      1.26020   47.57723    0.22653      55927
  75.36812      1.26006   47.58238    0.23716      55666
  75.37812      1.25991   47.59324    0.23357      55504
  75.38812      1.25977   47.58326    0.23481      55117
  75.39812      1.25963   47.58797    0.19265      56085
  75.40811      1.25949   47.57313    0.21305      55478
  75.41811      1.25934   47.58421    0.22597      55768
  75.42811      1.25920   47.57374    0.22544      55834
  75.43811      1.25906   47.58410    0.23436      55817
  75.44811      1.25892   47.58520    0.22976      55482
  75.45811      1.25878   47.57688    0.22959      55881
  75.46810      1.25863   47.58301    0.23582      55671
  75.47810      1.25849   47.58466    0.22587      56032
  75.48810      1.25835   47.58732    0.23059      56059
  75.49810      1.25821   47.59230    0.23554      55749
  75.50810      1.25807   47.59912    0.21204      55858
  75.51809      1.25793   47.59465    0.20324      55326
  75.52809      1.25778   47.60143    0.21940      55756
  75.53809      1.25764   47.59751    0.22280      55793
  75.54809      1.25750   47.61849    0.23453      55755
  75.55809      1.25736   47.61809    0.22660      56075
  75.56809      1.25722   47.63059    0.24126      56120
  75.57808      1.25708   47.64218    0.22639      55777
  75.58808      1.25693   47.64035    0.23061      56059
  75.59808      1.25679   47.64998    0.23889      56014
  75.60808      1.25665   47.66284    0.23065      56084
  75.61808      1.25651   47.65202    0.22146      55840
  75.62808      1.25637   47.67111    0.19982      55816
  75.63807      1.25623   47.68417    0.21603      55513
  75.64807      1.25609   47.68005    0.22403      55669
  75.65807      1.25595   47.69528    0.22830      56024
  75.66807      1.25580   47.71528    0.23115      56145
  75.67807      1.25566   47.71995    0.23012      56256
  75.68807      1.25552   47.72197    0.23363      56137
  75.69806      1.25538   47.73276    0.23163      56225
  75.70806      1.25524   47.74146    0.23815      55939
  75.71806      1.25510   47.74460    0.22699      55621
  75.72806      1.25496   47.76403    0.24294      56325
  75.73806      1.25482   47.77472    0.21032      56029
  75.74806      1.25468   47.77692    0.19688      55955
  75.75805      1.25454   47.78024    0.22852      55933
  75.76805      1.25440   47.79235    0.22414      56112
  75.77805      1.25426   47.80335    0.23211      56180
  75.78805      1.25411   47.80494    0.23514      55691
  75.79805      1.25397   47.80293    0.23004      56071
  75.80805      1.25383   47.82243    0.22355      56297
  75.81804      1.25369   47.83090    0.23877      56478
  75.82804      1.25355   47.81624    0.22838      56356
  75.83804      1.25341   47.82646    0.24429      56460
  75.84804      1.25327   47.83541    0.20856      56113
  75.85804      1.25313   47.80463    0.22311      55528
  75.86804      1.25299   47.80325    0.20575      56130
  75.87803      1.25285   47.79342    0.22147      55944
  75.88803      1.25271   47.77887    0.23771      56138
  75.89803      1.25257   47.76951    0.22520      56515
  75.90803      1.25243   47.75727    0.22740      56478
  75.91803      1.25229   47.73882    0.23042      56385
  75.92802      1.25215   47.71651    0.23116      55926
  75.93802      1.25201   47.66990    0.23846      56594
  75.94802      1.25187   47.64137    0.23095      56390
  75.95802      1.25173   47.60719    0.22395      56481
  75.96802      1.25159   47.56620    0.21148      55951
  75.97802      1.25145   47.52533    0.21016      55803
  75.98801      1.25131   47.47251    0.21880      56331
  75.99801      1.25117   47.42029    0.22968      56177
  76.00801      1.25103   47.36671    0.22833      56472
  76.01801      1.25089   47.31209    0.22390      56415
  76.02801      1.25075   47.23973    0.23197      56580
  76.03801      1.25061   47.16841    0.23122      56555
  76.04800      1.25047   47.09188    0.23302      56565
  76.05800      1.25033   47.01331    0.22796      56210
  76.06800      1.25019   46.95020    0.24084      56461
  76.07800      1.25005   46.87656    0.20329      56465
  76.08800      1.24992   46.76607    0.22352      55798
  76.09800      1.24978   46.68166    0.20291      56522
  76.10799      1.24964   46.58274    0.22211      56505
  76.11799      1.24950   46.47768    0.23616      56587
  76.12799      1.24936   46.38486    0.21528      56651
  76.13799      1.24922   46.26582    0.23540      56429
  76.14799      1.24908   46.15621    0.22617      56035
  76.15799      1.24894   46.04967    0.22337      56673
  76.16798      1.24880   45.92990    0.22697      56758
  76.17798      1.24866   45.81091    0.23320      56835
  76.18798      1.24852   45.67586    0.20669      56836
  76.19798      1.24838   45.54403    0.21611      56021
  76.20798      1.24825   45.41330    0.20863      56322
  76.21798      1.24811   45.28232    0.22036      56107
  76.22797      1.24797   45.13864    0.21405      56662
  76.23797      1.24783   44.99440    0.22894      56658
  76.24797      1.24769   44.84766    0.22183      56521
  76.25797      1.24755   44.68412    0.21871      56871
  76.26797      1.24741   44.54328    0.22566      56841
  76.27797      1.24727   44.37948    0.22828      56868
  76.28796      1.24714   44.22700    0.22520      56718
  76.29796      1.24700   44.06233    0.20392      56634
  76.30796      1.24686   43.89658    0.20948      56491
  76.31796      1.24672   43.71312    0.21700      56265
  76.32796      1.24658   43.54898    0.20784      56516
  76.33795      1.24644   43.36968    0.21323      56625
  76.34795      1.24631   43.18881    0.21343      56817
  76.35795      1.24617   43.01110    0.22931      56946
  76.36795      1.24603   42.81270    0.21230      56718
  76.37795      1.24589   42.62912    0.22011      56673
  76.38795      1.24575   42.44326    0.22060      56962
  76.39794      1.24561   42.25045    0.22323      56997
  76.40794      1.24548   42.04911    0.19816      56983
  76.41794      1.24534   41.83646    0.20760      56827
  76.42794      1.24520   41.63392    0.21086      56074
  76.43794      1.24506   41.42371    0.20164      56433
  76.44794      1.24492   41.23213    0.20674      56508
  76.45793      1.24479   41.02004    0.21516      57170
  76.46793      1.24465   40.79678    0.20812      57018
  76.47793      1.24451   40.58587    0.21669      57106
  76.48793      1.24437   40.36784    0.21836      56959
  76.49793      1.24424   40.14058    0.20733      57122
  76.50793      1.24410   39.91294    0.21429      57045
  76.51792      1.24396   39.69248    0.20188      56784
  76.52792      1.24382   39.46553    0.20024      56641
  76.53792      1.24368   39.24320    0.19942      56568
  76.54792      1.24355   39.01608    0.20641      56677
  76.55792      1.24341   38.78379    0.20053      57053
  76.56792      1.24327   38.55231    0.19521      57138
  76.57791      1.24314   38.32822    0.20605      57020
  76.58791      1.24300   38.08719    0.20934      57211
  76.59791      1.24286   37.85969    0.20085      56930
  76.60791      1.24272   37.61834    0.21534      56882
  76.61791      1.24259   37.37284    0.19772      57154
  76.62791      1.24245   37.14894    0.20558      56988
  76.63790      1.24231   36.89921    0.18722      57248
  76.64790      1.24217   36.65887    0.19522      56704
  76.65790      1.24204   36.41330    0.19970      56832
  76.66790      1.24190   36.17428    0.19063      57191
  76.67790      1.24176   35.93899    0.19320      56888
  76.68789      1.24163   35.68992    0.19528      56914
  76.69789      1.24149   35.44543    0.20178      57380
  76.70789      1.24135   35.19859    0.19661      57241
  76.71789      1.24122   34.94181    0.20030      57182
  76.72789      1.24108   34.69717    0.20137      57204
  76.73789      1.24094   34.43095    0.20228      57071
  76.74788      1.24081   34.19823    0.17183      57417
  76.75788      1.24067   33.93525    0.19054      56805
  76.76788      1.24053   33.69420    0.18968      56957
  76.77788      1.24040   33.44997    0.20111      56850
  76.78788      1.24026   33.19617    0.17964      57407
  76.79788      1.24012   32.94472    0.18353      57380
  76.80787      1.23999   32.69883    0.19942      57360
  76.81787      1.23985   32.44498    0.18817      57297
  76.82787      1.23971   32.18738    0.18709      57362
  76.83787      1.23958   31.93632    0.19879      57045
  76.84787      1.23944   31.70336    0.18663      57126
  76.85787      1.23930   31.45852    0.17112      57590
  76.86786      1.23917   31.20049    0.18057      57040
  76.87786      1.23903   30.96046    0.18594      57246
  76.88786      1.23889   30.72663    0.18322      57165
  76.89786      1.23876   30.47916    0.17573      57468
  76.90786      1.23862   30.24613    0.18183      57473
  76.91786      1.23849   30.00190    0.17810      57303
  76.92785      1.23835   29.77114    0.18414      57121
  76.93785      1.23821   29.52491    0.18634      57437
  76.94785      1.23808   29.29220    0.18120      57200
  76.95785      1.23794   29.06250    0.18328      57728
  76.96785      1.23781   28.83460    0.15952      57657
  76.97785      1.23767   28.59105    0.17479      57175
  76.98784      1.23754   28.37426    0.17788      57476
  76.99784      1.23740   28.14680    0.17812      57255
  77.00784      1.23726   27.92561    0.17387      57224
  77.01784      1.23713   27.70184    0.16763      57414
  77.02784      1.23699   27.48350    0.17546      57679
  77.03784      1.23686   27.26324    0.17337      57565
  77.04783      1.23672   27.04513    0.17966      57514
  77.05783      1.23659   26.82736    0.17504      57379
  77.06783      1.23645   26.61062    0.17321      57701
  77.07783      1.23631   26.40448    0.15470      57844
  77.08783      1.23618   26.17823    0.16078      57221
  77.09782      1.23604   25.97679    0.17397      57212
  77.10782      1.23591   25.77062    0.17097      57669
  77.11782      1.23577   25.56624    0.17162      57437
  77.12782      1.23564   25.36083    0.15955      57613
  77.13782      1.23550   25.16011    0.16541      57715
  77.14782      1.23537   24.96196    0.16599      57883
  77.15781      1.23523   24.76332    0.16753      57584
  77.16781      1.23510   24.56675    0.17310      57658
  77.17781      1.23496   24.37088    0.16757      57387
  77.18781      1.23483   24.17532    0.14175      57693
  77.19781      1.23469   23.98594    0.15947      57448
  77.20781      1.23456   23.79557    0.16495      57727
  77.21780      1.23442   23.61321    0.16537      57839
  77.22780      1.23429   23.43166    0.16794      57639
  77.23780      1.23415   23.24538    0.14885      57714
  77.24780      1.23402   23.07107    0.15699      57875
  77.25780      1.23388   22.89405    0.16697      57859
  77.26780      1.23375   22.72032    0.15965      57673
  77.27779      1.23361   22.54467    0.16524      57529
  77.28779      1.23348   22.37212    0.15866      57893
  77.29779      1.23334   22.20525    0.13950      57860
  77.30779      1.23321   22.03433    0.15365      57525
  77.31779      1.23308   21.87518    0.15836      57850
  77.32779      1.23294   21.71688    0.15608      57979
  77.33778      1.23281   21.56186    0.16164      57681
  77.34778      1.23267   21.40360    0.14653      57916
  77.35778      1.23254   21.24853    0.15522      57752
  77.36778      1.23240   21.09966    0.14898      57942
  77.37778      1.23227   20.95160    0.15337      57980
  77.38778      1.23214   20.79666    0.15928      57915
  77.39777      1.23200   20.65391    0.14430      58090
  77.40777      1.23187   20.51036    0.14183      57836
  77.41777      1.23173   20.36159    0.14333      57548
  77.42777      1.23160   20.22754    0.15347      57905
  77.43777      1.23146   20.09222    0.15005      58022
  77.44777      1.23133   19.95765    0.15600      57915
  77.45776      1.23120   19.82954    0.15123      57670
  77.46776      1.23106   19.68864    0.13747      58239
  77.47776      1.23093   19.55825    0.15413      58212
  77.48776      1.23080   19.43036    0.14456      58145
  77.49776      1.23066   19.30218    0.14839      58067
  77.50775      1.23053   19.17796    0.14068      58220
  77.51775      1.23039   19.05048    0.13761      57968
  77.52775      1.23026   18.92945    0.13891      57789
  77.53775      1.23013   18.81347    0.14779      57815
  77.54775      1.22999   18.69457    0.14843      57776
  77.55775      1.22986   18.58364    0.14398      58274
  77.56774      1.22973   18.47236    0.14927      57944
  77.57774      1.22959   18.34890    0.13079      58344
  77.58774      1.22946   18.23699    0.14822      58307
  77.59774      1.22933   18.13133    0.14485      58273
  77.60774      1.22919   18.02317    0.14373      58362
  77.61774      1.22906   17.91927    0.13147      58327
  77.62773      1.22893   17.80516    0.13148      57937
  77.63773      1.22879   17.70796    0.13926      57915
  77.64773      1.22866   17.60537    0.14044      57893
  77.65773      1.22853   17.50519    0.13862      58402
  77.66773      1.22839   17.41061    0.14686      58140
  77.67773      1.22826   17.31586    0.14103      57906
  77.68772      1.22813   17.21901    0.13017      58522
  77.69772      1.22799   17.12417    0.14232      58423
  77.70772      1.22786   17.03055    0.14173      58428
  77.71772      1.22773   16.93367    0.13618      58359
  77.72772      1.22759   16.84714    0.12453      58557
  77.73772      1.22746   16.75889    0.13330      57708
  77.74771      1.22733   16.67071    0.13105      58313
  77.75771      1.22720   16.58628    0.13687      58409
  77.76771      1.22706   16.50315    0.14429      58389
  77.77771      1.22693   16.41815    0.13395      58585
  77.78771      1.22680   16.34013    0.13960      58170
  77.79771      1.22666   16.25757    0.13164      58385
  77.80770      1.22653   16.17675    0.13221      58345
  77.81770      1.22640   16.10101    0.13367      58399
  77.82770      1.22627   16.02493    0.14196      58518
  77.83770      1.22613   15.95393    0.12154      58277
  77.84770      1.22600   15.87583    0.12423      58178
  77.85770      1.22587   15.79696    0.13280      58518
  77.86769      1.22574   15.72550    0.13330      58633
  77.87769      1.22560   15.65659    0.13544      58555
  77.88769      1.22547   15.58283    0.13794      58708
  77.89769      1.22534   15.51513    0.13266      58454
  77.90769      1.22521   15.45087    0.12715      58448
  77.91768      1.22508   15.38098    0.13032      58663
  77.92768      1.22494   15.31529    0.13278      58601
  77.93768      1.22481   15.25315    0.12643      58344
  77.94768      1.22468   15.18064    0.12098      58473
  77.95768      1.22455   15.10632    0.12504      58038
  77.96768      1.22442   15.05005    0.12865      58687
  77.97767      1.22428   14.98594    0.13119      58727
  77.98767      1.22415   14.92947    0.13087      58744
  77.99767      1.22402   14.87038    0.13085      58897
  78.00767      1.22389   14.80809    0.13321      58527
  78.01767      1.22376   14.75336    0.12536      58734
  78.02767      1.22362   14.69462    0.12946      58808
  78.03766      1.22349   14.64108    0.12740      58763
  78.04766      1.22336   14.58586    0.11734      58503
  78.05766      1.22323   14.52980    0.12278      58557
  78.06766      1.22310   14.47641    0.12322      58559
  78.07766      1.22297   14.42313    0.12795      58665
  78.08766      1.22283   14.37277    0.12771      58827
  78.09765      1.22270   14.32321    0.12805      58846
  78.10765      1.22257   14.27618    0.12852      58668
  78.11765      1.22244   14.22699    0.13239      58617
  78.12765      1.22231   14.18227    0.12331      58973
  78.13765      1.22218   14.13256    0.12534      58897
  78.14765      1.22205   14.08632    0.13011      58734
  78.15764      1.22191   14.04126    0.11102      58895
  78.16764      1.22178   13.99298    0.11863      58568
  78.17764      1.22165   13.94988    0.12559      58744
  78.18764      1.22152   13.90782    0.12513      58952
  78.19764      1.22139   13.86593    0.12672      59119
  78.20764      1.22126   13.82304    0.12693      58966
  78.21763      1.22113   13.78315    0.12524      59119
  78.22763      1.22100   13.74037    0.13059      58778
  78.23763      1.22086   13.70107    0.12113      58828
  78.24763      1.22073   13.65448    0.12824      59066
  78.25763      1.22060   13.61822    0.11854      58838
  78.26762      1.22047   13.58104    0.11229      58753
  78.27762      1.22034   13.53556    0.11874      58435
  78.28762      1.22021   13.50488    0.12167      58992
  78.29762      1.22008   13.46759    0.12383      59235
  78.30762      1.21995   13.43082    0.12414      59139
  78.31762      1.21982   13.39266    0.12519      59213
  78.32761      1.21969   13.35232    0.12779      59267
  78.33761      1.21956   13.32404    0.12556      59026
  78.34761      1.21943   13.28509    0.11899      59067
  78.35761      1.21930   13.24691    0.12027      59182
  78.36761      1.21917   13.21811    0.11455      59172
  78.37761      1.21903   13.17762    0.11129      58630
  78.38760      1.21890   13.14201    0.11990      58999
  78.39760      1.21877   13.11182    0.11940      59089
  78.40760      1.21864   13.07749    0.12459      59238
  78.41760      1.21851   13.04031    0.12022      59306
  78.42760      1.21838   13.00883    0.12449      59236
  78.43760      1.21825   12.98350    0.12382      59212
  78.44759      1.21812   12.95121    0.12597      58958
  78.45759      1.21799   12.92193    0.11844      59276
  78.46759      1.21786   12.89245    0.12217      59348
  78.47759      1.21773   12.86017    0.10579      59422
  78.48759      1.21760   12.82230    0.11279      58441
  78.49759      1.21747   12.80090    0.12204      59267
  78.50758      1.21734   12.77569    0.11933      59415
  78.51758      1.21721   12.74776    0.12062      59288
  78.52758      1.21708   12.72498    0.12363      59530
  78.53758      1.21695   12.69799    0.12092      59521
  78.54758      1.21682   12.66982    0.12280      59504
  78.55758      1.21669   12.64446    0.12394      59237
  78.56757      1.21656   12.61753    0.11553      59459
  78.57757      1.21643   12.59391    0.10985      59427
  78.58757      1.21630   12.56600    0.11162      59287
  78.59757      1.21617   12.53960    0.11582      58978
  78.60757      1.21604   12.52337    0.11522      58887
  78.61757      1.21591   12.49706    0.11836      59624
  78.62756      1.21578   12.47390    0.12274      59385
  78.63756      1.21566   12.44921    0.11876      59397
  78.64756      1.21553   12.42763    0.12508      59662
  78.65756      1.21540   12.40541    0.12047      59614
  78.66756      1.21527   12.37989    0.12088      59448
  78.67755      1.21514   12.35552    0.11354      59587
  78.68755      1.21501   12.33657    0.10794      59714
  78.69755      1.21488   12.30761    0.11068      59168
  78.70755      1.21475   12.28811    0.11487      59306
  78.71755      1.21462   12.26816    0.11767      59614
  78.72755      1.21449   12.24626    0.11944      59421
  78.73754      1.21436   12.22509    0.11666      59555
  78.74754      1.21423   12.20260    0.12263      59831
  78.75754      1.21410   12.18158    0.12064      59784
  78.76754      1.21397   12.16065    0.12038      59856
  78.77754      1.21385   12.13773    0.12119      59495
  78.78754      1.21372   12.12060    0.10445      59823
  78.79753      1.21359   12.09862    0.11113      59422
  78.80753      1.21346   12.07994    0.11226      59359
  78.81753      1.21333   12.06160    0.11468      59537
  78.82753      1.21320   12.04263    0.11412      59687
  78.83753      1.21307   12.02533    0.11665      59727
  78.84753      1.21294   12.00707    0.11905      59499
  78.85752      1.21281   11.99255    0.12092      59783
  78.86752      1.21269   11.97818    0.11882      59634
  78.87752      1.21256   11.95753    0.12015      60121
  78.88752      1.21243   11.94595    0.12283      59709
  78.89752      1.21230   11.92844    0.09883      59954
  78.90752      1.21217   11.90866    0.10917      59415
  78.91751      1.21204   11.90138    0.11622      59668
  78.92751      1.21191   11.88111    0.11477      59878
  78.93751      1.21179   11.86565    0.11600      59937
  78.94751      1.21166   11.85259    0.11461      59971
  78.95751      1.21153   11.84075    0.12270      60016
  78.96751      1.21140   11.82278    0.11673      60042
  78.97750      1.21127   11.80727    0.11907      60037
  78.98750      1.21114   11.79018    0.11996      59871
  78.99750      1.21102   11.78063    0.10971      59598
  79.00750      1.21089   11.76133    0.10243      59780
  79.01750      1.21076   11.74973    0.11247      59672
  79.02750      1.21063   11.73727    0.11347      59875
  79.03749      1.21050   11.72035    0.11338      59889
  79.04749      1.21038   11.70347    0.11575      60120
  79.05749      1.21025   11.68785    0.11562      60096
  79.06749      1.21012   11.67102    0.11864      60174
  79.07749      1.20999   11.65492    0.11888      60124
  79.08748      1.20986   11.63800    0.11763      60010
  79.09748      1.20974   11.62864    0.12104      59966
  79.10748      1.20961   11.61799    0.09979      60150
  79.11748      1.20948   11.59531    0.10832      59608
  79.12748      1.20935   11.58236    0.11043      59875
  79.13748      1.20923   11.57128    0.11366      59792
  79.14747      1.20910   11.55664    0.11667      60236
  79.15747      1.20897   11.54157    0.11453      60314
  79.16747      1.20884   11.52827    0.11878      60271
  79.17747      1.20872   11.51385    0.11694      60315
  79.18747      1.20859   11.50691    0.11823      60403
  79.19747      1.20846   11.49627    0.11917      60414
  79.20746      1.20833   11.48659    0.10429      60242
  79.21746      1.20821   11.46864    0.10307      59867
  79.22746      1.20808   11.46000    0.11115      59966
  79.23746      1.20795   11.45087    0.11311      60153
  79.24746      1.20782   11.44006    0.11387      60265
  79.25746      1.20770   11.42963    0.11502      60378
  79.26745      1.20757   11.42144    0.11370      60360
  79.27745      1.20744   11.40754    0.11711      60317
  79.28745      1.20731   11.40205    0.11815      60212
  79.29745      1.20719   11.39261    0.11665      60548
  79.30745      1.20706   11.38680    0.11058      60611
  79.31745      1.20693   11.37476    0.10984      59872
  79.32744      1.20681   11.36677    0.10255      60068
  79.33744      1.20668   11.35436    0.11182      60161
  79.34744      1.20655   11.34268    0.11324      60380
  79.35744      1.20643   11.33540    0.11184      60415
  79.36744      1.20630   11.32875    0.11170      60533
  79.37744      1.20617   11.31774    0.11827      60341
  79.38743      1.20605   11.30772    0.11963      60578
  79.39743      1.20592   11.29777    0.11718      60614
  79.40743      1.20579   11.29061    0.11594      60609
  79.41743      1.20566   11.28519    0.10152      60675
  79.42743      1.20554   11.27136    0.10748      59794
  79.43743      1.20541   11.26497    0.10935      60399
  79.44742      1.20529   11.25600    0.10972      60138
  79.45742      1.20516   11.24548    0.11185      60660
  79.46742      1.20503   11.24287    0.11333      60599
  79.47742      1.20491   11.23298    0.11561      60777
  79.48742      1.20478   11.22622    0.11509      60661
  79.49741      1.20465   11.21809    0.11652      60843
  79.50741      1.20453   11.21230    0.11541      60765
  79.51741      1.20440   11.20620    0.10518      61014
  79.52741      1.20427   11.19997    0.11265      60110
  79.53741      1.20415   11.19489    0.10638      60340
  79.54741      1.20402   11.18749    0.11034      60572
  79.55740      1.20389   11.18118    0.11091      60754
  79.56740      1.20377   11.17918    0.11269      60666
  79.57740      1.20364   11.17568    0.11384      60813
  79.58740      1.20352   11.17138    0.11401      60796
  79.59740      1.20339   11.16810    0.11748      60899
  79.60740      1.20326   11.16803    0.11751      60834
  79.61739      1.20314   11.16654    0.10852      60775
  79.62739      1.20301   11.16084    0.10574      60625
  79.63739      1.20289   11.15391    0.11088      60368
  79.64739      1.20276   11.15502    0.10673      60677
  79.65739      1.20264   11.15316    0.11252      60626
  79.66739      1.20251   11.14913    0.11157      60989
  79.67738      1.20238   11.14625    0.11298      60881
  79.68738      1.20226   11.14392    0.11364      60980
  79.69738      1.20213   11.14437    0.11381      61041
  79.70738      1.20201   11.14678    0.11942      61002
  79.71738      1.20188   11.14566    0.10991      61090
  79.72738      1.20176   11.13786    0.10512      61024
  79.73737      1.20163   11.13299    0.11241      60409
  79.74737      1.20150   11.13345    0.10831      60641
  79.75737      1.20138   11.13179    0.11068      60802
  79.76737      1.20125   11.12974    0.10914      60821
  79.77737      1.20113   11.12614    0.11394      60872
  79.78737      1.20100   11.12655    0.11130      61031
  79.79736      1.20088   11.12528    0.11775      60996
  79.80736      1.20075   11.12358    0.11508      61210
  79.81736      1.20063   11.11988    0.11896      61272
  79.82736      1.20050   11.11524    0.10203      61274
  79.83736      1.20038   11.10490    0.10813      60690
  79.84736      1.20025   11.10804    0.11287      60830
  79.85735      1.20013   11.10615    0.10646      60926
  79.86735      1.20000   11.10529    0.11068      61190
  79.87735      1.19988   11.10146    0.11186      61209
  79.88735      1.19975   11.10135    0.11375      61164
  79.89735      1.19963   11.10055    0.11270      61327
  79.90734      1.19950   11.10001    0.11734      61271
  79.91734      1.19938   11.09716    0.11575      61385
  79.92734      1.19925   11.09724    0.10332      61446
  79.93734      1.19913   11.08748    0.11017      60810
  79.94734      1.19900   11.09113    0.11077      60918
  79.95734      1.19888   11.09573    0.10937      61146
  79.96733      1.19875   11.09537    0.11142      61152
  79.97733      1.19863   11.09564    0.11238      61232
  79.98733      1.19850   11.09494    0.11734      61325
  79.99733      1.19838   11.09876    0.11462      61275
  80.00733      1.19825   11.10026    0.11338      61438
  80.01733      1.19813   11.10545    0.11660      61555
  80.02732      1.19800   11.10928    0.10288      61479
  80.03732      1.19788   11.09696    0.10709      61106
  80.04732      1.19776   11.11160    0.11242      61251
  80.05732      1.19763   11.12037    0.11738      61097
  80.06732      1.19751   11.12843    0.10625      61426
  80.07732      1.19738   11.13803    0.11132      61398
  80.08731      1.19726   11.14340    0.11317      61475
  80.09731      1.19713   11.14968    0.11355      61563
  80.10731      1.19701   11.15907    0.11786      61560
  80.11731      1.19688   11.16416    0.11849      61630
  80.12731      1.19676   11.17522    0.10312      61712
  80.13731      1.19664   11.17456    0.11057      61188
  80.14730      1.19651   11.18955    0.11199      61447
  80.15730      1.19639   11.20071    0.11503      61277
  80.16730      1.19626   11.21305    0.11012      61514
  80.17730      1.19614   11.22260    0.11050      61443
  80.18730      1.19602   11.23086    0.11243      61565
  80.19730      1.19589   11.23892    0.11489      61557
  80.20729      1.19577   11.24841    0.11393      61802
  80.21729      1.19564   11.25781    0.11802      61517
  80.22729      1.19552   11.26943    0.10578      61838
  80.23729      1.19540   11.27584    0.10881      61510
  80.24729      1.19527   11.28421    0.11308      61415
  80.25728      1.19515   11.29167    0.11691      61718
  80.26728      1.19503   11.29839    0.11619      61440
  80.27728      1.19490   11.30491    0.10939      61618
  80.28728      1.19478   11.31209    0.11112      61813
  80.29728      1.19466   11.32019    0.11536      61773
  80.30728      1.19453   11.33054    0.11499      61911
  80.31727      1.19441   11.33837    0.11670      61857
  80.32727      1.19428   11.34443    0.10818      61977
  80.33727      1.19416   11.34787    0.10945      61593
  80.34727      1.19404   11.35589    0.11084      61691
  80.35727      1.19391   11.36307    0.11651      61753
  80.36727      1.19379   11.37274    0.11897      61657
  80.37726      1.19367   11.38320    0.11009      61816
  80.38726      1.19354   11.39344    0.11653      61753
  80.39726      1.19342   11.40580    0.11203      62032
  80.40726      1.19330   11.41640    0.11465      61960
  80.41726      1.19317   11.43183    0.11734      62024
  80.42726      1.19305   11.44442    0.11008      61994
  80.43725      1.19293   11.45775    0.10897      61775
  80.44725      1.19281   11.47083    0.11224      61784
  80.45725      1.19268   11.48865    0.11739      61793
  80.46725      1.19256   11.50855    0.11763      62050
  80.47725      1.19244   11.52068    0.11867      61643
  80.48725      1.19231   11.54122    0.10881      61996
  80.49724      1.19219   11.56007    0.11559      62011
  80.50724      1.19207   11.58315    0.11796      62203
  80.51724      1.19194   11.59987    0.11826      62172
  80.52724      1.19182   11.62210    0.10959      62265
  80.53724      1.19170   11.63945    0.10660      61886
  80.54724      1.19158   11.66105    0.11710      61867
  80.55723      1.19145   11.68392    0.11605      62109
  80.56723      1.19133   11.70877    0.11883      62274
  80.57723      1.19121   11.72311    0.11957      61953
  80.58723      1.19109   11.74960    0.11528      62177
  80.59723      1.19096   11.77415    0.11427      62132
  80.60723      1.19084   11.80009    0.11566      62337
  80.61722      1.19072   11.82236    0.11962      62272
  80.62722      1.19060   11.84635    0.11019      62417
  80.63722      1.19047   11.86814    0.11001      61948
  80.64722      1.19035   11.89400    0.11426      62086
  80.65722      1.19023   11.91872    0.11923      62189
  80.66721      1.19011   11.94771    0.12023      62360
  80.67721      1.18998   11.96794    0.12068      62214
  80.68721      1.18986   11.99685    0.11817      62254
  80.69721      1.18974   12.02053    0.11318      62324
  80.70721      1.18962   12.05081    0.11909      62333
  80.71721      1.18950   12.07792    0.11985      62462
  80.72720      1.18937   12.10578    0.11096      62577
  80.73720      1.18925   12.13321    0.11113      62118
  80.74720      1.18913   12.15945    0.11801      62099
  80.75720      1.18901   12.18749    0.12003      62384
  80.76720      1.18889   12.21902    0.12122      62492
  80.77720      1.18876   12.24872    0.12574      62496
  80.78719      1.18864   12.27647    0.11971      62261
  80.79719      1.18852   12.30486    0.11615      62406
  80.80719      1.18840   12.33780    0.11914      62518
  80.81719      1.18828   12.37360    0.12099      62555
  80.82719      1.18815   12.40804    0.11177      62671
  80.83719      1.18803   12.43724    0.11478      62180
  80.84718      1.18791   12.47222    0.11769      62391
  80.85718      1.18779   12.50456    0.12287      62559
  80.86718      1.18767   12.53559    0.12021      62673
  80.87718      1.18755   12.56892    0.12885      62788
  80.88718      1.18742   12.60475    0.12550      62425
  80.89718      1.18730   12.63801    0.11829      62472
  80.90717      1.18718   12.67578    0.12025      62788
  80.91717      1.18706   12.70851    0.12438      62721
  80.92717      1.18694   12.74043    0.10871      62852
  80.93717      1.18682   12.77190    0.11279      62334
  80.94717      1.18670   12.80485    0.11990      62469
  80.95717      1.18657   12.83667    0.12575      62744
  80.96716      1.18645   12.87021    0.12452      62836
  80.97716      1.18633   12.90164    0.12800      62851
  80.98716      1.18621   12.93416    0.12613      62567
  80.99716      1.18609   12.95915    0.12096      62750
  81.00716      1.18597   12.99262    0.12226      62800
  81.01716      1.18585   13.02558    0.12154      62934
  81.02715      1.18573   13.05081    0.11298      63066
  81.03715      1.18560   13.07505    0.11528      62316
  81.04715      1.18548   13.10238    0.12132      62582
  81.05715      1.18536   13.13208    0.12514      62908
  81.06715      1.18524   13.15831    0.12661      62991
  81.07714      1.18512   13.18499    0.12892      63007
  81.08714      1.18500   13.20890    0.12555      62909
  81.09714      1.18488   13.23161    0.12408      62847
  81.10714      1.18476   13.25906    0.12200      63013
  81.11714      1.18464   13.28152    0.12600      62907
  81.12714      1.18452   13.30294    0.10830      63244
  81.13713      1.18440   13.31618    0.12149      62341
  81.14713      1.18428   13.34466    0.12226      62794
  81.15713      1.18415   13.36601    0.12382      63120
  81.16713      1.18403   13.38751    0.12954      63023
  81.17713      1.18391   13.40779    0.13105      63449
  81.18713      1.18379   13.42519    0.13140      63161
  81.19712      1.18367   13.44062    0.12570      63005
  81.20712      1.18355   13.45666    0.12430      63206
  81.21712      1.18343   13.47010    0.11706      63231
  81.22712      1.18331   13.47988    0.11483      63015
  81.23712      1.18319   13.49708    0.11893      62757
  81.24712      1.18307   13.51573    0.12445      63121
  81.25711      1.18295   13.52655    0.12930      63172
  81.26711      1.18283   13.53899    0.13071      63352
  81.27711      1.18271   13.55185    0.12851      63364
  81.28711      1.18259   13.56645    0.13112      63391
  81.29711      1.18247   13.57536    0.13056      62991
  81.30711      1.18235   13.58975    0.11991      63249
  81.31710      1.18223   13.59437    0.11655      63375
  81.32710      1.18211   13.59899    0.11591      62953
  81.33710      1.18199   13.60422    0.12181      62928
  81.34710      1.18187   13.61439    0.12772      63252
  81.35710      1.18175   13.61941    0.12384      63391
  81.36710      1.18163   13.62419    0.13011      63492
  81.37709      1.18151   13.62895    0.13138      63504
  81.38709      1.18139   13.63224    0.13359      63567
  81.39709      1.18127   13.63432    0.13240      63224
  81.40709      1.18115   13.62604    0.12199      63380
  81.41709      1.18103   13.62008    0.11114      63463
  81.42709      1.18091   13.61031    0.11700      62981
  81.43708      1.18079   13.60425    0.12297      63315
  81.44708      1.18067   13.60278    0.12581      63432
  81.45708      1.18055   13.59884    0.12972      63449
  81.46708      1.18043   13.59050    0.12983      63696
  81.47708      1.18031   13.57816    0.12952      63627
  81.48707      1.18019   13.56782    0.13080      63651
  81.49707      1.18007   13.55092    0.13155      63453
  81.50707      1.17995   13.53839    0.12221      63493
  81.51707      1.17983   13.52686    0.10891      63716
  81.52707      1.17971   13.50328    0.11831      62965
  81.53707      1.17959   13.48912    0.12427      63467
  81.54706      1.17948   13.47560    0.12629      63521
  81.55706      1.17936   13.46781    0.12557      63948
  81.56706      1.17924   13.45036    0.12958      63875
  81.57706      1.17912   13.42880    0.13095      63967
  81.58706      1.17900   13.40858    0.13295      63961
  81.59706      1.17888   13.38942    0.12984      63559
  81.60705      1.17876   13.36804    0.11270      63747
  81.61705      1.17864   13.33656    0.11214      63541
  81.62705      1.17852   13.31801    0.11758      63357
  81.63705      1.17840   13.29960    0.12612      63696
  81.64705      1.17828   13.27822    0.12610      63844
  81.65705      1.17816   13.25559    0.12574      63906
  81.66704      1.17805   13.22831    0.12865      63919
  81.67704      1.17793   13.20967    0.13067      64056
  81.68704      1.17781   13.18034    0.13131      64059
  81.69704      1.17769   13.15190    0.12982      63728
  81.70704      1.17757   13.12440    0.10837      63899
  81.71704      1.17745   13.10183    0.11360      63308
  81.72703      1.17733   13.07193    0.11806      63715
  81.73703      1.17721   13.04441    0.12512      63842
  81.74703      1.17710   13.02155    0.12482      63997
  81.75703      1.17698   12.99264    0.12534      64037
  81.76703      1.17686   12.96324    0.12534      64093
  81.77703      1.17674   12.93451    0.13205      64183
  81.78702      1.17662   12.90375    0.13089      64193
  81.79702      1.17650   12.87592    0.12765      63919
  81.80702      1.17638   12.84687    0.10455      64007
  81.81702      1.17627   12.81938    0.11362      63294
  81.82702      1.17615   12.79737    0.11804      63972
  81.83702      1.17603   12.76792    0.12563      64279
  81.84701      1.17591   12.74232    0.12432      64303
  81.85701      1.17579   12.71408    0.12630      64283
  81.86701      1.17567   12.68757    0.12439      64399
  81.87701      1.17556   12.66057    0.12743      64358
  81.88701      1.17544   12.63055    0.12890      64375
  81.89700      1.17532   12.60724    0.11611      64120
  81.90700      1.17520   12.58348    0.10813      63703
  81.91700      1.17508   12.55811    0.11533      63888
  81.92700      1.17496   12.52890    0.11790      64032
  81.93700      1.17485   12.50537    0.12070      64370
  81.94700      1.17473   12.48774    0.12204      64287
  81.95699      1.17461   12.45739    0.12549      64439
  81.96699      1.17449   12.43375    0.12245      64453
  81.97699      1.17437   12.40659    0.13016      64525
  81.98699      1.17426   12.38179    0.12525      64454
  81.99699      1.17414   12.36102    0.11268      64239
  82.00699      1.17402   12.32743    0.10775      63629
  82.01698      1.17390   12.30378    0.11493      64122
  82.02698      1.17379   12.27611    0.11938      64328
  82.03698      1.17367   12.25502    0.12200      64412
  82.04698      1.17355   12.22782    0.12346      64547
  82.05698      1.17343   12.20035    0.12237      64719
  82.06698      1.17331   12.17376    0.12137      64764
  82.07697      1.17320   12.14709    0.12808      64824
  82.08697      1.17308   12.12022    0.11832      64879
  82.09697      1.17296   12.09089    0.11169      63935
  82.10697      1.17284   12.06750    0.10724      63981
  82.11697      1.17273   12.04357    0.11602      64431
  82.12697      1.17261   12.01876    0.11822      64578
  82.13696      1.17249   11.99880    0.12158      64632
  82.14696      1.17237   11.97238    0.12066      64693
  82.15696      1.17226   11.95050    0.12261      64875
  82.16696      1.17214   11.92483    0.12476      64816
  82.17696      1.17202   11.90431    0.12430      64897
  82.18696      1.17191   11.88806    0.10843      64835
  82.19695      1.17179   11.86454    0.11240      63834
  82.20695      1.17167   11.84980    0.11062      64313
  82.21695      1.17155   11.82876    0.11588      64582
  82.22695      1.17144   11.81161    0.12189      64703
  82.23695      1.17132   11.79406    0.11763      64912
  82.24694      1.17120   11.77563    0.12106      64937
  82.25694      1.17109   11.76276    0.12208      65114
  82.26694      1.17097   11.74612    0.12174      65122
  82.27694      1.17085   11.73001    0.11558      65139
  82.28694      1.17073   11.71844    0.10963      64681
  82.29694      1.17062   11.69954    0.11160      64085
  82.30693      1.17050   11.68727    0.11076      64792
  82.31693      1.17038   11.67378    0.11753      64861
  82.32693      1.17027   11.65655    0.11976      64964
  82.33693      1.17015   11.64314    0.11958      64980
  82.34693      1.17003   11.62956    0.12083      65012
  82.35693      1.16992   11.61552    0.12206      65164
  82.36692      1.16980   11.60077    0.12313      65147
  82.37692      1.16968   11.58861    0.10556      65308
  82.38692      1.16957   11.57395    0.11323      64174
  82.39692      1.16945   11.56571    0.11081      64473
  82.40692      1.16933   11.54861    0.11558      64960
  82.41692      1.16922   11.53933    0.11627      64959
  82.42691      1.16910   11.52393    0.11623      65356
  82.43691      1.16898   11.51169    0.11877      65288
  82.44691      1.16887   11.49898    0.12198      65409
  82.45691      1.16875   11.48632    0.12270      65458
  82.46691      1.16864   11.47842    0.11320      65369
  82.47691      1.16852   11.46197    0.10829      64945
  82.48690      1.16840   11.45373    0.11742      64525
  82.49690      1.16829   11.44086    0.11061      64935
  82.50690      1.16817   11.42745    0.11285      65104
  82.51690      1.16805   11.41777    0.11747      65258
  82.52690      1.16794   11.40486    0.11722      65192
  82.53690      1.16782   11.39845    0.11846      65462
  82.54689      1.16771   11.39061    0.12214      65352
  82.55689      1.16759   11.38354    0.12200      65509
  82.56689      1.16747   11.37195    0.10318      65568
  82.57689      1.16736   11.35694    0.11428      64662
  82.58689      1.16724   11.35722    0.11851      64961
  82.59689      1.16713   11.34330    0.10855      65486
  82.60688      1.16701   11.33721    0.11385      65375
  82.61688      1.16689   11.33204    0.11694      65531
  82.62688      1.16678   11.32993    0.11894      65503
  82.63688      1.16666   11.32545    0.11885      65557
  82.64688      1.16655   11.32016    0.12172      65757
  82.65687      1.16643   11.31324    0.10700      65759
  82.66687      1.16631   11.30494    0.11181      65052
  82.67687      1.16620   11.30149    0.11443      65159
  82.68687      1.16608   11.29828    0.11516      65112
  82.69687      1.16597   11.29198    0.11141      65485
  82.70687      1.16585   11.29404    0.11500      65534
  82.71686      1.16574   11.28971    0.11782      65559
  82.72686      1.16562   11.28703    0.11896      65646
  82.73686      1.16551   11.28965    0.12144      66138
  82.74686      1.16539   11.28739    0.11400      65980
  82.75686      1.16527   11.28079    0.10687      65642
  82.76686      1.16516   11.27374    0.11263      65357
  82.77685      1.16504   11.27443    0.11903      65254
  82.78685      1.16493   11.27316    0.11075      65573
  82.79685      1.16481   11.27521    0.11384      65541
  82.80685      1.16470   11.27590    0.11782      65839
  82.81685      1.16458   11.27355    0.12040      65792
  82.82685      1.16447   11.27575    0.11658      65856
  82.83684      1.16435   11.28025    0.12206      65982
  82.84684      1.16424   11.27847    0.10313      66068
  82.85684      1.16412   11.27325    0.11019      65105
  82.86684      1.16401   11.27640    0.11965      65663
  82.87684      1.16389   11.28314    0.11851      65908
  82.88684      1.16378   11.28396    0.11129      65760
  82.89683      1.16366   11.28893    0.11296      66044
  82.90683      1.16355   11.29022    0.11952      65952
  82.91683      1.16343   11.29651    0.11737      66045
  82.92683      1.16332   11.29983    0.12238      66112
  82.93683      1.16320   11.30106    0.10725      66087
  82.94683      1.16309   11.30136    0.11031      65547
  82.95682      1.16297   11.30393    0.11527      65774
  82.96682      1.16286   11.31066    0.11952      65847
  82.97682      1.16274   11.31906    0.12018      65830
  82.98682      1.16263   11.32065    0.11085      65969
  82.99682      1.16251   11.32595    0.11509      66017
  83.00682      1.16240   11.32926    0.11991      66587
  83.01681      1.16228   11.33595    0.11887      66325
  83.02681      1.16217   11.33605    0.11103      66432
  83.03681      1.16206   11.34275    0.10847      65947
  83.04681      1.16194   11.34564    0.11422      65697
  83.05681      1.16183   11.35465    0.11881      66263
  83.06680      1.16171   11.36272    0.12073      65930
  83.07680      1.16160   11.36809    0.11340      66030
  83.08680      1.16148   11.36821    0.11367      66181
  83.09680      1.16137   11.37595    0.11923      66231
  83.10680      1.16125   11.38231    0.11992      66310
  83.11680      1.16114   11.38582    0.12288      66392
  83.12679      1.16103   11.39388    0.10212      66673
  83.13679      1.16091   11.39643    0.11464      65983
  83.14679      1.16080   11.40969    0.11753      66293
  83.15679      1.16068   11.41680    0.12270      66302
  83.16679      1.16057   11.42165    0.11790      66233
  83.17679      1.16046   11.42832    0.11303      66271
  83.18678      1.16034   11.43851    0.11627      66318
  83.19678      1.16023   11.44846    0.12256      66534
  83.20678      1.16011   11.45548    0.11783      66515
  83.21678      1.16000   11.46234    0.10441      66733
  83.22678      1.15989   11.46312    0.11441      65722
  83.23678      1.15977   11.48220    0.11698      66367
  83.24677      1.15966   11.49102    0.11991      66957
  83.25677      1.15954   11.50061    0.12338      66505
  83.26677      1.15943   11.50848    0.11490      66508
  83.27677      1.15932   11.52031    0.11377      66521
  83.28677      1.15920   11.52853    0.11826      66690
  83.29677      1.15909   11.53198    0.12369      66743
  83.30676      1.15897   11.53956    0.10370      66803
  83.31676      1.15886   11.54826    0.11522      66060
  83.32676      1.15875   11.56052    0.11683      66319
  83.33676      1.15863   11.56264    0.12020      66655
  83.34676      1.15852   11.57222    0.12604      66665
  83.35676      1.15841   11.58530    0.11822      66848
  83.36675      1.15829   11.58993    0.11498      66860
  83.37675      1.15818   11.59838    0.11908      66755
  83.38675      1.15807   11.60855    0.12115      66919
  83.39675      1.15795   11.61981    0.10784      66897
  83.40675      1.15784   11.62588    0.11049      66381
  83.41675      1.15773   11.63542    0.11721      66446
  83.42674      1.15761   11.64704    0.11879      66822
  83.43674      1.15750   11.65821    0.12286      66985
  83.44674      1.15739   11.66604    0.12383      66753
  83.45674      1.15727   11.68634    0.12014      66878
  83.46674      1.15716   11.69862    0.11474      67227
  83.47673      1.15705   11.70560    0.12057      67100
  83.48673      1.15693   11.72123    0.11094      67123
  83.49673      1.15682   11.73173    0.10891      66628
  83.50673      1.15671   11.74254    0.11648      66587
  83.51673      1.15659   11.76084    0.12360      67013
  83.52673      1.15648   11.77292    0.12103      67044
  83.53672      1.15637   11.78573    0.12534      67025
  83.54672      1.15626   11.80293    0.12336      66794
  83.55672      1.15614   11.81255    0.11575      66819
  83.56672      1.15603   11.83117    0.11881      67618
  83.57672      1.15592   11.84826    0.11377      67373
  83.58672      1.15580   11.85540    0.10703      66868
  83.59671      1.15569   11.87233    0.11782      66715
  83.60671      1.15558   11.89219    0.12113      67200
  83.61671      1.15547   11.90728    0.12355      67273
  83.62671      1.15535   11.92043    0.12624      67276
  83.63671      1.15524   11.93535    0.12118      67146
  83.64671      1.15513   11.95478    0.12158      67077
  83.65670      1.15502   11.97079    0.11914      67143
  83.66670      1.15490   11.99186    0.11567      67882
  83.67670      1.15479   12.00335    0.10860      67236
  83.68670      1.15468   12.02383    0.11626      66807
  83.69670      1.15456   12.03934    0.12309      67197
  83.70670      1.15445   12.05152    0.12457      67464
  83.71669      1.15434   12.06446    0.12453      67442
  83.72669      1.15423   12.08423    0.12837      67446
  83.73669      1.15412   12.10280    0.12311      67149
  83.74669      1.15400   12.11620    0.11738      67236
  83.75669      1.15389   12.13766    0.11942      67681
  83.76669      1.15378   12.15558    0.10463      67589
  83.77668      1.15367   12.17276    0.11898      67078
  83.78668      1.15355   12.18495    0.12304      67484
  83.79668      1.15344   12.20092    0.12380      67590
  83.80668      1.15333   12.22160    0.12418      67727
  83.81668      1.15322   12.23654    0.12911      67639
  83.82668      1.15311   12.25385    0.12652      67424
  83.83667      1.15299   12.27609    0.12244      67384
  83.84667      1.15288   12.29237    0.11834      67595
  83.85667      1.15277   12.31258    0.10578      67934
  83.86667      1.15266   12.32739    0.11637      67112
  83.87667      1.15255   12.34783    0.12267      67543
  83.88666      1.15243   12.36084    0.12679      67759
  83.89666      1.15232   12.38048    0.12596      67858
  83.90666      1.15221   12.40331    0.12864      67824
  83.91666      1.15210   12.42330    0.13022      67710
  83.92666      1.15199   12.44414    0.12485      67557
  83.93666      1.15187   12.46074    0.11650      67743
  83.94665      1.15176   12.48031    0.10541      68127
  83.95665      1.15165   12.50208    0.11719      67298
  83.96665      1.15154   12.52441    0.12595      67757
  83.97665      1.15143   12.53873    0.12740      67941
  83.98665      1.15132   12.56463    0.12505      68036
  83.99665      1.15120   12.58723    0.13168      67987
  84.00664      1.15109   12.60919    0.13229      67900
  84.01664      1.15098   12.64273    0.12678      67722
  84.02664      1.15087   12.66418    0.11882      68039
  84.03664      1.15076   12.68872    0.10792      67985
  84.04664      1.15065   12.71399    0.11625      67488
  84.05664      1.15054   12.73650    0.12559      67876
  84.06663      1.15042   12.76306    0.12690      68113
  84.07663      1.15031   12.78573    0.12932      68158
  84.08663      1.15020   12.81394    0.12938      68350
  84.09663      1.15009   12.83504    0.13273      68019
  84.10663      1.14998   12.86496    0.12818      68037
  84.11663      1.14987   12.88643    0.11838      68422
  84.12662      1.14976   12.91027    0.10810      67954
  84.13662      1.14965   12.93037    0.11835      67541
  84.14662      1.14953   12.95012    0.12645      68064
  84.15662      1.14942   12.97603    0.12839      68144
  84.16662      1.14931   13.00069    0.12936      68422
  84.17662      1.14920   13.02094    0.13361      68341
  84.18661      1.14909   13.04122    0.13351      68397
  84.19661      1.14898   13.06329    0.13331      68458
  84.20661      1.14887   13.08611    0.11586      68440
  84.21661      1.14876   13.09592    0.11137      67938
  84.22661      1.14865   13.11848    0.11719      67840
  84.23660      1.14854   13.14413    0.12739      68222
  84.24660      1.14842   13.16821    0.12991      68433
  84.25660      1.14831   13.19605    0.13301      68364
  84.26660      1.14820   13.21501    0.13266      68508
  84.27660      1.14809   13.23716    0.13461      68764
  84.28660      1.14798   13.26722    0.13430      68804
  84.29659      1.14787   13.28367    0.11793      68554
  84.30659      1.14776   13.30592    0.11057      67807
  84.31659      1.14765   13.33972    0.12289      67988
  84.32659      1.14754   13.36745    0.12668      68360
  84.33659      1.14743   13.39152    0.13077      68524
  84.34659      1.14732   13.41453    0.13129      68586
  84.35658      1.14721   13.44171    0.13358      69000
  84.36658      1.14710   13.47030    0.13627      69173
  84.37658      1.14699   13.49909    0.13380      68792
  84.38658      1.14688   13.52487    0.11945      68585
  84.39658      1.14677   13.55366    0.11345      67890
  84.40658      1.14666   13.57783    0.12183      68084
  84.41657      1.14655   13.60518    0.12981      68472
  84.42657      1.14644   13.63511    0.12974      68725
  84.43657      1.14632   13.66581    0.13492      69180
  84.44657      1.14621   13.68777    0.13426      69223
  84.45657      1.14610   13.71218    0.13700      69070
  84.46657      1.14599   13.74681    0.13814      69014
  84.47656      1.14588   13.77167    0.11468      68768
  84.48656      1.14577   13.78490    0.11986      67780
  84.49656      1.14566   13.81406    0.12204      68319
  84.50656      1.14555   13.84064    0.12824      68641
  84.51656      1.14544   13.87192    0.13439      69539
  84.52656      1.14533   13.89818    0.13332      69135
  84.53655      1.14522   13.92372    0.13857      69172
  84.54655      1.14511   13.95197    0.13724      69165
  84.55655      1.14500   13.97865    0.13783      69018
  84.56655      1.14489   13.99652    0.11536      69027
  84.57655      1.14478   14.01904    0.12117      67784
  84.58655      1.14467   14.04465    0.12335      69084
  84.59654      1.14456   14.07775    0.12971      69189
  84.60654      1.14446   14.10251    0.13375      69211
  84.61654      1.14435   14.12415    0.13710      69158
  84.62654      1.14424   14.14560    0.13946      69282
  84.63654      1.14413   14.17310    0.13879      69303
  84.64653      1.14402   14.20263    0.13940      69302
  84.65653      1.14391   14.21751    0.11385      69186
  84.66653      1.14380   14.24581    0.12661      68428
  84.67653      1.14369   14.27492    0.12447      68929
  84.68653      1.14358   14.30320    0.13098      69199
  84.69653      1.14347   14.32346    0.13557      69285
  84.70652      1.14336   14.34925    0.13695      69370
  84.71652      1.14325   14.37341    0.14044      69412
  84.72652      1.14314   14.39943    0.14075      69750
  84.73652      1.14303   14.43522    0.12927      69929
  84.74652      1.14292   14.45768    0.11976      68875
  84.75652      1.14281   14.48215    0.12953      68534
  84.76651      1.14270   14.51142    0.12797      69026
  84.77651      1.14259   14.53536    0.13258      69319
  84.78651      1.14248   14.55892    0.13544      69415
  84.79651      1.14238   14.58265    0.13677      69817
  84.80651      1.14227   14.61599    0.14365      70087
  84.81651      1.14216   14.64319    0.14035      69786
  84.82650      1.14205   14.66763    0.12335      69728
  84.83650      1.14194   14.68197    0.12457      68743
  84.84650      1.14183   14.69943    0.13292      68810
  84.85650      1.14172   14.72966    0.12805      69217
  84.86650      1.14161   14.74798    0.13274      69824
  84.87650      1.14150   14.76406    0.13811      69978
  84.88649      1.14139   14.78622    0.13855      69777
  84.89649      1.14129   14.81003    0.14118      70013
  84.90649      1.14118   14.82343    0.13880      69916
  84.91649      1.14107   14.83624    0.12343      69762
  84.92649      1.14096   14.84513    0.12729      68595
  84.93649      1.14085   14.86269    0.13449      69756
  84.94648      1.14074   14.89083    0.12953      69666
  84.95648      1.14063   14.88923    0.13720      69760
  84.96648      1.14052   14.90267    0.13763      69799
  84.97648      1.14042   14.92466    0.13944      69914
  84.98648      1.14031   14.93097    0.14480      70004
  84.99648      1.14020   14.94303    0.14061      70111
  85.00647      1.14009   14.95663    0.11885      70243
  85.01647      1.13998   14.95930    0.13074      69291
  85.02647      1.13987   14.96415    0.13571      69507
  85.03647      1.13976   14.97738    0.13104      69611
  85.04647      1.13966   14.99088    0.13564      69907
  85.05646      1.13955   15.00264    0.13897      69899
  85.06646      1.13944   15.00981    0.14326      70534
  85.07646      1.13933   15.01450    0.14059      70564
  85.08646      1.13922   15.02128    0.12504      70389
  85.09646      1.13911   15.02186    0.12853      69395
  85.10646      1.13901   15.02629    0.13249      69500
  85.11645      1.13890   15.03133    0.13669      69714
  85.12645      1.13879   15.03953    0.13441      70143
  85.13645      1.13868   15.03657    0.13541      70428
  85.14645      1.13857   15.03799    0.13835      70294
  85.15645      1.13846   15.03865    0.14323      70348
  85.16645      1.13836   15.03516    0.14099      70489
  85.17644      1.13825   15.03194    0.12059      70390
  85.18644      1.13814   15.02850    0.13139      69248
  85.19644      1.13803   15.02224    0.13342      70431
  85.20644      1.13792   15.01228    0.13730      70272
  85.21644      1.13782   15.01130    0.13375      70129
  85.22644      1.13771   15.00427    0.13644      70248
  85.23643      1.13760   14.98713    0.14174      70279
  85.24643      1.13749   14.97666    0.13934      70446
  85.25643      1.13739   14.97179    0.13450      71292
  85.26643      1.13728   14.95139    0.12345      70251
  85.27643      1.13717   14.93288    0.13327      69887
  85.28643      1.13706   14.91876    0.13536      70099
  85.29642      1.13695   14.90916    0.13765      70297
  85.30642      1.13685   14.89227    0.13281      70156
  85.31642      1.13674   14.86737    0.13691      71003
  85.32642      1.13663   14.85776    0.13957      70824
  85.33642      1.13652   14.83524    0.13821      70837
  85.34642      1.13642   14.81296    0.12381      70813
  85.35641      1.13631   14.78858    0.12814      69844
  85.36641      1.13620   14.77055    0.13775      70073
  85.37641      1.13609   14.75188    0.13346      70979
  85.38641      1.13599   14.73142    0.13667      70663
  85.39641      1.13588   14.70881    0.13336      70596
  85.40641      1.13577   14.67738    0.13587      70676
  85.41640      1.13566   14.65583    0.13748      70819
  85.42640      1.13556   14.63334    0.13892      70850
  85.43640      1.13545   14.60176    0.11736      71237
  85.44640      1.13534   14.57764    0.13179      70341
  85.45640      1.13523   14.55205    0.13999      70481
  85.46639      1.13513   14.52326    0.13312      70728
  85.47639      1.13502   14.49432    0.13536      70518
  85.48639      1.13491   14.46284    0.13131      70663
  85.49639      1.13481   14.43545    0.13719      71577
  85.50639      1.13470   14.39749    0.13850      71291
  85.51639      1.13459   14.37374    0.12068      71121
  85.52638      1.13448   14.33089    0.12531      70313
  85.53638      1.13438   14.30144    0.13472      70490
  85.54638      1.13427   14.27716    0.13842      70611
  85.55638      1.13416   14.24174    0.13105      71591
  85.56638      1.13406   14.20965    0.13656      71053
  85.57638      1.13395   14.18029    0.13090      71042
  85.58637      1.13384   14.14668    0.13454      71167
  85.59637      1.13374   14.10711    0.13464      71182
  85.60637      1.13363   14.08250    0.11400      71384
  85.61637      1.13352   14.05081    0.12845      70664
  85.62637      1.13342   14.01580    0.13666      71092
  85.63637      1.13331   13.99053    0.13900      70939
  85.64636      1.13320   13.95956    0.12912      71135
  85.65636      1.13310   13.91673    0.13908      70924
  85.66636      1.13299   13.88600    0.12911      71877
  85.67636      1.13288   13.84663    0.13216      71583
  85.68636      1.13278   13.80956    0.11696      71488
  85.69636      1.13267   13.77368    0.12090      70532
  85.70635      1.13256   13.74028    0.13316      70776
  85.71635      1.13246   13.70754    0.13543      71642
  85.72635      1.13235   13.66491    0.13647      71533
  85.73635      1.13224   13.62212    0.12959      71623
  85.74635      1.13214   13.57769    0.13187      71267
  85.75635      1.13203   13.54433    0.12952      71429
  85.76634      1.13192   13.50780    0.12964      71382
  85.77634      1.13182   13.46555    0.11259      71745
  85.78634      1.13171   13.42161    0.12391      71091
  85.79634      1.13161   13.38082    0.13430      71432
  85.80634      1.13150   13.34174    0.13624      71437
  85.81633      1.13139   13.29952    0.13184      71433
  85.82633      1.13129   13.26171    0.12950      71991
  85.83633      1.13118   13.22880    0.13045      71792
  85.84633      1.13107   13.18268    0.12729      71657
  85.85633      1.13097   13.14147    0.11440      71788
  85.86633      1.13086   13.11380    0.11968      70809
  85.87632      1.13076   13.07654    0.12842      71216
  85.88632      1.13065   13.03916    0.13230      72513
  85.89632      1.13054   13.00471    0.13485      71766
  85.90632      1.13044   12.97669    0.12612      71678
  85.91632      1.13033   12.93782    0.13336      71597
  85.92632      1.13023   12.90583    0.12656      71774
  85.93631      1.13012   12.87326    0.11929      72520
  85.94631      1.13001   12.84681    0.11289      71564
  85.95631      1.12991   12.81487    0.12279      71263
  85.96631      1.12980   12.78275    0.12978      71762
  85.97631      1.12970   12.76287    0.13311      71837
  85.98631      1.12959   12.72596    0.13233      72114
  85.99630      1.12949   12.68970    0.12525      72464
  86.00630      1.12938   12.66234    0.13017      72055
  86.01630      1.12927   12.63696    0.12394      71974
  86.02630      1.12917   12.60944    0.10877      71917
  86.03630      1.12906   12.57703    0.11773      71354
  86.04630      1.12896   12.54330    0.12555      71972
  86.05629      1.12885   12.49999    0.13194      72330
  86.06629      1.12875   12.47736    0.13057      72226
  86.07629      1.12864   12.44112    0.12895      71968
  86.08629      1.12854   12.41679    0.12735      72558
  86.09629      1.12843   12.38181    0.12781      72450
  86.10629      1.12833   12.34039    0.10937      72187
  86.11628      1.12822   12.29858    0.11198      71223
  86.12628      1.12811   12.26380    0.11999      71829
  86.13628      1.12801   12.23509    0.12962      72607
  86.14628      1.12790   12.20714    0.12925      72917
  86.15628      1.12780   12.16675    0.13371      72206
  86.16628      1.12769   12.13339    0.12318      72225
  86.17627      1.12759   12.11012    0.12481      72230
  86.18627      1.12748   12.07763    0.12136      72561
  86.19627      1.12738   12.04487    0.10539      72527
  86.20627      1.12727   12.01176    0.11690      71870
  86.21627      1.12717   11.98361    0.12713      72184
  86.22626      1.12706   11.96111    0.12598      72327
  86.23626      1.12696   11.93282    0.13041      72954
  86.24626      1.12685   11.91294    0.13551      72573
  86.25626      1.12675   11.88064    0.11845      72971
  86.26626      1.12664   11.85714    0.12489      72559
  86.27626      1.12654   11.83605    0.10368      72439
  86.28625      1.12643   11.80171    0.11206      71831
  86.29625      1.12633   11.77809    0.12276      72448
  86.30625      1.12622   11.75826    0.12494      72686
  86.31625      1.12612   11.73333    0.12847      72857
  86.32625      1.12601   11.71313    0.12904      72722
  86.33625      1.12591   11.68711    0.12420      73240
  86.34624      1.12580   11.66201    0.12049      73064
  86.35624      1.12570   11.64163    0.10912      72542
  86.36624      1.12559   11.61505    0.10867      71567
  86.37624      1.12549   11.58493    0.11767      72163
  86.38624      1.12539   11.56270    0.12262      73763
  86.39624      1.12528   11.54196    0.12742      73168
  86.40623      1.12518   11.52924    0.12898      73012
  86.41623      1.12507   11.50679    0.12974      72563
  86.42623      1.12497   11.48453    0.11851      72744
  86.43623      1.12486   11.45252    0.11218      73786
  86.44623      1.12476   11.43625    0.10721      72390
  86.45623      1.12465   11.41567    0.11352      72280
  86.46622      1.12455   11.39771    0.12033      72685
  86.47622      1.12445   11.37676    0.12458      73409
  86.48622      1.12434   11.35861    0.12604      73464
  86.49622      1.12424   11.33458    0.12800      73385
  86.50622      1.12413   11.31643    0.12170      72951
  86.51622      1.12403   11.29266    0.11943      73058
  86.52621      1.12392   11.27668    0.10218      73400
  86.53621      1.12382   11.24946    0.11058      72218
  86.54621      1.12372   11.22832    0.11808      72731
  86.55621      1.12361   11.20877    0.12271      73204
  86.56621      1.12351   11.19105    0.12434      73747
  86.57621      1.12340   11.16346    0.12872      74091
  86.58620      1.12330   11.14276    0.12820      73166
  86.59620      1.12320   11.12189    0.11538      73104
  86.60620      1.12309   11.09661    0.10032      73120
  86.61620      1.12299   11.07493    0.11060      72773
  86.62620      1.12288   11.05219    0.11636      73347
  86.63619      1.12278   11.03972    0.12138      73367
  86.64619      1.12268   11.01298    0.12424      73287
  86.65619      1.12257   11.00092    0.12748      73585
  86.66619      1.12247   10.97650    0.12387      74299
  86.67619      1.12236   10.95848    0.12054      73493
  86.68619      1.12226   10.94426    0.09981      73619
  86.69618      1.12216   10.92341    0.11004      72192
  86.70618      1.12205   10.91479    0.11344      73516
  86.71618      1.12195   10.89567    0.11996      73574
  86.72618      1.12185   10.88179    0.12168      73440
  86.73618      1.12174   10.85904    0.12377      74088
  86.74618      1.12164   10.84919    0.12550      74250
  86.75617      1.12154   10.84320    0.12563      74003
  86.76617      1.12143   10.82088    0.10029      73575
  86.77617      1.12133   10.81087    0.10633      72475
  86.78617      1.12122   10.79453    0.11558      73025
  86.79617      1.12112   10.77688    0.11521      74565
  86.80617      1.12102   10.76190    0.11841      73993
  86.81616      1.12091   10.75390    0.12418      73825
  86.82616      1.12081   10.74737    0.12398      73703
  86.83616      1.12071   10.73460    0.12463      74569
  86.84616      1.12060   10.72104    0.10587      74157
  86.85616      1.12050   10.69853    0.10326      73087
  86.86616      1.12040   10.69530    0.11341      73070
  86.87615      1.12029   10.68973    0.11730      73591
  86.88615      1.12019   10.67286    0.11758      74508
  86.89615      1.12009   10.66563    0.12087      74459
  86.90615      1.11998   10.64932    0.12692      74169
  86.91615      1.11988   10.64562    0.12325      74165
  86.92615      1.11978   10.64481    0.11318      74518
  86.93614      1.11968   10.62336    0.09701      73192
  86.94614      1.11957   10.60684    0.10925      73256
  86.95614      1.11947   10.60082    0.12027      74003
  86.96614      1.11937   10.60034    0.11596      74773
  86.97614      1.11926   10.58140    0.12099      74511
  86.98614      1.11916   10.56870    0.12419      74197
  86.99613      1.11906   10.55588    0.12107      74113
  87.00613      1.11895   10.54970    0.11697      75137
  87.01613      1.11885   10.54298    0.09787      73741
  87.02613      1.11875   10.52074    0.10722      73458
  87.03613      1.11865   10.51027    0.11945      73737
  87.04612      1.11854   10.50698    0.11823      74291
  87.05612      1.11844   10.49118    0.11934      75483
  87.06612      1.11834   10.47156    0.12356      74572
  87.07612      1.11824   10.46832    0.12102      74487
  87.08612      1.11813   10.45824    0.12224      74433
  87.09612      1.11803   10.45276    0.09946      74071
  87.10611      1.11793   10.42707    0.10020      74040
  87.11611      1.11782   10.41521    0.11491      74153
  87.12611      1.11772   10.40255    0.12041      74096
  87.13611      1.11762   10.40730    0.11801      75503
  87.14611      1.11752   10.39830    0.12072      74520
  87.15611      1.11741   10.37558    0.11970      75089
  87.16610      1.11731   10.35893    0.12534      74787
  87.17610      1.11721   10.35613    0.09854      74640
  87.18610      1.11711   10.33628    0.10011      73636
  87.19610      1.11701   10.31832    0.11434      74020
  87.20610      1.11690   10.31655    0.12026      74608
  87.21610      1.11680   10.31868    0.12139      76021
  87.22609      1.11670   10.30012    0.11996      74911
  87.23609      1.11660   10.27924    0.11935      74779
  87.24609      1.11649   10.27296    0.12286      74599
  87.25609      1.11639   10.26428    0.09779      75519
  87.26609      1.11629   10.24746    0.10272      73841
  87.27609      1.11619   10.23761    0.11230      74281
  87.28608      1.11609   10.22672    0.11845      74462
  87.29608      1.11598   10.23172    0.12090      75676
  87.30608      1.11588   10.21069    0.11830      75561
  87.31608      1.11578   10.19938    0.11829      75323
  87.32608      1.11568   10.18392    0.12349      74827
  87.33608      1.11557   10.17255    0.09589      75511
  87.34607      1.11547   10.15420    0.11067      73251
  87.35607      1.11537   10.14874    0.10331      75012
  87.36607      1.11527   10.12843    0.11932      75092
  87.37607      1.11517   10.11826    0.11901      75998
  87.38607      1.11507   10.10733    0.11892      75131
  87.39607      1.11496   10.09088    0.11898      74967
  87.40606      1.11486   10.07364    0.11634      76100
  87.41606      1.11476   10.06264    0.09835      75612
  87.42606      1.11466   10.04107    0.11118      73629
  87.43606      1.11456   10.03384    0.10448      74312
  87.44606      1.11445   10.01981    0.11586      75423
  87.45605      1.11435   10.00705    0.12171      76938
  87.46605      1.11425    9.99216    0.11988      75288
  87.47605      1.11415    9.99073    0.11670      75026
  87.48605      1.11405    9.97570    0.11073      75831
  87.49605      1.11395    9.95938    0.09963      75579
  87.50605      1.11385    9.94107    0.11149      74595
  87.51604      1.11374    9.93690    0.10421      74478
  87.52604      1.11364    9.92688    0.11516      76017
  87.53604      1.11354    9.91709    0.11923      75595
  87.54604      1.11344    9.90379    0.12090      76035
  87.55604      1.11334    9.89713    0.11598      75670
  87.56604      1.11324    9.88730    0.10666      76551
  87.57603      1.11314    9.86792    0.10224      74780
  87.58603      1.11303    9.85383    0.11093      74574
  87.59603      1.11293    9.85084    0.10793      75375
  87.60603      1.11283    9.83717    0.11000      76416
  87.61603      1.11273    9.82836    0.11905      75623
  87.62603      1.11263    9.81697    0.12320      75210
  87.63602      1.11253    9.81808    0.11701      77118
  87.64602      1.11243    9.79463    0.10452      76812
  87.65602      1.11233    9.78196    0.10127      74595
  87.66602      1.11222    9.76920    0.11201      74620
  87.67602      1.11212    9.77489    0.12128      75034
  87.68602      1.11202    9.76661    0.09861      77172
  87.69601      1.11192    9.75598    0.12034      76031
  87.70601      1.11182    9.75410    0.12126      75537
  87.71601      1.11172    9.74328    0.11666      76752
  87.72601      1.11162    9.73661    0.09978      76834
  87.73601      1.11152    9.71875    0.10410      74829
  87.74601      1.11142    9.71945    0.11264      75973
  87.75600      1.11132    9.71319    0.12116      75018
  87.76600      1.11122    9.70493    0.09989      76172
  87.77600      1.11111    9.69795    0.11881      76513
  87.78600      1.11101    9.70243    0.12071      77303
  87.79600      1.11091    9.68454    0.11736      75967
  87.80599      1.11081    9.67905    0.09486      75707
  87.81599      1.11071    9.66096    0.10549      76025
  87.82599      1.11061    9.66959    0.11502      76797
  87.83599      1.11051    9.66250    0.12135      74951
  87.84599      1.11041    9.65354    0.10063      75438
  87.85599      1.11031    9.65783    0.11846      77814
  87.86598      1.11021    9.64983    0.11946      77072
  87.87598      1.11011    9.63819    0.11952      76227
  87.88598      1.11001    9.63293    0.09456      75869
  87.89598      1.10991    9.62540    0.10563      76513
  87.90598      1.10981    9.61742    0.11645      76445
  87.91598      1.10971    9.61991    0.11993      75023
  87.92597      1.10961    9.60970    0.09831      76712
  87.93597      1.10951    9.60912    0.11774      77083
  87.94597      1.10940    9.58899    0.12030      77412
  87.95597      1.10930    9.58916    0.12116      76170
  87.96597      1.10920    9.57173    0.09223      76886
  87.97597      1.10910    9.56756    0.10614      75173
  87.98596      1.10900    9.55388    0.11483      77058
  87.99596      1.10890    9.55454    0.12454      76623
  88.00596      1.10880    9.53999    0.09959      76576
  88.01596      1.10870    9.52913    0.11753      76267
  88.02596      1.10860    9.51535    0.11861      77934
  88.03596      1.10850    9.50754    0.10532      77781
  88.04595      1.10840    9.48911    0.09814      75438
  88.05595      1.10830    9.47693    0.10796      75409
  88.06595      1.10820    9.47849    0.12092      78594
  88.07595      1.10810    9.47235    0.12272      76261
  88.08595      1.10800    9.44714    0.09934      76113
  88.09595      1.10790    9.44730    0.11364      77034
  88.10594      1.10780    9.44657    0.11808      78609
  88.11594      1.10770    9.43795    0.09817      77233
  88.12594      1.10760    9.41157    0.10371      74963
  88.13594      1.10750    9.42075    0.11039      77193
  88.14594      1.10740    9.41774    0.11914      78081
  88.15594      1.10730    9.39918    0.12386      75841
  88.16593      1.10720    9.40733    0.09874      77247
  88.17593      1.10710    9.39674    0.11293      77169
  88.18593      1.10700    9.38464    0.12141      78351
  88.19593      1.10690    9.38381    0.09425      77387
  88.20593      1.10681    9.38004    0.10473      76060
  88.21592      1.10671    9.37300    0.11126      76661
  88.22592      1.10661    9.35270    0.12096      77685
  88.23592      1.10651    9.37313    0.12096      77313
  88.24592      1.10641    9.35045    0.09870      76816
  88.25592      1.10631    9.34902    0.11180      77672
  88.26592      1.10621    9.35059    0.10690      78848
  88.27591      1.10611    9.34062    0.09907      76559
  88.28591      1.10601    9.33944    0.10822      75826
  88.29591      1.10591    9.32422    0.11604      78375
  88.30591      1.10581    9.32734    0.12120      78414
  88.31591      1.10571    9.31496    0.12872      76054
  88.32591      1.10561    9.32553    0.09637      76397
  88.33590      1.10551    9.32266    0.11060      79901
  88.34590      1.10541    9.30547    0.09684      77870
  88.35590      1.10531    9.30188    0.10302      75527
  88.36590      1.10521    9.30766    0.11110      77698
  88.37590      1.10512    9.29171    0.11886      78813
  88.38590      1.10502    9.29617    0.12176      77458
  88.39589      1.10492    9.31372    0.12775      76893
  88.40589      1.10482    9.29349    0.09222      78224
  88.41589      1.10472    9.29592    0.11356      78116
  88.42589      1.10462    9.28818    0.09257      78052
  88.43589      1.10452    9.28702    0.10879      76474
  88.44589      1.10442    9.28115    0.11558      78125
  88.45588      1.10432    9.29240    0.11996      78366
  88.46588      1.10422    9.28152    0.12408      78378
  88.47588      1.10412    9.28230    0.11912      76393
  88.48588      1.10403    9.28492    0.09523      78527
  88.49588      1.10393    9.26295    0.09834      79075
  88.50588      1.10383    9.25593    0.09990      76168
  88.51587      1.10373    9.27011    0.10898      77708
  88.52587      1.10363    9.25567    0.11893      79204
  88.53587      1.10353    9.24886    0.12009      77915
  88.54587      1.10343    9.25236    0.12748      77798
  88.55587      1.10333    9.25307    0.10688      78760
  88.56587      1.10324    9.24616    0.10158      77829
  88.57586      1.10314    9.22257    0.09148      77543
  88.58586      1.10304    9.22404    0.10399      78705
  88.59586      1.10294    9.22374    0.11229      77871
  88.60586      1.10284    9.21676    0.12424      77294
  88.61586      1.10274    9.21008    0.12432      80349
  88.62585      1.10264    9.21274    0.12946      77956
  88.63585      1.10254    9.21271    0.09797      76861
  88.64585      1.10245    9.20128    0.09370      78791
  88.65585      1.10235    9.19141    0.09382      78893
  88.66585      1.10225    9.18901    0.10905      76979
  88.67585      1.10215    9.19873    0.11997      78730
  88.68584      1.10205    9.19112    0.12943      79905
  88.69584      1.10195    9.18577    0.12849      78538
  88.70584      1.10186    9.19171    0.12754      77662
  88.71584      1.10176    9.19023    0.09142      78958
  88.72584      1.10166    9.17961    0.08657      78542
  88.73584      1.10156    9.18058    0.10274      77541
  88.74583      1.10146    9.17823    0.11442      78547
  88.75583      1.10136    9.17999    0.12792      78823
  88.76583      1.10127    9.18654    0.12693      79924
  88.77583      1.10117    9.17372    0.12722      78663
  88.78583      1.10107    9.18003    0.10473      77690
  88.79583      1.10097    9.18464    0.08939      79491
  88.80582      1.10087    9.17772    0.09226      76884
  88.81582      1.10078    9.16884    0.10860      78855
  88.82582      1.10068    9.16871    0.11923      79789
  88.83582      1.10058    9.18503    0.12868      78532
  88.84582      1.10048    9.15733    0.13151      80072
  88.85582      1.10038    9.18321    0.13258      78972
  88.86581      1.10029    9.18125    0.09541      77603
  88.87581      1.10019    9.16762    0.08463      79982
  88.88581      1.10009    9.17323    0.09823      77934
  88.89581      1.09999    9.15934    0.11212      77737
  88.90581      1.09989    9.16198    0.12720      80994
  88.91581      1.09980    9.16567    0.13483      79849
  88.92580      1.09970    9.15827    0.13863      78730
  88.93580      1.09960    9.16865    0.10745      79528
  88.94580      1.09950    9.14510    0.08466      78831
  88.95580      1.09941    9.15534    0.09283      76013
  88.96580      1.09931    9.13785    0.10382      81310
  88.97580      1.09921    9.14401    0.11913      78592
  88.98579      1.09911    9.12525    0.13787      79268
  88.99579      1.09901    9.14312    0.13919      82480
  89.00579      1.09892    9.11842    0.14023      77001
  89.01579      1.09882    9.12217    0.08801      79893
  89.02579      1.09872    9.12797    0.08476      79052
  89.03578      1.09862    9.10610    0.10096      76672
  89.04578      1.09853    9.11587    0.11122      81328
  89.05578      1.09843    9.10977    0.13122      79908
  89.06578      1.09833    9.11802    0.13831      78711
  89.07578      1.09824    9.10414    0.14881      82127
  89.08578      1.09814    9.12224    0.09918      78013
  89.09577      1.09804    9.10825    0.08193      79477
  89.10577      1.09794    9.11287    0.09859      78630
  89.11577      1.09785    9.11662    0.10614      77656
  89.12577      1.09775    9.10708    0.11812      82223
  89.13577      1.09765    9.11746    0.14150      80450
  89.14577      1.09755    9.12506    0.14941      79802
  89.15576      1.09746    9.12172    0.10923      79951
  89.16576      1.09736    9.12322    0.08439      78300
  89.17576      1.09726    9.11794    0.09417      79239
  89.18576      1.09717    9.11748    0.10385      79176
  89.19576      1.09707    9.12163    0.11711      80344
  89.20576      1.09697    9.12017    0.13900      81747
  89.21575      1.09687    9.12284    0.14856      80247
  89.22575      1.09678    9.11458    0.10914      78317
  89.23575      1.09668    9.12044    0.08955      79959
  89.24575      1.09658    9.11183    0.09051      79363
  89.25575      1.09649    9.11290    0.10840      79472
  89.26575      1.09639    9.11085    0.11537      81325
  89.27574      1.09629    9.11361    0.12321      79430
  89.28574      1.09620    9.10302    0.15280      81871
  89.29574      1.09610    9.10036    0.10363      77166
  89.30574      1.09600    9.09787    0.09569      83680
  89.31574      1.09591    9.08510    0.09489      77814
  89.32574      1.09581    9.08765    0.10572      80890
  89.33573      1.09571    9.08949    0.11263      79346
  89.34573      1.09562    9.06558    0.12262      80752
  89.35573      1.09552    9.06363    0.14014      78539
  89.36573      1.09542    9.06712    0.09754      81627
  89.37573      1.09533    9.04918    0.10761      80998
  89.38573      1.09523    9.03980    0.09461      81149
  89.39572      1.09513    9.05408    0.10618      79694
  89.40572      1.09504    9.03680    0.11592      79592
  89.41572      1.09494    9.02059    0.12081      79444
  89.42572      1.09484    9.02017    0.10024      79361
  89.43572      1.09475    9.01533    0.12154      81754
  89.44571      1.09465    9.00697    0.10223      84664
  89.45571      1.09455    9.02145    0.09818      76862
  89.46571      1.09446    9.01964    0.11335      81637
  89.47571      1.09436    9.00653    0.11709      79429
  89.48571      1.09426    8.99409    0.10330      80924
  89.49571      1.09417    9.01643    0.10947      79809
  89.50570      1.09407    9.00062    0.12410      83418
  89.51570      1.09398    9.02163    0.09422      81265
  89.52570      1.09388    9.03250    0.10807      79046
  89.53570      1.09378    9.03212    0.11705      79713
  89.54570      1.09369    9.00117    0.10612      81577
  89.55570      1.09359    9.03600    0.10712      79385
  89.56569      1.09349    9.01918    0.11252      83213
  89.57569      1.09340    9.04081    0.12268      79221
  89.58569      1.09330    9.04951    0.08890      81950
  89.59569      1.09321    9.05177    0.11993      80561
  89.60569      1.09311    9.04618    0.10850      80180
  89.61569      1.09301    9.04227    0.11140      82449
  89.62568      1.09292    9.05070    0.11196      79443
  89.63568      1.09282    9.04489    0.11458      82865
  89.64568      1.09273    9.05685    0.09454      81204
  89.65568      1.09263    9.07746    0.10931      78737
  89.66568      1.09253    9.05872    0.11061      81916
  89.67568      1.09244    9.05832    0.11142      81803
  89.68567      1.09234    9.07477    0.11376      81211
  89.69567      1.09225    9.06600    0.11747      82298
  89.70567      1.09215    9.07626    0.10069      81260
  89.71567      1.09205    9.07950    0.10294      79447
  89.72567      1.09196    9.07989    0.10833      81266
  89.73567      1.09186    9.07408    0.11035      81586
  89.74566      1.09177    9.09538    0.11445      81865
  89.75566      1.09167    9.08835    0.11553      82344
  89.76566      1.09158    9.08459    0.10753      81680
  89.77566      1.09148    9.10411    0.10531      80323
  89.78566      1.09139    9.07925    0.10125      81020
  89.79565      1.09129    9.09556    0.11100      81302
  89.80565      1.09119    9.09265    0.11146      81779
  89.81565      1.09110    9.09241    0.11625      82309
  89.82565      1.09100    9.10040    0.10984      82290
  89.83565      1.09091    9.10615    0.10519      81056
  89.84565      1.09081    9.10155    0.10655      81254
  89.85564      1.09072    9.10755    0.10599      81380
  89.86564      1.09062    9.10565    0.10984      81490
  89.87564      1.09053    9.11928    0.11764      82162
  89.88564      1.09043    9.13245    0.11269      82270
  89.89564      1.09034    9.13649    0.10584      81202
  89.90564      1.09024    9.15718    0.10724      80129
  89.91563      1.09014    9.15889    0.10760      79724
  89.92563      1.09005    9.16805    0.10877      79093
  89.93563      1.08995    9.19285    0.11372      78776
  89.94563      1.08986    9.18783    0.11184      78172
  89.95563      1.08976    9.22542    0.11066      76871
  89.96563      1.08967    9.22264    0.10649      75902
  89.97562      1.08957    9.21870    0.10790      74669
  89.98562      1.08948    9.25482    0.11045      73610
  89.99562      1.08938    9.26505    0.11368      73277
  90.00562      1.08929    9.26115    0.11123      71996
  90.01562      1.08919    9.29881    0.11442      70357
  90.02562      1.08910    9.28867    0.11508      68917
  90.03561      1.08900    9.33814    0.11072      67161
  90.04561      1.08891    9.33294    0.11227      65667
  90.05561      1.08881    9.33555    0.11490      64733
  90.06561      1.08872    9.36861    0.11526      62796
  90.07561      1.08862    9.37294    0.11527      60633
  90.08561      1.08853    9.40655    0.12012      58177
  90.09560      1.08843    9.43940    0.12201      55711
  90.10560      1.08834    9.44950    0.12361      54159
  90.11560      1.08824    9.47329    0.11482      52022
  90.12560      1.08815    9.46870    0.12281      49473
  90.13560      1.08806    9.50038    0.12360      46683
  90.14560      1.08796    9.51298    0.12325      43704
  90.15559      1.08787    9.52013    0.14408      40942
  90.16559      1.08777    9.55315    0.13807      38804
  90.17559      1.08768    9.56398    0.13742      35719
  90.18559      1.08758    9.57556    0.12754      32394
  90.19559      1.08749    9.57778    0.12826      28104
  90.20558      1.08739    9.64184    0.14093      23226
  90.21558      1.08730    9.61506    0.15044      19348
  90.22558      1.08720    9.64059    0.15920      16196
  90.23558      1.08711    9.59867    0.16745      13375
  90.24558      1.08701    9.64774    0.17325      10848
  90.25558      1.08692    9.58437    0.16914       7774
  90.26557      1.08683    9.48339    0.23461       4126
  90.27557      1.08673    9.58434    0.26820       2593
  90.28557      1.08664    9.71371    0.27225       1347
  90.29557      1.08654    9.47925    0.25685        189
  90.30557      1.08645    9.89759    0.37383         24
