[PowderGraph 1]
2thetadeg	d-value	intx	sigx	count
   0.00100  88267.70067    0.00000    0.00000          0
   0.01100   8024.54877    0.00000    0.00000          0
   0.02100   4203.34038    0.00000    0.00000          0
   0.03100   2847.42542    0.00000    0.00000          0
   0.04100   2152.93193    0.00000    0.00000          0
   0.05100   1730.78868    0.00000    0.00000          0
   0.06100   1447.05298    0.00000    0.00000          0
   0.07100   1243.24281    0.00000    0.00000          0
   0.08100   1089.75612    0.00000    0.00000          0
   0.09100    970.00276    0.00000    0.00000          0
   0.10100    873.96293    0.00000    0.00000          0
   0.11100    795.22757    0.00000    0.00000          0
   0.12100    729.50632    0.00000    0.00000          0
   0.13100    673.81885    0.00000    0.00000          0
   0.14100    626.03031    0.00000    0.00000          0
   0.15100    584.57138    0.00000    0.00000          0
   0.16100    548.26263    0.00000    0.00000          0
   0.17100    516.20051    0.00000    0.00000          0
   0.18099    487.68117    0.00000    0.00000          0
   0.19099    462.14815    0.00000    0.00000          0
   0.20099    439.15573    0.00000    0.00000          0
   0.21099    418.34269    0.00000    0.00000          0
   0.22099    399.41318    0.00000    0.00000          0
   0.23099    382.12259    0.00000    0.00000          0
   0.24099    366.26691    0.00000    0.00000          0
   0.25099    351.67462    0.00000    0.00000          0
   0.26099    338.20052    0.00000    0.00000          0
   0.27099    325.72082    0.00000    0.00000          0
   0.28099    314.12936    0.00000    0.00000          0
   0.29099    303.33456    0.00000    0.00000          0
   0.30099    293.25702    0.00000    0.00000          0
   0.31099    283.82756    0.00000    0.00000          0
   0.32099    274.98560    0.00000    0.00000          0
   0.33099    266.67790    0.00000    0.00000          0
   0.34099    258.85746    0.00000    0.00000          0
   0.35099    251.48262    0.00000    0.00000          0
   0.36099    244.51637    0.00000    0.00000          0
   0.37099    237.92565    0.00000    0.00000          0
   0.38099    231.68091    0.00000    0.00000          0
   0.39099    225.75559    0.00000    0.00000          0
   0.40099    220.12579    0.00000    0.00000          0
   0.41099    214.76996    0.00000    0.00000          0
   0.42099    209.66856    0.00000    0.00000          0
   0.43099    204.80388    0.00000    0.00000          0
   0.44099    200.15982    0.00000    0.00000          0
   0.45099    195.72171    0.00000    0.00000          0
   0.46099    191.47614    0.00000    0.00000          0
   0.47099    187.41086    0.00000    0.00000          0
   0.48099    183.51460    0.00000    0.00000          0
   0.49099    179.77706    0.00000    0.00000          0
   0.50099    176.18871    0.00000    0.00000          0
   0.51099    172.74082    0.00000    0.00000          0
   0.52098    169.42528    0.00000    0.00000          0
   0.53098    166.23462    0.00000    0.00000          0
   0.54098    163.16191    0.00000    0.00000          0
   0.55098    160.20074    0.00000    0.00000          0
   0.56098    157.34513    0.00000    0.00000          0
   0.57098    154.58955    0.00000    0.00000          0
   0.58098    151.92882    0.00000    0.00000          0
   0.59098    149.35813    0.00000    0.00000          0
   0.60098    146.87300    0.00000    0.00000          0
   0.61098    144.46920    0.00000    0.00000          0
   0.62098    142.14283    0.00000    0.00000          0
   0.63098    139.89019    0.00000    0.00000          0
   0.64098    137.70784    0.00000    0.00000          0
   0.65098    135.59254    0.00000    0.00000          0
   0.66098    133.54123    0.00000    0.00000          0
   0.67098    131.55107    0.00000    0.00000          0
   0.68098    129.61936    0.00000    0.00000          0
   0.69098    127.74356    0.00000    0.00000          0
   0.70098    125.92128    0.00000    0.00000          0
   0.71098    124.15026    0.00000    0.00000          0
   0.72098    122.42836    0.00000    0.00000          0
   0.73098    120.75358    0.00000    0.00000          0
   0.74098    119.12400    0.00000    0.00000          0
   0.75098    117.53781    0.00000    0.00000          0
   0.76098    115.99332    0.00000    0.00000          0
   0.77098    114.48889    0.00000    0.00000          0
   0.78098    113.02298    0.00000    0.00000          0
   0.79098    111.59414    0.00000    0.00000          0
   0.80098    110.20098    0.00000    0.00000          0
   0.81098    108.84217    0.00000    0.00000          0
   0.82098    107.51647    0.00000    0.00000          0
   0.83098    106.22267    0.00000    0.00000          0
   0.84098    104.95964    0.00000    0.00000          0
   0.85098    103.72630    0.00000    0.00000          0
   0.86097    102.52160    0.00000    0.00000          0
   0.87097    101.34457    0.00000    0.00000          0
   0.88097    100.19425    0.00000    0.00000          0
   0.89097     99.06976    0.00000    0.00000          0
   0.90097     97.97023    0.00000    0.00000          0
   0.91097     96.89484    0.00000    0.00000          0
   0.92097     95.84280    0.00000    0.00000          0
   0.93097     94.81336    0.00000    0.00000          0
   0.94097     93.80580    0.00000    0.00000          0
   0.95097     92.81943    0.00000    0.00000          0
   0.96097     91.85359    0.00000    0.00000          0
   0.97097     90.90765    0.00000    0.00000          0
   0.98097     89.98098    0.00000    0.00000          0
   0.99097     89.07302    0.00000    0.00000          0
   1.00097     88.18321    0.00000    0.00000          0
   1.01097     87.31099    0.00000    0.00000          0
   1.02097     86.45586    0.00000    0.00000          0
   1.03097     85.61732    0.00000    0.00000          0
   1.04097     84.79489    0.00000    0.00000          0
   1.05097     83.98811    0.00000    0.00000          0
   1.06097     83.19654    0.00000    0.00000          0
   1.07097     82.41975    0.00000    0.00000          0
   1.08097     81.65733    0.00000    0.00000          0
   1.09097     80.90889    0.00000    0.00000          0
   1.10097     80.17405    0.00000    0.00000          0
   1.11097     79.45243    0.00000    0.00000          0
   1.12097     78.74369    0.00000    0.00000          0
   1.13097     78.04748    0.00000    0.00000          0
   1.14097     77.36348    0.00000    0.00000          0
   1.15097     76.69136    0.00000    0.00000          0
   1.16097     76.03082    0.00000    0.00000          0
   1.17097     75.38156    0.00000    0.00000          0
   1.18097     74.74329    0.00000    0.00000          0
   1.19097     74.11575    0.00000    0.00000          0
   1.20097     73.49865    0.00000    0.00000          0
   1.21096     72.89175    0.00000    0.00000          0
   1.22096     72.29479    0.00000    0.00000          0
   1.23096     71.70753    0.00000    0.00000          0
   1.24096     71.12973    0.00000    0.00000          0
   1.25096     70.56117    0.00000    0.00000          0
   1.26096     70.00163    0.00000    0.00000          0
   1.27096     69.45089    0.00000    0.00000          0
   1.28096     68.90875    0.00000    0.00000          0
   1.29096     68.37501    0.00000    0.00000          0
   1.30096     67.84947    0.00000    0.00000          0
   1.31096     67.33196    0.00000    0.00000          0
   1.32096     66.82227    0.00000    0.00000          0
   1.33096     66.32025    0.00000    0.00000          0
   1.34096     65.82571    0.00000    0.00000          0
   1.35096     65.33850    0.00000    0.00000          0
   1.36096     64.85844    0.00000    0.00000          0
   1.37096     64.38539    0.00000    0.00000          0
   1.38096     63.91919    0.00000    0.00000          0
   1.39096     63.45970    0.00000    0.00000          0
   1.40096     63.00676    0.00000    0.00000          0
   1.41096     62.56024    0.00000    0.00000          0
   1.42096     62.12001    0.00000    0.00000          0
   1.43096     61.68593    0.00000    0.00000          0
   1.44096     61.25787    0.00000    0.00000          0
   1.45096     60.83572    0.00000    0.00000          0
   1.46096     60.41934    0.00000    0.00000          0
   1.47096     60.00863    0.00000    0.00000          0
   1.48096     59.60346    0.00000    0.00000          0
   1.49096     59.20373    0.00000    0.00000          0
   1.50096     58.80932    0.00000    0.00000          0
   1.51096     58.42014    0.00000    0.00000          0
   1.52096     58.03607    0.00000    0.00000          0
   1.53096     57.65702    0.00000    0.00000          0
   1.54096     57.28289    0.00000    0.00000          0
   1.55095     56.91358    0.00000    0.00000          0
   1.56095     56.54901    0.00000    0.00000          0
   1.57095     56.18907    0.00000    0.00000          0
   1.58095     55.83369    0.00000    0.00000          0
   1.59095     55.48278    0.00000    0.00000          0
   1.60095     55.13625    0.00000    0.00000          0
   1.61095     54.79403    0.00000    0.00000          0
   1.62095     54.45602    0.00000    0.00000          0
   1.63095     54.12216    0.00000    0.00000          0
   1.64095     53.79237    0.00000    0.00000          0
   1.65095     53.46658    0.00000    0.00000          0
   1.66095     53.14471    0.00000    0.00000          0
   1.67095     52.82669    0.00000    0.00000          0
   1.68095     52.51245    0.00000    0.00000          0
   1.69095     52.20193    0.00000    0.00000          0
   1.70095     51.89507    0.00000    0.00000          0
   1.71095     51.59179    0.00000    0.00000          0
   1.72095     51.29203    0.00000    0.00000          0
   1.73095     50.99574    0.00000    0.00000          0
   1.74095     50.70285    0.00000    0.00000          0
   1.75095     50.41331    0.00000    0.00000          0
   1.76095     50.12705    0.00000    0.00000          0
   1.77095     49.84403    0.00000    0.00000          0
   1.78095     49.56419    0.00000    0.00000          0
   1.79095     49.28747    0.00000    0.00000          0
   1.80095     49.01383    0.00000    0.00000          0
   1.81095     48.74320    0.00000    0.00000          0
   1.82095     48.47555    0.00000    0.00000          0
   1.83095     48.21083    0.00000    0.00000          0
   1.84095     47.94898    0.00000    0.00000          0
   1.85095     47.68996    0.00000    0.00000          0
   1.86095     47.43372    0.00000    0.00000          0
   1.87095     47.18022    0.00000    0.00000          0
   1.88095     46.92942    0.00000    0.00000          0
   1.89094     46.68127    0.00000    0.00000          0
   1.90094     46.43573    0.00000    0.00000          0
   1.91094     46.19276    0.00000    0.00000          0
   1.92094     45.95232    0.00000    0.00000          0
   1.93094     45.71437    0.00000    0.00000          0
   1.94094     45.47887    0.00000    0.00000          0
   1.95094     45.24579    0.00000    0.00000          0
   1.96094     45.01508    0.00000    0.00000          0
   1.97094     44.78672    0.00000    0.00000          0
   1.98094     44.56066    0.00000    0.00000          0
   1.99094     44.33687    0.00000    0.00000          0
   2.00094     44.11532    0.00000    0.00000          0
   2.01094     43.89597    0.00000    0.00000          0
   2.02094     43.67879    0.00000    0.00000          0
   2.03094     43.46376    0.00000    0.00000          0
   2.04094     43.25083    0.00000    0.00000          0
   2.05094     43.03997    0.00000    0.00000          0
   2.06094     42.83116    0.00000    0.00000          0
   2.07094     42.62437    0.00000    0.00000          0
   2.08094     42.41957    0.00000    0.00000          0
   2.09094     42.21672    0.00000    0.00000          0
   2.10094     42.01581    0.00000    0.00000          0
   2.11094     41.81680    0.00000    0.00000          0
   2.12094     41.61966    0.00000    0.00000          0
   2.13094     41.42438    0.00000    0.00000          0
   2.14094     41.23092    0.00000    0.00000          0
   2.15094     41.03926    0.00000    0.00000          0
   2.16094     40.84938    0.00000    0.00000          0
   2.17094     40.66124    0.00000    0.00000          0
   2.18094     40.47483    0.00000    0.00000          0
   2.19094     40.29012    0.00000    0.00000          0
   2.20094     40.10709    0.00000    0.00000          0
   2.21094     39.92571    0.00000    0.00000          0
   2.22094     39.74597    0.00000    0.00000          0
   2.23094     39.56784    0.00000    0.00000          0
   2.24093     39.39130    0.00000    0.00000          0
   2.25093     39.21632    0.00000    0.00000          0
   2.26093     39.04290    0.00000    0.00000          0
   2.27093     38.87100    0.00000    0.00000          0
   2.28093     38.70061    0.00000    0.00000          0
   2.29093     38.53171    0.00000    0.00000          0
   2.30093     38.36428    0.00000    0.00000          0
   2.31093     38.19829    0.00000    0.00000          0
   2.32093     38.03374    0.00000    0.00000          0
   2.33093     37.87059    0.00000    0.00000          0
   2.34093     37.70885    0.00000    0.00000          0
   2.35093     37.54847    0.00000    0.00000          0
   2.36093     37.38946    0.00000    0.00000          0
   2.37093     37.23179    0.00000    0.00000          0
   2.38093     37.07544    0.00000    0.00000          0
   2.39093     36.92040    0.00000    0.00000          0
   2.40093     36.76665    0.00000    0.00000          0
   2.41093     36.61418    0.00000    0.00000          0
   2.42093     36.46296    0.00000    0.00000          0
   2.43093     36.31299    0.00000    0.00000          0
   2.44093     36.16425    0.00000    0.00000          0
   2.45093     36.01673    0.00000    0.00000          0
   2.46093     35.87040    0.00000    0.00000          0
   2.47093     35.72526    0.00000    0.00000          0
   2.48093     35.58128    0.00000    0.00000          0
   2.49093     35.43847    0.00000    0.00000          0
   2.50093     35.29679    0.00000    0.00000          0
   2.51093     35.15625    0.00000    0.00000          0
   2.52093     35.01681    0.00000    0.00000          0
   2.53093     34.87849    0.00000    0.00000          0
   2.54093     34.74124    0.00000    0.00000          0
   2.55093     34.60508    0.00000    0.00000          0
   2.56093     34.46998    0.00000    0.00000          0
   2.57093     34.33593    0.00000    0.00000          0
   2.58092     34.20292    0.00000    0.00000          0
   2.59092     34.07093    0.00000    0.00000          0
   2.60092     33.93996    0.00000    0.00000          0
   2.61092     33.81000    0.00000    0.00000          0
   2.62092     33.68102    0.00000    0.00000          0
   2.63092     33.55303    0.00000    0.00000          0
   2.64092     33.42601    0.00000    0.00000          0
   2.65092     33.29994    0.00000    0.00000          0
   2.66092     33.17482    0.00000    0.00000          0
   2.67092     33.05064    0.00000    0.00000          0
   2.68092     32.92739    0.00000    0.00000          0
   2.69092     32.80505    0.00000    0.00000          0
   2.70092     32.68361    0.00000    0.00000          0
   2.71092     32.56308    0.00000    0.00000          0
   2.72092     32.44343    0.00000    0.00000          0
   2.73092     32.32465    0.00000    0.00000          0
   2.74092     32.20674    0.00000    0.00000          0
   2.75092     32.08969    0.00000    0.00000          0
   2.76092     31.97349    0.00000    0.00000          0
   2.77092     31.85813    0.00000    0.00000          0
   2.78092     31.74359    0.00000    0.00000          0
   2.79092     31.62988    0.00000    0.00000          0
   2.80092     31.51698    0.00000    0.00000          0
   2.81092     31.40488    0.00000    0.00000          0
   2.82092     31.29358    0.00000    0.00000          0
   2.83092     31.18306    0.00000    0.00000          0
   2.84092     31.07332    0.00000    0.00000          0
   2.85092     30.96435    0.00000    0.00000          0
   2.86092     30.85615    0.00000    0.00000          0
   2.87092     30.74870    0.00000    0.00000          0
   2.88092     30.64199    0.00000    0.00000          0
   2.89092     30.53602    0.00000    0.00000          0
   2.90092     30.43078    0.00000    0.00000          0
   2.91092     30.32627    0.00000    0.00000          0
   2.92092     30.22247    0.00000    0.00000          0
   2.93091     30.11938    0.00000    0.00000          0
   2.94091     30.01699    0.00000    0.00000          0
   2.95091     29.91529    0.00000    0.00000          0
   2.96091     29.81428    0.00000    0.00000          0
   2.97091     29.71395    0.00000    0.00000          0
   2.98091     29.61430    0.00000    0.00000          0
   2.99091     29.51531    0.00000    0.00000          0
   3.00091     29.41698    0.00000    0.00000          0
   3.01091     29.31930    0.00000    0.00000          0
   3.02091     29.22228    0.00000    0.00000          0
   3.03091     29.12589    0.00000    0.00000          0
   3.04091     29.03013    0.00000    0.00000          0
   3.05091     28.93500    0.00000    0.00000          0
   3.06091     28.84050    0.00000    0.00000          0
   3.07091     28.74661    0.00000    0.00000          0
   3.08091     28.65333    0.00000    0.00000          0
   3.09091     28.56065    0.00000    0.00000          0
   3.10091     28.46857    0.00000    0.00000          0
   3.11091     28.37709    0.00000    0.00000          0
   3.12091     28.28618    0.00000    0.00000          0
   3.13091     28.19586    0.00000    0.00000          0
   3.14091     28.10612    0.00000    0.00000          0
   3.15091     28.01694    0.00000    0.00000          0
   3.16091     27.92833    0.00000    0.00000          0
   3.17091     27.84028    0.00000    0.00000          0
   3.18091     27.75278    0.00000    0.00000          0
   3.19091     27.66583    0.00000    0.00000          0
   3.20091     27.57943    0.00000    0.00000          0
   3.21091     27.49356    0.00000    0.00000          0
   3.22091     27.40823    0.00000    0.00000          0
   3.23091     27.32342    0.00000    0.00000          0
   3.24091     27.23914    0.00000    0.00000          0
   3.25091     27.15537    0.00000    0.00000          0
   3.26091     27.07212    0.00000    0.00000          0
   3.27090     26.98938    0.00000    0.00000          0
   3.28090     26.90714    0.00000    0.00000          0
   3.29090     26.82540    0.00000    0.00000          0
   3.30090     26.74416    0.00000    0.00000          0
   3.31090     26.66341    0.00000    0.00000          0
   3.32090     26.58315    0.00000    0.00000          0
   3.33090     26.50336    0.00000    0.00000          0
   3.34090     26.42406    0.00000    0.00000          0
   3.35090     26.34523    0.00000    0.00000          0
   3.36090     26.26686    0.00000    0.00000          0
   3.37090     26.18897   40.49949    2.84251          1
   3.38090     26.11153   36.36621    2.70308          1
   3.39090     26.03455   31.57545    2.48849          1
   3.40090     25.95802   37.90415    1.58964          1
   3.41090     25.88194   36.52469    0.90092          3
   3.42090     25.80631   37.66880    0.56027          8
   3.43090     25.73112   36.64603    0.45121         12
   3.44090     25.65636   38.72457    1.81743         19
   3.45090     25.58204   37.76431    2.70436         22
   3.46090     25.50815   38.83435    3.19216         29
   3.47090     25.43468   38.99472    0.29437         30
   3.48090     25.36163   40.42019    0.26629         38
   3.49090     25.28901   39.79011    0.23757         47
   3.50090     25.21680   40.84505    0.22051         56
   3.51090     25.14500   40.99116    1.78391         67
   3.52090     25.07360   41.89713    3.06382         77
   3.53090     25.00262   41.64065    3.31275         80
   3.54090     24.93203   42.65580    0.18184         86
   3.55090     24.86184   42.52139    0.18262         85
   3.56090     24.79205   43.34250    0.17722         92
   3.57090     24.72264   43.42090    0.17456         95
   3.58090     24.65363   44.36386    1.57145        105
   3.59090     24.58500   44.36362    1.83735        106
   3.60090     24.51674   45.40818    3.43254        105
   3.61089     24.44887   44.71601    1.87790        106
   3.62089     24.38138   45.39853    0.16978        105
   3.63089     24.31425   45.19032    0.17186        102
   3.64089     24.24749   45.65396    1.43583        113
   3.65089     24.18110   46.08368    1.43175        109
   3.66089     24.11507   46.58958    1.51316        124
   3.67089     24.04941   48.13766    1.17936        126
   3.68089     23.98409   48.96554    1.96968        136
   3.69089     23.91914   51.15600    2.45840        146
   3.70089     23.85453   53.55339    1.12800        174
   3.71089     23.79027   54.98420    1.65784        189
   3.72089     23.72636   56.26454    1.38556        223
   3.73089     23.66279   58.94204    1.16381        270
   3.74089     23.59956   59.00630    1.21928        324
   3.75089     23.53667   61.06551    1.03905        382
   3.76089     23.47411   61.03877    1.53221        451
   3.77089     23.41188   62.80748    1.23604        519
   3.78089     23.34998   62.45138    1.05835        641
   3.79089     23.28841   63.52869    1.68410        691
   3.80089     23.22717   62.98058    1.37895        850
   3.81089     23.16624   63.73495    0.89064        935
   3.82089     23.10563   63.25015    0.91180       1118
   3.83089     23.04534   63.34849    0.97184       1216
   3.84089     22.98537   62.81911    1.37542       1398
   3.85089     22.92570   63.23031    0.97485       1511
   3.86089     22.86635   62.48884    0.91599       1690
   3.87089     22.80730   63.19662    1.25941       1812
   3.88089     22.74856   62.27138    0.77561       2024
   3.89089     22.69011   62.71025    0.98723       2172
   3.90089     22.63197   62.06848    0.82560       2331
   3.91089     22.57413   62.39334    0.83258       2525
   3.92089     22.51658   61.77825    0.91839       2644
   3.93089     22.45932   61.95126    0.74934       2842
   3.94089     22.40235   61.62986    1.05002       3006
   3.95089     22.34567   61.43802    0.74680       3150
   3.96088     22.28928   61.57361    0.86775       3339
   3.97088     22.23317   61.28065    0.89530       3475
   3.98088     22.17735   61.24766    0.60862       3720
   3.99088     22.12180   61.03431    0.81041       3830
   4.00088     22.06653   60.90026    0.76149       4015
   4.01088     22.01154   60.72300    0.77274       4119
   4.02088     21.95682   60.61732    0.56115       4353
   4.03088     21.90238   60.64408    0.91917       4459
   4.04088     21.84820   60.29478    0.60259       4686
   4.05088     21.79429   60.50672    0.87922       4879
   4.06088     21.74064   60.17582    0.71852       4996
   4.07088     21.68726   60.37378    0.65148       5174
   4.08088     21.63414   59.90347    0.70222       5311
   4.09088     21.58128   60.18514    0.58824       5503
   4.10088     21.52868   59.72703    0.63532       5669
   4.11088     21.47633   59.91395    0.67145       5812
   4.12088     21.42424   59.77536    0.63634       6014
   4.13088     21.37240   59.82366    0.61924       6185
   4.14088     21.32081   59.73102    0.68903       6386
   4.15088     21.26947   59.56676    0.68545       6477
   4.16088     21.21838   59.53897    0.64587       6625
   4.17088     21.16753   59.42834    0.63564       6781
   4.18088     21.11692   59.31821    0.60878       6872
   4.19088     21.06656   59.10027    0.64323       6994
   4.20088     21.01644   59.15538    0.62627       7164
   4.21088     20.96655   59.09426    0.60799       7408
   4.22088     20.91690   59.02805    0.58610       7540
   4.23088     20.86748   58.94963    0.67866       7639
   4.24088     20.81830   58.82815    0.53665       7816
   4.25088     20.76935   58.76973    0.55433       7964
   4.26088     20.72063   58.62994    0.61289       8071
   4.27088     20.67214   58.69778    0.62949       8214
   4.28088     20.62387   58.28101    0.72942       8109
   4.29088     20.57583   58.51592    0.58672       8272
   4.30087     20.52802   58.12884    0.62577       8417
   4.31087     20.48042   58.29603    0.54821       8497
   4.32087     20.43305   57.98242    0.64557       8642
   4.33087     20.38589   58.11103    0.60516       8557
   4.34087     20.33895   57.77299    0.55843       8661
   4.35087     20.29223   57.92179    0.62017       8792
   4.36087     20.24572   57.57945    0.63745       8799
   4.37087     20.19942   57.74125    0.54536       8928
   4.38087     20.15334   57.48581    0.55198       9035
   4.39087     20.10746   57.51415    0.64039       8916
   4.40087     20.06180   57.34104    0.69912       9203
   4.41087     20.01634   57.29446    0.53848       9165
   4.42087     19.97109   57.18491    0.58468       9284
   4.43087     19.92604   57.16550    0.58079       9155
   4.44087     19.88119   56.92062    0.58628       9158
   4.45087     19.83655   56.93403    0.62113       9191
   4.46087     19.79210   56.87464    0.53872       9414
   4.47087     19.74786   56.72985    0.70181       9297
   4.48087     19.70381   56.72003    0.55097       9341
   4.49087     19.65996   56.48572    0.63003       9293
   4.50087     19.61630   56.57600    0.55603       9416
   4.51087     19.57284   56.34182    0.54916       9537
   4.52087     19.52957   56.36774    0.55318       9369
   4.53087     19.48649   56.13383    0.52137       9432
   4.54087     19.44360   56.21723    0.63658       9510
   4.55087     19.40090   56.01019    0.63020       9524
   4.56087     19.35838   56.09121    0.58745       9570
   4.57087     19.31605   55.87333    0.62313       9574
   4.58087     19.27391   55.82405    0.50308       9477
   4.59087     19.23195   55.70719    0.58874       9702
   4.60087     19.19017   55.72870    0.60542       9581
   4.61087     19.14858   55.52759    0.60983       9610
   4.62087     19.10716   55.56995    0.58043       9527
   4.63087     19.06593   55.34996    0.51820       9629
   4.64086     19.02487   55.43061    0.51289       9731
   4.65086     18.98398   55.25330    0.61328       9703
   4.66086     18.94328   55.29464    0.54694       9806
   4.67086     18.90274   55.13464    0.60875       9866
   4.68086     18.86238   55.09701    0.66286       9792
   4.69086     18.82220   54.99779    0.52929       9746
   4.70086     18.78218   54.88402    0.53623       9765
   4.71086     18.74233   54.88809    0.59433       9864
   4.72086     18.70266   54.78340    0.57032       9884
   4.73086     18.66315   54.77308    0.55010       9788
   4.74086     18.62380   54.58333    0.56673       9877
   4.75086     18.58463   54.71353    0.53359       9882
   4.76086     18.54561   54.39397    0.54329       9998
   4.77086     18.50676   54.52003    0.50964       9864
   4.78086     18.46808   54.28505    0.58756      10003
   4.79086     18.42955   54.44871    0.51976      10087
   4.80086     18.39119   54.22667    0.73868      10115
   4.81086     18.35298   54.30801    0.49669      10030
   4.82086     18.31494   54.02256    0.72686       9981
   4.83086     18.27705   54.15728    0.53838       9996
   4.84086     18.23932   53.95805    0.45644      10279
   4.85086     18.20174   54.01424    0.59747      10141
   4.86086     18.16432   53.81111    0.51620      10049
   4.87086     18.12705   53.84281    0.55662       9969
   4.88086     18.08993   53.76763    0.49424      10161
   4.89086     18.05297   53.80916    0.65043      10352
   4.90086     18.01616   53.67358    0.57797      10260
   4.91086     17.97949   53.63681    0.49156      10252
   4.92086     17.94298   53.56966    0.56701      10226
   4.93086     17.90661   53.56504    0.69436      10353
   4.94086     17.87040   53.45331    0.50218      10222
   4.95086     17.83432   53.41412    0.51570      10298
   4.96086     17.79840   53.37181    0.54689      10306
   4.97086     17.76261   53.30572    0.51093      10339
   4.98086     17.72698   53.28500    0.51782      10410
   4.99085     17.69148   53.27237    0.60188      10430
   5.00085     17.65613   53.10982    0.49396      10476
   5.01085     17.62092   53.25457    0.58781      10461
   5.02085     17.58584   53.00296    0.52685      10455
   5.03085     17.55091   53.11872    0.54322      10385
   5.04085     17.51612   52.98904    0.49835      10624
   5.05085     17.48146   53.07628    0.59799      10499
   5.06085     17.44694   52.84873    0.54908      10572
   5.07085     17.41256   52.98533    0.50432      10458
   5.08085     17.37831   52.74513    0.55586      10568
   5.09085     17.34420   52.95488    0.53203      10684
   5.10085     17.31022   52.70173    0.54433      10642
   5.11085     17.27637   52.80268    0.48096      10642
   5.12085     17.24266   52.70928    0.53326      10642
   5.13085     17.20908   52.62255    0.50683      10623
   5.14085     17.17562   52.66187    0.60764      10789
   5.15085     17.14230   52.62600    0.58666      10765
   5.16085     17.10911   52.61261    0.46026      10801
   5.17085     17.07605   52.54296    0.61743      10833
   5.18085     17.04311   52.43820    0.51118      10624
   5.19085     17.01030   52.47697    0.46661      10748
   5.20085     16.97762   52.42038    0.51211      10876
   5.21085     16.94506   52.45815    0.58599      10852
   5.22085     16.91262   52.27587    0.54806      10964
   5.23085     16.88032   52.42385    0.48862      10870
   5.24085     16.84813   52.19623    0.61079      10922
   5.25085     16.81607   52.38094    0.50959      10972
   5.26085     16.78413   52.11240    0.54152      10873
   5.27085     16.75231   52.23243    0.45215      10941
   5.28085     16.72061   52.08529    0.50525      11026
   5.29085     16.68903   52.19414    0.50978      11078
   5.30085     16.65757   52.07252    0.54476      11119
   5.31085     16.62622   52.06806    0.59856      10960
   5.32085     16.59500   52.05410    0.49051      11171
   5.33084     16.56389   51.95762    0.50416      11073
   5.34084     16.53290   51.97028    0.57730      11111
   5.35084     16.50203   51.94125    0.48624      11088
   5.36084     16.47127   51.82721    0.55444      11235
   5.37084     16.44062   51.81522    0.46119      11105
   5.38084     16.41009   51.76108    0.48483      11199
   5.39084     16.37968   51.81021    0.49397      11207
   5.40084     16.34937   51.71152    0.60383      11331
   5.41084     16.31918   51.73210    0.53213      11336
   5.42084     16.28910   51.61567    0.50650      11386
   5.43084     16.25913   51.58044    0.50632      11155
   5.44084     16.22927   51.57370    0.48870      11330
   5.45084     16.19952   51.49703    0.55453      11436
   5.46084     16.16988   51.51507    0.47740      11328
   5.47084     16.14034   51.39996    0.53550      11464
   5.48084     16.11092   51.44012    0.50901      11288
   5.49084     16.08160   51.25784    0.53058      11481
   5.50084     16.05239   51.34495    0.47281      11415
   5.51084     16.02328   51.17068    0.46728      11441
   5.52084     15.99428   51.24854    0.46789      11496
   5.53084     15.96539   51.09803    0.58490      11570
   5.54084     15.93660   51.17138    0.57474      11651
   5.55084     15.90791   51.05018    0.48850      11583
   5.56084     15.87932   51.05152    0.48747      11579
   5.57084     15.85084   51.00851    0.49982      11590
   5.58084     15.82246   50.87891    0.51464      11531
   5.59084     15.79419   50.83771    0.49140      11620
   5.60084     15.76601   50.90998    0.47831      11771
   5.61084     15.73793   50.76903    0.52259      11648
   5.62084     15.70996   50.77571    0.45352      11653
   5.63084     15.68208   50.69325    0.49226      11685
   5.64084     15.65430   50.78726    0.53886      11790
   5.65084     15.62662   50.68162    0.55745      11947
   5.66084     15.59904   50.62587    0.48305      11787
   5.67083     15.57156   50.62659    0.48630      11791
   5.68083     15.54417   50.50790    0.52641      11766
   5.69083     15.51688   50.60396    0.47589      11766
   5.70083     15.48968   50.53077    0.47474      12015
   5.71083     15.46258   50.57984    0.46419      11868
   5.72083     15.43558   50.49073    0.53559      11980
   5.73083     15.40867   50.45256    0.51317      11866
   5.74083     15.38185   50.38294    0.56761      11815
   5.75083     15.35513   50.44760    0.39916      12057
   5.76083     15.32850   50.43702    0.51288      12121
   5.77083     15.30196   50.36651    0.49657      12040
   5.78083     15.27551   50.37620    0.56927      12065
   5.79083     15.24915   50.34349    0.49382      12035
   5.80083     15.22289   50.35231    0.50765      12132
   5.81083     15.19671   50.36550    0.44592      12062
   5.82083     15.17063   50.25660    0.51389      12101
   5.83083     15.14464   50.30395    0.42666      12156
   5.84083     15.11873   50.22928    0.47428      12037
   5.85083     15.09291   50.23114    0.52194      12282
   5.86083     15.06718   50.30349    0.51253      12203
   5.87083     15.04154   50.16311    0.50878      12379
   5.88083     15.01599   50.28251    0.46472      12250
   5.89083     14.99052   50.09592    0.51110      12343
   5.90083     14.96514   50.10411    0.51097      12147
   5.91083     14.93985   50.19236    0.45846      12361
   5.92083     14.91464   50.09368    0.45073      12379
   5.93083     14.88951   50.14766    0.46098      12363
   5.94083     14.86447   49.98853    0.51225      12401
   5.95083     14.83952   50.08832    0.46321      12265
   5.96083     14.81464   50.04414    0.51813      12519
   5.97083     14.78985   50.08529    0.52377      12545
   5.98083     14.76515   49.96331    0.46154      12474
   5.99083     14.74053   49.94099    0.45454      12448
   6.00083     14.71599   49.87299    0.52138      12473
   6.01083     14.69153   49.91316    0.45757      12485
   6.02082     14.66715   49.91947    0.48938      12749
   6.03082     14.64285   49.90983    0.45242      12588
   6.04082     14.61863   49.78761    0.59576      12509
   6.05082     14.59450   49.74288    0.44819      12520
   6.06082     14.57044   49.79763    0.44321      12613
   6.07082     14.54646   49.71563    0.45049      12652
   6.08082     14.52256   49.83863    0.47724      12760
   6.09082     14.49874   49.64911    0.48292      12929
   6.10082     14.47500   49.73374    0.54475      12588
   6.11082     14.45134   49.55553    0.51075      12761
   6.12082     14.42775   49.62038    0.43843      12811
   6.13082     14.40424   49.64138    0.47752      12791
   6.14082     14.38081   49.52932    0.48023      12837
   6.15082     14.35745   49.59566    0.42082      12762
   6.16082     14.33417   49.48024    0.52151      12846
   6.17082     14.31096   49.48890    0.44903      12749
   6.18082     14.28783   49.49259    0.44149      12875
   6.19082     14.26478   49.46656    0.46642      13085
   6.20082     14.24179   49.46693    0.47976      13151
   6.21082     14.21889   49.36533    0.52579      12904
   6.22082     14.19605   49.38696    0.47825      13046
   6.23082     14.17329   49.37994    0.45695      12947
   6.24082     14.15060   49.29817    0.44876      13150
   6.25082     14.12799   49.28813    0.41116      13197
   6.26082     14.10545   49.32691    0.47778      13141
   6.27082     14.08298   49.28425    0.46986      13350
   6.28082     14.06058   49.31723    0.46190      13153
   6.29082     14.03825   49.08090    0.53111      13201
   6.30082     14.01599   49.20332    0.43154      13360
   6.31082     13.99381   49.16182    0.41724      13351
   6.32082     13.97169   49.13426    0.44306      13507
   6.33082     13.94964   49.21483    0.51914      13538
   6.34082     13.92767   49.01124    0.43811      13563
   6.35082     13.90576   49.11878    0.48128      13473
   6.36081     13.88392   49.00064    0.44898      13495
   6.37081     13.86215   49.01553    0.43908      13704
   6.38081     13.84045   48.99625    0.42678      13675
   6.39081     13.81881   48.93226    0.50403      13731
   6.40081     13.79725   49.01930    0.47415      13770
   6.41081     13.77575   48.93941    0.41616      13802
   6.42081     13.75432   48.92183    0.44717      13847
   6.43081     13.73295   48.89231    0.44471      14099
   6.44081     13.71165   48.93018    0.43533      14000
   6.45081     13.69042   48.77928    0.45610      13856
   6.46081     13.66925   48.86670    0.51028      13864
   6.47081     13.64815   48.80719    0.41893      14111
   6.48081     13.62712   48.72417    0.46612      14079
   6.49081     13.60615   48.83833    0.40668      14147
   6.50081     13.58524   48.67877    0.47418      14243
   6.51081     13.56440   48.77802    0.43027      14198
   6.52081     13.54362   48.63400    0.46451      14248
   6.53081     13.52290   48.60474    0.43940      14191
   6.54081     13.50225   48.77659    0.44610      14405
   6.55081     13.48166   48.60270    0.40464      14505
   6.56081     13.46114   48.64351    0.44971      14386
   6.57081     13.44067   48.52543    0.51696      14365
   6.58081     13.42027   48.62457    0.45278      14517
   6.59081     13.39993   48.60157    0.40675      14645
   6.60081     13.37966   48.47811    0.40865      14472
   6.61081     13.35944   48.47504    0.43249      14637
   6.62081     13.33928   48.49540    0.46331      14637
   6.63081     13.31919   48.49882    0.42312      14730
   6.64081     13.29916   48.47455    0.48660      14898
   6.65081     13.27918   48.48887    0.42985      14730
   6.66081     13.25927   48.39967    0.45072      14891
   6.67081     13.23942   48.41332    0.40012      14988
   6.68081     13.21962   48.37184    0.45677      14691
   6.69081     13.19989   48.39068    0.39520      14994
   6.70080     13.18021   48.47928    0.40965      14991
   6.71080     13.16059   48.34381    0.44226      15262
   6.72080     13.14103   48.34252    0.45495      15102
   6.73080     13.12153   48.35631    0.47670      14877
   6.74080     13.10209   48.28420    0.41448      15387
   6.75080     13.08271   48.34206    0.45468      15135
   6.76080     13.06338   48.29373    0.41980      15291
   6.77080     13.04411   48.30477    0.39981      15341
   6.78080     13.02489   48.25518    0.41923      15348
   6.79080     13.00574   48.21321    0.43715      15317
   6.80080     12.98664   48.30567    0.42334      15522
   6.81080     12.96759   48.25090    0.39313      15440
   6.82080     12.94860   48.24311    0.45659      15549
   6.83080     12.92967   48.10439    0.44353      15555
   6.84080     12.91079   48.16786    0.42857      15604
   6.85080     12.89197   48.11388    0.41664      15476
   6.86080     12.87320   48.15221    0.39550      15762
   6.87080     12.85449   48.18761    0.40044      15785
   6.88080     12.83583   48.07336    0.44287      15860
   6.89080     12.81722   48.05459    0.48178      15676
   6.90080     12.79867   48.06699    0.45751      15799
   6.91080     12.78018   47.99760    0.37399      15860
   6.92080     12.76173   48.08996    0.41959      15938
   6.93080     12.74334   48.01179    0.41431      16031
   6.94080     12.72501   47.98825    0.38940      15956
   6.95080     12.70672   47.99344    0.41919      15836
   6.96080     12.68849   47.94068    0.42630      16259
   6.97080     12.67031   47.97625    0.45966      16095
   6.98080     12.65218   47.91902    0.40036      16125
   6.99080     12.63411   47.91588    0.39941      16304
   7.00080     12.61608   47.81164    0.43161      16298
   7.01080     12.59811   47.86019    0.46135      16322
   7.02080     12.58019   47.85622    0.42987      16271
   7.03080     12.56232   47.81317    0.35844      16519
   7.04080     12.54450   47.78254    0.38387      16422
   7.05079     12.52673   47.74997    0.39137      16468
   7.06079     12.50901   47.77161    0.39091      16593
   7.07079     12.49135   47.78594    0.43399      16617
   7.08079     12.47373   47.68458    0.46348      16858
   7.09079     12.45616   47.71047    0.40844      16758
   7.10079     12.43864   47.62751    0.41037      16863
   7.11079     12.42117   47.61603    0.37197      16871
   7.12079     12.40375   47.64071    0.40840      16861
   7.13079     12.38638   47.52296    0.42593      16837
   7.14079     12.36906   47.52738    0.45342      16920
   7.15079     12.35178   47.56177    0.32215      17165
   7.16079     12.33455   47.41657    0.38931      17136
   7.17079     12.31738   47.54058    0.43251      17225
   7.18079     12.30025   47.52103    0.39456      17287
   7.19079     12.28316   47.46115    0.42699      17370
   7.20079     12.26613   47.47388    0.42491      17319
   7.21079     12.24914   47.41999    0.38916      17277
   7.22079     12.23220   47.34967    0.36876      17209
   7.23079     12.21531   47.32155    0.39452      17474
   7.24079     12.19846   47.32687    0.40699      17181
   7.25079     12.18166   47.28336    0.42463      17066
   7.26079     12.16490   47.25613    0.41184      17256
   7.27079     12.14819   47.26254    0.36674      17130
   7.28079     12.13153   47.14948    0.36232      17292
   7.29079     12.11492   47.12988    0.36515      17189
   7.30079     12.09834   47.13056    0.39600      16967
   7.31079     12.08182   46.97977    0.40335      17156
   7.32079     12.06534   47.05496    0.37923      17120
   7.33079     12.04890   47.01838    0.44847      16989
   7.34079     12.03251   46.89183    0.41585      16985
   7.35079     12.01617   46.98486    0.37543      17055
   7.36079     11.99986   46.92375    0.41260      16832
   7.37079     11.98361   46.84395    0.39370      16874
   7.38079     11.96739   46.80490    0.37595      16852
   7.39078     11.95122   46.81825    0.34387      17052
   7.40078     11.93510   46.82997    0.36294      16964
   7.41078     11.91902   46.72728    0.42163      16925
   7.42078     11.90298   46.76393    0.38761      16995
   7.43078     11.88698   46.69812    0.41261      16982
   7.44078     11.87103   46.68425    0.43847      16977
   7.45078     11.85512   46.75354    0.41010      17035
   7.46078     11.83925   46.60581    0.39856      17017
   7.47078     11.82343   46.62532    0.35708      17019
   7.48078     11.80765   46.70359    0.41832      16708
   7.49078     11.79191   46.51514    0.35593      16979
   7.50078     11.77621   46.59473    0.41238      17007
   7.51078     11.76055   46.64832    0.35604      17054
   7.52078     11.74494   46.48983    0.41959      17059
   7.53078     11.72936   46.53711    0.37099      16925
   7.54078     11.71383   46.50055    0.39177      16871
   7.55078     11.69834   46.49328    0.40158      17144
   7.56078     11.68289   46.52460    0.38686      17228
   7.57078     11.66748   46.51973    0.44214      17230
   7.58078     11.65212   46.48348    0.37564      17025
   7.59078     11.63679   46.43679    0.40639      16955
   7.60078     11.62150   46.36355    0.36012      16859
   7.61078     11.60625   46.47088    0.38989      17176
   7.62078     11.59105   46.41897    0.46883      17174
   7.63078     11.57588   46.41314    0.32714      17172
   7.64078     11.56075   46.41020    0.35269      17145
   7.65078     11.54567   46.33460    0.38882      17137
   7.66078     11.53062   46.32936    0.37040      17035
   7.67078     11.51561   46.40920    0.44526      17302
   7.68078     11.50064   46.33685    0.42045      17361
   7.69078     11.48571   46.38158    0.38429      17392
   7.70078     11.47081   46.37911    0.41882      17111
   7.71078     11.45596   46.20337    0.42421      17215
   7.72078     11.44115   46.34262    0.33644      17168
   7.73078     11.42637   46.36843    0.39123      17432
   7.74077     11.41163   46.26211    0.37339      17416
   7.75077     11.39693   46.32818    0.35167      17470
   7.76077     11.38227   46.26544    0.37217      17413
   7.77077     11.36764   46.24114    0.38680      17290
   7.78077     11.35306   46.30715    0.41961      17385
   7.79077     11.33851   46.25588    0.40414      17715
   7.80077     11.32399   46.33490    0.41587      17616
   7.81077     11.30952   46.26268    0.38540      17804
   7.82077     11.29508   46.24240    0.38121      17574
   7.83077     11.28068   46.33444    0.35989      17487
   7.84077     11.26632   46.19418    0.37753      17539
   7.85077     11.25199   46.22776    0.36676      17789
   7.86077     11.23770   46.30841    0.39716      17561
   7.87077     11.22344   46.23053    0.35727      17794
   7.88077     11.20922   46.18646    0.36632      17666
   7.89077     11.19504   46.27623    0.42590      17796
   7.90077     11.18089   46.21560    0.35318      17850
   7.91077     11.16678   46.21179    0.40709      17985
   7.92077     11.15271   46.22951    0.37150      18039
   7.93077     11.13867   46.17998    0.41779      17833
   7.94077     11.12466   46.17889    0.40484      17953
   7.95077     11.11069   46.18259    0.35233      17856
   7.96077     11.09676   46.18029    0.39831      17831
   7.97077     11.08286   46.19216    0.35523      18205
   7.98077     11.06900   46.12238    0.39812      17958
   7.99077     11.05517   46.13316    0.34104      18166
   8.00077     11.04137   46.20669    0.35826      18079
   8.01077     11.02761   46.10715    0.37432      18171
   8.02077     11.01389   46.10692    0.39894      18007
   8.03077     11.00020   46.19690    0.38840      18226
   8.04077     10.98654   46.09476    0.39503      18379
   8.05077     10.97291   46.06762    0.40177      18309
   8.06077     10.95932   46.20186    0.39362      18377
   8.07077     10.94577   46.10881    0.37519      18298
   8.08076     10.93224   46.08040    0.33943      18209
   8.09076     10.91876   46.15995    0.37673      18228
   8.10076     10.90530   46.06254    0.37569      18395
   8.11076     10.89188   46.07816    0.34820      18491
   8.12076     10.87849   46.14250    0.36252      18463
   8.13076     10.86513   46.09984    0.36507      18563
   8.14076     10.85181   46.10614    0.43516      18460
   8.15076     10.83852   46.14939    0.38336      18504
   8.16076     10.82526   45.99196    0.35559      18588
   8.17076     10.81203   46.13548    0.41106      18655
   8.18076     10.79884   46.18822    0.35900      18757
   8.19076     10.78568   46.04771    0.36576      18675
   8.20076     10.77255   46.07654    0.36758      18691
   8.21076     10.75945   46.12772    0.37309      18574
   8.22076     10.74638   46.01288    0.39585      18629
   8.23076     10.73335   46.09970    0.31478      18869
   8.24076     10.72035   46.12568    0.40733      18711
   8.25076     10.70738   46.06262    0.36358      18962
   8.26076     10.69444   46.09324    0.40824      18888
   8.27076     10.68153   46.08946    0.35048      18904
   8.28076     10.66866   46.02562    0.37393      18792
   8.29076     10.65581   46.11327    0.35931      19204
   8.30076     10.64300   46.16929    0.40275      19029
   8.31076     10.63021   46.04958    0.39311      18934
   8.32076     10.61746   46.07204    0.35978      18980
   8.33076     10.60474   46.08554    0.35385      18967
   8.34076     10.59205   46.07714    0.37735      19024
   8.35076     10.57939   46.09424    0.33512      19255
   8.36076     10.56675   46.12418    0.36415      19063
   8.37076     10.55415   46.08811    0.39306      19223
   8.38076     10.54158   46.07545    0.33454      19309
   8.39076     10.52904   46.08418    0.39932      19048
   8.40076     10.51653   46.08285    0.41833      19402
   8.41076     10.50405   46.10101    0.34396      19390
   8.42075     10.49160   46.14295    0.35371      19453
   8.43075     10.47918   46.08384    0.39964      19371
   8.44075     10.46679   46.05310    0.35322      19377
   8.45075     10.45442   46.08648    0.35633      19260
   8.46075     10.44209   46.08310    0.35908      19435
   8.47075     10.42979   46.08687    0.33468      19426
   8.48075     10.41751   46.11484    0.39374      19445
   8.49075     10.40526   46.05135    0.35547      19648
   8.50075     10.39305   46.05551    0.37209      19617
   8.51075     10.38086   46.06128    0.36587      19417
   8.52075     10.36870   46.06654    0.38828      19740
   8.53075     10.35656   46.10120    0.34881      19811
   8.54075     10.34446   46.11308    0.36026      19779
   8.55075     10.33239   46.08087    0.41121      19684
   8.56075     10.32034   46.02103    0.33022      19702
   8.57075     10.30832   46.05668    0.34599      19760
   8.58075     10.29633   46.05257    0.38282      19680
   8.59075     10.28437   46.05752    0.34412      19848
   8.60075     10.27243   46.09306    0.35433      19788
   8.61075     10.26053   46.03113    0.38210      19931
   8.62075     10.24865   46.01105    0.35211      19908
   8.63075     10.23680   46.05064    0.37468      20012
   8.64075     10.22497   46.06193    0.35335      19979
   8.65075     10.21317   46.09396    0.38695      20158
   8.66075     10.20140   46.08285    0.33550      20186
   8.67075     10.18966   46.06220    0.42238      20026
   8.68075     10.17795   46.07607    0.37045      19999
   8.69075     10.16626   46.01914    0.32287      20208
   8.70075     10.15460   46.05854    0.33815      20082
   8.71075     10.14296   46.12066    0.35434      20100
   8.72075     10.13135   46.04253    0.39452      20114
   8.73075     10.11977   46.09082    0.31918      20289
   8.74075     10.10822   46.05869    0.35472      20312
   8.75075     10.09669   46.08471    0.41279      20443
   8.76075     10.08519   46.08291    0.34481      20370
   8.77074     10.07371   46.14051    0.36803      20418
   8.78074     10.06226   46.09782    0.36767      20456
   8.79074     10.05084   46.09652    0.36187      20385
   8.80074     10.03944   46.07951    0.38254      20447
   8.81074     10.02807   46.07648    0.33491      20417
   8.82074     10.01672   46.10147    0.33435      20539
   8.83074     10.00540   46.11040    0.33149      20444
   8.84074      9.99411   46.11759    0.37704      20623
   8.85074      9.98284   46.07987    0.36574      20445
   8.86074      9.97159   46.03098    0.36146      20643
   8.87074      9.96038   46.10000    0.34940      20712
   8.88074      9.94918   46.10995    0.33984      20773
   8.89074      9.93801   46.06963    0.39520      20706
   8.90074      9.92687   46.08396    0.38143      20804
   8.91074      9.91575   46.06623    0.31189      20815
   8.92074      9.90466   46.02285    0.39321      20627
   8.93074      9.89359   46.06221    0.33060      20624
   8.94074      9.88255   46.05469    0.35729      20863
   8.95074      9.87153   46.03270    0.37511      20618
   8.96074      9.86054   46.03158    0.31083      20882
   8.97074      9.84957   46.00710    0.38401      20910
   8.98074      9.83863   46.04013    0.35661      20914
   8.99074      9.82771   46.00337    0.36195      20852
   9.00074      9.81681   46.05328    0.34269      20830
   9.01074      9.80594   46.03415    0.39332      21045
   9.02074      9.79509   45.96642    0.34413      21117
   9.03074      9.78427   46.06026    0.35502      21008
   9.04074      9.77347   45.97037    0.36671      20843
   9.05074      9.76269   46.00409    0.33931      21002
   9.06074      9.75194   46.09215    0.31744      20970
   9.07074      9.74121   45.99118    0.36509      20936
   9.08074      9.73051   45.99386    0.35004      20981
   9.09074      9.71982   46.01347    0.31602      21138
   9.10074      9.70917   46.00687    0.39784      21126
   9.11073      9.69853   46.05010    0.36765      21121
   9.12073      9.68792   46.06650    0.36957      21110
   9.13073      9.67733   46.03975    0.35404      21390
   9.14073      9.66677   46.04630    0.33801      21353
   9.15073      9.65623   46.04963    0.38033      21124
   9.16073      9.64571   46.04867    0.34736      21145
   9.17073      9.63522   46.09468    0.34081      21216
   9.18073      9.62474   46.11207    0.32681      21187
   9.19073      9.61429   46.10288    0.33763      21044
   9.20073      9.60387   46.03949    0.36565      21414
   9.21073      9.59346   46.06065    0.33562      21249
   9.22073      9.58308   46.11108    0.35044      21417
   9.23073      9.57272   46.12494    0.35809      21467
   9.24073      9.56239   46.18529    0.38619      21475
   9.25073      9.55207   46.09009    0.34193      21516
   9.26073      9.54178   46.11805    0.33228      21550
   9.27073      9.53151   46.15842    0.38501      21395
   9.28073      9.52126   46.10861    0.34823      21311
   9.29073      9.51104   46.15827    0.33001      21456
   9.30073      9.50083   46.18635    0.32885      21382
   9.31073      9.49065   46.14210    0.32965      21497
   9.32073      9.48049   46.13401    0.35492      21575
   9.33073      9.47036   46.13109    0.36283      21536
   9.34073      9.46024   46.16401    0.34799      21407
   9.35073      9.45014   46.17503    0.35040      21845
   9.36073      9.44007   46.21413    0.35831      21765
   9.37073      9.43002   46.15662    0.35812      21752
   9.38073      9.41999   46.16651    0.33431      21742
   9.39073      9.40998   46.22439    0.39054      21681
   9.40073      9.40000   46.12733    0.34465      21533
   9.41073      9.39003   46.23167    0.30899      21590
   9.42073      9.38008   46.19907    0.33549      21746
   9.43073      9.37016   46.17263    0.35518      21703
   9.44073      9.36026   46.18938    0.34794      21881
   9.45072      9.35038   46.16541    0.38375      21843
   9.46072      9.34052   46.19286    0.32646      21784
   9.47072      9.33068   46.24302    0.34281      21651
   9.48072      9.32086   46.21891    0.35266      22148
   9.49072      9.31106   46.18808    0.37051      22022
   9.50072      9.30128   46.19085    0.32436      22137
   9.51072      9.29152   46.23969    0.37463      21947
   9.52072      9.28179   46.16767    0.32399      21802
   9.53072      9.27207   46.26429    0.34180      21614
   9.54072      9.26238   46.20962    0.33082      21949
   9.55072      9.25270   46.18366    0.33141      22002
   9.56072      9.24305   46.23562    0.33624      22048
   9.57072      9.23341   46.18941    0.34926      22364
   9.58072      9.22380   46.19901    0.37667      21992
   9.59072      9.21420   46.28800    0.33182      22064
   9.60072      9.20463   46.19513    0.36396      22093
   9.61072      9.19507   46.22080    0.36990      22140
   9.62072      9.18554   46.20792    0.32673      22437
   9.63072      9.17602   46.24441    0.35328      22188
   9.64072      9.16653   46.18795    0.33015      22038
   9.65072      9.15705   46.26839    0.33590      21854
   9.66072      9.14760   46.19886    0.32227      22246
   9.67072      9.13816   46.21845    0.34711      21982
   9.68072      9.12874   46.20028    0.32252      22291
   9.69072      9.11934   46.22128    0.34780      22467
   9.70072      9.10997   46.23169    0.37954      22102
   9.71072      9.10061   46.25733    0.35457      22325
   9.72072      9.09127   46.23905    0.36716      22406
   9.73072      9.08195   46.20986    0.33809      22372
   9.74072      9.07265   46.18946    0.33409      22277
   9.75072      9.06337   46.26807    0.34021      22281
   9.76072      9.05410   46.19475    0.33896      22278
   9.77072      9.04486   46.28125    0.32013      21937
   9.78072      9.03563   46.21584    0.32809      22297
   9.79072      9.02643   46.21316    0.32467      22353
   9.80071      9.01724   46.23035    0.37008      22429
   9.81071      9.00807   46.21230    0.33861      22404
   9.82071      8.99892   46.23261    0.37563      22363
   9.83071      8.98979   46.26199    0.34560      22259
   9.84071      8.98068   46.25381    0.35496      22625
   9.85071      8.97158   46.20655    0.32157      22597
   9.86071      8.96251   46.24420    0.34713      22612
   9.87071      8.95345   46.19875    0.31886      22300
   9.88071      8.94441   46.23772    0.37331      22165
   9.89071      8.93539   46.20916    0.31111      22076
   9.90071      8.92639   46.24211    0.34992      22488
   9.91071      8.91741   46.20406    0.30376      22533
   9.92071      8.90844   46.18815    0.37597      22608
   9.93071      8.89949   46.20846    0.33501      22637
   9.94071      8.89056   46.21455    0.35970      22517
   9.95071      8.88165   46.24406    0.34088      22439
   9.96071      8.87276   46.19000    0.39073      22428
   9.97071      8.86388   46.18992    0.31000      22756
   9.98071      8.85502   46.16845    0.34033      22778
   9.99071      8.84618   46.23507    0.35176      22429
  10.00071      8.83736   46.15035    0.33842      22328
  10.01071      8.82855   46.21571    0.31121      22310
  10.02071      8.81977   46.18886    0.32868      22411
  10.03071      8.81100   46.17666    0.32637      22552
  10.04071      8.80224   46.18922    0.34483      22803
  10.05071      8.79351   46.16469    0.36128      22974
  10.06071      8.78479   46.21967    0.36653      22674
  10.07071      8.77609   46.18954    0.32851      22745
  10.08071      8.76741   46.24006    0.39651      22438
  10.09071      8.75874   46.17128    0.32370      22792
  10.10071      8.75009   46.18589    0.32288      22923
  10.11071      8.74146   46.21726    0.32981      22476
  10.12071      8.73285   46.19065    0.33501      22516
  10.13071      8.72425   46.20668    0.31620      22712
  10.14070      8.71567   46.27970    0.31449      22474
  10.15070      8.70710   46.18348    0.34056      22692
  10.16070      8.69856   46.21156    0.33496      22894
  10.17070      8.69003   46.22209    0.41191      22905
  10.18070      8.68151   46.24568    0.34435      22883
  10.19070      8.67302   46.28152    0.34882      22835
  10.20070      8.66454   46.24714    0.32399      22810
  10.21070      8.65608   46.27843    0.34495      22837
  10.22070      8.64763   46.20683    0.32867      22959
  10.23070      8.63920   46.31827    0.33251      22525
  10.24070      8.63079   46.27001    0.31877      22720
  10.25070      8.62239   46.28915    0.31992      22700
  10.26070      8.61401   46.29629    0.32667      22912
  10.27070      8.60564   46.29300    0.34436      22800
  10.28070      8.59730   46.25608    0.36300      23014
  10.29070      8.58896   46.29855    0.33224      22930
  10.30070      8.58065   46.29361    0.36822      23042
  10.31070      8.57235   46.35872    0.34015      23047
  10.32070      8.56407   46.31656    0.32386      23004
  10.33070      8.55580   46.33548    0.35352      22973
  10.34070      8.54755   46.27408    0.32292      23013
  10.35070      8.53931   46.33115    0.33296      22544
  10.36070      8.53109   46.32622    0.30822      22847
  10.37070      8.52289   46.30626    0.33583      22972
  10.38070      8.51470   46.33114    0.31802      23069
  10.39070      8.50653   46.32390    0.34700      22977
  10.40070      8.49837   46.29729    0.34297      23066
  10.41070      8.49023   46.26258    0.35686      23118
  10.42070      8.48211   46.31704    0.34486      23138
  10.43070      8.47400   46.29663    0.37500      23008
  10.44070      8.46591   46.29833    0.31622      23336
  10.45070      8.45783   46.28977    0.34521      23244
  10.46070      8.44976   46.24073    0.31288      22860
  10.47070      8.44172   46.27911    0.32197      22811
  10.48069      8.43369   46.23811    0.32402      22893
  10.49069      8.42567   46.22698    0.30853      23233
  10.50069      8.41767   46.23763    0.33428      23041
  10.51069      8.40968   46.21428    0.34062      23318
  10.52069      8.40171   46.21930    0.34281      23162
  10.53069      8.39376   46.18023    0.36535      23282
  10.54069      8.38581   46.17666    0.35353      23247
  10.55069      8.37789   46.16357    0.35522      23186
  10.56069      8.36998   46.16391    0.32322      23545
  10.57069      8.36208   46.15884    0.31872      23210
  10.58069      8.35420   46.12648    0.31880      22888
  10.59069      8.34634   46.17299    0.30871      22923
  10.60069      8.33849   46.10766    0.33556      23341
  10.61069      8.33065   46.10997    0.31512      23211
  10.62069      8.32283   46.09026    0.33416      23377
  10.63069      8.31502   46.11077    0.34883      23383
  10.64069      8.30723   46.10265    0.32685      23245
  10.65069      8.29945   46.08476    0.37435      23290
  10.66069      8.29169   46.07581    0.37655      23646
  10.67069      8.28394   46.06865    0.31633      23476
  10.68069      8.27621   46.07836    0.31538      23457
  10.69069      8.26849   46.05922    0.32847      23293
  10.70069      8.26079   46.09185    0.32881      22912
  10.71069      8.25310   46.13176    0.29158      23053
  10.72069      8.24542   46.05661    0.33169      23359
  10.73069      8.23776   46.09172    0.33395      23563
  10.74069      8.23011   46.06409    0.33149      23430
  10.75069      8.22248   46.09140    0.33618      23518
  10.76069      8.21486   46.08085    0.34745      23579
  10.77069      8.20726   46.11811    0.33908      23698
  10.78069      8.19967   46.10409    0.36632      23412
  10.79069      8.19209   46.10643    0.34655      23700
  10.80069      8.18453   46.09920    0.31787      23488
  10.81069      8.17698   46.12266    0.31041      23193
  10.82069      8.16945   46.13007    0.30578      23267
  10.83068      8.16193   46.15405    0.32777      23445
  10.84068      8.15442   46.15695    0.32957      23509
  10.85068      8.14693   46.12797    0.31672      23445
  10.86068      8.13945   46.15704    0.31720      23631
  10.87068      8.13198   46.12449    0.36406      23664
  10.88068      8.12453   46.12736    0.32612      23649
  10.89068      8.11710   46.17705    0.35890      23844
  10.90068      8.10967   46.16123    0.35746      23849
  10.91068      8.10226   46.19296    0.32766      23658
  10.92068      8.09487   46.16755    0.34203      23546
  10.93068      8.08748   46.14799    0.30736      23459
  10.94068      8.08011   46.16944    0.29105      23207
  10.95068      8.07276   46.20238    0.33425      23495
  10.96068      8.06541   46.18996    0.30180      23747
  10.97068      8.05809   46.19467    0.34050      23765
  10.98068      8.05077   46.17649    0.32981      23823
  10.99068      8.04347   46.17719    0.34039      23846
  11.00068      8.03618   46.17856    0.32928      23955
  11.01068      8.02890   46.17429    0.36084      23751
  11.02068      8.02164   46.18865    0.36721      23656
  11.03068      8.01439   46.20298    0.32670      24132
  11.04068      8.00715   46.20794    0.31625      23446
  11.05068      7.99993   46.17896    0.29844      23680
  11.06068      7.99272   46.21807    0.31578      23568
  11.07068      7.98552   46.22705    0.31488      23796
  11.08068      7.97834   46.18000    0.32119      23773
  11.09068      7.97117   46.17628    0.33078      23738
  11.10068      7.96401   46.19781    0.32895      23777
  11.11068      7.95686   46.18657    0.35533      24018
  11.12068      7.94973   46.18839    0.35636      24109
  11.13068      7.94261   46.18075    0.30948      24137
  11.14068      7.93551   46.17811    0.36211      24137
  11.15068      7.92841   46.17278    0.32142      23826
  11.16068      7.92133   46.19914    0.32750      23671
  11.17067      7.91426   46.17998    0.29511      23482
  11.18067      7.90721   46.20808    0.29035      23661
  11.19067      7.90016   46.18993    0.31962      24144
  11.20067      7.89313   46.14630    0.35264      23976
  11.21067      7.88611   46.14422    0.35452      24112
  11.22067      7.87911   46.14256    0.30360      24157
  11.23067      7.87212   46.13360    0.33570      23944
  11.24067      7.86514   46.15666    0.34793      24023
  11.25067      7.85817   46.12401    0.32816      24211
  11.26067      7.85121   46.10319    0.35098      24268
  11.27067      7.84427   46.11036    0.30590      23874
  11.28067      7.83734   46.08930    0.32285      23915
  11.29067      7.83042   46.11092    0.31952      23882
  11.30067      7.82351   46.09474    0.29404      23845
  11.31067      7.81662   46.11735    0.34503      23970
  11.32067      7.80974   46.05573    0.33462      24201
  11.33067      7.80287   46.06259    0.30015      24170
  11.34067      7.79601   46.04501    0.33410      24280
  11.35067      7.78916   46.03053    0.33578      24377
  11.36067      7.78233   46.02232    0.34549      24279
  11.37067      7.77551   46.02825    0.31023      24281
  11.38067      7.76870   46.04330    0.35559      23980
  11.39067      7.76190   46.00455    0.33107      24247
  11.40067      7.75511   45.97604    0.31115      24078
  11.41067      7.74834   46.03545    0.29418      24041
  11.42067      7.74158   46.00347    0.31370      24049
  11.43067      7.73483   46.00096    0.31828      24086
  11.44067      7.72809   45.98538    0.34232      24247
  11.45067      7.72136   45.98635    0.29816      24260
  11.46067      7.71465   45.96054    0.33889      24579
  11.47067      7.70795   45.95956    0.33581      24545
  11.48067      7.70126   45.96738    0.32393      24386
  11.49067      7.69458   45.94745    0.34317      24400
  11.50067      7.68791   45.96610    0.35404      24214
  11.51066      7.68125   45.96523    0.29333      24195
  11.52066      7.67461   45.94715    0.31026      24121
  11.53066      7.66797   45.97021    0.31302      24301
  11.54066      7.66135   45.97063    0.30633      24285
  11.55066      7.65474   45.95656    0.30529      24445
  11.56066      7.64814   45.94356    0.35406      24329
  11.57066      7.64156   45.93747    0.31910      24661
  11.58066      7.63498   45.93976    0.36157      24307
  11.59066      7.62842   45.94557    0.30554      24512
  11.60066      7.62186   45.92084    0.32010      24712
  11.61066      7.61532   45.92058    0.33479      24431
  11.62066      7.60879   45.94305    0.34534      24442
  11.63066      7.60227   45.92066    0.29777      24353
  11.64066      7.59576   45.94115    0.29080      24389
  11.65066      7.58927   45.97218    0.32528      24362
  11.66066      7.58278   45.95845    0.32657      24327
  11.67066      7.57630   45.94597    0.31622      24653
  11.68066      7.56984   45.91196    0.38087      24449
  11.69066      7.56339   45.94357    0.29806      24780
  11.70066      7.55695   45.91367    0.30457      24696
  11.71066      7.55052   45.92911    0.31246      24840
  11.72066      7.54410   45.94053    0.36219      24461
  11.73066      7.53769   45.92374    0.32003      24261
  11.74066      7.53129   45.91917    0.31411      24657
  11.75066      7.52490   45.92829    0.30644      24756
  11.76066      7.51853   45.96636    0.29762      24614
  11.77066      7.51216   45.93495    0.33404      24471
  11.78066      7.50581   45.96970    0.33328      24675
  11.79066      7.49947   45.97819    0.31736      24637
  11.80066      7.49313   45.94018    0.33468      24650
  11.81066      7.48681   45.92404    0.30493      24729
  11.82066      7.48050   45.94507    0.29934      25008
  11.83066      7.47420   45.94719    0.30138      24757
  11.84066      7.46791   45.95513    0.36124      24692
  11.85066      7.46163   45.96651    0.34320      24797
  11.86065      7.45536   45.94842    0.32846      24542
  11.87065      7.44911   45.97875    0.29333      24670
  11.88065      7.44286   45.99233    0.28485      24714
  11.89065      7.43662   45.97034    0.34346      24762
  11.90065      7.43040   45.99863    0.33829      24758
  11.91065      7.42418   45.99978    0.32947      24989
  11.92065      7.41797   46.00656    0.30170      24994
  11.93065      7.41178   45.99211    0.30644      24794
  11.94065      7.40560   46.01996    0.32496      24901
  11.95065      7.39942   45.98547    0.32444      24788
  11.96065      7.39326   45.98299    0.33057      24673
  11.97065      7.38710   46.01057    0.36247      24883
  11.98065      7.38096   46.01740    0.28385      24978
  11.99065      7.37483   46.03072    0.28563      24956
  12.00065      7.36870   46.04986    0.32325      24964
  12.01065      7.36259   46.05920    0.30837      24949
  12.02065      7.35649   46.03367    0.34945      24999
  12.03065      7.35040   46.04174    0.33025      24886
  12.04065      7.34432   46.02346    0.33230      24946
  12.05065      7.33824   46.03674    0.30534      25199
  12.06065      7.33218   46.04262    0.31707      24936
  12.07065      7.32613   46.03629    0.30376      24837
  12.08065      7.32009   46.04135    0.31710      25119
  12.09065      7.31406   46.01234    0.36745      24970
  12.10065      7.30804   45.99536    0.26881      25161
  12.11065      7.30202   46.03509    0.29108      24924
  12.12065      7.29602   46.03380    0.33990      24905
  12.13065      7.29003   46.03793    0.30222      25102
  12.14065      7.28405   46.02023    0.37855      25176
  12.15065      7.27808   46.02459    0.34755      25258
  12.16065      7.27211   46.02396    0.28792      25252
  12.17065      7.26616   46.00586    0.30601      25060
  12.18065      7.26022   45.99478    0.33485      25078
  12.19065      7.25429   45.99358    0.30538      25250
  12.20064      7.24836   45.98596    0.30516      25120
  12.21064      7.24245   45.94809    0.33102      25019
  12.22064      7.23654   45.99173    0.28255      25134
  12.23064      7.23065   46.00141    0.31361      25073
  12.24064      7.22477   45.98214    0.31911      25257
  12.25064      7.21889   45.99405    0.32391      25375
  12.26064      7.21303   45.99702    0.34437      25439
  12.27064      7.20717   45.96230    0.33425      25262
  12.28064      7.20132   45.96514    0.28187      25413
  12.29064      7.19549   45.98531    0.33633      25259
  12.30064      7.18966   45.97785    0.30883      25113
  12.31064      7.18384   45.97171    0.30654      25090
  12.32064      7.17803   45.94380    0.32771      25262
  12.33064      7.17224   45.92960    0.31624      25458
  12.34064      7.16645   45.94765    0.27647      25210
  12.35064      7.16067   45.96148    0.31540      25412
  12.36064      7.15490   45.98037    0.29885      25443
  12.37064      7.14914   45.97223    0.36732      25420
  12.38064      7.14338   45.97820    0.31280      25500
  12.39064      7.13764   45.94626    0.31377      25481
  12.40064      7.13191   45.94606    0.30233      25338
  12.41064      7.12618   45.95228    0.32682      25190
  12.42064      7.12047   45.94958    0.32953      25584
  12.43064      7.11476   45.91808    0.30114      25462
  12.44064      7.10907   45.90595    0.32723      25449
  12.45064      7.10338   45.93850    0.29602      25479
  12.46064      7.09770   45.93142    0.28627      25262
  12.47064      7.09203   45.92324    0.31224      25622
  12.48064      7.08637   45.93937    0.31711      25700
  12.49064      7.08072   45.93263    0.31279      25436
  12.50064      7.07508   45.93308    0.31604      25492
  12.51064      7.06945   45.90871    0.34105      25531
  12.52064      7.06382   45.91526    0.30737      25557
  12.53064      7.05821   45.91166    0.30001      25734
  12.54064      7.05260   45.91989    0.34386      25506
  12.55063      7.04701   45.89641    0.34637      25507
  12.56063      7.04142   45.88262    0.27509      25664
  12.57063      7.03584   45.89965    0.27578      25659
  12.58063      7.03027   45.89624    0.32935      25465
  12.59063      7.02471   45.89117    0.30410      25610
  12.60063      7.01916   45.91993    0.31405      25798
  12.61063      7.01361   45.92144    0.30792      25625
  12.62063      7.00808   45.90058    0.33367      25751
  12.63063      7.00255   45.89613    0.34968      25725
  12.64063      6.99704   45.91164    0.29052      25674
  12.65063      6.99153   45.86947    0.29817      25803
  12.66063      6.98603   45.87057    0.33313      25913
  12.67063      6.98054   45.87711    0.32310      25597
  12.68063      6.97506   45.87037    0.27681      25440
  12.69063      6.96958   45.90676    0.29550      25657
  12.70063      6.96412   45.87181    0.31778      25930
  12.71063      6.95866   45.87524    0.31620      25763
  12.72063      6.95321   45.87869    0.29121      26141
  12.73063      6.94777   45.87686    0.32899      25771
  12.74063      6.94234   45.85130    0.31948      25744
  12.75063      6.93692   45.85866    0.34270      25869
  12.76063      6.93151   45.84722    0.27327      25823
  12.77063      6.92610   45.85200    0.31248      25793
  12.78063      6.92071   45.82683    0.35561      25817
  12.79063      6.91532   45.81756    0.29317      26076
  12.80063      6.90994   45.83687    0.30508      25829
  12.81063      6.90457   45.82236    0.30552      25878
  12.82063      6.89920   45.83084    0.30620      26035
  12.83063      6.89385   45.82362    0.27872      26018
  12.84063      6.88850   45.81029    0.32943      25913
  12.85063      6.88317   45.84773    0.31784      25745
  12.86063      6.87784   45.82874    0.30537      25805
  12.87063      6.87251   45.80366    0.32228      26140
  12.88063      6.86720   45.80400    0.29747      26145
  12.89062      6.86190   45.79971    0.33375      26094
  12.90062      6.85660   45.77798    0.28872      26197
  12.91062      6.85131   45.81738    0.33087      25965
  12.92062      6.84603   45.80584    0.30626      25830
  12.93062      6.84076   45.81124    0.32726      25932
  12.94062      6.83550   45.81761    0.27260      26319
  12.95062      6.83024   45.83883    0.29468      25947
  12.96062      6.82499   45.82212    0.30639      26011
  12.97062      6.81975   45.82204    0.31279      26144
  12.98062      6.81452   45.82361    0.30158      26290
  12.99062      6.80930   45.80253    0.33297      26168
  13.00062      6.80409   45.80461    0.30560      26213
  13.01062      6.79888   45.80992    0.30939      25945
  13.02062      6.79368   45.78974    0.30417      26126
  13.03062      6.78849   45.80990    0.30903      26348
  13.04062      6.78331   45.81265    0.32199      26212
  13.05062      6.77813   45.81819    0.28807      26267
  13.06062      6.77296   45.81539    0.29861      26146
  13.07062      6.76780   45.81842    0.29191      26447
  13.08062      6.76265   45.82339    0.32564      25968
  13.09062      6.75751   45.80769    0.28699      26214
  13.10062      6.75237   45.79536    0.33307      26278
  13.11062      6.74725   45.77869    0.31652      26349
  13.12062      6.74213   45.76671    0.31482      26275
  13.13062      6.73701   45.78721    0.27530      26422
  13.14062      6.73191   45.78451    0.31056      26227
  13.15062      6.72681   45.77841    0.30814      26382
  13.16062      6.72172   45.78404    0.30756      26506
  13.17062      6.71664   45.77096    0.30300      26237
  13.18062      6.71157   45.76890    0.30701      26365
  13.19062      6.70650   45.77490    0.31486      26190
  13.20062      6.70145   45.76866    0.31186      26355
  13.21062      6.69640   45.76299    0.29317      26594
  13.22062      6.69135   45.75615    0.30653      26513
  13.23061      6.68632   45.74105    0.32722      26342
  13.24061      6.68129   45.72438    0.28059      26525
  13.25061      6.67627   45.73836    0.28516      26461
  13.26061      6.67126   45.75326    0.31690      26269
  13.27061      6.66626   45.74201    0.30841      26682
  13.28061      6.66126   45.74104    0.30580      26369
  13.29061      6.65627   45.74495    0.30822      26567
  13.30061      6.65129   45.74094    0.31080      26521
  13.31061      6.64631   45.76171    0.30728      26591
  13.32061      6.64135   45.77142    0.31071      26439
  13.33061      6.63639   45.75656    0.28074      26762
  13.34061      6.63144   45.74086    0.32151      26411
  13.35061      6.62649   45.73216    0.32441      26401
  13.36061      6.62155   45.73672    0.26826      26615
  13.37061      6.61662   45.74742    0.30354      26701
  13.38061      6.61170   45.75924    0.28872      26680
  13.39061      6.60679   45.75426    0.34070      26591
  13.40061      6.60188   45.76204    0.30304      26796
  13.41061      6.59698   45.76038    0.31866      26523
  13.42061      6.59209   45.77462    0.27733      26755
  13.43061      6.58720   45.78130    0.32131      26637
  13.44061      6.58232   45.77775    0.30319      26788
  13.45061      6.57745   45.76167    0.32576      26596
  13.46061      6.57259   45.74360    0.28646      26512
  13.47061      6.56773   45.74074    0.28339      26729
  13.48061      6.56288   45.75458    0.29779      26935
  13.49061      6.55804   45.76260    0.29071      26786
  13.50061      6.55320   45.76309    0.31695      26688
  13.51061      6.54838   45.75300    0.29124      26846
  13.52061      6.54356   45.74535    0.31901      26754
  13.53061      6.53874   45.75662    0.31552      26712
  13.54061      6.53394   45.74922    0.28307      26914
  13.55061      6.52914   45.74322    0.31393      26984
  13.56061      6.52434   45.72731    0.32885      26776
  13.57061      6.51956   45.70370    0.28888      26790
  13.58060      6.51478   45.72299    0.31056      26778
  13.59060      6.51001   45.70871    0.28920      26896
  13.60060      6.50525   45.72268    0.26824      26962
  13.61060      6.50049   45.70488    0.30715      26812
  13.62060      6.49574   45.70137    0.31096      26975
  13.63060      6.49100   45.69714    0.29846      26814
  13.64060      6.48626   45.68371    0.29897      27067
  13.65060      6.48153   45.69062    0.32834      26970
  13.66060      6.47681   45.68789    0.27944      26848
  13.67060      6.47209   45.71521    0.30597      27023
  13.68060      6.46739   45.67413    0.35764      27080
  13.69060      6.46268   45.70107    0.30158      26981
  13.70060      6.45799   45.68238    0.28013      27158
  13.71060      6.45330   45.71426    0.29027      26950
  13.72060      6.44862   45.69679    0.26826      26936
  13.73060      6.44395   45.71019    0.32597      27059
  13.74060      6.43928   45.69043    0.29547      27066
  13.75060      6.43462   45.70024    0.28989      26995
  13.76060      6.42997   45.71497    0.29128      27052
  13.77060      6.42532   45.71293    0.34062      27241
  13.78060      6.42068   45.74380    0.32128      27138
  13.79060      6.41605   45.71667    0.29289      27032
  13.80060      6.41142   45.72472    0.29614      27245
  13.81060      6.40680   45.73399    0.29844      27374
  13.82060      6.40219   45.75381    0.28496      27142
  13.83060      6.39758   45.73046    0.30177      26915
  13.84060      6.39298   45.75025    0.29172      27087
  13.85060      6.38839   45.73913    0.28564      27078
  13.86060      6.38380   45.73086    0.29316      27254
  13.87060      6.37922   45.76537    0.31438      27192
  13.88060      6.37465   45.74557    0.31222      27254
  13.89060      6.37008   45.73733    0.29840      27503
  13.90060      6.36552   45.72319    0.30709      27168
  13.91060      6.36097   45.73051    0.29783      27465
  13.92059      6.35642   45.72820    0.27592      27450
  13.93059      6.35188   45.75681    0.29914      27216
  13.94059      6.34735   45.71573    0.30833      27242
  13.95059      6.34282   45.72480    0.28881      27189
  13.96059      6.33830   45.73988    0.31012      27083
  13.97059      6.33379   45.72242    0.29015      27268
  13.98059      6.32928   45.71383    0.31735      27536
  13.99059      6.32478   45.71544    0.28293      27491
  14.00059      6.32028   45.68561    0.30745      27492
  14.01059      6.31579   45.70996    0.29163      27258
  14.02059      6.31131   45.68948    0.32331      27581
  14.03059      6.30684   45.68134    0.27066      27601
  14.04059      6.30237   45.70625    0.27876      27302
  14.05059      6.29790   45.69557    0.29279      27235
  14.06059      6.29345   45.68838    0.33775      27404
  14.07059      6.28900   45.68899    0.31337      27472
  14.08059      6.28455   45.67075    0.28489      27602
  14.09059      6.28012   45.69490    0.27683      27438
  14.10059      6.27568   45.67125    0.33046      27523
  14.11059      6.27126   45.65536    0.31691      27679
  14.12059      6.26684   45.65236    0.27572      27568
  14.13059      6.26243   45.68714    0.28851      27294
  14.14059      6.25802   45.65806    0.27924      27686
  14.15059      6.25362   45.67812    0.27722      27582
  14.16059      6.24923   45.65140    0.31114      27451
  14.17059      6.24484   45.63426    0.31462      27645
  14.18059      6.24046   45.65332    0.30534      27621
  14.19059      6.23609   45.64895    0.28287      27648
  14.20059      6.23172   45.62684    0.29630      27744
  14.21059      6.22735   45.64186    0.30098      27781
  14.22059      6.22300   45.62554    0.30053      27838
  14.23059      6.21865   45.63374    0.31018      27388
  14.24059      6.21430   45.60766    0.29375      27655
  14.25059      6.20996   45.60737    0.26840      27705
  14.26058      6.20563   45.63963    0.30571      27460
  14.27058      6.20131   45.61474    0.27316      27557
  14.28058      6.19699   45.61065    0.28753      27960
  14.29058      6.19267   45.58168    0.31914      27657
  14.30058      6.18837   45.60282    0.31214      27749
  14.31058      6.18406   45.58241    0.28218      27971
  14.32058      6.17977   45.59055    0.29918      28006
  14.33058      6.17548   45.58923    0.29847      27935
  14.34058      6.17119   45.58121    0.29337      27817
  14.35058      6.16692   45.59552    0.32949      27657
  14.36058      6.16264   45.57007    0.28143      27837
  14.37058      6.15838   45.60006    0.28372      27598
  14.38058      6.15412   45.60852    0.27638      27565
  14.39058      6.14987   45.58715    0.27352      27921
  14.40058      6.14562   45.57126    0.31106      27939
  14.41058      6.14138   45.60597    0.30370      28001
  14.42058      6.13714   45.57163    0.28292      27937
  14.43058      6.13291   45.59322    0.30471      28154
  14.44058      6.12868   45.58543    0.30241      28042
  14.45058      6.12447   45.56647    0.29529      27867
  14.46058      6.12025   45.58506    0.30658      28108
  14.47058      6.11605   45.59445    0.29092      27806
  14.48058      6.11185   45.57240    0.27901      28016
  14.49058      6.10765   45.59545    0.28517      27903
  14.50058      6.10346   45.58330    0.31658      27863
  14.51058      6.09928   45.58207    0.26150      27713
  14.52058      6.09510   45.57313    0.28357      28241
  14.53058      6.09093   45.54976    0.29583      28137
  14.54058      6.08676   45.56587    0.32370      28098
  14.55058      6.08260   45.57384    0.30656      27982
  14.56058      6.07845   45.53222    0.29228      28349
  14.57058      6.07430   45.53449    0.27095      28092
  14.58058      6.07015   45.54513    0.28805      28241
  14.59058      6.06602   45.52920    0.30599      28042
  14.60058      6.06188   45.52655    0.29162      27972
  14.61057      6.05776   45.51438    0.27674      28209
  14.62057      6.05364   45.54293    0.31144      28122
  14.63057      6.04952   45.51274    0.29291      27957
  14.64057      6.04541   45.49044    0.26504      28212
  14.65057      6.04131   45.49862    0.31476      28320
  14.66057      6.03721   45.48127    0.31880      28258
  14.67057      6.03312   45.48185    0.28544      28177
  14.68057      6.02903   45.47541    0.26616      28281
  14.69057      6.02495   45.45172    0.28833      28249
  14.70057      6.02087   45.48159    0.29263      28282
  14.71057      6.01680   45.48050    0.30154      28205
  14.72057      6.01274   45.45924    0.27293      28172
  14.73057      6.00868   45.46457    0.29130      28338
  14.74057      6.00463   45.45963    0.30526      28359
  14.75057      6.00058   45.47499    0.30485      28457
  14.76057      5.99653   45.47072    0.29462      28204
  14.77057      5.99250   45.43286    0.28318      28515
  14.78057      5.98847   45.44556    0.29604      28288
  14.79057      5.98444   45.45439    0.28028      28330
  14.80057      5.98042   45.45705    0.29026      28379
  14.81057      5.97640   45.44839    0.25144      28577
  14.82057      5.97239   45.46459    0.32028      28364
  14.83057      5.96839   45.48804    0.29541      28084
  14.84057      5.96439   45.48612    0.29314      28276
  14.85057      5.96040   45.47373    0.28973      28514
  14.86057      5.95641   45.49718    0.28990      28600
  14.87057      5.95242   45.50192    0.31631      28580
  14.88057      5.94845   45.47566    0.28891      28715
  14.89057      5.94447   45.48597    0.29548      28539
  14.90057      5.94051   45.49250    0.27362      28373
  14.91057      5.93655   45.50310    0.27777      28467
  14.92057      5.93259   45.49914    0.27440      28493
  14.93057      5.92864   45.50637    0.30214      28599
  14.94057      5.92469   45.49905    0.26602      28320
  14.95056      5.92075   45.50955    0.30715      28536
  14.96056      5.91682   45.51710    0.29508      28566
  14.97056      5.91289   45.52152    0.28135      28714
  14.98056      5.90896   45.51451    0.30179      28696
  14.99056      5.90505   45.51742    0.33431      28922
  15.00056      5.90113   45.50203    0.25574      28476
  15.01056      5.89722   45.49242    0.28920      28697
  15.02056      5.89332   45.51592    0.30068      28624
  15.03056      5.88942   45.50453    0.28009      28576
  15.04056      5.88553   45.50496    0.26451      28494
  15.05056      5.88164   45.47660    0.29054      28757
  15.06056      5.87776   45.47934    0.28714      28603
  15.07056      5.87388   45.49322    0.29692      28598
  15.08056      5.87001   45.46617    0.29862      28807
  15.09056      5.86614   45.46230    0.29460      28838
  15.10056      5.86228   45.46674    0.26912      28946
  15.11056      5.85842   45.45732    0.31168      28645
  15.12056      5.85457   45.46164    0.28719      28738
  15.13056      5.85072   45.43919    0.27728      29063
  15.14056      5.84688   45.43829    0.29540      29041
  15.15056      5.84304   45.44973    0.29555      28499
  15.16056      5.83921   45.43234    0.27838      28777
  15.17056      5.83539   45.44567    0.26791      28910
  15.18056      5.83156   45.42119    0.30657      28839
  15.19056      5.82775   45.44485    0.28208      29009
  15.20056      5.82394   45.42571    0.28969      28769
  15.21056      5.82013   45.41154    0.26374      28908
  15.22056      5.81633   45.40657    0.30850      28615
  15.23056      5.81253   45.40641    0.29316      28761
  15.24056      5.80874   45.39978    0.28068      29124
  15.25056      5.80496   45.40327    0.28315      29242
  15.26056      5.80117   45.38393    0.29119      28685
  15.27056      5.79740   45.41563    0.26801      29012
  15.28056      5.79363   45.40643    0.30569      29102
  15.29055      5.78986   45.40080    0.29033      29010
  15.30055      5.78610   45.39637    0.28467      29162
  15.31055      5.78234   45.40019    0.28359      29044
  15.32055      5.77859   45.40401    0.27241      28929
  15.33055      5.77484   45.37906    0.27598      28927
  15.34055      5.77110   45.37856    0.28378      29193
  15.35055      5.76737   45.39462    0.31815      28863
  15.36055      5.76363   45.37554    0.27383      29283
  15.37055      5.75991   45.38428    0.28268      29007
  15.38055      5.75618   45.39446    0.28761      28948
  15.39055      5.75247   45.38796    0.26592      29190
  15.40055      5.74875   45.38367    0.28972      29206
  15.41055      5.74505   45.37993    0.31354      29420
  15.42055      5.74134   45.42726    0.28521      29173
  15.43055      5.73764   45.40852    0.27898      28786
  15.44055      5.73395   45.37779    0.26456      29323
  15.45055      5.73026   45.38883    0.29774      29108
  15.46055      5.72658   45.38586    0.28203      29188
  15.47055      5.72290   45.37925    0.29447      29311
  15.48055      5.71923   45.36051    0.26871      29055
  15.49055      5.71556   45.38232    0.28928      29237
  15.50055      5.71189   45.39207    0.26827      29316
  15.51055      5.70823   45.37388    0.28697      29418
  15.52055      5.70458   45.40084    0.29124      29540
  15.53055      5.70093   45.40793    0.30415      29444
  15.54055      5.69728   45.37740    0.29605      29092
  15.55055      5.69364   45.38894    0.28795      29284
  15.56055      5.69000   45.37848    0.28433      29374
  15.57055      5.68637   45.39033    0.26135      29342
  15.58055      5.68274   45.37348    0.28025      29065
  15.59055      5.67912   45.37968    0.27161      29158
  15.60055      5.67550   45.36804    0.28863      29492
  15.61055      5.67189   45.38715    0.28282      29545
  15.62055      5.66828   45.38824    0.28052      29480
  15.63055      5.66468   45.39240    0.27847      29491
  15.64054      5.66108   45.38582    0.31243      29452
  15.65054      5.65748   45.37301    0.28249      29234
  15.66054      5.65389   45.39365    0.28055      29390
  15.67054      5.65031   45.39269    0.31190      29647
  15.68054      5.64673   45.38098    0.27110      29613
  15.69054      5.64315   45.40161    0.25901      29338
  15.70054      5.63958   45.42030    0.26984      29383
  15.71054      5.63601   45.39896    0.30892      29643
  15.72054      5.63245   45.40588    0.27377      29548
  15.73054      5.62889   45.41346    0.28485      29711
  15.74054      5.62534   45.44716    0.27022      29477
  15.75054      5.62179   45.40579    0.30065      29594
  15.76054      5.61825   45.41231    0.27441      29518
  15.77054      5.61471   45.42563    0.28452      29715
  15.78054      5.61117   45.42571    0.29020      29667
  15.79054      5.60764   45.39973    0.28870      29438
  15.80054      5.60411   45.43196    0.26681      29585
  15.81054      5.60059   45.44607    0.26721      29745
  15.82054      5.59707   45.45360    0.29959      29597
  15.83054      5.59356   45.45654    0.30471      29895
  15.84054      5.59005   45.47856    0.26934      29555
  15.85054      5.58655   45.47955    0.28650      29603
  15.86054      5.58305   45.42682    0.27668      29582
  15.87054      5.57955   45.43543    0.26465      29894
  15.88054      5.57606   45.44908    0.28242      29858
  15.89054      5.57258   45.45423    0.29131      29559
  15.90054      5.56909   45.43179    0.28686      29949
  15.91054      5.56562   45.44618    0.26542      29683
  15.92054      5.56214   45.43645    0.27704      29809
  15.93054      5.55867   45.44407    0.28088      29719
  15.94054      5.55521   45.40578    0.32321      30104
  15.95054      5.55175   45.45116    0.25770      29745
  15.96054      5.54829   45.43520    0.30819      29782
  15.97054      5.54484   45.37754    0.29186      29507
  15.98053      5.54140   45.41214    0.25750      29877
  15.99053      5.53795   45.41512    0.27187      29825
  16.00053      5.53451   45.38623    0.27408      29923
  16.01053      5.53108   45.39796    0.27393      30034
  16.02053      5.52765   45.38517    0.30136      29853
  16.03053      5.52422   45.38519    0.27020      30112
  16.04053      5.52080   45.35979    0.27857      30090
  16.05053      5.51739   45.38626    0.27355      29860
  16.06053      5.51397   45.40515    0.30401      30087
  16.07053      5.51056   45.34347    0.27719      29993
  16.08053      5.50716   45.38807    0.27413      29969
  16.09053      5.50376   45.34432    0.29643      30121
  16.10053      5.50036   45.36013    0.28103      29937
  16.11053      5.49697   45.36279    0.25939      30131
  16.12053      5.49359   45.36847    0.26147      29722
  16.13053      5.49020   45.34949    0.30634      29961
  16.14053      5.48682   45.37218    0.27006      30099
  16.15053      5.48345   45.36302    0.26797      30102
  16.16053      5.48008   45.39000    0.29622      29942
  16.17053      5.47671   45.37218    0.27951      30372
  16.18053      5.47335   45.33366    0.28093      30105
  16.19053      5.46999   45.36224    0.28274      30042
  16.20053      5.46664   45.36397    0.28034      30179
  16.21053      5.46329   45.36580    0.29707      30199
  16.22053      5.45994   45.38188    0.25970      30161
  16.23053      5.45660   45.39287    0.27846      30023
  16.24053      5.45326   45.40566    0.30725      30212
  16.25053      5.44993   45.42452    0.25447      30246
  16.26053      5.44660   45.41875    0.26548      30028
  16.27053      5.44328   45.41459    0.29260      30190
  16.28053      5.43996   45.38015    0.28160      30330
  16.29053      5.43664   45.38841    0.29007      30123
  16.30053      5.43333   45.41792    0.25169      30368
  16.31053      5.43002   45.39506    0.28361      30107
  16.32052      5.42671   45.39518    0.29337      30281
  16.33052      5.42341   45.39658    0.28563      30376
  16.34052      5.42012   45.43929    0.26686      30287
  16.35052      5.41682   45.43268    0.26236      30396
  16.36052      5.41354   45.47229    0.29969      30385
  16.37052      5.41025   45.45694    0.28507      30345
  16.38052      5.40697   45.48113    0.28569      30400
  16.39052      5.40370   45.42292    0.26763      30262
  16.40052      5.40042   45.49165    0.26018      30443
  16.41052      5.39716   45.47506    0.28840      30267
  16.42052      5.39389   45.46883    0.28958      30331
  16.43052      5.39063   45.49183    0.25939      30413
  16.44052      5.38737   45.49696    0.28531      30519
  16.45052      5.38412   45.50182    0.26174      30402
  16.46052      5.38087   45.54309    0.27171      30286
  16.47052      5.37763   45.53142    0.29393      30341
  16.48052      5.37439   45.51457    0.29058      30629
  16.49052      5.37115   45.50629    0.27032      30262
  16.50052      5.36792   45.48462    0.30387      30421
  16.51052      5.36469   45.50751    0.26659      30538
  16.52052      5.36147   45.50591    0.27828      30298
  16.53052      5.35825   45.50495    0.27021      30440
  16.54052      5.35503   45.51211    0.26784      30550
  16.55052      5.35182   45.55289    0.27352      30560
  16.56052      5.34861   45.57165    0.27229      30434
  16.57052      5.34540   45.56821    0.27056      30381
  16.58052      5.34220   45.57170    0.28078      30723
  16.59052      5.33900   45.55768    0.27686      30583
  16.60052      5.33581   45.55096    0.29801      30481
  16.61052      5.33262   45.53624    0.27749      30481
  16.62052      5.32943   45.53100    0.28350      30427
  16.63052      5.32625   45.53767    0.28732      30682
  16.64052      5.32307   45.53979    0.28025      30560
  16.65052      5.31990   45.54971    0.25474      30623
  16.66052      5.31673   45.56918    0.26410      30506
  16.67051      5.31356   45.55870    0.27803      30401
  16.68051      5.31040   45.56663    0.27693      30609
  16.69051      5.30724   45.55016    0.27243      30781
  16.70051      5.30408   45.51703    0.28004      30573
  16.71051      5.30093   45.54601    0.27205      30599
  16.72051      5.29779   45.51521    0.30691      30654
  16.73051      5.29464   45.51529    0.27850      30654
  16.74051      5.29150   45.54471    0.26543      30740
  16.75051      5.28837   45.52225    0.26988      30680
  16.76051      5.28523   45.53624    0.26550      30707
  16.77051      5.28210   45.57539    0.28047      30383
  16.78051      5.27898   45.55913    0.28143      30605
  16.79051      5.27586   45.54867    0.26792      30754
  16.80051      5.27274   45.54635    0.28031      30708
  16.81051      5.26963   45.50273    0.28418      30691
  16.82051      5.26652   45.53570    0.27129      30831
  16.83051      5.26341   45.50363    0.29454      30404
  16.84051      5.26031   45.52030    0.25451      30953
  16.85051      5.25721   45.52593    0.28817      30879
  16.86051      5.25411   45.48915    0.26834      30965
  16.87051      5.25102   45.55609    0.26191      30675
  16.88051      5.24793   45.54495    0.26888      30700
  16.89051      5.24485   45.52452    0.28864      30990
  16.90051      5.24177   45.52098    0.28802      30859
  16.91051      5.23869   45.48962    0.31371      30928
  16.92051      5.23562   45.47963    0.26485      30774
  16.93051      5.23255   45.47908    0.27420      30871
  16.94051      5.22948   45.47573    0.26162      30874
  16.95051      5.22642   45.46285    0.25968      30949
  16.96051      5.22336   45.45858    0.26787      31187
  16.97051      5.22030   45.49433    0.26296      30569
  16.98051      5.21725   45.48349    0.28888      30803
  16.99051      5.21420   45.45883    0.26524      30991
  17.00051      5.21116   45.46249    0.27753      31180
  17.01050      5.20812   45.45876    0.30687      30914
  17.02050      5.20508   45.41330    0.28107      30918
  17.03050      5.20205   45.43041    0.28116      30933
  17.04050      5.19902   45.44480    0.26418      30862
  17.05050      5.19599   45.42304    0.27207      31095
  17.06050      5.19297   45.42547    0.28830      31127
  17.07050      5.18995   45.45071    0.24351      30927
  17.08050      5.18693   45.44206    0.26177      30704
  17.09050      5.18392   45.44710    0.26648      31122
  17.10050      5.18091   45.42620    0.28299      31287
  17.11050      5.17790   45.43213    0.29483      31294
  17.12050      5.17490   45.40936    0.29442      30847
  17.13050      5.17190   45.39234    0.26844      31205
  17.14050      5.16891   45.41536    0.26055      31187
  17.15050      5.16592   45.42176    0.27670      31131
  17.16050      5.16293   45.41600    0.28204      31115
  17.17050      5.15995   45.43692    0.26006      31344
  17.18050      5.15697   45.42921    0.26946      31029
  17.19050      5.15399   45.45217    0.26233      31060
  17.20050      5.15102   45.43736    0.28992      31261
  17.21050      5.14804   45.42717    0.28457      31267
  17.22050      5.14508   45.43613    0.29099      31151
  17.23050      5.14211   45.40407    0.25751      31013
  17.24050      5.13915   45.40103    0.27601      31259
  17.25050      5.13620   45.42503    0.27048      31333
  17.26050      5.13324   45.44915    0.25257      31242
  17.27050      5.13030   45.43449    0.28269      31163
  17.28050      5.12735   45.44077    0.24478      31379
  17.29050      5.12441   45.43020    0.30578      31154
  17.30050      5.12147   45.45412    0.27843      31348
  17.31050      5.11853   45.41860    0.27410      31435
  17.32050      5.11560   45.43823    0.32215      31511
  17.33050      5.11267   45.41700    0.26313      31108
  17.34050      5.10974   45.41138    0.26005      31139
  17.35050      5.10682   45.40834    0.27142      31453
  17.36049      5.10390   45.41399    0.26196      31293
  17.37049      5.10099   45.42652    0.26060      31120
  17.38049      5.09807   45.42256    0.25118      31587
  17.39049      5.09516   45.43176    0.26537      31335
  17.40049      5.09226   45.41637    0.28946      31364
  17.41049      5.08936   45.41060    0.28021      31596
  17.42049      5.08646   45.40623    0.30144      31594
  17.43049      5.08356   45.37811    0.27181      31442
  17.44049      5.08067   45.37593    0.27019      31145
  17.45049      5.07778   45.38207    0.25921      31684
  17.46049      5.07490   45.36933    0.28273      31511
  17.47049      5.07201   45.40808    0.26166      31351
  17.48049      5.06913   45.38454    0.26545      31601
  17.49049      5.06626   45.37533    0.25905      31412
  17.50049      5.06339   45.38614    0.26579      31506
  17.51049      5.06052   45.38641    0.29777      31463
  17.52049      5.05765   45.34309    0.28879      31800
  17.53049      5.05479   45.33030    0.26988      31443
  17.54049      5.05193   45.31386    0.25340      31329
  17.55049      5.04907   45.34282    0.27432      31594
  17.56049      5.04622   45.29826    0.27447      31673
  17.57049      5.04337   45.33372    0.24682      31669
  17.58049      5.04053   45.32937    0.26582      31562
  17.59049      5.03768   45.29572    0.29706      31869
  17.60049      5.03484   45.32675    0.27492      31505
  17.61049      5.03201   45.30423    0.26136      31781
  17.62049      5.02917   45.29939    0.31723      31595
  17.63049      5.02634   45.24418    0.25534      31707
  17.64049      5.02352   45.24821    0.25285      31528
  17.65049      5.02069   45.24463    0.26645      31503
  17.66049      5.01787   45.21993    0.26999      31801
  17.67049      5.01506   45.26329    0.24717      31776
  17.68049      5.01224   45.21428    0.28036      31742
  17.69049      5.00943   45.22318    0.27261      31893
  17.70048      5.00662   45.23936    0.26731      31817
  17.71048      5.00382   45.22769    0.28927      31786
  17.72048      5.00102   45.22391    0.28058      31862
  17.73048      4.99822   45.17763    0.26446      31861
  17.74048      4.99543   45.15094    0.28753      31609
  17.75048      4.99263   45.16383    0.26512      31795
  17.76048      4.98985   45.16516    0.26380      31786
  17.77048      4.98706   45.19124    0.24029      31680
  17.78048      4.98428   45.14937    0.25878      32038
  17.79048      4.98150   45.14996    0.27655      31859
  17.80048      4.97872   45.16312    0.26293      31977
  17.81048      4.97595   45.15840    0.29459      31947
  17.82048      4.97318   45.14081    0.28032      31991
  17.83048      4.97042   45.14400    0.27394      31973
  17.84048      4.96765   45.07884    0.26500      31701
  17.85048      4.96489   45.08831    0.25943      31926
  17.86048      4.96213   45.09922    0.27136      31926
  17.87048      4.95938   45.10773    0.25425      31965
  17.88048      4.95663   45.09281    0.27455      32043
  17.89048      4.95388   45.10178    0.27758      31941
  17.90048      4.95114   45.08649    0.26195      31937
  17.91048      4.94839   45.08606    0.27452      31977
  17.92048      4.94566   45.07201    0.25333      32130
  17.93048      4.94292   45.07163    0.27991      32077
  17.94048      4.94019   45.00276    0.29012      31738
  17.95048      4.93746   45.00216    0.24138      32149
  17.96048      4.93473   45.04214    0.25365      31938
  17.97048      4.93201   45.02270    0.26019      32093
  17.98048      4.92929   45.01628    0.27252      32169
  17.99048      4.92657   44.98645    0.28138      32320
  18.00048      4.92386   44.98207    0.27476      32110
  18.01048      4.92114   44.98911    0.27630      32113
  18.02048      4.91844   44.95442    0.27091      32302
  18.03048      4.91573   44.95679    0.27988      32248
  18.04047      4.91303   44.87728    0.26584      31654
  18.05047      4.91033   44.89912    0.24019      32251
  18.06047      4.90763   44.92108    0.26308      32099
  18.07047      4.90494   44.90077    0.25800      32055
  18.08047      4.90225   44.86736    0.25262      32300
  18.09047      4.89956   44.86511    0.27756      32333
  18.10047      4.89688   44.85589    0.27463      32375
  18.11047      4.89420   44.85772    0.28352      32112
  18.12047      4.89152   44.82342    0.26333      32401
  18.13047      4.88884   44.83190    0.28855      32561
  18.14047      4.88617   44.76565    0.25918      31786
  18.15047      4.88350   44.77029    0.24988      32355
  18.16047      4.88084   44.80257    0.26493      32269
  18.17047      4.87817   44.78129    0.26016      32164
  18.18047      4.87551   44.76672    0.28472      32246
  18.19047      4.87285   44.74928    0.24583      32580
  18.20047      4.87020   44.73485    0.27276      32423
  18.21047      4.86755   44.75251    0.26037      32317
  18.22047      4.86490   44.71404    0.28345      32537
  18.23047      4.86225   44.71288    0.27477      32557
  18.24047      4.85961   44.63390    0.24630      32168
  18.25047      4.85697   44.68143    0.25852      32172
  18.26047      4.85433   44.67188    0.26202      32535
  18.27047      4.85170   44.66286    0.25014      32471
  18.28047      4.84907   44.65038    0.27025      32278
  18.29047      4.84644   44.62251    0.27998      32652
  18.30047      4.84381   44.62899    0.29310      32797
  18.31047      4.84119   44.59046    0.25516      32476
  18.32047      4.83857   44.60944    0.26481      32495
  18.33047      4.83595   44.56098    0.26558      32668
  18.34047      4.83334   44.51552    0.25793      32181
  18.35047      4.83073   44.56125    0.24907      32202
  18.36047      4.82812   44.53544    0.24807      32569
  18.37047      4.82551   44.52562    0.24860      32636
  18.38047      4.82291   44.49604    0.27772      32436
  18.39046      4.82031   44.48799    0.27509      32792
  18.40046      4.81771   44.46986    0.28605      32832
  18.41046      4.81512   44.45343    0.27287      32675
  18.42046      4.81253   44.45475    0.26722      32581
  18.43046      4.80994   44.41187    0.25716      32713
  18.44046      4.80735   44.36772    0.25639      32392
  18.45046      4.80477   44.38434    0.27575      32330
  18.46046      4.80219   44.39982    0.24767      32491
  18.47046      4.79961   44.36620    0.24158      32568
  18.48046      4.79704   44.32528    0.25556      32755
  18.49046      4.79447   44.34674    0.28034      32850
  18.50046      4.79190   44.32474    0.26966      32970
  18.51046      4.78933   44.28430    0.26230      32871
  18.52046      4.78677   44.32297    0.27552      32698
  18.53046      4.78421   44.26824    0.27047      32698
  18.54046      4.78165   44.18574    0.25335      32550
  18.55046      4.77909   44.26089    0.24218      32488
  18.56046      4.77654   44.22061    0.24994      32805
  18.57046      4.77399   44.20158    0.28369      32916
  18.58046      4.77145   44.18857    0.28007      33100
  18.59046      4.76890   44.19591    0.25392      32935
  18.60046      4.76636   44.16507    0.28945      32944
  18.61046      4.76382   44.14178    0.24319      33041
  18.62046      4.76129   44.18233    0.26365      32817
  18.63046      4.75875   44.10850    0.26573      32758
  18.64046      4.75622   44.10006    0.23568      32604
  18.65046      4.75370   44.09717    0.26826      32764
  18.66046      4.75117   44.06492    0.25248      32708
  18.67046      4.74865   44.07062    0.24601      33135
  18.68046      4.74613   44.03110    0.26171      32974
  18.69046      4.74361   44.03222    0.27808      33175
  18.70046      4.74110   44.03343    0.29073      33159
  18.71046      4.73859   43.99566    0.25948      33301
  18.72046      4.73608   44.00666    0.26383      32950
  18.73045      4.73357   43.98893    0.24740      32806
  18.74045      4.73107   43.92080    0.27885      32518
  18.75045      4.72857   43.95177    0.23244      32805
  18.76045      4.72607   43.90155    0.25005      32914
  18.77045      4.72358   43.90225    0.27565      33320
  18.78045      4.72108   43.87197    0.23840      33327
  18.79045      4.71859   43.88053    0.26961      33150
  18.80045      4.71611   43.85399    0.29060      33202
  18.81045      4.71362   43.81505    0.26520      33589
  18.82045      4.71114   43.82426    0.25503      33037
  18.83045      4.70866   43.79906    0.24422      32796
  18.84045      4.70618   43.76256    0.24675      33026
  18.85045      4.70371   43.75164    0.26804      33029
  18.86045      4.70124   43.74842    0.24679      33097
  18.87045      4.69877   43.68376    0.26211      33338
  18.88045      4.69630   43.69698    0.27534      33332
  18.89045      4.69384   43.68771    0.26924      33253
  18.90045      4.69138   43.67035    0.26057      33348
  18.91045      4.68892   43.64289    0.24860      33553
  18.92045      4.68647   43.64387    0.26622      32927
  18.93045      4.68401   43.61549    0.24921      32860
  18.94045      4.68156   43.57583    0.23882      32938
  18.95045      4.67911   43.57762    0.24687      33432
  18.96045      4.67667   43.55540    0.26322      33117
  18.97045      4.67423   43.53650    0.27495      33438
  18.98045      4.67179   43.49917    0.25050      33520
  18.99045      4.66935   43.49832    0.29006      33514
  19.00045      4.66691   43.47646    0.25386      33554
  19.01045      4.66448   43.46509    0.25603      33534
  19.02045      4.66205   43.44296    0.27005      33028
  19.03045      4.65963   43.41501    0.24265      32847
  19.04045      4.65720   43.37229    0.25008      33169
  19.05045      4.65478   43.39062    0.23866      33586
  19.06045      4.65236   43.36634    0.24322      33496
  19.07044      4.64994   43.33967    0.25381      33612
  19.08044      4.64753   43.30807    0.26951      33590
  19.09044      4.64512   43.29768    0.28736      33687
  19.10044      4.64271   43.26012    0.25822      33670
  19.11044      4.64030   43.23619    0.25054      33616
  19.12044      4.63790   43.27646    0.27000      33035
  19.13044      4.63549   43.17815    0.24156      33123
  19.14044      4.63309   43.17987    0.23072      33479
  19.15044      4.63070   43.17012    0.26224      33476
  19.16044      4.62830   43.14947    0.29927      33664
  19.17044      4.62591   43.12802    0.25215      33501
  19.18044      4.62352   43.09443    0.23690      33700
  19.19044      4.62114   43.07715    0.26118      33698
  19.20044      4.61875   43.02903    0.25337      33974
  19.21044      4.61637   43.00736    0.25253      33498
  19.22044      4.61399   43.04092    0.25249      33200
  19.23044      4.61161   42.96801    0.26325      33345
  19.24044      4.60924   42.94133    0.23729      33654
  19.25044      4.60687   42.91986    0.24496      33644
  19.26044      4.60450   42.91746    0.24279      33830
  19.27044      4.60213   42.89301    0.30027      33701
  19.28044      4.59977   42.86215    0.24655      33975
  19.29044      4.59741   42.84639    0.28441      33875
  19.30044      4.59505   42.82279    0.25135      33989
  19.31044      4.59269   42.81176    0.24481      33280
  19.32044      4.59034   42.77752    0.24388      33526
  19.33044      4.58798   42.73631    0.23099      33473
  19.34044      4.58563   42.71975    0.26014      33857
  19.35044      4.58329   42.69388    0.25659      33744
  19.36044      4.58094   42.68036    0.24271      33948
  19.37044      4.57860   42.63523    0.26069      34017
  19.38044      4.57626   42.61634    0.24676      34055
  19.39044      4.57392   42.58819    0.27828      34080
  19.40044      4.57159   42.58650    0.24899      33756
  19.41044      4.56925   42.57057    0.25207      33550
  19.42043      4.56692   42.50580    0.24446      33650
  19.43043      4.56460   42.49650    0.26960      33748
  19.44043      4.56227   42.44373    0.24687      33770
  19.45043      4.55995   42.44642    0.23915      34051
  19.46043      4.55763   42.41014    0.26108      33817
  19.47043      4.55531   42.39065    0.25685      34120
  19.48043      4.55299   42.35350    0.23238      34093
  19.49043      4.55068   42.34187    0.25879      34108
  19.50043      4.54837   42.32013    0.25129      33557
  19.51043      4.54606   42.32959    0.24783      33953
  19.52043      4.54375   42.22498    0.24893      33783
  19.53043      4.54145   42.21090    0.23791      33994
  19.54043      4.53915   42.19869    0.25681      34182
  19.55043      4.53685   42.16664    0.24963      34138
  19.56043      4.53455   42.16161    0.25173      34215
  19.57043      4.53226   42.11804    0.27873      34136
  19.58043      4.52997   42.11405    0.25636      34414
  19.59043      4.52768   42.08951    0.24717      33740
  19.60043      4.52539   42.08831    0.23957      34057
  19.61043      4.52310   42.04539    0.23361      33906
  19.62043      4.52082   42.00647    0.26560      33794
  19.63043      4.51854   41.98681    0.23948      34046
  19.64043      4.51626   41.96784    0.24240      34323
  19.65043      4.51399   41.95139    0.23412      34281
  19.66043      4.51171   41.90430    0.27862      34379
  19.67043      4.50944   41.90345    0.25348      34428
  19.68043      4.50717   41.88914    0.25094      34087
  19.69043      4.50491   41.87129    0.27147      34189
  19.70043      4.50264   41.84100    0.22828      34528
  19.71043      4.50038   41.83940    0.23811      33825
  19.72043      4.49812   41.79193    0.25165      34061
  19.73043      4.49587   41.78408    0.26536      34438
  19.74043      4.49361   41.76932    0.24849      34348
  19.75043      4.49136   41.74023    0.23756      34400
  19.76042      4.48911   41.72156    0.24373      34319
  19.77042      4.48686   41.69275    0.24098      34604
  19.78042      4.48461   41.68501    0.25270      33991
  19.79042      4.48237   41.65667    0.23439      34350
  19.80042      4.48013   41.64707    0.25580      34443
  19.81042      4.47789   41.60253    0.25456      34122
  19.82042      4.47565   41.59223    0.23492      34171
  19.83042      4.47342   41.57546    0.24508      34540
  19.84042      4.47119   41.57686    0.25919      34630
  19.85042      4.46896   41.54139    0.25147      34528
  19.86042      4.46673   41.50449    0.24355      34671
  19.87042      4.46451   41.51122    0.26443      34538
  19.88042      4.46228   41.46456    0.23896      34363
  19.89042      4.46006   41.43679    0.24816      34488
  19.90042      4.45784   41.42975    0.23479      34097
  19.91042      4.45563   41.39341    0.23034      34419
  19.92042      4.45341   41.37137    0.25274      34687
  19.93042      4.45120   41.33147    0.25626      34386
  19.94042      4.44899   41.35831    0.23788      34972
  19.95042      4.44678   41.29758    0.23999      34541
  19.96042      4.44458   41.30458    0.25770      34625
  19.97042      4.44238   41.26611    0.24726      34468
  19.98042      4.44017   41.24601    0.25037      34519
  19.99042      4.43798   41.20298    0.23843      34781
  20.00042      4.43578   41.17208    0.24670      34167
  20.01042      4.43359   41.17169    0.23851      34680
  20.02042      4.43139   41.15237    0.24391      34614
  20.03042      4.42920   41.11619    0.27061      34779
  20.04042      4.42702   41.11311    0.24169      34671
  20.05042      4.42483   41.09978    0.21639      34891
  20.06042      4.42265   41.06575    0.24098      34812
  20.07042      4.42047   41.03849    0.25320      34865
  20.08042      4.41829   41.01535    0.26104      34687
  20.09042      4.41611   40.97172    0.22842      34677
  20.10041      4.41394   40.94353    0.24392      34609
  20.11041      4.41177   40.93618    0.23407      34675
  20.12041      4.40960   40.90782    0.25344      34896
  20.13041      4.40743   40.89098    0.25218      34907
  20.14041      4.40526   40.86442    0.24521      34916
  20.15041      4.40310   40.85557    0.25183      34789
  20.16041      4.40094   40.81592    0.23615      34999
  20.17041      4.39878   40.79119    0.25474      34947
  20.18041      4.39662   40.72528    0.22853      34633
  20.19041      4.39447   40.71668    0.24701      34651
  20.20041      4.39231   40.68282    0.22512      34849
  20.21041      4.39016   40.65407    0.24279      34703
  20.22041      4.38801   40.62116    0.24504      35184
  20.23041      4.38587   40.58539    0.24740      34973
  20.24041      4.38372   40.60764    0.23212      35066
  20.25041      4.38158   40.52956    0.24360      34804
  20.26041      4.37944   40.51758    0.23333      35173
  20.27041      4.37730   40.47057    0.28160      35065
  20.28041      4.37517   40.41401    0.22677      34870
  20.29041      4.37303   40.41866    0.22690      34915
  20.30041      4.37090   40.35834    0.25639      35383
  20.31041      4.36877   40.33158    0.24518      34844
  20.32041      4.36664   40.27702    0.23943      35263
  20.33041      4.36452   40.25827    0.23734      35089
  20.34041      4.36240   40.23633    0.24134      34995
  20.35041      4.36028   40.19018    0.21673      35091
  20.36041      4.35816   40.17038    0.26024      35225
  20.37041      4.35604   40.11640    0.23661      35132
  20.38041      4.35393   40.09157    0.24925      34813
  20.39041      4.35181   40.06122    0.22710      35172
  20.40041      4.34970   40.05484    0.23311      35392
  20.41041      4.34759   40.00275    0.24234      35257
  20.42041      4.34549   39.97628    0.24131      35344
  20.43041      4.34338   39.94453    0.26094      35342
  20.44041      4.34128   39.90248    0.23859      35147
  20.45040      4.33918   39.88353    0.22788      35322
  20.46040      4.33708   39.84597    0.23824      35323
  20.47040      4.33499   39.77645    0.26293      35007
  20.48040      4.33289   39.80824    0.21446      34964
  20.49040      4.33080   39.76288    0.23362      35385
  20.50040      4.32871   39.71026    0.23975      35250
  20.51040      4.32662   39.70238    0.22513      35522
  20.52040      4.32454   39.66695    0.24950      35302
  20.53040      4.32245   39.62034    0.23417      35303
  20.54040      4.32037   39.60533    0.25067      35530
  20.55040      4.31829   39.59497    0.22182      35515
  20.56040      4.31621   39.54996    0.24904      35552
  20.57040      4.31414   39.50363    0.23079      35255
  20.58040      4.31206   39.52067    0.22928      35407
  20.59040      4.30999   39.45729    0.24664      35605
  20.60040      4.30792   39.43191    0.25828      35377
  20.61040      4.30586   39.43556    0.22340      35354
  20.62040      4.30379   39.36684    0.23383      35511
  20.63040      4.30173   39.34867    0.23881      35323
  20.64040      4.29967   39.32158    0.23063      35624
  20.65040      4.29761   39.29627    0.22084      35712
  20.66040      4.29555   39.22692    0.23680      35307
  20.67040      4.29349   39.24668    0.23618      35409
  20.68040      4.29144   39.21847    0.23495      35528
  20.69040      4.28939   39.17603    0.23181      35871
  20.70040      4.28734   39.17594    0.23375      35739
  20.71040      4.28529   39.11941    0.24845      35590
  20.72040      4.28325   39.11155    0.24390      35730
  20.73040      4.28120   39.07298    0.23524      35656
  20.74040      4.27916   39.03362    0.23928      35800
  20.75040      4.27712   39.00289    0.22198      35714
  20.76040      4.27508   38.98741    0.23203      35344
  20.77040      4.27305   38.97348    0.22064      35618
  20.78040      4.27101   38.91702    0.22905      35802
  20.79039      4.26898   38.91709    0.24782      35599
  20.80039      4.26695   38.88928    0.24126      35785
  20.81039      4.26492   38.85718    0.21239      35767
  20.82039      4.26290   38.83439    0.23836      35715
  20.83039      4.26087   38.82804    0.26508      35873
  20.84039      4.25885   38.79033    0.23117      35973
  20.85039      4.25683   38.73023    0.20886      35676
  20.86039      4.25481   38.73070    0.24202      35797
  20.87039      4.25280   38.69755    0.22990      36030
  20.88039      4.25078   38.65672    0.25125      35910
  20.89039      4.24877   38.65767    0.23031      35792
  20.90039      4.24676   38.62407    0.23243      35846
  20.91039      4.24475   38.59671    0.23199      35792
  20.92039      4.24275   38.57657    0.21535      35987
  20.93039      4.24074   38.54636    0.22666      35819
  20.94039      4.23874   38.52415    0.23899      35960
  20.95039      4.23674   38.50464    0.22633      35862
  20.96039      4.23474   38.48638    0.22341      35898
  20.97039      4.23274   38.43374    0.24985      36042
  20.98039      4.23075   38.42785    0.21380      36029
  20.99039      4.22876   38.40527    0.26905      35997
  21.00039      4.22677   38.36357    0.22178      35952
  21.01039      4.22478   38.35093    0.23932      36133
  21.02039      4.22279   38.30856    0.22126      36292
  21.03039      4.22080   38.28598    0.24079      36157
  21.04039      4.21882   38.27181    0.22691      35853
  21.05039      4.21684   38.24904    0.22864      36039
  21.06039      4.21486   38.23482    0.21643      36217
  21.07039      4.21288   38.19492    0.21864      35872
  21.08039      4.21091   38.16229    0.24416      36249
  21.09039      4.20893   38.15943    0.23220      36268
  21.10039      4.20696   38.10245    0.22267      36202
  21.11039      4.20499   38.10030    0.21584      36134
  21.12039      4.20302   38.06335    0.26128      36167
  21.13038      4.20106   38.02805    0.23368      36400
  21.14038      4.19909   38.02334    0.22150      35978
  21.15038      4.19713   37.99244    0.21991      36443
  21.16038      4.19517   37.96935    0.22936      36253
  21.17038      4.19321   37.94148    0.23447      36297
  21.18038      4.19125   37.89783    0.23026      36401
  21.19038      4.18930   37.89687    0.23687      36265
  21.20038      4.18734   37.84899    0.23889      36057
  21.21038      4.18539   37.83189    0.20697      36526
  21.22038      4.18344   37.77657    0.21584      36337
  21.23038      4.18149   37.78621    0.22013      36316
  21.24038      4.17955   37.74490    0.26505      36344
  21.25038      4.17760   37.73670    0.21113      36510
  21.26038      4.17566   37.69982    0.21704      36364
  21.27038      4.17372   37.67607    0.23677      36435
  21.28038      4.17178   37.64498    0.22438      36359
  21.29038      4.16984   37.61048    0.26143      36615
  21.30038      4.16791   37.57454    0.21018      36562
  21.31038      4.16598   37.53839    0.22123      36669
  21.32038      4.16405   37.52760    0.23496      36296
  21.33038      4.16212   37.51589    0.22358      36550
  21.34038      4.16019   37.46973    0.21634      36498
  21.35038      4.15826   37.48400    0.24041      36444
  21.36038      4.15634   37.42497    0.21540      36404
  21.37038      4.15442   37.38338    0.21704      36714
  21.38038      4.15250   37.38141    0.22663      36691
  21.39038      4.15058   37.34090    0.21922      36421
  21.40038      4.14866   37.30992    0.26719      36659
  21.41038      4.14674   37.27775    0.20917      36829
  21.42038      4.14483   37.25405    0.21924      36437
  21.43038      4.14292   37.23454    0.22954      36774
  21.44038      4.14101   37.19801    0.23050      36732
  21.45038      4.13910   37.18235    0.22401      36598
  21.46038      4.13720   37.17140    0.22347      36824
  21.47038      4.13529   37.12743    0.22383      36781
  21.48037      4.13339   37.09090    0.23693      36650
  21.49037      4.13149   37.08619    0.23468      36811
  21.50037      4.12959   37.04467    0.19906      36702
  21.51037      4.12769   37.01558    0.22840      36684
  21.52037      4.12580   36.99298    0.21386      36723
  21.53037      4.12390   36.99014    0.23942      36931
  21.54037      4.12201   36.94156    0.21588      36669
  21.55037      4.12012   36.94400    0.23376      36969
  21.56037      4.11823   36.89752    0.20811      36963
  21.57037      4.11635   36.89821    0.22156      36697
  21.58037      4.11446   36.86986    0.24252      37020
  21.59037      4.11258   36.83132    0.23424      37150
  21.60037      4.11070   36.80466    0.22647      36737
  21.61037      4.10882   36.82818    0.20450      36943
  21.62037      4.10694   36.76399    0.22222      37102
  21.63037      4.10506   36.74883    0.22976      36799
  21.64037      4.10319   36.75424    0.22553      36744
  21.65037      4.10132   36.70053    0.21662      37188
  21.66037      4.09945   36.67881    0.21770      36903
  21.67037      4.09758   36.66310    0.20096      37001
  21.68037      4.09571   36.64126    0.24356      37106
  21.69037      4.09384   36.61211    0.23512      37101
  21.70037      4.09198   36.59813    0.21908      37013
  21.71037      4.09012   36.58557    0.21784      37007
  21.72037      4.08826   36.56547    0.21011      37196
  21.73037      4.08640   36.52851    0.23905      37074
  21.74037      4.08454   36.52621    0.22550      37346
  21.75037      4.08269   36.49714    0.21602      36987
  21.76037      4.08083   36.45074    0.21418      37266
  21.77037      4.07898   36.45151    0.23687      37273
  21.78037      4.07713   36.43294    0.21481      37150
  21.79037      4.07528   36.40854    0.22359      36866
  21.80037      4.07344   36.39390    0.21396      37400
  21.81037      4.07159   36.37779    0.21917      37245
  21.82036      4.06975   36.35366    0.21769      36956
  21.83036      4.06791   36.32488    0.21017      37364
  21.84036      4.06607   36.30393    0.22431      37382
  21.85036      4.06423   36.27460    0.22076      37297
  21.86036      4.06239   36.25713    0.21681      37259
  21.87036      4.06056   36.22004    0.21169      37417
  21.88036      4.05872   36.21304    0.24407      37366
  21.89036      4.05689   36.19085    0.22189      37379
  21.90036      4.05506   36.17814    0.21035      37401
  21.91036      4.05323   36.14445    0.21662      37240
  21.92036      4.05141   36.12663    0.22524      37454
  21.93036      4.04958   36.09033    0.22595      37415
  21.94036      4.04776   36.06926    0.21989      37279
  21.95036      4.04594   36.04581    0.20028      37419
  21.96036      4.04412   36.01827    0.22899      37560
  21.97036      4.04230   36.00167    0.19700      37446
  21.98036      4.04048   35.98062    0.22122      37404
  21.99036      4.03867   35.94574    0.23073      37606
  22.00036      4.03686   35.94194    0.22368      37352
  22.01036      4.03505   35.90782    0.22171      37484
  22.02036      4.03324   35.87595    0.20750      37650
  22.03036      4.03143   35.85452    0.22229      37522
  22.04036      4.02962   35.84604    0.22253      37468
  22.05036      4.02782   35.82370    0.21945      37786
  22.06036      4.02601   35.75908    0.22941      37540
  22.07036      4.02421   35.77536    0.21217      37588
  22.08036      4.02241   35.75205    0.20474      37498
  22.09036      4.02061   35.74279    0.22504      37566
  22.10036      4.01882   35.67310    0.21713      37525
  22.11036      4.01702   35.69747    0.21809      37897
  22.12036      4.01523   35.66771    0.20865      37638
  22.13036      4.01344   35.66121    0.21055      37663
  22.14036      4.01165   35.61237    0.23071      37922
  22.15036      4.00986   35.60768    0.20474      37785
  22.16035      4.00807   35.60209    0.21562      37591
  22.17035      4.00629   35.59150    0.21704      37839
  22.18035      4.00450   35.55563    0.22189      37745
  22.19035      4.00272   35.56079    0.20946      37766
  22.20035      4.00094   35.53153    0.22408      37841
  22.21035      3.99916   35.54318    0.23753      37971
  22.22035      3.99738   35.50556    0.20435      37865
  22.23035      3.99561   35.48828    0.21944      37766
  22.24035      3.99383   35.46189    0.20401      37886
  22.25035      3.99206   35.48166    0.19857      37878
  22.26035      3.99029   35.45946    0.22515      37741
  22.27035      3.98852   35.42648    0.21099      37981
  22.28035      3.98676   35.40387    0.20814      37833
  22.29035      3.98499   35.41781    0.23018      38058
  22.30035      3.98323   35.39017    0.22100      37982
  22.31035      3.98146   35.36189    0.21179      37971
  22.32035      3.97970   35.33015    0.20129      38198
  22.33035      3.97794   35.32880    0.22859      38069
  22.34035      3.97618   35.29920    0.22090      37860
  22.35035      3.97443   35.30133    0.21159      38173
  22.36035      3.97267   35.27887    0.20910      38120
  22.37035      3.97092   35.25393    0.20451      38001
  22.38035      3.96917   35.21970    0.21719      38036
  22.39035      3.96742   35.21071    0.22177      38119
  22.40035      3.96567   35.17801    0.21791      38105
  22.41035      3.96392   35.16509    0.20590      38295
  22.42035      3.96218   35.11869    0.20474      38307
  22.43035      3.96043   35.10103    0.20648      38136
  22.44035      3.95869   35.07907    0.21947      38167
  22.45035      3.95695   35.06581    0.21380      38305
  22.46035      3.95521   35.03753    0.21032      38176
  22.47035      3.95347   35.00047    0.20875      38454
  22.48035      3.95174   34.98496    0.21522      38371
  22.49035      3.95000   34.95197    0.21446      38255
  22.50035      3.94827   34.93340    0.22800      38514
  22.51034      3.94654   34.89201    0.21149      38446
  22.52034      3.94481   34.87853    0.20425      38419
  22.53034      3.94308   34.87604    0.20949      38105
  22.54034      3.94135   34.82610    0.21416      38490
  22.55034      3.93963   34.80486    0.19286      38593
  22.56034      3.93791   34.77892    0.21661      38347
  22.57034      3.93618   34.76488    0.21390      38582
  22.58034      3.93446   34.76344    0.20020      38558
  22.59034      3.93274   34.71590    0.21679      38544
  22.60034      3.93103   34.67972    0.21309      38726
  22.61034      3.92931   34.66934    0.20784      38518
  22.62034      3.92760   34.67403    0.22432      38535
  22.63034      3.92588   34.63794    0.20414      38691
  22.64034      3.92417   34.62716    0.20164      38709
  22.65034      3.92246   34.60718    0.21438      38632
  22.66034      3.92075   34.58182    0.21124      38771
  22.67034      3.91905   34.57600    0.21625      38670
  22.68034      3.91734   34.53056    0.21414      38652
  22.69034      3.91564   34.52529    0.19882      38880
  22.70034      3.91394   34.49407    0.19851      38856
  22.71034      3.91223   34.50236    0.22162      38671
  22.72034      3.91054   34.47988    0.20438      38941
  22.73034      3.90884   34.43783    0.20923      38877
  22.74034      3.90714   34.43446    0.21691      38889
  22.75034      3.90545   34.41509    0.20128      38921
  22.76034      3.90375   34.43265    0.20344      38935
  22.77034      3.90206   34.38043    0.21092      39024
  22.78034      3.90037   34.36065    0.20202      39014
  22.79034      3.89868   34.35862    0.20976      39020
  22.80034      3.89700   34.33605    0.22806      39109
  22.81034      3.89531   34.30959    0.19896      39077
  22.82034      3.89363   34.27359    0.22027      38915
  22.83034      3.89194   34.26261    0.19394      39010
  22.84034      3.89026   34.26372    0.20262      39209
  22.85033      3.88858   34.24946    0.19467      39146
  22.86033      3.88690   34.21630    0.21573      39184
  22.87033      3.88523   34.19612    0.21523      39189
  22.88033      3.88355   34.19273    0.19318      39314
  22.89033      3.88188   34.17118    0.21046      39208
  22.90033      3.88020   34.16560    0.20627      39258
  22.91033      3.87853   34.13348    0.22626      39141
  22.92033      3.87686   34.11166    0.20738      39436
  22.93033      3.87520   34.09231    0.19053      39460
  22.94033      3.87353   34.08296    0.20826      39160
  22.95033      3.87186   34.04000    0.20109      39449
  22.96033      3.87020   34.03178    0.20994      39642
  22.97033      3.86854   33.99515    0.21362      39366
  22.98033      3.86688   33.99493    0.20804      39338
  22.99033      3.86522   33.98192    0.19436      39232
  23.00033      3.86356   33.94196    0.19949      39606
  23.01033      3.86190   33.93376    0.21568      39564
  23.02033      3.86025   33.90119    0.21175      39528
  23.03033      3.85860   33.90798    0.20237      39586
  23.04033      3.85694   33.88462    0.19008      39525
  23.05033      3.85529   33.84140    0.19705      39766
  23.06033      3.85364   33.81719    0.21808      39559
  23.07033      3.85200   33.80121    0.20804      39606
  23.08033      3.85035   33.79812    0.19569      39583
  23.09033      3.84870   33.78306    0.21215      39628
  23.10033      3.84706   33.72600    0.20225      39765
  23.11033      3.84542   33.72141    0.19949      39814
  23.12033      3.84378   33.68746    0.20850      39645
  23.13033      3.84214   33.69248    0.21879      39635
  23.14033      3.84050   33.67130    0.19685      39878
  23.15033      3.83887   33.64265    0.18777      39810
  23.16033      3.83723   33.60568    0.19814      39796
  23.17033      3.83560   33.60535    0.21076      39940
  23.18033      3.83397   33.60133    0.19824      39696
  23.19033      3.83234   33.59586    0.21026      39975
  23.20032      3.83071   33.55752    0.20285      39787
  23.21032      3.82908   33.54500    0.21061      40020
  23.22032      3.82745   33.53011    0.20589      39868
  23.23032      3.82583   33.50369    0.19789      40080
  23.24032      3.82420   33.49770    0.19486      39946
  23.25032      3.82258   33.45474    0.20838      40099
  23.26032      3.82096   33.44947    0.19716      40155
  23.27032      3.81934   33.45864    0.20724      39966
  23.28032      3.81772   33.43058    0.19447      40007
  23.29032      3.81611   33.42490    0.19212      40108
  23.30032      3.81449   33.40870    0.21784      39979
  23.31032      3.81288   33.39718    0.19593      40343
  23.32032      3.81127   33.38461    0.21752      40164
  23.33032      3.80965   33.36588    0.19580      40017
  23.34032      3.80804   33.36178    0.19234      40146
  23.35032      3.80644   33.35050    0.18869      40499
  23.36032      3.80483   33.32887    0.20526      39946
  23.37032      3.80322   33.31427    0.20408      40408
  23.38032      3.80162   33.30230    0.19215      40402
  23.39032      3.80002   33.30245    0.21006      40098
  23.40032      3.79842   33.28948    0.19959      40694
  23.41032      3.79682   33.25658    0.20815      40395
  23.42032      3.79522   33.22740    0.21110      40230
  23.43032      3.79362   33.22987    0.20629      40411
  23.44032      3.79203   33.22430    0.18273      40391
  23.45032      3.79043   33.19629    0.18913      40279
  23.46032      3.78884   33.17958    0.20245      40641
  23.47032      3.78725   33.18401    0.21156      40330
  23.48032      3.78566   33.15035    0.20986      40389
  23.49032      3.78407   33.13503    0.18314      40692
  23.50032      3.78248   33.14727    0.19736      40512
  23.51032      3.78089   33.09642    0.19840      40453
  23.52032      3.77931   33.08710    0.20365      40678
  23.53032      3.77773   33.08361    0.19835      40449
  23.54031      3.77614   33.03212    0.21728      40615
  23.55031      3.77456   33.02938    0.18709      40771
  23.56031      3.77298   33.03802    0.18924      40602
  23.57031      3.77140   32.98051    0.21011      40665
  23.58031      3.76983   32.97939    0.20291      40559
  23.59031      3.76825   32.96263    0.19316      40673
  23.60031      3.76668   32.92995    0.20117      40605
  23.61031      3.76511   32.93498    0.19617      40758
  23.62031      3.76353   32.92103    0.19979      40736
  23.63031      3.76196   32.88642    0.20732      40755
  23.64031      3.76040   32.87172    0.19823      40775
  23.65031      3.75883   32.87197    0.18843      40907
  23.66031      3.75726   32.84502    0.18898      40664
  23.67031      3.75570   32.83805    0.20345      40783
  23.68031      3.75413   32.83052    0.19060      40701
  23.69031      3.75257   32.79160    0.20989      40939
  23.70031      3.75101   32.78973    0.19864      40762
  23.71031      3.74945   32.76292    0.20198      41038
  23.72031      3.74789   32.75010    0.20012      40764
  23.73031      3.74634   32.75155    0.20141      40679
  23.74031      3.74478   32.70893    0.19986      40998
  23.75031      3.74323   32.69726    0.18967      40893
  23.76031      3.74168   32.69627    0.18958      40828
  23.77031      3.74012   32.66238    0.19992      41073
  23.78031      3.73857   32.66185    0.19673      40875
  23.79031      3.73703   32.65728    0.18709      41014
  23.80031      3.73548   32.60922    0.20668      41050
  23.81031      3.73393   32.62483    0.20349      40891
  23.82031      3.73239   32.61401    0.18641      40963
  23.83031      3.73084   32.59679    0.20277      40892
  23.84031      3.72930   32.56901    0.20011      41171
  23.85031      3.72776   32.57994    0.19083      40993
  23.86031      3.72622   32.52839    0.19168      41185
  23.87031      3.72468   32.52173    0.20700      41091
  23.88030      3.72315   32.52099    0.21228      40994
  23.89030      3.72161   32.48554    0.18812      41005
  23.90030      3.72007   32.49247    0.18057      41093
  23.91030      3.71854   32.47623    0.20489      41147
  23.92030      3.71701   32.45597    0.20043      41248
  23.93030      3.71548   32.46506    0.19725      40943
  23.94030      3.71395   32.42651    0.20046      41530
  23.95030      3.71242   32.39376    0.18616      41139
  23.96030      3.71090   32.42689    0.18363      41280
  23.97030      3.70937   32.40065    0.20591      41100
  23.98030      3.70785   32.36984    0.18778      41168
  23.99030      3.70632   32.36703    0.20976      41088
  24.00030      3.70480   32.34499    0.18415      41560
  24.01030      3.70328   32.33620    0.20406      41189
  24.02030      3.70176   32.33773    0.20116      41280
  24.03030      3.70024   32.31118    0.19769      41308
  24.04030      3.69873   32.30149    0.20327      41250
  24.05030      3.69721   32.28517    0.18822      41238
  24.06030      3.69570   32.26096    0.18448      41557
  24.07030      3.69419   32.24854    0.18350      41303
  24.08030      3.69267   32.23030    0.21025      41352
  24.09030      3.69116   32.24443    0.20832      41338
  24.10030      3.68966   32.21370    0.18998      41385
  24.11030      3.68815   32.19327    0.18099      41587
  24.12030      3.68664   32.19154    0.19555      41474
  24.13030      3.68514   32.18001    0.21361      41191
  24.14030      3.68363   32.16197    0.18642      41575
  24.15030      3.68213   32.17552    0.20126      41332
  24.16030      3.68063   32.14094    0.18374      41667
  24.17030      3.67913   32.11280    0.20258      41507
  24.18030      3.67763   32.09043    0.19110      41466
  24.19030      3.67613   32.09594    0.18970      41328
  24.20030      3.67464   32.06912    0.19467      41649
  24.21030      3.67314   32.07254    0.20192      41639
  24.22030      3.67165   32.05237    0.19073      41606
  24.23029      3.67015   32.02103    0.19299      41636
  24.24029      3.66866   32.01906    0.18717      41653
  24.25029      3.66717   31.99179    0.20468      41513
  24.26029      3.66568   31.98193    0.18180      41886
  24.27029      3.66420   31.96820    0.18613      41572
  24.28029      3.66271   31.95055    0.19034      41445
  24.29029      3.66122   31.94447    0.20333      41825
  24.30029      3.65974   31.92745    0.19388      41491
  24.31029      3.65826   31.88300    0.19216      41867
  24.32029      3.65678   31.87384    0.20028      41767
  24.33029      3.65530   31.85489    0.19444      41612
  24.34029      3.65382   31.81951    0.19133      41716
  24.35029      3.65234   31.83324    0.19813      41781
  24.36029      3.65086   31.80611    0.17589      41591
  24.37029      3.64939   31.77942    0.18955      42101
  24.38029      3.64791   31.74703    0.20576      41597
  24.39029      3.64644   31.73847    0.18166      41853
  24.40029      3.64497   31.72691    0.19799      42031
  24.41029      3.64350   31.71807    0.19587      41863
  24.42029      3.64203   31.69193    0.19398      41771
  24.43029      3.64056   31.67629    0.19395      41811
  24.44029      3.63909   31.66311    0.18214      41840
  24.45029      3.63763   31.64487    0.19151      41813
  24.46029      3.63616   31.62346    0.19390      42043
  24.47029      3.63470   31.62898    0.19551      41914
  24.48029      3.63324   31.58679    0.18684      41818
  24.49029      3.63178   31.58141    0.20113      42077
  24.50029      3.63032   31.59049    0.18778      41823
  24.51029      3.62886   31.55942    0.18203      42160
  24.52029      3.62740   31.53508    0.19000      42031
  24.53029      3.62594   31.54083    0.20781      41775
  24.54029      3.62449   31.51936    0.18863      42147
  24.55029      3.62304   31.51283    0.20129      42165
  24.56029      3.62158   31.50986    0.18669      42011
  24.57028      3.62013   31.48980    0.17440      42349
  24.58028      3.61868   31.49181    0.18947      42015
  24.59028      3.61723   31.50255    0.19864      41816
  24.60028      3.61579   31.47054    0.18624      42301
  24.61028      3.61434   31.46041    0.19376      42127
  24.62028      3.61289   31.45205    0.19555      42061
  24.63028      3.61145   31.43134    0.19799      42286
  24.64028      3.61001   31.45277    0.19129      41959
  24.65028      3.60856   31.42593    0.18277      42245
  24.66028      3.60712   31.41128    0.18996      42495
  24.67028      3.60568   31.41170    0.17789      41946
  24.68028      3.60425   31.39111    0.18914      42160
  24.69028      3.60281   31.39132    0.19871      42515
  24.70028      3.60137   31.38708    0.19499      42291
  24.71028      3.59994   31.37834    0.19276      42329
  24.72028      3.59851   31.35041    0.18757      42330
  24.73028      3.59707   31.35219    0.18503      42178
  24.74028      3.59564   31.34800    0.18526      42392
  24.75028      3.59421   31.33439    0.20132      42295
  24.76028      3.59278   31.33015    0.19118      42376
  24.77028      3.59135   31.32407    0.18398      42347
  24.78028      3.58993   31.30568    0.17628      42330
  24.79028      3.58850   31.27956    0.21238      42361
  24.80028      3.58708   31.26245    0.19175      42382
  24.81028      3.58566   31.28497    0.17676      42450
  24.82028      3.58423   31.23945    0.18816      42337
  24.83028      3.58281   31.23409    0.19830      42478
  24.84028      3.58139   31.23046    0.18881      42632
  24.85028      3.57997   31.18268    0.18451      42414
  24.86028      3.57856   31.19039    0.19315      42646
  24.87028      3.57714   31.19861    0.18822      42418
  24.88028      3.57573   31.14877    0.18119      42517
  24.89028      3.57431   31.17401    0.19281      42652
  24.90028      3.57290   31.13942    0.17808      42451
  24.91027      3.57149   31.14336    0.21392      42480
  24.92027      3.57008   31.11856    0.18144      42503
  24.93027      3.56867   31.09808    0.18436      42794
  24.94027      3.56726   31.08223    0.20693      42487
  24.95027      3.56585   31.08458    0.17966      42448
  24.96027      3.56445   31.05668    0.19052      42676
  24.97027      3.56304   31.04882    0.18040      42725
  24.98027      3.56164   31.04366    0.17920      42551
  24.99027      3.56024   31.01050    0.19284      42667
  25.00027      3.55883   31.00971    0.19400      42768
  25.01027      3.55743   31.00656    0.19357      42680
  25.02027      3.55604   30.98370    0.18556      42743
  25.03027      3.55464   30.97677    0.18912      42839
  25.04027      3.55324   30.95352    0.18473      42928
  25.05027      3.55184   30.96398    0.18835      42530
  25.06027      3.55045   30.93974    0.18341      42672
  25.07027      3.54906   30.93213    0.19297      43049
  25.08027      3.54766   30.90493    0.17908      42730
  25.09027      3.54627   30.90207    0.20019      42772
  25.10027      3.54488   30.88317    0.17478      42870
  25.11027      3.54349   30.86145    0.20084      42902
  25.12027      3.54211   30.87093    0.18485      42783
  25.13027      3.54072   30.83519    0.17430      42893
  25.14027      3.53933   30.82099    0.20108      42923
  25.15027      3.53795   30.83161    0.18330      42989
  25.16027      3.53656   30.78105    0.18517      42937
  25.17027      3.53518   30.78260    0.19572      43112
  25.18027      3.53380   30.77629    0.18347      42881
  25.19027      3.53242   30.75045    0.17774      43059
  25.20027      3.53104   30.74312    0.19015      42918
  25.21027      3.52966   30.73103    0.19164      42969
  25.22027      3.52829   30.69242    0.18067      43010
  25.23027      3.52691   30.69859    0.18981      43098
  25.24027      3.52554   30.67596    0.19340      43218
  25.25027      3.52416   30.65081    0.18738      42892
  25.26026      3.52279   30.64554    0.18080      43018
  25.27026      3.52142   30.60558    0.17200      43110
  25.28026      3.52005   30.59988    0.18251      43023
  25.29026      3.51868   30.59685    0.20489      43179
  25.30026      3.51731   30.56513    0.17952      43327
  25.31026      3.51595   30.54555    0.18527      42866
  25.32026      3.51458   30.53681    0.18561      43417
  25.33026      3.51321   30.50090    0.18896      43162
  25.34026      3.51185   30.50446    0.19343      43149
  25.35026      3.51049   30.47685    0.17511      43400
  25.36026      3.50913   30.45934    0.18765      43126
  25.37026      3.50777   30.47027    0.17729      43113
  25.38026      3.50641   30.43003    0.18811      43429
  25.39026      3.50505   30.41952    0.17677      43203
  25.40026      3.50369   30.39776    0.19164      43291
  25.41026      3.50234   30.36796    0.19508      43390
  25.42026      3.50098   30.35769    0.18425      43102
  25.43026      3.49963   30.35626    0.17817      43488
  25.44026      3.49827   30.32983    0.17784      43306
  25.45026      3.49692   30.32376    0.19026      43115
  25.46026      3.49557   30.30599    0.18787      43458
  25.47026      3.49422   30.28925    0.18114      43499
  25.48026      3.49287   30.28271    0.18712      43308
  25.49026      3.49152   30.27243    0.18507      43623
  25.50026      3.49018   30.25162    0.18206      43507
  25.51026      3.48883   30.24667    0.18940      43343
  25.52026      3.48749   30.23794    0.17740      43430
  25.53026      3.48614   30.20713    0.17882      43434
  25.54026      3.48480   30.22082    0.18455      43629
  25.55026      3.48346   30.18966    0.19942      43551
  25.56026      3.48212   30.19260    0.17950      43256
  25.57026      3.48078   30.16666    0.18430      43621
  25.58026      3.47944   30.16544    0.17712      43643
  25.59026      3.47811   30.15673    0.17508      43224
  25.60025      3.47677   30.13575    0.18217      43829
  25.61025      3.47544   30.12986    0.19071      43671
  25.62025      3.47410   30.12528    0.18472      43455
  25.63025      3.47277   30.10887    0.18970      43797
  25.64025      3.47144   30.09568    0.18094      43685
  25.65025      3.47011   30.09429    0.18413      43546
  25.66025      3.46878   30.08848    0.17877      43866
  25.67025      3.46745   30.07393    0.18083      43680
  25.68025      3.46612   30.06235    0.17837      43547
  25.69025      3.46480   30.05464    0.18401      43948
  25.70025      3.46347   30.03733    0.18475      43430
  25.71025      3.46215   30.01324    0.18378      43912
  25.72025      3.46082   30.01360    0.18642      43788
  25.73025      3.45950   30.01162    0.18179      43509
  25.74025      3.45818   29.98948    0.18201      43972
  25.75025      3.45686   29.98365    0.17960      43827
  25.76025      3.45554   29.96808    0.18296      43691
  25.77025      3.45422   29.94558    0.17237      44141
  25.78025      3.45290   29.93781    0.18582      43726
  25.79025      3.45159   29.93937    0.19743      43710
  25.80025      3.45027   29.90894    0.17287      44066
  25.81025      3.44896   29.91266    0.18268      43827
  25.82025      3.44765   29.89222    0.17539      43981
  25.83025      3.44633   29.88045    0.18821      44005
  25.84025      3.44502   29.88516    0.18961      43750
  25.85025      3.44371   29.84568    0.17526      44029
  25.86025      3.44240   29.83342    0.17509      44027
  25.87025      3.44110   29.83916    0.17915      43849
  25.88025      3.43979   29.80052    0.18690      44026
  25.89025      3.43848   29.80463    0.18044      44092
  25.90025      3.43718   29.79339    0.17772      43895
  25.91025      3.43587   29.76992    0.18674      44250
  25.92025      3.43457   29.75804    0.17810      43973
  25.93025      3.43327   29.73091    0.17843      43837
  25.94024      3.43197   29.73539    0.19117      44286
  25.95024      3.43067   29.71700    0.18568      44047
  25.96024      3.42937   29.69285    0.18098      44277
  25.97024      3.42807   29.68979    0.16936      44346
  25.98024      3.42678   29.67135    0.18130      44148
  25.99024      3.42548   29.66328    0.18118      44003
  26.00024      3.42418   29.64593    0.17457      44339
  26.01024      3.42289   29.63408    0.18813      43993
  26.02024      3.42160   29.62494    0.18388      44233
  26.03024      3.42031   29.60355    0.18272      44230
  26.04024      3.41902   29.58360    0.18489      44093
  26.05024      3.41773   29.57317    0.17320      44320
  26.06024      3.41644   29.56666    0.17434      44167
  26.07024      3.41515   29.54213    0.17595      44244
  26.08024      3.41386   29.54792    0.17680      44526
  26.09024      3.41258   29.53680    0.20668      44269
  26.10024      3.41129   29.50335    0.17025      44403
  26.11024      3.41001   29.50030    0.17849      44443
  26.12024      3.40873   29.47357    0.19491      44253
  26.13024      3.40744   29.46641    0.17741      44622
  26.14024      3.40616   29.46028    0.16686      44352
  26.15024      3.40488   29.44890    0.18847      44400
  26.16024      3.40360   29.44740    0.17199      44529
  26.17024      3.40233   29.41380    0.18840      44170
  26.18024      3.40105   29.39346    0.17949      44483
  26.19024      3.39977   29.38131    0.17088      44377
  26.20024      3.39850   29.38039    0.17900      44489
  26.21024      3.39722   29.32944    0.17303      44446
  26.22024      3.39595   29.35332    0.18352      44658
  26.23024      3.39468   29.33208    0.18137      44503
  26.24024      3.39341   29.30887    0.18461      44557
  26.25024      3.39214   29.29104    0.17799      44421
  26.26024      3.39087   29.27992    0.17849      44719
  26.27024      3.38960   29.25780    0.17680      44659
  26.28024      3.38833   29.26150    0.18611      44611
  26.29023      3.38707   29.22781    0.17289      44675
  26.30023      3.38580   29.22350    0.17518      44662
  26.31023      3.38454   29.21047    0.18341      44460
  26.32023      3.38328   29.19202    0.17073      44693
  26.33023      3.38201   29.19042    0.18992      44815
  26.34023      3.38075   29.15741    0.17704      44494
  26.35023      3.37949   29.15495    0.17920      44732
  26.36023      3.37823   29.14653    0.16560      44686
  26.37023      3.37697   29.11287    0.18186      44838
  26.38023      3.37572   29.10162    0.17853      44671
  26.39023      3.37446   29.10784    0.17839      44782
  26.40023      3.37321   29.08541    0.17309      44872
  26.41023      3.37195   29.09197    0.18602      44668
  26.42023      3.37070   29.05454    0.17701      44977
  26.43023      3.36944   29.03822    0.18765      44772
  26.44023      3.36819   29.03155    0.17196      45028
  26.45023      3.36694   29.02670    0.17897      44885
  26.46023      3.36569   29.00869    0.16737      44743
  26.47023      3.36444   29.02258    0.18116      44789
  26.48023      3.36320   28.99307    0.17189      45040
  26.49023      3.36195   28.98076    0.18365      44998
  26.50023      3.36070   28.96641    0.17562      44699
  26.51023      3.35946   28.94846    0.17435      44993
  26.52023      3.35821   28.93237    0.17692      44906
  26.53023      3.35697   28.94890    0.17794      44976
  26.54023      3.35573   28.89217    0.18297      45131
  26.55023      3.35449   28.91748    0.15965      45159
  26.56023      3.35325   28.89954    0.19806      44966
  26.57023      3.35201   28.87158    0.16905      45057
  26.58023      3.35077   28.87135    0.18504      44767
  26.59023      3.34953   28.85401    0.17869      45381
  26.60023      3.34830   28.83437    0.17134      45051
  26.61023      3.34706   28.83296    0.17728      45187
  26.62023      3.34583   28.81256    0.16782      45223
  26.63022      3.34459   28.79817    0.19596      45044
  26.64022      3.34336   28.79584    0.16724      45168
  26.65022      3.34213   28.76564    0.17347      45158
  26.66022      3.34090   28.75688    0.18320      44881
  26.67022      3.33967   28.74558    0.16937      45334
  26.68022      3.33844   28.73167    0.17252      45245
  26.69022      3.33721   28.72357    0.16698      45200
  26.70022      3.33598   28.68760    0.18061      45361
  26.71022      3.33476   28.68022    0.18123      45256
  26.72022      3.33353   28.67571    0.18653      45218
  26.73022      3.33231   28.64751    0.17485      45367
  26.74022      3.33108   28.64095    0.17427      45294
  26.75022      3.32986   28.63840    0.18051      45378
  26.76022      3.32864   28.62121    0.16720      45548
  26.77022      3.32742   28.61384    0.17666      45133
  26.78022      3.32620   28.59065    0.16934      45521
  26.79022      3.32498   28.56435    0.17363      45183
  26.80022      3.32376   28.57878    0.17475      45418
  26.81022      3.32254   28.55785    0.17968      45481
  26.82022      3.32133   28.54720    0.18583      45350
  26.83022      3.32011   28.53526    0.15735      45282
  26.84022      3.31890   28.53898    0.17728      45545
  26.85022      3.31769   28.52086    0.18320      45449
  26.86022      3.31647   28.50627    0.17946      45595
  26.87022      3.31526   28.48800    0.16328      45578
  26.88022      3.31405   28.48992    0.18015      45260
  26.89022      3.31284   28.47593    0.17972      45761
  26.90022      3.31163   28.46466    0.17269      45620
  26.91022      3.31042   28.46413    0.16936      45633
  26.92022      3.30922   28.44338    0.18123      45628
  26.93022      3.30801   28.43958    0.18372      45573
  26.94022      3.30681   28.44139    0.15333      45477
  26.95022      3.30560   28.41759    0.19106      45575
  26.96022      3.30440   28.42907    0.18001      45460
  26.97021      3.30320   28.39625    0.16230      45782
  26.98021      3.30199   28.37812    0.17008      45694
  26.99021      3.30079   28.37874    0.17420      45594
  27.00021      3.29959   28.35615    0.17524      45811
  27.01021      3.29840   28.34392    0.18005      45626
  27.02021      3.29720   28.33981    0.16811      45707
  27.03021      3.29600   28.33409    0.17758      45808
  27.04021      3.29480   28.32127    0.17803      45714
  27.05021      3.29361   28.29149    0.17085      45873
  27.06021      3.29241   28.29861    0.17962      46101
  27.07021      3.29122   28.27293    0.17779      45701
  27.08021      3.29003   28.26917    0.16040      45866
  27.09021      3.28884   28.24317    0.16780      45897
  27.10021      3.28765   28.23362    0.18537      45555
  27.11021      3.28646   28.23618    0.17363      46270
  27.12021      3.28527   28.20309    0.16872      45718
  27.13021      3.28408   28.19438    0.18131      45854
  27.14021      3.28289   28.17914    0.17028      45915
  27.15021      3.28170   28.18994    0.16360      45752
  27.16021      3.28052   28.14854    0.18390      46078
  27.17021      3.27933   28.11952    0.16236      46070
  27.18021      3.27815   28.12767    0.17324      45859
  27.19021      3.27697   28.11812    0.17219      46252
  27.20021      3.27579   28.10585    0.17912      46131
  27.21021      3.27460   28.07976    0.17503      45814
  27.22021      3.27342   28.08135    0.18642      46366
  27.23021      3.27225   28.05831    0.16236      45965
  27.24021      3.27107   28.04058    0.16376      46255
  27.25021      3.26989   28.03063    0.18330      46026
  27.26021      3.26871   28.02389    0.17236      45800
  27.27021      3.26754   28.00040    0.17596      46377
  27.28021      3.26636   27.98574    0.15883      45990
  27.29021      3.26519   27.97469    0.17316      46065
  27.30021      3.26401   27.96084    0.16654      46203
  27.31021      3.26284   27.94708    0.17395      46264
  27.32020      3.26167   27.91751    0.17846      46095
  27.33020      3.26050   27.90722    0.16855      46415
  27.34020      3.25933   27.90086    0.17817      46074
  27.35020      3.25816   27.88545    0.16729      46310
  27.36020      3.25699   27.87520    0.18576      46290
  27.37020      3.25582   27.86160    0.16821      46191
  27.38020      3.25466   27.84590    0.16358      46625
  27.39020      3.25349   27.82725    0.16944      46375
  27.40020      3.25233   27.81294    0.16869      46160
  27.41020      3.25116   27.81696    0.17547      46586
  27.42020      3.25000   27.80240    0.17592      46152
  27.43020      3.24884   27.78057    0.17267      46313
  27.44020      3.24768   27.76782    0.16881      46398
  27.45020      3.24652   27.75619    0.16470      46264
  27.46020      3.24536   27.74618    0.17711      46507
  27.47020      3.24420   27.75444    0.16301      46506
  27.48020      3.24304   27.74176    0.16680      46339
  27.49020      3.24188   27.71022    0.15937      46593
  27.50020      3.24073   27.71684    0.18020      46299
  27.51020      3.23957   27.69493    0.18026      46666
  27.52020      3.23842   27.68905    0.16754      46732
  27.53020      3.23727   27.68126    0.16954      46424
  27.54020      3.23611   27.66759    0.18726      46523
  27.55020      3.23496   27.66908    0.16486      46773
  27.56020      3.23381   27.65908    0.16387      46537
  27.57020      3.23266   27.64761    0.17104      46518
  27.58020      3.23151   27.63593    0.16689      46649
  27.59020      3.23036   27.63018    0.17011      46528
  27.60020      3.22921   27.60085    0.17314      46705
  27.61020      3.22807   27.61103    0.16909      46499
  27.62020      3.22692   27.57603    0.16579      46679
  27.63020      3.22578   27.58274    0.16114      46842
  27.64020      3.22463   27.57805    0.17334      46643
  27.65020      3.22349   27.54288    0.18216      46704
  27.66019      3.22235   27.54546    0.16279      46906
  27.67019      3.22120   27.53007    0.17522      46576
  27.68019      3.22006   27.50686    0.16218      47008
  27.69019      3.21892   27.50968    0.17695      46738
  27.70019      3.21778   27.49024    0.16424      46894
  27.71019      3.21665   27.47695    0.17108      46866
  27.72019      3.21551   27.47332    0.17322      46769
  27.73019      3.21437   27.44682    0.16588      46690
  27.74019      3.21323   27.43645    0.17157      47069
  27.75019      3.21210   27.40987    0.17035      46912
  27.76019      3.21097   27.39462    0.17319      46689
  27.77019      3.20983   27.38307    0.16125      46872
  27.78019      3.20870   27.37366    0.15840      46888
  27.79019      3.20757   27.36135    0.16287      47057
  27.80019      3.20644   27.33761    0.17092      46960
  27.81019      3.20531   27.31526    0.17624      47029
  27.82019      3.20418   27.30701    0.17779      46882
  27.83019      3.20305   27.28828    0.16398      47166
  27.84019      3.20192   27.28658    0.16997      46996
  27.85019      3.20079   27.27205    0.17835      47003
  27.86019      3.19967   27.24778    0.17232      47103
  27.87019      3.19854   27.22386    0.15515      47098
  27.88019      3.19742   27.23185    0.16265      47255
  27.89019      3.19629   27.19680    0.16949      46859
  27.90019      3.19517   27.20483    0.16864      47450
  27.91019      3.19405   27.16801    0.17005      46869
  27.92019      3.19293   27.15256    0.16836      47048
  27.93019      3.19181   27.16432    0.15969      47090
  27.94019      3.19069   27.11844    0.17492      47307
  27.95019      3.18957   27.11371    0.17080      47227
  27.96019      3.18845   27.11824    0.16793      47227
  27.97019      3.18733   27.07654    0.16244      47233
  27.98019      3.18622   27.09484    0.15939      47382
  27.99019      3.18510   27.08538    0.17121      47440
  28.00019      3.18399   27.05047    0.17654      47104
  28.01018      3.18287   27.06990    0.16573      47297
  28.02018      3.18176   27.03393    0.17897      47361
  28.03018      3.18065   27.03452    0.16306      47442
  28.04018      3.17954   27.02254    0.16198      47325
  28.05018      3.17842   26.99295    0.17216      47185
  28.06018      3.17731   27.00468    0.16424      47422
  28.07018      3.17621   26.98003    0.17281      47288
  28.08018      3.17510   26.95050    0.15419      47243
  28.09018      3.17399   26.96378    0.15709      47393
  28.10018      3.17288   26.96366    0.16948      47563
  28.11018      3.17178   26.92489    0.17802      47421
  28.12018      3.17067   26.92583    0.15864      47442
  28.13018      3.16957   26.90570    0.16739      47454
  28.14018      3.16846   26.88735    0.17044      47596
  28.15018      3.16736   26.88128    0.18270      47413
  28.16018      3.16626   26.86806    0.15603      47740
  28.17018      3.16516   26.86627    0.17755      47352
  28.18018      3.16406   26.84177    0.15786      47801
  28.19018      3.16296   26.83487    0.15482      47570
  28.20018      3.16186   26.83148    0.16736      47613
  28.21018      3.16076   26.82119    0.17127      47676
  28.22018      3.15966   26.79253    0.16707      47478
  28.23018      3.15857   26.79752    0.17293      47638
  28.24018      3.15747   26.76300    0.16162      47604
  28.25018      3.15638   26.76189    0.16258      47372
  28.26018      3.15528   26.75320    0.16137      47978
  28.27018      3.15419   26.73129    0.16058      47625
  28.28018      3.15310   26.73764    0.15770      47657
  28.29018      3.15200   26.71508    0.16317      47992
  28.30018      3.15091   26.69803    0.17858      47642
  28.31018      3.14982   26.69430    0.16994      47829
  28.32018      3.14873   26.67928    0.16666      47883
  28.33018      3.14764   26.67828    0.16903      47616
  28.34018      3.14656   26.65187    0.16357      48076
  28.35017      3.14547   26.63838    0.17036      47923
  28.36017      3.14438   26.64650    0.16605      47811
  28.37017      3.14330   26.62932    0.16041      47726
  28.38017      3.14221   26.59360    0.15839      47929
  28.39017      3.14113   26.59681    0.16482      47828
  28.40017      3.14005   26.58010    0.15625      47890
  28.41017      3.13896   26.55913    0.16682      47907
  28.42017      3.13788   26.55235    0.16197      48120
  28.43017      3.13680   26.54752    0.16291      47844
  28.44017      3.13572   26.53914    0.17381      48009
  28.45017      3.13464   26.52511    0.16907      48176
  28.46017      3.13356   26.51542    0.16192      47878
  28.47017      3.13248   26.50726    0.16069      48086
  28.48017      3.13141   26.49001    0.15794      48408
  28.49017      3.13033   26.47897    0.16988      47823
  28.50017      3.12926   26.47243    0.17137      48322
  28.51017      3.12818   26.46196    0.15999      48162
  28.52017      3.12711   26.44396    0.16814      48069
  28.53017      3.12603   26.45016    0.15772      48173
  28.54017      3.12496   26.42956    0.16972      47841
  28.55017      3.12389   26.42118    0.16718      48063
  28.56017      3.12282   26.41102    0.15689      48314
  28.57017      3.12175   26.41560    0.16135      47913
  28.58017      3.12068   26.38266    0.15417      48352
  28.59017      3.11961   26.37961    0.15765      48277
  28.60017      3.11854   26.37862    0.16840      48144
  28.61017      3.11747   26.35292    0.17457      48437
  28.62017      3.11641   26.35227    0.15976      48213
  28.63017      3.11534   26.33230    0.16364      48428
  28.64017      3.11428   26.32023    0.17468      48309
  28.65017      3.11321   26.31431    0.18005      48072
  28.66017      3.11215   26.31941    0.15421      48677
  28.67017      3.11109   26.29521    0.16121      48404
  28.68017      3.11002   26.27903    0.14751      48467
  28.69016      3.10896   26.28034    0.16441      48353
  28.70016      3.10790   26.26522    0.16880      48216
  28.71016      3.10684   26.24901    0.17196      48416
  28.72016      3.10578   26.23558    0.15593      48439
  28.73016      3.10473   26.22204    0.16482      48198
  28.74016      3.10367   26.23031    0.16003      48648
  28.75016      3.10261   26.20426    0.16408      48450
  28.76016      3.10156   26.19977    0.16323      48559
  28.77016      3.10050   26.18419    0.16382      48588
  28.78016      3.09945   26.16087    0.15560      48552
  28.79016      3.09839   26.15846    0.16083      48544
  28.80016      3.09734   26.14504    0.17014      48660
  28.81016      3.09629   26.12777    0.16252      48414
  28.82016      3.09523   26.12278    0.16721      48853
  28.83016      3.09418   26.10510    0.16597      48705
  28.84016      3.09313   26.09248    0.15532      48466
  28.85016      3.09208   26.08250    0.16710      48723
  28.86016      3.09104   26.07681    0.16581      48536
  28.87016      3.08999   26.05059    0.15689      48545
  28.88016      3.08894   26.05277    0.14454      48645
  28.89016      3.08789   26.02553    0.16015      48713
  28.90016      3.08685   26.01272    0.16279      48828
  28.91016      3.08580   25.99834    0.16932      48784
  28.92016      3.08476   25.98274    0.16171      48756
  28.93016      3.08372   25.97297    0.16761      48788
  28.94016      3.08267   25.96207    0.16561      48743
  28.95016      3.08163   25.94749    0.16031      48933
  28.96016      3.08059   25.91758    0.17003      48888
  28.97016      3.07955   25.91908    0.15068      48833
  28.98016      3.07851   25.90107    0.15540      49058
  28.99016      3.07747   25.90250    0.16888      48923
  29.00016      3.07643   25.87127    0.15921      48785
  29.01016      3.07539   25.85510    0.15771      49075
  29.02016      3.07436   25.86030    0.16190      48700
  29.03016      3.07332   25.83431    0.16212      48933
  29.04015      3.07229   25.82253    0.15703      49006
  29.05015      3.07125   25.81669    0.16449      48730
  29.06015      3.07022   25.80321    0.15527      49275
  29.07015      3.06918   25.80214    0.16893      49019
  29.08015      3.06815   25.78056    0.15209      49119
  29.09015      3.06712   25.77227    0.14868      49259
  29.10015      3.06609   25.77114    0.17066      48885
  29.11015      3.06506   25.76348    0.17108      48989
  29.12015      3.06403   25.74494    0.15618      49320
  29.13015      3.06300   25.74852    0.16734      48933
  29.14015      3.06197   25.73372    0.17244      49281
  29.15015      3.06094   25.71438    0.16364      49182
  29.16015      3.05991   25.71320    0.14770      49176
  29.17015      3.05889   25.72327    0.15974      49362
  29.18015      3.05786   25.69652    0.15464      48933
  29.19015      3.05684   25.68601    0.15235      49148
  29.20015      3.05581   25.68277    0.15954      49318
  29.21015      3.05479   25.68150    0.16666      48873
  29.22015      3.05377   25.66970    0.15685      49579
  29.23015      3.05275   25.65589    0.16113      49172
  29.24015      3.05172   25.65667    0.17007      49288
  29.25015      3.05070   25.63628    0.15259      49403
  29.26015      3.04968   25.63066    0.17462      49327
  29.27015      3.04867   25.63578    0.15276      49555
  29.28015      3.04765   25.62386    0.16044      49434
  29.29015      3.04663   25.60366    0.15281      49220
  29.30015      3.04561   25.57745    0.16113      49465
  29.31015      3.04460   25.59764    0.16283      49549
  29.32015      3.04358   25.59320    0.15892      49455
  29.33015      3.04257   25.57756    0.15618      49686
  29.34015      3.04155   25.55624    0.16555      49207
  29.35015      3.04054   25.55714    0.16974      49276
  29.36015      3.03952   25.54431    0.15161      49559
  29.37015      3.03851   25.52294    0.14437      49175
  29.38014      3.03750   25.54025    0.15585      49742
  29.39014      3.03649   25.51875    0.16015      49476
  29.40014      3.03548   25.50517    0.15464      49645
  29.41014      3.03447   25.51862    0.17019      49698
  29.42014      3.03346   25.49837    0.15906      49597
  29.43014      3.03245   25.46531    0.16544      49715
  29.44014      3.03145   25.46756    0.15933      49528
  29.45014      3.03044   25.45831    0.16853      49798
  29.46014      3.02943   25.45393    0.16317      49721
  29.47014      3.02843   25.45071    0.15240      49915
  29.48014      3.02743   25.43800    0.14924      49736
  29.49014      3.02642   25.40649    0.16269      49955
  29.50014      3.02542   25.40956    0.15170      49572
  29.51014      3.02442   25.40146    0.15300      49489
  29.52014      3.02341   25.39383    0.15911      49853
  29.53014      3.02241   25.36984    0.16286      49515
  29.54014      3.02141   25.38932    0.15791      50084
  29.55014      3.02041   25.32203    0.16278      49733
  29.56014      3.01941   25.34222    0.15679      49989
  29.57014      3.01842   25.31966    0.15218      49892
  29.58014      3.01742   25.31038    0.14851      49825
  29.59014      3.01642   25.29875    0.16093      50033
  29.60014      3.01542   25.29379    0.16352      49886
  29.61014      3.01443   25.25059    0.16173      50068
  29.62014      3.01343   25.24854    0.16238      50020
  29.63014      3.01244   25.24487    0.16253      50133
  29.64014      3.01145   25.22690    0.15508      49809
  29.65014      3.01045   25.22340    0.15724      50156
  29.66014      3.00946   25.17762    0.15624      49771
  29.67014      3.00847   25.16837    0.15954      49892
  29.68014      3.00748   25.17225    0.14194      50256
  29.69014      3.00649   25.15872    0.14512      49850
  29.70014      3.00550   25.15124    0.17048      50194
  29.71014      3.00451   25.14223    0.15292      50064
  29.72013      3.00352   25.09338    0.15575      50152
  29.73013      3.00253   25.09529    0.16057      50068
  29.74013      3.00155   25.09135    0.17325      50195
  29.75013      3.00056   25.10089    0.15673      50461
  29.76013      2.99958   25.07251    0.16634      50069
  29.77013      2.99859   25.04906    0.15143      50330
  29.78013      2.99761   25.04377    0.14817      50158
  29.79013      2.99662   25.03601    0.15191      50526
  29.80013      2.99564   25.02254    0.16083      50239
  29.81013      2.99466   25.02428    0.15143      50345
  29.82013      2.99368   24.98379    0.15958      50345
  29.83013      2.99270   24.98912    0.16434      49992
  29.84013      2.99172   24.97497    0.15570      50422
  29.85013      2.99074   24.95891    0.15432      50128
  29.86013      2.98976   24.95730    0.14904      50313
  29.87013      2.98878   24.93792    0.15033      50496
  29.88013      2.98780   24.92366    0.14980      50358
  29.89013      2.98683   24.92585    0.15776      50459
  29.90013      2.98585   24.91148    0.15492      50609
  29.91013      2.98487   24.90120    0.17089      50355
  29.92013      2.98390   24.87593    0.15502      50427
  29.93013      2.98293   24.86785    0.15670      50683
  29.94013      2.98195   24.87330    0.16117      50491
  29.95013      2.98098   24.86578    0.16905      50561
  29.96013      2.98001   24.84316    0.14985      50589
  29.97013      2.97904   24.83586    0.14796      50721
  29.98013      2.97806   24.83235    0.15480      50543
  29.99013      2.97709   24.81604    0.14526      50308
  30.00013      2.97612   24.82876    0.15760      50564
  30.01013      2.97516   24.80969    0.14528      50628
  30.02013      2.97419   24.78870    0.16439      50632
  30.03013      2.97322   24.79904    0.15160      50572
  30.04013      2.97225   24.79164    0.16195      50686
  30.05013      2.97129   24.77677    0.16841      50822
  30.06013      2.97032   24.76463    0.14800      50653
  30.07012      2.96936   24.77800    0.15087      50746
  30.08012      2.96839   24.75916    0.14911      50756
  30.09012      2.96743   24.74654    0.16149      50676
  30.10012      2.96647   24.74455    0.15293      50900
  30.11012      2.96550   24.72427    0.15818      50942
  30.12012      2.96454   24.72266    0.16313      50584
  30.13012      2.96358   24.71745    0.15069      51107
  30.14012      2.96262   24.70000    0.15228      50525
  30.15012      2.96166   24.68943    0.17219      50812
  30.16012      2.96070   24.68544    0.14454      50968
  30.17012      2.95974   24.66822    0.14540      50783
  30.18012      2.95878   24.67168    0.14922      50864
  30.19012      2.95783   24.64827    0.15376      51004
  30.20012      2.95687   24.64344    0.15439      50764
  30.21012      2.95591   24.63606    0.15495      51020
  30.22012      2.95496   24.63157    0.16093      50906
  30.23012      2.95400   24.61063    0.15819      50984
  30.24012      2.95305   24.60528    0.15920      51311
  30.25012      2.95210   24.61403    0.16180      50790
  30.26012      2.95114   24.59635    0.15398      51201
  30.27012      2.95019   24.57728    0.14792      51148
  30.28012      2.94924   24.59115    0.15074      50993
  30.29012      2.94829   24.56788    0.14394      51386
  30.30012      2.94734   24.56980    0.16472      50868
  30.31012      2.94639   24.55983    0.15038      51091
  30.32012      2.94544   24.56283    0.15085      51125
  30.33012      2.94449   24.55411    0.15042      50814
  30.34012      2.94354   24.55228    0.15944      51327
  30.35012      2.94260   24.55112    0.15760      51046
  30.36012      2.94165   24.52930    0.15179      51298
  30.37012      2.94071   24.53690    0.15755      51189
  30.38012      2.93976   24.53292    0.14077      51288
  30.39012      2.93882   24.51425    0.15780      51368
  30.40012      2.93787   24.53597    0.15322      51438
  30.41011      2.93693   24.51788    0.15244      51172
  30.42011      2.93599   24.52872    0.16149      51362
  30.43011      2.93504   24.50809    0.16127      51488
  30.44011      2.93410   24.52559    0.15940      51388
  30.45011      2.93316   24.51186    0.15701      51496
  30.46011      2.93222   24.52435    0.14618      51303
  30.47011      2.93128   24.51267    0.14547      51467
  30.48011      2.93034   24.50755    0.14881      51243
  30.49011      2.92940   24.52424    0.14175      51336
  30.50011      2.92847   24.53030    0.16173      51620
  30.51011      2.92753   24.52071    0.14979      51172
  30.52011      2.92659   24.52841    0.16487      51740
  30.53011      2.92566   24.52900    0.15200      51426
  30.54011      2.92472   24.52926    0.15414      51587
  30.55011      2.92379   24.52965    0.16773      51608
  30.56011      2.92285   24.53722    0.15052      51521
  30.57011      2.92192   24.53443    0.15130      51694
  30.58011      2.92099   24.54168    0.14888      51665
  30.59011      2.92006   24.53861    0.14876      51638
  30.60011      2.91912   24.54917    0.16412      51758
  30.61011      2.91819   24.54420    0.14567      51817
  30.62011      2.91726   24.55099    0.15288      51663
  30.63011      2.91633   24.54957    0.15548      51538
  30.64011      2.91540   24.56180    0.16169      51382
  30.65011      2.91448   24.56472    0.15414      51859
  30.66011      2.91355   24.55617    0.14232      51771
  30.67011      2.91262   24.57300    0.14547      51689
  30.68011      2.91170   24.57032    0.14780      52000
  30.69011      2.91077   24.58131    0.15661      51626
  30.70011      2.90984   24.59049    0.14746      51753
  30.71011      2.90892   24.58422    0.16986      51884
  30.72011      2.90800   24.59626    0.14607      51786
  30.73011      2.90707   24.61700    0.16416      52047
  30.74011      2.90615   24.61130    0.16016      51874
  30.75010      2.90523   24.61586    0.15690      51942
  30.76010      2.90430   24.61278    0.15148      51992
  30.77010      2.90338   24.62873    0.15575      51863
  30.78010      2.90246   24.64379    0.13712      52306
  30.79010      2.90154   24.62683    0.16425      51750
  30.80010      2.90062   24.66665    0.14885      51724
  30.81010      2.89971   24.66614    0.14952      52138
  30.82010      2.89879   24.65462    0.14678      51768
  30.83010      2.89787   24.69370    0.15191      52270
  30.84010      2.89695   24.70367    0.15909      52115
  30.85010      2.89604   24.68310    0.15982      51868
  30.86010      2.89512   24.71746    0.14927      52288
  30.87010      2.89421   24.72292    0.15318      52121
  30.88010      2.89329   24.74459    0.14293      52184
  30.89010      2.89238   24.74238    0.15105      52318
  30.90010      2.89146   24.75761    0.16235      51988
  30.91010      2.89055   24.77249    0.15723      52356
  30.92010      2.88964   24.77182    0.15719      52282
  30.93010      2.88873   24.80244    0.16197      52270
  30.94010      2.88782   24.80221    0.15401      52245
  30.95010      2.88691   24.81689    0.16027      52272
  30.96010      2.88600   24.83746    0.13959      51971
  30.97010      2.88509   24.84364    0.14120      52263
  30.98010      2.88418   24.87111    0.15057      52279
  30.99010      2.88327   24.87151    0.15262      52396
  31.00010      2.88237   24.88572    0.15215      52341
  31.01010      2.88146   24.88716    0.15527      52269
  31.02010      2.88055   24.92139    0.15253      52486
  31.03010      2.87965   24.92370    0.16437      52303
  31.04010      2.87874   24.92133    0.15467      52395
  31.05010      2.87784   24.94289    0.16380      52626
  31.06010      2.87693   24.95727    0.14489      52276
  31.07010      2.87603   24.96306    0.15538      52719
  31.08010      2.87513   24.97991    0.15038      52403
  31.09010      2.87423   24.99040    0.15083      52671
  31.10009      2.87333   25.00176    0.15639      52530
  31.11009      2.87242   25.00498    0.15273      52460
  31.12009      2.87152   25.02935    0.15586      52446
  31.13009      2.87062   25.02401    0.14999      52538
  31.14009      2.86973   25.04793    0.16006      52445
  31.15009      2.86883   25.05675    0.15051      52738
  31.16009      2.86793   25.06609    0.15242      52538
  31.17009      2.86703   25.06942    0.14177      52654
  31.18009      2.86614   25.08769    0.14988      52703
  31.19009      2.86524   25.10020    0.16087      52620
  31.20009      2.86434   25.11542    0.15226      52779
  31.21009      2.86345   25.12383    0.16376      52720
  31.22009      2.86255   25.12904    0.15617      52714
  31.23009      2.86166   25.16402    0.16163      52891
  31.24009      2.86077   25.14381    0.16174      52614
  31.25009      2.85987   25.19741    0.15828      52843
  31.26009      2.85898   25.17331    0.14689      52858
  31.27009      2.85809   25.20022    0.14712      52855
  31.28009      2.85720   25.20306    0.15175      52846
  31.29009      2.85631   25.20699    0.14695      52582
  31.30009      2.85542   25.24172    0.14316      52955
  31.31009      2.85453   25.24705    0.15908      52812
  31.32009      2.85364   25.25236    0.15269      52757
  31.33009      2.85275   25.27678    0.15778      53170
  31.34009      2.85187   25.28717    0.16512      52755
  31.35009      2.85098   25.28181    0.15779      53038
  31.36009      2.85009   25.31333    0.15009      53132
  31.37009      2.84921   25.31089    0.14939      52976
  31.38009      2.84832   25.32276    0.14857      53206
  31.39009      2.84744   25.31948    0.16209      52953
  31.40009      2.84655   25.33050    0.15597      53178
  31.41009      2.84567   25.34876    0.15657      53143
  31.42009      2.84479   25.35769    0.16980      53030
  31.43009      2.84391   25.35253    0.15010      53161
  31.44008      2.84302   25.36219    0.15307      53011
  31.45008      2.84214   25.37046    0.16041      52785
  31.46008      2.84126   25.35652    0.14096      53149
  31.47008      2.84038   25.37633    0.14102      53186
  31.48008      2.83950   25.36210    0.15593      52921
  31.49008      2.83862   25.37111    0.15220      53470
  31.50008      2.83775   25.37038    0.15752      53141
  31.51008      2.83687   25.37285    0.15592      53538
  31.52008      2.83599   25.38077    0.15825      53284
  31.53008      2.83511   25.36247    0.15358      53295
  31.54008      2.83424   25.36896    0.16362      53449
  31.55008      2.83336   25.36050    0.15091      53230
  31.56008      2.83249   25.34459    0.15990      53531
  31.57008      2.83161   25.35686    0.14878      53306
  31.58008      2.83074   25.32936    0.15161      53579
  31.59008      2.82987   25.33447    0.14670      53590
  31.60008      2.82899   25.31354    0.16306      53158
  31.61008      2.82812   25.30670    0.15013      53477
  31.62008      2.82725   25.30305    0.15267      53001
  31.63008      2.82638   25.29616    0.15161      53678
  31.64008      2.82551   25.26969    0.15450      53336
  31.65008      2.82464   25.27754    0.15356      53591
  31.66008      2.82377   25.24967    0.15114      53550
  31.67008      2.82290   25.24442    0.13997      53569
  31.68008      2.82203   25.20911    0.15550      53746
  31.69008      2.82116   25.20684    0.16103      53577
  31.70008      2.82030   25.19432    0.16039      53618
  31.71008      2.81943   25.16008    0.15117      53585
  31.72008      2.81856   25.17698    0.15161      53714
  31.73008      2.81770   25.12765    0.17111      53776
  31.74008      2.81683   25.11190    0.15848      53571
  31.75008      2.81597   25.11493    0.14954      53798
  31.76008      2.81511   25.06488    0.14452      53731
  31.77008      2.81424   25.08062    0.14659      53654
  31.78007      2.81338   25.04222    0.14672      53640
  31.79007      2.81252   25.03469    0.14336      53731
  31.80007      2.81166   25.01444    0.14990      53848
  31.81007      2.81080   24.99525    0.15733      53824
  31.82007      2.80994   24.97577    0.15110      53885
  31.83007      2.80908   24.96178    0.15935      53785
  31.84007      2.80822   24.93711    0.15884      53902
  31.85007      2.80736   24.91743    0.15108      53876
  31.86007      2.80650   24.89714    0.14681      53954
  31.87007      2.80564   24.87885    0.14212      53957
  31.88007      2.80478   24.87328    0.15272      53898
  31.89007      2.80393   24.83665    0.16320      53955
  31.90007      2.80307   24.84567    0.15864      54076
  31.91007      2.80222   24.82827    0.15257      54097
  31.92007      2.80136   24.78169    0.14847      54084
  31.93007      2.80051   24.79425    0.15059      53887
  31.94007      2.79965   24.75971    0.15365      53933
  31.95007      2.79880   24.75422    0.14146      53980
  31.96007      2.79795   24.73464    0.14876      54026
  31.97007      2.79709   24.70528    0.14056      53925
  31.98007      2.79624   24.72085    0.14960      54186
  31.99007      2.79539   24.68415    0.15599      54136
  32.00007      2.79454   24.66123    0.15015      54024
  32.01007      2.79369   24.65415    0.14692      54174
  32.02007      2.79284   24.65375    0.15896      54378
  32.03007      2.79199   24.63402    0.15444      54158
  32.04007      2.79114   24.63191    0.16555      54363
  32.05007      2.79029   24.58888    0.14776      54182
  32.06007      2.78945   24.59521    0.14704      54328
  32.07007      2.78860   24.56710    0.14309      54484
  32.08007      2.78775   24.56276    0.15331      54274
  32.09007      2.78691   24.54377    0.14719      54400
  32.10007      2.78606   24.52330    0.15598      54040
  32.11007      2.78522   24.51830    0.13978      54209
  32.12007      2.78437   24.50022    0.15003      54287
  32.13006      2.78353   24.50231    0.15753      54224
  32.14006      2.78269   24.46707    0.14256      54532
  32.15006      2.78184   24.46563    0.14865      54424
  32.16006      2.78100   24.46483    0.14922      54468
  32.17006      2.78016   24.45185    0.15151      54579
  32.18006      2.77932   24.41635    0.13976      54506
  32.19006      2.77848   24.42290    0.16225      54479
  32.20006      2.77764   24.41297    0.15928      54534
  32.21006      2.77680   24.37708    0.14525      54412
  32.22006      2.77596   24.39352    0.15413      54891
  32.23006      2.77512   24.38534    0.15480      54539
  32.24006      2.77428   24.37324    0.15538      54762
  32.25006      2.77345   24.36169    0.14632      54621
  32.26006      2.77261   24.34948    0.14218      54356
  32.27006      2.77177   24.34540    0.13834      54574
  32.28006      2.77094   24.31208    0.14320      54525
  32.29006      2.77010   24.33410    0.14696      54604
  32.30006      2.76927   24.30556    0.15083      54743
  32.31006      2.76843   24.29772    0.15755      54457
  32.32006      2.76760   24.31553    0.15853      55122
  32.33006      2.76676   24.28634    0.14830      54814
  32.34006      2.76593   24.26550    0.14169      54983
  32.35006      2.76510   24.26758    0.14622      54888
  32.36006      2.76427   24.25955    0.14981      54740
  32.37006      2.76344   24.26590    0.14775      55171
  32.38006      2.76261   24.25119    0.15169      54822
  32.39006      2.76178   24.25629    0.15233      54808
  32.40006      2.76095   24.23574    0.15612      55111
  32.41006      2.76012   24.24180    0.15641      55055
  32.42006      2.75929   24.22367    0.13898      55025
  32.43006      2.75846   24.22091    0.14542      54766
  32.44006      2.75763   24.22602    0.14329      54918
  32.45006      2.75681   24.23102    0.14585      54982
  32.46006      2.75598   24.21269    0.14432      54929
  32.47005      2.75515   24.20516    0.14571      55116
  32.48005      2.75433   24.21883    0.14484      55278
  32.49005      2.75350   24.22454    0.15217      54921
  32.50005      2.75268   24.21694    0.14744      55222
  32.51005      2.75186   24.21728    0.15421      55077
  32.52005      2.75103   24.20473    0.16080      55168
  32.53005      2.75021   24.22365    0.14762      55418
  32.54005      2.74939   24.20641    0.15015      55009
  32.55005      2.74857   24.22785    0.15339      55253
  32.56005      2.74774   24.21934    0.13642      55360
  32.57005      2.74692   24.23279    0.15710      55299
  32.58005      2.74610   24.22490    0.14020      55453
  32.59005      2.74528   24.20582    0.15319      55050
  32.60005      2.74446   24.23401    0.14650      55303
  32.61005      2.74365   24.23839    0.14211      55273
  32.62005      2.74283   24.23859    0.15249      55093
  32.63005      2.74201   24.24141    0.13966      55519
  32.64005      2.74119   24.24707    0.14652      55195
  32.65005      2.74038   24.27175    0.15191      55718
  32.66005      2.73956   24.27008    0.14251      55400
  32.67005      2.73874   24.26575    0.15304      55438
  32.68005      2.73793   24.28241    0.14352      55646
  32.69005      2.73711   24.28578    0.15875      55363
  32.70005      2.73630   24.29149    0.14591      55793
  32.71005      2.73549   24.29807    0.15455      55767
  32.72005      2.73467   24.31145    0.16357      55269
  32.73005      2.73386   24.34759    0.14506      55982
  32.74005      2.73305   24.34038    0.14867      55527
  32.75005      2.73224   24.34633    0.14321      55504
  32.76005      2.73143   24.36031    0.14039      55742
  32.77005      2.73061   24.37391    0.13762      55220
  32.78005      2.72980   24.40556    0.14431      55753
  32.79005      2.72899   24.40558    0.14970      55613
  32.80005      2.72819   24.44208    0.15898      55721
  32.81005      2.72738   24.45005    0.14587      55900
  32.82004      2.72657   24.46983    0.15938      55401
  32.83004      2.72576   24.50389    0.15049      56007
  32.84004      2.72495   24.52000    0.13850      55730
  32.85004      2.72415   24.53917    0.14239      55600
  32.86004      2.72334   24.56702    0.16177      56033
  32.87004      2.72254   24.58976    0.15294      55668
  32.88004      2.72173   24.61314    0.14903      56138
  32.89004      2.72093   24.64859    0.15385      55748
  32.90004      2.72012   24.66150    0.15561      55843
  32.91004      2.71932   24.68267    0.14354      55933
  32.92004      2.71851   24.71681    0.14746      55815
  32.93004      2.71771   24.74140    0.13793      55669
  32.94004      2.71691   24.78880    0.14642      56069
  32.95004      2.71611   24.81588    0.14425      55621
  32.96004      2.71531   24.85425    0.15749      56174
  32.97004      2.71451   24.88349    0.14037      56013
  32.98004      2.71371   24.90712    0.14587      55805
  32.99004      2.71291   24.93985    0.15999      56248
  33.00004      2.71211   24.97992    0.15193      55765
  33.01004      2.71131   25.03835    0.15222      56494
  33.02004      2.71051   25.06502    0.16497      56128
  33.03004      2.70971   25.10433    0.15139      55898
  33.04004      2.70892   25.14749    0.14710      56348
  33.05004      2.70812   25.20064    0.13621      55958
  33.06004      2.70732   25.24623    0.16774      56334
  33.07004      2.70653   25.30407    0.14669      56327
  33.08004      2.70573   25.33189    0.14976      55979
  33.09004      2.70494   25.39589    0.14381      56226
  33.10004      2.70414   25.43769    0.15506      55730
  33.11004      2.70335   25.49907    0.15159      56336
  33.12004      2.70255   25.53864    0.14528      56370
  33.13004      2.70176   25.61305    0.14791      56174
  33.14004      2.70097   25.68791    0.14978      56442
  33.15004      2.70018   25.72627    0.15979      56194
  33.16003      2.69939   25.79753    0.14990      56538
  33.17003      2.69860   25.83488    0.15524      56608
  33.18003      2.69780   25.93471    0.15289      56226
  33.19003      2.69701   26.00170    0.15559      56448
  33.20003      2.69623   26.06976    0.14664      56569
  33.21003      2.69544   26.15565    0.16639      56421
  33.22003      2.69465   26.21349    0.15877      56688
  33.23003      2.69386   26.30049    0.16591      56166
  33.24003      2.69307   26.38094    0.14380      56438
  33.25003      2.69229   26.47266    0.13739      56647
  33.26003      2.69150   26.53583    0.14276      56606
  33.27003      2.69071   26.64200    0.16481      56591
  33.28003      2.68993   26.71709    0.15871      56195
  33.29003      2.68914   26.83547    0.14320      56846
  33.30003      2.68836   26.91735    0.17114      56588
  33.31003      2.68757   27.01023    0.16344      56600
  33.32003      2.68679   27.13602    0.15291      56919
  33.33003      2.68601   27.22009    0.15328      56499
  33.34003      2.68522   27.33696    0.14412      56964
  33.35003      2.68444   27.44805    0.16114      56527
  33.36003      2.68366   27.53954    0.15889      56704
  33.37003      2.68288   27.72291    0.17706      57097
  33.38003      2.68210   27.78569    0.16298      56475
  33.39003      2.68132   27.93445    0.15914      56921
  33.40003      2.68054   28.03802    0.14841      56952
  33.41003      2.67976   28.18332    0.16131      56462
  33.42003      2.67898   28.31797    0.14844      57030
  33.43003      2.67820   28.42530    0.16706      56716
  33.44003      2.67742   28.61327    0.14393      56980
  33.45003      2.67664   28.72655    0.15957      56871
  33.46003      2.67587   28.90428    0.16500      56749
  33.47003      2.67509   29.01908    0.16135      57185
  33.48003      2.67431   29.18407    0.16396      57036
  33.49003      2.67354   29.39823    0.15773      57069
  33.50002      2.67276   29.52711    0.17030      57028
  33.51002      2.67199   29.73514    0.17278      56978
  33.52002      2.67121   29.87530    0.16001      57522
  33.53002      2.67044   30.11769    0.16804      56836
  33.54002      2.66967   30.30174    0.15405      57411
  33.55002      2.66889   30.49248    0.16264      57310
  33.56002      2.66812   30.68891    0.18187      57134
  33.57002      2.66735   30.91125    0.16745      57101
  33.58002      2.66658   31.11630    0.16011      57156
  33.59002      2.66581   31.32623    0.15959      57032
  33.60002      2.66504   31.56406    0.16376      57356
  33.61002      2.66427   31.79171    0.15638      57184
  33.62002      2.66350   32.04166    0.17718      57190
  33.63002      2.66273   32.28961    0.16889      57366
  33.64002      2.66196   32.51914    0.16381      57162
  33.65002      2.66119   32.84977    0.16939      57561
  33.66002      2.66042   33.03861    0.18521      57178
  33.67002      2.65966   33.35324    0.17491      57329
  33.68002      2.65889   33.55044    0.16737      57596
  33.69002      2.65812   33.88876    0.18201      57127
  33.70002      2.65736   34.20285    0.17473      57767
  33.71002      2.65659   34.45170    0.17784      57369
  33.72002      2.65583   34.83895    0.18309      57581
  33.73002      2.65506   35.03903    0.17444      57450
  33.74002      2.65430   35.41638    0.16735      57399
  33.75002      2.65354   35.71262    0.16096      57632
  33.76002      2.65277   35.93034    0.16468      57333
  33.77002      2.65201   36.37506    0.19222      57784
  33.78002      2.65125   36.66959    0.20243      57348
  33.79002      2.65049   37.08065    0.17641      57495
  33.80002      2.64972   37.35736    0.17568      57944
  33.81002      2.64896   37.69304    0.17991      57536
  33.82002      2.64820   38.11693    0.17953      57712
  33.83002      2.64744   38.45840    0.18567      57488
  33.84002      2.64668   38.88357    0.18305      57879
  33.85001      2.64592   39.18160    0.18875      57772
  33.86001      2.64517   39.59832    0.20756      57681
  33.87001      2.64441   40.00427    0.18479      57934
  33.88001      2.64365   40.34119    0.19041      57990
  33.89001      2.64289   40.82727    0.20181      57781
  33.90001      2.64214   41.19104    0.17262      57706
  33.91001      2.64138   41.57957    0.17312      57810
  33.92001      2.64062   41.95446    0.18781      57831
  33.93001      2.63987   42.38369    0.19984      57836
  33.94001      2.63911   42.81267    0.19231      57937
  33.95001      2.63836   43.26441    0.19158      57821
  33.96001      2.63761   43.57140    0.18114      57941
  33.97001      2.63685   44.16633    0.19755      57898
  33.98001      2.63610   44.56402    0.22570      58250
  33.99001      2.63535   44.83220    0.20829      58119
  34.00001      2.63459   45.43989    0.18208      58088
  34.01001      2.63384   45.78030    0.20491      58165
  34.02001      2.63309   46.38105    0.19817      58129
  34.03001      2.63234   46.67316    0.19704      58471
  34.04001      2.63159   47.05168    0.20753      57964
  34.05001      2.63084   47.63878    0.20784      58291
  34.06001      2.63009   47.98953    0.21335      57960
  34.07001      2.62934   48.62258    0.19826      58264
  34.08001      2.62859   48.89208    0.20367      58242
  34.09001      2.62784   49.26173    0.19142      58061
  34.10001      2.62710   49.81677    0.20065      58285
  34.11001      2.62635   50.19173    0.20867      58287
  34.12001      2.62560   50.81377    0.19812      58203
  34.13001      2.62486   51.09260    0.22615      58424
  34.14001      2.62411   51.47057    0.21776      58297
  34.15001      2.62336   52.05788    0.21056      58297
  34.16001      2.62262   52.39405    0.21147      58606
  34.17001      2.62187   52.93266    0.21428      58588
  34.18001      2.62113   53.23283    0.22805      58351
  34.19000      2.62039   53.75455    0.22079      58500
  34.20000      2.61964   54.19870    0.21626      58632
  34.21000      2.61890   54.50014    0.22854      58742
  34.22000      2.61816   55.02552    0.21565      58434
  34.23000      2.61742   55.44095    0.20352      58334
  34.24000      2.61667   55.84918    0.21355      58674
  34.25000      2.61593   56.29116    0.21164      58294
  34.26000      2.61519   56.56076    0.22531      58637
  34.27000      2.61445   57.07057    0.21637      58629
  34.28000      2.61371   57.46217    0.24918      58556
  34.29000      2.61297   57.80184    0.21808      58552
  34.30000      2.61223   58.30147    0.23588      58559
  34.31000      2.61150   58.50721    0.20843      58761
  34.32000      2.61076   59.04739    0.22203      58715
  34.33000      2.61002   59.43314    0.23609      58805
  34.34000      2.60928   59.69747    0.26198      58590
  34.35000      2.60855   60.08671    0.22900      58738
  34.36000      2.60781   60.40667    0.22519      58824
  34.37000      2.60707   60.75657    0.24994      59014
  34.38000      2.60634   61.10922    0.22033      58775
  34.39000      2.60560   61.48593    0.24370      58415
  34.40000      2.60487   61.83469    0.23716      58816
  34.41000      2.60414   62.01873    0.20633      59073
  34.42000      2.60340   62.41347    0.24476      58683
  34.43000      2.60267   62.71110    0.22016      58886
  34.44000      2.60194   62.94671    0.24870      58978
  34.45000      2.60120   63.39469    0.22982      58817
  34.46000      2.60047   63.56746    0.24091      58955
  34.47000      2.59974   63.77372    0.23337      59037
  34.48000      2.59901   64.16948    0.25241      59001
  34.49000      2.59828   64.36853    0.26887      58866
  34.50000      2.59755   64.62179    0.23191      59318
  34.51000      2.59682   64.82186    0.22774      58966
  34.52000      2.59609   65.12167    0.23769      59180
  34.52999      2.59536   65.27390    0.24644      59216
  34.53999      2.59463   65.43590    0.26087      59056
  34.54999      2.59390   65.72481    0.24655      59142
  34.55999      2.59318   65.86307    0.24982      59207
  34.56999      2.59245   66.03017    0.23663      59061
  34.57999      2.59172   66.18969    0.22948      59007
  34.58999      2.59100   66.22944    0.23254      59156
  34.59999      2.59027   66.41219    0.24173      59595
  34.60999      2.58954   66.48181    0.23800      59198
  34.61999      2.58882   66.57647    0.24556      59311
  34.62999      2.58809   66.59860    0.23997      59446
  34.63999      2.58737   66.76347    0.25533      59396
  34.64999      2.58665   66.69697    0.25018      59536
  34.65999      2.58592   66.72589    0.24400      59270
  34.66999      2.58520   66.80998    0.23967      59566
  34.67999      2.58448   66.77940    0.24021      59720
  34.68999      2.58376   66.78612    0.26216      59530
  34.69999      2.58303   66.68291    0.26947      59610
  34.70999      2.58231   66.68035    0.22417      59563
  34.71999      2.58159   66.59831    0.24662      59433
  34.72999      2.58087   66.51788    0.23142      59528
  34.73999      2.58015   66.41333    0.22671      59547
  34.74999      2.57943   66.23894    0.24654      59838
  34.75999      2.57871   66.19929    0.25494      59370
  34.76999      2.57799   66.04797    0.23314      59642
  34.77999      2.57728   65.78856    0.25785      59741
  34.78999      2.57656   65.76334    0.22543      59686
  34.79999      2.57584   65.41529    0.23149      59836
  34.80999      2.57512   65.20950    0.24972      59634
  34.81999      2.57441   65.09019    0.22914      59953
  34.82999      2.57369   64.74470    0.23388      59694
  34.83999      2.57297   64.64169    0.25104      59836
  34.84999      2.57226   64.27321    0.26021      59974
  34.85999      2.57154   63.96003    0.24323      59940
  34.86999      2.57083   63.76353    0.21760      59915
  34.87998      2.57012   63.38860    0.24161      59796
  34.88998      2.56940   63.04730    0.24682      59706
  34.89998      2.56869   62.76368    0.21462      60099
  34.90998      2.56798   62.45086    0.23702      59555
  34.91998      2.56726   62.10441    0.21182      60165
  34.92998      2.56655   61.68182    0.22704      59695
  34.93998      2.56584   61.41734    0.22864      59993
  34.94998      2.56513   60.84209    0.23342      60227
  34.95998      2.56442   60.51454    0.22735      59874
  34.96998      2.56371   60.23252    0.23679      60236
  34.97998      2.56300   59.62202    0.23160      60023
  34.98998      2.56229   59.35355    0.22461      60012
  34.99998      2.56158   58.82226    0.22240      60234
  35.00998      2.56087   58.31796    0.22034      60128
  35.01998      2.56016   58.07108    0.22161      60318
  35.02998      2.55945   57.39359    0.22671      60120
  35.03998      2.55875   57.15688    0.22507      60092
  35.04998      2.55804   56.48493    0.24401      60055
  35.05998      2.55733   56.03569    0.21820      60183
  35.06998      2.55663   55.69027    0.19947      60158
  35.07998      2.55592   55.16201    0.19328      60050
  35.08998      2.55521   54.74345    0.21104      60215
  35.09998      2.55451   54.19765    0.21453      60368
  35.10998      2.55380   53.74583    0.21406      60098
  35.11998      2.55310   53.33017    0.22402      60388
  35.12998      2.55240   52.72849    0.20680      60447
  35.13998      2.55169   52.37466    0.20248      60343
  35.14998      2.55099   51.76418    0.21028      60809
  35.15998      2.55029   51.36450    0.21706      60442
  35.16998      2.54959   50.93668    0.21001      60377
  35.17998      2.54888   50.36496    0.20376      60818
  35.18998      2.54818   49.96378    0.21307      60290
  35.19998      2.54748   49.47751    0.21615      60916
  35.20998      2.54678   48.96612    0.20883      60219
  35.21997      2.54608   48.48776    0.19357      60627
  35.22997      2.54538   48.01437    0.18749      60684
  35.23997      2.54468   47.60044    0.19629      60321
  35.24997      2.54398   47.21369    0.19558      60737
  35.25997      2.54328   46.64685    0.20943      60334
  35.26997      2.54259   46.36348    0.19614      60631
  35.27997      2.54189   45.81815    0.18895      60941
  35.28997      2.54119   45.39724    0.18324      60460
  35.29997      2.54049   45.05800    0.18903      60986
  35.30997      2.53980   44.51702    0.19148      60680
  35.31997      2.53910   44.27949    0.22518      60876
  35.32997      2.53840   43.77257    0.19300      60946
  35.33997      2.53771   43.34505    0.19285      60880
  35.34997      2.53701   43.08478    0.18857      61110
  35.35997      2.53632   42.57422    0.19794      60739
  35.36997      2.53563   42.35264    0.19922      61159
  35.37997      2.53493   41.82361    0.18648      60972
  35.38997      2.53424   41.51679    0.17358      60594
  35.39997      2.53355   41.21535    0.17841      61280
  35.40997      2.53285   40.80574    0.19902      60904
  35.41997      2.53216   40.57590    0.17080      60814
  35.42997      2.53147   40.20080    0.17081      61078
  35.43997      2.53078   39.86978    0.18417      61042
  35.44997      2.53009   39.57131    0.18808      60936
  35.45997      2.52940   39.24829    0.18561      61143
  35.46997      2.52871   39.00530    0.19248      61050
  35.47997      2.52802   38.70353    0.17517      61350
  35.48997      2.52733   38.38170    0.17464      60904
  35.49997      2.52664   38.13595    0.17302      61336
  35.50997      2.52595   37.81494    0.18464      61308
  35.51997      2.52526   37.63439    0.18881      61231
  35.52997      2.52457   37.33669    0.18877      61373
  35.53997      2.52389   37.06099    0.18171      61103
  35.54997      2.52320   36.82178    0.18361      61371
  35.55996      2.52251   36.55847    0.17603      61172
  35.56996      2.52183   36.39324    0.15835      61088
  35.57996      2.52114   36.15521    0.15642      61461
  35.58996      2.52045   35.92461    0.17401      60946
  35.59996      2.51977   35.74343    0.18209      61411
  35.60996      2.51909   35.45731    0.17543      61432
  35.61996      2.51840   35.35587    0.18715      61425
  35.62996      2.51772   35.11293    0.16775      61582
  35.63996      2.51703   34.91241    0.16141      61150
  35.64996      2.51635   34.75438    0.18293      61808
  35.65996      2.51567   34.54131    0.16102      61437
  35.66996      2.51499   34.41101    0.17843      61430
  35.67996      2.51430   34.20068    0.18102      61683
  35.68996      2.51362   34.05638    0.17182      61503
  35.69996      2.51294   33.90535    0.16999      61717
  35.70996      2.51226   33.71121    0.16738      61557
  35.71996      2.51158   33.56827    0.17566      61441
  35.72996      2.51090   33.45621    0.16878      61832
  35.73996      2.51022   33.27242    0.14871      61262
  35.74996      2.50954   33.18075    0.16824      61811
  35.75996      2.50886   33.02316    0.17114      61345
  35.76996      2.50818   32.90476    0.15670      61723
  35.77996      2.50751   32.78461    0.15957      61819
  35.78996      2.50683   32.65237    0.16382      61378
  35.79996      2.50615   32.55744    0.16470      61654
  35.80996      2.50547   32.42335    0.18047      61716
  35.81996      2.50480   32.32221    0.16804      61652
  35.82996      2.50412   32.21345    0.18284      61748
  35.83996      2.50344   32.08962    0.15622      61408
  35.84996      2.50277   32.02719    0.15632      62009
  35.85996      2.50209   31.90969    0.17103      61753
  35.86996      2.50142   31.80338    0.16555      61390
  35.87996      2.50075   31.70636    0.18055      61692
  35.88996      2.50007   31.60339    0.16575      61299
  35.89996      2.49940   31.53561    0.14594      61609
  35.90995      2.49873   31.43270    0.15424      61624
  35.91995      2.49805   31.36073    0.16340      61508
  35.92995      2.49738   31.26129    0.15777      61656
  35.93995      2.49671   31.17201    0.16516      61341
  35.94995      2.49604   31.09747    0.14881      61557
  35.95995      2.49537   31.01390    0.17319      61602
  35.96995      2.49469   30.92889    0.16833      61362
  35.97995      2.49402   30.85598    0.15794      61505
  35.98995      2.49335   30.77305    0.16105      61332
  35.99995      2.49268   30.70203    0.15760      61633
  36.00995      2.49202   30.62680    0.16437      61506
  36.01995      2.49135   30.55038    0.17525      61393
  36.02995      2.49068   30.46986    0.16779      61562
  36.03995      2.49001   30.39799    0.16183      61265
  36.04995      2.48934   30.30593    0.15295      61527
  36.05995      2.48867   30.25095    0.14643      61484
  36.06995      2.48801   30.17784    0.15010      61117
  36.07995      2.48734   30.12901    0.15985      61296
  36.08995      2.48668   30.05645    0.16440      60999
  36.09995      2.48601   30.01266    0.14977      61606
  36.10995      2.48534   29.93088    0.17226      61168
  36.11995      2.48468   29.88443    0.15636      61219
  36.12995      2.48401   29.82346    0.15052      61247
  36.13995      2.48335   29.75584    0.15315      60920
  36.14995      2.48269   29.72045    0.16087      61533
  36.15995      2.48202   29.65109    0.15507      61266
  36.16995      2.48136   29.60790    0.17599      61276
  36.17995      2.48070   29.54757    0.16519      61305
  36.18995      2.48003   29.49895    0.15741      60972
  36.19995      2.47937   29.46323    0.15305      61411
  36.20995      2.47871   29.40785    0.15696      61159
  36.21995      2.47805   29.35452    0.16125      61050
  36.22995      2.47739   29.32871    0.14647      61189
  36.23995      2.47673   29.28033    0.15738      60897
  36.24994      2.47607   29.27645    0.15039      61141
  36.25994      2.47541   29.22995    0.14877      61200
  36.26994      2.47475   29.20653    0.14940      60943
  36.27994      2.47409   29.18758    0.16660      60888
  36.28994      2.47343   29.13981    0.15514      61180
  36.29994      2.47277   29.13799    0.16540      60934
  36.30994      2.47211   29.13026    0.15425      61256
  36.31994      2.47145   29.08841    0.16233      60992
  36.32994      2.47080   29.09402    0.15099      61232
  36.33994      2.47014   29.04505    0.14942      60775
  36.34994      2.46948   29.06323    0.16547      61077
  36.35994      2.46883   29.06361    0.15934      61134
  36.36994      2.46817   29.04255    0.15745      60828
  36.37994      2.46752   29.03947    0.17057      60972
  36.38994      2.46686   29.02454    0.16472      60591
  36.39994      2.46621   29.04532    0.14082      61115
  36.40994      2.46555   29.05246    0.13954      60782
  36.41994      2.46490   29.03280    0.14561      60662
  36.42994      2.46424   29.05076    0.15406      61208
  36.43994      2.46359   29.04049    0.17368      60541
  36.44994      2.46294   29.08197    0.15253      61195
  36.45994      2.46229   29.08668    0.15932      60985
  36.46994      2.46163   29.10647    0.14905      60680
  36.47994      2.46098   29.12591    0.15420      61057
  36.48994      2.46033   29.13471    0.17246      60411
  36.49994      2.45968   29.17843    0.15485      61104
  36.50994      2.45903   29.17781    0.15707      60801
  36.51994      2.45838   29.21051    0.15864      60687
  36.52994      2.45773   29.24578    0.16890      60894
  36.53994      2.45708   29.24372    0.15408      60337
  36.54994      2.45643   29.30609    0.16020      60860
  36.55994      2.45578   29.30514    0.14395      60592
  36.56994      2.45513   29.36622    0.14941      60878
  36.57994      2.45448   29.38422    0.15250      60740
  36.58993      2.45383   29.41692    0.16969      60508
  36.59993      2.45319   29.49727    0.15924      60832
  36.60993      2.45254   29.51043    0.14221      60654
  36.61993      2.45189   29.59762    0.14890      60798
  36.62993      2.45125   29.62010    0.15937      60615
  36.63993      2.45060   29.69324    0.16701      60477
  36.64993      2.44996   29.77514    0.16372      60820
  36.65993      2.44931   29.82036    0.16044      60759
  36.66993      2.44867   29.89006    0.16324      60462
  36.67993      2.44802   29.97636    0.15891      60584
  36.68993      2.44738   30.03296    0.15923      60609
  36.69993      2.44673   30.10436    0.15763      60893
  36.70993      2.44609   30.20955    0.15954      60516
  36.71993      2.44545   30.29637    0.16838      60464
  36.72993      2.44480   30.39558    0.15148      60972
  36.73993      2.44416   30.46546    0.15723      60430
  36.74993      2.44352   30.58977    0.14987      60594
  36.75993      2.44288   30.68574    0.15693      60322
  36.76993      2.44224   30.78589    0.15277      60649
  36.77993      2.44159   30.93470    0.16599      60624
  36.78993      2.44095   31.00666    0.16618      60204
  36.79993      2.44031   31.16693    0.16743      60819
  36.80993      2.43967   31.26880    0.16196      60550
  36.81993      2.43903   31.40283    0.15389      60537
  36.82993      2.43839   31.56152    0.16464      60598
  36.83993      2.43776   31.67898    0.15798      60351
  36.84993      2.43712   31.87156    0.17743      60717
  36.85993      2.43648   32.00512    0.17219      60773
  36.86993      2.43584   32.17594    0.17123      60322
  36.87993      2.43520   32.33713    0.16177      60709
  36.88993      2.43457   32.47209    0.16699      60174
  36.89993      2.43393   32.69824    0.14522      60813
  36.90993      2.43329   32.78404    0.15975      60289
  36.91993      2.43266   33.02785    0.16833      60356
  36.92993      2.43202   33.15582    0.16307      60660
  36.93992      2.43139   33.40728    0.16482      60179
  36.94992      2.43075   33.59116    0.19169      60633
  36.95992      2.43012   33.76786    0.15948      60409
  36.96992      2.42948   34.03087    0.15759      60401
  36.97992      2.42885   34.20660    0.16684      60544
  36.98992      2.42821   34.47076    0.17844      60390
  36.99992      2.42758   34.72010    0.17100      60520
  37.00992      2.42695   34.90078    0.18576      60385
  37.01992      2.42631   35.19168    0.17037      60454
  37.02992      2.42568   35.42887    0.16563      60496
  37.03992      2.42505   35.65494    0.17665      60169
  37.04992      2.42442   35.90885    0.18222      60630
  37.05992      2.42379   36.18654    0.17625      60060
  37.06992      2.42316   36.49867    0.15809      60462
  37.07992      2.42253   36.76723    0.16838      60328
  37.08992      2.42190   36.99498    0.18342      59907
  37.09992      2.42127   37.36968    0.16260      60414
  37.10992      2.42064   37.62442    0.18245      60054
  37.11992      2.42001   38.02148    0.17093      60448
  37.12992      2.41938   38.32765    0.17382      60360
  37.13992      2.41875   38.59653    0.18779      60052
  37.14992      2.41812   38.94012    0.18829      60582
  37.15992      2.41749   39.27233    0.19193      60222
  37.16992      2.41687   39.66479    0.18019      60347
  37.17992      2.41624   40.01381    0.16519      60250
  37.18992      2.41561   40.33345    0.19554      60213
  37.19992      2.41499   40.77999    0.19825      60389
  37.20992      2.41436   41.06092    0.18357      59981
  37.21992      2.41374   41.61851    0.20419      60164
  37.22992      2.41311   41.95700    0.17000      60305
  37.23992      2.41249   42.44572    0.17294      60020
  37.24992      2.41186   42.68372    0.17900      60202
  37.25992      2.41124   43.07767    0.18704      59901
  37.26992      2.41061   43.60811    0.18893      60459
  37.27991      2.40999   43.98734    0.19259      60067
  37.28991      2.40937   44.47214    0.19712      59979
  37.29991      2.40874   44.86194    0.19098      60360
  37.30991      2.40812   45.31065    0.19387      60082
  37.31991      2.40750   45.88502    0.19209      60135
  37.32991      2.40688   46.20691    0.19262      60162
  37.33991      2.40625   46.75778    0.19438      59988
  37.34991      2.40563   47.24645    0.21277      60561
  37.35991      2.40501   47.71289    0.20763      60011
  37.36991      2.40439   48.13042    0.21374      60328
  37.37991      2.40377   48.78064    0.18666      60252
  37.38991      2.40315   49.18003    0.19349      59709
  37.39991      2.40253   49.70349    0.19051      60452
  37.40991      2.40191   50.17166    0.19200      59983
  37.41991      2.40129   50.64904    0.21559      60117
  37.42991      2.40067   51.17744    0.19515      59981
  37.43991      2.40006   51.65422    0.20202      59901
  37.44991      2.39944   52.31873    0.20949      60072
  37.45991      2.39882   52.76070    0.19917      60064
  37.46991      2.39820   53.38510    0.21654      60281
  37.47991      2.39759   53.72689    0.21426      60089
  37.48991      2.39697   54.49132    0.20397      60173
  37.49991      2.39635   54.82520    0.21770      60339
  37.50991      2.39574   55.51525    0.22918      59704
  37.51991      2.39512   55.90180    0.20741      60425
  37.52991      2.39451   56.51462    0.21499      60099
  37.53991      2.39389   57.00391    0.21272      60095
  37.54991      2.39328   57.69113    0.22223      59971
  37.55991      2.39266   58.20858    0.23011      59945
  37.56991      2.39205   58.74058    0.20896      60183
  37.57991      2.39144   59.16672    0.21123      60254
  37.58991      2.39082   59.76909    0.19249      59828
  37.59991      2.39021   60.30664    0.22720      60083
  37.60991      2.38960   60.82508    0.23172      59964
  37.61991      2.38899   61.35860    0.22027      60146
  37.62990      2.38837   61.92435    0.23717      60154
  37.63990      2.38776   62.59030    0.22619      59925
  37.64990      2.38715   62.97236    0.22734      60251
  37.65990      2.38654   63.55538    0.22638      60070
  37.66990      2.38593   64.24210    0.22786      60024
  37.67990      2.38532   64.57040    0.23872      60304
  37.68990      2.38471   65.43538    0.23018      59757
  37.69990      2.38410   65.76634    0.24723      60513
  37.70990      2.38349   66.46408    0.24764      59762
  37.71990      2.38288   66.99412    0.24988      60079
  37.72990      2.38227   67.53139    0.22424      59724
  37.73990      2.38167   68.13047    0.21109      60208
  37.74990      2.38106   68.59613    0.22566      59905
  37.75990      2.38045   69.05036    0.23555      59501
  37.76990      2.37984   69.73309    0.25176      60364
  37.77990      2.37924   70.19472    0.25608      59719
  37.78990      2.37863   70.83186    0.23766      60202
  37.79990      2.37802   71.33908    0.23865      60241
  37.80990      2.37742   71.97390    0.23253      59600
  37.81990      2.37681   72.44751    0.26550      60294
  37.82990      2.37621   72.83325    0.25032      59579
  37.83990      2.37560   73.65000    0.26322      59920
  37.84990      2.37500   73.98299    0.24424      59970
  37.85990      2.37439   74.66282    0.26035      59920
  37.86990      2.37379   75.05077    0.26181      60085
  37.87990      2.37318   75.60544    0.25125      60007
  37.88990      2.37258   76.28464    0.25055      59826
  37.89990      2.37198   76.68310    0.24241      60084
  37.90990      2.37138   77.27655    0.25754      59719
  37.91990      2.37077   77.62982    0.25183      59926
  37.92990      2.37017   78.17353    0.25687      59669
  37.93990      2.36957   78.76835    0.26370      59848
  37.94990      2.36897   79.14004    0.23638      59999
  37.95990      2.36837   79.75744    0.27310      59485
  37.96989      2.36777   80.01876    0.27564      60176
  37.97989      2.36717   80.52554    0.27126      59724
  37.98989      2.36657   81.07116    0.26537      60018
  37.99989      2.36597   81.49940    0.26751      60196
  38.00989      2.36537   81.96075    0.25388      59910
  38.01989      2.36477   82.33850    0.27595      60095
  38.02989      2.36417   82.77385    0.28349      59797
  38.03989      2.36357   83.21312    0.26348      60131
  38.04989      2.36297   83.61078    0.27668      59642
  38.05989      2.36237   84.00956    0.27922      59809
  38.06989      2.36178   84.34476    0.25174      60233
  38.07989      2.36118   84.73763    0.25646      59542
  38.08989      2.36058   85.13787    0.26214      59992
  38.09989      2.35999   85.49362    0.26195      59856
  38.10989      2.35939   85.85754    0.27067      60001
  38.11989      2.35879   86.16583    0.29488      60104
  38.12989      2.35820   86.48281    0.26643      59696
  38.13989      2.35760   86.84327    0.28075      60151
  38.14989      2.35701   87.06779    0.27842      59773
  38.15989      2.35641   87.43548    0.25808      59987
  38.16989      2.35582   87.64690    0.28337      59950
  38.17989      2.35522   87.93735    0.27086      59923
  38.18989      2.35463   88.22762    0.30891      59774
  38.19989      2.35404   88.44742    0.27668      59881
  38.20989      2.35344   88.78565    0.27109      60007
  38.21989      2.35285   88.91864    0.27743      59813
  38.22989      2.35226   89.20501    0.27730      59898
  38.23989      2.35167   89.33821    0.26500      60183
  38.24989      2.35108   89.55995    0.26110      59848
  38.25989      2.35048   89.77350    0.27554      59535
  38.26989      2.34989   89.93703    0.27550      59964
  38.27989      2.34930   90.08159    0.29556      59632
  38.28989      2.34871   90.26705    0.26851      59750
  38.29989      2.34812   90.40801    0.26250      59801
  38.30988      2.34753   90.57884    0.27450      59896
  38.31988      2.34694   90.72115    0.29497      59946
  38.32988      2.34635   90.81474    0.27574      59841
  38.33988      2.34576   90.99307    0.28890      60113
  38.34988      2.34517   91.06601    0.28126      60020
  38.35988      2.34459   91.18854    0.26907      59766
  38.36988      2.34400   91.37987    0.29165      59982
  38.37988      2.34341   91.42629    0.27298      59629
  38.38988      2.34282   91.64923    0.30986      59733
  38.39988      2.34224   91.71782    0.27404      59748
  38.40988      2.34165   91.91832    0.25166      59681
  38.41988      2.34106   91.96997    0.26501      60134
  38.42988      2.34048   92.17327    0.28482      59546
  38.43988      2.33989   92.24104    0.26400      59940
  38.44988      2.33931   92.43773    0.27873      59653
  38.45988      2.33872   92.56980    0.27686      59923
  38.46988      2.33813   92.74787    0.27760      59920
  38.47988      2.33755   92.94543    0.31375      59522
  38.48988      2.33697   93.16398    0.25839      60107
  38.49988      2.33638   93.35927    0.28658      59623
  38.50988      2.33580   93.47149    0.27256      60159
  38.51988      2.33522   93.80094    0.30487      59678
  38.52988      2.33463   93.98751    0.26361      60169
  38.53988      2.33405   94.24025    0.31596      59787
  38.54988      2.33347   94.51192    0.28215      59821
  38.55988      2.33288   94.80469    0.29527      59665
  38.56988      2.33230   95.12293    0.25276      59854
  38.57988      2.33172   95.50708    0.25261      59852
  38.58988      2.33114   95.94332    0.28033      59976
  38.59988      2.33056   96.10623    0.29623      59495
  38.60988      2.32998   96.79224    0.27445      60067
  38.61988      2.32940   96.95418    0.28068      59776
  38.62988      2.32882   97.67056    0.27897      59923
  38.63988      2.32824   98.00131    0.29622      59755
  38.64988      2.32766   98.45779    0.28786      59749
  38.65987      2.32708   99.13511    0.27660      59820
  38.66987      2.32650   99.42228    0.28063      60016
  38.67987      2.32592  100.45408    0.32760      59943
  38.68987      2.32534  100.76449    0.28378      60124
  38.69987      2.32477  101.48432    0.28509      59829
  38.70987      2.32419  102.10404    0.29828      59861
  38.71987      2.32361  102.68198    0.28816      59726
  38.72987      2.32304  103.72033    0.30485      59611
  38.73987      2.32246  104.23706    0.28759      60132
  38.74987      2.32188  105.03630    0.27182      59642
  38.75987      2.32131  105.68206    0.29374      59912
  38.76987      2.32073  106.70297    0.27234      59972
  38.77987      2.32016  107.67869    0.28619      59814
  38.78987      2.31958  108.56792    0.30027      59957
  38.79987      2.31901  109.24234    0.31147      59976
  38.80987      2.31843  110.57086    0.30213      60059
  38.81987      2.31786  111.17251    0.31052      59677
  38.82987      2.31728  112.54654    0.30357      59928
  38.83987      2.31671  113.47851    0.30458      59924
  38.84987      2.31614  114.80061    0.30555      60140
  38.85987      2.31556  115.90653    0.29541      59933
  38.86987      2.31499  116.63496    0.31164      59989
  38.87987      2.31442  118.45837    0.32995      59855
  38.88987      2.31385  119.14751    0.32584      60015
  38.89987      2.31327  120.60813    0.31070      59548
  38.90987      2.31270  121.92912    0.29721      59981
  38.91987      2.31213  122.78827    0.29087      60013
  38.92987      2.31156  124.57915    0.31303      59550
  38.93987      2.31099  125.30870    0.30012      59969
  38.94987      2.31042  127.32847    0.32969      59824
  38.95987      2.30985  128.53713    0.32779      59974
  38.96987      2.30928  129.67460    0.32361      59811
  38.97987      2.30871  131.41734    0.31281      59868
  38.98987      2.30814  132.66152    0.30974      59791
  38.99986      2.30757  134.01117    0.36063      59986
  39.00986      2.30700  135.69072    0.34373      60112
  39.01986      2.30644  136.93960    0.33551      59868
  39.02986      2.30587  138.87749    0.32321      59993
  39.03986      2.30530  140.42320    0.35024      59684
  39.04986      2.30473  141.67457    0.34236      60030
  39.05986      2.30417  143.47250    0.33854      59779
  39.06986      2.30360  144.76523    0.33981      59733
  39.07986      2.30303  146.67634    0.31314      59980
  39.08986      2.30247  147.48780    0.34482      59850
  39.09986      2.30190  149.61357    0.36159      59536
  39.10986      2.30134  151.25426    0.32674      60133
  39.11986      2.30077  152.57594    0.33989      59854
  39.12986      2.30021  155.09451    0.34003      59621
  39.13986      2.29964  155.43286    0.33607      59768
  39.14986      2.29908  157.99839    0.36138      59891
  39.15986      2.29851  159.13607    0.39556      59890
  39.16986      2.29795  160.48801    0.37545      59865
  39.17986      2.29738  162.56553    0.35543      59939
  39.18986      2.29682  163.95372    0.36057      59885
  39.19986      2.29626  166.33617    0.36707      60037
  39.20986      2.29570  167.17386    0.37556      60177
  39.21986      2.29513  169.33093    0.37540      59543
  39.22986      2.29457  170.99280    0.36879      59882
  39.23986      2.29401  171.80468    0.38742      59771
  39.24986      2.29345  174.50458    0.35054      59809
  39.25986      2.29289  175.02177    0.36415      60106
  39.26986      2.29233  177.11525    0.36088      59838
  39.27986      2.29177  178.89839    0.39399      59846
  39.28986      2.29121  179.93568    0.35945      60076
  39.29986      2.29065  182.21489    0.41753      59659
  39.30986      2.29009  183.48109    0.37827      60200
  39.31986      2.28953  184.61299    0.38497      59884
  39.32986      2.28897  186.82157    0.42279      59878
  39.33985      2.28841  187.97667    0.38111      59913
  39.34985      2.28785  190.11087    0.40508      59921
  39.35985      2.28729  191.34281    0.41159      60208
  39.36985      2.28673  193.14401    0.43040      60027
  39.37985      2.28618  194.38892    0.39072      60133
  39.38985      2.28562  195.85409    0.39222      59806
  39.39985      2.28506  198.05878    0.41609      59967
  39.40985      2.28451  198.70891    0.38899      59756
  39.41985      2.28395  200.77514    0.39521      60111
  39.42985      2.28339  202.16370    0.40474      59631
  39.43985      2.28284  203.54896    0.40247      59806
  39.44985      2.28228  205.25523    0.41977      60054
  39.45985      2.28173  206.10394    0.44952      60126
  39.46985      2.28117  207.99004    0.39688      59849
  39.47985      2.28062  209.15629    0.40628      60097
  39.48985      2.28006  210.32324    0.43085      59889
  39.49985      2.27951  212.16360    0.42806      59763
  39.50985      2.27895  212.88411    0.44224      59878
  39.51985      2.27840  214.45299    0.46903      60079
  39.52985      2.27785  215.48092    0.40983      60277
  39.53985      2.27729  216.67949    0.44991      60091
  39.54985      2.27674  218.12679    0.42273      59935
  39.55985      2.27619  219.05420    0.44951      59847
  39.56985      2.27564  220.14189    0.45040      59879
  39.57985      2.27508  220.92963    0.40910      59815
  39.58985      2.27453  222.07202    0.41975      59923
  39.59985      2.27398  222.87951    0.43621      59958
  39.60985      2.27343  223.62789    0.44509      59915
  39.61985      2.27288  224.76329    0.42969      59988
  39.62985      2.27233  225.26042    0.44473      60156
  39.63985      2.27178  226.13797    0.44258      59979
  39.64985      2.27123  226.48690    0.44778      59933
  39.65985      2.27068  227.18015    0.44564      59891
  39.66985      2.27013  227.55120    0.43905      60328
  39.67985      2.26958  227.89846    0.46034      59959
  39.68984      2.26903  228.25169    0.44377      60135
  39.69984      2.26848  228.85842    0.46455      59929
  39.70984      2.26794  228.87280    0.44397      60161
  39.71984      2.26739  229.15273    0.47792      60036
  39.72984      2.26684  229.10738    0.47065      59995
  39.73984      2.26629  229.19030    0.42759      60221
  39.74984      2.26575  228.62553    0.41484      60025
  39.75984      2.26520  229.16487    0.41385      60151
  39.76984      2.26465  228.65887    0.44806      59895
  39.77984      2.26411  228.67825    0.46390      60300
  39.78984      2.26356  228.27437    0.43596      59993
  39.79984      2.26301  227.55472    0.43406      60109
  39.80984      2.26247  227.27968    0.45398      60358
  39.81984      2.26192  226.40299    0.45256      60346
  39.82984      2.26138  225.98083    0.45028      59999
  39.83984      2.26083  225.23957    0.41440      60312
  39.84984      2.26029  224.69577    0.45680      60124
  39.85984      2.25975  223.92924    0.44886      59994
  39.86984      2.25920  223.05533    0.46157      60414
  39.87984      2.25866  222.20301    0.44745      60100
  39.88984      2.25812  220.50818    0.44549      60305
  39.89984      2.25757  219.77147    0.43159      60084
  39.90984      2.25703  218.67168    0.42924      60252
  39.91984      2.25649  217.30520    0.40160      59860
  39.92984      2.25595  216.10824    0.42935      60073
  39.93984      2.25540  215.24536    0.39565      60106
  39.94984      2.25486  213.54070    0.44981      60493
  39.95984      2.25432  212.33678    0.42027      60080
  39.96984      2.25378  210.09478    0.40850      60184
  39.97984      2.25324  209.09737    0.44612      60197
  39.98984      2.25270  207.02704    0.43052      60132
  39.99984      2.25216  205.54379    0.40930      60317
  40.00984      2.25162  204.14559    0.42546      60162
  40.01984      2.25108  201.96238    0.41518      60207
  40.02983      2.25054  200.59589    0.42322      60288
  40.03983      2.25000  197.98586    0.40725      60414
  40.04983      2.24946  196.47792    0.43919      60346
  40.05983      2.24892  194.31516    0.38556      60074
  40.06983      2.24839  192.29260    0.43867      60152
  40.07983      2.24785  190.78697    0.39687      60141
  40.08983      2.24731  188.03321    0.36594      60143
  40.09983      2.24677  186.73708    0.37134      60435
  40.10983      2.24624  184.44026    0.38837      60117
  40.11983      2.24570  182.10751    0.37495      60141
  40.12983      2.24516  180.06445    0.40687      60363
  40.13983      2.24463  177.57059    0.39435      60076
  40.14983      2.24409  175.91340    0.37949      60434
  40.15983      2.24356  173.86575    0.38210      60198
  40.16983      2.24302  170.95739    0.36978      60527
  40.17983      2.24248  169.34564    0.39805      60064
  40.18983      2.24195  166.74475    0.37804      60287
  40.19983      2.24142  164.81504    0.36612      60193
  40.20983      2.24088  162.85335    0.38035      60211
  40.21983      2.24035  160.28803    0.37484      60302
  40.22983      2.23981  158.42481    0.40692      60032
  40.23983      2.23928  155.25607    0.34669      60110
  40.24983      2.23875  154.19761    0.34232      60280
  40.25983      2.23821  151.29791    0.34285      60055
  40.26983      2.23768  149.76750    0.34293      59847
  40.27983      2.23715  147.79784    0.32290      60124
  40.28983      2.23662  145.08255    0.34858      60174
  40.29983      2.23608  143.55047    0.35213      59758
  40.30983      2.23555  140.81048    0.35612      60335
  40.31983      2.23502  138.90288    0.33245      60076
  40.32983      2.23449  137.05252    0.34755      59934
  40.33983      2.23396  134.83466    0.35006      59977
  40.34983      2.23343  133.40478    0.33112      60058
  40.35983      2.23290  130.63528    0.33669      59906
  40.36982      2.23237  128.91531    0.33784      60327
  40.37982      2.23184  126.75167    0.30903      59849
  40.38982      2.23131  124.80161    0.36028      59777
  40.39982      2.23078  123.01143    0.33891      59836
  40.40982      2.23025  121.01425    0.30528      59955
  40.41982      2.22972  119.20556    0.28809      59900
  40.42982      2.22919  117.66271    0.31277      59507
  40.43982      2.22867  115.42863    0.31036      59659
  40.44982      2.22814  114.12423    0.29228      59683
  40.45982      2.22761  111.84481    0.29362      59836
  40.46982      2.22708  110.66170    0.32275      59989
  40.47982      2.22656  108.90705    0.28919      59732
  40.48982      2.22603  106.79058    0.30798      59589
  40.49982      2.22550  105.62716    0.31209      59753
  40.50982      2.22498  103.26004    0.29892      59482
  40.51982      2.22445  102.19649    0.29852      59750
  40.52982      2.22392  100.56365    0.29208      59894
  40.53982      2.22340   98.78977    0.29203      59716
  40.54982      2.22287   97.59883    0.29876      59629
  40.55982      2.22235   95.51815    0.28115      59434
  40.56982      2.22182   94.19830    0.30146      59549
  40.57982      2.22130   92.55200    0.27407      59371
  40.58982      2.22078   91.29353    0.25734      59633
  40.59982      2.22025   89.96395    0.26447      59796
  40.60982      2.21973   88.42610    0.27525      59446
  40.61982      2.21920   87.35294    0.24613      59516
  40.62982      2.21868   85.75358    0.27794      59548
  40.63982      2.21816   84.34364    0.26007      59462
  40.64982      2.21764   83.28434    0.25811      59553
  40.65982      2.21711   81.70972    0.27955      59312
  40.66982      2.21659   80.65215    0.28071      59327
  40.67982      2.21607   79.41216    0.23972      60011
  40.68982      2.21555   78.07526    0.27978      59298
  40.69982      2.21503   77.07117    0.25477      59653
  40.70982      2.21451   75.57085    0.25784      59521
  40.71981      2.21398   74.85744    0.25558      59588
  40.72981      2.21346   73.35601    0.25200      59349
  40.73981      2.21294   72.27201    0.24234      59499
  40.74981      2.21242   71.26827    0.25211      59332
  40.75981      2.21190   70.09685    0.22100      59305
  40.76981      2.21139   69.31831    0.22709      59572
  40.77981      2.21087   68.05584    0.25263      59357
  40.78981      2.21035   67.26593    0.22461      59394
  40.79981      2.20983   66.21316    0.23000      58932
  40.80981      2.20931   65.11948    0.24138      59502
  40.81981      2.20879   64.50908    0.21667      59141
  40.82981      2.20827   63.22571    0.25282      59858
  40.83981      2.20776   62.56244    0.22566      59138
  40.84981      2.20724   61.65341    0.23818      59396
  40.85981      2.20672   60.64510    0.23781      58893
  40.86981      2.20621   60.02303    0.22111      59256
  40.87981      2.20569   58.88963    0.22126      59316
  40.88981      2.20517   58.28030    0.22438      59583
  40.89981      2.20466   57.37145    0.21684      59219
  40.90981      2.20414   56.42587    0.23067      59145
  40.91981      2.20362   55.86617    0.21147      58992
  40.92981      2.20311   54.83867    0.20045      58935
  40.93981      2.20259   54.43329    0.19975      59187
  40.94981      2.20208   53.60109    0.22371      59208
  40.95981      2.20157   52.78074    0.19662      59168
  40.96981      2.20105   52.23161    0.20719      59059
  40.97981      2.20054   51.28041    0.19499      58866
  40.98981      2.20002   50.97014    0.22933      58811
  40.99981      2.19951   50.10004    0.19800      59327
  41.00981      2.19900   49.46563    0.20035      59238
  41.01981      2.19848   48.87615    0.21177      59155
  41.02981      2.19797   48.11015    0.21071      59069
  41.03981      2.19746   47.76201    0.19522      58852
  41.04981      2.19695   46.96408    0.21022      59041
  41.05980      2.19643   46.42165    0.20295      59001
  41.06980      2.19592   45.83541    0.19082      58968
  41.07980      2.19541   45.15570    0.20498      58967
  41.08980      2.19490   44.75404    0.17582      59050
  41.09980      2.19439   44.14215    0.18027      59068
  41.10980      2.19388   43.63507    0.19348      58709
  41.11980      2.19337   43.19482    0.19015      58920
  41.12980      2.19286   42.57076    0.17726      58734
  41.13980      2.19235   42.24881    0.18066      59097
  41.14980      2.19184   41.61140    0.18872      58743
  41.15980      2.19133   41.14538    0.18021      59140
  41.16980      2.19082   40.75424    0.18241      58686
  41.17980      2.19031   40.20678    0.18826      59080
  41.18980      2.18980   39.88862    0.20321      58798
  41.19980      2.18929   39.30824    0.18170      58908
  41.20980      2.18879   38.95656    0.17180      58823
  41.21980      2.18828   38.53571    0.18948      59011
  41.22980      2.18777   38.06505    0.17739      58943
  41.23980      2.18726   37.69637    0.17784      58658
  41.24980      2.18676   37.16014    0.17714      58764
  41.25980      2.18625   36.91753    0.16349      58637
  41.26980      2.18574   36.52619    0.17042      59014
  41.27980      2.18524   36.16697    0.16604      58407
  41.28980      2.18473   35.81640    0.16554      58746
  41.29980      2.18422   35.38226    0.16421      58619
  41.30980      2.18372   35.09407    0.16775      58725
  41.31980      2.18321   34.76061    0.16974      58619
  41.32980      2.18271   34.37132    0.16523      58662
  41.33980      2.18220   34.16828    0.17187      58651
  41.34980      2.18170   33.71630    0.17528      58588
  41.35980      2.18119   33.48337    0.17908      58514
  41.36980      2.18069   33.12105    0.16180      58730
  41.37980      2.18019   32.82253    0.17035      58337
  41.38980      2.17968   32.61709    0.15524      58711
  41.39979      2.17918   32.23692    0.17633      58488
  41.40979      2.17867   32.00065    0.16279      57880
  41.41979      2.17817   31.64680    0.15625      58659
  41.42979      2.17767   31.39749    0.15488      58198
  41.43979      2.17717   31.18082    0.15160      58368
  41.44979      2.17666   30.89794    0.15536      58101
  41.45979      2.17616   30.72874    0.16343      58033
  41.46979      2.17566   30.40516    0.15122      58273
  41.47979      2.17516   30.15227    0.15017      58176
  41.48979      2.17466   29.92839    0.15558      58199
  41.49979      2.17416   29.67809    0.15335      58217
  41.50979      2.17366   29.49853    0.16841      57978
  41.51979      2.17316   29.24973    0.15556      58342
  41.52979      2.17266   29.00092    0.16237      57768
  41.53979      2.17216   28.84444    0.15629      58224
  41.54979      2.17166   28.52567    0.15188      58312
  41.55979      2.17116   28.39899    0.14765      58100
  41.56979      2.17066   28.13233    0.16156      58006
  41.57979      2.17016   27.94962    0.15309      57879
  41.58979      2.16966   27.74555    0.14881      57889
  41.59979      2.16916   27.54353    0.13848      58050
  41.60979      2.16866   27.37632    0.14673      57915
  41.61979      2.16817   27.15192    0.14668      57552
  41.62979      2.16767   27.02677    0.15237      57816
  41.63979      2.16717   26.82380    0.13353      57715
  41.64979      2.16667   26.65161    0.14153      58131
  41.65979      2.16618   26.49006    0.15932      57605
  41.66979      2.16568   26.26596    0.15455      57829
  41.67979      2.16518   26.16182    0.14474      57683
  41.68979      2.16469   26.00016    0.14087      57743
  41.69979      2.16419   25.80156    0.16121      57784
  41.70979      2.16370   25.68882    0.14514      57908
  41.71979      2.16320   25.46978    0.13526      57380
  41.72979      2.16271   25.36898    0.15349      57819
  41.73979      2.16221   25.17216    0.14689      57323
  41.74978      2.16172   25.02120    0.15248      57545
  41.75978      2.16122   24.92978    0.13397      57808
  41.76978      2.16073   24.73440    0.12827      57352
  41.77978      2.16023   24.66406    0.14068      57438
  41.78978      2.15974   24.50330    0.15114      57213
  41.79978      2.15925   24.37210    0.13090      57368
  41.80978      2.15875   24.28152    0.13247      57664
  41.81978      2.15826   24.11808    0.14505      57420
  41.82978      2.15777   24.05014    0.14099      56980
  41.83978      2.15727   23.89938    0.14029      57486
  41.84978      2.15678   23.78547    0.13948      57155
  41.85978      2.15629   23.67194    0.14280      57583
  41.86978      2.15580   23.56025    0.14725      57286
  41.87978      2.15531   23.46566    0.14499      57110
  41.88978      2.15481   23.34488    0.12934      57283
  41.89978      2.15432   23.24634    0.14503      56996
  41.90978      2.15383   23.12502    0.13219      57026
  41.91978      2.15334   23.01009    0.15003      57277
  41.92978      2.15285   22.94359    0.12421      56981
  41.93978      2.15236   22.82605    0.12932      56990
  41.94978      2.15187   22.74774    0.14236      56940
  41.95978      2.15138   22.65978    0.13068      56614
  41.96978      2.15089   22.55112    0.12596      57024
  41.97978      2.15040   22.49520    0.13222      57005
  41.98978      2.14991   22.37562    0.13810      56854
  41.99978      2.14942   22.31837    0.12762      56607
  42.00978      2.14894   22.22147    0.14014      56942
  42.01978      2.14845   22.13342    0.14295      56773
  42.02978      2.14796   22.06351    0.13826      56749
  42.03978      2.14747   21.94911    0.13970      56769
  42.04978      2.14698   21.91025    0.13225      56958
  42.05978      2.14650   21.81224    0.13021      56755
  42.06978      2.14601   21.72312    0.13391      56736
  42.07978      2.14552   21.64658    0.13634      56237
  42.08977      2.14504   21.54859    0.14568      56779
  42.09977      2.14455   21.51266    0.11928      56692
  42.10977      2.14406   21.42280    0.12162      56581
  42.11977      2.14358   21.34417    0.13306      56534
  42.12977      2.14309   21.29792    0.12832      56266
  42.13977      2.14261   21.19205    0.12526      56378
  42.14977      2.14212   21.16300    0.13367      56635
  42.15977      2.14164   21.06183    0.12736      56590
  42.16977      2.14115   21.00693    0.12875      56486
  42.17977      2.14067   20.95044    0.13354      56457
  42.18977      2.14018   20.87713    0.13763      56007
  42.19977      2.13970   20.81280    0.12832      56614
  42.20977      2.13922   20.74154    0.13043      56652
  42.21977      2.13873   20.66700    0.14365      56397
  42.22977      2.13825   20.62185    0.12631      56168
  42.23977      2.13777   20.54379    0.12251      56205
  42.24977      2.13728   20.48370    0.13461      56111
  42.25977      2.13680   20.41699    0.12765      56448
  42.26977      2.13632   20.35129    0.12415      56152
  42.27977      2.13584   20.31679    0.12226      56372
  42.28977      2.13535   20.22668    0.13631      55717
  42.29977      2.13487   20.18885    0.12044      56048
  42.30977      2.13439   20.13256    0.12503      56065
  42.31977      2.13391   20.08256    0.12112      56466
  42.32977      2.13343   20.03356    0.12405      55951
  42.33977      2.13295   19.95650    0.13661      56080
  42.34977      2.13247   19.91107    0.13199      55770
  42.35977      2.13199   19.87651    0.12558      56164
  42.36977      2.13151   19.82444    0.13354      56162
  42.37977      2.13103   19.77527    0.12967      55986
  42.38977      2.13055   19.69976    0.12542      56056
  42.39977      2.13007   19.66405    0.11605      55831
  42.40977      2.12959   19.62039    0.13533      55867
  42.41977      2.12911   19.57233    0.13474      55601
  42.42977      2.12863   19.51557    0.12202      56169
  42.43976      2.12815   19.44745    0.12492      55824
  42.44976      2.12768   19.43850    0.11532      55737
  42.45976      2.12720   19.35904    0.12034      55194
  42.46976      2.12672   19.36544    0.12409      56013
  42.47976      2.12624   19.27325    0.11726      56013
  42.48976      2.12576   19.24700    0.12466      55767
  42.49976      2.12529   19.19850    0.13512      55312
  42.50976      2.12481   19.15184    0.12103      55548
  42.51976      2.12433   19.14321    0.12686      55865
  42.52976      2.12386   19.06617    0.12582      55830
  42.53976      2.12338   19.02243    0.12908      55691
  42.54976      2.12291   18.98454    0.13125      55478
  42.55976      2.12243   18.94509    0.11680      55445
  42.56976      2.12195   18.91342    0.12979      55716
  42.57976      2.12148   18.88316    0.12668      55652
  42.58976      2.12100   18.79186    0.12368      55408
  42.59976      2.12053   18.78760    0.11750      55340
  42.60976      2.12006   18.73595    0.11677      55307
  42.61976      2.11958   18.72380    0.12186      55694
  42.62976      2.11911   18.66938    0.12401      55186
  42.63976      2.11863   18.63808    0.11984      55487
  42.64976      2.11816   18.59483    0.11386      54953
  42.65976      2.11769   18.56006    0.12339      55599
  42.66976      2.11721   18.55871    0.12166      55323
  42.67976      2.11674   18.51497    0.12574      55056
  42.68976      2.11627   18.47005    0.13164      55375
  42.69976      2.11580   18.42681    0.13534      54949
  42.70976      2.11532   18.40826    0.11710      55486
  42.71976      2.11485   18.38699    0.11993      55121
  42.72976      2.11438   18.35702    0.11551      55120
  42.73976      2.11391   18.31638    0.13104      54888
  42.74976      2.11344   18.27228    0.12048      55463
  42.75976      2.11297   18.21848    0.13434      54658
  42.76976      2.11249   18.23004    0.12248      55099
  42.77975      2.11202   18.17616    0.10742      54866
  42.78975      2.11155   18.14800    0.11954      55059
  42.79975      2.11108   18.09880    0.11794      55068
  42.80975      2.11061   18.07645    0.10935      54851
  42.81975      2.11014   18.05132    0.12477      55002
  42.82975      2.10967   18.02513    0.12337      54780
  42.83975      2.10920   17.98184    0.12685      55006
  42.84975      2.10874   17.94543    0.11965      55292
  42.85975      2.10827   17.92243    0.12414      54809
  42.86975      2.10780   17.89924    0.11962      55007
  42.87975      2.10733   17.85335    0.12176      55110
  42.88975      2.10686   17.83791    0.12283      54994
  42.89975      2.10639   17.79537    0.12451      55065
  42.90975      2.10593   17.75676    0.12283      54924
  42.91975      2.10546   17.73141    0.11520      54750
  42.92975      2.10499   17.69666    0.13025      54995
  42.93975      2.10452   17.68111    0.11382      54833
  42.94975      2.10406   17.64662    0.10946      54940
  42.95975      2.10359   17.59621    0.11886      54824
  42.96975      2.10312   17.58270    0.11713      54985
  42.97975      2.10266   17.55405    0.11096      54870
  42.98975      2.10219   17.53736    0.11974      54754
  42.99975      2.10173   17.48439    0.11904      54895
  43.00975      2.10126   17.45285    0.12108      55065
  43.01975      2.10080   17.45093    0.12398      54890
  43.02975      2.10033   17.42388    0.12433      54812
  43.03975      2.09987   17.39436    0.11534      54799
  43.04975      2.09940   17.35507    0.13368      54927
  43.05975      2.09894   17.34056    0.10690      54963
  43.06975      2.09847   17.33314    0.11692      54910
  43.07975      2.09801   17.29904    0.12221      54735
  43.08975      2.09754   17.26224    0.12547      54619
  43.09975      2.09708   17.21592    0.12910      54575
  43.10975      2.09662   17.24599    0.11236      55148
  43.11974      2.09616   17.20247    0.10732      54638
  43.12974      2.09569   17.17207    0.11348      54538
  43.13974      2.09523   17.13840    0.10726      54623
  43.14974      2.09477   17.11463    0.11805      54604
  43.15974      2.09431   17.13451    0.11956      55053
  43.16974      2.09384   17.07793    0.12383      54673
  43.17974      2.09338   17.06015    0.12203      54746
  43.18974      2.09292   17.03036    0.12328      54294
  43.19974      2.09246   17.02473    0.10975      54994
  43.20974      2.09200   16.99892    0.12317      54779
  43.21974      2.09154   16.96638    0.11355      55009
  43.22974      2.09108   16.94206    0.11776      54294
  43.23974      2.09062   16.94738    0.12339      54690
  43.24974      2.09016   16.91044    0.13004      54656
  43.25974      2.08970   16.87710    0.11864      54869
  43.26974      2.08924   16.85932    0.11170      54289
  43.27974      2.08878   16.84143    0.10943      54560
  43.28974      2.08832   16.83980    0.10939      54640
  43.29974      2.08786   16.77427    0.10977      54757
  43.30974      2.08740   16.77847    0.11937      54461
  43.31974      2.08694   16.75675    0.11271      54516
  43.32974      2.08648   16.75215    0.11491      54374
  43.33974      2.08602   16.71429    0.11673      55120
  43.34974      2.08557   16.67445    0.11635      54377
  43.35974      2.08511   16.69128    0.12191      54642
  43.36974      2.08465   16.65155    0.12256      54492
  43.37974      2.08419   16.64850    0.11677      54941
  43.38974      2.08374   16.61444    0.10917      54733
  43.39974      2.08328   16.58482    0.11830      54465
  43.40974      2.08282   16.59196    0.12126      54570
  43.41974      2.08237   16.55586    0.11898      54519
  43.42974      2.08191   16.55700    0.12022      54633
  43.43974      2.08145   16.51717    0.11529      54511
  43.44974      2.08100   16.51103    0.11202      54358
  43.45974      2.08054   16.50485    0.10715      54654
  43.46973      2.08009   16.48289    0.10295      54469
  43.47973      2.07963   16.46998    0.11477      54503
  43.48973      2.07918   16.44405    0.11734      54326
  43.49973      2.07872   16.43022    0.11427      54627
  43.50973      2.07827   16.41842    0.13100      54434
  43.51973      2.07781   16.40622    0.11836      54367
  43.52973      2.07736   16.40096    0.10793      54584
  43.53973      2.07690   16.35105    0.11314      54794
  43.54973      2.07645   16.36531    0.11078      54598
  43.55973      2.07600   16.34555    0.12072      54247
  43.56973      2.07554   16.34258    0.11973      54351
  43.57973      2.07509   16.29475    0.12363      54849
  43.58973      2.07464   16.28665    0.11955      54513
  43.59973      2.07418   16.28132    0.11431      54063
  43.60973      2.07373   16.28631    0.10948      54455
  43.61973      2.07328   16.24053    0.10455      54718
  43.62973      2.07283   16.24171    0.10263      54413
  43.63973      2.07238   16.22529    0.12010      54211
  43.64973      2.07192   16.22125    0.11766      54314
  43.65973      2.07147   16.20453    0.11426      54363
  43.66973      2.07102   16.16341    0.11305      54689
  43.67973      2.07057   16.17339    0.11223      54390
  43.68973      2.07012   16.15592    0.11352      54520
  43.69973      2.06967   16.15183    0.11511      54630
  43.70973      2.06922   16.11445    0.11950      54645
  43.71973      2.06877   16.09673    0.12095      54213
  43.72973      2.06832   16.09255    0.11290      54745
  43.73973      2.06787   16.08212    0.11236      54681
  43.74973      2.06742   16.06161    0.11992      54445
  43.75973      2.06697   16.02266    0.11830      54393
  43.76973      2.06652   16.00095    0.11730      54445
  43.77973      2.06607   16.01952    0.10694      54854
  43.78973      2.06562   15.99897    0.10387      54465
  43.79973      2.06518   15.96972    0.10522      54531
  43.80972      2.06473   15.93546    0.11074      54492
  43.81972      2.06428   15.94102    0.11218      54691
  43.82972      2.06383   15.94652    0.11697      54695
  43.83972      2.06338   15.90096    0.11846      54339
  43.84972      2.06294   15.87338    0.11067      54971
  43.85972      2.06249   15.88905    0.12160      54657
  43.86972      2.06204   15.88681    0.11101      54604
  43.87972      2.06160   15.83826    0.10353      54831
  43.88972      2.06115   15.81811    0.11600      54718
  43.89972      2.06070   15.83120    0.12429      54742
  43.90972      2.06026   15.82136    0.12050      54801
  43.91972      2.05981   15.78546    0.11746      54719
  43.92972      2.05937   15.76594    0.11472      54408
  43.93972      2.05892   15.74767    0.10971      54567
  43.94972      2.05848   15.78352    0.10035      55015
  43.95972      2.05803   15.70779    0.10190      54529
  43.96972      2.05759   15.72687    0.11807      54376
  43.97972      2.05714   15.68971    0.11239      54724
  43.98972      2.05670   15.68552    0.11581      54679
  43.99972      2.05625   15.68942    0.10538      54690
  44.00972      2.05581   15.65444    0.11508      54453
  44.01972      2.05536   15.64840    0.11345      54839
  44.02972      2.05492   15.63230    0.10937      54774
  44.03972      2.05448   15.60968    0.11002      54567
  44.04972      2.05403   15.62503    0.11176      54617
  44.05972      2.05359   15.57716    0.13956      54555
  44.06972      2.05315   15.57188    0.10506      55054
  44.07972      2.05271   15.55589    0.10762      54548
  44.08972      2.05226   15.54986    0.12045      54448
  44.09972      2.05182   15.52704    0.11117      54714
  44.10972      2.05138   15.50139    0.11430      54755
  44.11972      2.05094   15.50509    0.10357      54474
  44.12972      2.05050   15.50619    0.10559      54612
  44.13972      2.05005   15.45954    0.10688      54365
  44.14971      2.04961   15.46342    0.10831      54835
  44.15971      2.04917   15.44369    0.10956      54385
  44.16971      2.04873   15.45774    0.12230      54656
  44.17971      2.04829   15.43290    0.10762      54525
  44.18971      2.04785   15.41772    0.11560      54658
  44.19971      2.04741   15.42564    0.10308      54725
  44.20971      2.04697   15.41109    0.11705      54596
  44.21971      2.04653   15.40358    0.11528      54600
  44.22971      2.04609   15.38570    0.10733      54578
  44.23971      2.04565   15.38679    0.11693      54593
  44.24971      2.04521   15.38199    0.12232      54895
  44.25971      2.04477   15.36986    0.12048      54330
  44.26971      2.04434   15.35472    0.10195      54591
  44.27971      2.04390   15.35033    0.10572      54690
  44.28971      2.04346   15.34659    0.09907      54627
  44.29971      2.04302   15.34612    0.11307      54361
  44.30971      2.04258   15.32235    0.10917      54204
  44.31971      2.04215   15.32913    0.11477      54960
  44.32971      2.04171   15.31149    0.11460      54472
  44.33971      2.04127   15.31231    0.10142      54371
  44.34971      2.04083   15.29947    0.10516      54668
  44.35971      2.04040   15.29441    0.11448      54768
  44.36971      2.03996   15.29164    0.11380      54566
  44.37971      2.03952   15.28318    0.11183      54219
  44.38971      2.03909   15.25884    0.11954      54877
  44.39971      2.03865   15.26460    0.10779      54749
  44.40971      2.03822   15.24332    0.12330      54311
  44.41971      2.03778   15.23907    0.10540      54653
  44.42971      2.03734   15.24428    0.10841      54645
  44.43971      2.03691   15.19446    0.11667      54524
  44.44971      2.03647   15.21013    0.10929      54306
  44.45971      2.03604   15.17157    0.10417      54379
  44.46971      2.03561   15.21490    0.09937      54819
  44.47971      2.03517   15.14537    0.11739      54301
  44.48971      2.03474   15.15989    0.10336      54662
  44.49970      2.03430   15.14086    0.10584      54338
  44.50970      2.03387   15.16381    0.11782      54570
  44.51970      2.03344   15.12125    0.11291      54714
  44.52970      2.03300   15.09144    0.10980      54440
  44.53970      2.03257   15.11530    0.10991      54511
  44.54970      2.03214   15.10278    0.10738      54541
  44.55970      2.03170   15.05643    0.11464      54631
  44.56970      2.03127   15.08306    0.11499      54816
  44.57970      2.03084   15.06658    0.11155      54239
  44.58970      2.03041   15.05823    0.11423      54796
  44.59970      2.02997   15.01008    0.10928      54394
  44.60970      2.02954   15.03416    0.11165      54297
  44.61970      2.02911   15.03722    0.09879      54728
  44.62970      2.02868   14.99277    0.10515      54541
  44.63970      2.02825   14.98640    0.10992      54318
  44.64970      2.02782   15.00385    0.10866      54392
  44.65970      2.02739   14.98043    0.10647      54409
  44.66970      2.02695   14.98314    0.10724      54707
  44.67970      2.02652   14.95162    0.10836      54403
  44.68970      2.02609   14.96689    0.10351      54421
  44.69970      2.02566   14.94899    0.11432      54474
  44.70970      2.02523   14.94873    0.11806      54595
  44.71970      2.02480   14.94141    0.11513      54435
  44.72970      2.02438   14.92602    0.10935      54670
  44.73970      2.02395   14.92277    0.11046      54348
  44.74970      2.02352   14.92472    0.10408      54472
  44.75970      2.02309   14.88196    0.10892      54670
  44.76970      2.02266   14.91079    0.12302      54277
  44.77970      2.02223   14.88534    0.10829      54088
  44.78970      2.02180   14.87830    0.10521      54613
  44.79970      2.02137   14.84490    0.10168      54260
  44.80970      2.02095   14.87829    0.10062      54124
  44.81970      2.02052   14.87194    0.11338      54194
  44.82970      2.02009   14.82078    0.10604      54484
  44.83969      2.01966   14.84041    0.10573      54274
  44.84969      2.01924   14.85277    0.11326      54217
  44.85969      2.01881   14.80660    0.11113      54289
  44.86969      2.01838   14.80610    0.11476      54428
  44.87969      2.01796   14.80883    0.10467      54002
  44.88969      2.01753   14.81650    0.10951      54753
  44.89969      2.01710   14.77828    0.11340      53877
  44.90969      2.01668   14.78044    0.10578      54248
  44.91969      2.01625   14.79823    0.12057      54410
  44.92969      2.01583   14.75554    0.11450      54158
  44.93969      2.01540   14.75446    0.10771      54119
  44.94969      2.01498   14.75286    0.09965      53940
  44.95969      2.01455   14.74596    0.10040      54512
  44.96969      2.01413   14.74071    0.11319      53740
  44.97969      2.01370   14.70358    0.10898      53730
  44.98969      2.01328   14.72769    0.10235      54623
  44.99969      2.01285   14.70933    0.10966      53888
  45.00969      2.01243   14.71590    0.10268      53700
  45.01969      2.01201   14.66528    0.11178      54543
  45.02969      2.01158   14.69599    0.10823      53950
  45.03969      2.01116   14.69174    0.11143      54070
  45.04969      2.01074   14.63807    0.11080      53846
  45.05969      2.01031   14.66643    0.11700      54423
  45.06969      2.00989   14.65203    0.10309      53871
  45.07969      2.00947   14.62905    0.10769      53747
  45.08969      2.00905   14.62320    0.11477      54308
  45.09969      2.00862   14.63447    0.10559      53967
  45.10969      2.00820   14.58873    0.11627      53615
  45.11969      2.00778   14.61605    0.11172      54033
  45.12969      2.00736   14.58549    0.10478      53847
  45.13969      2.00694   14.59706    0.09677      53796
  45.14969      2.00652   14.56037    0.09732      53802
  45.15969      2.00609   14.56600    0.11281      53838
  45.16969      2.00567   14.57650    0.11125      53774
  45.17968      2.00525   14.53893    0.10967      53895
  45.18968      2.00483   14.57082    0.10980      53824
  45.19968      2.00441   14.54681    0.11044      53775
  45.20968      2.00399   14.53985    0.10611      54062
  45.21968      2.00357   14.54403    0.10774      53762
  45.22968      2.00315   14.53126    0.10822      53438
  45.23968      2.00273   14.52049    0.10615      54385
  45.24968      2.00231   14.52100    0.12117      53531
  45.25968      2.00189   14.53601    0.11061      53709
  45.26968      2.00148   14.49304    0.11097      53700
  45.27968      2.00106   14.50532    0.11004      53723
  45.28968      2.00064   14.51771    0.09748      53773
  45.29968      2.00022   14.49511    0.09410      53477
  45.30968      1.99980   14.47726    0.11126      53744
  45.31968      1.99938   14.49933    0.11156      53500
  45.32968      1.99897   14.47636    0.11227      53514
  45.33968      1.99855   14.49306    0.09791      53851
  45.34968      1.99813   14.48258    0.10308      53501
  45.35968      1.99771   14.47861    0.11693      53682
  45.36968      1.99730   14.48303    0.10961      53448
  45.37968      1.99688   14.47330    0.10899      53742
  45.38968      1.99646   14.46062    0.11052      53782
  45.39968      1.99605   14.44719    0.11139      53166
  45.40968      1.99563   14.48569    0.10372      53916
  45.41968      1.99521   14.44609    0.11063      53546
  45.42968      1.99480   14.44727    0.11628      53527
  45.43968      1.99438   14.46542    0.11338      53387
  45.44968      1.99397   14.40701    0.10766      53351
  45.45968      1.99355   14.43873    0.09775      53727
  45.46968      1.99314   14.42152    0.10213      52984
  45.47968      1.99272   14.41816    0.10533      53659
  45.48968      1.99231   14.41354    0.10512      53502
  45.49968      1.99189   14.38624    0.10286      52821
  45.50968      1.99148   14.43633    0.11684      53807
  45.51968      1.99106   14.37507    0.11713      53511
  45.52967      1.99065   14.37734    0.10269      53066
  45.53967      1.99023   14.40919    0.09770      53876
  45.54967      1.98982   14.36242    0.10960      53171
  45.55967      1.98941   14.37004    0.11347      53392
  45.56967      1.98899   14.36980    0.11260      53357
  45.57967      1.98858   14.37290    0.11069      53529
  45.58967      1.98817   14.34399    0.11452      53193
  45.59967      1.98776   14.33335    0.10925      53330
  45.60967      1.98734   14.36551    0.10091      53348
  45.61967      1.98693   14.32308    0.10529      53098
  45.62967      1.98652   14.31900    0.10492      53351
  45.63967      1.98611   14.34336    0.10005      53370
  45.64967      1.98569   14.32330    0.10846      52693
  45.65967      1.98528   14.30357    0.10965      53623
  45.66967      1.98487   14.32154    0.10816      52965
  45.67967      1.98446   14.33568    0.09913      53175
  45.68967      1.98405   14.27564    0.10790      53487
  45.69967      1.98364   14.30952    0.10862      53052
  45.70967      1.98323   14.31424    0.11599      53073
  45.71967      1.98282   14.29229    0.10931      53441
  45.72967      1.98241   14.28234    0.10944      52999
  45.73967      1.98200   14.32709    0.10235      53284
  45.74967      1.98159   14.27335    0.11283      52906
  45.75967      1.98118   14.28458    0.10507      53446
  45.76967      1.98077   14.27817    0.11553      52880
  45.77967      1.98036   14.28594    0.11356      53265
  45.78967      1.97995   14.26039    0.09802      53041
  45.79967      1.97954   14.26889    0.09920      52877
  45.80967      1.97913   14.27177    0.10340      53112
  45.81967      1.97872   14.26843    0.10757      52701
  45.82967      1.97831   14.24927    0.11107      53143
  45.83967      1.97791   14.26212    0.10123      53054
  45.84967      1.97750   14.26358    0.11017      52751
  45.85967      1.97709   14.22370    0.10814      53309
  45.86966      1.97668   14.25658    0.10527      52943
  45.87966      1.97627   14.26504    0.10693      52871
  45.88966      1.97587   14.21337    0.11120      53189
  45.89966      1.97546   14.24074    0.10626      52806
  45.90966      1.97505   14.25564    0.11551      53010
  45.91966      1.97465   14.19001    0.11059      52817
  45.92966      1.97424   14.24434    0.11040      53323
  45.93966      1.97383   14.23228    0.10039      52572
  45.94966      1.97343   14.18615    0.11161      52736
  45.95966      1.97302   14.23419    0.09963      53166
  45.96966      1.97261   14.20122    0.10948      52636
  45.97966      1.97221   14.20415    0.10750      52649
  45.98966      1.97180   14.21139    0.09622      53001
  45.99966      1.97140   14.18182    0.10637      52703
  46.00966      1.97099   14.22029    0.10197      52848
  46.01966      1.97059   14.18897    0.11045      52595
  46.02966      1.97018   14.20086    0.10499      53149
  46.03966      1.96978   14.19631    0.11601      52571
  46.04966      1.96937   14.19803    0.10618      52860
  46.05966      1.96897   14.18076    0.10685      52977
  46.06966      1.96856   14.17785    0.10765      52312
  46.07966      1.96816   14.19562    0.11076      53139
  46.08966      1.96776   14.18780    0.10383      53009
  46.09966      1.96735   14.17460    0.11119      52263
  46.10966      1.96695   14.18569    0.12073      52910
  46.11966      1.96655   14.14697    0.11632      52477
  46.12966      1.96614   14.19231    0.09085      52640
  46.13966      1.96574   14.16868    0.09581      52780
  46.14966      1.96534   14.14629    0.10517      52585
  46.15966      1.96494   14.17115    0.10819      52498
  46.16966      1.96453   14.13751    0.10938      52418
  46.17966      1.96413   14.16035    0.10907      52987
  46.18966      1.96373   14.15081    0.10863      52646
  46.19966      1.96333   14.14943    0.10337      52310
  46.20965      1.96293   14.15033    0.10453      52904
  46.21965      1.96252   14.11191    0.10780      52364
  46.22965      1.96212   14.16029    0.12264      52855
  46.23965      1.96172   14.12877    0.10123      52359
  46.24965      1.96132   14.11959    0.10640      52848
  46.25965      1.96092   14.14221    0.11646      52483
  46.26965      1.96052   14.09734    0.10609      52400
  46.27965      1.96012   14.11044    0.11532      52635
  46.28965      1.95972   14.13059    0.09352      52424
  46.29965      1.95932   14.08871    0.10359      52425
  46.30965      1.95892   14.08603    0.10729      52494
  46.31965      1.95852   14.10930    0.10352      51973
  46.32965      1.95812   14.09199    0.10607      52725
  46.33965      1.95772   14.08883    0.09998      52551
  46.34965      1.95732   14.08069    0.11166      52050
  46.35965      1.95692   14.10192    0.10175      52977
  46.36965      1.95653   14.04615    0.11919      51815
  46.37965      1.95613   14.08864    0.11428      52833
  46.38965      1.95573   14.08633    0.09899      52289
  46.39965      1.95533   14.06572    0.10621      52485
  46.40965      1.95493   14.04937    0.10900      52309
  46.41965      1.95453   14.08073    0.11681      52325
  46.42965      1.95414   14.04803    0.11447      52679
  46.43965      1.95374   14.06231    0.10336      52263
  46.44965      1.95334   14.07221    0.11004      51961
  46.45965      1.95294   14.02214    0.09697      52746
  46.46965      1.95255   14.06346    0.10156      52047
  46.47965      1.95215   14.06909    0.10238      52075
  46.48965      1.95175   13.99996    0.10808      52341
  46.49965      1.95136   14.06118    0.10736      52198
  46.50965      1.95096   14.05693    0.10835      52407
  46.51965      1.95057   14.00081    0.10550      51868
  46.52965      1.95017   14.08692    0.10488      52657
  46.53965      1.94977   14.02823    0.10199      52030
  46.54965      1.94938   14.03334    0.10905      52372
  46.55964      1.94898   14.05808    0.11154      52350
  46.56964      1.94859   14.03212    0.11853      51899
  46.57964      1.94819   14.04630    0.10969      52518
  46.58964      1.94780   14.04592    0.10420      52362
  46.59964      1.94740   14.04917    0.10728      51896
  46.60964      1.94701   14.03782    0.11070      52331
  46.61964      1.94661   14.03753    0.10626      51995
  46.62964      1.94622   14.06203    0.10469      51984
  46.63964      1.94583   14.02502    0.09406      52331
  46.64964      1.94543   14.03662    0.10753      51802
  46.65964      1.94504   14.06605    0.11097      51855
  46.66964      1.94465   14.01416    0.09974      52198
  46.67964      1.94425   14.06025    0.10561      52053
  46.68964      1.94386   14.04589    0.10400      52182
  46.69964      1.94347   14.03458    0.10868      52228
  46.70964      1.94307   14.06501    0.11588      51992
  46.71964      1.94268   14.02640    0.10902      51848
  46.72964      1.94229   14.05916    0.10610      52417
  46.73964      1.94190   14.04665    0.10271      51973
  46.74964      1.94150   14.04398    0.11164      52046
  46.75964      1.94111   14.05962    0.10314      51950
  46.76964      1.94072   14.03142    0.12011      52091
  46.77964      1.94033   14.05203    0.11385      51906
  46.78964      1.93994   14.04904    0.09811      52029
  46.79964      1.93955   14.05592    0.09760      51728
  46.80964      1.93916   14.04941    0.10424      51882
  46.81964      1.93876   14.04562    0.11452      51959
  46.82964      1.93837   14.06702    0.09756      51718
  46.83964      1.93798   14.03759    0.10425      52045
  46.84964      1.93759   14.06112    0.10878      51901
  46.85964      1.93720   14.09845    0.10968      51785
  46.86964      1.93681   14.03275    0.10808      52052
  46.87964      1.93642   14.10365    0.11251      52067
  46.88964      1.93603   14.05050    0.10843      51567
  46.89963      1.93564   14.08827    0.10509      52314
  46.90963      1.93525   14.09351    0.10733      51696
  46.91963      1.93486   14.06772    0.11421      51813
  46.92963      1.93448   14.09244    0.10735      52264
  46.93963      1.93409   14.07400    0.10966      51465
  46.94963      1.93370   14.10477    0.10928      52022
  46.95963      1.93331   14.08494    0.10087      51714
  46.96963      1.93292   14.07957    0.10290      51479
  46.97963      1.93253   14.11439    0.10258      51828
  46.98963      1.93215   14.08027    0.09670      51775
  46.99963      1.93176   14.11562    0.11280      51453
  47.00963      1.93137   14.10459    0.10798      52135
  47.01963      1.93098   14.08613    0.11734      51135
  47.02963      1.93060   14.16406    0.10551      52139
  47.03963      1.93021   14.07770    0.10127      51867
  47.04963      1.92982   14.12189    0.10833      51559
  47.05963      1.92943   14.14020    0.10730      51962
  47.06963      1.92905   14.08626    0.11302      51391
  47.07963      1.92866   14.17000    0.10931      51922
  47.08963      1.92828   14.11165    0.11179      51766
  47.09963      1.92789   14.14874    0.10846      51769
  47.10963      1.92750   14.13632    0.11204      51703
  47.11963      1.92712   14.12032    0.11073      51304
  47.12963      1.92673   14.14742    0.09113      51800
  47.13963      1.92635   14.15376    0.10514      51447
  47.14963      1.92596   14.14718    0.10485      51356
  47.15963      1.92558   14.13678    0.11475      51836
  47.16963      1.92519   14.16870    0.11003      51037
  47.17963      1.92481   14.15804    0.09863      52042
  47.18963      1.92442   14.17810    0.10482      51478
  47.19963      1.92404   14.17954    0.10636      51699
  47.20963      1.92365   14.15448    0.11751      51711
  47.21963      1.92327   14.19407    0.11198      51158
  47.22963      1.92289   14.18338    0.10731      51959
  47.23963      1.92250   14.20542    0.11193      51406
  47.24962      1.92212   14.21439    0.10837      51666
  47.25962      1.92174   14.20228    0.10760      51673
  47.26962      1.92135   14.21499    0.10820      51326
  47.27962      1.92097   14.23625    0.11232      51585
  47.28962      1.92059   14.20348    0.10757      51215
  47.29962      1.92020   14.24727    0.10001      51706
  47.30962      1.91982   14.24870    0.10615      51230
  47.31962      1.91944   14.23811    0.09821      51314
  47.32962      1.91906   14.29325    0.11174      51485
  47.33962      1.91867   14.25727    0.09749      51166
  47.34962      1.91829   14.30104    0.11242      51894
  47.35962      1.91791   14.33102    0.11212      50983
  47.36962      1.91753   14.27518    0.11857      51688
  47.37962      1.91715   14.35622    0.10178      51388
  47.38962      1.91677   14.33412    0.11175      51335
  47.39962      1.91639   14.36532    0.11418      51575
  47.40962      1.91600   14.39060    0.11053      51425
  47.41962      1.91562   14.35552    0.10886      51260
  47.42962      1.91524   14.44132    0.10842      51471
  47.43962      1.91486   14.42588    0.11526      51363
  47.44962      1.91448   14.41990    0.11214      51173
  47.45962      1.91410   14.47185    0.09984      51666
  47.46962      1.91372   14.46222    0.10931      50897
  47.47962      1.91334   14.48760    0.09884      51603
  47.48962      1.91296   14.51596    0.10771      50806
  47.49962      1.91258   14.53826    0.10564      51412
  47.50962      1.91220   14.54779    0.11781      51398
  47.51962      1.91183   14.59280    0.10810      50909
  47.52962      1.91145   14.57864    0.10680      51721
  47.53962      1.91107   14.63835    0.11054      50932
  47.54962      1.91069   14.62482    0.10832      51601
  47.55962      1.91031   14.66996    0.11318      51209
  47.56962      1.90993   14.69967    0.11286      51135
  47.57962      1.90955   14.70083    0.10895      51617
  47.58961      1.90918   14.76014    0.11700      50844
  47.59961      1.90880   14.73287    0.11245      51482
  47.60961      1.90842   14.80523    0.12408      51175
  47.61961      1.90804   14.78737    0.09998      50920
  47.62961      1.90767   14.82705    0.10155      51490
  47.63961      1.90729   14.83023    0.10501      50835
  47.64961      1.90691   14.86536    0.10362      50913
  47.65961      1.90654   14.89195    0.11249      51462
  47.66961      1.90616   14.93006    0.10954      50765
  47.67961      1.90578   14.94020    0.11414      51384
  47.68961      1.90541   14.95718    0.09979      50962
  47.69961      1.90503   15.00734    0.12099      51010
  47.70961      1.90465   14.98933    0.10995      51575
  47.71961      1.90428   15.03922    0.11554      50675
  47.72961      1.90390   15.03952    0.10968      51419
  47.73961      1.90353   15.08781    0.11558      50864
  47.74961      1.90315   15.09877    0.11746      51187
  47.75961      1.90278   15.12887    0.11328      51331
  47.76961      1.90240   15.13955    0.11305      51038
  47.77961      1.90203   15.16721    0.11083      51045
  47.78961      1.90165   15.17869    0.11109      50913
  47.79961      1.90128   15.22514    0.10380      50978
  47.80961      1.90090   15.22708    0.10828      50760
  47.81961      1.90053   15.23879    0.10843      51016
  47.82961      1.90016   15.29503    0.10532      50879
  47.83961      1.89978   15.27553    0.11095      51126
  47.84961      1.89941   15.34435    0.10861      50732
  47.85961      1.89903   15.33069    0.12241      51314
  47.86961      1.89866   15.39764    0.10928      50873
  47.87961      1.89829   15.36989    0.11548      51026
  47.88961      1.89792   15.43351    0.11312      50910
  47.89961      1.89754   15.42997    0.11734      50799
  47.90961      1.89717   15.46304    0.11328      51404
  47.91961      1.89680   15.50549    0.11602      50907
  47.92960      1.89642   15.49206    0.11351      51008
  47.93960      1.89605   15.54856    0.11687      50884
  47.94960      1.89568   15.54041    0.12191      50517
  47.95960      1.89531   15.58685    0.10368      51137
  47.96960      1.89494   15.59370    0.10097      50730
  47.97960      1.89457   15.60349    0.11135      50727
  47.98960      1.89419   15.63570    0.10726      51034
  47.99960      1.89382   15.66963    0.11535      50349
  48.00960      1.89345   15.66290    0.11195      51363
  48.01960      1.89308   15.72469    0.11730      50534
  48.02960      1.89271   15.70263    0.11570      51012
  48.03960      1.89234   15.77388    0.10936      50852
  48.04960      1.89197   15.74366    0.11835      50674
  48.05960      1.89160   15.79723    0.11194      51122
  48.06960      1.89123   15.82488    0.11668      50706
  48.07960      1.89086   15.81533    0.11523      50872
  48.08960      1.89049   15.86702    0.12442      50814
  48.09960      1.89012   15.86788    0.12356      50776
  48.10960      1.88975   15.89413    0.11467      50859
  48.11960      1.88938   15.92561    0.10871      50538
  48.12960      1.88901   15.92330    0.10215      51000
  48.13960      1.88864   15.95031    0.11531      50341
  48.14960      1.88827   15.98472    0.11580      50576
  48.15960      1.88790   15.96638    0.10769      50807
  48.16960      1.88754   16.04672    0.11729      50460
  48.17960      1.88717   15.99440    0.11210      51095
  48.18960      1.88680   16.08162    0.11664      50600
  48.19960      1.88643   16.04856    0.11105      50861
  48.20960      1.88606   16.10553    0.12792      50524
  48.21960      1.88569   16.08691    0.11507      50847
  48.22960      1.88533   16.11524    0.11338      50573
  48.23960      1.88496   16.14844    0.11914      50853
  48.24960      1.88459   16.15022    0.12593      50617
  48.25960      1.88423   16.15972    0.11660      50881
  48.26960      1.88386   16.19873    0.11724      50618
  48.27959      1.88349   16.17917    0.12350      50494
  48.28959      1.88312   16.23207    0.10634      50477
  48.29959      1.88276   16.19191    0.11160      50686
  48.30959      1.88239   16.27426    0.11166      50342
  48.31959      1.88203   16.22720    0.11246      50635
  48.32959      1.88166   16.28268    0.11398      50364
  48.33959      1.88129   16.26613    0.11525      50707
  48.34959      1.88093   16.30512    0.12761      50447
  48.35959      1.88056   16.30150    0.10830      50822
  48.36959      1.88020   16.31901    0.11646      50452
  48.37959      1.87983   16.33641    0.11977      50704
  48.38959      1.87947   16.33536    0.12268      50522
  48.39959      1.87910   16.34666    0.11927      50645
  48.40959      1.87874   16.36999    0.11878      50516
  48.41959      1.87837   16.35787    0.12590      50698
  48.42959      1.87801   16.38254    0.11228      50353
  48.43959      1.87764   16.37448    0.12564      50689
  48.44959      1.87728   16.41265    0.11674      50382
  48.45959      1.87692   16.37033    0.10905      50673
  48.46959      1.87655   16.40567    0.11149      50102
  48.47959      1.87619   16.37983    0.11100      50361
  48.48959      1.87582   16.42602    0.12465      50390
  48.49959      1.87546   16.38498    0.10849      50559
  48.50959      1.87510   16.41826    0.11583      50535
  48.51959      1.87473   16.40636    0.11741      50157
  48.52959      1.87437   16.38862    0.12777      50422
  48.53959      1.87401   16.40240    0.12098      50606
  48.54959      1.87365   16.38732    0.10775      50436
  48.55959      1.87328   16.38592    0.13097      50550
  48.56959      1.87292   16.37864    0.11525      50327
  48.57959      1.87256   16.36730    0.11973      50648
  48.58959      1.87220   16.37448    0.12399      50365
  48.59959      1.87184   16.33342    0.12657      50554
  48.60959      1.87147   16.35078    0.11620      49991
  48.61958      1.87111   16.28597    0.11019      50412
  48.62958      1.87075   16.32954    0.10379      50399
  48.63958      1.87039   16.25521    0.11463      50409
  48.64958      1.87003   16.28669    0.11240      50030
  48.65958      1.86967   16.23281    0.11699      50387
  48.66958      1.86931   16.24115    0.12447      50067
  48.67958      1.86895   16.20058    0.11108      50427
  48.68958      1.86859   16.19275    0.11306      50415
  48.69958      1.86823   16.16678    0.11596      50386
  48.70958      1.86787   16.12629    0.11830      50384
  48.71958      1.86751   16.12085    0.11628      50252
  48.72958      1.86715   16.07523    0.12707      50422
  48.73958      1.86679   16.07474    0.12058      50203
  48.74958      1.86643   16.02103    0.11555      50378
  48.75958      1.86607   16.01833    0.11237      50342
  48.76958      1.86571   15.96140    0.12000      50370
  48.77958      1.86535   15.94483    0.11552      50180
  48.78958      1.86499   15.91995    0.10806      50236
  48.79958      1.86463   15.86464    0.11104      49896
  48.80958      1.86427   15.87261    0.11181      50090
  48.81958      1.86391   15.80211    0.10622      50092
  48.82958      1.86356   15.79922    0.11418      50519
  48.83958      1.86320   15.75591    0.11408      50030
  48.84958      1.86284   15.72383    0.11688      50298
  48.85958      1.86248   15.69399    0.11458      50019
  48.86958      1.86212   15.64639    0.11522      50185
  48.87958      1.86177   15.64609    0.11504      50505
  48.88958      1.86141   15.57611    0.11280      49955
  48.89958      1.86105   15.56014    0.11258      50356
  48.90958      1.86069   15.52306    0.12182      50155
  48.91958      1.86034   15.49104    0.12530      50102
  48.92958      1.85998   15.45555    0.11458      50534
  48.93958      1.85962   15.41393    0.11251      49815
  48.94958      1.85927   15.37328    0.10621      50322
  48.95957      1.85891   15.34768    0.10261      49881
  48.96957      1.85855   15.30426    0.10872      49911
  48.97957      1.85820   15.28365    0.11563      50129
  48.98957      1.85784   15.25445    0.11265      49856
  48.99957      1.85749   15.21529    0.10752      50360
  49.00957      1.85713   15.19245    0.10862      50041
  49.01957      1.85678   15.14732    0.11611      50049
  49.02957      1.85642   15.10863    0.11434      50032
  49.03957      1.85607   15.09988    0.11221      50162
  49.04957      1.85571   15.05617    0.11957      50200
  49.05957      1.85536   15.04671    0.11635      50134
  49.06957      1.85500   14.99424    0.10858      49900
  49.07957      1.85465   14.97917    0.11654      50094
  49.08957      1.85429   14.94766    0.11925      50102
  49.09957      1.85394   14.89560    0.11327      49877
  49.10957      1.85358   14.89805    0.10577      50260
  49.11957      1.85323   14.83008    0.11892      49921
  49.12957      1.85288   14.84132    0.09728      49722
  49.13957      1.85252   14.78366    0.10398      50024
  49.14957      1.85217   14.78599    0.10671      49685
  49.15957      1.85182   14.74089    0.11369      50328
  49.16957      1.85146   14.74053    0.10820      49557
  49.17957      1.85111   14.69395    0.11150      50310
  49.18957      1.85076   14.71155    0.11069      49735
  49.19957      1.85040   14.63108    0.11178      50070
  49.20957      1.85005   14.66808    0.11313      50154
  49.21957      1.84970   14.60432    0.11117      49907
  49.22957      1.84935   14.60588    0.11582      50142
  49.23957      1.84899   14.58383    0.11459      49948
  49.24957      1.84864   14.54725    0.11045      49862
  49.25957      1.84829   14.56676    0.11363      49977
  49.26957      1.84794   14.50419    0.11650      49785
  49.27957      1.84759   14.52539    0.09897      49814
  49.28957      1.84724   14.47428    0.10776      49971
  49.29957      1.84688   14.46545    0.10475      49526
  49.30956      1.84653   14.46953    0.10962      50055
  49.31956      1.84618   14.44597    0.10244      49582
  49.32956      1.84583   14.44921    0.10616      50032
  49.33956      1.84548   14.42797    0.11095      49927
  49.34956      1.84513   14.40992    0.11064      49549
  49.35956      1.84478   14.42027    0.11390      50051
  49.36956      1.84443   14.37620    0.11579      49914
  49.37956      1.84408   14.41632    0.10562      49700
  49.38956      1.84373   14.35673    0.11261      50229
  49.39956      1.84338   14.39152    0.11560      49351
  49.40956      1.84303   14.35546    0.10865      50411
  49.41956      1.84268   14.38309    0.12027      49427
  49.42956      1.84233   14.32956    0.11106      50244
  49.43956      1.84198   14.36767    0.10452      49662
  49.44956      1.84163   14.30657    0.10544      49537
  49.45956      1.84128   14.35517    0.10092      49656
  49.46956      1.84093   14.31552    0.10676      49671
  49.47956      1.84059   14.32568    0.10673      49610
  49.48956      1.84024   14.33555    0.10500      49810
  49.49956      1.83989   14.31879    0.12322      49586
  49.50956      1.83954   14.31580    0.10038      50375
  49.51956      1.83919   14.33569    0.10798      49283
  49.52956      1.83884   14.29275    0.11040      49980
  49.53956      1.83850   14.36435    0.11601      49723
  49.54956      1.83815   14.27504    0.11512      49691
  49.55956      1.83780   14.35266    0.11293      49757
  49.56956      1.83745   14.28320    0.10679      49939
  49.57956      1.83711   14.33491    0.11048      49447
  49.58956      1.83676   14.32016    0.11768      50168
  49.59956      1.83641   14.30309    0.10954      49252
  49.60956      1.83607   14.33361    0.11208      49656
  49.61956      1.83572   14.31030    0.09828      49675
  49.62956      1.83537   14.29887    0.10442      49574
  49.63956      1.83503   14.34257    0.10530      49561
  49.64955      1.83468   14.29818    0.10498      49592
  49.65955      1.83434   14.35807    0.10709      49724
  49.66955      1.83399   14.30937    0.10944      49884
  49.67955      1.83364   14.32577    0.11459      49452
  49.68955      1.83330   14.35000    0.11287      49738
  49.69955      1.83295   14.32548    0.10221      49553
  49.70955      1.83261   14.35057    0.11099      49563
  49.71955      1.83226   14.32624    0.11032      49988
  49.72955      1.83192   14.33870    0.11597      49367
  49.73955      1.83157   14.35396    0.12314      49902
  49.74955      1.83123   14.34395    0.11863      49589
  49.75955      1.83088   14.36042    0.09946      49417
  49.76955      1.83054   14.35240    0.10963      49876
  49.77955      1.83019   14.32661    0.10881      49172
  49.78955      1.82985   14.36490    0.09900      49535
  49.79955      1.82951   14.32710    0.11256      49560
  49.80955      1.82916   14.39180    0.10534      49101
  49.81955      1.82882   14.33610    0.10439      50015
  49.82955      1.82847   14.36347    0.10440      49135
  49.83955      1.82813   14.37562    0.11117      49879
  49.84955      1.82779   14.37048    0.11738      49503
  49.85955      1.82744   14.37245    0.11029      49395
  49.86955      1.82710   14.39715    0.10720      49715
  49.87955      1.82676   14.33598    0.12099      49310
  49.88955      1.82642   14.43163    0.10377      49712
  49.89955      1.82607   14.37750    0.11737      49871
  49.90955      1.82573   14.39397    0.11379      49293
  49.91955      1.82539   14.42113    0.11295      49692
  49.92955      1.82505   14.38070    0.11736      49319
  49.93955      1.82470   14.45346    0.10464      49406
  49.94955      1.82436   14.40187    0.09419      49522
  49.95955      1.82402   14.42234    0.10467      49046
  49.96955      1.82368   14.44249    0.11584      49704
  49.97955      1.82334   14.44219    0.10712      49071
  49.98954      1.82300   14.45637    0.10956      49538
  49.99954      1.82266   14.48050    0.11170      49687
  50.00954      1.82231   14.43663    0.10612      49107
  50.01954      1.82197   14.53425    0.10521      49741
  50.02954      1.82163   14.45602    0.11412      49640
  50.03954      1.82129   14.50660    0.12362      49156
  50.04954      1.82095   14.50772    0.11021      49684
  50.05954      1.82061   14.49352    0.11658      49041
  50.06954      1.82027   14.56014    0.11137      49783
  50.07954      1.81993   14.52737    0.11054      49463
  50.08954      1.81959   14.54906    0.11520      49320
  50.09954      1.81925   14.55473    0.10158      49612
  50.10954      1.81891   14.55454    0.11180      48850
  50.11954      1.81857   14.57057    0.10595      49535
  50.12954      1.81823   14.61009    0.10772      49224
  50.13954      1.81789   14.56203    0.09928      49172
  50.14954      1.81756   14.63637    0.10836      49437
  50.15954      1.81722   14.60324    0.11458      49221
  50.16954      1.81688   14.62873    0.11574      49494
  50.17954      1.81654   14.66272    0.11372      49451
  50.18954      1.81620   14.64825    0.10906      49337
  50.19954      1.81586   14.69352    0.10877      49268
  50.20954      1.81552   14.68254    0.11545      49469
  50.21954      1.81519   14.71936    0.11414      49225
  50.22954      1.81485   14.71236    0.11398      49640
  50.23954      1.81451   14.75172    0.12535      48906
  50.24954      1.81417   14.74527    0.11518      49865
  50.25954      1.81383   14.77809    0.09939      49241
  50.26954      1.81350   14.77663    0.11472      48920
  50.27954      1.81316   14.79470    0.10629      49407
  50.28954      1.81282   14.81070    0.10118      48732
  50.29954      1.81249   14.82591    0.11284      49414
  50.30954      1.81215   14.88706    0.10963      49251
  50.31954      1.81181   14.84444    0.11526      49064
  50.32954      1.81148   14.93259    0.10202      49536
  50.33953      1.81114   14.89909    0.11712      49210
  50.34953      1.81080   14.94035    0.12200      49275
  50.35953      1.81047   14.97062    0.10856      49363
  50.36953      1.81013   14.96112    0.11686      49129
  50.37953      1.80980   15.03057    0.11931      49282
  50.38953      1.80946   15.01310    0.10723      49317
  50.39953      1.80912   15.08414    0.12053      49185
  50.40953      1.80879   15.04755    0.11684      49526
  50.41953      1.80845   15.09424    0.11711      48987
  50.42953      1.80812   15.13554    0.11239      49272
  50.43953      1.80778   15.13230    0.10063      49050
  50.44953      1.80745   15.17247    0.10333      48898
  50.45953      1.80711   15.18514    0.11339      49280
  50.46953      1.80678   15.22600    0.11321      48673
  50.47953      1.80644   15.24939    0.11004      49637
  50.48953      1.80611   15.28198    0.11395      49094
  50.49953      1.80578   15.30930    0.11106      49062
  50.50953      1.80544   15.34452    0.11793      49374
  50.51953      1.80511   15.37509    0.11457      48888
  50.52953      1.80477   15.38638    0.10996      49472
  50.53953      1.80444   15.45482    0.12639      49080
  50.54953      1.80411   15.43101    0.12057      49124
  50.55953      1.80377   15.50511    0.11321      49554
  50.56953      1.80344   15.53136    0.11902      48874
  50.57953      1.80311   15.54897    0.11128      49377
  50.58953      1.80277   15.63009    0.11541      49004
  50.59953      1.80244   15.58543    0.10791      48797
  50.60953      1.80211   15.67254    0.11636      49139
  50.61953      1.80178   15.69279    0.11412      48820
  50.62953      1.80144   15.70990    0.10280      49160
  50.63953      1.80111   15.80576    0.11045      49115
  50.64953      1.80078   15.77961    0.12499      48906
  50.65953      1.80045   15.87008    0.12002      49162
  50.66953      1.80012   15.87048    0.11048      49163
  50.67952      1.79978   15.89505    0.11449      48998
  50.68952      1.79945   15.98863    0.12158      49255
  50.69952      1.79912   15.98485    0.12058      48994
  50.70952      1.79879   16.06886    0.11459      48924
  50.71952      1.79846   16.06707    0.12589      49328
  50.72952      1.79813   16.10716    0.11914      48820
  50.73952      1.79780   16.18440    0.11808      49441
  50.74952      1.79747   16.21364    0.11723      49129
  50.75952      1.79714   16.26170    0.10936      48665
  50.76952      1.79680   16.28231    0.11193      49054
  50.77952      1.79647   16.31188    0.11693      48563
  50.78952      1.79614   16.39291    0.11216      49095
  50.79952      1.79581   16.43295    0.11796      49175
  50.80952      1.79548   16.49468    0.11432      48699
  50.81952      1.79515   16.51739    0.11768      49179
  50.82952      1.79482   16.56932    0.11278      48942
  50.83952      1.79450   16.65256    0.13153      49037
  50.84952      1.79417   16.66857    0.12525      49086
  50.85952      1.79384   16.73105    0.12202      48757
  50.86952      1.79351   16.78263    0.11091      49512
  50.87952      1.79318   16.82953    0.12790      48760
  50.88952      1.79285   16.90575    0.13348      49144
  50.89952      1.79252   16.94666    0.11416      48955
  50.90952      1.79219   17.01377    0.13291      48676
  50.91952      1.79186   17.06762    0.11246      49270
  50.92952      1.79154   17.11530    0.11715      48696
  50.93952      1.79121   17.19093    0.11156      48714
  50.94952      1.79088   17.24085    0.11688      48816
  50.95952      1.79055   17.30957    0.11704      48571
  50.96952      1.79022   17.38938    0.12328      49292
  50.97952      1.78990   17.44543    0.12649      48923
  50.98952      1.78957   17.50807    0.12106      48735
  50.99952      1.78924   17.59533    0.12123      49168
  51.00952      1.78891   17.64145    0.11601      48768
  51.01951      1.78859   17.75470    0.13163      48931
  51.02951      1.78826   17.81965    0.12843      49157
  51.03951      1.78793   17.87918    0.13924      48522
  51.04951      1.78761   17.95801    0.11612      49274
  51.05951      1.78728   18.03459    0.13033      49045
  51.06951      1.78695   18.13210    0.12336      48835
  51.07951      1.78663   18.20708    0.12127      48971
  51.08951      1.78630   18.29443    0.12643      48563
  51.09951      1.78597   18.33070    0.12041      48576
  51.10951      1.78565   18.47640    0.11235      49009
  51.11951      1.78532   18.54565    0.12917      48584
  51.12951      1.78500   18.62121    0.12179      48733
  51.13951      1.78467   18.71306    0.12257      48861
  51.14951      1.78435   18.83986    0.12679      48830
  51.15951      1.78402   18.90851    0.12916      48930
  51.16951      1.78369   18.97728    0.12687      48846
  51.17951      1.78337   19.12545    0.13247      48795
  51.18951      1.78304   19.18424    0.12694      48974
  51.19951      1.78272   19.34001    0.13257      48800
  51.20951      1.78240   19.39087    0.13179      48842
  51.21951      1.78207   19.47433    0.14370      48923
  51.22951      1.78175   19.66047    0.12914      48841
  51.23951      1.78142   19.69655    0.11969      48918
  51.24951      1.78110   19.83699    0.12944      48668
  51.25951      1.78077   19.93600    0.12563      48368
  51.26951      1.78045   19.98532    0.12381      48664
  51.27951      1.78013   20.18095    0.13699      48751
  51.28951      1.77980   20.29431    0.12280      48773
  51.29951      1.77948   20.35006    0.12402      48804
  51.30951      1.77916   20.52730    0.13684      48597
  51.31951      1.77883   20.62276    0.13203      48938
  51.32951      1.77851   20.71088    0.14329      48581
  51.33951      1.77819   20.91761    0.13217      48944
  51.34951      1.77786   20.96519    0.13444      48701
  51.35951      1.77754   21.12854    0.13600      48675
  51.36950      1.77722   21.27336    0.14119      49028
  51.37950      1.77690   21.36874    0.14290      48785
  51.38950      1.77657   21.52713    0.13055      48692
  51.39950      1.77625   21.61888    0.15215      48692
  51.40950      1.77593   21.82823    0.12848      48813
  51.41950      1.77561   21.88518    0.13087      48553
  51.42950      1.77529   22.02283    0.12685      48376
  51.43950      1.77496   22.21502    0.13183      48578
  51.44950      1.77464   22.30343    0.13551      48725
  51.45950      1.77432   22.46022    0.14824      48635
  51.46950      1.77400   22.63634    0.13415      48733
  51.47950      1.77368   22.68242    0.13437      48619
  51.48950      1.77336   22.94103    0.14218      48733
  51.49950      1.77304   23.04416    0.15159      48789
  51.50950      1.77272   23.16408    0.13987      48639
  51.51950      1.77240   23.38864    0.14897      48710
  51.52950      1.77208   23.43078    0.14278      48704
  51.53950      1.77176   23.67571    0.14084      48705
  51.54950      1.77144   23.81904    0.14606      48801
  51.55950      1.77112   23.90166    0.14920      48778
  51.56950      1.77080   24.13184    0.13428      48637
  51.57950      1.77048   24.25300    0.13866      48566
  51.58950      1.77016   24.38945    0.14297      48196
  51.59950      1.76984   24.54611    0.13715      48599
  51.60950      1.76952   24.68445    0.14204      48414
  51.61950      1.76920   24.94911    0.14426      48600
  51.62950      1.76888   25.00020    0.14423      48745
  51.63950      1.76856   25.18080    0.15366      48651
  51.64950      1.76824   25.37392    0.14681      48610
  51.65950      1.76792   25.46565    0.14576      48480
  51.66950      1.76760   25.73803    0.15295      48521
  51.67950      1.76728   25.81940    0.14982      48957
  51.68950      1.76697   25.96296    0.15206      48540
  51.69950      1.76665   26.25256    0.16374      48643
  51.70949      1.76633   26.34240    0.15352      48708
  51.71949      1.76601   26.47227    0.15156      48500
  51.72949      1.76569   26.68219    0.13866      48809
  51.73949      1.76538   26.84554    0.15192      48405
  51.74949      1.76506   26.97330    0.14734      48259
  51.75949      1.76474   27.16184    0.14812      48443
  51.76949      1.76442   27.26772    0.14723      48403
  51.77949      1.76411   27.51258    0.14462      48613
  51.78949      1.76379   27.63306    0.15595      48401
  51.79949      1.76347   27.85647    0.15749      48562
  51.80949      1.76316   27.95725    0.14978      48653
  51.81949      1.76284   28.13792    0.16911      48319
  51.82949      1.76252   28.33382    0.15861      48873
  51.83949      1.76221   28.45792    0.15222      48422
  51.84949      1.76189   28.66661    0.16109      48356
  51.85949      1.76157   28.80138    0.16330      49101
  51.86949      1.76126   28.93219    0.15937      48260
  51.87949      1.76094   29.20244    0.16785      48608
  51.88949      1.76063   29.27731    0.15161      48815
  51.89949      1.76031   29.41561    0.15461      48110
  51.90949      1.75999   29.62109    0.14623      48356
  51.91949      1.75968   29.74178    0.15681      48263
  51.92949      1.75936   29.93243    0.15990      48345
  51.93949      1.75905   30.07193    0.15535      48711
  51.94949      1.75873   30.20765    0.16149      48408
  51.95949      1.75842   30.39794    0.16112      48409
  51.96949      1.75810   30.52774    0.15450      48587
  51.97949      1.75779   30.66024    0.17061      48304
  51.98949      1.75747   30.81392    0.17056      48551
  51.99949      1.75716   30.96118    0.16077      48407
  52.00949      1.75685   31.14336    0.17390      48596
  52.01949      1.75653   31.24146    0.17022      48507
  52.02949      1.75622   31.40196    0.16065      48302
  52.03949      1.75590   31.53704    0.17092      48856
  52.04949      1.75559   31.62105    0.17111      48511
  52.05948      1.75528   31.82481    0.15530      48343
  52.06948      1.75496   31.90899    0.16352      48406
  52.07948      1.75465   32.00548    0.16642      47780
  52.08948      1.75434   32.17498    0.15191      48581
  52.09948      1.75402   32.26758    0.16196      48518
  52.10948      1.75371   32.41486    0.16548      48096
  52.11948      1.75340   32.47585    0.17678      48541
  52.12948      1.75308   32.59879    0.16094      48113
  52.13948      1.75277   32.74656    0.17310      48804
  52.14948      1.75246   32.81897    0.16637      48501
  52.15948      1.75215   32.92075    0.18306      47951
  52.16948      1.75183   33.03585    0.17205      48916
  52.17948      1.75152   33.09809    0.17875      48273
  52.18948      1.75121   33.21511    0.16870      48287
  52.19948      1.75090   33.31110    0.17249      48748
  52.20948      1.75059   33.35957    0.17224      48099
  52.21948      1.75027   33.47170    0.17069      48605
  52.22948      1.74996   33.53249    0.16081      48348
  52.23948      1.74965   33.60724    0.17793      47966
  52.24948      1.74934   33.67684    0.15696      48393
  52.25948      1.74903   33.74673    0.16626      48267
  52.26948      1.74872   33.80024    0.17091      48216
  52.27948      1.74841   33.86419    0.17053      48307
  52.28948      1.74809   33.91605    0.17290      48234
  52.29948      1.74778   33.97146    0.17148      48640
  52.30948      1.74747   34.01922    0.17698      48285
  52.31948      1.74716   34.06735    0.17532      48294
  52.32948      1.74685   34.09894    0.17596      48702
  52.33948      1.74654   34.18065    0.18339      47668
  52.34948      1.74623   34.17217    0.18014      48814
  52.35948      1.74592   34.17810    0.17564      48490
  52.36948      1.74561   34.25478    0.17322      48131
  52.37948      1.74530   34.24670    0.16941      48727
  52.38948      1.74499   34.25423    0.16651      48123
  52.39947      1.74468   34.28900    0.17458      47801
  52.40947      1.74437   34.28009    0.16988      48420
  52.41947      1.74407   34.27702    0.16739      47908
  52.42947      1.74376   34.29338    0.16021      48403
  52.43947      1.74345   34.28003    0.18106      48378
  52.44947      1.74314   34.25786    0.17429      48123
  52.45947      1.74283   34.26162    0.17081      48540
  52.46947      1.74252   34.23527    0.17637      47919
  52.47947      1.74221   34.19322    0.17764      48601
  52.48947      1.74190   34.18657    0.17276      48373
  52.49947      1.74160   34.15211    0.17845      47989
  52.50947      1.74129   34.07939    0.18228      48669
  52.51947      1.74098   34.05695    0.17358      48327
  52.52947      1.74067   34.02735    0.18116      48242
  52.53947      1.74036   33.94393    0.17242      48414
  52.54947      1.74006   33.89525    0.15741      48019
  52.55947      1.73975   33.85235    0.18110      48103
  52.56947      1.73944   33.74953    0.16789      48084
  52.57947      1.73913   33.70125    0.16344      47945
  52.58947      1.73883   33.63043    0.17101      48567
  52.59947      1.73852   33.51364    0.16983      47707
  52.60947      1.73821   33.48930    0.16145      48510
  52.61947      1.73791   33.34586    0.17705      48450
  52.62947      1.73760   33.27045    0.17166      47779
  52.63947      1.73729   33.18562    0.18348      48562
  52.64947      1.73699   33.07211    0.16836      48293
  52.65947      1.73668   32.96452    0.17511      48004
  52.66947      1.73637   32.88374    0.17234      48350
  52.67947      1.73607   32.73072    0.17151      48319
  52.68947      1.73576   32.64039    0.16912      48425
  52.69947      1.73546   32.51260    0.17491      48215
  52.70947      1.73515   32.38780    0.17111      48104
  52.71947      1.73485   32.23441    0.16461      47986
  52.72947      1.73454   32.09739    0.15940      47677
  52.73946      1.73423   32.05001    0.16108      48254
  52.74946      1.73393   31.84539    0.15587      48326
  52.75946      1.73362   31.73797    0.17143      47831
  52.76946      1.73332   31.58572    0.16239      48393
  52.77946      1.73301   31.39545    0.16530      48252
  52.78946      1.73271   31.31324    0.16073      47987
  52.79946      1.73241   31.14771    0.16835      48337
  52.80946      1.73210   30.92773    0.17996      48125
  52.81946      1.73180   30.86761    0.15932      48403
  52.82946      1.73149   30.63910    0.17439      48160
  52.83946      1.73119   30.50394    0.16793      47939
  52.84946      1.73088   30.34100    0.15933      48657
  52.85946      1.73058   30.11230    0.16576      47965
  52.86946      1.73028   30.02628    0.15592      47991
  52.87946      1.72997   29.82077    0.16634      48117
  52.88946      1.72967   29.61984    0.16763      47857
  52.89946      1.72937   29.47333    0.14563      48010
  52.90946      1.72906   29.30295    0.14575      48106
  52.91946      1.72876   29.11068    0.16740      47949
  52.92946      1.72846   28.89695    0.15199      48263
  52.93946      1.72815   28.75068    0.16393      48017
  52.94946      1.72785   28.62522    0.15369      48166
  52.95946      1.72755   28.32641    0.15917      48205
  52.96946      1.72725   28.21721    0.16167      48059
  52.97946      1.72694   28.02877    0.16012      48329
  52.98946      1.72664   27.73988    0.15396      47906
  52.99946      1.72634   27.68673    0.18113      48192
  53.00946      1.72604   27.45870    0.15584      48283
  53.01946      1.72573   27.19731    0.14442      48200
  53.02946      1.72543   27.11083    0.14999      48136
  53.03946      1.72513   26.88962    0.15414      47855
  53.04946      1.72483   26.64505    0.16303      47726
  53.05946      1.72453   26.48985    0.14259      48061
  53.06946      1.72423   26.27986    0.13944      47908
  53.07946      1.72392   26.18173    0.14809      48029
  53.08945      1.72362   25.93436    0.14759      48271
  53.09945      1.72332   25.73858    0.15157      47985
  53.10945      1.72302   25.63543    0.14581      48062
  53.11945      1.72272   25.35722    0.16261      48030
  53.12945      1.72242   25.24062    0.14723      48091
  53.13945      1.72212   25.04552    0.14441      48083
  53.14945      1.72182   24.80499    0.15583      48144
  53.15945      1.72152   24.73060    0.15006      48185
  53.16945      1.72122   24.49428    0.14450      48148
  53.17945      1.72092   24.33225    0.15968      47924
  53.18945      1.72062   24.17037    0.13520      48330
  53.19945      1.72032   23.94452    0.14582      47813
  53.20945      1.72002   23.81208    0.14434      47470
  53.21945      1.71972   23.64338    0.13559      48134
  53.22945      1.71942   23.44181    0.13952      47953
  53.23945      1.71912   23.32011    0.14433      47856
  53.24945      1.71882   23.11874    0.13176      48036
  53.25945      1.71852   22.98195    0.14241      48139
  53.26945      1.71822   22.82027    0.13917      48107
  53.27945      1.71792   22.60498    0.14522      47917
  53.28945      1.71763   22.53370    0.14001      48026
  53.29945      1.71733   22.31552    0.15024      48145
  53.30945      1.71703   22.16037    0.14302      48013
  53.31945      1.71673   22.04182    0.13617      48033
  53.32945      1.71643   21.80156    0.14487      47897
  53.33945      1.71613   21.74925    0.13847      48213
  53.34945      1.71584   21.57688    0.13300      48208
  53.35945      1.71554   21.39648    0.14575      47778
  53.36945      1.71524   21.25497    0.13256      47561
  53.37945      1.71494   21.08976    0.12650      47952
  53.38945      1.71464   20.95844    0.12591      47911
  53.39945      1.71435   20.85514    0.13731      47758
  53.40945      1.71405   20.66968    0.13164      48047
  53.41945      1.71375   20.58772    0.14478      48089
  53.42944      1.71345   20.41727    0.12320      48015
  53.43944      1.71316   20.27006    0.13175      47783
  53.44944      1.71286   20.19793    0.13618      48009
  53.45944      1.71256   20.02321    0.14233      48178
  53.46944      1.71227   19.91146    0.13579      47954
  53.47944      1.71197   19.79874    0.13510      48078
  53.48944      1.71167   19.62248    0.13017      47907
  53.49944      1.71138   19.55414    0.13117      48021
  53.50944      1.71108   19.42118    0.12693      48039
  53.51944      1.71079   19.30251    0.13398      47956
  53.52944      1.71049   19.17182    0.13098      47461
  53.53944      1.71019   19.03377    0.12703      47775
  53.54944      1.70990   18.97193    0.11515      48108
  53.55944      1.70960   18.84856    0.12587      47753
  53.56944      1.70931   18.70295    0.12803      47749
  53.57944      1.70901   18.65727    0.12541      48057
  53.58944      1.70872   18.51899    0.12802      47954
  53.59944      1.70842   18.40553    0.13189      47962
  53.60944      1.70813   18.35279    0.12413      47825
  53.61944      1.70783   18.18273    0.12591      48119
  53.62944      1.70754   18.11564    0.13229      47950
  53.63944      1.70724   18.03310    0.12805      47651
  53.64944      1.70695   17.91048    0.13783      48152
  53.65944      1.70665   17.84445    0.11606      48128
  53.66944      1.70636   17.71623    0.12132      47778
  53.67944      1.70606   17.64832    0.12328      47995
  53.68944      1.70577   17.54346    0.12733      47493
  53.69944      1.70547   17.42234    0.12734      47471
  53.70944      1.70518   17.38103    0.11603      48028
  53.71944      1.70489   17.28649    0.11331      47964
  53.72944      1.70459   17.17211    0.11975      47830
  53.73944      1.70430   17.12879    0.12280      47822
  53.74944      1.70401   17.02336    0.12674      47812
  53.75944      1.70371   16.97077    0.12191      48056
  53.76943      1.70342   16.88296    0.12221      47821
  53.77943      1.70313   16.78536    0.12289      47805
  53.78943      1.70283   16.74306    0.12502      48175
  53.79943      1.70254   16.63653    0.12035      47586
  53.80943      1.70225   16.57766    0.12668      48203
  53.81943      1.70196   16.52125    0.11925      47860
  53.82943      1.70166   16.41600    0.11524      47878
  53.83943      1.70137   16.38603    0.11723      48022
  53.84943      1.70108   16.30170    0.12505      47382
  53.85943      1.70079   16.20582    0.11600      47611
  53.86943      1.70049   16.16636    0.11549      47729
  53.87943      1.70020   16.11595    0.11172      47770
  53.88943      1.69991   16.04549    0.11783      48077
  53.89943      1.69962   15.97758    0.11145      47603
  53.90943      1.69933   15.91271    0.11845      47866
  53.91943      1.69903   15.88414    0.11788      48190
  53.92943      1.69874   15.80305    0.12758      47579
  53.93943      1.69845   15.73304    0.11705      47737
  53.94943      1.69816   15.71272    0.11546      48156
  53.95943      1.69787   15.61985    0.11869      47729
  53.96943      1.69758   15.59662    0.12274      47991
  53.97943      1.69729   15.52469    0.12355      47875
  53.98943      1.69700   15.46324    0.10693      47696
  53.99943      1.69671   15.43299    0.11423      47989
  54.00943      1.69642   15.36384    0.11566      47324
  54.01943      1.69613   15.28906    0.11642      47576
  54.02943      1.69584   15.27462    0.10948      48031
  54.03943      1.69554   15.18890    0.11028      47319
  54.04943      1.69525   15.17815    0.11307      48042
  54.05943      1.69496   15.11668    0.11223      47740
  54.06943      1.69467   15.06398    0.11690      47750
  54.07943      1.69439   15.03492    0.11032      48053
  54.08943      1.69410   14.97430    0.12352      47602
  54.09943      1.69381   14.92560    0.11313      47901
  54.10943      1.69352   14.89584    0.11734      47922
  54.11942      1.69323   14.83639    0.11945      47562
  54.12942      1.69294   14.81053    0.10877      48141
  54.13942      1.69265   14.76738    0.11524      47849
  54.14942      1.69236   14.71245    0.10849      47746
  54.15942      1.69207   14.68449    0.11960      47855
  54.16942      1.69178   14.63358    0.11007      47223
  54.17942      1.69149   14.58862    0.11282      47634
  54.18942      1.69121   14.56487    0.10251      47937
  54.19942      1.69092   14.51579    0.11266      47515
  54.20942      1.69063   14.49615    0.11250      47887
  54.21942      1.69034   14.44428    0.11362      47604
  54.22942      1.69005   14.42300    0.10410      47827
  54.23942      1.68976   14.39043    0.12186      47917
  54.24942      1.68948   14.33949    0.10840      47524
  54.25942      1.68919   14.32300    0.11289      47758
  54.26942      1.68890   14.28886    0.12385      48104
  54.27942      1.68861   14.24761    0.10777      47404
  54.28942      1.68833   14.21956    0.11372      48107
  54.29942      1.68804   14.19230    0.11371      47780
  54.30942      1.68775   14.16315    0.10357      47740
  54.31942      1.68746   14.12064    0.11441      47716
  54.32942      1.68718   14.09284    0.10700      47557
  54.33942      1.68689   14.05195    0.11713      47505
  54.34942      1.68660   14.03222    0.10357      47753
  54.35942      1.68632   13.98596    0.10583      47266
  54.36942      1.68603   13.98520    0.10400      48036
  54.37942      1.68574   13.94315    0.11264      47738
  54.38942      1.68546   13.91827    0.11161      47496
  54.39942      1.68517   13.88711    0.10961      47980
  54.40942      1.68489   13.84968    0.10557      47459
  54.41942      1.68460   13.84382    0.11791      48050
  54.42942      1.68431   13.80289    0.11023      47746
  54.43942      1.68403   13.77545    0.11698      47421
  54.44942      1.68374   13.76893    0.11510      48127
  54.45941      1.68346   13.71915    0.09752      47740
  54.46941      1.68317   13.69361    0.11345      47537
  54.47941      1.68289   13.68185    0.10803      47855
  54.48941      1.68260   13.63982    0.11338      47365
  54.49941      1.68232   13.61848    0.11097      47585
  54.50941      1.68203   13.60071    0.09760      47532
  54.51941      1.68175   13.56720    0.10479      47343
  54.52941      1.68146   13.55753    0.11274      48127
  54.53941      1.68118   13.53736    0.10132      47797
  54.54941      1.68089   13.50538    0.11418      47341
  54.55941      1.68061   13.49648    0.10601      47691
  54.56941      1.68032   13.45874    0.11054      47729
  54.57941      1.68004   13.46091    0.11386      47883
  54.58941      1.67976   13.43049    0.10675      47783
  54.59941      1.67947   13.40029    0.11592      47422
  54.60941      1.67919   13.39704    0.11105      47883
  54.61941      1.67890   13.36849    0.10527      47757
  54.62941      1.67862   13.36008    0.10270      47617
  54.63941      1.67834   13.33440    0.10440      47889
  54.64941      1.67805   13.30083    0.11081      47394
  54.65941      1.67777   13.29069    0.11138      47212
  54.66941      1.67749   13.27764    0.10094      47801
  54.67941      1.67720   13.25136    0.10194      47492
  54.68941      1.67692   13.24468    0.10314      47784
  54.69941      1.67664   13.21715    0.10711      47351
  54.70941      1.67635   13.20663    0.10680      47721
  54.71941      1.67607   13.20467    0.11731      47956
  54.72941      1.67579   13.16305    0.10783      47442
  54.73941      1.67551   13.16014    0.10023      47686
  54.74941      1.67522   13.14401    0.11550      47903
  54.75941      1.67494   13.11808    0.10902      47589
  54.76941      1.67466   13.10566    0.10746      47742
  54.77941      1.67438   13.09693    0.10890      47753
  54.78941      1.67410   13.07498    0.09843      47452
  54.79940      1.67381   13.05898    0.10520      47801
  54.80940      1.67353   13.04586    0.11406      47448
  54.81940      1.67325   13.01414    0.10317      47174
  54.82940      1.67297   13.01541    0.10324      47668
  54.83940      1.67269   12.98566    0.10635      47529
  54.84940      1.67241   12.99358    0.09839      47701
  54.85940      1.67212   12.96697    0.10841      47635
  54.86940      1.67184   12.95717    0.10311      47477
  54.87940      1.67156   12.95047    0.10982      47828
  54.88940      1.67128   12.92333    0.10851      47485
  54.89940      1.67100   12.92062    0.10897      47637
  54.90940      1.67072   12.91487    0.10341      47834
  54.91940      1.67044   12.88602    0.10841      47677
  54.92940      1.67016   12.87227    0.11515      47555
  54.93940      1.66988   12.87611    0.09827      47660
  54.94940      1.66960   12.85135    0.10806      47672
  54.95940      1.66932   12.84297    0.10431      47464
  54.96940      1.66904   12.82520    0.10168      47415
  54.97940      1.66876   12.80738    0.10814      47418
  54.98940      1.66848   12.80444    0.10751      47610
  54.99940      1.66820   12.79168    0.09510      47594
  55.00940      1.66792   12.77602    0.10907      47352
  55.01940      1.66764   12.77478    0.09727      47526
  55.02940      1.66736   12.76402    0.10533      47880
  55.03940      1.66708   12.74417    0.11631      47605
  55.04940      1.66680   12.73751    0.10409      47411
  55.05940      1.66652   12.73167    0.11130      47727
  55.06940      1.66624   12.72169    0.10245      47732
  55.07940      1.66597   12.70706    0.10841      47580
  55.08940      1.66569   12.69349    0.10931      47721
  55.09940      1.66541   12.68562    0.09610      47607
  55.10940      1.66513   12.68113    0.11297      47471
  55.11940      1.66485   12.65777    0.10488      47519
  55.12940      1.66457   12.65421    0.10217      47347
  55.13940      1.66429   12.64418    0.10328      47496
  55.14939      1.66402   12.63298    0.09977      47375
  55.15939      1.66374   12.62526    0.10642      47542
  55.16939      1.66346   12.61165    0.10627      47446
  55.17939      1.66318   12.61134    0.10079      47656
  55.18939      1.66291   12.60699    0.10022      47850
  55.19939      1.66263   12.59078    0.10604      47292
  55.20939      1.66235   12.57976    0.10563      47625
  55.21939      1.66207   12.57736    0.11786      47651
  55.22939      1.66180   12.57195    0.10396      47530
  55.23939      1.66152   12.56178    0.10515      47746
  55.24939      1.66124   12.54995    0.09743      47666
  55.25939      1.66096   12.54791    0.10824      47496
  55.26939      1.66069   12.53285    0.10954      47581
  55.27939      1.66041   12.52605    0.10006      47294
  55.28939      1.66013   12.51299    0.10296      47569
  55.29939      1.65986   12.51785    0.10428      47358
  55.30939      1.65958   12.50109    0.10284      47421
  55.31939      1.65930   12.49458    0.09987      47472
  55.32939      1.65903   12.49142    0.09865      47616
  55.33939      1.65875   12.48909    0.11147      47442
  55.34939      1.65848   12.47274    0.10469      47481
  55.35939      1.65820   12.48213    0.09943      47620
  55.36939      1.65792   12.45116    0.10704      47685
  55.37939      1.65765   12.47018    0.10974      47490
  55.38939      1.65737   12.43611    0.10565      47550
  55.39939      1.65710   12.44606    0.11349      47499
  55.40939      1.65682   12.43821    0.09622      47936
  55.41939      1.65655   12.42754    0.10178      47403
  55.42939      1.65627   12.40939    0.10282      47209
  55.43939      1.65600   12.41802    0.11214      47685
  55.44939      1.65572   12.39445    0.11069      47350
  55.45939      1.65545   12.39510    0.09665      47534
  55.46939      1.65517   12.38659    0.09478      47116
  55.47939      1.65490   12.36611    0.10141      47508
  55.48938      1.65462   12.37960    0.10714      47722
  55.49938      1.65435   12.35692    0.10675      47408
  55.50938      1.65407   12.35411    0.09644      47403
  55.51938      1.65380   12.34914    0.10724      47751
  55.52938      1.65353   12.33079    0.10597      47502
  55.53938      1.65325   12.33662    0.10681      47613
  55.54938      1.65298   12.31099    0.10690      47608
  55.55938      1.65270   12.31368    0.11402      47093
  55.56938      1.65243   12.31312    0.09370      48027
  55.57938      1.65216   12.29018    0.10280      47345
  55.58938      1.65188   12.28712    0.09778      47458
  55.59938      1.65161   12.28079    0.10745      47514
  55.60938      1.65134   12.25293    0.10623      47104
  55.61938      1.65106   12.26393    0.10462      47599
  55.62938      1.65079   12.26602    0.10137      47475
  55.63938      1.65052   12.22609    0.09311      47183
  55.64938      1.65024   12.25751    0.10634      47609
  55.65938      1.64997   12.23373    0.10167      47587
  55.66938      1.64970   12.21700    0.11340      47274
  55.67938      1.64943   12.23424    0.10162      47760
  55.68938      1.64915   12.20712    0.09849      47377
  55.69938      1.64888   12.21461    0.10985      47558
  55.70938      1.64861   12.20300    0.11278      47762
  55.71938      1.64834   12.19275    0.10196      47207
  55.72938      1.64807   12.19851    0.10117      47800
  55.73938      1.64779   12.19062    0.09479      47526
  55.74938      1.64752   12.17348    0.10273      46939
  55.75938      1.64725   12.18231    0.10758      47939
  55.76938      1.64698   12.16855    0.10449      47161
  55.77938      1.64671   12.14939    0.11568      47105
  55.78938      1.64643   12.17216    0.08785      47713
  55.79938      1.64616   12.14979    0.10514      47019
  55.80938      1.64589   12.15733    0.09860      47725
  55.81938      1.64562   12.15537    0.10302      47647
  55.82937      1.64535   12.13280    0.10250      47084
  55.83937      1.64508   12.14714    0.10927      47694
  55.84937      1.64481   12.14773    0.10924      47571
  55.85937      1.64454   12.13263    0.10351      47396
  55.86937      1.64427   12.14463    0.09779      47796
  55.87937      1.64400   12.11982    0.11123      47481
  55.88937      1.64373   12.12563    0.10017      47403
  55.89937      1.64346   12.12309    0.10090      47393
  55.90937      1.64319   12.10420    0.09845      47153
  55.91937      1.64291   12.12463    0.10622      47725
  55.92937      1.64264   12.11420    0.10669      47348
  55.93937      1.64237   12.08592    0.10497      46954
  55.94937      1.64211   12.11510    0.09635      47651
  55.95937      1.64184   12.09827    0.09752      47410
  55.96937      1.64157   12.09426    0.09395      47358
  55.97937      1.64130   12.10550    0.11443      47546
  55.98937      1.64103   12.08501    0.10481      47522
  55.99937      1.64076   12.09553    0.10141      47301
  56.00937      1.64049   12.10007    0.10404      47798
  56.01937      1.64022   12.06428    0.10267      47046
  56.02937      1.63995   12.09568    0.11007      47671
  56.03937      1.63968   12.08126    0.10416      47769
  56.04937      1.63941   12.07351    0.09481      47181
  56.05937      1.63914   12.07554    0.10680      47608
  56.06937      1.63887   12.06612    0.10267      47447
  56.07937      1.63861   12.06067    0.10322      47188
  56.08937      1.63834   12.07001    0.09907      47337
  56.09937      1.63807   12.05276    0.10707      46964
  56.10937      1.63780   12.05698    0.09879      47623
  56.11937      1.63753   12.07274    0.09687      47653
  56.12937      1.63727   12.04411    0.10389      47103
  56.13937      1.63700   12.06141    0.09809      47558
  56.14937      1.63673   12.05510    0.10657      47333
  56.15937      1.63646   12.04914    0.11296      47476
  56.16937      1.63619   12.06818    0.10241      47850
  56.17936      1.63593   12.04699    0.10168      47212
  56.18936      1.63566   12.04849    0.10237      47513
  56.19936      1.63539   12.06027    0.09898      47799
  56.20936      1.63512   12.04381    0.10894      46997
  56.21936      1.63486   12.03682    0.09841      47396
  56.22936      1.63459   12.05443    0.10168      47490
  56.23936      1.63432   12.03563    0.10509      47295
  56.24936      1.63406   12.04766    0.10671      47375
  56.25936      1.63379   12.04063    0.10022      47259
  56.26936      1.63352   12.03311    0.09328      47163
  56.27936      1.63326   12.04188    0.10645      47406
  56.28936      1.63299   12.03142    0.09847      47320
  56.29936      1.63272   12.04000    0.10507      47528
  56.30936      1.63246   12.04207    0.10331      47745
  56.31936      1.63219   12.03068    0.10601      47253
  56.32936      1.63193   12.03439    0.10245      47494
  56.33936      1.63166   12.04078    0.11479      47504
  56.34936      1.63139   12.02398    0.09451      47456
  56.35936      1.63113   12.03485    0.09814      47478
  56.36936      1.63086   12.01718    0.10301      47244
  56.37936      1.63060   12.01422    0.10679      47182
  56.38936      1.63033   12.03174    0.10459      47645
  56.39936      1.63007   12.01182    0.09878      47430
  56.40936      1.62980   12.01051    0.10379      47017
  56.41936      1.62954   12.02138    0.10039      47565
  56.42936      1.62927   12.00885    0.10385      47046
  56.43936      1.62901   12.00405    0.09628      47331
  56.44936      1.62874   12.01424    0.10038      47595
  56.45936      1.62848   12.01571    0.10250      47467
  56.46936      1.62821   12.00497    0.10641      47558
  56.47936      1.62795   12.00635    0.10709      47337
  56.48936      1.62768   12.00586    0.11077      47238
  56.49936      1.62742   12.01130    0.09781      47571
  56.50936      1.62715   11.99918    0.10228      47494
  56.51935      1.62689   12.00553    0.10028      47495
  56.52935      1.62663   12.00926    0.10244      47403
  56.53935      1.62636   11.99446    0.10309      47164
  56.54935      1.62610   12.00545    0.10618      47332
  56.55935      1.62583   12.01472    0.10793      47433
  56.56935      1.62557   12.00133    0.09781      47119
  56.57935      1.62531   12.00114    0.09981      47240
  56.58935      1.62504   12.00082    0.09616      47290
  56.59935      1.62478   12.01563    0.10240      47521
  56.60935      1.62452   12.01369    0.10452      47443
  56.61935      1.62425   12.01101    0.09995      47264
  56.62935      1.62399   12.01805    0.10435      47367
  56.63935      1.62373   12.02725    0.11235      47621
  56.64935      1.62346   12.01810    0.10477      47550
  56.65935      1.62320   12.01616    0.10728      47197
  56.66935      1.62294   12.03412    0.09520      47552
  56.67935      1.62268   12.02869    0.10191      47402
  56.68935      1.62241   12.03197    0.10343      47340
  56.69935      1.62215   12.02576    0.10511      47223
  56.70935      1.62189   12.04251    0.10004      47530
  56.71935      1.62163   12.03776    0.10427      47094
  56.72935      1.62137   12.03677    0.10843      47300
  56.73935      1.62110   12.04538    0.09570      47224
  56.74935      1.62084   12.04346    0.10035      47244
  56.75935      1.62058   12.05685    0.10192      47745
  56.76935      1.62032   12.05738    0.09964      47115
  56.77935      1.62006   12.05423    0.11038      47408
  56.78935      1.61979   12.06825    0.10336      47406
  56.79935      1.61953   12.06732    0.10984      47395
  56.80935      1.61927   12.07734    0.09912      47415
  56.81935      1.61901   12.07926    0.10124      47570
  56.82935      1.61875   12.07466    0.09917      47594
  56.83935      1.61849   12.07080    0.10601      47094
  56.84935      1.61823   12.09385    0.09707      47239
  56.85934      1.61797   12.08971    0.10460      47262
  56.86934      1.61771   12.09777    0.11076      47426
  56.87934      1.61745   12.09691    0.09922      47413
  56.88934      1.61718   12.10311    0.10408      47096
  56.89934      1.61692   12.12127    0.09888      47418
  56.90934      1.61666   12.09989    0.10588      46994
  56.91934      1.61640   12.12525    0.09858      47244
  56.92934      1.61614   12.14823    0.10314      47892
  56.93934      1.61588   12.12868    0.10556      47305
  56.94934      1.61562   12.14984    0.10750      47331
  56.95934      1.61536   12.15916    0.11527      47461
  56.96934      1.61510   12.15089    0.09730      47349
  56.97934      1.61484   12.16762    0.09904      47666
  56.98934      1.61458   12.18048    0.10532      47364
  56.99934      1.61432   12.17771    0.10492      47068
  57.00934      1.61407   12.17930    0.10211      47465
  57.01934      1.61381   12.19590    0.10316      47375
  57.02934      1.61355   12.19506    0.10384      47071
  57.03934      1.61329   12.21583    0.10886      47382
  57.04934      1.61303   12.22309    0.10396      47062
  57.05934      1.61277   12.23585    0.09458      47175
  57.06934      1.61251   12.23752    0.10336      47693
  57.07934      1.61225   12.24567    0.10778      47165
  57.08934      1.61199   12.26131    0.10207      47536
  57.09934      1.61173   12.26748    0.10378      47475
  57.10934      1.61148   12.27658    0.11299      47002
  57.11934      1.61122   12.29221    0.10252      47841
  57.12934      1.61096   12.30654    0.10310      47391
  57.13934      1.61070   12.30145    0.10007      47026
  57.14934      1.61044   12.30782    0.10341      47417
  57.15934      1.61019   12.33020    0.11093      47545
  57.16934      1.60993   12.33737    0.09949      46991
  57.17934      1.60967   12.34589    0.10708      47664
  57.18934      1.60941   12.35527    0.10255      47143
  57.19934      1.60915   12.37416    0.10677      47100
  57.20933      1.60890   12.37924    0.09968      47528
  57.21933      1.60864   12.38308    0.10553      47015
  57.22933      1.60838   12.41964    0.10077      47397
  57.23933      1.60813   12.43001    0.10590      47556
  57.24933      1.60787   12.42063    0.10670      47014
  57.25933      1.60761   12.45365    0.11225      47698
  57.26933      1.60735   12.45626    0.10394      47625
  57.27933      1.60710   12.46612    0.10805      47006
  57.28933      1.60684   12.49359    0.09640      47812
  57.29933      1.60658   12.48956    0.10511      47200
  57.30933      1.60633   12.50340    0.10585      46833
  57.31933      1.60607   12.52221    0.10345      47671
  57.32933      1.60581   12.53351    0.11024      47271
  57.33933      1.60556   12.55004    0.10287      47228
  57.34933      1.60530   12.57237    0.10665      47354
  57.35933      1.60505   12.57136    0.10849      46841
  57.36933      1.60479   12.60160    0.09792      47489
  57.37933      1.60453   12.61498    0.10860      47633
  57.38933      1.60428   12.62072    0.09969      47005
  57.39933      1.60402   12.65639    0.11144      47636
  57.40933      1.60377   12.65682    0.10010      47610
  57.41933      1.60351   12.66727    0.11337      47059
  57.42933      1.60326   12.70247    0.12155      47601
  57.43933      1.60300   12.71705    0.09748      47299
  57.44933      1.60275   12.70771    0.10006      47331
  57.45933      1.60249   12.74153    0.10717      47260
  57.46933      1.60223   12.75977    0.10697      47267
  57.47933      1.60198   12.76513    0.11214      47291
  57.48933      1.60173   12.80279    0.10127      47422
  57.49933      1.60147   12.80852    0.10440      47220
  57.50933      1.60122   12.83555    0.11491      47164
  57.51933      1.60096   12.84298    0.10011      47423
  57.52933      1.60071   12.84936    0.10505      46809
  57.53933      1.60045   12.89408    0.10654      47719
  57.54932      1.60020   12.90775    0.10407      47537
  57.55932      1.59994   12.91019    0.11150      46950
  57.56932      1.59969   12.95218    0.11080      47747
  57.57932      1.59944   12.95734    0.11180      47388
  57.58932      1.59918   12.98899    0.10940      47053
  57.59932      1.59893   13.01279    0.10457      47580
  57.60932      1.59867   13.00704    0.09986      47135
  57.61932      1.59842   13.02937    0.10437      47175
  57.62932      1.59817   13.06889    0.11117      47571
  57.63932      1.59791   13.07882    0.11418      47329
  57.64932      1.59766   13.09614    0.10646      47499
  57.65932      1.59741   13.12112    0.10478      47381
  57.66932      1.59715   13.13458    0.11030      46837
  57.67932      1.59690   13.16334    0.10363      47356
  57.68932      1.59665   13.18184    0.10931      47260
  57.69932      1.59639   13.19500    0.10650      47172
  57.70932      1.59614   13.22820    0.10127      47649
  57.71932      1.59589   13.25573    0.11666      47293
  57.72932      1.59564   13.24367    0.11185      47132
  57.73932      1.59538   13.28826    0.11365      47670
  57.74932      1.59513   13.30795    0.10655      47420
  57.75932      1.59488   13.31553    0.09775      47234
  57.76932      1.59463   13.34213    0.11153      47368
  57.77932      1.59437   13.34735    0.10780      47147
  57.78932      1.59412   13.36643    0.11454      47258
  57.79932      1.59387   13.40116    0.10672      47655
  57.80932      1.59362   13.41711    0.11125      47200
  57.81932      1.59337   13.41759    0.11204      47203
  57.82932      1.59311   13.44975    0.10507      47227
  57.83932      1.59286   13.45940    0.10319      47278
  57.84932      1.59261   13.47588    0.11839      47268
  57.85932      1.59236   13.50513    0.10919      47241
  57.86932      1.59211   13.50474    0.10649      47404
  57.87932      1.59186   13.52779    0.10798      47382
  57.88932      1.59161   13.54690    0.11858      47298
  57.89931      1.59136   13.55855    0.11590      47380
  57.90931      1.59110   13.57431    0.10061      47437
  57.91931      1.59085   13.58409    0.10803      47264
  57.92931      1.59060   13.58209    0.10416      47279
  57.93931      1.59035   13.61260    0.11548      47430
  57.94931      1.59010   13.62611    0.11640      47345
  57.95931      1.58985   13.63680    0.10931      47229
  57.96931      1.58960   13.65310    0.10303      47273
  57.97931      1.58935   13.66490    0.11450      47214
  57.98931      1.58910   13.66903    0.11024      47219
  57.99931      1.58885   13.69014    0.11018      47348
  58.00931      1.58860   13.71178    0.11174      47504
  58.01931      1.58835   13.71759    0.10339      47344
  58.02931      1.58810   13.73096    0.11751      47263
  58.03931      1.58785   13.74302    0.11028      47490
  58.04931      1.58760   13.73839    0.11471      47407
  58.05931      1.58735   13.76573    0.10662      47390
  58.06931      1.58710   13.77498    0.10895      47322
  58.07931      1.58685   13.78327    0.10755      47140
  58.08931      1.58660   13.80765    0.11082      47240
  58.09931      1.58635   13.80269    0.11423      47231
  58.10931      1.58610   13.81129    0.11334      47452
  58.11931      1.58585   13.82970    0.11660      47261
  58.12931      1.58561   13.83059    0.10694      47265
  58.13931      1.58536   13.84433    0.10840      47175
  58.14931      1.58511   13.85931    0.11066      47278
  58.15931      1.58486   13.86611    0.10935      47337
  58.16931      1.58461   13.87366    0.11865      47265
  58.17931      1.58436   13.88922    0.10412      47573
  58.18931      1.58411   13.89464    0.10893      47347
  58.19931      1.58386   13.90125    0.12613      47394
  58.20931      1.58362   13.91863    0.10843      47611
  58.21931      1.58337   13.91266    0.10671      47230
  58.22931      1.58312   13.92390    0.10669      47225
  58.23930      1.58287   13.92821    0.11093      47324
  58.24930      1.58262   13.92593    0.11533      47167
  58.25930      1.58238   13.93688    0.11258      47528
  58.26930      1.58213   13.94483    0.11488      47336
  58.27930      1.58188   13.93517    0.10930      47049
  58.28930      1.58163   13.95048    0.11536      47407
  58.29930      1.58139   13.94843    0.10989      47271
  58.30930      1.58114   13.95012    0.10699      47019
  58.31930      1.58089   13.96278    0.11517      47631
  58.32930      1.58064   13.95784    0.11132      47359
  58.33930      1.58040   13.95040    0.11073      47310
  58.34930      1.58015   13.96798    0.11721      47428
  58.35930      1.57990   13.95260    0.11246      47251
  58.36930      1.57966   13.95610    0.11121      47482
  58.37930      1.57941   13.94731    0.10665      47343
  58.38930      1.57916   13.95132    0.10605      47115
  58.39930      1.57892   13.94063    0.11758      47318
  58.40930      1.57867   13.94796    0.10969      47456
  58.41930      1.57842   13.93912    0.11807      47088
  58.42930      1.57818   13.94312    0.11564      47635
  58.43930      1.57793   13.92396    0.10566      47215
  58.44930      1.57768   13.91370    0.11557      46874
  58.45930      1.57744   13.92446    0.10460      47613
  58.46930      1.57719   13.91101    0.11664      47369
  58.47930      1.57695   13.89765    0.10855      47114
  58.48930      1.57670   13.90249    0.10760      47787
  58.49930      1.57646   13.89075    0.11729      47393
  58.50930      1.57621   13.87013    0.11540      46983
  58.51930      1.57596   13.88234    0.10855      47751
  58.52930      1.57572   13.86056    0.10637      47258
  58.53930      1.57547   13.83703    0.10872      46833
  58.54930      1.57523   13.84135    0.11513      47677
  58.55930      1.57498   13.82829    0.11047      47270
  58.56930      1.57474   13.81742    0.11286      47328
  58.57929      1.57449   13.80907    0.11106      47518
  58.58929      1.57425   13.78698    0.11690      47057
  58.59929      1.57400   13.76366    0.11463      47173
  58.60929      1.57376   13.76369    0.10547      47467
  58.61929      1.57351   13.73585    0.10374      46882
  58.62929      1.57327   13.73486    0.11788      47754
  58.63929      1.57302   13.72472    0.11020      47599
  58.64929      1.57278   13.68678    0.10779      46899
  58.65929      1.57254   13.69025    0.11506      47806
  58.66929      1.57229   13.67487    0.10925      47499
  58.67929      1.57205   13.64762    0.10682      47068
  58.68929      1.57180   13.63837    0.11367      47483
  58.69929      1.57156   13.61845    0.10326      47145
  58.70929      1.57132   13.59863    0.11685      47052
  58.71929      1.57107   13.59687    0.11066      47658
  58.72929      1.57083   13.57063    0.11951      47303
  58.73929      1.57058   13.55331    0.10804      47264
  58.74929      1.57034   13.53569    0.11021      47459
  58.75929      1.57010   13.50792    0.11058      47019
  58.76929      1.56985   13.50294    0.10331      47269
  58.77929      1.56961   13.49164    0.11281      47688
  58.78929      1.56937   13.45457    0.10742      47077
  58.79929      1.56913   13.46210    0.10856      47642
  58.80929      1.56888   13.43536    0.11632      47532
  58.81929      1.56864   13.40315    0.10530      47078
  58.82929      1.56840   13.40337    0.10537      47597
  58.83929      1.56815   13.39081    0.11070      47402
  58.84929      1.56791   13.34370    0.11152      47051
  58.85929      1.56767   13.35263    0.10547      47505
  58.86929      1.56743   13.31863    0.10979      47400
  58.87929      1.56718   13.29951    0.11473      47105
  58.88929      1.56694   13.28694    0.10988      47581
  58.89929      1.56670   13.26650    0.11700      47219
  58.90929      1.56646   13.22994    0.10371      46783
  58.91929      1.56622   13.23243    0.10500      47736
  58.92928      1.56597   13.20443    0.10571      47414
  58.93928      1.56573   13.17824    0.11395      47060
  58.94928      1.56549   13.17987    0.10520      47795
  58.95928      1.56525   13.13775    0.11262      47173
  58.96928      1.56501   13.12534    0.10647      47345
  58.97928      1.56477   13.11304    0.10556      47701
  58.98928      1.56452   13.07042    0.10754      47100
  58.99928      1.56428   13.06546    0.10209      47246
  59.00928      1.56404   13.05428    0.11074      47628
  59.01928      1.56380   13.00915    0.11396      47044
  59.02928      1.56356   13.00851    0.10774      47381
  59.03928      1.56332   12.99295    0.10950      47638
  59.04928      1.56308   12.95050    0.10610      47138
  59.05928      1.56284   12.93293    0.11613      47035
  59.06928      1.56260   12.91651    0.10298      47646
  59.07928      1.56235   12.89219    0.10384      47190
  59.08928      1.56211   12.87998    0.10730      47285
  59.09928      1.56187   12.86907    0.10892      47770
  59.10928      1.56163   12.83326    0.10789      47170
  59.11928      1.56139   12.82566    0.10743      47448
  59.12928      1.56115   12.80708    0.10316      47501
  59.13928      1.56091   12.78030    0.10605      47242
  59.14928      1.56067   12.76890    0.11265      47226
  59.15928      1.56043   12.74950    0.10548      47340
  59.16928      1.56019   12.73703    0.10296      47425
  59.17928      1.55995   12.71355    0.11077      47395
  59.18928      1.55971   12.68995    0.11138      47334
  59.19928      1.55947   12.68209    0.11210      47484
  59.20928      1.55923   12.66090    0.10108      47185
  59.21928      1.55900   12.63415    0.11125      47231
  59.22928      1.55876   12.62599    0.10131      47355
  59.23928      1.55852   12.61135    0.10533      47493
  59.24928      1.55828   12.59206    0.10938      47423
  59.25928      1.55804   12.57745    0.10278      47325
  59.26927      1.55780   12.57068    0.10900      47580
  59.27927      1.55756   12.54024    0.10265      47501
  59.28927      1.55732   12.53363    0.10381      47327
  59.29927      1.55708   12.51263    0.10751      47325
  59.30927      1.55684   12.49240    0.09889      47261
  59.31927      1.55661   12.48195    0.10629      47294
  59.32927      1.55637   12.46813    0.11263      47524
  59.33927      1.55613   12.45633    0.10260      47340
  59.34927      1.55589   12.44261    0.11793      47283
  59.35927      1.55565   12.41899    0.10298      47398
  59.36927      1.55541   12.40956    0.11022      47216
  59.37927      1.55518   12.39351    0.09626      47239
  59.38927      1.55494   12.38459    0.11006      47281
  59.39927      1.55470   12.36930    0.10960      47668
  59.40927      1.55446   12.35929    0.09984      47347
  59.41927      1.55422   12.34883    0.10612      47408
  59.42927      1.55399   12.34053    0.09994      47672
  59.43927      1.55375   12.33230    0.10888      47452
  59.44927      1.55351   12.30670    0.10529      47061
  59.45927      1.55327   12.30854    0.10043      47693
  59.46927      1.55304   12.29743    0.10357      47174
  59.47927      1.55280   12.28323    0.10877      47391
  59.48927      1.55256   12.27887    0.10860      47368
  59.49927      1.55233   12.27515    0.11304      47417
  59.50927      1.55209   12.26428    0.09755      47445
  59.51927      1.55185   12.25772    0.11178      47338
  59.52927      1.55161   12.23798    0.10731      47213
  59.53927      1.55138   12.24675    0.10457      47400
  59.54927      1.55114   12.24219    0.09805      47458
  59.55927      1.55091   12.22897    0.11126      47294
  59.56927      1.55067   12.23449    0.10038      47537
  59.57927      1.55043   12.23092    0.10737      47619
  59.58927      1.55020   12.21530    0.09979      47406
  59.59927      1.54996   12.21698    0.10109      47317
  59.60926      1.54972   12.22339    0.10996      47498
  59.61926      1.54949   12.20844    0.10298      47092
  59.62926      1.54925   12.21326    0.10306      47592
  59.63926      1.54902   12.21466    0.11531      47632
  59.64926      1.54878   12.20471    0.10702      46985
  59.65926      1.54854   12.21341    0.10414      47683
  59.66926      1.54831   12.20654    0.10679      47336
  59.67926      1.54807   12.20086    0.10465      46940
  59.68926      1.54784   12.21979    0.10445      47569
  59.69926      1.54760   12.21209    0.10577      47497
  59.70926      1.54737   12.20489    0.09880      47134
  59.71926      1.54713   12.22116    0.10257      47806
  59.72926      1.54690   12.22082    0.11097      47553
  59.73926      1.54666   12.21381    0.09813      47451
  59.74926      1.54643   12.22345    0.10746      47350
  59.75926      1.54619   12.22394    0.09962      47408
  59.76926      1.54596   12.22406    0.10651      47244
  59.77926      1.54572   12.24515    0.10632      47452
  59.78926      1.54549   12.23942    0.11037      47456
  59.79926      1.54525   12.24137    0.10278      47369
  59.80926      1.54502   12.25757    0.10711      47531
  59.81926      1.54478   12.24699    0.10357      47352
  59.82926      1.54455   12.25920    0.11776      46939
  59.83926      1.54432   12.28222    0.09737      47644
  59.84926      1.54408   12.26840    0.10488      47303
  59.85926      1.54385   12.28511    0.10259      47503
  59.86926      1.54361   12.30090    0.11049      47737
  59.87926      1.54338   12.30648    0.10111      47387
  59.88926      1.54315   12.30929    0.09905      47421
  59.89926      1.54291   12.32037    0.10718      47552
  59.90926      1.54268   12.32014    0.10239      47152
  59.91926      1.54244   12.33329    0.11056      47316
  59.92926      1.54221   12.36398    0.10443      47658
  59.93926      1.54198   12.35851    0.11042      47159
  59.94926      1.54174   12.38344    0.10961      47471
  59.95925      1.54151   12.39828    0.10315      47724
  59.96925      1.54128   12.40431    0.10711      47424
  59.97925      1.54105   12.41867    0.11349      47261
  59.98925      1.54081   12.43918    0.10838      47644
  59.99925      1.54058   12.44835    0.09956      47175
  60.00925      1.54035   12.47631    0.10450      47675
  60.01925      1.54011   12.49405    0.10663      47613
  60.02925      1.53988   12.49472    0.11051      47186
  60.03925      1.53965   12.53301    0.09931      47667
  60.04925      1.53942   12.53074    0.10111      47386
  60.05925      1.53918   12.54996    0.10791      47187
  60.06925      1.53895   12.57997    0.10659      47516
  60.07925      1.53872   12.60669    0.10982      47611
  60.08925      1.53849   12.61754    0.11280      47242
  60.09925      1.53825   12.64247    0.10435      47586
  60.10925      1.53802   12.67148    0.10649      47585
  60.11925      1.53779   12.68962    0.11288      47341
  60.12925      1.53756   12.70922    0.10761      47227
  60.13925      1.53733   12.73491    0.10698      47451
  60.14925      1.53710   12.75665    0.10314      47388
  60.15925      1.53686   12.79130    0.11163      47572
  60.16925      1.53663   12.81905    0.10313      47797
  60.17925      1.53640   12.83225    0.11341      47270
  60.18925      1.53617   12.86761    0.09944      47759
  60.19925      1.53594   12.88007    0.10465      47171
  60.20925      1.53571   12.91865    0.10834      47407
  60.21925      1.53548   12.94075    0.10655      47440
  60.22925      1.53525   12.97478    0.11761      47329
  60.23925      1.53501   13.01180    0.10253      47546
  60.24925      1.53478   13.03999    0.11084      47653
  60.25925      1.53455   13.08070    0.11014      47571
  60.26925      1.53432   13.10156    0.11579      47496
  60.27925      1.53409   13.14260    0.11579      47284
  60.28925      1.53386   13.18681    0.11620      47206
  60.29924      1.53363   13.21718    0.09780      47622
  60.30924      1.53340   13.24376    0.10931      47493
  60.31924      1.53317   13.30741    0.11158      47412
  60.32924      1.53294   13.32678    0.11159      47560
  60.33924      1.53271   13.38155    0.10001      47949
  60.34924      1.53248   13.40448    0.11086      47170
  60.35924      1.53225   13.44569    0.10653      47488
  60.36924      1.53202   13.49731    0.11321      47339
  60.37924      1.53179   13.55484    0.10964      47410
  60.38924      1.53156   13.58897    0.11527      47506
  60.39924      1.53133   13.65165    0.11702      47571
  60.40924      1.53110   13.71242    0.10652      47442
  60.41924      1.53087   13.73435    0.12229      47724
  60.42924      1.53064   13.81669    0.12232      47361
  60.43924      1.53041   13.86231    0.11156      47330
  60.44924      1.53018   13.91397    0.10438      47412
  60.45924      1.52995   13.95792    0.11619      47575
  60.46924      1.52973   14.05235    0.11277      47579
  60.47924      1.52950   14.09078    0.10974      47735
  60.48924      1.52927   14.15495    0.10685      47718
  60.49924      1.52904   14.20687    0.11272      47087
  60.50924      1.52881   14.26836    0.11427      47717
  60.51924      1.52858   14.33251    0.11370      47129
  60.52924      1.52835   14.42731    0.11751      47697
  60.53924      1.52812   14.47207    0.11335      47375
  60.54924      1.52790   14.57466    0.11434      47598
  60.55924      1.52767   14.64175    0.12240      47447
  60.56924      1.52744   14.70786    0.11568      47853
  60.57924      1.52721   14.77642    0.12175      47350
  60.58924      1.52698   14.89596    0.12923      47393
  60.59924      1.52675   14.95472    0.11045      47574
  60.60924      1.52653   15.05388    0.11111      47389
  60.61924      1.52630   15.14463    0.12446      47735
  60.62924      1.52607   15.21240    0.11197      47741
  60.63923      1.52584   15.28903    0.10975      47461
  60.64923      1.52562   15.40347    0.11569      47210
  60.65923      1.52539   15.47715    0.12004      47601
  60.66923      1.52516   15.56875    0.12037      47220
  60.67923      1.52493   15.73007    0.12663      47738
  60.68923      1.52471   15.77978    0.11253      47686
  60.69923      1.52448   15.89357    0.12653      47425
  60.70923      1.52425   16.02745    0.12557      47663
  60.71923      1.52402   16.11350    0.12467      47793
  60.72923      1.52380   16.22116    0.13080      47143
  60.73923      1.52357   16.40708    0.11910      47619
  60.74923      1.52334   16.47510    0.12087      47677
  60.75923      1.52312   16.58360    0.12600      47235
  60.76923      1.52289   16.71150    0.12397      47747
  60.77923      1.52266   16.85103    0.11508      47633
  60.78923      1.52244   16.93763    0.12251      47301
  60.79923      1.52221   17.09603    0.12305      47531
  60.80923      1.52198   17.18741    0.12130      47684
  60.81923      1.52176   17.34542    0.13355      47304
  60.82923      1.52153   17.47512    0.12271      47750
  60.83923      1.52131   17.66368    0.12718      47753
  60.84923      1.52108   17.72903    0.12963      46998
  60.85923      1.52085   17.96209    0.13460      47912
  60.86923      1.52063   18.07757    0.14158      47826
  60.87923      1.52040   18.20555    0.12381      47176
  60.88923      1.52018   18.38777    0.13609      47703
  60.89923      1.51995   18.55566    0.13057      47569
  60.90923      1.51972   18.67047    0.13017      47253
  60.91923      1.51950   18.88569    0.13048      47944
  60.92923      1.51927   19.00543    0.12172      47921
  60.93923      1.51905   19.18728    0.12512      47143
  60.94923      1.51882   19.28292    0.13649      47563
  60.95923      1.51860   19.52540    0.13679      47564
  60.96923      1.51837   19.70897    0.12442      47200
  60.97923      1.51815   19.88805    0.14179      47906
  60.98922      1.51792   20.06749    0.13649      47828
  60.99922      1.51770   20.22031    0.14856      47285
  61.00922      1.51747   20.45725    0.13254      47744
  61.01922      1.51725   20.65227    0.14089      47748
  61.02922      1.51702   20.89037    0.15142      47278
  61.03922      1.51680   21.04680    0.14533      47633
  61.04922      1.51657   21.28750    0.13597      47593
  61.05922      1.51635   21.47236    0.14002      47442
  61.06922      1.51613   21.64320    0.14288      47586
  61.07922      1.51590   21.96562    0.12893      48089
  61.08922      1.51568   22.11565    0.13974      47162
  61.09922      1.51545   22.22440    0.13863      47823
  61.10922      1.51523   22.56796    0.14193      47415
  61.11922      1.51501   22.75985    0.14756      47410
  61.12922      1.51478   23.00572    0.14015      47796
  61.13922      1.51456   23.22984    0.15216      47841
  61.14922      1.51433   23.50904    0.14996      47397
  61.15922      1.51411   23.64971    0.15547      47636
  61.16922      1.51389   24.01334    0.14777      47899
  61.17922      1.51366   24.27754    0.15940      47521
  61.18922      1.51344   24.47191    0.16159      47426
  61.19922      1.51322   24.70816    0.14641      47676
  61.20922      1.51299   25.04804    0.14075      47519
  61.21922      1.51277   25.15061    0.16236      47584
  61.22922      1.51255   25.59577    0.13923      47924
  61.23922      1.51232   25.71880    0.14867      47444
  61.24922      1.51210   25.88423    0.14241      47514
  61.25922      1.51188   26.26826    0.16540      47748
  61.26922      1.51166   26.59558    0.15176      47456
  61.27922      1.51143   26.71297    0.15864      47535
  61.28922      1.51121   27.08111    0.15541      48053
  61.29922      1.51099   27.36298    0.16124      47440
  61.30922      1.51077   27.48938    0.16676      47439
  61.31922      1.51054   27.98173    0.16932      48127
  61.32921      1.51032   28.21584    0.16427      47529
  61.33921      1.51010   28.36974    0.16738      47326
  61.34921      1.50988   28.78228    0.16032      47861
  61.35921      1.50965   29.10824    0.16403      47525
  61.36921      1.50943   29.21210    0.15888      47549
  61.37921      1.50921   29.54078    0.15090      47916
  61.38921      1.50899   29.81926    0.16452      47469
  61.39921      1.50877   30.00150    0.15779      47656
  61.40921      1.50854   30.37419    0.16834      47527
  61.41921      1.50832   30.67475    0.16580      47693
  61.42921      1.50810   30.87323    0.17683      47758
  61.43921      1.50788   31.15253    0.16071      47639
  61.44921      1.50766   31.55524    0.18267      47548
  61.45921      1.50744   31.75210    0.16890      47760
  61.46921      1.50722   31.95364    0.17959      47934
  61.47921      1.50699   32.35738    0.18451      47651
  61.48921      1.50677   32.62232    0.16980      47666
  61.49921      1.50655   32.85829    0.17643      47418
  61.50921      1.50633   33.20209    0.17680      47638
  61.51921      1.50611   33.36794    0.16523      47878
  61.52921      1.50589   33.59747    0.15239      47756
  61.53921      1.50567   33.91120    0.17632      47362
  61.54921      1.50545   34.10446    0.18218      47932
  61.55921      1.50523   34.32054    0.17453      47430
  61.56921      1.50501   34.73373    0.17641      47663
  61.57921      1.50479   34.91536    0.18227      47748
  61.58921      1.50457   35.06738    0.18752      47800
  61.59921      1.50435   35.49943    0.17490      47689
  61.60921      1.50413   35.62202    0.20512      47863
  61.61921      1.50391   35.88707    0.17949      47526
  61.62921      1.50369   36.16238    0.18710      47681
  61.63921      1.50347   36.44046    0.18828      47770
  61.64921      1.50325   36.59359    0.18517      47607
  61.65921      1.50303   36.95720    0.18092      47552
  61.66920      1.50281   37.00241    0.17187      48058
  61.67920      1.50259   37.20348    0.17038      47714
  61.68920      1.50237   37.46461    0.18498      47143
  61.69920      1.50215   37.60833    0.18473      47872
  61.70920      1.50193   37.80399    0.19236      47873
  61.71920      1.50171   38.06704    0.17752      47529
  61.72920      1.50149   38.27076    0.19292      47998
  61.73920      1.50127   38.41951    0.19293      47678
  61.74920      1.50105   38.61064    0.19897      47445
  61.75920      1.50083   38.81225    0.19039      48189
  61.76920      1.50061   38.97244    0.20257      47901
  61.77920      1.50039   39.16898    0.19199      47406
  61.78920      1.50018   39.33325    0.19781      47754
  61.79920      1.49996   39.44021    0.18095      47717
  61.80920      1.49974   39.62039    0.19556      47483
  61.81920      1.49952   39.75499    0.17145      48110
  61.82920      1.49930   39.85128    0.18513      47817
  61.83920      1.49908   39.94885    0.18884      47172
  61.84920      1.49886   40.15184    0.18860      47739
  61.85920      1.49865   40.21537    0.20274      47913
  61.86920      1.49843   40.33340    0.19123      47690
  61.87920      1.49821   40.49751    0.19684      47723
  61.88920      1.49799   40.57627    0.19733      48123
  61.89920      1.49777   40.63639    0.20867      47446
  61.90920      1.49756   40.74627    0.19454      47929
  61.91920      1.49734   40.88568    0.20121      48115
  61.92920      1.49712   40.89224    0.20507      47685
  61.93920      1.49690   40.99196    0.20024      47475
  61.94920      1.49669   41.06466    0.18491      47932
  61.95920      1.49647   41.09985    0.18163      47590
  61.96920      1.49625   41.17343    0.19171      47940
  61.97920      1.49603   41.17485    0.18536      47715
  61.98920      1.49582   41.23787    0.19648      47423
  61.99920      1.49560   41.22078    0.19305      47586
  62.00920      1.49538   41.28285    0.20087      48190
  62.01919      1.49516   41.30643    0.20299      47722
  62.02919      1.49495   41.33397    0.19038      47485
  62.03919      1.49473   41.25930    0.20321      48206
  62.04919      1.49451   41.33042    0.20443      47893
  62.05919      1.49430   41.28092    0.20418      47504
  62.06919      1.49408   41.28113    0.19622      48325
  62.07919      1.49386   41.25338    0.20081      47729
  62.08919      1.49365   41.21586    0.21602      47164
  62.09919      1.49343   41.15506    0.17969      48116
  62.10919      1.49321   41.13693    0.17605      48033
  62.11919      1.49300   41.09688    0.18852      47382
  62.12919      1.49278   41.06040    0.19929      47819
  62.13919      1.49256   40.94231    0.19843      47818
  62.14919      1.49235   40.88193    0.18414      47709
  62.15919      1.49213   40.81281    0.20288      47796
  62.16919      1.49192   40.74748    0.20469      48117
  62.17919      1.49170   40.59769    0.19449      47514
  62.18919      1.49148   40.56013    0.19539      47952
  62.19919      1.49127   40.37404    0.21010      48123
  62.20919      1.49105   40.27632    0.19229      47824
  62.21919      1.49084   40.20085    0.19643      47797
  62.22919      1.49062   40.00838    0.20207      48066
  62.23919      1.49041   39.82128    0.19009      47466
  62.24919      1.49019   39.79468    0.18834      47681
  62.25919      1.48998   39.59463    0.17160      48063
  62.26919      1.48976   39.43310    0.18151      47626
  62.27919      1.48955   39.37027    0.19450      47567
  62.28919      1.48933   39.10978    0.19436      47973
  62.29919      1.48912   38.88840    0.19212      47754
  62.30919      1.48890   38.81034    0.18950      47930
  62.31919      1.48869   38.55542    0.18843      48085
  62.32919      1.48847   38.30316    0.19994      47823
  62.33919      1.48826   38.19681    0.18761      47851
  62.34919      1.48804   37.94430    0.19423      47795
  62.35918      1.48783   37.70264    0.19255      48186
  62.36918      1.48761   37.46150    0.19818      47958
  62.37918      1.48740   37.29166    0.18007      47495
  62.38918      1.48718   36.96427    0.19364      48001
  62.39918      1.48697   36.71429    0.15913      47862
  62.40918      1.48675   36.62650    0.18444      47721
  62.41918      1.48654   36.35628    0.17570      47898
  62.42918      1.48633   36.04194    0.17796      47774
  62.43918      1.48611   35.91910    0.18745      47685
  62.44918      1.48590   35.50089    0.18617      48085
  62.45918      1.48568   35.26119    0.17270      47961
  62.46918      1.48547   35.05792    0.18853      47679
  62.47918      1.48526   34.73319    0.19163      48147
  62.48918      1.48504   34.44284    0.18197      47824
  62.49918      1.48483   34.23624    0.17427      48117
  62.50918      1.48462   33.91950    0.18840      48003
  62.51918      1.48440   33.52644    0.18409      47889
  62.52918      1.48419   33.28473    0.18396      47991
  62.53918      1.48398   33.06880    0.15596      47466
  62.54918      1.48376   32.61915    0.16227      47967
  62.55918      1.48355   32.53844    0.16956      47966
  62.56918      1.48334   32.28950    0.16828      47545
  62.57918      1.48312   31.78925    0.16632      47811
  62.58918      1.48291   31.59909    0.17144      48426
  62.59918      1.48270   31.33348    0.18131      47500
  62.60918      1.48249   30.92282    0.17591      47856
  62.61918      1.48227   30.67892    0.16391      48288
  62.62918      1.48206   30.40649    0.17615      47919
  62.63918      1.48185   30.01013    0.17713      47693
  62.64918      1.48164   29.80007    0.17054      48314
  62.65918      1.48142   29.48389    0.16170      48180
  62.66918      1.48121   29.15398    0.17089      47736
  62.67918      1.48100   28.78495    0.17881      47835
  62.68918      1.48079   28.54763    0.14444      47977
  62.69918      1.48057   28.28112    0.14474      47842
  62.70917      1.48036   27.98019    0.15940      47842
  62.71917      1.48015   27.73914    0.15922      48016
  62.72917      1.47994   27.39774    0.16553      47665
  62.73917      1.47973   27.07912    0.15165      48039
  62.74917      1.47951   26.87429    0.16326      48088
  62.75917      1.47930   26.55942    0.16880      47872
  62.76917      1.47909   26.20413    0.15682      47909
  62.77917      1.47888   25.97600    0.15642      48360
  62.78917      1.47867   25.69636    0.16323      47783
  62.79917      1.47846   25.35578    0.16158      48072
  62.80917      1.47825   25.16707    0.15186      48332
  62.81917      1.47803   24.79359    0.15682      47688
  62.82917      1.47782   24.52742    0.15957      47815
  62.83917      1.47761   24.30485    0.13292      48143
  62.84917      1.47740   24.08108    0.13438      47944
  62.85917      1.47719   23.80222    0.15350      47372
  62.86917      1.47698   23.56508    0.14291      48191
  62.87917      1.47677   23.30085    0.14789      48303
  62.88917      1.47656   23.03030    0.15159      47277
  62.89917      1.47635   22.80230    0.14669      48543
  62.90917      1.47614   22.57035    0.14807      48150
  62.91917      1.47593   22.28998    0.15715      47671
  62.92917      1.47571   22.06628    0.13828      48372
  62.93917      1.47550   21.88402    0.15780      48174
  62.94917      1.47529   21.58163    0.14474      48036
  62.95917      1.47508   21.38948    0.14226      48065
  62.96917      1.47487   21.13382    0.14079      47925
  62.97917      1.47466   20.88771    0.13629      47928
  62.98917      1.47445   20.71655    0.12475      47793
  62.99917      1.47424   20.53101    0.13422      48062
  63.00917      1.47403   20.33664    0.12984      48037
  63.01917      1.47382   20.11189    0.14854      47522
  63.02917      1.47361   19.91489    0.13317      48448
  63.03917      1.47340   19.72468    0.13376      48011
  63.04916      1.47319   19.49329    0.14683      47882
  63.05916      1.47299   19.36641    0.12920      48276
  63.06916      1.47278   19.13751    0.14973      48323
  63.07916      1.47257   18.93502    0.13497      47789
  63.08916      1.47236   18.81317    0.13389      48111
  63.09916      1.47215   18.60369    0.14078      48481
  63.10916      1.47194   18.40450    0.14019      47693
  63.11916      1.47173   18.24379    0.12634      48021
  63.12916      1.47152   18.08224    0.11647      48278
  63.13916      1.47131   17.90585    0.12285      47632
  63.14916      1.47110   17.82445    0.12780      47937
  63.15916      1.47089   17.62117    0.12568      48129
  63.16916      1.47068   17.45999    0.12394      48181
  63.17916      1.47048   17.33011    0.13459      47937
  63.18916      1.47027   17.18986    0.12853      48193
  63.19916      1.47006   17.01968    0.12388      48208
  63.20916      1.46985   16.86705    0.13777      48087
  63.21916      1.46964   16.79433    0.12274      48006
  63.22916      1.46943   16.60166    0.13521      48344
  63.23916      1.46923   16.46157    0.12774      48155
  63.24916      1.46902   16.40417    0.12158      47979
  63.25916      1.46881   16.18974    0.13502      48342
  63.26916      1.46860   16.06632    0.12222      47797
  63.27916      1.46839   15.99772    0.10708      48027
  63.28916      1.46819   15.88628    0.11007      47877
  63.29916      1.46798   15.72129    0.12737      47984
  63.30916      1.46777   15.67411    0.12057      48226
  63.31916      1.46756   15.52958    0.12097      48192
  63.32916      1.46735   15.39905    0.11824      47863
  63.33916      1.46715   15.35142    0.13297      48330
  63.34916      1.46694   15.22710    0.11524      48235
  63.35916      1.46673   15.09821    0.11999      48036
  63.36916      1.46652   15.02603    0.12967      48372
  63.37916      1.46632   14.94742    0.11971      48147
  63.38915      1.46611   14.81713    0.12266      48305
  63.39915      1.46590   14.73408    0.12255      48115
  63.40915      1.46570   14.63288    0.11660      48200
  63.41915      1.46549   14.56563    0.10703      47781
  63.42915      1.46528   14.45186    0.10562      48093
  63.43915      1.46507   14.41952    0.11433      48153
  63.44915      1.46487   14.32435    0.11122      47764
  63.45915      1.46466   14.21752    0.12396      48308
  63.46915      1.46445   14.17507    0.11197      48390
  63.47915      1.46425   14.09861    0.11872      48074
  63.48915      1.46404   13.98625    0.11797      48025
  63.49915      1.46383   13.96489    0.11931      48226
  63.50915      1.46363   13.87203    0.11344      48448
  63.51915      1.46342   13.78865    0.11592      48163
  63.52915      1.46322   13.74958    0.12348      48429
  63.53915      1.46301   13.68177    0.11498      48412
  63.54915      1.46280   13.59455    0.11314      47785
  63.55915      1.46260   13.52177    0.11120      48170
  63.56915      1.46239   13.49124    0.10224      48254
  63.57915      1.46219   13.42182    0.10824      47629
  63.58915      1.46198   13.35347    0.10314      48228
  63.59915      1.46177   13.31710    0.11536      48402
  63.60915      1.46157   13.25299    0.11266      48006
  63.61915      1.46136   13.18923    0.11249      48183
  63.62915      1.46116   13.15799    0.11103      48465
  63.63915      1.46095   13.08840    0.11349      48407
  63.64915      1.46075   13.02655    0.11416      47843
  63.65915      1.46054   13.00198    0.11277      48577
  63.66915      1.46034   12.94196    0.11471      48489
  63.67915      1.46013   12.88990    0.11092      47794
  63.68915      1.45993   12.84543    0.11774      48791
  63.69915      1.45972   12.80820    0.10225      48101
  63.70915      1.45951   12.74535    0.10254      47862
  63.71915      1.45931   12.71172    0.10284      47938
  63.72915      1.45911   12.67848    0.10613      48425
  63.73914      1.45890   12.63441    0.10584      48172
  63.74914      1.45870   12.59065    0.11382      48057
  63.75914      1.45849   12.56302    0.10883      48488
  63.76914      1.45829   12.51569    0.10796      48328
  63.77914      1.45808   12.48570    0.11162      47770
  63.78914      1.45788   12.43801    0.11327      48765
  63.79914      1.45767   12.42352    0.10883      48410
  63.80914      1.45747   12.35940    0.11162      47871
  63.81914      1.45726   12.36408    0.11061      48697
  63.82914      1.45706   12.30828    0.11680      48604
  63.83914      1.45686   12.27481    0.10044      48040
  63.84914      1.45665   12.24675    0.10459      48058
  63.85914      1.45645   12.20501    0.10225      48197
  63.86914      1.45624   12.19072    0.09757      48064
  63.87914      1.45604   12.15486    0.10753      48192
  63.88914      1.45584   12.13403    0.10363      48463
  63.89914      1.45563   12.10296    0.11118      48372
  63.90914      1.45543   12.07407    0.10593      47850
  63.91914      1.45523   12.05448    0.10841      48616
  63.92914      1.45502   12.01847    0.10666      48523
  63.93914      1.45482   11.99219    0.11161      48120
  63.94914      1.45462   11.97530    0.11096      48523
  63.95914      1.45441   11.94895    0.10585      48524
  63.96914      1.45421   11.91142    0.10915      48137
  63.97914      1.45401   11.90583    0.11282      48627
  63.98914      1.45380   11.87459    0.09873      48220
  63.99914      1.45360   11.83063    0.10237      47916
  64.00914      1.45340   11.83698    0.09413      47933
  64.01914      1.45319   11.79962    0.10440      48540
  64.02914      1.45299   11.78796    0.10247      48370
  64.03914      1.45279   11.75543    0.11133      48389
  64.04914      1.45259   11.75310    0.09822      48330
  64.05914      1.45238   11.71783    0.11302      48539
  64.06914      1.45218   11.70078    0.10848      48080
  64.07913      1.45198   11.68849    0.10473      48330
  64.08913      1.45178   11.66252    0.10845      48768
  64.09913      1.45157   11.64838    0.10770      48182
  64.10913      1.45137   11.61900    0.10631      48440
  64.11913      1.45117   11.62394    0.11014      48681
  64.12913      1.45097   11.57557    0.09652      48485
  64.13913      1.45076   11.57058    0.10400      47862
  64.14913      1.45056   11.54904    0.09762      48200
  64.15913      1.45036   11.54377    0.09666      48378
  64.16913      1.45016   11.51286    0.10351      48219
  64.17913      1.44996   11.51101    0.10075      48373
  64.18913      1.44975   11.49111    0.11090      48538
  64.19913      1.44955   11.47240    0.10567      48315
  64.20913      1.44935   11.46482    0.10208      48481
  64.21913      1.44915   11.44399    0.10354      48563
  64.22913      1.44895   11.42957    0.11389      48304
  64.23913      1.44875   11.41993    0.10168      48716
  64.24913      1.44855   11.41093    0.10593      48289
  64.25913      1.44834   11.38199    0.11249      48632
  64.26913      1.44814   11.39096    0.09624      48478
  64.27913      1.44794   11.35274    0.10369      48204
  64.28913      1.44774   11.35616    0.09664      48010
  64.29913      1.44754   11.32787    0.10035      48401
  64.30913      1.44734   11.33934    0.09930      48327
  64.31913      1.44714   11.31318    0.10168      48545
  64.32913      1.44694   11.31961    0.10634      48335
  64.33913      1.44674   11.28805    0.10295      48614
  64.34913      1.44654   11.29367    0.10956      48419
  64.35913      1.44633   11.27381    0.10143      48488
  64.36913      1.44613   11.27800    0.10760      48544
  64.37913      1.44593   11.24889    0.10740      48644
  64.38913      1.44573   11.26030    0.10194      48383
  64.39913      1.44553   11.23941    0.10579      48630
  64.40913      1.44533   11.24264    0.10277      48690
  64.41912      1.44513   11.21305    0.09680      48287
  64.42912      1.44493   11.21412    0.10700      47878
  64.43912      1.44473   11.20673    0.09281      48573
  64.44912      1.44453   11.20345    0.09958      48236
  64.45912      1.44433   11.17939    0.09963      48454
  64.46912      1.44413   11.20002    0.10405      48670
  64.47912      1.44393   11.17164    0.10424      48602
  64.48912      1.44373   11.17245    0.10489      48010
  64.49912      1.44353   11.16449    0.10330      49118
  64.50912      1.44333   11.17056    0.10458      48552
  64.51912      1.44313   11.14058    0.10737      48383
  64.52912      1.44293   11.14696    0.10555      48598
  64.53912      1.44274   11.14059    0.10368      48880
  64.54912      1.44254   11.13693    0.10458      48564
  64.55912      1.44234   11.12903    0.09807      48340
  64.56912      1.44214   11.11618    0.09861      48227
  64.57912      1.44194   11.11627    0.09940      48428
  64.58912      1.44174   11.10389    0.09480      48061
  64.59912      1.44154   11.11967    0.10527      48741
  64.60912      1.44134   11.10395    0.09730      48823
  64.61912      1.44114   11.10307    0.10394      48217
  64.62912      1.44094   11.09471    0.10686      48654
  64.63912      1.44074   11.10875    0.10401      48753
  64.64912      1.44055   11.08411    0.10807      48664
  64.65912      1.44035   11.09417    0.09982      48166
  64.66912      1.44015   11.08058    0.10851      49139
  64.67912      1.43995   11.09625    0.10411      48608
  64.68912      1.43975   11.06928    0.10533      48171
  64.69912      1.43955   11.08890    0.09444      49071
  64.70912      1.43936   11.07133    0.10467      48244
  64.71912      1.43916   11.06671    0.09833      48191
  64.72912      1.43896   11.07397    0.09442      48363
  64.73912      1.43876   11.06768    0.10136      48842
  64.74912      1.43856   11.07843    0.10225      48628
  64.75912      1.43836   11.05068    0.10017      48159
  64.76911      1.43817   11.07940    0.10638      48827
  64.77911      1.43797   11.05544    0.10590      48858
  64.78911      1.43777   11.05657    0.10284      48572
  64.79911      1.43757   11.05985    0.10376      48710
  64.80911      1.43738   11.05447    0.10696      48785
  64.81911      1.43718   11.05365    0.10296      48444
  64.82911      1.43698   11.04458    0.11030      48697
  64.83911      1.43678   11.05833    0.09277      49044
  64.84911      1.43659   11.03556    0.10333      48224
  64.85911      1.43639   11.03230    0.10120      48190
  64.86911      1.43619   11.03847    0.09310      48561
  64.87911      1.43599   11.03576    0.09786      48715
  64.88911      1.43580   11.03379    0.10438      48592
  64.89911      1.43560   11.02879    0.09883      48622
  64.90911      1.43540   11.03196    0.10671      48777
  64.91911      1.43521   11.01552    0.10784      48387
  64.92911      1.43501   11.02682    0.10023      49059
  64.93911      1.43481   11.01627    0.10968      48725
  64.94911      1.43462   11.01379    0.10049      48662
  64.95911      1.43442   11.01319    0.10671      48871
  64.96911      1.43422   11.00276    0.10293      48672
  64.97911      1.43403   11.00461    0.10062      48782
  64.98911      1.43383   10.98880    0.09908      48481
  64.99911      1.43363   10.98798    0.09815      48293
  65.00911      1.43344   10.98263    0.09532      48608
  65.01911      1.43324   10.97197    0.09963      48404
  65.02911      1.43304   10.98105    0.09646      48934
  65.03911      1.43285   10.96568    0.10559      48665
  65.04911      1.43265   10.96379    0.10444      48739
  65.05911      1.43246   10.95288    0.10134      48749
  65.06911      1.43226   10.94969    0.10679      48894
  65.07911      1.43206   10.94797    0.10303      48896
  65.08911      1.43187   10.93161    0.10554      48530
  65.09911      1.43167   10.93255    0.10508      48890
  65.10910      1.43148   10.92894    0.10542      48825
  65.11910      1.43128   10.91825    0.09353      48724
  65.12910      1.43109   10.90526    0.10310      48754
  65.13910      1.43089   10.89873    0.09982      48476
  65.14910      1.43069   10.89295    0.09734      48378
  65.15910      1.43050   10.88436    0.09708      48650
  65.16910      1.43030   10.88685    0.10510      48889
  65.17910      1.43011   10.87807    0.09379      48652
  65.18910      1.42991   10.86753    0.10722      48707
  65.19910      1.42972   10.87092    0.10694      48958
  65.20910      1.42952   10.85864    0.10089      48784
  65.21910      1.42933   10.85620    0.10458      48715
  65.22910      1.42913   10.85414    0.10773      49056
  65.23910      1.42894   10.84924    0.10091      49020
  65.24910      1.42874   10.83994    0.10457      48584
  65.25910      1.42855   10.83708    0.09922      48816
  65.26910      1.42835   10.82936    0.09755      48882
  65.27910      1.42816   10.81651    0.10037      48516
  65.28910      1.42797   10.81357    0.10365      48190
  65.29910      1.42777   10.81536    0.09162      48954
  65.30910      1.42758   10.81112    0.09966      48996
  65.31910      1.42738   10.79194    0.10097      48470
  65.32910      1.42719   10.79657    0.09917      48999
  65.33910      1.42699   10.79501    0.10511      49088
  65.34910      1.42680   10.78388    0.10326      48789
  65.35910      1.42661   10.76975    0.09990      48583
  65.36910      1.42641   10.77729    0.10594      49228
  65.37910      1.42622   10.76609    0.10615      49035
  65.38910      1.42602   10.74958    0.10060      48465
  65.39910      1.42583   10.75420    0.09631      49212
  65.40910      1.42564   10.73885    0.10312      48804
  65.41910      1.42544   10.72850    0.09927      48436
  65.42910      1.42525   10.71698    0.10005      48446
  65.43910      1.42505   10.71837    0.09373      49074
  65.44909      1.42486   10.71006    0.09960      48983
  65.45909      1.42467   10.68950    0.09949      48407
  65.46909      1.42447   10.69888    0.09879      49222
  65.47909      1.42428   10.69132    0.11133      49053
  65.48909      1.42409   10.67508    0.09818      48562
  65.49909      1.42389   10.66547    0.10516      48906
  65.50909      1.42370   10.67278    0.10189      49259
  65.51909      1.42351   10.65843    0.10851      49085
  65.52909      1.42332   10.64132    0.10054      48483
  65.53909      1.42312   10.65021    0.09342      49319
  65.54909      1.42293   10.63794    0.10363      48923
  65.55909      1.42274   10.62418    0.09780      48554
  65.56909      1.42254   10.60898    0.10420      48422
  65.57909      1.42235   10.62408    0.08858      49106
  65.58909      1.42216   10.61551    0.10336      48964
  65.59909      1.42197   10.60379    0.09544      48609
  65.60909      1.42177   10.60245    0.10479      49195
  65.61909      1.42158   10.60007    0.10066      49087
  65.62909      1.42139   10.58942    0.10738      48728
  65.63909      1.42120   10.58753    0.09699      48943
  65.64909      1.42100   10.58026    0.10742      49187
  65.65909      1.42081   10.57939    0.10647      49092
  65.66909      1.42062   10.56966    0.09563      49012
  65.67909      1.42043   10.56521    0.09592      49089
  65.68909      1.42024   10.56434    0.09964      48879
  65.69909      1.42004   10.55038    0.10469      48556
  65.70909      1.41985   10.54122    0.09416      48582
  65.71909      1.41966   10.54498    0.10163      49131
  65.72909      1.41947   10.53782    0.09132      48879
  65.73909      1.41928   10.53177    0.09928      48995
  65.74909      1.41908   10.52960    0.10162      49009
  65.75909      1.41889   10.52466    0.10316      49175
  65.76909      1.41870   10.52029    0.10597      48822
  65.77909      1.41851   10.51492    0.09815      49130
  65.78909      1.41832   10.51208    0.09910      49204
  65.79908      1.41813   10.50199    0.11472      48882
  65.80908      1.41794   10.50348    0.09319      49282
  65.81908      1.41774   10.49687    0.09827      49055
  65.82908      1.41755   10.48699    0.10058      48920
  65.83908      1.41736   10.48423    0.09879      48878
  65.84908      1.41717   10.47647    0.09988      48626
  65.85908      1.41698   10.47951    0.09574      48943
  65.86908      1.41679   10.47196    0.09929      48921
  65.87908      1.41660   10.47259    0.09257      49211
  65.88908      1.41641   10.46721    0.10280      49073
  65.89908      1.41622   10.46331    0.10803      49080
  65.90908      1.41603   10.46127    0.09853      49207
  65.91908      1.41584   10.45960    0.10442      49104
  65.92908      1.41565   10.45512    0.10391      49119
  65.93908      1.41546   10.45154    0.10085      48974
  65.94908      1.41526   10.44526    0.10066      49407
  65.95908      1.41507   10.45024    0.09451      49022
  65.96908      1.41488   10.43775    0.10044      48761
  65.97908      1.41469   10.43696    0.10161      49277
  65.98908      1.41450   10.43608    0.09836      48685
  65.99908      1.41431   10.43336    0.09549      48914
  66.00908      1.41412   10.43423    0.09394      48934
  66.01908      1.41393   10.43136    0.10199      49307
  66.02908      1.41374   10.43090    0.09602      49364
  66.03908      1.41355   10.42937    0.10572      48812
  66.04908      1.41336   10.42907    0.10469      49279
  66.05908      1.41317   10.42846    0.09631      49350
  66.06908      1.41299   10.42680    0.11242      48935
  66.07908      1.41280   10.42230    0.10001      49157
  66.08908      1.41261   10.42837    0.09250      49619
  66.09908      1.41242   10.41994    0.10037      49068
  66.10908      1.41223   10.41207    0.09869      48592
  66.11908      1.41204   10.42439    0.10043      49340
  66.12908      1.41185   10.41611    0.10064      48892
  66.13907      1.41166   10.41731    0.09622      48975
  66.14907      1.41147   10.41454    0.09493      48899
  66.15907      1.41128   10.42272    0.10076      49479
  66.16907      1.41109   10.41779    0.09992      49267
  66.17907      1.41090   10.40921    0.10296      48718
  66.18907      1.41071   10.42201    0.10091      49622
  66.19907      1.41053   10.42004    0.10389      49386
  66.20907      1.41034   10.41140    0.09913      49313
  66.21907      1.41015   10.41403    0.10711      48950
  66.22907      1.40996   10.41488    0.09157      49614
  66.23907      1.40977   10.41367    0.09933      49078
  66.24907      1.40958   10.40469    0.09705      48790
  66.25907      1.40939   10.41577    0.10413      49311
  66.26907      1.40920   10.40982    0.10090      49050
  66.27907      1.40902   10.40970    0.09664      48993
  66.28907      1.40883   10.40036    0.09563      48775
  66.29907      1.40864   10.41845    0.09910      49632
  66.30907      1.40845   10.40932    0.10472      49434
  66.31907      1.40826   10.40787    0.09674      49000
  66.32907      1.40808   10.40937    0.10687      49320
  66.33907      1.40789   10.41405    0.10151      49619
  66.34907      1.40770   10.40961    0.10018      49332
  66.35907      1.40751   10.40503    0.09994      48932
  66.36907      1.40732   10.41368    0.09619      49544
  66.37907      1.40714   10.40890    0.09742      49256
  66.38907      1.40695   10.40909    0.10126      48926
  66.39907      1.40676   10.40497    0.10167      49208
  66.40907      1.40657   10.41291    0.10129      49200
  66.41907      1.40639   10.40804    0.09668      49201
  66.42907      1.40620   10.40605    0.09461      49192
  66.43907      1.40601   10.41376    0.10126      49181
  66.44907      1.40582   10.41810    0.09701      49567
  66.45907      1.40564   10.41593    0.10319      49161
  66.46907      1.40545   10.41417    0.10218      49373
  66.47906      1.40526   10.41694    0.10700      49437
  66.48906      1.40508   10.42793    0.09923      49515
  66.49906      1.40489   10.41851    0.09986      49305
  66.50906      1.40470   10.42154    0.09671      49421
  66.51906      1.40451   10.42459    0.09738      49169
  66.52906      1.40433   10.42710    0.10063      49227
  66.53906      1.40414   10.42994    0.10374      49392
  66.54906      1.40395   10.42613    0.10003      48939
  66.55906      1.40377   10.43630    0.09390      49280
  66.56906      1.40358   10.43622    0.10337      49225
  66.57906      1.40339   10.43946    0.09501      49488
  66.58906      1.40321   10.44196    0.10102      49285
  66.59906      1.40302   10.44658    0.10418      49616
  66.60906      1.40283   10.45083    0.10328      49462
  66.61906      1.40265   10.44924    0.10091      49514
  66.62906      1.40246   10.45028    0.10645      49406
  66.63906      1.40228   10.45349    0.09139      49383
  66.64906      1.40209   10.45981    0.10214      49277
  66.65906      1.40190   10.45259    0.09962      49183
  66.66906      1.40172   10.46300    0.09652      49464
  66.67906      1.40153   10.46911    0.10714      49251
  66.68906      1.40135   10.46885    0.09914      49293
  66.69906      1.40116   10.46778    0.09667      49039
  66.70906      1.40097   10.47996    0.09869      49422
  66.71906      1.40079   10.48531    0.09756      49745
  66.72906      1.40060   10.48646    0.10206      49442
  66.73906      1.40042   10.49004    0.10489      49251
  66.74906      1.40023   10.49720    0.10011      49465
  66.75906      1.40005   10.50389    0.10572      49849
  66.76906      1.39986   10.50508    0.10090      49512
  66.77906      1.39968   10.50749    0.09613      49223
  66.78906      1.39949   10.51267    0.09954      49394
  66.79906      1.39931   10.52165    0.10120      49637
  66.80906      1.39912   10.52030    0.10077      49178
  66.81906      1.39894   10.53702    0.10037      49432
  66.82905      1.39875   10.53346    0.10732      49292
  66.83905      1.39857   10.54624    0.09412      49471
  66.84905      1.39838   10.54936    0.09775      49175
  66.85905      1.39820   10.55945    0.10691      49792
  66.86905      1.39801   10.56484    0.09531      49580
  66.87905      1.39783   10.57147    0.10768      49562
  66.88905      1.39764   10.56693    0.10513      49214
  66.89905      1.39746   10.58812    0.10195      49936
  66.90905      1.39727   10.58991    0.09812      49684
  66.91905      1.39709   10.59409    0.09998      49419
  66.92905      1.39690   10.59177    0.09792      49206
  66.93905      1.39672   10.60656    0.10142      49590
  66.94905      1.39653   10.60943    0.10179      49771
  66.95905      1.39635   10.61721    0.10068      48986
  66.96905      1.39617   10.62304    0.10536      49513
  66.97905      1.39598   10.64002    0.09594      49622
  66.98905      1.39580   10.63928    0.09898      49542
  66.99905      1.39561   10.64393    0.10276      49231
  67.00905      1.39543   10.65705    0.10544      49882
  67.01905      1.39525   10.66480    0.10026      49835
  67.02905      1.39506   10.67202    0.10632      49513
  67.03905      1.39488   10.66873    0.10502      49425
  67.04905      1.39469   10.69325    0.09633      49897
  67.05905      1.39451   10.68179    0.09435      49570
  67.06905      1.39433   10.69563    0.10731      49155
  67.07905      1.39414   10.70070    0.09751      49621
  67.08905      1.39396   10.71904    0.10641      49791
  67.09905      1.39378   10.71773    0.10418      49534
  67.10905      1.39359   10.72757    0.10363      49081
  67.11905      1.39341   10.73359    0.09679      49722
  67.12905      1.39323   10.74717    0.09745      49930
  67.13905      1.39304   10.74877    0.10556      49436
  67.14905      1.39286   10.75990    0.10308      49634
  67.15905      1.39268   10.76549    0.10464      49833
  67.16904      1.39249   10.77604    0.10757      49837
  67.17904      1.39231   10.78293    0.09917      49506
  67.18904      1.39213   10.78500    0.09348      49691
  67.19904      1.39195   10.79348    0.10657      49598
  67.20904      1.39176   10.80216    0.09968      49496
  67.21904      1.39158   10.81312    0.10378      49642
  67.22904      1.39140   10.81630    0.10313      49542
  67.23904      1.39121   10.83503    0.10980      49693
  67.24904      1.39103   10.83619    0.10152      49310
  67.25904      1.39085   10.85221    0.09668      49820
  67.26904      1.39067   10.85294    0.10305      49576
  67.27904      1.39048   10.86819    0.10201      50076
  67.28904      1.39030   10.87640    0.10753      49648
  67.29904      1.39012   10.88866    0.10387      49870
  67.30904      1.38994   10.88926    0.10375      49694
  67.31904      1.38976   10.90172    0.09821      49865
  67.32904      1.38957   10.90989    0.09884      49496
  67.33904      1.38939   10.91887    0.10443      49655
  67.34904      1.38921   10.93230    0.09909      49640
  67.35904      1.38903   10.93863    0.10672      49641
  67.36904      1.38885   10.95472    0.10502      49930
  67.37904      1.38866   10.96455    0.10418      49514
  67.38904      1.38848   10.97487    0.10351      49454
  67.39904      1.38830   10.99184    0.09772      49802
  67.40904      1.38812   11.00213    0.10725      49993
  67.41904      1.38794   11.00493    0.10152      49658
  67.42904      1.38776   11.02312    0.10480      49723
  67.43904      1.38757   11.04312    0.10628      49899
  67.44904      1.38739   11.05077    0.10432      50017
  67.45904      1.38721   11.05672    0.09716      49744
  67.46904      1.38703   11.07428    0.10250      49424
  67.47904      1.38685   11.09040    0.10612      50039
  67.48904      1.38667   11.10783    0.10299      49832
  67.49904      1.38649   11.11061    0.10186      49621
  67.50904      1.38631   11.13947    0.11263      49752
  67.51903      1.38612   11.14479    0.10587      49804
  67.52903      1.38594   11.16483    0.10107      49750
  67.53903      1.38576   11.17798    0.10200      49613
  67.54903      1.38558   11.19559    0.10230      49838
  67.55903      1.38540   11.21094    0.10901      50218
  67.56903      1.38522   11.22790    0.10224      49954
  67.57903      1.38504   11.24076    0.12096      49415
  67.58903      1.38486   11.26537    0.09258      50312
  67.59903      1.38468   11.27076    0.10017      49776
  67.60903      1.38450   11.28173    0.10509      49766
  67.61903      1.38432   11.30388    0.10448      49330
  67.62903      1.38414   11.32385    0.10617      50204
  67.63903      1.38396   11.34322    0.10573      50030
  67.64903      1.38378   11.35597    0.11188      49810
  67.65903      1.38360   11.38134    0.10620      49387
  67.66903      1.38342   11.39897    0.10043      50134
  67.67903      1.38324   11.42026    0.10437      50085
  67.68903      1.38306   11.43347    0.10375      49639
  67.69903      1.38288   11.45209    0.11058      49956
  67.70903      1.38270   11.48376    0.11229      50099
  67.71903      1.38252   11.49751    0.09772      50182
  67.72903      1.38234   11.51406    0.10236      49542
  67.73903      1.38216   11.52650    0.10467      49830
  67.74903      1.38198   11.56146    0.10494      50090
  67.75903      1.38180   11.57926    0.10573      49978
  67.76903      1.38162   11.59166    0.10872      49655
  67.77903      1.38144   11.62843    0.11303      50155
  67.78903      1.38126   11.66190    0.10772      49919
  67.79903      1.38108   11.68366    0.10871      49817
  67.80903      1.38090   11.69834    0.10397      49776
  67.81903      1.38072   11.72069    0.10018      50021
  67.82903      1.38054   11.75101    0.11026      50208
  67.83903      1.38036   11.78259    0.11703      49839
  67.84903      1.38018   11.79866    0.10308      50164
  67.85902      1.38001   11.83342    0.10013      50110
  67.86902      1.37983   11.84440    0.10990      49857
  67.87902      1.37965   11.87868    0.10482      49779
  67.88902      1.37947   11.90407    0.10727      49868
  67.89902      1.37929   11.93293    0.11025      50120
  67.90902      1.37911   11.97278    0.11111      50240
  67.91902      1.37893   11.99784    0.10918      50050
  67.92902      1.37875   12.02307    0.11411      49711
  67.93902      1.37857   12.05669    0.10593      50070
  67.94902      1.37840   12.09115    0.10077      50074
  67.95902      1.37822   12.12664    0.11044      49971
  67.96902      1.37804   12.14210    0.12054      50276
  67.97902      1.37786   12.18624    0.10962      49995
  67.98902      1.37768   12.22378    0.09727      50148
  67.99902      1.37750   12.23903    0.11358      50088
  68.00902      1.37733   12.27122    0.10408      49745
  68.01902      1.37715   12.32615    0.11182      50142
  68.02902      1.37697   12.35696    0.11510      50054
  68.03902      1.37679   12.38343    0.10814      50258
  68.04902      1.37661   12.42482    0.11265      49996
  68.05902      1.37644   12.47431    0.11674      50071
  68.06902      1.37626   12.52649    0.11655      49857
  68.07902      1.37608   12.55206    0.10220      50202
  68.08902      1.37590   12.58556    0.11473      50083
  68.09902      1.37573   12.63990    0.10886      50189
  68.10902      1.37555   12.68921    0.11555      50219
  68.11902      1.37537   12.72738    0.10442      50233
  68.12902      1.37519   12.77050    0.10577      50167
  68.13902      1.37502   12.80668    0.11874      49675
  68.14902      1.37484   12.85128    0.10764      50251
  68.15902      1.37466   12.90285    0.11506      50425
  68.16902      1.37448   12.96282    0.11588      50116
  68.17902      1.37431   13.01510    0.11116      49787
  68.18902      1.37413   13.06416    0.11725      50612
  68.19901      1.37395   13.11918    0.11915      49938
  68.20901      1.37377   13.16856    0.10724      50015
  68.21901      1.37360   13.23532    0.11499      50069
  68.22901      1.37342   13.28638    0.11207      50456
  68.23901      1.37324   13.33726    0.12030      50359
  68.24901      1.37307   13.38917    0.11502      50165
  68.25901      1.37289   13.45600    0.10785      50070
  68.26901      1.37271   13.48800    0.11435      50322
  68.27901      1.37254   13.56503    0.11724      50137
  68.28901      1.37236   13.61969    0.10815      50101
  68.29901      1.37218   13.68415    0.11949      50001
  68.30901      1.37201   13.75471    0.12108      50551
  68.31901      1.37183   13.81663    0.11582      50453
  68.32901      1.37165   13.87879    0.12636      49947
  68.33901      1.37148   13.95160    0.11993      49972
  68.34901      1.37130   14.04172    0.10824      50492
  68.35901      1.37113   14.08674    0.12378      50438
  68.36901      1.37095   14.17275    0.11718      49978
  68.37901      1.37077   14.22067    0.12494      50287
  68.38901      1.37060   14.31994    0.10843      50565
  68.39901      1.37042   14.36558    0.11447      50341
  68.40901      1.37024   14.44533    0.11432      49895
  68.41901      1.37007   14.50236    0.12286      50226
  68.42901      1.36989   14.62883    0.12089      50553
  68.43901      1.36972   14.69953    0.12011      50345
  68.44901      1.36954   14.77005    0.12567      50142
  68.45901      1.36937   14.84365    0.12238      50283
  68.46901      1.36919   14.98192    0.13273      50382
  68.47901      1.36901   15.05349    0.11623      50395
  68.48901      1.36884   15.12672    0.12286      50092
  68.49901      1.36866   15.20266    0.12428      50328
  68.50901      1.36849   15.33915    0.12461      50724
  68.51901      1.36831   15.42097    0.11598      50296
  68.52901      1.36814   15.48604    0.11759      50271
  68.53901      1.36796   15.54938    0.11951      50139
  68.54900      1.36779   15.69829    0.12530      50538
  68.55900      1.36761   15.80400    0.12922      50255
  68.56900      1.36744   15.89481    0.12371      50414
  68.57900      1.36726   15.97760    0.12738      50309
  68.58900      1.36709   16.11858    0.13672      50642
  68.59900      1.36691   16.24309    0.12166      50300
  68.60900      1.36674   16.35439    0.14337      50130
  68.61900      1.36656   16.41379    0.12032      50397
  68.62900      1.36639   16.57199    0.12639      50721
  68.63900      1.36621   16.69972    0.12771      50173
  68.64900      1.36604   16.79514    0.12789      50732
  68.65900      1.36586   16.87502    0.11802      50356
  68.66900      1.36569   17.00426    0.12439      50333
  68.67900      1.36552   17.15227    0.13887      50149
  68.68900      1.36534   17.27675    0.12177      50692
  68.69900      1.36517   17.38597    0.13493      50476
  68.70900      1.36499   17.50936    0.14313      50322
  68.71900      1.36482   17.72043    0.12839      50476
  68.72900      1.36464   17.78867    0.14379      50727
  68.73900      1.36447   17.94372    0.13946      50463
  68.74900      1.36430   18.09168    0.13401      50197
  68.75900      1.36412   18.26942    0.12667      50482
  68.76900      1.36395   18.37012    0.14507      50694
  68.77900      1.36377   18.50267    0.12483      50720
  68.78900      1.36360   18.67285    0.13021      50414
  68.79900      1.36343   18.80642    0.13502      50017
  68.80900      1.36325   18.94490    0.13345      50800
  68.81900      1.36308   19.14728    0.13634      50504
  68.82900      1.36291   19.24490    0.13758      50351
  68.83900      1.36273   19.48054    0.14543      50527
  68.84900      1.36256   19.64737    0.13902      50834
  68.85900      1.36238   19.80178    0.15021      50637
  68.86900      1.36221   19.93412    0.15140      50299
  68.87900      1.36204   20.22612    0.14192      50374
  68.88899      1.36186   20.35182    0.13901      50791
  68.89899      1.36169   20.50667    0.14113      50832
  68.90899      1.36152   20.69688    0.14278      50471
  68.91899      1.36134   20.91219    0.13323      50293
  68.92899      1.36117   21.01510    0.13833      50836
  68.93899      1.36100   21.25956    0.14020      50681
  68.94899      1.36083   21.44357    0.15272      50204
  68.95899      1.36065   21.60354    0.14490      50465
  68.96899      1.36048   21.86833    0.14877      50812
  68.97899      1.36031   22.08202    0.15563      50875
  68.98899      1.36013   22.23319    0.14864      50578
  68.99899      1.35996   22.41995    0.15373      50640
  69.00899      1.35979   22.73559    0.16363      50482
  69.01899      1.35962   22.90956    0.14013      50641
  69.02899      1.35944   23.09594    0.16032      50803
  69.03899      1.35927   23.25863    0.15250      50339
  69.04899      1.35910   23.55298    0.13463      50911
  69.05899      1.35893   23.66484    0.14943      50810
  69.06899      1.35875   23.91699    0.14918      50420
  69.07899      1.35858   24.12470    0.14943      50343
  69.08899      1.35841   24.34405    0.15773      50946
  69.09899      1.35824   24.57659    0.16056      50727
  69.10899      1.35807   24.83500    0.16292      50817
  69.11899      1.35789   25.03561    0.16301      50678
  69.12899      1.35772   25.19315    0.16281      50621
  69.13899      1.35755   25.54649    0.16463      50863
  69.14899      1.35738   25.77048    0.16354      50649
  69.15899      1.35721   25.96370    0.15676      50657
  69.16899      1.35703   26.11695    0.16476      50731
  69.17899      1.35686   26.41416    0.14521      50983
  69.18899      1.35669   26.60344    0.15868      50548
  69.19899      1.35652   26.81700    0.15100      50611
  69.20899      1.35635   26.97733    0.16527      50528
  69.21899      1.35618   27.32737    0.17249      50965
  69.22898      1.35600   27.56439    0.16524      50756
  69.23898      1.35583   27.78142    0.16718      50868
  69.24898      1.35566   27.97269    0.17580      50850
  69.25898      1.35549   28.22213    0.16708      50886
  69.26898      1.35532   28.55587    0.18265      50844
  69.27898      1.35515   28.78618    0.17351      50640
  69.28898      1.35498   28.92411    0.16087      50871
  69.29898      1.35481   29.16280    0.17233      50795
  69.30898      1.35463   29.47192    0.15493      50877
  69.31898      1.35446   29.61164    0.15935      50644
  69.32898      1.35429   29.80724    0.17016      50699
  69.33898      1.35412   30.00737    0.16890      50754
  69.34898      1.35395   30.36603    0.17306      50799
  69.35898      1.35378   30.55623    0.17635      50932
  69.36898      1.35361   30.75186    0.19047      51089
  69.37898      1.35344   30.95275    0.17210      50806
  69.38898      1.35327   31.22152    0.18422      50938
  69.39898      1.35310   31.49300    0.18542      50838
  69.40898      1.35293   31.70766    0.18570      51015
  69.41898      1.35276   31.85777    0.17300      50871
  69.42898      1.35259   32.09010    0.17560      50493
  69.43898      1.35242   32.34360    0.15981      51154
  69.44898      1.35225   32.46515    0.17415      50944
  69.45898      1.35208   32.64704    0.17886      50798
  69.46898      1.35191   32.84586    0.16954      50654
  69.47898      1.35174   33.13574    0.18780      50833
  69.48898      1.35157   33.26551    0.17977      51248
  69.49898      1.35140   33.47168    0.19420      50988
  69.50898      1.35123   33.64427    0.18711      50892
  69.51898      1.35106   33.93010    0.18891      50920
  69.52898      1.35089   34.05020    0.19036      51308
  69.53898      1.35072   34.25000    0.18968      50982
  69.54898      1.35055   34.43299    0.18698      50563
  69.55898      1.35038   34.57637    0.18383      50905
  69.56898      1.35021   34.77177    0.16541      51380
  69.57897      1.35004   34.83308    0.17671      50826
  69.58897      1.34987   35.03421    0.17583      50870
  69.59897      1.34970   35.17959    0.18931      50487
  69.60897      1.34953   35.33968    0.18980      51214
  69.61897      1.34936   35.50518    0.19559      51194
  69.62897      1.34919   35.62990    0.18495      51196
  69.63897      1.34902   35.78701    0.19675      50791
  69.64897      1.34885   35.86975    0.19662      51284
  69.65897      1.34868   36.06122    0.19494      51319
  69.66897      1.34851   36.16340    0.19754      51028
  69.67897      1.34834   36.31353    0.20169      50511
  69.68897      1.34817   36.34302    0.17995      51057
  69.69897      1.34801   36.51754    0.16949      51599
  69.70897      1.34784   36.59344    0.18376      50669
  69.71897      1.34767   36.67305    0.18556      50831
  69.72897      1.34750   36.73127    0.18978      51057
  69.73897      1.34733   36.82216    0.18909      51166
  69.74897      1.34716   36.94550    0.19782      51242
  69.75897      1.34699   37.00926    0.19593      51075
  69.76897      1.34682   37.08170    0.19970      51048
  69.77897      1.34666   37.10998    0.19423      51369
  69.78897      1.34649   37.22045    0.20284      51357
  69.79897      1.34632   37.25995    0.19881      51095
  69.80897      1.34615   37.29739    0.20412      50868
  69.81897      1.34598   37.32626    0.17618      50985
  69.82897      1.34581   37.37970    0.17354      51532
  69.83897      1.34565   37.36705    0.18766      50783
  69.84897      1.34548   37.40420    0.17922      51030
  69.85897      1.34531   37.42956    0.20393      51340
  69.86897      1.34514   37.41821    0.19125      50969
  69.87897      1.34497   37.42973    0.19202      51222
  69.88897      1.34481   37.43875    0.20321      51298
  69.89897      1.34464   37.40665    0.19576      51376
  69.90897      1.34447   37.38180    0.20087      51003
  69.91896      1.34430   37.41365    0.19405      51530
  69.92896      1.34413   37.34197    0.21197      51105
  69.93896      1.34397   37.29321    0.19782      51226
  69.94896      1.34380   37.28083    0.17543      51311
  69.95896      1.34363   37.21854    0.17333      51151
  69.96896      1.34346   37.17315    0.18754      50856
  69.97896      1.34330   37.12938    0.19232      51403
  69.98896      1.34313   37.05414    0.19333      51142
  69.99896      1.34296   37.01433    0.19101      51129
  70.00896      1.34279   36.89320    0.19476      51110
  70.01896      1.34263   36.81779    0.20507      51552
  70.02896      1.34246   36.76615    0.18374      51427
  70.03896      1.34229   36.67327    0.20854      51502
  70.04896      1.34213   36.55343    0.20041      51145
  70.05896      1.34196   36.44082    0.19130      51509
  70.06896      1.34179   36.32481    0.20659      51144
  70.07896      1.34162   36.24912    0.16479      51370
  70.08896      1.34146   36.13547    0.17272      51063
  70.09896      1.34129   35.97951    0.19205      51081
  70.10896      1.34112   35.92189    0.18173      51448
  70.11896      1.34096   35.77911    0.18782      51508
  70.12896      1.34079   35.63512    0.19105      51134
  70.13896      1.34062   35.47645    0.18215      51031
  70.14896      1.34046   35.35343    0.21156      51733
  70.15896      1.34029   35.18611    0.18451      51630
  70.16896      1.34012   35.04568    0.19362      51561
  70.17896      1.33996   34.85993    0.20241      50801
  70.18896      1.33979   34.71126    0.18409      51943
  70.19896      1.33962   34.50805    0.20120      51336
  70.20896      1.33946   34.33372    0.16237      51473
  70.21896      1.33929   34.17056    0.16894      50992
  70.22896      1.33913   34.08100    0.18176      51116
  70.23896      1.33896   33.83844    0.17402      51584
  70.24896      1.33879   33.67082    0.18743      51379
  70.25895      1.33863   33.43429    0.18685      51535
  70.26895      1.33846   33.26411    0.17905      51089
  70.27895      1.33830   33.07626    0.19351      51788
  70.28895      1.33813   32.87373    0.18110      51771
  70.29895      1.33796   32.63938    0.19512      51477
  70.30895      1.33780   32.42122    0.18233      51317
  70.31895      1.33763   32.28747    0.19311      51565
  70.32895      1.33747   31.94184    0.17784      51503
  70.33895      1.33730   31.77735    0.15982      51579
  70.34895      1.33713   31.54527    0.15867      51099
  70.35895      1.33697   31.44084    0.17767      51323
  70.36895      1.33680   31.20049    0.17493      51463
  70.37895      1.33664   30.93965    0.17379      51650
  70.38895      1.33647   30.67424    0.17882      51564
  70.39895      1.33631   30.48981    0.17845      51323
  70.40895      1.33614   30.29463    0.17988      51537
  70.41895      1.33598   30.01716    0.17536      51887
  70.42895      1.33581   29.76868    0.17998      51644
  70.43895      1.33565   29.53341    0.17827      51626
  70.44895      1.33548   29.34312    0.16962      51792
  70.45895      1.33532   29.07306    0.18931      51257
  70.46895      1.33515   28.80631    0.14655      51726
  70.47895      1.33499   28.61283    0.15548      51033
  70.48895      1.33482   28.44791    0.16177      51757
  70.49895      1.33466   28.20924    0.16468      51458
  70.50895      1.33449   27.95281    0.17606      51471
  70.51895      1.33433   27.64980    0.16085      51557
  70.52895      1.33416   27.50740    0.17661      51845
  70.53895      1.33400   27.25737    0.16844      51818
  70.54895      1.33383   27.04046    0.17102      51488
  70.55895      1.33367   26.74086    0.16739      51830
  70.56895      1.33350   26.53045    0.17161      51790
  70.57895      1.33334   26.34139    0.17248      51948
  70.58895      1.33318   26.06714    0.15767      51469
  70.59895      1.33301   25.83724    0.14701      51380
  70.60894      1.33285   25.64692    0.14507      51306
  70.61894      1.33268   25.45918    0.15758      51660
  70.62894      1.33252   25.24099    0.15461      51899
  70.63894      1.33236   25.01924    0.15814      51558
  70.64894      1.33219   24.75460    0.15803      51417
  70.65894      1.33203   24.56435    0.16159      51946
  70.66894      1.33186   24.36119    0.16455      52110
  70.67894      1.33170   24.15965    0.16413      51769
  70.68894      1.33154   23.95832    0.16120      51586
  70.69894      1.33137   23.71473    0.15920      51827
  70.70894      1.33121   23.53576    0.15784      52108
  70.71894      1.33104   23.28147    0.14767      51500
  70.72894      1.33088   23.12448    0.14189      51684
  70.73894      1.33072   22.95408    0.13897      50978
  70.74894      1.33055   22.76772    0.14455      51924
  70.75894      1.33039   22.56814    0.15296      52009
  70.76894      1.33023   22.37394    0.15262      51693
  70.77894      1.33006   22.18321    0.15507      51799
  70.78894      1.32990   22.03832    0.14872      51558
  70.79894      1.32974   21.83720    0.15164      52162
  70.80894      1.32957   21.65675    0.15238      52029
  70.81894      1.32941   21.46493    0.15467      51954
  70.82894      1.32925   21.29571    0.15346      51714
  70.83894      1.32908   21.15460    0.15236      52021
  70.84894      1.32892   20.92828    0.13941      51862
  70.85894      1.32876   20.80588    0.13328      51520
  70.86894      1.32859   20.62042    0.13264      51485
  70.87894      1.32843   20.52022    0.14163      51715
  70.88894      1.32827   20.32453    0.14349      51917
  70.89894      1.32811   20.17191    0.14267      52035
  70.90894      1.32794   19.98545    0.14468      51890
  70.91894      1.32778   19.85421    0.14739      52036
  70.92894      1.32762   19.74943    0.14108      51662
  70.93894      1.32745   19.56057    0.15622      52390
  70.94893      1.32729   19.42235    0.13619      52036
  70.95893      1.32713   19.25187    0.14750      51966
  70.96893      1.32697   19.15360    0.13930      52185
  70.97893      1.32681   18.98338    0.13469      51475
  70.98893      1.32664   18.86495    0.12654      51659
  70.99893      1.32648   18.72877    0.12592      51764
  71.00893      1.32632   18.59441    0.13337      51950
  71.01893      1.32616   18.49258    0.14655      51860
  71.02893      1.32599   18.37049    0.13155      52032
  71.03893      1.32583   18.21662    0.14177      52030
  71.04893      1.32567   18.08389    0.14017      52036
  71.05893      1.32551   17.99981    0.13558      52243
  71.06893      1.32535   17.87761    0.14547      52163
  71.07893      1.32518   17.78342    0.13600      52026
  71.08893      1.32502   17.63637    0.14443      52155
  71.09893      1.32486   17.53904    0.12639      52110
  71.10893      1.32470   17.42884    0.12816      51686
  71.11893      1.32454   17.34688    0.11797      51792
  71.12893      1.32437   17.24854    0.12932      51707
  71.13893      1.32421   17.11581    0.13090      51883
  71.14893      1.32405   17.06105    0.13030      52328
  71.15893      1.32389   16.96866    0.12848      52143
  71.16893      1.32373   16.87432    0.14045      52123
  71.17893      1.32357   16.78184    0.13252      52061
  71.18893      1.32341   16.69764    0.13651      52211
  71.19893      1.32324   16.61993    0.13368      52496
  71.20893      1.32308   16.54782    0.13799      52214
  71.21893      1.32292   16.47208    0.13018      52063
  71.22893      1.32276   16.36734    0.12199      52048
  71.23893      1.32260   16.31065    0.12837      51605
  71.24893      1.32244   16.24356    0.11638      52162
  71.25893      1.32228   16.17954    0.12165      52088
  71.26893      1.32212   16.11515    0.12897      51686
  71.27893      1.32196   16.03184    0.12251      52099
  71.28892      1.32179   15.99001    0.13794      52571
  71.29892      1.32163   15.92065    0.12827      52245
  71.30892      1.32147   15.86318    0.13141      52359
  71.31892      1.32131   15.79092    0.13019      51788
  71.32892      1.32115   15.76089    0.12880      52642
  71.33892      1.32099   15.69882    0.13390      52534
  71.34892      1.32083   15.64440    0.11939      52473
  71.35892      1.32067   15.58772    0.12341      51889
  71.36892      1.32051   15.53280    0.12213      51229
  71.37892      1.32035   15.50330    0.11475      52444
  71.38892      1.32019   15.46217    0.12128      52292
  71.39892      1.32003   15.41131    0.12624      52245
  71.40892      1.31987   15.35538    0.12955      52151
  71.41892      1.31971   15.34037    0.12276      52085
  71.42892      1.31955   15.30149    0.13218      52554
  71.43892      1.31939   15.25969    0.12627      52521
  71.44892      1.31923   15.22102    0.13181      52507
  71.45892      1.31907   15.18228    0.12725      52238
  71.46892      1.31891   15.16972    0.12829      52290
  71.47892      1.31875   15.13090    0.11703      52699
  71.48892      1.31859   15.09880    0.11811      51897
  71.49892      1.31843   15.07037    0.12195      51854
  71.50892      1.31827   15.04284    0.11287      52235
  71.51892      1.31811   15.02692    0.12242      52119
  71.52892      1.31795   15.00252    0.12248      52477
  71.53892      1.31779   14.98004    0.12948      52533
  71.54892      1.31763   14.94640    0.12503      52356
  71.55892      1.31747   14.94042    0.13133      52641
  71.56892      1.31731   14.92099    0.12093      52325
  71.57892      1.31715   14.90434    0.13658      52532
  71.58892      1.31699   14.87859    0.12194      52590
  71.59892      1.31683   14.86685    0.11982      52413
  71.60892      1.31667   14.86254    0.11819      52438
  71.61892      1.31651   14.83015    0.12214      51815
  71.62892      1.31635   14.82385    0.11417      52185
  71.63891      1.31620   14.81243    0.11225      52322
  71.64891      1.31604   14.81420    0.13096      52399
  71.65891      1.31588   14.80355    0.11750      52742
  71.66891      1.31572   14.79206    0.13043      52473
  71.67891      1.31556   14.78564    0.12510      52323
  71.68891      1.31540   14.78071    0.12691      52439
  71.69891      1.31524   14.78677    0.12955      52864
  71.70891      1.31508   14.78052    0.12518      52691
  71.71891      1.31492   14.77200    0.12136      52597
  71.72891      1.31476   14.77345    0.11825      52445
  71.73891      1.31461   14.77770    0.11803      52056
  71.74891      1.31445   14.77230    0.13099      52352
  71.75891      1.31429   14.78059    0.10785      52444
  71.76891      1.31413   14.78624    0.12161      52431
  71.77891      1.31397   14.78174    0.12558      52228
  71.78891      1.31381   14.80808    0.12031      52656
  71.79891      1.31366   14.81434    0.13048      52921
  71.80891      1.31350   14.81749    0.12681      52701
  71.81891      1.31334   14.83000    0.12518      52583
  71.82891      1.31318   14.83864    0.12712      52130
  71.83891      1.31302   14.86292    0.12819      53119
  71.84891      1.31286   14.87541    0.11856      52961
  71.85891      1.31271   14.88505    0.11893      52495
  71.86891      1.31255   14.90342    0.12326      52154
  71.87891      1.31239   14.91833    0.11951      51789
  71.88891      1.31223   14.95289    0.11514      52888
  71.89891      1.31207   14.97325    0.12294      52725
  71.90891      1.31192   14.99970    0.12777      52777
  71.91891      1.31176   15.03276    0.12402      52761
  71.92891      1.31160   15.05074    0.12909      52354
  71.93891      1.31144   15.07862    0.13276      52890
  71.94891      1.31129   15.11340    0.12428      52892
  71.95891      1.31113   15.15815    0.13121      52946
  71.96891      1.31097   15.18403    0.11854      52664
  71.97890      1.31081   15.20530    0.12134      52609
  71.98890      1.31065   15.22659    0.12209      52471
  71.99890      1.31050   15.29035    0.12423      52540
  72.00890      1.31034   15.33093    0.11554      52438
  72.01890      1.31018   15.36895    0.12570      52420
  72.02890      1.31003   15.39260    0.12343      52965
  72.03890      1.30987   15.42825    0.13033      52680
  72.04890      1.30971   15.48719    0.12497      52936
  72.05890      1.30955   15.53017    0.13431      52931
  72.06890      1.30940   15.57181    0.13019      52663
  72.07890      1.30924   15.60890    0.13089      52987
  72.08890      1.30908   15.63791    0.12652      52837
  72.09890      1.30893   15.70600    0.11767      53097
  72.10890      1.30877   15.73553    0.12162      52477
  72.11890      1.30861   15.78755    0.12714      52530
  72.12890      1.30846   15.83639    0.12898      52578
  72.13890      1.30830   15.87367    0.11759      52763
  72.14890      1.30814   15.92729    0.13156      52675
  72.15890      1.30799   15.99175    0.12563      52842
  72.16890      1.30783   16.03940    0.13561      52873
  72.17890      1.30767   16.08035    0.12836      53109
  72.18890      1.30752   16.13757    0.13487      53034
  72.19890      1.30736   16.17728    0.13310      52761
  72.20890      1.30720   16.26001    0.13378      52968
  72.21890      1.30705   16.30561    0.12129      53141
  72.22890      1.30689   16.34089    0.12120      52763
  72.23890      1.30673   16.41274    0.13326      52907
  72.24890      1.30658   16.44482    0.12810      52325
  72.25890      1.30642   16.54349    0.13228      52505
  72.26890      1.30626   16.60694    0.12029      53185
  72.27890      1.30611   16.66837    0.13007      53123
  72.28890      1.30595   16.72416    0.13664      52956
  72.29890      1.30580   16.79296    0.13378      52979
  72.30890      1.30564   16.85187    0.13595      52607
  72.31890      1.30548   16.93647    0.14067      53248
  72.32889      1.30533   16.99629    0.13676      53381
  72.33889      1.30517   17.06775    0.12185      53230
  72.34889      1.30502   17.12161    0.12825      52823
  72.35889      1.30486   17.17695    0.12887      52291
  72.36889      1.30471   17.26295    0.13665      53251
  72.37889      1.30455   17.35604    0.13225      52692
  72.38889      1.30439   17.42604    0.13173      53012
  72.39889      1.30424   17.48668    0.12546      53022
  72.40889      1.30408   17.56248    0.13882      52734
  72.41889      1.30393   17.62618    0.13550      53204
  72.42889      1.30377   17.70810    0.14445      53446
  72.43889      1.30362   17.78637    0.13716      53151
  72.44889      1.30346   17.86905    0.14248      53184
  72.45889      1.30331   17.94167    0.12758      52957
  72.46889      1.30315   17.98538    0.12911      53293
  72.47889      1.30300   18.05847    0.13122      52900
  72.48889      1.30284   18.14583    0.14153      52949
  72.49889      1.30269   18.23160    0.13239      53063
  72.50889      1.30253   18.31795    0.14356      52632
  72.51889      1.30238   18.36565    0.12845      53050
  72.52889      1.30222   18.44265    0.14090      53296
  72.53889      1.30207   18.54096    0.14190      53338
  72.54889      1.30191   18.61657    0.13859      53288
  72.55889      1.30176   18.68866    0.14836      53062
  72.56889      1.30160   18.75266    0.14288      53437
  72.57889      1.30145   18.81372    0.14200      53057
  72.58889      1.30129   18.91100    0.12675      53549
  72.59889      1.30114   18.97587    0.13653      52887
  72.60889      1.30098   19.06755    0.14044      52916
  72.61889      1.30083   19.11755    0.13733      53216
  72.62889      1.30068   19.21617    0.14190      52943
  72.63889      1.30052   19.27365    0.13527      52987
  72.64889      1.30037   19.37911    0.13991      53395
  72.65889      1.30021   19.46133    0.14697      53030
  72.66888      1.30006   19.52334    0.13914      53555
  72.67888      1.29990   19.59236    0.14970      53528
  72.68888      1.29975   19.65503    0.14772      53060
  72.69888      1.29960   19.76276    0.14586      53549
  72.70888      1.29944   19.85368    0.13203      53255
  72.71888      1.29929   19.87322    0.13692      53207
  72.72888      1.29913   19.96513    0.14243      53456
  72.73888      1.29898   20.03699    0.14322      53148
  72.74888      1.29883   20.12270    0.14588      52809
  72.75888      1.29867   20.21594    0.14892      52967
  72.76888      1.29852   20.26860    0.13766      53648
  72.77888      1.29836   20.34099    0.14477      53523
  72.78888      1.29821   20.40608    0.14379      53522
  72.79888      1.29806   20.47204    0.15304      53254
  72.80888      1.29790   20.54601    0.14634      53126
  72.81888      1.29775   20.62925    0.15042      53746
  72.82888      1.29760   20.68411    0.13773      53691
  72.83888      1.29744   20.72398    0.13656      53291
  72.84888      1.29729   20.79696    0.15223      53244
  72.85888      1.29714   20.84902    0.14331      52872
  72.86888      1.29698   20.92344    0.14599      53527
  72.87888      1.29683   21.01049    0.15583      53202
  72.88888      1.29668   21.05053    0.13609      53707
  72.89888      1.29652   21.11562    0.15166      53544
  72.90888      1.29637   21.17038    0.14282      53236
  72.91888      1.29622   21.20036    0.15908      53228
  72.92888      1.29606   21.28979    0.14929      53822
  72.93888      1.29591   21.33607    0.16156      53767
  72.94888      1.29576   21.40228    0.13421      53641
  72.95888      1.29560   21.42288    0.14564      53296
  72.96888      1.29545   21.47369    0.14774      53145
  72.97888      1.29530   21.51150    0.14926      53412
  72.98888      1.29515   21.59975    0.15376      53621
  72.99888      1.29499   21.64036    0.14347      53378
  73.00887      1.29484   21.69692    0.15651      53485
  73.01887      1.29469   21.74215    0.13775      53277
  73.02887      1.29453   21.76212    0.15748      53794
  73.03887      1.29438   21.81673    0.15324      53482
  73.04887      1.29423   21.87584    0.15421      53778
  73.05887      1.29408   21.92140    0.15508      53885
  73.06887      1.29392   21.96508    0.14180      53500
  73.07887      1.29377   21.97020    0.14841      53509
  73.08887      1.29362   22.00596    0.14504      53488
  73.09887      1.29347   22.06052    0.14731      53467
  73.10887      1.29332   22.10440    0.15703      53645
  73.11887      1.29316   22.12767    0.15567      53531
  73.12887      1.29301   22.17679    0.15450      53379
  73.13887      1.29286   22.19796    0.13878      53840
  73.14887      1.29271   22.21803    0.15632      53515
  73.15887      1.29256   22.25625    0.14942      53856
  73.16887      1.29240   22.29211    0.15894      53641
  73.17887      1.29225   22.31942    0.15732      53833
  73.18887      1.29210   22.33094    0.14398      53943
  73.19887      1.29195   22.34307    0.14454      53784
  73.20887      1.29180   22.35739    0.15149      53059
  73.21887      1.29164   22.38957    0.15017      53686
  73.22887      1.29149   22.40761    0.15310      53587
  73.23887      1.29134   22.42973    0.15414      53994
  73.24887      1.29119   22.45416    0.16035      53563
  73.25887      1.29104   22.44861    0.14560      53842
  73.26887      1.29089   22.46618    0.15162      53364
  73.27887      1.29073   22.49117    0.15627      53750
  73.28887      1.29058   22.51091    0.15714      54075
  73.29887      1.29043   22.51743    0.15286      54066
  73.30887      1.29028   22.52872    0.14398      54001
  73.31887      1.29013   22.52017    0.15099      53711
  73.32887      1.28998   22.52217    0.14726      53150
  73.33887      1.28983   22.54493    0.15526      53817
  73.34887      1.28968   22.56706    0.15080      53970
  73.35886      1.28952   22.56110    0.16138      54109
  73.36886      1.28937   22.57304    0.15270      53586
  73.37886      1.28922   22.57399    0.15177      53733
  73.38886      1.28907   22.57441    0.14935      53411
  73.39886      1.28892   22.59243    0.15391      54165
  73.40886      1.28877   22.60630    0.15742      54347
  73.41886      1.28862   22.60100    0.15841      54033
  73.42886      1.28847   22.60397    0.14193      54076
  73.43886      1.28832   22.60334    0.14823      53342
  73.44886      1.28817   22.60349    0.15490      53538
  73.45886      1.28802   22.61807    0.15175      54066
  73.46886      1.28787   22.61876    0.15630      54132
  73.47886      1.28771   22.60756    0.15078      54023
  73.48886      1.28756   22.62043    0.16162      53900
  73.49886      1.28741   22.60766    0.15543      53547
  73.50886      1.28726   22.61690    0.14013      53997
  73.51886      1.28711   22.62984    0.15512      54051
  73.52886      1.28696   22.62445    0.15637      54254
  73.53886      1.28681   22.62292    0.15622      54152
  73.54886      1.28666   22.62440    0.14842      53904
  73.55886      1.28651   22.62275    0.14317      53962
  73.56886      1.28636   22.62092    0.15208      53928
  73.57886      1.28621   22.63111    0.15770      53776
  73.58886      1.28606   22.62330    0.15026      54215
  73.59886      1.28591   22.63633    0.16119      53973
  73.60886      1.28576   22.63653    0.15947      54078
  73.61886      1.28561   22.62351    0.16442      53892
  73.62886      1.28546   22.66682    0.14347      54097
  73.63886      1.28531   22.64374    0.14921      54055
  73.64886      1.28516   22.66201    0.15753      54274
  73.65886      1.28501   22.66568    0.15346      53942
  73.66886      1.28486   22.67582    0.15084      54355
  73.67886      1.28471   22.68250    0.14000      54170
  73.68886      1.28456   22.69718    0.15948      53887
  73.69885      1.28441   22.69486    0.15021      53975
  73.70885      1.28426   22.72505    0.16282      53963
  73.71885      1.28411   22.74409    0.15279      54266
  73.72885      1.28397   22.77222    0.16089      54510
  73.73885      1.28382   22.77924    0.15929      53938
  73.74885      1.28367   22.80588    0.14344      54180
  73.75885      1.28352   22.82334    0.15592      53959
  73.76885      1.28337   22.85977    0.15587      54048
  73.77885      1.28322   22.89110    0.16307      54665
  73.78885      1.28307   22.92723    0.14124      54472
  73.79885      1.28292   22.94310    0.15375      54187
  73.80885      1.28277   22.98317    0.14726      54033
  73.81885      1.28262   23.02350    0.15655      53879
  73.82885      1.28247   23.06150    0.15530      53976
  73.83885      1.28232   23.12686    0.16615      54551
  73.84885      1.28218   23.18143    0.15668      54664
  73.85885      1.28203   23.22400    0.16302      54033
  73.86885      1.28188   23.28199    0.15319      54394
  73.87885      1.28173   23.33115    0.15419      53926
  73.88885      1.28158   23.38355    0.15560      54133
  73.89885      1.28143   23.46289    0.16127      54681
  73.90885      1.28128   23.54479    0.14188      54639
  73.91885      1.28113   23.58436    0.15377      54154
  73.92885      1.28099   23.65901    0.15898      54232
  73.93885      1.28084   23.73837    0.15645      54075
  73.94885      1.28069   23.81390    0.16390      54170
  73.95885      1.28054   23.91885    0.16124      54582
  73.96885      1.28039   24.01169    0.15986      54622
  73.97885      1.28024   24.12574    0.17473      54321
  73.98885      1.28010   24.21239    0.15755      54253
  73.99885      1.27995   24.30544    0.15083      54293
  74.00885      1.27980   24.37698    0.16182      54635
  74.01885      1.27965   24.49002    0.16287      54327
  74.02885      1.27950   24.61247    0.14558      54732
  74.03884      1.27935   24.70294    0.15429      54224
  74.04884      1.27921   24.83812    0.16337      54275
  74.05884      1.27906   24.96523    0.16146      54342
  74.06884      1.27891   25.07492    0.17035      54653
  74.07884      1.27876   25.20567    0.16127      54554
  74.08884      1.27861   25.35355    0.17315      54518
  74.09884      1.27847   25.54295    0.17040      54372
  74.10884      1.27832   25.68152    0.17144      54142
  74.11884      1.27817   25.79836    0.15505      54875
  74.12884      1.27802   25.94996    0.16440      54797
  74.13884      1.27788   26.09280    0.16014      54537
  74.14884      1.27773   26.24808    0.15313      54352
  74.15884      1.27758   26.39764    0.16372      54315
  74.16884      1.27743   26.61748    0.16507      54284
  74.17884      1.27729   26.77863    0.16930      54785
  74.18884      1.27714   26.98255    0.16945      54636
  74.19884      1.27699   27.15308    0.18450      54939
  74.20884      1.27684   27.33810    0.16535      54550
  74.21884      1.27670   27.54563    0.18435      54231
  74.22884      1.27655   27.83575    0.17344      54384
  74.23884      1.27640   27.97182    0.16533      54863
  74.24884      1.27626   28.17403    0.17715      54876
  74.25884      1.27611   28.39826    0.16039      54932
  74.26884      1.27596   28.56635    0.16165      54522
  74.27884      1.27581   28.76422    0.17269      54151
  74.28884      1.27567   29.05044    0.17153      54411
  74.29884      1.27552   29.28905    0.17709      54749
  74.30884      1.27537   29.51671    0.18731      55018
  74.31884      1.27523   29.78159    0.17347      54962
  74.32884      1.27508   30.02218    0.18923      54744
  74.33884      1.27493   30.29852    0.18658      54537
  74.34884      1.27479   30.53580    0.19171      54022
  74.35884      1.27464   30.78079    0.16450      55093
  74.36884      1.27449   31.03792    0.19226      55141
  74.37884      1.27435   31.33465    0.16052      54987
  74.38883      1.27420   31.50996    0.17506      54586
  74.39883      1.27405   31.80663    0.17912      54367
  74.40883      1.27391   32.06898    0.18278      54647
  74.41883      1.27376   32.31023    0.19091      54549
  74.42883      1.27361   32.65567    0.19333      55067
  74.43883      1.27347   32.97265    0.19007      55100
  74.44883      1.27332   33.24613    0.19351      54990
  74.45883      1.27317   33.58765    0.19542      54832
  74.46883      1.27303   33.90270    0.19147      54484
  74.47883      1.27288   34.08837    0.18049      55021
  74.48883      1.27274   34.35287    0.20275      54676
  74.49883      1.27259   34.77703    0.16721      55267
  74.50883      1.27244   34.94465    0.17923      54568
  74.51883      1.27230   35.32246    0.19012      54737
  74.52883      1.27215   35.62676    0.19382      54849
  74.53883      1.27201   35.92019    0.20465      54960
  74.54883      1.27186   36.23565    0.19823      55024
  74.55883      1.27171   36.51847    0.20294      54842
  74.56883      1.27157   36.88370    0.20199      55203
  74.57883      1.27142   37.30674    0.20742      54899
  74.58883      1.27128   37.60984    0.20554      54671
  74.59883      1.27113   37.84181    0.19197      55181
  74.60883      1.27099   38.17750    0.19093      55147
  74.61883      1.27084   38.39631    0.18049      54919
  74.62883      1.27070   38.64506    0.19952      54446
  74.63883      1.27055   39.09977    0.19706      54948
  74.64883      1.27040   39.44422    0.21088      55012
  74.65883      1.27026   39.71275    0.20595      55216
  74.66883      1.27011   40.03787    0.21277      55251
  74.67883      1.26997   40.37936    0.21421      55238
  74.68883      1.26982   40.64939    0.21459      55092
  74.69883      1.26968   40.97991    0.21254      54652
  74.70883      1.26953   41.41220    0.22130      54787
  74.71883      1.26939   41.61133    0.19922      55459
  74.72882      1.26924   41.94818    0.18708      55364
  74.73882      1.26910   42.16639    0.19825      54883
  74.74882      1.26895   42.48031    0.21109      55165
  74.75882      1.26881   42.81487    0.20849      54847
  74.76882      1.26866   43.09527    0.21646      54606
  74.77882      1.26852   43.46354    0.22438      55418
  74.78882      1.26837   43.77190    0.21499      55334
  74.79882      1.26823   44.03536    0.22806      55580
  74.80882      1.26808   44.37833    0.22523      55353
  74.81882      1.26794   44.68081    0.21925      54973
  74.82882      1.26779   45.01460    0.22860      54766
  74.83882      1.26765   45.17193    0.20864      55233
  74.84882      1.26751   45.49224    0.19120      55329
  74.85882      1.26736   45.66359    0.21002      55135
  74.86882      1.26722   46.01928    0.21544      55224
  74.87882      1.26707   46.32348    0.22153      55245
  74.88882      1.26693   46.60131    0.23050      55066
  74.89882      1.26678   46.86954    0.22902      55177
  74.90882      1.26664   47.05782    0.23525      55384
  74.91882      1.26649   47.30287    0.22179      55385
  74.92882      1.26635   47.60240    0.23419      55571
  74.93882      1.26621   47.89531    0.22834      55287
  74.94882      1.26606   48.10627    0.22812      55140
  74.95882      1.26592   48.34408    0.20226      55260
  74.96882      1.26577   48.49179    0.20455      55248
  74.97882      1.26563   48.66261    0.23243      55275
  74.98882      1.26549   48.86270    0.22123      55063
  74.99882      1.26534   49.17583    0.22898      55437
  75.00882      1.26520   49.37982    0.22943      55471
  75.01882      1.26505   49.64724    0.24251      55124
  75.02882      1.26491   49.74836    0.23528      55657
  75.03882      1.26477   49.95300    0.23855      55716
  75.04882      1.26462   50.14502    0.23412      55635
  75.05882      1.26448   50.31944    0.24598      55230
  75.06881      1.26434   50.47980    0.22015      55169
  75.07881      1.26419   50.69489    0.20672      55603
  75.08881      1.26405   50.77251    0.21971      54971
  75.09881      1.26391   50.94846    0.22528      55518
  75.10881      1.26376   51.07953    0.23345      55344
  75.11881      1.26362   51.27192    0.23287      55663
  75.12881      1.26347   51.41044    0.24692      55530
  75.13881      1.26333   51.50592    0.23302      55302
  75.14881      1.26319   51.66444    0.24984      55426
  75.15881      1.26304   51.78586    0.23414      55935
  75.16881      1.26290   51.89594    0.24592      55906
  75.17881      1.26276   52.00683    0.23929      55322
  75.18881      1.26262   52.10262    0.21014      55735
  75.19881      1.26247   52.15116    0.21585      55247
  75.20881      1.26233   52.25570    0.23158      55161
  75.21881      1.26219   52.31490    0.22597      55134
  75.22881      1.26204   52.41139    0.24382      55732
  75.23881      1.26190   52.51098    0.23650      55823
  75.24881      1.26176   52.55092    0.24920      55929
  75.25881      1.26161   52.60298    0.23301      55786
  75.26881      1.26147   52.64567    0.25094      55668
  75.27881      1.26133   52.67900    0.23860      55391
  75.28881      1.26119   52.73630    0.24391      55819
  75.29881      1.26104   52.71605    0.24670      55344
  75.30881      1.26090   52.77729    0.19636      55895
  75.31881      1.26076   52.76196    0.23159      55402
  75.32881      1.26062   52.79953    0.22754      55644
  75.33881      1.26047   52.77821    0.23837      55682
  75.34881      1.26033   52.77355    0.23919      55451
  75.35881      1.26019   52.78432    0.24562      55998
  75.36881      1.26005   52.77762    0.24099      55786
  75.37881      1.25990   52.75433    0.24110      55787
  75.38881      1.25976   52.70936    0.24265      55980
  75.39881      1.25962   52.69399    0.24538      55929
  75.40881      1.25948   52.63499    0.24340      55709
  75.41880      1.25934   52.58660    0.22287      55474
  75.42880      1.25919   52.57290    0.21011      55749
  75.43880      1.25905   52.52688    0.22632      55683
  75.44880      1.25891   52.47277    0.23750      55622
  75.45880      1.25877   52.41901    0.23129      55711
  75.46880      1.25862   52.34924    0.24543      55935
  75.47880      1.25848   52.24901    0.24231      55690
  75.48880      1.25834   52.22735    0.23858      55980
  75.49880      1.25820   52.14932    0.24354      56351
  75.50880      1.25806   52.07508    0.23950      56052
  75.51880      1.25792   51.98413    0.23598      56019
  75.52880      1.25777   51.88865    0.24362      55658
  75.53880      1.25763   51.79607    0.21041      55656
  75.54880      1.25749   51.67577    0.21534      55191
  75.55880      1.25735   51.65150    0.22339      56033
  75.56880      1.25721   51.52702    0.23961      56072
  75.57880      1.25707   51.42137    0.23452      56039
  75.58880      1.25692   51.32223    0.24440      56198
  75.59880      1.25678   51.20449    0.23531      56166
  75.60880      1.25664   51.09955    0.23958      55729
  75.61880      1.25650   50.96955    0.23652      55726
  75.62880      1.25636   50.88013    0.23367      56358
  75.63880      1.25622   50.77072    0.25323      56289
  75.64880      1.25608   50.60942    0.21112      56023
  75.65880      1.25594   50.50820    0.21102      55627
  75.66880      1.25579   50.39705    0.21714      56036
  75.67880      1.25565   50.25950    0.22981      55886
  75.68880      1.25551   50.09703    0.23490      55628
  75.69880      1.25537   50.03009    0.23665      56155
  75.70880      1.25523   49.87816    0.24040      56321
  75.71880      1.25509   49.74728    0.23795      56287
  75.72880      1.25495   49.62998    0.22958      56370
  75.73880      1.25481   49.49399    0.23916      56288
  75.74880      1.25467   49.32464    0.23044      56194
  75.75879      1.25453   49.18606    0.22528      56006
  75.76879      1.25439   49.03440    0.22026      55753
  75.77879      1.25425   48.93739    0.20399      55854
  75.78879      1.25410   48.79777    0.22133      56033
  75.79879      1.25396   48.66235    0.23068      56291
  75.80879      1.25382   48.50543    0.23306      56286
  75.81879      1.25368   48.35414    0.22810      56243
  75.82879      1.25354   48.18997    0.23877      56135
  75.83879      1.25340   48.06829    0.22858      56367
  75.84879      1.25326   47.93045    0.23462      56447
  75.85879      1.25312   47.79324    0.23167      56355
  75.86879      1.25298   47.63965    0.23433      56182
  75.87879      1.25284   47.44985    0.20148      56320
  75.88879      1.25270   47.28946    0.21571      55638
  75.89879      1.25256   47.14716    0.21148      55992
  75.90879      1.25242   47.01253    0.21611      56423
  75.91879      1.25228   46.87488    0.23132      56425
  75.92879      1.25214   46.70052    0.22363      56539
  75.93879      1.25200   46.53254    0.23553      56466
  75.94879      1.25186   46.36750    0.22177      56436
  75.95879      1.25172   46.18698    0.22687      56145
  75.96879      1.25158   46.02476    0.22956      56254
  75.97879      1.25144   45.88555    0.22969      56473
  75.98879      1.25130   45.71768    0.20487      56903
  75.99879      1.25116   45.51243    0.21466      55740
  76.00879      1.25102   45.37248    0.20058      56243
  76.01879      1.25088   45.21350    0.21032      56402
  76.02879      1.25074   45.00305    0.22361      56536
  76.03879      1.25060   44.83276    0.22469      56169
  76.04879      1.25046   44.67079    0.22997      56224
  76.05879      1.25032   44.51294    0.21621      56695
  76.06879      1.25018   44.31486    0.22408      56814
  76.07879      1.25004   44.15133    0.22405      56658
  76.08879      1.24990   43.96122    0.22436      56771
  76.09878      1.24977   43.79584    0.20539      56612
  76.10878      1.24963   43.57563    0.21032      56193
  76.11878      1.24949   43.37190    0.21919      55666
  76.12878      1.24935   43.25974    0.18980      56447
  76.13878      1.24921   43.07598    0.22138      56451
  76.14878      1.24907   42.86722    0.20763      56745
  76.15878      1.24893   42.69003    0.22014      56810
  76.16878      1.24879   42.47040    0.21756      56744
  76.17878      1.24865   42.28838    0.21195      56705
  76.18878      1.24851   42.07855    0.22160      56501
  76.19878      1.24837   41.88499    0.21928      56672
  76.20878      1.24823   41.71428    0.20824      56904
  76.21878      1.24810   41.53729    0.19951      56663
  76.22878      1.24796   41.31813    0.20766      55780
  76.23878      1.24782   41.10358    0.19192      56585
  76.24878      1.24768   40.90391    0.21416      56701
  76.25878      1.24754   40.65143    0.20760      56604
  76.26878      1.24740   40.45088    0.20762      56631
  76.27878      1.24726   40.27658    0.21180      56825
  76.28878      1.24713   40.05636    0.21157      57064
  76.29878      1.24699   39.83538    0.21039      56781
  76.30878      1.24685   39.63489    0.21202      56958
  76.31878      1.24671   39.41098    0.21215      56607
  76.32878      1.24657   39.17591    0.18881      56811
  76.33878      1.24643   38.95586    0.20013      56268
  76.34878      1.24629   38.66508    0.20691      56167
  76.35878      1.24616   38.49459    0.18530      56983
  76.36878      1.24602   38.25489    0.20273      56973
  76.37878      1.24588   38.01906    0.20358      56858
  76.38878      1.24574   37.79200    0.20781      57125
  76.39878      1.24560   37.53959    0.20163      56923
  76.40878      1.24547   37.30963    0.20486      56790
  76.41878      1.24533   37.06351    0.20410      56449
  76.42878      1.24519   36.79604    0.20406      56971
  76.43878      1.24505   36.56756    0.18280      57281
  76.44877      1.24491   36.36305    0.20154      56583
  76.45877      1.24478   36.07568    0.19368      56550
  76.46877      1.24464   35.82261    0.17668      56939
  76.47877      1.24450   35.60509    0.19632      56941
  76.48877      1.24436   35.30961    0.19808      57016
  76.49877      1.24422   35.03179    0.19742      56557
  76.50877      1.24409   34.84103    0.19622      57189
  76.51877      1.24395   34.60074    0.19828      56929
  76.52877      1.24381   34.31647    0.19569      57128
  76.53877      1.24367   34.07532    0.19403      57285
  76.54877      1.24354   33.79107    0.18032      57313
  76.55877      1.24340   33.60689    0.19001      56743
  76.56877      1.24326   33.28478    0.18127      56775
  76.57877      1.24312   32.96307    0.20032      56289
  76.58877      1.24299   32.80327    0.16981      57159
  76.59877      1.24285   32.55154    0.18405      57180
  76.60877      1.24271   32.28418    0.19325      57026
  76.61877      1.24257   32.04002    0.18725      57123
  76.62877      1.24244   31.75473    0.18757      57281
  76.63877      1.24230   31.49122    0.18552      57319
  76.64877      1.24216   31.21551    0.18182      57303
  76.65877      1.24203   30.93407    0.18134      56835
  76.66877      1.24189   30.77685    0.17796      56963
  76.67877      1.24175   30.51877    0.18113      57249
  76.68877      1.24161   30.20776    0.18131      56746
  76.69877      1.24148   29.94775    0.16606      57111
  76.70877      1.24134   29.73235    0.17393      57300
  76.71877      1.24120   29.48336    0.18121      57028
  76.72877      1.24107   29.16780    0.18477      57354
  76.73877      1.24093   28.89895    0.17552      57062
  76.74877      1.24079   28.68656    0.18340      57418
  76.75877      1.24066   28.44491    0.17981      57458
  76.76877      1.24052   28.19004    0.16391      57485
  76.77877      1.24038   28.00425    0.17006      57008
  76.78876      1.24025   27.73862    0.17210      57313
  76.79876      1.24011   27.43589    0.17873      56943
  76.80876      1.23997   27.19959    0.15941      56933
  76.81876      1.23984   26.97053    0.16497      56979
  76.82876      1.23970   26.70616    0.17124      57252
  76.83876      1.23956   26.49176    0.17301      57604
  76.84876      1.23943   26.24642    0.17468      57551
  76.85876      1.23929   26.01770    0.16384      57635
  76.86876      1.23916   25.76825    0.17763      57530
  76.87876      1.23902   25.53936    0.15675      57548
  76.88876      1.23888   25.35087    0.16395      57246
  76.89876      1.23875   25.10968    0.16363      57055
  76.90876      1.23861   24.83405    0.16481      57063
  76.91876      1.23847   24.61528    0.16857      56982
  76.92876      1.23834   24.42184    0.14871      57410
  76.93876      1.23820   24.18509    0.16075      57607
  76.94876      1.23807   23.97157    0.16274      57718
  76.95876      1.23793   23.74468    0.16275      57600
  76.96876      1.23779   23.51610    0.16437      57670
  76.97876      1.23766   23.29713    0.16037      57525
  76.98876      1.23752   23.07437    0.15087      57603
  76.99876      1.23739   22.89477    0.15271      57069
  77.00876      1.23725   22.70832    0.15779      57490
  77.01876      1.23712   22.49488    0.15954      57543
  77.02876      1.23698   22.24482    0.15641      57082
  77.03876      1.23684   22.07803    0.14285      57484
  77.04876      1.23671   21.86108    0.15108      57727
  77.05876      1.23657   21.64381    0.15670      57776
  77.06876      1.23644   21.44110    0.15585      57582
  77.07876      1.23630   21.21885    0.15309      57437
  77.08876      1.23617   21.06625    0.15841      57815
  77.09876      1.23603   20.89282    0.13983      57941
  77.10876      1.23590   20.72508    0.14639      57550
  77.11876      1.23576   20.52848    0.15646      57385
  77.12876      1.23563   20.34909    0.14551      57712
  77.13875      1.23549   20.13149    0.15066      57325
  77.14875      1.23536   19.96873    0.14169      57473
  77.15875      1.23522   19.78528    0.14131      57603
  77.16875      1.23508   19.59127    0.14796      57594
  77.17875      1.23495   19.47213    0.15159      58013
  77.18875      1.23481   19.29028    0.14539      57907
  77.19875      1.23468   19.13955    0.14374      57957
  77.20875      1.23454   18.97011    0.14102      57888
  77.21875      1.23441   18.84180    0.13698      57625
  77.22875      1.23428   18.67661    0.14104      57789
  77.23875      1.23414   18.52396    0.14654      57695
  77.24875      1.23401   18.34841    0.14357      57464
  77.25875      1.23387   18.17245    0.14374      57317
  77.26875      1.23374   18.08417    0.12850      57582
  77.27875      1.23360   17.93902    0.13972      58186
  77.28875      1.23347   17.79160    0.14038      58083
  77.29875      1.23333   17.65053    0.14588      58106
  77.30875      1.23320   17.51759    0.13718      58027
  77.31875      1.23306   17.38115    0.13000      58189
  77.32875      1.23293   17.27598    0.13552      57506
  77.33875      1.23279   17.12276    0.13458      57747
  77.34875      1.23266   16.98547    0.14020      57511
  77.35875      1.23253   16.88527    0.13723      57902
  77.36875      1.23239   16.72416    0.14037      57745
  77.37875      1.23226   16.62762    0.12498      58053
  77.38875      1.23212   16.51813    0.12935      57858
  77.39875      1.23199   16.37799    0.14281      58229
  77.40875      1.23185   16.26715    0.13436      58169
  77.41875      1.23172   16.14137    0.13542      58138
  77.42875      1.23159   16.02278    0.12087      58254
  77.43875      1.23145   15.92728    0.12973      57432
  77.44875      1.23132   15.81628    0.13365      57880
  77.45875      1.23118   15.71681    0.13011      58048
  77.46875      1.23105   15.60519    0.13258      58133
  77.47874      1.23092   15.47513    0.13688      58036
  77.48874      1.23078   15.38673    0.11920      58118
  77.49874      1.23065   15.28477    0.12986      58122
  77.50874      1.23051   15.19698    0.13176      58115
  77.51874      1.23038   15.09075    0.13228      58075
  77.52874      1.23025   14.98954    0.13150      58096
  77.53874      1.23011   14.88563    0.11364      58025
  77.54874      1.22998   14.82323    0.12798      57995
  77.55874      1.22985   14.73892    0.12541      58010
  77.56874      1.22971   14.64481    0.12931      58421
  77.57874      1.22958   14.55804    0.12998      58277
  77.58874      1.22945   14.45457    0.12897      58077
  77.59874      1.22931   14.38098    0.12314      58225
  77.60874      1.22918   14.30750    0.12166      58466
  77.61874      1.22905   14.22396    0.12495      58185
  77.62874      1.22891   14.14261    0.12973      58173
  77.63874      1.22878   14.06497    0.12081      58018
  77.64874      1.22865   13.99848    0.11431      58449
  77.65874      1.22851   13.94283    0.12187      57829
  77.66874      1.22838   13.85690    0.12147      58430
  77.67874      1.22825   13.79020    0.12872      58375
  77.68874      1.22811   13.71687    0.12473      58436
  77.69874      1.22798   13.63827    0.12626      58196
  77.70874      1.22785   13.57726    0.11864      58430
  77.71874      1.22771   13.50854    0.11952      58368
  77.72874      1.22758   13.44319    0.11844      58261
  77.73874      1.22745   13.38132    0.12956      58325
  77.74874      1.22731   13.32403    0.11486      58688
  77.75874      1.22718   13.26911    0.11428      58367
  77.76874      1.22705   13.21656    0.12015      58041
  77.77874      1.22692   13.15832    0.11827      58125
  77.78874      1.22678   13.08778    0.12114      58553
  77.79874      1.22665   13.03274    0.12284      58698
  77.80874      1.22652   12.96280    0.12771      58439
  77.81873      1.22639   12.91341    0.11150      58390
  77.82873      1.22625   12.86115    0.11902      58454
  77.83873      1.22612   12.80145    0.12062      58435
  77.84873      1.22599   12.76183    0.11967      58729
  77.85873      1.22586   12.70594    0.11012      58755
  77.86873      1.22572   12.66247    0.11400      58352
  77.87873      1.22559   12.61271    0.11407      58315
  77.88873      1.22546   12.55501    0.11701      58539
  77.89873      1.22533   12.50549    0.12080      58677
  77.90873      1.22519   12.45790    0.12014      58744
  77.91873      1.22506   12.40460    0.12275      58239
  77.92873      1.22493   12.35826    0.11533      58342
  77.93873      1.22480   12.31577    0.11038      58493
  77.94873      1.22467   12.27317    0.11989      58875
  77.95873      1.22453   12.23224    0.11779      58857
  77.96873      1.22440   12.18860    0.10536      58877
  77.97873      1.22427   12.14669    0.11119      58405
  77.98873      1.22414   12.10720    0.11350      58536
  77.99873      1.22401   12.06758    0.11707      58742
  78.00873      1.22387   12.02117    0.11952      58833
  78.01873      1.22374   11.98435    0.11828      58921
  78.02873      1.22361   11.94307    0.11852      58585
  78.03873      1.22348   11.90553    0.11654      58518
  78.04873      1.22335   11.87046    0.10807      58589
  78.05873      1.22321   11.84019    0.11472      58910
  78.06873      1.22308   11.80432    0.11761      58772
  78.07873      1.22295   11.77105    0.10305      58913
  78.08873      1.22282   11.73640    0.11189      58461
  78.09873      1.22269   11.69580    0.10999      58815
  78.10873      1.22256   11.66650    0.11747      58877
  78.11873      1.22243   11.63047    0.11414      58998
  78.12873      1.22229   11.59682    0.11608      59053
  78.13873      1.22216   11.55943    0.11821      58780
  78.14873      1.22203   11.52478    0.11405      58632
  78.15873      1.22190   11.49851    0.10439      58889
  78.16872      1.22177   11.47209    0.11612      59175
  78.17872      1.22164   11.44097    0.10482      58990
  78.18872      1.22151   11.40898    0.10719      58790
  78.19872      1.22137   11.37749    0.10922      58737
  78.20872      1.22124   11.34979    0.10957      58870
  78.21872      1.22111   11.32366    0.11337      58972
  78.22872      1.22098   11.28969    0.11804      59006
  78.23872      1.22085   11.26712    0.11150      59042
  78.24872      1.22072   11.23139    0.11613      58905
  78.25872      1.22059   11.20371    0.11537      58856
  78.26872      1.22046   11.18044    0.10428      59016
  78.27872      1.22033   11.16129    0.11188      59257
  78.28872      1.22020   11.13664    0.10507      59318
  78.29872      1.22007   11.10804    0.10518      58697
  78.30872      1.21993   11.08662    0.10931      59074
  78.31872      1.21980   11.06036    0.11177      59053
  78.32872      1.21967   11.03474    0.10990      59264
  78.33872      1.21954   11.00768    0.11143      59270
  78.34872      1.21941   10.98531    0.11516      59221
  78.35872      1.21928   10.95956    0.11434      59042
  78.36872      1.21915   10.92963    0.10801      59140
  78.37872      1.21902   10.90734    0.10844      58812
  78.38872      1.21889   10.89383    0.10773      59336
  78.39872      1.21876   10.86899    0.10193      59241
  78.40872      1.21863   10.84817    0.10404      58540
  78.41872      1.21850   10.82186    0.10852      59302
  78.42872      1.21837   10.79795    0.11283      59301
  78.43872      1.21824   10.77874    0.10918      59394
  78.44872      1.21811   10.75516    0.11419      59487
  78.45872      1.21798   10.73908    0.11083      59448
  78.46872      1.21785   10.71212    0.11239      59207
  78.47872      1.21772   10.69248    0.10401      59358
  78.48872      1.21759   10.67340    0.10760      59263
  78.49872      1.21746   10.65062    0.10298      59125
  78.50871      1.21733   10.64126    0.10502      59227
  78.51871      1.21720   10.62405    0.10542      59164
  78.52871      1.21707   10.60894    0.10661      59352
  78.53871      1.21694   10.59147    0.11217      59446
  78.54871      1.21681   10.57603    0.11233      59624
  78.55871      1.21668   10.56082    0.10924      59433
  78.56871      1.21655   10.54274    0.11014      59648
  78.57871      1.21642   10.52383    0.11749      59077
  78.58871      1.21629   10.51163    0.10453      59346
  78.59871      1.21616   10.49656    0.10617      59542
  78.60871      1.21603   10.48372    0.09623      59661
  78.61871      1.21590   10.47166    0.10422      58811
  78.62871      1.21577   10.45808    0.10512      59284
  78.63871      1.21564   10.44815    0.10956      59539
  78.64871      1.21551   10.43385    0.10671      59659
  78.65871      1.21538   10.42085    0.11228      59733
  78.66871      1.21525   10.40542    0.10661      59834
  78.67871      1.21512   10.39559    0.11295      59657
  78.68871      1.21499   10.37933    0.11269      59519
  78.69871      1.21486   10.36987    0.10496      59733
  78.70871      1.21473   10.36042    0.09880      59738
  78.71871      1.21461   10.35094    0.10076      59340
  78.72871      1.21448   10.34071    0.10506      59409
  78.73871      1.21435   10.32193    0.10705      59317
  78.74871      1.21422   10.31246    0.10703      59448
  78.75871      1.21409   10.30090    0.10893      59787
  78.76871      1.21396   10.29339    0.11044      59751
  78.77871      1.21383   10.28348    0.10944      59873
  78.78871      1.21370   10.27125    0.11322      59587
  78.79871      1.21357   10.25608    0.11045      59525
  78.80871      1.21344   10.25011    0.09996      59961
  78.81871      1.21331   10.23771    0.09634      60011
  78.82871      1.21319   10.22556    0.10438      59314
  78.83871      1.21306   10.21399    0.10167      59697
  78.84870      1.21293   10.20556    0.10703      59718
  78.85870      1.21280   10.19725    0.10895      59907
  78.86870      1.21267   10.18619    0.10906      59891
  78.87870      1.21254   10.17051    0.11026      59757
  78.88870      1.21241   10.15848    0.10737      59935
  78.89870      1.21229   10.15089    0.11284      59982
  78.90870      1.21216   10.13595    0.11261      59757
  78.91870      1.21203   10.12548    0.09195      60001
  78.92870      1.21190   10.11344    0.09924      59709
  78.93870      1.21177   10.10023    0.10271      59702
  78.94870      1.21164   10.09296    0.10383      59771
  78.95870      1.21151   10.08631    0.10831      60028
  78.96870      1.21139   10.07559    0.10711      60033
  78.97870      1.21126   10.06488    0.10847      60004
  78.98870      1.21113   10.05275    0.10920      60193
  78.99870      1.21100   10.04281    0.11313      60026
  79.00870      1.21087   10.02974    0.10909      59923
  79.01870      1.21075   10.02090    0.10716      59523
  79.02870      1.21062   10.01172    0.08971      60003
  79.03870      1.21049   10.00581    0.10117      59624
  79.04870      1.21036    9.99593    0.10469      59877
  79.05870      1.21023    9.99480    0.10772      60128
  79.06870      1.21010    9.98622    0.10573      60238
  79.07870      1.20998    9.97697    0.10742      60216
  79.08870      1.20985    9.97178    0.10985      60337
  79.09870      1.20972    9.96424    0.10733      60219
  79.10870      1.20959    9.95811    0.10961      60370
  79.11870      1.20947    9.95242    0.11229      60106
  79.12870      1.20934    9.94987    0.09185      60139
  79.13870      1.20921    9.94410    0.10020      59936
  79.14870      1.20908    9.94170    0.10250      59930
  79.15870      1.20895    9.93309    0.10518      60081
  79.16870      1.20883    9.92590    0.10690      60083
  79.17870      1.20870    9.92725    0.10581      60109
  79.18870      1.20857    9.92539    0.10779      60459
  79.19869      1.20844    9.92079    0.10985      60480
  79.20869      1.20832    9.91845    0.10719      60451
  79.21869      1.20819    9.91472    0.11042      60405
  79.22869      1.20806    9.90900    0.10491      60102
  79.23869      1.20794    9.90531    0.09073      60199
  79.24869      1.20781    9.90014    0.10202      59952
  79.25869      1.20768    9.90073    0.10325      60208
  79.26869      1.20755    9.89819    0.10490      60202
  79.27869      1.20743    9.89422    0.10560      60470
  79.28869      1.20730    9.88897    0.10995      60278
  79.29869      1.20717    9.88319    0.10413      60459
  79.30869      1.20704    9.88155    0.11233      60558
  79.31869      1.20692    9.87700    0.10791      60471
  79.32869      1.20679    9.87095    0.11141      60436
  79.33869      1.20666    9.86864    0.09544      60362
  79.34869      1.20654    9.86209    0.09441      59942
  79.35869      1.20641    9.86005    0.10111      60369
  79.36869      1.20628    9.85510    0.10374      60423
  79.37869      1.20616    9.84948    0.10656      60640
  79.38869      1.20603    9.84601    0.10819      60576
  79.39869      1.20590    9.84130    0.10538      60804
  79.40869      1.20578    9.83634    0.11063      60576
  79.41869      1.20565    9.83541    0.10733      60727
  79.42869      1.20552    9.83194    0.11000      60853
  79.43869      1.20540    9.82752    0.09781      60523
  79.44869      1.20527    9.82063    0.09699      60245
  79.45869      1.20514    9.81475    0.10235      60379
  79.46869      1.20502    9.81617    0.10405      60420
  79.47869      1.20489    9.81853    0.10362      60621
  79.48869      1.20476    9.81389    0.10570      60557
  79.49869      1.20464    9.81051    0.10796      60646
  79.50869      1.20451    9.80832    0.10637      60746
  79.51869      1.20438    9.81104    0.10909      60894
  79.52869      1.20426    9.81092    0.10997      60906
  79.53868      1.20413    9.80891    0.10163      60953
  79.54868      1.20401    9.81015    0.09958      60260
  79.55868      1.20388    9.80202    0.09700      60470
  79.56868      1.20375    9.80364    0.10295      60642
  79.57868      1.20363    9.80702    0.10550      60772
  79.58868      1.20350    9.80689    0.10555      60807
  79.59868      1.20337    9.80594    0.10754      60741
  79.60868      1.20325    9.80468    0.10653      60998
  79.61868      1.20312    9.80614    0.10669      60971
  79.62868      1.20300    9.80398    0.11006      60846
  79.63868      1.20287    9.80559    0.11080      60879
  79.64868      1.20274    9.80397    0.09404      60945
  79.65868      1.20262    9.79372    0.10070      60138
  79.66868      1.20249    9.79736    0.09747      60666
  79.67868      1.20237    9.79689    0.10483      60616
  79.68868      1.20224    9.80039    0.10520      61079
  79.69868      1.20212    9.80021    0.10536      60970
  79.70868      1.20199    9.80191    0.10582      61036
  79.71868      1.20186    9.79934    0.10784      61308
  79.72868      1.20174    9.80070    0.10965      61117
  79.73868      1.20161    9.80003    0.11178      61200
  79.74868      1.20149    9.80195    0.09535      61318
  79.75868      1.20136    9.78601    0.10330      60356
  79.76868      1.20124    9.78973    0.09815      60815
  79.77868      1.20111    9.79526    0.10263      60907
  79.78868      1.20099    9.79397    0.10546      61138
  79.79868      1.20086    9.79780    0.10579      61131
  79.80868      1.20074    9.80254    0.10704      61106
  79.81868      1.20061    9.80119    0.10752      61317
  79.82868      1.20048    9.80176    0.10765      61307
  79.83868      1.20036    9.80341    0.10878      61211
  79.84868      1.20023    9.80517    0.09766      61522
  79.85868      1.20011    9.79557    0.10372      60644
  79.86868      1.19998    9.80124    0.10709      60478
  79.87867      1.19986    9.80335    0.09752      61079
  79.88867      1.19973    9.80948    0.10584      61269
  79.89867      1.19961    9.81311    0.10321      61240
  79.90867      1.19948    9.81796    0.10853      61352
  79.91867      1.19936    9.82002    0.10584      61426
  79.92867      1.19923    9.82321    0.11135      61383
  79.93867      1.19911    9.82730    0.11096      61460
  79.94867      1.19898    9.83045    0.09754      61493
  79.95867      1.19886    9.82459    0.09918      61253
  79.96867      1.19874    9.83132    0.10740      60780
  79.97867      1.19861    9.83837    0.10017      61174
  79.98867      1.19849    9.83915    0.10478      61298
  79.99867      1.19836    9.84538    0.10268      61384
  80.00867      1.19824    9.85396    0.10848      61492
  80.01867      1.19811    9.86264    0.10716      61469
  80.02867      1.19799    9.86843    0.11028      61588
  80.03867      1.19786    9.87552    0.10887      61515
  80.04867      1.19774    9.88329    0.10050      61682
  80.05867      1.19761    9.88128    0.10083      61310
  80.06867      1.19749    9.89120    0.10355      60984
  80.07867      1.19737    9.90145    0.10389      61133
  80.08867      1.19724    9.90920    0.10216      61162
  80.09867      1.19712    9.92667    0.10424      61578
  80.10867      1.19699    9.93763    0.10901      61594
  80.11867      1.19687    9.94861    0.10891      61534
  80.12867      1.19674    9.96047    0.11290      61735
  80.13867      1.19662    9.97446    0.10672      61724
  80.14867      1.19650    9.98595    0.10592      61768
  80.15867      1.19637    9.99670    0.09984      61551
  80.16867      1.19625   10.00866    0.10390      61383
  80.17867      1.19612   10.02562    0.10688      61245
  80.18867      1.19600   10.04083    0.10146      61527
  80.19867      1.19588   10.05808    0.10741      61712
  80.20867      1.19575   10.07757    0.10704      61753
  80.21867      1.19563   10.09115    0.10858      61690
  80.22866      1.19550   10.10988    0.11017      61799
  80.23866      1.19538   10.12805    0.10925      61923
  80.24866      1.19526   10.14242    0.10882      61875
  80.25866      1.19513   10.16165    0.09710      61752
  80.26866      1.19501   10.17507    0.10661      61282
  80.27866      1.19489   10.20048    0.10829      61523
  80.28866      1.19476   10.21428    0.10412      61774
  80.29866      1.19464   10.23878    0.10618      61685
  80.30866      1.19451   10.25924    0.10771      61783
  80.31866      1.19439   10.27669    0.10993      61785
  80.32866      1.19427   10.29683    0.11301      61906
  80.33866      1.19414   10.31755    0.11123      61868
  80.34866      1.19402   10.34206    0.11094      61774
  80.35866      1.19390   10.35933    0.09549      62173
  80.36866      1.19377   10.37204    0.10927      61458
  80.37866      1.19365   10.40501    0.10951      61694
  80.38866      1.19353   10.42909    0.11175      61695
  80.39866      1.19340   10.45118    0.10237      61998
  80.40866      1.19328   10.47868    0.10879      61874
  80.41866      1.19316   10.49996    0.11092      62067
  80.42866      1.19303   10.52403    0.10974      62092
  80.43866      1.19291   10.55201    0.11342      62176
  80.44866      1.19279   10.57562    0.11395      62267
  80.45866      1.19267   10.60389    0.09785      62153
  80.46866      1.19254   10.62092    0.11004      61582
  80.47866      1.19242   10.65229    0.10801      62044
  80.48866      1.19230   10.68607    0.11370      61856
  80.49866      1.19217   10.71750    0.10914      62006
  80.50866      1.19205   10.74356    0.11084      62203
  80.51866      1.19193   10.77277    0.11010      62045
  80.52866      1.19180   10.80139    0.11213      62249
  80.53866      1.19168   10.82741    0.11348      62229
  80.54866      1.19156   10.86117    0.11666      62365
  80.55866      1.19144   10.89763    0.09884      62343
  80.56865      1.19131   10.91399    0.11030      61814
  80.57865      1.19119   10.95088    0.11132      62126
  80.58865      1.19107   10.98856    0.11396      61962
  80.59865      1.19095   11.02267    0.11118      62215
  80.60865      1.19082   11.05458    0.11082      62195
  80.61865      1.19070   11.08266    0.11131      62398
  80.62865      1.19058   11.11966    0.11527      62232
  80.63865      1.19046   11.15193    0.11496      62578
  80.64865      1.19033   11.18648    0.11480      62406
  80.65865      1.19021   11.21750    0.10238      62303
  80.66865      1.19009   11.24355    0.11145      61954
  80.67865      1.18997   11.28101    0.11515      62246
  80.68865      1.18984   11.31473    0.11821      62548
  80.69865      1.18972   11.35157    0.11741      62153
  80.70865      1.18960   11.38259    0.10743      62384
  80.71865      1.18948   11.41545    0.11336      62438
  80.72865      1.18936   11.45030    0.11658      62545
  80.73865      1.18923   11.48146    0.11694      62537
  80.74865      1.18911   11.51222    0.11247      62637
  80.75865      1.18899   11.54353    0.10501      62617
  80.76865      1.18887   11.56342    0.11298      62166
  80.77865      1.18875   11.59964    0.11300      62467
  80.78865      1.18862   11.62728    0.11838      62518
  80.79865      1.18850   11.66345    0.12171      62361
  80.80865      1.18838   11.69392    0.10933      62497
  80.81865      1.18826   11.72983    0.11925      62604
  80.82865      1.18814   11.75527    0.11605      62708
  80.83865      1.18801   11.78936    0.11849      62733
  80.84865      1.18789   11.81605    0.11098      62784
  80.85865      1.18777   11.84131    0.10789      62590
  80.86865      1.18765   11.86896    0.11626      62406
  80.87865      1.18753   11.90981    0.11636      62560
  80.88865      1.18741   11.93619    0.11835      62793
  80.89865      1.18728   11.97327    0.12238      62403
  80.90864      1.18716   12.00782    0.11556      62746
  80.91864      1.18704   12.04681    0.11786      62849
  80.92864      1.18692   12.08543    0.11881      62709
  80.93864      1.18680   12.12136    0.12179      62906
  80.94864      1.18668   12.16438    0.10951      62825
  80.95864      1.18656   12.18747    0.11318      62562
  80.96864      1.18644   12.22857    0.11692      62640
  80.97864      1.18631   12.26871    0.11834      62822
  80.98864      1.18619   12.30964    0.12472      62871
  80.99864      1.18607   12.34682    0.12285      62787
  81.00864      1.18595   12.38769    0.11786      62784
  81.01864      1.18583   12.43266    0.11888      62792
  81.02864      1.18571   12.47039    0.12095      62859
  81.03864      1.18559   12.50837    0.12037      63105
  81.04864      1.18547   12.54635    0.10858      63074
  81.05864      1.18534   12.56769    0.11596      62621
  81.06864      1.18522   12.60435    0.11767      62714
  81.07864      1.18510   12.64365    0.11997      62974
  81.08864      1.18498   12.67623    0.12490      63048
  81.09864      1.18486   12.71126    0.12668      62946
  81.10864      1.18474   12.74741    0.11976      62849
  81.11864      1.18462   12.77752    0.11956      62968
  81.12864      1.18450   12.80800    0.12043      63004
  81.13864      1.18438   12.83140    0.12488      63119
  81.14864      1.18426   12.85616    0.11106      63301
  81.15864      1.18414   12.86652    0.11822      62697
  81.16864      1.18402   12.89589    0.11854      62825
  81.17864      1.18390   12.91724    0.12362      63084
  81.18864      1.18377   12.94407    0.12426      63173
  81.19864      1.18365   12.96278    0.12608      63422
  81.20864      1.18353   12.98463    0.12983      63043
  81.21864      1.18341   12.99847    0.11598      63020
  81.22864      1.18329   13.01887    0.12311      63298
  81.23864      1.18317   13.03157    0.12329      63281
  81.24864      1.18305   13.04639    0.10941      63368
  81.25863      1.18293   13.04220    0.11728      62675
  81.26863      1.18281   13.06442    0.12051      63139
  81.27863      1.18269   13.08009    0.12633      63250
  81.28863      1.18257   13.09282    0.12814      63456
  81.29863      1.18245   13.10524    0.12594      63469
  81.30863      1.18233   13.11400    0.13112      63098
  81.31863      1.18221   13.11729    0.11823      63284
  81.32863      1.18209   13.13526    0.12200      63599
  81.33863      1.18197   13.14067    0.12093      63517
  81.34863      1.18185   13.14421    0.11082      63499
  81.35863      1.18173   13.14790    0.11988      63015
  81.36863      1.18161   13.15787    0.11969      63372
  81.37863      1.18149   13.16130    0.12638      63446
  81.38863      1.18137   13.16755    0.12737      63616
  81.39863      1.18125   13.17208    0.12828      63668
  81.40863      1.18113   13.17532    0.12728      63328
  81.41863      1.18101   13.18212    0.12109      63464
  81.42863      1.18089   13.18494    0.12438      63556
  81.43863      1.18077   13.18719    0.11233      63729
  81.44863      1.18065   13.17788    0.11758      63274
  81.45863      1.18053   13.18007    0.12089      63292
  81.46863      1.18041   13.18321    0.12422      63381
  81.47863      1.18029   13.18129    0.12456      63718
  81.48863      1.18017   13.18056    0.12878      63726
  81.49863      1.18005   13.17074    0.12761      63806
  81.50863      1.17993   13.16479    0.12973      63472
  81.51863      1.17981   13.16103    0.11891      63616
  81.52863      1.17970   13.15258    0.12299      63678
  81.53863      1.17958   13.14885    0.11056      63868
  81.54863      1.17946   13.13057    0.11790      63227
  81.55863      1.17934   13.12201    0.12083      63528
  81.56863      1.17922   13.10780    0.12042      63674
  81.57863      1.17910   13.09761    0.12572      63760
  81.58863      1.17898   13.07703    0.12838      63812
  81.59862      1.17886   13.05956    0.13050      64065
  81.60862      1.17874   13.04041    0.12818      63647
  81.61862      1.17862   13.02857    0.11926      63747
  81.62862      1.17850   13.00802    0.12199      63895
  81.63862      1.17838   12.97978    0.10753      63886
  81.64862      1.17826   12.95571    0.11658      63174
  81.65862      1.17815   12.93002    0.12060      63883
  81.66862      1.17803   12.91101    0.12405      64058
  81.67862      1.17791   12.88781    0.12430      64041
  81.68862      1.17779   12.85544    0.12527      64163
  81.69862      1.17767   12.82855    0.13007      64239
  81.70862      1.17755   12.79527    0.12672      63786
  81.71862      1.17743   12.76597    0.11922      63962
  81.72862      1.17731   12.73834    0.11140      64090
  81.73862      1.17720   12.70628    0.11175      63721
  81.74862      1.17708   12.67888    0.11888      63737
  81.75862      1.17696   12.64460    0.11976      64014
  81.76862      1.17684   12.61713    0.12116      63934
  81.77862      1.17672   12.58474    0.12436      64239
  81.78862      1.17660   12.55050    0.12712      64266
  81.79862      1.17648   12.52135    0.12596      64316
  81.80862      1.17636   12.48274    0.12805      63927
  81.81862      1.17625   12.45230    0.11423      64024
  81.82862      1.17613   12.42292    0.10758      64329
  81.83862      1.17601   12.39028    0.11593      63588
  81.84862      1.17589   12.35861    0.11364      63973
  81.85862      1.17577   12.33148    0.12017      64047
  81.86862      1.17565   12.30129    0.12306      64272
  81.87862      1.17554   12.26623    0.12263      64326
  81.88862      1.17542   12.23080    0.12223      64323
  81.89862      1.17530   12.19275    0.12522      64645
  81.90862      1.17518   12.15389    0.12306      63976
  81.91862      1.17506   12.11883    0.11454      64542
  81.92862      1.17495   12.08908    0.10366      64260
  81.93862      1.17483   12.06244    0.11379      63954
  81.94861      1.17471   12.02379    0.11686      64330
  81.95861      1.17459   11.98458    0.11742      64242
  81.96861      1.17447   11.94213    0.12243      64510
  81.97861      1.17436   11.90476    0.12024      64543
  81.98861      1.17424   11.86843    0.12252      64585
  81.99861      1.17412   11.83195    0.12234      64586
  82.00861      1.17400   11.78232    0.12549      64387
  82.01861      1.17388   11.74929    0.10181      64422
  82.02861      1.17377   11.71022    0.10732      64054
  82.03861      1.17365   11.67371    0.11191      64202
  82.04861      1.17353   11.63030    0.11456      64371
  82.05861      1.17341   11.59239    0.11835      64541
  82.06861      1.17330   11.55515    0.11894      64553
  82.07861      1.17318   11.51164    0.11858      64735
  82.08861      1.17306   11.47694    0.12234      64672
  82.09861      1.17294   11.43410    0.12418      64864
  82.10861      1.17282   11.38524    0.12082      64404
  82.11861      1.17271   11.35718    0.09671      64533
  82.12861      1.17259   11.32233    0.10674      64058
  82.13861      1.17247   11.28328    0.11064      64781
  82.14861      1.17236   11.24875    0.11532      64718
  82.15861      1.17224   11.20911    0.11789      64875
  82.16861      1.17212   11.17084    0.11943      64847
  82.17861      1.17200   11.13382    0.11719      64902
  82.18861      1.17189   11.09647    0.11930      65011
  82.19861      1.17177   11.05629    0.12011      64957
  82.20861      1.17165   11.02228    0.10496      64671
  82.21861      1.17153   10.99598    0.10368      64299
  82.22861      1.17142   10.95540    0.10626      64446
  82.23861      1.17130   10.92153    0.11203      64695
  82.24861      1.17118   10.88346    0.11125      64792
  82.25861      1.17107   10.85009    0.11464      64930
  82.26861      1.17095   10.81635    0.11726      65035
  82.27861      1.17083   10.78134    0.11604      65053
  82.28860      1.17072   10.75004    0.11896      65058
  82.29860      1.17060   10.71485    0.11943      65048
  82.30860      1.17048   10.68068    0.09839      64855
  82.31860      1.17036   10.65467    0.10299      64326
  82.32860      1.17025   10.61676    0.10563      64931
  82.33860      1.17013   10.58328    0.11224      65001
  82.34860      1.17001   10.55524    0.11127      65076
  82.35860      1.16990   10.52699    0.11152      65134
  82.36860      1.16978   10.49600    0.11920      65250
  82.37860      1.16966   10.46800    0.11435      65340
  82.38860      1.16955   10.44451    0.11659      65314
  82.39860      1.16943   10.41270    0.10714      65010
  82.40860      1.16931   10.39066    0.10069      64512
  82.41860      1.16920   10.36659    0.10384      64731
  82.42860      1.16908   10.34185    0.10712      64971
  82.43860      1.16896   10.32397    0.10887      65170
  82.44860      1.16885   10.29733    0.11261      65195
  82.45860      1.16873   10.27957    0.11303      65240
  82.46860      1.16862   10.25755    0.11588      65395
  82.47860      1.16850   10.24031    0.11791      65401
  82.48860      1.16838   10.21962    0.10986      65698
  82.49860      1.16827   10.19178    0.10131      65005
  82.50860      1.16815   10.18094    0.09929      64787
  82.51860      1.16803   10.15856    0.10395      65077
  82.52860      1.16792   10.14499    0.10594      65286
  82.53860      1.16780   10.12401    0.11332      65287
  82.54860      1.16769   10.10622    0.11186      65542
  82.55860      1.16757   10.08534    0.11279      65478
  82.56860      1.16745   10.06843    0.11248      65476
  82.57860      1.16734   10.05329    0.11353      65643
  82.58860      1.16722   10.03157    0.10314      65731
  82.59860      1.16711   10.00985    0.10589      64466
  82.60860      1.16699    9.99701    0.09750      65157
  82.61860      1.16687    9.97308    0.10674      65294
  82.62859      1.16676    9.95282    0.10719      65393
  82.63859      1.16664    9.93586    0.10898      65606
  82.64859      1.16653    9.91570    0.11171      66070
  82.65859      1.16641    9.90132    0.11105      65799
  82.66859      1.16630    9.88263    0.11484      65785
  82.67859      1.16618    9.86100    0.10594      66009
  82.68859      1.16606    9.83805    0.10342      65196
  82.69859      1.16595    9.81945    0.10098      64986
  82.70859      1.16583    9.80432    0.10081      65363
  82.71859      1.16572    9.78521    0.10504      65542
  82.72859      1.16560    9.77529    0.10866      65773
  82.73859      1.16549    9.75680    0.10936      65656
  82.74859      1.16537    9.73896    0.11036      65854
  82.75859      1.16525    9.72958    0.11502      65838
  82.76859      1.16514    9.71647    0.11210      65989
  82.77859      1.16502    9.69786    0.09860      65996
  82.78859      1.16491    9.68231    0.10574      64936
  82.79859      1.16479    9.66577    0.09768      65631
  82.80859      1.16468    9.65582    0.10325      65720
  82.81859      1.16456    9.64412    0.10659      65861
  82.82859      1.16445    9.63370    0.11082      65962
  82.83859      1.16433    9.62174    0.10751      65952
  82.84859      1.16422    9.60947    0.11154      65970
  82.85859      1.16410    9.60242    0.11108      66111
  82.86859      1.16399    9.58950    0.09802      66135
  82.87859      1.16387    9.57662    0.10493      65416
  82.88859      1.16376    9.56051    0.10453      65230
  82.89859      1.16364    9.55311    0.09777      65719
  82.90859      1.16353    9.54369    0.10488      65894
  82.91859      1.16341    9.53750    0.10814      66097
  82.92859      1.16330    9.52571    0.10918      66472
  82.93859      1.16318    9.51381    0.10938      66291
  82.94859      1.16307    9.50382    0.11112      66464
  82.95859      1.16295    9.49771    0.10171      66272
  82.96859      1.16284    9.48477    0.09998      65855
  82.97858      1.16272    9.47557    0.10537      65700
  82.98858      1.16261    9.47059    0.10282      65628
  82.99858      1.16249    9.46033    0.10115      65951
  83.00858      1.16238    9.45602    0.10536      66137
  83.01858      1.16226    9.45235    0.10686      66258
  83.02858      1.16215    9.44433    0.11027      66202
  83.03858      1.16204    9.43869    0.11161      66404
  83.04858      1.16192    9.43193    0.10918      66590
  83.05858      1.16181    9.42883    0.09742      66390
  83.06858      1.16169    9.42160    0.10187      65963
  83.07858      1.16158    9.41782    0.10953      65798
  83.08858      1.16146    9.41593    0.09697      66104
  83.09858      1.16135    9.41418    0.10371      66242
  83.10858      1.16123    9.41284    0.10847      66402
  83.11858      1.16112    9.40920    0.10824      66502
  83.12858      1.16101    9.40468    0.10631      66402
  83.13858      1.16089    9.40565    0.11130      66577
  83.14858      1.16078    9.40478    0.09545      66729
  83.15858      1.16066    9.39806    0.10495      65820
  83.16858      1.16055    9.40498    0.10424      66393
  83.17858      1.16044    9.40906    0.10603      66215
  83.18858      1.16032    9.40615    0.10299      66540
  83.19858      1.16021    9.40139    0.10663      66500
  83.20858      1.16009    9.40237    0.10580      66716
  83.21858      1.15998    9.40228    0.10669      66644
  83.22858      1.15986    9.40481    0.11362      66710
  83.23858      1.15975    9.40073    0.09789      66741
  83.24858      1.15964    9.39607    0.10043      66151
  83.25858      1.15952    9.40394    0.10539      66296
  83.26858      1.15941    9.40746    0.10978      66130
  83.27858      1.15930    9.40375    0.09911      66401
  83.28858      1.15918    9.40274    0.10477      67024
  83.29858      1.15907    9.40154    0.10439      66829
  83.30858      1.15895    9.40228    0.11200      66863
  83.31857      1.15884    9.40469    0.10922      66967
  83.32857      1.15873    9.40842    0.09874      66908
  83.33857      1.15861    9.39983    0.10308      66392
  83.34857      1.15850    9.40173    0.10337      66580
  83.35857      1.15839    9.40067    0.10677      66598
  83.36857      1.15827    9.40247    0.10598      66409
  83.37857      1.15816    9.40722    0.10371      66732
  83.38857      1.15805    9.40549    0.10348      66758
  83.39857      1.15793    9.41055    0.10827      67310
  83.40857      1.15782    9.41016    0.11033      67297
  83.41857      1.15771    9.41330    0.10253      67086
  83.42857      1.15759    9.41432    0.10001      66704
  83.43857      1.15748    9.41329    0.10511      66712
  83.44857      1.15737    9.41566    0.10629      66811
  83.45857      1.15725    9.42444    0.11098      66475
  83.46857      1.15714    9.42912    0.10231      66951
  83.47857      1.15703    9.43269    0.10492      66889
  83.48857      1.15691    9.43545    0.10813      66993
  83.49857      1.15680    9.44163    0.10991      67362
  83.50857      1.15669    9.45222    0.10420      67453
  83.51857      1.15657    9.45546    0.09764      66975
  83.52857      1.15646    9.45856    0.10392      66817
  83.53857      1.15635    9.46551    0.10703      67050
  83.54857      1.15623    9.47331    0.10995      67102
  83.55857      1.15612    9.48634    0.10611      66859
  83.56857      1.15601    9.48890    0.10277      67059
  83.57857      1.15590    9.49642    0.10744      67230
  83.58857      1.15578    9.50540    0.11045      67214
  83.59857      1.15567    9.51670    0.10977      67322
  83.60857      1.15556    9.52627    0.09590      67709
  83.61857      1.15544    9.52822    0.10188      66976
  83.62857      1.15533    9.54028    0.10630      67209
  83.63857      1.15522    9.55601    0.11367      67270
  83.64857      1.15511    9.56799    0.10985      67018
  83.65856      1.15499    9.57513    0.10267      67173
  83.66856      1.15488    9.57680    0.10723      67308
  83.67856      1.15477    9.59529    0.10999      67363
  83.68856      1.15466    9.60894    0.11240      67516
  83.69856      1.15454    9.62471    0.09561      67755
  83.70856      1.15443    9.62709    0.10367      67168
  83.71856      1.15432    9.64710    0.10740      67431
  83.72856      1.15421    9.65911    0.10873      67440
  83.73856      1.15409    9.66837    0.11283      67362
  83.74856      1.15398    9.68474    0.10594      67394
  83.75856      1.15387    9.69474    0.10714      67523
  83.76856      1.15376    9.71484    0.10955      67490
  83.77856      1.15364    9.72769    0.11131      67646
  83.78856      1.15353    9.74116    0.09614      67754
  83.79856      1.15342    9.74723    0.10373      67236
  83.80856      1.15331    9.76989    0.10706      67562
  83.81856      1.15320    9.77934    0.11236      67741
  83.82856      1.15308    9.78989    0.11466      67674
  83.83856      1.15297    9.80574    0.11141      67289
  83.84856      1.15286    9.81521    0.10509      67702
  83.85856      1.15275    9.82465    0.10851      67727
  83.86856      1.15264    9.84101    0.11236      67725
  83.87856      1.15252    9.85149    0.09617      68117
  83.88856      1.15241    9.85650    0.10248      67330
  83.89856      1.15230    9.87459    0.10915      67851
  83.90856      1.15219    9.88654    0.11204      67818
  83.91856      1.15208    9.90172    0.11456      67982
  83.92856      1.15196    9.91917    0.11231      67620
  83.93856      1.15185    9.92782    0.10770      67725
  83.94856      1.15174    9.94339    0.10975      67843
  83.95856      1.15163    9.96801    0.11372      67964
  83.96856      1.15152    9.98068    0.09711      67924
  83.97856      1.15141    9.99219    0.10432      67594
  83.98856      1.15129   10.01663    0.10875      67962
  83.99856      1.15118   10.03206    0.11178      68079
  84.00855      1.15107   10.05367    0.11736      68216
  84.01855      1.15096   10.07291    0.11523      67860
  84.02855      1.15085   10.09926    0.10851      67833
  84.03855      1.15074   10.12164    0.11001      68071
  84.04855      1.15063   10.14250    0.11411      68132
  84.05855      1.15051   10.16340    0.09540      68072
  84.06855      1.15040   10.17495    0.10888      67929
  84.07855      1.15029   10.20283    0.10668      67946
  84.08855      1.15018   10.22828    0.11371      68254
  84.09855      1.15007   10.24612    0.11732      68194
  84.10855      1.14996   10.27337    0.11590      68189
  84.11855      1.14985   10.29851    0.11679      67911
  84.12855      1.14974   10.32329    0.10822      68177
  84.13855      1.14962   10.34118    0.11373      68353
  84.14855      1.14951   10.36939    0.09747      68579
  84.15855      1.14940   10.38001    0.10524      67926
  84.16855      1.14929   10.40906    0.11152      68186
  84.17855      1.14918   10.43182    0.11504      68281
  84.18855      1.14907   10.45870    0.11849      68467
  84.19855      1.14896   10.48519    0.11729      68401
  84.20855      1.14885   10.51590    0.11919      68103
  84.21855      1.14874   10.53663    0.10888      68199
  84.22855      1.14862   10.57503    0.11114      68677
  84.23855      1.14851   10.60021    0.10064      68492
  84.24855      1.14840   10.61751    0.10772      68207
  84.25855      1.14829   10.64637    0.11227      68210
  84.26855      1.14818   10.67358    0.11852      68603
  84.27855      1.14807   10.70813    0.11731      68692
  84.28855      1.14796   10.73729    0.12033      68481
  84.29855      1.14785   10.77459    0.12317      68332
  84.30855      1.14774   10.81223    0.11212      68671
  84.31855      1.14763   10.84645    0.10736      68992
  84.32855      1.14752   10.85832    0.10282      68250
  84.33855      1.14741   10.88575    0.11007      68236
  84.34854      1.14730   10.91045    0.11103      68410
  84.35854      1.14719   10.94716    0.11852      68616
  84.36854      1.14708   10.98462    0.11986      68819
  84.37854      1.14697   11.01773    0.12556      68782
  84.38854      1.14685   11.05980    0.12173      69090
  84.39854      1.14674   11.08845    0.11713      68869
  84.40854      1.14663   11.11661    0.10557      68961
  84.41854      1.14652   11.12621    0.10474      68327
  84.42854      1.14641   11.15648    0.11134      68329
  84.43854      1.14630   11.18899    0.11387      68520
  84.44854      1.14619   11.22422    0.11898      68740
  84.45854      1.14608   11.25247    0.12533      68866
  84.46854      1.14597   11.30028    0.12378      69600
  84.47854      1.14586   11.32861    0.12275      69083
  84.48854      1.14575   11.35697    0.12082      68877
  84.49854      1.14564   11.38626    0.10410      68998
  84.50854      1.14553   11.40256    0.10719      68297
  84.51854      1.14542   11.43918    0.11213      68632
  84.52854      1.14531   11.47421    0.11613      68646
  84.53854      1.14520   11.51931    0.12302      69334
  84.54854      1.14509   11.55385    0.12547      69407
  84.55854      1.14498   11.58813    0.12748      69368
  84.56854      1.14487   11.62823    0.12569      69119
  84.57854      1.14476   11.67027    0.12332      68832
  84.58854      1.14465   11.69955    0.10254      69150
  84.59854      1.14454   11.72513    0.10959      68418
  84.60854      1.14443   11.76482    0.11414      68741
  84.61854      1.14432   11.82997    0.12031      69584
  84.62854      1.14421   11.86528    0.12738      69353
  84.63854      1.14410   11.90439    0.12425      69439
  84.64854      1.14399   11.94608    0.12676      69338
  84.65854      1.14388   11.99282    0.13132      69297
  84.66854      1.14378   12.04506    0.12635      69051
  84.67854      1.14367   12.07937    0.10162      69253
  84.68853      1.14356   12.11853    0.11178      68907
  84.69853      1.14345   12.16813    0.11709      69238
  84.70853      1.14334   12.21378    0.12345      69320
  84.71853      1.14323   12.26096    0.12644      69519
  84.72853      1.14312   12.29563    0.13024      69503
  84.73853      1.14301   12.33639    0.13009      69491
  84.74853      1.14290   12.38949    0.13228      69398
  84.75853      1.14279   12.45256    0.12002      69807
  84.76853      1.14268   12.47778    0.10583      69175
  84.77853      1.14257   12.51552    0.11344      68987
  84.78853      1.14246   12.55653    0.12245      69166
  84.79853      1.14235   12.59376    0.12698      69517
  84.80853      1.14224   12.63776    0.12780      69634
  84.81853      1.14214   12.67206    0.13053      69636
  84.82853      1.14203   12.73302    0.13096      70348
  84.83853      1.14192   12.76637    0.13704      69826
  84.84853      1.14181   12.81098    0.11367      69646
  84.85853      1.14170   12.82927    0.11104      68854
  84.86853      1.14159   12.86240    0.11737      69172
  84.87853      1.14148   12.90497    0.12408      69278
  84.88853      1.14137   12.94701    0.12904      69656
  84.89853      1.14126   12.99653    0.12979      70456
  84.90853      1.14115   13.01924    0.13334      70078
  84.91853      1.14105   13.05839    0.13477      70062
  84.92853      1.14094   13.09642    0.13723      69852
  84.93853      1.14083   13.13465    0.11155      69743
  84.94853      1.14072   13.15143    0.11428      68787
  84.95853      1.14061   13.20058    0.11935      69708
  84.96853      1.14050   13.23369    0.12764      69914
  84.97853      1.14039   13.27705    0.12933      70009
  84.98853      1.14028   13.30348    0.13285      70077
  84.99853      1.14018   13.33636    0.13555      70161
  85.00853      1.14007   13.37068    0.13682      70100
  85.01853      1.13996   13.41290    0.14031      69943
  85.02853      1.13985   13.44786    0.10869      70202
  85.03852      1.13974   13.45524    0.11599      69376
  85.04852      1.13963   13.49074    0.12268      69708
  85.05852      1.13953   13.53055    0.12847      69861
  85.06852      1.13942   13.55621    0.13291      70023
  85.07852      1.13931   13.58321    0.13602      70195
  85.08852      1.13920   13.62109    0.13629      70658
  85.09852      1.13909   13.64190    0.13700      70753
  85.10852      1.13898   13.67243    0.12359      70328
  85.11852      1.13888   13.67493    0.11689      69436
  85.12852      1.13877   13.70156    0.11873      69468
  85.13852      1.13866   13.72810    0.12421      69799
  85.14852      1.13855   13.74917    0.13187      70098
  85.15852      1.13844   13.78162    0.13314      71001
  85.16852      1.13833   13.79561    0.13857      70567
  85.17852      1.13823   13.81266    0.13869      70486
  85.18852      1.13812   13.82822    0.13817      70546
  85.19852      1.13801   13.84439    0.11700      70417
  85.20852      1.13790   13.85923    0.12111      69248
  85.21852      1.13779   13.88417    0.12271      70465
  85.22852      1.13769   13.89607    0.12521      70281
  85.23852      1.13758   13.91325    0.13405      70446
  85.24852      1.13747   13.92668    0.13392      70376
  85.25852      1.13736   13.94031    0.13677      70560
  85.26852      1.13726   13.95576    0.13984      70635
  85.27852      1.13715   13.97936    0.13326      71444
  85.28852      1.13704   13.98662    0.11812      70304
  85.29852      1.13693   13.99142    0.12585      69872
  85.30852      1.13682   14.00262    0.12220      70022
  85.31852      1.13672   14.01505    0.12834      70258
  85.32852      1.13661   14.02559    0.13397      70473
  85.33852      1.13650   14.04038    0.13805      71294
  85.34852      1.13639   14.04719    0.13989      71139
  85.35852      1.13629   14.05261    0.14121      71101
  85.36852      1.13618   14.06045    0.12021      71009
  85.37851      1.13607   14.05431    0.12239      69744
  85.38851      1.13596   14.05736    0.12449      69911
  85.39851      1.13586   14.06140    0.12548      70844
  85.40851      1.13575   14.06387    0.13195      70846
  85.41851      1.13564   14.07096    0.13361      70949
  85.42851      1.13553   14.06803    0.13640      71003
  85.43851      1.13543   14.07282    0.14133      70994
  85.44851      1.13532   14.06383    0.14079      71041
  85.45851      1.13521   14.06343    0.11525      71442
  85.46851      1.13510   14.05163    0.12558      70240
  85.47851      1.13500   14.04213    0.12684      70355
  85.48851      1.13489   14.04362    0.12763      70537
  85.49851      1.13478   14.03321    0.13165      70778
  85.50851      1.13468   14.02775    0.13561      71055
  85.51851      1.13457   14.01615    0.13553      71974
  85.52851      1.13446   14.00303    0.14140      71463
  85.53851      1.13436   13.98507    0.12100      71349
  85.54851      1.13425   13.97375    0.12340      70258
  85.55851      1.13414   13.96073    0.12609      70411
  85.56851      1.13403   13.93615    0.13123      70777
  85.57851      1.13393   13.92847    0.12683      71364
  85.58851      1.13382   13.90314    0.12900      71402
  85.59851      1.13371   13.88315    0.13730      71333
  85.60851      1.13361   13.86713    0.13784      71280
  85.61851      1.13350   13.84952    0.14032      71335
  85.62851      1.13339   13.82300    0.11533      71859
  85.63851      1.13329   13.80227    0.12674      70580
  85.64851      1.13318   13.77401    0.12484      70889
  85.65851      1.13307   13.75100    0.13142      70844
  85.66851      1.13297   13.72342    0.12713      71226
  85.67851      1.13286   13.70057    0.13218      71487
  85.68851      1.13275   13.67279    0.13397      72104
  85.69851      1.13265   13.64649    0.13583      71750
  85.70851      1.13254   13.62159    0.12160      71669
  85.71850      1.13243   13.59292    0.12311      70671
  85.72850      1.13233   13.56338    0.12636      70713
  85.73850      1.13222   13.53218    0.12590      71725
  85.74850      1.13211   13.50601    0.12785      71558
  85.75850      1.13201   13.47581    0.12850      71494
  85.76850      1.13190   13.44598    0.13263      71541
  85.77850      1.13180   13.42432    0.13385      71608
  85.78850      1.13169   13.39185    0.13392      71970
  85.79850      1.13158   13.36563    0.11523      71975
  85.80850      1.13148   13.33867    0.12608      71151
  85.81850      1.13137   13.31342    0.12622      71222
  85.82850      1.13126   13.28591    0.12880      71252
  85.83850      1.13116   13.25452    0.12778      71432
  85.84850      1.13105   13.22502    0.12753      72344
  85.85850      1.13095   13.19879    0.12986      72028
  85.86850      1.13084   13.17640    0.13648      72012
  85.87850      1.13073   13.15801    0.11539      72010
  85.88850      1.13063   13.13433    0.12233      70939
  85.89850      1.13052   13.09677    0.12570      71885
  85.90850      1.13042   13.07096    0.12509      71825
  85.91850      1.13031   13.05024    0.13162      71642
  85.92850      1.13020   13.01870    0.12381      71677
  85.93850      1.13010   12.99878    0.12938      71785
  85.94850      1.12999   12.97572    0.13225      72524
  85.95850      1.12989   12.94297    0.12115      72663
  85.96850      1.12978   12.90997    0.11797      71708
  85.97850      1.12967   12.88768    0.12385      71533
  85.98850      1.12957   12.85180    0.12839      71286
  85.99850      1.12946   12.83423    0.12393      72014
  86.00850      1.12936   12.80143    0.13189      72381
  86.01850      1.12925   12.77098    0.12373      72316
  86.02850      1.12915   12.73909    0.12844      72208
  86.03850      1.12904   12.70871    0.13161      72211
  86.04850      1.12893   12.67853    0.10941      72378
  86.05850      1.12883   12.65218    0.12035      71775
  86.06849      1.12872   12.61750    0.12574      72078
  86.07849      1.12862   12.59013    0.12780      71798
  86.08849      1.12851   12.56088    0.12337      72134
  86.09849      1.12841   12.52843    0.12942      71986
  86.10849      1.12830   12.48592    0.12300      73166
  86.11849      1.12820   12.46307    0.13066      72463
  86.12849      1.12809   12.43402    0.11333      72598
  86.13849      1.12799   12.40500    0.11621      71495
  86.14849      1.12788   12.36835    0.12400      71896
  86.15849      1.12778   12.33759    0.12725      72902
  86.16849      1.12767   12.31365    0.12481      72416
  86.17849      1.12756   12.28439    0.12644      72285
  86.18849      1.12746   12.24795    0.12421      72245
  86.19849      1.12735   12.23186    0.12338      72505
  86.20849      1.12725   12.19567    0.12063      73475
  86.21849      1.12714   12.16541    0.11134      72297
  86.22849      1.12704   12.14329    0.11965      72006
  86.23849      1.12693   12.11815    0.12463      72239
  86.24849      1.12683   12.08950    0.13172      72359
  86.25849      1.12672   12.06671    0.12046      73203
  86.26849      1.12662   12.03430    0.12925      72616
  86.27849      1.12651   12.00629    0.12072      72680
  86.28849      1.12641   11.97894    0.12828      72689
  86.29849      1.12630   11.96248    0.10450      73096
  86.30849      1.12620   11.93267    0.11751      72196
  86.31849      1.12610   11.91387    0.11978      72695
  86.32849      1.12599   11.88350    0.12836      72416
  86.33849      1.12589   11.85614    0.12315      72491
  86.34849      1.12578   11.83077    0.12478      73478
  86.35849      1.12568   11.80810    0.12651      72987
  86.36849      1.12557   11.78380    0.12202      72907
  86.37849      1.12547   11.76706    0.10674      73105
  86.38849      1.12536   11.74563    0.11292      71765
  86.39849      1.12526   11.72425    0.11888      73311
  86.40848      1.12515   11.70759    0.12588      73093
  86.41848      1.12505   11.68395    0.12930      72771
  86.42848      1.12494   11.66448    0.12052      72711
  86.43848      1.12484   11.65076    0.12512      73264
  86.44848      1.12474   11.62645    0.12482      73662
  86.45848      1.12463   11.61600    0.10764      73324
  86.46848      1.12453   11.59604    0.11221      72274
  86.47848      1.12442   11.57531    0.11661      72499
  86.48848      1.12432   11.56804    0.12228      73454
  86.49848      1.12421   11.55453    0.12763      73584
  86.50848      1.12411   11.52314    0.12151      73014
  86.51848      1.12400   11.52074    0.12193      73114
  86.52848      1.12390   11.50104    0.12448      72925
  86.53848      1.12380   11.49237    0.11133      74126
  86.54848      1.12369   11.46743    0.10729      72936
  86.55848      1.12359   11.45092    0.11537      72837
  86.56848      1.12348   11.43489    0.12045      72850
  86.57848      1.12338   11.42914    0.12472      73669
  86.58848      1.12328   11.40574    0.12890      73555
  86.59848      1.12317   11.38229    0.11826      73418
  86.60848      1.12307   11.37682    0.12740      73505
  86.61848      1.12296   11.35754    0.12246      73341
  86.62848      1.12286   11.34004    0.09909      73867
  86.63848      1.12276   11.32263    0.11114      72781
  86.64848      1.12265   11.30058    0.11755      73137
  86.65848      1.12255   11.29660    0.12424      73251
  86.66848      1.12244   11.27867    0.12951      74251
  86.67848      1.12234   11.26752    0.12104      73867
  86.68848      1.12224   11.24126    0.12270      73708
  86.69848      1.12213   11.23309    0.12715      73353
  86.70848      1.12203   11.21909    0.09974      73550
  86.71848      1.12193   11.21095    0.11033      73312
  86.72848      1.12182   11.17988    0.11499      73631
  86.73848      1.12172   11.17493    0.12264      73603
  86.74848      1.12161   11.16877    0.12745      73612
  86.75847      1.12151   11.15423    0.12870      74014
  86.76847      1.12141   11.14339    0.11770      74049
  86.77847      1.12130   11.12522    0.12511      74152
  86.78847      1.12120   11.11022    0.10102      73860
  86.79847      1.12110   11.09669    0.10942      72894
  86.80847      1.12099   11.09621    0.11607      73827
  86.81847      1.12089   11.06997    0.12174      73669
  86.82847      1.12079   11.06328    0.12249      74060
  86.83847      1.12068   11.04696    0.12922      73862
  86.84847      1.12058   11.04397    0.11868      74718
  86.85847      1.12048   11.02664    0.12091      74203
  86.86847      1.12037   11.01230    0.10515      73906
  86.87847      1.12027   10.98123    0.10509      72611
  86.88847      1.12017   10.98747    0.11274      74591
  86.89847      1.12006   10.97160    0.11836      74103
  86.90847      1.11996   10.96024    0.12397      74122
  86.91847      1.11986   10.94465    0.12826      74105
  86.92847      1.11975   10.94194    0.13040      74181
  86.93847      1.11965   10.92212    0.11468      74919
  86.94847      1.11955   10.90828    0.10627      74538
  86.95847      1.11945   10.88729    0.10622      72954
  86.96847      1.11934   10.88813    0.11225      73847
  86.97847      1.11924   10.86975    0.11469      74255
  86.98847      1.11914   10.86708    0.12288      74541
  86.99847      1.11903   10.84604    0.12613      74618
  87.00847      1.11893   10.84138    0.12721      74298
  87.01847      1.11883   10.83805    0.11692      74955
  87.02847      1.11872   10.82213    0.10482      74539
  87.03847      1.11862   10.79873    0.10667      73313
  87.04847      1.11852   10.79284    0.10938      73722
  87.05847      1.11842   10.79398    0.11445      75010
  87.06847      1.11831   10.77773    0.12448      74599
  87.07847      1.11821   10.76477    0.12366      74464
  87.08847      1.11811   10.75196    0.13043      74568
  87.09846      1.11801   10.75100    0.11896      75407
  87.10846      1.11790   10.73985    0.10239      74917
  87.11846      1.11780   10.71385    0.10654      73352
  87.12846      1.11770   10.70938    0.11082      73588
  87.13846      1.11760   10.69502    0.11359      75079
  87.14846      1.11749   10.68424    0.11997      75178
  87.15846      1.11739   10.68170    0.12479      74848
  87.16846      1.11729   10.66019    0.12594      74741
  87.17846      1.11719   10.65261    0.12876      75016
  87.18846      1.11708   10.64112    0.10105      74920
  87.19846      1.11698   10.62676    0.10352      74323
  87.20846      1.11688   10.60707    0.11244      73836
  87.21846      1.11678   10.59256    0.11059      75297
  87.22846      1.11667   10.57687    0.12038      74699
  87.23846      1.11657   10.57597    0.12565      74977
  87.24846      1.11647   10.56038    0.12566      75243
  87.25846      1.11637   10.54308    0.12861      75689
  87.26846      1.11627   10.53156    0.09954      75110
  87.27846      1.11616   10.51107    0.10372      73767
  87.28846      1.11606   10.48474    0.11305      74262
  87.29846      1.11596   10.48662    0.11082      75745
  87.30846      1.11586   10.46847    0.11972      74929
  87.31846      1.11575   10.44971    0.12067      74966
  87.32846      1.11565   10.43552    0.12636      75151
  87.33846      1.11555   10.41924    0.12930      76427
  87.34846      1.11545   10.40260    0.09914      75244
  87.35846      1.11535   10.37886    0.10269      73948
  87.36846      1.11524   10.35817    0.11042      74687
  87.37846      1.11514   10.34506    0.11221      74982
  87.38846      1.11504   10.32501    0.11557      75541
  87.39846      1.11494   10.31638    0.12166      75408
  87.40846      1.11484   10.28832    0.12571      76067
  87.41846      1.11474   10.26949    0.12574      75909
  87.42846      1.11463   10.25024    0.10651      74589
  87.43845      1.11453   10.24145    0.09530      74640
  87.44845      1.11443   10.21976    0.11159      75560
  87.45845      1.11433   10.19656    0.11253      75036
  87.46845      1.11423   10.18343    0.11786      75055
  87.47845      1.11413   10.17494    0.12323      75632
  87.48845      1.11402   10.15318    0.12174      76951
  87.49845      1.11392   10.12735    0.12651      75912
  87.50845      1.11382   10.11668    0.10306      74820
  87.51845      1.11372   10.10239    0.09590      73995
  87.52845      1.11362   10.09599    0.10912      76652
  87.53845      1.11352   10.06887    0.11413      75115
  87.54845      1.11341   10.05188    0.11530      75142
  87.55845      1.11331   10.04404    0.11877      76180
  87.56845      1.11321   10.02076    0.12262      76019
  87.57845      1.11311   10.01664    0.12593      76825
  87.58845      1.11301    9.99687    0.10094      75137
  87.59845      1.11291    9.97804    0.09646      74984
  87.60845      1.11281    9.95508    0.10929      75228
  87.61845      1.11271    9.95970    0.11560      75947
  87.62845      1.11260    9.93826    0.11530      75290
  87.63845      1.11250    9.92041    0.11865      76902
  87.64845      1.11240    9.91322    0.12208      75998
  87.65845      1.11230    9.89367    0.12625      75883
  87.66845      1.11220    9.88347    0.09849      76857
  87.67845      1.11210    9.87070    0.09712      74872
  87.68845      1.11200    9.85588    0.10777      75107
  87.69845      1.11190    9.84649    0.11408      75030
  87.70845      1.11180    9.84806    0.11804      77691
  87.71845      1.11169    9.82663    0.11921      76333
  87.72845      1.11159    9.81048    0.12319      75969
  87.73845      1.11149    9.80525    0.11687      76580
  87.74845      1.11139    9.78989    0.09903      76400
  87.75845      1.11129    9.77197    0.09835      74988
  87.76845      1.11119    9.76638    0.10560      75202
  87.77845      1.11109    9.75252    0.11496      76601
  87.78844      1.11099    9.73300    0.12050      76040
  87.79844      1.11089    9.73208    0.11712      77287
  87.80844      1.11079    9.71099    0.12248      76573
  87.81844      1.11069    9.69033    0.10598      77091
  87.82844      1.11059    9.67643    0.10260      75286
  87.83844      1.11049    9.66414    0.10201      75169
  87.84844      1.11038    9.64086    0.10328      77003
  87.85844      1.11028    9.63374    0.11472      76163
  87.86844      1.11018    9.60969    0.12169      75822
  87.87844      1.11008    9.59926    0.11657      77353
  87.88844      1.10998    9.58007    0.11990      77759
  87.89844      1.10988    9.56385    0.10120      76779
  87.90844      1.10978    9.53861    0.10669      74832
  87.91844      1.10968    9.53103    0.10558      76093
  87.92844      1.10958    9.51187    0.09628      76943
  87.93844      1.10948    9.49537    0.11392      76043
  87.94844      1.10938    9.49139    0.12010      76718
  87.95844      1.10928    9.46802    0.12168      77134
  87.96844      1.10918    9.46004    0.12346      77847
  87.97844      1.10908    9.45068    0.09565      76854
  87.98844      1.10898    9.41309    0.10682      76158
  87.99844      1.10888    9.40669    0.11118      74549
  88.00844      1.10878    9.41779    0.09277      77236
  88.01844      1.10868    9.40235    0.11761      77661
  88.02844      1.10858    9.38459    0.12505      76882
  88.03844      1.10848    9.36589    0.11808      76340
  88.04844      1.10838    9.36513    0.11231      78515
  88.05844      1.10828    9.35621    0.09500      77208
  88.06844      1.10818    9.32514    0.10746      75758
  88.07844      1.10808    9.31903    0.11335      74393
  88.08844      1.10798    9.32424    0.09330      78926
  88.09844      1.10788    9.30580    0.11768      77253
  88.10844      1.10778    9.29404    0.12215      76476
  88.11844      1.10768    9.26852    0.11958      77556
  88.12843      1.10758    9.26274    0.09768      78698
  88.13843      1.10748    9.24818    0.10292      76026
  88.14843      1.10738    9.23726    0.10932      76987
  88.15843      1.10728    9.20264    0.11426      75434
  88.16843      1.10718    9.21202    0.09253      77721
  88.17843      1.10708    9.19511    0.11610      77282
  88.18843      1.10698    9.17357    0.12013      78140
  88.19843      1.10688    9.15310    0.12301      77150
  88.20843      1.10678    9.14477    0.09510      78253
  88.21843      1.10668    9.12605    0.10460      77128
  88.22843      1.10658    9.11010    0.11057      76674
  88.23843      1.10648    9.08434    0.10670      75321
  88.24843      1.10638    9.09135    0.09504      78652
  88.25843      1.10628    9.07119    0.11926      77747
  88.26843      1.10618    9.05374    0.12378      77128
  88.27843      1.10608    9.04479    0.10946      79115
  88.28843      1.10598    9.03386    0.09586      77360
  88.29843      1.10588    9.00970    0.10425      76348
  88.30843      1.10579    9.01403    0.10989      77482
  88.31843      1.10569    8.99473    0.10149      77030
  88.32843      1.10559    8.98218    0.10066      77403
  88.33843      1.10549    8.99402    0.12114      78067
  88.34843      1.10539    8.97058    0.12313      78153
  88.35843      1.10529    8.96850    0.09615      78939
  88.36843      1.10519    8.95148    0.10067      76291
  88.37843      1.10509    8.94965    0.10737      77823
  88.38843      1.10499    8.95587    0.11320      77447
  88.39843      1.10489    8.92393    0.10026      76446
  88.40843      1.10479    8.95238    0.10326      78911
  88.41843      1.10469    8.93463    0.12156      77540
  88.42843      1.10459    8.92591    0.12376      78683
  88.43843      1.10450    8.92968    0.09013      78752
  88.44843      1.10440    8.90480    0.10356      76732
  88.45843      1.10430    8.91300    0.11126      76665
  88.46842      1.10420    8.91097    0.11375      79494
  88.47842      1.10410    8.88996    0.09617      76742
  88.48842      1.10400    8.89535    0.10649      77286
  88.49842      1.10390    8.88598    0.12149      80331
  88.50842      1.10380    8.87508    0.09674      78967
  88.51842      1.10370    8.85207    0.10355      75882
  88.52842      1.10360    8.86285    0.10611      78503
  88.53842      1.10351    8.83564    0.11128      78934
  88.54842      1.10341    8.83013    0.11501      76332
  88.55842      1.10331    8.83450    0.09448      78545
  88.56842      1.10321    8.81506    0.11120      78745
  88.57842      1.10311    8.79717    0.12080      78954
  88.58842      1.10301    8.80214    0.09283      78800
  88.59842      1.10291    8.78411    0.10718      76513
  88.60842      1.10282    8.77649    0.10676      79545
  88.61842      1.10272    8.77162    0.11334      79091
  88.62842      1.10262    8.76852    0.11901      75820
  88.63842      1.10252    8.76459    0.09147      79200
  88.64842      1.10242    8.76250    0.11584      79705
  88.65842      1.10232    8.74949    0.09459      78447
  88.66842      1.10222    8.75699    0.10482      77744
  88.67842      1.10213    8.73542    0.11056      79351
  88.68842      1.10203    8.75863    0.10992      77684
  88.69842      1.10193    8.75387    0.11504      78898
  88.70842      1.10183    8.74961    0.10513      77921
  88.71842      1.10173    8.74964    0.10002      78125
  88.72842      1.10163    8.75941    0.10031      80079
  88.73842      1.10154    8.73604    0.09999      78487
  88.74842      1.10144    8.74078    0.10929      77799
  88.75842      1.10134    8.75550    0.11075      79332
  88.76842      1.10124    8.74336    0.11130      78899
  88.77842      1.10114    8.73901    0.11980      78696
  88.78842      1.10104    8.74547    0.09726      78192
  88.79842      1.10095    8.72940    0.10544      78179
  88.80842      1.10085    8.74614    0.08864      81028
  88.81841      1.10075    8.71792    0.10741      77554
  88.82841      1.10065    8.71966    0.11402      77406
  88.83841      1.10055    8.73157    0.11458      81711
  88.84841      1.10046    8.70534    0.11870      78978
  88.85841      1.10036    8.72518    0.12719      76661
  88.86841      1.10026    8.70786    0.09121      80820
  88.87841      1.10016    8.70060    0.08591      78934
  88.88841      1.10006    8.69521    0.10591      77408
  88.89841      1.09997    8.67404    0.11052      80452
  88.90841      1.09987    8.67873    0.11855      78677
  88.91841      1.09977    8.68870    0.11765      80114
  88.92841      1.09967    8.65753    0.11949      79334
  88.93841      1.09958    8.68101    0.09795      78350
  88.94841      1.09948    8.67141    0.08761      78856
  88.95841      1.09938    8.63520    0.09379      78532
  88.96841      1.09928    8.64991    0.11320      80425
  88.97841      1.09918    8.64160    0.11701      78658
  88.98841      1.09909    8.63502    0.11988      81215
  88.99841      1.09899    8.64216    0.11856      79870
  89.00841      1.09889    8.64360    0.12944      75745
  89.01841      1.09879    8.64353    0.08186      82343
  89.02841      1.09870    8.61006    0.08956      77555
  89.03841      1.09860    8.61176    0.10451      78982
  89.04841      1.09850    8.61231    0.11613      81427
  89.05841      1.09840    8.61289    0.11847      78434
  89.06841      1.09831    8.61696    0.12796      81640
  89.07841      1.09821    8.62410    0.12617      78608
  89.08841      1.09811    8.63195    0.08726      79263
  89.09841      1.09801    8.60076    0.08563      79416
  89.10841      1.09792    8.58800    0.09934      77461
  89.11841      1.09782    8.63099    0.11247      80464
  89.12841      1.09772    8.58533    0.12137      81000
  89.13841      1.09763    8.62359    0.12983      81402
  89.14841      1.09753    8.60414    0.13366      79978
  89.15840      1.09743    8.62559    0.09094      79793
  89.16840      1.09733    8.60192    0.08322      76828
  89.17840      1.09724    8.58334    0.09819      79733
  89.18840      1.09714    8.61472    0.10931      80047
  89.19840      1.09704    8.58172    0.12231      80177
  89.20840      1.09695    8.61266    0.13032      83225
  89.21840      1.09685    8.59878    0.13796      79304
  89.22840      1.09675    8.61603    0.08972      80826
  89.23840      1.09665    8.60899    0.08321      75755
  89.24840      1.09656    8.59165    0.10034      80480
  89.25840      1.09646    8.60286    0.11188      79921
  89.26840      1.09636    8.61077    0.12206      81893
  89.27840      1.09627    8.59504    0.12974      81983
  89.28840      1.09617    8.62524    0.13769      81052
  89.29840      1.09607    8.62933    0.08344      79385
  89.30840      1.09598    8.61633    0.08665      75842
  89.31840      1.09588    8.60354    0.10499      80974
  89.32840      1.09578    8.63684    0.11591      81204
  89.33840      1.09569    8.61102    0.12127      81678
  89.34840      1.09559    8.62368    0.12634      82033
  89.35840      1.09549    8.63508    0.13422      80319
  89.36840      1.09540    8.65283    0.07599      77550
  89.37840      1.09530    8.59813    0.09712      78742
  89.38840      1.09520    8.64361    0.11297      81619
  89.39840      1.09511    8.60116    0.11647      80813
  89.40840      1.09501    8.64716    0.11967      81600
  89.41840      1.09491    8.60630    0.12576      84068
  89.42840      1.09482    8.67605    0.09778      75306
  89.43840      1.09472    8.58658    0.08448      81834
  89.44840      1.09462    8.60099    0.10573      79163
  89.45840      1.09453    8.62844    0.11594      80903
  89.46840      1.09443    8.59782    0.11751      83519
  89.47840      1.09433    8.61462    0.12176      79209
  89.48840      1.09424    8.62920    0.10591      81232
  89.49839      1.09414    8.60533    0.08575      80127
  89.50839      1.09405    8.60048    0.10208      79564
  89.51839      1.09395    8.62056    0.10978      81356
  89.52839      1.09385    8.60167    0.11492      82150
  89.53839      1.09376    8.62228    0.12396      81400
  89.54839      1.09366    8.63139    0.11005      80305
  89.55839      1.09356    8.62750    0.09227      80131
  89.56839      1.09347    8.63708    0.09944      80423
  89.57839      1.09337    8.62779    0.10317      81296
  89.58839      1.09328    8.64343    0.11119      81510
  89.59839      1.09318    8.64304    0.11559      82034
  89.60839      1.09308    8.67246    0.11512      80939
  89.61839      1.09299    8.67112    0.09855      80010
  89.62839      1.09289    8.66721    0.10267      80756
  89.63839      1.09280    8.67158    0.10467      81463
  89.64839      1.09270    8.68069    0.10382      81479
  89.65839      1.09260    8.68418    0.11075      81814
  89.66839      1.09251    8.71440    0.10802      81283
  89.67839      1.09241    8.69748    0.10397      80691
  89.68839      1.09232    8.70008    0.10713      80876
  89.69839      1.09222    8.70790    0.10572      81544
  89.70839      1.09212    8.71091    0.10786      81682
  89.71839      1.09203    8.70601    0.10659      81570
  89.72839      1.09193    8.72710    0.10179      81437
  89.73839      1.09184    8.71287    0.10365      81065
  89.74839      1.09174    8.71532    0.10737      81301
  89.75839      1.09165    8.71472    0.11243      81788
  89.76839      1.09155    8.71324    0.10997      81605
  89.77839      1.09145    8.73197    0.10993      81727
  89.78839      1.09136    8.72486    0.10287      81695
  89.79839      1.09126    8.73092    0.10064      81011
  89.80839      1.09117    8.71239    0.10268      80415
  89.81839      1.09107    8.72814    0.10722      79838
  89.82839      1.09098    8.71085    0.11211      79138
  89.83839      1.09088    8.72599    0.11463      78204
  89.84838      1.09079    8.72479    0.10669      77584
  89.85838      1.09069    8.71659    0.10354      76766
  89.86838      1.09060    8.69470    0.10165      75072
  89.87838      1.09050    8.69924    0.10184      74023
  89.88838      1.09040    8.68580    0.10681      72950
  89.89838      1.09031    8.70393    0.10848      71458
  89.90838      1.09021    8.68082    0.11368      70930
  89.91838      1.09012    8.68405    0.11468      69790
  89.92838      1.09002    8.66951    0.10937      68953
  89.93838      1.08993    8.66608    0.10503      67847
  89.94838      1.08983    8.65622    0.10681      66404
  89.95838      1.08974    8.65157    0.10696      64924
  89.96838      1.08964    8.66500    0.11542      64248
  89.97838      1.08955    8.63098    0.12165      63283
  89.98838      1.08945    8.66046    0.12239      62261
  89.99838      1.08936    8.65142    0.11720      61088
  90.00838      1.08926    8.65156    0.11179      60058
  90.01838      1.08917    8.65925    0.10867      58122
  90.02838      1.08907    8.67546    0.11271      56862
  90.03838      1.08898    8.66877    0.12035      55048
  90.04838      1.08888    8.69758    0.12867      53120
  90.05838      1.08879    8.70766    0.13061      51492
  90.06838      1.08869    8.73637    0.12977      49373
  90.07838      1.08860    8.74281    0.12333      47365
  90.08838      1.08850    8.77578    0.12533      45585
  90.09838      1.08841    8.80333    0.13157      43383
  90.10838      1.08831    8.85347    0.13299      41211
  90.11838      1.08822    8.86001    0.13845      38891
  90.12838      1.08812    8.93561    0.14568      36409
  90.13838      1.08803    8.96637    0.15210      34614
  90.14838      1.08793    8.99984    0.14323      33114
  90.15838      1.08784    9.06277    0.14875      31457
  90.16838      1.08774    9.09164    0.14831      29798
  90.17838      1.08765    9.15370    0.15094      28174
  90.18837      1.08756    9.23412    0.17276      26720
  90.19837      1.08746    9.25992    0.17732      26043
  90.20837      1.08737    9.29579    0.17685      25392
  90.21837      1.08727    9.33965    0.18789      24651
  90.22837      1.08718    9.39092    0.17634      23585
  90.23837      1.08708    9.43459    0.17335      22349
  90.24837      1.08699    9.45576    0.17221      21295
  90.25837      1.08689    9.48459    0.17474      20115
  90.26837      1.08680    9.53165    0.18765      18849
  90.27837      1.08671    9.53010    0.20510      17854
  90.28837      1.08661    9.60859    0.21654      16289
  90.29837      1.08652    9.66852    0.20060      14421
  90.30837      1.08642    9.72728    0.18790      12465
  90.31837      1.08633    9.81176    0.19031      10198
  90.32837      1.08623    9.80781    0.18269       8246
  90.33837      1.08614    9.86867    0.22251       7066
  90.34837      1.08605    9.90064    0.24853       5909
  90.35837      1.08595    9.95943    0.24860       4738
  90.36837      1.08586   10.06202    0.24659       3417
  90.37837      1.08576   10.09091    0.24033       1844
  90.38837      1.08567    9.83741    0.22014        280
  90.39837      1.08557    9.81651    0.31358         34
