[PowderGraph 1]
2thetadeg	d-value	intx	sigx	count
   0.00100  88267.70067    0.00000    0.00000          0
   0.01100   8025.58304    0.00000    0.00000          0
   0.02100   4203.90795    0.00000    0.00000          0
   0.03099   2847.81610    0.00000    0.00000          0
   0.04099   2153.22972    0.00000    0.00000          0
   0.05099   1731.02925    0.00000    0.00000          0
   0.06099   1447.25478    0.00000    0.00000          0
   0.07099   1243.41659    0.00000    0.00000          0
   0.08099   1089.90871    0.00000    0.00000          0
   0.09098    970.13877    0.00000    0.00000          0
   0.10098    874.08561    0.00000    0.00000          0
   0.11098    795.33930    0.00000    0.00000          0
   0.12098    729.60890    0.00000    0.00000          0
   0.13098    673.91366    0.00000    0.00000          0
   0.14098    626.11844    0.00000    0.00000          0
   0.15097    584.65371    0.00000    0.00000          0
   0.16097    548.33988    0.00000    0.00000          0
   0.17097    516.27327    0.00000    0.00000          0
   0.18097    487.74993    0.00000    0.00000          0
   0.19097    462.21333    0.00000    0.00000          0
   0.20097    439.21769    0.00000    0.00000          0
   0.21096    418.40172    0.00000    0.00000          0
   0.22096    399.46955    0.00000    0.00000          0
   0.23096    382.17653    0.00000    0.00000          0
   0.24096    366.31862    0.00000    0.00000          0
   0.25096    351.72428    0.00000    0.00000          0
   0.26096    338.24829    0.00000    0.00000          0
   0.27095    325.76683    0.00000    0.00000          0
   0.28095    314.17373    0.00000    0.00000          0
   0.29095    303.37742    0.00000    0.00000          0
   0.30095    293.29846    0.00000    0.00000          0
   0.31095    283.86767    0.00000    0.00000          0
   0.32095    275.02446    0.00000    0.00000          0
   0.33094    266.71559    0.00000    0.00000          0
   0.34094    258.89405    0.00000    0.00000          0
   0.35094    251.51818    0.00000    0.00000          0
   0.36094    244.55094    0.00000    0.00000          0
   0.37094    237.95929    0.00000    0.00000          0
   0.38094    231.71367    0.00000    0.00000          0
   0.39093    225.78751    0.00000    0.00000          0
   0.40093    220.15693    0.00000    0.00000          0
   0.41093    214.80033    0.00000    0.00000          0
   0.42093    209.69821    0.00000    0.00000          0
   0.43093    204.83285    0.00000    0.00000          0
   0.44092    200.18814    0.00000    0.00000          0
   0.45092    195.74940    0.00000    0.00000          0
   0.46092    191.50323    0.00000    0.00000          0
   0.47092    187.43737    0.00000    0.00000          0
   0.48092    183.54057    0.00000    0.00000          0
   0.49092    179.80249    0.00000    0.00000          0
   0.50091    176.21364    0.00000    0.00000          0
   0.51091    172.76526    0.00000    0.00000          0
   0.52091    169.44925    0.00000    0.00000          0
   0.53091    166.25814    0.00000    0.00000          0
   0.54091    163.18500    0.00000    0.00000          0
   0.55091    160.22341    0.00000    0.00000          0
   0.56090    157.36740    0.00000    0.00000          0
   0.57090    154.61142    0.00000    0.00000          0
   0.58090    151.95032    0.00000    0.00000          0
   0.59090    149.37927    0.00000    0.00000          0
   0.60090    146.89378    0.00000    0.00000          0
   0.61090    144.48965    0.00000    0.00000          0
   0.62089    142.16295    0.00000    0.00000          0
   0.63089    139.91000    0.00000    0.00000          0
   0.64089    137.72733    0.00000    0.00000          0
   0.65089    135.61173    0.00000    0.00000          0
   0.66089    133.56014    0.00000    0.00000          0
   0.67089    131.56970    0.00000    0.00000          0
   0.68088    129.63771    0.00000    0.00000          0
   0.69088    127.76165    0.00000    0.00000          0
   0.70088    125.93911    0.00000    0.00000          0
   0.71088    124.16783    0.00000    0.00000          0
   0.72088    122.44570    0.00000    0.00000          0
   0.73088    120.77067    0.00000    0.00000          0
   0.74087    119.14086    0.00000    0.00000          0
   0.75087    117.55446    0.00000    0.00000          0
   0.76087    116.00974    0.00000    0.00000          0
   0.77087    114.50510    0.00000    0.00000          0
   0.78087    113.03899    0.00000    0.00000          0
   0.79087    111.60995    0.00000    0.00000          0
   0.80086    110.21659    0.00000    0.00000          0
   0.81086    108.85759    0.00000    0.00000          0
   0.82086    107.53169    0.00000    0.00000          0
   0.83086    106.23771    0.00000    0.00000          0
   0.84086    104.97451    0.00000    0.00000          0
   0.85085    103.74099    0.00000    0.00000          0
   0.86085    102.53612    0.00000    0.00000          0
   0.87085    101.35892    0.00000    0.00000          0
   0.88085    100.20844    0.00000    0.00000          0
   0.89085     99.08379    0.00000    0.00000          0
   0.90085     97.98410    0.00000    0.00000          0
   0.91084     96.90856    0.00000    0.00000          0
   0.92084     95.85637    0.00000    0.00000          0
   0.93084     94.82679    0.00000    0.00000          0
   0.94084     93.81909    0.00000    0.00000          0
   0.95084     92.83258    0.00000    0.00000          0
   0.96084     91.86660    0.00000    0.00000          0
   0.97083     90.92052    0.00000    0.00000          0
   0.98083     89.99373    0.00000    0.00000          0
   0.99083     89.08564    0.00000    0.00000          0
   1.00083     88.19570    0.00000    0.00000          0
   1.01083     87.32336    0.00000    0.00000          0
   1.02083     86.46811    0.00000    0.00000          0
   1.03082     85.62945    0.00000    0.00000          0
   1.04082     84.80690    0.00000    0.00000          0
   1.05082     84.00001    0.00000    0.00000          0
   1.06082     83.20832    0.00000    0.00000          0
   1.07082     82.43142    0.00000    0.00000          0
   1.08082     81.66890    0.00000    0.00000          0
   1.09081     80.92035    0.00000    0.00000          0
   1.10081     80.18540    0.00000    0.00000          0
   1.11081     79.46368    0.00000    0.00000          0
   1.12081     78.75484    0.00000    0.00000          0
   1.13081     78.05854    0.00000    0.00000          0
   1.14081     77.37443    0.00000    0.00000          0
   1.15080     76.70222    0.00000    0.00000          0
   1.16080     76.04159    0.00000    0.00000          0
   1.17080     75.39224    0.00000    0.00000          0
   1.18080     74.75388    0.00000    0.00000          0
   1.19080     74.12625    0.00000    0.00000          0
   1.20079     73.50907    0.00000    0.00000          0
   1.21079     72.90208    0.00000    0.00000          0
   1.22079     72.30503    0.00000    0.00000          0
   1.23079     71.71768    0.00000    0.00000          0
   1.24079     71.13980    0.00000    0.00000          0
   1.25079     70.57116    0.00000    0.00000          0
   1.26078     70.01154    0.00000    0.00000          0
   1.27078     69.46073    0.00000    0.00000          0
   1.28078     68.91851    0.00000    0.00000          0
   1.29078     68.38469    0.00000    0.00000          0
   1.30078     67.85908    0.00000    0.00000          0
   1.31078     67.34149    0.00000    0.00000          0
   1.32077     66.83174    0.00000    0.00000          0
   1.33077     66.32965    0.00000    0.00000          0
   1.34077     65.83504    0.00000    0.00000          0
   1.35077     65.34776    0.00000    0.00000          0
   1.36077     64.86763    0.00000    0.00000          0
   1.37077     64.39451    0.00000    0.00000          0
   1.38076     63.92825    0.00000    0.00000          0
   1.39076     63.46869    0.00000    0.00000          0
   1.40076     63.01568    0.00000    0.00000          0
   1.41076     62.56910    0.00000    0.00000          0
   1.42076     62.12881    0.00000    0.00000          0
   1.43076     61.69467    0.00000    0.00000          0
   1.44075     61.26655    0.00000    0.00000          0
   1.45075     60.84434    0.00000    0.00000          0
   1.46075     60.42790    0.00000    0.00000          0
   1.47075     60.01713    0.00000    0.00000          0
   1.48075     59.61191    0.00000    0.00000          0
   1.49075     59.21212    0.00000    0.00000          0
   1.50074     58.81765    0.00000    0.00000          0
   1.51074     58.42841    0.00000    0.00000          0
   1.52074     58.04429    0.00000    0.00000          0
   1.53074     57.66519    0.00000    0.00000          0
   1.54074     57.29100    0.00000    0.00000          0
   1.55074     56.92164    0.00000    0.00000          0
   1.56073     56.55702    0.00000    0.00000          0
   1.57073     56.19703    0.00000    0.00000          0
   1.58073     55.84160    0.00000    0.00000          0
   1.59073     55.49064    0.00000    0.00000          0
   1.60073     55.14406    0.00000    0.00000          0
   1.61072     54.80179    0.00000    0.00000          0
   1.62072     54.46374    0.00000    0.00000          0
   1.63072     54.12983    0.00000    0.00000          0
   1.64072     53.80000    0.00000    0.00000          0
   1.65072     53.47415    0.00000    0.00000          0
   1.66072     53.15224    0.00000    0.00000          0
   1.67071     52.83417    0.00000    0.00000          0
   1.68071     52.51989    0.00000    0.00000          0
   1.69071     52.20933    0.00000    0.00000          0
   1.70071     51.90242    0.00000    0.00000          0
   1.71071     51.59910    0.00000    0.00000          0
   1.72071     51.29930    0.00000    0.00000          0
   1.73070     51.00297    0.00000    0.00000          0
   1.74070     50.71004    0.00000    0.00000          0
   1.75070     50.42045    0.00000    0.00000          0
   1.76070     50.13416    0.00000    0.00000          0
   1.77070     49.85110    0.00000    0.00000          0
   1.78070     49.57121    0.00000    0.00000          0
   1.79069     49.29446    0.00000    0.00000          0
   1.80069     49.02077    0.00000    0.00000          0
   1.81069     48.75011    0.00000    0.00000          0
   1.82069     48.48242    0.00000    0.00000          0
   1.83069     48.21766    0.00000    0.00000          0
   1.84069     47.95577    0.00000    0.00000          0
   1.85068     47.69671    0.00000    0.00000          0
   1.86068     47.44044    0.00000    0.00000          0
   1.87068     47.18690    0.00000    0.00000          0
   1.88068     46.93607    0.00000    0.00000          0
   1.89068     46.68788    0.00000    0.00000          0
   1.90068     46.44231    0.00000    0.00000          0
   1.91067     46.19930    0.00000    0.00000          0
   1.92067     45.95883    0.00000    0.00000          0
   1.93067     45.72085    0.00000    0.00000          0
   1.94067     45.48532    0.00000    0.00000          0
   1.95067     45.25220    0.00000    0.00000          0
   1.96067     45.02146    0.00000    0.00000          0
   1.97066     44.79306    0.00000    0.00000          0
   1.98066     44.56697    0.00000    0.00000          0
   1.99066     44.34315    0.00000    0.00000          0
   2.00066     44.12157    0.00000    0.00000          0
   2.01066     43.90219    0.00000    0.00000          0
   2.02065     43.68498    0.00000    0.00000          0
   2.03065     43.46992    0.00000    0.00000          0
   2.04065     43.25695    0.00000    0.00000          0
   2.05065     43.04607    0.00000    0.00000          0
   2.06065     42.83723    0.00000    0.00000          0
   2.07065     42.63041    0.00000    0.00000          0
   2.08064     42.42558    0.00000    0.00000          0
   2.09064     42.22270    0.00000    0.00000          0
   2.10064     42.02176    0.00000    0.00000          0
   2.11064     41.82272    0.00000    0.00000          0
   2.12064     41.62556    0.00000    0.00000          0
   2.13064     41.43025    0.00000    0.00000          0
   2.14063     41.23676    0.00000    0.00000          0
   2.15063     41.04508    0.00000    0.00000          0
   2.16063     40.85516    0.00000    0.00000          0
   2.17063     40.66700    0.00000    0.00000          0
   2.18063     40.48056    0.00000    0.00000          0
   2.19063     40.29583    0.00000    0.00000          0
   2.20062     40.11277    0.00000    0.00000          0
   2.21062     39.93137    0.00000    0.00000          0
   2.22062     39.75160    0.00000    0.00000          0
   2.23062     39.57344    0.00000    0.00000          0
   2.24062     39.39688    0.00000    0.00000          0
   2.25062     39.22188    0.00000    0.00000          0
   2.26061     39.04843    0.00000    0.00000          0
   2.27061     38.87651    0.00000    0.00000          0
   2.28061     38.70610    0.00000    0.00000          0
   2.29061     38.53717    0.00000    0.00000          0
   2.30061     38.36971    0.00000    0.00000          0
   2.31061     38.20370    0.00000    0.00000          0
   2.32060     38.03913    0.00000    0.00000          0
   2.33060     37.87596    0.00000    0.00000          0
   2.34060     37.71419    0.00000    0.00000          0
   2.35060     37.55379    0.00000    0.00000          0
   2.36060     37.39476    0.00000    0.00000          0
   2.37060     37.23706    0.00000    0.00000          0
   2.38059     37.08069    0.00000    0.00000          0
   2.39059     36.92563    0.00000    0.00000          0
   2.40059     36.77186    0.00000    0.00000          0
   2.41059     36.61937    0.00000    0.00000          0
   2.42059     36.46813    0.00000    0.00000          0
   2.43058     36.31814    0.00000    0.00000          0
   2.44058     36.16938    0.00000    0.00000          0
   2.45058     36.02183    0.00000    0.00000          0
   2.46058     35.87548    0.00000    0.00000          0
   2.47058     35.73032    0.00000    0.00000          0
   2.48058     35.58633    0.00000    0.00000          0
   2.49057     35.44349    0.00000    0.00000          0
   2.50057     35.30179    0.00000    0.00000          0
   2.51057     35.16123    0.00000    0.00000          0
   2.52057     35.02178    0.00000    0.00000          0
   2.53057     34.88343    0.00000    0.00000          0
   2.54057     34.74617    0.00000    0.00000          0
   2.55056     34.60998    0.00000    0.00000          0
   2.56056     34.47486    0.00000    0.00000          0
   2.57056     34.34079    0.00000    0.00000          0
   2.58056     34.20776    0.00000    0.00000          0
   2.59056     34.07576    0.00000    0.00000          0
   2.60056     33.94477    0.00000    0.00000          0
   2.61055     33.81479    0.00000    0.00000          0
   2.62055     33.68580    0.00000    0.00000          0
   2.63055     33.55779    0.00000    0.00000          0
   2.64055     33.43074    0.00000    0.00000          0
   2.65055     33.30466    0.00000    0.00000          0
   2.66055     33.17952    0.00000    0.00000          0
   2.67054     33.05532    0.00000    0.00000          0
   2.68054     32.93205    0.00000    0.00000          0
   2.69054     32.80970    0.00000    0.00000          0
   2.70054     32.68825    0.00000    0.00000          0
   2.71054     32.56769    0.00000    0.00000          0
   2.72054     32.44802    0.00000    0.00000          0
   2.73053     32.32923    0.00000    0.00000          0
   2.74053     32.21131    0.00000    0.00000          0
   2.75053     32.09424    0.00000    0.00000          0
   2.76053     31.97802    0.00000    0.00000          0
   2.77053     31.86264    0.00000    0.00000          0
   2.78053     31.74809    0.00000    0.00000          0
   2.79052     31.63436    0.00000    0.00000          0
   2.80052     31.52145    0.00000    0.00000          0
   2.81052     31.40933    0.00000    0.00000          0
   2.82052     31.29801    0.00000    0.00000          0
   2.83052     31.18748    0.00000    0.00000          0
   2.84051     31.07773    0.00000    0.00000          0
   2.85051     30.96874    0.00000    0.00000          0
   2.86051     30.86052    0.00000    0.00000          0
   2.87051     30.75305    0.00000    0.00000          0
   2.88051     30.64633    0.00000    0.00000          0
   2.89051     30.54035    0.00000    0.00000          0
   2.90050     30.43509    0.00000    0.00000          0
   2.91050     30.33056    0.00000    0.00000          0
   2.92050     30.22675    0.00000    0.00000          0
   2.93050     30.12364    0.00000    0.00000          0
   2.94050     30.02124    0.00000    0.00000          0
   2.95050     29.91953    0.00000    0.00000          0
   2.96049     29.81851    0.00000    0.00000          0
   2.97049     29.71816    0.00000    0.00000          0
   2.98049     29.61850    0.00000    0.00000          0
   2.99049     29.51949    0.00000    0.00000          0
   3.00049     29.42115    0.00000    0.00000          0
   3.01049     29.32346    0.00000    0.00000          0
   3.02048     29.22642    0.00000    0.00000          0
   3.03048     29.13001    0.00000    0.00000          0
   3.04048     29.03425    0.00000    0.00000          0
   3.05048     28.93910    0.00000    0.00000          0
   3.06048     28.84459    0.00000    0.00000          0
   3.07048     28.75068    0.00000    0.00000          0
   3.08047     28.65739    0.00000    0.00000          0
   3.09047     28.56470    0.00000    0.00000          0
   3.10047     28.47261    0.00000    0.00000          0
   3.11047     28.38111    0.00000    0.00000          0
   3.12047     28.29019    0.00000    0.00000          0
   3.13047     28.19986    0.00000    0.00000          0
   3.14046     28.11010    0.00000    0.00000          0
   3.15046     28.02091    0.00000    0.00000          0
   3.16046     27.93229    0.00000    0.00000          0
   3.17046     27.84423    0.00000    0.00000          0
   3.18046     27.75672    0.00000    0.00000          0
   3.19045     27.66975    0.00000    0.00000          0
   3.20045     27.58334    0.00000    0.00000          0
   3.21045     27.49746    0.00000    0.00000          0
   3.22045     27.41211    0.00000    0.00000          0
   3.23045     27.32729    0.00000    0.00000          0
   3.24045     27.24300    0.00000    0.00000          0
   3.25044     27.15922    0.00000    0.00000          0
   3.26044     27.07596    0.00000    0.00000          0
   3.27044     26.99320    0.00000    0.00000          0
   3.28044     26.91095    0.00000    0.00000          0
   3.29044     26.82920    0.00000    0.00000          0
   3.30044     26.74795    0.00000    0.00000          0
   3.31043     26.66719    0.00000    0.00000          0
   3.32043     26.58691    0.00000    0.00000          0
   3.33043     26.50712   39.68569    1.98181          2
   3.34043     26.42780   38.31639    1.30497          2
   3.35043     26.34896   35.57780    2.60171          1
   3.36043     26.27058   36.22696    1.55407          1
   3.37042     26.19268   36.87612    1.56793          1
   3.38042     26.11523   37.52403    0.91316          3
   3.39042     26.03824   37.77741    0.64788          6
   3.40042     25.96170   38.97732    1.87747         10
   3.41042     25.88561   39.21450    0.51130         10
   3.42042     25.80997   39.47017    3.08210         13
   3.43041     25.73476   40.87888    0.42624         15
   3.44041     25.66000   41.47064    0.39191         18
   3.45041     25.58566   41.42651    0.35431         22
   3.46041     25.51176   42.40581    0.31775         28
   3.47041     25.43828   42.78131    2.82707         34
   3.48041     25.36523   43.69443    3.16162         36
   3.49040     25.29259   43.95649    3.14779         41
   3.50040     25.22037   44.84201    0.26679         42
   3.51040     25.14856   45.70399    0.26934         42
   3.52040     25.07716   46.37059    0.25924         46
   3.53040     25.00616   47.52091    2.61991         46
   3.54040     24.93556   48.43875    0.25672         49
   3.55039     24.86536   48.53626    1.94769         55
   3.56039     24.79556   50.02028    3.67756         52
   3.57039     24.72615   50.10985    0.24988         54
   3.58039     24.65712   51.18156    0.25929         51
   3.59039     24.58848   51.92204    0.25556         53
   3.60038     24.52022   52.39176    0.26430         50
   3.61038     24.45234   53.43001    2.93678         58
   3.62038     24.38483   55.14870    1.86650         56
   3.63038     24.31769   55.33045    2.28373         65
   3.64038     24.25093   55.88339    4.04358         57
   3.65038     24.18453   57.03971    2.68590         66
   3.66037     24.11849   59.82829    2.76852         64
   3.67037     24.05281   61.42081    0.23684         73
   3.68037     23.98749   64.04162    1.86432         78
   3.69037     23.92253   65.00551    1.86801         98
   3.70037     23.85791   68.05286    1.40562        106
   3.71037     23.79364   69.08901    4.92239        133
   3.72036     23.72972   71.17525    1.58167        148
   3.73036     23.66614   73.43944    0.17021        169
   3.74036     23.60290   73.99596    1.74217        200
   3.75036     23.54000   75.29320    1.99387        240
   3.76036     23.47743   76.20569    1.30481        284
   3.77036     23.41520   76.03656    1.80478        358
   3.78035     23.35329   76.89121    1.41091        396
   3.79035     23.29171   76.15797    1.31073        513
   3.80035     23.23046   77.01745    1.32947        543
   3.81035     23.16952   76.56246    1.18963        701
   3.82035     23.10891   76.95754    1.54503        744
   3.83035     23.04861   76.47220    1.11522        914
   3.84034     22.98863   76.76557    1.02573        988
   3.85034     22.92895   76.05670    1.08398       1183
   3.86034     22.86959   76.32013    1.12406       1326
   3.87034     22.81053   75.72171    1.12270       1507
   3.88034     22.75178   75.79264    0.91099       1671
   3.89034     22.69333   75.21726    1.15705       1828
   3.90033     22.63518   75.25179    1.19043       1936
   3.91033     22.57732   74.66526    0.85277       2201
   3.92033     22.51977   74.56778    0.94839       2231
   3.93033     22.46250   74.06111    0.96740       2523
   3.94033     22.40553   73.91359    1.00204       2616
   3.95033     22.34884   73.43895    0.83833       2892
   3.96032     22.29244   73.36390    0.90318       3020
   3.97032     22.23633   72.90200    0.82811       3258
   3.98032     22.18049   72.72004    0.78194       3360
   3.99032     22.12494   72.44407    0.88883       3575
   4.00032     22.06966   72.18548    0.88566       3741
   4.01031     22.01466   71.93961    0.72368       3929
   4.02031     21.95993   71.58794    0.86986       4127
   4.03031     21.90548   71.39484    0.70998       4275
   4.04031     21.85129   71.19741    0.81519       4526
   4.05031     21.79737   70.96440    0.73124       4668
   4.06031     21.74372   70.84185    0.74250       4837
   4.07030     21.69033   70.54673    0.77651       5027
   4.08030     21.63721   70.40586    0.64836       5219
   4.09030     21.58434   70.15993    0.75511       5372
   4.10030     21.53173   70.05207    0.74936       5463
   4.11030     21.47938   69.71005    0.73334       5704
   4.12030     21.42728   69.63986    0.79704       5727
   4.13029     21.37543   69.25369    0.64273       5977
   4.14029     21.32383   69.35094    0.75749       6119
   4.15029     21.27248   68.91144    0.64400       6436
   4.16029     21.22138   69.09988    0.63238       6573
   4.17029     21.17053   68.74623    0.69668       6840
   4.18029     21.11992   68.73793    0.66897       6853
   4.19028     21.06954   68.41861    0.72028       7092
   4.20028     21.01941   68.33437    0.62695       7145
   4.21028     20.96952   68.04814    0.63309       7301
   4.22028     20.91986   67.97925    0.79618       7429
   4.23028     20.87044   67.69175    0.71164       7547
   4.24028     20.82125   67.54911    0.71828       7737
   4.25027     20.77230   67.31642    0.62333       7706
   4.26027     20.72357   67.09537    0.69548       7838
   4.27027     20.67507   66.91268    0.72272       7918
   4.28027     20.62680   66.73112    0.65049       8051
   4.29027     20.57875   66.54003    0.60770       8148
   4.30027     20.53092   66.31175    0.57785       8128
   4.31026     20.48332   66.16761    0.59913       8362
   4.32026     20.43594   66.00749    0.69543       8424
   4.33026     20.38878   65.76286    0.69953       8477
   4.34026     20.34183   65.58435    0.66082       8586
   4.35026     20.29510   65.29588    0.67545       8543
   4.36026     20.24859   65.18658    0.75599       8636
   4.37025     20.20228   64.98273    0.61880       8713
   4.38025     20.15619   64.75300    0.76648       8704
   4.39025     20.11031   64.43451    0.67398       8516
   4.40025     20.06464   64.24805    0.52701       8526
   4.41025     20.01917   64.08510    0.54191       8764
   4.42024     19.97392   63.97679    0.67501       8788
   4.43024     19.92886   63.74222    0.62661       8924
   4.44024     19.88401   63.54843    0.74024       8867
   4.45024     19.83936   63.34385    0.60221       8935
   4.46024     19.79491   63.18777    0.63493       8938
   4.47024     19.75065   63.03778    0.76411       8977
   4.48023     19.70660   62.78377    0.57256       9052
   4.49023     19.66274   62.67895    0.67172       9046
   4.50023     19.61908   62.41579    0.61057       8973
   4.51023     19.57561   62.24754    0.69288       8911
   4.52023     19.53233   62.02534    0.56380       9049
   4.53023     19.48925   61.90482    0.56906       9104
   4.54022     19.44635   61.72167    0.57942       9236
   4.55022     19.40364   61.58669    0.61321       9070
   4.56022     19.36112   61.32680    0.60471       9182
   4.57022     19.31879   61.26250    0.66645       9180
   4.58022     19.27664   61.05301    0.60354       9351
   4.59022     19.23468   60.96118    0.58390       9324
   4.60021     19.19289   60.66532    0.74736       9236
   4.61021     19.15129   60.55631    0.63289       9262
   4.62021     19.10987   60.34861    0.54144       9412
   4.63021     19.06863   60.26134    0.74323       9344
   4.64021     19.02756   59.96183    0.55820       9238
   4.65021     18.98667   59.78981    0.55624       9281
   4.66020     18.94596   59.75617    0.56404       9382
   4.67020     18.90542   59.45961    0.58347       9375
   4.68020     18.86506   59.41068    0.62869       9550
   4.69020     18.82486   59.19019    0.59282       9506
   4.70020     18.78484   59.06697    0.60038       9487
   4.71020     18.74499   58.88716    0.66784       9538
   4.72019     18.70531   58.69433    0.56131       9472
   4.73019     18.66579   58.54231    0.57594       9525
   4.74019     18.62644   58.39900    0.61527       9596
   4.75019     18.58726   58.29121    0.60040       9638
   4.76019     18.54824   58.03422    0.56474       9522
   4.77018     18.50939   57.90966    0.62790       9637
   4.78018     18.47069   57.68748    0.56047       9616
   4.79018     18.43216   57.63106    0.53419       9619
   4.80018     18.39379   57.45438    0.58873       9718
   4.81018     18.35558   57.35816    0.55211       9711
   4.82018     18.31753   57.20101    0.63439       9744
   4.83017     18.27964   57.00382    0.51961       9643
   4.84017     18.24190   56.90739    0.62269       9728
   4.85017     18.20432   56.81670    0.67415       9899
   4.86017     18.16689   56.69298    0.54743       9941
   4.87017     18.12962   56.52266    0.55958       9971
   4.88017     18.09250   56.32932    0.63622       9631
   4.89016     18.05553   56.10156    0.62163       9706
   4.90016     18.01871   56.15827    0.49425       9768
   4.91016     17.98204   55.94956    0.54297      10096
   4.92016     17.94552   55.92539    0.65909       9936
   4.93016     17.90915   55.64772    0.48801       9957
   4.94016     17.87293   55.63184    0.55735       9865
   4.95015     17.83685   55.44381    0.52285      10047
   4.96015     17.80092   55.48155    0.60377      10140
   4.97015     17.76513   55.20329    0.59541      10120
   4.98015     17.72949   55.17756    0.53375      10041
   4.99015     17.69399   54.92563    0.68916      10042
   5.00015     17.65863   54.90424    0.64186      10132
   5.01014     17.62341   54.68771    0.50440      10059
   5.02014     17.58833   54.66497    0.51714      10112
   5.03014     17.55340   54.49576    0.48612      10130
   5.04014     17.51860   54.37623    0.57762      10109
   5.05014     17.48394   54.25953    0.49802      10072
   5.06014     17.44941   54.20079    0.60873      10297
   5.07013     17.41503   54.06567    0.51871      10325
   5.08013     17.38077   53.97867    0.57350      10286
   5.09013     17.34665   53.81987    0.58465      10382
   5.10013     17.31267   53.77532    0.56205      10217
   5.11013     17.27882   53.65147    0.54307      10545
   5.12013     17.24510   53.68991    0.68022      10318
   5.13012     17.21151   53.24092    0.54797      10219
   5.14012     17.17806   53.36327    0.48635      10260
   5.15012     17.14473   53.11593    0.45077      10410
   5.16012     17.11153   53.23231    0.54316      10338
   5.17012     17.07846   53.01998    0.56994      10511
   5.18011     17.04552   53.06689    0.51230      10505
   5.19011     17.01271   52.84442    0.57396      10520
   5.20011     16.98002   52.79266    0.53708      10495
   5.21011     16.94746   52.72785    0.52376      10514
   5.22011     16.91502   52.68897    0.55456      10736
   5.23011     16.88271   52.59517    0.54138      10591
   5.24010     16.85052   52.50077    0.70201      10555
   5.25010     16.81845   52.32937    0.55317      10570
   5.26010     16.78650   52.29963    0.50555      10552
   5.27010     16.75468   52.14285    0.45687      10656
   5.28010     16.72297   52.21154    0.48473      10672
   5.29010     16.69139   51.98317    0.51669      10663
   5.30009     16.65993   52.06047    0.53912      10709
   5.31009     16.62858   51.84604    0.50208      10774
   5.32009     16.59735   51.89546    0.60303      10644
   5.33009     16.56624   51.71929    0.52632      10931
   5.34009     16.53524   51.69490    0.55483      10892
   5.35009     16.50437   51.53141    0.56427      10881
   5.36008     16.47360   51.57089    0.50913      10898
   5.37008     16.44295   51.40443    0.51340      10774
   5.38008     16.41242   51.27066    0.48671      10752
   5.39008     16.38200   51.26097    0.50102      10870
   5.40008     16.35169   51.11262    0.50851      10957
   5.41008     16.32149   51.14625    0.46919      10926
   5.42007     16.29141   51.02526    0.59566      11004
   5.43007     16.26143   50.92997    0.55563      10977
   5.44007     16.23157   50.92678    0.49462      11109
   5.45007     16.20181   50.75812    0.53397      10961
   5.46007     16.17217   50.76935    0.47193      11105
   5.47007     16.14263   50.63798    0.48087      11162
   5.48006     16.11320   50.61031    0.52639      10987
   5.49006     16.08388   50.56186    0.62903      11183
   5.50006     16.05466   50.38204    0.56691      11094
   5.51006     16.02555   50.44392    0.49709      11119
   5.52006     15.99655   50.23535    0.44952      11271
   5.53006     15.96765   50.20364    0.49010      11032
   5.54005     15.93885   50.13571    0.48538      11218
   5.55005     15.91016   50.18920    0.48172      11286
   5.56005     15.88157   49.99680    0.56007      11304
   5.57005     15.85309   50.02260    0.46343      11276
   5.58005     15.82471   49.90269    0.58089      11338
   5.59004     15.79642   49.87789    0.50602      11281
   5.60004     15.76824   49.79664    0.54012      11409
   5.61004     15.74016   49.76736    0.53378      11402
   5.62004     15.71218   49.62259    0.45451      11375
   5.63004     15.68430   49.57544    0.50204      11367
   5.64004     15.65652   49.49014    0.45808      11419
   5.65003     15.62884   49.45864    0.51341      11321
   5.66003     15.60125   49.43657    0.48974      11665
   5.67003     15.57376   49.42461    0.49619      11481
   5.68003     15.54637   49.30537    0.56643      11506
   5.69003     15.51908   49.20855    0.46783      11430
   5.70003     15.49188   49.17116    0.44874      11529
   5.71002     15.46477   49.14726    0.51270      11701
   5.72002     15.43777   49.18751    0.50623      11657
   5.73002     15.41085   48.99271    0.50759      11757
   5.74002     15.38403   49.07923    0.52728      11596
   5.75002     15.35730   48.82946    0.53280      11626
   5.76002     15.33067   48.81792    0.50745      11518
   5.77001     15.30412   48.83706    0.51218      11673
   5.78001     15.27767   48.79721    0.41278      11812
   5.79001     15.25131   48.73777    0.41802      11751
   5.80001     15.22505   48.62930    0.49488      11726
   5.81001     15.19887   48.55958    0.49399      11739
   5.82001     15.17278   48.68921    0.57796      11924
   5.83000     15.14678   48.53175    0.48551      11966
   5.84000     15.12087   48.56427    0.53086      11897
   5.85000     15.09505   48.38661    0.53470      11840
   5.86000     15.06932   48.39520    0.46590      11946
   5.87000     15.04367   48.37962    0.49125      11850
   5.88000     15.01812   48.18470    0.44663      11943
   5.88999     14.99264   48.36824    0.46829      11863
   5.89999     14.96726   48.15120    0.43014      12028
   5.90999     14.94196   48.18515    0.52184      11896
   5.91999     14.91675   48.04992    0.47845      12047
   5.92999     14.89162   48.14070    0.50804      12086
   5.93999     14.86658   48.04663    0.46610      12121
   5.94998     14.84162   47.99972    0.49892      12077
   5.95998     14.81674   47.94678    0.47172      12063
   5.96998     14.79195   47.97597    0.47380      12355
   5.97998     14.76724   47.90043    0.49961      12245
   5.98998     14.74261   47.83427    0.54176      12186
   5.99997     14.71807   47.77388    0.47608      12008
   6.00997     14.69361   47.73946    0.41629      12073
   6.01997     14.66922   47.70719    0.40208      12350
   6.02997     14.64492   47.63097    0.51083      12281
   6.03997     14.62070   47.75164    0.44544      12440
   6.04997     14.59656   47.65402    0.44527      12518
   6.05996     14.57250   47.66668    0.45965      12351
   6.06996     14.54852   47.58039    0.55888      12596
   6.07996     14.52462   47.59145    0.45601      12643
   6.08996     14.50080   47.55542    0.48643      12431
   6.09996     14.47705   47.50280    0.54540      12745
   6.10996     14.45338   47.53533    0.53030      12388
   6.11995     14.42979   47.43417    0.39607      12762
   6.12995     14.40628   47.45330    0.41036      12584
   6.13995     14.38284   47.40009    0.41584      12654
   6.14995     14.35948   47.42408    0.45789      12849
   6.15995     14.33620   47.34963    0.49012      12797
   6.16995     14.31299   47.35605    0.48439      12884
   6.17994     14.28985   47.35563    0.47353      12987
   6.18994     14.26680   47.34924    0.45332      13104
   6.19994     14.24381   47.31276    0.44690      13005
   6.20994     14.22090   47.28142    0.51451      13194
   6.21994     14.19806   47.27658    0.50360      13057
   6.22994     14.17530   47.17182    0.42815      13169
   6.23993     14.15261   47.23569    0.43906      13107
   6.24993     14.12999   47.04026    0.39842      13159
   6.25993     14.10744   47.16121    0.44599      13124
   6.26993     14.08497   47.03229    0.41304      13149
   6.27993     14.06257   47.06413    0.54057      13414
   6.28993     14.04024   47.14094    0.41293      13471
   6.29992     14.01798   46.97721    0.43837      13548
   6.30992     13.99579   46.98208    0.47338      13432
   6.31992     13.97367   46.92523    0.50492      13514
   6.32992     13.95162   46.92867    0.44716      13581
   6.33992     13.92964   46.90352    0.43288      13631
   6.34992     13.90773   46.86261    0.46488      13501
   6.35991     13.88589   46.80329    0.43709      13693
   6.36991     13.86411   46.77973    0.43541      13556
   6.37991     13.84241   46.76666    0.45181      13668
   6.38991     13.82077   46.74861    0.40512      13865
   6.39991     13.79920   46.77475    0.41483      13764
   6.40990     13.77770   46.64049    0.41908      13858
   6.41990     13.75627   46.70387    0.45668      13870
   6.42990     13.73490   46.62944    0.48654      14121
   6.43990     13.71360   46.66541    0.47725      14061
   6.44990     13.69236   46.65586    0.48230      13979
   6.45990     13.67119   46.58735    0.39482      14307
   6.46989     13.65009   46.62439    0.45309      13989
   6.47989     13.62905   46.43198    0.41916      13955
   6.48989     13.60807   46.59713    0.38838      14150
   6.49989     13.58716   46.52606    0.45016      14356
   6.50989     13.56632   46.45726    0.41952      14334
   6.51989     13.54553   46.49573    0.44272      14244
   6.52988     13.52482   46.49888    0.42937      14348
   6.53988     13.50416   46.50463    0.44244      14561
   6.54988     13.48357   46.41678    0.47998      14462
   6.55988     13.46304   46.48824    0.42772      14502
   6.56988     13.44258   46.40582    0.39328      14578
   6.57988     13.42217   46.43724    0.44807      14441
   6.58987     13.40183   46.37722    0.43582      14703
   6.59987     13.38155   46.39466    0.42423      14682
   6.60987     13.36133   46.42641    0.41016      14747
   6.61987     13.34117   46.32869    0.50591      14736
   6.62987     13.32108   46.33863    0.38097      14665
   6.63987     13.30104   46.30358    0.41422      14676
   6.64986     13.28106   46.29541    0.40059      14887
   6.65986     13.26115   46.37892    0.44649      15050
   6.66986     13.24129   46.29645    0.38615      15002
   6.67986     13.22149   46.29998    0.55010      14881
   6.68986     13.20176   46.25724    0.42632      15017
   6.69986     13.18208   46.29669    0.40293      15159
   6.70985     13.16246   46.24329    0.40449      15107
   6.71985     13.14290   46.18899    0.44534      14984
   6.72985     13.12339   46.24316    0.41504      15398
   6.73985     13.10395   46.18191    0.39756      15233
   6.74985     13.08456   46.20761    0.46603      15095
   6.75984     13.06523   46.12535    0.35575      15376
   6.76984     13.04595   46.19969    0.43798      15514
   6.77984     13.02674   46.11355    0.45151      15334
   6.78984     13.00758   46.08348    0.38182      15527
   6.79984     12.98847   46.15713    0.48741      15475
   6.80984     12.96943   46.07131    0.36914      15800
   6.81983     12.95044   46.10933    0.40110      15624
   6.82983     12.93150   46.05159    0.40410      15916
   6.83983     12.91262   46.00719    0.45443      15648
   6.84983     12.89379   45.97591    0.40535      15803
   6.85983     12.87502   46.01003    0.38741      15937
   6.86983     12.85631   45.97044    0.43139      15749
   6.87982     12.83765   45.92355    0.38529      15798
   6.88982     12.81904   45.97754    0.39378      16214
   6.89982     12.80049   45.88800    0.39459      16159
   6.90982     12.78199   45.95612    0.40834      16280
   6.91982     12.76354   45.97239    0.40625      16302
   6.92982     12.74515   45.82926    0.39950      16383
   6.93981     12.72681   45.90923    0.38861      16230
   6.94981     12.70852   45.91577    0.44983      16525
   6.95981     12.69029   45.88708    0.39323      16549
   6.96981     12.67210   45.90786    0.40604      16495
   6.97981     12.65397   45.87163    0.40634      16680
   6.98981     12.63590   45.91409    0.39558      16647
   6.99980     12.61787   45.85866    0.44548      16587
   7.00980     12.59990   45.79927    0.33220      16696
   7.01980     12.58197   45.90004    0.39485      16766
   7.02980     12.56410   45.88752    0.37792      16736
   7.03980     12.54628   45.84139    0.41127      16803
   7.04980     12.52851   45.78465    0.44020      16684
   7.05979     12.51079   45.84138    0.36634      16720
   7.06979     12.49311   45.83562    0.45060      16919
   7.07979     12.47549   45.80478    0.36997      16841
   7.08979     12.45792   45.78038    0.44036      16629
   7.09979     12.44040   45.67800    0.33815      16728
   7.10979     12.42293   45.68611    0.40564      16422
   7.11978     12.40551   45.64991    0.38983      16464
   7.12978     12.38813   45.62182    0.39052      16669
   7.13978     12.37081   45.67643    0.36271      16631
   7.14978     12.35353   45.62289    0.35528      16726
   7.15978     12.33630   45.56167    0.46407      16680
   7.16977     12.31912   45.56656    0.39918      16421
   7.17977     12.30199   45.58135    0.40772      16747
   7.18977     12.28490   45.61288    0.35970      16828
   7.19977     12.26786   45.47775    0.45432      16675
   7.20977     12.25087   45.52621    0.39000      16666
   7.21977     12.23393   45.50882    0.37252      16536
   7.22976     12.21703   45.51053    0.36634      16557
   7.23976     12.20019   45.51072    0.38908      16601
   7.24976     12.18338   45.48985    0.41291      16857
   7.25976     12.16663   45.52964    0.37368      16703
   7.26976     12.14991   45.50763    0.35921      16829
   7.27976     12.13325   45.45662    0.41187      16784
   7.28975     12.11663   45.51786    0.41811      16829
   7.29975     12.10006   45.49481    0.38807      16798
   7.30975     12.08353   45.45940    0.40328      16960
   7.31975     12.06705   45.49271    0.37998      16682
   7.32975     12.05061   45.41710    0.40834      16779
   7.33975     12.03422   45.47577    0.37754      16778
   7.34974     12.01787   45.44206    0.38129      16982
   7.35974     12.00156   45.40633    0.39412      16804
   7.36974     11.98530   45.44041    0.36153      16905
   7.37974     11.96909   45.34109    0.37887      16912
   7.38974     11.95292   45.38845    0.38002      16998
   7.39974     11.93679   45.36412    0.37798      16969
   7.40973     11.92070   45.38158    0.42958      17162
   7.41973     11.90466   45.38668    0.41228      16983
   7.42973     11.88866   45.28748    0.38387      17259
   7.43973     11.87271   45.31273    0.40522      16930
   7.44973     11.85680   45.36279    0.38136      16912
   7.45973     11.84093   45.24338    0.34741      17061
   7.46972     11.82510   45.27764    0.38526      17228
   7.47972     11.80932   45.27650    0.39985      16964
   7.48972     11.79358   45.21360    0.38275      17258
   7.49972     11.77787   45.27211    0.36923      17188
   7.50972     11.76222   45.24754    0.37353      17183
   7.51972     11.74660   45.20537    0.40648      17218
   7.52971     11.73102   45.23060    0.42116      17527
   7.53971     11.71549   45.21608    0.38877      17347
   7.54971     11.70000   45.23526    0.35228      17289
   7.55971     11.68455   45.17630    0.44570      17231
   7.56971     11.66914   45.14857    0.36403      17331
   7.57970     11.65376   45.18414    0.34676      17240
   7.58970     11.63844   45.13438    0.38616      17495
   7.59970     11.62315   45.18507    0.39357      17429
   7.60970     11.60790   45.12137    0.39346      17388
   7.61970     11.59269   45.13342    0.37102      17579
   7.62970     11.57752   45.12993    0.36675      17547
   7.63969     11.56239   45.14228    0.37517      17421
   7.64969     11.54730   45.10742    0.43283      17659
   7.65969     11.53225   45.11300    0.39232      17538
   7.66969     11.51724   45.10895    0.34854      17777
   7.67969     11.50227   45.06375    0.38155      17639
   7.68969     11.48733   45.13190    0.39740      17613
   7.69968     11.47244   45.02210    0.35025      17615
   7.70968     11.45758   45.05285    0.40175      17618
   7.71968     11.44277   45.03678    0.34891      17706
   7.72968     11.42799   45.02231    0.40632      17681
   7.73968     11.41325   45.08764    0.39335      17919
   7.74968     11.39854   44.97779    0.33457      17919
   7.75967     11.38388   45.02844    0.41141      17870
   7.76967     11.36925   45.05252    0.38221      17822
   7.77967     11.35466   44.98682    0.39047      18091
   7.78967     11.34011   45.00496    0.36934      17955
   7.79967     11.32560   45.01392    0.38586      17778
   7.80967     11.31112   44.97474    0.35521      17954
   7.81966     11.29668   44.96537    0.36357      17947
   7.82966     11.28228   44.97471    0.37607      18032
   7.83966     11.26791   44.98508    0.34911      18124
   7.84966     11.25358   44.99023    0.40956      18020
   7.85966     11.23929   44.98416    0.35471      18196
   7.86966     11.22503   44.94028    0.40617      18137
   7.87965     11.21081   44.93006    0.41518      18049
   7.88965     11.19663   44.99545    0.35942      18465
   7.89965     11.18248   44.97364    0.35298      18327
   7.90965     11.16836   44.96950    0.42294      18156
   7.91965     11.15429   44.92731    0.35347      18184
   7.92965     11.14024   44.91031    0.34785      18196
   7.93964     11.12624   44.95194    0.37173      18178
   7.94964     11.11227   44.93603    0.36133      18538
   7.95964     11.09833   44.95063    0.37489      18434
   7.96964     11.08443   44.91298    0.38793      18324
   7.97964     11.07056   44.92314    0.36719      18439
   7.98963     11.05673   44.88005    0.39122      18453
   7.99963     11.04294   44.87111    0.37490      18575
   8.00963     11.02917   44.94694    0.34655      18669
   8.01963     11.01545   44.93926    0.37168      18573
   8.02963     11.00175   44.88125    0.38027      18672
   8.03963     10.98809   44.89258    0.36008      18355
   8.04962     10.97447   44.89762    0.36815      18522
   8.05962     10.96087   44.82095    0.37513      18752
   8.06962     10.94732   44.87151    0.34240      18841
   8.07962     10.93379   44.92695    0.38843      18612
   8.08962     10.92030   44.84620    0.37361      18909
   8.09962     10.90684   44.84810    0.39401      18655
   8.10961     10.89342   44.86302    0.34710      18644
   8.11961     10.88003   44.83997    0.35902      18947
   8.12961     10.86667   44.87154    0.36861      19114
   8.13961     10.85334   44.90811    0.37022      18910
   8.14961     10.84005   44.87326    0.38038      18902
   8.15961     10.82679   44.82925    0.38779      18667
   8.16960     10.81356   44.91097    0.32545      18980
   8.17960     10.80037   44.83103    0.34740      18956
   8.18960     10.78720   44.86968    0.34418      19070
   8.19960     10.77407   44.91046    0.40899      19170
   8.20960     10.76097   44.86254    0.38270      19135
   8.21960     10.74791   44.88193    0.37303      18941
   8.22959     10.73487   44.84823    0.37657      19265
   8.23959     10.72187   44.89523    0.32482      19256
   8.24959     10.70889   44.90099    0.43395      19176
   8.25959     10.69595   44.94062    0.36142      19321
   8.26959     10.68304   44.87312    0.32938      19190
   8.27959     10.67017   44.89091    0.39784      19077
   8.28958     10.65732   44.92743    0.33613      19267
   8.29958     10.64450   44.91727    0.33281      19493
   8.30958     10.63172   44.91597    0.36040      19432
   8.31958     10.61896   44.93106    0.40682      19441
   8.32958     10.60624   44.93149    0.37260      19439
   8.33958     10.59355   44.90521    0.40554      19410
   8.34957     10.58088   44.94241    0.33284      19464
   8.35957     10.56825   44.92443    0.37196      19545
   8.36957     10.55565   44.92247    0.37888      19649
   8.37957     10.54308   44.96208    0.31995      19639
   8.38957     10.53053   44.94127    0.34507      19377
   8.39956     10.51802   44.97943    0.40302      19689
   8.40956     10.50554   44.94646    0.34046      19679
   8.41956     10.49308   44.93427    0.36056      19566
   8.42956     10.48066   44.96609    0.37226      19698
   8.43956     10.46827   44.98681    0.34282      19866
   8.44956     10.45590   44.92322    0.36952      19937
   8.45955     10.44357   44.96467    0.39432      19692
   8.46955     10.43126   44.99210    0.32220      19839
   8.47955     10.41898   44.96415    0.39460      19951
   8.48955     10.40674   44.95416    0.37249      19820
   8.49955     10.39452   44.98151    0.33321      19886
   8.50955     10.38233   44.98816    0.34873      20062
   8.51954     10.37016   44.95743    0.39033      19859
   8.52954     10.35803   44.99900    0.34073      20041
   8.53954     10.34593   44.99025    0.32834      19955
   8.54954     10.33385   44.97776    0.34819      19978
   8.55954     10.32180   44.96962    0.37362      20110
   8.56954     10.30978   44.97856    0.37821      20337
   8.57953     10.29779   44.95616    0.37911      20160
   8.58953     10.28582   44.98060    0.34671      20269
   8.59953     10.27389   45.01638    0.34043      20232
   8.60953     10.26198   44.97685    0.42145      20099
   8.61953     10.25010   44.93345    0.30413      20255
   8.62953     10.23824   45.00616    0.37162      20340
   8.63952     10.22642   45.01087    0.32323      20333
   8.64952     10.21462   44.98868    0.34834      20368
   8.65952     10.20285   45.01713    0.35253      20405
   8.66952     10.19110   45.00740    0.36428      20250
   8.67952     10.17939   44.98182    0.37336      20299
   8.68952     10.16770   45.03768    0.38795      20733
   8.69951     10.15603   45.03208    0.37548      20553
   8.70951     10.14440   45.02424    0.34050      20702
   8.71951     10.13279   45.05327    0.32798      20558
   8.72951     10.12120   45.01813    0.36487      20548
   8.73951     10.10965   45.04178    0.34239      20489
   8.74950     10.09812   45.09352    0.33490      20621
   8.75950     10.08661   45.02505    0.37439      20608
   8.76950     10.07514   45.09020    0.31484      20807
   8.77950     10.06368   45.09174    0.38726      20652
   8.78950     10.05226   45.04913    0.36237      20869
   8.79950     10.04086   45.10303    0.35680      20848
   8.80949     10.02949   45.09899    0.36591      20757
   8.81949     10.01814   45.06977    0.32703      20932
   8.82949     10.00682   45.11723    0.34291      20878
   8.83949      9.99552   45.12150    0.39238      20889
   8.84949      9.98425   45.10965    0.31733      20925
   8.85949      9.97300   45.13565    0.39794      20940
   8.86948      9.96178   45.08811    0.31368      20934
   8.87948      9.95059   45.11584    0.35445      20680
   8.88948      9.93942   45.13908    0.35754      21086
   8.89948      9.92828   45.12651    0.34070      21073
   8.90948      9.91716   45.14345    0.32445      21044
   8.91948      9.90606   45.12956    0.38087      21306
   8.92947      9.89499   45.12114    0.37158      20972
   8.93947      9.88395   45.14814    0.36455      21030
   8.94947      9.87293   45.09541    0.33781      21129
   8.95947      9.86193   45.16966    0.36950      21137
   8.96947      9.85096   45.14377    0.35470      21152
   8.97947      9.84002   45.14537    0.33957      21232
   8.98946      9.82910   45.15690    0.30271      21147
   8.99946      9.81820   45.12941    0.33580      21083
   9.00946      9.80732   45.18149    0.34018      21192
   9.01946      9.79648   45.22121    0.38055      21317
   9.02946      9.78565   45.16468    0.34906      21206
   9.03946      9.77485   45.19793    0.35504      21454
   9.04945      9.76407   45.21695    0.36449      21524
   9.05945      9.75332   45.19291    0.39503      21181
   9.06945      9.74259   45.23627    0.35996      21226
   9.07945      9.73188   45.18173    0.31906      21295
   9.08945      9.72120   45.25671    0.31472      21471
   9.09945      9.71054   45.25297    0.32179      21464
   9.10944      9.69991   45.23783    0.38520      21433
   9.11944      9.68929   45.26896    0.32500      21428
   9.12944      9.67870   45.29263    0.35529      21312
   9.13944      9.66814   45.30501    0.35114      21439
   9.14944      9.65760   45.28594    0.39746      21453
   9.15943      9.64708   45.30941    0.32880      21626
   9.16943      9.63658   45.34710    0.33748      21800
   9.17943      9.62611   45.31244    0.36802      21588
   9.18943      9.61565   45.37619    0.37133      21436
   9.19943      9.60523   45.33236    0.31471      21579
   9.20943      9.59482   45.37036    0.31614      21558
   9.21942      9.58444   45.40992    0.34875      21598
   9.22942      9.57408   45.37524    0.39626      21632
   9.23942      9.56374   45.40770    0.30892      21810
   9.24942      9.55342   45.43080    0.35248      21687
   9.25942      9.54313   45.43774    0.35105      21647
   9.26942      9.53286   45.43440    0.33447      21651
   9.27941      9.52261   45.45670    0.38434      21734
   9.28941      9.51238   45.44118    0.33273      22057
   9.29941      9.50218   45.45163    0.36202      21773
   9.30941      9.49200   45.47643    0.38255      21743
   9.31941      9.48183   45.46247    0.31337      21840
   9.32941      9.47170   45.45530    0.32353      21730
   9.33940      9.46158   45.50483    0.34389      21792
   9.34940      9.45148   45.47791    0.37128      21883
   9.35940      9.44141   45.47136    0.29372      21977
   9.36940      9.43135   45.52177    0.35571      21813
   9.37940      9.42132   45.47054    0.34488      21903
   9.38940      9.41131   45.49155    0.34150      21777
   9.39939      9.40133   45.50238    0.38752      21906
   9.40939      9.39136   45.49621    0.36693      22128
   9.41939      9.38141   45.49800    0.36526      21978
   9.42939      9.37149   45.51849    0.35690      21919
   9.43939      9.36158   45.48732    0.30469      21987
   9.44939      9.35170   45.48698    0.31020      21892
   9.45938      9.34184   45.52284    0.36828      21803
   9.46938      9.33200   45.47590    0.34362      21967
   9.47938      9.32218   45.53692    0.31570      22143
   9.48938      9.31238   45.54773    0.34808      21866
   9.49938      9.30260   45.50208    0.36676      22045
   9.50938      9.29284   45.52632    0.35965      22102
   9.51937      9.28310   45.50211    0.33048      22137
   9.52937      9.27338   45.52527    0.36597      22124
   9.53937      9.26369   45.55714    0.37347      22118
   9.54937      9.25401   45.52669    0.31529      22052
   9.55937      9.24435   45.55366    0.30343      21984
   9.56936      9.23472   45.51789    0.35329      21982
   9.57936      9.22510   45.53122    0.34313      22105
   9.58936      9.21550   45.52495    0.36519      21973
   9.59936      9.20593   45.56829    0.32799      22277
   9.60936      9.19637   45.54896    0.34706      22183
   9.61936      9.18684   45.56181    0.32812      22183
   9.62935      9.17732   45.56495    0.33829      21960
   9.63935      9.16782   45.53956    0.34392      22329
   9.64935      9.15835   45.56317    0.35055      22312
   9.65935      9.14889   45.53727    0.41411      22151
   9.66935      9.13945   45.58175    0.30763      22092
   9.67935      9.13003   45.56065    0.31386      22243
   9.68934      9.12063   45.53627    0.34284      22224
   9.69934      9.11126   45.54912    0.36887      21970
   9.70934      9.10190   45.55386    0.33444      22345
   9.71934      9.09255   45.56201    0.32273      22264
   9.72934      9.08323   45.55793    0.33322      22334
   9.73934      9.07393   45.61070    0.30550      22271
   9.74933      9.06465   45.54355    0.40397      22390
   9.75933      9.05538   45.57001    0.36834      22257
   9.76933      9.04614   45.59815    0.34449      22342
   9.77933      9.03691   45.57301    0.38339      22405
   9.78933      9.02770   45.62272    0.33520      22209
   9.79933      9.01852   45.53592    0.29418      22330
   9.80932      9.00935   45.59779    0.33631      22376
   9.81932      9.00020   45.54790    0.32371      22223
   9.82932      8.99106   45.59295    0.34684      22477
   9.83932      8.98195   45.59304    0.34160      22298
   9.84932      8.97285   45.62397    0.31941      22440
   9.85932      8.96378   45.59891    0.34352      22255
   9.86931      8.95472   45.58910    0.39526      22603
   9.87931      8.94568   45.59857    0.34392      22541
   9.88931      8.93666   45.58967    0.35759      22521
   9.89931      8.92765   45.61575    0.33662      22523
   9.90931      8.91867   45.59161    0.31322      22329
   9.91931      8.90970   45.59604    0.29159      22405
   9.92930      8.90075   45.55095    0.37149      22368
   9.93930      8.89182   45.58061    0.36038      22365
   9.94930      8.88291   45.58526    0.31485      22480
   9.95930      8.87401   45.59633    0.35394      22683
   9.96930      8.86513   45.61723    0.32831      22539
   9.97929      8.85627   45.60025    0.32332      22527
   9.98929      8.84743   45.59618    0.38698      22635
   9.99929      8.83861   45.57050    0.32496      22563
  10.00929      8.82980   45.59770    0.38418      22709
  10.01929      8.82101   45.56812    0.32152      22628
  10.02929      8.81224   45.63249    0.31650      22371
  10.03928      8.80349   45.58840    0.33244      22685
  10.04928      8.79475   45.58078    0.34928      22513
  10.05928      8.78603   45.58034    0.33539      22439
  10.06928      8.77733   45.58667    0.31927      22555
  10.07928      8.76865   45.63142    0.34020      22868
  10.08928      8.75998   45.63846    0.30504      22764
  10.09927      8.75133   45.67684    0.35271      22669
  10.10927      8.74270   45.61461    0.35901      22833
  10.11927      8.73408   45.64794    0.36309      22711
  10.12927      8.72548   45.61396    0.34261      22696
  10.13927      8.71690   45.64483    0.34610      22504
  10.14927      8.70834   45.66457    0.32401      22659
  10.15926      8.69979   45.68395    0.31468      22867
  10.16926      8.69126   45.64169    0.35136      22725
  10.17926      8.68274   45.67986    0.30995      22729
  10.18926      8.67424   45.65458    0.32542      22803
  10.19926      8.66576   45.68972    0.32888      22899
  10.20926      8.65730   45.72236    0.32611      22540
  10.21925      8.64885   45.73357    0.37851      22776
  10.22925      8.64042   45.70624    0.34417      23049
  10.23925      8.63201   45.69322    0.34034      23022
  10.24925      8.62361   45.70529    0.36335      22897
  10.25925      8.61523   45.69029    0.34443      22700
  10.26925      8.60686   45.72108    0.29724      22774
  10.27924      8.59851   45.74081    0.35318      22691
  10.28924      8.59018   45.71138    0.31628      22759
  10.29924      8.58186   45.70465    0.33258      23070
  10.30924      8.57356   45.70919    0.32202      22999
  10.31924      8.56528   45.68988    0.33338      23042
  10.32924      8.55701   45.77498    0.33173      22859
  10.33923      8.54876   45.73554    0.35094      22939
  10.34923      8.54052   45.73415    0.35101      22834
  10.35923      8.53230   45.70751    0.33197      23127
  10.36923      8.52409   45.72202    0.31683      23158
  10.37923      8.51591   45.68847    0.35818      22863
  10.38922      8.50773   45.70767    0.31736      22901
  10.39922      8.49957   45.71953    0.33084      22937
  10.40922      8.49143   45.72876    0.33086      22951
  10.41922      8.48331   45.68007    0.32136      22941
  10.42922      8.47520   45.72029    0.33710      23199
  10.43922      8.46710   45.67936    0.33312      23143
  10.44921      8.45902   45.74770    0.30389      23095
  10.45921      8.45096   45.69436    0.37298      23072
  10.46921      8.44291   45.73984    0.35442      23036
  10.47921      8.43488   45.66516    0.30624      23477
  10.48921      8.42686   45.68127    0.35662      22991
  10.49921      8.41886   45.66020    0.33532      23062
  10.50920      8.41087   45.67423    0.35855      22977
  10.51920      8.40290   45.66087    0.31193      22938
  10.52920      8.39494   45.66619    0.30928      23186
  10.53920      8.38700   45.66455    0.33158      23159
  10.54920      8.37907   45.65060    0.32041      23436
  10.55920      8.37116   45.62985    0.31250      23384
  10.56919      8.36327   45.67831    0.34607      23033
  10.57919      8.35538   45.62635    0.33889      23207
  10.58919      8.34752   45.63507    0.36395      23290
  10.59919      8.33967   45.62192    0.33242      23372
  10.60919      8.33183   45.60450    0.33811      23131
  10.61919      8.32401   45.60987    0.33676      23397
  10.62918      8.31620   45.59189    0.31181      23153
  10.63918      8.30841   45.58482    0.32881      22982
  10.64918      8.30063   45.59865    0.30383      23345
  10.65918      8.29286   45.59992    0.34176      23175
  10.66918      8.28512   45.58672    0.33078      23463
  10.67918      8.27738   45.59087    0.32731      23550
  10.68917      8.26966   45.61571    0.32882      23405
  10.69917      8.26196   45.58655    0.33623      23494
  10.70917      8.25426   45.58014    0.35025      23467
  10.71917      8.24659   45.57858    0.32575      23269
  10.72917      8.23892   45.59187    0.33843      23168
  10.73916      8.23128   45.58384    0.30503      23449
  10.74916      8.22364   45.57706    0.32367      23415
  10.75916      8.21602   45.58878    0.34529      23396
  10.76916      8.20842   45.58710    0.31272      23441
  10.77916      8.20083   45.58808    0.34962      23503
  10.78916      8.19325   45.60506    0.31323      23304
  10.79915      8.18569   45.60387    0.32233      23612
  10.80915      8.17814   45.62937    0.32494      23555
  10.81915      8.17060   45.62047    0.36507      23714
  10.82915      8.16308   45.61928    0.32747      23624
  10.83915      8.15557   45.60875    0.32498      23276
  10.84915      8.14808   45.61929    0.33190      23461
  10.85914      8.14060   45.61862    0.29778      23469
  10.86914      8.13313   45.62160    0.35943      23531
  10.87914      8.12568   45.63098    0.36148      23618
  10.88914      8.11824   45.64225    0.29221      23630
  10.89914      8.11082   45.64114    0.34439      23448
  10.90914      8.10341   45.63178    0.31510      23868
  10.91913      8.09601   45.64673    0.31086      23528
  10.92913      8.08863   45.67498    0.33635      23581
  10.93913      8.08126   45.65927    0.34067      23737
  10.94913      8.07390   45.65890    0.32585      23707
  10.95913      8.06655   45.65041    0.32297      23586
  10.96913      8.05922   45.65265    0.35984      23738
  10.97912      8.05191   45.66062    0.30687      23529
  10.98912      8.04460   45.67243    0.33593      23561
  10.99912      8.03731   45.66856    0.32483      23777
  11.00912      8.03004   45.68146    0.33589      23637
  11.01912      8.02277   45.66674    0.29371      23936
  11.02912      8.01552   45.67896    0.33457      24058
  11.03911      8.00829   45.71738    0.31880      23726
  11.04911      8.00106   45.70795    0.33929      23674
  11.05911      7.99385   45.71515    0.33955      23697
  11.06911      7.98665   45.69719    0.31245      23790
  11.07911      7.97947   45.68690    0.34353      23776
  11.08911      7.97229   45.69693    0.32715      23696
  11.09910      7.96514   45.71066    0.31244      23944
  11.10910      7.95799   45.71809    0.31362      23709
  11.11910      7.95086   45.73221    0.35742      23889
  11.12910      7.94374   45.73566    0.32746      23879
  11.13910      7.93663   45.71893    0.29704      24012
  11.14909      7.92953   45.73177    0.33065      23955
  11.15909      7.92245   45.75174    0.31624      23890
  11.16909      7.91538   45.75237    0.32836      23940
  11.17909      7.90832   45.75443    0.33070      23979
  11.18909      7.90128   45.75417    0.32039      23818
  11.19909      7.89425   45.73440    0.34783      23850
  11.20908      7.88723   45.74277    0.30800      23918
  11.21908      7.88022   45.74862    0.32607      23964
  11.22908      7.87323   45.73213    0.31014      24007
  11.23908      7.86625   45.75221    0.37182      24135
  11.24908      7.85928   45.74297    0.30943      23921
  11.25908      7.85232   45.74212    0.33320      23976
  11.26907      7.84538   45.74171    0.30530      24147
  11.27907      7.83844   45.75193    0.29899      24134
  11.28907      7.83152   45.75433    0.35919      24232
  11.29907      7.82462   45.73974    0.32309      23990
  11.30907      7.81772   45.72684    0.31763      23952
  11.31907      7.81084   45.73690    0.33202      23865
  11.32906      7.80397   45.70913    0.31866      23959
  11.33906      7.79711   45.70997    0.30840      24216
  11.34906      7.79026   45.72407    0.32896      24263
  11.35906      7.78343   45.72398    0.34807      24276
  11.36906      7.77661   45.70597    0.31325      24208
  11.37906      7.76980   45.71448    0.33819      24418
  11.38905      7.76300   45.70407    0.29313      24059
  11.39905      7.75621   45.70820    0.32106      23891
  11.40905      7.74944   45.69106    0.35138      24102
  11.41905      7.74267   45.70796    0.29931      24336
  11.42905      7.73592   45.68288    0.33296      24223
  11.43905      7.72918   45.66802    0.31392      24159
  11.44904      7.72246   45.67439    0.32428      24369
  11.45904      7.71574   45.68449    0.32545      24304
  11.46904      7.70904   45.67523    0.31685      24085
  11.47904      7.70234   45.64862    0.35219      24134
  11.48904      7.69566   45.66489    0.32514      24520
  11.49904      7.68899   45.64601    0.31558      24600
  11.50903      7.68234   45.67078    0.29946      24453
  11.51903      7.67569   45.66484    0.32473      24245
  11.52903      7.66906   45.65851    0.31671      24209
  11.53903      7.66243   45.64133    0.31948      24325
  11.54903      7.65582   45.61418    0.31735      24231
  11.55902      7.64922   45.60780    0.33689      24160
  11.56902      7.64264   45.61175    0.31160      24312
  11.57902      7.63606   45.61506    0.33118      24479
  11.58902      7.62949   45.62098    0.32058      24725
  11.59902      7.62294   45.59806    0.33614      24427
  11.60902      7.61640   45.60556    0.31500      24561
  11.61901      7.60986   45.57246    0.30525      24646
  11.62901      7.60334   45.61603    0.31392      24170
  11.63901      7.59684   45.60634    0.30353      24443
  11.64901      7.59034   45.59224    0.34180      24629
  11.65901      7.58385   45.57373    0.32349      24444
  11.66901      7.57738   45.56132    0.31523      24242
  11.67900      7.57091   45.57718    0.30061      24476
  11.68900      7.56446   45.55681    0.34489      24673
  11.69900      7.55801   45.55765    0.32633      24580
  11.70900      7.55158   45.55928    0.29168      24691
  11.71900      7.54516   45.55778    0.36716      24688
  11.72900      7.53875   45.55509    0.29692      24668
  11.73899      7.53236   45.57095    0.32323      24584
  11.74899      7.52597   45.59361    0.32252      24237
  11.75899      7.51959   45.56656    0.30119      24797
  11.76899      7.51323   45.55687    0.36321      24585
  11.77899      7.50687   45.53435    0.31232      24367
  11.78899      7.50053   45.54603    0.28904      24742
  11.79898      7.49419   45.55881    0.31878      24746
  11.80898      7.48787   45.56024    0.32013      24689
  11.81898      7.48156   45.57546    0.31283      24725
  11.82898      7.47526   45.54860    0.31800      24756
  11.83898      7.46897   45.55320    0.34030      24833
  11.84898      7.46269   45.55305    0.30074      24970
  11.85897      7.45642   45.57453    0.32786      24655
  11.86897      7.45016   45.58731    0.33062      24816
  11.87897      7.44391   45.58684    0.32998      24584
  11.88897      7.43767   45.58460    0.29734      24652
  11.89897      7.43145   45.55359    0.31114      24740
  11.90897      7.42523   45.56533    0.29026      24682
  11.91896      7.41902   45.56235    0.32359      24677
  11.92896      7.41283   45.57375    0.31574      24991
  11.93896      7.40664   45.57562    0.32506      25077
  11.94896      7.40047   45.58187    0.34529      24902
  11.95896      7.39430   45.58865    0.31518      24977
  11.96895      7.38815   45.58344    0.30826      24840
  11.97895      7.38200   45.60847    0.33633      24816
  11.98895      7.37587   45.58798    0.30515      25011
  11.99895      7.36975   45.59816    0.31168      24932
  12.00895      7.36363   45.58023    0.33442      24563
  12.01895      7.35753   45.59555    0.28081      24794
  12.02894      7.35144   45.58781    0.30937      25080
  12.03894      7.34535   45.59422    0.33027      25081
  12.04894      7.33928   45.58813    0.32239      24835
  12.05894      7.33322   45.58382    0.33597      25192
  12.06894      7.32717   45.59481    0.32360      25037
  12.07894      7.32112   45.59833    0.27891      25184
  12.08893      7.31509   45.61496    0.33292      25006
  12.09893      7.30907   45.61073    0.32235      25107
  12.10893      7.30305   45.62304    0.29788      24853
  12.11893      7.29705   45.61018    0.33342      24924
  12.12893      7.29106   45.60950    0.32394      24931
  12.13893      7.28508   45.59133    0.29226      24977
  12.14892      7.27910   45.59435    0.33268      25012
  12.15892      7.27314   45.61982    0.30107      25329
  12.16892      7.26719   45.63016    0.33976      25195
  12.17892      7.26124   45.62251    0.29371      25206
  12.18892      7.25531   45.61898    0.30598      25308
  12.19892      7.24939   45.62199    0.31572      25234
  12.20891      7.24347   45.63214    0.30269      25053
  12.21891      7.23757   45.62475    0.31989      25148
  12.22891      7.23167   45.62481    0.33483      25263
  12.23891      7.22579   45.61277    0.34255      25009
  12.24891      7.21991   45.64066    0.31104      25133
  12.25891      7.21404   45.65206    0.29032      25150
  12.26890      7.20819   45.62780    0.30189      25352
  12.27890      7.20234   45.61666    0.31441      25283
  12.28890      7.19650   45.60995    0.31646      25430
  12.29890      7.19068   45.61300    0.30074      25294
  12.30890      7.18486   45.63063    0.31201      25237
  12.31889      7.17905   45.62359    0.31132      25182
  12.32889      7.17325   45.64038    0.32599      25298
  12.33889      7.16746   45.61708    0.33590      25540
  12.34889      7.16168   45.59861    0.32738      25230
  12.35889      7.15591   45.61215    0.29215      25195
  12.36889      7.15015   45.59754    0.30715      25527
  12.37888      7.14439   45.58490    0.30345      25286
  12.38888      7.13865   45.59138    0.30210      25335
  12.39888      7.13292   45.59746    0.32500      25464
  12.40888      7.12719   45.57825    0.29714      25393
  12.41888      7.12147   45.56884    0.32544      25521
  12.42888      7.11577   45.54752    0.31278      25575
  12.43887      7.11007   45.55505    0.33179      25516
  12.44887      7.10438   45.55227    0.30514      25523
  12.45887      7.09870   45.54901    0.29478      25271
  12.46887      7.09303   45.52678    0.34957      25264
  12.47887      7.08737   45.53709    0.27151      25548
  12.48887      7.08172   45.52305    0.31194      25501
  12.49886      7.07608   45.51800    0.32937      25379
  12.50886      7.07045   45.52061    0.32616      25713
  12.51886      7.06482   45.51116    0.29871      25742
  12.52886      7.05921   45.50790    0.32885      25446
  12.53886      7.05360   45.50637    0.30683      25560
  12.54886      7.04800   45.52136    0.30479      25715
  12.55885      7.04241   45.52729    0.30060      25434
  12.56885      7.03683   45.51302    0.31517      25647
  12.57885      7.03126   45.51114    0.31201      25499
  12.58885      7.02570   45.51184    0.29003      25480
  12.59885      7.02015   45.51568    0.31268      25627
  12.60885      7.01460   45.52513    0.34074      25816
  12.61884      7.00907   45.52467    0.31997      25832
  12.62884      7.00354   45.54818    0.30924      25734
  12.63884      6.99802   45.56579    0.31188      25588
  12.64884      6.99252   45.54980    0.29166      25858
  12.65884      6.98702   45.54270    0.30219      25856
  12.66884      6.98152   45.57115    0.29942      25737
  12.67883      6.97604   45.56653    0.29850      25694
  12.68883      6.97057   45.55968    0.34337      25401
  12.69883      6.96510   45.53906    0.29903      25621
  12.70883      6.95964   45.58218    0.30743      25807
  12.71883      6.95419   45.58904    0.32579      25739
  12.72882      6.94875   45.58739    0.32416      25932
  12.73882      6.94332   45.57453    0.29352      26154
  12.74882      6.93790   45.57493    0.29515      25869
  12.75882      6.93249   45.57977    0.31213      25826
  12.76882      6.92708   45.58355    0.28946      25831
  12.77882      6.92168   45.57718    0.31277      25676
  12.78881      6.91629   45.56876    0.30971      25768
  12.79881      6.91091   45.55952    0.32379      25784
  12.80881      6.90554   45.55157    0.33115      25822
  12.81881      6.90018   45.55003    0.29359      26113
  12.82881      6.89482   45.55219    0.28748      25980
  12.83881      6.88948   45.54955    0.32149      26075
  12.84880      6.88414   45.54147    0.31503      26091
  12.85880      6.87881   45.53471    0.27448      25923
  12.86880      6.87348   45.52220    0.32241      25787
  12.87880      6.86817   45.52002    0.33183      26044
  12.88880      6.86287   45.52297    0.30394      26215
  12.89880      6.85757   45.52094    0.32311      25967
  12.90879      6.85228   45.49807    0.30953      25810
  12.91879      6.84700   45.48486    0.30481      26003
  12.92879      6.84173   45.48050    0.29500      25987
  12.93879      6.83646   45.47695    0.28032      26114
  12.94879      6.83121   45.48229    0.31401      26046
  12.95879      6.82596   45.48614    0.29294      26106
  12.96878      6.82072   45.46622    0.31758      25928
  12.97878      6.81549   45.47577    0.29367      26362
  12.98878      6.81026   45.48091    0.36501      26316
  12.99878      6.80505   45.48015    0.30524      26189
  13.00878      6.79984   45.49189    0.32764      26116
  13.01878      6.79464   45.49376    0.30928      25918
  13.02877      6.78945   45.46772    0.29627      26077
  13.03877      6.78426   45.47204    0.27881      25877
  13.04877      6.77909   45.49205    0.28790      26370
  13.05877      6.77392   45.48162    0.31313      26328
  13.06877      6.76876   45.49838    0.29402      26328
  13.07877      6.76361   45.50981    0.30372      26337
  13.08876      6.75846   45.49082    0.31935      26253
  13.09876      6.75333   45.50695    0.34459      26338
  13.10876      6.74820   45.51790    0.32048      26372
  13.11876      6.74308   45.51489    0.27047      26276
  13.12876      6.73796   45.52604    0.31744      26070
  13.13875      6.73286   45.52681    0.30876      26378
  13.14875      6.72776   45.50685    0.31183      26152
  13.15875      6.72267   45.53134    0.26965      26397
  13.16875      6.71759   45.53738    0.32159      26276
  13.17875      6.71252   45.54227    0.30337      26387
  13.18875      6.70745   45.54568    0.29299      26443
  13.19874      6.70239   45.55172    0.34455      26261
  13.20874      6.69734   45.52749    0.28844      26363
  13.21874      6.69230   45.53477    0.32937      26527
  13.22874      6.68726   45.54117    0.29679      26646
  13.23874      6.68224   45.55251    0.27573      26223
  13.24874      6.67721   45.53907    0.31338      26466
  13.25873      6.67220   45.53194    0.33491      26464
  13.26873      6.66720   45.53044    0.28954      26302
  13.27873      6.66220   45.54623    0.31429      26450
  13.28873      6.65721   45.53888    0.30018      26488
  13.29873      6.65223   45.52279    0.29426      26422
  13.30873      6.64725   45.51397    0.27594      26688
  13.31872      6.64228   45.53649    0.32879      26680
  13.32872      6.63732   45.49022    0.28863      26608
  13.33872      6.63237   45.51568    0.31668      26716
  13.34872      6.62743   45.51443    0.29370      26496
  13.35872      6.62249   45.50172    0.30414      26439
  13.36872      6.61756   45.48523    0.32972      26393
  13.37871      6.61263   45.47606    0.30949      26559
  13.38871      6.60772   45.44925    0.30775      26715
  13.39871      6.60281   45.45590    0.29111      26685
  13.40871      6.59791   45.47826    0.30378      26561
  13.41871      6.59302   45.45529    0.26945      26747
  13.42871      6.58813   45.44379    0.29499      26758
  13.43870      6.58325   45.44431    0.30879      26816
  13.44870      6.57838   45.43993    0.31503      26754
  13.45870      6.57351   45.41957    0.32202      26598
  13.46870      6.56866   45.41838    0.30059      26428
  13.47870      6.56381   45.38925    0.29939      26698
  13.48870      6.55896   45.37501    0.32099      26674
  13.49869      6.55413   45.39281    0.28866      26789
  13.50869      6.54930   45.37728    0.28995      26956
  13.51869      6.54448   45.38700    0.29369      26714
  13.52869      6.53966   45.38215    0.29300      26874
  13.53869      6.53486   45.37081    0.29540      26749
  13.54868      6.53006   45.35733    0.30434      26840
  13.55868      6.52526   45.34648    0.34217      26941
  13.56868      6.52048   45.32287    0.27933      26985
  13.57868      6.51570   45.34449    0.33834      26552
  13.58868      6.51093   45.34069    0.28287      26754
  13.59868      6.50616   45.29459    0.29511      26886
  13.60867      6.50141   45.30670    0.28989      27073
  13.61867      6.49666   45.31138    0.28020      26948
  13.62867      6.49191   45.32442    0.31056      26746
  13.63867      6.48718   45.31277    0.29769      27006
  13.64867      6.48245   45.29660    0.29658      27085
  13.65867      6.47772   45.29731    0.33440      26991
  13.66866      6.47301   45.31239    0.31924      26936
  13.67866      6.46830   45.29875    0.28994      27123
  13.68866      6.46360   45.30216    0.27900      26858
  13.69866      6.45890   45.30140    0.31316      26813
  13.70866      6.45421   45.29183    0.28421      26903
  13.71866      6.44953   45.30160    0.27782      26922
  13.72865      6.44486   45.28848    0.28165      27110
  13.73865      6.44019   45.30509    0.31150      27002
  13.74865      6.43553   45.30611    0.33363      27181
  13.75865      6.43087   45.31964    0.30581      27000
  13.76865      6.42623   45.31597    0.29804      27194
  13.77865      6.42159   45.33879    0.31875      27484
  13.78864      6.41695   45.34867    0.30336      27031
  13.79864      6.41232   45.34957    0.31023      26833
  13.80864      6.40770   45.34768    0.25798      27148
  13.81864      6.40309   45.34532    0.30080      27098
  13.82864      6.39848   45.34064    0.28990      27036
  13.83864      6.39388   45.37149    0.27641      27268
  13.84863      6.38929   45.37410    0.30738      27124
  13.85863      6.38470   45.36852    0.33480      27090
  13.86863      6.38012   45.38153    0.30179      27467
  13.87863      6.37555   45.39399    0.30090      27453
  13.88863      6.37098   45.41337    0.31413      27272
  13.89863      6.36642   45.40362    0.27513      27274
  13.90862      6.36187   45.39552    0.30026      27379
  13.91862      6.35732   45.42735    0.30012      27047
  13.92862      6.35278   45.40026    0.31352      26986
  13.93862      6.34824   45.37401    0.26544      27393
  13.94862      6.34372   45.39552    0.29488      27333
  13.95861      6.33919   45.39818    0.28977      27171
  13.96861      6.33468   45.39813    0.31163      27248
  13.97861      6.33017   45.40619    0.29535      27496
  13.98861      6.32567   45.38867    0.29727      27464
  13.99861      6.32117   45.38684    0.28930      27485
  14.00861      6.31668   45.38049    0.29128      27455
  14.01860      6.31220   45.37303    0.28960      27506
  14.02860      6.30773   45.36069    0.30806      27349
  14.03860      6.30326   45.34376    0.32133      27323
  14.04860      6.29879   45.32432    0.31653      27421
  14.05860      6.29433   45.34001    0.27323      27062
  14.06860      6.28988   45.32066    0.27765      27636
  14.07859      6.28544   45.31175    0.29982      27435
  14.08859      6.28100   45.32431    0.28675      27536
  14.09859      6.27657   45.32002    0.29679      27417
  14.10859      6.27214   45.28499    0.29945      27728
  14.11859      6.26772   45.29583    0.33292      27527
  14.12859      6.26331   45.26899    0.26875      27650
  14.13858      6.25890   45.26577    0.30145      27358
  14.14858      6.25450   45.24138    0.32440      27626
  14.15858      6.25011   45.23241    0.29759      27478
  14.16858      6.24572   45.24344    0.28698      27343
  14.17858      6.24134   45.24789    0.28067      27706
  14.18858      6.23696   45.24176    0.28003      27544
  14.19857      6.23260   45.23821    0.28907      27614
  14.20857      6.22823   45.24364    0.28600      28008
  14.21857      6.22387   45.24159    0.33628      27754
  14.22857      6.21952   45.22663    0.30195      27600
  14.23857      6.21518   45.22271    0.28114      27862
  14.24857      6.21084   45.24087    0.28739      27611
  14.25856      6.20651   45.23041    0.30586      27399
  14.26856      6.20218   45.19255    0.28737      27697
  14.27856      6.19786   45.23595    0.29034      27545
  14.28856      6.19355   45.22834    0.26363      27706
  14.29856      6.18924   45.23312    0.30079      27796
  14.30855      6.18494   45.24552    0.31517      27881
  14.31855      6.18064   45.24413    0.30904      27825
  14.32855      6.17635   45.23695    0.29191      28003
  14.33855      6.17206   45.22755    0.31708      27761
  14.34855      6.16779   45.22770    0.29039      27831
  14.35855      6.16351   45.22953    0.28212      27813
  14.36854      6.15925   45.23636    0.27884      27766
  14.37854      6.15499   45.22845    0.27367      27585
  14.38854      6.15073   45.23628    0.27927      27642
  14.39854      6.14648   45.24468    0.28678      27907
  14.40854      6.14224   45.23044    0.30755      27861
  14.41854      6.13800   45.22947    0.31375      27970
  14.42853      6.13377   45.24668    0.29714      28172
  14.43853      6.12955   45.23684    0.33306      28064
  14.44853      6.12533   45.22042    0.29553      27861
  14.45853      6.12112   45.23871    0.29491      28061
  14.46853      6.11691   45.23789    0.26270      27895
  14.47853      6.11271   45.24168    0.27680      27802
  14.48852      6.10851   45.24280    0.28433      27853
  14.49852      6.10432   45.24705    0.27049      27859
  14.50852      6.10014   45.23679    0.29940      28084
  14.51852      6.09596   45.24249    0.32639      28090
  14.52852      6.09179   45.25106    0.27681      28172
  14.53852      6.08762   45.23561    0.34740      28106
  14.54851      6.08346   45.24351    0.27028      28153
  14.55851      6.07930   45.25225    0.35358      28013
  14.56851      6.07515   45.25640    0.26502      28135
  14.57851      6.07101   45.25592    0.29829      28081
  14.58851      6.06687   45.28325    0.25287      28062
  14.59851      6.06274   45.27402    0.30143      27632
  14.60850      6.05861   45.27547    0.27979      28086
  14.61850      6.05449   45.25686    0.28591      28385
  14.62850      6.05037   45.26944    0.30119      28279
  14.63850      6.04626   45.27178    0.33494      28140
  14.64850      6.04216   45.25857    0.28261      28475
  14.65850      6.03806   45.26195    0.28635      28341
  14.66849      6.03397   45.24889    0.28761      28107
  14.67849      6.02988   45.26030    0.28421      28350
  14.68849      6.02580   45.26279    0.29527      28200
  14.69849      6.02172   45.27157    0.27550      27991
  14.70849      6.01765   45.26107    0.30438      27877
  14.71848      6.01359   45.27287    0.28453      28120
  14.72848      6.00953   45.25363    0.28707      28321
  14.73848      6.00547   45.24839    0.28260      28412
  14.74848      6.00142   45.22096    0.31255      28427
  14.75848      5.99738   45.22392    0.28185      28525
  14.76848      5.99334   45.20018    0.29973      28377
  14.77847      5.98931   45.18463    0.27647      28421
  14.78847      5.98528   45.19313    0.28319      28488
  14.79847      5.98126   45.18235    0.29177      28369
  14.80847      5.97725   45.22573    0.28618      27985
  14.81847      5.97324   45.16130    0.32688      28198
  14.82847      5.96923   45.15724    0.25542      28341
  14.83846      5.96523   45.16772    0.31714      28450
  14.84846      5.96124   45.16174    0.29928      28487
  14.85846      5.95725   45.14811    0.26384      28655
  14.86846      5.95326   45.15661    0.30356      28655
  14.87846      5.94929   45.11789    0.29472      28319
  14.88846      5.94531   45.13401    0.26131      28656
  14.89845      5.94135   45.12601    0.30713      28593
  14.90845      5.93738   45.13852    0.28538      28542
  14.91845      5.93343   45.16023    0.28390      28114
  14.92845      5.92948   45.10868    0.29330      28209
  14.93845      5.92553   45.11773    0.29149      28566
  14.94845      5.92159   45.12501    0.27601      28734
  14.95844      5.91765   45.11661    0.28554      28699
  14.96844      5.91372   45.12424    0.31077      28736
  14.97844      5.90980   45.13018    0.28545      28640
  14.98844      5.90588   45.11699    0.30859      28547
  14.99844      5.90196   45.14896    0.27504      28680
  15.00844      5.89805   45.13659    0.27783      28775
  15.01843      5.89415   45.16466    0.27682      28569
  15.02843      5.89025   45.15107    0.29888      28435
  15.03843      5.88636   45.14902    0.29021      28487
  15.04843      5.88247   45.14729    0.25696      28618
  15.05843      5.87859   45.13896    0.30229      28679
  15.06843      5.87471   45.16322    0.28545      28931
  15.07842      5.87083   45.17710    0.28854      28851
  15.08842      5.86697   45.15818    0.32276      28754
  15.09842      5.86310   45.17763    0.28791      28792
  15.10842      5.85925   45.18684    0.29358      28787
  15.11842      5.85539   45.18361    0.27528      28964
  15.12841      5.85155   45.20704    0.27101      28401
  15.13841      5.84770   45.18615    0.29289      28512
  15.14841      5.84387   45.20075    0.26480      28812
  15.15841      5.84004   45.17252    0.28180      28759
  15.16841      5.83621   45.20640    0.28037      28830
  15.17841      5.83239   45.18518    0.28554      29077
  15.18840      5.82857   45.17442    0.29060      29001
  15.19840      5.82476   45.17043    0.33899      28758
  15.20840      5.82095   45.18821    0.28150      29095
  15.21840      5.81715   45.18859    0.29240      29116
  15.22840      5.81335   45.19546    0.28020      28881
  15.23840      5.80956   45.19187    0.27763      28902
  15.24839      5.80577   45.18614    0.28411      28575
  15.25839      5.80199   45.17832    0.26814      28807
  15.26839      5.79822   45.17875    0.26378      28942
  15.27839      5.79444   45.16767    0.30716      28854
  15.28839      5.79068   45.17959    0.28252      29029
  15.29839      5.78691   45.15320    0.30837      29100
  15.30838      5.78316   45.14014    0.27569      28847
  15.31838      5.77941   45.13533    0.30530      29052
  15.32838      5.77566   45.14543    0.28710      29221
  15.33838      5.77192   45.13519    0.28198      29186
  15.34838      5.76818   45.14034    0.25427      29032
  15.35838      5.76445   45.11511    0.29866      28793
  15.36837      5.76072   45.12441    0.28504      29255
  15.37837      5.75699   45.12860    0.27286      29050
  15.38837      5.75328   45.12286    0.31023      29020
  15.39837      5.74956   45.13172    0.27911      29218
  15.40837      5.74586   45.08699    0.28604      29191
  15.41837      5.74215   45.09485    0.27981      29201
  15.42836      5.73845   45.08231    0.28164      29271
  15.43836      5.73476   45.07698    0.27941      29217
  15.44836      5.73107   45.06985    0.28235      29132
  15.45836      5.72739   45.07464    0.28165      29036
  15.46836      5.72371   45.04156    0.27467      29170
  15.47836      5.72003   45.05701    0.28405      29016
  15.48835      5.71636   45.06262    0.28760      29316
  15.49835      5.71270   45.06296    0.28349      29455
  15.50835      5.70904   45.04922    0.31251      29326
  15.51835      5.70538   45.06938    0.31583      28905
  15.52835      5.70173   45.02564    0.25563      29434
  15.53834      5.69808   45.04314    0.25848      29412
  15.54834      5.69444   45.04706    0.27949      29291
  15.55834      5.69080   45.02538    0.30231      29259
  15.56834      5.68717   45.05142    0.26441      29353
  15.57834      5.68354   45.01906    0.29458      29318
  15.58834      5.67992   45.03340    0.28487      29226
  15.59833      5.67630   45.04112    0.27301      29355
  15.60833      5.67269   45.04766    0.30582      29666
  15.61833      5.66908   45.02725    0.28110      29469
  15.62833      5.66548   45.06190    0.29184      29383
  15.63833      5.66188   45.06274    0.28121      29491
  15.64833      5.65828   45.07898    0.27996      29265
  15.65832      5.65469   45.05978    0.27352      29359
  15.66832      5.65111   45.07627    0.26726      29537
  15.67832      5.64752   45.06523    0.27156      29306
  15.68832      5.64395   45.07683    0.29930      29349
  15.69832      5.64037   45.07819    0.27811      29656
  15.70832      5.63681   45.09434    0.29176      29694
  15.71831      5.63324   45.08854    0.27232      29581
  15.72831      5.62969   45.09067    0.27691      29488
  15.73831      5.62613   45.09305    0.29296      29504
  15.74831      5.62258   45.10316    0.27966      29498
  15.75831      5.61904   45.14046    0.28358      29613
  15.76831      5.61550   45.11393    0.27800      29803
  15.77830      5.61196   45.13914    0.30125      29601
  15.78830      5.60843   45.11978    0.28044      29072
  15.79830      5.60490   45.13853    0.25927      29613
  15.80830      5.60138   45.12255    0.28062      29746
  15.81830      5.59786   45.12604    0.27698      29724
  15.82830      5.59435   45.13242    0.31851      29595
  15.83829      5.59084   45.12379    0.26296      29733
  15.84829      5.58734   45.12300    0.25924      29945
  15.85829      5.58384   45.15188    0.27977      29503
  15.86829      5.58034   45.11735    0.31059      29514
  15.87829      5.57685   45.13412    0.27319      30020
  15.88829      5.57336   45.11428    0.27650      29648
  15.89828      5.56988   45.09510    0.30081      29541
  15.90828      5.56640   45.12751    0.26783      29711
  15.91828      5.56293   45.11566    0.30433      29798
  15.92828      5.55946   45.13677    0.26314      29900
  15.93828      5.55599   45.09987    0.28322      29740
  15.94827      5.55253   45.11137    0.26872      29837
  15.95827      5.54908   45.12406    0.26203      29785
  15.96827      5.54562   45.12143    0.29023      29867
  15.97827      5.54218   45.12371    0.28463      30016
  15.98827      5.53873   45.11000    0.27307      29998
  15.99827      5.53529   45.11088    0.28997      29789
  16.00826      5.53186   45.08760    0.27354      29849
  16.01826      5.52843   45.08830    0.29599      29884
  16.02826      5.52500   45.08929    0.27052      30057
  16.03826      5.52158   45.10443    0.29497      30012
  16.04826      5.51816   45.07563    0.28601      29856
  16.05826      5.51475   45.09706    0.25675      29538
  16.06825      5.51134   45.12842    0.27306      29934
  16.07825      5.50794   45.11964    0.28276      30064
  16.08825      5.50454   45.09907    0.28904      29936
  16.09825      5.50114   45.10336    0.26446      30124
  16.10825      5.49775   45.10981    0.27981      29881
  16.11825      5.49436   45.08454    0.26942      29946
  16.12824      5.49098   45.09326    0.29945      30120
  16.13824      5.48760   45.10521    0.29206      30179
  16.14824      5.48422   45.07240    0.27293      29943
  16.15824      5.48085   45.08056    0.26380      30427
  16.16824      5.47748   45.13436    0.28180      29923
  16.17824      5.47412   45.10233    0.27675      30127
  16.18823      5.47076   45.11122    0.27790      30120
  16.19823      5.46741   45.12467    0.29247      30251
  16.20823      5.46406   45.13083    0.26750      30001
  16.21823      5.46071   45.10962    0.27379      29945
  16.22823      5.45737   45.13123    0.27199      30180
  16.23823      5.45403   45.11872    0.28128      30169
  16.24822      5.45070   45.10859    0.29426      30093
  16.25822      5.44737   45.11681    0.26911      30339
  16.26822      5.44404   45.16071    0.26739      30171
  16.27822      5.44072   45.14745    0.29395      30095
  16.28822      5.43741   45.13859    0.25857      30396
  16.29821      5.43409   45.14943    0.28478      30472
  16.30821      5.43078   45.13776    0.30825      30434
  16.31821      5.42748   45.15115    0.29055      30072
  16.32821      5.42418   45.14932    0.26486      30151
  16.33821      5.42088   45.15043    0.25036      30270
  16.34821      5.41759   45.16634    0.29328      30390
  16.35820      5.41430   45.15205    0.26341      29926
  16.36820      5.41101   45.19255    0.26448      30204
  16.37820      5.40773   45.19982    0.28551      30415
  16.38820      5.40446   45.18823    0.27827      30353
  16.39820      5.40118   45.19267    0.30215      30238
  16.40820      5.39792   45.19865    0.26857      30571
  16.41819      5.39465   45.17212    0.27063      30548
  16.42819      5.39139   45.18483    0.29229      30076
  16.43819      5.38813   45.18840    0.28895      30400
  16.44819      5.38488   45.19306    0.26979      30490
  16.45819      5.38163   45.18106    0.27114      30274
  16.46819      5.37839   45.20085    0.27115      30314
  16.47818      5.37515   45.22038    0.25483      30407
  16.48818      5.37191   45.18628    0.26853      30461
  16.49818      5.36868   45.21905    0.30476      30570
  16.50818      5.36545   45.22436    0.28042      30593
  16.51818      5.36222   45.21794    0.27810      30532
  16.52818      5.35900   45.20492    0.27978      30561
  16.53817      5.35578   45.24084    0.25967      30293
  16.54817      5.35257   45.24000    0.30390      30347
  16.55817      5.34936   45.22268    0.26675      30382
  16.56817      5.34615   45.24850    0.26708      30446
  16.57817      5.34295   45.26162    0.27874      30358
  16.58817      5.33975   45.23930    0.27077      30487
  16.59816      5.33656   45.24054    0.26933      30567
  16.60816      5.33337   45.24657    0.29585      30509
  16.61816      5.33018   45.23397    0.30874      30539
  16.62816      5.32700   45.23150    0.25900      30702
  16.63816      5.32382   45.21807    0.27175      30367
  16.64816      5.32065   45.24703    0.26474      30592
  16.65815      5.31748   45.24187    0.27088      30406
  16.66815      5.31431   45.23471    0.26807      30740
  16.67815      5.31115   45.27563    0.26986      30314
  16.68815      5.30799   45.26024    0.27310      30503
  16.69815      5.30483   45.26767    0.29748      30740
  16.70814      5.30168   45.25172    0.28341      30763
  16.71814      5.29853   45.24727    0.27715      30806
  16.72814      5.29539   45.24988    0.28094      30614
  16.73814      5.29225   45.24099    0.29519      30545
  16.74814      5.28911   45.24361    0.27015      30453
  16.75814      5.28598   45.24372    0.24869      30642
  16.76813      5.28285   45.24202    0.26470      30397
  16.77813      5.27972   45.25524    0.26824      30649
  16.78813      5.27660   45.26151    0.27051      30756
  16.79813      5.27348   45.23697    0.28216      30789
  16.80813      5.27037   45.23895    0.29217      30699
  16.81813      5.26726   45.24483    0.28775      31071
  16.82812      5.26415   45.24942    0.28431      30726
  16.83812      5.26105   45.22188    0.26180      31029
  16.84812      5.25795   45.21631    0.29236      30567
  16.85812      5.25485   45.23424    0.27122      30665
  16.86812      5.25176   45.22999    0.26153      30794
  16.87812      5.24867   45.26321    0.27768      30371
  16.88811      5.24559   45.25130    0.25138      30792
  16.89811      5.24250   45.24825    0.26331      30808
  16.90811      5.23943   45.23504    0.29850      30950
  16.91811      5.23635   45.24145    0.28791      30988
  16.92811      5.23328   45.24137    0.26714      31037
  16.93811      5.23022   45.23317    0.29398      31043
  16.94810      5.22715   45.20697    0.26416      30861
  16.95810      5.22409   45.22815    0.27212      30642
  16.96810      5.22104   45.22441    0.27427      30729
  16.97810      5.21799   45.24667    0.26527      30962
  16.98810      5.21494   45.23041    0.26672      30589
  16.99810      5.21189   45.23149    0.27729      31154
  17.00809      5.20885   45.22561    0.27821      30928
  17.01809      5.20581   45.22662    0.29407      31102
  17.02809      5.20278   45.20814    0.26616      30984
  17.03809      5.19975   45.22121    0.28797      31167
  17.04809      5.19672   45.17112    0.26578      31202
  17.05809      5.19370   45.20557    0.25839      30817
  17.06808      5.19068   45.18412    0.27275      30953
  17.07808      5.18766   45.20471    0.27279      30786
  17.08808      5.18465   45.18834    0.26965      30904
  17.09808      5.18164   45.19500    0.25988      30987
  17.10808      5.17863   45.18863    0.29216      31086
  17.11807      5.17563   45.16217    0.27228      31205
  17.12807      5.17263   45.18281    0.27153      31149
  17.13807      5.16964   45.17866    0.31067      31196
  17.14807      5.16665   45.17092    0.28246      31280
  17.15807      5.16366   45.12106    0.26547      30833
  17.16807      5.16067   45.16588    0.23768      31061
  17.17806      5.15769   45.16665    0.27237      30833
  17.18806      5.15471   45.14175    0.25114      30916
  17.19806      5.15174   45.16375    0.28277      31171
  17.20806      5.14877   45.13387    0.28293      31151
  17.21806      5.14580   45.14467    0.30035      31414
  17.22806      5.14284   45.12779    0.26794      31305
  17.23805      5.13988   45.12143    0.27444      31472
  17.24805      5.13692   45.13526    0.29612      31382
  17.25805      5.13397   45.07161    0.25773      31393
  17.26805      5.13102   45.12280    0.27348      31192
  17.27805      5.12807   45.10350    0.25711      30910
  17.28805      5.12513   45.10954    0.25550      30964
  17.29804      5.12219   45.08581    0.27165      31321
  17.30804      5.11925   45.09590    0.27074      31380
  17.31804      5.11632   45.10147    0.28553      31287
  17.32804      5.11339   45.09385    0.29624      31511
  17.33804      5.11046   45.08113    0.26948      31558
  17.34804      5.10754   45.08649    0.27112      31461
  17.35803      5.10462   45.05790    0.26068      31485
  17.36803      5.10170   45.05011    0.26615      31416
  17.37803      5.09879   45.07144    0.27339      30999
  17.38803      5.09588   45.07544    0.26132      31015
  17.39803      5.09298   45.04802    0.25597      31539
  17.40803      5.09007   45.05772    0.31824      31522
  17.41802      5.08717   45.05182    0.25734      31203
  17.42802      5.08428   45.07126    0.29063      31584
  17.43802      5.08139   45.03978    0.28399      31666
  17.44802      5.07850   45.04825    0.26144      31465
  17.45802      5.07561   45.05443    0.27447      31665
  17.46802      5.07273   44.99791    0.24265      31451
  17.47801      5.06985   45.04864    0.24953      31066
  17.48801      5.06697   45.05523    0.27741      31338
  17.49801      5.06410   45.03709    0.28928      31493
  17.50801      5.06123   45.00861    0.26152      31640
  17.51801      5.05836   45.04339    0.29433      31685
  17.52800      5.05550   45.04233    0.25666      31706
  17.53800      5.05264   45.01005    0.31438      31740
  17.54800      5.04978   45.01243    0.26068      31962
  17.55800      5.04693   45.03050    0.30488      31714
  17.56800      5.04408   44.97421    0.25402      31455
  17.57800      5.04124   45.03219    0.24323      31219
  17.58799      5.03839   45.01381    0.24320      31420
  17.59799      5.03555   45.04395    0.27633      31407
  17.60799      5.03272   44.99840    0.27322      31783
  17.61799      5.02988   45.00826    0.28413      31825
  17.62799      5.02705   45.00151    0.28248      31847
  17.63799      5.02422   44.99867    0.26994      31728
  17.64798      5.02140   44.98817    0.25716      32023
  17.65798      5.01858   44.98866    0.28045      32037
  17.66798      5.01576   44.95997    0.27483      31536
  17.67798      5.01295   45.01225    0.25951      31332
  17.68798      5.01014   44.99156    0.26896      31652
  17.69798      5.00733   44.99123    0.26113      31616
  17.70797      5.00452   44.98873    0.26690      31673
  17.71797      5.00172   44.97713    0.26816      31811
  17.72797      4.99892   44.96115    0.27010      32174
  17.73797      4.99613   44.97649    0.31074      31609
  17.74797      4.99334   44.96037    0.25005      32266
  17.75797      4.99055   44.93877    0.27324      32141
  17.76796      4.98776   44.94061    0.25481      31751
  17.77796      4.98498   44.94467    0.24987      31426
  17.78796      4.98220   44.95959    0.28076      31614
  17.79796      4.97942   44.93110    0.27147      31850
  17.80796      4.97665   44.94792    0.28164      31912
  17.81796      4.97388   44.92450    0.25282      32045
  17.82795      4.97111   44.91480    0.28244      32051
  17.83795      4.96835   44.92504    0.27751      32047
  17.84795      4.96559   44.90557    0.28085      32048
  17.85795      4.96283   44.90888    0.26444      32190
  17.86795      4.96008   44.90023    0.25439      32051
  17.87795      4.95733   44.84803    0.25189      31733
  17.88794      4.95458   44.90880    0.25314      31630
  17.89794      4.95183   44.86586    0.24507      32092
  17.90794      4.94909   44.86668    0.30214      32026
  17.91794      4.94635   44.85329    0.28941      31991
  17.92794      4.94362   44.84249    0.26571      32184
  17.93793      4.94088   44.82014    0.27850      32258
  17.94793      4.93815   44.81510    0.25836      32154
  17.95793      4.93543   44.81927    0.28134      32278
  17.96793      4.93270   44.81235    0.25394      32316
  17.97793      4.92998   44.76229    0.27099      31653
  17.98793      4.92726   44.78188    0.26651      31665
  17.99792      4.92455   44.76400    0.24220      32242
  18.00792      4.92184   44.75302    0.28005      32020
  18.01792      4.91913   44.74417    0.25853      32242
  18.02792      4.91642   44.72958    0.28238      32219
  18.03792      4.91372   44.70460    0.26791      32484
  18.04792      4.91102   44.71340    0.27785      32358
  18.05791      4.90832   44.68791    0.25046      32275
  18.06791      4.90563   44.71138    0.26872      32476
  18.07791      4.90294   44.61759    0.26127      31839
  18.08791      4.90025   44.65833    0.25336      32003
  18.09791      4.89757   44.63888    0.27187      32122
  18.10791      4.89489   44.64024    0.29642      32326
  18.11790      4.89221   44.60641    0.25146      32311
  18.12790      4.88953   44.61762    0.28254      32195
  18.13790      4.88686   44.60528    0.25541      32528
  18.14790      4.88419   44.58592    0.26923      32455
  18.15790      4.88152   44.57311    0.25534      32579
  18.16790      4.87886   44.62230    0.25539      32368
  18.17789      4.87620   44.50416    0.27258      31901
  18.18789      4.87354   44.50971    0.25066      32394
  18.19789      4.87088   44.56041    0.26678      32187
  18.20789      4.86823   44.49844    0.26586      32433
  18.21789      4.86558   44.51338    0.26972      32501
  18.22789      4.86294   44.50570    0.29216      32553
  18.23788      4.86029   44.49722    0.25012      32546
  18.24788      4.85765   44.48376    0.26785      32638
  18.25788      4.85501   44.49499    0.26059      32579
  18.26788      4.85238   44.50333    0.27931      32412
  18.27788      4.84975   44.41531    0.25613      32046
  18.28787      4.84712   44.41745    0.24153      32486
  18.29787      4.84449   44.45775    0.26460      32119
  18.30787      4.84187   44.41350    0.27218      32517
  18.31787      4.83925   44.40165    0.26226      32587
  18.32787      4.83663   44.40509    0.27384      32815
  18.33787      4.83402   44.38456    0.28599      32628
  18.34786      4.83141   44.39304    0.23510      32899
  18.35786      4.82880   44.39537    0.25968      32623
  18.36786      4.82619   44.39400    0.28706      32504
  18.37786      4.82359   44.30467    0.26850      32347
  18.38786      4.82099   44.31988    0.24574      32669
  18.39786      4.81839   44.32617    0.27362      32249
  18.40785      4.81580   44.30572    0.26591      32594
  18.41785      4.81320   44.30976    0.24912      32729
  18.42785      4.81062   44.28134    0.27482      32717
  18.43785      4.80803   44.28926    0.26170      32966
  18.44785      4.80545   44.24906    0.25558      32732
  18.45785      4.80287   44.30999    0.25582      32728
  18.46784      4.80029   44.25602    0.26229      32637
  18.47784      4.79771   44.18615    0.25943      32500
  18.48784      4.79514   44.18290    0.24734      32826
  18.49784      4.79257   44.21294    0.28075      32617
  18.50784      4.79000   44.17546    0.27608      32754
  18.51784      4.78744   44.17975    0.25738      32909
  18.52783      4.78488   44.16043    0.27563      32925
  18.53783      4.78232   44.14427    0.24017      32867
  18.54783      4.77977   44.15810    0.27088      32916
  18.55783      4.77721   44.13956    0.25029      32792
  18.56783      4.77466   44.09947    0.27491      32807
  18.57783      4.77212   44.04197    0.25759      32630
  18.58782      4.76957   44.05094    0.24193      32890
  18.59782      4.76703   44.06887    0.26254      32644
  18.60782      4.76449   44.02210    0.28584      32710
  18.61782      4.76196   44.00103    0.24709      33180
  18.62782      4.75942   44.00018    0.28856      32905
  18.63782      4.75689   43.97370    0.25545      33212
  18.64781      4.75436   44.00531    0.26164      32924
  18.65781      4.75184   43.93972    0.23921      33127
  18.66781      4.74932   43.89538    0.26770      32716
  18.67781      4.74680   43.84234    0.27976      32800
  18.68781      4.74428   43.83571    0.25955      32839
  18.69780      4.74176   43.85627    0.24655      32927
  18.70780      4.73925   43.82140    0.25208      32863
  18.71780      4.73674   43.81081    0.26916      33025
  18.72780      4.73424   43.78572    0.24443      33322
  18.73780      4.73173   43.75334    0.27519      33218
  18.74780      4.72923   43.79021    0.26170      32959
  18.75779      4.72674   43.73343    0.26012      33253
  18.76779      4.72424   43.69308    0.24803      33156
  18.77779      4.72175   43.64804    0.27787      32845
  18.78779      4.71926   43.62774    0.24244      33365
  18.79779      4.71677   43.65121    0.25366      32873
  18.80779      4.71428   43.62549    0.28487      33144
  18.81778      4.71180   43.63704    0.27585      33211
  18.82778      4.70932   43.61106    0.25913      33365
  18.83778      4.70685   43.61469    0.23470      32993
  18.84778      4.70437   43.60012    0.24789      33136
  18.85778      4.70190   43.56218    0.25767      33290
  18.86778      4.69943   43.51997    0.27074      33172
  18.87777      4.69696   43.46844    0.25456      33024
  18.88777      4.69450   43.48780    0.23604      33106
  18.89777      4.69204   43.49008    0.28211      33314
  18.90777      4.68958   43.46540    0.26022      33150
  18.91777      4.68712   43.45633    0.25268      33422
  18.92777      4.68467   43.43822    0.26283      33437
  18.93776      4.68222   43.44721    0.25704      33289
  18.94776      4.67977   43.40475    0.26874      33333
  18.95776      4.67733   43.40441    0.24082      33418
  18.96776      4.67488   43.32309    0.27830      33354
  18.97776      4.67244   43.30936    0.24900      33097
  18.98776      4.67001   43.29986    0.23635      33435
  18.99775      4.66757   43.30926    0.25413      33349
  19.00775      4.66514   43.28209    0.26505      33261
  19.01775      4.66271   43.25593    0.27775      33546
  19.02775      4.66028   43.28543    0.23591      33452
  19.03775      4.65785   43.23525    0.26373      33340
  19.04775      4.65543   43.21300    0.26444      33507
  19.05774      4.65301   43.16188    0.25619      33360
  19.06774      4.65060   43.12544    0.23764      33583
  19.07774      4.64818   43.10782    0.26654      33466
  19.08774      4.64577   43.09645    0.25142      33510
  19.09774      4.64336   43.11338    0.27707      33514
  19.10773      4.64095   43.06728    0.24922      33421
  19.11773      4.63855   43.06758    0.24468      33587
  19.12773      4.63614   43.04184    0.26577      33514
  19.13773      4.63375   43.01669    0.24152      33855
  19.14773      4.63135   42.98388    0.25784      33310
  19.15773      4.62895   42.96796    0.24921      33738
  19.16772      4.62656   42.89846    0.25186      33508
  19.17772      4.62417   42.90821    0.24183      33514
  19.18772      4.62179   42.88821    0.25414      33647
  19.19772      4.61940   42.89791    0.26951      33563
  19.20772      4.61702   42.85498    0.27281      33685
  19.21772      4.61464   42.85594    0.26007      33465
  19.22771      4.61226   42.85384    0.23629      33681
  19.23771      4.60989   42.76894    0.26100      33758
  19.24771      4.60752   42.76773    0.27240      33581
  19.25771      4.60515   42.72667    0.22874      33612
  19.26771      4.60278   42.68908    0.26221      33608
  19.27771      4.60041   42.65586    0.24611      33829
  19.28770      4.59805   42.66789    0.24876      33940
  19.29770      4.59569   42.65089    0.24173      33655
  19.30770      4.59333   42.65971    0.24510      33778
  19.31770      4.59098   42.61602    0.29587      33682
  19.32770      4.58863   42.58330    0.26033      34000
  19.33770      4.58628   42.54496    0.24382      33791
  19.34769      4.58393   42.50945    0.24907      33771
  19.35769      4.58159   42.49668    0.24234      33942
  19.36769      4.57924   42.43043    0.25619      33775
  19.37769      4.57690   42.42871    0.24063      33788
  19.38769      4.57456   42.43699    0.26907      33911
  19.39769      4.57223   42.40812    0.26400      33693
  19.40768      4.56990   42.41451    0.24650      33572
  19.41768      4.56757   42.37431    0.24523      33856
  19.42768      4.56524   42.32338    0.24509      34374
  19.43768      4.56291   42.25736    0.25845      33825
  19.44768      4.56059   42.27388    0.24299      34022
  19.45768      4.55827   42.22257    0.25092      33966
  19.46767      4.55595   42.19179    0.24588      33965
  19.47767      4.55363   42.14699    0.24991      34042
  19.48767      4.55132   42.18261    0.23679      33947
  19.49767      4.54901   42.18672    0.24812      33779
  19.50767      4.54670   42.11286    0.29034      34076
  19.51766      4.54439   42.08996    0.26496      34129
  19.52766      4.54209   42.06755    0.24711      34185
  19.53766      4.53979   42.01071    0.24529      33886
  19.54766      4.53749   41.99533    0.25093      34028
  19.55766      4.53519   41.94548    0.22585      33991
  19.56766      4.53289   41.91988    0.24514      34173
  19.57765      4.53060   41.87490    0.23586      34262
  19.58765      4.52831   41.91327    0.26179      33933
  19.59765      4.52602   41.89006    0.25225      34140
  19.60765      4.52374   41.84036    0.24481      34100
  19.61765      4.52146   41.79103    0.28465      34280
  19.62765      4.51918   41.76573    0.24489      34084
  19.63764      4.51690   41.77026    0.24765      34064
  19.64764      4.51462   41.70173    0.24632      34235
  19.65764      4.51235   41.64772    0.24421      34216
  19.66764      4.51008   41.66208    0.24748      34124
  19.67764      4.50781   41.60906    0.23526      34423
  19.68764      4.50554   41.68606    0.24825      33808
  19.69763      4.50328   41.61435    0.24329      34384
  19.70763      4.50101   41.54906    0.26317      34291
  19.71763      4.49875   41.52505    0.24254      34398
  19.72763      4.49650   41.52217    0.24375      34325
  19.73763      4.49424   41.49483    0.27425      34523
  19.74763      4.49199   41.45384    0.22655      34381
  19.75762      4.48974   41.41349    0.24427      34343
  19.76762      4.48749   41.40565    0.22378      34557
  19.77762      4.48524   41.41736    0.24983      34196
  19.78762      4.48300   41.38488    0.25670      34203
  19.79762      4.48076   41.36266    0.28731      34465
  19.80762      4.47852   41.32546    0.23391      34455
  19.81761      4.47628   41.27419    0.29242      34273
  19.82761      4.47405   41.26482    0.21950      34500
  19.83761      4.47182   41.23095    0.23874      34534
  19.84761      4.46959   41.18076    0.27038      34400
  19.85761      4.46736   41.18999    0.21082      34656
  19.86760      4.46513   41.20190    0.24030      34472
  19.87760      4.46291   41.15504    0.24835      34340
  19.88760      4.46069   41.12880    0.23520      34537
  19.89760      4.45847   41.09885    0.26177      34564
  19.90760      4.45625   41.07549    0.26611      34480
  19.91760      4.45404   41.02927    0.25482      34350
  19.92759      4.45183   41.01540    0.25684      34877
  19.93759      4.44962   41.00411    0.24608      34509
  19.94759      4.44741   40.90255    0.22158      34475
  19.95759      4.44520   40.92002    0.24605      34610
  19.96759      4.44300   40.93309    0.22049      34815
  19.97759      4.44080   40.91834    0.26186      34219
  19.98758      4.43860   40.85996    0.24752      34764
  19.99758      4.43640   40.84837    0.24648      34725
  20.00758      4.43421   40.80909    0.23385      34552
  20.01758      4.43202   40.78939    0.25736      34799
  20.02758      4.42983   40.75946    0.25003      34821
  20.03758      4.42764   40.73718    0.23857      34662
  20.04757      4.42545   40.68000    0.23804      34872
  20.05757      4.42327   40.67769    0.22328      34804
  20.06757      4.42109   40.65227    0.24018      34688
  20.07757      4.41891   40.63429    0.24716      34733
  20.08757      4.41673   40.58928    0.25388      34895
  20.09757      4.41456   40.55522    0.26049      34553
  20.10756      4.41238   40.53601    0.26202      34744
  20.11756      4.41021   40.49886    0.23340      34990
  20.12756      4.40805   40.48504    0.23493      34778
  20.13756      4.40588   40.43162    0.23160      34516
  20.14756      4.40372   40.43682    0.22553      35149
  20.15756      4.40155   40.40295    0.23991      34789
  20.16755      4.39939   40.39016    0.23572      34840
  20.17755      4.39724   40.36842    0.24654      35033
  20.18755      4.39508   40.31194    0.24499      34927
  20.19755      4.39293   40.26852    0.24457      34972
  20.20755      4.39078   40.26203    0.25501      34955
  20.21755      4.38863   40.22992    0.25792      35153
  20.22754      4.38648   40.15996    0.24103      34926
  20.23754      4.38434   40.17907    0.22102      34768
  20.24754      4.38220   40.14984    0.24563      35093
  20.25754      4.38005   40.10175    0.23672      34919
  20.26754      4.37792   40.10924    0.23211      34746
  20.27753      4.37578   40.05444    0.24144      35085
  20.28753      4.37365   40.02006    0.21644      35227
  20.29753      4.37151   39.97260    0.24605      35209
  20.30753      4.36939   39.96669    0.27385      35147
  20.31753      4.36726   39.92922    0.24541      35323
  20.32753      4.36513   39.87360    0.23229      34969
  20.33752      4.36301   39.88083    0.24151      34882
  20.34752      4.36089   39.84830    0.22223      35389
  20.35752      4.35877   39.86314    0.22616      35182
  20.36752      4.35665   39.81139    0.24054      35165
  20.37752      4.35454   39.76271    0.25626      35045
  20.38752      4.35242   39.73842    0.24437      35303
  20.39751      4.35031   39.72459    0.23293      35387
  20.40751      4.34820   39.67497    0.26167      35123
  20.41751      4.34610   39.64601    0.23045      35258
  20.42751      4.34399   39.63087    0.23824      34958
  20.43751      4.34189   39.60138    0.22081      35530
  20.44751      4.33979   39.58248    0.24174      35051
  20.45750      4.33769   39.58513    0.23163      35315
  20.46750      4.33559   39.51905    0.21902      35112
  20.47750      4.33350   39.51364    0.24095      35382
  20.48750      4.33141   39.48361    0.24447      35245
  20.49750      4.32932   39.43817    0.24881      35535
  20.50750      4.32723   39.42510    0.25726      35477
  20.51749      4.32514   39.40701    0.23596      35558
  20.52749      4.32306   39.38438    0.23907      35290
  20.53749      4.32098   39.35747    0.22461      35620
  20.54749      4.31890   39.36264    0.22983      35316
  20.55749      4.31682   39.31041    0.23654      35298
  20.56749      4.31474   39.30847    0.22048      35402
  20.57748      4.31267   39.27946    0.22999      35412
  20.58748      4.31060   39.24055    0.23912      35527
  20.59748      4.30853   39.23475    0.23760      35604
  20.60748      4.30646   39.20206    0.24620      35468
  20.61748      4.30439   39.16631    0.24008      35323
  20.62748      4.30233   39.15125    0.24460      35643
  20.63747      4.30027   39.14543    0.22681      35772
  20.64747      4.29821   39.15091    0.22873      35346
  20.65747      4.29615   39.07244    0.22272      35487
  20.66747      4.29409   39.05797    0.24269      35671
  20.67747      4.29204   39.03715    0.23671      35981
  20.68746      4.28999   39.01635    0.24211      35411
  20.69746      4.28794   38.97806    0.23818      35689
  20.70746      4.28589   38.97069    0.22493      35683
  20.71746      4.28385   38.90987    0.23829      35533
  20.72746      4.28180   38.92582    0.24076      35679
  20.73746      4.27976   38.90495    0.22893      35799
  20.74745      4.27772   38.82973    0.22358      35514
  20.75745      4.27568   38.83964    0.22654      35733
  20.76745      4.27365   38.81615    0.23016      35850
  20.77745      4.27161   38.74833    0.24680      35682
  20.78745      4.26958   38.76436    0.21725      35915
  20.79745      4.26755   38.68659    0.27345      35589
  20.80744      4.26552   38.70229    0.22613      35820
  20.81744      4.26350   38.64151    0.24011      35822
  20.82744      4.26147   38.63426    0.24343      36147
  20.83744      4.25945   38.61112    0.22664      35369
  20.84744      4.25743   38.57034    0.22304      35976
  20.85744      4.25541   38.54506    0.20870      35739
  20.86743      4.25340   38.51285    0.25427      35973
  20.87743      4.25138   38.49108    0.21431      35860
  20.88743      4.24937   38.46261    0.23527      36056
  20.89743      4.24736   38.42935    0.21938      35877
  20.90743      4.24535   38.38336    0.26301      35811
  20.91743      4.24334   38.36687    0.24045      36003
  20.92742      4.24134   38.35656    0.22093      35991
  20.93742      4.23933   38.31962    0.22670      35716
  20.94742      4.23733   38.29746    0.23081      36003
  20.95742      4.23534   38.26223    0.23715      36178
  20.96742      4.23334   38.26409    0.21980      35989
  20.97742      4.23134   38.20955    0.23491      36024
  20.98741      4.22935   38.18525    0.24157      36006
  20.99741      4.22736   38.17705    0.22538      36056
  21.00741      4.22537   38.12252    0.22503      35994
  21.01741      4.22338   38.11070    0.23532      36203
  21.02741      4.22140   38.10214    0.24287      35860
  21.03741      4.21941   38.06439    0.21430      36135
  21.04740      4.21743   38.03940    0.22174      36262
  21.05740      4.21545   38.01185    0.22361      36184
  21.06740      4.21347   38.00201    0.24107      36019
  21.07740      4.21150   37.95623    0.22176      36234
  21.08740      4.20952   37.92530    0.22320      36256
  21.09739      4.20755   37.93118    0.26924      36046
  21.10739      4.20558   37.87293    0.22843      36373
  21.11739      4.20361   37.87051    0.22590      36228
  21.12739      4.20164   37.84746    0.23019      36115
  21.13739      4.19968   37.83295    0.24725      36147
  21.14739      4.19772   37.78115    0.19656      36363
  21.15738      4.19575   37.76157    0.22379      36330
  21.16738      4.19380   37.74756    0.22969      36183
  21.17738      4.19184   37.71609    0.21797      36447
  21.18738      4.18988   37.67082    0.22911      36373
  21.19738      4.18793   37.64381    0.22982      36357
  21.20738      4.18598   37.65152    0.23523      36336
  21.21737      4.18403   37.61594    0.24533      36271
  21.22737      4.18208   37.56104    0.21986      36298
  21.23737      4.18013   37.56742    0.22786      36670
  21.24737      4.17819   37.52625    0.22507      36374
  21.25737      4.17625   37.50848    0.22136      36295
  21.26737      4.17430   37.46799    0.22582      36554
  21.27736      4.17237   37.45286    0.23382      36520
  21.28736      4.17043   37.40092    0.22547      36248
  21.29736      4.16849   37.38689    0.21893      36698
  21.30736      4.16656   37.36539    0.23022      36261
  21.31736      4.16463   37.33711    0.22047      36615
  21.32736      4.16270   37.29839    0.24490      36551
  21.33735      4.16077   37.28409    0.21682      36566
  21.34735      4.15884   37.25673    0.20928      36382
  21.35735      4.15692   37.23021    0.23127      36821
  21.36735      4.15500   37.19393    0.22261      36569
  21.37735      4.15308   37.16644    0.22564      36617
  21.38735      4.15116   37.14333    0.23429      36522
  21.39734      4.14924   37.13554    0.22349      36763
  21.40734      4.14733   37.08242    0.23635      36653
  21.41734      4.14541   37.05508    0.22310      36561
  21.42734      4.14350   37.05073    0.22955      36704
  21.43734      4.14159   37.00525    0.23026      36659
  21.44734      4.13968   36.99123    0.20948      36590
  21.45733      4.13778   36.95556    0.21410      36763
  21.46733      4.13587   36.94064    0.22584      36753
  21.47733      4.13397   36.91162    0.22194      36660
  21.48733      4.13207   36.86617    0.21443      36825
  21.49733      4.13017   36.87182    0.22543      36788
  21.50732      4.12827   36.83493    0.23454      36669
  21.51732      4.12638   36.82443    0.23744      36995
  21.52732      4.12448   36.78494    0.22550      36706
  21.53732      4.12259   36.75570    0.21594      36799
  21.54732      4.12070   36.75460    0.21775      37060
  21.55732      4.11881   36.72239    0.22443      36815
  21.56731      4.11692   36.67781    0.22795      36633
  21.57731      4.11504   36.66025    0.22268      36911
  21.58731      4.11316   36.66990    0.21094      36827
  21.59731      4.11127   36.62141    0.22219      36775
  21.60731      4.10939   36.60468    0.20869      36981
  21.61731      4.10752   36.59358    0.24943      36954
  21.62730      4.10564   36.56096    0.21969      36922
  21.63730      4.10376   36.56218    0.21974      37040
  21.64730      4.10189   36.50834    0.21189      36996
  21.65730      4.10002   36.48393    0.22830      36985
  21.66730      4.09815   36.47229    0.23147      36989
  21.67730      4.09628   36.45840    0.20777      37015
  21.68729      4.09442   36.42281    0.22270      36863
  21.69729      4.09255   36.43831    0.21525      37169
  21.70729      4.09069   36.38879    0.23838      37176
  21.71729      4.08883   36.36699    0.22645      36985
  21.72729      4.08697   36.34739    0.22553      37000
  21.73729      4.08511   36.32218    0.21713      37187
  21.74728      4.08326   36.28293    0.21635      37140
  21.75728      4.08141   36.25449    0.19981      37047
  21.76728      4.07955   36.25768    0.21995      37255
  21.77728      4.07770   36.21295    0.23001      37188
  21.78728      4.07585   36.21363    0.21288      37101
  21.79728      4.07401   36.16689    0.22640      37257
  21.80727      4.07216   36.15807    0.22512      37147
  21.81727      4.07032   36.13108    0.22529      37314
  21.82727      4.06848   36.07357    0.21368      37230
  21.83727      4.06664   36.07034    0.23112      37373
  21.84727      4.06480   36.05852    0.22307      37214
  21.85726      4.06296   36.01043    0.20975      37294
  21.86726      4.06113   35.98085    0.21976      37300
  21.87726      4.05929   35.97334    0.21443      37168
  21.88726      4.05746   35.94420    0.20329      37289
  21.89726      4.05563   35.92493    0.23337      37418
  21.90726      4.05380   35.87896    0.21875      37287
  21.91725      4.05198   35.86784    0.22122      37541
  21.92725      4.05015   35.83986    0.23071      37365
  21.93725      4.04833   35.81896    0.20727      37304
  21.94725      4.04651   35.78573    0.21477      37546
  21.95725      4.04469   35.77034    0.20223      37467
  21.96725      4.04287   35.76797    0.23672      37308
  21.97724      4.04105   35.73075    0.22236      37593
  21.98724      4.03924   35.70539    0.21470      37460
  21.99724      4.03742   35.70163    0.21708      37489
  22.00724      4.03561   35.66884    0.22444      37592
  22.01724      4.03380   35.63966    0.21062      37479
  22.02724      4.03199   35.59541    0.22533      37368
  22.03723      4.03019   35.59994    0.21975      37620
  22.04723      4.02838   35.58325    0.20775      37523
  22.05723      4.02658   35.55263    0.20240      37553
  22.06723      4.02477   35.54307    0.21638      37662
  22.07723      4.02297   35.54196    0.23044      37694
  22.08723      4.02118   35.49302    0.21194      37570
  22.09722      4.01938   35.46598    0.21688      37664
  22.10722      4.01758   35.44386    0.21651      37650
  22.11722      4.01579   35.43687    0.22386      37643
  22.12722      4.01400   35.38835    0.23087      37710
  22.13722      4.01221   35.37326    0.21195      37705
  22.14722      4.01042   35.36412    0.21153      37790
  22.15721      4.00863   35.37005    0.19899      37661
  22.16721      4.00685   35.32718    0.21561      37709
  22.17721      4.00506   35.28232    0.22564      37656
  22.18721      4.00328   35.26370    0.21458      37776
  22.19721      4.00150   35.28291    0.21334      37824
  22.20721      3.99972   35.20875    0.20574      37780
  22.21720      3.99794   35.17710    0.21711      37789
  22.22720      3.99617   35.18326    0.22043      37872
  22.23720      3.99439   35.15520    0.21260      37823
  22.24720      3.99262   35.13432    0.22184      37741
  22.25720      3.99085   35.10480    0.20628      37966
  22.26719      3.98908   35.09024    0.22281      37839
  22.27719      3.98731   35.06477    0.20145      38090
  22.28719      3.98555   35.02275    0.21227      37938
  22.29719      3.98378   35.00374    0.22124      38017
  22.30719      3.98202   34.97278    0.21880      37865
  22.31719      3.98026   34.96006    0.22288      38101
  22.32718      3.97850   34.93380    0.22397      37914
  22.33718      3.97674   34.92049    0.18808      37881
  22.34718      3.97498   34.89578    0.20581      38086
  22.35718      3.97323   34.86773    0.22032      38247
  22.36718      3.97148   34.85570    0.20501      38003
  22.37718      3.96972   34.81823    0.23428      38111
  22.38717      3.96797   34.81161    0.19773      38099
  22.39717      3.96622   34.77229    0.21865      38204
  22.40717      3.96448   34.73477    0.20998      38198
  22.41717      3.96273   34.74088    0.21815      38220
  22.42717      3.96099   34.70357    0.21077      38099
  22.43717      3.95924   34.68239    0.22051      38334
  22.44716      3.95750   34.67044    0.21182      38402
  22.45716      3.95576   34.64510    0.20726      38160
  22.46716      3.95403   34.60464    0.21216      38339
  22.47716      3.95229   34.60061    0.21297      38212
  22.48716      3.95056   34.55468    0.19717      38267
  22.49716      3.94882   34.55953    0.20632      38547
  22.50715      3.94709   34.53064    0.21553      38316
  22.51715      3.94536   34.50313    0.21307      38306
  22.52715      3.94363   34.46983    0.22036      38533
  22.53715      3.94191   34.48657    0.20363      38415
  22.54715      3.94018   34.41326    0.21065      38421
  22.55715      3.93846   34.40766    0.21682      38778
  22.56714      3.93673   34.41070    0.18933      38429
  22.57714      3.93501   34.36151    0.22654      38486
  22.58714      3.93329   34.34410    0.21481      38690
  22.59714      3.93158   34.32585    0.20737      38597
  22.60714      3.92986   34.33242    0.20990      38509
  22.61714      3.92815   34.28912    0.20853      38444
  22.62713      3.92643   34.28515    0.20370      38809
  22.63713      3.92472   34.24759    0.20238      38569
  22.64713      3.92301   34.23201    0.22797      38640
  22.65713      3.92130   34.20587    0.21117      38711
  22.66713      3.91960   34.18442    0.19242      38797
  22.67712      3.91789   34.15107    0.19924      38734
  22.68712      3.91619   34.15470    0.20269      38861
  22.69712      3.91448   34.12822    0.23326      38767
  22.70712      3.91278   34.13118    0.20480      38883
  22.71712      3.91108   34.09835    0.22330      38713
  22.72712      3.90938   34.07377    0.20175      39034
  22.73711      3.90769   34.07891    0.20924      38814
  22.74711      3.90599   34.04328    0.19788      39028
  22.75711      3.90430   34.00848    0.20542      38746
  22.76711      3.90261   34.01187    0.22036      38879
  22.77711      3.90092   33.96328    0.20535      38999
  22.78711      3.89923   33.94696    0.19000      39082
  22.79710      3.89754   33.95369    0.20971      38908
  22.80710      3.89585   33.92490    0.21120      39079
  22.81710      3.89417   33.87535    0.19593      39110
  22.82710      3.89249   33.87666    0.21554      39200
  22.83710      3.89081   33.84441    0.21201      39100
  22.84710      3.88913   33.84765    0.20244      39126
  22.85709      3.88745   33.82200    0.20879      39090
  22.86709      3.88577   33.79920    0.20157      39282
  22.87709      3.88409   33.77951    0.21008      39249
  22.88709      3.88242   33.76586    0.20722      39180
  22.89709      3.88075   33.75076    0.19661      39298
  22.90709      3.87908   33.70928    0.20901      39360
  22.91708      3.87741   33.67860    0.22813      39178
  22.92708      3.87574   33.66445    0.19299      39427
  22.93708      3.87407   33.62213    0.20533      39217
  22.94708      3.87241   33.61544    0.18991      39412
  22.95708      3.87074   33.60379    0.19980      39503
  22.96708      3.86908   33.57818    0.20979      39318
  22.97707      3.86742   33.54534    0.20085      39406
  22.98707      3.86576   33.54903    0.22338      39575
  22.99707      3.86410   33.53293    0.20562      39437
  23.00707      3.86244   33.51555    0.19847      39528
  23.01707      3.86079   33.46845    0.19801      39631
  23.02707      3.85914   33.44594    0.21292      39499
  23.03706      3.85748   33.44561    0.20224      39683
  23.04706      3.85583   33.42622    0.21005      39557
  23.05706      3.85418   33.40556    0.20525      39667
  23.06706      3.85253   33.36019    0.19711      39443
  23.07706      3.85089   33.36411    0.18888      39691
  23.08705      3.84924   33.33574    0.19281      39664
  23.09705      3.84760   33.32883    0.22371      39729
  23.10705      3.84596   33.30251    0.20885      39831
  23.11705      3.84432   33.27345    0.20073      39606
  23.12705      3.84268   33.27485    0.19926      39835
  23.13705      3.84104   33.26080    0.20746      39969
  23.14704      3.83940   33.22736    0.19851      39613
  23.15704      3.83777   33.23235    0.18964      39753
  23.16704      3.83613   33.22446    0.22489      39889
  23.17704      3.83450   33.20280    0.19147      39907
  23.18704      3.83287   33.16708    0.20120      39763
  23.19704      3.83124   33.16312    0.21056      40139
  23.20703      3.82961   33.14354    0.20314      39694
  23.21703      3.82799   33.10807    0.20034      39994
  23.22703      3.82636   33.10848    0.19342      39881
  23.23703      3.82474   33.07126    0.19467      39889
  23.24703      3.82312   33.07548    0.20062      40096
  23.25703      3.82149   33.08229    0.19873      40137
  23.26702      3.81988   33.04056    0.20680      40056
  23.27702      3.81826   33.05225    0.20703      40004
  23.28702      3.81664   33.00089    0.19509      40102
  23.29702      3.81502   32.99920    0.19627      40036
  23.30702      3.81341   32.99322    0.20680      40261
  23.31702      3.81180   32.96939    0.21175      40100
  23.32701      3.81019   32.97860    0.19560      39996
  23.33701      3.80858   32.94596    0.21291      40288
  23.34701      3.80697   32.92045    0.18326      40318
  23.35701      3.80536   32.87437    0.19501      40221
  23.36701      3.80376   32.91389    0.20771      40138
  23.37701      3.80215   32.83875    0.19247      40342
  23.38700      3.80055   32.82772    0.21381      40282
  23.39700      3.79895   32.83793    0.19167      40347
  23.40700      3.79735   32.80265    0.19553      40461
  23.41700      3.79575   32.77971    0.19580      40165
  23.42700      3.79415   32.80940    0.19631      40369
  23.43700      3.79256   32.73677    0.22608      40563
  23.44699      3.79096   32.74878    0.19082      40351
  23.45699      3.78937   32.74681    0.20230      40410
  23.46699      3.78778   32.69475    0.19210      40653
  23.47699      3.78619   32.71794    0.19642      40287
  23.48699      3.78460   32.71773    0.19500      40552
  23.49698      3.78301   32.63499    0.21443      40562
  23.50698      3.78142   32.65227    0.19596      40525
  23.51698      3.77984   32.64109    0.20535      40505
  23.52698      3.77825   32.61412    0.19139      40589
  23.53698      3.77667   32.61410    0.18679      40411
  23.54698      3.77509   32.59180    0.20188      40772
  23.55697      3.77351   32.54284    0.19746      40637
  23.56697      3.77193   32.59299    0.19164      40505
  23.57697      3.77036   32.54586    0.20680      40756
  23.58697      3.76878   32.51712    0.20087      40720
  23.59697      3.76721   32.54385    0.18785      40607
  23.60697      3.76563   32.48248    0.22674      40710
  23.61696      3.76406   32.47093    0.18689      40798
  23.62696      3.76249   32.51802    0.18871      40687
  23.63696      3.76092   32.49398    0.20206      40812
  23.64696      3.75935   32.46657    0.19796      40709
  23.65696      3.75779   32.47074    0.19747      40654
  23.66696      3.75622   32.41155    0.19966      40813
  23.67695      3.75466   32.42520    0.19291      40740
  23.68695      3.75310   32.42522    0.18210      40592
  23.69695      3.75154   32.36145    0.20062      40955
  23.70695      3.74998   32.37130    0.19535      40764
  23.71695      3.74842   32.38231    0.20044      40726
  23.72695      3.74686   32.33420    0.21713      41089
  23.73694      3.74531   32.32724    0.19544      40762
  23.74694      3.74375   32.30947    0.18262      40889
  23.75694      3.74220   32.28079    0.19574      41084
  23.76694      3.74065   32.29896    0.19798      40896
  23.77694      3.73910   32.27456    0.19939      40835
  23.78694      3.73755   32.26315    0.20638      41040
  23.79693      3.73600   32.23963    0.18152      40815
  23.80693      3.73445   32.22155    0.20525      41081
  23.81693      3.73291   32.20789    0.19579      41015
  23.82693      3.73136   32.21963    0.19621      40800
  23.83693      3.72982   32.15422    0.19047      40913
  23.84692      3.72828   32.16201    0.20312      41222
  23.85692      3.72674   32.15834    0.18311      40844
  23.86692      3.72520   32.11446    0.19130      41176
  23.87692      3.72367   32.11396    0.20288      41173
  23.88692      3.72213   32.11182    0.19791      40822
  23.89692      3.72059   32.09447    0.19582      41182
  23.90691      3.71906   32.08953    0.20221      41327
  23.91691      3.71753   32.07315    0.20753      41067
  23.92691      3.71600   32.04054    0.17870      41277
  23.93691      3.71447   32.03321    0.21200      41092
  23.94691      3.71294   32.05530    0.17827      40880
  23.95691      3.71141   32.02851    0.19296      41485
  23.96690      3.70989   31.99933    0.19601      40963
  23.97690      3.70836   31.99306    0.19469      41035
  23.98690      3.70684   31.97349    0.19666      41340
  23.99690      3.70532   31.99525    0.19629      41134
  24.00690      3.70380   31.95101    0.19005      41205
  24.01690      3.70228   31.93990    0.19959      41418
  24.02689      3.70076   31.93423    0.19097      41161
  24.03689      3.69924   31.92295    0.18619      41255
  24.04689      3.69773   31.90027    0.21288      41538
  24.05689      3.69621   31.89358    0.19359      41389
  24.06689      3.69470   31.87168    0.20136      41302
  24.07689      3.69319   31.88743    0.17465      41526
  24.08688      3.69168   31.86726    0.20087      41283
  24.09688      3.69017   31.84693    0.18610      41386
  24.10688      3.68866   31.84197    0.19803      41464
  24.11688      3.68716   31.82775    0.20592      41220
  24.12688      3.68565   31.79668    0.19838      41257
  24.13688      3.68415   31.79572    0.17904      41500
  24.14687      3.68264   31.78945    0.18998      41537
  24.15687      3.68114   31.76619    0.18509      41303
  24.16687      3.67964   31.76702    0.19688      41640
  24.17687      3.67814   31.74302    0.19664      41459
  24.18687      3.67664   31.72570    0.20014      41445
  24.19687      3.67515   31.72399    0.18838      41570
  24.20686      3.67365   31.70216    0.20153      41552
  24.21686      3.67216   31.69030    0.20075      41483
  24.22686      3.67067   31.67039    0.19359      41535
  24.23686      3.66917   31.64942    0.18477      41830
  24.24686      3.66768   31.65340    0.19192      41516
  24.25685      3.66619   31.65807    0.18960      41630
  24.26685      3.66471   31.61059    0.19322      41520
  24.27685      3.66322   31.60747    0.18958      41605
  24.28685      3.66173   31.58653    0.18876      41605
  24.29685      3.66025   31.56672    0.18937      41638
  24.30685      3.65877   31.56533    0.18811      41728
  24.31684      3.65729   31.55273    0.19328      41597
  24.32684      3.65581   31.52204    0.21427      41582
  24.33684      3.65433   31.51306    0.18384      41873
  24.34684      3.65285   31.50602    0.19973      41782
  24.35684      3.65137   31.49412    0.18009      41899
  24.36684      3.64990   31.48770    0.19161      41818
  24.37683      3.64842   31.44847    0.19185      41871
  24.38683      3.64695   31.44982    0.19855      41670
  24.39683      3.64548   31.44881    0.18968      41890
  24.40683      3.64401   31.41116    0.19684      41817
  24.41683      3.64254   31.41851    0.17613      41849
  24.42683      3.64107   31.39577    0.21177      41659
  24.43682      3.63960   31.39142    0.18823      41788
  24.44682      3.63813   31.36431    0.17937      41830
  24.45682      3.63667   31.35899    0.19246      42026
  24.46682      3.63521   31.33365    0.18515      42117
  24.47682      3.63374   31.32779    0.19108      41684
  24.48682      3.63228   31.31756    0.19014      41930
  24.49681      3.63082   31.30453    0.19470      42100
  24.50681      3.62936   31.29452    0.19147      41842
  24.51681      3.62791   31.26240    0.19772      42076
  24.52681      3.62645   31.26396    0.19989      42014
  24.53681      3.62500   31.25461    0.19976      41862
  24.54681      3.62354   31.22550    0.17982      42301
  24.55680      3.62209   31.23544    0.17952      42058
  24.56680      3.62064   31.23181    0.17967      41853
  24.57680      3.61919   31.17769    0.19588      42070
  24.58680      3.61774   31.18227    0.19356      42022
  24.59680      3.61629   31.17618    0.19059      42013
  24.60680      3.61484   31.15843    0.18834      42317
  24.61679      3.61340   31.15342    0.19270      41844
  24.62679      3.61195   31.11565    0.18944      42303
  24.63679      3.61051   31.11123    0.18668      42083
  24.64679      3.60907   31.10029    0.20319      42217
  24.65679      3.60763   31.08646    0.17625      42252
  24.66678      3.60619   31.07316    0.19545      42276
  24.67678      3.60475   31.05447    0.19334      42010
  24.68678      3.60331   31.04129    0.19209      42418
  24.69678      3.60188   31.03300    0.18569      42388
  24.70678      3.60044   31.02230    0.18255      42213
  24.71678      3.59901   31.01399    0.18164      42293
  24.72677      3.59757   31.00099    0.21720      42179
  24.73677      3.59614   30.98057    0.19787      42043
  24.74677      3.59471   30.97357    0.17839      42407
  24.75677      3.59328   30.95206    0.17263      42278
  24.76677      3.59186   30.93429    0.17654      42423
  24.77677      3.59043   30.91475    0.19125      42418
  24.78676      3.58900   30.91793    0.19863      42303
  24.79676      3.58758   30.91609    0.20717      42422
  24.80676      3.58616   30.87222    0.17883      42469
  24.81676      3.58473   30.87461    0.18807      42490
  24.82676      3.58331   30.83176    0.19087      42400
  24.83676      3.58189   30.84791    0.21158      42460
  24.84675      3.58047   30.83464    0.18263      42369
  24.85675      3.57906   30.80270    0.17020      42828
  24.86675      3.57764   30.79449    0.19316      42471
  24.87675      3.57622   30.78530    0.19125      42342
  24.88675      3.57481   30.75718    0.18444      42345
  24.89675      3.57340   30.75566    0.18547      42626
  24.90674      3.57199   30.74809    0.18415      42306
  24.91674      3.57058   30.72540    0.17719      42674
  24.92674      3.56917   30.71785    0.20646      42655
  24.93674      3.56776   30.69444    0.19548      42445
  24.94674      3.56635   30.68365    0.19345      42578
  24.95674      3.56494   30.69063    0.17047      42847
  24.96673      3.56354   30.64969    0.18063      42726
  24.97673      3.56214   30.65934    0.20300      42710
  24.98673      3.56073   30.64958    0.18686      42477
  24.99673      3.55933   30.62617    0.19401      42711
  25.00673      3.55793   30.61563    0.18437      42851
  25.01673      3.55653   30.62532    0.18440      42788
  25.02672      3.55513   30.60752    0.18406      42632
  25.03672      3.55374   30.60459    0.20004      42481
  25.04672      3.55234   30.58319    0.17973      42662
  25.05672      3.55095   30.56160    0.17674      42803
  25.06672      3.54955   30.54537    0.17925      42833
  25.07671      3.54816   30.56551    0.18524      42538
  25.08671      3.54677   30.54011    0.18884      42909
  25.09671      3.54538   30.53372    0.18664      42764
  25.10671      3.54399   30.52886    0.18523      42810
  25.11671      3.54260   30.49292    0.18453      43025
  25.12671      3.54121   30.50621    0.21320      42865
  25.13670      3.53983   30.46396    0.18838      42809
  25.14670      3.53844   30.45496    0.19248      43112
  25.15670      3.53706   30.44457    0.18140      42736
  25.16670      3.53568   30.44144    0.16530      43093
  25.17670      3.53429   30.41942    0.19312      42935
  25.18670      3.53291   30.41120    0.18826      42799
  25.19669      3.53153   30.37666    0.18806      42944
  25.20669      3.53016   30.35932    0.18123      43064
  25.21669      3.52878   30.32533    0.18518      42810
  25.22669      3.52740   30.33783    0.18355      43042
  25.23669      3.52603   30.30903    0.18976      42972
  25.24669      3.52466   30.27695    0.18227      43249
  25.25668      3.52328   30.26080    0.18349      43104
  25.26668      3.52191   30.24445    0.18238      42982
  25.27668      3.52054   30.23889    0.19054      43023
  25.28668      3.51917   30.19489    0.18584      43223
  25.29668      3.51780   30.20639    0.17952      43214
  25.30668      3.51644   30.15739    0.19277      43107
  25.31667      3.51507   30.15361    0.18500      43372
  25.32667      3.51370   30.14515    0.18286      43024
  25.33667      3.51234   30.14132    0.18558      43232
  25.34667      3.51098   30.11404    0.19509      42942
  25.35667      3.50962   30.10516    0.17639      43212
  25.36667      3.50826   30.08934    0.16694      43134
  25.37666      3.50690   30.08298    0.18460      43267
  25.38666      3.50554   30.05443    0.17835      43264
  25.39666      3.50418   30.06220    0.19595      43363
  25.40666      3.50282   30.04076    0.18380      43148
  25.41666      3.50147   30.03099    0.18985      43487
  25.42666      3.50011   30.02999    0.19176      43296
  25.43665      3.49876   30.03484    0.17300      43326
  25.44665      3.49741   30.00369    0.20499      43249
  25.45665      3.49606   30.00918    0.18980      43583
  25.46665      3.49471   29.99941    0.17496      43465
  25.47665      3.49336   30.00138    0.17088      43293
  25.48664      3.49201   29.97792    0.18450      43555
  25.49664      3.49066   29.97972    0.18151      43201
  25.50664      3.48932   29.96233    0.18936      43204
  25.51664      3.48797   29.96178    0.17571      43375
  25.52664      3.48663   29.96106    0.17762      43518
  25.53664      3.48529   29.93730    0.19138      43446
  25.54663      3.48395   29.94659    0.17902      43602
  25.55663      3.48261   29.91052    0.18534      43557
  25.56663      3.48127   29.92343    0.18123      43384
  25.57663      3.47993   29.91329    0.18519      43498
  25.58663      3.47859   29.88442    0.17340      43681
  25.59663      3.47726   29.87698    0.18831      43584
  25.60662      3.47592   29.86722    0.19649      43686
  25.61662      3.47459   29.85016    0.19158      43443
  25.62662      3.47325   29.85410    0.17874      43542
  25.63662      3.47192   29.82814    0.17497      43713
  25.64662      3.47059   29.80797    0.18194      43701
  25.65662      3.46926   29.79954    0.19449      43380
  25.66661      3.46793   29.78048    0.17033      43736
  25.67661      3.46660   29.76316    0.17137      43510
  25.68661      3.46528   29.77580    0.17546      43598
  25.69661      3.46395   29.70993    0.18126      43872
  25.70661      3.46263   29.73635    0.19178      43690
  25.71661      3.46130   29.70733    0.18348      43848
  25.72660      3.45998   29.67892    0.19490      43799
  25.73660      3.45866   29.67705    0.16956      43582
  25.74660      3.45734   29.64179    0.19416      43882
  25.75660      3.45602   29.63931    0.18922      44033
  25.76660      3.45470   29.62876    0.17652      43716
  25.77660      3.45338   29.61200    0.18020      44165
  25.78659      3.45207   29.57381    0.17458      43609
  25.79659      3.45075   29.56936    0.18354      43852
  25.80659      3.44944   29.56851    0.18913      43962
  25.81659      3.44813   29.54748    0.17995      43533
  25.82659      3.44681   29.52561    0.17246      44027
  25.83658      3.44550   29.51066    0.17739      43986
  25.84658      3.44419   29.50549    0.17859      43600
  25.85658      3.44288   29.48495    0.18646      44102
  25.86658      3.44157   29.46095    0.17679      44044
  25.87658      3.44027   29.46291    0.17774      43845
  25.88658      3.43896   29.45218    0.18003      44302
  25.89657      3.43766   29.42485    0.18311      43968
  25.90657      3.43635   29.44021    0.18593      43874
  25.91657      3.43505   29.40883    0.18466      44185
  25.92657      3.43375   29.39890    0.17468      44031
  25.93657      3.43245   29.39530    0.19566      44197
  25.94657      3.43115   29.39636    0.18714      44295
  25.95656      3.42985   29.36922    0.17269      43898
  25.96656      3.42855   29.35629    0.16793      44036
  25.97656      3.42725   29.34750    0.17192      44082
  25.98656      3.42596   29.36167    0.17454      43899
  25.99656      3.42466   29.32363    0.17886      44337
  26.00656      3.42337   29.32458    0.18299      44065
  26.01655      3.42207   29.32278    0.18831      44243
  26.02655      3.42078   29.28891    0.18130      44148
  26.03655      3.41949   29.29028    0.17519      44368
  26.04655      3.41820   29.28932    0.19577      44170
  26.05655      3.41691   29.27189    0.17734      44414
  26.06655      3.41562   29.27110    0.17769      44010
  26.07654      3.41434   29.24502    0.17402      44489
  26.08654      3.41305   29.24199    0.18310      44355
  26.09654      3.41177   29.22412    0.18976      44232
  26.10654      3.41048   29.21206    0.17419      44546
  26.11654      3.40920   29.19430    0.17464      44202
  26.12654      3.40792   29.20553    0.17958      43879
  26.13653      3.40664   29.17447    0.17251      44651
  26.14653      3.40536   29.15520    0.17843      44366
  26.15653      3.40408   29.15652    0.19127      44147
  26.16653      3.40280   29.14755    0.17741      44641
  26.17653      3.40152   29.11377    0.16013      44186
  26.18653      3.40025   29.09419    0.17626      44637
  26.19652      3.39897   29.09549    0.18749      44661
  26.20652      3.39770   29.07510    0.18917      44245
  26.21652      3.39642   29.05541    0.18413      44584
  26.22652      3.39515   29.05484    0.17598      44631
  26.23652      3.39388   29.03345    0.17643      44238
  26.24651      3.39261   29.01670    0.19892      44873
  26.25651      3.39134   29.00322    0.17719      44457
  26.26651      3.39007   28.98735    0.17005      44682
  26.27651      3.38881   28.98352    0.17273      44467
  26.28651      3.38754   28.97580    0.16590      44464
  26.29651      3.38627   28.93985    0.17057      44653
  26.30650      3.38501   28.94136    0.17256      44637
  26.31650      3.38375   28.92196    0.18780      44588
  26.32650      3.38248   28.92511    0.17712      44672
  26.33650      3.38122   28.88569    0.18156      44713
  26.34650      3.37996   28.90494    0.18131      44589
  26.35650      3.37870   28.87269    0.19150      44776
  26.36649      3.37744   28.84951    0.16941      44931
  26.37649      3.37619   28.84558    0.17107      44552
  26.38649      3.37493   28.82727    0.18944      45081
  26.39649      3.37368   28.84081    0.16603      44687
  26.40649      3.37242   28.81269    0.18902      44616
  26.41649      3.37117   28.80588    0.18149      45037
  26.42648      3.36991   28.80510    0.17938      44851
  26.43648      3.36866   28.78479    0.17005      44729
  26.44648      3.36741   28.78750    0.16425      44669
  26.45648      3.36616   28.77711    0.18225      44820
  26.46648      3.36491   28.73650    0.17611      44800
  26.47648      3.36366   28.76323    0.17072      45044
  26.48647      3.36242   28.74537    0.18000      44741
  26.49647      3.36117   28.71038    0.17035      45030
  26.50647      3.35993   28.73212    0.17484      44847
  26.51647      3.35868   28.69811    0.17523      44958
  26.52647      3.35744   28.69937    0.19644      45091
  26.53647      3.35620   28.68074    0.18390      44919
  26.54646      3.35495   28.67853    0.17374      45145
  26.55646      3.35371   28.66292    0.17696      45031
  26.56646      3.35247   28.65516    0.18407      45207
  26.57646      3.35124   28.63027    0.16120      45031
  26.58646      3.35000   28.63121    0.17952      44766
  26.59646      3.34876   28.60264    0.17214      44878
  26.60645      3.34753   28.58240    0.15764      45158
  26.61645      3.34629   28.58706    0.18170      45148
  26.62645      3.34506   28.56683    0.19081      44996
  26.63645      3.34382   28.54184    0.17545      45203
  26.64645      3.34259   28.53235    0.17434      45130
  26.65644      3.34136   28.51007    0.17396      44989
  26.66644      3.34013   28.50375    0.17107      45329
  26.67644      3.33890   28.48412    0.17964      45387
  26.68644      3.33767   28.46714    0.17992      45074
  26.69644      3.33645   28.44310    0.17435      45327
  26.70644      3.33522   28.43330    0.17747      45186
  26.71643      3.33399   28.41221    0.17405      45512
  26.72643      3.33277   28.39561    0.17639      45352
  26.73643      3.33155   28.36726    0.18205      45084
  26.74643      3.33032   28.36956    0.17382      45307
  26.75643      3.32910   28.36315    0.17228      45126
  26.76643      3.32788   28.34227    0.15935      45269
  26.77642      3.32666   28.33185    0.17994      45349
  26.78642      3.32544   28.31071    0.16815      45562
  26.79642      3.32422   28.27424    0.16824      45237
  26.80642      3.32301   28.28317    0.17521      45347
  26.81642      3.32179   28.26402    0.17712      45483
  26.82642      3.32058   28.26293    0.18976      45414
  26.83641      3.31936   28.25668    0.17617      45462
  26.84641      3.31815   28.22504    0.17131      45537
  26.85641      3.31693   28.22423    0.18685      45423
  26.86641      3.31572   28.20160    0.17494      45569
  26.87641      3.31451   28.17710    0.17003      45549
  26.88641      3.31330   28.18430    0.16940      45404
  26.89640      3.31209   28.16713    0.16934      45668
  26.90640      3.31089   28.14315    0.17980      45373
  26.91640      3.30968   28.14164    0.15851      45352
  26.92640      3.30847   28.13755    0.17240      45731
  26.93640      3.30727   28.10283    0.17564      45484
  26.94640      3.30606   28.11247    0.17205      45639
  26.95639      3.30486   28.09044    0.17995      45515
  26.96639      3.30366   28.09003    0.18522      45547
  26.97639      3.30245   28.06823    0.16529      45929
  26.98639      3.30125   28.04074    0.16939      45681
  26.99639      3.30005   28.02988    0.16750      45648
  27.00639      3.29885   28.02321    0.18061      45835
  27.01638      3.29766   28.00857    0.17742      45693
  27.02638      3.29646   28.01034    0.18215      45669
  27.03638      3.29526   27.98063    0.17605      46024
  27.04638      3.29407   27.98250    0.16564      45646
  27.05638      3.29287   27.95431    0.17801      45670
  27.06637      3.29168   27.94709    0.16265      45838
  27.07637      3.29049   27.94193    0.17418      45408
  27.08637      3.28929   27.91975    0.15885      46004
  27.09637      3.28810   27.89656    0.16603      45779
  27.10637      3.28691   27.89522    0.18147      45762
  27.11637      3.28572   27.87579    0.17267      46051
  27.12636      3.28454   27.86375    0.18027      45898
  27.13636      3.28335   27.86163    0.16996      45809
  27.14636      3.28216   27.84565    0.17059      46244
  27.15636      3.28098   27.84137    0.17557      45529
  27.16636      3.27979   27.80612    0.18773      46153
  27.17636      3.27861   27.80308    0.17201      46055
  27.18635      3.27742   27.78221    0.16718      45889
  27.19635      3.27624   27.77347    0.16133      46387
  27.20635      3.27506   27.75818    0.17340      45833
  27.21635      3.27388   27.74312    0.17247      46048
  27.22635      3.27270   27.73843    0.16949      45933
  27.23635      3.27152   27.72017    0.17120      45784
  27.24634      3.27034   27.71060    0.17449      46105
  27.25634      3.26917   27.69669    0.16634      46300
  27.26634      3.26799   27.67924    0.16101      45850
  27.27634      3.26682   27.67131    0.18397      46306
  27.28634      3.26564   27.65515    0.17179      46071
  27.29634      3.26447   27.64925    0.16184      46058
  27.30633      3.26330   27.64815    0.17510      46437
  27.31633      3.26212   27.59826    0.18540      46266
  27.32633      3.26095   27.61923    0.16797      46126
  27.33633      3.25978   27.59071    0.17764      46448
  27.34633      3.25861   27.60595    0.16882      45897
  27.35633      3.25745   27.57837    0.17706      46551
  27.36632      3.25628   27.55520    0.16958      46201
  27.37632      3.25511   27.56145    0.18760      46081
  27.38632      3.25395   27.56288    0.14853      46339
  27.39632      3.25278   27.54338    0.16395      46165
  27.40632      3.25162   27.51727    0.16722      46234
  27.41631      3.25045   27.52273    0.16189      46735
  27.42631      3.24929   27.51796    0.18462      46052
  27.43631      3.24813   27.50475    0.17232      46417
  27.44631      3.24697   27.50053    0.16833      46530
  27.45631      3.24581   27.44712    0.18667      46175
  27.46631      3.24465   27.48269    0.15875      46732
  27.47630      3.24349   27.44342    0.17307      46579
  27.48630      3.24234   27.43975    0.17200      46211
  27.49630      3.24118   27.43904    0.17615      46696
  27.50630      3.24002   27.43621    0.16603      46369
  27.51630      3.23887   27.39283    0.17743      46561
  27.52630      3.23772   27.40703    0.17010      46640
  27.53629      3.23656   27.37077    0.16509      46370
  27.54629      3.23541   27.35763    0.15962      46361
  27.55629      3.23426   27.36948    0.16108      46755
  27.56629      3.23311   27.33378    0.17005      46137
  27.57629      3.23196   27.34242    0.18060      46841
  27.58629      3.23081   27.31238    0.16137      46582
  27.59628      3.22966   27.31160    0.16401      46618
  27.60628      3.22852   27.29436    0.17154      46859
  27.61628      3.22737   27.27003    0.17522      46535
  27.62628      3.22622   27.24899    0.16684      46780
  27.63628      3.22508   27.25521    0.17384      46705
  27.64628      3.22394   27.23815    0.17581      46598
  27.65627      3.22279   27.21945    0.17247      46718
  27.66627      3.22165   27.21231    0.17488      46911
  27.67627      3.22051   27.17769    0.16455      46521
  27.68627      3.21937   27.19657    0.15404      46988
  27.69627      3.21823   27.15253    0.17050      46668
  27.70627      3.21709   27.13987    0.15887      46777
  27.71626      3.21595   27.15120    0.16860      46771
  27.72626      3.21482   27.13953    0.17511      46688
  27.73626      3.21368   27.11667    0.16270      46909
  27.74626      3.21255   27.10503    0.17300      46706
  27.75626      3.21141   27.10346    0.16297      47039
  27.76626      3.21028   27.07944    0.17496      46869
  27.77625      3.20914   27.07090    0.17097      46921
  27.78625      3.20801   27.06205    0.16579      46864
  27.79625      3.20688   27.05104    0.16983      47193
  27.80625      3.20575   27.03007    0.17207      46932
  27.81625      3.20462   27.02509    0.15640      47008
  27.82624      3.20349   27.01393    0.18677      46956
  27.83624      3.20236   26.97600    0.16647      47054
  27.84624      3.20124   27.00373    0.17072      47024
  27.85624      3.20011   26.97862    0.15772      46942
  27.86624      3.19899   26.96955    0.16980      46878
  27.87624      3.19786   26.95795    0.16533      47243
  27.88623      3.19674   26.95218    0.15347      47043
  27.89623      3.19561   26.93757    0.16027      47038
  27.90623      3.19449   26.94190    0.17219      47226
  27.91623      3.19337   26.91289    0.17876      47157
  27.92623      3.19225   26.89383    0.16493      47040
  27.93623      3.19113   26.89567    0.17445      47031
  27.94622      3.19001   26.88635    0.17165      47233
  27.95622      3.18889   26.87465    0.16726      47425
  27.96622      3.18778   26.86495    0.16767      47277
  27.97622      3.18666   26.86216    0.17710      47247
  27.98622      3.18554   26.83679    0.16463      47478
  27.99622      3.18443   26.83768    0.17024      47095
  28.00621      3.18331   26.81732    0.16415      47257
  28.01621      3.18220   26.81280    0.14941      47278
  28.02621      3.18109   26.79540    0.16368      47223
  28.03621      3.17998   26.80074    0.17406      47225
  28.04621      3.17887   26.78333    0.15840      47274
  28.05621      3.17776   26.77592    0.17475      47402
  28.06620      3.17665   26.77573    0.16655      47511
  28.07620      3.17554   26.75068    0.15867      47354
  28.08620      3.17443   26.73641    0.17160      47461
  28.09620      3.17332   26.75052    0.16492      47281
  28.10620      3.17222   26.71945    0.15396      47652
  28.11620      3.17111   26.69793    0.18486      47466
  28.12619      3.17001   26.69755    0.17713      47385
  28.13619      3.16890   26.66737    0.16158      47644
  28.14619      3.16780   26.67474    0.18818      47520
  28.15619      3.16670   26.65567    0.15805      47414
  28.16619      3.16560   26.63423    0.16242      47426
  28.17619      3.16450   26.63734    0.15645      47606
  28.18618      3.16340   26.60200    0.15347      47725
  28.19618      3.16230   26.59901    0.16994      47465
  28.20618      3.16120   26.56832    0.16630      47461
  28.21618      3.16010   26.57073    0.16410      47735
  28.22618      3.15901   26.54919    0.15327      47540
  28.23617      3.15791   26.54552    0.17469      47697
  28.24617      3.15681   26.50565    0.17937      47578
  28.25617      3.15572   26.51997    0.16317      47762
  28.26617      3.15463   26.47683    0.15887      47835
  28.27617      3.15353   26.47162    0.17747      47609
  28.28617      3.15244   26.47278    0.15904      47713
  28.29616      3.15135   26.43890    0.17806      47790
  28.30616      3.15026   26.44559    0.15930      47979
  28.31616      3.14917   26.41799    0.16131      47574
  28.32616      3.14808   26.40634    0.16305      47957
  28.33616      3.14699   26.38742    0.16205      47532
  28.34616      3.14591   26.37989    0.16367      47944
  28.35615      3.14482   26.35843    0.17214      47491
  28.36615      3.14373   26.36180    0.14424      47945
  28.37615      3.14265   26.34191    0.17115      48001
  28.38615      3.14157   26.32700    0.16282      47805
  28.39615      3.14048   26.32791    0.16092      47984
  28.40615      3.13940   26.30388    0.17150      47868
  28.41614      3.13832   26.30971    0.17178      47955
  28.42614      3.13724   26.28628    0.15498      47998
  28.43614      3.13616   26.24994    0.16271      47998
  28.44614      3.13508   26.26574    0.17331      48090
  28.45614      3.13400   26.24041    0.17224      47980
  28.46614      3.13292   26.23976    0.16339      48068
  28.47613      3.13184   26.23109    0.16866      47975
  28.48613      3.13077   26.21430    0.15733      48151
  28.49613      3.12969   26.20849    0.15387      47918
  28.50613      3.12861   26.20183    0.15965      48114
  28.51613      3.12754   26.19479    0.15971      47821
  28.52613      3.12647   26.17429    0.15849      48076
  28.53612      3.12539   26.17930    0.16660      48350
  28.54612      3.12432   26.15796    0.17286      48018
  28.55612      3.12325   26.17197    0.16662      48335
  28.56612      3.12218   26.15247    0.16162      48271
  28.57612      3.12111   26.14539    0.14957      47987
  28.58612      3.12004   26.13624    0.17412      48510
  28.59611      3.11897   26.13054    0.16710      48306
  28.60611      3.11791   26.13154    0.16670      48091
  28.61611      3.11684   26.11360    0.16692      48417
  28.62611      3.11577   26.11134    0.16960      48221
  28.63611      3.11471   26.10362    0.16484      48319
  28.64610      3.11364   26.10361    0.14707      48524
  28.65610      3.11258   26.07614    0.16237      47976
  28.66610      3.11152   26.09388    0.16270      48478
  28.67610      3.11046   26.07437    0.15966      48328
  28.68610      3.10939   26.07049    0.15235      48281
  28.69610      3.10833   26.06167    0.16947      48332
  28.70609      3.10727   26.05508    0.15986      48263
  28.71609      3.10621   26.04208    0.15562      48645
  28.72609      3.10516   26.04437    0.16741      48414
  28.73609      3.10410   26.03944    0.16350      48495
  28.74609      3.10304   26.01219    0.18308      48638
  28.75609      3.10199   26.01945    0.16754      48437
  28.76608      3.10093   26.00802    0.15222      48510
  28.77608      3.09988   26.00516    0.16284      48736
  28.78608      3.09882   25.99000    0.16169      48462
  28.79608      3.09777   25.98522    0.17229      48640
  28.80608      3.09672   25.97587    0.15400      48604
  28.81608      3.09566   25.98748    0.15681      48438
  28.82607      3.09461   25.95720    0.16185      48459
  28.83607      3.09356   25.96485    0.15631      48609
  28.84607      3.09251   25.95440    0.16193      48332
  28.85607      3.09146   25.96506    0.16484      48916
  28.86607      3.09042   25.94110    0.15820      48546
  28.87607      3.08937   25.93106    0.16064      48904
  28.88606      3.08832   25.95102    0.17371      48789
  28.89606      3.08728   25.93754    0.15738      48579
  28.90606      3.08623   25.92669    0.17043      49164
  28.91606      3.08519   25.94556    0.15217      48659
  28.92606      3.08414   25.92688    0.16629      48790
  28.93606      3.08310   25.93082    0.16451      49029
  28.94605      3.08206   25.91171    0.17708      48507
  28.95605      3.08102   25.91346    0.17242      48895
  28.96605      3.07998   25.89905    0.14501      48893
  28.97605      3.07894   25.91810    0.15386      48668
  28.98605      3.07790   25.90564    0.15596      48924
  28.99605      3.07686   25.89885    0.15435      48815
  29.00604      3.07582   25.90602    0.15813      48675
  29.01604      3.07478   25.89200    0.17390      49143
  29.02604      3.07375   25.88608    0.15231      48783
  29.03604      3.07271   25.88257    0.16468      49103
  29.04604      3.07168   25.88803    0.17614      49064
  29.05603      3.07064   25.87966    0.16428      48973
  29.06603      3.06961   25.88032    0.14769      49177
  29.07603      3.06858   25.86628    0.16674      48996
  29.08603      3.06754   25.87669    0.16923      49030
  29.09603      3.06651   25.85447    0.16739      49342
  29.10603      3.06548   25.85587    0.16307      48921
  29.11602      3.06445   25.84425    0.15661      49045
  29.12602      3.06342   25.84023    0.15472      49179
  29.13602      3.06239   25.83593    0.15084      48904
  29.14602      3.06137   25.84795    0.15799      49340
  29.15602      3.06034   25.82759    0.17459      48990
  29.16602      3.05931   25.82267    0.15042      49079
  29.17601      3.05829   25.82233    0.16134      49373
  29.18601      3.05726   25.80838    0.16461      48960
  29.19601      3.05624   25.80872    0.15068      49300
  29.20601      3.05521   25.80479    0.16759      49186
  29.21601      3.05419   25.80641    0.16461      49375
  29.22601      3.05317   25.78307    0.15866      49404
  29.23600      3.05215   25.79440    0.16303      49250
  29.24600      3.05113   25.76879    0.17363      49376
  29.25600      3.05011   25.77053    0.16740      49375
  29.26600      3.04909   25.75959    0.15705      49332
  29.27600      3.04807   25.76694    0.14986      49476
  29.28600      3.04705   25.76186    0.16661      49253
  29.29599      3.04603   25.73783    0.14859      49272
  29.30599      3.04502   25.73639    0.16302      49456
  29.31599      3.04400   25.75368    0.15228      49370
  29.32599      3.04299   25.74064    0.15515      49476
  29.33599      3.04197   25.73016    0.15996      49445
  29.34599      3.04096   25.73191    0.16485      49289
  29.35598      3.03995   25.72445    0.16685      49582
  29.36598      3.03893   25.71954    0.15622      49502
  29.37598      3.03792   25.71158    0.15786      49637
  29.38598      3.03691   25.70641    0.16797      49683
  29.39598      3.03590   25.71075    0.16209      49477
  29.40597      3.03489   25.72433    0.15636      49660
  29.41597      3.03388   25.71223    0.16513      49685
  29.42597      3.03288   25.69596    0.16007      49614
  29.43597      3.03187   25.67933    0.16748      49640
  29.44597      3.03086   25.70260    0.16364      49591
  29.45597      3.02985   25.67740    0.15053      49549
  29.46596      3.02885   25.71544    0.14657      49701
  29.47596      3.02784   25.69310    0.15266      49577
  29.48596      3.02684   25.67555    0.16761      49594
  29.49596      3.02584   25.68929    0.15690      49953
  29.50596      3.02484   25.68120    0.16174      49693
  29.51596      3.02383   25.67723    0.16179      49797
  29.52595      3.02283   25.68646    0.15727      49895
  29.53595      3.02183   25.67980    0.15868      49632
  29.54595      3.02083   25.66662    0.16692      50019
  29.55595      3.01983   25.67333    0.16389      49859
  29.56595      3.01883   25.66650    0.15416      49911
  29.57595      3.01784   25.68446    0.15824      49964
  29.58594      3.01684   25.67172    0.17155      49910
  29.59594      3.01584   25.66862    0.16548      49715
  29.60594      3.01485   25.66772    0.15368      50072
  29.61594      3.01385   25.67285    0.14221      49924
  29.62594      3.01286   25.68749    0.16453      49795
  29.63594      3.01186   25.67922    0.14694      49935
  29.64593      3.01087   25.68561    0.17056      49892
  29.65593      3.00988   25.68578    0.16872      49942
  29.66593      3.00889   25.68092    0.14865      50232
  29.67593      3.00790   25.69419    0.15643      49987
  29.68593      3.00691   25.71433    0.15952      50168
  29.69593      3.00592   25.69865    0.15519      50081
  29.70592      3.00493   25.70958    0.16828      49887
  29.71592      3.00394   25.71440    0.17071      50356
  29.72592      3.00295   25.70749    0.15263      50182
  29.73592      3.00196   25.73947    0.17416      50153
  29.74592      3.00098   25.71910    0.15885      50291
  29.75592      2.99999   25.72391    0.17188      49893
  29.76591      2.99901   25.72994    0.14535      50346
  29.77591      2.99802   25.73534    0.14994      50221
  29.78591      2.99704   25.74040    0.15726      50021
  29.79591      2.99606   25.77583    0.15521      50337
  29.80591      2.99507   25.75517    0.16162      50163
  29.81590      2.99409   25.76209    0.15301      50300
  29.82590      2.99311   25.77127    0.16044      50218
  29.83590      2.99213   25.77372    0.16560      50322
  29.84590      2.99115   25.77971    0.15415      50418
  29.85590      2.99017   25.78738    0.17056      50272
  29.86590      2.98919   25.80183    0.15335      50462
  29.87589      2.98822   25.79879    0.15967      50468
  29.88589      2.98724   25.80172    0.16178      50404
  29.89589      2.98626   25.84304    0.15759      50531
  29.90589      2.98529   25.82739    0.17049      50405
  29.91589      2.98431   25.82671    0.16451      50170
  29.92589      2.98334   25.83919    0.15080      50672
  29.93588      2.98237   25.87538    0.15390      50436
  29.94588      2.98139   25.86946    0.16391      50458
  29.95588      2.98042   25.88839    0.14673      50510
  29.96588      2.97945   25.90909    0.15989      50461
  29.97588      2.97848   25.91395    0.15690      50648
  29.98588      2.97751   25.93815    0.15700      50371
  29.99587      2.97654   25.94654    0.16485      50676
  30.00587      2.97557   25.96068    0.16071      50722
  30.01587      2.97460   25.99462    0.15898      50576
  30.02587      2.97363   25.99863    0.15681      50670
  30.03587      2.97266   26.02538    0.16583      50815
  30.04587      2.97170   26.04630    0.15925      50666
  30.05586      2.97073   26.05400    0.16949      50781
  30.06586      2.96977   26.07867    0.16598      50613
  30.07586      2.96880   26.10492    0.15768      50686
  30.08586      2.96784   26.12782    0.15204      50881
  30.09586      2.96688   26.14398    0.15920      50615
  30.10586      2.96591   26.17580    0.14810      50823
  30.11585      2.96495   26.20140    0.15385      50776
  30.12585      2.96399   26.22168    0.16336      50500
  30.13585      2.96303   26.25083    0.16134      51003
  30.14585      2.96207   26.26529    0.16756      50617
  30.15585      2.96111   26.32342    0.16158      50958
  30.16585      2.96015   26.33140    0.14538      51081
  30.17584      2.95919   26.36574    0.16904      50816
  30.18584      2.95824   26.40520    0.16709      50964
  30.19584      2.95728   26.43443    0.15811      51017
  30.20584      2.95632   26.46986    0.17561      50975
  30.21584      2.95537   26.50406    0.16031      51102
  30.22583      2.95441   26.55276    0.15823      51008
  30.23583      2.95346   26.58476    0.16261      50802
  30.24583      2.95251   26.61650    0.16623      51040
  30.25583      2.95155   26.67116    0.16307      50882
  30.26583      2.95060   26.71360    0.14273      51283
  30.27583      2.94965   26.77874    0.16010      50938
  30.28582      2.94870   26.80769    0.16223      51105
  30.29582      2.94775   26.86477    0.16065      51148
  30.30582      2.94680   26.91977    0.16126      50863
  30.31582      2.94585   26.99528    0.16212      51376
  30.32582      2.94490   27.03940    0.15917      51153
  30.33582      2.94395   27.09365    0.16609      51152
  30.34581      2.94300   27.18788    0.18160      51293
  30.35581      2.94206   27.24185    0.15756      51142
  30.36581      2.94111   27.31879    0.16186      51370
  30.37581      2.94017   27.38874    0.16557      51284
  30.38581      2.93922   27.46358    0.16966      51226
  30.39581      2.93828   27.54038    0.15498      51342
  30.40580      2.93733   27.62294    0.17854      51316
  30.41580      2.93639   27.70439    0.16350      51228
  30.42580      2.93545   27.79564    0.14779      51512
  30.43580      2.93451   27.90323    0.16188      51039
  30.44580      2.93357   27.98887    0.16818      51309
  30.45580      2.93263   28.09519    0.15897      51582
  30.46579      2.93169   28.19612    0.16392      51138
  30.47579      2.93075   28.28874    0.16682      51541
  30.48579      2.92981   28.40249    0.17687      51436
  30.49579      2.92887   28.52875    0.16758      51511
  30.50579      2.92794   28.65009    0.16488      51591
  30.51579      2.92700   28.76361    0.16714      51348
  30.52578      2.92606   28.88900    0.17457      51704
  30.53578      2.92513   29.03794    0.16415      51678
  30.54578      2.92419   29.17720    0.17614      51412
  30.55578      2.92326   29.30632    0.19108      51598
  30.56578      2.92233   29.45542    0.16177      51292
  30.57578      2.92139   29.63176    0.16174      51667
  30.58577      2.92046   29.77835    0.15603      51894
  30.59577      2.91953   29.95598    0.17192      51310
  30.60577      2.91860   30.14550    0.16597      51805
  30.61577      2.91767   30.31923    0.18342      51440
  30.62577      2.91674   30.50264    0.17085      51561
  30.63576      2.91581   30.73027    0.16985      51935
  30.64576      2.91488   30.91853    0.17696      51430
  30.65576      2.91395   31.14748    0.17847      52139
  30.66576      2.91302   31.36984    0.16972      51702
  30.67576      2.91210   31.61327    0.18447      51852
  30.68576      2.91117   31.85341    0.18075      51933
  30.69575      2.91025   32.10507    0.18727      51624
  30.70575      2.90932   32.38363    0.18630      52040
  30.71575      2.90840   32.64822    0.17889      51823
  30.72575      2.90747   32.93832    0.17661      51701
  30.73575      2.90655   33.22895    0.17940      51922
  30.74575      2.90563   33.55972    0.17012      51932
  30.75574      2.90471   33.85332    0.18923      51933
  30.76574      2.90379   34.23337    0.17634      51873
  30.77574      2.90286   34.56124    0.17986      51732
  30.78574      2.90194   34.94075    0.18437      52075
  30.79574      2.90103   35.30906    0.18560      52153
  30.80574      2.90011   35.69627    0.18966      51681
  30.81573      2.89919   36.10839    0.18735      52352
  30.82573      2.89827   36.54550    0.20455      51793
  30.83573      2.89735   36.98198    0.19679      52260
  30.84573      2.89644   37.43560    0.19352      52127
  30.85573      2.89552   37.88237    0.19953      51909
  30.86573      2.89461   38.41660    0.18543      52441
  30.87572      2.89369   38.89449    0.20512      51977
  30.88572      2.89278   39.41701    0.20335      52094
  30.89572      2.89186   39.96054    0.19430      52367
  30.90572      2.89095   40.51953    0.20220      51936
  30.91572      2.89004   41.08400    0.20551      52437
  30.92572      2.88913   41.69292    0.18541      52071
  30.93571      2.88822   42.30831    0.19581      52046
  30.94571      2.88731   42.90746    0.22796      52318
  30.95571      2.88640   43.55241    0.19915      52253
  30.96571      2.88549   44.24036    0.21149      52281
  30.97571      2.88458   44.91824    0.21260      52537
  30.98571      2.88367   45.59642    0.21333      52020
  30.99570      2.88276   46.30578    0.20881      52584
  31.00570      2.88186   47.05982    0.22746      52416
  31.01570      2.88095   47.76765    0.21724      52331
  31.02570      2.88005   48.53656    0.22025      52622
  31.03570      2.87914   49.28582    0.24099      52235
  31.04569      2.87824   50.07721    0.23265      52398
  31.05569      2.87733   50.86571    0.21194      52510
  31.06569      2.87643   51.64736    0.21438      52402
  31.07569      2.87553   52.47531    0.20800      52743
  31.08569      2.87462   53.31226    0.23090      52442
  31.09569      2.87372   54.12152    0.22800      52460
  31.10568      2.87282   54.98810    0.22925      52451
  31.11568      2.87192   55.80173    0.24413      52449
  31.12568      2.87102   56.62718    0.24154      52709
  31.13568      2.87012   57.48431    0.21971      52498
  31.14568      2.86922   58.29323    0.23357      52787
  31.15568      2.86833   59.16826    0.25208      52580
  31.16567      2.86743   60.00802    0.23528      52660
  31.17567      2.86653   60.80526    0.24869      52674
  31.18567      2.86564   61.63783    0.24293      52643
  31.19567      2.86474   62.43277    0.24575      52826
  31.20567      2.86384   63.21949    0.24949      52742
  31.21567      2.86295   64.05784    0.26229      52707
  31.22566      2.86206   64.79197    0.23207      52733
  31.23566      2.86116   65.55856    0.23302      52860
  31.24566      2.86027   66.30537    0.23761      52713
  31.25566      2.85938   67.03094    0.26800      52778
  31.26566      2.85849   67.73709    0.24924      52871
  31.27566      2.85760   68.39039    0.23611      52734
  31.28565      2.85670   69.05122    0.24431      52974
  31.29565      2.85582   69.66191    0.26636      53065
  31.30565      2.85493   70.26865    0.26045      52872
  31.31565      2.85404   70.84554    0.26105      52980
  31.32565      2.85315   71.37684    0.25781      52819
  31.33565      2.85226   71.89810    0.26909      53124
  31.34564      2.85137   72.35690    0.24202      52961
  31.35564      2.85049   72.82475    0.27200      53023
  31.36564      2.84960   73.22731    0.25781      52894
  31.37564      2.84872   73.60484    0.27281      52971
  31.38564      2.84783   73.95865    0.24371      53105
  31.39563      2.84695   74.25677    0.26739      53170
  31.40563      2.84606   74.51838    0.23979      52944
  31.41563      2.84518   74.77421    0.26196      53151
  31.42563      2.84430   74.98313    0.25527      53115
  31.43563      2.84342   75.11820    0.24854      53193
  31.44563      2.84254   75.25061    0.26290      53144
  31.45562      2.84166   75.33327    0.27215      53070
  31.46562      2.84078   75.36984    0.26816      53329
  31.47562      2.83990   75.41544    0.26356      53342
  31.48562      2.83902   75.38081    0.24200      53086
  31.49562      2.83814   75.31324    0.27317      53383
  31.50562      2.83726   75.22869    0.28703      53311
  31.51561      2.83638   75.10534    0.27387      53283
  31.52561      2.83551   74.95079    0.25820      53296
  31.53561      2.83463   74.80017    0.25870      53107
  31.54561      2.83375   74.56277    0.26714      53365
  31.55561      2.83288   74.33873    0.24345      53320
  31.56561      2.83200   74.06807    0.24883      53431
  31.57560      2.83113   73.75910    0.24056      53427
  31.58560      2.83026   73.45652    0.26632      53276
  31.59560      2.82938   73.09756    0.25640      53575
  31.60560      2.82851   72.72887    0.27590      53497
  31.61560      2.82764   72.36811    0.25510      53436
  31.62560      2.82677   71.95090    0.24943      53509
  31.63559      2.82590   71.51253    0.25669      53596
  31.64559      2.82503   71.08953    0.26318      53589
  31.65559      2.82416   70.62222    0.26165      53593
  31.66559      2.82329   70.14676    0.25346      53515
  31.67559      2.82242   69.65097    0.27435      53662
  31.68559      2.82155   69.17127    0.24645      53645
  31.69558      2.82069   68.70913    0.24820      53473
  31.70558      2.81982   68.17044    0.24824      53514
  31.71558      2.81895   67.64994    0.26486      53511
  31.72558      2.81809   67.11958    0.23800      53644
  31.73558      2.81722   66.62283    0.22968      54008
  31.74558      2.81636   66.05888    0.26564      53588
  31.75557      2.81550   65.54350    0.23709      53802
  31.76557      2.81463   65.00332    0.24377      53799
  31.77557      2.81377   64.47447    0.24028      53548
  31.78557      2.81291   63.94005    0.23719      53929
  31.79557      2.81204   63.41469    0.26270      53717
  31.80556      2.81118   62.87820    0.24590      53693
  31.81556      2.81032   62.35980    0.27437      54066
  31.82556      2.80946   61.81931    0.22468      53761
  31.83556      2.80860   61.32892    0.23389      54009
  31.84556      2.80774   60.80825    0.26478      53753
  31.85556      2.80689   60.29855    0.22817      53845
  31.86555      2.80603   59.79592    0.23476      53982
  31.87555      2.80517   59.32427    0.23735      54015
  31.88555      2.80431   58.81510    0.23302      54024
  31.89555      2.80346   58.37316    0.21970      54034
  31.90555      2.80260   57.84860    0.22134      54110
  31.91555      2.80175   57.40303    0.24261      53875
  31.92554      2.80089   56.93846    0.23697      54000
  31.93554      2.80004   56.49153    0.21443      54077
  31.94554      2.79918   56.08387    0.24186      54062
  31.95554      2.79833   55.62063    0.23184      54038
  31.96554      2.79748   55.21031    0.23107      54229
  31.97554      2.79663   54.80891    0.21805      54209
  31.98553      2.79578   54.38406    0.23412      54119
  31.99553      2.79493   54.02851    0.21976      54436
  32.00553      2.79407   53.61679    0.24751      53951
  32.01553      2.79322   53.26294    0.24235      54150
  32.02553      2.79238   52.87356    0.22253      54225
  32.03553      2.79153   52.51202    0.20608      54163
  32.04552      2.79068   52.15989    0.21619      54503
  32.05552      2.78983   51.81006    0.21300      54266
  32.06552      2.78898   51.50015    0.21208      54473
  32.07552      2.78814   51.13709    0.21241      54310
  32.08552      2.78729   50.84272    0.21721      54117
  32.09552      2.78645   50.52942    0.22208      54441
  32.10551      2.78560   50.21345    0.22434      54127
  32.11551      2.78476   49.91444    0.20974      54769
  32.12551      2.78391   49.63279    0.21294      54321
  32.13551      2.78307   49.32393    0.21677      54417
  32.14551      2.78223   49.05130    0.21858      54536
  32.15551      2.78138   48.79232    0.21329      54406
  32.16550      2.78054   48.50518    0.23426      54528
  32.17550      2.77970   48.25897    0.21119      54595
  32.18550      2.77886   47.98951    0.20481      54448
  32.19550      2.77802   47.72279    0.19962      54598
  32.20550      2.77718   47.48304    0.22316      54697
  32.21549      2.77634   47.20315    0.20962      54346
  32.22549      2.77550   47.03371    0.20012      54802
  32.23549      2.77467   46.76462    0.19883      54618
  32.24549      2.77383   46.53246    0.20868      54414
  32.25549      2.77299   46.32100    0.19823      54912
  32.26549      2.77215   46.08765    0.22099      54345
  32.27548      2.77132   45.90343    0.19124      55197
  32.28548      2.77048   45.68710    0.21215      54472
  32.29548      2.76965   45.48581    0.22031      54630
  32.30548      2.76881   45.29200    0.21017      54932
  32.31548      2.76798   45.07406    0.21257      54604
  32.32548      2.76715   44.91738    0.19485      55147
  32.33547      2.76631   44.71124    0.20208      54673
  32.34547      2.76548   44.53819    0.21480      54825
  32.35547      2.76465   44.35221    0.19812      55013
  32.36547      2.76382   44.20195    0.20067      54702
  32.37547      2.76299   44.02357    0.19978      55089
  32.38547      2.76216   43.85752    0.19840      55017
  32.39546      2.76133   43.70153    0.19114      54701
  32.40546      2.76050   43.54433    0.19592      54914
  32.41546      2.75967   43.38088    0.20146      54714
  32.42546      2.75884   43.25348    0.20426      54970
  32.43546      2.75801   43.09858    0.20034      55243
  32.44546      2.75719   42.95680    0.20033      54847
  32.45545      2.75636   42.79762    0.19783      55344
  32.46545      2.75553   42.69244    0.19880      54991
  32.47545      2.75471   42.54270    0.19221      55094
  32.48545      2.75388   42.42482    0.21146      55325
  32.49545      2.75306   42.26279    0.20296      54970
  32.50545      2.75224   42.14997    0.19823      55279
  32.51544      2.75141   42.04871    0.20100      55067
  32.52544      2.75059   41.92048    0.18896      55245
  32.53544      2.74977   41.79852    0.19010      55238
  32.54544      2.74895   41.68978    0.18911      55009
  32.55544      2.74812   41.57467    0.19189      55434
  32.56544      2.74730   41.46705    0.19220      55248
  32.57543      2.74648   41.34171    0.19599      55124
  32.58543      2.74566   41.23957    0.19862      55287
  32.59543      2.74484   41.15226    0.19635      54919
  32.60543      2.74402   41.05205    0.17977      55880
  32.61543      2.74321   40.93583    0.20567      55237
  32.62542      2.74239   40.86040    0.19283      55344
  32.63542      2.74157   40.76882    0.20546      55397
  32.64542      2.74075   40.64996    0.19154      55113
  32.65542      2.73994   40.58053    0.19647      55786
  32.66542      2.73912   40.46228    0.19432      55342
  32.67542      2.73831   40.38430    0.19426      55369
  32.68541      2.73749   40.31891    0.18861      55807
  32.69541      2.73668   40.22031    0.18644      55315
  32.70541      2.73586   40.14465    0.18837      55707
  32.71541      2.73505   40.07317    0.18728      55813
  32.72541      2.73424   39.96902    0.19760      55188
  32.73541      2.73343   39.90888    0.18514      55601
  32.74540      2.73261   39.83747    0.17283      55447
  32.75540      2.73180   39.76878    0.19282      55710
  32.76540      2.73099   39.71243    0.19767      55786
  32.77540      2.73018   39.62031    0.20422      55314
  32.78540      2.72937   39.57033    0.18851      56162
  32.79540      2.72856   39.49587    0.18492      55560
  32.80539      2.72775   39.43924    0.19837      55620
  32.81539      2.72694   39.38148    0.19290      55903
  32.82539      2.72614   39.30802    0.19083      55574
  32.83539      2.72533   39.27662    0.19160      55961
  32.84539      2.72452   39.20798    0.18062      55726
  32.85539      2.72372   39.14875    0.19572      55770
  32.86538      2.72291   39.12405    0.18290      55651
  32.87538      2.72211   39.03314    0.19892      55851
  32.88538      2.72130   39.00725    0.17191      56072
  32.89538      2.72050   38.95365    0.18289      55810
  32.90538      2.71969   38.91013    0.18768      55727
  32.91538      2.71889   38.87540    0.18911      55950
  32.92537      2.71809   38.80076    0.18972      55815
  32.93537      2.71728   38.77760    0.19670      56241
  32.94537      2.71648   38.73039    0.18290      55765
  32.95537      2.71568   38.70200    0.17754      55904
  32.96537      2.71488   38.66957    0.19315      56467
  32.97537      2.71408   38.60179    0.19252      55914
  32.98536      2.71328   38.58109    0.19587      56359
  32.99536      2.71248   38.54817    0.18942      56009
  33.00536      2.71168   38.49394    0.19575      55889
  33.01536      2.71088   38.49670    0.17563      56283
  33.02536      2.71009   38.44230    0.18624      55952
  33.03535      2.70929   38.43322    0.18023      56382
  33.04535      2.70849   38.41494    0.17679      56301
  33.05535      2.70770   38.34840    0.18835      56058
  33.06535      2.70690   38.34774    0.18722      56290
  33.07535      2.70610   38.33255    0.18009      56178
  33.08535      2.70531   38.29719    0.19656      56167
  33.09534      2.70451   38.31622    0.17482      56345
  33.10534      2.70372   38.27490    0.19438      56189
  33.11534      2.70293   38.27654    0.18962      56647
  33.12534      2.70213   38.24789    0.19349      56167
  33.13534      2.70134   38.21687    0.18787      56377
  33.14534      2.70055   38.24058    0.18823      56685
  33.15533      2.69976   38.20633    0.19141      56181
  33.16533      2.69897   38.21403    0.17651      56582
  33.17533      2.69818   38.21457    0.18490      56329
  33.18533      2.69739   38.19286    0.18777      56378
  33.19533      2.69660   38.18731    0.18927      56569
  33.20533      2.69581   38.21042    0.18308      56373
  33.21532      2.69502   38.17833    0.17749      56668
  33.22532      2.69423   38.19871    0.18396      56560
  33.23532      2.69344   38.20620    0.18180      56245
  33.24532      2.69266   38.22515    0.17895      56770
  33.25532      2.69187   38.19631    0.18520      56529
  33.26532      2.69108   38.22975    0.18907      56670
  33.27531      2.69030   38.25103    0.18957      56839
  33.28531      2.68951   38.24704    0.19585      56459
  33.29531      2.68873   38.25292    0.19032      56755
  33.30531      2.68794   38.28600    0.17317      56817
  33.31531      2.68716   38.32042    0.19475      56530
  33.32531      2.68638   38.32595    0.19186      56705
  33.33530      2.68559   38.34571    0.19227      56623
  33.34530      2.68481   38.37515    0.18588      56755
  33.35530      2.68403   38.41939    0.17326      56934
  33.36530      2.68325   38.41034    0.18682      56677
  33.37530      2.68247   38.48215    0.17238      57200
  33.38529      2.68169   38.49976    0.19073      56646
  33.39529      2.68091   38.53177    0.19302      56808
  33.40529      2.68013   38.57445    0.17704      56776
  33.41529      2.67935   38.61551    0.19006      56748
  33.42529      2.67857   38.66665    0.18306      57285
  33.43529      2.67779   38.67526    0.20005      56719
  33.44528      2.67701   38.75247    0.17700      57281
  33.45528      2.67624   38.80896    0.18504      57092
  33.46528      2.67546   38.84504    0.19071      56725
  33.47528      2.67468   38.88341    0.19882      57271
  33.48528      2.67391   38.94700    0.20186      56830
  33.49528      2.67313   39.01313    0.18636      57164
  33.50527      2.67236   39.06260    0.17661      57264
  33.51527      2.67158   39.10735    0.18161      57184
  33.52527      2.67081   39.20143    0.18191      57142
  33.53527      2.67003   39.26945    0.19511      57038
  33.54527      2.66926   39.34174    0.17923      57169
  33.55527      2.66849   39.40076    0.18083      57257
  33.56526      2.66772   39.47725    0.19455      57298
  33.57526      2.66695   39.56328    0.18968      57043
  33.58526      2.66617   39.67121    0.17651      57259
  33.59526      2.66540   39.71584    0.19311      57373
  33.60526      2.66463   39.83943    0.19580      57477
  33.61526      2.66386   39.92937    0.19921      57286
  33.62525      2.66310   40.03506    0.18876      57163
  33.63525      2.66233   40.09822    0.18885      57458
  33.64525      2.66156   40.22760    0.20237      57288
  33.65525      2.66079   40.33855    0.17901      57494
  33.66525      2.66002   40.46294    0.19475      57338
  33.67525      2.65926   40.54188    0.18364      57502
  33.68524      2.65849   40.68328    0.19866      57185
  33.69524      2.65772   40.79448    0.19550      57303
  33.70524      2.65696   40.94528    0.19064      57719
  33.71524      2.65619   41.07551    0.17787      57683
  33.72524      2.65543   41.20534    0.18324      57384
  33.73524      2.65466   41.35349    0.19583      57507
  33.74523      2.65390   41.48366    0.19906      57375
  33.75523      2.65314   41.64718    0.19024      58016
  33.76523      2.65237   41.80423    0.19438      57559
  33.77523      2.65161   41.94717    0.19500      57668
  33.78523      2.65085   42.11714    0.20559      57477
  33.79522      2.65009   42.29463    0.19626      57776
  33.80522      2.64933   42.48478    0.20199      57962
  33.81522      2.64857   42.63496    0.18653      57586
  33.82522      2.64781   42.80615    0.20438      57804
  33.83522      2.64705   43.03564    0.19851      57714
  33.84522      2.64629   43.22810    0.18496      57736
  33.85521      2.64553   43.42443    0.20485      57747
  33.86521      2.64477   43.63436    0.18183      57924
  33.87521      2.64401   43.82857    0.20023      57837
  33.88521      2.64326   44.05912    0.20123      57755
  33.89521      2.64250   44.28386    0.20107      57826
  33.90521      2.64174   44.53055    0.19468      58015
  33.91520      2.64099   44.79138    0.20130      57889
  33.92520      2.64023   44.99057    0.20955      57658
  33.93520      2.63948   45.25561    0.19377      58216
  33.94520      2.63872   45.51886    0.20203      58073
  33.95520      2.63797   45.80659    0.20495      58077
  33.96520      2.63721   46.06111    0.20880      57954
  33.97519      2.63646   46.31119    0.21084      58013
  33.98519      2.63571   46.61327    0.22195      57858
  33.99519      2.63496   46.92275    0.19893      58209
  34.00519      2.63420   47.21000    0.19478      58037
  34.01519      2.63345   47.52707    0.19568      58254
  34.02519      2.63270   47.83628    0.22560      58095
  34.03518      2.63195   48.17002    0.19926      58146
  34.04518      2.63120   48.46850    0.20134      58398
  34.05518      2.63045   48.80753    0.20937      58052
  34.06518      2.62970   49.16914    0.20589      58130
  34.07518      2.62895   49.49180    0.20928      58276
  34.08518      2.62821   49.85743    0.20839      58257
  34.09517      2.62746   50.21656    0.21788      58472
  34.10517      2.62671   50.55737    0.21990      58242
  34.11517      2.62596   50.92664    0.21246      58434
  34.12517      2.62522   51.30958    0.21804      58471
  34.13517      2.62447   51.69046    0.21536      58372
  34.14517      2.62373   52.05884    0.20858      58383
  34.15516      2.62298   52.41018    0.23928      58306
  34.16516      2.62224   52.82940    0.20325      58315
  34.17516      2.62149   53.20983    0.21936      58289
  34.18516      2.62075   53.59053    0.21358      58626
  34.19516      2.62000   54.00703    0.23118      58444
  34.20515      2.61926   54.37740    0.20659      58615
  34.21515      2.61852   54.78784    0.21092      58661
  34.22515      2.61778   55.20748    0.20908      58441
  34.23515      2.61703   55.58243    0.23228      58567
  34.24515      2.61629   55.98869    0.21944      58409
  34.25515      2.61555   56.34742    0.22556      58812
  34.26514      2.61481   56.77796    0.22886      58600
  34.27514      2.61407   57.18910    0.23288      58808
  34.28514      2.61333   57.55727    0.23166      58444
  34.29514      2.61259   57.97352    0.21469      58940
  34.30514      2.61186   58.32083    0.22899      58691
  34.31514      2.61112   58.72335    0.26102      58609
  34.32513      2.61038   59.10754    0.21078      58810
  34.33513      2.60964   59.50383    0.21653      58587
  34.34513      2.60891   59.86677    0.23617      59001
  34.35513      2.60817   60.22223    0.22346      58912
  34.36513      2.60743   60.56933    0.23657      58795
  34.37513      2.60670   60.92660    0.21780      59047
  34.38512      2.60596   61.26013    0.23236      58749
  34.39512      2.60523   61.62034    0.23294      58919
  34.40512      2.60449   61.91667    0.22690      58969
  34.41512      2.60376   62.22688    0.24409      58923
  34.42512      2.60303   62.54296    0.21547      59147
  34.43512      2.60229   62.84521    0.22962      58737
  34.44511      2.60156   63.09989    0.24608      59110
  34.45511      2.60083   63.38441    0.24069      59145
  34.46511      2.60010   63.64036    0.26713      58955
  34.47511      2.59937   63.87500    0.22325      59151
  34.48511      2.59864   64.10787    0.23839      58890
  34.49511      2.59791   64.33510    0.21940      59169
  34.50510      2.59718   64.52361    0.24157      59118
  34.51510      2.59645   64.70352    0.23623      59036
  34.52510      2.59572   64.89573    0.22259      59222
  34.53510      2.59499   65.07733    0.24866      59234
  34.54510      2.59426   65.19238    0.22491      59341
  34.55510      2.59353   65.33293    0.23856      59104
  34.56509      2.59281   65.43451    0.23277      59075
  34.57509      2.59208   65.53735    0.24522      59467
  34.58509      2.59135   65.65569    0.22967      59259
  34.59509      2.59063   65.73306    0.24786      59523
  34.60509      2.58990   65.78291    0.24736      59570
  34.61508      2.58917   65.87060    0.22628      59212
  34.62508      2.58845   65.88117    0.24964      59470
  34.63508      2.58773   65.88144    0.23449      59615
  34.64508      2.58700   65.93331    0.23283      59259
  34.65508      2.58628   65.93238    0.24762      59503
  34.66508      2.58556   65.88870    0.24966      58979
  34.67507      2.58483   65.92463    0.23650      59728
  34.68507      2.58411   65.88160    0.22845      59535
  34.69507      2.58339   65.82360    0.23727      59602
  34.70507      2.58267   65.81065    0.23131      59630
  34.71507      2.58195   65.75350    0.21798      59533
  34.72507      2.58123   65.66145    0.23986      59632
  34.73506      2.58051   65.65327    0.25206      59322
  34.74506      2.57979   65.51821    0.23509      59581
  34.75506      2.57907   65.49543    0.25485      59878
  34.76506      2.57835   65.39886    0.22786      59605
  34.77506      2.57763   65.25397    0.23572      59733
  34.78506      2.57691   65.26141    0.24210      59810
  34.79505      2.57619   65.15894    0.25013      59628
  34.80505      2.57548   64.98938    0.23671      59937
  34.81505      2.57476   64.97240    0.24422      59358
  34.82505      2.57404   64.93584    0.22839      60159
  34.83505      2.57333   64.76807    0.24173      59888
  34.84505      2.57261   64.70579    0.22744      59834
  34.85504      2.57190   64.65729    0.23840      59924
  34.86504      2.57118   64.52612    0.24964      59917
  34.87504      2.57047   64.51752    0.21875      59989
  34.88504      2.56975   64.43685    0.24692      59704
  34.89504      2.56904   64.34229    0.22870      60100
  34.90504      2.56833   64.30335    0.23169      59972
  34.91503      2.56762   64.26146    0.22997      59763
  34.92503      2.56690   64.19934    0.24042      60279
  34.93503      2.56619   64.21465    0.23918      60258
  34.94503      2.56548   64.16605    0.26592      59899
  34.95503      2.56477   64.18466    0.24968      60079
  34.96502      2.56406   64.19651    0.22272      60337
  34.97502      2.56335   64.16520    0.24238      60028
  34.98502      2.56264   64.23964    0.24065      59963
  34.99502      2.56193   64.26744    0.22297      59965
  35.00502      2.56122   64.28433    0.23281      60475
  35.01502      2.56051   64.39621    0.23737      60006
  35.02501      2.55980   64.44982    0.27208      60198
  35.03501      2.55910   64.57222    0.21622      60510
  35.04501      2.55839   64.69316    0.25477      60151
  35.05501      2.55768   64.77476    0.21557      60259
  35.06501      2.55698   64.97980    0.23480      60192
  35.07501      2.55627   65.14820    0.26097      60350
  35.08500      2.55557   65.21710    0.24001      60651
  35.09500      2.55486   65.45644    0.24032      60247
  35.10500      2.55416   65.70737    0.23070      60813
  35.11500      2.55345   65.88119    0.25442      60132
  35.12500      2.55275   66.17320    0.24657      60617
  35.13500      2.55204   66.41467    0.24367      60656
  35.14499      2.55134   66.69579    0.25102      60148
  35.15499      2.55064   67.02190    0.23749      60533
  35.16499      2.54994   67.27764    0.24529      60504
  35.17499      2.54923   67.69518    0.24709      60683
  35.18499      2.54853   68.04651    0.23375      60701
  35.19499      2.54783   68.38813    0.23390      60300
  35.20498      2.54713   68.83558    0.24418      60918
  35.21498      2.54643   69.19922    0.24793      60193
  35.22498      2.54573   69.70785    0.24764      60689
  35.23498      2.54503   70.13325    0.26677      60925
  35.24498      2.54433   70.59565    0.24707      60443
  35.25498      2.54363   71.12917    0.24690      61018
  35.26497      2.54293   71.65266    0.25316      60665
  35.27497      2.54224   72.16244    0.25067      61027
  35.28497      2.54154   72.74465    0.24937      61077
  35.29497      2.54084   73.29935    0.26608      60516
  35.30497      2.54015   73.87058    0.27491      60859
  35.31497      2.53945   74.52049    0.24385      60658
  35.32496      2.53875   75.08660    0.25551      60846
  35.33496      2.53806   75.78220    0.27003      61089
  35.34496      2.53736   76.37928    0.24136      60769
  35.35496      2.53667   77.06891    0.25979      61083
  35.36496      2.53597   77.78942    0.27315      60939
  35.37495      2.53528   78.42855    0.24396      61176
  35.38495      2.53459   79.16987    0.26382      60877
  35.39495      2.53389   79.88293    0.25324      60843
  35.40495      2.53320   80.57148    0.26074      61078
  35.41495      2.53251   81.28936    0.28531      61138
  35.42495      2.53182   82.05401    0.27299      61092
  35.43494      2.53113   82.80541    0.27434      61356
  35.44494      2.53043   83.51628    0.26257      60939
  35.45494      2.52974   84.23472    0.28388      61347
  35.46494      2.52905   84.96215    0.27352      61129
  35.47494      2.52836   85.69543    0.25836      61164
  35.48494      2.52767   86.42586    0.25283      61437
  35.49493      2.52698   87.14967    0.28289      61040
  35.50493      2.52630   87.80542    0.28158      61238
  35.51493      2.52561   88.48320    0.28528      61421
  35.52493      2.52492   89.16504    0.28444      61346
  35.53493      2.52423   89.80864    0.25625      61398
  35.54493      2.52355   90.43337    0.27741      61052
  35.55492      2.52286   91.00260    0.26613      61561
  35.56492      2.52217   91.63055    0.26255      61208
  35.57492      2.52149   92.16783    0.28011      61488
  35.58492      2.52080   92.65703    0.30190      61903
  35.59492      2.52012   93.19568    0.27751      61089
  35.60492      2.51943   93.62704    0.29032      61548
  35.61491      2.51875   94.09611    0.27872      61764
  35.62491      2.51806   94.48434    0.29546      61308
  35.63491      2.51738   94.83152    0.26358      61821
  35.64491      2.51670   95.16787    0.31217      61104
  35.65491      2.51601   95.39088    0.25995      61941
  35.66491      2.51533   95.73686    0.27093      61655
  35.67490      2.51465   95.90244    0.28581      61550
  35.68490      2.51397   96.02324    0.28002      61837
  35.69490      2.51329   96.15756    0.27377      61392
  35.70490      2.51260   96.24782    0.29659      62028
  35.71490      2.51192   96.23301    0.27363      61609
  35.72490      2.51124   96.22687    0.27433      61770
  35.73489      2.51056   96.16400    0.28906      61739
  35.74489      2.50988   96.03192    0.28082      61503
  35.75489      2.50921   95.93371    0.26217      62246
  35.76489      2.50853   95.68802    0.28706      61625
  35.77489      2.50785   95.46224    0.29241      61923
  35.78488      2.50717   95.18852    0.26918      62201
  35.79488      2.50649   94.84792    0.31336      61641
  35.80488      2.50582   94.51676    0.28417      62051
  35.81488      2.50514   94.04389    0.27520      61906
  35.82488      2.50446   93.62797    0.25994      61748
  35.83488      2.50379   93.20869    0.26973      62135
  35.84487      2.50311   92.58588    0.26920      62122
  35.85487      2.50244   92.09738    0.28846      62118
  35.86487      2.50176   91.48250    0.26697      62160
  35.87487      2.50109   90.83744    0.25921      62109
  35.88487      2.50041   90.21804    0.27641      62083
  35.89487      2.49974   89.52690    0.27417      61842
  35.90486      2.49907   88.79164    0.27604      62057
  35.91486      2.49840   88.11449    0.26503      62267
  35.92486      2.49772   87.35814    0.26239      61913
  35.93486      2.49705   86.55848    0.28914      62241
  35.94486      2.49638   85.79821    0.26492      61855
  35.95486      2.49571   85.01090    0.26566      62417
  35.96485      2.49504   84.14675    0.25808      62213
  35.97485      2.49437   83.36493    0.27001      62032
  35.98485      2.49370   82.49393    0.27449      61972
  35.99485      2.49303   81.64775    0.26248      62109
  36.00485      2.49236   80.79682    0.25220      62299
  36.01485      2.49169   79.92201    0.25559      61893
  36.02484      2.49102   79.08144    0.26999      62190
  36.03484      2.49035   78.21927    0.23243      62364
  36.04484      2.48968   77.35639    0.23794      61789
  36.05484      2.48902   76.46871    0.26314      62336
  36.06484      2.48835   75.59452    0.26670      61637
  36.07484      2.48768   74.78745    0.25474      62148
  36.08483      2.48702   73.90245    0.24870      61949
  36.09483      2.48635   73.04403    0.27065      61640
  36.10483      2.48568   72.25378    0.23580      62202
  36.11483      2.48502   71.39656    0.24829      61830
  36.12483      2.48435   70.61486    0.24480      62109
  36.13483      2.48369   69.74947    0.23687      61931
  36.14482      2.48303   68.96094    0.25927      61820
  36.15482      2.48236   68.17678    0.22887      62020
  36.16482      2.48170   67.36224    0.24847      61609
  36.17482      2.48104   66.66035    0.23314      61960
  36.18482      2.48037   65.91441    0.24670      61991
  36.19481      2.47971   65.16379    0.23768      61760
  36.20481      2.47905   64.43959    0.22161      62105
  36.21481      2.47839   63.72838    0.22610      61709
  36.22481      2.47773   63.01151    0.23600      61611
  36.23481      2.47707   62.36337    0.22541      61850
  36.24481      2.47641   61.71315    0.21991      61482
  36.25480      2.47575   61.03644    0.23798      61927
  36.26480      2.47509   60.39038    0.23550      61808
  36.27480      2.47443   59.82677    0.24517      61687
  36.28480      2.47377   59.18707    0.22789      61817
  36.29480      2.47311   58.62542    0.21659      61624
  36.30480      2.47245   58.02621    0.23564      61770
  36.31479      2.47179   57.44976    0.21126      61472
  36.32479      2.47114   56.93882    0.20470      61609
  36.33479      2.47048   56.39435    0.21996      61849
  36.34479      2.46982   55.84174    0.22501      61581
  36.35479      2.46917   55.38072    0.23394      61665
  36.36479      2.46851   54.85545    0.21946      61744
  36.37478      2.46785   54.39115    0.20913      61508
  36.38478      2.46720   53.93412    0.20343      61740
  36.39478      2.46654   53.40510    0.20571      61279
  36.40478      2.46589   53.02292    0.20676      61699
  36.41478      2.46524   52.54900    0.21875      61574
  36.42478      2.46458   52.16391    0.20611      61579
  36.43477      2.46393   51.75320    0.22249      61716
  36.44477      2.46327   51.32612    0.20999      61369
  36.45477      2.46262   50.96651    0.21367      61547
  36.46477      2.46197   50.56105    0.21472      61365
  36.47477      2.46132   50.21354    0.21363      61335
  36.48477      2.46067   49.85323    0.19915      61567
  36.49476      2.46002   49.45934    0.19640      61155
  36.50476      2.45936   49.17410    0.20353      61683
  36.51476      2.45871   48.79281    0.19873      61402
  36.52476      2.45806   48.52180    0.21217      61709
  36.53476      2.45741   48.16638    0.19224      61589
  36.54476      2.45676   47.87794    0.20276      61284
  36.55475      2.45612   47.58108    0.19924      61385
  36.56475      2.45547   47.26221    0.21062      61043
  36.57475      2.45482   47.02539    0.19216      61681
  36.58475      2.45417   46.72111    0.19893      61347
  36.59475      2.45352   46.46317    0.19059      61359
  36.60474      2.45288   46.18649    0.20021      61403
  36.61474      2.45223   45.93942    0.19797      61301
  36.62474      2.45158   45.69584    0.20621      61317
  36.63474      2.45094   45.41172    0.20162      61125
  36.64474      2.45029   45.20072    0.20203      61168
  36.65474      2.44965   44.96474    0.18824      61286
  36.66473      2.44900   44.73872    0.19207      61571
  36.67473      2.44836   44.51072    0.18593      61101
  36.68473      2.44771   44.30686    0.19715      61526
  36.69473      2.44707   44.08855    0.18933      61157
  36.70473      2.44642   43.89007    0.18565      61350
  36.71473      2.44578   43.70140    0.18983      61309
  36.72472      2.44514   43.50676    0.19555      60928
  36.73472      2.44449   43.31835    0.18887      61629
  36.74472      2.44385   43.14488    0.20020      60784
  36.75472      2.44321   42.96903    0.18661      61463
  36.76472      2.44257   42.78154    0.19389      61043
  36.77472      2.44193   42.63486    0.19276      61268
  36.78471      2.44129   42.47525    0.19062      61197
  36.79471      2.44065   42.32601    0.18678      60998
  36.80471      2.44001   42.17035    0.18839      61181
  36.81471      2.43937   42.03112    0.19134      61070
  36.82471      2.43873   41.89205    0.17969      61151
  36.83471      2.43809   41.75153    0.19740      61219
  36.84470      2.43745   41.64435    0.18709      61065
  36.85470      2.43681   41.52029    0.19253      61313
  36.86470      2.43617   41.39458    0.18661      61034
  36.87470      2.43554   41.26415    0.16578      61357
  36.88470      2.43490   41.16111    0.18231      61091
  36.89470      2.43426   41.04491    0.18781      60687
  36.90469      2.43363   40.97765    0.19162      61341
  36.91469      2.43299   40.85640    0.18286      60862
  36.92469      2.43235   40.78845    0.19853      60957
  36.93469      2.43172   40.69676    0.19432      61018
  36.94469      2.43108   40.61414    0.18111      60982
  36.95468      2.43045   40.56138    0.17547      61232
  36.96468      2.42981   40.47407    0.18697      60875
  36.97468      2.42918   40.39558    0.19887      61148
  36.98468      2.42855   40.32993    0.17095      61094
  36.99468      2.42791   40.29595    0.18355      61024
  37.00468      2.42728   40.23217    0.18732      61177
  37.01467      2.42665   40.18648    0.18866      60805
  37.02467      2.42601   40.13709    0.19082      60945
  37.03467      2.42538   40.10578    0.18038      60838
  37.04467      2.42475   40.06112    0.17387      61104
  37.05467      2.42412   40.03231    0.17301      60790
  37.06467      2.42349   40.00058    0.19596      60848
  37.07466      2.42286   39.97835    0.17438      60862
  37.08466      2.42223   39.95718    0.18253      60720
  37.09466      2.42160   39.94339    0.19257      61030
  37.10466      2.42097   39.91806    0.19305      61060
  37.11466      2.42034   39.92995    0.18485      61101
  37.12466      2.41971   39.92310    0.19193      60892
  37.13465      2.41908   39.89439    0.18698      60719
  37.14465      2.41845   39.93215    0.18024      60869
  37.15465      2.41783   39.93103    0.16672      60802
  37.16465      2.41720   39.95377    0.18020      61087
  37.17465      2.41657   39.98782    0.18170      60512
  37.18465      2.41594   40.01642    0.19634      60841
  37.19464      2.41532   40.04419    0.19006      60676
  37.20464      2.41469   40.09858    0.18285      61219
  37.21464      2.41407   40.15422    0.18387      60597
  37.22464      2.41344   40.19928    0.17565      60916
  37.23464      2.41282   40.28112    0.17094      60792
  37.24464      2.41219   40.35107    0.20127      60732
  37.25463      2.41157   40.42424    0.18603      60971
  37.26463      2.41094   40.51870    0.18195      60921
  37.27463      2.41032   40.60015    0.18464      60634
  37.28463      2.40969   40.72112    0.20101      61037
  37.29463      2.40907   40.80943    0.18572      60342
  37.30463      2.40845   40.95882    0.19970      60903
  37.31462      2.40783   41.03560    0.17519      60421
  37.32462      2.40720   41.20261    0.17754      60987
  37.33462      2.40658   41.33224    0.18365      60715
  37.34462      2.40596   41.48137    0.20180      60609
  37.35462      2.40534   41.65602    0.18237      61010
  37.36461      2.40472   41.82810    0.18312      60755
  37.37461      2.40410   41.98464    0.18635      60750
  37.38461      2.40348   42.16281    0.18428      60829
  37.39461      2.40286   42.33869    0.20253      60432
  37.40461      2.40224   42.55003    0.18666      60851
  37.41461      2.40162   42.72648    0.19096      60748
  37.42460      2.40100   42.97950    0.19149      60712
  37.43460      2.40038   43.16770    0.18377      60640
  37.44460      2.39977   43.41589    0.19165      60673
  37.45460      2.39915   43.64477    0.20679      60772
  37.46460      2.39853   43.87452    0.19658      60660
  37.47460      2.39791   44.16534    0.19523      60656
  37.48459      2.39730   44.42523    0.20448      60546
  37.49459      2.39668   44.68176    0.18958      60767
  37.50459      2.39607   44.95684    0.18847      60525
  37.51459      2.39545   45.26199    0.18393      60877
  37.52459      2.39483   45.50207    0.20336      60605
  37.53459      2.39422   45.83835    0.20346      60835
  37.54458      2.39361   46.10844    0.18324      60598
  37.55458      2.39299   46.46699    0.19904      60833
  37.56458      2.39238   46.77047    0.19991      60388
  37.57458      2.39176   47.08746    0.19965      60487
  37.58458      2.39115   47.45044    0.20763      60588
  37.59458      2.39054   47.75688    0.19599      60599
  37.60457      2.38992   48.13850    0.20199      60852
  37.61457      2.38931   48.44809    0.21515      60597
  37.62457      2.38870   48.80888    0.19920      60735
  37.63457      2.38809   49.14885    0.20014      60348
  37.64457      2.38748   49.49796    0.21234      60676
  37.65457      2.38687   49.87611    0.19715      60460
  37.66456      2.38626   50.21108    0.20737      60635
  37.67456      2.38565   50.59310    0.20887      60714
  37.68456      2.38504   50.93810    0.21113      60460
  37.69456      2.38443   51.32254    0.20063      60535
  37.70456      2.38382   51.70287    0.21642      60594
  37.71456      2.38321   52.02049    0.19635      60838
  37.72455      2.38260   52.43195    0.19464      60673
  37.73455      2.38199   52.77290    0.21730      60423
  37.74455      2.38138   53.11992    0.21533      60669
  37.75455      2.38077   53.47362    0.22029      60303
  37.76455      2.38017   53.82186    0.21872      60744
  37.77454      2.37956   54.18318    0.21223      60472
  37.78454      2.37895   54.47782    0.20603      60544
  37.79454      2.37835   54.82937    0.21226      60586
  37.80454      2.37774   55.13422    0.22630      60160
  37.81454      2.37714   55.50837    0.20847      60933
  37.82454      2.37653   55.76360    0.21172      60465
  37.83453      2.37593   56.11587    0.21177      60645
  37.84453      2.37532   56.40274    0.23605      60437
  37.85453      2.37472   56.66506    0.20393      60515
  37.86453      2.37411   56.93151    0.22214      60647
  37.87453      2.37351   57.16325    0.21295      60283
  37.88453      2.37290   57.45176    0.19936      60896
  37.89452      2.37230   57.63072    0.22778      60129
  37.90452      2.37170   57.85691    0.21773      60515
  37.91452      2.37110   58.03956    0.22529      60723
  37.92452      2.37049   58.23519    0.20361      60552
  37.93452      2.36989   58.42826    0.22811      60625
  37.94452      2.36929   58.53940    0.23185      60308
  37.95451      2.36869   58.72358    0.22119      60703
  37.96451      2.36809   58.84850    0.22806      60362
  37.97451      2.36749   58.92741    0.21385      60524
  37.98451      2.36689   59.05744    0.21262      60511
  37.99451      2.36629   59.09776    0.21509      60201
  38.00451      2.36569   59.18490    0.21525      60757
  38.01450      2.36509   59.20583    0.22438      60446
  38.02450      2.36449   59.26070    0.22696      60831
  38.03450      2.36389   59.27129    0.22792      60403
  38.04450      2.36329   59.27690    0.21237      60540
  38.05450      2.36270   59.27421    0.21614      60555
  38.06450      2.36210   59.24855    0.21016      60281
  38.07449      2.36150   59.19117    0.21645      60544
  38.08449      2.36090   59.14283    0.21575      60561
  38.09449      2.36031   59.04026    0.22029      60352
  38.10449      2.35971   58.95317    0.24524      60576
  38.11449      2.35912   58.86633    0.22087      60455
  38.12449      2.35852   58.75234    0.22613      60378
  38.13448      2.35792   58.64228    0.21403      60542
  38.14448      2.35733   58.46357    0.22233      60548
  38.15448      2.35673   58.32324    0.20917      60376
  38.16448      2.35614   58.19718    0.21283      60408
  38.17448      2.35555   57.99255    0.22885      60422
  38.18447      2.35495   57.83867    0.20756      60822
  38.19447      2.35436   57.60900    0.22119      60412
  38.20447      2.35377   57.46217    0.22576      60563
  38.21447      2.35317   57.21806    0.20624      60338
  38.22447      2.35258   56.99759    0.22768      60367
  38.23447      2.35199   56.86236    0.20043      60582
  38.24446      2.35140   56.58004    0.21714      60299
  38.25446      2.35080   56.37562    0.22098      60638
  38.26446      2.35021   56.09886    0.23797      60208
  38.27446      2.34962   55.94995    0.19607      60618
  38.28446      2.34903   55.70027    0.21883      60753
  38.29446      2.34844   55.47987    0.21856      60454
  38.30445      2.34785   55.22906    0.22983      60234
  38.31445      2.34726   55.00337    0.22478      60350
  38.32445      2.34667   54.78368    0.20135      60278
  38.33445      2.34608   54.59985    0.21142      60610
  38.34445      2.34549   54.37189    0.19968      60378
  38.35445      2.34491   54.15943    0.22002      60230
  38.36444      2.34432   53.92635    0.20966      60748
  38.37444      2.34373   53.72044    0.21239      60532
  38.38444      2.34314   53.56548    0.20844      60584
  38.39444      2.34256   53.34594    0.21739      60542
  38.40444      2.34197   53.18113    0.21085      60168
  38.41444      2.34138   52.98739    0.19903      60590
  38.42443      2.34080   52.84339    0.22711      60145
  38.43443      2.34021   52.74728    0.20129      60670
  38.44443      2.33962   52.50774    0.21375      60415
  38.45443      2.33904   52.44944    0.21105      60624
  38.46443      2.33845   52.26011    0.22609      60265
  38.47443      2.33787   52.15913    0.21284      60251
  38.48442      2.33728   52.07604    0.20200      60652
  38.49442      2.33670   51.98775    0.20810      60378
  38.50442      2.33612   51.95988    0.20178      60451
  38.51442      2.33553   51.83283    0.21104      60164
  38.52442      2.33495   51.86749    0.21602      60616
  38.53442      2.33437   51.79129    0.21194      60660
  38.54441      2.33379   51.77850    0.20183      60433
  38.55441      2.33320   51.82098    0.19840      60482
  38.56441      2.33262   51.78848    0.20747      60220
  38.57441      2.33204   51.84675    0.22203      60458
  38.58441      2.33146   51.88631    0.21249      60337
  38.59440      2.33088   51.99220    0.21370      60475
  38.60440      2.33030   52.07740    0.20478      60471
  38.61440      2.32972   52.15986    0.21488      60557
  38.62440      2.32914   52.29383    0.21928      60540
  38.63440      2.32856   52.47412    0.20631      60518
  38.64440      2.32798   52.57489    0.21439      60157
  38.65439      2.32740   52.80808    0.21415      60379
  38.66439      2.32682   52.97178    0.21149      60253
  38.67439      2.32624   53.20193    0.21192      60375
  38.68439      2.32566   53.45161    0.21310      60375
  38.69439      2.32508   53.67391    0.20724      60331
  38.70439      2.32451   53.98622    0.21225      60890
  38.71438      2.32393   54.29118    0.21426      60440
  38.72438      2.32335   54.58994    0.21345      60577
  38.73438      2.32278   54.98571    0.22039      60202
  38.74438      2.32220   55.26099    0.21800      60324
  38.75438      2.32162   55.68265    0.21784      60463
  38.76438      2.32105   56.09296    0.22355      60161
  38.77437      2.32047   56.51477    0.22017      60460
  38.78437      2.31990   56.93417    0.22181      60541
  38.79437      2.31932   57.46427    0.22885      60403
  38.80437      2.31875   57.91933    0.22255      60795
  38.81437      2.31817   58.47398    0.23364      60162
  38.82437      2.31760   59.02390    0.21221      60364
  38.83436      2.31703   59.53666    0.21955      60314
  38.84436      2.31645   60.22800    0.22910      60256
  38.85436      2.31588   60.79032    0.23622      60632
  38.86436      2.31531   61.41855    0.22132      60388
  38.87436      2.31473   62.15889    0.23850      60391
  38.88436      2.31416   62.75980    0.24351      60460
  38.89435      2.31359   63.57688    0.21607      60642
  38.90435      2.31302   64.31159    0.23223      60504
  38.91435      2.31245   65.06040    0.23159      60262
  38.92435      2.31188   65.88611    0.24996      60464
  38.93435      2.31130   66.65556    0.24659      60135
  38.94434      2.31073   67.48009    0.25171      60625
  38.95434      2.31016   68.47058    0.23183      60593
  38.96434      2.30959   69.22572    0.24671      60239
  38.97434      2.30903   70.20045    0.26091      60425
  38.98434      2.30846   71.15017    0.24297      60413
  38.99434      2.30789   72.08142    0.23932      60556
  39.00433      2.30732   73.09639    0.23903      60562
  39.01433      2.30675   74.16923    0.26478      60228
  39.02433      2.30618   75.10574    0.25474      60712
  39.03433      2.30561   76.19250    0.25201      60405
  39.04433      2.30505   77.34875    0.26509      60351
  39.05433      2.30448   78.39291    0.24081      60587
  39.06432      2.30391   79.54315    0.25575      60208
  39.07432      2.30335   80.81677    0.27510      60406
  39.08432      2.30278   81.81492    0.26383      60792
  39.09432      2.30221   83.12568    0.28104      60370
  39.10432      2.30165   84.31727    0.25716      60676
  39.11432      2.30108   85.50729    0.26681      60137
  39.12431      2.30052   86.78105    0.28531      60674
  39.13431      2.29995   88.04437    0.27762      60202
  39.14431      2.29939   89.27217    0.28994      60345
  39.15431      2.29883   90.61752    0.26544      60399
  39.16431      2.29826   91.97164    0.28039      60203
  39.17431      2.29770   93.10361    0.27335      60921
  39.18430      2.29713   94.49764    0.27807      60191
  39.19430      2.29657   95.82286    0.28499      60576
  39.20430      2.29601   97.07558    0.27997      60489
  39.21430      2.29545   98.44584    0.30659      60377
  39.22430      2.29488   99.72914    0.27369      60481
  39.23430      2.29432  101.07121    0.28070      60375
  39.24429      2.29376  102.40687    0.30485      60435
  39.25429      2.29320  103.72307    0.28505      60536
  39.26429      2.29264  104.95842    0.28457      60551
  39.27429      2.29208  106.22218    0.31288      60436
  39.28429      2.29152  107.53098    0.31014      60451
  39.29429      2.29096  108.78801    0.32412      60443
  39.30428      2.29040  109.99254    0.30627      60367
  39.31428      2.28984  111.26118    0.28038      60092
  39.32428      2.28928  112.41281    0.30048      60697
  39.33428      2.28872  113.60016    0.30934      60361
  39.34428      2.28816  114.78543    0.30423      60737
  39.35427      2.28760  115.80426    0.30523      60240
  39.36427      2.28705  116.87087    0.31484      60520
  39.37427      2.28649  117.91079    0.32229      60690
  39.38427      2.28593  118.86840    0.29814      60106
  39.39427      2.28537  119.84127    0.30424      60815
  39.40427      2.28482  120.74909    0.30441      60279
  39.41426      2.28426  121.64578    0.31352      60505
  39.42426      2.28370  122.48386    0.34833      60646
  39.43426      2.28315  123.17935    0.30803      60357
  39.44426      2.28259  123.94191    0.32472      60678
  39.45426      2.28204  124.56901    0.30808      60341
  39.46426      2.28148  125.20482    0.33574      60514
  39.47425      2.28093  125.75442    0.30154      60638
  39.48425      2.28037  126.31893    0.33881      60398
  39.49425      2.27982  126.74805    0.31676      60614
  39.50425      2.27926  127.15017    0.32660      60403
  39.51425      2.27871  127.54375    0.29785      60691
  39.52425      2.27816  127.81048    0.31947      60448
  39.53424      2.27760  127.96276    0.33526      60408
  39.54424      2.27705  128.07239    0.31089      60824
  39.55424      2.27650  128.22622    0.31357      60503
  39.56424      2.27595  128.27292    0.31292      60773
  39.57424      2.27539  128.22634    0.33064      60499
  39.58424      2.27484  128.13521    0.31871      60313
  39.59423      2.27429  127.98324    0.31967      60463
  39.60423      2.27374  127.81820    0.31954      60557
  39.61423      2.27319  127.44432    0.31636      60793
  39.62423      2.27264  127.13385    0.32666      60834
  39.63423      2.27209  126.69007    0.32080      60246
  39.64423      2.27154  126.37107    0.33547      60711
  39.65422      2.27099  125.76362    0.34100      60407
  39.66422      2.27044  125.24930    0.27974      60319
  39.67422      2.26989  124.76504    0.30160      60815
  39.68422      2.26934  123.92922    0.32218      60426
  39.69422      2.26879  123.30831    0.34233      60849
  39.70422      2.26824  122.50015    0.31718      60307
  39.71421      2.26770  121.69498    0.30174      60843
  39.72421      2.26715  120.85553    0.30397      60563
  39.73421      2.26660  119.97690    0.30380      60673
  39.74421      2.26605  118.93701    0.30231      60424
  39.75421      2.26551  118.01938    0.30416      60331
  39.76420      2.26496  117.02419    0.31462      60901
  39.77420      2.26441  115.91335    0.31781      60497
  39.78420      2.26387  114.87831    0.32504      60518
  39.79420      2.26332  113.75516    0.29547      60794
  39.80420      2.26278  112.61673    0.29603      60415
  39.81420      2.26223  111.37536    0.31509      60529
  39.82419      2.26169  110.21962    0.28238      60600
  39.83419      2.26114  108.91617    0.28835      60436
  39.84419      2.26060  107.85005    0.30523      60815
  39.85419      2.26005  106.47588    0.30220      60211
  39.86419      2.25951  105.22567    0.29007      60662
  39.87419      2.25897  104.01223    0.28304      60800
  39.88418      2.25842  102.60585    0.29281      60628
  39.89418      2.25788  101.29653    0.28724      60871
  39.90418      2.25734   99.86138    0.27853      60357
  39.91418      2.25680   98.64993    0.28278      60783
  39.92418      2.25625   97.30633    0.28334      60318
  39.93418      2.25571   95.93264    0.27418      60547
  39.94417      2.25517   94.64743    0.29750      60879
  39.95417      2.25463   93.21643    0.27352      60381
  39.96417      2.25409   91.94121    0.28175      61068
  39.97417      2.25355   90.59075    0.28113      60150
  39.98417      2.25301   89.29611    0.27002      60561
  39.99417      2.25247   87.94942    0.26700      60463
  40.00416      2.25193   86.69269    0.25290      60270
  40.01416      2.25139   85.41766    0.27726      60718
  40.02416      2.25085   84.14110    0.25423      60562
  40.03416      2.25031   82.82827    0.25596      60576
  40.04416      2.24977   81.58985    0.27741      60537
  40.05416      2.24923   80.29499    0.28507      60242
  40.06415      2.24869   79.14976    0.25085      60405
  40.07415      2.24815   77.98562    0.23014      60314
  40.08415      2.24762   76.69215    0.24178      60542
  40.09415      2.24708   75.58558    0.25942      60538
  40.10415      2.24654   74.34286    0.25937      60137
  40.11415      2.24601   73.31094    0.24328      60633
  40.12414      2.24547   72.12696    0.25762      60173
  40.13414      2.24493   71.03308    0.25769      60216
  40.14414      2.24440   69.96899    0.23585      60383
  40.15414      2.24386   68.86720    0.23742      60257
  40.16414      2.24332   67.90635    0.23178      60663
  40.17413      2.24279   66.81865    0.22874      59903
  40.18413      2.24225   65.85383    0.23534      60434
  40.19413      2.24172   64.82118    0.24556      60227
  40.20413      2.24119   63.88435    0.22802      60164
  40.21413      2.24065   62.88443    0.24650      60407
  40.22413      2.24012   62.00417    0.22480      60080
  40.23412      2.23958   61.14385    0.20140      60595
  40.24412      2.23905   60.21152    0.22502      59962
  40.25412      2.23852   59.33078    0.24020      59951
  40.26412      2.23798   58.47263    0.21468      60220
  40.27412      2.23745   57.61419    0.22243      59891
  40.28412      2.23692   56.81494    0.20397      60400
  40.29411      2.23639   56.01803    0.22592      60091
  40.30411      2.23586   55.30218    0.22717      60291
  40.31411      2.23532   54.47317    0.22276      60176
  40.32411      2.23479   53.70034    0.22184      59659
  40.33411      2.23426   53.02182    0.19621      60096
  40.34411      2.23373   52.26805    0.20826      59986
  40.35410      2.23320   51.54685    0.19828      59988
  40.36410      2.23267   50.89818    0.20354      60049
  40.37410      2.23214   50.21543    0.21121      60109
  40.38410      2.23161   49.62823    0.20890      60332
  40.39410      2.23108   48.91949    0.19534      59664
  40.40410      2.23055   48.34332    0.21214      60171
  40.41409      2.23002   47.70710    0.19592      59808
  40.42409      2.22950   47.08699    0.18652      59677
  40.43409      2.22897   46.53167    0.18200      60303
  40.44409      2.22844   45.98082    0.19542      59790
  40.45409      2.22791   45.44984    0.21494      60065
  40.46409      2.22739   44.87499    0.19419      59955
  40.47408      2.22686   44.35878    0.20211      59786
  40.48408      2.22633   43.86559    0.18579      59586
  40.49408      2.22580   43.33593    0.20279      59375
  40.50408      2.22528   42.83148    0.18055      60060
  40.51408      2.22475   42.37536    0.17092      59989
  40.52407      2.22423   41.87797    0.18967      59735
  40.53407      2.22370   41.42536    0.19461      59979
  40.54407      2.22318   40.96523    0.18665      59553
  40.55407      2.22265   40.55792    0.17967      60006
  40.56407      2.22213   40.10650    0.17517      59427
  40.57407      2.22160   39.67620    0.18246      59794
  40.58406      2.22108   39.28292    0.17699      59913
  40.59406      2.22055   38.82062    0.17291      59476
  40.60406      2.22003   38.49983    0.18928      59999
  40.61406      2.21951   38.07588    0.17614      59536
  40.62406      2.21898   37.70958    0.19102      59622
  40.63406      2.21846   37.35939    0.16178      59601
  40.64405      2.21794   36.97730    0.17249      59533
  40.65405      2.21741   36.63068    0.18548      59765
  40.66405      2.21689   36.26705    0.19007      59650
  40.67405      2.21637   35.93480    0.16244      59540
  40.68405      2.21585   35.61002    0.16051      59677
  40.69405      2.21533   35.27352    0.17266      59069
  40.70404      2.21481   34.98077    0.16749      59882
  40.71404      2.21429   34.62823    0.16406      59674
  40.72404      2.21376   34.36678    0.17304      59727
  40.73404      2.21324   34.05865    0.16879      59693
  40.74404      2.21272   33.75154    0.15834      59283
  40.75404      2.21220   33.45731    0.17303      59510
  40.76403      2.21169   33.16370    0.16556      59170
  40.77403      2.21117   32.90072    0.16024      59936
  40.78403      2.21065   32.62115    0.16041      59721
  40.79403      2.21013   32.36103    0.16177      59289
  40.80403      2.20961   32.14372    0.16522      59871
  40.81403      2.20909   31.83878    0.17256      59332
  40.82402      2.20857   31.59568    0.16096      59346
  40.83402      2.20806   31.38496    0.15740      59473
  40.84402      2.20754   31.12853    0.14724      59250
  40.85402      2.20702   30.92047    0.16047      59624
  40.86402      2.20650   30.69783    0.16102      59383
  40.87402      2.20599   30.46407    0.15612      59415
  40.88401      2.20547   30.25430    0.16826      59677
  40.89401      2.20496   30.01918    0.14790      59235
  40.90401      2.20444   29.86844    0.15368      59860
  40.91401      2.20392   29.62512    0.14761      58930
  40.92401      2.20341   29.44835    0.16109      59519
  40.93400      2.20289   29.25706    0.16958      59284
  40.94400      2.20238   29.04617    0.14197      59400
  40.95400      2.20186   28.87724    0.15754      59451
  40.96400      2.20135   28.70091    0.15503      59069
  40.97400      2.20084   28.53363    0.15473      59466
  40.98400      2.20032   28.34940    0.14646      59091
  40.99399      2.19981   28.16926    0.15251      59307
  41.00399      2.19929   27.99611    0.14914      59344
  41.01399      2.19878   27.82970    0.15903      58942
  41.02399      2.19827   27.70799    0.15635      59435
  41.03399      2.19776   27.52775    0.13732      59061
  41.04399      2.19724   27.38121    0.14253      59123
  41.05398      2.19673   27.22379    0.15630      59409
  41.06398      2.19622   27.05414    0.14719      59156
  41.07398      2.19571   26.94628    0.14051      59357
  41.08398      2.19520   26.80272    0.15413      59120
  41.09398      2.19469   26.65082    0.15046      59112
  41.10398      2.19418   26.54578    0.15022      59064
  41.11397      2.19367   26.36473    0.13524      58882
  41.12397      2.19315   26.28539    0.14995      59581
  41.13397      2.19264   26.12302    0.14587      58941
  41.14397      2.19214   26.03971    0.15034      59340
  41.15397      2.19163   25.90400    0.13655      58955
  41.16397      2.19112   25.76756    0.16791      58767
  41.17396      2.19061   25.66403    0.13360      59152
  41.18396      2.19010   25.54651    0.14381      58793
  41.19396      2.18959   25.43573    0.14384      59394
  41.20396      2.18908   25.33732    0.13371      59090
  41.21396      2.18857   25.21794    0.14994      58936
  41.22396      2.18807   25.11848    0.15188      59290
  41.23395      2.18756   25.01059    0.13674      58840
  41.24395      2.18705   24.91697    0.13414      58757
  41.25395      2.18654   24.83720    0.13750      59108
  41.26395      2.18604   24.71798    0.14106      58673
  41.27395      2.18553   24.63554    0.14729      59246
  41.28395      2.18503   24.52280    0.14542      58535
  41.29394      2.18452   24.44200    0.14196      58834
  41.30394      2.18401   24.36979    0.13433      58702
  41.31394      2.18351   24.27781    0.14511      58463
  41.32394      2.18300   24.20792    0.13222      59017
  41.33394      2.18250   24.08658    0.14785      58392
  41.34393      2.18199   24.04050    0.13568      58911
  41.35393      2.18149   23.92721    0.13534      58219
  41.36393      2.18098   23.86388    0.14377      58551
  41.37393      2.18048   23.80111    0.14529      58494
  41.38393      2.17998   23.70485    0.13328      58678
  41.39393      2.17947   23.63739    0.13637      58714
  41.40392      2.17897   23.56132    0.12619      58391
  41.41392      2.17847   23.47890    0.13694      58296
  41.42392      2.17796   23.41519    0.14354      58199
  41.43392      2.17746   23.30885    0.14483      57861
  41.44392      2.17696   23.30305    0.13793      58793
  41.45392      2.17646   23.18312    0.13252      58207
  41.46391      2.17596   23.14043    0.13375      58196
  41.47391      2.17545   23.06733    0.13469      58259
  41.48391      2.17495   22.97909    0.14590      57902
  41.49391      2.17445   22.92705    0.14081      58247
  41.50391      2.17395   22.89693    0.13473      58060
  41.51391      2.17345   22.81736    0.12880      58248
  41.52390      2.17295   22.75368    0.13446      57962
  41.53390      2.17245   22.68178    0.13807      57724
  41.54390      2.17195   22.62549    0.13773      58360
  41.55390      2.17145   22.57090    0.12827      57701
  41.56390      2.17095   22.54682    0.13656      58360
  41.57390      2.17045   22.46899    0.13848      58077
  41.58389      2.16995   22.40225    0.12875      57734
  41.59389      2.16946   22.34865    0.12584      57969
  41.60389      2.16896   22.27303    0.13747      57547
  41.61389      2.16846   22.27403    0.13856      57946
  41.62389      2.16796   22.22001    0.13918      57865
  41.63389      2.16746   22.13809    0.13262      57858
  41.64388      2.16697   22.08808    0.13906      58002
  41.65388      2.16647   22.01997    0.12577      57557
  41.66388      2.16597   21.98320    0.13640      57544
  41.67388      2.16548   21.96981    0.12632      57705
  41.68388      2.16498   21.89278    0.13598      57470
  41.69388      2.16448   21.85288    0.13846      58062
  41.70387      2.16399   21.76291    0.13312      57383
  41.71387      2.16349   21.75368    0.13195      57844
  41.72387      2.16300   21.70952    0.12797      57601
  41.73387      2.16250   21.66490    0.13225      57635
  41.74387      2.16201   21.62574    0.12407      57779
  41.75386      2.16151   21.55166    0.12726      57426
  41.76386      2.16102   21.51571    0.13175      57408
  41.77386      2.16053   21.49352    0.14376      57272
  41.78386      2.16003   21.44283    0.13071      57487
  41.79386      2.15954   21.42490    0.13474      57740
  41.80386      2.15904   21.34166    0.12799      57074
  41.81385      2.15855   21.32578    0.12546      57486
  41.82385      2.15806   21.25928    0.13473      57245
  41.83385      2.15757   21.25135    0.13135      57119
  41.84385      2.15707   21.19498    0.14000      57382
  41.85385      2.15658   21.15340    0.12583      57262
  41.86385      2.15609   21.13120    0.12376      57366
  41.87384      2.15560   21.06669    0.13047      56955
  41.88384      2.15511   21.05523    0.13191      57236
  41.89384      2.15461   21.00529    0.13392      57474
  41.90384      2.15412   20.95661    0.13401      56822
  41.91384      2.15363   20.97872    0.12081      57474
  41.92384      2.15314   20.90570    0.12511      56823
  41.93383      2.15265   20.86407    0.13640      56955
  41.94383      2.15216   20.84077    0.12214      57183
  41.95383      2.15167   20.78800    0.13500      56955
  41.96383      2.15118   20.79344    0.13078      57073
  41.97383      2.15069   20.74210    0.13370      56603
  41.98383      2.15020   20.71412    0.12692      56977
  41.99382      2.14972   20.65479    0.14223      57015
  42.00382      2.14923   20.63013    0.11826      56870
  42.01382      2.14874   20.60578    0.12530      56752
  42.02382      2.14825   20.58464    0.12376      56581
  42.03382      2.14776   20.54655    0.13501      56843
  42.04382      2.14728   20.50389    0.13809      57072
  42.05381      2.14679   20.45989    0.13259      56766
  42.06381      2.14630   20.46122    0.11874      56879
  42.07381      2.14581   20.40923    0.12970      56455
  42.08381      2.14533   20.42525    0.11537      57017
  42.09381      2.14484   20.35534    0.14070      56532
  42.10381      2.14435   20.33912    0.12457      56632
  42.11380      2.14387   20.32185    0.12899      56675
  42.12380      2.14338   20.27733    0.12934      56230
  42.13380      2.14290   20.30964    0.14587      56697
  42.14380      2.14241   20.24734    0.11750      56554
  42.15380      2.14193   20.25796    0.12914      56618
  42.16379      2.14144   20.21632    0.12939      56479
  42.17379      2.14096   20.20091    0.12701      56028
  42.18379      2.14047   20.18676    0.12673      56481
  42.19379      2.13999   20.16229    0.12645      56374
  42.20379      2.13951   20.15779    0.12736      56432
  42.21379      2.13902   20.15203    0.12409      56416
  42.22378      2.13854   20.10084    0.13069      56110
  42.23378      2.13805   20.08873    0.11996      56578
  42.24378      2.13757   20.07649    0.13737      56109
  42.25378      2.13709   20.08160    0.12577      56409
  42.26378      2.13661   20.05891    0.11865      56154
  42.27378      2.13612   19.99942    0.12385      55803
  42.28377      2.13564   19.99152    0.13124      56549
  42.29377      2.13516   19.97042    0.13486      55911
  42.30377      2.13468   19.99333    0.12568      56347
  42.31377      2.13420   19.95730    0.12629      55945
  42.32377      2.13372   19.91696    0.13367      56081
  42.33377      2.13324   19.88950    0.12277      56018
  42.34376      2.13276   19.87805    0.13239      55839
  42.35376      2.13228   19.90161    0.11176      56037
  42.36376      2.13180   19.85727    0.13210      56035
  42.37376      2.13132   19.81758    0.13082      55940
  42.38376      2.13084   19.81012    0.12984      56040
  42.39376      2.13036   19.77314    0.13138      55600
  42.40375      2.12988   19.79607    0.13220      56124
  42.41375      2.12940   19.77412    0.11058      56195
  42.42375      2.12892   19.71772    0.12207      55769
  42.43375      2.12844   19.70313    0.12090      55963
  42.44375      2.12796   19.65037    0.13872      55221
  42.45375      2.12748   19.70224    0.13522      56299
  42.46374      2.12701   19.63619    0.12488      55630
  42.47374      2.12653   19.63410    0.12024      55883
  42.48374      2.12605   19.60927    0.13011      55598
  42.49374      2.12558   19.57172    0.13206      55589
  42.50374      2.12510   19.60265    0.11939      55782
  42.51373      2.12462   19.54612    0.13248      55815
  42.52373      2.12415   19.53886    0.11779      55557
  42.53373      2.12367   19.53507    0.12869      55431
  42.54373      2.12319   19.49267    0.12026      55395
  42.55373      2.12272   19.50143    0.13376      56057
  42.56373      2.12224   19.49088    0.12104      55627
  42.57372      2.12177   19.46679    0.12891      55335
  42.58372      2.12129   19.46526    0.11539      55716
  42.59372      2.12082   19.42066    0.13049      54974
  42.60372      2.12034   19.42151    0.12462      55904
  42.61372      2.11987   19.40263    0.12557      55203
  42.62372      2.11939   19.40049    0.11653      55645
  42.63371      2.11892   19.36243    0.13143      54920
  42.64371      2.11845   19.35213    0.13652      55320
  42.65371      2.11797   19.33087    0.12935      55819
  42.66371      2.11750   19.34764    0.12109      55381
  42.67371      2.11703   19.30963    0.12688      55093
  42.68371      2.11655   19.28757    0.11897      55251
  42.69370      2.11608   19.24927    0.12389      55227
  42.70370      2.11561   19.25844    0.12499      55610
  42.71370      2.11514   19.24725    0.12840      55296
  42.72370      2.11466   19.22616    0.13305      55140
  42.73370      2.11419   19.20817    0.12208      55538
  42.74370      2.11372   19.18001    0.11971      55090
  42.75369      2.11325   19.18861    0.12065      55589
  42.76369      2.11278   19.17171    0.11435      55100
  42.77369      2.11231   19.14533    0.12852      55483
  42.78369      2.11184   19.10655    0.12693      55007
  42.79369      2.11137   19.13623    0.12893      55110
  42.80369      2.11090   19.10451    0.13934      55329
  42.81368      2.11043   19.09101    0.11893      55317
  42.82368      2.10996   19.07694    0.11656      55328
  42.83368      2.10949   19.05049    0.12667      55276
  42.84368      2.10902   19.05846    0.13091      54768
  42.85368      2.10855   19.03115    0.11804      55456
  42.86368      2.10808   18.99238    0.12576      55042
  42.87367      2.10761   19.02151    0.12177      55493
  42.88367      2.10715   18.98406    0.12380      54970
  42.89367      2.10668   18.98622    0.13196      55088
  42.90367      2.10621   18.93752    0.12177      55653
  42.91367      2.10574   18.93780    0.12121      55145
  42.92366      2.10528   18.93028    0.11851      55419
  42.93366      2.10481   18.92805    0.11832      54927
  42.94366      2.10434   18.88649    0.12600      55142
  42.95366      2.10387   18.88320    0.12723      55549
  42.96366      2.10341   18.85763    0.12491      54903
  42.97366      2.10294   18.86838    0.12374      55330
  42.98365      2.10248   18.86155    0.12192      55007
  42.99365      2.10201   18.80564    0.12829      55152
  43.00365      2.10154   18.81717    0.13068      55504
  43.01365      2.10108   18.78746    0.11720      54682
  43.02365      2.10061   18.81469    0.11401      55398
  43.03365      2.10015   18.76549    0.12464      54874
  43.04364      2.09968   18.76528    0.12790      55070
  43.05364      2.09922   18.76287    0.12972      55382
  43.06364      2.09876   18.73532    0.12270      54936
  43.07364      2.09829   18.74750    0.12714      55488
  43.08364      2.09783   18.71840    0.11101      55002
  43.09364      2.09736   18.72882    0.11616      54954
  43.10363      2.09690   18.69426    0.12516      55312
  43.11363      2.09644   18.67018    0.12566      54976
  43.12363      2.09598   18.69296    0.12977      55305
  43.13363      2.09551   18.66946    0.12853      54464
  43.14363      2.09505   18.67191    0.12294      55353
  43.15363      2.09459   18.65356    0.12146      55212
  43.16362      2.09413   18.63896    0.11915      55274
  43.17362      2.09366   18.64850    0.11868      54826
  43.18362      2.09320   18.62859    0.12502      54703
  43.19362      2.09274   18.61019    0.12115      55152
  43.20362      2.09228   18.62643    0.12847      55296
  43.21362      2.09182   18.60689    0.12537      54760
  43.22361      2.09136   18.61361    0.12261      55113
  43.23361      2.09090   18.56949    0.11693      54547
  43.24361      2.09044   18.59662    0.12055      55662
  43.25361      2.08998   18.55861    0.11895      55014
  43.26361      2.08952   18.56330    0.12367      54898
  43.27361      2.08906   18.55195    0.12066      54780
  43.28360      2.08860   18.52107    0.12209      54713
  43.29360      2.08814   18.54855    0.12183      55301
  43.30360      2.08768   18.51911    0.12853      54979
  43.31360      2.08722   18.49921    0.12545      54766
  43.32360      2.08676   18.49486    0.11934      55198
  43.33359      2.08630   18.48812    0.12157      54696
  43.34359      2.08585   18.48624    0.11883      55213
  43.35359      2.08539   18.44034    0.13327      54513
  43.36359      2.08493   18.44751    0.11628      55076
  43.37359      2.08447   18.46163    0.11699      54824
  43.38359      2.08402   18.43946    0.12814      54935
  43.39358      2.08356   18.43595    0.12445      55099
  43.40358      2.08310   18.39262    0.12031      54777
  43.41358      2.08265   18.41699    0.12357      54899
  43.42358      2.08219   18.42636    0.11275      55270
  43.43358      2.08173   18.37924    0.11621      54821
  43.44358      2.08128   18.36895    0.12444      54969
  43.45357      2.08082   18.37635    0.12129      54460
  43.46357      2.08037   18.39095    0.13166      54988
  43.47357      2.07991   18.38455    0.12529      55072
  43.48357      2.07946   18.34334    0.11999      54626
  43.49357      2.07900   18.37025    0.11385      55155
  43.50357      2.07855   18.35781    0.12009      54495
  43.51356      2.07809   18.37832    0.13283      55023
  43.52356      2.07764   18.32218    0.12143      54804
  43.53356      2.07718   18.33748    0.12056      54639
  43.54356      2.07673   18.34620    0.12131      54843
  43.55356      2.07628   18.34682    0.12701      54907
  43.56356      2.07582   18.31427    0.11723      54867
  43.57355      2.07537   18.31842    0.11924      55090
  43.58355      2.07492   18.29501    0.11592      54526
  43.59355      2.07446   18.32863    0.12180      55222
  43.60355      2.07401   18.29286    0.12779      54653
  43.61355      2.07356   18.29104    0.11874      55108
  43.62355      2.07311   18.27997    0.12746      54591
  43.63354      2.07266   18.27652    0.12072      55049
  43.64354      2.07220   18.30708    0.11431      54998
  43.65354      2.07175   18.25562    0.12163      54798
  43.66354      2.07130   18.26680    0.12419      54955
  43.67354      2.07085   18.25887    0.13248      54974
  43.68354      2.07040   18.25631    0.12557      54500
  43.69353      2.06995   18.27333    0.11024      55016
  43.70353      2.06950   18.22641    0.12606      54495
  43.71353      2.06905   18.24614    0.12795      55208
  43.72353      2.06860   18.23224    0.11557      54653
  43.73353      2.06815   18.25723    0.11724      54901
  43.74352      2.06770   18.21036    0.12189      55086
  43.75352      2.06725   18.20971    0.12057      54756
  43.76352      2.06680   18.23641    0.11805      55148
  43.77352      2.06635   18.20591    0.11657      54493
  43.78352      2.06590   18.20892    0.12332      54773
  43.79352      2.06545   18.17712    0.13167      54993
  43.80351      2.06501   18.18813    0.12161      54520
  43.81351      2.06456   18.21926    0.11677      55057
  43.82351      2.06411   18.16078    0.12144      54767
  43.83351      2.06366   18.17701    0.11797      54968
  43.84351      2.06322   18.17804    0.12051      54754
  43.85351      2.06277   18.15485    0.13281      54387
  43.86350      2.06232   18.16737    0.12034      55019
  43.87350      2.06187   18.16039    0.12965      54763
  43.88350      2.06143   18.17480    0.11468      54786
  43.89350      2.06098   18.14652    0.10963      54917
  43.90350      2.06054   18.14689    0.12571      54634
  43.91350      2.06009   18.18262    0.12157      55050
  43.92349      2.05964   18.13540    0.12234      54813
  43.93349      2.05920   18.13643    0.11566      54967
  43.94349      2.05875   18.16052    0.12891      54685
  43.95349      2.05831   18.14776    0.12402      54321
  43.96349      2.05786   18.15255    0.11861      55035
  43.97349      2.05742   18.12131    0.11691      54829
  43.98348      2.05697   18.13963    0.11446      54812
  43.99348      2.05653   18.16708    0.12519      54704
  44.00348      2.05609   18.13033    0.13182      54826
  44.01348      2.05564   18.11888    0.12073      54803
  44.02348      2.05520   18.14382    0.13640      54427
  44.03348      2.05475   18.16636    0.11451      54719
  44.04347      2.05431   18.12440    0.11093      55036
  44.05347      2.05387   18.12968    0.11151      54583
  44.06347      2.05343   18.14545    0.13174      54771
  44.07347      2.05298   18.15413    0.12809      54713
  44.08347      2.05254   18.14813    0.11833      54883
  44.09347      2.05210   18.10511    0.11402      54763
  44.10346      2.05166   18.14795    0.12637      54570
  44.11346      2.05121   18.14308    0.12053      54910
  44.12346      2.05077   18.13311    0.12252      54549
  44.13346      2.05033   18.10627    0.11290      54766
  44.14346      2.04989   18.13289    0.12274      54449
  44.15345      2.04945   18.13405    0.12243      55189
  44.16345      2.04901   18.14459    0.12250      54821
  44.17345      2.04857   18.09108    0.13147      54477
  44.18345      2.04813   18.10451    0.12017      54425
  44.19345      2.04769   18.14256    0.12775      54961
  44.20345      2.04725   18.11442    0.11358      54618
  44.21344      2.04681   18.09540    0.11315      54596
  44.22344      2.04637   18.07407    0.12525      54761
  44.23344      2.04593   18.13137    0.11838      54935
  44.24344      2.04549   18.11186    0.11730      54310
  44.25344      2.04505   18.06503    0.12728      54885
  44.26344      2.04461   18.09707    0.11935      54990
  44.27343      2.04417   18.10544    0.12778      54574
  44.28343      2.04373   18.08989    0.11686      54591
  44.29343      2.04330   18.04946    0.11269      54618
  44.30343      2.04286   18.07680    0.11572      54785
  44.31343      2.04242   18.10360    0.12674      54830
  44.32343      2.04198   18.05755    0.12356      54438
  44.33342      2.04155   18.06561    0.12779      54781
  44.34342      2.04111   18.07629    0.12388      54694
  44.35342      2.04067   18.08675    0.12634      54474
  44.36342      2.04024   18.06916    0.11270      54827
  44.37342      2.03980   18.04591    0.11172      54436
  44.38342      2.03936   18.09589    0.11878      54882
  44.39341      2.03893   18.06050    0.12226      54803
  44.40341      2.03849   18.05214    0.12755      54326
  44.41341      2.03805   18.08152    0.12715      54923
  44.42341      2.03762   18.06667    0.12234      54479
  44.43341      2.03718   18.05786    0.11402      55037
  44.44341      2.03675   18.05858    0.11711      54327
  44.45340      2.03631   18.07441    0.10845      54765
  44.46340      2.03588   18.03355    0.12892      54715
  44.47340      2.03544   18.06583    0.12989      54629
  44.48340      2.03501   18.06114    0.12161      54457
  44.49340      2.03458   18.06858    0.12302      54793
  44.50339      2.03414   18.05191    0.12015      54787
  44.51339      2.03371   18.04748    0.13014      54371
  44.52339      2.03328   18.09228    0.11995      54345
  44.53339      2.03284   18.02806    0.10934      54848
  44.54339      2.03241   18.06472    0.12070      54594
  44.55339      2.03198   18.07521    0.12085      54527
  44.56338      2.03154   18.07916    0.12725      54568
  44.57338      2.03111   18.03445    0.12036      54624
  44.58338      2.03068   18.09901    0.12760      54637
  44.59338      2.03025   18.08410    0.11609      54490
  44.60338      2.02981   18.09309    0.11630      54610
  44.61338      2.02938   18.05316    0.11701      54314
  44.62337      2.02895   18.10406    0.11955      54474
  44.63337      2.02852   18.08491    0.12207      54624
  44.64337      2.02809   18.10371    0.12273      54281
  44.65337      2.02766   18.08818    0.12101      54558
  44.66337      2.02723   18.09485    0.13030      54230
  44.67337      2.02680   18.12169    0.12592      54657
  44.68336      2.02637   18.13119    0.11943      54146
  44.69336      2.02594   18.10184    0.11287      54344
  44.70336      2.02551   18.11221    0.11672      54643
  44.71336      2.02508   18.13138    0.12113      54115
  44.72336      2.02465   18.14554    0.12419      54136
  44.73336      2.02422   18.11994    0.12327      54612
  44.74335      2.02379   18.15340    0.12561      54314
  44.75335      2.02336   18.16508    0.11967      54349
  44.76335      2.02293   18.12633    0.11339      54124
  44.77335      2.02250   18.17803    0.11607      54672
  44.78335      2.02207   18.16731    0.12335      54100
  44.79335      2.02165   18.16459    0.11637      54053
  44.80334      2.02122   18.16064    0.12572      54403
  44.81334      2.02079   18.19873    0.12996      54218
  44.82334      2.02036   18.18674    0.12262      53931
  44.83334      2.01994   18.18628    0.12037      54248
  44.84334      2.01951   18.18331    0.11300      54388
  44.85334      2.01908   18.21775    0.12481      54221
  44.86333      2.01865   18.19043    0.12913      53854
  44.87333      2.01823   18.20694    0.11658      53886
  44.88333      2.01780   18.22705    0.12221      54510
  44.89333      2.01738   18.20180    0.12254      54039
  44.90333      2.01695   18.22806    0.12576      54058
  44.91332      2.01652   18.23480    0.11541      54117
  44.92332      2.01610   18.23975    0.12203      54289
  44.93332      2.01567   18.22420    0.11904      53862
  44.94332      2.01525   18.24712    0.12187      54030
  44.95332      2.01482   18.25909    0.11486      54101
  44.96332      2.01440   18.22042    0.12247      54202
  44.97331      2.01397   18.25298    0.13298      53559
  44.98331      2.01355   18.28249    0.12165      54003
  44.99331      2.01312   18.23423    0.11608      54226
  45.00331      2.01270   18.26937    0.12154      54078
  45.01331      2.01228   18.28478    0.12463      53424
  45.02331      2.01185   18.26224    0.12381      54322
  45.03330      2.01143   18.27008    0.12924      53693
  45.04330      2.01101   18.29141    0.11343      53636
  45.05330      2.01058   18.28473    0.12004      53966
  45.06330      2.01016   18.30637    0.12819      54152
  45.07330      2.00974   18.30681    0.12022      53759
  45.08330      2.00932   18.29178    0.12038      53787
  45.09329      2.00889   18.34423    0.12346      53844
  45.10329      2.00847   18.31640    0.10993      54225
  45.11329      2.00805   18.30464    0.12557      53379
  45.12329      2.00763   18.33216    0.12813      53971
  45.13329      2.00721   18.34835    0.12381      53656
  45.14329      2.00678   18.32794    0.11967      53801
  45.15328      2.00636   18.36624    0.11818      53858
  45.16328      2.00594   18.36343    0.12167      53758
  45.17328      2.00552   18.35599    0.12860      53642
  45.18328      2.00510   18.34484    0.12090      53894
  45.19328      2.00468   18.38187    0.12712      53278
  45.20328      2.00426   18.37718    0.12916      53758
  45.21327      2.00384   18.35676    0.11490      53736
  45.22327      2.00342   18.39939    0.11968      53735
  45.23327      2.00300   18.41818    0.12027      53350
  45.24327      2.00258   18.35951    0.11901      54037
  45.25327      2.00216   18.41738    0.12160      53567
  45.26327      2.00174   18.41710    0.12492      53431
  45.27326      2.00133   18.40600    0.12303      53964
  45.28326      2.00091   18.40982    0.12162      53460
  45.29326      2.00049   18.43721    0.11989      53287
  45.30326      2.00007   18.43822    0.11895      53686
  45.31326      1.99965   18.41848    0.12619      53614
  45.32325      1.99923   18.46976    0.12355      53618
  45.33325      1.99882   18.43959    0.12029      53360
  45.34325      1.99840   18.47198    0.13113      53619
  45.35325      1.99798   18.47252    0.12331      53577
  45.36325      1.99756   18.46648    0.12695      53336
  45.37325      1.99715   18.50348    0.11906      53325
  45.38324      1.99673   18.51533    0.12171      53456
  45.39324      1.99631   18.47498    0.12364      53539
  45.40324      1.99590   18.55550    0.11514      53473
  45.41324      1.99548   18.53449    0.12889      53259
  45.42324      1.99507   18.53573    0.12472      53840
  45.43324      1.99465   18.54333    0.12115      53136
  45.44323      1.99423   18.59539    0.11727      53276
  45.45323      1.99382   18.55997    0.12075      53666
  45.46323      1.99340   18.59887    0.12498      53224
  45.47323      1.99299   18.61883    0.11946      53220
  45.48323      1.99257   18.62183    0.12329      53614
  45.49323      1.99216   18.61158    0.12794      53123
  45.50322      1.99174   18.66689    0.12316      53166
  45.51322      1.99133   18.65848    0.13078      53442
  45.52322      1.99092   18.65972    0.12517      53352
  45.53322      1.99050   18.67973    0.12741      52755
  45.54322      1.99009   18.71036    0.11875      53507
  45.55322      1.98967   18.70982    0.11434      53302
  45.56321      1.98926   18.72585    0.12316      53094
  45.57321      1.98885   18.72919    0.12999      53606
  45.58321      1.98844   18.77494    0.12913      53036
  45.59321      1.98802   18.76113    0.12224      53141
  45.60321      1.98761   18.77437    0.11515      53283
  45.61321      1.98720   18.82961    0.12515      53357
  45.62320      1.98678   18.79478    0.12039      53011
  45.63320      1.98637   18.80780    0.12655      52932
  45.64320      1.98596   18.87361    0.12073      53426
  45.65320      1.98555   18.84735    0.12879      53023
  45.66320      1.98514   18.85330    0.13245      52973
  45.67320      1.98473   18.93151    0.12605      53345
  45.68319      1.98432   18.91364    0.12315      53040
  45.69319      1.98390   18.89091    0.13032      52815
  45.70319      1.98349   18.97584    0.11877      53186
  45.71319      1.98308   18.96704    0.12170      52960
  45.72319      1.98267   18.94976    0.12336      53048
  45.73318      1.98226   19.01498    0.12491      53153
  45.74318      1.98185   19.01363    0.12662      52939
  45.75318      1.98144   19.02427    0.12032      52894
  45.76318      1.98103   19.06220    0.12877      53064
  45.77318      1.98062   19.08096    0.11955      53416
  45.78318      1.98021   19.06187    0.11886      52644
  45.79317      1.97981   19.10486    0.13101      52853
  45.80317      1.97940   19.11598    0.12644      53089
  45.81317      1.97899   19.14032    0.12302      52869
  45.82317      1.97858   19.15753    0.12917      52904
  45.83317      1.97817   19.17503    0.13001      53137
  45.84317      1.97776   19.20498    0.12277      52522
  45.85316      1.97735   19.21052    0.12404      53172
  45.86316      1.97695   19.23419    0.13224      52755
  45.87316      1.97654   19.25946    0.12408      52791
  45.88316      1.97613   19.26116    0.11914      52919
  45.89316      1.97572   19.29898    0.12710      52887
  45.90316      1.97532   19.32803    0.12696      52579
  45.91315      1.97491   19.33805    0.12917      52993
  45.92315      1.97450   19.35032    0.12591      52909
  45.93315      1.97410   19.41204    0.11872      52877
  45.94315      1.97369   19.39780    0.12256      52758
  45.95315      1.97328   19.40050    0.12617      52572
  45.96315      1.97288   19.46239    0.12645      52751
  45.97314      1.97247   19.47031    0.12751      52834
  45.98314      1.97207   19.48691    0.13220      52750
  45.99314      1.97166   19.51220    0.12434      52843
  46.00314      1.97126   19.55762    0.13084      52693
  46.01314      1.97085   19.56194    0.11864      52518
  46.02314      1.97045   19.55869    0.13613      52939
  46.03313      1.97004   19.62270    0.13119      52498
  46.04313      1.96964   19.62416    0.12658      52469
  46.05313      1.96923   19.62592    0.12202      52663
  46.06313      1.96883   19.69886    0.13352      52860
  46.07313      1.96842   19.71503    0.12379      52341
  46.08313      1.96802   19.69804    0.12202      53003
  46.09312      1.96762   19.76155    0.14197      52505
  46.10312      1.96721   19.75878    0.11194      52696
  46.11312      1.96681   19.78094    0.12802      52658
  46.12312      1.96641   19.82377    0.13494      52288
  46.13312      1.96600   19.84807    0.12050      52664
  46.14311      1.96560   19.84213    0.13854      52510
  46.15311      1.96520   19.92879    0.12170      52606
  46.16311      1.96480   19.90111    0.12762      52400
  46.17311      1.96439   19.92478    0.13751      52523
  46.18311      1.96399   19.99314    0.13130      52983
  46.19311      1.96359   19.98159    0.12886      52062
  46.20310      1.96319   20.02066    0.13243      52358
  46.21310      1.96279   20.06084    0.12460      52770
  46.22310      1.96239   20.07191    0.12583      52063
  46.23310      1.96199   20.11415    0.12702      52529
  46.24310      1.96158   20.13035    0.12781      52760
  46.25310      1.96118   20.18700    0.13288      52207
  46.26309      1.96078   20.18432    0.12869      52531
  46.27309      1.96038   20.24529    0.12229      52720
  46.28309      1.95998   20.27331    0.13189      52006
  46.29309      1.95958   20.26713    0.12930      52526
  46.30309      1.95918   20.35154    0.12225      52476
  46.31309      1.95878   20.37734    0.13648      52107
  46.32308      1.95838   20.37381    0.12603      52461
  46.33308      1.95798   20.45177    0.13499      52650
  46.34308      1.95759   20.46208    0.13391      51967
  46.35308      1.95719   20.51931    0.12745      52729
  46.36308      1.95679   20.53877    0.13992      51978
  46.37308      1.95639   20.57660    0.13650      52040
  46.38307      1.95599   20.64035    0.11623      52718
  46.39307      1.95559   20.65768    0.12970      51909
  46.40307      1.95519   20.68787    0.13455      52229
  46.41307      1.95480   20.76973    0.13017      52582
  46.42307      1.95440   20.76761    0.13724      52139
  46.43307      1.95400   20.85027    0.12396      52424
  46.44306      1.95360   20.89293    0.13298      52379
  46.45306      1.95321   20.89133    0.12687      52077
  46.46306      1.95281   20.97464    0.12845      51998
  46.47306      1.95241   21.01168    0.13343      52302
  46.48306      1.95202   21.03829    0.13747      52310
  46.49305      1.95162   21.11723    0.13422      51786
  46.50305      1.95122   21.14301    0.13314      52702
  46.51305      1.95083   21.17362    0.14281      51920
  46.52305      1.95043   21.27223    0.12629      51872
  46.53305      1.95003   21.26325    0.13213      52451
  46.54305      1.94964   21.32810    0.13295      51921
  46.55304      1.94924   21.37648    0.12673      51954
  46.56304      1.94885   21.43715    0.13894      52404
  46.57304      1.94845   21.49301    0.13726      51721
  46.58304      1.94806   21.53392    0.12637      52454
  46.59304      1.94766   21.58388    0.13888      51822
  46.60304      1.94727   21.64673    0.12619      52576
  46.61303      1.94687   21.70066    0.13037      51855
  46.62303      1.94648   21.73401    0.13104      51801
  46.63303      1.94609   21.80964    0.14321      52282
  46.64303      1.94569   21.87162    0.13442      51874
  46.65303      1.94530   21.90547    0.13453      52107
  46.66303      1.94491   21.97863    0.14082      51961
  46.67302      1.94451   22.07357    0.13185      51784
  46.68302      1.94412   22.07439    0.14045      52439
  46.69302      1.94373   22.16192    0.14243      51634
  46.70302      1.94333   22.24017    0.13887      51858
  46.71302      1.94294   22.28161    0.13155      52212
  46.72302      1.94255   22.36776    0.12988      51347
  46.73301      1.94216   22.44424    0.13602      52347
  46.74301      1.94176   22.47997    0.14864      51810
  46.75301      1.94137   22.58452    0.13102      52012
  46.76301      1.94098   22.65123    0.13799      51943
  46.77301      1.94059   22.71015    0.13084      51915
  46.78301      1.94020   22.78040    0.13643      51808
  46.79300      1.93981   22.88008    0.13994      51956
  46.80300      1.93941   22.93782    0.13552      51762
  46.81300      1.93902   23.02055    0.14215      51834
  46.82300      1.93863   23.11973    0.14154      51781
  46.83300      1.93824   23.15602    0.14272      51962
  46.84300      1.93785   23.30680    0.13704      51791
  46.85299      1.93746   23.31934    0.14172      51954
  46.86299      1.93707   23.41650    0.14412      51587
  46.87299      1.93668   23.56803    0.13564      51517
  46.88299      1.93629   23.55454    0.14615      52299
  46.89299      1.93590   23.69287    0.13887      51265
  46.90298      1.93551   23.80038    0.13882      52127
  46.91298      1.93512   23.82618    0.13824      51450
  46.92298      1.93473   23.98009    0.14423      51870
  46.93298      1.93435   24.04745    0.13393      52009
  46.94298      1.93396   24.11935    0.14275      51491
  46.95298      1.93357   24.25406    0.14248      51845
  46.96297      1.93318   24.33426    0.14693      51627
  46.97297      1.93279   24.42392    0.13394      51526
  46.98297      1.93240   24.55637    0.15177      51933
  46.99297      1.93202   24.61723    0.14280      51348
  47.00297      1.93163   24.76464    0.14492      52099
  47.01297      1.93124   24.87100    0.15401      51474
  47.02296      1.93085   24.92921    0.14957      51527
  47.03296      1.93047   25.09736    0.14900      51860
  47.04296      1.93008   25.20597    0.14223      51081
  47.05296      1.92969   25.27125    0.13298      52060
  47.06296      1.92931   25.46719    0.14863      51552
  47.07296      1.92892   25.51699    0.14957      51393
  47.08295      1.92853   25.71067    0.15376      51954
  47.09295      1.92815   25.80260    0.14791      51147
  47.10295      1.92776   25.92984    0.14278      52117
  47.11295      1.92738   26.11363    0.14306      51535
  47.12295      1.92699   26.17822    0.14175      51148
  47.13295      1.92660   26.35666    0.15134      51685
  47.14294      1.92622   26.48025    0.15586      51409
  47.15294      1.92583   26.66385    0.14998      51652
  47.16294      1.92545   26.77826    0.16472      51507
  47.17294      1.92506   26.94210    0.13715      51439
  47.18294      1.92468   27.10576    0.16084      51584
  47.19294      1.92430   27.24505    0.15355      51546
  47.20293      1.92391   27.41994    0.15451      51210
  47.21293      1.92353   27.55292    0.15288      51501
  47.22293      1.92314   27.75847    0.15277      51261
  47.23293      1.92276   27.96079    0.15204      51587
  47.24293      1.92238   28.04140    0.14921      51417
  47.25293      1.92199   28.30353    0.15965      51455
  47.26292      1.92161   28.44063    0.15251      51769
  47.27292      1.92123   28.64705    0.14739      51171
  47.28292      1.92084   28.87320    0.16292      51573
  47.29292      1.92046   28.99677    0.16128      50830
  47.30292      1.92008   29.27359    0.14759      51741
  47.31291      1.91969   29.46880    0.16190      51239
  47.32291      1.91931   29.64809    0.15394      51300
  47.33291      1.91893   29.89678    0.17593      51727
  47.34291      1.91855   30.09933    0.16013      50715
  47.35291      1.91817   30.35749    0.16861      51981
  47.36291      1.91779   30.59399    0.16344      50964
  47.37290      1.91740   30.80629    0.16210      51344
  47.38290      1.91702   31.09434    0.14970      51384
  47.39290      1.91664   31.33054    0.17616      50781
  47.40290      1.91626   31.62352    0.16263      52018
  47.41290      1.91588   31.89978    0.16402      51047
  47.42290      1.91550   32.11313    0.16778      51192
  47.43289      1.91512   32.49067    0.15964      51552
  47.44289      1.91474   32.72182    0.16166      50818
  47.45289      1.91436   33.05490    0.16700      51635
  47.46289      1.91398   33.38544    0.17767      51105
  47.47289      1.91360   33.65372    0.16930      51034
  47.48289      1.91322   34.04484    0.17557      51319
  47.49288      1.91284   34.35394    0.17488      50796
  47.50288      1.91246   34.71710    0.17373      51704
  47.51288      1.91208   35.06854    0.16996      51258
  47.52288      1.91170   35.42236    0.18340      50844
  47.53288      1.91132   35.80799    0.18687      51595
  47.54288      1.91094   36.20360    0.17440      50406
  47.55287      1.91057   36.58915    0.17693      51760
  47.56287      1.91019   37.01330    0.17161      51046
  47.57287      1.90981   37.45539    0.17544      50727
  47.58287      1.90943   37.83804    0.19110      51589
  47.59287      1.90905   38.29401    0.18081      50720
  47.60287      1.90868   38.76880    0.17469      51738
  47.61286      1.90830   39.22480    0.18770      50903
  47.62286      1.90792   39.73060    0.17877      50826
  47.63286      1.90754   40.18608    0.19428      51223
  47.64286      1.90717   40.71204    0.18755      50769
  47.65286      1.90679   41.23731    0.19664      51330
  47.66286      1.90641   41.76795    0.18506      51219
  47.67285      1.90604   42.32492    0.20785      50671
  47.68285      1.90566   42.86499    0.19933      51487
  47.69285      1.90528   43.45552    0.19463      50791
  47.70285      1.90491   44.01576    0.20283      50866
  47.71285      1.90453   44.63538    0.18782      51251
  47.72284      1.90416   45.26277    0.20143      50623
  47.73284      1.90378   45.90731    0.19658      51588
  47.74284      1.90341   46.51999    0.20618      50326
  47.75284      1.90303   47.25506    0.20574      51396
  47.76284      1.90266   47.92334    0.19091      51158
  47.77284      1.90228   48.62211    0.20658      50646
  47.78283      1.90191   49.34822    0.21842      51225
  47.79283      1.90153   50.07135    0.20142      50366
  47.80283      1.90116   50.83977    0.22048      51481
  47.81283      1.90078   51.61315    0.21212      50823
  47.82283      1.90041   52.42019    0.21171      50778
  47.83283      1.90004   53.21634    0.23331      51123
  47.84282      1.89966   54.03723    0.22114      50711
  47.85282      1.89929   54.90886    0.21759      50942
  47.86282      1.89891   55.71073    0.22297      51234
  47.87282      1.89854   56.66200    0.24419      50212
  47.88282      1.89817   57.49179    0.21011      51264
  47.89282      1.89780   58.46839    0.21871      50572
  47.90281      1.89742   59.32774    0.22868      50997
  47.91281      1.89705   60.37038    0.25114      51059
  47.92281      1.89668   61.31968    0.22873      50316
  47.93281      1.89631   62.23049    0.21768      51556
  47.94281      1.89593   63.26478    0.24305      50296
  47.95281      1.89556   64.25841    0.21705      51020
  47.96280      1.89519   65.33218    0.24059      50640
  47.97280      1.89482   66.30914    0.26490      50620
  47.98280      1.89445   67.36941    0.25608      51055
  47.99280      1.89408   68.43064    0.23477      50661
  48.00280      1.89370   69.45230    0.24922      50842
  48.01280      1.89333   70.55838    0.24306      51015
  48.02279      1.89296   71.62315    0.26035      50427
  48.03279      1.89259   72.66220    0.27518      51035
  48.04279      1.89222   73.78824    0.25125      50264
  48.05279      1.89185   74.84632    0.24707      51043
  48.06279      1.89148   75.93836    0.24918      50551
  48.07278      1.89111   76.95040    0.26173      50558
  48.08278      1.89074   78.10384    0.24726      51055
  48.09278      1.89037   79.10812    0.25767      50580
  48.10278      1.89000   80.16576    0.25282      50871
  48.11278      1.88963   81.26286    0.26313      50538
  48.12278      1.88926   82.18833    0.28070      50429
  48.13277      1.88889   83.29884    0.26328      50827
  48.14277      1.88852   84.23594    0.25619      50695
  48.15277      1.88816   85.22567    0.26177      50742
  48.16277      1.88779   86.20543    0.28974      50592
  48.17277      1.88742   87.02536    0.27228      50503
  48.18277      1.88705   88.02403    0.29148      50700
  48.19276      1.88668   88.88203    0.28555      50744
  48.20276      1.88631   89.65918    0.26270      50338
  48.21276      1.88595   90.51191    0.25809      50622
  48.22276      1.88558   91.23353    0.27789      50539
  48.23276      1.88521   92.04764    0.29322      50449
  48.24276      1.88484   92.66041    0.26692      51008
  48.25275      1.88448   93.37689    0.28539      50115
  48.26275      1.88411   93.92573    0.26813      51265
  48.27275      1.88374   94.52955    0.25994      49998
  48.28275      1.88338   94.94219    0.27892      50826
  48.29275      1.88301   95.47173    0.28715      50334
  48.30275      1.88264   95.92348    0.27385      50438
  48.31274      1.88228   96.18864    0.29905      50700
  48.32274      1.88191   96.54693    0.28148      50336
  48.33274      1.88154   96.78468    0.27870      50699
  48.34274      1.88118   96.96867    0.27912      50455
  48.35274      1.88081   97.11282    0.28018      50471
  48.36274      1.88045   97.17437    0.29646      50708
  48.37273      1.88008   97.27212    0.30695      49883
  48.38273      1.87972   97.09232    0.26945      50855
  48.39273      1.87935   97.18259    0.27152      50154
  48.40273      1.87899   96.87111    0.27132      50705
  48.41273      1.87862   96.82776    0.27902      50375
  48.42273      1.87826   96.44988    0.29127      50585
  48.43272      1.87789   96.21603    0.25701      50388
  48.44272      1.87753   95.74596    0.27863      50451
  48.45272      1.87717   95.30521    0.29200      50077
  48.46272      1.87680   94.90295    0.25890      50516
  48.47272      1.87644   94.34136    0.28670      50425
  48.48271      1.87607   93.77179    0.28980      50438
  48.49271      1.87571   93.12348    0.27143      50437
  48.50271      1.87535   92.44462    0.27626      50225
  48.51271      1.87498   91.73883    0.29468      50597
  48.52271      1.87462   90.95018    0.27317      50425
  48.53271      1.87426   90.21606    0.28238      50022
  48.54270      1.87390   89.31790    0.25766      50611
  48.55270      1.87353   88.51525    0.26005      49918
  48.56270      1.87317   87.49327    0.27988      50710
  48.57270      1.87281   86.65676    0.26592      50121
  48.58270      1.87245   85.54649    0.27729      50462
  48.59270      1.87208   84.65323    0.24206      50462
  48.60269      1.87172   83.59213    0.24788      50106
  48.61269      1.87136   82.49987    0.28676      50351
  48.62269      1.87100   81.47693    0.25071      50112
  48.63269      1.87064   80.25727    0.26413      50380
  48.64269      1.87028   79.36448    0.25866      50102
  48.65269      1.86992   78.05904    0.26885      50283
  48.66268      1.86956   77.09467    0.24793      50551
  48.67268      1.86920   75.83954    0.27160      50200
  48.68268      1.86883   74.74579    0.24922      50171
  48.69268      1.86847   73.57423    0.26063      50439
  48.70268      1.86811   72.47715    0.26039      49685
  48.71268      1.86775   71.28856    0.23074      50609
  48.72267      1.86739   70.20012    0.25282      49856
  48.73267      1.86703   68.98270    0.23836      50450
  48.74267      1.86667   67.93002    0.23873      50236
  48.75267      1.86632   66.73789    0.23961      50104
  48.76267      1.86596   65.64941    0.23602      50352
  48.77267      1.86560   64.51408    0.22932      49935
  48.78266      1.86524   63.38186    0.22452      50229
  48.79266      1.86488   62.40068    0.22905      50090
  48.80266      1.86452   61.21989    0.24533      50290
  48.81266      1.86416   60.26654    0.23578      49950
  48.82266      1.86380   59.18448    0.23363      50219
  48.83266      1.86345   58.17256    0.21714      50094
  48.84265      1.86309   57.16898    0.22465      50488
  48.85265      1.86273   56.21869    0.22952      49942
  48.86265      1.86237   55.16936    0.23600      50010
  48.87265      1.86201   54.29918    0.22489      49856
  48.88265      1.86166   53.33837    0.21025      50083
  48.89264      1.86130   52.48388    0.20878      50207
  48.90264      1.86094   51.52001    0.21324      50129
  48.91264      1.86058   50.64425    0.21107      50313
  48.92264      1.86023   49.84852    0.20017      49929
  48.93264      1.85987   48.92066    0.19745      50197
  48.94264      1.85951   48.20936    0.20559      49885
  48.95263      1.85916   47.35201    0.21769      50035
  48.96263      1.85880   46.65166    0.19785      49842
  48.97263      1.85845   45.83700    0.20516      50134
  48.98263      1.85809   45.17367    0.19264      49812
  48.99263      1.85773   44.43288    0.20721      50355
  49.00263      1.85738   43.80279    0.19914      50026
  49.01262      1.85702   43.02039    0.21973      49943
  49.02262      1.85667   42.48282    0.18515      49912
  49.03262      1.85631   41.79262    0.18923      49952
  49.04262      1.85596   41.17390    0.20002      50031
  49.05262      1.85560   40.66122    0.17685      49883
  49.06262      1.85525   39.95452    0.19491      49910
  49.07261      1.85489   39.51709    0.18578      50089
  49.08261      1.85454   38.85481    0.17810      50234
  49.09261      1.85418   38.42739    0.17342      49636
  49.10261      1.85383   37.80975    0.17361      50211
  49.11261      1.85348   37.38070    0.20071      49364
  49.12261      1.85312   36.85278    0.17363      50463
  49.13260      1.85277   36.42609    0.16720      49721
  49.14260      1.85241   35.93916    0.19304      49985
  49.15260      1.85206   35.54073    0.18610      49884
  49.16260      1.85171   35.05065    0.17434      49747
  49.17260      1.85136   34.70008    0.16686      50198
  49.18260      1.85100   34.26074    0.17852      49676
  49.19259      1.85065   33.86727    0.17847      50013
  49.20259      1.85030   33.48217    0.18303      49689
  49.21259      1.84994   33.08755    0.15801      49679
  49.22259      1.84959   32.79322    0.16952      50316
  49.23259      1.84924   32.42618    0.16630      49645
  49.24259      1.84889   32.03191    0.16374      50137
  49.25258      1.84854   31.77308    0.16394      49590
  49.26258      1.84818   31.35629    0.16388      49976
  49.27258      1.84783   31.12351    0.15605      49579
  49.28258      1.84748   30.77976    0.15837      49847
  49.29258      1.84713   30.49876    0.17224      49757
  49.30257      1.84678   30.22002    0.16458      49863
  49.31257      1.84643   29.91972    0.17069      49834
  49.32257      1.84608   29.66616    0.14820      49919
  49.33257      1.84573   29.40872    0.16902      49820
  49.34257      1.84537   29.14647    0.16341      49540
  49.35257      1.84502   28.89469    0.15845      49949
  49.36256      1.84467   28.63068    0.17123      49738
  49.37256      1.84432   28.41869    0.14374      49627
  49.38256      1.84397   28.14579    0.15663      49869
  49.39256      1.84362   27.95502    0.15650      49555
  49.40256      1.84327   27.73238    0.15378      49859
  49.41256      1.84292   27.52400    0.14647      49742
  49.42255      1.84258   27.27715    0.14594      49978
  49.43255      1.84223   27.09243    0.15803      49604
  49.44255      1.84188   26.87102    0.14841      49542
  49.45255      1.84153   26.69671    0.15348      49753
  49.46255      1.84118   26.51487    0.14947      49610
  49.47255      1.84083   26.30797    0.15073      49820
  49.48254      1.84048   26.13562    0.14868      49488
  49.49254      1.84013   25.98326    0.16312      49691
  49.50254      1.83979   25.77531    0.15228      49883
  49.51254      1.83944   25.63810    0.14113      49603
  49.52254      1.83909   25.44494    0.15240      49807
  49.53254      1.83874   25.31723    0.15562      49218
  49.54253      1.83839   25.10820    0.14771      49768
  49.55253      1.83805   25.00118    0.14389      49637
  49.56253      1.83770   24.82701    0.14107      49837
  49.57253      1.83735   24.69410    0.14715      49639
  49.58253      1.83700   24.54196    0.13446      49544
  49.59253      1.83666   24.40908    0.13801      49831
  49.60252      1.83631   24.21991    0.14958      49417
  49.61252      1.83596   24.16515    0.14244      49525
  49.62252      1.83562   23.95848    0.14394      49663
  49.63252      1.83527   23.89856    0.13930      49288
  49.64252      1.83492   23.71861    0.14950      49991
  49.65252      1.83458   23.62712    0.14622      49443
  49.66251      1.83423   23.48501    0.13508      49719
  49.67251      1.83389   23.38318    0.14622      49523
  49.68251      1.83354   23.25702    0.14930      49439
  49.69251      1.83320   23.13801    0.15180      49467
  49.70251      1.83285   23.00910    0.12885      49680
  49.71250      1.83251   22.94820    0.13175      49348
  49.72250      1.83216   22.77515    0.13964      49759
  49.73250      1.83182   22.73419    0.14675      49260
  49.74250      1.83147   22.59340    0.13696      49890
  49.75250      1.83113   22.49340    0.12818      49612
  49.76250      1.83078   22.40568    0.13886      49277
  49.77249      1.83044   22.27936    0.12996      49696
  49.78249      1.83009   22.24100    0.14390      49062
  49.79249      1.82975   22.08522    0.14454      49742
  49.80249      1.82940   22.02504    0.13403      49515
  49.81249      1.82906   21.91937    0.14144      49315
  49.82249      1.82872   21.84577    0.13808      49593
  49.83248      1.82837   21.74537    0.13507      49576
  49.84248      1.82803   21.67527    0.14297      49461
  49.85248      1.82769   21.54655    0.13141      49485
  49.86248      1.82734   21.52920    0.13803      49021
  49.87248      1.82700   21.38925    0.13358      49851
  49.88248      1.82666   21.34527    0.14020      49105
  49.89247      1.82632   21.24772    0.13089      49691
  49.90247      1.82597   21.16694    0.12558      49515
  49.91247      1.82563   21.11816    0.12950      49324
  49.92247      1.82529   21.00620    0.13676      49574
  49.93247      1.82495   20.93721    0.12990      49184
  49.94247      1.82460   20.87111    0.13519      49447
  49.95246      1.82426   20.81483    0.12750      49292
  49.96246      1.82392   20.72582    0.13679      49399
  49.97246      1.82358   20.68652    0.13035      49495
  49.98246      1.82324   20.57799    0.13762      49411
  49.99246      1.82290   20.56943    0.13844      49123
  50.00246      1.82256   20.44053    0.13889      49664
  50.01245      1.82222   20.42331    0.12396      49228
  50.02245      1.82187   20.33951    0.14154      49502
  50.03245      1.82153   20.26800    0.13290      49220
  50.04245      1.82119   20.24112    0.12381      49207
  50.05245      1.82085   20.15294    0.12720      49589
  50.06244      1.82051   20.10883    0.13622      49048
  50.07244      1.82017   20.05146    0.13001      49691
  50.08244      1.81983   20.01155    0.12227      49115
  50.09244      1.81949   19.91677    0.11875      49426
  50.10244      1.81915   19.89479    0.13680      49138
  50.11244      1.81881   19.81596    0.13488      49197
  50.12243      1.81847   19.78709    0.13244      49490
  50.13243      1.81814   19.73248    0.13158      49165
  50.14243      1.81780   19.68618    0.12526      49363
  50.15243      1.81746   19.64905    0.12946      49462
  50.16243      1.81712   19.57262    0.13092      49157
  50.17243      1.81678   19.57390    0.14166      49348
  50.18242      1.81644   19.47724    0.13063      49249
  50.19242      1.81610   19.48632    0.13241      49003
  50.20242      1.81576   19.39539    0.11663      49523
  50.21242      1.81543   19.36741    0.12812      48982
  50.22242      1.81509   19.34503    0.13148      49531
  50.23242      1.81475   19.27233    0.13058      49226
  50.24241      1.81441   19.26993    0.11631      49115
  50.25241      1.81408   19.18322    0.12302      49372
  50.26241      1.81374   19.18062    0.13925      48604
  50.27241      1.81340   19.13045    0.12203      49667
  50.28241      1.81306   19.10808    0.12028      49133
  50.29241      1.81273   19.05073    0.13132      49188
  50.30240      1.81239   19.02178    0.13517      49464
  50.31240      1.81205   18.98767    0.12543      48804
  50.32240      1.81172   18.94765    0.12740      49709
  50.33240      1.81138   18.92776    0.12801      48838
  50.34240      1.81104   18.87019    0.13247      49277
  50.35240      1.81071   18.87775    0.12521      49294
  50.36239      1.81037   18.77133    0.12986      48729
  50.37239      1.81004   18.79959    0.12578      49490
  50.38239      1.80970   18.74390    0.12484      49161
  50.39239      1.80936   18.69557    0.11582      48790
  50.40239      1.80903   18.71044    0.12140      49664
  50.41239      1.80869   18.61947    0.12875      48862
  50.42238      1.80836   18.62992    0.12982      49050
  50.43238      1.80802   18.56971    0.11938      49218
  50.44238      1.80769   18.53955    0.12907      48848
  50.45238      1.80735   18.54888    0.12354      49211
  50.46238      1.80702   18.47920    0.12415      49353
  50.47237      1.80668   18.49203    0.12272      48795
  50.48237      1.80635   18.42619    0.13446      49584
  50.49237      1.80602   18.39688    0.13293      48504
  50.50237      1.80568   18.39828    0.12597      49474
  50.51237      1.80535   18.35660    0.12544      49180
  50.52237      1.80501   18.33610    0.12382      48661
  50.53236      1.80468   18.30196    0.12248      49376
  50.54236      1.80435   18.30445    0.12070      48574
  50.55236      1.80401   18.24703    0.12744      49424
  50.56236      1.80368   18.24218    0.12107      49306
  50.57236      1.80335   18.23553    0.11700      48650
  50.58236      1.80301   18.18689    0.11844      49371
  50.59235      1.80268   18.19931    0.12013      48633
  50.60235      1.80235   18.13597    0.13781      49209
  50.61235      1.80202   18.15027    0.13497      49096
  50.62235      1.80168   18.11915    0.11603      48830
  50.63235      1.80135   18.10818    0.11996      49265
  50.64235      1.80102   18.11502    0.13152      48955
  50.65234      1.80069   18.06683    0.12972      49009
  50.66234      1.80035   18.06243    0.11750      49248
  50.67234      1.80002   18.05322    0.13897      48725
  50.68234      1.79969   18.02759    0.13094      49037
  50.69234      1.79936   18.03674    0.11850      48971
  50.70234      1.79903   18.00361    0.11841      49029
  50.71233      1.79870   17.98448    0.11915      48996
  50.72233      1.79837   17.98396    0.12830      48787
  50.73233      1.79803   17.97413    0.11161      49244
  50.74233      1.79770   17.97611    0.12510      48828
  50.75233      1.79737   17.92389    0.12330      48819
  50.76233      1.79704   17.95667    0.12149      49010
  50.77232      1.79671   17.92460    0.11930      48920
  50.78232      1.79638   17.92696    0.12325      49011
  50.79232      1.79605   17.92700    0.13375      48927
  50.80232      1.79572   17.88774    0.12934      48834
  50.81232      1.79539   17.89750    0.12164      49159
  50.82232      1.79506   17.89097    0.11889      48769
  50.83231      1.79473   17.88819    0.13120      49120
  50.84231      1.79440   17.90171    0.13188      48751
  50.85231      1.79407   17.83900    0.12104      48660
  50.86231      1.79374   17.86415    0.12378      49084
  50.87231      1.79342   17.89824    0.12368      48810
  50.88230      1.79309   17.83501    0.11962      48939
  50.89230      1.79276   17.88938    0.11094      49127
  50.90230      1.79243   17.84718    0.11798      48622
  50.91230      1.79210   17.85151    0.12941      49113
  50.92230      1.79177   17.88735    0.12763      48710
  50.93230      1.79144   17.83765    0.11801      48782
  50.94229      1.79112   17.86254    0.12508      48952
  50.95229      1.79079   17.88124    0.12192      48762
  50.96229      1.79046   17.86654    0.12131      48884
  50.97229      1.79013   17.90205    0.13315      48811
  50.98229      1.78980   17.85871    0.12876      48808
  50.99229      1.78948   17.88131    0.13235      49039
  51.00228      1.78915   17.91029    0.11561      48785
  51.01228      1.78882   17.88256    0.12451      48770
  51.02228      1.78850   17.91300    0.12374      48911
  51.03228      1.78817   17.91401    0.12076      48541
  51.04228      1.78784   17.92559    0.12900      49030
  51.05228      1.78752   17.94084    0.11555      48658
  51.06227      1.78719   17.94589    0.11717      49042
  51.07227      1.78686   17.94918    0.11961      48559
  51.08227      1.78654   17.98511    0.12562      48746
  51.09227      1.78621   17.97002    0.12163      48942
  51.10227      1.78588   18.00371    0.13121      48605
  51.11227      1.78556   18.00853    0.13059      48794
  51.12226      1.78523   18.04290    0.11723      49043
  51.13226      1.78491   18.05435    0.12713      48430
  51.14226      1.78458   18.06814    0.12815      49082
  51.15226      1.78426   18.08472    0.12365      48811
  51.16226      1.78393   18.10988    0.12963      48590
  51.17226      1.78361   18.12482    0.13531      48940
  51.18225      1.78328   18.15155    0.12752      48293
  51.19225      1.78296   18.17333    0.10942      49003
  51.20225      1.78263   18.18488    0.12979      48778
  51.21225      1.78231   18.23158    0.12362      48636
  51.22225      1.78198   18.24077    0.11916      48996
  51.23225      1.78166   18.27141    0.12336      48425
  51.24224      1.78133   18.29367    0.12156      48583
  51.25224      1.78101   18.33603    0.12248      48930
  51.26224      1.78069   18.36716    0.12139      48538
  51.27224      1.78036   18.39215    0.13272      48666
  51.28224      1.78004   18.41616    0.12734      48720
  51.29223      1.77971   18.47149    0.13804      48593
  51.30223      1.77939   18.49201    0.11993      49027
  51.31223      1.77907   18.53066    0.12617      48586
  51.32223      1.77875   18.56861    0.12934      48849
  51.33223      1.77842   18.61091    0.13282      48699
  51.34223      1.77810   18.65105    0.12986      48487
  51.35222      1.77778   18.68157    0.12513      48749
  51.36222      1.77745   18.71878    0.12688      48405
  51.37222      1.77713   18.78562    0.11871      48809
  51.38222      1.77681   18.82918    0.11453      48748
  51.39222      1.77649   18.86183    0.12969      48532
  51.40222      1.77616   18.91314    0.13138      48670
  51.41221      1.77584   18.96318    0.12694      48371
  51.42221      1.77552   19.02648    0.12768      48689
  51.43221      1.77520   19.08072    0.11730      48844
  51.44221      1.77488   19.11132    0.13875      48427
  51.45221      1.77456   19.20013    0.13195      48772
  51.46221      1.77424   19.23636    0.12948      48478
  51.47220      1.77391   19.29190    0.13985      48628
  51.48220      1.77359   19.36814    0.13035      48957
  51.49220      1.77327   19.41887    0.12854      48565
  51.50220      1.77295   19.48023    0.13223      48336
  51.51220      1.77263   19.55257    0.12987      48705
  51.52220      1.77231   19.61353    0.12906      48602
  51.53219      1.77199   19.69949    0.12749      48570
  51.54219      1.77167   19.76031    0.12840      48664
  51.55219      1.77135   19.81894    0.12056      48522
  51.56219      1.77103   19.90157    0.12301      48301
  51.57219      1.77071   19.98200    0.13052      48699
  51.58219      1.77039   20.04276    0.13577      48462
  51.59218      1.77007   20.12202    0.14184      48556
  51.60218      1.76975   20.21088    0.13502      48589
  51.61218      1.76943   20.28629    0.12502      48757
  51.62218      1.76911   20.36606    0.12806      48308
  51.63218      1.76879   20.45351    0.14672      48702
  51.64218      1.76847   20.53158    0.13429      48575
  51.65217      1.76816   20.62865    0.14533      48500
  51.66217      1.76784   20.69190    0.13743      48621
  51.67217      1.76752   20.77589    0.12767      48478
  51.68217      1.76720   20.86428    0.12766      48286
  51.69217      1.76688   20.96235    0.13295      48726
  51.70216      1.76656   21.04638    0.13417      48632
  51.71216      1.76625   21.12403    0.12638      48354
  51.72216      1.76593   21.22190    0.13534      48465
  51.73216      1.76561   21.31721    0.13618      48423
  51.74216      1.76529   21.39279    0.13484      48340
  51.75216      1.76497   21.49762    0.13178      48718
  51.76215      1.76466   21.58249    0.14020      48239
  51.77215      1.76434   21.67076    0.14112      48548
  51.78215      1.76402   21.78506    0.15084      48742
  51.79215      1.76371   21.87130    0.13503      48410
  51.80215      1.76339   21.94758    0.12934      48555
  51.81215      1.76307   22.04968    0.14402      48529
  51.82214      1.76276   22.13819    0.15054      48187
  51.83214      1.76244   22.24017    0.14400      48580
  51.84214      1.76212   22.33632    0.13931      48478
  51.85214      1.76181   22.41080    0.12975      48345
  51.86214      1.76149   22.52402    0.12922      48596
  51.87214      1.76117   22.62301    0.13252      48485
  51.88213      1.76086   22.70040    0.14039      48361
  51.89213      1.76054   22.78797    0.15139      48255
  51.90213      1.76023   22.89906    0.13322      48355
  51.91213      1.75991   22.98508    0.13619      48501
  51.92213      1.75960   23.07557    0.14389      48388
  51.93213      1.75928   23.17035    0.14159      48453
  51.94212      1.75897   23.25774    0.14112      48323
  51.95212      1.75865   23.34139    0.14945      48444
  51.96212      1.75834   23.43154    0.14468      48704
  51.97212      1.75802   23.53564    0.14654      48226
  51.98212      1.75771   23.60635    0.14218      48539
  51.99212      1.75739   23.69154    0.14384      48304
  52.00211      1.75708   23.75735    0.14998      48124
  52.01211      1.75676   23.86750    0.13772      48544
  52.02211      1.75645   23.92071    0.14708      48292
  52.03211      1.75613   24.02899    0.12623      48525
  52.04211      1.75582   24.07178    0.13860      48288
  52.05210      1.75551   24.17128    0.13737      48277
  52.06210      1.75519   24.23911    0.15233      48423
  52.07210      1.75488   24.30431    0.15120      48201
  52.08210      1.75457   24.38913    0.14656      48387
  52.09210      1.75425   24.45217    0.13868      48618
  52.10210      1.75394   24.48398    0.14164      48088
  52.11209      1.75363   24.57641    0.15710      48491
  52.12209      1.75331   24.65209    0.14951      48484
  52.13209      1.75300   24.65683    0.14848      47965
  52.14209      1.75269   24.76027    0.15070      48672
  52.15209      1.75238   24.78216    0.15275      48222
  52.16209      1.75206   24.83949    0.14210      48171
  52.17208      1.75175   24.88128    0.14177      48571
  52.18208      1.75144   24.91694    0.14238      48224
  52.19208      1.75113   24.94886    0.13781      48437
  52.20208      1.75082   25.00280    0.14280      48184
  52.21208      1.75050   25.00351    0.14586      48085
  52.22208      1.75019   25.04367    0.13691      48418
  52.23207      1.74988   25.07269    0.14379      48064
  52.24207      1.74957   25.08351    0.14661      48529
  52.25207      1.74926   25.10748    0.16573      48371
  52.26207      1.74895   25.10058    0.14499      47978
  52.27207      1.74864   25.13034    0.14260      48620
  52.28207      1.74833   25.12453    0.14122      48176
  52.29206      1.74801   25.11495    0.15675      48239
  52.30206      1.74770   25.11278    0.15692      48602
  52.31206      1.74739   25.10543    0.15039      48050
  52.32206      1.74708   25.09354    0.14709      48087
  52.33206      1.74677   25.06575    0.14269      48432
  52.34206      1.74646   25.07614    0.14294      48236
  52.35205      1.74615   25.02375    0.13130      48223
  52.36205      1.74584   24.99612    0.14783      48205
  52.37205      1.74553   24.98318    0.14293      48345
  52.38205      1.74522   24.92769    0.14741      48126
  52.39205      1.74491   24.89181    0.14637      47813
  52.40205      1.74460   24.84944    0.14171      48685
  52.41204      1.74430   24.80623    0.14694      48140
  52.42204      1.74399   24.73739    0.14452      47998
  52.43204      1.74368   24.72040    0.15694      48647
  52.44204      1.74337   24.62125    0.14856      47887
  52.45204      1.74306   24.59091    0.14956      48385
  52.46203      1.74275   24.52095    0.13724      48628
  52.47203      1.74244   24.43760    0.15053      47919
  52.48203      1.74213   24.35509    0.14847      48196
  52.49203      1.74183   24.30097    0.16337      47981
  52.50203      1.74152   24.22560    0.12834      48313
  52.51203      1.74121   24.12945    0.13734      48221
  52.52202      1.74090   24.06543    0.13401      48171
  52.53202      1.74059   23.95196    0.14086      48300
  52.54202      1.74029   23.86166    0.14892      47933
  52.55202      1.73998   23.78484    0.14503      47960
  52.56202      1.73967   23.70981    0.13535      48479
  52.57202      1.73936   23.57489    0.14466      47834
  52.58201      1.73906   23.51398    0.13926      48509
  52.59201      1.73875   23.38108    0.14647      48279
  52.60201      1.73844   23.29613    0.14779      48043
  52.61201      1.73814   23.18795    0.14038      48264
  52.62201      1.73783   23.08589    0.14617      48157
  52.63201      1.73752   22.98852    0.15366      48310
  52.64200      1.73722   22.86258    0.13482      48083
  52.65200      1.73691   22.74938    0.14722      47683
  52.66200      1.73660   22.68408    0.13363      48632
  52.67200      1.73630   22.53153    0.13595      47983
  52.68200      1.73599   22.41465    0.13302      47984
  52.69200      1.73569   22.32705    0.13170      48316
  52.70199      1.73538   22.20411    0.12939      47832
  52.71199      1.73507   22.08915    0.14139      48210
  52.72199      1.73477   21.98594    0.13920      48076
  52.73199      1.73446   21.85694    0.14560      48002
  52.74199      1.73416   21.74817    0.13597      48126
  52.75199      1.73385   21.63494    0.13379      48258
  52.76198      1.73355   21.53099    0.13455      48231
  52.77198      1.73324   21.40616    0.14533      48230
  52.78198      1.73294   21.27125    0.14350      47762
  52.79198      1.73263   21.19219    0.13653      48524
  52.80198      1.73233   21.05000    0.13428      48051
  52.81198      1.73202   20.92612    0.14797      47617
  52.82197      1.73172   20.82864    0.12359      48425
  52.83197      1.73142   20.69269    0.12652      47840
  52.84197      1.73111   20.60086    0.12383      48232
  52.85197      1.73081   20.47360    0.13387      48152
  52.86197      1.73050   20.34028    0.13443      47696
  52.87196      1.73020   20.26633    0.12707      48261
  52.88196      1.72990   20.13016    0.12573      48001
  52.89196      1.72959   20.01646    0.14079      47955
  52.90196      1.72929   19.93074    0.12902      48341
  52.91196      1.72899   19.79235    0.13680      47744
  52.92196      1.72868   19.69744    0.12942      48467
  52.93195      1.72838   19.58586    0.13322      48133
  52.94195      1.72808   19.46944    0.13264      47614
  52.95195      1.72777   19.38386    0.13300      48443
  52.96195      1.72747   19.27183    0.13988      47959
  52.97195      1.72717   19.15187    0.13231      48004
  52.98195      1.72687   19.06914    0.11866      48099
  52.99194      1.72657   18.96284    0.12716      47833
  53.00194      1.72626   18.87289    0.12425      48267
  53.01194      1.72596   18.75387    0.11962      47596
  53.02194      1.72566   18.66307    0.12858      47931
  53.03194      1.72536   18.59059    0.11594      48304
  53.04194      1.72506   18.47939    0.13969      47668
  53.05193      1.72475   18.39198    0.12461      48248
  53.06193      1.72445   18.31556    0.12509      48180
  53.07193      1.72415   18.20050    0.12567      47677
  53.08193      1.72385   18.13673    0.13103      48023
  53.09193      1.72355   18.04427    0.12555      48151
  53.10193      1.72325   17.96036    0.12769      48098
  53.11192      1.72295   17.88494    0.12839      48102
  53.12192      1.72265   17.79279    0.12469      48034
  53.13192      1.72235   17.71213    0.12924      47922
  53.14192      1.72205   17.63878    0.12661      47886
  53.15192      1.72175   17.55768    0.12134      47784
  53.16192      1.72144   17.48899    0.11168      48379
  53.17191      1.72114   17.39407    0.11389      47699
  53.18191      1.72084   17.33030    0.12227      47832
  53.19191      1.72054   17.27700    0.12517      48055
  53.20191      1.72025   17.18141    0.12256      47759
  53.21191      1.71995   17.12768    0.11438      48187
  53.22191      1.71965   17.04345    0.13051      47721
  53.23190      1.71935   16.99333    0.11908      47991
  53.24190      1.71905   16.94346    0.12476      48229
  53.25190      1.71875   16.84630    0.12528      47956
  53.26190      1.71845   16.79481    0.12391      47910
  53.27190      1.71815   16.74135    0.12346      48169
  53.28189      1.71785   16.67607    0.12606      48005
  53.29189      1.71755   16.60377    0.12528      47753
  53.30189      1.71725   16.54936    0.11815      47699
  53.31189      1.71696   16.48992    0.11548      47986
  53.32189      1.71666   16.45030    0.10396      48208
  53.33189      1.71636   16.37677    0.11831      47592
  53.34188      1.71606   16.31684    0.12372      47982
  53.35188      1.71576   16.26679    0.11100      47753
  53.36188      1.71546   16.21213    0.11767      47871
  53.37188      1.71517   16.17050    0.12219      47975
  53.38188      1.71487   16.10387    0.12034      48021
  53.39188      1.71457   16.04862    0.11373      47790
  53.40187      1.71427   16.01123    0.12379      47920
  53.41187      1.71398   15.95472    0.12160      48025
  53.42187      1.71368   15.91315    0.11929      48072
  53.43187      1.71338   15.84257    0.12025      47764
  53.44187      1.71309   15.80914    0.11707      48159
  53.45187      1.71279   15.75358    0.12010      47872
  53.46186      1.71249   15.69839    0.12502      47697
  53.47186      1.71220   15.65348    0.10965      47549
  53.48186      1.71190   15.61032    0.10626      48203
  53.49186      1.71160   15.56082    0.11273      47746
  53.50186      1.71131   15.51363    0.10985      47885
  53.51186      1.71101   15.46599    0.11200      47697
  53.52185      1.71071   15.42951    0.12123      47886
  53.53185      1.71042   15.37793    0.11505      48008
  53.54185      1.71012   15.33475    0.10962      47785
  53.55185      1.70983   15.28456    0.11739      47776
  53.56185      1.70953   15.25940    0.12755      47795
  53.57185      1.70924   15.21198    0.11239      48168
  53.58184      1.70894   15.15778    0.11609      47870
  53.59184      1.70864   15.12724    0.11660      47830
  53.60184      1.70835   15.08347    0.12275      47941
  53.61184      1.70805   15.03748    0.11279      47910
  53.62184      1.70776   15.00516    0.11864      47611
  53.63184      1.70747   14.96760    0.10958      47878
  53.64183      1.70717   14.93130    0.10186      47850
  53.65183      1.70688   14.89420    0.11440      47796
  53.66183      1.70658   14.85563    0.10998      47548
  53.67183      1.70629   14.81975    0.11141      47989
  53.68183      1.70599   14.78627    0.10721      47814
  53.69182      1.70570   14.75078    0.11632      47700
  53.70182      1.70540   14.72756    0.11231      47892
  53.71182      1.70511   14.67832    0.12597      47792
  53.72182      1.70482   14.66333    0.10594      47835
  53.73182      1.70452   14.63201    0.11216      48096
  53.74182      1.70423   14.59903    0.12679      47725
  53.75181      1.70394   14.56793    0.11419      47886
  53.76181      1.70364   14.53669    0.11225      47941
  53.77181      1.70335   14.50949    0.11359      47562
  53.78181      1.70306   14.48347    0.11531      47825
  53.79181      1.70276   14.44012    0.10962      47710
  53.80181      1.70247   14.43193    0.09917      47990
  53.81180      1.70218   14.39694    0.10955      47601
  53.82180      1.70189   14.35171    0.10347      47586
  53.83180      1.70159   14.34814    0.11747      47812
  53.84180      1.70130   14.33142    0.10803      47733
  53.85180      1.70101   14.27307    0.11423      47677
  53.86180      1.70072   14.28310    0.10730      48134
  53.87179      1.70042   14.23635    0.11852      47584
  53.88179      1.70013   14.22062    0.10876      47873
  53.89179      1.69984   14.18735    0.12049      47632
  53.90179      1.69955   14.18131    0.11353      47923
  53.91179      1.69926   14.16048    0.10288      48073
  53.92179      1.69897   14.11531    0.12232      47585
  53.93178      1.69867   14.09600    0.11418      47705
  53.94178      1.69838   14.08839    0.11778      47950
  53.95178      1.69809   14.05410    0.10206      47498
  53.96178      1.69780   14.03291    0.09953      47674
  53.97178      1.69751   14.00997    0.10608      47986
  53.98178      1.69722   13.98949    0.10759      47411
  53.99177      1.69693   13.98157    0.11268      47663
  54.00177      1.69664   13.92945    0.10415      47735
  54.01177      1.69635   13.93426    0.11041      47631
  54.02177      1.69606   13.91305    0.10794      48063
  54.03177      1.69577   13.87772    0.11050      47494
  54.04176      1.69548   13.87120    0.11749      47798
  54.05176      1.69519   13.86023    0.11522      47952
  54.06176      1.69490   13.82526    0.10556      47594
  54.07176      1.69461   13.82550    0.11193      48099
  54.08176      1.69432   13.78490    0.11756      47624
  54.09176      1.69403   13.77697    0.10768      47688
  54.10175      1.69374   13.76160    0.11407      47750
  54.11175      1.69345   13.73568    0.11105      47490
  54.12175      1.69316   13.72427    0.10017      47744
  54.13175      1.69287   13.71381    0.09727      47774
  54.14175      1.69258   13.68015    0.10421      47363
  54.15175      1.69229   13.68861    0.10778      48009
  54.16174      1.69200   13.65472    0.11358      47436
  54.17174      1.69172   13.64378    0.11459      47568
  54.18174      1.69143   13.65382    0.10292      48075
  54.19174      1.69114   13.60491    0.10203      47596
  54.20174      1.69085   13.60757    0.12082      47644
  54.21174      1.69056   13.61203    0.11231      48000
  54.22173      1.69027   13.56314    0.11133      47476
  54.23173      1.68999   13.58017    0.11471      47832
  54.24173      1.68970   13.55242    0.10404      47697
  54.25173      1.68941   13.54541    0.11061      47702
  54.26173      1.68912   13.53907    0.11285      47904
  54.27173      1.68883   13.49860    0.11331      47294
  54.28172      1.68855   13.50656    0.09292      47726
  54.29172      1.68826   13.49694    0.10859      47626
  54.30172      1.68797   13.46648    0.10117      47367
  54.31172      1.68769   13.47524    0.10387      47946
  54.32172      1.68740   13.45162    0.10826      47738
  54.33172      1.68711   13.43363    0.11084      47284
  54.34171      1.68683   13.43980    0.11387      47863
  54.35171      1.68654   13.40016    0.10750      47486
  54.36171      1.68625   13.41496    0.10522      48012
  54.37171      1.68597   13.39461    0.10868      47707
  54.38171      1.68568   13.36601    0.11298      47326
  54.39171      1.68539   13.37765    0.11263      47986
  54.40170      1.68511   13.35125    0.11489      47861
  54.41170      1.68482   13.33444    0.10953      47317
  54.42170      1.68453   13.32003    0.10564      47847
  54.43170      1.68425   13.31044    0.10603      47526
  54.44170      1.68396   13.30999    0.09515      47703
  54.45169      1.68368   13.27116    0.11149      47375
  54.46169      1.68339   13.26291    0.09932      47345
  54.47169      1.68311   13.26700    0.10277      48024
  54.48169      1.68282   13.25903    0.10747      47511
  54.49169      1.68254   13.22816    0.11004      47353
  54.50169      1.68225   13.22807    0.10424      47945
  54.51168      1.68197   13.21664    0.11527      47548
  54.52168      1.68168   13.19600    0.10474      47722
  54.53168      1.68140   13.19194    0.10792      47695
  54.54168      1.68111   13.17372    0.10878      47426
  54.55168      1.68083   13.18416    0.11440      48057
  54.56168      1.68054   13.15346    0.11219      47628
  54.57167      1.68026   13.13774    0.11092      47526
  54.58167      1.67997   13.14408    0.10525      47667
  54.59167      1.67969   13.11203    0.10061      47396
  54.60167      1.67941   13.10578    0.09987      47523
  54.61167      1.67912   13.09771    0.09965      47794
  54.62167      1.67884   13.08358    0.10236      47207
  54.63166      1.67856   13.07434    0.11200      47673
  54.64166      1.67827   13.06313    0.09809      47585
  54.65166      1.67799   13.05769    0.10296      47437
  54.66166      1.67771   13.03504    0.11382      47942
  54.67166      1.67742   13.02765    0.11183      47289
  54.68166      1.67714   13.01110    0.10515      47587
  54.69165      1.67686   13.01218    0.11017      47918
  54.70165      1.67657   12.99245    0.10354      47582
  54.71165      1.67629   12.98121    0.11152      47543
  54.72165      1.67601   12.98168    0.10984      47666
  54.73165      1.67573   12.95285    0.11269      47634
  54.74165      1.67544   12.96047    0.10989      47687
  54.75164      1.67516   12.92540    0.10363      47466
  54.76164      1.67488   12.91669    0.09013      47386
  54.77164      1.67460   12.92253    0.10067      47580
  54.78164      1.67431   12.89882    0.11542      47332
  54.79164      1.67403   12.88933    0.09732      47676
  54.80164      1.67375   12.88272    0.10990      47487
  54.81163      1.67347   12.87164    0.10597      47308
  54.82163      1.67319   12.87872    0.10204      48054
  54.83163      1.67291   12.83588    0.10366      47314
  54.84163      1.67262   12.84885    0.11496      47628
  54.85163      1.67234   12.84850    0.10703      47667
  54.86162      1.67206   12.82366    0.11376      47677
  54.87162      1.67178   12.81865    0.10414      47518
  54.88162      1.67150   12.80767    0.10303      47730
  54.89162      1.67122   12.80884    0.11349      47522
  54.90162      1.67094   12.79096    0.11813      47508
  54.91162      1.67066   12.77953    0.09958      47462
  54.92161      1.67038   12.77934    0.09257      47499
  54.93161      1.67010   12.76817    0.09975      47541
  54.94161      1.66982   12.75058    0.10097      47234
  54.95161      1.66954   12.74977    0.10053      47399
  54.96161      1.66926   12.74586    0.12076      47761
  54.97161      1.66898   12.74322    0.09971      47452
  54.98160      1.66870   12.73183    0.10281      47663
  54.99160      1.66842   12.72135    0.11222      47239
  55.00160      1.66814   12.71854    0.10308      47708
  55.01160      1.66786   12.71576    0.10977      47808
  55.02160      1.66758   12.71344    0.10935      47507
  55.03160      1.66730   12.68798    0.10369      47572
  55.04159      1.66702   12.70113    0.11296      47638
  55.05159      1.66674   12.67456    0.10688      47603
  55.06159      1.66646   12.66685    0.10649      47340
  55.07159      1.66618   12.66990    0.10453      47497
  55.08159      1.66590   12.66230    0.09384      47311
  55.09159      1.66563   12.65064    0.09732      47574
  55.10158      1.66535   12.63852    0.10053      47299
  55.11158      1.66507   12.63467    0.10550      47513
  55.12158      1.66479   12.63909    0.10388      47510
  55.13158      1.66451   12.62129    0.10789      47506
  55.14158      1.66423   12.61225    0.10508      47568
  55.15158      1.66396   12.60930    0.10549      47370
  55.16157      1.66368   12.61589    0.10274      47818
  55.17157      1.66340   12.58608    0.11297      47483
  55.18157      1.66312   12.58705    0.10627      47457
  55.19157      1.66284   12.57846    0.11492      47521
  55.20157      1.66257   12.58764    0.09948      47678
  55.21157      1.66229   12.57267    0.10761      47752
  55.22156      1.66201   12.55058    0.10919      47284
  55.23156      1.66174   12.54338    0.09969      47075
  55.24156      1.66146   12.56033    0.09844      47674
  55.25156      1.66118   12.53164    0.09373      47311
  55.26156      1.66090   12.53537    0.10656      47632
  55.27155      1.66063   12.51761    0.10090      47344
  55.28155      1.66035   12.51941    0.10181      47276
  55.29155      1.66007   12.53189    0.11038      47713
  55.30155      1.65980   12.50078    0.10352      47370
  55.31155      1.65952   12.49547    0.10341      47417
  55.32155      1.65925   12.50726    0.11327      47762
  55.33154      1.65897   12.49393    0.10363      47287
  55.34154      1.65869   12.48503    0.10460      47662
  55.35154      1.65842   12.48816    0.11377      47614
  55.36154      1.65814   12.46617    0.10956      47501
  55.37154      1.65787   12.47669    0.10352      47494
  55.38154      1.65759   12.45714    0.09885      47464
  55.39153      1.65731   12.45926    0.10190      47172
  55.40153      1.65704   12.45430    0.10115      47589
  55.41153      1.65676   12.44106    0.09580      47179
  55.42153      1.65649   12.44444    0.10075      47487
  55.43153      1.65621   12.44601    0.09850      47658
  55.44153      1.65594   12.43938    0.10989      46982
  55.45152      1.65566   12.42597    0.10313      47702
  55.46152      1.65539   12.43471    0.11378      47537
  55.47152      1.65511   12.41099    0.10270      47249
  55.48152      1.65484   12.42628    0.10362      47669
  55.49152      1.65456   12.41682    0.10716      47481
  55.50152      1.65429   12.40370    0.10837      47459
  55.51151      1.65402   12.41829    0.10641      47674
  55.52151      1.65374   12.39423    0.10948      47371
  55.53151      1.65347   12.40350    0.10484      47608
  55.54151      1.65319   12.38586    0.10217      47530
  55.55151      1.65292   12.39169    0.09844      47060
  55.56151      1.65265   12.37898    0.09182      47378
  55.57150      1.65237   12.37429    0.10510      47393
  55.58150      1.65210   12.36545    0.10083      47181
  55.59150      1.65183   12.36739    0.10380      47580
  55.60150      1.65155   12.36594    0.10217      47280
  55.61150      1.65128   12.35844    0.09895      47454
  55.62149      1.65101   12.36494    0.11474      47690
  55.63149      1.65073   12.33522    0.10753      47247
  55.64149      1.65046   12.35700    0.10290      47757
  55.65149      1.65019   12.34114    0.10632      47343
  55.66149      1.64991   12.32660    0.10828      47247
  55.67149      1.64964   12.34137    0.10628      48007
  55.68148      1.64937   12.32152    0.10683      47428
  55.69148      1.64910   12.30808    0.11043      47281
  55.70148      1.64882   12.31972    0.09352      47378
  55.71148      1.64855   12.29629    0.10000      47157
  55.72148      1.64828   12.29489    0.09907      47246
  55.73148      1.64801   12.29506    0.09585      47628
  55.74147      1.64774   12.27909    0.10940      46938
  55.75147      1.64746   12.28175    0.09890      47680
  55.76147      1.64719   12.27244    0.10291      47510
  55.77147      1.64692   12.26821    0.10683      47125
  55.78147      1.64665   12.27317    0.10365      47704
  55.79147      1.64638   12.26241    0.10671      47432
  55.80146      1.64611   12.24907    0.11580      47330
  55.81146      1.64584   12.25010    0.09729      47716
  55.82146      1.64556   12.23066    0.10702      46966
  55.83146      1.64529   12.24818    0.11070      47819
  55.84146      1.64502   12.22685    0.10673      47667
  55.85146      1.64475   12.22121    0.10738      47080
  55.86145      1.64448   12.22411    0.09596      47651
  55.87145      1.64421   12.20473    0.09723      47090
  55.88145      1.64394   12.19021    0.09713      47004
  55.89145      1.64367   12.20397    0.09904      47524
  55.90145      1.64340   12.19385    0.10550      47281
  55.91145      1.64313   12.19112    0.09868      47368
  55.92144      1.64286   12.18811    0.10333      47678
  55.93144      1.64259   12.17163    0.10262      47025
  55.94144      1.64232   12.17303    0.10927      47629
  55.95144      1.64205   12.18051    0.10513      47325
  55.96144      1.64178   12.15333    0.10552      47350
  55.97144      1.64151   12.16800    0.09984      47756
  55.98143      1.64124   12.15325    0.11068      47614
  55.99143      1.64097   12.13208    0.10158      47178
  56.00143      1.64070   12.14960    0.10946      47527
  56.01143      1.64043   12.13382    0.10706      47262
  56.02143      1.64016   12.12764    0.09766      47475
  56.03142      1.63989   12.11430    0.09223      47198
  56.04142      1.63963   12.10815    0.10049      46939
  56.05142      1.63936   12.11011    0.10056      47507
  56.06142      1.63909   12.11045    0.09829      47332
  56.07142      1.63882   12.08840    0.10605      47302
  56.08142      1.63855   12.10817    0.10011      47467
  56.09141      1.63828   12.08406    0.10170      47288
  56.10141      1.63801   12.08778    0.10968      47403
  56.11141      1.63775   12.07889    0.10570      47711
  56.12141      1.63748   12.07950    0.10777      47020
  56.13141      1.63721   12.06661    0.10325      47711
  56.14141      1.63694   12.06797    0.10468      47504
  56.15140      1.63667   12.05063    0.10891      47238
  56.16140      1.63641   12.06539    0.11277      47574
  56.17140      1.63614   12.04546    0.09295      47643
  56.18140      1.63587   12.03820    0.10537      46720
  56.19140      1.63560   12.03825    0.09280      47333
  56.20140      1.63534   12.03470    0.09497      47117
  56.21139      1.63507   12.03784    0.09919      47429
  56.22139      1.63480   12.03946    0.10727      47555
  56.23139      1.63454   12.02078    0.10289      47205
  56.24139      1.63427   12.03445    0.10076      47204
  56.25139      1.63400   12.02166    0.10426      47625
  56.26139      1.63374   12.02101    0.10794      47303
  56.27138      1.63347   12.03372    0.10046      47453
  56.28138      1.63320   12.01770    0.11013      47297
  56.29138      1.63294   12.00534    0.10844      47405
  56.30138      1.63267   12.02505    0.10402      47673
  56.31138      1.63240   12.00477    0.10071      47335
  56.32138      1.63214   12.01559    0.11049      47316
  56.33137      1.63187   12.00896    0.09755      47441
  56.34137      1.63161   12.00148    0.10082      46891
  56.35137      1.63134   12.00314    0.08847      47358
  56.36137      1.63107   12.00135    0.10004      47475
  56.37137      1.63081   12.00227    0.10504      47173
  56.38137      1.63054   11.98525    0.10142      47308
  56.39136      1.63028   12.00079    0.10449      47099
  56.40136      1.63001   11.99875    0.09988      47382
  56.41136      1.62975   11.99583    0.10545      47614
  56.42136      1.62948   11.97787    0.10402      47376
  56.43136      1.62922   11.98493    0.10894      47303
  56.44135      1.62895   11.99223    0.10736      47471
  56.45135      1.62869   11.96315    0.10792      47305
  56.46135      1.62842   11.98554    0.10341      47377
  56.47135      1.62816   11.97254    0.10305      47470
  56.48135      1.62789   11.97457    0.10026      47519
  56.49135      1.62763   11.95035    0.09643      47354
  56.50134      1.62737   11.94606    0.10813      46861
  56.51134      1.62710   11.96672    0.09204      47282
  56.52134      1.62684   11.94024    0.09272      47309
  56.53134      1.62657   11.94688    0.09881      47231
  56.54134      1.62631   11.93613    0.10850      47242
  56.55134      1.62605   11.94286    0.10703      47258
  56.56133      1.62578   11.93538    0.10211      47478
  56.57133      1.62552   11.93203    0.10320      47465
  56.58133      1.62525   11.93365    0.10126      47216
  56.59133      1.62499   11.92701    0.10622      47541
  56.60133      1.62473   11.90906    0.11662      47322
  56.61133      1.62446   11.92079    0.10039      47258
  56.62132      1.62420   11.92587    0.10546      47674
  56.63132      1.62394   11.91480    0.10061      47280
  56.64132      1.62368   11.90885    0.09808      47466
  56.65132      1.62341   11.89381    0.10790      47090
  56.66132      1.62315   11.89557    0.09416      46974
  56.67132      1.62289   11.89169    0.09335      47293
  56.68131      1.62263   11.89711    0.10266      47170
  56.69131      1.62236   11.89490    0.10158      47252
  56.70131      1.62210   11.89537    0.09760      47471
  56.71131      1.62184   11.89879    0.10521      47211
  56.72131      1.62158   11.88066    0.11170      47372
  56.73131      1.62131   11.89445    0.09818      47570
  56.74130      1.62105   11.88396    0.10444      47233
  56.75130      1.62079   11.88561    0.10667      47390
  56.76130      1.62053   11.88944    0.10945      47434
  56.77130      1.62027   11.87255    0.10762      47192
  56.78130      1.62001   11.88475    0.10152      47506
  56.79130      1.61974   11.87911    0.09898      47455
  56.80129      1.61948   11.86886    0.10140      47294
  56.81129      1.61922   11.87585    0.09742      47290
  56.82129      1.61896   11.86195    0.10447      46958
  56.83129      1.61870   11.85658    0.09222      46988
  56.84129      1.61844   11.87385    0.09407      47430
  56.85128      1.61818   11.86346    0.09985      47173
  56.86128      1.61792   11.86304    0.11154      47410
  56.87128      1.61766   11.85965    0.10772      47464
  56.88128      1.61739   11.85512    0.09478      47235
  56.89128      1.61713   11.86186    0.10869      47432
  56.90128      1.61687   11.85405    0.10463      47298
  56.91127      1.61661   11.84403    0.10430      47210
  56.92127      1.61635   11.84958    0.10946      47706
  56.93127      1.61609   11.84894    0.10462      47205
  56.94127      1.61583   11.85230    0.10309      47375
  56.95127      1.61557   11.83618    0.09985      47595
  56.96127      1.61531   11.83308    0.09287      46888
  56.97126      1.61505   11.81183    0.10975      46892
  56.98126      1.61479   11.83501    0.09386      47551
  56.99126      1.61453   11.83135    0.09747      46949
  57.00126      1.61427   11.81810    0.10319      47447
  57.01126      1.61402   11.81738    0.09497      47347
  57.02126      1.61376   11.81195    0.09865      46988
  57.03125      1.61350   11.82154    0.11237      47655
  57.04125      1.61324   11.81408    0.11917      47116
  57.05125      1.61298   11.81753    0.09096      47307
  57.06125      1.61272   11.81619    0.10234      47754
  57.07125      1.61246   11.79737    0.11431      47131
  57.08125      1.61220   11.80859    0.10755      47473
  57.09124      1.61194   11.80788    0.10520      47326
  57.10124      1.61169   11.79758    0.10035      47228
  57.11124      1.61143   11.81742    0.09555      47610
  57.12124      1.61117   11.80115    0.10300      46996
  57.13124      1.61091   11.77648    0.10016      46718
  57.14124      1.61065   11.79815    0.09423      47477
  57.15123      1.61039   11.80407    0.10093      47339
  57.16123      1.61014   11.78699    0.09454      47047
  57.17123      1.60988   11.80063    0.10474      47558
  57.18123      1.60962   11.80586    0.10116      47167
  57.19123      1.60936   11.78920    0.10735      47125
  57.20123      1.60911   11.79755    0.10199      47589
  57.21122      1.60885   11.78819    0.11156      47263
  57.22122      1.60859   11.80049    0.10280      47332
  57.23122      1.60833   11.79598    0.09860      47609
  57.24122      1.60808   11.80276    0.11248      46962
  57.25122      1.60782   11.80738    0.10853      47535
  57.26121      1.60756   11.79889    0.09993      47577
  57.27121      1.60731   11.78586    0.09359      47024
  57.28121      1.60705   11.79588    0.09759      47154
  57.29121      1.60679   11.78547    0.10363      47081
  57.30121      1.60654   11.78269    0.10058      46946
  57.31121      1.60628   11.79923    0.09017      47585
  57.32120      1.60602   11.80557    0.10125      47220
  57.33120      1.60577   11.79557    0.10501      47271
  57.34120      1.60551   11.79416    0.10335      47474
  57.35120      1.60525   11.80223    0.11428      46992
  57.36120      1.60500   11.79313    0.10224      47234
  57.37120      1.60474   11.79414    0.09499      47754
  57.38119      1.60449   11.79605    0.10904      47125
  57.39119      1.60423   11.79073    0.11450      47522
  57.40119      1.60397   11.80591    0.10241      47500
  57.41119      1.60372   11.78617    0.10064      46993
  57.42119      1.60346   11.80292    0.09682      47718
  57.43119      1.60321   11.78474    0.10563      46912
  57.44118      1.60295   11.79027    0.09570      46767
  57.45118      1.60270   11.78765    0.09673      47519
  57.46118      1.60244   11.78537    0.09829      47002
  57.47118      1.60219   11.79826    0.10485      47208
  57.48118      1.60193   11.80851    0.09986      47495
  57.49118      1.60168   11.78030    0.09536      47214
  57.50117      1.60142   11.79525    0.11802      47425
  57.51117      1.60117   11.79555    0.10109      47337
  57.52117      1.60091   11.79686    0.10704      47165
  57.53117      1.60066   11.80033    0.10171      47395
  57.54117      1.60041   11.79912    0.10613      47360
  57.55117      1.60015   11.80537    0.10050      47224
  57.56116      1.59990   11.80569    0.11669      47659
  57.57116      1.59964   11.79431    0.09480      47242
  57.58116      1.59939   11.80112    0.09794      47249
  57.59116      1.59913   11.80507    0.09782      47094
  57.60116      1.59888   11.79876    0.10791      46890
  57.61115      1.59863   11.80348    0.09699      47083
  57.62115      1.59837   11.81624    0.09535      47398
  57.63115      1.59812   11.81038    0.09779      47423
  57.64115      1.59787   11.80860    0.10715      47198
  57.65115      1.59761   11.82427    0.10762      47329
  57.66115      1.59736   11.81208    0.09901      47313
  57.67114      1.59711   11.82081    0.10548      47233
  57.68114      1.59685   11.82721    0.10643      47422
  57.69114      1.59660   11.82609    0.10573      47437
  57.70114      1.59635   11.84183    0.10420      47398
  57.71114      1.59610   11.83446    0.10947      47147
  57.72114      1.59584   11.83863    0.09717      47553
  57.73113      1.59559   11.84216    0.09803      47421
  57.74113      1.59534   11.83495    0.10539      46867
  57.75113      1.59509   11.84139    0.09798      46976
  57.76113      1.59483   11.84358    0.09654      47144
  57.77113      1.59458   11.84575    0.10028      47317
  57.78113      1.59433   11.84976    0.10187      47156
  57.79112      1.59408   11.85519    0.10134      47388
  57.80112      1.59382   11.86365    0.09765      47231
  57.81112      1.59357   11.85944    0.10858      47178
  57.82112      1.59332   11.85929    0.11175      47310
  57.83112      1.59307   11.86604    0.09875      47608
  57.84112      1.59282   11.86954    0.10366      47145
  57.85111      1.59257   11.87526    0.11373      47468
  57.86111      1.59231   11.87432    0.10422      47514
  57.87111      1.59206   11.86548    0.10422      47224
  57.88111      1.59181   11.87719    0.09451      47471
  57.89111      1.59156   11.88003    0.10329      47442
  57.90111      1.59131   11.85778    0.10081      46712
  57.91110      1.59106   11.87883    0.10482      47027
  57.92110      1.59081   11.87554    0.09731      47165
  57.93110      1.59056   11.86566    0.09306      47105
  57.94110      1.59031   11.86810    0.10352      47333
  57.95110      1.59006   11.88264    0.10823      47365
  57.96110      1.58981   11.86485    0.09852      47093
  57.97109      1.58956   11.88444    0.10429      47615
  57.98109      1.58931   11.87320    0.10250      47241
  57.99109      1.58905   11.87597    0.11062      47332
  58.00109      1.58880   11.88156    0.11053      47559
  58.01109      1.58855   11.86821    0.09882      47175
  58.02108      1.58830   11.87744    0.10575      47363
  58.03108      1.58805   11.88446    0.10218      47546
  58.04108      1.58781   11.88018    0.09965      47137
  58.05108      1.58756   11.87427    0.10011      47197
  58.06108      1.58731   11.87279    0.10518      47089
  58.07108      1.58706   11.86880    0.09728      46961
  58.08107      1.58681   11.88193    0.09885      47340
  58.09107      1.58656   11.87606    0.09722      47325
  58.10107      1.58631   11.87976    0.10158      46979
  58.11107      1.58606   11.88453    0.10819      47513
  58.12107      1.58581   11.88219    0.10377      47236
  58.13107      1.58556   11.86765    0.10418      47167
  58.14106      1.58531   11.88182    0.10283      47603
  58.15106      1.58506   11.87947    0.10782      47319
  58.16106      1.58481   11.88087    0.11107      47254
  58.17106      1.58457   11.88139    0.10269      47462
  58.18106      1.58432   11.86861    0.10462      47137
  58.19106      1.58407   11.88005    0.09414      47523
  58.20105      1.58382   11.87270    0.10567      47363
  58.21105      1.58357   11.86414    0.10688      46740
  58.22105      1.58332   11.86699    0.09680      47241
  58.23105      1.58308   11.86564    0.09908      47252
  58.24105      1.58283   11.85663    0.09383      46913
  58.25105      1.58258   11.86705    0.10766      47582
  58.26104      1.58233   11.86053    0.10021      47378
  58.27104      1.58209   11.85533    0.10736      46918
  58.28104      1.58184   11.86368    0.10176      47722
  58.29104      1.58159   11.86574    0.10299      47455
  58.30104      1.58134   11.84583    0.10715      47025
  58.31104      1.58110   11.86037    0.10386      47594
  58.32103      1.58085   11.85314    0.10805      47274
  58.33103      1.58060   11.84137    0.10794      47186
  58.34103      1.58035   11.84028    0.09270      47512
  58.35103      1.58011   11.84448    0.10212      47369
  58.36103      1.57986   11.83463    0.10142      47014
  58.37103      1.57961   11.83026    0.11207      47144
  58.38102      1.57937   11.82982    0.10046      46817
  58.39102      1.57912   11.83300    0.08891      47472
  58.40102      1.57887   11.83479    0.10418      47433
  58.41102      1.57863   11.82873    0.10343      46861
  58.42102      1.57838   11.83778    0.10806      47581
  58.43101      1.57813   11.83749    0.10115      47443
  58.44101      1.57789   11.81793    0.10345      46869
  58.45101      1.57764   11.83337    0.10205      47636
  58.46101      1.57740   11.82579    0.11275      47477
  58.47101      1.57715   11.80896    0.10666      46982
  58.48101      1.57690   11.82369    0.10445      47553
  58.49100      1.57666   11.82406    0.09463      47413
  58.50100      1.57641   11.81247    0.10281      47145
  58.51100      1.57617   11.80356    0.09804      47263
  58.52100      1.57592   11.81398    0.10786      47227
  58.53100      1.57568   11.80028    0.10361      46929
  58.54100      1.57543   11.80684    0.09555      47298
  58.55099      1.57519   11.80618    0.09814      47152
  58.56099      1.57494   11.79797    0.10076      47379
  58.57099      1.57470   11.80144    0.10773      47441
  58.58099      1.57445   11.80025    0.10590      47129
  58.59099      1.57421   11.79282    0.10160      47414
  58.60099      1.57396   11.79188    0.10064      47447
  58.61098      1.57372   11.79164    0.10619      47240
  58.62098      1.57347   11.78774    0.10878      47519
  58.63098      1.57323   11.78927    0.11236      47390
  58.64098      1.57298   11.77920    0.09412      47295
  58.65098      1.57274   11.78166    0.09836      47488
  58.66098      1.57249   11.77241    0.09929      47179
  58.67097      1.57225   11.75988    0.10966      46993
  58.68097      1.57201   11.76834    0.10378      47165
  58.69097      1.57176   11.75906    0.09504      47012
  58.70097      1.57152   11.75627    0.09489      47180
  58.71097      1.57128   11.76593    0.10448      47518
  58.72097      1.57103   11.74405    0.10531      47118
  58.73096      1.57079   11.74109    0.10453      47290
  58.74096      1.57054   11.75370    0.10047      47564
  58.75096      1.57030   11.73412    0.10345      47249
  58.76096      1.57006   11.73442    0.10335      47273
  58.77096      1.56981   11.73748    0.10747      47553
  58.78096      1.56957   11.72647    0.11146      47402
  58.79095      1.56933   11.71988    0.09864      47263
  58.80095      1.56908   11.71652    0.09800      47588
  58.81095      1.56884   11.70820    0.10074      47190
  58.82095      1.56860   11.69889    0.10326      47097
  58.83095      1.56836   11.69753    0.10920      47194
  58.84094      1.56811   11.68720    0.09795      47182
  58.85094      1.56787   11.67721    0.09208      46988
  58.86094      1.56763   11.67983    0.09722      47352
  58.87094      1.56739   11.67391    0.10422      47415
  58.88094      1.56714   11.66850    0.11401      47176
  58.89094      1.56690   11.66208    0.09617      47392
  58.90093      1.56666   11.65926    0.10159      47548
  58.91093      1.56642   11.65755    0.10507      47158
  58.92093      1.56618   11.64928    0.10819      47396
  58.93093      1.56593   11.64335    0.11248      47507
  58.94093      1.56569   11.63749    0.09917      47253
  58.95093      1.56545   11.63188    0.09502      47404
  58.96092      1.56521   11.62869    0.09982      47263
  58.97092      1.56497   11.62791    0.10245      47122
  58.98092      1.56473   11.61794    0.10992      47214
  58.99092      1.56448   11.61112    0.09759      47146
  59.00092      1.56424   11.61131    0.09812      47211
  59.01092      1.56400   11.61713    0.09658      47212
  59.02091      1.56376   11.61143    0.10266      47227
  59.03091      1.56352   11.60495    0.10380      47391
  59.04091      1.56328   11.60884    0.10204      47448
  59.05091      1.56304   11.60246    0.10398      47310
  59.06091      1.56280   11.60216    0.10169      47356
  59.07091      1.56256   11.60681    0.10533      47603
  59.08090      1.56232   11.59074    0.10914      47257
  59.09090      1.56208   11.59771    0.10606      47277
  59.10090      1.56184   11.59899    0.09096      47656
  59.11090      1.56159   11.58347    0.09927      47279
  59.12090      1.56135   11.58571    0.10708      47042
  59.13090      1.56111   11.58559    0.10372      47529
  59.14089      1.56087   11.57731    0.10153      47012
  59.15089      1.56063   11.57371    0.09766      47098
  59.16089      1.56039   11.56876    0.09669      47473
  59.17089      1.56015   11.57281    0.10185      47047
  59.18089      1.55991   11.56574    0.10055      47325
  59.19089      1.55968   11.57207    0.10633      47637
  59.20088      1.55944   11.56031    0.09799      46979
  59.21088      1.55920   11.55501    0.10471      47598
  59.22088      1.55896   11.56173    0.11064      47414
  59.23088      1.55872   11.55052    0.10435      47141
  59.24088      1.55848   11.54999    0.10118      47653
  59.25087      1.55824   11.55147    0.09737      47475
  59.26087      1.55800   11.53999    0.10264      47016
  59.27087      1.55776   11.54398    0.09727      47546
  59.28087      1.55752   11.54048    0.10433      47270
  59.29087      1.55728   11.53573    0.10059      47024
  59.30087      1.55704   11.54327    0.10275      47255
  59.31086      1.55681   11.53253    0.09619      47297
  59.32086      1.55657   11.53451    0.09639      47073
  59.33086      1.55633   11.53539    0.10692      47483
  59.34086      1.55609   11.53619    0.10156      47417
  59.35086      1.55585   11.53324    0.09886      47176
  59.36086      1.55561   11.53912    0.10488      47665
  59.37085      1.55538   11.52877    0.10476      47352
  59.38085      1.55514   11.53236    0.11095      47227
  59.39085      1.55490   11.54505    0.10293      47749
  59.40085      1.55466   11.52953    0.09678      47327
  59.41085      1.55442   11.53058    0.09805      47253
  59.42085      1.55419   11.53626    0.10295      47473
  59.43084      1.55395   11.52986    0.10430      46983
  59.44084      1.55371   11.53890    0.09761      47515
  59.45084      1.55347   11.53884    0.09998      47193
  59.46084      1.55324   11.52918    0.10705      46920
  59.47084      1.55300   11.53845    0.09942      47366
  59.48084      1.55276   11.55003    0.09399      47493
  59.49083      1.55253   11.52844    0.10283      47073
  59.50083      1.55229   11.54855    0.10211      47662
  59.51083      1.55205   11.54606    0.10551      47527
  59.52083      1.55181   11.53418    0.10826      47086
  59.53083      1.55158   11.55226    0.10468      47717
  59.54083      1.55134   11.55247    0.10118      47599
  59.55082      1.55110   11.53542    0.10578      46920
  59.56082      1.55087   11.55599    0.09389      47858
  59.57082      1.55063   11.55315    0.10113      47159
  59.58082      1.55040   11.54020    0.09926      46835
  59.59082      1.55016   11.55443    0.10531      47701
  59.60081      1.54992   11.55556    0.10204      47251
  59.61081      1.54969   11.55255    0.10315      46779
  59.62081      1.54945   11.55982    0.09691      47570
  59.63081      1.54922   11.55773    0.09800      47442
  59.64081      1.54898   11.55314    0.10325      47128
  59.65081      1.54874   11.57265    0.10086      47743
  59.66080      1.54851   11.56554    0.10472      47391
  59.67080      1.54827   11.55803    0.10844      47257
  59.68080      1.54804   11.57267    0.10518      47784
  59.69080      1.54780   11.57279    0.09913      47230
  59.70080      1.54757   11.57236    0.10443      47526
  59.71080      1.54733   11.57505    0.09699      47578
  59.72079      1.54710   11.57917    0.10475      46908
  59.73079      1.54686   11.57239    0.09949      47378
  59.74079      1.54663   11.57975    0.09996      47484
  59.75079      1.54639   11.59203    0.10426      47149
  59.76079      1.54616   11.57868    0.10226      47090
  59.77079      1.54592   11.60528    0.10311      47504
  59.78078      1.54569   11.59968    0.09314      47134
  59.79078      1.54545   11.60188    0.10392      47455
  59.80078      1.54522   11.61593    0.10340      47563
  59.81078      1.54498   11.60641    0.10654      47435
  59.82078      1.54475   11.62160    0.09946      47514
  59.83078      1.54451   11.62247    0.10945      47349
  59.84077      1.54428   11.63629    0.10351      47386
  59.85077      1.54405   11.63368    0.10878      47444
  59.86077      1.54381   11.65036    0.09465      47600
  59.87077      1.54358   11.64157    0.09903      47104
  59.88077      1.54334   11.64528    0.10195      47355
  59.89077      1.54311   11.67011    0.10528      47315
  59.90076      1.54288   11.65971    0.10128      47372
  59.91076      1.54264   11.67312    0.10045      47112
  59.92076      1.54241   11.67955    0.10850      47431
  59.93076      1.54218   11.68498    0.09411      47409
  59.94076      1.54194   11.69253    0.10628      47326
  59.95076      1.54171   11.70995    0.10040      47606
  59.96075      1.54148   11.71194    0.10881      47232
  59.97075      1.54124   11.72359    0.09890      47538
  59.98075      1.54101   11.73892    0.11364      47383
  59.99075      1.54078   11.73373    0.10069      47547
  60.00075      1.54054   11.75297    0.10768      47364
  60.01074      1.54031   11.76442    0.09544      47327
  60.02074      1.54008   11.77121    0.10263      47699
  60.03074      1.53985   11.77035    0.10122      47193
  60.04074      1.53961   11.78954    0.10583      47365
  60.05074      1.53938   11.80493    0.10502      47622
  60.06074      1.53915   11.80657    0.10351      46946
  60.07073      1.53892   11.82319    0.10371      47275
  60.08073      1.53868   11.82744    0.09321      47434
  60.09073      1.53845   11.84648    0.11796      47291
  60.10073      1.53822   11.86112    0.09606      47329
  60.11073      1.53799   11.86966    0.10378      47682
  60.12073      1.53776   11.86438    0.10593      47449
  60.13072      1.53753   11.89462    0.10745      47641
  60.14072      1.53729   11.90237    0.10737      47589
  60.15072      1.53706   11.90773    0.11137      47322
  60.16072      1.53683   11.91978    0.09187      47659
  60.17072      1.53660   11.93439    0.10330      47227
  60.18072      1.53637   11.94132    0.10871      47120
  60.19071      1.53614   11.95800    0.10628      47284
  60.20071      1.53590   11.96081    0.09853      47679
  60.21071      1.53567   11.96794    0.10558      47125
  60.22071      1.53544   12.00242    0.10755      47300
  60.23071      1.53521   11.99738    0.10160      47559
  60.24071      1.53498   12.01282    0.09980      47169
  60.25070      1.53475   12.03478    0.10181      47540
  60.26070      1.53452   12.05009    0.11092      47613
  60.27070      1.53429   12.04766    0.10485      47122
  60.28070      1.53406   12.07621    0.10508      47909
  60.29070      1.53383   12.08228    0.11352      47425
  60.30070      1.53360   12.09507    0.10147      47471
  60.31069      1.53337   12.12571    0.10106      47717
  60.32069      1.53314   12.12823    0.10353      47531
  60.33069      1.53291   12.15149    0.10850      46813
  60.34069      1.53268   12.16005    0.10143      47675
  60.35069      1.53245   12.18685    0.10625      47562
  60.36069      1.53222   12.19915    0.10745      47019
  60.37068      1.53199   12.21865    0.10263      47425
  60.38068      1.53176   12.24673    0.10842      47417
  60.39068      1.53153   12.25710    0.09971      47177
  60.40068      1.53130   12.29188    0.10804      47770
  60.41068      1.53107   12.31338    0.10361      47702
  60.42067      1.53084   12.32448    0.10975      47004
  60.43067      1.53061   12.35512    0.11335      47843
  60.44067      1.53038   12.37475    0.10428      47668
  60.45067      1.53015   12.39208    0.10926      47081
  60.46067      1.52992   12.43662    0.09815      47952
  60.47067      1.52969   12.44434    0.10511      47361
  60.48066      1.52946   12.47311    0.10852      47075
  60.49066      1.52923   12.50856    0.10356      47693
  60.50066      1.52901   12.53936    0.10950      47440
  60.51066      1.52878   12.54699    0.10586      47076
  60.52066      1.52855   12.58934    0.12107      47579
  60.53066      1.52832   12.61162    0.10138      47453
  60.54065      1.52809   12.63790    0.09920      47130
  60.55065      1.52786   12.69398    0.10451      47885
  60.56065      1.52763   12.71772    0.11603      47444
  60.57065      1.52741   12.73806    0.10758      47218
  60.58065      1.52718   12.78286    0.10778      47942
  60.59065      1.52695   12.81182    0.11301      47494
  60.60064      1.52672   12.84188    0.11239      47243
  60.61064      1.52649   12.89638    0.09934      47732
  60.62064      1.52627   12.92300    0.11242      47497
  60.63064      1.52604   12.94797    0.10477      47151
  60.64064      1.52581   13.00213    0.10846      47718
  60.65064      1.52558   13.03419    0.11526      47564
  60.66063      1.52536   13.07547    0.10749      47018
  60.67063      1.52513   13.12713    0.11467      47624
  60.68063      1.52490   13.16318    0.10431      47281
  60.69063      1.52467   13.21066    0.11027      47308
  60.70063      1.52445   13.27147    0.10748      47684
  60.71063      1.52422   13.29472    0.11041      47681
  60.72062      1.52399   13.34387    0.11306      47279
  60.73062      1.52377   13.40665    0.11176      47868
  60.74062      1.52354   13.45694    0.11863      47516
  60.75062      1.52331   13.49992    0.11145      47472
  60.76062      1.52309   13.56734    0.10698      47758
  60.77062      1.52286   13.60562    0.10880      47491
  60.78061      1.52263   13.66019    0.10943      47108
  60.79061      1.52241   13.73554    0.11299      47647
  60.80061      1.52218   13.77721    0.11811      47316
  60.81061      1.52195   13.83873    0.11588      47375
  60.82061      1.52173   13.90814    0.10530      47644
  60.83060      1.52150   13.95233    0.12672      47175
  60.84060      1.52127   14.03092    0.10339      47696
  60.85060      1.52105   14.10447    0.11499      47637
  60.86060      1.52082   14.16095    0.10936      47467
  60.87060      1.52060   14.24253    0.11648      47622
  60.88060      1.52037   14.31356    0.12007      47574
  60.89059      1.52014   14.37647    0.12226      47446
  60.90059      1.51992   14.43905    0.11092      47706
  60.91059      1.51969   14.53949    0.10850      47700
  60.92059      1.51947   14.58129    0.11789      47113
  60.93059      1.51924   14.69658    0.11735      47508
  60.94059      1.51902   14.75997    0.11792      47672
  60.95058      1.51879   14.85608    0.11154      47461
  60.96058      1.51857   14.93738    0.12331      47687
  60.97058      1.51834   15.02334    0.12174      47281
  60.98058      1.51812   15.10203    0.11922      47295
  60.99058      1.51789   15.20190    0.11117      47632
  61.00058      1.51767   15.30417    0.11565      47734
  61.01057      1.51744   15.39195    0.12378      47464
  61.02057      1.51722   15.50800    0.11990      47673
  61.03057      1.51699   15.59595    0.12323      47432
  61.04057      1.51677   15.69387    0.12328      47380
  61.05057      1.51654   15.80880    0.12335      48118
  61.06057      1.51632   15.91495    0.11031      47501
  61.07056      1.51610   16.01385    0.12491      47378
  61.08056      1.51587   16.14017    0.12208      47513
  61.09056      1.51565   16.25034    0.12423      47291
  61.10056      1.51542   16.35299    0.12293      47496
  61.11056      1.51520   16.50136    0.12658      47995
  61.12056      1.51498   16.61381    0.12607      47145
  61.13055      1.51475   16.72375    0.13391      47438
  61.14055      1.51453   16.86164    0.11176      47636
  61.15055      1.51430   16.98381    0.12425      47604
  61.16055      1.51408   17.12112    0.13253      47572
  61.17055      1.51386   17.26615    0.12719      47905
  61.18055      1.51363   17.39677    0.13004      47142
  61.19054      1.51341   17.53000    0.12915      47703
  61.20054      1.51319   17.65906    0.12223      47901
  61.21054      1.51296   17.82874    0.13274      47666
  61.22054      1.51274   17.96102    0.12426      47193
  61.23054      1.51252   18.12882    0.12346      47804
  61.24053      1.51229   18.25163    0.13854      47382
  61.25053      1.51207   18.40422    0.13387      47363
  61.26053      1.51185   18.58154    0.13136      47932
  61.27053      1.51163   18.71954    0.13535      47500
  61.28053      1.51140   18.88946    0.13173      47116
  61.29053      1.51118   19.04832    0.13131      47947
  61.30052      1.51096   19.22652    0.13006      47664
  61.31052      1.51074   19.36992    0.13479      47336
  61.32052      1.51051   19.57446    0.12942      47851
  61.33052      1.51029   19.70261    0.14488      47740
  61.34052      1.51007   19.87244    0.13689      47398
  61.35052      1.50985   20.05583    0.12988      47870
  61.36051      1.50962   20.26584    0.13164      47660
  61.37051      1.50940   20.39405    0.13944      47174
  61.38051      1.50918   20.59473    0.13890      47806
  61.39051      1.50896   20.75091    0.13748      47652
  61.40051      1.50874   20.92049    0.13964      47315
  61.41051      1.50852   21.14064    0.14387      47925
  61.42050      1.50829   21.28678    0.14036      47416
  61.43050      1.50807   21.45953    0.15117      47343
  61.44050      1.50785   21.67027    0.13296      47733
  61.45050      1.50763   21.82846    0.13895      47811
  61.46050      1.50741   22.01949    0.14292      47324
  61.47050      1.50719   22.19353    0.14410      48121
  61.48049      1.50697   22.37704    0.15182      47606
  61.49049      1.50675   22.54267    0.14931      47207
  61.50049      1.50652   22.76516    0.12892      48124
  61.51049      1.50630   22.89783    0.14706      47790
  61.52049      1.50608   23.06763    0.14755      47040
  61.53049      1.50586   23.27369    0.14224      47839
  61.54048      1.50564   23.45107    0.14986      47691
  61.55048      1.50542   23.58936    0.14853      47253
  61.56048      1.50520   23.78571    0.15133      48050
  61.57048      1.50498   23.94523    0.15545      47593
  61.58048      1.50476   24.11941    0.15645      47302
  61.59047      1.50454   24.28624    0.13305      47837
  61.60047      1.50432   24.46448    0.14813      47717
  61.61047      1.50410   24.59844    0.15387      47331
  61.62047      1.50388   24.76940    0.15582      47928
  61.63047      1.50366   24.93972    0.15500      47994
  61.64047      1.50344   25.07554    0.14415      47603
  61.65046      1.50322   25.23033    0.15053      47520
  61.66046      1.50300   25.37698    0.14391      47680
  61.67046      1.50278   25.46277    0.16292      47368
  61.68046      1.50256   25.66758    0.14784      47832
  61.69046      1.50234   25.78242    0.15089      47735
  61.70046      1.50212   25.91216    0.15940      47341
  61.71045      1.50190   26.02738    0.16834      47954
  61.72045      1.50168   26.14199    0.15197      47647
  61.73045      1.50146   26.25349    0.15172      47481
  61.74045      1.50124   26.37033    0.14869      47431
  61.75045      1.50102   26.48369    0.15588      48132
  61.76045      1.50081   26.56830    0.15628      47478
  61.77044      1.50059   26.65418    0.15110      47759
  61.78044      1.50037   26.75014    0.16650      47802
  61.79044      1.50015   26.81927    0.15250      47731
  61.80044      1.49993   26.91103    0.15295      47574
  61.81044      1.49971   26.96818    0.14882      47776
  61.82044      1.49949   26.99477    0.15523      47590
  61.83043      1.49927   27.06861    0.15732      47747
  61.84043      1.49906   27.11443    0.16438      47688
  61.85043      1.49884   27.17002    0.15239      47513
  61.86043      1.49862   27.19196    0.16344      47925
  61.87043      1.49840   27.19420    0.16489      47627
  61.88043      1.49818   27.22110    0.16606      47420
  61.89042      1.49797   27.23227    0.13972      47835
  61.90042      1.49775   27.24406    0.16307      47799
  61.91042      1.49753   27.27268    0.15516      47657
  61.92042      1.49731   27.22088    0.16294      47848
  61.93042      1.49709   27.21074    0.15834      47890
  61.94042      1.49688   27.19538    0.15002      47631
  61.95041      1.49666   27.17896    0.15507      47574
  61.96041      1.49644   27.10540    0.15131      47669
  61.97041      1.49622   27.08176    0.15972      47791
  61.98041      1.49601   27.05381    0.15248      47804
  61.99041      1.49579   26.96850    0.16094      47374
  62.00040      1.49557   26.91346    0.16429      47859
  62.01040      1.49535   26.85824    0.15856      48103
  62.02040      1.49514   26.79195    0.15745      47535
  62.03040      1.49492   26.67995    0.16259      47548
  62.04040      1.49470   26.63498    0.14376      47835
  62.05040      1.49449   26.53037    0.15313      47823
  62.06039      1.49427   26.43264    0.15621      47786
  62.07039      1.49405   26.34240    0.15782      47924
  62.08039      1.49384   26.25115    0.15286      47760
  62.09039      1.49362   26.13843    0.14554      47580
  62.10039      1.49340   25.98444    0.15115      47724
  62.11039      1.49319   25.89672    0.15624      47771
  62.12038      1.49297   25.79006    0.15692      47590
  62.13038      1.49275   25.63450    0.14949      47800
  62.14038      1.49254   25.51701    0.16134      48029
  62.15038      1.49232   25.37060    0.15174      47587
  62.16038      1.49211   25.25257    0.15741      47960
  62.17038      1.49189   25.12163    0.15159      47611
  62.18037      1.49167   24.94856    0.15315      47495
  62.19037      1.49146   24.81521    0.14349      47911
  62.20037      1.49124   24.67056    0.15040      47943
  62.21037      1.49103   24.52237    0.15385      47615
  62.22037      1.49081   24.34666    0.15561      47852
  62.23037      1.49060   24.19785    0.14030      48193
  62.24036      1.49038   24.02939    0.13893      47600
  62.25036      1.49017   23.87733    0.15215      47384
  62.26036      1.48995   23.69857    0.14504      48193
  62.27036      1.48974   23.53234    0.15464      47600
  62.28036      1.48952   23.38801    0.14263      47526
  62.29036      1.48931   23.20885    0.14820      48132
  62.30035      1.48909   23.04346    0.15218      47916
  62.31035      1.48888   22.86713    0.15328      47562
  62.32035      1.48866   22.68915    0.13866      47777
  62.33035      1.48845   22.54342    0.14853      47835
  62.34035      1.48823   22.34888    0.13654      47339
  62.35035      1.48802   22.18459    0.14963      48387
  62.36034      1.48780   22.02042    0.14151      47989
  62.37034      1.48759   21.85045    0.14486      47222
  62.38034      1.48737   21.66265    0.13155      48514
  62.39034      1.48716   21.50777    0.14116      47634
  62.40034      1.48694   21.32326    0.13432      47434
  62.41033      1.48673   21.16421    0.13995      48042
  62.42033      1.48652   20.98995    0.14179      47893
  62.43033      1.48630   20.83534    0.14780      47557
  62.44033      1.48609   20.67291    0.13805      47851
  62.45033      1.48587   20.50846    0.13821      48351
  62.46033      1.48566   20.33368    0.14464      47683
  62.47032      1.48545   20.17918    0.14642      47510
  62.48032      1.48523   20.04214    0.12727      47907
  62.49032      1.48502   19.84648    0.13439      48019
  62.50032      1.48481   19.71668    0.13750      47561
  62.51032      1.48459   19.58151    0.13523      48089
  62.52032      1.48438   19.40043    0.13044      48047
  62.53031      1.48417   19.25906    0.12886      47710
  62.54031      1.48395   19.10841    0.12996      47746
  62.55031      1.48374   18.96780    0.13939      47976
  62.56031      1.48353   18.82166    0.12742      47614
  62.57031      1.48331   18.68495    0.14106      47950
  62.58031      1.48310   18.56327    0.13086      48064
  62.59030      1.48289   18.42201    0.13622      47759
  62.60030      1.48267   18.28235    0.13098      48067
  62.61030      1.48246   18.16563    0.13753      47875
  62.62030      1.48225   18.04254    0.12980      47382
  62.63030      1.48204   17.89549    0.12640      47919
  62.64030      1.48182   17.79666    0.12092      48366
  62.65029      1.48161   17.67818    0.13506      47515
  62.66029      1.48140   17.55128    0.13464      48095
  62.67029      1.48119   17.45004    0.11397      48047
  62.68029      1.48097   17.33819    0.12802      47715
  62.69029      1.48076   17.21509    0.12606      47715
  62.70029      1.48055   17.12442    0.12589      47905
  62.71028      1.48034   17.01944    0.12774      47950
  62.72028      1.48013   16.92918    0.12470      47887
  62.73028      1.47991   16.84018    0.13498      48074
  62.74028      1.47970   16.71414    0.12215      47894
  62.75028      1.47949   16.64084    0.13032      48027
  62.76028      1.47928   16.54457    0.13279      47795
  62.77027      1.47907   16.46353    0.12272      47757
  62.78027      1.47886   16.38391    0.11780      47812
  62.79027      1.47864   16.29172    0.12428      48016
  62.80027      1.47843   16.21309    0.12141      48099
  62.81027      1.47822   16.13199    0.11447      48143
  62.82026      1.47801   16.05961    0.12491      47906
  62.83026      1.47780   15.98040    0.11586      47579
  62.84026      1.47759   15.89345    0.12183      47976
  62.85026      1.47738   15.83693    0.12102      47942
  62.86026      1.47717   15.76913    0.12684      47930
  62.87026      1.47696   15.69416    0.12246      47933
  62.88025      1.47675   15.65819    0.12143      48023
  62.89025      1.47653   15.55029    0.12890      47967
  62.90025      1.47632   15.51883    0.12155      48209
  62.91025      1.47611   15.44631    0.12320      47692
  62.92025      1.47590   15.39131    0.11573      47817
  62.93025      1.47569   15.34550    0.11719      48013
  62.94024      1.47548   15.28295    0.11689      48196
  62.95024      1.47527   15.23598    0.12601      47810
  62.96024      1.47506   15.17526    0.11060      47960
  62.97024      1.47485   15.13862    0.11472      48084
  62.98024      1.47464   15.09007    0.12288      47745
  62.99024      1.47443   15.02027    0.11878      47826
  63.00023      1.47422   15.01383    0.11584      48249
  63.01023      1.47401   14.95398    0.12025      48092
  63.02023      1.47380   14.91846    0.12051      47540
  63.03023      1.47359   14.88743    0.12238      48359
  63.04023      1.47338   14.84705    0.11690      48171
  63.05023      1.47317   14.80530    0.12577      47659
  63.06022      1.47296   14.77705    0.11852      48151
  63.07022      1.47275   14.75241    0.11751      47897
  63.08022      1.47254   14.68985    0.10863      47877
  63.09022      1.47233   14.70580    0.12523      48053
  63.10022      1.47213   14.66114    0.10801      48444
  63.11022      1.47192   14.62057    0.11467      47926
  63.12021      1.47171   14.61147    0.11446      47484
  63.13021      1.47150   14.57152    0.11314      48463
  63.14021      1.47129   14.56200    0.12161      47826
  63.15021      1.47108   14.52693    0.11550      47740
  63.16021      1.47087   14.51624    0.11740      48462
  63.17020      1.47066   14.49169    0.12250      48051
  63.18020      1.47045   14.47458    0.11794      47729
  63.19020      1.47025   14.44171    0.11506      48416
  63.20020      1.47004   14.44380    0.11691      48037
  63.21020      1.46983   14.43264    0.13029      47212
  63.22020      1.46962   14.38731    0.10713      48617
  63.23019      1.46941   14.40326    0.11346      48186
  63.24019      1.46920   14.36463    0.11380      47754
  63.25019      1.46900   14.36127    0.11370      48327
  63.26019      1.46879   14.35169    0.11174      48071
  63.27019      1.46858   14.33642    0.11320      47852
  63.28019      1.46837   14.30836    0.11766      47802
  63.29018      1.46816   14.33761    0.11432      48324
  63.30018      1.46796   14.30793    0.11968      48027
  63.31018      1.46775   14.29359    0.11680      47914
  63.32018      1.46754   14.31767    0.11740      48299
  63.33018      1.46733   14.27544    0.12440      48406
  63.34018      1.46713   14.29089    0.11898      47665
  63.35017      1.46692   14.27340    0.11578      48223
  63.36017      1.46671   14.27951    0.11131      48121
  63.37017      1.46650   14.27131    0.11976      47810
  63.38017      1.46630   14.27172    0.11061      48194
  63.39017      1.46609   14.27105    0.10757      48479
  63.40017      1.46588   14.27663    0.11428      47592
  63.41016      1.46567   14.25258    0.11295      48118
  63.42016      1.46547   14.29096    0.11326      48168
  63.43016      1.46526   14.26657    0.11610      47900
  63.44016      1.46505   14.27410    0.12198      48099
  63.45016      1.46485   14.29299    0.11440      48321
  63.46016      1.46464   14.28992    0.11731      48173
  63.47015      1.46443   14.30187    0.12163      48138
  63.48015      1.46423   14.28950    0.11711      48292
  63.49015      1.46402   14.31123    0.11520      48067
  63.50015      1.46381   14.31798    0.12001      47854
  63.51015      1.46361   14.32424    0.11565      48193
  63.52015      1.46340   14.33422    0.11581      48181
  63.53014      1.46320   14.34436    0.10404      48168
  63.54014      1.46299   14.34466    0.11572      48326
  63.55014      1.46278   14.36685    0.11426      47715
  63.56014      1.46258   14.36183    0.11461      48239
  63.57014      1.46237   14.38674    0.11196      48196
  63.58013      1.46217   14.40080    0.12247      47960
  63.59013      1.46196   14.40221    0.11751      48180
  63.60013      1.46175   14.43988    0.12333      48227
  63.61013      1.46155   14.43663    0.11486      48368
  63.62013      1.46134   14.45913    0.12263      48011
  63.63013      1.46114   14.47257    0.12016      48465
  63.64012      1.46093   14.48823    0.12094      47928
  63.65012      1.46073   14.50417    0.11454      47838
  63.66012      1.46052   14.53187    0.11282      48455
  63.67012      1.46032   14.54923    0.11635      48247
  63.68012      1.46011   14.56404    0.10789      48334
  63.69012      1.45991   14.57764    0.11052      47949
  63.70011      1.45970   14.61784    0.11929      48010
  63.71011      1.45950   14.60964    0.11939      48299
  63.72011      1.45929   14.65790    0.11868      47894
  63.73011      1.45909   14.66457    0.11225      48527
  63.74011      1.45888   14.70633    0.12811      48106
  63.75011      1.45868   14.71916    0.11338      48136
  63.76010      1.45847   14.75669    0.12336      48610
  63.77010      1.45827   14.78044    0.12541      48178
  63.78010      1.45806   14.79166    0.12106      48031
  63.79010      1.45786   14.82933    0.12262      48203
  63.80010      1.45765   14.85612    0.11405      48257
  63.81010      1.45745   14.88483    0.11389      48092
  63.82009      1.45724   14.91552    0.11059      48335
  63.83009      1.45704   14.93819    0.11190      48369
  63.84009      1.45684   14.97687    0.11861      47810
  63.85009      1.45663   14.99536    0.12275      48201
  63.86009      1.45643   15.05184    0.11524      48354
  63.87009      1.45622   15.06180    0.12115      48263
  63.88008      1.45602   15.10283    0.11903      48019
  63.89008      1.45582   15.14641    0.12433      48608
  63.90008      1.45561   15.18190    0.11843      48343
  63.91008      1.45541   15.20147    0.12863      48118
  63.92008      1.45521   15.25086    0.12231      48541
  63.93008      1.45500   15.29272    0.13186      48181
  63.94007      1.45480   15.30020    0.11548      47768
  63.95007      1.45460   15.37262    0.11172      48538
  63.96007      1.45439   15.39205    0.11518      48421
  63.97007      1.45419   15.44484    0.11084      48214
  63.98007      1.45399   15.46177    0.12348      48174
  63.99006      1.45378   15.52541    0.12170      48068
  64.00006      1.45358   15.55590    0.11878      48447
  64.01006      1.45338   15.60076    0.12628      47994
  64.02006      1.45317   15.64463    0.12405      48419
  64.03006      1.45297   15.69825    0.12291      48496
  64.04006      1.45277   15.72836    0.12477      47966
  64.05005      1.45257   15.79126    0.12687      48765
  64.06005      1.45236   15.83463    0.12078      48415
  64.07005      1.45216   15.85051    0.13616      48066
  64.08005      1.45196   15.93112    0.12325      48131
  64.09005      1.45176   15.96884    0.11445      48672
  64.10005      1.45155   16.01785    0.11716      48013
  64.11004      1.45135   16.06686    0.11755      48330
  64.12004      1.45115   16.13394    0.11845      48324
  64.13004      1.45095   16.16179    0.12101      48267
  64.14004      1.45075   16.21059    0.12680      47896
  64.15004      1.45054   16.28547    0.12861      48608
  64.16004      1.45034   16.34716    0.12089      48613
  64.17003      1.45014   16.37886    0.13023      48100
  64.18003      1.44994   16.44542    0.12460      48428
  64.19003      1.44974   16.50207    0.13431      48655
  64.20003      1.44953   16.55608    0.12478      48173
  64.21003      1.44933   16.60549    0.13129      48241
  64.22003      1.44913   16.67827    0.13077      48630
  64.23002      1.44893   16.72342    0.12494      48130
  64.24002      1.44873   16.79704    0.11619      48242
  64.25002      1.44853   16.85501    0.11804      48607
  64.26002      1.44833   16.90714    0.11968      48256
  64.27002      1.44813   16.96860    0.12766      48204
  64.28002      1.44792   17.04432    0.12478      48192
  64.29001      1.44772   17.10470    0.12884      48555
  64.30001      1.44752   17.16268    0.12964      48295
  64.31001      1.44732   17.23578    0.12435      48347
  64.32001      1.44712   17.31296    0.13572      48673
  64.33001      1.44692   17.35600    0.13629      48265
  64.34001      1.44672   17.45386    0.12535      48639
  64.35000      1.44652   17.51269    0.13652      48451
  64.36000      1.44632   17.58550    0.13750      48432
  64.37000      1.44612   17.63880    0.12806      48240
  64.38000      1.44592   17.74350    0.12552      48215
  64.39000      1.44572   17.79664    0.11563      48665
  64.39999      1.44552   17.88168    0.13270      48292
  64.40999      1.44532   17.93856    0.12680      48283
  64.41999      1.44512   18.05123    0.12314      48292
  64.42999      1.44492   18.10679    0.13749      48477
  64.43999      1.44472   18.20826    0.13391      48565
  64.44999      1.44452   18.25907    0.13052      48297
  64.45998      1.44432   18.38247    0.13350      48350
  64.46998      1.44412   18.43532    0.13977      48856
  64.47998      1.44392   18.54774    0.13818      48266
  64.48998      1.44372   18.60208    0.13227      48609
  64.49998      1.44352   18.72274    0.13848      48421
  64.50998      1.44332   18.78568    0.14381      48495
  64.51997      1.44312   18.87245    0.13242      48334
  64.52997      1.44292   18.97583    0.11299      48601
  64.53997      1.44272   19.04827    0.13355      48269
  64.54997      1.44252   19.14053    0.13712      48209
  64.55997      1.44232   19.23563    0.12950      48411
  64.56997      1.44212   19.33972    0.13338      48651
  64.57996      1.44192   19.41883    0.14117      48544
  64.58996      1.44172   19.52391    0.14183      48090
  64.59996      1.44152   19.59608    0.12854      48849
  64.60996      1.44132   19.72545    0.14998      48634
  64.61996      1.44113   19.78724    0.14199      48399
  64.62996      1.44093   19.88800    0.14145      48608
  64.63995      1.44073   19.98682    0.13690      48890
  64.64995      1.44053   20.06588    0.14875      48359
  64.65995      1.44033   20.17644    0.14339      48047
  64.66995      1.44013   20.26660    0.11749      48805
  64.67995      1.43993   20.35653    0.13154      48444
  64.68995      1.43974   20.42145    0.13959      47990
  64.69994      1.43954   20.57207    0.13587      48753
  64.70994      1.43934   20.64057    0.14173      48594
  64.71994      1.43914   20.71359    0.13917      48185
  64.72994      1.43894   20.84570    0.14714      48749
  64.73994      1.43874   20.92558    0.14358      48848
  64.74994      1.43855   21.02393    0.13954      48418
  64.75993      1.43835   21.09244    0.14655      48430
  64.76993      1.43815   21.21290    0.14829      48843
  64.77993      1.43795   21.29427    0.14566      48788
  64.78993      1.43776   21.36061    0.14535      48172
  64.79993      1.43756   21.48870    0.15205      48637
  64.80992      1.43736   21.55392    0.12763      48765
  64.81992      1.43716   21.63461    0.12685      48177
  64.82992      1.43696   21.73031    0.14682      48484
  64.83992      1.43677   21.83742    0.14416      48684
  64.84992      1.43657   21.89400    0.13818      48498
  64.85992      1.43637   21.96214    0.14960      48192
  64.86991      1.43618   22.07367    0.14695      48979
  64.87991      1.43598   22.14932    0.14869      48776
  64.88991      1.43578   22.21412    0.14022      48315
  64.89991      1.43558   22.28359    0.15121      48777
  64.90991      1.43539   22.37295    0.15203      48795
  64.91991      1.43519   22.43228    0.15301      48507
  64.92990      1.43499   22.49553    0.14701      48685
  64.93990      1.43480   22.56984    0.15030      48727
  64.94990      1.43460   22.62554    0.13329      48477
  64.95990      1.43440   22.67518    0.13640      48480
  64.96990      1.43421   22.72628    0.13588      48507
  64.97990      1.43401   22.79906    0.14944      48613
  64.98989      1.43381   22.83091    0.14615      48368
  64.99989      1.43362   22.86818    0.13856      48662
  65.00989      1.43342   22.93038    0.15834      48901
  65.01989      1.43322   22.96646    0.15321      48496
  65.02989      1.43303   22.99978    0.14461      48786
  65.03989      1.43283   23.01826    0.15333      48660
  65.04988      1.43264   23.06081    0.15477      48981
  65.05988      1.43244   23.07197    0.14709      48495
  65.06988      1.43224   23.09523    0.15769      48677
  65.07988      1.43205   23.12146    0.14637      48802
  65.08988      1.43185   23.12524    0.14696      48464
  65.09988      1.43166   23.12404    0.12929      48716
  65.10987      1.43146   23.12319    0.14463      48523
  65.11987      1.43127   23.14212    0.14227      48435
  65.12987      1.43107   23.12434    0.14334      48651
  65.13987      1.43088   23.12044    0.15269      48683
  65.14987      1.43068   23.10630    0.14845      48817
  65.15986      1.43048   23.09922    0.14190      48773
  65.16986      1.43029   23.06701    0.16052      48738
  65.17986      1.43009   23.04303    0.15166      48814
  65.18986      1.42990   23.02403    0.15253      48670
  65.19986      1.42970   22.98648    0.15101      48996
  65.20986      1.42951   22.93017    0.14431      48601
  65.21985      1.42931   22.91918    0.16479      48792
  65.22985      1.42912   22.87124    0.13160      48658
  65.23985      1.42892   22.79261    0.14261      48542
  65.24985      1.42873   22.74420    0.13295      48510
  65.25985      1.42853   22.69854    0.14731      48621
  65.26985      1.42834   22.62747    0.14146      48942
  65.27984      1.42815   22.56368    0.14690      48441
  65.28984      1.42795   22.50370    0.14755      48727
  65.29984      1.42776   22.42813    0.15182      49027
  65.30984      1.42756   22.34005    0.14175      48870
  65.31984      1.42737   22.26058    0.15420      48627
  65.32984      1.42717   22.18583    0.14490      48916
  65.33983      1.42698   22.09368    0.14647      49121
  65.34983      1.42678   21.99865    0.15599      48556
  65.35983      1.42659   21.90771    0.14085      48790
  65.36983      1.42640   21.81072    0.14396      48847
  65.37983      1.42620   21.69639    0.12933      48622
  65.38983      1.42601   21.59031    0.13242      48316
  65.39982      1.42582   21.50132    0.14065      48933
  65.40982      1.42562   21.38778    0.14018      48887
  65.41982      1.42543   21.24791    0.14477      48393
  65.42982      1.42523   21.16416    0.14238      49047
  65.43982      1.42504   21.02465    0.14673      48999
  65.44982      1.42485   20.92126    0.13872      48878
  65.45981      1.42465   20.79729    0.14699      48621
  65.46981      1.42446   20.67612    0.14476      49084
  65.47981      1.42427   20.55225    0.14364      48970
  65.48981      1.42407   20.40532    0.13874      48497
  65.49981      1.42388   20.28975    0.14988      49138
  65.50981      1.42369   20.17266    0.13042      48962
  65.51980      1.42349   20.02702    0.12659      48615
  65.52980      1.42330   19.87128    0.13238      48413
  65.53980      1.42311   19.76486    0.12726      48877
  65.54980      1.42292   19.63053    0.13886      49066
  65.55980      1.42272   19.47793    0.13875      48446
  65.56979      1.42253   19.34183    0.13564      49048
  65.57979      1.42234   19.21192    0.13713      48981
  65.58979      1.42214   19.08716    0.13986      48958
  65.59979      1.42195   18.92229    0.13820      48662
  65.60979      1.42176   18.80162    0.14294      49135
  65.61979      1.42157   18.66910    0.13099      49093
  65.62978      1.42137   18.52049    0.13618      48834
  65.63978      1.42118   18.36702    0.14310      49058
  65.64978      1.42099   18.24922    0.12480      48908
  65.65978      1.42080   18.09737    0.12232      48431
  65.66978      1.42061   17.95242    0.12208      48611
  65.67978      1.42041   17.82969    0.12723      49053
  65.68977      1.42022   17.69337    0.12371      48876
  65.69977      1.42003   17.55257    0.13494      48885
  65.70977      1.41984   17.41303    0.12961      48962
  65.71977      1.41965   17.28985    0.13069      49130
  65.72977      1.41945   17.15625    0.13264      48790
  65.73977      1.41926   17.01508    0.12748      48858
  65.74976      1.41907   16.89959    0.13563      49121
  65.75976      1.41888   16.77358    0.13397      49064
  65.76976      1.41869   16.64102    0.12728      49068
  65.77976      1.41850   16.49414    0.12754      49036
  65.78976      1.41831   16.40568    0.11918      48978
  65.79976      1.41811   16.26161    0.12362      48480
  65.80975      1.41792   16.13334    0.11274      48824
  65.81975      1.41773   16.02493    0.12767      49064
  65.82975      1.41754   15.90592    0.11750      48603
  65.83975      1.41735   15.79507    0.12151      49165
  65.84975      1.41716   15.67613    0.12944      48844
  65.85975      1.41697   15.58802    0.12278      49181
  65.86974      1.41678   15.46067    0.12450      49081
  65.87974      1.41659   15.35180    0.12900      49149
  65.88974      1.41640   15.24408    0.12111      48836
  65.89974      1.41620   15.15813    0.12922      49085
  65.90974      1.41601   15.05282    0.12139      49469
  65.91974      1.41582   14.94412    0.12225      48869
  65.92973      1.41563   14.84638    0.11123      48983
  65.93973      1.41544   14.74786    0.12047      48542
  65.94973      1.41525   14.66027    0.10918      49140
  65.95973      1.41506   14.55032    0.10963      48777
  65.96973      1.41487   14.48953    0.12320      48849
  65.97972      1.41468   14.38904    0.11490      49245
  65.98972      1.41449   14.31090    0.11617      48941
  65.99972      1.41430   14.21784    0.12208      49011
  66.00972      1.41411   14.14939    0.11847      49334
  66.01972      1.41392   14.07482    0.11943      49239
  66.02972      1.41373   13.96671    0.12329      48815
  66.03971      1.41354   13.92378    0.11600      49121
  66.04971      1.41335   13.83951    0.11821      49516
  66.05971      1.41316   13.76254    0.12095      49073
  66.06971      1.41297   13.68634    0.10595      48837
  66.07971      1.41278   13.61038    0.11372      48668
  66.08971      1.41259   13.55782    0.10884      49130
  66.09970      1.41240   13.47637    0.10789      49023
  66.10970      1.41222   13.42486    0.10793      48781
  66.11970      1.41203   13.35925    0.11726      49413
  66.12970      1.41184   13.30521    0.11744      49189
  66.13970      1.41165   13.22889    0.11370      48629
  66.14970      1.41146   13.18806    0.11995      49339
  66.15969      1.41127   13.12369    0.10972      49585
  66.16969      1.41108   13.06690    0.11496      49176
  66.17969      1.41089   13.00119    0.11581      48868
  66.18969      1.41070   12.96398    0.12177      49379
  66.19969      1.41051   12.90159    0.10420      49386
  66.20969      1.41032   12.84976    0.10807      48866
  66.21968      1.41014   12.79419    0.10865      48775
  66.22968      1.40995   12.74778    0.10494      49187
  66.23968      1.40976   12.70367    0.10115      49033
  66.24968      1.40957   12.64547    0.11175      48686
  66.25968      1.40938   12.61415    0.11406      49445
  66.26968      1.40919   12.57079    0.10946      49363
  66.27967      1.40901   12.52503    0.11531      49016
  66.28967      1.40882   12.47569    0.11123      49182
  66.29967      1.40863   12.44756    0.11670      49605
  66.30967      1.40844   12.40346    0.10665      49215
  66.31967      1.40825   12.35785    0.11456      48998
  66.32967      1.40806   12.32810    0.11746      49433
  66.33966      1.40788   12.29318    0.09978      49479
  66.34966      1.40769   12.25042    0.10661      48823
  66.35966      1.40750   12.21084    0.11021      48614
  66.36966      1.40731   12.18707    0.10062      49419
  66.37966      1.40713   12.15627    0.10439      49115
  66.38965      1.40694   12.12235    0.10526      49034
  66.39965      1.40675   12.09470    0.10929      49261
  66.40965      1.40656   12.07009    0.11190      49402
  66.41965      1.40637   12.04425    0.10525      49134
  66.42965      1.40619   12.01778    0.11355      49395
  66.43965      1.40600   11.98247    0.10697      49143
  66.44964      1.40581   11.96883    0.11071      49582
  66.45964      1.40563   11.93883    0.11293      49295
  66.46964      1.40544   11.90803    0.11857      49187
  66.47964      1.40525   11.89294    0.09470      49656
  66.48964      1.40506   11.85830    0.10437      48885
  66.49964      1.40488   11.84391    0.10887      48887
  66.50963      1.40469   11.80809    0.09741      49052
  66.51963      1.40450   11.79810    0.10123      49342
  66.52963      1.40432   11.77569    0.11028      49183
  66.53963      1.40413   11.75841    0.10990      49449
  66.54963      1.40394   11.72876    0.10267      49317
  66.55963      1.40376   11.71099    0.11220      49208
  66.56962      1.40357   11.69354    0.10764      49608
  66.57962      1.40338   11.66593    0.10934      49234
  66.58962      1.40320   11.65212    0.10663      49409
  66.59962      1.40301   11.62712    0.11233      49442
  66.60962      1.40282   11.61065    0.10397      49643
  66.61962      1.40264   11.58376    0.09876      49212
  66.62961      1.40245   11.56361    0.10700      48977
  66.63961      1.40227   11.54124    0.10883      49021
  66.64961      1.40208   11.52614    0.09435      49419
  66.65961      1.40189   11.50377    0.10086      48960
  66.66961      1.40171   11.49623    0.10869      49285
  66.67961      1.40152   11.47129    0.10638      49608
  66.68960      1.40134   11.46008    0.10661      49470
  66.69960      1.40115   11.43283    0.10663      49068
  66.70960      1.40096   11.42769    0.10980      49726
  66.71960      1.40078   11.40496    0.10561      49614
  66.72960      1.40059   11.38641    0.11257      49176
  66.73960      1.40041   11.36897    0.10309      49377
  66.74959      1.40022   11.36197    0.10245      49772
  66.75959      1.40004   11.34054    0.09731      49441
  66.76959      1.39985   11.31690    0.10563      48843
  66.77959      1.39967   11.31456    0.11090      49122
  66.78959      1.39948   11.29938    0.09244      49583
  66.79958      1.39930   11.28265    0.10211      49477
  66.80958      1.39911   11.26463    0.10810      48907
  66.81958      1.39893   11.26694    0.10316      49726
  66.82958      1.39874   11.24442    0.10158      49625
  66.83958      1.39856   11.23754    0.11531      49352
  66.84958      1.39837   11.22084    0.10555      49415
  66.85957      1.39819   11.21629    0.10419      49608
  66.86957      1.39800   11.19917    0.11052      49726
  66.87957      1.39782   11.18643    0.10699      49113
  66.88957      1.39763   11.17983    0.09703      49696
  66.89957      1.39745   11.16962    0.10409      49432
  66.90957      1.39726   11.15440    0.10069      49265
  66.91956      1.39708   11.14163    0.10537      48740
  66.92956      1.39689   11.13995    0.09538      49721
  66.93956      1.39671   11.12664    0.10029      49619
  66.94956      1.39652   11.12124    0.10979      49323
  66.95956      1.39634   11.11165    0.10157      49405
  66.96956      1.39616   11.10516    0.10623      49778
  66.97955      1.39597   11.09240    0.10897      49669
  66.98955      1.39579   11.08399    0.10162      49338
  66.99955      1.39560   11.07699    0.10798      49662
  67.00955      1.39542   11.07087    0.10842      49711
  67.01955      1.39524   11.05952    0.09943      49578
  67.02955      1.39505   11.05183    0.09843      49376
  67.03954      1.39487   11.03936    0.10463      49426
  67.04954      1.39469   11.04041    0.10513      49334
  67.05954      1.39450   11.02291    0.10037      49216
  67.06954      1.39432   11.02207    0.09683      49455
  67.07954      1.39413   11.01717    0.10203      49635
  67.08954      1.39395   11.01370    0.10533      49762
  67.09953      1.39377   11.00422    0.10514      49481
  67.10953      1.39358   10.99867    0.10416      49433
  67.11953      1.39340   10.99295    0.10918      49799
  67.12953      1.39322   10.98575    0.10219      49648
  67.13953      1.39303   10.97605    0.10349      49712
  67.14952      1.39285   10.97020    0.11131      49616
  67.15952      1.39267   10.96885    0.09455      49798
  67.16952      1.39249   10.95092    0.10314      49180
  67.17952      1.39230   10.95456    0.09826      49672
  67.18952      1.39212   10.93232    0.10370      49220
  67.19952      1.39194   10.94833    0.10273      49480
  67.20951      1.39175   10.93379    0.09678      49603
  67.21951      1.39157   10.92982    0.10234      49650
  67.22951      1.39139   10.92237    0.10385      49558
  67.23951      1.39121   10.92295    0.10263      49484
  67.24951      1.39102   10.92015    0.10468      49934
  67.25951      1.39084   10.91480    0.10937      49693
  67.26950      1.39066   10.90250    0.10483      49707
  67.27950      1.39048   10.90431    0.10559      49774
  67.28950      1.39029   10.89839    0.09924      50033
  67.29950      1.39011   10.89597    0.09954      49486
  67.30950      1.38993   10.88548    0.10177      49435
  67.31950      1.38975   10.88722    0.10850      49646
  67.32949      1.38957   10.87896    0.09693      49489
  67.33949      1.38938   10.87805    0.10225      49155
  67.34949      1.38920   10.87822    0.09456      49703
  67.35949      1.38902   10.87904    0.10654      49855
  67.36949      1.38884   10.87475    0.10465      49957
  67.37949      1.38866   10.86293    0.10316      49334
  67.38948      1.38847   10.86713    0.10740      49855
  67.39948      1.38829   10.87811    0.10356      49988
  67.40948      1.38811   10.86715    0.10390      49912
  67.41948      1.38793   10.85863    0.10491      49472
  67.42948      1.38775   10.86497    0.09738      49999
  67.43948      1.38757   10.85994    0.10047      49761
  67.44947      1.38738   10.85755    0.09985      49596
  67.45947      1.38720   10.84519    0.10525      49363
  67.46947      1.38702   10.85405    0.10587      49616
  67.47947      1.38684   10.85913    0.09397      49862
  67.48947      1.38666   10.85168    0.10382      49694
  67.49947      1.38648   10.84764    0.09840      49394
  67.50946      1.38630   10.86648    0.11024      50093
  67.51946      1.38612   10.85262    0.10266      49899
  67.52946      1.38594   10.84935    0.10520      49675
  67.53946      1.38576   10.85524    0.10433      49761
  67.54946      1.38557   10.85893    0.11231      50091
  67.55945      1.38539   10.85647    0.09583      49952
  67.56945      1.38521   10.84285    0.09681      49545
  67.57945      1.38503   10.85008    0.10680      49747
  67.58945      1.38485   10.85333    0.09933      49763
  67.59945      1.38467   10.85550    0.10422      49693
  67.60945      1.38449   10.84634    0.10936      49291
  67.61944      1.38431   10.86099    0.09257      49965
  67.62944      1.38413   10.86556    0.10510      49961
  67.63944      1.38395   10.85678    0.10257      49677
  67.64944      1.38377   10.85360    0.10315      49861
  67.65944      1.38359   10.86108    0.10698      50002
  67.66944      1.38341   10.87226    0.10614      50122
  67.67943      1.38323   10.86282    0.11003      49631
  67.68943      1.38305   10.87215    0.09884      49986
  67.69943      1.38287   10.88332    0.09784      50133
  67.70943      1.38269   10.87522    0.10236      49731
  67.71943      1.38251   10.87738    0.10168      49708
  67.72943      1.38233   10.88056    0.10262      49700
  67.73942      1.38215   10.88674    0.10374      49860
  67.74942      1.38197   10.89740    0.10525      49715
  67.75942      1.38179   10.89754    0.09304      49835
  67.76942      1.38161   10.90064    0.11132      49632
  67.77942      1.38143   10.91395    0.10226      50165
  67.78942      1.38125   10.91343    0.10153      49811
  67.79941      1.38107   10.92199    0.11233      50208
  67.80941      1.38089   10.91799    0.10326      49823
  67.81941      1.38071   10.93498    0.10429      50238
  67.82941      1.38054   10.93329    0.10047      49844
  67.83941      1.38036   10.94083    0.09927      50102
  67.84941      1.38018   10.93872    0.09865      49633
  67.85940      1.38000   10.95436    0.10868      49972
  67.86940      1.37982   10.95824    0.10446      49979
  67.87940      1.37964   10.95965    0.10184      49808
  67.88940      1.37946   10.96645    0.09871      49663
  67.89940      1.37928   10.97762    0.10203      49898
  67.90940      1.37910   10.98519    0.10164      50152
  67.91939      1.37893   10.98903    0.10802      50147
  67.92939      1.37875   10.99788    0.10368      49746
  67.93939      1.37857   11.00231    0.10868      50130
  67.94939      1.37839   11.01018    0.10709      50288
  67.95939      1.37821   11.02080    0.09867      50150
  67.96938      1.37803   11.02529    0.10196      49984
  67.97938      1.37785   11.03022    0.09995      49639
  67.98938      1.37768   11.03966    0.10739      50230
  67.99938      1.37750   11.04983    0.10472      49992
  68.00938      1.37732   11.05902    0.10362      49599
  68.01938      1.37714   11.06566    0.11215      49736
  68.02937      1.37696   11.07723    0.09514      50357
  68.03937      1.37679   11.08464    0.10404      50071
  68.04937      1.37661   11.09949    0.10077      49766
  68.05937      1.37643   11.11005    0.11082      50343
  68.06937      1.37625   11.12134    0.10877      50173
  68.07937      1.37607   11.12396    0.10509      50224
  68.08936      1.37590   11.13391    0.11063      49756
  68.09936      1.37572   11.15570    0.09636      50518
  68.10936      1.37554   11.15945    0.09815      50024
  68.11936      1.37536   11.16869    0.10766      49739
  68.12936      1.37519   11.17953    0.10486      49735
  68.13936      1.37501   11.20061    0.10229      50386
  68.14935      1.37483   11.21133    0.11373      50128
  68.15935      1.37465   11.22553    0.10018      49954
  68.16935      1.37448   11.23634    0.10195      49748
  68.17935      1.37430   11.25652    0.10432      50457
  68.18935      1.37412   11.27166    0.10836      50246
  68.19935      1.37395   11.28554    0.10956      50190
  68.20934      1.37377   11.29527    0.10717      49980
  68.21934      1.37359   11.31725    0.10475      50398
  68.22934      1.37341   11.33575    0.10217      50431
  68.23934      1.37324   11.34233    0.09953      49700
  68.24934      1.37306   11.36812    0.10552      49967
  68.25934      1.37288   11.38106    0.10444      50392
  68.26933      1.37271   11.40443    0.11104      50263
  68.27933      1.37253   11.41939    0.10660      49889
  68.28933      1.37235   11.43571    0.10947      49831
  68.29933      1.37218   11.46018    0.10007      50431
  68.30933      1.37200   11.48549    0.10434      50413
  68.31933      1.37182   11.49917    0.10921      49895
  68.32932      1.37165   11.52318    0.10687      50269
  68.33932      1.37147   11.54514    0.10930      50427
  68.34932      1.37130   11.56338    0.11080      50362
  68.35932      1.37112   11.59145    0.10156      50147
  68.36932      1.37094   11.60933    0.10308      50317
  68.37931      1.37077   11.62939    0.10420      49980
  68.38931      1.37059   11.65690    0.10671      50227
  68.39931      1.37042   11.68246    0.10513      50326
  68.40931      1.37024   11.70690    0.11302      50190
  68.41931      1.37006   11.73389    0.10907      49802
  68.42931      1.36989   11.75835    0.11139      50268
  68.43930      1.36971   11.78902    0.09892      50507
  68.44930      1.36954   11.81894    0.11060      50294
  68.45930      1.36936   11.84824    0.11256      50139
  68.46930      1.36919   11.87938    0.10583      50261
  68.47930      1.36901   11.91281    0.11320      50681
  68.48930      1.36883   11.94250    0.11010      50343
  68.49929      1.36866   11.97002    0.09823      50240
  68.50929      1.36848   12.00876    0.10910      49963
  68.51929      1.36831   12.05110    0.10990      50412
  68.52929      1.36813   12.08178    0.10691      50444
  68.53929      1.36796   12.12089    0.11360      49976
  68.54929      1.36778   12.16653    0.11672      50428
  68.55928      1.36761   12.20357    0.11009      50362
  68.56928      1.36743   12.24199    0.10454      50236
  68.57928      1.36726   12.28781    0.10955      50103
  68.58928      1.36708   12.33993    0.11014      50503
  68.59928      1.36691   12.37947    0.11156      50473
  68.60928      1.36673   12.43145    0.12029      50664
  68.61927      1.36656   12.47050    0.10956      50039
  68.62927      1.36638   12.52976    0.10097      50614
  68.63927      1.36621   12.57375    0.11291      50415
  68.64927      1.36603   12.62771    0.10815      50332
  68.65927      1.36586   12.67447    0.10856      49803
  68.66927      1.36569   12.73557    0.11764      50661
  68.67926      1.36551   12.79220    0.11503      50827
  68.68926      1.36534   12.84684    0.11624      50082
  68.69926      1.36516   12.89822    0.11613      49828
  68.70926      1.36499   12.96328    0.10631      50742
  68.71926      1.36481   13.02778    0.11117      50678
  68.72926      1.36464   13.08564    0.11888      50481
  68.73925      1.36447   13.14199    0.11461      50210
  68.74925      1.36429   13.20965    0.11819      50591
  68.75925      1.36412   13.27596    0.10666      50663
  68.76925      1.36394   13.33276    0.11160      50349
  68.77925      1.36377   13.39748    0.11646      50159
  68.78924      1.36360   13.46714    0.10752      50496
  68.79924      1.36342   13.53812    0.12714      50504
  68.80924      1.36325   13.61025    0.11701      50658
  68.81924      1.36307   13.67512    0.11605      50301
  68.82924      1.36290   13.74067    0.12950      50090
  68.83924      1.36273   13.83488    0.11133      50679
  68.84923      1.36255   13.90601    0.11132      50707
  68.85923      1.36238   13.97333    0.12323      50417
  68.86923      1.36221   14.05092    0.12224      50534
  68.87923      1.36203   14.13663    0.11622      50694
  68.88923      1.36186   14.22026    0.11563      50736
  68.89923      1.36169   14.28742    0.11362      50135
  68.90922      1.36151   14.37363    0.11487      50503
  68.91922      1.36134   14.46605    0.12507      50542
  68.92922      1.36117   14.55106    0.11876      50544
  68.93922      1.36099   14.64354    0.12726      50554
  68.94922      1.36082   14.72204    0.11850      50681
  68.95922      1.36065   14.81310    0.12783      50242
  68.96921      1.36048   14.92110    0.12442      50633
  68.97921      1.36030   15.00777    0.11315      50628
  68.98921      1.36013   15.10543    0.12371      50680
  68.99921      1.35996   15.20221    0.12814      50415
  69.00921      1.35979   15.30771    0.12460      50840
  69.01921      1.35961   15.39981    0.11799      50656
  69.02920      1.35944   15.51346    0.11756      50671
  69.03920      1.35927   15.60429    0.11888      50331
  69.04920      1.35910   15.71640    0.13076      50482
  69.05920      1.35892   15.83840    0.12751      50642
  69.06920      1.35875   15.93439    0.12594      50917
  69.07920      1.35858   16.04921    0.13542      50327
  69.08919      1.35841   16.17181    0.12346      50741
  69.09919      1.35823   16.27648    0.13285      50445
  69.10919      1.35806   16.40247    0.12216      50848
  69.11919      1.35789   16.52323    0.12382      50592
  69.12919      1.35772   16.63736    0.13407      50586
  69.13918      1.35755   16.76780    0.13211      50848
  69.14918      1.35737   16.89287    0.12303      51066
  69.15918      1.35720   17.00830    0.12573      50555
  69.16918      1.35703   17.11998    0.13091      50081
  69.17918      1.35686   17.26875    0.12474      50761
  69.18918      1.35669   17.39349    0.14336      50946
  69.19917      1.35652   17.51862    0.12898      50800
  69.20917      1.35634   17.64217    0.13928      50444
  69.21917      1.35617   17.78118    0.14031      50859
  69.22917      1.35600   17.91088    0.13310      50708
  69.23917      1.35583   18.03340    0.12910      50849
  69.24917      1.35566   18.16438    0.13294      50190
  69.25916      1.35549   18.30839    0.13091      51022
  69.26916      1.35532   18.43211    0.13922      51055
  69.27916      1.35514   18.57834    0.12771      50959
  69.28916      1.35497   18.68624    0.13111      50547
  69.29916      1.35480   18.82637    0.13341      50303
  69.30916      1.35463   18.96297    0.13803      51025
  69.31915      1.35446   19.09724    0.13157      50919
  69.32915      1.35429   19.21460    0.15010      50562
  69.33915      1.35412   19.35470    0.14215      50706
  69.34915      1.35395   19.48991    0.14088      51070
  69.35915      1.35378   19.62359    0.14564      50746
  69.36915      1.35361   19.73917    0.14306      50702
  69.37914      1.35344   19.87721    0.13059      50395
  69.38914      1.35327   20.00216    0.14101      51349
  69.39914      1.35310   20.12910    0.14621      50977
  69.40914      1.35292   20.27702    0.13295      50905
  69.41914      1.35275   20.37068    0.13360      50671
  69.42914      1.35258   20.48739    0.14298      50679
  69.43913      1.35241   20.62966    0.14132      50848
  69.44913      1.35224   20.74063    0.14700      50834
  69.45913      1.35207   20.85417    0.14367      50866
  69.46913      1.35190   20.97377    0.15401      50912
  69.47913      1.35173   21.09477    0.14464      50933
  69.48913      1.35156   21.19822    0.14635      51033
  69.49912      1.35139   21.30729    0.15444      50546
  69.50912      1.35122   21.41043    0.13195      50639
  69.51912      1.35105   21.50548    0.14899      51317
  69.52912      1.35088   21.62713    0.14608      51035
  69.53912      1.35071   21.71199    0.14085      50960
  69.54911      1.35054   21.80429    0.13771      50857
  69.55911      1.35037   21.88101    0.14572      50725
  69.56911      1.35020   21.98209    0.14530      50940
  69.57911      1.35003   22.05589    0.14477      50861
  69.58911      1.34987   22.14225    0.15186      51159
  69.59911      1.34970   22.22291    0.15155      50699
  69.60910      1.34953   22.28338    0.15797      51349
  69.61910      1.34936   22.35117    0.15540      50876
  69.62910      1.34919   22.41452    0.14510      50873
  69.63910      1.34902   22.48286    0.14425      50890
  69.64910      1.34885   22.54536    0.14609      51054
  69.65910      1.34868   22.57087    0.15426      50832
  69.66909      1.34851   22.64072    0.13817      51458
  69.67909      1.34834   22.68731    0.14427      50924
  69.68909      1.34817   22.69788    0.14320      50541
  69.69909      1.34800   22.74059    0.14833      50814
  69.70909      1.34784   22.79362    0.15697      51336
  69.71909      1.34767   22.80193    0.15025      51240
  69.72908      1.34750   22.81767    0.15210      50661
  69.73908      1.34733   22.84520    0.16479      51095
  69.74908      1.34716   22.86428    0.14495      51574
  69.75908      1.34699   22.84350    0.15996      50863
  69.76908      1.34682   22.86684    0.14491      50894
  69.77908      1.34665   22.85290    0.14094      50837
  69.78907      1.34649   22.86253    0.14855      51277
  69.79907      1.34632   22.83923    0.15142      51422
  69.80907      1.34615   22.83544    0.13761      50932
  69.81907      1.34598   22.78690    0.14765      50319
  69.82907      1.34581   22.77399    0.14956      51480
  69.83907      1.34564   22.75394    0.15201      51371
  69.84906      1.34548   22.70503    0.14905      51233
  69.85906      1.34531   22.66435    0.15883      50801
  69.86906      1.34514   22.62479    0.14671      51116
  69.87906      1.34497   22.57663    0.16258      51566
  69.88906      1.34480   22.52013    0.14844      51041
  69.89906      1.34464   22.47237    0.15129      51050
  69.90905      1.34447   22.39719    0.13804      50872
  69.91905      1.34430   22.34684    0.15421      51397
  69.92905      1.34413   22.26424    0.13173      51395
  69.93905      1.34397   22.18430    0.14572      50957
  69.94905      1.34380   22.09524    0.14794      50850
  69.95904      1.34363   22.01988    0.14318      51168
  69.96904      1.34346   21.96311    0.15134      51238
  69.97904      1.34329   21.85263    0.14977      51384
  69.98904      1.34313   21.76665    0.14394      51052
  69.99904      1.34296   21.66156    0.16179      51310
  70.00904      1.34279   21.59198    0.15246      51481
  70.01903      1.34263   21.47996    0.14468      51330
  70.02903      1.34246   21.36942    0.15499      50814
  70.03903      1.34229   21.26958    0.13216      51417
  70.04903      1.34212   21.17070    0.14533      51259
  70.05903      1.34196   21.06330    0.13142      51469
  70.06903      1.34179   20.92921    0.13714      50752
  70.07902      1.34162   20.84386    0.14385      51383
  70.08902      1.34146   20.71041    0.14373      51050
  70.09902      1.34129   20.61950    0.14411      51444
  70.10902      1.34112   20.50156    0.14365      51229
  70.11902      1.34096   20.37913    0.15139      51454
  70.12902      1.34079   20.26348    0.14085      51483
  70.13901      1.34062   20.13342    0.15552      51205
  70.14901      1.34046   20.02825    0.14039      51295
  70.15901      1.34029   19.89886    0.14464      51184
  70.16901      1.34012   19.78541    0.13580      51604
  70.17901      1.33996   19.64805    0.13211      51143
  70.18901      1.33979   19.54930    0.12952      51494
  70.19900      1.33962   19.39722    0.13316      50933
  70.20900      1.33946   19.29052    0.13874      51445
  70.21900      1.33929   19.15671    0.13909      51284
  70.22900      1.33912   19.02691    0.13677      51250
  70.23900      1.33896   18.92041    0.14154      51350
  70.24900      1.33879   18.78056    0.13949      51802
  70.25899      1.33863   18.66781    0.14066      51421
  70.26899      1.33846   18.52922    0.14375      51433
  70.27899      1.33829   18.41476    0.14409      51206
  70.28899      1.33813   18.28497    0.13469      51442
  70.29899      1.33796   18.16627    0.13369      51549
  70.30899      1.33780   18.04349    0.12271      51377
  70.31898      1.33763   17.90751    0.12851      51289
  70.32898      1.33747   17.79339    0.12671      51179
  70.33898      1.33730   17.67028    0.13340      51598
  70.34898      1.33713   17.54897    0.13209      51352
  70.35898      1.33697   17.43098    0.13193      51385
  70.36897      1.33680   17.30724    0.13818      51366
  70.37897      1.33664   17.20377    0.13687      51879
  70.38897      1.33647   17.08825    0.13135      51522
  70.39897      1.33631   16.96373    0.13774      51732
  70.40897      1.33614   16.85893    0.13357      50935
  70.41897      1.33598   16.74030    0.13299      51681
  70.42896      1.33581   16.64024    0.12131      51621
  70.43896      1.33565   16.52409    0.11862      51560
  70.44896      1.33548   16.41426    0.12282      51025
  70.45896      1.33532   16.29945    0.12173      51404
  70.46896      1.33515   16.22150    0.13127      51721
  70.47896      1.33499   16.09692    0.12832      51716
  70.48895      1.33482   16.01020    0.12762      51337
  70.49895      1.33466   15.90623    0.13173      51417
  70.50895      1.33449   15.81059    0.12648      51724
  70.51895      1.33433   15.72450    0.13509      51835
  70.52895      1.33416   15.60673    0.12814      51697
  70.53895      1.33400   15.52091    0.12996      51580
  70.54894      1.33383   15.42984    0.12771      51166
  70.55894      1.33367   15.34075    0.11584      51877
  70.56894      1.33350   15.24393    0.11134      51833
  70.57894      1.33334   15.15947    0.12061      50972
  70.58894      1.33318   15.05935    0.11835      51649
  70.59894      1.33301   14.99179    0.12761      51452
  70.60893      1.33285   14.90565    0.12149      51730
  70.61893      1.33268   14.81923    0.12533      51478
  70.62893      1.33252   14.73173    0.12573      51987
  70.63893      1.33236   14.66345    0.12559      51630
  70.64893      1.33219   14.56797    0.12579      51917
  70.65893      1.33203   14.50104    0.12383      51648
  70.66892      1.33186   14.41774    0.12251      51738
  70.67892      1.33170   14.33590    0.12433      51562
  70.68892      1.33154   14.26538    0.11178      51473
  70.69892      1.33137   14.19870    0.10890      51872
  70.70892      1.33121   14.12169    0.11260      51140
  70.71891      1.33104   14.04605    0.12052      51913
  70.72891      1.33088   13.98591    0.11707      51760
  70.73891      1.33072   13.90247    0.12208      51405
  70.74891      1.33055   13.84542    0.12020      51791
  70.75891      1.33039   13.78003    0.12062      52054
  70.76891      1.33023   13.71866    0.12039      51950
  70.77890      1.33006   13.65235    0.12508      51857
  70.78890      1.32990   13.58316    0.11681      51511
  70.79890      1.32974   13.53515    0.12286      51925
  70.80890      1.32957   13.47912    0.12080      51636
  70.81890      1.32941   13.40681    0.10170      52005
  70.82890      1.32925   13.35585    0.10957      51468
  70.83889      1.32908   13.29118    0.11333      51218
  70.84889      1.32892   13.26234    0.11307      51890
  70.85889      1.32876   13.19162    0.11474      52087
  70.86889      1.32860   13.14505    0.11749      51814
  70.87889      1.32843   13.10485    0.12289      51655
  70.88889      1.32827   13.05175    0.11607      51781
  70.89888      1.32811   13.01275    0.11825      52238
  70.90888      1.32794   12.95790    0.11847      52104
  70.91888      1.32778   12.92554    0.11711      51875
  70.92888      1.32762   12.87649    0.11923      51337
  70.93888      1.32746   12.83762    0.11577      51847
  70.94888      1.32729   12.80190    0.09890      52172
  70.95887      1.32713   12.75058    0.10722      51632
  70.96887      1.32697   12.71781    0.10837      51529
  70.97887      1.32681   12.68136    0.11517      51655
  70.98887      1.32664   12.64751    0.11415      52266
  70.99887      1.32648   12.61835    0.11473      52019
  71.00887      1.32632   12.58824    0.11365      51980
  71.01886      1.32616   12.54772    0.11966      51845
  71.02886      1.32599   12.51708    0.11638      51886
  71.03886      1.32583   12.49315    0.11521      52337
  71.04886      1.32567   12.45978    0.11387      52094
  71.05886      1.32551   12.43475    0.11352      51698
  71.06886      1.32535   12.39225    0.11078      51807
  71.07885      1.32518   12.36974    0.09855      51971
  71.08885      1.32502   12.34366    0.10648      51740
  71.09885      1.32486   12.31829    0.10908      51806
  71.10885      1.32470   12.29640    0.11213      51936
  71.11885      1.32454   12.27009    0.11025      51977
  71.12884      1.32438   12.24475    0.11757      52104
  71.13884      1.32421   12.23146    0.11618      52171
  71.14884      1.32405   12.20713    0.11380      51874
  71.15884      1.32389   12.18191    0.11387      52417
  71.16884      1.32373   12.16255    0.11491      51998
  71.17884      1.32357   12.14103    0.11104      52094
  71.18883      1.32341   12.12366    0.12130      52093
  71.19883      1.32325   12.10454    0.10368      51920
  71.20883      1.32308   12.08425    0.09699      51839
  71.21883      1.32292   12.06251    0.10579      51810
  71.22883      1.32276   12.05314    0.10615      51954
  71.23883      1.32260   12.04772    0.11701      51935
  71.24882      1.32244   12.02983    0.11100      52346
  71.25882      1.32228   12.01864    0.11421      52291
  71.26882      1.32212   12.00811    0.11446      51939
  71.27882      1.32196   11.99345    0.11002      52125
  71.28882      1.32180   11.98445    0.11816      52283
  71.29882      1.32164   11.98155    0.11082      52420
  71.30881      1.32148   11.96749    0.11102      52309
  71.31881      1.32131   11.95950    0.11305      51905
  71.32881      1.32115   11.95122    0.10362      51667
  71.33881      1.32099   11.94899    0.09692      52077
  71.34881      1.32083   11.93798    0.10744      52296
  71.35881      1.32067   11.93741    0.10824      52206
  71.36880      1.32051   11.93054    0.11818      51732
  71.37880      1.32035   11.92717    0.10499      52247
  71.38880      1.32019   11.92452    0.11872      52455
  71.39880      1.32003   11.92660    0.10901      52466
  71.40880      1.31987   11.92738    0.11785      52235
  71.41880      1.31971   11.91612    0.11481      51819
  71.42879      1.31955   11.92004    0.10864      52582
  71.43879      1.31939   11.92561    0.11639      52556
  71.44879      1.31923   11.92867    0.10100      52128
  71.45879      1.31907   11.92012    0.10537      51870
  71.46879      1.31891   11.91300    0.10198      51786
  71.47879      1.31875   11.92628    0.10616      52244
  71.48878      1.31859   11.93351    0.11579      52339
  71.49878      1.31843   11.93131    0.10825      52420
  71.50878      1.31827   11.93573    0.11688      52203
  71.51878      1.31811   11.94144    0.11093      52270
  71.52878      1.31795   11.94681    0.11214      52377
  71.53877      1.31779   11.95222    0.11791      52594
  71.54877      1.31763   11.95754    0.11455      52475
  71.55877      1.31747   11.96684    0.11134      52199
  71.56877      1.31731   11.97564    0.11439      52456
  71.57877      1.31715   11.98097    0.09932      52147
  71.58877      1.31699   11.98505    0.10350      52136
  71.59876      1.31683   11.99800    0.10452      52150
  71.60876      1.31668   12.00373    0.11096      52108
  71.61876      1.31652   12.02085    0.10715      52463
  71.62876      1.31636   12.02887    0.11614      52375
  71.63876      1.31620   12.04835    0.11530      52645
  71.64876      1.31604   12.05979    0.11452      52237
  71.65875      1.31588   12.07946    0.11462      52675
  71.66875      1.31572   12.09101    0.11218      52508
  71.67875      1.31556   12.10632    0.11795      52329
  71.68875      1.31540   12.12829    0.11159      52666
  71.69875      1.31524   12.14778    0.10924      52501
  71.70875      1.31509   12.16556    0.10433      51955
  71.71874      1.31493   12.17506    0.10274      52251
  71.72874      1.31477   12.20269    0.10675      52135
  71.73874      1.31461   12.23159    0.11203      52363
  71.74874      1.31445   12.26252    0.11636      52671
  71.75874      1.31429   12.28680    0.11061      52600
  71.76874      1.31413   12.30838    0.11705      52742
  71.77873      1.31397   12.32952    0.11552      52238
  71.78873      1.31382   12.36719    0.11262      52460
  71.79873      1.31366   12.39885    0.12384      52880
  71.80873      1.31350   12.43188    0.11254      52837
  71.81873      1.31334   12.45945    0.10846      52555
  71.82873      1.31318   12.47702    0.11019      52091
  71.83872      1.31303   12.51260    0.10821      51927
  71.84872      1.31287   12.55233    0.10681      52553
  71.85872      1.31271   12.58570    0.10707      52783
  71.86872      1.31255   12.62004    0.11586      52538
  71.87872      1.31239   12.65471    0.11618      52185
  71.88872      1.31223   12.69141    0.11735      52639
  71.89871      1.31208   12.73568    0.11757      53016
  71.90871      1.31192   12.76484    0.11639      52782
  71.91871      1.31176   12.80300    0.11903      52624
  71.92871      1.31160   12.83972    0.11811      52345
  71.93871      1.31145   12.88440    0.11352      52773
  71.94870      1.31129   12.93460    0.11012      52990
  71.95870      1.31113   12.96099    0.11221      52029
  71.96870      1.31097   12.99693    0.11184      52439
  71.97870      1.31082   13.04970    0.10473      52223
  71.98870      1.31066   13.09438    0.11776      52712
  71.99870      1.31050   13.14871    0.11992      52985
  72.00869      1.31034   13.19601    0.11772      52692
  72.01869      1.31019   13.24574    0.12244      52781
  72.02869      1.31003   13.29621    0.11393      52539
  72.03869      1.30987   13.34782    0.13207      52679
  72.04869      1.30971   13.41239    0.11814      53017
  72.05869      1.30956   13.46853    0.12100      52911
  72.06868      1.30940   13.51642    0.11115      52740
  72.07868      1.30924   13.57397    0.11399      52595
  72.08868      1.30909   13.62965    0.11450      51991
  72.09868      1.30893   13.70391    0.11322      52780
  72.10868      1.30877   13.76821    0.11020      52798
  72.11868      1.30862   13.83543    0.12975      52473
  72.12867      1.30846   13.90704    0.11522      52993
  72.13867      1.30830   13.97836    0.13012      52941
  72.14867      1.30815   14.04613    0.11775      52803
  72.15867      1.30799   14.12377    0.12767      52914
  72.16867      1.30783   14.19691    0.12655      52754
  72.17867      1.30768   14.27535    0.12008      53118
  72.18866      1.30752   14.35237    0.12015      52997
  72.19866      1.30736   14.42798    0.11563      52578
  72.20866      1.30721   14.50724    0.12328      52317
  72.21866      1.30705   14.59452    0.11869      52514
  72.22866      1.30689   14.68035    0.11146      52937
  72.23866      1.30674   14.77023    0.12576      53001
  72.24865      1.30658   14.85509    0.12910      52781
  72.25865      1.30642   14.95171    0.12434      52749
  72.26865      1.30627   15.04384    0.12898      52834
  72.27865      1.30611   15.14137    0.12520      53280
  72.28865      1.30596   15.23217    0.13149      53212
  72.29865      1.30580   15.33733    0.13293      52908
  72.30864      1.30564   15.42847    0.12593      52577
  72.31864      1.30549   15.53313    0.11599      53052
  72.32864      1.30533   15.63690    0.12671      52916
  72.33864      1.30518   15.75008    0.12558      52573
  72.34864      1.30502   15.85344    0.12103      52711
  72.35863      1.30487   15.96400    0.12772      52613
  72.36863      1.30471   16.08757    0.12902      52965
  72.37863      1.30455   16.21253    0.12828      53394
  72.38863      1.30440   16.33158    0.13881      53129
  72.39863      1.30424   16.45099    0.12965      53036
  72.40863      1.30409   16.58846    0.14149      52822
  72.41862      1.30393   16.70926    0.13000      52997
  72.42862      1.30378   16.85149    0.14269      53342
  72.43862      1.30362   16.99058    0.12046      53261
  72.44862      1.30347   17.13085    0.12856      52763
  72.45862      1.30331   17.26124    0.13704      52542
  72.46862      1.30316   17.43401    0.13326      52650
  72.47861      1.30300   17.58196    0.12690      53111
  72.48861      1.30285   17.74839    0.13789      53244
  72.49861      1.30269   17.91459    0.13627      53160
  72.50861      1.30254   18.07378    0.13877      52847
  72.51861      1.30238   18.25146    0.14142      53203
  72.52861      1.30223   18.42345    0.13766      53221
  72.53860      1.30207   18.61433    0.14718      53269
  72.54860      1.30192   18.78953    0.14234      53266
  72.55860      1.30176   18.98888    0.13441      53036
  72.56860      1.30161   19.17967    0.13711      53023
  72.57860      1.30145   19.37719    0.13651      52864
  72.58860      1.30130   19.58226    0.15061      52884
  72.59859      1.30114   19.78768    0.13650      52991
  72.60859      1.30099   20.00126    0.14263      53046
  72.61859      1.30083   20.22692    0.14386      53315
  72.62859      1.30068   20.45059    0.14855      53364
  72.63859      1.30053   20.66216    0.15027      52986
  72.64859      1.30037   20.89997    0.14821      53376
  72.65858      1.30022   21.13283    0.15578      53195
  72.66858      1.30006   21.36845    0.15007      53413
  72.67858      1.29991   21.62527    0.14674      53488
  72.68858      1.29975   21.86674    0.14318      53070
  72.69858      1.29960   22.09842    0.15222      52922
  72.70857      1.29945   22.36248    0.14587      52963
  72.71857      1.29929   22.62098    0.16456      52913
  72.72857      1.29914   22.88998    0.14278      53476
  72.73857      1.29898   23.16273    0.15022      53395
  72.74857      1.29883   23.42743    0.16006      53017
  72.75857      1.29868   23.70200    0.16077      53097
  72.76856      1.29852   23.99170    0.16310      53611
  72.77856      1.29837   24.26097    0.16539      53579
  72.78856      1.29822   24.57655    0.16132      53616
  72.79856      1.29806   24.84286    0.15871      53313
  72.80856      1.29791   25.14018    0.15355      52782
  72.81856      1.29775   25.43776    0.15653      53233
  72.82855      1.29760   25.74400    0.17279      53511
  72.83855      1.29745   26.04226    0.16055      53094
  72.84855      1.29729   26.36585    0.16054      53257
  72.85855      1.29714   26.66620    0.15895      52961
  72.86855      1.29699   26.97797    0.17835      53363
  72.87855      1.29683   27.31688    0.16697      53782
  72.88854      1.29668   27.63021    0.17577      53558
  72.89854      1.29653   27.94686    0.17455      53652
  72.90854      1.29637   28.27000    0.17264      53250
  72.91854      1.29622   28.59227    0.17844      53217
  72.92854      1.29607   28.92077    0.15726      53719
  72.93854      1.29592   29.23825    0.16874      53210
  72.94853      1.29576   29.57327    0.17442      53464
  72.95853      1.29561   29.86582    0.17898      53129
  72.96853      1.29546   30.19800    0.18391      53089
  72.97853      1.29530   30.53058    0.16077      53211
  72.98853      1.29515   30.85652    0.18081      53926
  72.99853      1.29500   31.16998    0.18580      53683
  73.00852      1.29485   31.49531    0.17888      53464
  73.01852      1.29469   31.78516    0.18739      53561
  73.02852      1.29454   32.10530    0.18644      53603
  73.03852      1.29439   32.40609    0.19302      53421
  73.04852      1.29424   32.71642    0.16145      53783
  73.05852      1.29408   32.98581    0.18932      53259
  73.06851      1.29393   33.27114    0.17654      53243
  73.07851      1.29378   33.56360    0.19209      53766
  73.08851      1.29363   33.82775    0.18950      53203
  73.09851      1.29347   34.09038    0.17650      53373
  73.10851      1.29332   34.34643    0.18449      53671
  73.11850      1.29317   34.61966    0.18392      53471
  73.12850      1.29302   34.84598    0.19799      53841
  73.13850      1.29286   35.10150    0.19293      53743
  73.14850      1.29271   35.30653    0.19470      53821
  73.15850      1.29256   35.52587    0.19611      53476
  73.16850      1.29241   35.73485    0.16979      53516
  73.17849      1.29226   35.89931    0.18950      53545
  73.18849      1.29211   36.09693    0.18793      53758
  73.19849      1.29195   36.28065    0.19699      53702
  73.20849      1.29180   36.41210    0.19713      53298
  73.21849      1.29165   36.57611    0.19786      53143
  73.22849      1.29150   36.72613    0.17815      53908
  73.23848      1.29135   36.84776    0.19590      53900
  73.24848      1.29119   36.95000    0.19660      53976
  73.25848      1.29104   37.05366    0.19557      53704
  73.26848      1.29089   37.12968    0.20291      53725
  73.27848      1.29074   37.21848    0.19836      53460
  73.28848      1.29059   37.29821    0.17885      54001
  73.29847      1.29044   37.31943    0.18922      53656
  73.30847      1.29029   37.36762    0.19144      53767
  73.31847      1.29014   37.38623    0.20017      53466
  73.32847      1.28998   37.41262    0.19688      53603
  73.33847      1.28983   37.40817    0.19769      53390
  73.34847      1.28968   37.40135    0.18827      54028
  73.35846      1.28953   37.38711    0.18938      53995
  73.36846      1.28938   37.37482    0.19831      53904
  73.37846      1.28923   37.31107    0.19787      53625
  73.38846      1.28908   37.25664    0.20443      53788
  73.39846      1.28893   37.20166    0.19836      53968
  73.40846      1.28878   37.14360    0.17657      54096
  73.41845      1.28862   37.02281    0.19312      53694
  73.42845      1.28847   36.95826    0.18636      53609
  73.43845      1.28832   36.83992    0.20471      53741
  73.44845      1.28817   36.74258    0.19290      53871
  73.45845      1.28802   36.61029    0.20780      53586
  73.46845      1.28787   36.49647    0.18388      54090
  73.47844      1.28772   36.36328    0.19091      53908
  73.48844      1.28757   36.21179    0.19100      53758
  73.49844      1.28742   36.08258    0.19502      54144
  73.50844      1.28727   35.89970    0.19921      53966
  73.51844      1.28712   35.75791    0.19417      53947
  73.52843      1.28697   35.59661    0.17653      54201
  73.53843      1.28682   35.39429    0.18097      53482
  73.54843      1.28667   35.23583    0.19257      53960
  73.55843      1.28652   35.05144    0.18736      54019
  73.56843      1.28637   34.86472    0.20003      54059
  73.57843      1.28622   34.66661    0.19403      53626
  73.58842      1.28607   34.48225    0.18491      53788
  73.59842      1.28592   34.31464    0.18048      54041
  73.60842      1.28577   34.09153    0.18576      54276
  73.61842      1.28562   33.89979    0.19334      54178
  73.62842      1.28547   33.69294    0.19423      54105
  73.63842      1.28532   33.46655    0.19363      53915
  73.64841      1.28517   33.30319    0.16851      53852
  73.65841      1.28502   33.06167    0.17618      54009
  73.66841      1.28487   32.86763    0.18293      54000
  73.67841      1.28472   32.66538    0.19135      54251
  73.68841      1.28457   32.46449    0.18519      54143
  73.69841      1.28442   32.24433    0.18885      53723
  73.70840      1.28427   32.05589    0.19057      53629
  73.71840      1.28412   31.86560    0.16894      54492
  73.72840      1.28397   31.64698    0.18112      54307
  73.73840      1.28382   31.45985    0.18384      54323
  73.74840      1.28367   31.25153    0.18842      54165
  73.75840      1.28352   31.06711    0.17452      53851
  73.76839      1.28337   30.84603    0.17513      54173
  73.77839      1.28323   30.67238    0.16967      53967
  73.78839      1.28308   30.49648    0.18370      54140
  73.79839      1.28293   30.31474    0.17093      54342
  73.80839      1.28278   30.13212    0.18494      54336
  73.81839      1.28263   29.96237    0.18395      53844
  73.82838      1.28248   29.77177    0.18309      53822
  73.83838      1.28233   29.63314    0.16521      54471
  73.84838      1.28218   29.46644    0.17352      54420
  73.85838      1.28203   29.31890    0.17944      54464
  73.86838      1.28188   29.15861    0.18499      54018
  73.87838      1.28174   28.99748    0.16219      54377
  73.88837      1.28159   28.84875    0.17439      54183
  73.89837      1.28144   28.69918    0.16359      53981
  73.90837      1.28129   28.59261    0.17527      54328
  73.91837      1.28114   28.45615    0.17282      54279
  73.92837      1.28099   28.33716    0.17993      54216
  73.93836      1.28084   28.21939    0.17493      54434
  73.94836      1.28070   28.11497    0.17430      54191
  73.95836      1.28055   27.97842    0.16270      54163
  73.96836      1.28040   27.89860    0.17378      54515
  73.97836      1.28025   27.80725    0.17477      54307
  73.98836      1.28010   27.70575    0.17312      54453
  73.99835      1.27995   27.60363    0.16021      54629
  74.00835      1.27981   27.53122    0.16295      54318
  74.01835      1.27966   27.44268    0.17188      54046
  74.02835      1.27951   27.36088    0.17071      54000
  74.03835      1.27936   27.32457    0.17079      54366
  74.04835      1.27921   27.25889    0.17661      54622
  74.05834      1.27907   27.21064    0.16651      54599
  74.06834      1.27892   27.13461    0.17866      54391
  74.07834      1.27877   27.10418    0.16148      54426
  74.08834      1.27862   27.04367    0.16751      54095
  74.09834      1.27847   27.03484    0.16793      54355
  74.10834      1.27833   26.98764    0.17748      54732
  74.11833      1.27818   26.96720    0.15418      54947
  74.12833      1.27803   26.92309    0.16770      54365
  74.13833      1.27788   26.92453    0.16453      54227
  74.14833      1.27774   26.90099    0.16335      54172
  74.15833      1.27759   26.89351    0.17427      54307
  74.16833      1.27744   26.91209    0.17879      54857
  74.17832      1.27729   26.90676    0.16677      54811
  74.18832      1.27715   26.92204    0.18056      54206
  74.19832      1.27700   26.92448    0.16062      54639
  74.20832      1.27685   26.93160    0.16982      54375
  74.21832      1.27670   26.97048    0.16691      54528
  74.22832      1.27656   26.98820    0.17641      54688
  74.23831      1.27641   27.03688    0.15345      54845
  74.24831      1.27626   27.05896    0.16686      54452
  74.25831      1.27612   27.09139    0.16239      54533
  74.26831      1.27597   27.14212    0.17219      54207
  74.27831      1.27582   27.19957    0.17423      54734
  74.28831      1.27567   27.24603    0.17341      54512
  74.29830      1.27553   27.31170    0.17424      54889
  74.30830      1.27538   27.38126    0.17397      54518
  74.31830      1.27523   27.43527    0.16910      54794
  74.32830      1.27509   27.51297    0.16377      54461
  74.33830      1.27494   27.58532    0.17431      54712
  74.34829      1.27479   27.66206    0.16681      55034
  74.35829      1.27465   27.74165    0.16305      54546
  74.36829      1.27450   27.81675    0.16326      54428
  74.37829      1.27435   27.92038    0.17975      54635
  74.38829      1.27421   27.99791    0.16531      54557
  74.39829      1.27406   28.11131    0.17738      55053
  74.40828      1.27391   28.20295    0.17914      54851
  74.41828      1.27377   28.32290    0.17506      54843
  74.42828      1.27362   28.41798    0.17765      54426
  74.43828      1.27348   28.53157    0.16920      54650
  74.44828      1.27333   28.65175    0.17648      54711
  74.45828      1.27318   28.76199    0.17075      54893
  74.46827      1.27304   28.89899    0.16741      55256
  74.47827      1.27289   29.02365    0.16557      54729
  74.48827      1.27274   29.12356    0.17363      54501
  74.49827      1.27260   29.26597    0.17325      54378
  74.50827      1.27245   29.40054    0.18050      54812
  74.51827      1.27231   29.55437    0.18174      55153
  74.52826      1.27216   29.69101    0.18347      55004
  74.53826      1.27201   29.82358    0.17602      55119
  74.54826      1.27187   29.95667    0.19006      54759
  74.55826      1.27172   30.09467    0.17122      54481
  74.56826      1.27158   30.23997    0.17943      54599
  74.57826      1.27143   30.40234    0.17405      55247
  74.58825      1.27129   30.55569    0.16746      55183
  74.59825      1.27114   30.70527    0.17710      54742
  74.60825      1.27099   30.83949    0.17369      54887
  74.61825      1.27085   31.00140    0.18776      54726
  74.62825      1.27070   31.15670    0.18057      54755
  74.63825      1.27056   31.30681    0.18383      54936
  74.64824      1.27041   31.48617    0.18440      55297
  74.65824      1.27027   31.63793    0.18909      55278
  74.66824      1.27012   31.80224    0.19046      54881
  74.67824      1.26998   31.94758    0.18294      54925
  74.68824      1.26983   32.10530    0.17234      54700
  74.69823      1.26969   32.27509    0.18343      55102
  74.70823      1.26954   32.41387    0.17446      55062
  74.71823      1.26940   32.56644    0.17954      54819
  74.72823      1.26925   32.74572    0.17887      55033
  74.73823      1.26911   32.90805    0.19061      55046
  74.74823      1.26896   33.06892    0.19336      54987
  74.75822      1.26882   33.21787    0.18619      55226
  74.76822      1.26867   33.37261    0.20015      55257
  74.77822      1.26853   33.53108    0.19042      55088
  74.78822      1.26838   33.65822    0.19336      55030
  74.79822      1.26824   33.83714    0.19155      55031
  74.80822      1.26809   33.97095    0.17480      55021
  74.81821      1.26795   34.13566    0.17699      55421
  74.82821      1.26780   34.26547    0.18064      55050
  74.83821      1.26766   34.40459    0.18553      55013
  74.84821      1.26751   34.54888    0.18850      55071
  74.85821      1.26737   34.68840    0.19683      55005
  74.86821      1.26723   34.81866    0.19641      55015
  74.87820      1.26708   34.96207    0.19856      55447
  74.88820      1.26694   35.09715    0.19185      55506
  74.89820      1.26679   35.22647    0.20806      55451
  74.90820      1.26665   35.34135    0.19021      55059
  74.91820      1.26650   35.45661    0.19367      55045
  74.92820      1.26636   35.55599    0.18643      54924
  74.93819      1.26622   35.71051    0.17862      55335
  74.94819      1.26607   35.78525    0.18760      55028
  74.95819      1.26593   35.91390    0.19041      55414
  74.96819      1.26578   36.00641    0.19864      55296
  74.97819      1.26564   36.12362    0.19154      55484
  74.98819      1.26549   36.20371    0.20566      55157
  74.99818      1.26535   36.31337    0.19550      54951
  75.00818      1.26521   36.40973    0.20133      55507
  75.01818      1.26506   36.51878    0.19848      55707
  75.02818      1.26492   36.61519    0.20849      55318
  75.03818      1.26478   36.69349    0.18524      55413
  75.04818      1.26463   36.75902    0.18753      55428
  75.05817      1.26449   36.82922    0.17832      54802
  75.06817      1.26434   36.92105    0.19515      55249
  75.07817      1.26420   37.00701    0.19672      55258
  75.08817      1.26406   37.09473    0.20153      55514
  75.09817      1.26391   37.16804    0.20148      55697
  75.10816      1.26377   37.25381    0.20499      55456
  75.11816      1.26363   37.32076    0.20507      55375
  75.12816      1.26348   37.37417    0.20408      55503
  75.13816      1.26334   37.45312    0.20373      55767
  75.14816      1.26320   37.51626    0.20424      54951
  75.15816      1.26305   37.58228    0.18847      55599
  75.16815      1.26291   37.65208    0.18024      55614
  75.17815      1.26277   37.71745    0.19050      55132
  75.18815      1.26262   37.77403    0.19713      55161
  75.19815      1.26248   37.84639    0.20316      55740
  75.20815      1.26234   37.91327    0.20931      55614
  75.21815      1.26220   37.97204    0.19566      55561
  75.22814      1.26205   38.02947    0.21345      55358
  75.23814      1.26191   38.10342    0.19856      55798
  75.24814      1.26177   38.15533    0.21360      55439
  75.25814      1.26162   38.21890    0.20419      55783
  75.26814      1.26148   38.28769    0.21374      55510
  75.27814      1.26134   38.34649    0.17629      55686
  75.28813      1.26120   38.40012    0.19135      55518
  75.29813      1.26105   38.44124    0.19697      55368
  75.30813      1.26091   38.51139    0.20127      55223
  75.31813      1.26077   38.59543    0.20522      55525
  75.32813      1.26063   38.66685    0.19699      55879
  75.33813      1.26048   38.72138    0.21308      55918
  75.34812      1.26034   38.79914    0.20499      55797
  75.35812      1.26020   38.87053    0.20472      55927
  75.36812      1.26006   38.93363    0.21371      55666
  75.37812      1.25991   38.97989    0.21004      55504
  75.38812      1.25977   39.06022    0.21176      55117
  75.39812      1.25963   39.14289    0.17330      56085
  75.40811      1.25949   39.19316    0.19232      55478
  75.41811      1.25934   39.27012    0.20518      55768
  75.42811      1.25920   39.37616    0.20176      55834
  75.43811      1.25906   39.42763    0.21403      55817
  75.44811      1.25892   39.49583    0.20728      55482
  75.45811      1.25878   39.60791    0.20916      55881
  75.46810      1.25863   39.66263    0.21265      55671
  75.47810      1.25849   39.75593    0.20585      56032
  75.48810      1.25835   39.82854    0.21035      56059
  75.49810      1.25821   39.93170    0.21400      55749
  75.50810      1.25807   39.98969    0.19184      55858
  75.51809      1.25793   40.07072    0.18635      55326
  75.52809      1.25778   40.14011    0.20029      55756
  75.53809      1.25764   40.22281    0.20352      55793
  75.54809      1.25750   40.29566    0.21582      55755
  75.55809      1.25736   40.40560    0.20622      56075
  75.56809      1.25722   40.49397    0.22170      56120
  75.57808      1.25708   40.56820    0.20714      55777
  75.58808      1.25693   40.66112    0.21125      56059
  75.59808      1.25679   40.74129    0.21992      56014
  75.60808      1.25665   40.79787    0.21184      56084
  75.61808      1.25651   40.89589    0.20427      55840
  75.62808      1.25637   40.95412    0.18292      55816
  75.63807      1.25623   41.01045    0.19933      55513
  75.64807      1.25609   41.12320    0.20615      55669
  75.65807      1.25595   41.20991    0.20995      56024
  75.66807      1.25580   41.27001    0.21272      56145
  75.67807      1.25566   41.35484    0.21299      56256
  75.68807      1.25552   41.41159    0.21675      56137
  75.69806      1.25538   41.48679    0.21391      56225
  75.70806      1.25524   41.55331    0.22217      55939
  75.71806      1.25510   41.61661    0.21122      55621
  75.72806      1.25496   41.70283    0.22361      56325
  75.73806      1.25482   41.76719    0.19566      56029
  75.74806      1.25468   41.78484    0.18141      55955
  75.75805      1.25454   41.85353    0.21441      55933
  75.76805      1.25440   41.91293    0.20764      56112
  75.77805      1.25426   41.96422    0.21503      56180
  75.78805      1.25411   42.00795    0.21897      55691
  75.79805      1.25397   42.06106    0.21308      56071
  75.80805      1.25383   42.11680    0.20920      56297
  75.81804      1.25369   42.15188    0.22239      56478
  75.82804      1.25355   42.21199    0.21420      56356
  75.83804      1.25341   42.23280    0.22639      56460
  75.84804      1.25327   42.25106    0.19552      56113
  75.85804      1.25313   42.28638    0.20652      55528
  75.86804      1.25299   42.29088    0.19214      56130
  75.87803      1.25285   42.32636    0.20912      55944
  75.88803      1.25271   42.35731    0.21991      56138
  75.89803      1.25257   42.39306    0.21315      56515
  75.90803      1.25243   42.41132    0.21073      56478
  75.91803      1.25229   42.42590    0.21629      56385
  75.92802      1.25215   42.44174    0.21806      55926
  75.93802      1.25201   42.45845    0.22349      56594
  75.94802      1.25187   42.45225    0.21757      56390
  75.95802      1.25173   42.46840    0.21041      56481
  75.96802      1.25159   42.45046    0.19803      55951
  75.97802      1.25145   42.40028    0.19704      55803
  75.98801      1.25131   42.45881    0.20623      56331
  75.99801      1.25117   42.44650    0.21636      56177
  76.00801      1.25103   42.44495    0.21286      56472
  76.01801      1.25089   42.42264    0.21159      56415
  76.02801      1.25075   42.41776    0.21801      56580
  76.03801      1.25061   42.39220    0.22087      56555
  76.04800      1.25047   42.35881    0.21664      56565
  76.05800      1.25033   42.33639    0.21612      56210
  76.06800      1.25019   42.30652    0.22822      56461
  76.07800      1.25005   42.29369    0.19094      56465
  76.08800      1.24992   42.22770    0.20985      55798
  76.09800      1.24978   42.18835    0.19012      56522
  76.10799      1.24964   42.14559    0.21091      56505
  76.11799      1.24950   42.12034    0.22274      56587
  76.12799      1.24936   42.03385    0.20381      56651
  76.13799      1.24922   42.02790    0.22378      56429
  76.14799      1.24908   41.93048    0.21508      56035
  76.15799      1.24894   41.88347    0.21240      56673
  76.16798      1.24880   41.83983    0.21599      56758
  76.17798      1.24866   41.76576    0.22383      56835
  76.18798      1.24852   41.70555    0.19463      56836
  76.19798      1.24838   41.61244    0.20523      56021
  76.20798      1.24825   41.52059    0.19910      56322
  76.21798      1.24811   41.43978    0.20837      56107
  76.22797      1.24797   41.37892    0.20360      56662
  76.23797      1.24783   41.29381    0.21993      56658
  76.24797      1.24769   41.20555    0.21076      56521
  76.25797      1.24755   41.15136    0.20985      56871
  76.26797      1.24741   41.02039    0.21538      56841
  76.27797      1.24727   40.95364    0.21731      56868
  76.28796      1.24714   40.82835    0.21489      56718
  76.29796      1.24700   40.75003    0.19362      56634
  76.30796      1.24686   40.59277    0.20032      56491
  76.31796      1.24672   40.52432    0.20614      56265
  76.32796      1.24658   40.39026    0.19813      56516
  76.33795      1.24644   40.27848    0.20410      56625
  76.34795      1.24631   40.19590    0.20560      56817
  76.35795      1.24617   40.05608    0.22068      56946
  76.36795      1.24603   39.96518    0.20420      56718
  76.37795      1.24589   39.82705    0.21315      56673
  76.38795      1.24575   39.69600    0.21132      56962
  76.39794      1.24561   39.57062    0.21472      56997
  76.40794      1.24548   39.43241    0.19070      56983
  76.41794      1.24534   39.29726    0.19831      56827
  76.42794      1.24520   39.14658    0.20576      56074
  76.43794      1.24506   39.00953    0.19364      56433
  76.44794      1.24492   38.86938    0.19957      56508
  76.45793      1.24479   38.73151    0.20901      57170
  76.46793      1.24465   38.58743    0.20119      57018
  76.47793      1.24451   38.42788    0.21030      57106
  76.48793      1.24437   38.27730    0.20967      56959
  76.49793      1.24424   38.12736    0.20070      57122
  76.50793      1.24410   37.97963    0.20795      57045
  76.51792      1.24396   37.80128    0.19624      56784
  76.52792      1.24382   37.63478    0.19478      56641
  76.53792      1.24368   37.46956    0.19236      56568
  76.54792      1.24355   37.29313    0.19971      56677
  76.55792      1.24341   37.14041    0.19506      57053
  76.56792      1.24327   36.97796    0.19011      57138
  76.57791      1.24314   36.79085    0.20247      57020
  76.58791      1.24300   36.62624    0.20120      57211
  76.59791      1.24286   36.43125    0.19713      56930
  76.60791      1.24272   36.26514    0.21094      56882
  76.61791      1.24259   36.08958    0.19283      57154
  76.62791      1.24245   35.88668    0.20140      56988
  76.63790      1.24231   35.71030    0.18147      57248
  76.64790      1.24217   35.49537    0.19332      56704
  76.65790      1.24204   35.33396    0.19577      56832
  76.66790      1.24190   35.14013    0.18619      57191
  76.67790      1.24176   34.94820    0.19073      56888
  76.68789      1.24163   34.76315    0.19148      56914
  76.69789      1.24149   34.55947    0.19576      57380
  76.70789      1.24135   34.36155    0.19236      57241
  76.71789      1.24122   34.16544    0.19670      57182
  76.72789      1.24108   33.96495    0.19990      57204
  76.73789      1.24094   33.77704    0.19999      57071
  76.74788      1.24081   33.57317    0.16888      57417
  76.75788      1.24067   33.34871    0.18662      56805
  76.76788      1.24053   33.15061    0.18562      56957
  76.77788      1.24040   32.95174    0.19764      56850
  76.78788      1.24026   32.74408    0.17773      57407
  76.79788      1.24012   32.54737    0.18147      57380
  76.80787      1.23999   32.32725    0.19613      57360
  76.81787      1.23985   32.12575    0.18705      57297
  76.82787      1.23971   31.93040    0.18439      57362
  76.83787      1.23958   31.71591    0.19731      57045
  76.84787      1.23944   31.50770    0.18722      57126
  76.85787      1.23930   31.31246    0.17035      57590
  76.86786      1.23917   31.06512    0.17763      57040
  76.87786      1.23903   30.87438    0.18436      57246
  76.88786      1.23889   30.65273    0.18296      57165
  76.89786      1.23876   30.45855    0.17401      57468
  76.90786      1.23862   30.24041    0.18169      57473
  76.91786      1.23849   30.02634    0.17642      57303
  76.92785      1.23835   29.81992    0.18288      57121
  76.93785      1.23821   29.59910    0.18527      57437
  76.94785      1.23808   29.38027    0.18034      57200
  76.95785      1.23794   29.18957    0.18320      57728
  76.96785      1.23781   28.96013    0.15749      57657
  76.97785      1.23767   28.73376    0.17366      57175
  76.98784      1.23754   28.51902    0.17756      57476
  76.99784      1.23740   28.32738    0.17930      57255
  77.00784      1.23726   28.11567    0.17217      57224
  77.01784      1.23713   27.88762    0.16671      57414
  77.02784      1.23699   27.69548    0.17534      57679
  77.03784      1.23686   27.47670    0.17322      57565
  77.04783      1.23672   27.26263    0.17751      57514
  77.05783      1.23659   27.06517    0.17641      57379
  77.06783      1.23645   26.86424    0.17193      57701
  77.07783      1.23631   26.66263    0.15556      57844
  77.08783      1.23618   26.44300    0.16202      57221
  77.09782      1.23604   26.25721    0.17292      57212
  77.10782      1.23591   26.05179    0.17129      57669
  77.11782      1.23577   25.86133    0.17327      57437
  77.12782      1.23564   25.67072    0.15964      57613
  77.13782      1.23550   25.47476    0.16710      57715
  77.14782      1.23537   25.27394    0.16514      57883
  77.15781      1.23523   25.09026    0.16773      57584
  77.16781      1.23510   24.90488    0.17410      57658
  77.17781      1.23496   24.71240    0.16724      57387
  77.18781      1.23483   24.55088    0.14099      57693
  77.19781      1.23469   24.33397    0.16012      57448
  77.20781      1.23456   24.16835    0.16496      57727
  77.21780      1.23442   23.98706    0.16593      57839
  77.22780      1.23429   23.81268    0.16665      57639
  77.23780      1.23415   23.64254    0.14968      57714
  77.24780      1.23402   23.46462    0.15801      57875
  77.25780      1.23388   23.28783    0.16566      57859
  77.26780      1.23375   23.11953    0.16121      57673
  77.27779      1.23361   22.95335    0.16635      57529
  77.28779      1.23348   22.77435    0.15854      57893
  77.29779      1.23334   22.61158    0.14003      57860
  77.30779      1.23321   22.43657    0.15475      57525
  77.31779      1.23308   22.27791    0.15811      57850
  77.32779      1.23294   22.12007    0.15657      57979
  77.33778      1.23281   21.96268    0.16196      57681
  77.34778      1.23267   21.80314    0.14588      57916
  77.35778      1.23254   21.64826    0.15553      57752
  77.36778      1.23240   21.49054    0.15078      57942
  77.37778      1.23227   21.33259    0.15491      57980
  77.38778      1.23214   21.19739    0.16117      57915
  77.39777      1.23200   21.03272    0.14578      58090
  77.40777      1.23187   20.88190    0.14126      57836
  77.41777      1.23173   20.71999    0.14403      57548
  77.42777      1.23160   20.59808    0.15272      57905
  77.43777      1.23146   20.46902    0.15076      58022
  77.44777      1.23133   20.31200    0.15610      57915
  77.45776      1.23120   20.18227    0.15163      57670
  77.46776      1.23106   20.04217    0.13782      58239
  77.47776      1.23093   19.91070    0.15266      58212
  77.48776      1.23080   19.78406    0.14709      58145
  77.49776      1.23066   19.65543    0.15056      58067
  77.50775      1.23053   19.52637    0.13863      58220
  77.51775      1.23039   19.38237    0.13787      57968
  77.52775      1.23026   19.26631    0.14160      57789
  77.53775      1.23013   19.13486    0.14937      57815
  77.54775      1.22999   19.03555    0.14739      57776
  77.55775      1.22986   18.90868    0.14517      58274
  77.56774      1.22973   18.79795    0.14974      57944
  77.57774      1.22959   18.68088    0.13178      58344
  77.58774      1.22946   18.57438    0.14781      58307
  77.59774      1.22933   18.46341    0.14498      58273
  77.60774      1.22919   18.35135    0.14353      58362
  77.61774      1.22906   18.23933    0.13180      58327
  77.62773      1.22893   18.13236    0.13328      57937
  77.63773      1.22879   18.02493    0.14040      57915
  77.64773      1.22866   17.92135    0.14045      57893
  77.65773      1.22853   17.82899    0.14036      58402
  77.66773      1.22839   17.72043    0.14738      58140
  77.67773      1.22826   17.61823    0.14162      57906
  77.68772      1.22813   17.52281    0.13102      58522
  77.69772      1.22799   17.42912    0.14367      58423
  77.70772      1.22786   17.32671    0.14294      58428
  77.71772      1.22773   17.24029    0.13678      58359
  77.72772      1.22759   17.13731    0.12367      58557
  77.73772      1.22746   17.04320    0.13408      57708
  77.74771      1.22733   16.95208    0.13077      58313
  77.75771      1.22720   16.86044    0.13763      58409
  77.76771      1.22706   16.78160    0.14461      58389
  77.77771      1.22693   16.68300    0.13362      58585
  77.78771      1.22680   16.59459    0.14074      58170
  77.79771      1.22666   16.50485    0.13090      58385
  77.80770      1.22653   16.42596    0.13249      58345
  77.81770      1.22640   16.34101    0.13446      58399
  77.82770      1.22627   16.26498    0.14149      58518
  77.83770      1.22613   16.18341    0.12106      58277
  77.84770      1.22600   16.09719    0.12458      58178
  77.85770      1.22587   16.02370    0.13357      58518
  77.86769      1.22574   15.94930    0.13385      58633
  77.87769      1.22560   15.87723    0.13725      58555
  77.88769      1.22547   15.79752    0.13839      58708
  77.89769      1.22534   15.72111    0.13075      58454
  77.90769      1.22521   15.65543    0.12786      58448
  77.91768      1.22508   15.58324    0.13030      58663
  77.92768      1.22494   15.51502    0.13244      58601
  77.93768      1.22481   15.45075    0.12763      58344
  77.94768      1.22468   15.37924    0.12076      58473
  77.95768      1.22455   15.30629    0.12561      58038
  77.96768      1.22442   15.25549    0.13109      58687
  77.97767      1.22428   15.18887    0.13139      58727
  77.98767      1.22415   15.12781    0.13148      58744
  77.99767      1.22402   15.07070    0.13109      58897
  78.00767      1.22389   15.01213    0.13437      58527
  78.01767      1.22376   14.95680    0.12639      58734
  78.02767      1.22362   14.90089    0.12793      58808
  78.03766      1.22349   14.83691    0.12790      58763
  78.04766      1.22336   14.78820    0.11720      58503
  78.05766      1.22323   14.73157    0.12278      58557
  78.06766      1.22310   14.67413    0.12468      58559
  78.07766      1.22297   14.62981    0.12821      58665
  78.08766      1.22283   14.57839    0.12871      58827
  78.09765      1.22270   14.52581    0.12799      58846
  78.10765      1.22257   14.47196    0.12882      58668
  78.11765      1.22244   14.42450    0.13111      58617
  78.12765      1.22231   14.37775    0.12421      58973
  78.13765      1.22218   14.33261    0.12564      58897
  78.14765      1.22205   14.28693    0.13094      58734
  78.15764      1.22191   14.24360    0.11117      58895
  78.16764      1.22178   14.17993    0.11858      58568
  78.17764      1.22165   14.14244    0.12500      58744
  78.18764      1.22152   14.09915    0.12589      58952
  78.19764      1.22139   14.04806    0.12621      59119
  78.20764      1.22126   14.00505    0.12758      58966
  78.21763      1.22113   13.95383    0.12664      59119
  78.22763      1.22100   13.91281    0.12955      58778
  78.23763      1.22086   13.86943    0.12041      58828
  78.24763      1.22073   13.82130    0.12840      59066
  78.25763      1.22060   13.78433    0.11804      58838
  78.26762      1.22047   13.74046    0.11265      58753
  78.27762      1.22034   13.68952    0.11902      58435
  78.28762      1.22021   13.65328    0.12316      58992
  78.29762      1.22008   13.61420    0.12323      59235
  78.30762      1.21995   13.57382    0.12476      59139
  78.31762      1.21982   13.53110    0.12467      59213
  78.32761      1.21969   13.49466    0.12833      59267
  78.33761      1.21956   13.45587    0.12621      59026
  78.34761      1.21943   13.41771    0.11816      59067
  78.35761      1.21930   13.38456    0.12116      59182
  78.36761      1.21917   13.34833    0.11592      59172
  78.37761      1.21903   13.30809    0.11197      58630
  78.38760      1.21890   13.27474    0.11847      58999
  78.39760      1.21877   13.24025    0.12048      59089
  78.40760      1.21864   13.19811    0.12387      59238
  78.41760      1.21851   13.16704    0.12128      59306
  78.42760      1.21838   13.13304    0.12269      59236
  78.43760      1.21825   13.09563    0.12415      59212
  78.44759      1.21812   13.06998    0.12577      58958
  78.45759      1.21799   13.04079    0.11756      59276
  78.46759      1.21786   13.00258    0.12219      59348
  78.47759      1.21773   12.97834    0.10624      59422
  78.48759      1.21760   12.93828    0.11407      58441
  78.49759      1.21747   12.90877    0.12083      59267
  78.50758      1.21734   12.87769    0.11984      59415
  78.51758      1.21721   12.84801    0.11986      59288
  78.52758      1.21708   12.81850    0.12275      59530
  78.53758      1.21695   12.78201    0.12146      59521
  78.54758      1.21682   12.75445    0.12246      59504
  78.55758      1.21669   12.72255    0.12318      59237
  78.56757      1.21656   12.69429    0.11645      59459
  78.57757      1.21643   12.67069    0.11029      59427
  78.58757      1.21630   12.63208    0.11143      59287
  78.59757      1.21617   12.60735    0.11450      58978
  78.60757      1.21604   12.57774    0.11594      58887
  78.61757      1.21591   12.55330    0.11761      59624
  78.62756      1.21578   12.52822    0.12291      59385
  78.63756      1.21566   12.50175    0.11887      59397
  78.64756      1.21553   12.47880    0.12431      59662
  78.65756      1.21540   12.45291    0.12002      59614
  78.66756      1.21527   12.42699    0.12143      59448
  78.67755      1.21514   12.40668    0.11300      59587
  78.68755      1.21501   12.37950    0.10736      59714
  78.69755      1.21488   12.34970    0.11077      59168
  78.70755      1.21475   12.33826    0.11425      59306
  78.71755      1.21462   12.31315    0.11632      59614
  78.72755      1.21449   12.28763    0.11906      59421
  78.73754      1.21436   12.27390    0.11678      59555
  78.74754      1.21423   12.25114    0.12321      59831
  78.75754      1.21410   12.23420    0.12087      59784
  78.76754      1.21397   12.20628    0.12123      59856
  78.77754      1.21385   12.18890    0.12084      59495
  78.78754      1.21372   12.17015    0.10374      59823
  78.79753      1.21359   12.14633    0.11066      59422
  78.80753      1.21346   12.13325    0.11235      59359
  78.81753      1.21333   12.11578    0.11517      59537
  78.82753      1.21320   12.09516    0.11363      59687
  78.83753      1.21307   12.07428    0.11681      59727
  78.84753      1.21294   12.05592    0.11787      59499
  78.85752      1.21281   12.03984    0.12095      59783
  78.86752      1.21269   12.02607    0.11865      59634
  78.87752      1.21256   12.00947    0.12121      60121
  78.88752      1.21243   11.99286    0.12281      59709
  78.89752      1.21230   11.97666    0.09792      59954
  78.90752      1.21217   11.95152    0.10829      59415
  78.91751      1.21204   11.93940    0.11602      59668
  78.92751      1.21191   11.92508    0.11397      59878
  78.93751      1.21179   11.90960    0.11564      59937
  78.94751      1.21166   11.89060    0.11382      59971
  78.95751      1.21153   11.87610    0.12274      60016
  78.96751      1.21140   11.85955    0.11693      60042
  78.97750      1.21127   11.84213    0.11802      60037
  78.98750      1.21114   11.82274    0.11971      59871
  78.99750      1.21102   11.80353    0.10973      59598
  79.00750      1.21089   11.78916    0.10187      59780
  79.01750      1.21076   11.77248    0.11205      59672
  79.02750      1.21063   11.75934    0.11355      59875
  79.03749      1.21050   11.74286    0.11239      59889
  79.04749      1.21038   11.72895    0.11476      60120
  79.05749      1.21025   11.71396    0.11587      60096
  79.06749      1.21012   11.69416    0.11762      60174
  79.07749      1.20999   11.67542    0.11921      60124
  79.08748      1.20986   11.66324    0.11662      60010
  79.09748      1.20974   11.64646    0.12121      59966
  79.10748      1.20961   11.63680    0.09929      60150
  79.11748      1.20948   11.61450    0.10745      59608
  79.12748      1.20935   11.60455    0.11004      59875
  79.13748      1.20923   11.59118    0.11346      59792
  79.14747      1.20910   11.58064    0.11627      60236
  79.15747      1.20897   11.56839    0.11372      60314
  79.16747      1.20884   11.55791    0.11837      60271
  79.17747      1.20872   11.55012    0.11667      60315
  79.18747      1.20859   11.53438    0.11817      60403
  79.19747      1.20846   11.52414    0.11919      60414
  79.20746      1.20833   11.51839    0.10542      60242
  79.21746      1.20821   11.50190    0.10294      59867
  79.22746      1.20808   11.49584    0.11020      59966
  79.23746      1.20795   11.48751    0.11347      60153
  79.24746      1.20782   11.47829    0.11205      60265
  79.25746      1.20770   11.47330    0.11482      60378
  79.26745      1.20757   11.45839    0.11417      60360
  79.27745      1.20744   11.45592    0.11578      60317
  79.28745      1.20731   11.44275    0.11773      60212
  79.29745      1.20719   11.43591    0.11722      60548
  79.30745      1.20706   11.42765    0.11103      60611
  79.31745      1.20693   11.41656    0.10849      59872
  79.32744      1.20681   11.40309    0.10247      60068
  79.33744      1.20668   11.39633    0.11153      60161
  79.34744      1.20655   11.38845    0.11255      60380
  79.35744      1.20643   11.37911    0.10989      60415
  79.36744      1.20630   11.37453    0.11325      60533
  79.37744      1.20617   11.36695    0.11638      60341
  79.38743      1.20605   11.35641    0.11873      60578
  79.39743      1.20592   11.34915    0.11834      60614
  79.40743      1.20579   11.34246    0.11676      60609
  79.41743      1.20566   11.33320    0.10139      60675
  79.42743      1.20554   11.31850    0.10678      59794
  79.43743      1.20541   11.30854    0.11069      60399
  79.44742      1.20529   11.30491    0.11070      60138
  79.45742      1.20516   11.29960    0.11269      60660
  79.46742      1.20503   11.28699    0.11300      60599
  79.47742      1.20491   11.28596    0.11488      60777
  79.48742      1.20478   11.27118    0.11437      60661
  79.49741      1.20465   11.26135    0.11574      60843
  79.50741      1.20453   11.25263    0.11432      60765
  79.51741      1.20440   11.24384    0.10416      61014
  79.52741      1.20427   11.23223    0.11104      60110
  79.53741      1.20415   11.22532    0.10550      60340
  79.54741      1.20402   11.21629    0.11013      60572
  79.55740      1.20389   11.20507    0.11032      60754
  79.56740      1.20377   11.19974    0.11241      60666
  79.57740      1.20364   11.19061    0.11318      60813
  79.58740      1.20352   11.18299    0.11325      60796
  79.59740      1.20339   11.17665    0.11775      60899
  79.60740      1.20326   11.17168    0.11661      60834
  79.61739      1.20314   11.16222    0.10865      60775
  79.62739      1.20301   11.14886    0.10605      60625
  79.63739      1.20289   11.14451    0.11029      60368
  79.64739      1.20276   11.13757    0.10679      60677
  79.65739      1.20264   11.13338    0.11174      60626
  79.66739      1.20251   11.12883    0.11197      60989
  79.67738      1.20238   11.12112    0.11302      60881
  79.68738      1.20226   11.11293    0.11343      60980
  79.69738      1.20213   11.11057    0.11296      61041
  79.70738      1.20201   11.10323    0.11762      61002
  79.71738      1.20188   11.09559    0.10779      61090
  79.72738      1.20176   11.08729    0.10391      61024
  79.73737      1.20163   11.07958    0.11261      60409
  79.74737      1.20150   11.08241    0.10710      60641
  79.75737      1.20138   11.07638    0.11052      60802
  79.76737      1.20125   11.06885    0.10844      60821
  79.77737      1.20113   11.06797    0.11266      60872
  79.78737      1.20100   11.06059    0.11115      61031
  79.79736      1.20088   11.05781    0.11596      60996
  79.80736      1.20075   11.05720    0.11467      61210
  79.81736      1.20063   11.04899    0.11844      61272
  79.82736      1.20050   11.04649    0.10209      61274
  79.83736      1.20038   11.03226    0.10745      60690
  79.84736      1.20025   11.03671    0.11284      60830
  79.85735      1.20013   11.03808    0.10641      60926
  79.86735      1.20000   11.03217    0.11015      61190
  79.87735      1.19988   11.03164    0.11109      61209
  79.88735      1.19975   11.02707    0.11199      61164
  79.89735      1.19963   11.02392    0.11180      61327
  79.90734      1.19950   11.02474    0.11699      61271
  79.91734      1.19938   11.02189    0.11347      61385
  79.92734      1.19925   11.02449    0.10267      61446
  79.93734      1.19913   11.00894    0.10914      60810
  79.94734      1.19900   11.01724    0.10978      60918
  79.95734      1.19888   11.01219    0.10948      61146
  79.96733      1.19875   11.01620    0.10895      61152
  79.97733      1.19863   11.01343    0.11174      61232
  79.98733      1.19850   11.01268    0.11579      61325
  79.99733      1.19838   11.01330    0.11396      61275
  80.00733      1.19825   11.01758    0.11216      61438
  80.01733      1.19813   11.01352    0.11692      61555
  80.02732      1.19800   11.01769    0.10201      61479
  80.03732      1.19788   11.00095    0.10668      61106
  80.04732      1.19776   11.00816    0.11144      61251
  80.05732      1.19763   11.00684    0.11604      61097
  80.06732      1.19751   11.01425    0.10569      61426
  80.07732      1.19738   11.01388    0.11108      61398
  80.08731      1.19726   11.01465    0.11162      61475
  80.09731      1.19713   11.01411    0.11201      61563
  80.10731      1.19701   11.01447    0.11355      61560
  80.11731      1.19688   11.01759    0.11635      61630
  80.12731      1.19676   11.01732    0.10242      61712
  80.13731      1.19664   11.00405    0.10826      61188
  80.14730      1.19651   11.00791    0.11034      61447
  80.15730      1.19639   11.01009    0.11392      61277
  80.16730      1.19626   11.01532    0.10948      61514
  80.17730      1.19614   11.01557    0.11016      61443
  80.18730      1.19602   11.01844    0.11088      61565
  80.19730      1.19589   11.01763    0.11504      61557
  80.20729      1.19577   11.01573    0.11372      61802
  80.21729      1.19564   11.01846    0.11640      61517
  80.22729      1.19552   11.01820    0.10263      61838
  80.23729      1.19540   11.00852    0.10731      61510
  80.24729      1.19527   11.01101    0.11030      61415
  80.25728      1.19515   11.01157    0.11564      61718
  80.26728      1.19503   11.01951    0.11490      61440
  80.27728      1.19490   11.02278    0.10853      61618
  80.28728      1.19478   11.02775    0.10954      61813
  80.29728      1.19466   11.02649    0.11368      61773
  80.30728      1.19453   11.02887    0.11348      61911
  80.31727      1.19441   11.03561    0.11509      61857
  80.32727      1.19428   11.04148    0.10629      61977
  80.33727      1.19416   11.03847    0.10645      61593
  80.34727      1.19404   11.04482    0.10962      61691
  80.35727      1.19391   11.05578    0.11515      61753
  80.36727      1.19379   11.06491    0.11759      61657
  80.37726      1.19367   11.07211    0.10843      61816
  80.38726      1.19354   11.08150    0.11398      61753
  80.39726      1.19342   11.09268    0.10985      62032
  80.40726      1.19330   11.10049    0.11415      61960
  80.41726      1.19317   11.11281    0.11381      62024
  80.42726      1.19305   11.11937    0.10721      61994
  80.43725      1.19293   11.12373    0.10620      61775
  80.44725      1.19281   11.14102    0.10990      61784
  80.45725      1.19268   11.15288    0.11541      61793
  80.46725      1.19256   11.16621    0.11414      62050
  80.47725      1.19244   11.17260    0.11594      61643
  80.48725      1.19231   11.18351    0.10573      61996
  80.49724      1.19219   11.19840    0.11424      62011
  80.50724      1.19207   11.21066    0.11463      62203
  80.51724      1.19194   11.22187    0.11571      62172
  80.52724      1.19182   11.23263    0.10801      62265
  80.53724      1.19170   11.24091    0.10430      61886
  80.54724      1.19158   11.25730    0.11405      61867
  80.55723      1.19145   11.26945    0.11408      62109
  80.56723      1.19133   11.28420    0.11704      62274
  80.57723      1.19121   11.29069    0.11749      61953
  80.58723      1.19109   11.30444    0.11172      62177
  80.59723      1.19096   11.31450    0.11131      62132
  80.60723      1.19084   11.33495    0.11320      62337
  80.61722      1.19072   11.34755    0.11717      62272
  80.62722      1.19060   11.36338    0.10687      62417
  80.63722      1.19047   11.36705    0.10754      61948
  80.64722      1.19035   11.38347    0.11128      62086
  80.65722      1.19023   11.40353    0.11414      62189
  80.66721      1.19011   11.41923    0.11797      62360
  80.67721      1.18998   11.43365    0.11657      62214
  80.68721      1.18986   11.44702    0.11607      62254
  80.69721      1.18974   11.46569    0.10998      62324
  80.70721      1.18962   11.48438    0.11590      62333
  80.71721      1.18950   11.49751    0.11773      62462
  80.72720      1.18937   11.51285    0.10767      62577
  80.73720      1.18925   11.52379    0.10732      62118
  80.74720      1.18913   11.54558    0.11462      62099
  80.75720      1.18901   11.56015    0.11606      62384
  80.76720      1.18889   11.58218    0.11618      62492
  80.77720      1.18876   11.59676    0.12260      62496
  80.78719      1.18864   11.61603    0.11614      62261
  80.79719      1.18852   11.63360    0.11231      62406
  80.80719      1.18840   11.65359    0.11677      62518
  80.81719      1.18828   11.67392    0.11744      62555
  80.82719      1.18815   11.69327    0.10739      62671
  80.83719      1.18803   11.70731    0.10969      62180
  80.84718      1.18791   11.72856    0.11323      62391
  80.85718      1.18779   11.74457    0.11884      62559
  80.86718      1.18767   11.77158    0.11563      62673
  80.87718      1.18755   11.79305    0.12362      62788
  80.88718      1.18742   11.80808    0.12013      62425
  80.89718      1.18730   11.83348    0.11408      62472
  80.90717      1.18718   11.85281    0.11607      62788
  80.91717      1.18706   11.87419    0.11976      62721
  80.92717      1.18694   11.89442    0.10449      62852
  80.93717      1.18682   11.90400    0.10952      62334
  80.94717      1.18670   11.92455    0.11525      62469
  80.95717      1.18657   11.95089    0.12174      62744
  80.96716      1.18645   11.96943    0.11988      62836
  80.97716      1.18633   11.98697    0.12167      62851
  80.98716      1.18621   12.00383    0.12080      62567
  80.99716      1.18609   12.02225    0.11551      62750
  81.00716      1.18597   12.03763    0.11770      62800
  81.01716      1.18585   12.05677    0.11558      62934
  81.02715      1.18573   12.07135    0.10777      63066
  81.03715      1.18560   12.07462    0.11139      62316
  81.04715      1.18548   12.09823    0.11625      62582
  81.05715      1.18536   12.11156    0.12068      62908
  81.06715      1.18524   12.13271    0.12127      62991
  81.07714      1.18512   12.13759    0.12278      63007
  81.08714      1.18500   12.14945    0.12044      62909
  81.09714      1.18488   12.16427    0.11734      62847
  81.10714      1.18476   12.17605    0.11647      63013
  81.11714      1.18464   12.19242    0.12124      62907
  81.12714      1.18452   12.20292    0.10419      63244
  81.13713      1.18440   12.19789    0.11535      62341
  81.14713      1.18428   12.21486    0.11668      62794
  81.15713      1.18415   12.23111    0.11825      63120
  81.16713      1.18403   12.24130    0.12390      63023
  81.17713      1.18391   12.25174    0.12401      63449
  81.18713      1.18379   12.26199    0.12503      63161
  81.19712      1.18367   12.27393    0.11971      63005
  81.20712      1.18355   12.27608    0.11867      63206
  81.21712      1.18343   12.28811    0.11125      63231
  81.22712      1.18331   12.29099    0.10898      63015
  81.23712      1.18319   12.29089    0.11271      62757
  81.24712      1.18307   12.31385    0.11827      63121
  81.25711      1.18295   12.31794    0.12248      63172
  81.26711      1.18283   12.32466    0.12445      63352
  81.27711      1.18271   12.33584    0.12142      63364
  81.28711      1.18259   12.34223    0.12475      63391
  81.29711      1.18247   12.35065    0.12444      62991
  81.30711      1.18235   12.35035    0.11379      63249
  81.31710      1.18223   12.36189    0.11098      63375
  81.32710      1.18211   12.35566    0.10915      62953
  81.33710      1.18199   12.36368    0.11623      62928
  81.34710      1.18187   12.37230    0.12183      63252
  81.35710      1.18175   12.37346    0.11836      63391
  81.36710      1.18163   12.37479    0.12315      63492
  81.37709      1.18151   12.37416    0.12359      63504
  81.38709      1.18139   12.38033    0.12575      63567
  81.39709      1.18127   12.38190    0.12678      63224
  81.40709      1.18115   12.37926    0.11556      63380
  81.41709      1.18103   12.37822    0.10543      63463
  81.42709      1.18091   12.37130    0.11131      62981
  81.43708      1.18079   12.36818    0.11738      63315
  81.44708      1.18067   12.36223    0.11964      63432
  81.45708      1.18055   12.35619    0.12349      63449
  81.46708      1.18043   12.35187    0.12410      63696
  81.47708      1.18031   12.34510    0.12236      63627
  81.48707      1.18019   12.33646    0.12424      63651
  81.49707      1.18007   12.32808    0.12457      63453
  81.50707      1.17995   12.31842    0.11652      63493
  81.51707      1.17983   12.31061    0.10316      63716
  81.52707      1.17971   12.28950    0.11204      62965
  81.53707      1.17959   12.27930    0.11935      63467
  81.54706      1.17948   12.27196    0.12042      63521
  81.55706      1.17936   12.25827    0.11805      63948
  81.56706      1.17924   12.24222    0.12298      63875
  81.57706      1.17912   12.23110    0.12463      63967
  81.58706      1.17900   12.21440    0.12598      63961
  81.59706      1.17888   12.20511    0.12495      63559
  81.60705      1.17876   12.18844    0.10906      63747
  81.61705      1.17864   12.17200    0.10568      63541
  81.62705      1.17852   12.14663    0.11216      63357
  81.63705      1.17840   12.13762    0.11921      63696
  81.64705      1.17828   12.11946    0.11913      63844
  81.65705      1.17816   12.10669    0.12132      63906
  81.66704      1.17805   12.09737    0.12192      63919
  81.67704      1.17793   12.07762    0.12398      64056
  81.68704      1.17781   12.06015    0.12488      64059
  81.69704      1.17769   12.04790    0.12366      63728
  81.70704      1.17757   12.03327    0.10285      63899
  81.71704      1.17745   12.00897    0.10909      63308
  81.72703      1.17733   11.99351    0.11360      63715
  81.73703      1.17721   11.98332    0.11910      63842
  81.74703      1.17710   11.96343    0.11998      63997
  81.75703      1.17698   11.94828    0.11868      64037
  81.76703      1.17686   11.93452    0.12046      64093
  81.77703      1.17674   11.91896    0.12553      64183
  81.78702      1.17662   11.90249    0.12555      64193
  81.79702      1.17650   11.88647    0.12127      63919
  81.80702      1.17638   11.87144    0.09964      64007
  81.81702      1.17627   11.84235    0.10867      63294
  81.82702      1.17615   11.83380    0.11323      63972
  81.83702      1.17603   11.82493    0.12033      64279
  81.84701      1.17591   11.80753    0.11917      64303
  81.85701      1.17579   11.78833    0.12045      64283
  81.86701      1.17567   11.77548    0.11901      64399
  81.87701      1.17556   11.76124    0.12185      64358
  81.88701      1.17544   11.74824    0.12549      64375
  81.89700      1.17532   11.73030    0.11253      64120
  81.90700      1.17520   11.71217    0.10332      63703
  81.91700      1.17508   11.69894    0.11049      63888
  81.92700      1.17496   11.68781    0.11479      64032
  81.93700      1.17485   11.67414    0.11559      64370
  81.94700      1.17473   11.65978    0.11780      64287
  81.95699      1.17461   11.65070    0.12139      64439
  81.96699      1.17449   11.63541    0.11944      64453
  81.97699      1.17437   11.62258    0.12536      64525
  81.98699      1.17426   11.61017    0.12108      64454
  81.99699      1.17414   11.59374    0.10827      64239
  82.00699      1.17402   11.57574    0.10310      63629
  82.01698      1.17390   11.56811    0.11127      64122
  82.02698      1.17379   11.56010    0.11395      64328
  82.03698      1.17367   11.54896    0.11828      64412
  82.04698      1.17355   11.53888    0.11968      64547
  82.05698      1.17343   11.53194    0.11933      64719
  82.06698      1.17331   11.52213    0.11758      64764
  82.07697      1.17320   11.51156    0.12400      64824
  82.08697      1.17308   11.49733    0.11602      64879
  82.09697      1.17296   11.48426    0.10755      63935
  82.10697      1.17284   11.47088    0.10438      63981
  82.11697      1.17273   11.46491    0.11331      64431
  82.12697      1.17261   11.45752    0.11399      64578
  82.13696      1.17249   11.45115    0.11986      64632
  82.14696      1.17237   11.44351    0.11807      64693
  82.15696      1.17226   11.43398    0.11936      64875
  82.16696      1.17214   11.41958    0.11978      64816
  82.17696      1.17202   11.40741    0.12123      64897
  82.18696      1.17191   11.40267    0.10561      64835
  82.19695      1.17179   11.38442    0.11010      63834
  82.20695      1.17167   11.37716    0.10753      64313
  82.21695      1.17155   11.37424    0.11213      64582
  82.22695      1.17144   11.36302    0.11722      64703
  82.23695      1.17132   11.35778    0.11643      64912
  82.24694      1.17120   11.34742    0.11899      64937
  82.25694      1.17109   11.34121    0.12026      65114
  82.26694      1.17097   11.32837    0.12038      65122
  82.27694      1.17085   11.32298    0.11189      65139
  82.28694      1.17073   11.31531    0.10722      64681
  82.29694      1.17062   11.30446    0.10963      64085
  82.30693      1.17050   11.30590    0.10820      64792
  82.31693      1.17038   11.29437    0.11540      64861
  82.32693      1.17027   11.29268    0.11775      64964
  82.33693      1.17015   11.28855    0.11856      64980
  82.34693      1.17003   11.28201    0.11885      65012
  82.35693      1.16992   11.27218    0.11959      65164
  82.36692      1.16980   11.27293    0.12153      65147
  82.37692      1.16968   11.27113    0.10276      65308
  82.38692      1.16957   11.25876    0.11154      64174
  82.39692      1.16945   11.25841    0.10734      64473
  82.40692      1.16933   11.25763    0.11246      64960
  82.41692      1.16922   11.25451    0.11508      64959
  82.42691      1.16910   11.26063    0.11461      65356
  82.43691      1.16898   11.25180    0.11809      65288
  82.44691      1.16887   11.24577    0.11993      65409
  82.45691      1.16875   11.24535    0.12010      65458
  82.46691      1.16864   11.24381    0.11107      65369
  82.47691      1.16852   11.23702    0.10648      64945
  82.48690      1.16840   11.23254    0.11526      64525
  82.49690      1.16829   11.23908    0.10861      64935
  82.50690      1.16817   11.23914    0.11289      65104
  82.51690      1.16805   11.23477    0.11688      65258
  82.52690      1.16794   11.22912    0.11669      65192
  82.53690      1.16782   11.22541    0.11804      65462
  82.54689      1.16771   11.22665    0.12129      65352
  82.55689      1.16759   11.22119    0.11957      65509
  82.56689      1.16747   11.22032    0.10151      65568
  82.57689      1.16736   11.21625    0.11104      64662
  82.58689      1.16724   11.22052    0.11750      64961
  82.59689      1.16713   11.22008    0.10724      65486
  82.60688      1.16701   11.21779    0.11435      65375
  82.61688      1.16689   11.21573    0.11487      65531
  82.62688      1.16678   11.21561    0.11784      65503
  82.63688      1.16666   11.21643    0.11788      65557
  82.64688      1.16655   11.21582    0.12040      65757
  82.65687      1.16643   11.21581    0.10629      65759
  82.66687      1.16631   11.20895    0.11193      65052
  82.67687      1.16620   11.21027    0.11361      65159
  82.68687      1.16608   11.21405    0.11496      65112
  82.69687      1.16597   11.21459    0.11022      65485
  82.70687      1.16585   11.21822    0.11411      65534
  82.71686      1.16574   11.21383    0.11689      65559
  82.72686      1.16562   11.22048    0.11810      65646
  82.73686      1.16551   11.22689    0.12020      66138
  82.74686      1.16539   11.22668    0.11353      65980
  82.75686      1.16527   11.22358    0.10594      65642
  82.76686      1.16516   11.22674    0.11130      65357
  82.77685      1.16504   11.23067    0.11813      65254
  82.78685      1.16493   11.23491    0.11118      65573
  82.79685      1.16481   11.24489    0.11275      65541
  82.80685      1.16470   11.24510    0.11767      65839
  82.81685      1.16458   11.25186    0.11988      65792
  82.82685      1.16447   11.25624    0.11516      65856
  82.83684      1.16435   11.25795    0.12177      65982
  82.84684      1.16424   11.26930    0.10313      66068
  82.85684      1.16412   11.26625    0.11011      65105
  82.86684      1.16401   11.27627    0.11909      65663
  82.87684      1.16389   11.28945    0.11922      65908
  82.88684      1.16378   11.29828    0.11127      65760
  82.89683      1.16366   11.30509    0.11301      66044
  82.90683      1.16355   11.31452    0.11821      65952
  82.91683      1.16343   11.31747    0.11700      66045
  82.92683      1.16332   11.32860    0.12275      66112
  82.93683      1.16320   11.33966    0.10629      66087
  82.94683      1.16309   11.34394    0.10984      65547
  82.95682      1.16297   11.35186    0.11497      65774
  82.96682      1.16286   11.36747    0.11852      65847
  82.97682      1.16274   11.37836    0.12205      65830
  82.98682      1.16263   11.39002    0.11041      65969
  82.99682      1.16251   11.39655    0.11514      66017
  83.00682      1.16240   11.40801    0.11921      66587
  83.01681      1.16228   11.41864    0.11959      66325
  83.02681      1.16217   11.43113    0.11089      66432
  83.03681      1.16206   11.42985    0.10823      65947
  83.04681      1.16194   11.43799    0.11412      65697
  83.05681      1.16183   11.44888    0.11916      66263
  83.06680      1.16171   11.45915    0.12116      65930
  83.07680      1.16160   11.46867    0.11258      66030
  83.08680      1.16148   11.47506    0.11379      66181
  83.09680      1.16137   11.48090    0.12022      66231
  83.10680      1.16125   11.48831    0.11876      66310
  83.11680      1.16114   11.49792    0.12055      66392
  83.12679      1.16103   11.50767    0.10200      66673
  83.13679      1.16091   11.50973    0.11395      65983
  83.14679      1.16080   11.51884    0.11747      66293
  83.15679      1.16068   11.53219    0.12335      66302
  83.16679      1.16057   11.54851    0.11986      66233
  83.17679      1.16046   11.55550    0.11238      66271
  83.18678      1.16034   11.55754    0.11765      66318
  83.19678      1.16023   11.56855    0.12265      66534
  83.20678      1.16011   11.58256    0.11802      66515
  83.21678      1.16000   11.59350    0.10455      66733
  83.22678      1.15989   11.59797    0.11389      65722
  83.23678      1.15977   11.61271    0.11770      66367
  83.24677      1.15966   11.63179    0.12084      66957
  83.25677      1.15954   11.64341    0.12415      66505
  83.26677      1.15943   11.65536    0.11575      66508
  83.27677      1.15932   11.66331    0.11446      66521
  83.28677      1.15920   11.67877    0.11874      66690
  83.29677      1.15909   11.69125    0.12409      66743
  83.30676      1.15897   11.70365    0.10367      66803
  83.31676      1.15886   11.70932    0.11523      66060
  83.32676      1.15875   11.72600    0.11679      66319
  83.33676      1.15863   11.74413    0.12068      66655
  83.34676      1.15852   11.76035    0.12630      66665
  83.35676      1.15841   11.77699    0.11919      66848
  83.36675      1.15829   11.78702    0.11460      66860
  83.37675      1.15818   11.79836    0.11906      66755
  83.38675      1.15807   11.80865    0.12167      66919
  83.39675      1.15795   11.82862    0.10846      66897
  83.40675      1.15784   11.83262    0.11129      66381
  83.41675      1.15773   11.84882    0.11819      66446
  83.42674      1.15761   11.86280    0.11977      66822
  83.43674      1.15750   11.88092    0.12444      66985
  83.44674      1.15739   11.89700    0.12415      66753
  83.45674      1.15727   11.90960    0.12088      66878
  83.46674      1.15716   11.92720    0.11511      67227
  83.47673      1.15705   11.93742    0.12125      67100
  83.48673      1.15693   11.95870    0.11087      67123
  83.49673      1.15682   11.96154    0.10932      66628
  83.50673      1.15671   11.97348    0.11648      66587
  83.51673      1.15659   11.99105    0.12411      67013
  83.52673      1.15648   12.00369    0.12207      67044
  83.53672      1.15637   12.02490    0.12690      67025
  83.54672      1.15626   12.04268    0.12420      66794
  83.55672      1.15614   12.05217    0.11777      66819
  83.56672      1.15603   12.06565    0.11932      67618
  83.57672      1.15592   12.07677    0.11495      67373
  83.58672      1.15580   12.09016    0.10692      66868
  83.59671      1.15569   12.09530    0.11726      66715
  83.60671      1.15558   12.10967    0.12200      67200
  83.61671      1.15547   12.12989    0.12461      67273
  83.62671      1.15535   12.13695    0.12742      67276
  83.63671      1.15524   12.15503    0.12137      67146
  83.64671      1.15513   12.16894    0.12137      67077
  83.65670      1.15502   12.17862    0.12091      67143
  83.66670      1.15490   12.19375    0.11634      67882
  83.67670      1.15479   12.20817    0.10834      67236
  83.68670      1.15468   12.21596    0.11590      66807
  83.69670      1.15456   12.23036    0.12299      67197
  83.70670      1.15445   12.24266    0.12557      67464
  83.71669      1.15434   12.25881    0.12441      67442
  83.72669      1.15423   12.28001    0.13079      67446
  83.73669      1.15412   12.29295    0.12357      67149
  83.74669      1.15400   12.30754    0.11736      67236
  83.75669      1.15389   12.31592    0.12015      67681
  83.76669      1.15378   12.33615    0.10455      67589
  83.77668      1.15367   12.34052    0.11839      67078
  83.78668      1.15355   12.35518    0.12256      67484
  83.79668      1.15344   12.38104    0.12369      67590
  83.80668      1.15333   12.39201    0.12636      67727
  83.81668      1.15322   12.40935    0.12922      67639
  83.82668      1.15311   12.43366    0.12628      67424
  83.83667      1.15299   12.44001    0.12405      67384
  83.84667      1.15288   12.45342    0.11768      67595
  83.85667      1.15277   12.47420    0.10482      67934
  83.86667      1.15266   12.48704    0.11677      67112
  83.87667      1.15255   12.50022    0.12323      67543
  83.88666      1.15243   12.51381    0.12605      67759
  83.89666      1.15232   12.53465    0.12718      67858
  83.90666      1.15221   12.55218    0.12989      67824
  83.91666      1.15210   12.56856    0.13164      67710
  83.92666      1.15199   12.57806    0.12491      67557
  83.93666      1.15187   12.59325    0.11624      67743
  83.94665      1.15176   12.61216    0.10514      68127
  83.95665      1.15165   12.61750    0.11738      67298
  83.96665      1.15154   12.63911    0.12583      67757
  83.97665      1.15143   12.65591    0.12777      67941
  83.98665      1.15132   12.67339    0.12568      68036
  83.99665      1.15120   12.68895    0.13045      67987
  84.00664      1.15109   12.70621    0.13125      67900
  84.01664      1.15098   12.72115    0.12676      67722
  84.02664      1.15087   12.74692    0.11785      68039
  84.03664      1.15076   12.75915    0.10725      67985
  84.04664      1.15065   12.77185    0.11639      67488
  84.05664      1.15054   12.79824    0.12583      67876
  84.06663      1.15042   12.81914    0.12745      68113
  84.07663      1.15031   12.83599    0.13001      68158
  84.08663      1.15020   12.85509    0.12968      68350
  84.09663      1.15009   12.88233    0.13324      68019
  84.10663      1.14998   12.89602    0.12906      68037
  84.11663      1.14987   12.92751    0.11768      68422
  84.12662      1.14976   12.94153    0.10726      67954
  84.13662      1.14965   12.95336    0.11820      67541
  84.14662      1.14953   12.97285    0.12534      68064
  84.15662      1.14942   12.99288    0.12767      68144
  84.16662      1.14931   13.01789    0.12928      68422
  84.17662      1.14920   13.03135    0.13171      68341
  84.18661      1.14909   13.05127    0.13304      68397
  84.19661      1.14898   13.07325    0.13184      68458
  84.20661      1.14887   13.09379    0.11583      68440
  84.21661      1.14876   13.09666    0.11002      67938
  84.22661      1.14865   13.11444    0.11834      67840
  84.23660      1.14854   13.13512    0.12754      68222
  84.24660      1.14842   13.14829    0.12856      68433
  84.25660      1.14831   13.17055    0.13077      68364
  84.26660      1.14820   13.18190    0.13209      68508
  84.27660      1.14809   13.20029    0.13428      68764
  84.28660      1.14798   13.22258    0.13365      68804
  84.29659      1.14787   13.22760    0.11782      68554
  84.30659      1.14776   13.23476    0.11027      67807
  84.31659      1.14765   13.25245    0.12247      67988
  84.32659      1.14754   13.27594    0.12431      68360
  84.33659      1.14743   13.29092    0.12874      68524
  84.34659      1.14732   13.30893    0.13069      68586
  84.35658      1.14721   13.32706    0.13407      69000
  84.36658      1.14710   13.33945    0.13331      69173
  84.37658      1.14699   13.34943    0.13177      68792
  84.38658      1.14688   13.37300    0.11679      68585
  84.39658      1.14677   13.37733    0.11234      67890
  84.40658      1.14666   13.39502    0.12091      68084
  84.41657      1.14655   13.41340    0.12803      68472
  84.42657      1.14644   13.42918    0.12995      68725
  84.43657      1.14632   13.45310    0.13388      69180
  84.44657      1.14621   13.45732    0.13227      69223
  84.45657      1.14610   13.46807    0.13579      69070
  84.46657      1.14599   13.47931    0.13618      69014
  84.47656      1.14588   13.49782    0.11302      68768
  84.48656      1.14577   13.49239    0.11761      67780
  84.49656      1.14566   13.51389    0.11977      68319
  84.50656      1.14555   13.52689    0.12670      68641
  84.51656      1.14544   13.54426    0.13264      69539
  84.52656      1.14533   13.55110    0.13038      69135
  84.53655      1.14522   13.55843    0.13592      69172
  84.54655      1.14511   13.56677    0.13528      69165
  84.55655      1.14500   13.57063    0.13593      69018
  84.56655      1.14489   13.58946    0.11345      69027
  84.57655      1.14478   13.58487    0.11940      67784
  84.58655      1.14467   13.60269    0.12132      69084
  84.59654      1.14456   13.61248    0.12738      69189
  84.60654      1.14446   13.61740    0.13050      69211
  84.61654      1.14435   13.62642    0.13308      69158
  84.62654      1.14424   13.63471    0.13683      69282
  84.63654      1.14413   13.64780    0.13425      69303
  84.64653      1.14402   13.64374    0.13669      69302
  84.65653      1.14391   13.66075    0.11091      69186
  84.66653      1.14380   13.66155    0.12218      68428
  84.67653      1.14369   13.67228    0.12300      68929
  84.68653      1.14358   13.67910    0.12845      69199
  84.69653      1.14347   13.69914    0.13138      69285
  84.70652      1.14336   13.70919    0.13473      69370
  84.71652      1.14325   13.71526    0.13638      69412
  84.72652      1.14314   13.72898    0.13775      69750
  84.73652      1.14303   13.73242    0.12452      69929
  84.74652      1.14292   13.73430    0.11542      68875
  84.75652      1.14281   13.74440    0.12635      68534
  84.76651      1.14270   13.75915    0.12408      69026
  84.77651      1.14259   13.77333    0.12853      69319
  84.78651      1.14248   13.78003    0.13336      69415
  84.79651      1.14238   13.78504    0.13265      69817
  84.80651      1.14227   13.80079    0.13675      70087
  84.81651      1.14216   13.80251    0.13586      69786
  84.82650      1.14205   13.80465    0.11856      69728
  84.83650      1.14194   13.80548    0.11921      68743
  84.84650      1.14183   13.81002    0.12765      68810
  84.85650      1.14172   13.82270    0.12308      69217
  84.86650      1.14161   13.82607    0.12884      69824
  84.87650      1.14150   13.83344    0.13582      69978
  84.88649      1.14139   13.83660    0.13419      69777
  84.89649      1.14129   13.83364    0.13620      70013
  84.90649      1.14118   13.83228    0.13413      69916
  84.91649      1.14107   13.83365    0.11785      69762
  84.92649      1.14096   13.82644    0.12196      68595
  84.93649      1.14085   13.83288    0.12905      69756
  84.94648      1.14074   13.82388    0.12458      69666
  84.95648      1.14063   13.82476    0.13070      69760
  84.96648      1.14052   13.82800    0.13067      69799
  84.97648      1.14042   13.81940    0.13410      69914
  84.98648      1.14031   13.81328    0.13969      70004
  84.99648      1.14020   13.81385    0.13538      70111
  85.00647      1.14009   13.81282    0.11351      70243
  85.01647      1.13998   13.79586    0.12562      69291
  85.02647      1.13987   13.78918    0.13002      69507
  85.03647      1.13976   13.79075    0.12605      69611
  85.04647      1.13966   13.78564    0.12846      69907
  85.05646      1.13955   13.78203    0.13205      69899
  85.06646      1.13944   13.77814    0.13658      70534
  85.07646      1.13933   13.77472    0.13384      70564
  85.08646      1.13922   13.76616    0.12105      70389
  85.09646      1.13911   13.75482    0.12210      69395
  85.10646      1.13901   13.73987    0.12818      69500
  85.11645      1.13890   13.73536    0.12971      69714
  85.12645      1.13879   13.73123    0.12827      70143
  85.13645      1.13868   13.72512    0.12842      70428
  85.14645      1.13857   13.71782    0.13032      70294
  85.15645      1.13846   13.70860    0.13540      70348
  85.16645      1.13836   13.69703    0.13400      70489
  85.17644      1.13825   13.68016    0.11477      70390
  85.18644      1.13814   13.65697    0.12556      69248
  85.19644      1.13803   13.65963    0.12711      70431
  85.20644      1.13792   13.64015    0.13131      70272
  85.21644      1.13782   13.62381    0.12781      70129
  85.22644      1.13771   13.61377    0.12892      70248
  85.23643      1.13760   13.59046    0.13346      70279
  85.24643      1.13749   13.57042    0.13308      70446
  85.25643      1.13739   13.56432    0.12664      71292
  85.26643      1.13728   13.53760    0.11645      70251
  85.27643      1.13717   13.51399    0.12628      69887
  85.28643      1.13706   13.50201    0.12870      70099
  85.29642      1.13695   13.47487    0.13136      70297
  85.30642      1.13685   13.45933    0.12584      70156
  85.31642      1.13674   13.44573    0.13026      71003
  85.32642      1.13663   13.41356    0.13209      70824
  85.33642      1.13652   13.39514    0.13171      70837
  85.34642      1.13642   13.37966    0.11613      70813
  85.35641      1.13631   13.34318    0.12142      69844
  85.36641      1.13620   13.32881    0.13151      70073
  85.37641      1.13609   13.31726    0.12655      70979
  85.38641      1.13599   13.28701    0.12962      70663
  85.39641      1.13588   13.26516    0.12684      70596
  85.40641      1.13577   13.23881    0.12936      70676
  85.41640      1.13566   13.21590    0.12996      70819
  85.42640      1.13556   13.19155    0.13314      70850
  85.43640      1.13545   13.16763    0.10914      71237
  85.44640      1.13534   13.12542    0.12528      70341
  85.45640      1.13523   13.11127    0.13240      70481
  85.46639      1.13513   13.08888    0.12485      70728
  85.47639      1.13502   13.06413    0.12882      70518
  85.48639      1.13491   13.03074    0.12479      70663
  85.49639      1.13481   13.01140    0.12888      71577
  85.50639      1.13470   12.97881    0.13065      71291
  85.51639      1.13459   12.94961    0.11444      71121
  85.52638      1.13448   12.91205    0.11848      70313
  85.53638      1.13438   12.88813    0.12709      70490
  85.54638      1.13427   12.86106    0.13253      70611
  85.55638      1.13416   12.84362    0.12305      71591
  85.56638      1.13406   12.80548    0.13028      71053
  85.57638      1.13395   12.77889    0.12499      71042
  85.58637      1.13384   12.75317    0.12654      71167
  85.59637      1.13374   12.71967    0.12865      71182
  85.60637      1.13363   12.69497    0.10797      71384
  85.61637      1.13352   12.64398    0.12256      70664
  85.62637      1.13342   12.62746    0.12799      71092
  85.63637      1.13331   12.59769    0.13037      70939
  85.64636      1.13320   12.56782    0.12032      71135
  85.65636      1.13310   12.53923    0.13313      70924
  85.66636      1.13299   12.52503    0.12351      71877
  85.67636      1.13288   12.48291    0.12601      71583
  85.68636      1.13278   12.45000    0.11044      71488
  85.69636      1.13267   12.41324    0.11489      70532
  85.70635      1.13256   12.38128    0.12496      70776
  85.71635      1.13246   12.36528    0.12767      71642
  85.72635      1.13235   12.34268    0.12903      71533
  85.73635      1.13224   12.30435    0.12388      71623
  85.74635      1.13214   12.27109    0.12559      71267
  85.75635      1.13203   12.24725    0.12384      71429
  85.76634      1.13192   12.22108    0.12391      71382
  85.77634      1.13182   12.19224    0.10551      71745
  85.78634      1.13171   12.16233    0.11724      71091
  85.79634      1.13161   12.13643    0.12720      71432
  85.80634      1.13150   12.10890    0.12805      71437
  85.81633      1.13139   12.08170    0.12423      71433
  85.82633      1.13129   12.06422    0.12334      71991
  85.83633      1.13118   12.03417    0.12562      71792
  85.84633      1.13107   12.00734    0.12173      71657
  85.85633      1.13097   11.98288    0.10785      71788
  85.86633      1.13086   11.94683    0.11333      70809
  85.87632      1.13076   11.91956    0.12259      71216
  85.88632      1.13065   11.90089    0.12658      72513
  85.89632      1.13054   11.87676    0.12809      71766
  85.90632      1.13044   11.85456    0.11946      71678
  85.91632      1.13033   11.82640    0.12668      71597
  85.92632      1.13023   11.79860    0.12171      71774
  85.93631      1.13012   11.77445    0.11379      72520
  85.94631      1.13001   11.73302    0.10677      71564
  85.95631      1.12991   11.71076    0.11677      71263
  85.96631      1.12980   11.68168    0.12442      71762
  85.97631      1.12970   11.66181    0.12771      71837
  85.98631      1.12959   11.63854    0.12774      72114
  85.99630      1.12949   11.60995    0.11771      72464
  86.00630      1.12938   11.57461    0.12511      72055
  86.01630      1.12927   11.54696    0.11835      71974
  86.02630      1.12917   11.52173    0.10277      71917
  86.03630      1.12906   11.48833    0.11161      71354
  86.04630      1.12896   11.47636    0.12094      71972
  86.05629      1.12885   11.44281    0.12707      72330
  86.06629      1.12875   11.42218    0.12461      72226
  86.07629      1.12864   11.39750    0.12389      71968
  86.08629      1.12854   11.37634    0.12195      72558
  86.09629      1.12843   11.35281    0.12223      72450
  86.10629      1.12833   11.32084    0.10488      72187
  86.11628      1.12822   11.30238    0.10663      71223
  86.12628      1.12811   11.27256    0.11616      71829
  86.13628      1.12801   11.25861    0.12403      72607
  86.14628      1.12790   11.24790    0.12452      72917
  86.15628      1.12780   11.21449    0.12630      72206
  86.16628      1.12769   11.19660    0.11785      72225
  86.17627      1.12759   11.17116    0.11880      72230
  86.18627      1.12748   11.14802    0.11638      72561
  86.19627      1.12738   11.12882    0.09883      72527
  86.20627      1.12727   11.10284    0.11160      71870
  86.21627      1.12717   11.08428    0.12264      72184
  86.22626      1.12706   11.06404    0.12054      72327
  86.23626      1.12696   11.03903    0.12482      72954
  86.24626      1.12685   11.02865    0.12870      72573
  86.25626      1.12675   11.00090    0.11461      72971
  86.26626      1.12664   10.97989    0.12075      72559
  86.27626      1.12654   10.96734    0.09907      72439
  86.28625      1.12643   10.93378    0.10758      71831
  86.29625      1.12633   10.92588    0.11777      72448
  86.30625      1.12622   10.90510    0.12098      72686
  86.31625      1.12612   10.88602    0.12231      72857
  86.32625      1.12601   10.86506    0.12563      72722
  86.33625      1.12591   10.85728    0.12021      73240
  86.34624      1.12580   10.83911    0.11518      73064
  86.35624      1.12570   10.82177    0.10400      72542
  86.36624      1.12559   10.79156    0.10504      71567
  86.37624      1.12549   10.77751    0.11217      72163
  86.38624      1.12539   10.77737    0.11785      73763
  86.39624      1.12528   10.76143    0.12291      73168
  86.40623      1.12518   10.73504    0.12478      73012
  86.41623      1.12507   10.72082    0.12374      72563
  86.42623      1.12497   10.70006    0.11396      72744
  86.43623      1.12486   10.69532    0.10789      73786
  86.44623      1.12476   10.66228    0.10232      72390
  86.45623      1.12465   10.65213    0.10912      72280
  86.46622      1.12455   10.63914    0.11578      72685
  86.47622      1.12445   10.62169    0.11921      73409
  86.48622      1.12434   10.60340    0.12334      73464
  86.49622      1.12424   10.57653    0.12278      73385
  86.50622      1.12413   10.57406    0.11774      72951
  86.51622      1.12403   10.55316    0.11544      73058
  86.52621      1.12392   10.54532    0.09734      73400
  86.53621      1.12382   10.51942    0.10688      72218
  86.54621      1.12372   10.50133    0.11442      72731
  86.55621      1.12361   10.48783    0.11771      73204
  86.56621      1.12351   10.47861    0.11983      73747
  86.57621      1.12340   10.46774    0.12494      74091
  86.58620      1.12330   10.45027    0.12389      73166
  86.59620      1.12320   10.43826    0.11262      73104
  86.60620      1.12309   10.41716    0.09665      73120
  86.61620      1.12299   10.40207    0.10751      72773
  86.62620      1.12288   10.38678    0.11103      73347
  86.63619      1.12278   10.37814    0.11651      73367
  86.64619      1.12268   10.36517    0.11901      73287
  86.65619      1.12257   10.35877    0.12264      73585
  86.66619      1.12247   10.34399    0.12075      74299
  86.67619      1.12236   10.32242    0.11841      73493
  86.68619      1.12226   10.31972    0.09606      73619
  86.69618      1.12216   10.29831    0.10577      72192
  86.70618      1.12205   10.29385    0.11005      73516
  86.71618      1.12195   10.28031    0.11581      73574
  86.72618      1.12185   10.27047    0.11786      73440
  86.73618      1.12174   10.25213    0.11966      74088
  86.74618      1.12164   10.24936    0.12147      74250
  86.75617      1.12154   10.23624    0.12159      74003
  86.76617      1.12143   10.22411    0.09690      73575
  86.77617      1.12133   10.19770    0.10328      72475
  86.78617      1.12122   10.19007    0.11276      73025
  86.79617      1.12112   10.19045    0.11197      74565
  86.80617      1.12102   10.16858    0.11708      73993
  86.81616      1.12091   10.15659    0.11940      73825
  86.82616      1.12081   10.14498    0.12054      73703
  86.83616      1.12071   10.13950    0.12038      74569
  86.84616      1.12060   10.13080    0.10119      74157
  86.85616      1.12050   10.10350    0.09923      73087
  86.86616      1.12040   10.09684    0.10995      73070
  86.87615      1.12029   10.08689    0.11321      73591
  86.88615      1.12019   10.08829    0.11369      74508
  86.89615      1.12009   10.07150    0.11807      74459
  86.90615      1.11998   10.06755    0.12207      74169
  86.91615      1.11988   10.04742    0.12036      74165
  86.92615      1.11978   10.05678    0.11006      74518
  86.93614      1.11968   10.03460    0.09390      73192
  86.94614      1.11957   10.02016    0.10673      73256
  86.95614      1.11947   10.01431    0.11570      74003
  86.96614      1.11937   10.01137    0.11342      74773
  86.97614      1.11926   10.00747    0.11794      74511
  86.98614      1.11916    9.98558    0.11974      74197
  86.99613      1.11906    9.97574    0.11719      74113
  87.00613      1.11895    9.97298    0.11378      75137
  87.01613      1.11885    9.96052    0.09363      73741
  87.02613      1.11875    9.93692    0.10394      73458
  87.03613      1.11865    9.93178    0.11504      73737
  87.04612      1.11854    9.93156    0.11586      74291
  87.05612      1.11844    9.92313    0.11489      75483
  87.06612      1.11834    9.90675    0.12099      74572
  87.07612      1.11824    9.89342    0.11810      74487
  87.08612      1.11813    9.88809    0.11844      74433
  87.09612      1.11803    9.89177    0.09485      74071
  87.10611      1.11793    9.85687    0.09828      74040
  87.11611      1.11782    9.86222    0.11288      74153
  87.12611      1.11772    9.85945    0.11705      74096
  87.13611      1.11762    9.85986    0.11494      75503
  87.14611      1.11752    9.84006    0.11887      74520
  87.15611      1.11741    9.82949    0.11561      75089
  87.16610      1.11731    9.82611    0.12012      74787
  87.17610      1.11721    9.83436    0.09501      74640
  87.18610      1.11711    9.80031    0.09739      73636
  87.19610      1.11701    9.80213    0.11191      74020
  87.20610      1.11690    9.79578    0.11594      74608
  87.21610      1.11680    9.81033    0.11718      76021
  87.22609      1.11670    9.78148    0.11640      74911
  87.23609      1.11660    9.78291    0.11593      74779
  87.24609      1.11649    9.77254    0.11872      74599
  87.25609      1.11639    9.76757    0.09465      75519
  87.26609      1.11629    9.74598    0.10009      73841
  87.27609      1.11619    9.74085    0.10905      74281
  87.28608      1.11609    9.73777    0.11510      74462
  87.29608      1.11598    9.75135    0.11808      75676
  87.30608      1.11588    9.72973    0.11746      75561
  87.31608      1.11578    9.71504    0.11608      75323
  87.32608      1.11568    9.70246    0.11991      74827
  87.33608      1.11557    9.70587    0.09371      75511
  87.34607      1.11547    9.67692    0.10651      73251
  87.35607      1.11537    9.66788    0.09958      75012
  87.36607      1.11527    9.66326    0.11535      75092
  87.37607      1.11517    9.66843    0.11846      75998
  87.38607      1.11507    9.64302    0.11776      75131
  87.39607      1.11496    9.63523    0.11537      74967
  87.40606      1.11486    9.62421    0.11606      76100
  87.41606      1.11476    9.61069    0.09413      75612
  87.42606      1.11466    9.57851    0.10754      73629
  87.43606      1.11456    9.57988    0.10120      74312
  87.44606      1.11445    9.58378    0.11327      75423
  87.45605      1.11435    9.56972    0.11859      76938
  87.46605      1.11425    9.56387    0.11801      75288
  87.47605      1.11415    9.54999    0.11430      75026
  87.48605      1.11405    9.54756    0.10740      75831
  87.49605      1.11395    9.53127    0.09664      75579
  87.50605      1.11385    9.51132    0.10783      74595
  87.51604      1.11374    9.51202    0.10311      74478
  87.52604      1.11364    9.53116    0.11308      76017
  87.53604      1.11354    9.51020    0.11599      75595
  87.54604      1.11344    9.50312    0.11852      76035
  87.55604      1.11334    9.49313    0.11438      75670
  87.56604      1.11324    9.50182    0.10308      76551
  87.57603      1.11314    9.47269    0.09808      74780
  87.58603      1.11303    9.46788    0.10866      74574
  87.59603      1.11293    9.46640    0.10582      75375
  87.60603      1.11283    9.47564    0.10824      76416
  87.61603      1.11273    9.45809    0.11684      75623
  87.62603      1.11263    9.45211    0.12105      75210
  87.63602      1.11253    9.44744    0.11435      77118
  87.64602      1.11243    9.43633    0.10160      76812
  87.65602      1.11233    9.42109    0.09948      74595
  87.66602      1.11222    9.40720    0.10916      74620
  87.67602      1.11212    9.42367    0.11737      75034
  87.68602      1.11202    9.40477    0.09758      77172
  87.69601      1.11192    9.38890    0.11734      76031
  87.70601      1.11182    9.39136    0.11912      75537
  87.71601      1.11172    9.38412    0.11420      76752
  87.72601      1.11162    9.36686    0.09657      76834
  87.73601      1.11152    9.34847    0.09966      74829
  87.74601      1.11142    9.34662    0.10929      75973
  87.75600      1.11132    9.34566    0.12035      75018
  87.76600      1.11122    9.33141    0.09901      76172
  87.77600      1.11111    9.32616    0.11544      76513
  87.78600      1.11101    9.31666    0.11951      77303
  87.79600      1.11091    9.30429    0.11586      75967
  87.80599      1.11081    9.29669    0.09308      75707
  87.81599      1.11071    9.26015    0.10266      76025
  87.82599      1.11061    9.27339    0.11300      76797
  87.83599      1.11051    9.25951    0.11770      74951
  87.84599      1.11041    9.24875    0.09792      75438
  87.85599      1.11031    9.24287    0.11458      77814
  87.86598      1.11021    9.23221    0.11664      77072
  87.87598      1.11011    9.21846    0.11788      76227
  87.88598      1.11001    9.20911    0.09139      75869
  87.89598      1.10991    9.19791    0.10244      76513
  87.90598      1.10981    9.18375    0.11184      76445
  87.91598      1.10971    9.18487    0.11755      75023
  87.92597      1.10961    9.18603    0.09836      76712
  87.93597      1.10951    9.17385    0.11559      77083
  87.94597      1.10940    9.15677    0.11733      77412
  87.95597      1.10930    9.16152    0.11853      76170
  87.96597      1.10920    9.15869    0.08887      76886
  87.97597      1.10910    9.14183    0.10281      75173
  87.98596      1.10900    9.13253    0.11334      77058
  87.99596      1.10890    9.14100    0.11848      76623
  88.00596      1.10880    9.14240    0.09721      76576
  88.01596      1.10870    9.12442    0.11678      76267
  88.02596      1.10860    9.12659    0.11638      77934
  88.03596      1.10850    9.12435    0.10113      77781
  88.04595      1.10840    9.11079    0.09624      75438
  88.05595      1.10830    9.10375    0.10511      75409
  88.06595      1.10820    9.10930    0.11642      78594
  88.07595      1.10810    9.10679    0.12091      76261
  88.08595      1.10800    9.09929    0.09755      76113
  88.09595      1.10790    9.10349    0.11154      77034
  88.10594      1.10780    9.09634    0.11766      78609
  88.11594      1.10770    9.07594    0.09511      77233
  88.12594      1.10760    9.08052    0.10146      74963
  88.13594      1.10750    9.09122    0.10734      77193
  88.14594      1.10740    9.06938    0.11746      78081
  88.15594      1.10730    9.07719    0.12062      75841
  88.16593      1.10720    9.07736    0.09824      77247
  88.17593      1.10710    9.08426    0.10908      77169
  88.18593      1.10700    9.06428    0.11884      78351
  88.19593      1.10690    9.06512    0.09156      77387
  88.20593      1.10681    9.05806    0.10325      76060
  88.21592      1.10671    9.06052    0.10833      76661
  88.22592      1.10661    9.04203    0.11671      77685
  88.23592      1.10651    9.06994    0.12074      77313
  88.24592      1.10641    9.04940    0.09794      76816
  88.25592      1.10631    9.04613    0.10977      77672
  88.26592      1.10621    9.04799    0.10448      78848
  88.27591      1.10611    9.03162    0.09564      76559
  88.28591      1.10601    9.00772    0.10352      75826
  88.29591      1.10591    9.01203    0.11354      78375
  88.30591      1.10581    9.02184    0.12037      78414
  88.31591      1.10571    9.00935    0.12490      76054
  88.32591      1.10561    8.99774    0.09524      76397
  88.33590      1.10551    9.01193    0.11016      79901
  88.34590      1.10541    8.98430    0.09341      77870
  88.35590      1.10531    8.95992    0.10081      75527
  88.36590      1.10521    8.98291    0.11034      77698
  88.37590      1.10512    8.97609    0.11807      78813
  88.38590      1.10502    8.96894    0.11890      77458
  88.39589      1.10492    8.98226    0.12377      76893
  88.40589      1.10482    8.97733    0.09205      78224
  88.41589      1.10472    8.96271    0.11130      78116
  88.42589      1.10462    8.95228    0.08993      78052
  88.43589      1.10452    8.95936    0.10568      76474
  88.44589      1.10442    8.93876    0.11166      78125
  88.45588      1.10432    8.95858    0.11723      78366
  88.46588      1.10422    8.95113    0.12030      78378
  88.47588      1.10412    8.95072    0.11673      76393
  88.48588      1.10403    8.94348    0.09426      78527
  88.49588      1.10393    8.95068    0.09620      79075
  88.50588      1.10383    8.91204    0.09717      76168
  88.51587      1.10373    8.90960    0.10753      77708
  88.52587      1.10363    8.92365    0.11663      79204
  88.53587      1.10353    8.91668    0.11773      77915
  88.54587      1.10343    8.90345    0.12554      77798
  88.55587      1.10333    8.93466    0.10524      78760
  88.56587      1.10324    8.89806    0.09976      77829
  88.57586      1.10314    8.90768    0.08907      77543
  88.58586      1.10304    8.87294    0.10171      78705
  88.59586      1.10294    8.88337    0.10843      77871
  88.60586      1.10284    8.88101    0.12224      77294
  88.61586      1.10274    8.89318    0.12310      80349
  88.62585      1.10264    8.88495    0.12790      77956
  88.63585      1.10254    8.88516    0.09667      76861
  88.64585      1.10245    8.88651    0.09088      78791
  88.65585      1.10235    8.85038    0.09215      78893
  88.66585      1.10225    8.85575    0.10543      76979
  88.67585      1.10215    8.87296    0.11821      78730
  88.68584      1.10205    8.86239    0.12684      79905
  88.69584      1.10195    8.84032    0.12411      78538
  88.70584      1.10186    8.88343    0.12456      77662
  88.71584      1.10176    8.84827    0.09154      78958
  88.72584      1.10166    8.83751    0.08433      78542
  88.73584      1.10156    8.84008    0.10079      77541
  88.74583      1.10146    8.82972    0.11236      78547
  88.75583      1.10136    8.82343    0.12453      78823
  88.76583      1.10127    8.84201    0.12460      79924
  88.77583      1.10117    8.82307    0.12495      78663
  88.78583      1.10107    8.83120    0.10310      77690
  88.79583      1.10097    8.83768    0.08742      79491
  88.80582      1.10087    8.80980    0.08971      76884
  88.81582      1.10078    8.79257    0.10656      78855
  88.82582      1.10068    8.82155    0.11460      79789
  88.83582      1.10058    8.80890    0.12769      78532
  88.84582      1.10048    8.80121    0.12858      80072
  88.85582      1.10038    8.82536    0.12746      78972
  88.86581      1.10029    8.81150    0.09408      77603
  88.87581      1.10019    8.80870    0.08212      79982
  88.88581      1.10009    8.78614    0.09582      77934
  88.89581      1.09999    8.78746    0.10906      77737
  88.90581      1.09989    8.78202    0.12448      80994
  88.91581      1.09980    8.79101    0.13018      79849
  88.92580      1.09970    8.77524    0.13678      78730
  88.93580      1.09960    8.80973    0.10731      79528
  88.94580      1.09950    8.78539    0.08226      78831
  88.95580      1.09941    8.75705    0.09101      76013
  88.96580      1.09931    8.74995    0.10176      81310
  88.97580      1.09921    8.76908    0.11482      78592
  88.98579      1.09911    8.73911    0.13424      79268
  88.99579      1.09901    8.76711    0.13751      82480
  89.00579      1.09892    8.77314    0.13655      77001
  89.01579      1.09882    8.75562    0.08763      79893
  89.02579      1.09872    8.74691    0.08158      79052
  89.03578      1.09862    8.74314    0.09850      76672
  89.04578      1.09853    8.73003    0.10798      81328
  89.05578      1.09843    8.74363    0.12881      79908
  89.06578      1.09833    8.74395    0.13624      78711
  89.07578      1.09824    8.75037    0.14778      82127
  89.08578      1.09814    8.75543    0.09791      78013
  89.09577      1.09804    8.73175    0.07930      79477
  89.10577      1.09794    8.73569    0.09575      78630
  89.11577      1.09785    8.73499    0.10335      77656
  89.12577      1.09775    8.72067    0.11584      82223
  89.13577      1.09765    8.74094    0.13883      80450
  89.14577      1.09755    8.73243    0.14484      79802
  89.15576      1.09746    8.76397    0.10793      79951
  89.16576      1.09736    8.75457    0.08230      78300
  89.17576      1.09726    8.71764    0.09220      79239
  89.18576      1.09717    8.74031    0.10066      79176
  89.19576      1.09707    8.71267    0.11329      80344
  89.20576      1.09697    8.73868    0.13473      81747
  89.21575      1.09687    8.74667    0.14432      80247
  89.22575      1.09678    8.74264    0.11068      78317
  89.23575      1.09668    8.78556    0.08753      79959
  89.24575      1.09658    8.68678    0.08772      79363
  89.25575      1.09649    8.73749    0.10465      79472
  89.26575      1.09639    8.70682    0.11144      81325
  89.27574      1.09629    8.72073    0.11885      79430
  89.28574      1.09620    8.73002    0.14656      81871
  89.29574      1.09610    8.75230    0.10467      77166
  89.30574      1.09600    8.71920    0.09426      83680
  89.31574      1.09591    8.69391    0.09101      77814
  89.32574      1.09581    8.68683    0.10269      80890
  89.33573      1.09571    8.69997    0.11048      79346
  89.34573      1.09562    8.64965    0.11942      80752
  89.35573      1.09552    8.76935    0.13687      78539
  89.36573      1.09542    8.65861    0.09821      81627
  89.37573      1.09533    8.71358    0.10443      80998
  89.38573      1.09523    8.61326    0.09040      81149
  89.39572      1.09513    8.64483    0.10157      79694
  89.40572      1.09504    8.66216    0.11344      79592
  89.41572      1.09494    8.64514    0.11971      79444
  89.42572      1.09484    8.71287    0.10084      79361
  89.43572      1.09475    8.61473    0.12288      81754
  89.44571      1.09465    8.66737    0.09913      84664
  89.45571      1.09455    8.60452    0.09270      76862
  89.46571      1.09446    8.64564    0.10968      81637
  89.47571      1.09436    8.63879    0.11586      79429
  89.48571      1.09426    8.68805    0.10206      80924
  89.49571      1.09417    8.66244    0.11008      79809
  89.50570      1.09407    8.65703    0.12331      83418
  89.51570      1.09398    8.66991    0.08889      81265
  89.52570      1.09388    8.62976    0.10383      79046
  89.53570      1.09378    8.66134    0.11455      79713
  89.54570      1.09369    8.69094    0.10561      81577
  89.55570      1.09359    8.66227    0.10746      79385
  89.56569      1.09349    8.68117    0.11121      83213
  89.57569      1.09340    8.64781    0.12148      79221
  89.58569      1.09330    8.66456    0.08443      81950
  89.59569      1.09321    8.66435    0.11430      80561
  89.60569      1.09311    8.65716    0.10661      80180
  89.61569      1.09301    8.67153    0.11056      82449
  89.62568      1.09292    8.64298    0.11049      79443
  89.63568      1.09282    8.65839    0.11287      82865
  89.64568      1.09273    8.63662    0.09048      81204
  89.65568      1.09263    8.63559    0.10576      78737
  89.66568      1.09253    8.65256    0.10811      81916
  89.67568      1.09244    8.63727    0.11090      81803
  89.68567      1.09234    8.64861    0.11137      81211
  89.69567      1.09225    8.64609    0.11503      82298
  89.70567      1.09215    8.64695    0.09630      81260
  89.71567      1.09205    8.63859    0.09937      79447
  89.72567      1.09196    8.65637    0.10575      81266
  89.73567      1.09186    8.64801    0.10801      81586
  89.74566      1.09177    8.65854    0.11191      81865
  89.75566      1.09167    8.66402    0.11284      82344
  89.76566      1.09158    8.65870    0.10394      81680
  89.77566      1.09148    8.66223    0.10242      80323
  89.78566      1.09139    8.66390    0.09889      81020
  89.79565      1.09129    8.66367    0.10861      81302
  89.80565      1.09119    8.67314    0.10978      81779
  89.81565      1.09110    8.67268    0.11249      82309
  89.82565      1.09100    8.68256    0.10475      82290
  89.83565      1.09091    8.67092    0.10347      81056
  89.84565      1.09081    8.67488    0.10448      81254
  89.85564      1.09072    8.68966    0.10301      81380
  89.86564      1.09062    8.67203    0.10667      81490
  89.87564      1.09053    8.69777    0.11575      82162
  89.88564      1.09043    8.68713    0.10682      82270
  89.89564      1.09034    8.70140    0.10353      81202
  89.90564      1.09024    8.71718    0.10531      80129
  89.91563      1.09014    8.72814    0.10530      79724
  89.92563      1.09005    8.74366    0.10525      79093
  89.93563      1.08995    8.75749    0.10955      78776
  89.94563      1.08986    8.76007    0.10902      78172
  89.95563      1.08976    8.78681    0.10789      76871
  89.96563      1.08967    8.80063    0.10522      75902
  89.97562      1.08957    8.83862    0.10651      74669
  89.98562      1.08948    8.84099    0.10790      73610
  89.99562      1.08938    8.87488    0.11081      73277
  90.00562      1.08929    8.87998    0.11168      71996
  90.01562      1.08919    8.90246    0.11281      70357
  90.02562      1.08910    8.90805    0.11112      68917
  90.03561      1.08900    8.91348    0.10852      67161
  90.04561      1.08891    8.92921    0.10962      65667
  90.05561      1.08881    8.92990    0.11243      64733
  90.06561      1.08872    8.93379    0.11280      62796
  90.07561      1.08862    8.93639    0.11190      60633
  90.08561      1.08853    8.93340    0.11605      58177
  90.09560      1.08843    8.94556    0.11766      55711
  90.10560      1.08834    8.92392    0.11797      54159
  90.11560      1.08824    8.92402    0.11074      52022
  90.12560      1.08815    8.92813    0.11854      49473
  90.13560      1.08806    8.91388    0.11910      46683
  90.14560      1.08796    8.92226    0.11897      43704
  90.15559      1.08787    8.90768    0.13836      40942
  90.16559      1.08777    8.89501    0.13098      38804
  90.17559      1.08768    8.91155    0.13032      35719
  90.18559      1.08758    8.90234    0.12377      32394
  90.19559      1.08749    8.96037    0.12657      28104
  90.20558      1.08739    9.00382    0.13406      23226
  90.21558      1.08730    9.05424    0.14651      19348
  90.22558      1.08720    9.04297    0.15610      16196
  90.23558      1.08711    8.97837    0.15793      13375
  90.24558      1.08701    9.02056    0.17195      10848
  90.25558      1.08692    9.14326    0.16938       7774
  90.26557      1.08683    9.64155    0.23686       4126
  90.27557      1.08673    9.64512    0.26222       2593
  90.28557      1.08664    9.79833    0.26827       1347
  90.29557      1.08654    9.78684    0.26519        189
  90.30557      1.08645    9.98981    0.37308         24
