[PowderLattice 1]
2.0*thetadeg
  90.28648 1.0   -14    -2    -1
  90.00000 1.0   -14    -2     0
  90.28648 1.0   -14    -2     1
  90.28648 1.0   -14    -1    -2
  89.42703 1.0   -14    -1    -1
  89.14053 1.0   -14    -1     0
  89.42703 1.0   -14    -1     1
  90.28648 1.0   -14    -1     2
  90.00000 1.0   -14     0    -2
  89.14053 1.0   -14     0    -1
  88.85401 1.0   -14     0     0
  89.14053 1.0   -14     0     1
  90.00000 1.0   -14     0     2
  90.28648 1.0   -14     1    -2
  89.42703 1.0   -14     1    -1
  89.14053 1.0   -14     1     0
  89.42703 1.0   -14     1     1
  90.28648 1.0   -14     1     2
  90.28648 1.0   -14     2    -1
  90.00000 1.0   -14     2     0
  90.28648 1.0   -14     2     1
  89.42703 1.0   -13    -5    -2
  88.56746 1.0   -13    -5    -1
  88.28087 1.0   -13    -5     0
  88.56746 1.0   -13    -5     1
  89.42703 1.0   -13    -5     2
  90.28648 1.0   -13    -4    -4
  88.28087 1.0   -13    -4    -3
  86.84714 1.0   -13    -4    -2
  85.98601 1.0   -13    -4    -1
  85.69878 1.0   -13    -4     0
  85.98601 1.0   -13    -4     1
  86.84714 1.0   -13    -4     2
  88.28087 1.0   -13    -4     3
  90.28648 1.0   -13    -4     4
  88.28087 1.0   -13    -3    -4
  86.27315 1.0   -13    -3    -3
  84.83639 1.0   -13    -3    -2
  83.97283 1.0   -13    -3    -1
  83.68468 1.0   -13    -3     0
  83.97283 1.0   -13    -3     1
  84.83639 1.0   -13    -3     2
  86.27315 1.0   -13    -3     3
  88.28087 1.0   -13    -3     4
  89.42703 1.0   -13    -2    -5
  86.84714 1.0   -13    -2    -4
  84.83639 1.0   -13    -2    -3
  83.39637 1.0   -13    -2    -2
  82.53041 1.0   -13    -2    -1
  82.24138 1.0   -13    -2     0
  82.53041 1.0   -13    -2     1
  83.39637 1.0   -13    -2     2
  84.83639 1.0   -13    -2     3
  86.84714 1.0   -13    -2     4
  89.42703 1.0   -13    -2     5
  88.56746 1.0   -13    -1    -5
  85.98601 1.0   -13    -1    -4
  83.97283 1.0   -13    -1    -3
  82.53041 1.0   -13    -1    -2
  81.66272 1.0   -13    -1    -1
  81.37307 1.0   -13    -1     0
  81.66272 1.0   -13    -1     1
  82.53041 1.0   -13    -1     2
  83.97283 1.0   -13    -1     3
  85.98601 1.0   -13    -1     4
  88.56746 1.0   -13    -1     5
  88.28087 1.0   -13     0    -5
  85.69878 1.0   -13     0    -4
  83.68468 1.0   -13     0    -3
  82.24138 1.0   -13     0    -2
  81.37307 1.0   -13     0    -1
  81.08320 1.0   -13     0     0
  81.37307 1.0   -13     0     1
  82.24138 1.0   -13     0     2
  83.68468 1.0   -13     0     3
  85.69878 1.0   -13     0     4
  88.28087 1.0   -13     0     5
  88.56746 1.0   -13     1    -5
  85.98601 1.0   -13     1    -4
  83.97283 1.0   -13     1    -3
  82.53041 1.0   -13     1    -2
  81.66272 1.0   -13     1    -1
  81.37307 1.0   -13     1     0
  81.66272 1.0   -13     1     1
  82.53041 1.0   -13     1     2
  83.97283 1.0   -13     1     3
  85.98601 1.0   -13     1     4
  88.56746 1.0   -13     1     5
  89.42703 1.0   -13     2    -5
  86.84714 1.0   -13     2    -4
  84.83639 1.0   -13     2    -3
  83.39637 1.0   -13     2    -2
  82.53041 1.0   -13     2    -1
  82.24138 1.0   -13     2     0
  82.53041 1.0   -13     2     1
  83.39637 1.0   -13     2     2
  84.83639 1.0   -13     2     3
  86.84714 1.0   -13     2     4
  89.42703 1.0   -13     2     5
  88.28087 1.0   -13     3    -4
  86.27315 1.0   -13     3    -3
  84.83639 1.0   -13     3    -2
  83.97283 1.0   -13     3    -1
  83.68468 1.0   -13     3     0
  83.97283 1.0   -13     3     1
  84.83639 1.0   -13     3     2
  86.27315 1.0   -13     3     3
  88.28087 1.0   -13     3     4
  90.28648 1.0   -13     4    -4
  88.28087 1.0   -13     4    -3
  86.84714 1.0   -13     4    -2
  85.98601 1.0   -13     4    -1
  85.69878 1.0   -13     4     0
  85.98601 1.0   -13     4     1
  86.84714 1.0   -13     4     2
  88.28087 1.0   -13     4     3
  90.28648 1.0   -13     4     4
  89.42703 1.0   -13     5    -2
  88.56746 1.0   -13     5    -1
  88.28087 1.0   -13     5     0
  88.56746 1.0   -13     5     1
  89.42703 1.0   -13     5     2
  89.14053 1.0   -12    -7    -2
  88.28087 1.0   -12    -7    -1
  87.99424 1.0   -12    -7     0
  88.28087 1.0   -12    -7     1
  89.14053 1.0   -12    -7     2
  88.85401 1.0   -12    -6    -4
  86.84714 1.0   -12    -6    -3
  85.41143 1.0   -12    -6    -2
  84.54868 1.0   -12    -6    -1
  84.26083 1.0   -12    -6     0
  84.54868 1.0   -12    -6     1
  85.41143 1.0   -12    -6     2
  86.84714 1.0   -12    -6     3
  88.85401 1.0   -12    -6     4
  88.28087 1.0   -12    -5    -5
  85.69878 1.0   -12    -5    -4
  83.68468 1.0   -12    -5    -3
  82.24138 1.0   -12    -5    -2
  81.37307 1.0   -12    -5    -1
  81.08320 1.0   -12    -5     0
  81.37307 1.0   -12    -5     1
  82.24138 1.0   -12    -5     2
  83.68468 1.0   -12    -5     3
  85.69878 1.0   -12    -5     4
  88.28087 1.0   -12    -5     5
  88.85401 1.0   -12    -4    -6
  85.69878 1.0   -12    -4    -5
  83.10790 1.0   -12    -4    -4
  81.08320 1.0   -12    -4    -3
  79.63024 1.0   -12    -4    -2
  78.75528 1.0   -12    -4    -1
  78.46304 1.0   -12    -4     0
  78.75528 1.0   -12    -4     1
  79.63024 1.0   -12    -4     2
  81.08320 1.0   -12    -4     3
  83.10790 1.0   -12    -4     4
  85.69878 1.0   -12    -4     5
  88.85401 1.0   -12    -4     6
  86.84714 1.0   -12    -3    -6
  83.68468 1.0   -12    -3    -5
  81.08320 1.0   -12    -3    -4
  79.04722 1.0   -12    -3    -3
  77.58447 1.0   -12    -3    -2
  76.70293 1.0   -12    -3    -1
  76.40838 1.0   -12    -3     0
  76.70293 1.0   -12    -3     1
  77.58447 1.0   -12    -3     2
  79.04722 1.0   -12    -3     3
  81.08320 1.0   -12    -3     4
  83.68468 1.0   -12    -3     5
  86.84714 1.0   -12    -3     6
  89.14053 1.0   -12    -2    -7
  85.41143 1.0   -12    -2    -6
  82.24138 1.0   -12    -2    -5
  79.63024 1.0   -12    -2    -4
  77.58447 1.0   -12    -2    -3
  76.11346 1.0   -12    -2    -2
  75.22641 1.0   -12    -2    -1
  74.92994 1.0   -12    -2     0
  75.22641 1.0   -12    -2     1
  76.11346 1.0   -12    -2     2
  77.58447 1.0   -12    -2     3
  79.63024 1.0   -12    -2     4
  82.24138 1.0   -12    -2     5
  85.41143 1.0   -12    -2     6
  89.14053 1.0   -12    -2     7
  88.28087 1.0   -12    -1    -7
  84.54868 1.0   -12    -1    -6
  81.37307 1.0   -12    -1    -5
  78.75528 1.0   -12    -1    -4
  76.70293 1.0   -12    -1    -3
  75.22641 1.0   -12    -1    -2
  74.33573 1.0   -12    -1    -1
  74.03799 1.0   -12    -1     0
  74.33573 1.0   -12    -1     1
  75.22641 1.0   -12    -1     2
  76.70293 1.0   -12    -1     3
  78.75528 1.0   -12    -1     4
  81.37307 1.0   -12    -1     5
  84.54868 1.0   -12    -1     6
  88.28087 1.0   -12    -1     7
  87.99424 1.0   -12     0    -7
  84.26083 1.0   -12     0    -6
  81.08320 1.0   -12     0    -5
  78.46304 1.0   -12     0    -4
  76.40838 1.0   -12     0    -3
  74.92994 1.0   -12     0    -2
  74.03799 1.0   -12     0    -1
  73.73980 1.0   -12     0     0
  74.03799 1.0   -12     0     1
  74.92994 1.0   -12     0     2
  76.40838 1.0   -12     0     3
  78.46304 1.0   -12     0     4
  81.08320 1.0   -12     0     5
  84.26083 1.0   -12     0     6
  87.99424 1.0   -12     0     7
  88.28087 1.0   -12     1    -7
  84.54868 1.0   -12     1    -6
  81.37307 1.0   -12     1    -5
  78.75528 1.0   -12     1    -4
  76.70293 1.0   -12     1    -3
  75.22641 1.0   -12     1    -2
  74.33573 1.0   -12     1    -1
  74.03799 1.0   -12     1     0
  74.33573 1.0   -12     1     1
  75.22641 1.0   -12     1     2
  76.70293 1.0   -12     1     3
  78.75528 1.0   -12     1     4
  81.37307 1.0   -12     1     5
  84.54868 1.0   -12     1     6
  88.28087 1.0   -12     1     7
  89.14053 1.0   -12     2    -7
  85.41143 1.0   -12     2    -6
  82.24138 1.0   -12     2    -5
  79.63024 1.0   -12     2    -4
  77.58447 1.0   -12     2    -3
  76.11346 1.0   -12     2    -2
  75.22641 1.0   -12     2    -1
  74.92994 1.0   -12     2     0
  75.22641 1.0   -12     2     1
  76.11346 1.0   -12     2     2
  77.58447 1.0   -12     2     3
  79.63024 1.0   -12     2     4
  82.24138 1.0   -12     2     5
  85.41143 1.0   -12     2     6
  89.14053 1.0   -12     2     7
  86.84714 1.0   -12     3    -6
  83.68468 1.0   -12     3    -5
  81.08320 1.0   -12     3    -4
  79.04722 1.0   -12     3    -3
  77.58447 1.0   -12     3    -2
  76.70293 1.0   -12     3    -1
  76.40838 1.0   -12     3     0
  76.70293 1.0   -12     3     1
  77.58447 1.0   -12     3     2
  79.04722 1.0   -12     3     3
  81.08320 1.0   -12     3     4
  83.68468 1.0   -12     3     5
  86.84714 1.0   -12     3     6
  88.85401 1.0   -12     4    -6
  85.69878 1.0   -12     4    -5
  83.10790 1.0   -12     4    -4
  81.08320 1.0   -12     4    -3
  79.63024 1.0   -12     4    -2
  78.75528 1.0   -12     4    -1
  78.46304 1.0   -12     4     0
  78.75528 1.0   -12     4     1
  79.63024 1.0   -12     4     2
  81.08320 1.0   -12     4     3
  83.10790 1.0   -12     4     4
  85.69878 1.0   -12     4     5
  88.85401 1.0   -12     4     6
  88.28087 1.0   -12     5    -5
  85.69878 1.0   -12     5    -4
  83.68468 1.0   -12     5    -3
  82.24138 1.0   -12     5    -2
  81.37307 1.0   -12     5    -1
  81.08320 1.0   -12     5     0
  81.37307 1.0   -12     5     1
  82.24138 1.0   -12     5     2
  83.68468 1.0   -12     5     3
  85.69878 1.0   -12     5     4
  88.28087 1.0   -12     5     5
  88.85401 1.0   -12     6    -4
  86.84714 1.0   -12     6    -3
  85.41143 1.0   -12     6    -2
  84.54868 1.0   -12     6    -1
  84.26083 1.0   -12     6     0
  84.54868 1.0   -12     6     1
  85.41143 1.0   -12     6     2
  86.84714 1.0   -12     6     3
  88.85401 1.0   -12     6     4
  89.14053 1.0   -12     7    -2
  88.28087 1.0   -12     7    -1
  87.99424 1.0   -12     7     0
  88.28087 1.0   -12     7     1
  89.14053 1.0   -12     7     2
  90.28648 1.0   -11    -8    -4
  88.28087 1.0   -11    -8    -3
  86.84714 1.0   -11    -8    -2
  85.98601 1.0   -11    -8    -1
  85.69878 1.0   -11    -8     0
  85.98601 1.0   -11    -8     1
  86.84714 1.0   -11    -8     2
  88.28087 1.0   -11    -8     3
  90.28648 1.0   -11    -8     4
  88.56746 1.0   -11    -7    -5
  85.98601 1.0   -11    -7    -4
  83.97283 1.0   -11    -7    -3
  82.53041 1.0   -11    -7    -2
  81.66272 1.0   -11    -7    -1
  81.37307 1.0   -11    -7     0
  81.66272 1.0   -11    -7     1
  82.53041 1.0   -11    -7     2
  83.97283 1.0   -11    -7     3
  85.98601 1.0   -11    -7     4
  88.56746 1.0   -11    -7     5
  87.99424 1.0   -11    -6    -6
  84.83639 1.0   -11    -6    -5
  82.24138 1.0   -11    -6    -4
  80.21218 1.0   -11    -6    -3
  78.75528 1.0   -11    -6    -2
  77.87765 1.0   -11    -6    -1
  77.58447 1.0   -11    -6     0
  77.87765 1.0   -11    -6     1
  78.75528 1.0   -11    -6     2
  80.21218 1.0   -11    -6     3
  82.24138 1.0   -11    -6     4
  84.83639 1.0   -11    -6     5
  87.99424 1.0   -11    -6     6
  88.56746 1.0   -11    -5    -7
  84.83639 1.0   -11    -5    -6
  81.66272 1.0   -11    -5    -5
  79.04722 1.0   -11    -5    -4
  76.99712 1.0   -11    -5    -3
  75.52249 1.0   -11    -5    -2
  74.63305 1.0   -11    -5    -1
  74.33573 1.0   -11    -5     0
  74.63305 1.0   -11    -5     1
  75.52249 1.0   -11    -5     2
  76.99712 1.0   -11    -5     3
  79.04722 1.0   -11    -5     4
  81.66272 1.0   -11    -5     5
  84.83639 1.0   -11    -5     6
  88.56746 1.0   -11    -5     7
  90.28648 1.0   -11    -4    -8
  85.98601 1.0   -11    -4    -7
  82.24138 1.0   -11    -4    -6
  79.04722 1.0   -11    -4    -5
  76.40838 1.0   -11    -4    -4
  74.33573 1.0   -11    -4    -3
  72.84246 1.0   -11    -4    -2
  71.94077 1.0   -11    -4    -1
  71.63919 1.0   -11    -4     0
  71.94077 1.0   -11    -4     1
  72.84246 1.0   -11    -4     2
  74.33573 1.0   -11    -4     3
  76.40838 1.0   -11    -4     4
  79.04722 1.0   -11    -4     5
  82.24138 1.0   -11    -4     6
  85.98601 1.0   -11    -4     7
  90.28648 1.0   -11    -4     8
  88.28087 1.0   -11    -3    -8
  83.97283 1.0   -11    -3    -7
  80.21218 1.0   -11    -3    -6
  76.99712 1.0   -11    -3    -5
  74.33573 1.0   -11    -3    -4
  72.24184 1.0   -11    -3    -3
  70.73122 1.0   -11    -3    -2
  69.81820 1.0   -11    -3    -1
  69.51268 1.0   -11    -3     0
  69.81820 1.0   -11    -3     1
  70.73122 1.0   -11    -3     2
  72.24184 1.0   -11    -3     3
  74.33573 1.0   -11    -3     4
  76.99712 1.0   -11    -3     5
  80.21218 1.0   -11    -3     6
  83.97283 1.0   -11    -3     7
  88.28087 1.0   -11    -3     8
  86.84714 1.0   -11    -2    -8
  82.53041 1.0   -11    -2    -7
  78.75528 1.0   -11    -2    -6
  75.52249 1.0   -11    -2    -5
  72.84246 1.0   -11    -2    -4
  70.73122 1.0   -11    -2    -3
  69.20656 1.0   -11    -2    -2
  68.28438 1.0   -11    -2    -1
  67.97569 1.0   -11    -2     0
  68.28438 1.0   -11    -2     1
  69.20656 1.0   -11    -2     2
  70.73122 1.0   -11    -2     3
  72.84246 1.0   -11    -2     4
  75.52249 1.0   -11    -2     5
  78.75528 1.0   -11    -2     6
  82.53041 1.0   -11    -2     7
  86.84714 1.0   -11    -2     8
  85.98601 1.0   -11    -1    -8
  81.66272 1.0   -11    -1    -7
  77.87765 1.0   -11    -1    -6
  74.63305 1.0   -11    -1    -5
  71.94077 1.0   -11    -1    -4
  69.81820 1.0   -11    -1    -3
  68.28438 1.0   -11    -1    -2
  67.35626 1.0   -11    -1    -1
  67.04550 1.0   -11    -1     0
  67.35626 1.0   -11    -1     1
  68.28438 1.0   -11    -1     2
  69.81820 1.0   -11    -1     3
  71.94077 1.0   -11    -1     4
  74.63305 1.0   -11    -1     5
  77.87765 1.0   -11    -1     6
  81.66272 1.0   -11    -1     7
  85.98601 1.0   -11    -1     8
  85.69878 1.0   -11     0    -8
  81.37307 1.0   -11     0    -7
  77.58447 1.0   -11     0    -6
  74.33573 1.0   -11     0    -5
  71.63919 1.0   -11     0    -4
  69.51268 1.0   -11     0    -3
  67.97569 1.0   -11     0    -2
  67.04550 1.0   -11     0    -1
  66.73403 1.0   -11     0     0
  67.04550 1.0   -11     0     1
  67.97569 1.0   -11     0     2
  69.51268 1.0   -11     0     3
  71.63919 1.0   -11     0     4
  74.33573 1.0   -11     0     5
  77.58447 1.0   -11     0     6
  81.37307 1.0   -11     0     7
  85.69878 1.0   -11     0     8
  85.98601 1.0   -11     1    -8
  81.66272 1.0   -11     1    -7
  77.87765 1.0   -11     1    -6
  74.63305 1.0   -11     1    -5
  71.94077 1.0   -11     1    -4
  69.81820 1.0   -11     1    -3
  68.28438 1.0   -11     1    -2
  67.35626 1.0   -11     1    -1
  67.04550 1.0   -11     1     0
  67.35626 1.0   -11     1     1
  68.28438 1.0   -11     1     2
  69.81820 1.0   -11     1     3
  71.94077 1.0   -11     1     4
  74.63305 1.0   -11     1     5
  77.87765 1.0   -11     1     6
  81.66272 1.0   -11     1     7
  85.98601 1.0   -11     1     8
  86.84714 1.0   -11     2    -8
  82.53041 1.0   -11     2    -7
  78.75528 1.0   -11     2    -6
  75.52249 1.0   -11     2    -5
  72.84246 1.0   -11     2    -4
  70.73122 1.0   -11     2    -3
  69.20656 1.0   -11     2    -2
  68.28438 1.0   -11     2    -1
  67.97569 1.0   -11     2     0
  68.28438 1.0   -11     2     1
  69.20656 1.0   -11     2     2
  70.73122 1.0   -11     2     3
  72.84246 1.0   -11     2     4
  75.52249 1.0   -11     2     5
  78.75528 1.0   -11     2     6
  82.53041 1.0   -11     2     7
  86.84714 1.0   -11     2     8
  88.28087 1.0   -11     3    -8
  83.97283 1.0   -11     3    -7
  80.21218 1.0   -11     3    -6
  76.99712 1.0   -11     3    -5
  74.33573 1.0   -11     3    -4
  72.24184 1.0   -11     3    -3
  70.73122 1.0   -11     3    -2
  69.81820 1.0   -11     3    -1
  69.51268 1.0   -11     3     0
  69.81820 1.0   -11     3     1
  70.73122 1.0   -11     3     2
  72.24184 1.0   -11     3     3
  74.33573 1.0   -11     3     4
  76.99712 1.0   -11     3     5
  80.21218 1.0   -11     3     6
  83.97283 1.0   -11     3     7
  88.28087 1.0   -11     3     8
  90.28648 1.0   -11     4    -8
  85.98601 1.0   -11     4    -7
  82.24138 1.0   -11     4    -6
  79.04722 1.0   -11     4    -5
  76.40838 1.0   -11     4    -4
  74.33573 1.0   -11     4    -3
  72.84246 1.0   -11     4    -2
  71.94077 1.0   -11     4    -1
  71.63919 1.0   -11     4     0
  71.94077 1.0   -11     4     1
  72.84246 1.0   -11     4     2
  74.33573 1.0   -11     4     3
  76.40838 1.0   -11     4     4
  79.04722 1.0   -11     4     5
  82.24138 1.0   -11     4     6
  85.98601 1.0   -11     4     7
  90.28648 1.0   -11     4     8
  88.56746 1.0   -11     5    -7
  84.83639 1.0   -11     5    -6
  81.66272 1.0   -11     5    -5
  79.04722 1.0   -11     5    -4
  76.99712 1.0   -11     5    -3
  75.52249 1.0   -11     5    -2
  74.63305 1.0   -11     5    -1
  74.33573 1.0   -11     5     0
  74.63305 1.0   -11     5     1
  75.52249 1.0   -11     5     2
  76.99712 1.0   -11     5     3
  79.04722 1.0   -11     5     4
  81.66272 1.0   -11     5     5
  84.83639 1.0   -11     5     6
  88.56746 1.0   -11     5     7
  87.99424 1.0   -11     6    -6
  84.83639 1.0   -11     6    -5
  82.24138 1.0   -11     6    -4
  80.21218 1.0   -11     6    -3
  78.75528 1.0   -11     6    -2
  77.87765 1.0   -11     6    -1
  77.58447 1.0   -11     6     0
  77.87765 1.0   -11     6     1
  78.75528 1.0   -11     6     2
  80.21218 1.0   -11     6     3
  82.24138 1.0   -11     6     4
  84.83639 1.0   -11     6     5
  87.99424 1.0   -11     6     6
  88.56746 1.0   -11     7    -5
  85.98601 1.0   -11     7    -4
  83.97283 1.0   -11     7    -3
  82.53041 1.0   -11     7    -2
  81.66272 1.0   -11     7    -1
  81.37307 1.0   -11     7     0
  81.66272 1.0   -11     7     1
  82.53041 1.0   -11     7     2
  83.97283 1.0   -11     7     3
  85.98601 1.0   -11     7     4
  88.56746 1.0   -11     7     5
  90.28648 1.0   -11     8    -4
  88.28087 1.0   -11     8    -3
  86.84714 1.0   -11     8    -2
  85.98601 1.0   -11     8    -1
  85.69878 1.0   -11     8     0
  85.98601 1.0   -11     8     1
  86.84714 1.0   -11     8     2
  88.28087 1.0   -11     8     3
  90.28648 1.0   -11     8     4
  90.28648 1.0   -10   -10    -1
  90.00000 1.0   -10   -10     0
  90.28648 1.0   -10   -10     1
  89.14053 1.0   -10    -9    -4
  87.13402 1.0   -10    -9    -3
  85.69878 1.0   -10    -9    -2
  84.83639 1.0   -10    -9    -1
  84.54868 1.0   -10    -9     0
  84.83639 1.0   -10    -9     1
  85.69878 1.0   -10    -9     2
  87.13402 1.0   -10    -9     3
  89.14053 1.0   -10    -9     4
  90.00000 1.0   -10    -8    -6
  86.84714 1.0   -10    -8    -5
  84.26083 1.0   -10    -8    -4
  82.24138 1.0   -10    -8    -3
  80.79310 1.0   -10    -8    -2
  79.92134 1.0   -10    -8    -1
  79.63024 1.0   -10    -8     0
  79.92134 1.0   -10    -8     1
  80.79310 1.0   -10    -8     2
  82.24138 1.0   -10    -8     3
  84.26083 1.0   -10    -8     4
  86.84714 1.0   -10    -8     5
  90.00000 1.0   -10    -8     6
  89.42703 1.0   -10    -7    -7
  85.69878 1.0   -10    -7    -6
  82.53041 1.0   -10    -7    -5
  79.92134 1.0   -10    -7    -4
  77.87765 1.0   -10    -7    -3
  76.40838 1.0   -10    -7    -2
  75.52249 1.0   -10    -7    -1
  75.22641 1.0   -10    -7     0
  75.52249 1.0   -10    -7     1
  76.40838 1.0   -10    -7     2
  77.87765 1.0   -10    -7     3
  79.92134 1.0   -10    -7     4
  82.53041 1.0   -10    -7     5
  85.69878 1.0   -10    -7     6
  89.42703 1.0   -10    -7     7
  90.00000 1.0   -10    -6    -8
  85.69878 1.0   -10    -6    -7
  81.95215 1.0   -10    -6    -6
  78.75528 1.0   -10    -6    -5
  76.11346 1.0   -10    -6    -4
  74.03799 1.0   -10    -6    -3
  72.54240 1.0   -10    -6    -2
  71.63919 1.0   -10    -6    -1
  71.33708 1.0   -10    -6     0
  71.63919 1.0   -10    -6     1
  72.54240 1.0   -10    -6     2
  74.03799 1.0   -10    -6     3
  76.11346 1.0   -10    -6     4
  78.75528 1.0   -10    -6     5
  81.95215 1.0   -10    -6     6
  85.69878 1.0   -10    -6     7
  90.00000 1.0   -10    -6     8
  86.84714 1.0   -10    -5    -8
  82.53041 1.0   -10    -5    -7
  78.75528 1.0   -10    -5    -6
  75.52249 1.0   -10    -5    -5
  72.84246 1.0   -10    -5    -4
  70.73122 1.0   -10    -5    -3
  69.20656 1.0   -10    -5    -2
  68.28438 1.0   -10    -5    -1
  67.97569 1.0   -10    -5     0
  68.28438 1.0   -10    -5     1
  69.20656 1.0   -10    -5     2
  70.73122 1.0   -10    -5     3
  72.84246 1.0   -10    -5     4
  75.52249 1.0   -10    -5     5
  78.75528 1.0   -10    -5     6
  82.53041 1.0   -10    -5     7
  86.84714 1.0   -10    -5     8
  89.14053 1.0   -10    -4    -9
  84.26083 1.0   -10    -4    -8
  79.92134 1.0   -10    -4    -7
  76.11346 1.0   -10    -4    -6
  72.84246 1.0   -10    -4    -5
  70.12313 1.0   -10    -4    -4
  67.97569 1.0   -10    -4    -3
  66.42182 1.0   -10    -4    -2
  65.48068 1.0   -10    -4    -1
  65.16541 1.0   -10    -4     0
  65.48068 1.0   -10    -4     1
  66.42182 1.0   -10    -4     2
  67.97569 1.0   -10    -4     3
  70.12313 1.0   -10    -4     4
  72.84246 1.0   -10    -4     5
  76.11346 1.0   -10    -4     6
  79.92134 1.0   -10    -4     7
  84.26083 1.0   -10    -4     8
  89.14053 1.0   -10    -4     9
  87.13402 1.0   -10    -3    -9
  82.24138 1.0   -10    -3    -8
  77.87765 1.0   -10    -3    -7
  74.03799 1.0   -10    -3    -6
  70.73122 1.0   -10    -3    -5
  67.97569 1.0   -10    -3    -4
  65.79517 1.0   -10    -3    -3
  64.21471 1.0   -10    -3    -2
  63.25632 1.0   -10    -3    -1
  62.93507 1.0   -10    -3     0
  63.25632 1.0   -10    -3     1
  64.21471 1.0   -10    -3     2
  65.79517 1.0   -10    -3     3
  67.97569 1.0   -10    -3     4
  70.73122 1.0   -10    -3     5
  74.03799 1.0   -10    -3     6
  77.87765 1.0   -10    -3     7
  82.24138 1.0   -10    -3     8
  87.13402 1.0   -10    -3     9
  85.69878 1.0   -10    -2    -9
  80.79310 1.0   -10    -2    -8
  76.40838 1.0   -10    -2    -7
  72.54240 1.0   -10    -2    -6
  69.20656 1.0   -10    -2    -5
  66.42182 1.0   -10    -2    -4
  64.21471 1.0   -10    -2    -3
  62.61289 1.0   -10    -2    -2
  61.64065 1.0   -10    -2    -1
  61.31460 1.0   -10    -2     0
  61.64065 1.0   -10    -2     1
  62.61289 1.0   -10    -2     2
  64.21471 1.0   -10    -2     3
  66.42182 1.0   -10    -2     4
  69.20656 1.0   -10    -2     5
  72.54240 1.0   -10    -2     6
  76.40838 1.0   -10    -2     7
  80.79310 1.0   -10    -2     8
  85.69878 1.0   -10    -2     9
  90.28648 1.0   -10    -1   -10
  84.83639 1.0   -10    -1    -9
  79.92134 1.0   -10    -1    -8
  75.52249 1.0   -10    -1    -7
  71.63919 1.0   -10    -1    -6
  68.28438 1.0   -10    -1    -5
  65.48068 1.0   -10    -1    -4
  63.25632 1.0   -10    -1    -3
  61.64065 1.0   -10    -1    -2
  60.65942 1.0   -10    -1    -1
  60.33025 1.0   -10    -1     0
  60.65942 1.0   -10    -1     1
  61.64065 1.0   -10    -1     2
  63.25632 1.0   -10    -1     3
  65.48068 1.0   -10    -1     4
  68.28438 1.0   -10    -1     5
  71.63919 1.0   -10    -1     6
  75.52249 1.0   -10    -1     7
  79.92134 1.0   -10    -1     8
  84.83639 1.0   -10    -1     9
  90.28648 1.0   -10    -1    10
  90.00000 1.0   -10     0   -10
  84.54868 1.0   -10     0    -9
  79.63024 1.0   -10     0    -8
  75.22641 1.0   -10     0    -7
  71.33708 1.0   -10     0    -6
  67.97569 1.0   -10     0    -5
  65.16541 1.0   -10     0    -4
  62.93507 1.0   -10     0    -3
  61.31460 1.0   -10     0    -2
  60.33025 1.0   -10     0    -1
  60.00000 1.0   -10     0     0
  60.33025 1.0   -10     0     1
  61.31460 1.0   -10     0     2
  62.93507 1.0   -10     0     3
  65.16541 1.0   -10     0     4
  67.97569 1.0   -10     0     5
  71.33708 1.0   -10     0     6
  75.22641 1.0   -10     0     7
  79.63024 1.0   -10     0     8
  84.54868 1.0   -10     0     9
  90.00000 1.0   -10     0    10
  90.28648 1.0   -10     1   -10
  84.83639 1.0   -10     1    -9
  79.92134 1.0   -10     1    -8
  75.52249 1.0   -10     1    -7
  71.63919 1.0   -10     1    -6
  68.28438 1.0   -10     1    -5
  65.48068 1.0   -10     1    -4
  63.25632 1.0   -10     1    -3
  61.64065 1.0   -10     1    -2
  60.65942 1.0   -10     1    -1
  60.33025 1.0   -10     1     0
  60.65942 1.0   -10     1     1
  61.64065 1.0   -10     1     2
  63.25632 1.0   -10     1     3
  65.48068 1.0   -10     1     4
  68.28438 1.0   -10     1     5
  71.63919 1.0   -10     1     6
  75.52249 1.0   -10     1     7
  79.92134 1.0   -10     1     8
  84.83639 1.0   -10     1     9
  90.28648 1.0   -10     1    10
  85.69878 1.0   -10     2    -9
  80.79310 1.0   -10     2    -8
  76.40838 1.0   -10     2    -7
  72.54240 1.0   -10     2    -6
  69.20656 1.0   -10     2    -5
  66.42182 1.0   -10     2    -4
  64.21471 1.0   -10     2    -3
  62.61289 1.0   -10     2    -2
  61.64065 1.0   -10     2    -1
  61.31460 1.0   -10     2     0
  61.64065 1.0   -10     2     1
  62.61289 1.0   -10     2     2
  64.21471 1.0   -10     2     3
  66.42182 1.0   -10     2     4
  69.20656 1.0   -10     2     5
  72.54240 1.0   -10     2     6
  76.40838 1.0   -10     2     7
  80.79310 1.0   -10     2     8
  85.69878 1.0   -10     2     9
  87.13402 1.0   -10     3    -9
  82.24138 1.0   -10     3    -8
  77.87765 1.0   -10     3    -7
  74.03799 1.0   -10     3    -6
  70.73122 1.0   -10     3    -5
  67.97569 1.0   -10     3    -4
  65.79517 1.0   -10     3    -3
  64.21471 1.0   -10     3    -2
  63.25632 1.0   -10     3    -1
  62.93507 1.0   -10     3     0
  63.25632 1.0   -10     3     1
  64.21471 1.0   -10     3     2
  65.79517 1.0   -10     3     3
  67.97569 1.0   -10     3     4
  70.73122 1.0   -10     3     5
  74.03799 1.0   -10     3     6
  77.87765 1.0   -10     3     7
  82.24138 1.0   -10     3     8
  87.13402 1.0   -10     3     9
  89.14053 1.0   -10     4    -9
  84.26083 1.0   -10     4    -8
  79.92134 1.0   -10     4    -7
  76.11346 1.0   -10     4    -6
  72.84246 1.0   -10     4    -5
  70.12313 1.0   -10     4    -4
  67.97569 1.0   -10     4    -3
  66.42182 1.0   -10     4    -2
  65.48068 1.0   -10     4    -1
  65.16541 1.0   -10     4     0
  65.48068 1.0   -10     4     1
  66.42182 1.0   -10     4     2
  67.97569 1.0   -10     4     3
  70.12313 1.0   -10     4     4
  72.84246 1.0   -10     4     5
  76.11346 1.0   -10     4     6
  79.92134 1.0   -10     4     7
  84.26083 1.0   -10     4     8
  89.14053 1.0   -10     4     9
  86.84714 1.0   -10     5    -8
  82.53041 1.0   -10     5    -7
  78.75528 1.0   -10     5    -6
  75.52249 1.0   -10     5    -5
  72.84246 1.0   -10     5    -4
  70.73122 1.0   -10     5    -3
  69.20656 1.0   -10     5    -2
  68.28438 1.0   -10     5    -1
  67.97569 1.0   -10     5     0
  68.28438 1.0   -10     5     1
  69.20656 1.0   -10     5     2
  70.73122 1.0   -10     5     3
  72.84246 1.0   -10     5     4
  75.52249 1.0   -10     5     5
  78.75528 1.0   -10     5     6
  82.53041 1.0   -10     5     7
  86.84714 1.0   -10     5     8
  90.00000 1.0   -10     6    -8
  85.69878 1.0   -10     6    -7
  81.95215 1.0   -10     6    -6
  78.75528 1.0   -10     6    -5
  76.11346 1.0   -10     6    -4
  74.03799 1.0   -10     6    -3
  72.54240 1.0   -10     6    -2
  71.63919 1.0   -10     6    -1
  71.33708 1.0   -10     6     0
  71.63919 1.0   -10     6     1
  72.54240 1.0   -10     6     2
  74.03799 1.0   -10     6     3
  76.11346 1.0   -10     6     4
  78.75528 1.0   -10     6     5
  81.95215 1.0   -10     6     6
  85.69878 1.0   -10     6     7
  90.00000 1.0   -10     6     8
  89.42703 1.0   -10     7    -7
  85.69878 1.0   -10     7    -6
  82.53041 1.0   -10     7    -5
  79.92134 1.0   -10     7    -4
  77.87765 1.0   -10     7    -3
  76.40838 1.0   -10     7    -2
  75.52249 1.0   -10     7    -1
  75.22641 1.0   -10     7     0
  75.52249 1.0   -10     7     1
  76.40838 1.0   -10     7     2
  77.87765 1.0   -10     7     3
  79.92134 1.0   -10     7     4
  82.53041 1.0   -10     7     5
  85.69878 1.0   -10     7     6
  89.42703 1.0   -10     7     7
  90.00000 1.0   -10     8    -6
  86.84714 1.0   -10     8    -5
  84.26083 1.0   -10     8    -4
  82.24138 1.0   -10     8    -3
  80.79310 1.0   -10     8    -2
  79.92134 1.0   -10     8    -1
  79.63024 1.0   -10     8     0
  79.92134 1.0   -10     8     1
  80.79310 1.0   -10     8     2
  82.24138 1.0   -10     8     3
  84.26083 1.0   -10     8     4
  86.84714 1.0   -10     8     5
  90.00000 1.0   -10     8     6
  89.14053 1.0   -10     9    -4
  87.13402 1.0   -10     9    -3
  85.69878 1.0   -10     9    -2
  84.83639 1.0   -10     9    -1
  84.54868 1.0   -10     9     0
  84.83639 1.0   -10     9     1
  85.69878 1.0   -10     9     2
  87.13402 1.0   -10     9     3
  89.14053 1.0   -10     9     4
  90.28648 1.0   -10    10    -1
  90.00000 1.0   -10    10     0
  90.28648 1.0   -10    10     1
  89.14053 1.0    -9   -10    -4
  87.13402 1.0    -9   -10    -3
  85.69878 1.0    -9   -10    -2
  84.83639 1.0    -9   -10    -1
  84.54868 1.0    -9   -10     0
  84.83639 1.0    -9   -10     1
  85.69878 1.0    -9   -10     2
  87.13402 1.0    -9   -10     3
  89.14053 1.0    -9   -10     4
  89.42703 1.0    -9    -9    -6
  86.27315 1.0    -9    -9    -5
  83.68468 1.0    -9    -9    -4
  81.66272 1.0    -9    -9    -3
  80.21218 1.0    -9    -9    -2
  79.33887 1.0    -9    -9    -1
  79.04722 1.0    -9    -9     0
  79.33887 1.0    -9    -9     1
  80.21218 1.0    -9    -9     2
  81.66272 1.0    -9    -9     3
  83.68468 1.0    -9    -9     4
  86.27315 1.0    -9    -9     5
  89.42703 1.0    -9    -9     6
  88.28087 1.0    -9    -8    -7
  84.54868 1.0    -9    -8    -6
  81.37307 1.0    -9    -8    -5
  78.75528 1.0    -9    -8    -4
  76.70293 1.0    -9    -8    -3
  75.22641 1.0    -9    -8    -2
  74.33573 1.0    -9    -8    -1
  74.03799 1.0    -9    -8     0
  74.33573 1.0    -9    -8     1
  75.22641 1.0    -9    -8     2
  76.70293 1.0    -9    -8     3
  78.75528 1.0    -9    -8     4
  81.37307 1.0    -9    -8     5
  84.54868 1.0    -9    -8     6
  88.28087 1.0    -9    -8     7
  88.28087 1.0    -9    -7    -8
  83.97283 1.0    -9    -7    -7
  80.21218 1.0    -9    -7    -6
  76.99712 1.0    -9    -7    -5
  74.33573 1.0    -9    -7    -4
  72.24184 1.0    -9    -7    -3
  70.73122 1.0    -9    -7    -2
  69.81820 1.0    -9    -7    -1
  69.51268 1.0    -9    -7     0
  69.81820 1.0    -9    -7     1
  70.73122 1.0    -9    -7     2
  72.24184 1.0    -9    -7     3
  74.33573 1.0    -9    -7     4
  76.99712 1.0    -9    -7     5
  80.21218 1.0    -9    -7     6
  83.97283 1.0    -9    -7     7
  88.28087 1.0    -9    -7     8
  89.42703 1.0    -9    -6    -9
  84.54868 1.0    -9    -6    -8
  80.21218 1.0    -9    -6    -7
  76.40838 1.0    -9    -6    -6
  73.14204 1.0    -9    -6    -5
  70.42746 1.0    -9    -6    -4
  68.28438 1.0    -9    -6    -3
  66.73403 1.0    -9    -6    -2
  65.79517 1.0    -9    -6    -1
  65.48068 1.0    -9    -6     0
  65.79517 1.0    -9    -6     1
  66.73403 1.0    -9    -6     2
  68.28438 1.0    -9    -6     3
  70.42746 1.0    -9    -6     4
  73.14204 1.0    -9    -6     5
  76.40838 1.0    -9    -6     6
  80.21218 1.0    -9    -6     7
  84.54868 1.0    -9    -6     8
  89.42703 1.0    -9    -6     9
  86.27315 1.0    -9    -5    -9
  81.37307 1.0    -9    -5    -8
  76.99712 1.0    -9    -5    -7
  73.14204 1.0    -9    -5    -6
  69.81820 1.0    -9    -5    -5
  67.04550 1.0    -9    -5    -4
  64.84934 1.0    -9    -5    -3
  63.25632 1.0    -9    -5    -2
  62.28978 1.0    -9    -5    -1
  61.96570 1.0    -9    -5     0
  62.28978 1.0    -9    -5     1
  63.25632 1.0    -9    -5     2
  64.84934 1.0    -9    -5     3
  67.04550 1.0    -9    -5     4
  69.81820 1.0    -9    -5     5
  73.14204 1.0    -9    -5     6
  76.99712 1.0    -9    -5     7
  81.37307 1.0    -9    -5     8
  86.27315 1.0    -9    -5     9
  89.14053 1.0    -9    -4   -10
  83.68468 1.0    -9    -4    -9
  78.75528 1.0    -9    -4    -8
  74.33573 1.0    -9    -4    -7
  70.42746 1.0    -9    -4    -6
  67.04550 1.0    -9    -4    -5
  64.21471 1.0    -9    -4    -4
  61.96570 1.0    -9    -4    -3
  60.33025 1.0    -9    -4    -2
  59.33617 1.0    -9    -4    -1
  59.00255 1.0    -9    -4     0
  59.33617 1.0    -9    -4     1
  60.33025 1.0    -9    -4     2
  61.96570 1.0    -9    -4     3
  64.21471 1.0    -9    -4     4
  67.04550 1.0    -9    -4     5
  70.42746 1.0    -9    -4     6
  74.33573 1.0    -9    -4     7
  78.75528 1.0    -9    -4     8
  83.68468 1.0    -9    -4     9
  89.14053 1.0    -9    -4    10
  87.13402 1.0    -9    -3   -10
  81.66272 1.0    -9    -3    -9
  76.70293 1.0    -9    -3    -8
  72.24184 1.0    -9    -3    -7
  68.28438 1.0    -9    -3    -6
  64.84934 1.0    -9    -3    -5
  61.96570 1.0    -9    -3    -4
  59.66865 1.0    -9    -3    -3
  57.99455 1.0    -9    -3    -2
  56.97534 1.0    -9    -3    -1
  56.63299 1.0    -9    -3     0
  56.97534 1.0    -9    -3     1
  57.99455 1.0    -9    -3     2
  59.66865 1.0    -9    -3     3
  61.96570 1.0    -9    -3     4
  64.84934 1.0    -9    -3     5
  68.28438 1.0    -9    -3     6
  72.24184 1.0    -9    -3     7
  76.70293 1.0    -9    -3     8
  81.66272 1.0    -9    -3     9
  87.13402 1.0    -9    -3    10
  85.69878 1.0    -9    -2   -10
  80.21218 1.0    -9    -2    -9
  75.22641 1.0    -9    -2    -8
  70.73122 1.0    -9    -2    -7
  66.73403 1.0    -9    -2    -6
  63.25632 1.0    -9    -2    -5
  60.33025 1.0    -9    -2    -4
  57.99455 1.0    -9    -2    -3
  56.28929 1.0    -9    -2    -2
  55.24977 1.0    -9    -2    -1
  54.90037 1.0    -9    -2     0
  55.24977 1.0    -9    -2     1
  56.28929 1.0    -9    -2     2
  57.99455 1.0    -9    -2     3
  60.33025 1.0    -9    -2     4
  63.25632 1.0    -9    -2     5
  66.73403 1.0    -9    -2     6
  70.73122 1.0    -9    -2     7
  75.22641 1.0    -9    -2     8
  80.21218 1.0    -9    -2     9
  85.69878 1.0    -9    -2    10
  84.83639 1.0    -9    -1   -10
  79.33887 1.0    -9    -1    -9
  74.33573 1.0    -9    -1    -8
  69.81820 1.0    -9    -1    -7
  65.79517 1.0    -9    -1    -6
  62.28978 1.0    -9    -1    -5
  59.33617 1.0    -9    -1    -4
  56.97534 1.0    -9    -1    -3
  55.24977 1.0    -9    -1    -2
  54.19701 1.0    -9    -1    -1
  53.84299 1.0    -9    -1     0
  54.19701 1.0    -9    -1     1
  55.24977 1.0    -9    -1     2
  56.97534 1.0    -9    -1     3
  59.33617 1.0    -9    -1     4
  62.28978 1.0    -9    -1     5
  65.79517 1.0    -9    -1     6
  69.81820 1.0    -9    -1     7
  74.33573 1.0    -9    -1     8
  79.33887 1.0    -9    -1     9
  84.83639 1.0    -9    -1    10
  84.54868 1.0    -9     0   -10
  79.04722 1.0    -9     0    -9
  74.03799 1.0    -9     0    -8
  69.51268 1.0    -9     0    -7
  65.48068 1.0    -9     0    -6
  61.96570 1.0    -9     0    -5
  59.00255 1.0    -9     0    -4
  56.63299 1.0    -9     0    -3
  54.90037 1.0    -9     0    -2
  53.84299 1.0    -9     0    -1
  53.48737 1.0    -9     0     0
  53.84299 1.0    -9     0     1
  54.90037 1.0    -9     0     2
  56.63299 1.0    -9     0     3
  59.00255 1.0    -9     0     4
  61.96570 1.0    -9     0     5
  65.48068 1.0    -9     0     6
  69.51268 1.0    -9     0     7
  74.03799 1.0    -9     0     8
  79.04722 1.0    -9     0     9
  84.54868 1.0    -9     0    10
  84.83639 1.0    -9     1   -10
  79.33887 1.0    -9     1    -9
  74.33573 1.0    -9     1    -8
  69.81820 1.0    -9     1    -7
  65.79517 1.0    -9     1    -6
  62.28978 1.0    -9     1    -5
  59.33617 1.0    -9     1    -4
  56.97534 1.0    -9     1    -3
  55.24977 1.0    -9     1    -2
  54.19701 1.0    -9     1    -1
  53.84299 1.0    -9     1     0
  54.19701 1.0    -9     1     1
  55.24977 1.0    -9     1     2
  56.97534 1.0    -9     1     3
  59.33617 1.0    -9     1     4
  62.28978 1.0    -9     1     5
  65.79517 1.0    -9     1     6
  69.81820 1.0    -9     1     7
  74.33573 1.0    -9     1     8
  79.33887 1.0    -9     1     9
  84.83639 1.0    -9     1    10
  85.69878 1.0    -9     2   -10
  80.21218 1.0    -9     2    -9
  75.22641 1.0    -9     2    -8
  70.73122 1.0    -9     2    -7
  66.73403 1.0    -9     2    -6
  63.25632 1.0    -9     2    -5
  60.33025 1.0    -9     2    -4
  57.99455 1.0    -9     2    -3
  56.28929 1.0    -9     2    -2
  55.24977 1.0    -9     2    -1
  54.90037 1.0    -9     2     0
  55.24977 1.0    -9     2     1
  56.28929 1.0    -9     2     2
  57.99455 1.0    -9     2     3
  60.33025 1.0    -9     2     4
  63.25632 1.0    -9     2     5
  66.73403 1.0    -9     2     6
  70.73122 1.0    -9     2     7
  75.22641 1.0    -9     2     8
  80.21218 1.0    -9     2     9
  85.69878 1.0    -9     2    10
  87.13402 1.0    -9     3   -10
  81.66272 1.0    -9     3    -9
  76.70293 1.0    -9     3    -8
  72.24184 1.0    -9     3    -7
  68.28438 1.0    -9     3    -6
  64.84934 1.0    -9     3    -5
  61.96570 1.0    -9     3    -4
  59.66865 1.0    -9     3    -3
  57.99455 1.0    -9     3    -2
  56.97534 1.0    -9     3    -1
  56.63299 1.0    -9     3     0
  56.97534 1.0    -9     3     1
  57.99455 1.0    -9     3     2
  59.66865 1.0    -9     3     3
  61.96570 1.0    -9     3     4
  64.84934 1.0    -9     3     5
  68.28438 1.0    -9     3     6
  72.24184 1.0    -9     3     7
  76.70293 1.0    -9     3     8
  81.66272 1.0    -9     3     9
  87.13402 1.0    -9     3    10
  89.14053 1.0    -9     4   -10
  83.68468 1.0    -9     4    -9
  78.75528 1.0    -9     4    -8
  74.33573 1.0    -9     4    -7
  70.42746 1.0    -9     4    -6
  67.04550 1.0    -9     4    -5
  64.21471 1.0    -9     4    -4
  61.96570 1.0    -9     4    -3
  60.33025 1.0    -9     4    -2
  59.33617 1.0    -9     4    -1
  59.00255 1.0    -9     4     0
  59.33617 1.0    -9     4     1
  60.33025 1.0    -9     4     2
  61.96570 1.0    -9     4     3
  64.21471 1.0    -9     4     4
  67.04550 1.0    -9     4     5
  70.42746 1.0    -9     4     6
  74.33573 1.0    -9     4     7
  78.75528 1.0    -9     4     8
  83.68468 1.0    -9     4     9
  89.14053 1.0    -9     4    10
  86.27315 1.0    -9     5    -9
  81.37307 1.0    -9     5    -8
  76.99712 1.0    -9     5    -7
  73.14204 1.0    -9     5    -6
  69.81820 1.0    -9     5    -5
  67.04550 1.0    -9     5    -4
  64.84934 1.0    -9     5    -3
  63.25632 1.0    -9     5    -2
  62.28978 1.0    -9     5    -1
  61.96570 1.0    -9     5     0
  62.28978 1.0    -9     5     1
  63.25632 1.0    -9     5     2
  64.84934 1.0    -9     5     3
  67.04550 1.0    -9     5     4
  69.81820 1.0    -9     5     5
  73.14204 1.0    -9     5     6
  76.99712 1.0    -9     5     7
  81.37307 1.0    -9     5     8
  86.27315 1.0    -9     5     9
  89.42703 1.0    -9     6    -9
  84.54868 1.0    -9     6    -8
  80.21218 1.0    -9     6    -7
  76.40838 1.0    -9     6    -6
  73.14204 1.0    -9     6    -5
  70.42746 1.0    -9     6    -4
  68.28438 1.0    -9     6    -3
  66.73403 1.0    -9     6    -2
  65.79517 1.0    -9     6    -1
  65.48068 1.0    -9     6     0
  65.79517 1.0    -9     6     1
  66.73403 1.0    -9     6     2
  68.28438 1.0    -9     6     3
  70.42746 1.0    -9     6     4
  73.14204 1.0    -9     6     5
  76.40838 1.0    -9     6     6
  80.21218 1.0    -9     6     7
  84.54868 1.0    -9     6     8
  89.42703 1.0    -9     6     9
  88.28087 1.0    -9     7    -8
  83.97283 1.0    -9     7    -7
  80.21218 1.0    -9     7    -6
  76.99712 1.0    -9     7    -5
  74.33573 1.0    -9     7    -4
  72.24184 1.0    -9     7    -3
  70.73122 1.0    -9     7    -2
  69.81820 1.0    -9     7    -1
  69.51268 1.0    -9     7     0
  69.81820 1.0    -9     7     1
  70.73122 1.0    -9     7     2
  72.24184 1.0    -9     7     3
  74.33573 1.0    -9     7     4
  76.99712 1.0    -9     7     5
  80.21218 1.0    -9     7     6
  83.97283 1.0    -9     7     7
  88.28087 1.0    -9     7     8
  88.28087 1.0    -9     8    -7
  84.54868 1.0    -9     8    -6
  81.37307 1.0    -9     8    -5
  78.75528 1.0    -9     8    -4
  76.70293 1.0    -9     8    -3
  75.22641 1.0    -9     8    -2
  74.33573 1.0    -9     8    -1
  74.03799 1.0    -9     8     0
  74.33573 1.0    -9     8     1
  75.22641 1.0    -9     8     2
  76.70293 1.0    -9     8     3
  78.75528 1.0    -9     8     4
  81.37307 1.0    -9     8     5
  84.54868 1.0    -9     8     6
  88.28087 1.0    -9     8     7
  89.42703 1.0    -9     9    -6
  86.27315 1.0    -9     9    -5
  83.68468 1.0    -9     9    -4
  81.66272 1.0    -9     9    -3
  80.21218 1.0    -9     9    -2
  79.33887 1.0    -9     9    -1
  79.04722 1.0    -9     9     0
  79.33887 1.0    -9     9     1
  80.21218 1.0    -9     9     2
  81.66272 1.0    -9     9     3
  83.68468 1.0    -9     9     4
  86.27315 1.0    -9     9     5
  89.42703 1.0    -9     9     6
  89.14053 1.0    -9    10    -4
  87.13402 1.0    -9    10    -3
  85.69878 1.0    -9    10    -2
  84.83639 1.0    -9    10    -1
  84.54868 1.0    -9    10     0
  84.83639 1.0    -9    10     1
  85.69878 1.0    -9    10     2
  87.13402 1.0    -9    10     3
  89.14053 1.0    -9    10     4
  90.28648 1.0    -8   -11    -4
  88.28087 1.0    -8   -11    -3
  86.84714 1.0    -8   -11    -2
  85.98601 1.0    -8   -11    -1
  85.69878 1.0    -8   -11     0
  85.98601 1.0    -8   -11     1
  86.84714 1.0    -8   -11     2
  88.28087 1.0    -8   -11     3
  90.28648 1.0    -8   -11     4
  90.00000 1.0    -8   -10    -6
  86.84714 1.0    -8   -10    -5
  84.26083 1.0    -8   -10    -4
  82.24138 1.0    -8   -10    -3
  80.79310 1.0    -8   -10    -2
  79.92134 1.0    -8   -10    -1
  79.63024 1.0    -8   -10     0
  79.92134 1.0    -8   -10     1
  80.79310 1.0    -8   -10     2
  82.24138 1.0    -8   -10     3
  84.26083 1.0    -8   -10     4
  86.84714 1.0    -8   -10     5
  90.00000 1.0    -8   -10     6
  88.28087 1.0    -8    -9    -7
  84.54868 1.0    -8    -9    -6
  81.37307 1.0    -8    -9    -5
  78.75528 1.0    -8    -9    -4
  76.70293 1.0    -8    -9    -3
  75.22641 1.0    -8    -9    -2
  74.33573 1.0    -8    -9    -1
  74.03799 1.0    -8    -9     0
  74.33573 1.0    -8    -9     1
  75.22641 1.0    -8    -9     2
  76.70293 1.0    -8    -9     3
  78.75528 1.0    -8    -9     4
  81.37307 1.0    -8    -9     5
  84.54868 1.0    -8    -9     6
  88.28087 1.0    -8    -9     7
  87.70756 1.0    -8    -8    -8
  83.39637 1.0    -8    -8    -7
  79.63024 1.0    -8    -8    -6
  76.40838 1.0    -8    -8    -5
  73.73980 1.0    -8    -8    -4
  71.63919 1.0    -8    -8    -3
  70.12313 1.0    -8    -8    -2
  69.20656 1.0    -8    -8    -1
  68.89980 1.0    -8    -8     0
  69.20656 1.0    -8    -8     1
  70.12313 1.0    -8    -8     2
  71.63919 1.0    -8    -8     3
  73.73980 1.0    -8    -8     4
  76.40838 1.0    -8    -8     5
  79.63024 1.0    -8    -8     6
  83.39637 1.0    -8    -8     7
  87.70756 1.0    -8    -8     8
  88.28087 1.0    -8    -7    -9
  83.39637 1.0    -8    -7    -8
  79.04722 1.0    -8    -7    -7
  75.22641 1.0    -8    -7    -6
  71.94077 1.0    -8    -7    -5
  69.20656 1.0    -8    -7    -4
  67.04550 1.0    -8    -7    -3
  65.48068 1.0    -8    -7    -2
  64.53244 1.0    -8    -7    -1
  64.21471 1.0    -8    -7     0
  64.53244 1.0    -8    -7     1
  65.48068 1.0    -8    -7     2
  67.04550 1.0    -8    -7     3
  69.20656 1.0    -8    -7     4
  71.94077 1.0    -8    -7     5
  75.22641 1.0    -8    -7     6
  79.04722 1.0    -8    -7     7
  83.39637 1.0    -8    -7     8
  88.28087 1.0    -8    -7     9
  90.00000 1.0    -8    -6   -10
  84.54868 1.0    -8    -6    -9
  79.63024 1.0    -8    -6    -8
  75.22641 1.0    -8    -6    -7
  71.33708 1.0    -8    -6    -6
  67.97569 1.0    -8    -6    -5
  65.16541 1.0    -8    -6    -4
  62.93507 1.0    -8    -6    -3
  61.31460 1.0    -8    -6    -2
  60.33025 1.0    -8    -6    -1
  60.00000 1.0    -8    -6     0
  60.33025 1.0    -8    -6     1
  61.31460 1.0    -8    -6     2
  62.93507 1.0    -8    -6     3
  65.16541 1.0    -8    -6     4
  67.97569 1.0    -8    -6     5
  71.33708 1.0    -8    -6     6
  75.22641 1.0    -8    -6     7
  79.63024 1.0    -8    -6     8
  84.54868 1.0    -8    -6     9
  90.00000 1.0    -8    -6    10
  86.84714 1.0    -8    -5   -10
  81.37307 1.0    -8    -5    -9
  76.40838 1.0    -8    -5    -8
  71.94077 1.0    -8    -5    -7
  67.97569 1.0    -8    -5    -6
  64.53244 1.0    -8    -5    -5
  61.64065 1.0    -8    -5    -4
  59.33617 1.0    -8    -5    -3
  57.65609 1.0    -8    -5    -2
  56.63299 1.0    -8    -5    -1
  56.28929 1.0    -8    -5     0
  56.63299 1.0    -8    -5     1
  57.65609 1.0    -8    -5     2
  59.33617 1.0    -8    -5     3
  61.64065 1.0    -8    -5     4
  64.53244 1.0    -8    -5     5
  67.97569 1.0    -8    -5     6
  71.94077 1.0    -8    -5     7
  76.40838 1.0    -8    -5     8
  81.37307 1.0    -8    -5     9
  86.84714 1.0    -8    -5    10
  90.28648 1.0    -8    -4   -11
  84.26083 1.0    -8    -4   -10
  78.75528 1.0    -8    -4    -9
  73.73980 1.0    -8    -4    -8
  69.20656 1.0    -8    -4    -7
  65.16541 1.0    -8    -4    -6
  61.64065 1.0    -8    -4    -5
  58.66775 1.0    -8    -4    -4
  56.28929 1.0    -8    -4    -3
  54.54946 1.0    -8    -4    -2
  53.48737 1.0    -8    -4    -1
  53.13010 1.0    -8    -4     0
  53.48737 1.0    -8    -4     1
  54.54946 1.0    -8    -4     2
  56.28929 1.0    -8    -4     3
  58.66775 1.0    -8    -4     4
  61.64065 1.0    -8    -4     5
  65.16541 1.0    -8    -4     6
  69.20656 1.0    -8    -4     7
  73.73980 1.0    -8    -4     8
  78.75528 1.0    -8    -4     9
  84.26083 1.0    -8    -4    10
  90.28648 1.0    -8    -4    11
  88.28087 1.0    -8    -3   -11
  82.24138 1.0    -8    -3   -10
  76.70293 1.0    -8    -3    -9
  71.63919 1.0    -8    -3    -8
  67.04550 1.0    -8    -3    -7
  62.93507 1.0    -8    -3    -6
  59.33617 1.0    -8    -3    -5
  56.28929 1.0    -8    -3    -4
  53.84299 1.0    -8    -3    -3
  52.04808 1.0    -8    -3    -2
  50.94988 1.0    -8    -3    -1
  50.58002 1.0    -8    -3     0
  50.94988 1.0    -8    -3     1
  52.04808 1.0    -8    -3     2
  53.84299 1.0    -8    -3     3
  56.28929 1.0    -8    -3     4
  59.33617 1.0    -8    -3     5
  62.93507 1.0    -8    -3     6
  67.04550 1.0    -8    -3     7
  71.63919 1.0    -8    -3     8
  76.70293 1.0    -8    -3     9
  82.24138 1.0    -8    -3    10
  88.28087 1.0    -8    -3    11
  86.84714 1.0    -8    -2   -11
  80.79310 1.0    -8    -2   -10
  75.22641 1.0    -8    -2    -9
  70.12313 1.0    -8    -2    -8
  65.48068 1.0    -8    -2    -7
  61.31460 1.0    -8    -2    -6
  57.65609 1.0    -8    -2    -5
  54.54946 1.0    -8    -2    -4
  52.04808 1.0    -8    -2    -3
  50.20818 1.0    -8    -2    -2
  49.08035 1.0    -8    -2    -1
  48.70013 1.0    -8    -2     0
  49.08035 1.0    -8    -2     1
  50.20818 1.0    -8    -2     2
  52.04808 1.0    -8    -2     3
  54.54946 1.0    -8    -2     4
  57.65609 1.0    -8    -2     5
  61.31460 1.0    -8    -2     6
  65.48068 1.0    -8    -2     7
  70.12313 1.0    -8    -2     8
  75.22641 1.0    -8    -2     9
  80.79310 1.0    -8    -2    10
  86.84714 1.0    -8    -2    11
  85.98601 1.0    -8    -1   -11
  79.92134 1.0    -8    -1   -10
  74.33573 1.0    -8    -1    -9
  69.20656 1.0    -8    -1    -8
  64.53244 1.0    -8    -1    -7
  60.33025 1.0    -8    -1    -6
  56.63299 1.0    -8    -1    -5
  53.48737 1.0    -8    -1    -4
  50.94988 1.0    -8    -1    -3
  49.08035 1.0    -8    -1    -2
  47.93294 1.0    -8    -1    -1
  47.54585 1.0    -8    -1     0
  47.93294 1.0    -8    -1     1
  49.08035 1.0    -8    -1     2
  50.94988 1.0    -8    -1     3
  53.48737 1.0    -8    -1     4
  56.63299 1.0    -8    -1     5
  60.33025 1.0    -8    -1     6
  64.53244 1.0    -8    -1     7
  69.20656 1.0    -8    -1     8
  74.33573 1.0    -8    -1     9
  79.92134 1.0    -8    -1    10
  85.98601 1.0    -8    -1    11
  85.69878 1.0    -8     0   -11
  79.63024 1.0    -8     0   -10
  74.03799 1.0    -8     0    -9
  68.89980 1.0    -8     0    -8
  64.21471 1.0    -8     0    -7
  60.00000 1.0    -8     0    -6
  56.28929 1.0    -8     0    -5
  53.13010 1.0    -8     0    -4
  50.58002 1.0    -8     0    -3
  48.70013 1.0    -8     0    -2
  47.54585 1.0    -8     0    -1
  47.15636 1.0    -8     0     0
  47.54585 1.0    -8     0     1
  48.70013 1.0    -8     0     2
  50.58002 1.0    -8     0     3
  53.13010 1.0    -8     0     4
  56.28929 1.0    -8     0     5
  60.00000 1.0    -8     0     6
  64.21471 1.0    -8     0     7
  68.89980 1.0    -8     0     8
  74.03799 1.0    -8     0     9
  79.63024 1.0    -8     0    10
  85.69878 1.0    -8     0    11
  85.98601 1.0    -8     1   -11
  79.92134 1.0    -8     1   -10
  74.33573 1.0    -8     1    -9
  69.20656 1.0    -8     1    -8
  64.53244 1.0    -8     1    -7
  60.33025 1.0    -8     1    -6
  56.63299 1.0    -8     1    -5
  53.48737 1.0    -8     1    -4
  50.94988 1.0    -8     1    -3
  49.08035 1.0    -8     1    -2
  47.93294 1.0    -8     1    -1
  47.54585 1.0    -8     1     0
  47.93294 1.0    -8     1     1
  49.08035 1.0    -8     1     2
  50.94988 1.0    -8     1     3
  53.48737 1.0    -8     1     4
  56.63299 1.0    -8     1     5
  60.33025 1.0    -8     1     6
  64.53244 1.0    -8     1     7
  69.20656 1.0    -8     1     8
  74.33573 1.0    -8     1     9
  79.92134 1.0    -8     1    10
  85.98601 1.0    -8     1    11
  86.84714 1.0    -8     2   -11
  80.79310 1.0    -8     2   -10
  75.22641 1.0    -8     2    -9
  70.12313 1.0    -8     2    -8
  65.48068 1.0    -8     2    -7
  61.31460 1.0    -8     2    -6
  57.65609 1.0    -8     2    -5
  54.54946 1.0    -8     2    -4
  52.04808 1.0    -8     2    -3
  50.20818 1.0    -8     2    -2
  49.08035 1.0    -8     2    -1
  48.70013 1.0    -8     2     0
  49.08035 1.0    -8     2     1
  50.20818 1.0    -8     2     2
  52.04808 1.0    -8     2     3
  54.54946 1.0    -8     2     4
  57.65609 1.0    -8     2     5
  61.31460 1.0    -8     2     6
  65.48068 1.0    -8     2     7
  70.12313 1.0    -8     2     8
  75.22641 1.0    -8     2     9
  80.79310 1.0    -8     2    10
  86.84714 1.0    -8     2    11
  88.28087 1.0    -8     3   -11
  82.24138 1.0    -8     3   -10
  76.70293 1.0    -8     3    -9
  71.63919 1.0    -8     3    -8
  67.04550 1.0    -8     3    -7
  62.93507 1.0    -8     3    -6
  59.33617 1.0    -8     3    -5
  56.28929 1.0    -8     3    -4
  53.84299 1.0    -8     3    -3
  52.04808 1.0    -8     3    -2
  50.94988 1.0    -8     3    -1
  50.58002 1.0    -8     3     0
  50.94988 1.0    -8     3     1
  52.04808 1.0    -8     3     2
  53.84299 1.0    -8     3     3
  56.28929 1.0    -8     3     4
  59.33617 1.0    -8     3     5
  62.93507 1.0    -8     3     6
  67.04550 1.0    -8     3     7
  71.63919 1.0    -8     3     8
  76.70293 1.0    -8     3     9
  82.24138 1.0    -8     3    10
  88.28087 1.0    -8     3    11
  90.28648 1.0    -8     4   -11
  84.26083 1.0    -8     4   -10
  78.75528 1.0    -8     4    -9
  73.73980 1.0    -8     4    -8
  69.20656 1.0    -8     4    -7
  65.16541 1.0    -8     4    -6
  61.64065 1.0    -8     4    -5
  58.66775 1.0    -8     4    -4
  56.28929 1.0    -8     4    -3
  54.54946 1.0    -8     4    -2
  53.48737 1.0    -8     4    -1
  53.13010 1.0    -8     4     0
  53.48737 1.0    -8     4     1
  54.54946 1.0    -8     4     2
  56.28929 1.0    -8     4     3
  58.66775 1.0    -8     4     4
  61.64065 1.0    -8     4     5
  65.16541 1.0    -8     4     6
  69.20656 1.0    -8     4     7
  73.73980 1.0    -8     4     8
  78.75528 1.0    -8     4     9
  84.26083 1.0    -8     4    10
  90.28648 1.0    -8     4    11
  86.84714 1.0    -8     5   -10
  81.37307 1.0    -8     5    -9
  76.40838 1.0    -8     5    -8
  71.94077 1.0    -8     5    -7
  67.97569 1.0    -8     5    -6
  64.53244 1.0    -8     5    -5
  61.64065 1.0    -8     5    -4
  59.33617 1.0    -8     5    -3
  57.65609 1.0    -8     5    -2
  56.63299 1.0    -8     5    -1
  56.28929 1.0    -8     5     0
  56.63299 1.0    -8     5     1
  57.65609 1.0    -8     5     2
  59.33617 1.0    -8     5     3
  61.64065 1.0    -8     5     4
  64.53244 1.0    -8     5     5
  67.97569 1.0    -8     5     6
  71.94077 1.0    -8     5     7
  76.40838 1.0    -8     5     8
  81.37307 1.0    -8     5     9
  86.84714 1.0    -8     5    10
  90.00000 1.0    -8     6   -10
  84.54868 1.0    -8     6    -9
  79.63024 1.0    -8     6    -8
  75.22641 1.0    -8     6    -7
  71.33708 1.0    -8     6    -6
  67.97569 1.0    -8     6    -5
  65.16541 1.0    -8     6    -4
  62.93507 1.0    -8     6    -3
  61.31460 1.0    -8     6    -2
  60.33025 1.0    -8     6    -1
  60.00000 1.0    -8     6     0
  60.33025 1.0    -8     6     1
  61.31460 1.0    -8     6     2
  62.93507 1.0    -8     6     3
  65.16541 1.0    -8     6     4
  67.97569 1.0    -8     6     5
  71.33708 1.0    -8     6     6
  75.22641 1.0    -8     6     7
  79.63024 1.0    -8     6     8
  84.54868 1.0    -8     6     9
  90.00000 1.0    -8     6    10
  88.28087 1.0    -8     7    -9
  83.39637 1.0    -8     7    -8
  79.04722 1.0    -8     7    -7
  75.22641 1.0    -8     7    -6
  71.94077 1.0    -8     7    -5
  69.20656 1.0    -8     7    -4
  67.04550 1.0    -8     7    -3
  65.48068 1.0    -8     7    -2
  64.53244 1.0    -8     7    -1
  64.21471 1.0    -8     7     0
  64.53244 1.0    -8     7     1
  65.48068 1.0    -8     7     2
  67.04550 1.0    -8     7     3
  69.20656 1.0    -8     7     4
  71.94077 1.0    -8     7     5
  75.22641 1.0    -8     7     6
  79.04722 1.0    -8     7     7
  83.39637 1.0    -8     7     8
  88.28087 1.0    -8     7     9
  87.70756 1.0    -8     8    -8
  83.39637 1.0    -8     8    -7
  79.63024 1.0    -8     8    -6
  76.40838 1.0    -8     8    -5
  73.73980 1.0    -8     8    -4
  71.63919 1.0    -8     8    -3
  70.12313 1.0    -8     8    -2
  69.20656 1.0    -8     8    -1
  68.89980 1.0    -8     8     0
  69.20656 1.0    -8     8     1
  70.12313 1.0    -8     8     2
  71.63919 1.0    -8     8     3
  73.73980 1.0    -8     8     4
  76.40838 1.0    -8     8     5
  79.63024 1.0    -8     8     6
  83.39637 1.0    -8     8     7
  87.70756 1.0    -8     8     8
  88.28087 1.0    -8     9    -7
  84.54868 1.0    -8     9    -6
  81.37307 1.0    -8     9    -5
  78.75528 1.0    -8     9    -4
  76.70293 1.0    -8     9    -3
  75.22641 1.0    -8     9    -2
  74.33573 1.0    -8     9    -1
  74.03799 1.0    -8     9     0
  74.33573 1.0    -8     9     1
  75.22641 1.0    -8     9     2
  76.70293 1.0    -8     9     3
  78.75528 1.0    -8     9     4
  81.37307 1.0    -8     9     5
  84.54868 1.0    -8     9     6
  88.28087 1.0    -8     9     7
  90.00000 1.0    -8    10    -6
  86.84714 1.0    -8    10    -5
  84.26083 1.0    -8    10    -4
  82.24138 1.0    -8    10    -3
  80.79310 1.0    -8    10    -2
  79.92134 1.0    -8    10    -1
  79.63024 1.0    -8    10     0
  79.92134 1.0    -8    10     1
  80.79310 1.0    -8    10     2
  82.24138 1.0    -8    10     3
  84.26083 1.0    -8    10     4
  86.84714 1.0    -8    10     5
  90.00000 1.0    -8    10     6
  90.28648 1.0    -8    11    -4
  88.28087 1.0    -8    11    -3
  86.84714 1.0    -8    11    -2
  85.98601 1.0    -8    11    -1
  85.69878 1.0    -8    11     0
  85.98601 1.0    -8    11     1
  86.84714 1.0    -8    11     2
  88.28087 1.0    -8    11     3
  90.28648 1.0    -8    11     4
  89.14053 1.0    -7   -12    -2
  88.28087 1.0    -7   -12    -1
  87.99424 1.0    -7   -12     0
  88.28087 1.0    -7   -12     1
  89.14053 1.0    -7   -12     2
  88.56746 1.0    -7   -11    -5
  85.98601 1.0    -7   -11    -4
  83.97283 1.0    -7   -11    -3
  82.53041 1.0    -7   -11    -2
  81.66272 1.0    -7   -11    -1
  81.37307 1.0    -7   -11     0
  81.66272 1.0    -7   -11     1
  82.53041 1.0    -7   -11     2
  83.97283 1.0    -7   -11     3
  85.98601 1.0    -7   -11     4
  88.56746 1.0    -7   -11     5
  89.42703 1.0    -7   -10    -7
  85.69878 1.0    -7   -10    -6
  82.53041 1.0    -7   -10    -5
  79.92134 1.0    -7   -10    -4
  77.87765 1.0    -7   -10    -3
  76.40838 1.0    -7   -10    -2
  75.52249 1.0    -7   -10    -1
  75.22641 1.0    -7   -10     0
  75.52249 1.0    -7   -10     1
  76.40838 1.0    -7   -10     2
  77.87765 1.0    -7   -10     3
  79.92134 1.0    -7   -10     4
  82.53041 1.0    -7   -10     5
  85.69878 1.0    -7   -10     6
  89.42703 1.0    -7   -10     7
  88.28087 1.0    -7    -9    -8
  83.97283 1.0    -7    -9    -7
  80.21218 1.0    -7    -9    -6
  76.99712 1.0    -7    -9    -5
  74.33573 1.0    -7    -9    -4
  72.24184 1.0    -7    -9    -3
  70.73122 1.0    -7    -9    -2
  69.81820 1.0    -7    -9    -1
  69.51268 1.0    -7    -9     0
  69.81820 1.0    -7    -9     1
  70.73122 1.0    -7    -9     2
  72.24184 1.0    -7    -9     3
  74.33573 1.0    -7    -9     4
  76.99712 1.0    -7    -9     5
  80.21218 1.0    -7    -9     6
  83.97283 1.0    -7    -9     7
  88.28087 1.0    -7    -9     8
  88.28087 1.0    -7    -8    -9
  83.39637 1.0    -7    -8    -8
  79.04722 1.0    -7    -8    -7
  75.22641 1.0    -7    -8    -6
  71.94077 1.0    -7    -8    -5
  69.20656 1.0    -7    -8    -4
  67.04550 1.0    -7    -8    -3
  65.48068 1.0    -7    -8    -2
  64.53244 1.0    -7    -8    -1
  64.21471 1.0    -7    -8     0
  64.53244 1.0    -7    -8     1
  65.48068 1.0    -7    -8     2
  67.04550 1.0    -7    -8     3
  69.20656 1.0    -7    -8     4
  71.94077 1.0    -7    -8     5
  75.22641 1.0    -7    -8     6
  79.04722 1.0    -7    -8     7
  83.39637 1.0    -7    -8     8
  88.28087 1.0    -7    -8     9
  89.42703 1.0    -7    -7   -10
  83.97283 1.0    -7    -7    -9
  79.04722 1.0    -7    -7    -8
  74.63305 1.0    -7    -7    -7
  70.73122 1.0    -7    -7    -6
  67.35626 1.0    -7    -7    -5
  64.53244 1.0    -7    -7    -4
  62.28978 1.0    -7    -7    -3
  60.65942 1.0    -7    -7    -2
  59.66865 1.0    -7    -7    -1
  59.33617 1.0    -7    -7     0
  59.66865 1.0    -7    -7     1
  60.65942 1.0    -7    -7     2
  62.28978 1.0    -7    -7     3
  64.53244 1.0    -7    -7     4
  67.35626 1.0    -7    -7     5
  70.73122 1.0    -7    -7     6
  74.63305 1.0    -7    -7     7
  79.04722 1.0    -7    -7     8
  83.97283 1.0    -7    -7     9
  89.42703 1.0    -7    -7    10
  85.69878 1.0    -7    -6   -10
  80.21218 1.0    -7    -6    -9
  75.22641 1.0    -7    -6    -8
  70.73122 1.0    -7    -6    -7
  66.73403 1.0    -7    -6    -6
  63.25632 1.0    -7    -6    -5
  60.33025 1.0    -7    -6    -4
  57.99455 1.0    -7    -6    -3
  56.28929 1.0    -7    -6    -2
  55.24977 1.0    -7    -6    -1
  54.90037 1.0    -7    -6     0
  55.24977 1.0    -7    -6     1
  56.28929 1.0    -7    -6     2
  57.99455 1.0    -7    -6     3
  60.33025 1.0    -7    -6     4
  63.25632 1.0    -7    -6     5
  66.73403 1.0    -7    -6     6
  70.73122 1.0    -7    -6     7
  75.22641 1.0    -7    -6     8
  80.21218 1.0    -7    -6     9
  85.69878 1.0    -7    -6    10
  88.56746 1.0    -7    -5   -11
  82.53041 1.0    -7    -5   -10
  76.99712 1.0    -7    -5    -9
  71.94077 1.0    -7    -5    -8
  67.35626 1.0    -7    -5    -7
  63.25632 1.0    -7    -5    -6
  59.66865 1.0    -7    -5    -5
  56.63299 1.0    -7    -5    -4
  54.19701 1.0    -7    -5    -3
  52.41050 1.0    -7    -5    -2
  51.31781 1.0    -7    -5    -1
  50.94988 1.0    -7    -5     0
  51.31781 1.0    -7    -5     1
  52.41050 1.0    -7    -5     2
  54.19701 1.0    -7    -5     3
  56.63299 1.0    -7    -5     4
  59.66865 1.0    -7    -5     5
  63.25632 1.0    -7    -5     6
  67.35626 1.0    -7    -5     7
  71.94077 1.0    -7    -5     8
  76.99712 1.0    -7    -5     9
  82.53041 1.0    -7    -5    10
  88.56746 1.0    -7    -5    11
  85.98601 1.0    -7    -4   -11
  79.92134 1.0    -7    -4   -10
  74.33573 1.0    -7    -4    -9
  69.20656 1.0    -7    -4    -8
  64.53244 1.0    -7    -4    -7
  60.33025 1.0    -7    -4    -6
  56.63299 1.0    -7    -4    -5
  53.48737 1.0    -7    -4    -4
  50.94988 1.0    -7    -4    -3
  49.08035 1.0    -7    -4    -2
  47.93294 1.0    -7    -4    -1
  47.54585 1.0    -7    -4     0
  47.93294 1.0    -7    -4     1
  49.08035 1.0    -7    -4     2
  50.94988 1.0    -7    -4     3
  53.48737 1.0    -7    -4     4
  56.63299 1.0    -7    -4     5
  60.33025 1.0    -7    -4     6
  64.53244 1.0    -7    -4     7
  69.20656 1.0    -7    -4     8
  74.33573 1.0    -7    -4     9
  79.92134 1.0    -7    -4    10
  85.98601 1.0    -7    -4    11
  83.97283 1.0    -7    -3   -11
  77.87765 1.0    -7    -3   -10
  72.24184 1.0    -7    -3    -9
  67.04550 1.0    -7    -3    -8
  62.28978 1.0    -7    -3    -7
  57.99455 1.0    -7    -3    -6
  54.19701 1.0    -7    -3    -5
  50.94988 1.0    -7    -3    -4
  48.31767 1.0    -7    -3    -3
  46.36989 1.0    -7    -3    -2
  45.17046 1.0    -7    -3    -1
  44.76508 1.0    -7    -3     0
  45.17046 1.0    -7    -3     1
  46.36989 1.0    -7    -3     2
  48.31767 1.0    -7    -3     3
  50.94988 1.0    -7    -3     4
  54.19701 1.0    -7    -3     5
  57.99455 1.0    -7    -3     6
  62.28978 1.0    -7    -3     7
  67.04550 1.0    -7    -3     8
  72.24184 1.0    -7    -3     9
  77.87765 1.0    -7    -3    10
  83.97283 1.0    -7    -3    11
  89.14053 1.0    -7    -2   -12
  82.53041 1.0    -7    -2   -11
  76.40838 1.0    -7    -2   -10
  70.73122 1.0    -7    -2    -9
  65.48068 1.0    -7    -2    -8
  60.65942 1.0    -7    -2    -7
  56.28929 1.0    -7    -2    -6
  52.41050 1.0    -7    -2    -5
  49.08035 1.0    -7    -2    -4
  46.36989 1.0    -7    -2    -3
  44.35680 1.0    -7    -2    -2
  43.11361 1.0    -7    -2    -1
  42.69278 1.0    -7    -2     0
  43.11361 1.0    -7    -2     1
  44.35680 1.0    -7    -2     2
  46.36989 1.0    -7    -2     3
  49.08035 1.0    -7    -2     4
  52.41050 1.0    -7    -2     5
  56.28929 1.0    -7    -2     6
  60.65942 1.0    -7    -2     7
  65.48068 1.0    -7    -2     8
  70.73122 1.0    -7    -2     9
  76.40838 1.0    -7    -2    10
  82.53041 1.0    -7    -2    11
  89.14053 1.0    -7    -2    12
  88.28087 1.0    -7    -1   -12
  81.66272 1.0    -7    -1   -11
  75.52249 1.0    -7    -1   -10
  69.81820 1.0    -7    -1    -9
  64.53244 1.0    -7    -1    -8
  59.66865 1.0    -7    -1    -7
  55.24977 1.0    -7    -1    -6
  51.31781 1.0    -7    -1    -5
  47.93294 1.0    -7    -1    -4
  45.17046 1.0    -7    -1    -3
  43.11361 1.0    -7    -1    -2
  41.84090 1.0    -7    -1    -1
  41.40962 1.0    -7    -1     0
  41.84090 1.0    -7    -1     1
  43.11361 1.0    -7    -1     2
  45.17046 1.0    -7    -1     3
  47.93294 1.0    -7    -1     4
  51.31781 1.0    -7    -1     5
  55.24977 1.0    -7    -1     6
  59.66865 1.0    -7    -1     7
  64.53244 1.0    -7    -1     8
  69.81820 1.0    -7    -1     9
  75.52249 1.0    -7    -1    10
  81.66272 1.0    -7    -1    11
  88.28087 1.0    -7    -1    12
  87.99424 1.0    -7     0   -12
  81.37307 1.0    -7     0   -11
  75.22641 1.0    -7     0   -10
  69.51268 1.0    -7     0    -9
  64.21471 1.0    -7     0    -8
  59.33617 1.0    -7     0    -7
  54.90037 1.0    -7     0    -6
  50.94988 1.0    -7     0    -5
  47.54585 1.0    -7     0    -4
  44.76508 1.0    -7     0    -3
  42.69278 1.0    -7     0    -2
  41.40962 1.0    -7     0    -1
  40.97463 1.0    -7     0     0
  41.40962 1.0    -7     0     1
  42.69278 1.0    -7     0     2
  44.76508 1.0    -7     0     3
  47.54585 1.0    -7     0     4
  50.94988 1.0    -7     0     5
  54.90037 1.0    -7     0     6
  59.33617 1.0    -7     0     7
  64.21471 1.0    -7     0     8
  69.51268 1.0    -7     0     9
  75.22641 1.0    -7     0    10
  81.37307 1.0    -7     0    11
  87.99424 1.0    -7     0    12
  88.28087 1.0    -7     1   -12
  81.66272 1.0    -7     1   -11
  75.52249 1.0    -7     1   -10
  69.81820 1.0    -7     1    -9
  64.53244 1.0    -7     1    -8
  59.66865 1.0    -7     1    -7
  55.24977 1.0    -7     1    -6
  51.31781 1.0    -7     1    -5
  47.93294 1.0    -7     1    -4
  45.17046 1.0    -7     1    -3
  43.11361 1.0    -7     1    -2
  41.84090 1.0    -7     1    -1
  41.40962 1.0    -7     1     0
  41.84090 1.0    -7     1     1
  43.11361 1.0    -7     1     2
  45.17046 1.0    -7     1     3
  47.93294 1.0    -7     1     4
  51.31781 1.0    -7     1     5
  55.24977 1.0    -7     1     6
  59.66865 1.0    -7     1     7
  64.53244 1.0    -7     1     8
  69.81820 1.0    -7     1     9
  75.52249 1.0    -7     1    10
  81.66272 1.0    -7     1    11
  88.28087 1.0    -7     1    12
  89.14053 1.0    -7     2   -12
  82.53041 1.0    -7     2   -11
  76.40838 1.0    -7     2   -10
  70.73122 1.0    -7     2    -9
  65.48068 1.0    -7     2    -8
  60.65942 1.0    -7     2    -7
  56.28929 1.0    -7     2    -6
  52.41050 1.0    -7     2    -5
  49.08035 1.0    -7     2    -4
  46.36989 1.0    -7     2    -3
  44.35680 1.0    -7     2    -2
  43.11361 1.0    -7     2    -1
  42.69278 1.0    -7     2     0
  43.11361 1.0    -7     2     1
  44.35680 1.0    -7     2     2
  46.36989 1.0    -7     2     3
  49.08035 1.0    -7     2     4
  52.41050 1.0    -7     2     5
  56.28929 1.0    -7     2     6
  60.65942 1.0    -7     2     7
  65.48068 1.0    -7     2     8
  70.73122 1.0    -7     2     9
  76.40838 1.0    -7     2    10
  82.53041 1.0    -7     2    11
  89.14053 1.0    -7     2    12
  83.97283 1.0    -7     3   -11
  77.87765 1.0    -7     3   -10
  72.24184 1.0    -7     3    -9
  67.04550 1.0    -7     3    -8
  62.28978 1.0    -7     3    -7
  57.99455 1.0    -7     3    -6
  54.19701 1.0    -7     3    -5
  50.94988 1.0    -7     3    -4
  48.31767 1.0    -7     3    -3
  46.36989 1.0    -7     3    -2
  45.17046 1.0    -7     3    -1
  44.76508 1.0    -7     3     0
  45.17046 1.0    -7     3     1
  46.36989 1.0    -7     3     2
  48.31767 1.0    -7     3     3
  50.94988 1.0    -7     3     4
  54.19701 1.0    -7     3     5
  57.99455 1.0    -7     3     6
  62.28978 1.0    -7     3     7
  67.04550 1.0    -7     3     8
  72.24184 1.0    -7     3     9
  77.87765 1.0    -7     3    10
  83.97283 1.0    -7     3    11
  85.98601 1.0    -7     4   -11
  79.92134 1.0    -7     4   -10
  74.33573 1.0    -7     4    -9
  69.20656 1.0    -7     4    -8
  64.53244 1.0    -7     4    -7
  60.33025 1.0    -7     4    -6
  56.63299 1.0    -7     4    -5
  53.48737 1.0    -7     4    -4
  50.94988 1.0    -7     4    -3
  49.08035 1.0    -7     4    -2
  47.93294 1.0    -7     4    -1
  47.54585 1.0    -7     4     0
  47.93294 1.0    -7     4     1
  49.08035 1.0    -7     4     2
  50.94988 1.0    -7     4     3
  53.48737 1.0    -7     4     4
  56.63299 1.0    -7     4     5
  60.33025 1.0    -7     4     6
  64.53244 1.0    -7     4     7
  69.20656 1.0    -7     4     8
  74.33573 1.0    -7     4     9
  79.92134 1.0    -7     4    10
  85.98601 1.0    -7     4    11
  88.56746 1.0    -7     5   -11
  82.53041 1.0    -7     5   -10
  76.99712 1.0    -7     5    -9
  71.94077 1.0    -7     5    -8
  67.35626 1.0    -7     5    -7
  63.25632 1.0    -7     5    -6
  59.66865 1.0    -7     5    -5
  56.63299 1.0    -7     5    -4
  54.19701 1.0    -7     5    -3
  52.41050 1.0    -7     5    -2
  51.31781 1.0    -7     5    -1
  50.94988 1.0    -7     5     0
  51.31781 1.0    -7     5     1
  52.41050 1.0    -7     5     2
  54.19701 1.0    -7     5     3
  56.63299 1.0    -7     5     4
  59.66865 1.0    -7     5     5
  63.25632 1.0    -7     5     6
  67.35626 1.0    -7     5     7
  71.94077 1.0    -7     5     8
  76.99712 1.0    -7     5     9
  82.53041 1.0    -7     5    10
  88.56746 1.0    -7     5    11
  85.69878 1.0    -7     6   -10
  80.21218 1.0    -7     6    -9
  75.22641 1.0    -7     6    -8
  70.73122 1.0    -7     6    -7
  66.73403 1.0    -7     6    -6
  63.25632 1.0    -7     6    -5
  60.33025 1.0    -7     6    -4
  57.99455 1.0    -7     6    -3
  56.28929 1.0    -7     6    -2
  55.24977 1.0    -7     6    -1
  54.90037 1.0    -7     6     0
  55.24977 1.0    -7     6     1
  56.28929 1.0    -7     6     2
  57.99455 1.0    -7     6     3
  60.33025 1.0    -7     6     4
  63.25632 1.0    -7     6     5
  66.73403 1.0    -7     6     6
  70.73122 1.0    -7     6     7
  75.22641 1.0    -7     6     8
  80.21218 1.0    -7     6     9
  85.69878 1.0    -7     6    10
  89.42703 1.0    -7     7   -10
  83.97283 1.0    -7     7    -9
  79.04722 1.0    -7     7    -8
  74.63305 1.0    -7     7    -7
  70.73122 1.0    -7     7    -6
  67.35626 1.0    -7     7    -5
  64.53244 1.0    -7     7    -4
  62.28978 1.0    -7     7    -3
  60.65942 1.0    -7     7    -2
  59.66865 1.0    -7     7    -1
  59.33617 1.0    -7     7     0
  59.66865 1.0    -7     7     1
  60.65942 1.0    -7     7     2
  62.28978 1.0    -7     7     3
  64.53244 1.0    -7     7     4
  67.35626 1.0    -7     7     5
  70.73122 1.0    -7     7     6
  74.63305 1.0    -7     7     7
  79.04722 1.0    -7     7     8
  83.97283 1.0    -7     7     9
  89.42703 1.0    -7     7    10
  88.28087 1.0    -7     8    -9
  83.39637 1.0    -7     8    -8
  79.04722 1.0    -7     8    -7
  75.22641 1.0    -7     8    -6
  71.94077 1.0    -7     8    -5
  69.20656 1.0    -7     8    -4
  67.04550 1.0    -7     8    -3
  65.48068 1.0    -7     8    -2
  64.53244 1.0    -7     8    -1
  64.21471 1.0    -7     8     0
  64.53244 1.0    -7     8     1
  65.48068 1.0    -7     8     2
  67.04550 1.0    -7     8     3
  69.20656 1.0    -7     8     4
  71.94077 1.0    -7     8     5
  75.22641 1.0    -7     8     6
  79.04722 1.0    -7     8     7
  83.39637 1.0    -7     8     8
  88.28087 1.0    -7     8     9
  88.28087 1.0    -7     9    -8
  83.97283 1.0    -7     9    -7
  80.21218 1.0    -7     9    -6
  76.99712 1.0    -7     9    -5
  74.33573 1.0    -7     9    -4
  72.24184 1.0    -7     9    -3
  70.73122 1.0    -7     9    -2
  69.81820 1.0    -7     9    -1
  69.51268 1.0    -7     9     0
  69.81820 1.0    -7     9     1
  70.73122 1.0    -7     9     2
  72.24184 1.0    -7     9     3
  74.33573 1.0    -7     9     4
  76.99712 1.0    -7     9     5
  80.21218 1.0    -7     9     6
  83.97283 1.0    -7     9     7
  88.28087 1.0    -7     9     8
  89.42703 1.0    -7    10    -7
  85.69878 1.0    -7    10    -6
  82.53041 1.0    -7    10    -5
  79.92134 1.0    -7    10    -4
  77.87765 1.0    -7    10    -3
  76.40838 1.0    -7    10    -2
  75.52249 1.0    -7    10    -1
  75.22641 1.0    -7    10     0
  75.52249 1.0    -7    10     1
  76.40838 1.0    -7    10     2
  77.87765 1.0    -7    10     3
  79.92134 1.0    -7    10     4
  82.53041 1.0    -7    10     5
  85.69878 1.0    -7    10     6
  89.42703 1.0    -7    10     7
  88.56746 1.0    -7    11    -5
  85.98601 1.0    -7    11    -4
  83.97283 1.0    -7    11    -3
  82.53041 1.0    -7    11    -2
  81.66272 1.0    -7    11    -1
  81.37307 1.0    -7    11     0
  81.66272 1.0    -7    11     1
  82.53041 1.0    -7    11     2
  83.97283 1.0    -7    11     3
  85.98601 1.0    -7    11     4
  88.56746 1.0    -7    11     5
  89.14053 1.0    -7    12    -2
  88.28087 1.0    -7    12    -1
  87.99424 1.0    -7    12     0
  88.28087 1.0    -7    12     1
  89.14053 1.0    -7    12     2
  88.85401 1.0    -6   -12    -4
  86.84714 1.0    -6   -12    -3
  85.41143 1.0    -6   -12    -2
  84.54868 1.0    -6   -12    -1
  84.26083 1.0    -6   -12     0
  84.54868 1.0    -6   -12     1
  85.41143 1.0    -6   -12     2
  86.84714 1.0    -6   -12     3
  88.85401 1.0    -6   -12     4
  87.99424 1.0    -6   -11    -6
  84.83639 1.0    -6   -11    -5
  82.24138 1.0    -6   -11    -4
  80.21218 1.0    -6   -11    -3
  78.75528 1.0    -6   -11    -2
  77.87765 1.0    -6   -11    -1
  77.58447 1.0    -6   -11     0
  77.87765 1.0    -6   -11     1
  78.75528 1.0    -6   -11     2
  80.21218 1.0    -6   -11     3
  82.24138 1.0    -6   -11     4
  84.83639 1.0    -6   -11     5
  87.99424 1.0    -6   -11     6
  90.00000 1.0    -6   -10    -8
  85.69878 1.0    -6   -10    -7
  81.95215 1.0    -6   -10    -6
  78.75528 1.0    -6   -10    -5
  76.11346 1.0    -6   -10    -4
  74.03799 1.0    -6   -10    -3
  72.54240 1.0    -6   -10    -2
  71.63919 1.0    -6   -10    -1
  71.33708 1.0    -6   -10     0
  71.63919 1.0    -6   -10     1
  72.54240 1.0    -6   -10     2
  74.03799 1.0    -6   -10     3
  76.11346 1.0    -6   -10     4
  78.75528 1.0    -6   -10     5
  81.95215 1.0    -6   -10     6
  85.69878 1.0    -6   -10     7
  90.00000 1.0    -6   -10     8
  89.42703 1.0    -6    -9    -9
  84.54868 1.0    -6    -9    -8
  80.21218 1.0    -6    -9    -7
  76.40838 1.0    -6    -9    -6
  73.14204 1.0    -6    -9    -5
  70.42746 1.0    -6    -9    -4
  68.28438 1.0    -6    -9    -3
  66.73403 1.0    -6    -9    -2
  65.79517 1.0    -6    -9    -1
  65.48068 1.0    -6    -9     0
  65.79517 1.0    -6    -9     1
  66.73403 1.0    -6    -9     2
  68.28438 1.0    -6    -9     3
  70.42746 1.0    -6    -9     4
  73.14204 1.0    -6    -9     5
  76.40838 1.0    -6    -9     6
  80.21218 1.0    -6    -9     7
  84.54868 1.0    -6    -9     8
  89.42703 1.0    -6    -9     9
  90.00000 1.0    -6    -8   -10
  84.54868 1.0    -6    -8    -9
  79.63024 1.0    -6    -8    -8
  75.22641 1.0    -6    -8    -7
  71.33708 1.0    -6    -8    -6
  67.97569 1.0    -6    -8    -5
  65.16541 1.0    -6    -8    -4
  62.93507 1.0    -6    -8    -3
  61.31460 1.0    -6    -8    -2
  60.33025 1.0    -6    -8    -1
  60.00000 1.0    -6    -8     0
  60.33025 1.0    -6    -8     1
  61.31460 1.0    -6    -8     2
  62.93507 1.0    -6    -8     3
  65.16541 1.0    -6    -8     4
  67.97569 1.0    -6    -8     5
  71.33708 1.0    -6    -8     6
  75.22641 1.0    -6    -8     7
  79.63024 1.0    -6    -8     8
  84.54868 1.0    -6    -8     9
  90.00000 1.0    -6    -8    10
  85.69878 1.0    -6    -7   -10
  80.21218 1.0    -6    -7    -9
  75.22641 1.0    -6    -7    -8
  70.73122 1.0    -6    -7    -7
  66.73403 1.0    -6    -7    -6
  63.25632 1.0    -6    -7    -5
  60.33025 1.0    -6    -7    -4
  57.99455 1.0    -6    -7    -3
  56.28929 1.0    -6    -7    -2
  55.24977 1.0    -6    -7    -1
  54.90037 1.0    -6    -7     0
  55.24977 1.0    -6    -7     1
  56.28929 1.0    -6    -7     2
  57.99455 1.0    -6    -7     3
  60.33025 1.0    -6    -7     4
  63.25632 1.0    -6    -7     5
  66.73403 1.0    -6    -7     6
  70.73122 1.0    -6    -7     7
  75.22641 1.0    -6    -7     8
  80.21218 1.0    -6    -7     9
  85.69878 1.0    -6    -7    10
  87.99424 1.0    -6    -6   -11
  81.95215 1.0    -6    -6   -10
  76.40838 1.0    -6    -6    -9
  71.33708 1.0    -6    -6    -8
  66.73403 1.0    -6    -6    -7
  62.61289 1.0    -6    -6    -6
  59.00255 1.0    -6    -6    -5
  55.94420 1.0    -6    -6    -4
  53.48737 1.0    -6    -6    -3
  51.68387 1.0    -6    -6    -2
  50.58002 1.0    -6    -6    -1
  50.20818 1.0    -6    -6     0
  50.58002 1.0    -6    -6     1
  51.68387 1.0    -6    -6     2
  53.48737 1.0    -6    -6     3
  55.94420 1.0    -6    -6     4
  59.00255 1.0    -6    -6     5
  62.61289 1.0    -6    -6     6
  66.73403 1.0    -6    -6     7
  71.33708 1.0    -6    -6     8
  76.40838 1.0    -6    -6     9
  81.95215 1.0    -6    -6    10
  87.99424 1.0    -6    -6    11
  84.83639 1.0    -6    -5   -11
  78.75528 1.0    -6    -5   -10
  73.14204 1.0    -6    -5    -9
  67.97569 1.0    -6    -5    -8
  63.25632 1.0    -6    -5    -7
  59.00255 1.0    -6    -5    -6
  55.24977 1.0    -6    -5    -5
  52.04808 1.0    -6    -5    -4
  49.45840 1.0    -6    -5    -3
  47.54585 1.0    -6    -5    -2
  46.36989 1.0    -6    -5    -1
  45.97278 1.0    -6    -5     0
  46.36989 1.0    -6    -5     1
  47.54585 1.0    -6    -5     2
  49.45840 1.0    -6    -5     3
  52.04808 1.0    -6    -5     4
  55.24977 1.0    -6    -5     5
  59.00255 1.0    -6    -5     6
  63.25632 1.0    -6    -5     7
  67.97569 1.0    -6    -5     8
  73.14204 1.0    -6    -5     9
  78.75528 1.0    -6    -5    10
  84.83639 1.0    -6    -5    11
  88.85401 1.0    -6    -4   -12
  82.24138 1.0    -6    -4   -11
  76.11346 1.0    -6    -4   -10
  70.42746 1.0    -6    -4    -9
  65.16541 1.0    -6    -4    -8
  60.33025 1.0    -6    -4    -7
  55.94420 1.0    -6    -4    -6
  52.04808 1.0    -6    -4    -5
  48.70013 1.0    -6    -4    -4
  45.97278 1.0    -6    -4    -3
  43.94552 1.0    -6    -4    -2
  42.69278 1.0    -6    -4    -1
  42.26858 1.0    -6    -4     0
  42.69278 1.0    -6    -4     1
  43.94552 1.0    -6    -4     2
  45.97278 1.0    -6    -4     3
  48.70013 1.0    -6    -4     4
  52.04808 1.0    -6    -4     5
  55.94420 1.0    -6    -4     6
  60.33025 1.0    -6    -4     7
  65.16541 1.0    -6    -4     8
  70.42746 1.0    -6    -4     9
  76.11346 1.0    -6    -4    10
  82.24138 1.0    -6    -4    11
  88.85401 1.0    -6    -4    12
  86.84714 1.0    -6    -3   -12
  80.21218 1.0    -6    -3   -11
  74.03799 1.0    -6    -3   -10
  68.28438 1.0    -6    -3    -9
  62.93507 1.0    -6    -3    -8
  57.99455 1.0    -6    -3    -7
  53.48737 1.0    -6    -3    -6
  49.45840 1.0    -6    -3    -5
  45.97278 1.0    -6    -3    -4
  43.11361 1.0    -6    -3    -3
  40.97463 1.0    -6    -3    -2
  39.64611 1.0    -6    -3    -1
  39.19497 1.0    -6    -3     0
  39.64611 1.0    -6    -3     1
  40.97463 1.0    -6    -3     2
  43.11361 1.0    -6    -3     3
  45.97278 1.0    -6    -3     4
  49.45840 1.0    -6    -3     5
  53.48737 1.0    -6    -3     6
  57.99455 1.0    -6    -3     7
  62.93507 1.0    -6    -3     8
  68.28438 1.0    -6    -3     9
  74.03799 1.0    -6    -3    10
  80.21218 1.0    -6    -3    11
  86.84714 1.0    -6    -3    12
  85.41143 1.0    -6    -2   -12
  78.75528 1.0    -6    -2   -11
  72.54240 1.0    -6    -2   -10
  66.73403 1.0    -6    -2    -9
  61.31460 1.0    -6    -2    -8
  56.28929 1.0    -6    -2    -7
  51.68387 1.0    -6    -2    -6
  47.54585 1.0    -6    -2    -5
  43.94552 1.0    -6    -2    -4
  40.97463 1.0    -6    -2    -3
  38.73942 1.0    -6    -2    -2
  37.34474 1.0    -6    -2    -1
  36.86990 1.0    -6    -2     0
  37.34474 1.0    -6    -2     1
  38.73942 1.0    -6    -2     2
  40.97463 1.0    -6    -2     3
  43.94552 1.0    -6    -2     4
  47.54585 1.0    -6    -2     5
  51.68387 1.0    -6    -2     6
  56.28929 1.0    -6    -2     7
  61.31460 1.0    -6    -2     8
  66.73403 1.0    -6    -2     9
  72.54240 1.0    -6    -2    10
  78.75528 1.0    -6    -2    11
  85.41143 1.0    -6    -2    12
  84.54868 1.0    -6    -1   -12
  77.87765 1.0    -6    -1   -11
  71.63919 1.0    -6    -1   -10
  65.79517 1.0    -6    -1    -9
  60.33025 1.0    -6    -1    -8
  55.24977 1.0    -6    -1    -7
  50.58002 1.0    -6    -1    -6
  46.36989 1.0    -6    -1    -5
  42.69278 1.0    -6    -1    -4
  39.64611 1.0    -6    -1    -3
  37.34474 1.0    -6    -1    -2
  35.90407 1.0    -6    -1    -1
  35.41264 1.0    -6    -1     0
  35.90407 1.0    -6    -1     1
  37.34474 1.0    -6    -1     2
  39.64611 1.0    -6    -1     3
  42.69278 1.0    -6    -1     4
  46.36989 1.0    -6    -1     5
  50.58002 1.0    -6    -1     6
  55.24977 1.0    -6    -1     7
  60.33025 1.0    -6    -1     8
  65.79517 1.0    -6    -1     9
  71.63919 1.0    -6    -1    10
  77.87765 1.0    -6    -1    11
  84.54868 1.0    -6    -1    12
  84.26083 1.0    -6     0   -12
  77.58447 1.0    -6     0   -11
  71.33708 1.0    -6     0   -10
  65.48068 1.0    -6     0    -9
  60.00000 1.0    -6     0    -8
  54.90037 1.0    -6     0    -7
  50.20818 1.0    -6     0    -6
  45.97278 1.0    -6     0    -5
  42.26858 1.0    -6     0    -4
  39.19497 1.0    -6     0    -3
  36.86990 1.0    -6     0    -2
  35.41264 1.0    -6     0    -1
  34.91521 1.0    -6     0     0
  35.41264 1.0    -6     0     1
  36.86990 1.0    -6     0     2
  39.19497 1.0    -6     0     3
  42.26858 1.0    -6     0     4
  45.97278 1.0    -6     0     5
  50.20818 1.0    -6     0     6
  54.90037 1.0    -6     0     7
  60.00000 1.0    -6     0     8
  65.48068 1.0    -6     0     9
  71.33708 1.0    -6     0    10
  77.58447 1.0    -6     0    11
  84.26083 1.0    -6     0    12
  84.54868 1.0    -6     1   -12
  77.87765 1.0    -6     1   -11
  71.63919 1.0    -6     1   -10
  65.79517 1.0    -6     1    -9
  60.33025 1.0    -6     1    -8
  55.24977 1.0    -6     1    -7
  50.58002 1.0    -6     1    -6
  46.36989 1.0    -6     1    -5
  42.69278 1.0    -6     1    -4
  39.64611 1.0    -6     1    -3
  37.34474 1.0    -6     1    -2
  35.90407 1.0    -6     1    -1
  35.41264 1.0    -6     1     0
  35.90407 1.0    -6     1     1
  37.34474 1.0    -6     1     2
  39.64611 1.0    -6     1     3
  42.69278 1.0    -6     1     4
  46.36989 1.0    -6     1     5
  50.58002 1.0    -6     1     6
  55.24977 1.0    -6     1     7
  60.33025 1.0    -6     1     8
  65.79517 1.0    -6     1     9
  71.63919 1.0    -6     1    10
  77.87765 1.0    -6     1    11
  84.54868 1.0    -6     1    12
  85.41143 1.0    -6     2   -12
  78.75528 1.0    -6     2   -11
  72.54240 1.0    -6     2   -10
  66.73403 1.0    -6     2    -9
  61.31460 1.0    -6     2    -8
  56.28929 1.0    -6     2    -7
  51.68387 1.0    -6     2    -6
  47.54585 1.0    -6     2    -5
  43.94552 1.0    -6     2    -4
  40.97463 1.0    -6     2    -3
  38.73942 1.0    -6     2    -2
  37.34474 1.0    -6     2    -1
  36.86990 1.0    -6     2     0
  37.34474 1.0    -6     2     1
  38.73942 1.0    -6     2     2
  40.97463 1.0    -6     2     3
  43.94552 1.0    -6     2     4
  47.54585 1.0    -6     2     5
  51.68387 1.0    -6     2     6
  56.28929 1.0    -6     2     7
  61.31460 1.0    -6     2     8
  66.73403 1.0    -6     2     9
  72.54240 1.0    -6     2    10
  78.75528 1.0    -6     2    11
  85.41143 1.0    -6     2    12
  86.84714 1.0    -6     3   -12
  80.21218 1.0    -6     3   -11
  74.03799 1.0    -6     3   -10
  68.28438 1.0    -6     3    -9
  62.93507 1.0    -6     3    -8
  57.99455 1.0    -6     3    -7
  53.48737 1.0    -6     3    -6
  49.45840 1.0    -6     3    -5
  45.97278 1.0    -6     3    -4
  43.11361 1.0    -6     3    -3
  40.97463 1.0    -6     3    -2
  39.64611 1.0    -6     3    -1
  39.19497 1.0    -6     3     0
  39.64611 1.0    -6     3     1
  40.97463 1.0    -6     3     2
  43.11361 1.0    -6     3     3
  45.97278 1.0    -6     3     4
  49.45840 1.0    -6     3     5
  53.48737 1.0    -6     3     6
  57.99455 1.0    -6     3     7
  62.93507 1.0    -6     3     8
  68.28438 1.0    -6     3     9
  74.03799 1.0    -6     3    10
  80.21218 1.0    -6     3    11
  86.84714 1.0    -6     3    12
  88.85401 1.0    -6     4   -12
  82.24138 1.0    -6     4   -11
  76.11346 1.0    -6     4   -10
  70.42746 1.0    -6     4    -9
  65.16541 1.0    -6     4    -8
  60.33025 1.0    -6     4    -7
  55.94420 1.0    -6     4    -6
  52.04808 1.0    -6     4    -5
  48.70013 1.0    -6     4    -4
  45.97278 1.0    -6     4    -3
  43.94552 1.0    -6     4    -2
  42.69278 1.0    -6     4    -1
  42.26858 1.0    -6     4     0
  42.69278 1.0    -6     4     1
  43.94552 1.0    -6     4     2
  45.97278 1.0    -6     4     3
  48.70013 1.0    -6     4     4
  52.04808 1.0    -6     4     5
  55.94420 1.0    -6     4     6
  60.33025 1.0    -6     4     7
  65.16541 1.0    -6     4     8
  70.42746 1.0    -6     4     9
  76.11346 1.0    -6     4    10
  82.24138 1.0    -6     4    11
  88.85401 1.0    -6     4    12
  84.83639 1.0    -6     5   -11
  78.75528 1.0    -6     5   -10
  73.14204 1.0    -6     5    -9
  67.97569 1.0    -6     5    -8
  63.25632 1.0    -6     5    -7
  59.00255 1.0    -6     5    -6
  55.24977 1.0    -6     5    -5
  52.04808 1.0    -6     5    -4
  49.45840 1.0    -6     5    -3
  47.54585 1.0    -6     5    -2
  46.36989 1.0    -6     5    -1
  45.97278 1.0    -6     5     0
  46.36989 1.0    -6     5     1
  47.54585 1.0    -6     5     2
  49.45840 1.0    -6     5     3
  52.04808 1.0    -6     5     4
  55.24977 1.0    -6     5     5
  59.00255 1.0    -6     5     6
  63.25632 1.0    -6     5     7
  67.97569 1.0    -6     5     8
  73.14204 1.0    -6     5     9
  78.75528 1.0    -6     5    10
  84.83639 1.0    -6     5    11
  87.99424 1.0    -6     6   -11
  81.95215 1.0    -6     6   -10
  76.40838 1.0    -6     6    -9
  71.33708 1.0    -6     6    -8
  66.73403 1.0    -6     6    -7
  62.61289 1.0    -6     6    -6
  59.00255 1.0    -6     6    -5
  55.94420 1.0    -6     6    -4
  53.48737 1.0    -6     6    -3
  51.68387 1.0    -6     6    -2
  50.58002 1.0    -6     6    -1
  50.20818 1.0    -6     6     0
  50.58002 1.0    -6     6     1
  51.68387 1.0    -6     6     2
  53.48737 1.0    -6     6     3
  55.94420 1.0    -6     6     4
  59.00255 1.0    -6     6     5
  62.61289 1.0    -6     6     6
  66.73403 1.0    -6     6     7
  71.33708 1.0    -6     6     8
  76.40838 1.0    -6     6     9
  81.95215 1.0    -6     6    10
  87.99424 1.0    -6     6    11
  85.69878 1.0    -6     7   -10
  80.21218 1.0    -6     7    -9
  75.22641 1.0    -6     7    -8
  70.73122 1.0    -6     7    -7
  66.73403 1.0    -6     7    -6
  63.25632 1.0    -6     7    -5
  60.33025 1.0    -6     7    -4
  57.99455 1.0    -6     7    -3
  56.28929 1.0    -6     7    -2
  55.24977 1.0    -6     7    -1
  54.90037 1.0    -6     7     0
  55.24977 1.0    -6     7     1
  56.28929 1.0    -6     7     2
  57.99455 1.0    -6     7     3
  60.33025 1.0    -6     7     4
  63.25632 1.0    -6     7     5
  66.73403 1.0    -6     7     6
  70.73122 1.0    -6     7     7
  75.22641 1.0    -6     7     8
  80.21218 1.0    -6     7     9
  85.69878 1.0    -6     7    10
  90.00000 1.0    -6     8   -10
  84.54868 1.0    -6     8    -9
  79.63024 1.0    -6     8    -8
  75.22641 1.0    -6     8    -7
  71.33708 1.0    -6     8    -6
  67.97569 1.0    -6     8    -5
  65.16541 1.0    -6     8    -4
  62.93507 1.0    -6     8    -3
  61.31460 1.0    -6     8    -2
  60.33025 1.0    -6     8    -1
  60.00000 1.0    -6     8     0
  60.33025 1.0    -6     8     1
  61.31460 1.0    -6     8     2
  62.93507 1.0    -6     8     3
  65.16541 1.0    -6     8     4
  67.97569 1.0    -6     8     5
  71.33708 1.0    -6     8     6
  75.22641 1.0    -6     8     7
  79.63024 1.0    -6     8     8
  84.54868 1.0    -6     8     9
  90.00000 1.0    -6     8    10
  89.42703 1.0    -6     9    -9
  84.54868 1.0    -6     9    -8
  80.21218 1.0    -6     9    -7
  76.40838 1.0    -6     9    -6
  73.14204 1.0    -6     9    -5
  70.42746 1.0    -6     9    -4
  68.28438 1.0    -6     9    -3
  66.73403 1.0    -6     9    -2
  65.79517 1.0    -6     9    -1
  65.48068 1.0    -6     9     0
  65.79517 1.0    -6     9     1
  66.73403 1.0    -6     9     2
  68.28438 1.0    -6     9     3
  70.42746 1.0    -6     9     4
  73.14204 1.0    -6     9     5
  76.40838 1.0    -6     9     6
  80.21218 1.0    -6     9     7
  84.54868 1.0    -6     9     8
  89.42703 1.0    -6     9     9
  90.00000 1.0    -6    10    -8
  85.69878 1.0    -6    10    -7
  81.95215 1.0    -6    10    -6
  78.75528 1.0    -6    10    -5
  76.11346 1.0    -6    10    -4
  74.03799 1.0    -6    10    -3
  72.54240 1.0    -6    10    -2
  71.63919 1.0    -6    10    -1
  71.33708 1.0    -6    10     0
  71.63919 1.0    -6    10     1
  72.54240 1.0    -6    10     2
  74.03799 1.0    -6    10     3
  76.11346 1.0    -6    10     4
  78.75528 1.0    -6    10     5
  81.95215 1.0    -6    10     6
  85.69878 1.0    -6    10     7
  90.00000 1.0    -6    10     8
  87.99424 1.0    -6    11    -6
  84.83639 1.0    -6    11    -5
  82.24138 1.0    -6    11    -4
  80.21218 1.0    -6    11    -3
  78.75528 1.0    -6    11    -2
  77.87765 1.0    -6    11    -1
  77.58447 1.0    -6    11     0
  77.87765 1.0    -6    11     1
  78.75528 1.0    -6    11     2
  80.21218 1.0    -6    11     3
  82.24138 1.0    -6    11     4
  84.83639 1.0    -6    11     5
  87.99424 1.0    -6    11     6
  88.85401 1.0    -6    12    -4
  86.84714 1.0    -6    12    -3
  85.41143 1.0    -6    12    -2
  84.54868 1.0    -6    12    -1
  84.26083 1.0    -6    12     0
  84.54868 1.0    -6    12     1
  85.41143 1.0    -6    12     2
  86.84714 1.0    -6    12     3
  88.85401 1.0    -6    12     4
  89.42703 1.0    -5   -13    -2
  88.56746 1.0    -5   -13    -1
  88.28087 1.0    -5   -13     0
  88.56746 1.0    -5   -13     1
  89.42703 1.0    -5   -13     2
  88.28087 1.0    -5   -12    -5
  85.69878 1.0    -5   -12    -4
  83.68468 1.0    -5   -12    -3
  82.24138 1.0    -5   -12    -2
  81.37307 1.0    -5   -12    -1
  81.08320 1.0    -5   -12     0
  81.37307 1.0    -5   -12     1
  82.24138 1.0    -5   -12     2
  83.68468 1.0    -5   -12     3
  85.69878 1.0    -5   -12     4
  88.28087 1.0    -5   -12     5
  88.56746 1.0    -5   -11    -7
  84.83639 1.0    -5   -11    -6
  81.66272 1.0    -5   -11    -5
  79.04722 1.0    -5   -11    -4
  76.99712 1.0    -5   -11    -3
  75.52249 1.0    -5   -11    -2
  74.63305 1.0    -5   -11    -1
  74.33573 1.0    -5   -11     0
  74.63305 1.0    -5   -11     1
  75.52249 1.0    -5   -11     2
  76.99712 1.0    -5   -11     3
  79.04722 1.0    -5   -11     4
  81.66272 1.0    -5   -11     5
  84.83639 1.0    -5   -11     6
  88.56746 1.0    -5   -11     7
  86.84714 1.0    -5   -10    -8
  82.53041 1.0    -5   -10    -7
  78.75528 1.0    -5   -10    -6
  75.52249 1.0    -5   -10    -5
  72.84246 1.0    -5   -10    -4
  70.73122 1.0    -5   -10    -3
  69.20656 1.0    -5   -10    -2
  68.28438 1.0    -5   -10    -1
  67.97569 1.0    -5   -10     0
  68.28438 1.0    -5   -10     1
  69.20656 1.0    -5   -10     2
  70.73122 1.0    -5   -10     3
  72.84246 1.0    -5   -10     4
  75.52249 1.0    -5   -10     5
  78.75528 1.0    -5   -10     6
  82.53041 1.0    -5   -10     7
  86.84714 1.0    -5   -10     8
  86.27315 1.0    -5    -9    -9
  81.37307 1.0    -5    -9    -8
  76.99712 1.0    -5    -9    -7
  73.14204 1.0    -5    -9    -6
  69.81820 1.0    -5    -9    -5
  67.04550 1.0    -5    -9    -4
  64.84934 1.0    -5    -9    -3
  63.25632 1.0    -5    -9    -2
  62.28978 1.0    -5    -9    -1
  61.96570 1.0    -5    -9     0
  62.28978 1.0    -5    -9     1
  63.25632 1.0    -5    -9     2
  64.84934 1.0    -5    -9     3
  67.04550 1.0    -5    -9     4
  69.81820 1.0    -5    -9     5
  73.14204 1.0    -5    -9     6
  76.99712 1.0    -5    -9     7
  81.37307 1.0    -5    -9     8
  86.27315 1.0    -5    -9     9
  86.84714 1.0    -5    -8   -10
  81.37307 1.0    -5    -8    -9
  76.40838 1.0    -5    -8    -8
  71.94077 1.0    -5    -8    -7
  67.97569 1.0    -5    -8    -6
  64.53244 1.0    -5    -8    -5
  61.64065 1.0    -5    -8    -4
  59.33617 1.0    -5    -8    -3
  57.65609 1.0    -5    -8    -2
  56.63299 1.0    -5    -8    -1
  56.28929 1.0    -5    -8     0
  56.63299 1.0    -5    -8     1
  57.65609 1.0    -5    -8     2
  59.33617 1.0    -5    -8     3
  61.64065 1.0    -5    -8     4
  64.53244 1.0    -5    -8     5
  67.97569 1.0    -5    -8     6
  71.94077 1.0    -5    -8     7
  76.40838 1.0    -5    -8     8
  81.37307 1.0    -5    -8     9
  86.84714 1.0    -5    -8    10
  88.56746 1.0    -5    -7   -11
  82.53041 1.0    -5    -7   -10
  76.99712 1.0    -5    -7    -9
  71.94077 1.0    -5    -7    -8
  67.35626 1.0    -5    -7    -7
  63.25632 1.0    -5    -7    -6
  59.66865 1.0    -5    -7    -5
  56.63299 1.0    -5    -7    -4
  54.19701 1.0    -5    -7    -3
  52.41050 1.0    -5    -7    -2
  51.31781 1.0    -5    -7    -1
  50.94988 1.0    -5    -7     0
  51.31781 1.0    -5    -7     1
  52.41050 1.0    -5    -7     2
  54.19701 1.0    -5    -7     3
  56.63299 1.0    -5    -7     4
  59.66865 1.0    -5    -7     5
  63.25632 1.0    -5    -7     6
  67.35626 1.0    -5    -7     7
  71.94077 1.0    -5    -7     8
  76.99712 1.0    -5    -7     9
  82.53041 1.0    -5    -7    10
  88.56746 1.0    -5    -7    11
  84.83639 1.0    -5    -6   -11
  78.75528 1.0    -5    -6   -10
  73.14204 1.0    -5    -6    -9
  67.97569 1.0    -5    -6    -8
  63.25632 1.0    -5    -6    -7
  59.00255 1.0    -5    -6    -6
  55.24977 1.0    -5    -6    -5
  52.04808 1.0    -5    -6    -4
  49.45840 1.0    -5    -6    -3
  47.54585 1.0    -5    -6    -2
  46.36989 1.0    -5    -6    -1
  45.97278 1.0    -5    -6     0
  46.36989 1.0    -5    -6     1
  47.54585 1.0    -5    -6     2
  49.45840 1.0    -5    -6     3
  52.04808 1.0    -5    -6     4
  55.24977 1.0    -5    -6     5
  59.00255 1.0    -5    -6     6
  63.25632 1.0    -5    -6     7
  67.97569 1.0    -5    -6     8
  73.14204 1.0    -5    -6     9
  78.75528 1.0    -5    -6    10
  84.83639 1.0    -5    -6    11
  88.28087 1.0    -5    -5   -12
  81.66272 1.0    -5    -5   -11
  75.52249 1.0    -5    -5   -10
  69.81820 1.0    -5    -5    -9
  64.53244 1.0    -5    -5    -8
  59.66865 1.0    -5    -5    -7
  55.24977 1.0    -5    -5    -6
  51.31781 1.0    -5    -5    -5
  47.93294 1.0    -5    -5    -4
  45.17046 1.0    -5    -5    -3
  43.11361 1.0    -5    -5    -2
  41.84090 1.0    -5    -5    -1
  41.40962 1.0    -5    -5     0
  41.84090 1.0    -5    -5     1
  43.11361 1.0    -5    -5     2
  45.17046 1.0    -5    -5     3
  47.93294 1.0    -5    -5     4
  51.31781 1.0    -5    -5     5
  55.24977 1.0    -5    -5     6
  59.66865 1.0    -5    -5     7
  64.53244 1.0    -5    -5     8
  69.81820 1.0    -5    -5     9
  75.52249 1.0    -5    -5    10
  81.66272 1.0    -5    -5    11
  88.28087 1.0    -5    -5    12
  85.69878 1.0    -5    -4   -12
  79.04722 1.0    -5    -4   -11
  72.84246 1.0    -5    -4   -10
  67.04550 1.0    -5    -4    -9
  61.64065 1.0    -5    -4    -8
  56.63299 1.0    -5    -4    -7
  52.04808 1.0    -5    -4    -6
  47.93294 1.0    -5    -4    -5
  44.35680 1.0    -5    -4    -4
  41.40962 1.0    -5    -4    -3
  39.19497 1.0    -5    -4    -2
  37.81449 1.0    -5    -4    -1
  37.34474 1.0    -5    -4     0
  37.81449 1.0    -5    -4     1
  39.19497 1.0    -5    -4     2
  41.40962 1.0    -5    -4     3
  44.35680 1.0    -5    -4     4
  47.93294 1.0    -5    -4     5
  52.04808 1.0    -5    -4     6
  56.63299 1.0    -5    -4     7
  61.64065 1.0    -5    -4     8
  67.04550 1.0    -5    -4     9
  72.84246 1.0    -5    -4    10
  79.04722 1.0    -5    -4    11
  85.69878 1.0    -5    -4    12
  83.68468 1.0    -5    -3   -12
  76.99712 1.0    -5    -3   -11
  70.73122 1.0    -5    -3   -10
  64.84934 1.0    -5    -3    -9
  59.33617 1.0    -5    -3    -8
  54.19701 1.0    -5    -3    -7
  49.45840 1.0    -5    -3    -6
  45.17046 1.0    -5    -3    -5
  41.40962 1.0    -5    -3    -4
  38.27932 1.0    -5    -3    -3
  35.90407 1.0    -5    -3    -2
  34.41151 1.0    -5    -3    -1
  33.90126 1.0    -5    -3     0
  34.41151 1.0    -5    -3     1
  35.90407 1.0    -5    -3     2
  38.27932 1.0    -5    -3     3
  41.40962 1.0    -5    -3     4
  45.17046 1.0    -5    -3     5
  49.45840 1.0    -5    -3     6
  54.19701 1.0    -5    -3     7
  59.33617 1.0    -5    -3     8
  64.84934 1.0    -5    -3     9
  70.73122 1.0    -5    -3    10
  76.99712 1.0    -5    -3    11
  83.68468 1.0    -5    -3    12
  89.42703 1.0    -5    -2   -13
  82.24138 1.0    -5    -2   -12
  75.52249 1.0    -5    -2   -11
  69.20656 1.0    -5    -2   -10
  63.25632 1.0    -5    -2    -9
  57.65609 1.0    -5    -2    -8
  52.41050 1.0    -5    -2    -7
  47.54585 1.0    -5    -2    -6
  43.11361 1.0    -5    -2    -5
  39.19497 1.0    -5    -2    -4
  35.90407 1.0    -5    -2    -3
  33.38416 1.0    -5    -2    -2
  31.78833 1.0    -5    -2    -1
  31.24027 1.0    -5    -2     0
  31.78833 1.0    -5    -2     1
  33.38416 1.0    -5    -2     2
  35.90407 1.0    -5    -2     3
  39.19497 1.0    -5    -2     4
  43.11361 1.0    -5    -2     5
  47.54585 1.0    -5    -2     6
  52.41050 1.0    -5    -2     7
  57.65609 1.0    -5    -2     8
  63.25632 1.0    -5    -2     9
  69.20656 1.0    -5    -2    10
  75.52249 1.0    -5    -2    11
  82.24138 1.0    -5    -2    12
  89.42703 1.0    -5    -2    13
  88.56746 1.0    -5    -1   -13
  81.37307 1.0    -5    -1   -12
  74.63305 1.0    -5    -1   -11
  68.28438 1.0    -5    -1   -10
  62.28978 1.0    -5    -1    -9
  56.63299 1.0    -5    -1    -8
  51.31781 1.0    -5    -1    -7
  46.36989 1.0    -5    -1    -6
  41.84090 1.0    -5    -1    -5
  37.81449 1.0    -5    -1    -4
  34.41151 1.0    -5    -1    -3
  31.78833 1.0    -5    -1    -2
  30.11729 1.0    -5    -1    -1
  29.54136 1.0    -5    -1     0
  30.11729 1.0    -5    -1     1
  31.78833 1.0    -5    -1     2
  34.41151 1.0    -5    -1     3
  37.81449 1.0    -5    -1     4
  41.84090 1.0    -5    -1     5
  46.36989 1.0    -5    -1     6
  51.31781 1.0    -5    -1     7
  56.63299 1.0    -5    -1     8
  62.28978 1.0    -5    -1     9
  68.28438 1.0    -5    -1    10
  74.63305 1.0    -5    -1    11
  81.37307 1.0    -5    -1    12
  88.56746 1.0    -5    -1    13
  88.28087 1.0    -5     0   -13
  81.08320 1.0    -5     0   -12
  74.33573 1.0    -5     0   -11
  67.97569 1.0    -5     0   -10
  61.96570 1.0    -5     0    -9
  56.28929 1.0    -5     0    -8
  50.94988 1.0    -5     0    -7
  45.97278 1.0    -5     0    -6
  41.40962 1.0    -5     0    -5
  37.34474 1.0    -5     0    -4
  33.90126 1.0    -5     0    -3
  31.24027 1.0    -5     0    -2
  29.54136 1.0    -5     0    -1
  28.95502 1.0    -5     0     0
  29.54136 1.0    -5     0     1
  31.24027 1.0    -5     0     2
  33.90126 1.0    -5     0     3
  37.34474 1.0    -5     0     4
  41.40962 1.0    -5     0     5
  45.97278 1.0    -5     0     6
  50.94988 1.0    -5     0     7
  56.28929 1.0    -5     0     8
  61.96570 1.0    -5     0     9
  67.97569 1.0    -5     0    10
  74.33573 1.0    -5     0    11
  81.08320 1.0    -5     0    12
  88.28087 1.0    -5     0    13
  88.56746 1.0    -5     1   -13
  81.37307 1.0    -5     1   -12
  74.63305 1.0    -5     1   -11
  68.28438 1.0    -5     1   -10
  62.28978 1.0    -5     1    -9
  56.63299 1.0    -5     1    -8
  51.31781 1.0    -5     1    -7
  46.36989 1.0    -5     1    -6
  41.84090 1.0    -5     1    -5
  37.81449 1.0    -5     1    -4
  34.41151 1.0    -5     1    -3
  31.78833 1.0    -5     1    -2
  30.11729 1.0    -5     1    -1
  29.54136 1.0    -5     1     0
  30.11729 1.0    -5     1     1
  31.78833 1.0    -5     1     2
  34.41151 1.0    -5     1     3
  37.81449 1.0    -5     1     4
  41.84090 1.0    -5     1     5
  46.36989 1.0    -5     1     6
  51.31781 1.0    -5     1     7
  56.63299 1.0    -5     1     8
  62.28978 1.0    -5     1     9
  68.28438 1.0    -5     1    10
  74.63305 1.0    -5     1    11
  81.37307 1.0    -5     1    12
  88.56746 1.0    -5     1    13
  89.42703 1.0    -5     2   -13
  82.24138 1.0    -5     2   -12
  75.52249 1.0    -5     2   -11
  69.20656 1.0    -5     2   -10
  63.25632 1.0    -5     2    -9
  57.65609 1.0    -5     2    -8
  52.41050 1.0    -5     2    -7
  47.54585 1.0    -5     2    -6
  43.11361 1.0    -5     2    -5
  39.19497 1.0    -5     2    -4
  35.90407 1.0    -5     2    -3
  33.38416 1.0    -5     2    -2
  31.78833 1.0    -5     2    -1
  31.24027 1.0    -5     2     0
  31.78833 1.0    -5     2     1
  33.38416 1.0    -5     2     2
  35.90407 1.0    -5     2     3
  39.19497 1.0    -5     2     4
  43.11361 1.0    -5     2     5
  47.54585 1.0    -5     2     6
  52.41050 1.0    -5     2     7
  57.65609 1.0    -5     2     8
  63.25632 1.0    -5     2     9
  69.20656 1.0    -5     2    10
  75.52249 1.0    -5     2    11
  82.24138 1.0    -5     2    12
  89.42703 1.0    -5     2    13
  83.68468 1.0    -5     3   -12
  76.99712 1.0    -5     3   -11
  70.73122 1.0    -5     3   -10
  64.84934 1.0    -5     3    -9
  59.33617 1.0    -5     3    -8
  54.19701 1.0    -5     3    -7
  49.45840 1.0    -5     3    -6
  45.17046 1.0    -5     3    -5
  41.40962 1.0    -5     3    -4
  38.27932 1.0    -5     3    -3
  35.90407 1.0    -5     3    -2
  34.41151 1.0    -5     3    -1
  33.90126 1.0    -5     3     0
  34.41151 1.0    -5     3     1
  35.90407 1.0    -5     3     2
  38.27932 1.0    -5     3     3
  41.40962 1.0    -5     3     4
  45.17046 1.0    -5     3     5
  49.45840 1.0    -5     3     6
  54.19701 1.0    -5     3     7
  59.33617 1.0    -5     3     8
  64.84934 1.0    -5     3     9
  70.73122 1.0    -5     3    10
  76.99712 1.0    -5     3    11
  83.68468 1.0    -5     3    12
  85.69878 1.0    -5     4   -12
  79.04722 1.0    -5     4   -11
  72.84246 1.0    -5     4   -10
  67.04550 1.0    -5     4    -9
  61.64065 1.0    -5     4    -8
  56.63299 1.0    -5     4    -7
  52.04808 1.0    -5     4    -6
  47.93294 1.0    -5     4    -5
  44.35680 1.0    -5     4    -4
  41.40962 1.0    -5     4    -3
  39.19497 1.0    -5     4    -2
  37.81449 1.0    -5     4    -1
  37.34474 1.0    -5     4     0
  37.81449 1.0    -5     4     1
  39.19497 1.0    -5     4     2
  41.40962 1.0    -5     4     3
  44.35680 1.0    -5     4     4
  47.93294 1.0    -5     4     5
  52.04808 1.0    -5     4     6
  56.63299 1.0    -5     4     7
  61.64065 1.0    -5     4     8
  67.04550 1.0    -5     4     9
  72.84246 1.0    -5     4    10
  79.04722 1.0    -5     4    11
  85.69878 1.0    -5     4    12
  88.28087 1.0    -5     5   -12
  81.66272 1.0    -5     5   -11
  75.52249 1.0    -5     5   -10
  69.81820 1.0    -5     5    -9
  64.53244 1.0    -5     5    -8
  59.66865 1.0    -5     5    -7
  55.24977 1.0    -5     5    -6
  51.31781 1.0    -5     5    -5
  47.93294 1.0    -5     5    -4
  45.17046 1.0    -5     5    -3
  43.11361 1.0    -5     5    -2
  41.84090 1.0    -5     5    -1
  41.40962 1.0    -5     5     0
  41.84090 1.0    -5     5     1
  43.11361 1.0    -5     5     2
  45.17046 1.0    -5     5     3
  47.93294 1.0    -5     5     4
  51.31781 1.0    -5     5     5
  55.24977 1.0    -5     5     6
  59.66865 1.0    -5     5     7
  64.53244 1.0    -5     5     8
  69.81820 1.0    -5     5     9
  75.52249 1.0    -5     5    10
  81.66272 1.0    -5     5    11
  88.28087 1.0    -5     5    12
  84.83639 1.0    -5     6   -11
  78.75528 1.0    -5     6   -10
  73.14204 1.0    -5     6    -9
  67.97569 1.0    -5     6    -8
  63.25632 1.0    -5     6    -7
  59.00255 1.0    -5     6    -6
  55.24977 1.0    -5     6    -5
  52.04808 1.0    -5     6    -4
  49.45840 1.0    -5     6    -3
  47.54585 1.0    -5     6    -2
  46.36989 1.0    -5     6    -1
  45.97278 1.0    -5     6     0
  46.36989 1.0    -5     6     1
  47.54585 1.0    -5     6     2
  49.45840 1.0    -5     6     3
  52.04808 1.0    -5     6     4
  55.24977 1.0    -5     6     5
  59.00255 1.0    -5     6     6
  63.25632 1.0    -5     6     7
  67.97569 1.0    -5     6     8
  73.14204 1.0    -5     6     9
  78.75528 1.0    -5     6    10
  84.83639 1.0    -5     6    11
  88.56746 1.0    -5     7   -11
  82.53041 1.0    -5     7   -10
  76.99712 1.0    -5     7    -9
  71.94077 1.0    -5     7    -8
  67.35626 1.0    -5     7    -7
  63.25632 1.0    -5     7    -6
  59.66865 1.0    -5     7    -5
  56.63299 1.0    -5     7    -4
  54.19701 1.0    -5     7    -3
  52.41050 1.0    -5     7    -2
  51.31781 1.0    -5     7    -1
  50.94988 1.0    -5     7     0
  51.31781 1.0    -5     7     1
  52.41050 1.0    -5     7     2
  54.19701 1.0    -5     7     3
  56.63299 1.0    -5     7     4
  59.66865 1.0    -5     7     5
  63.25632 1.0    -5     7     6
  67.35626 1.0    -5     7     7
  71.94077 1.0    -5     7     8
  76.99712 1.0    -5     7     9
  82.53041 1.0    -5     7    10
  88.56746 1.0    -5     7    11
  86.84714 1.0    -5     8   -10
  81.37307 1.0    -5     8    -9
  76.40838 1.0    -5     8    -8
  71.94077 1.0    -5     8    -7
  67.97569 1.0    -5     8    -6
  64.53244 1.0    -5     8    -5
  61.64065 1.0    -5     8    -4
  59.33617 1.0    -5     8    -3
  57.65609 1.0    -5     8    -2
  56.63299 1.0    -5     8    -1
  56.28929 1.0    -5     8     0
  56.63299 1.0    -5     8     1
  57.65609 1.0    -5     8     2
  59.33617 1.0    -5     8     3
  61.64065 1.0    -5     8     4
  64.53244 1.0    -5     8     5
  67.97569 1.0    -5     8     6
  71.94077 1.0    -5     8     7
  76.40838 1.0    -5     8     8
  81.37307 1.0    -5     8     9
  86.84714 1.0    -5     8    10
  86.27315 1.0    -5     9    -9
  81.37307 1.0    -5     9    -8
  76.99712 1.0    -5     9    -7
  73.14204 1.0    -5     9    -6
  69.81820 1.0    -5     9    -5
  67.04550 1.0    -5     9    -4
  64.84934 1.0    -5     9    -3
  63.25632 1.0    -5     9    -2
  62.28978 1.0    -5     9    -1
  61.96570 1.0    -5     9     0
  62.28978 1.0    -5     9     1
  63.25632 1.0    -5     9     2
  64.84934 1.0    -5     9     3
  67.04550 1.0    -5     9     4
  69.81820 1.0    -5     9     5
  73.14204 1.0    -5     9     6
  76.99712 1.0    -5     9     7
  81.37307 1.0    -5     9     8
  86.27315 1.0    -5     9     9
  86.84714 1.0    -5    10    -8
  82.53041 1.0    -5    10    -7
  78.75528 1.0    -5    10    -6
  75.52249 1.0    -5    10    -5
  72.84246 1.0    -5    10    -4
  70.73122 1.0    -5    10    -3
  69.20656 1.0    -5    10    -2
  68.28438 1.0    -5    10    -1
  67.97569 1.0    -5    10     0
  68.28438 1.0    -5    10     1
  69.20656 1.0    -5    10     2
  70.73122 1.0    -5    10     3
  72.84246 1.0    -5    10     4
  75.52249 1.0    -5    10     5
  78.75528 1.0    -5    10     6
  82.53041 1.0    -5    10     7
  86.84714 1.0    -5    10     8
  88.56746 1.0    -5    11    -7
  84.83639 1.0    -5    11    -6
  81.66272 1.0    -5    11    -5
  79.04722 1.0    -5    11    -4
  76.99712 1.0    -5    11    -3
  75.52249 1.0    -5    11    -2
  74.63305 1.0    -5    11    -1
  74.33573 1.0    -5    11     0
  74.63305 1.0    -5    11     1
  75.52249 1.0    -5    11     2
  76.99712 1.0    -5    11     3
  79.04722 1.0    -5    11     4
  81.66272 1.0    -5    11     5
  84.83639 1.0    -5    11     6
  88.56746 1.0    -5    11     7
  88.28087 1.0    -5    12    -5
  85.69878 1.0    -5    12    -4
  83.68468 1.0    -5    12    -3
  82.24138 1.0    -5    12    -2
  81.37307 1.0    -5    12    -1
  81.08320 1.0    -5    12     0
  81.37307 1.0    -5    12     1
  82.24138 1.0    -5    12     2
  83.68468 1.0    -5    12     3
  85.69878 1.0    -5    12     4
  88.28087 1.0    -5    12     5
  89.42703 1.0    -5    13    -2
  88.56746 1.0    -5    13    -1
  88.28087 1.0    -5    13     0
  88.56746 1.0    -5    13     1
  89.42703 1.0    -5    13     2
  90.28648 1.0    -4   -13    -4
  88.28087 1.0    -4   -13    -3
  86.84714 1.0    -4   -13    -2
  85.98601 1.0    -4   -13    -1
  85.69878 1.0    -4   -13     0
  85.98601 1.0    -4   -13     1
  86.84714 1.0    -4   -13     2
  88.28087 1.0    -4   -13     3
  90.28648 1.0    -4   -13     4
  88.85401 1.0    -4   -12    -6
  85.69878 1.0    -4   -12    -5
  83.10790 1.0    -4   -12    -4
  81.08320 1.0    -4   -12    -3
  79.63024 1.0    -4   -12    -2
  78.75528 1.0    -4   -12    -1
  78.46304 1.0    -4   -12     0
  78.75528 1.0    -4   -12     1
  79.63024 1.0    -4   -12     2
  81.08320 1.0    -4   -12     3
  83.10790 1.0    -4   -12     4
  85.69878 1.0    -4   -12     5
  88.85401 1.0    -4   -12     6
  90.28648 1.0    -4   -11    -8
  85.98601 1.0    -4   -11    -7
  82.24138 1.0    -4   -11    -6
  79.04722 1.0    -4   -11    -5
  76.40838 1.0    -4   -11    -4
  74.33573 1.0    -4   -11    -3
  72.84246 1.0    -4   -11    -2
  71.94077 1.0    -4   -11    -1
  71.63919 1.0    -4   -11     0
  71.94077 1.0    -4   -11     1
  72.84246 1.0    -4   -11     2
  74.33573 1.0    -4   -11     3
  76.40838 1.0    -4   -11     4
  79.04722 1.0    -4   -11     5
  82.24138 1.0    -4   -11     6
  85.98601 1.0    -4   -11     7
  90.28648 1.0    -4   -11     8
  89.14053 1.0    -4   -10    -9
  84.26083 1.0    -4   -10    -8
  79.92134 1.0    -4   -10    -7
  76.11346 1.0    -4   -10    -6
  72.84246 1.0    -4   -10    -5
  70.12313 1.0    -4   -10    -4
  67.97569 1.0    -4   -10    -3
  66.42182 1.0    -4   -10    -2
  65.48068 1.0    -4   -10    -1
  65.16541 1.0    -4   -10     0
  65.48068 1.0    -4   -10     1
  66.42182 1.0    -4   -10     2
  67.97569 1.0    -4   -10     3
  70.12313 1.0    -4   -10     4
  72.84246 1.0    -4   -10     5
  76.11346 1.0    -4   -10     6
  79.92134 1.0    -4   -10     7
  84.26083 1.0    -4   -10     8
  89.14053 1.0    -4   -10     9
  89.14053 1.0    -4    -9   -10
  83.68468 1.0    -4    -9    -9
  78.75528 1.0    -4    -9    -8
  74.33573 1.0    -4    -9    -7
  70.42746 1.0    -4    -9    -6
  67.04550 1.0    -4    -9    -5
  64.21471 1.0    -4    -9    -4
  61.96570 1.0    -4    -9    -3
  60.33025 1.0    -4    -9    -2
  59.33617 1.0    -4    -9    -1
  59.00255 1.0    -4    -9     0
  59.33617 1.0    -4    -9     1
  60.33025 1.0    -4    -9     2
  61.96570 1.0    -4    -9     3
  64.21471 1.0    -4    -9     4
  67.04550 1.0    -4    -9     5
  70.42746 1.0    -4    -9     6
  74.33573 1.0    -4    -9     7
  78.75528 1.0    -4    -9     8
  83.68468 1.0    -4    -9     9
  89.14053 1.0    -4    -9    10
  90.28648 1.0    -4    -8   -11
  84.26083 1.0    -4    -8   -10
  78.75528 1.0    -4    -8    -9
  73.73980 1.0    -4    -8    -8
  69.20656 1.0    -4    -8    -7
  65.16541 1.0    -4    -8    -6
  61.64065 1.0    -4    -8    -5
  58.66775 1.0    -4    -8    -4
  56.28929 1.0    -4    -8    -3
  54.54946 1.0    -4    -8    -2
  53.48737 1.0    -4    -8    -1
  53.13010 1.0    -4    -8     0
  53.48737 1.0    -4    -8     1
  54.54946 1.0    -4    -8     2
  56.28929 1.0    -4    -8     3
  58.66775 1.0    -4    -8     4
  61.64065 1.0    -4    -8     5
  65.16541 1.0    -4    -8     6
  69.20656 1.0    -4    -8     7
  73.73980 1.0    -4    -8     8
  78.75528 1.0    -4    -8     9
  84.26083 1.0    -4    -8    10
  90.28648 1.0    -4    -8    11
  85.98601 1.0    -4    -7   -11
  79.92134 1.0    -4    -7   -10
  74.33573 1.0    -4    -7    -9
  69.20656 1.0    -4    -7    -8
  64.53244 1.0    -4    -7    -7
  60.33025 1.0    -4    -7    -6
  56.63299 1.0    -4    -7    -5
  53.48737 1.0    -4    -7    -4
  50.94988 1.0    -4    -7    -3
  49.08035 1.0    -4    -7    -2
  47.93294 1.0    -4    -7    -1
  47.54585 1.0    -4    -7     0
  47.93294 1.0    -4    -7     1
  49.08035 1.0    -4    -7     2
  50.94988 1.0    -4    -7     3
  53.48737 1.0    -4    -7     4
  56.63299 1.0    -4    -7     5
  60.33025 1.0    -4    -7     6
  64.53244 1.0    -4    -7     7
  69.20656 1.0    -4    -7     8
  74.33573 1.0    -4    -7     9
  79.92134 1.0    -4    -7    10
  85.98601 1.0    -4    -7    11
  88.85401 1.0    -4    -6   -12
  82.24138 1.0    -4    -6   -11
  76.11346 1.0    -4    -6   -10
  70.42746 1.0    -4    -6    -9
  65.16541 1.0    -4    -6    -8
  60.33025 1.0    -4    -6    -7
  55.94420 1.0    -4    -6    -6
  52.04808 1.0    -4    -6    -5
  48.70013 1.0    -4    -6    -4
  45.97278 1.0    -4    -6    -3
  43.94552 1.0    -4    -6    -2
  42.69278 1.0    -4    -6    -1
  42.26858 1.0    -4    -6     0
  42.69278 1.0    -4    -6     1
  43.94552 1.0    -4    -6     2
  45.97278 1.0    -4    -6     3
  48.70013 1.0    -4    -6     4
  52.04808 1.0    -4    -6     5
  55.94420 1.0    -4    -6     6
  60.33025 1.0    -4    -6     7
  65.16541 1.0    -4    -6     8
  70.42746 1.0    -4    -6     9
  76.11346 1.0    -4    -6    10
  82.24138 1.0    -4    -6    11
  88.85401 1.0    -4    -6    12
  85.69878 1.0    -4    -5   -12
  79.04722 1.0    -4    -5   -11
  72.84246 1.0    -4    -5   -10
  67.04550 1.0    -4    -5    -9
  61.64065 1.0    -4    -5    -8
  56.63299 1.0    -4    -5    -7
  52.04808 1.0    -4    -5    -6
  47.93294 1.0    -4    -5    -5
  44.35680 1.0    -4    -5    -4
  41.40962 1.0    -4    -5    -3
  39.19497 1.0    -4    -5    -2
  37.81449 1.0    -4    -5    -1
  37.34474 1.0    -4    -5     0
  37.81449 1.0    -4    -5     1
  39.19497 1.0    -4    -5     2
  41.40962 1.0    -4    -5     3
  44.35680 1.0    -4    -5     4
  47.93294 1.0    -4    -5     5
  52.04808 1.0    -4    -5     6
  56.63299 1.0    -4    -5     7
  61.64065 1.0    -4    -5     8
  67.04550 1.0    -4    -5     9
  72.84246 1.0    -4    -5    10
  79.04722 1.0    -4    -5    11
  85.69878 1.0    -4    -5    12
  90.28648 1.0    -4    -4   -13
  83.10790 1.0    -4    -4   -12
  76.40838 1.0    -4    -4   -11
  70.12313 1.0    -4    -4   -10
  64.21471 1.0    -4    -4    -9
  58.66775 1.0    -4    -4    -8
  53.48737 1.0    -4    -4    -7
  48.70013 1.0    -4    -4    -6
  44.35680 1.0    -4    -4    -5
  40.53580 1.0    -4    -4    -4
  37.34474 1.0    -4    -4    -3
  34.91521 1.0    -4    -4    -2
  33.38416 1.0    -4    -4    -1
  32.85988 1.0    -4    -4     0
  33.38416 1.0    -4    -4     1
  34.91521 1.0    -4    -4     2
  37.34474 1.0    -4    -4     3
  40.53580 1.0    -4    -4     4
  44.35680 1.0    -4    -4     5
  48.70013 1.0    -4    -4     6
  53.48737 1.0    -4    -4     7
  58.66775 1.0    -4    -4     8
  64.21471 1.0    -4    -4     9
  70.12313 1.0    -4    -4    10
  76.40838 1.0    -4    -4    11
  83.10790 1.0    -4    -4    12
  90.28648 1.0    -4    -4    13
  88.28087 1.0    -4    -3   -13
  81.08320 1.0    -4    -3   -12
  74.33573 1.0    -4    -3   -11
  67.97569 1.0    -4    -3   -10
  61.96570 1.0    -4    -3    -9
  56.28929 1.0    -4    -3    -8
  50.94988 1.0    -4    -3    -7
  45.97278 1.0    -4    -3    -6
  41.40962 1.0    -4    -3    -5
  37.34474 1.0    -4    -3    -4
  33.90126 1.0    -4    -3    -3
  31.24027 1.0    -4    -3    -2
  29.54136 1.0    -4    -3    -1
  28.95502 1.0    -4    -3     0
  29.54136 1.0    -4    -3     1
  31.24027 1.0    -4    -3     2
  33.90126 1.0    -4    -3     3
  37.34474 1.0    -4    -3     4
  41.40962 1.0    -4    -3     5
  45.97278 1.0    -4    -3     6
  50.94988 1.0    -4    -3     7
  56.28929 1.0    -4    -3     8
  61.96570 1.0    -4    -3     9
  67.97569 1.0    -4    -3    10
  74.33573 1.0    -4    -3    11
  81.08320 1.0    -4    -3    12
  88.28087 1.0    -4    -3    13
  86.84714 1.0    -4    -2   -13
  79.63024 1.0    -4    -2   -12
  72.84246 1.0    -4    -2   -11
  66.42182 1.0    -4    -2   -10
  60.33025 1.0    -4    -2    -9
  54.54946 1.0    -4    -2    -8
  49.08035 1.0    -4    -2    -7
  43.94552 1.0    -4    -2    -6
  39.19497 1.0    -4    -2    -5
  34.91521 1.0    -4    -2    -4
  31.24027 1.0    -4    -2    -3
  28.35764 1.0    -4    -2    -2
  26.49157 1.0    -4    -2    -1
  25.84193 1.0    -4    -2     0
  26.49157 1.0    -4    -2     1
  28.35764 1.0    -4    -2     2
  31.24027 1.0    -4    -2     3
  34.91521 1.0    -4    -2     4
  39.19497 1.0    -4    -2     5
  43.94552 1.0    -4    -2     6
  49.08035 1.0    -4    -2     7
  54.54946 1.0    -4    -2     8
  60.33025 1.0    -4    -2     9
  66.42182 1.0    -4    -2    10
  72.84246 1.0    -4    -2    11
  79.63024 1.0    -4    -2    12
  86.84714 1.0    -4    -2    13
  85.98601 1.0    -4    -1   -13
  78.75528 1.0    -4    -1   -12
  71.94077 1.0    -4    -1   -11
  65.48068 1.0    -4    -1   -10
  59.33617 1.0    -4    -1    -9
  53.48737 1.0    -4    -1    -8
  47.93294 1.0    -4    -1    -7
  42.69278 1.0    -4    -1    -6
  37.81449 1.0    -4    -1    -5
  33.38416 1.0    -4    -1    -4
  29.54136 1.0    -4    -1    -3
  26.49157 1.0    -4    -1    -2
  24.49465 1.0    -4    -1    -1
  23.79427 1.0    -4    -1     0
  24.49465 1.0    -4    -1     1
  26.49157 1.0    -4    -1     2
  29.54136 1.0    -4    -1     3
  33.38416 1.0    -4    -1     4
  37.81449 1.0    -4    -1     5
  42.69278 1.0    -4    -1     6
  47.93294 1.0    -4    -1     7
  53.48737 1.0    -4    -1     8
  59.33617 1.0    -4    -1     9
  65.48068 1.0    -4    -1    10
  71.94077 1.0    -4    -1    11
  78.75528 1.0    -4    -1    12
  85.98601 1.0    -4    -1    13
  85.69878 1.0    -4     0   -13
  78.46304 1.0    -4     0   -12
  71.63919 1.0    -4     0   -11
  65.16541 1.0    -4     0   -10
  59.00255 1.0    -4     0    -9
  53.13010 1.0    -4     0    -8
  47.54585 1.0    -4     0    -7
  42.26858 1.0    -4     0    -6
  37.34474 1.0    -4     0    -5
  32.85988 1.0    -4     0    -4
  28.95502 1.0    -4     0    -3
  25.84193 1.0    -4     0    -2
  23.79427 1.0    -4     0    -1
  23.07392 1.0    -4     0     0
  23.79427 1.0    -4     0     1
  25.84193 1.0    -4     0     2
  28.95502 1.0    -4     0     3
  32.85988 1.0    -4     0     4
  37.34474 1.0    -4     0     5
  42.26858 1.0    -4     0     6
  47.54585 1.0    -4     0     7
  53.13010 1.0    -4     0     8
  59.00255 1.0    -4     0     9
  65.16541 1.0    -4     0    10
  71.63919 1.0    -4     0    11
  78.46304 1.0    -4     0    12
  85.69878 1.0    -4     0    13
  85.98601 1.0    -4     1   -13
  78.75528 1.0    -4     1   -12
  71.94077 1.0    -4     1   -11
  65.48068 1.0    -4     1   -10
  59.33617 1.0    -4     1    -9
  53.48737 1.0    -4     1    -8
  47.93294 1.0    -4     1    -7
  42.69278 1.0    -4     1    -6
  37.81449 1.0    -4     1    -5
  33.38416 1.0    -4     1    -4
  29.54136 1.0    -4     1    -3
  26.49157 1.0    -4     1    -2
  24.49465 1.0    -4     1    -1
  23.79427 1.0    -4     1     0
  24.49465 1.0    -4     1     1
  26.49157 1.0    -4     1     2
  29.54136 1.0    -4     1     3
  33.38416 1.0    -4     1     4
  37.81449 1.0    -4     1     5
  42.69278 1.0    -4     1     6
  47.93294 1.0    -4     1     7
  53.48737 1.0    -4     1     8
  59.33617 1.0    -4     1     9
  65.48068 1.0    -4     1    10
  71.94077 1.0    -4     1    11
  78.75528 1.0    -4     1    12
  85.98601 1.0    -4     1    13
  86.84714 1.0    -4     2   -13
  79.63024 1.0    -4     2   -12
  72.84246 1.0    -4     2   -11
  66.42182 1.0    -4     2   -10
  60.33025 1.0    -4     2    -9
  54.54946 1.0    -4     2    -8
  49.08035 1.0    -4     2    -7
  43.94552 1.0    -4     2    -6
  39.19497 1.0    -4     2    -5
  34.91521 1.0    -4     2    -4
  31.24027 1.0    -4     2    -3
  28.35764 1.0    -4     2    -2
  26.49157 1.0    -4     2    -1
  25.84193 1.0    -4     2     0
  26.49157 1.0    -4     2     1
  28.35764 1.0    -4     2     2
  31.24027 1.0    -4     2     3
  34.91521 1.0    -4     2     4
  39.19497 1.0    -4     2     5
  43.94552 1.0    -4     2     6
  49.08035 1.0    -4     2     7
  54.54946 1.0    -4     2     8
  60.33025 1.0    -4     2     9
  66.42182 1.0    -4     2    10
  72.84246 1.0    -4     2    11
  79.63024 1.0    -4     2    12
  86.84714 1.0    -4     2    13
  88.28087 1.0    -4     3   -13
  81.08320 1.0    -4     3   -12
  74.33573 1.0    -4     3   -11
  67.97569 1.0    -4     3   -10
  61.96570 1.0    -4     3    -9
  56.28929 1.0    -4     3    -8
  50.94988 1.0    -4     3    -7
  45.97278 1.0    -4     3    -6
  41.40962 1.0    -4     3    -5
  37.34474 1.0    -4     3    -4
  33.90126 1.0    -4     3    -3
  31.24027 1.0    -4     3    -2
  29.54136 1.0    -4     3    -1
  28.95502 1.0    -4     3     0
  29.54136 1.0    -4     3     1
  31.24027 1.0    -4     3     2
  33.90126 1.0    -4     3     3
  37.34474 1.0    -4     3     4
  41.40962 1.0    -4     3     5
  45.97278 1.0    -4     3     6
  50.94988 1.0    -4     3     7
  56.28929 1.0    -4     3     8
  61.96570 1.0    -4     3     9
  67.97569 1.0    -4     3    10
  74.33573 1.0    -4     3    11
  81.08320 1.0    -4     3    12
  88.28087 1.0    -4     3    13
  90.28648 1.0    -4     4   -13
  83.10790 1.0    -4     4   -12
  76.40838 1.0    -4     4   -11
  70.12313 1.0    -4     4   -10
  64.21471 1.0    -4     4    -9
  58.66775 1.0    -4     4    -8
  53.48737 1.0    -4     4    -7
  48.70013 1.0    -4     4    -6
  44.35680 1.0    -4     4    -5
  40.53580 1.0    -4     4    -4
  37.34474 1.0    -4     4    -3
  34.91521 1.0    -4     4    -2
  33.38416 1.0    -4     4    -1
  32.85988 1.0    -4     4     0
  33.38416 1.0    -4     4     1
  34.91521 1.0    -4     4     2
  37.34474 1.0    -4     4     3
  40.53580 1.0    -4     4     4
  44.35680 1.0    -4     4     5
  48.70013 1.0    -4     4     6
  53.48737 1.0    -4     4     7
  58.66775 1.0    -4     4     8
  64.21471 1.0    -4     4     9
  70.12313 1.0    -4     4    10
  76.40838 1.0    -4     4    11
  83.10790 1.0    -4     4    12
  90.28648 1.0    -4     4    13
  85.69878 1.0    -4     5   -12
  79.04722 1.0    -4     5   -11
  72.84246 1.0    -4     5   -10
  67.04550 1.0    -4     5    -9
  61.64065 1.0    -4     5    -8
  56.63299 1.0    -4     5    -7
  52.04808 1.0    -4     5    -6
  47.93294 1.0    -4     5    -5
  44.35680 1.0    -4     5    -4
  41.40962 1.0    -4     5    -3
  39.19497 1.0    -4     5    -2
  37.81449 1.0    -4     5    -1
  37.34474 1.0    -4     5     0
  37.81449 1.0    -4     5     1
  39.19497 1.0    -4     5     2
  41.40962 1.0    -4     5     3
  44.35680 1.0    -4     5     4
  47.93294 1.0    -4     5     5
  52.04808 1.0    -4     5     6
  56.63299 1.0    -4     5     7
  61.64065 1.0    -4     5     8
  67.04550 1.0    -4     5     9
  72.84246 1.0    -4     5    10
  79.04722 1.0    -4     5    11
  85.69878 1.0    -4     5    12
  88.85401 1.0    -4     6   -12
  82.24138 1.0    -4     6   -11
  76.11346 1.0    -4     6   -10
  70.42746 1.0    -4     6    -9
  65.16541 1.0    -4     6    -8
  60.33025 1.0    -4     6    -7
  55.94420 1.0    -4     6    -6
  52.04808 1.0    -4     6    -5
  48.70013 1.0    -4     6    -4
  45.97278 1.0    -4     6    -3
  43.94552 1.0    -4     6    -2
  42.69278 1.0    -4     6    -1
  42.26858 1.0    -4     6     0
  42.69278 1.0    -4     6     1
  43.94552 1.0    -4     6     2
  45.97278 1.0    -4     6     3
  48.70013 1.0    -4     6     4
  52.04808 1.0    -4     6     5
  55.94420 1.0    -4     6     6
  60.33025 1.0    -4     6     7
  65.16541 1.0    -4     6     8
  70.42746 1.0    -4     6     9
  76.11346 1.0    -4     6    10
  82.24138 1.0    -4     6    11
  88.85401 1.0    -4     6    12
  85.98601 1.0    -4     7   -11
  79.92134 1.0    -4     7   -10
  74.33573 1.0    -4     7    -9
  69.20656 1.0    -4     7    -8
  64.53244 1.0    -4     7    -7
  60.33025 1.0    -4     7    -6
  56.63299 1.0    -4     7    -5
  53.48737 1.0    -4     7    -4
  50.94988 1.0    -4     7    -3
  49.08035 1.0    -4     7    -2
  47.93294 1.0    -4     7    -1
  47.54585 1.0    -4     7     0
  47.93294 1.0    -4     7     1
  49.08035 1.0    -4     7     2
  50.94988 1.0    -4     7     3
  53.48737 1.0    -4     7     4
  56.63299 1.0    -4     7     5
  60.33025 1.0    -4     7     6
  64.53244 1.0    -4     7     7
  69.20656 1.0    -4     7     8
  74.33573 1.0    -4     7     9
  79.92134 1.0    -4     7    10
  85.98601 1.0    -4     7    11
  90.28648 1.0    -4     8   -11
  84.26083 1.0    -4     8   -10
  78.75528 1.0    -4     8    -9
  73.73980 1.0    -4     8    -8
  69.20656 1.0    -4     8    -7
  65.16541 1.0    -4     8    -6
  61.64065 1.0    -4     8    -5
  58.66775 1.0    -4     8    -4
  56.28929 1.0    -4     8    -3
  54.54946 1.0    -4     8    -2
  53.48737 1.0    -4     8    -1
  53.13010 1.0    -4     8     0
  53.48737 1.0    -4     8     1
  54.54946 1.0    -4     8     2
  56.28929 1.0    -4     8     3
  58.66775 1.0    -4     8     4
  61.64065 1.0    -4     8     5
  65.16541 1.0    -4     8     6
  69.20656 1.0    -4     8     7
  73.73980 1.0    -4     8     8
  78.75528 1.0    -4     8     9
  84.26083 1.0    -4     8    10
  90.28648 1.0    -4     8    11
  89.14053 1.0    -4     9   -10
  83.68468 1.0    -4     9    -9
  78.75528 1.0    -4     9    -8
  74.33573 1.0    -4     9    -7
  70.42746 1.0    -4     9    -6
  67.04550 1.0    -4     9    -5
  64.21471 1.0    -4     9    -4
  61.96570 1.0    -4     9    -3
  60.33025 1.0    -4     9    -2
  59.33617 1.0    -4     9    -1
  59.00255 1.0    -4     9     0
  59.33617 1.0    -4     9     1
  60.33025 1.0    -4     9     2
  61.96570 1.0    -4     9     3
  64.21471 1.0    -4     9     4
  67.04550 1.0    -4     9     5
  70.42746 1.0    -4     9     6
  74.33573 1.0    -4     9     7
  78.75528 1.0    -4     9     8
  83.68468 1.0    -4     9     9
  89.14053 1.0    -4     9    10
  89.14053 1.0    -4    10    -9
  84.26083 1.0    -4    10    -8
  79.92134 1.0    -4    10    -7
  76.11346 1.0    -4    10    -6
  72.84246 1.0    -4    10    -5
  70.12313 1.0    -4    10    -4
  67.97569 1.0    -4    10    -3
  66.42182 1.0    -4    10    -2
  65.48068 1.0    -4    10    -1
  65.16541 1.0    -4    10     0
  65.48068 1.0    -4    10     1
  66.42182 1.0    -4    10     2
  67.97569 1.0    -4    10     3
  70.12313 1.0    -4    10     4
  72.84246 1.0    -4    10     5
  76.11346 1.0    -4    10     6
  79.92134 1.0    -4    10     7
  84.26083 1.0    -4    10     8
  89.14053 1.0    -4    10     9
  90.28648 1.0    -4    11    -8
  85.98601 1.0    -4    11    -7
  82.24138 1.0    -4    11    -6
  79.04722 1.0    -4    11    -5
  76.40838 1.0    -4    11    -4
  74.33573 1.0    -4    11    -3
  72.84246 1.0    -4    11    -2
  71.94077 1.0    -4    11    -1
  71.63919 1.0    -4    11     0
  71.94077 1.0    -4    11     1
  72.84246 1.0    -4    11     2
  74.33573 1.0    -4    11     3
  76.40838 1.0    -4    11     4
  79.04722 1.0    -4    11     5
  82.24138 1.0    -4    11     6
  85.98601 1.0    -4    11     7
  90.28648 1.0    -4    11     8
  88.85401 1.0    -4    12    -6
  85.69878 1.0    -4    12    -5
  83.10790 1.0    -4    12    -4
  81.08320 1.0    -4    12    -3
  79.63024 1.0    -4    12    -2
  78.75528 1.0    -4    12    -1
  78.46304 1.0    -4    12     0
  78.75528 1.0    -4    12     1
  79.63024 1.0    -4    12     2
  81.08320 1.0    -4    12     3
  83.10790 1.0    -4    12     4
  85.69878 1.0    -4    12     5
  88.85401 1.0    -4    12     6
  90.28648 1.0    -4    13    -4
  88.28087 1.0    -4    13    -3
  86.84714 1.0    -4    13    -2
  85.98601 1.0    -4    13    -1
  85.69878 1.0    -4    13     0
  85.98601 1.0    -4    13     1
  86.84714 1.0    -4    13     2
  88.28087 1.0    -4    13     3
  90.28648 1.0    -4    13     4
  88.28087 1.0    -3   -13    -4
  86.27315 1.0    -3   -13    -3
  84.83639 1.0    -3   -13    -2
  83.97283 1.0    -3   -13    -1
  83.68468 1.0    -3   -13     0
  83.97283 1.0    -3   -13     1
  84.83639 1.0    -3   -13     2
  86.27315 1.0    -3   -13     3
  88.28087 1.0    -3   -13     4
  86.84714 1.0    -3   -12    -6
  83.68468 1.0    -3   -12    -5
  81.08320 1.0    -3   -12    -4
  79.04722 1.0    -3   -12    -3
  77.58447 1.0    -3   -12    -2
  76.70293 1.0    -3   -12    -1
  76.40838 1.0    -3   -12     0
  76.70293 1.0    -3   -12     1
  77.58447 1.0    -3   -12     2
  79.04722 1.0    -3   -12     3
  81.08320 1.0    -3   -12     4
  83.68468 1.0    -3   -12     5
  86.84714 1.0    -3   -12     6
  88.28087 1.0    -3   -11    -8
  83.97283 1.0    -3   -11    -7
  80.21218 1.0    -3   -11    -6
  76.99712 1.0    -3   -11    -5
  74.33573 1.0    -3   -11    -4
  72.24184 1.0    -3   -11    -3
  70.73122 1.0    -3   -11    -2
  69.81820 1.0    -3   -11    -1
  69.51268 1.0    -3   -11     0
  69.81820 1.0    -3   -11     1
  70.73122 1.0    -3   -11     2
  72.24184 1.0    -3   -11     3
  74.33573 1.0    -3   -11     4
  76.99712 1.0    -3   -11     5
  80.21218 1.0    -3   -11     6
  83.97283 1.0    -3   -11     7
  88.28087 1.0    -3   -11     8
  87.13402 1.0    -3   -10    -9
  82.24138 1.0    -3   -10    -8
  77.87765 1.0    -3   -10    -7
  74.03799 1.0    -3   -10    -6
  70.73122 1.0    -3   -10    -5
  67.97569 1.0    -3   -10    -4
  65.79517 1.0    -3   -10    -3
  64.21471 1.0    -3   -10    -2
  63.25632 1.0    -3   -10    -1
  62.93507 1.0    -3   -10     0
  63.25632 1.0    -3   -10     1
  64.21471 1.0    -3   -10     2
  65.79517 1.0    -3   -10     3
  67.97569 1.0    -3   -10     4
  70.73122 1.0    -3   -10     5
  74.03799 1.0    -3   -10     6
  77.87765 1.0    -3   -10     7
  82.24138 1.0    -3   -10     8
  87.13402 1.0    -3   -10     9
  87.13402 1.0    -3    -9   -10
  81.66272 1.0    -3    -9    -9
  76.70293 1.0    -3    -9    -8
  72.24184 1.0    -3    -9    -7
  68.28438 1.0    -3    -9    -6
  64.84934 1.0    -3    -9    -5
  61.96570 1.0    -3    -9    -4
  59.66865 1.0    -3    -9    -3
  57.99455 1.0    -3    -9    -2
  56.97534 1.0    -3    -9    -1
  56.63299 1.0    -3    -9     0
  56.97534 1.0    -3    -9     1
  57.99455 1.0    -3    -9     2
  59.66865 1.0    -3    -9     3
  61.96570 1.0    -3    -9     4
  64.84934 1.0    -3    -9     5
  68.28438 1.0    -3    -9     6
  72.24184 1.0    -3    -9     7
  76.70293 1.0    -3    -9     8
  81.66272 1.0    -3    -9     9
  87.13402 1.0    -3    -9    10
  88.28087 1.0    -3    -8   -11
  82.24138 1.0    -3    -8   -10
  76.70293 1.0    -3    -8    -9
  71.63919 1.0    -3    -8    -8
  67.04550 1.0    -3    -8    -7
  62.93507 1.0    -3    -8    -6
  59.33617 1.0    -3    -8    -5
  56.28929 1.0    -3    -8    -4
  53.84299 1.0    -3    -8    -3
  52.04808 1.0    -3    -8    -2
  50.94988 1.0    -3    -8    -1
  50.58002 1.0    -3    -8     0
  50.94988 1.0    -3    -8     1
  52.04808 1.0    -3    -8     2
  53.84299 1.0    -3    -8     3
  56.28929 1.0    -3    -8     4
  59.33617 1.0    -3    -8     5
  62.93507 1.0    -3    -8     6
  67.04550 1.0    -3    -8     7
  71.63919 1.0    -3    -8     8
  76.70293 1.0    -3    -8     9
  82.24138 1.0    -3    -8    10
  88.28087 1.0    -3    -8    11
  83.97283 1.0    -3    -7   -11
  77.87765 1.0    -3    -7   -10
  72.24184 1.0    -3    -7    -9
  67.04550 1.0    -3    -7    -8
  62.28978 1.0    -3    -7    -7
  57.99455 1.0    -3    -7    -6
  54.19701 1.0    -3    -7    -5
  50.94988 1.0    -3    -7    -4
  48.31767 1.0    -3    -7    -3
  46.36989 1.0    -3    -7    -2
  45.17046 1.0    -3    -7    -1
  44.76508 1.0    -3    -7     0
  45.17046 1.0    -3    -7     1
  46.36989 1.0    -3    -7     2
  48.31767 1.0    -3    -7     3
  50.94988 1.0    -3    -7     4
  54.19701 1.0    -3    -7     5
  57.99455 1.0    -3    -7     6
  62.28978 1.0    -3    -7     7
  67.04550 1.0    -3    -7     8
  72.24184 1.0    -3    -7     9
  77.87765 1.0    -3    -7    10
  83.97283 1.0    -3    -7    11
  86.84714 1.0    -3    -6   -12
  80.21218 1.0    -3    -6   -11
  74.03799 1.0    -3    -6   -10
  68.28438 1.0    -3    -6    -9
  62.93507 1.0    -3    -6    -8
  57.99455 1.0    -3    -6    -7
  53.48737 1.0    -3    -6    -6
  49.45840 1.0    -3    -6    -5
  45.97278 1.0    -3    -6    -4
  43.11361 1.0    -3    -6    -3
  40.97463 1.0    -3    -6    -2
  39.64611 1.0    -3    -6    -1
  39.19497 1.0    -3    -6     0
  39.64611 1.0    -3    -6     1
  40.97463 1.0    -3    -6     2
  43.11361 1.0    -3    -6     3
  45.97278 1.0    -3    -6     4
  49.45840 1.0    -3    -6     5
  53.48737 1.0    -3    -6     6
  57.99455 1.0    -3    -6     7
  62.93507 1.0    -3    -6     8
  68.28438 1.0    -3    -6     9
  74.03799 1.0    -3    -6    10
  80.21218 1.0    -3    -6    11
  86.84714 1.0    -3    -6    12
  83.68468 1.0    -3    -5   -12
  76.99712 1.0    -3    -5   -11
  70.73122 1.0    -3    -5   -10
  64.84934 1.0    -3    -5    -9
  59.33617 1.0    -3    -5    -8
  54.19701 1.0    -3    -5    -7
  49.45840 1.0    -3    -5    -6
  45.17046 1.0    -3    -5    -5
  41.40962 1.0    -3    -5    -4
  38.27932 1.0    -3    -5    -3
  35.90407 1.0    -3    -5    -2
  34.41151 1.0    -3    -5    -1
  33.90126 1.0    -3    -5     0
  34.41151 1.0    -3    -5     1
  35.90407 1.0    -3    -5     2
  38.27932 1.0    -3    -5     3
  41.40962 1.0    -3    -5     4
  45.17046 1.0    -3    -5     5
  49.45840 1.0    -3    -5     6
  54.19701 1.0    -3    -5     7
  59.33617 1.0    -3    -5     8
  64.84934 1.0    -3    -5     9
  70.73122 1.0    -3    -5    10
  76.99712 1.0    -3    -5    11
  83.68468 1.0    -3    -5    12
  88.28087 1.0    -3    -4   -13
  81.08320 1.0    -3    -4   -12
  74.33573 1.0    -3    -4   -11
  67.97569 1.0    -3    -4   -10
  61.96570 1.0    -3    -4    -9
  56.28929 1.0    -3    -4    -8
  50.94988 1.0    -3    -4    -7
  45.97278 1.0    -3    -4    -6
  41.40962 1.0    -3    -4    -5
  37.34474 1.0    -3    -4    -4
  33.90126 1.0    -3    -4    -3
  31.24027 1.0    -3    -4    -2
  29.54136 1.0    -3    -4    -1
  28.95502 1.0    -3    -4     0
  29.54136 1.0    -3    -4     1
  31.24027 1.0    -3    -4     2
  33.90126 1.0    -3    -4     3
  37.34474 1.0    -3    -4     4
  41.40962 1.0    -3    -4     5
  45.97278 1.0    -3    -4     6
  50.94988 1.0    -3    -4     7
  56.28929 1.0    -3    -4     8
  61.96570 1.0    -3    -4     9
  67.97569 1.0    -3    -4    10
  74.33573 1.0    -3    -4    11
  81.08320 1.0    -3    -4    12
  88.28087 1.0    -3    -4    13
  86.27315 1.0    -3    -3   -13
  79.04722 1.0    -3    -3   -12
  72.24184 1.0    -3    -3   -11
  65.79517 1.0    -3    -3   -10
  59.66865 1.0    -3    -3    -9
  53.84299 1.0    -3    -3    -8
  48.31767 1.0    -3    -3    -7
  43.11361 1.0    -3    -3    -6
  38.27932 1.0    -3    -3    -5
  33.90126 1.0    -3    -3    -4
  30.11729 1.0    -3    -3    -3
  27.12675 1.0    -3    -3    -2
  25.17672 1.0    -3    -3    -1
  24.49465 1.0    -3    -3     0
  25.17672 1.0    -3    -3     1
  27.12675 1.0    -3    -3     2
  30.11729 1.0    -3    -3     3
  33.90126 1.0    -3    -3     4
  38.27932 1.0    -3    -3     5
  43.11361 1.0    -3    -3     6
  48.31767 1.0    -3    -3     7
  53.84299 1.0    -3    -3     8
  59.66865 1.0    -3    -3     9
  65.79517 1.0    -3    -3    10
  72.24184 1.0    -3    -3    11
  79.04722 1.0    -3    -3    12
  86.27315 1.0    -3    -3    13
  84.83639 1.0    -3    -2   -13
  77.58447 1.0    -3    -2   -12
  70.73122 1.0    -3    -2   -11
  64.21471 1.0    -3    -2   -10
  57.99455 1.0    -3    -2    -9
  52.04808 1.0    -3    -2    -8
  46.36989 1.0    -3    -2    -7
  40.97463 1.0    -3    -2    -6
  35.90407 1.0    -3    -2    -5
  31.24027 1.0    -3    -2    -4
  27.12675 1.0    -3    -2    -3
  23.79427 1.0    -3    -2    -2
  21.56519 1.0    -3    -2    -1
  20.77186 1.0    -3    -2     0
  21.56519 1.0    -3    -2     1
  23.79427 1.0    -3    -2     2
  27.12675 1.0    -3    -2     3
  31.24027 1.0    -3    -2     4
  35.90407 1.0    -3    -2     5
  40.97463 1.0    -3    -2     6
  46.36989 1.0    -3    -2     7
  52.04808 1.0    -3    -2     8
  57.99455 1.0    -3    -2     9
  64.21471 1.0    -3    -2    10
  70.73122 1.0    -3    -2    11
  77.58447 1.0    -3    -2    12
  84.83639 1.0    -3    -2    13
  83.97283 1.0    -3    -1   -13
  76.70293 1.0    -3    -1   -12
  69.81820 1.0    -3    -1   -11
  63.25632 1.0    -3    -1   -10
  56.97534 1.0    -3    -1    -9
  50.94988 1.0    -3    -1    -8
  45.17046 1.0    -3    -1    -7
  39.64611 1.0    -3    -1    -6
  34.41151 1.0    -3    -1    -5
  29.54136 1.0    -3    -1    -4
  25.17672 1.0    -3    -1    -3
  21.56519 1.0    -3    -1    -2
  19.09105 1.0    -3    -1    -1
  18.19487 1.0    -3    -1     0
  19.09105 1.0    -3    -1     1
  21.56519 1.0    -3    -1     2
  25.17672 1.0    -3    -1     3
  29.54136 1.0    -3    -1     4
  34.41151 1.0    -3    -1     5
  39.64611 1.0    -3    -1     6
  45.17046 1.0    -3    -1     7
  50.94988 1.0    -3    -1     8
  56.97534 1.0    -3    -1     9
  63.25632 1.0    -3    -1    10
  69.81820 1.0    -3    -1    11
  76.70293 1.0    -3    -1    12
  83.97283 1.0    -3    -1    13
  83.68468 1.0    -3     0   -13
  76.40838 1.0    -3     0   -12
  69.51268 1.0    -3     0   -11
  62.93507 1.0    -3     0   -10
  56.63299 1.0    -3     0    -9
  50.58002 1.0    -3     0    -8
  44.76508 1.0    -3     0    -7
  39.19497 1.0    -3     0    -6
  33.90126 1.0    -3     0    -5
  28.95502 1.0    -3     0    -4
  24.49465 1.0    -3     0    -3
  20.77186 1.0    -3     0    -2
  18.19487 1.0    -3     0    -1
  17.25385 1.0    -3     0     0
  18.19487 1.0    -3     0     1
  20.77186 1.0    -3     0     2
  24.49465 1.0    -3     0     3
  28.95502 1.0    -3     0     4
  33.90126 1.0    -3     0     5
  39.19497 1.0    -3     0     6
  44.76508 1.0    -3     0     7
  50.58002 1.0    -3     0     8
  56.63299 1.0    -3     0     9
  62.93507 1.0    -3     0    10
  69.51268 1.0    -3     0    11
  76.40838 1.0    -3     0    12
  83.68468 1.0    -3     0    13
  83.97283 1.0    -3     1   -13
  76.70293 1.0    -3     1   -12
  69.81820 1.0    -3     1   -11
  63.25632 1.0    -3     1   -10
  56.97534 1.0    -3     1    -9
  50.94988 1.0    -3     1    -8
  45.17046 1.0    -3     1    -7
  39.64611 1.0    -3     1    -6
  34.41151 1.0    -3     1    -5
  29.54136 1.0    -3     1    -4
  25.17672 1.0    -3     1    -3
  21.56519 1.0    -3     1    -2
  19.09105 1.0    -3     1    -1
  18.19487 1.0    -3     1     0
  19.09105 1.0    -3     1     1
  21.56519 1.0    -3     1     2
  25.17672 1.0    -3     1     3
  29.54136 1.0    -3     1     4
  34.41151 1.0    -3     1     5
  39.64611 1.0    -3     1     6
  45.17046 1.0    -3     1     7
  50.94988 1.0    -3     1     8
  56.97534 1.0    -3     1     9
  63.25632 1.0    -3     1    10
  69.81820 1.0    -3     1    11
  76.70293 1.0    -3     1    12
  83.97283 1.0    -3     1    13
  84.83639 1.0    -3     2   -13
  77.58447 1.0    -3     2   -12
  70.73122 1.0    -3     2   -11
  64.21471 1.0    -3     2   -10
  57.99455 1.0    -3     2    -9
  52.04808 1.0    -3     2    -8
  46.36989 1.0    -3     2    -7
  40.97463 1.0    -3     2    -6
  35.90407 1.0    -3     2    -5
  31.24027 1.0    -3     2    -4
  27.12675 1.0    -3     2    -3
  23.79427 1.0    -3     2    -2
  21.56519 1.0    -3     2    -1
  20.77186 1.0    -3     2     0
  21.56519 1.0    -3     2     1
  23.79427 1.0    -3     2     2
  27.12675 1.0    -3     2     3
  31.24027 1.0    -3     2     4
  35.90407 1.0    -3     2     5
  40.97463 1.0    -3     2     6
  46.36989 1.0    -3     2     7
  52.04808 1.0    -3     2     8
  57.99455 1.0    -3     2     9
  64.21471 1.0    -3     2    10
  70.73122 1.0    -3     2    11
  77.58447 1.0    -3     2    12
  84.83639 1.0    -3     2    13
  86.27315 1.0    -3     3   -13
  79.04722 1.0    -3     3   -12
  72.24184 1.0    -3     3   -11
  65.79517 1.0    -3     3   -10
  59.66865 1.0    -3     3    -9
  53.84299 1.0    -3     3    -8
  48.31767 1.0    -3     3    -7
  43.11361 1.0    -3     3    -6
  38.27932 1.0    -3     3    -5
  33.90126 1.0    -3     3    -4
  30.11729 1.0    -3     3    -3
  27.12675 1.0    -3     3    -2
  25.17672 1.0    -3     3    -1
  24.49465 1.0    -3     3     0
  25.17672 1.0    -3     3     1
  27.12675 1.0    -3     3     2
  30.11729 1.0    -3     3     3
  33.90126 1.0    -3     3     4
  38.27932 1.0    -3     3     5
  43.11361 1.0    -3     3     6
  48.31767 1.0    -3     3     7
  53.84299 1.0    -3     3     8
  59.66865 1.0    -3     3     9
  65.79517 1.0    -3     3    10
  72.24184 1.0    -3     3    11
  79.04722 1.0    -3     3    12
  86.27315 1.0    -3     3    13
  88.28087 1.0    -3     4   -13
  81.08320 1.0    -3     4   -12
  74.33573 1.0    -3     4   -11
  67.97569 1.0    -3     4   -10
  61.96570 1.0    -3     4    -9
  56.28929 1.0    -3     4    -8
  50.94988 1.0    -3     4    -7
  45.97278 1.0    -3     4    -6
  41.40962 1.0    -3     4    -5
  37.34474 1.0    -3     4    -4
  33.90126 1.0    -3     4    -3
  31.24027 1.0    -3     4    -2
  29.54136 1.0    -3     4    -1
  28.95502 1.0    -3     4     0
  29.54136 1.0    -3     4     1
  31.24027 1.0    -3     4     2
  33.90126 1.0    -3     4     3
  37.34474 1.0    -3     4     4
  41.40962 1.0    -3     4     5
  45.97278 1.0    -3     4     6
  50.94988 1.0    -3     4     7
  56.28929 1.0    -3     4     8
  61.96570 1.0    -3     4     9
  67.97569 1.0    -3     4    10
  74.33573 1.0    -3     4    11
  81.08320 1.0    -3     4    12
  88.28087 1.0    -3     4    13
  83.68468 1.0    -3     5   -12
  76.99712 1.0    -3     5   -11
  70.73122 1.0    -3     5   -10
  64.84934 1.0    -3     5    -9
  59.33617 1.0    -3     5    -8
  54.19701 1.0    -3     5    -7
  49.45840 1.0    -3     5    -6
  45.17046 1.0    -3     5    -5
  41.40962 1.0    -3     5    -4
  38.27932 1.0    -3     5    -3
  35.90407 1.0    -3     5    -2
  34.41151 1.0    -3     5    -1
  33.90126 1.0    -3     5     0
  34.41151 1.0    -3     5     1
  35.90407 1.0    -3     5     2
  38.27932 1.0    -3     5     3
  41.40962 1.0    -3     5     4
  45.17046 1.0    -3     5     5
  49.45840 1.0    -3     5     6
  54.19701 1.0    -3     5     7
  59.33617 1.0    -3     5     8
  64.84934 1.0    -3     5     9
  70.73122 1.0    -3     5    10
  76.99712 1.0    -3     5    11
  83.68468 1.0    -3     5    12
  86.84714 1.0    -3     6   -12
  80.21218 1.0    -3     6   -11
  74.03799 1.0    -3     6   -10
  68.28438 1.0    -3     6    -9
  62.93507 1.0    -3     6    -8
  57.99455 1.0    -3     6    -7
  53.48737 1.0    -3     6    -6
  49.45840 1.0    -3     6    -5
  45.97278 1.0    -3     6    -4
  43.11361 1.0    -3     6    -3
  40.97463 1.0    -3     6    -2
  39.64611 1.0    -3     6    -1
  39.19497 1.0    -3     6     0
  39.64611 1.0    -3     6     1
  40.97463 1.0    -3     6     2
  43.11361 1.0    -3     6     3
  45.97278 1.0    -3     6     4
  49.45840 1.0    -3     6     5
  53.48737 1.0    -3     6     6
  57.99455 1.0    -3     6     7
  62.93507 1.0    -3     6     8
  68.28438 1.0    -3     6     9
  74.03799 1.0    -3     6    10
  80.21218 1.0    -3     6    11
  86.84714 1.0    -3     6    12
  83.97283 1.0    -3     7   -11
  77.87765 1.0    -3     7   -10
  72.24184 1.0    -3     7    -9
  67.04550 1.0    -3     7    -8
  62.28978 1.0    -3     7    -7
  57.99455 1.0    -3     7    -6
  54.19701 1.0    -3     7    -5
  50.94988 1.0    -3     7    -4
  48.31767 1.0    -3     7    -3
  46.36989 1.0    -3     7    -2
  45.17046 1.0    -3     7    -1
  44.76508 1.0    -3     7     0
  45.17046 1.0    -3     7     1
  46.36989 1.0    -3     7     2
  48.31767 1.0    -3     7     3
  50.94988 1.0    -3     7     4
  54.19701 1.0    -3     7     5
  57.99455 1.0    -3     7     6
  62.28978 1.0    -3     7     7
  67.04550 1.0    -3     7     8
  72.24184 1.0    -3     7     9
  77.87765 1.0    -3     7    10
  83.97283 1.0    -3     7    11
  88.28087 1.0    -3     8   -11
  82.24138 1.0    -3     8   -10
  76.70293 1.0    -3     8    -9
  71.63919 1.0    -3     8    -8
  67.04550 1.0    -3     8    -7
  62.93507 1.0    -3     8    -6
  59.33617 1.0    -3     8    -5
  56.28929 1.0    -3     8    -4
  53.84299 1.0    -3     8    -3
  52.04808 1.0    -3     8    -2
  50.94988 1.0    -3     8    -1
  50.58002 1.0    -3     8     0
  50.94988 1.0    -3     8     1
  52.04808 1.0    -3     8     2
  53.84299 1.0    -3     8     3
  56.28929 1.0    -3     8     4
  59.33617 1.0    -3     8     5
  62.93507 1.0    -3     8     6
  67.04550 1.0    -3     8     7
  71.63919 1.0    -3     8     8
  76.70293 1.0    -3     8     9
  82.24138 1.0    -3     8    10
  88.28087 1.0    -3     8    11
  87.13402 1.0    -3     9   -10
  81.66272 1.0    -3     9    -9
  76.70293 1.0    -3     9    -8
  72.24184 1.0    -3     9    -7
  68.28438 1.0    -3     9    -6
  64.84934 1.0    -3     9    -5
  61.96570 1.0    -3     9    -4
  59.66865 1.0    -3     9    -3
  57.99455 1.0    -3     9    -2
  56.97534 1.0    -3     9    -1
  56.63299 1.0    -3     9     0
  56.97534 1.0    -3     9     1
  57.99455 1.0    -3     9     2
  59.66865 1.0    -3     9     3
  61.96570 1.0    -3     9     4
  64.84934 1.0    -3     9     5
  68.28438 1.0    -3     9     6
  72.24184 1.0    -3     9     7
  76.70293 1.0    -3     9     8
  81.66272 1.0    -3     9     9
  87.13402 1.0    -3     9    10
  87.13402 1.0    -3    10    -9
  82.24138 1.0    -3    10    -8
  77.87765 1.0    -3    10    -7
  74.03799 1.0    -3    10    -6
  70.73122 1.0    -3    10    -5
  67.97569 1.0    -3    10    -4
  65.79517 1.0    -3    10    -3
  64.21471 1.0    -3    10    -2
  63.25632 1.0    -3    10    -1
  62.93507 1.0    -3    10     0
  63.25632 1.0    -3    10     1
  64.21471 1.0    -3    10     2
  65.79517 1.0    -3    10     3
  67.97569 1.0    -3    10     4
  70.73122 1.0    -3    10     5
  74.03799 1.0    -3    10     6
  77.87765 1.0    -3    10     7
  82.24138 1.0    -3    10     8
  87.13402 1.0    -3    10     9
  88.28087 1.0    -3    11    -8
  83.97283 1.0    -3    11    -7
  80.21218 1.0    -3    11    -6
  76.99712 1.0    -3    11    -5
  74.33573 1.0    -3    11    -4
  72.24184 1.0    -3    11    -3
  70.73122 1.0    -3    11    -2
  69.81820 1.0    -3    11    -1
  69.51268 1.0    -3    11     0
  69.81820 1.0    -3    11     1
  70.73122 1.0    -3    11     2
  72.24184 1.0    -3    11     3
  74.33573 1.0    -3    11     4
  76.99712 1.0    -3    11     5
  80.21218 1.0    -3    11     6
  83.97283 1.0    -3    11     7
  88.28087 1.0    -3    11     8
  86.84714 1.0    -3    12    -6
  83.68468 1.0    -3    12    -5
  81.08320 1.0    -3    12    -4
  79.04722 1.0    -3    12    -3
  77.58447 1.0    -3    12    -2
  76.70293 1.0    -3    12    -1
  76.40838 1.0    -3    12     0
  76.70293 1.0    -3    12     1
  77.58447 1.0    -3    12     2
  79.04722 1.0    -3    12     3
  81.08320 1.0    -3    12     4
  83.68468 1.0    -3    12     5
  86.84714 1.0    -3    12     6
  88.28087 1.0    -3    13    -4
  86.27315 1.0    -3    13    -3
  84.83639 1.0    -3    13    -2
  83.97283 1.0    -3    13    -1
  83.68468 1.0    -3    13     0
  83.97283 1.0    -3    13     1
  84.83639 1.0    -3    13     2
  86.27315 1.0    -3    13     3
  88.28087 1.0    -3    13     4
  90.28648 1.0    -2   -14    -1
  90.00000 1.0    -2   -14     0
  90.28648 1.0    -2   -14     1
  89.42703 1.0    -2   -13    -5
  86.84714 1.0    -2   -13    -4
  84.83639 1.0    -2   -13    -3
  83.39637 1.0    -2   -13    -2
  82.53041 1.0    -2   -13    -1
  82.24138 1.0    -2   -13     0
  82.53041 1.0    -2   -13     1
  83.39637 1.0    -2   -13     2
  84.83639 1.0    -2   -13     3
  86.84714 1.0    -2   -13     4
  89.42703 1.0    -2   -13     5
  89.14053 1.0    -2   -12    -7
  85.41143 1.0    -2   -12    -6
  82.24138 1.0    -2   -12    -5
  79.63024 1.0    -2   -12    -4
  77.58447 1.0    -2   -12    -3
  76.11346 1.0    -2   -12    -2
  75.22641 1.0    -2   -12    -1
  74.92994 1.0    -2   -12     0
  75.22641 1.0    -2   -12     1
  76.11346 1.0    -2   -12     2
  77.58447 1.0    -2   -12     3
  79.63024 1.0    -2   -12     4
  82.24138 1.0    -2   -12     5
  85.41143 1.0    -2   -12     6
  89.14053 1.0    -2   -12     7
  86.84714 1.0    -2   -11    -8
  82.53041 1.0    -2   -11    -7
  78.75528 1.0    -2   -11    -6
  75.52249 1.0    -2   -11    -5
  72.84246 1.0    -2   -11    -4
  70.73122 1.0    -2   -11    -3
  69.20656 1.0    -2   -11    -2
  68.28438 1.0    -2   -11    -1
  67.97569 1.0    -2   -11     0
  68.28438 1.0    -2   -11     1
  69.20656 1.0    -2   -11     2
  70.73122 1.0    -2   -11     3
  72.84246 1.0    -2   -11     4
  75.52249 1.0    -2   -11     5
  78.75528 1.0    -2   -11     6
  82.53041 1.0    -2   -11     7
  86.84714 1.0    -2   -11     8
  85.69878 1.0    -2   -10    -9
  80.79310 1.0    -2   -10    -8
  76.40838 1.0    -2   -10    -7
  72.54240 1.0    -2   -10    -6
  69.20656 1.0    -2   -10    -5
  66.42182 1.0    -2   -10    -4
  64.21471 1.0    -2   -10    -3
  62.61289 1.0    -2   -10    -2
  61.64065 1.0    -2   -10    -1
  61.31460 1.0    -2   -10     0
  61.64065 1.0    -2   -10     1
  62.61289 1.0    -2   -10     2
  64.21471 1.0    -2   -10     3
  66.42182 1.0    -2   -10     4
  69.20656 1.0    -2   -10     5
  72.54240 1.0    -2   -10     6
  76.40838 1.0    -2   -10     7
  80.79310 1.0    -2   -10     8
  85.69878 1.0    -2   -10     9
  85.69878 1.0    -2    -9   -10
  80.21218 1.0    -2    -9    -9
  75.22641 1.0    -2    -9    -8
  70.73122 1.0    -2    -9    -7
  66.73403 1.0    -2    -9    -6
  63.25632 1.0    -2    -9    -5
  60.33025 1.0    -2    -9    -4
  57.99455 1.0    -2    -9    -3
  56.28929 1.0    -2    -9    -2
  55.24977 1.0    -2    -9    -1
  54.90037 1.0    -2    -9     0
  55.24977 1.0    -2    -9     1
  56.28929 1.0    -2    -9     2
  57.99455 1.0    -2    -9     3
  60.33025 1.0    -2    -9     4
  63.25632 1.0    -2    -9     5
  66.73403 1.0    -2    -9     6
  70.73122 1.0    -2    -9     7
  75.22641 1.0    -2    -9     8
  80.21218 1.0    -2    -9     9
  85.69878 1.0    -2    -9    10
  86.84714 1.0    -2    -8   -11
  80.79310 1.0    -2    -8   -10
  75.22641 1.0    -2    -8    -9
  70.12313 1.0    -2    -8    -8
  65.48068 1.0    -2    -8    -7
  61.31460 1.0    -2    -8    -6
  57.65609 1.0    -2    -8    -5
  54.54946 1.0    -2    -8    -4
  52.04808 1.0    -2    -8    -3
  50.20818 1.0    -2    -8    -2
  49.08035 1.0    -2    -8    -1
  48.70013 1.0    -2    -8     0
  49.08035 1.0    -2    -8     1
  50.20818 1.0    -2    -8     2
  52.04808 1.0    -2    -8     3
  54.54946 1.0    -2    -8     4
  57.65609 1.0    -2    -8     5
  61.31460 1.0    -2    -8     6
  65.48068 1.0    -2    -8     7
  70.12313 1.0    -2    -8     8
  75.22641 1.0    -2    -8     9
  80.79310 1.0    -2    -8    10
  86.84714 1.0    -2    -8    11
  89.14053 1.0    -2    -7   -12
  82.53041 1.0    -2    -7   -11
  76.40838 1.0    -2    -7   -10
  70.73122 1.0    -2    -7    -9
  65.48068 1.0    -2    -7    -8
  60.65942 1.0    -2    -7    -7
  56.28929 1.0    -2    -7    -6
  52.41050 1.0    -2    -7    -5
  49.08035 1.0    -2    -7    -4
  46.36989 1.0    -2    -7    -3
  44.35680 1.0    -2    -7    -2
  43.11361 1.0    -2    -7    -1
  42.69278 1.0    -2    -7     0
  43.11361 1.0    -2    -7     1
  44.35680 1.0    -2    -7     2
  46.36989 1.0    -2    -7     3
  49.08035 1.0    -2    -7     4
  52.41050 1.0    -2    -7     5
  56.28929 1.0    -2    -7     6
  60.65942 1.0    -2    -7     7
  65.48068 1.0    -2    -7     8
  70.73122 1.0    -2    -7     9
  76.40838 1.0    -2    -7    10
  82.53041 1.0    -2    -7    11
  89.14053 1.0    -2    -7    12
  85.41143 1.0    -2    -6   -12
  78.75528 1.0    -2    -6   -11
  72.54240 1.0    -2    -6   -10
  66.73403 1.0    -2    -6    -9
  61.31460 1.0    -2    -6    -8
  56.28929 1.0    -2    -6    -7
  51.68387 1.0    -2    -6    -6
  47.54585 1.0    -2    -6    -5
  43.94552 1.0    -2    -6    -4
  40.97463 1.0    -2    -6    -3
  38.73942 1.0    -2    -6    -2
  37.34474 1.0    -2    -6    -1
  36.86990 1.0    -2    -6     0
  37.34474 1.0    -2    -6     1
  38.73942 1.0    -2    -6     2
  40.97463 1.0    -2    -6     3
  43.94552 1.0    -2    -6     4
  47.54585 1.0    -2    -6     5
  51.68387 1.0    -2    -6     6
  56.28929 1.0    -2    -6     7
  61.31460 1.0    -2    -6     8
  66.73403 1.0    -2    -6     9
  72.54240 1.0    -2    -6    10
  78.75528 1.0    -2    -6    11
  85.41143 1.0    -2    -6    12
  89.42703 1.0    -2    -5   -13
  82.24138 1.0    -2    -5   -12
  75.52249 1.0    -2    -5   -11
  69.20656 1.0    -2    -5   -10
  63.25632 1.0    -2    -5    -9
  57.65609 1.0    -2    -5    -8
  52.41050 1.0    -2    -5    -7
  47.54585 1.0    -2    -5    -6
  43.11361 1.0    -2    -5    -5
  39.19497 1.0    -2    -5    -4
  35.90407 1.0    -2    -5    -3
  33.38416 1.0    -2    -5    -2
  31.78833 1.0    -2    -5    -1
  31.24027 1.0    -2    -5     0
  31.78833 1.0    -2    -5     1
  33.38416 1.0    -2    -5     2
  35.90407 1.0    -2    -5     3
  39.19497 1.0    -2    -5     4
  43.11361 1.0    -2    -5     5
  47.54585 1.0    -2    -5     6
  52.41050 1.0    -2    -5     7
  57.65609 1.0    -2    -5     8
  63.25632 1.0    -2    -5     9
  69.20656 1.0    -2    -5    10
  75.52249 1.0    -2    -5    11
  82.24138 1.0    -2    -5    12
  89.42703 1.0    -2    -5    13
  86.84714 1.0    -2    -4   -13
  79.63024 1.0    -2    -4   -12
  72.84246 1.0    -2    -4   -11
  66.42182 1.0    -2    -4   -10
  60.33025 1.0    -2    -4    -9
  54.54946 1.0    -2    -4    -8
  49.08035 1.0    -2    -4    -7
  43.94552 1.0    -2    -4    -6
  39.19497 1.0    -2    -4    -5
  34.91521 1.0    -2    -4    -4
  31.24027 1.0    -2    -4    -3
  28.35764 1.0    -2    -4    -2
  26.49157 1.0    -2    -4    -1
  25.84193 1.0    -2    -4     0
  26.49157 1.0    -2    -4     1
  28.35764 1.0    -2    -4     2
  31.24027 1.0    -2    -4     3
  34.91521 1.0    -2    -4     4
  39.19497 1.0    -2    -4     5
  43.94552 1.0    -2    -4     6
  49.08035 1.0    -2    -4     7
  54.54946 1.0    -2    -4     8
  60.33025 1.0    -2    -4     9
  66.42182 1.0    -2    -4    10
  72.84246 1.0    -2    -4    11
  79.63024 1.0    -2    -4    12
  86.84714 1.0    -2    -4    13
  84.83639 1.0    -2    -3   -13
  77.58447 1.0    -2    -3   -12
  70.73122 1.0    -2    -3   -11
  64.21471 1.0    -2    -3   -10
  57.99455 1.0    -2    -3    -9
  52.04808 1.0    -2    -3    -8
  46.36989 1.0    -2    -3    -7
  40.97463 1.0    -2    -3    -6
  35.90407 1.0    -2    -3    -5
  31.24027 1.0    -2    -3    -4
  27.12675 1.0    -2    -3    -3
  23.79427 1.0    -2    -3    -2
  21.56519 1.0    -2    -3    -1
  20.77186 1.0    -2    -3     0
  21.56519 1.0    -2    -3     1
  23.79427 1.0    -2    -3     2
  27.12675 1.0    -2    -3     3
  31.24027 1.0    -2    -3     4
  35.90407 1.0    -2    -3     5
  40.97463 1.0    -2    -3     6
  46.36989 1.0    -2    -3     7
  52.04808 1.0    -2    -3     8
  57.99455 1.0    -2    -3     9
  64.21471 1.0    -2    -3    10
  70.73122 1.0    -2    -3    11
  77.58447 1.0    -2    -3    12
  84.83639 1.0    -2    -3    13
  83.39637 1.0    -2    -2   -13
  76.11346 1.0    -2    -2   -12
  69.20656 1.0    -2    -2   -11
  62.61289 1.0    -2    -2   -10
  56.28929 1.0    -2    -2    -9
  50.20818 1.0    -2    -2    -8
  44.35680 1.0    -2    -2    -7
  38.73942 1.0    -2    -2    -6
  33.38416 1.0    -2    -2    -5
  28.35764 1.0    -2    -2    -4
  23.79427 1.0    -2    -2    -3
  19.94844 1.0    -2    -2    -2
  17.25385 1.0    -2    -2    -1
  16.26020 1.0    -2    -2     0
  17.25385 1.0    -2    -2     1
  19.94844 1.0    -2    -2     2
  23.79427 1.0    -2    -2     3
  28.35764 1.0    -2    -2     4
  33.38416 1.0    -2    -2     5
  38.73942 1.0    -2    -2     6
  44.35680 1.0    -2    -2     7
  50.20818 1.0    -2    -2     8
  56.28929 1.0    -2    -2     9
  62.61289 1.0    -2    -2    10
  69.20656 1.0    -2    -2    11
  76.11346 1.0    -2    -2    12
  83.39637 1.0    -2    -2    13
  90.28648 1.0    -2    -1   -14
  82.53041 1.0    -2    -1   -13
  75.22641 1.0    -2    -1   -12
  68.28438 1.0    -2    -1   -11
  61.64065 1.0    -2    -1   -10
  55.24977 1.0    -2    -1    -9
  49.08035 1.0    -2    -1    -8
  43.11361 1.0    -2    -1    -7
  37.34474 1.0    -2    -1    -6
  31.78833 1.0    -2    -1    -5
  26.49157 1.0    -2    -1    -4
  21.56519 1.0    -2    -1    -3
  17.25385 1.0    -2    -1    -2
  14.06987 1.0    -2    -1    -1
  12.83857 1.0    -2    -1     0
  14.06987 1.0    -2    -1     1
  17.25385 1.0    -2    -1     2
  21.56519 1.0    -2    -1     3
  26.49157 1.0    -2    -1     4
  31.78833 1.0    -2    -1     5
  37.34474 1.0    -2    -1     6
  43.11361 1.0    -2    -1     7
  49.08035 1.0    -2    -1     8
  55.24977 1.0    -2    -1     9
  61.64065 1.0    -2    -1    10
  68.28438 1.0    -2    -1    11
  75.22641 1.0    -2    -1    12
  82.53041 1.0    -2    -1    13
  90.28648 1.0    -2    -1    14
  90.00000 1.0    -2     0   -14
  82.24138 1.0    -2     0   -13
  74.92994 1.0    -2     0   -12
  67.97569 1.0    -2     0   -11
  61.31460 1.0    -2     0   -10
  54.90037 1.0    -2     0    -9
  48.70013 1.0    -2     0    -8
  42.69278 1.0    -2     0    -7
  36.86990 1.0    -2     0    -6
  31.24027 1.0    -2     0    -5
  25.84193 1.0    -2     0    -4
  20.77186 1.0    -2     0    -3
  16.26020 1.0    -2     0    -2
  12.83857 1.0    -2     0    -1
  11.47834 1.0    -2     0     0
  12.83857 1.0    -2     0     1
  16.26020 1.0    -2     0     2
  20.77186 1.0    -2     0     3
  25.84193 1.0    -2     0     4
  31.24027 1.0    -2     0     5
  36.86990 1.0    -2     0     6
  42.69278 1.0    -2     0     7
  48.70013 1.0    -2     0     8
  54.90037 1.0    -2     0     9
  61.31460 1.0    -2     0    10
  67.97569 1.0    -2     0    11
  74.92994 1.0    -2     0    12
  82.24138 1.0    -2     0    13
  90.00000 1.0    -2     0    14
  90.28648 1.0    -2     1   -14
  82.53041 1.0    -2     1   -13
  75.22641 1.0    -2     1   -12
  68.28438 1.0    -2     1   -11
  61.64065 1.0    -2     1   -10
  55.24977 1.0    -2     1    -9
  49.08035 1.0    -2     1    -8
  43.11361 1.0    -2     1    -7
  37.34474 1.0    -2     1    -6
  31.78833 1.0    -2     1    -5
  26.49157 1.0    -2     1    -4
  21.56519 1.0    -2     1    -3
  17.25385 1.0    -2     1    -2
  14.06987 1.0    -2     1    -1
  12.83857 1.0    -2     1     0
  14.06987 1.0    -2     1     1
  17.25385 1.0    -2     1     2
  21.56519 1.0    -2     1     3
  26.49157 1.0    -2     1     4
  31.78833 1.0    -2     1     5
  37.34474 1.0    -2     1     6
  43.11361 1.0    -2     1     7
  49.08035 1.0    -2     1     8
  55.24977 1.0    -2     1     9
  61.64065 1.0    -2     1    10
  68.28438 1.0    -2     1    11
  75.22641 1.0    -2     1    12
  82.53041 1.0    -2     1    13
  90.28648 1.0    -2     1    14
  83.39637 1.0    -2     2   -13
  76.11346 1.0    -2     2   -12
  69.20656 1.0    -2     2   -11
  62.61289 1.0    -2     2   -10
  56.28929 1.0    -2     2    -9
  50.20818 1.0    -2     2    -8
  44.35680 1.0    -2     2    -7
  38.73942 1.0    -2     2    -6
  33.38416 1.0    -2     2    -5
  28.35764 1.0    -2     2    -4
  23.79427 1.0    -2     2    -3
  19.94844 1.0    -2     2    -2
  17.25385 1.0    -2     2    -1
  16.26020 1.0    -2     2     0
  17.25385 1.0    -2     2     1
  19.94844 1.0    -2     2     2
  23.79427 1.0    -2     2     3
  28.35764 1.0    -2     2     4
  33.38416 1.0    -2     2     5
  38.73942 1.0    -2     2     6
  44.35680 1.0    -2     2     7
  50.20818 1.0    -2     2     8
  56.28929 1.0    -2     2     9
  62.61289 1.0    -2     2    10
  69.20656 1.0    -2     2    11
  76.11346 1.0    -2     2    12
  83.39637 1.0    -2     2    13
  84.83639 1.0    -2     3   -13
  77.58447 1.0    -2     3   -12
  70.73122 1.0    -2     3   -11
  64.21471 1.0    -2     3   -10
  57.99455 1.0    -2     3    -9
  52.04808 1.0    -2     3    -8
  46.36989 1.0    -2     3    -7
  40.97463 1.0    -2     3    -6
  35.90407 1.0    -2     3    -5
  31.24027 1.0    -2     3    -4
  27.12675 1.0    -2     3    -3
  23.79427 1.0    -2     3    -2
  21.56519 1.0    -2     3    -1
  20.77186 1.0    -2     3     0
  21.56519 1.0    -2     3     1
  23.79427 1.0    -2     3     2
  27.12675 1.0    -2     3     3
  31.24027 1.0    -2     3     4
  35.90407 1.0    -2     3     5
  40.97463 1.0    -2     3     6
  46.36989 1.0    -2     3     7
  52.04808 1.0    -2     3     8
  57.99455 1.0    -2     3     9
  64.21471 1.0    -2     3    10
  70.73122 1.0    -2     3    11
  77.58447 1.0    -2     3    12
  84.83639 1.0    -2     3    13
  86.84714 1.0    -2     4   -13
  79.63024 1.0    -2     4   -12
  72.84246 1.0    -2     4   -11
  66.42182 1.0    -2     4   -10
  60.33025 1.0    -2     4    -9
  54.54946 1.0    -2     4    -8
  49.08035 1.0    -2     4    -7
  43.94552 1.0    -2     4    -6
  39.19497 1.0    -2     4    -5
  34.91521 1.0    -2     4    -4
  31.24027 1.0    -2     4    -3
  28.35764 1.0    -2     4    -2
  26.49157 1.0    -2     4    -1
  25.84193 1.0    -2     4     0
  26.49157 1.0    -2     4     1
  28.35764 1.0    -2     4     2
  31.24027 1.0    -2     4     3
  34.91521 1.0    -2     4     4
  39.19497 1.0    -2     4     5
  43.94552 1.0    -2     4     6
  49.08035 1.0    -2     4     7
  54.54946 1.0    -2     4     8
  60.33025 1.0    -2     4     9
  66.42182 1.0    -2     4    10
  72.84246 1.0    -2     4    11
  79.63024 1.0    -2     4    12
  86.84714 1.0    -2     4    13
  89.42703 1.0    -2     5   -13
  82.24138 1.0    -2     5   -12
  75.52249 1.0    -2     5   -11
  69.20656 1.0    -2     5   -10
  63.25632 1.0    -2     5    -9
  57.65609 1.0    -2     5    -8
  52.41050 1.0    -2     5    -7
  47.54585 1.0    -2     5    -6
  43.11361 1.0    -2     5    -5
  39.19497 1.0    -2     5    -4
  35.90407 1.0    -2     5    -3
  33.38416 1.0    -2     5    -2
  31.78833 1.0    -2     5    -1
  31.24027 1.0    -2     5     0
  31.78833 1.0    -2     5     1
  33.38416 1.0    -2     5     2
  35.90407 1.0    -2     5     3
  39.19497 1.0    -2     5     4
  43.11361 1.0    -2     5     5
  47.54585 1.0    -2     5     6
  52.41050 1.0    -2     5     7
  57.65609 1.0    -2     5     8
  63.25632 1.0    -2     5     9
  69.20656 1.0    -2     5    10
  75.52249 1.0    -2     5    11
  82.24138 1.0    -2     5    12
  89.42703 1.0    -2     5    13
  85.41143 1.0    -2     6   -12
  78.75528 1.0    -2     6   -11
  72.54240 1.0    -2     6   -10
  66.73403 1.0    -2     6    -9
  61.31460 1.0    -2     6    -8
  56.28929 1.0    -2     6    -7
  51.68387 1.0    -2     6    -6
  47.54585 1.0    -2     6    -5
  43.94552 1.0    -2     6    -4
  40.97463 1.0    -2     6    -3
  38.73942 1.0    -2     6    -2
  37.34474 1.0    -2     6    -1
  36.86990 1.0    -2     6     0
  37.34474 1.0    -2     6     1
  38.73942 1.0    -2     6     2
  40.97463 1.0    -2     6     3
  43.94552 1.0    -2     6     4
  47.54585 1.0    -2     6     5
  51.68387 1.0    -2     6     6
  56.28929 1.0    -2     6     7
  61.31460 1.0    -2     6     8
  66.73403 1.0    -2     6     9
  72.54240 1.0    -2     6    10
  78.75528 1.0    -2     6    11
  85.41143 1.0    -2     6    12
  89.14053 1.0    -2     7   -12
  82.53041 1.0    -2     7   -11
  76.40838 1.0    -2     7   -10
  70.73122 1.0    -2     7    -9
  65.48068 1.0    -2     7    -8
  60.65942 1.0    -2     7    -7
  56.28929 1.0    -2     7    -6
  52.41050 1.0    -2     7    -5
  49.08035 1.0    -2     7    -4
  46.36989 1.0    -2     7    -3
  44.35680 1.0    -2     7    -2
  43.11361 1.0    -2     7    -1
  42.69278 1.0    -2     7     0
  43.11361 1.0    -2     7     1
  44.35680 1.0    -2     7     2
  46.36989 1.0    -2     7     3
  49.08035 1.0    -2     7     4
  52.41050 1.0    -2     7     5
  56.28929 1.0    -2     7     6
  60.65942 1.0    -2     7     7
  65.48068 1.0    -2     7     8
  70.73122 1.0    -2     7     9
  76.40838 1.0    -2     7    10
  82.53041 1.0    -2     7    11
  89.14053 1.0    -2     7    12
  86.84714 1.0    -2     8   -11
  80.79310 1.0    -2     8   -10
  75.22641 1.0    -2     8    -9
  70.12313 1.0    -2     8    -8
  65.48068 1.0    -2     8    -7
  61.31460 1.0    -2     8    -6
  57.65609 1.0    -2     8    -5
  54.54946 1.0    -2     8    -4
  52.04808 1.0    -2     8    -3
  50.20818 1.0    -2     8    -2
  49.08035 1.0    -2     8    -1
  48.70013 1.0    -2     8     0
  49.08035 1.0    -2     8     1
  50.20818 1.0    -2     8     2
  52.04808 1.0    -2     8     3
  54.54946 1.0    -2     8     4
  57.65609 1.0    -2     8     5
  61.31460 1.0    -2     8     6
  65.48068 1.0    -2     8     7
  70.12313 1.0    -2     8     8
  75.22641 1.0    -2     8     9
  80.79310 1.0    -2     8    10
  86.84714 1.0    -2     8    11
  85.69878 1.0    -2     9   -10
  80.21218 1.0    -2     9    -9
  75.22641 1.0    -2     9    -8
  70.73122 1.0    -2     9    -7
  66.73403 1.0    -2     9    -6
  63.25632 1.0    -2     9    -5
  60.33025 1.0    -2     9    -4
  57.99455 1.0    -2     9    -3
  56.28929 1.0    -2     9    -2
  55.24977 1.0    -2     9    -1
  54.90037 1.0    -2     9     0
  55.24977 1.0    -2     9     1
  56.28929 1.0    -2     9     2
  57.99455 1.0    -2     9     3
  60.33025 1.0    -2     9     4
  63.25632 1.0    -2     9     5
  66.73403 1.0    -2     9     6
  70.73122 1.0    -2     9     7
  75.22641 1.0    -2     9     8
  80.21218 1.0    -2     9     9
  85.69878 1.0    -2     9    10
  85.69878 1.0    -2    10    -9
  80.79310 1.0    -2    10    -8
  76.40838 1.0    -2    10    -7
  72.54240 1.0    -2    10    -6
  69.20656 1.0    -2    10    -5
  66.42182 1.0    -2    10    -4
  64.21471 1.0    -2    10    -3
  62.61289 1.0    -2    10    -2
  61.64065 1.0    -2    10    -1
  61.31460 1.0    -2    10     0
  61.64065 1.0    -2    10     1
  62.61289 1.0    -2    10     2
  64.21471 1.0    -2    10     3
  66.42182 1.0    -2    10     4
  69.20656 1.0    -2    10     5
  72.54240 1.0    -2    10     6
  76.40838 1.0    -2    10     7
  80.79310 1.0    -2    10     8
  85.69878 1.0    -2    10     9
  86.84714 1.0    -2    11    -8
  82.53041 1.0    -2    11    -7
  78.75528 1.0    -2    11    -6
  75.52249 1.0    -2    11    -5
  72.84246 1.0    -2    11    -4
  70.73122 1.0    -2    11    -3
  69.20656 1.0    -2    11    -2
  68.28438 1.0    -2    11    -1
  67.97569 1.0    -2    11     0
  68.28438 1.0    -2    11     1
  69.20656 1.0    -2    11     2
  70.73122 1.0    -2    11     3
  72.84246 1.0    -2    11     4
  75.52249 1.0    -2    11     5
  78.75528 1.0    -2    11     6
  82.53041 1.0    -2    11     7
  86.84714 1.0    -2    11     8
  89.14053 1.0    -2    12    -7
  85.41143 1.0    -2    12    -6
  82.24138 1.0    -2    12    -5
  79.63024 1.0    -2    12    -4
  77.58447 1.0    -2    12    -3
  76.11346 1.0    -2    12    -2
  75.22641 1.0    -2    12    -1
  74.92994 1.0    -2    12     0
  75.22641 1.0    -2    12     1
  76.11346 1.0    -2    12     2
  77.58447 1.0    -2    12     3
  79.63024 1.0    -2    12     4
  82.24138 1.0    -2    12     5
  85.41143 1.0    -2    12     6
  89.14053 1.0    -2    12     7
  89.42703 1.0    -2    13    -5
  86.84714 1.0    -2    13    -4
  84.83639 1.0    -2    13    -3
  83.39637 1.0    -2    13    -2
  82.53041 1.0    -2    13    -1
  82.24138 1.0    -2    13     0
  82.53041 1.0    -2    13     1
  83.39637 1.0    -2    13     2
  84.83639 1.0    -2    13     3
  86.84714 1.0    -2    13     4
  89.42703 1.0    -2    13     5
  90.28648 1.0    -2    14    -1
  90.00000 1.0    -2    14     0
  90.28648 1.0    -2    14     1
  90.28648 1.0    -1   -14    -2
  89.42703 1.0    -1   -14    -1
  89.14053 1.0    -1   -14     0
  89.42703 1.0    -1   -14     1
  90.28648 1.0    -1   -14     2
  88.56746 1.0    -1   -13    -5
  85.98601 1.0    -1   -13    -4
  83.97283 1.0    -1   -13    -3
  82.53041 1.0    -1   -13    -2
  81.66272 1.0    -1   -13    -1
  81.37307 1.0    -1   -13     0
  81.66272 1.0    -1   -13     1
  82.53041 1.0    -1   -13     2
  83.97283 1.0    -1   -13     3
  85.98601 1.0    -1   -13     4
  88.56746 1.0    -1   -13     5
  88.28087 1.0    -1   -12    -7
  84.54868 1.0    -1   -12    -6
  81.37307 1.0    -1   -12    -5
  78.75528 1.0    -1   -12    -4
  76.70293 1.0    -1   -12    -3
  75.22641 1.0    -1   -12    -2
  74.33573 1.0    -1   -12    -1
  74.03799 1.0    -1   -12     0
  74.33573 1.0    -1   -12     1
  75.22641 1.0    -1   -12     2
  76.70293 1.0    -1   -12     3
  78.75528 1.0    -1   -12     4
  81.37307 1.0    -1   -12     5
  84.54868 1.0    -1   -12     6
  88.28087 1.0    -1   -12     7
  85.98601 1.0    -1   -11    -8
  81.66272 1.0    -1   -11    -7
  77.87765 1.0    -1   -11    -6
  74.63305 1.0    -1   -11    -5
  71.94077 1.0    -1   -11    -4
  69.81820 1.0    -1   -11    -3
  68.28438 1.0    -1   -11    -2
  67.35626 1.0    -1   -11    -1
  67.04550 1.0    -1   -11     0
  67.35626 1.0    -1   -11     1
  68.28438 1.0    -1   -11     2
  69.81820 1.0    -1   -11     3
  71.94077 1.0    -1   -11     4
  74.63305 1.0    -1   -11     5
  77.87765 1.0    -1   -11     6
  81.66272 1.0    -1   -11     7
  85.98601 1.0    -1   -11     8
  90.28648 1.0    -1   -10   -10
  84.83639 1.0    -1   -10    -9
  79.92134 1.0    -1   -10    -8
  75.52249 1.0    -1   -10    -7
  71.63919 1.0    -1   -10    -6
  68.28438 1.0    -1   -10    -5
  65.48068 1.0    -1   -10    -4
  63.25632 1.0    -1   -10    -3
  61.64065 1.0    -1   -10    -2
  60.65942 1.0    -1   -10    -1
  60.33025 1.0    -1   -10     0
  60.65942 1.0    -1   -10     1
  61.64065 1.0    -1   -10     2
  63.25632 1.0    -1   -10     3
  65.48068 1.0    -1   -10     4
  68.28438 1.0    -1   -10     5
  71.63919 1.0    -1   -10     6
  75.52249 1.0    -1   -10     7
  79.92134 1.0    -1   -10     8
  84.83639 1.0    -1   -10     9
  90.28648 1.0    -1   -10    10
  84.83639 1.0    -1    -9   -10
  79.33887 1.0    -1    -9    -9
  74.33573 1.0    -1    -9    -8
  69.81820 1.0    -1    -9    -7
  65.79517 1.0    -1    -9    -6
  62.28978 1.0    -1    -9    -5
  59.33617 1.0    -1    -9    -4
  56.97534 1.0    -1    -9    -3
  55.24977 1.0    -1    -9    -2
  54.19701 1.0    -1    -9    -1
  53.84299 1.0    -1    -9     0
  54.19701 1.0    -1    -9     1
  55.24977 1.0    -1    -9     2
  56.97534 1.0    -1    -9     3
  59.33617 1.0    -1    -9     4
  62.28978 1.0    -1    -9     5
  65.79517 1.0    -1    -9     6
  69.81820 1.0    -1    -9     7
  74.33573 1.0    -1    -9     8
  79.33887 1.0    -1    -9     9
  84.83639 1.0    -1    -9    10
  85.98601 1.0    -1    -8   -11
  79.92134 1.0    -1    -8   -10
  74.33573 1.0    -1    -8    -9
  69.20656 1.0    -1    -8    -8
  64.53244 1.0    -1    -8    -7
  60.33025 1.0    -1    -8    -6
  56.63299 1.0    -1    -8    -5
  53.48737 1.0    -1    -8    -4
  50.94988 1.0    -1    -8    -3
  49.08035 1.0    -1    -8    -2
  47.93294 1.0    -1    -8    -1
  47.54585 1.0    -1    -8     0
  47.93294 1.0    -1    -8     1
  49.08035 1.0    -1    -8     2
  50.94988 1.0    -1    -8     3
  53.48737 1.0    -1    -8     4
  56.63299 1.0    -1    -8     5
  60.33025 1.0    -1    -8     6
  64.53244 1.0    -1    -8     7
  69.20656 1.0    -1    -8     8
  74.33573 1.0    -1    -8     9
  79.92134 1.0    -1    -8    10
  85.98601 1.0    -1    -8    11
  88.28087 1.0    -1    -7   -12
  81.66272 1.0    -1    -7   -11
  75.52249 1.0    -1    -7   -10
  69.81820 1.0    -1    -7    -9
  64.53244 1.0    -1    -7    -8
  59.66865 1.0    -1    -7    -7
  55.24977 1.0    -1    -7    -6
  51.31781 1.0    -1    -7    -5
  47.93294 1.0    -1    -7    -4
  45.17046 1.0    -1    -7    -3
  43.11361 1.0    -1    -7    -2
  41.84090 1.0    -1    -7    -1
  41.40962 1.0    -1    -7     0
  41.84090 1.0    -1    -7     1
  43.11361 1.0    -1    -7     2
  45.17046 1.0    -1    -7     3
  47.93294 1.0    -1    -7     4
  51.31781 1.0    -1    -7     5
  55.24977 1.0    -1    -7     6
  59.66865 1.0    -1    -7     7
  64.53244 1.0    -1    -7     8
  69.81820 1.0    -1    -7     9
  75.52249 1.0    -1    -7    10
  81.66272 1.0    -1    -7    11
  88.28087 1.0    -1    -7    12
  84.54868 1.0    -1    -6   -12
  77.87765 1.0    -1    -6   -11
  71.63919 1.0    -1    -6   -10
  65.79517 1.0    -1    -6    -9
  60.33025 1.0    -1    -6    -8
  55.24977 1.0    -1    -6    -7
  50.58002 1.0    -1    -6    -6
  46.36989 1.0    -1    -6    -5
  42.69278 1.0    -1    -6    -4
  39.64611 1.0    -1    -6    -3
  37.34474 1.0    -1    -6    -2
  35.90407 1.0    -1    -6    -1
  35.41264 1.0    -1    -6     0
  35.90407 1.0    -1    -6     1
  37.34474 1.0    -1    -6     2
  39.64611 1.0    -1    -6     3
  42.69278 1.0    -1    -6     4
  46.36989 1.0    -1    -6     5
  50.58002 1.0    -1    -6     6
  55.24977 1.0    -1    -6     7
  60.33025 1.0    -1    -6     8
  65.79517 1.0    -1    -6     9
  71.63919 1.0    -1    -6    10
  77.87765 1.0    -1    -6    11
  84.54868 1.0    -1    -6    12
  88.56746 1.0    -1    -5   -13
  81.37307 1.0    -1    -5   -12
  74.63305 1.0    -1    -5   -11
  68.28438 1.0    -1    -5   -10
  62.28978 1.0    -1    -5    -9
  56.63299 1.0    -1    -5    -8
  51.31781 1.0    -1    -5    -7
  46.36989 1.0    -1    -5    -6
  41.84090 1.0    -1    -5    -5
  37.81449 1.0    -1    -5    -4
  34.41151 1.0    -1    -5    -3
  31.78833 1.0    -1    -5    -2
  30.11729 1.0    -1    -5    -1
  29.54136 1.0    -1    -5     0
  30.11729 1.0    -1    -5     1
  31.78833 1.0    -1    -5     2
  34.41151 1.0    -1    -5     3
  37.81449 1.0    -1    -5     4
  41.84090 1.0    -1    -5     5
  46.36989 1.0    -1    -5     6
  51.31781 1.0    -1    -5     7
  56.63299 1.0    -1    -5     8
  62.28978 1.0    -1    -5     9
  68.28438 1.0    -1    -5    10
  74.63305 1.0    -1    -5    11
  81.37307 1.0    -1    -5    12
  88.56746 1.0    -1    -5    13
  85.98601 1.0    -1    -4   -13
  78.75528 1.0    -1    -4   -12
  71.94077 1.0    -1    -4   -11
  65.48068 1.0    -1    -4   -10
  59.33617 1.0    -1    -4    -9
  53.48737 1.0    -1    -4    -8
  47.93294 1.0    -1    -4    -7
  42.69278 1.0    -1    -4    -6
  37.81449 1.0    -1    -4    -5
  33.38416 1.0    -1    -4    -4
  29.54136 1.0    -1    -4    -3
  26.49157 1.0    -1    -4    -2
  24.49465 1.0    -1    -4    -1
  23.79427 1.0    -1    -4     0
  24.49465 1.0    -1    -4     1
  26.49157 1.0    -1    -4     2
  29.54136 1.0    -1    -4     3
  33.38416 1.0    -1    -4     4
  37.81449 1.0    -1    -4     5
  42.69278 1.0    -1    -4     6
  47.93294 1.0    -1    -4     7
  53.48737 1.0    -1    -4     8
  59.33617 1.0    -1    -4     9
  65.48068 1.0    -1    -4    10
  71.94077 1.0    -1    -4    11
  78.75528 1.0    -1    -4    12
  85.98601 1.0    -1    -4    13
  83.97283 1.0    -1    -3   -13
  76.70293 1.0    -1    -3   -12
  69.81820 1.0    -1    -3   -11
  63.25632 1.0    -1    -3   -10
  56.97534 1.0    -1    -3    -9
  50.94988 1.0    -1    -3    -8
  45.17046 1.0    -1    -3    -7
  39.64611 1.0    -1    -3    -6
  34.41151 1.0    -1    -3    -5
  29.54136 1.0    -1    -3    -4
  25.17672 1.0    -1    -3    -3
  21.56519 1.0    -1    -3    -2
  19.09105 1.0    -1    -3    -1
  18.19487 1.0    -1    -3     0
  19.09105 1.0    -1    -3     1
  21.56519 1.0    -1    -3     2
  25.17672 1.0    -1    -3     3
  29.54136 1.0    -1    -3     4
  34.41151 1.0    -1    -3     5
  39.64611 1.0    -1    -3     6
  45.17046 1.0    -1    -3     7
  50.94988 1.0    -1    -3     8
  56.97534 1.0    -1    -3     9
  63.25632 1.0    -1    -3    10
  69.81820 1.0    -1    -3    11
  76.70293 1.0    -1    -3    12
  83.97283 1.0    -1    -3    13
  90.28648 1.0    -1    -2   -14
  82.53041 1.0    -1    -2   -13
  75.22641 1.0    -1    -2   -12
  68.28438 1.0    -1    -2   -11
  61.64065 1.0    -1    -2   -10
  55.24977 1.0    -1    -2    -9
  49.08035 1.0    -1    -2    -8
  43.11361 1.0    -1    -2    -7
  37.34474 1.0    -1    -2    -6
  31.78833 1.0    -1    -2    -5
  26.49157 1.0    -1    -2    -4
  21.56519 1.0    -1    -2    -3
  17.25385 1.0    -1    -2    -2
  14.06987 1.0    -1    -2    -1
  12.83857 1.0    -1    -2     0
  14.06987 1.0    -1    -2     1
  17.25385 1.0    -1    -2     2
  21.56519 1.0    -1    -2     3
  26.49157 1.0    -1    -2     4
  31.78833 1.0    -1    -2     5
  37.34474 1.0    -1    -2     6
  43.11361 1.0    -1    -2     7
  49.08035 1.0    -1    -2     8
  55.24977 1.0    -1    -2     9
  61.64065 1.0    -1    -2    10
  68.28438 1.0    -1    -2    11
  75.22641 1.0    -1    -2    12
  82.53041 1.0    -1    -2    13
  90.28648 1.0    -1    -2    14
  89.42703 1.0    -1    -1   -14
  81.66272 1.0    -1    -1   -13
  74.33573 1.0    -1    -1   -12
  67.35626 1.0    -1    -1   -11
  60.65942 1.0    -1    -1   -10
  54.19701 1.0    -1    -1    -9
  47.93294 1.0    -1    -1    -8
  41.84090 1.0    -1    -1    -7
  35.90407 1.0    -1    -1    -6
  30.11729 1.0    -1    -1    -5
  24.49465 1.0    -1    -1    -4
  19.09105 1.0    -1    -1    -3
  14.06987 1.0    -1    -1    -2
   9.93637 1.0    -1    -1    -1
   8.10961 1.0    -1    -1     0
   9.93637 1.0    -1    -1     1
  14.06987 1.0    -1    -1     2
  19.09105 1.0    -1    -1     3
  24.49465 1.0    -1    -1     4
  30.11729 1.0    -1    -1     5
  35.90407 1.0    -1    -1     6
  41.84090 1.0    -1    -1     7
  47.93294 1.0    -1    -1     8
  54.19701 1.0    -1    -1     9
  60.65942 1.0    -1    -1    10
  67.35626 1.0    -1    -1    11
  74.33573 1.0    -1    -1    12
  81.66272 1.0    -1    -1    13
  89.42703 1.0    -1    -1    14
  89.14053 1.0    -1     0   -14
  81.37307 1.0    -1     0   -13
  74.03799 1.0    -1     0   -12
  67.04550 1.0    -1     0   -11
  60.33025 1.0    -1     0   -10
  53.84299 1.0    -1     0    -9
  47.54585 1.0    -1     0    -8
  41.40962 1.0    -1     0    -7
  35.41264 1.0    -1     0    -6
  29.54136 1.0    -1     0    -5
  23.79427 1.0    -1     0    -4
  18.19487 1.0    -1     0    -3
  12.83857 1.0    -1     0    -2
   8.10961 1.0    -1     0    -1
   5.73197 1.0    -1     0     0
   8.10961 1.0    -1     0     1
  12.83857 1.0    -1     0     2
  18.19487 1.0    -1     0     3
  23.79427 1.0    -1     0     4
  29.54136 1.0    -1     0     5
  35.41264 1.0    -1     0     6
  41.40962 1.0    -1     0     7
  47.54585 1.0    -1     0     8
  53.84299 1.0    -1     0     9
  60.33025 1.0    -1     0    10
  67.04550 1.0    -1     0    11
  74.03799 1.0    -1     0    12
  81.37307 1.0    -1     0    13
  89.14053 1.0    -1     0    14
  89.42703 1.0    -1     1   -14
  81.66272 1.0    -1     1   -13
  74.33573 1.0    -1     1   -12
  67.35626 1.0    -1     1   -11
  60.65942 1.0    -1     1   -10
  54.19701 1.0    -1     1    -9
  47.93294 1.0    -1     1    -8
  41.84090 1.0    -1     1    -7
  35.90407 1.0    -1     1    -6
  30.11729 1.0    -1     1    -5
  24.49465 1.0    -1     1    -4
  19.09105 1.0    -1     1    -3
  14.06987 1.0    -1     1    -2
   9.93637 1.0    -1     1    -1
   8.10961 1.0    -1     1     0
   9.93637 1.0    -1     1     1
  14.06987 1.0    -1     1     2
  19.09105 1.0    -1     1     3
  24.49465 1.0    -1     1     4
  30.11729 1.0    -1     1     5
  35.90407 1.0    -1     1     6
  41.84090 1.0    -1     1     7
  47.93294 1.0    -1     1     8
  54.19701 1.0    -1     1     9
  60.65942 1.0    -1     1    10
  67.35626 1.0    -1     1    11
  74.33573 1.0    -1     1    12
  81.66272 1.0    -1     1    13
  89.42703 1.0    -1     1    14
  90.28648 1.0    -1     2   -14
  82.53041 1.0    -1     2   -13
  75.22641 1.0    -1     2   -12
  68.28438 1.0    -1     2   -11
  61.64065 1.0    -1     2   -10
  55.24977 1.0    -1     2    -9
  49.08035 1.0    -1     2    -8
  43.11361 1.0    -1     2    -7
  37.34474 1.0    -1     2    -6
  31.78833 1.0    -1     2    -5
  26.49157 1.0    -1     2    -4
  21.56519 1.0    -1     2    -3
  17.25385 1.0    -1     2    -2
  14.06987 1.0    -1     2    -1
  12.83857 1.0    -1     2     0
  14.06987 1.0    -1     2     1
  17.25385 1.0    -1     2     2
  21.56519 1.0    -1     2     3
  26.49157 1.0    -1     2     4
  31.78833 1.0    -1     2     5
  37.34474 1.0    -1     2     6
  43.11361 1.0    -1     2     7
  49.08035 1.0    -1     2     8
  55.24977 1.0    -1     2     9
  61.64065 1.0    -1     2    10
  68.28438 1.0    -1     2    11
  75.22641 1.0    -1     2    12
  82.53041 1.0    -1     2    13
  90.28648 1.0    -1     2    14
  83.97283 1.0    -1     3   -13
  76.70293 1.0    -1     3   -12
  69.81820 1.0    -1     3   -11
  63.25632 1.0    -1     3   -10
  56.97534 1.0    -1     3    -9
  50.94988 1.0    -1     3    -8
  45.17046 1.0    -1     3    -7
  39.64611 1.0    -1     3    -6
  34.41151 1.0    -1     3    -5
  29.54136 1.0    -1     3    -4
  25.17672 1.0    -1     3    -3
  21.56519 1.0    -1     3    -2
  19.09105 1.0    -1     3    -1
  18.19487 1.0    -1     3     0
  19.09105 1.0    -1     3     1
  21.56519 1.0    -1     3     2
  25.17672 1.0    -1     3     3
  29.54136 1.0    -1     3     4
  34.41151 1.0    -1     3     5
  39.64611 1.0    -1     3     6
  45.17046 1.0    -1     3     7
  50.94988 1.0    -1     3     8
  56.97534 1.0    -1     3     9
  63.25632 1.0    -1     3    10
  69.81820 1.0    -1     3    11
  76.70293 1.0    -1     3    12
  83.97283 1.0    -1     3    13
  85.98601 1.0    -1     4   -13
  78.75528 1.0    -1     4   -12
  71.94077 1.0    -1     4   -11
  65.48068 1.0    -1     4   -10
  59.33617 1.0    -1     4    -9
  53.48737 1.0    -1     4    -8
  47.93294 1.0    -1     4    -7
  42.69278 1.0    -1     4    -6
  37.81449 1.0    -1     4    -5
  33.38416 1.0    -1     4    -4
  29.54136 1.0    -1     4    -3
  26.49157 1.0    -1     4    -2
  24.49465 1.0    -1     4    -1
  23.79427 1.0    -1     4     0
  24.49465 1.0    -1     4     1
  26.49157 1.0    -1     4     2
  29.54136 1.0    -1     4     3
  33.38416 1.0    -1     4     4
  37.81449 1.0    -1     4     5
  42.69278 1.0    -1     4     6
  47.93294 1.0    -1     4     7
  53.48737 1.0    -1     4     8
  59.33617 1.0    -1     4     9
  65.48068 1.0    -1     4    10
  71.94077 1.0    -1     4    11
  78.75528 1.0    -1     4    12
  85.98601 1.0    -1     4    13
  88.56746 1.0    -1     5   -13
  81.37307 1.0    -1     5   -12
  74.63305 1.0    -1     5   -11
  68.28438 1.0    -1     5   -10
  62.28978 1.0    -1     5    -9
  56.63299 1.0    -1     5    -8
  51.31781 1.0    -1     5    -7
  46.36989 1.0    -1     5    -6
  41.84090 1.0    -1     5    -5
  37.81449 1.0    -1     5    -4
  34.41151 1.0    -1     5    -3
  31.78833 1.0    -1     5    -2
  30.11729 1.0    -1     5    -1
  29.54136 1.0    -1     5     0
  30.11729 1.0    -1     5     1
  31.78833 1.0    -1     5     2
  34.41151 1.0    -1     5     3
  37.81449 1.0    -1     5     4
  41.84090 1.0    -1     5     5
  46.36989 1.0    -1     5     6
  51.31781 1.0    -1     5     7
  56.63299 1.0    -1     5     8
  62.28978 1.0    -1     5     9
  68.28438 1.0    -1     5    10
  74.63305 1.0    -1     5    11
  81.37307 1.0    -1     5    12
  88.56746 1.0    -1     5    13
  84.54868 1.0    -1     6   -12
  77.87765 1.0    -1     6   -11
  71.63919 1.0    -1     6   -10
  65.79517 1.0    -1     6    -9
  60.33025 1.0    -1     6    -8
  55.24977 1.0    -1     6    -7
  50.58002 1.0    -1     6    -6
  46.36989 1.0    -1     6    -5
  42.69278 1.0    -1     6    -4
  39.64611 1.0    -1     6    -3
  37.34474 1.0    -1     6    -2
  35.90407 1.0    -1     6    -1
  35.41264 1.0    -1     6     0
  35.90407 1.0    -1     6     1
  37.34474 1.0    -1     6     2
  39.64611 1.0    -1     6     3
  42.69278 1.0    -1     6     4
  46.36989 1.0    -1     6     5
  50.58002 1.0    -1     6     6
  55.24977 1.0    -1     6     7
  60.33025 1.0    -1     6     8
  65.79517 1.0    -1     6     9
  71.63919 1.0    -1     6    10
  77.87765 1.0    -1     6    11
  84.54868 1.0    -1     6    12
  88.28087 1.0    -1     7   -12
  81.66272 1.0    -1     7   -11
  75.52249 1.0    -1     7   -10
  69.81820 1.0    -1     7    -9
  64.53244 1.0    -1     7    -8
  59.66865 1.0    -1     7    -7
  55.24977 1.0    -1     7    -6
  51.31781 1.0    -1     7    -5
  47.93294 1.0    -1     7    -4
  45.17046 1.0    -1     7    -3
  43.11361 1.0    -1     7    -2
  41.84090 1.0    -1     7    -1
  41.40962 1.0    -1     7     0
  41.84090 1.0    -1     7     1
  43.11361 1.0    -1     7     2
  45.17046 1.0    -1     7     3
  47.93294 1.0    -1     7     4
  51.31781 1.0    -1     7     5
  55.24977 1.0    -1     7     6
  59.66865 1.0    -1     7     7
  64.53244 1.0    -1     7     8
  69.81820 1.0    -1     7     9
  75.52249 1.0    -1     7    10
  81.66272 1.0    -1     7    11
  88.28087 1.0    -1     7    12
  85.98601 1.0    -1     8   -11
  79.92134 1.0    -1     8   -10
  74.33573 1.0    -1     8    -9
  69.20656 1.0    -1     8    -8
  64.53244 1.0    -1     8    -7
  60.33025 1.0    -1     8    -6
  56.63299 1.0    -1     8    -5
  53.48737 1.0    -1     8    -4
  50.94988 1.0    -1     8    -3
  49.08035 1.0    -1     8    -2
  47.93294 1.0    -1     8    -1
  47.54585 1.0    -1     8     0
  47.93294 1.0    -1     8     1
  49.08035 1.0    -1     8     2
  50.94988 1.0    -1     8     3
  53.48737 1.0    -1     8     4
  56.63299 1.0    -1     8     5
  60.33025 1.0    -1     8     6
  64.53244 1.0    -1     8     7
  69.20656 1.0    -1     8     8
  74.33573 1.0    -1     8     9
  79.92134 1.0    -1     8    10
  85.98601 1.0    -1     8    11
  84.83639 1.0    -1     9   -10
  79.33887 1.0    -1     9    -9
  74.33573 1.0    -1     9    -8
  69.81820 1.0    -1     9    -7
  65.79517 1.0    -1     9    -6
  62.28978 1.0    -1     9    -5
  59.33617 1.0    -1     9    -4
  56.97534 1.0    -1     9    -3
  55.24977 1.0    -1     9    -2
  54.19701 1.0    -1     9    -1
  53.84299 1.0    -1     9     0
  54.19701 1.0    -1     9     1
  55.24977 1.0    -1     9     2
  56.97534 1.0    -1     9     3
  59.33617 1.0    -1     9     4
  62.28978 1.0    -1     9     5
  65.79517 1.0    -1     9     6
  69.81820 1.0    -1     9     7
  74.33573 1.0    -1     9     8
  79.33887 1.0    -1     9     9
  84.83639 1.0    -1     9    10
  90.28648 1.0    -1    10   -10
  84.83639 1.0    -1    10    -9
  79.92134 1.0    -1    10    -8
  75.52249 1.0    -1    10    -7
  71.63919 1.0    -1    10    -6
  68.28438 1.0    -1    10    -5
  65.48068 1.0    -1    10    -4
  63.25632 1.0    -1    10    -3
  61.64065 1.0    -1    10    -2
  60.65942 1.0    -1    10    -1
  60.33025 1.0    -1    10     0
  60.65942 1.0    -1    10     1
  61.64065 1.0    -1    10     2
  63.25632 1.0    -1    10     3
  65.48068 1.0    -1    10     4
  68.28438 1.0    -1    10     5
  71.63919 1.0    -1    10     6
  75.52249 1.0    -1    10     7
  79.92134 1.0    -1    10     8
  84.83639 1.0    -1    10     9
  90.28648 1.0    -1    10    10
  85.98601 1.0    -1    11    -8
  81.66272 1.0    -1    11    -7
  77.87765 1.0    -1    11    -6
  74.63305 1.0    -1    11    -5
  71.94077 1.0    -1    11    -4
  69.81820 1.0    -1    11    -3
  68.28438 1.0    -1    11    -2
  67.35626 1.0    -1    11    -1
  67.04550 1.0    -1    11     0
  67.35626 1.0    -1    11     1
  68.28438 1.0    -1    11     2
  69.81820 1.0    -1    11     3
  71.94077 1.0    -1    11     4
  74.63305 1.0    -1    11     5
  77.87765 1.0    -1    11     6
  81.66272 1.0    -1    11     7
  85.98601 1.0    -1    11     8
  88.28087 1.0    -1    12    -7
  84.54868 1.0    -1    12    -6
  81.37307 1.0    -1    12    -5
  78.75528 1.0    -1    12    -4
  76.70293 1.0    -1    12    -3
  75.22641 1.0    -1    12    -2
  74.33573 1.0    -1    12    -1
  74.03799 1.0    -1    12     0
  74.33573 1.0    -1    12     1
  75.22641 1.0    -1    12     2
  76.70293 1.0    -1    12     3
  78.75528 1.0    -1    12     4
  81.37307 1.0    -1    12     5
  84.54868 1.0    -1    12     6
  88.28087 1.0    -1    12     7
  88.56746 1.0    -1    13    -5
  85.98601 1.0    -1    13    -4
  83.97283 1.0    -1    13    -3
  82.53041 1.0    -1    13    -2
  81.66272 1.0    -1    13    -1
  81.37307 1.0    -1    13     0
  81.66272 1.0    -1    13     1
  82.53041 1.0    -1    13     2
  83.97283 1.0    -1    13     3
  85.98601 1.0    -1    13     4
  88.56746 1.0    -1    13     5
  90.28648 1.0    -1    14    -2
  89.42703 1.0    -1    14    -1
  89.14053 1.0    -1    14     0
  89.42703 1.0    -1    14     1
  90.28648 1.0    -1    14     2
  90.00000 1.0     0   -14    -2
  89.14053 1.0     0   -14    -1
  88.85401 1.0     0   -14     0
  89.14053 1.0     0   -14     1
  90.00000 1.0     0   -14     2
  88.28087 1.0     0   -13    -5
  85.69878 1.0     0   -13    -4
  83.68468 1.0     0   -13    -3
  82.24138 1.0     0   -13    -2
  81.37307 1.0     0   -13    -1
  81.08320 1.0     0   -13     0
  81.37307 1.0     0   -13     1
  82.24138 1.0     0   -13     2
  83.68468 1.0     0   -13     3
  85.69878 1.0     0   -13     4
  88.28087 1.0     0   -13     5
  87.99424 1.0     0   -12    -7
  84.26083 1.0     0   -12    -6
  81.08320 1.0     0   -12    -5
  78.46304 1.0     0   -12    -4
  76.40838 1.0     0   -12    -3
  74.92994 1.0     0   -12    -2
  74.03799 1.0     0   -12    -1
  73.73980 1.0     0   -12     0
  74.03799 1.0     0   -12     1
  74.92994 1.0     0   -12     2
  76.40838 1.0     0   -12     3
  78.46304 1.0     0   -12     4
  81.08320 1.0     0   -12     5
  84.26083 1.0     0   -12     6
  87.99424 1.0     0   -12     7
  85.69878 1.0     0   -11    -8
  81.37307 1.0     0   -11    -7
  77.58447 1.0     0   -11    -6
  74.33573 1.0     0   -11    -5
  71.63919 1.0     0   -11    -4
  69.51268 1.0     0   -11    -3
  67.97569 1.0     0   -11    -2
  67.04550 1.0     0   -11    -1
  66.73403 1.0     0   -11     0
  67.04550 1.0     0   -11     1
  67.97569 1.0     0   -11     2
  69.51268 1.0     0   -11     3
  71.63919 1.0     0   -11     4
  74.33573 1.0     0   -11     5
  77.58447 1.0     0   -11     6
  81.37307 1.0     0   -11     7
  85.69878 1.0     0   -11     8
  90.00000 1.0     0   -10   -10
  84.54868 1.0     0   -10    -9
  79.63024 1.0     0   -10    -8
  75.22641 1.0     0   -10    -7
  71.33708 1.0     0   -10    -6
  67.97569 1.0     0   -10    -5
  65.16541 1.0     0   -10    -4
  62.93507 1.0     0   -10    -3
  61.31460 1.0     0   -10    -2
  60.33025 1.0     0   -10    -1
  60.00000 1.0     0   -10     0
  60.33025 1.0     0   -10     1
  61.31460 1.0     0   -10     2
  62.93507 1.0     0   -10     3
  65.16541 1.0     0   -10     4
  67.97569 1.0     0   -10     5
  71.33708 1.0     0   -10     6
  75.22641 1.0     0   -10     7
  79.63024 1.0     0   -10     8
  84.54868 1.0     0   -10     9
  90.00000 1.0     0   -10    10
  84.54868 1.0     0    -9   -10
  79.04722 1.0     0    -9    -9
  74.03799 1.0     0    -9    -8
  69.51268 1.0     0    -9    -7
  65.48068 1.0     0    -9    -6
  61.96570 1.0     0    -9    -5
  59.00255 1.0     0    -9    -4
  56.63299 1.0     0    -9    -3
  54.90037 1.0     0    -9    -2
  53.84299 1.0     0    -9    -1
  53.48737 1.0     0    -9     0
  53.84299 1.0     0    -9     1
  54.90037 1.0     0    -9     2
  56.63299 1.0     0    -9     3
  59.00255 1.0     0    -9     4
  61.96570 1.0     0    -9     5
  65.48068 1.0     0    -9     6
  69.51268 1.0     0    -9     7
  74.03799 1.0     0    -9     8
  79.04722 1.0     0    -9     9
  84.54868 1.0     0    -9    10
  85.69878 1.0     0    -8   -11
  79.63024 1.0     0    -8   -10
  74.03799 1.0     0    -8    -9
  68.89980 1.0     0    -8    -8
  64.21471 1.0     0    -8    -7
  60.00000 1.0     0    -8    -6
  56.28929 1.0     0    -8    -5
  53.13010 1.0     0    -8    -4
  50.58002 1.0     0    -8    -3
  48.70013 1.0     0    -8    -2
  47.54585 1.0     0    -8    -1
  47.15636 1.0     0    -8     0
  47.54585 1.0     0    -8     1
  48.70013 1.0     0    -8     2
  50.58002 1.0     0    -8     3
  53.13010 1.0     0    -8     4
  56.28929 1.0     0    -8     5
  60.00000 1.0     0    -8     6
  64.21471 1.0     0    -8     7
  68.89980 1.0     0    -8     8
  74.03799 1.0     0    -8     9
  79.63024 1.0     0    -8    10
  85.69878 1.0     0    -8    11
  87.99424 1.0     0    -7   -12
  81.37307 1.0     0    -7   -11
  75.22641 1.0     0    -7   -10
  69.51268 1.0     0    -7    -9
  64.21471 1.0     0    -7    -8
  59.33617 1.0     0    -7    -7
  54.90037 1.0     0    -7    -6
  50.94988 1.0     0    -7    -5
  47.54585 1.0     0    -7    -4
  44.76508 1.0     0    -7    -3
  42.69278 1.0     0    -7    -2
  41.40962 1.0     0    -7    -1
  40.97463 1.0     0    -7     0
  41.40962 1.0     0    -7     1
  42.69278 1.0     0    -7     2
  44.76508 1.0     0    -7     3
  47.54585 1.0     0    -7     4
  50.94988 1.0     0    -7     5
  54.90037 1.0     0    -7     6
  59.33617 1.0     0    -7     7
  64.21471 1.0     0    -7     8
  69.51268 1.0     0    -7     9
  75.22641 1.0     0    -7    10
  81.37307 1.0     0    -7    11
  87.99424 1.0     0    -7    12
  84.26083 1.0     0    -6   -12
  77.58447 1.0     0    -6   -11
  71.33708 1.0     0    -6   -10
  65.48068 1.0     0    -6    -9
  60.00000 1.0     0    -6    -8
  54.90037 1.0     0    -6    -7
  50.20818 1.0     0    -6    -6
  45.97278 1.0     0    -6    -5
  42.26858 1.0     0    -6    -4
  39.19497 1.0     0    -6    -3
  36.86990 1.0     0    -6    -2
  35.41264 1.0     0    -6    -1
  34.91521 1.0     0    -6     0
  35.41264 1.0     0    -6     1
  36.86990 1.0     0    -6     2
  39.19497 1.0     0    -6     3
  42.26858 1.0     0    -6     4
  45.97278 1.0     0    -6     5
  50.20818 1.0     0    -6     6
  54.90037 1.0     0    -6     7
  60.00000 1.0     0    -6     8
  65.48068 1.0     0    -6     9
  71.33708 1.0     0    -6    10
  77.58447 1.0     0    -6    11
  84.26083 1.0     0    -6    12
  88.28087 1.0     0    -5   -13
  81.08320 1.0     0    -5   -12
  74.33573 1.0     0    -5   -11
  67.97569 1.0     0    -5   -10
  61.96570 1.0     0    -5    -9
  56.28929 1.0     0    -5    -8
  50.94988 1.0     0    -5    -7
  45.97278 1.0     0    -5    -6
  41.40962 1.0     0    -5    -5
  37.34474 1.0     0    -5    -4
  33.90126 1.0     0    -5    -3
  31.24027 1.0     0    -5    -2
  29.54136 1.0     0    -5    -1
  28.95502 1.0     0    -5     0
  29.54136 1.0     0    -5     1
  31.24027 1.0     0    -5     2
  33.90126 1.0     0    -5     3
  37.34474 1.0     0    -5     4
  41.40962 1.0     0    -5     5
  45.97278 1.0     0    -5     6
  50.94988 1.0     0    -5     7
  56.28929 1.0     0    -5     8
  61.96570 1.0     0    -5     9
  67.97569 1.0     0    -5    10
  74.33573 1.0     0    -5    11
  81.08320 1.0     0    -5    12
  88.28087 1.0     0    -5    13
  85.69878 1.0     0    -4   -13
  78.46304 1.0     0    -4   -12
  71.63919 1.0     0    -4   -11
  65.16541 1.0     0    -4   -10
  59.00255 1.0     0    -4    -9
  53.13010 1.0     0    -4    -8
  47.54585 1.0     0    -4    -7
  42.26858 1.0     0    -4    -6
  37.34474 1.0     0    -4    -5
  32.85988 1.0     0    -4    -4
  28.95502 1.0     0    -4    -3
  25.84193 1.0     0    -4    -2
  23.79427 1.0     0    -4    -1
  23.07392 1.0     0    -4     0
  23.79427 1.0     0    -4     1
  25.84193 1.0     0    -4     2
  28.95502 1.0     0    -4     3
  32.85988 1.0     0    -4     4
  37.34474 1.0     0    -4     5
  42.26858 1.0     0    -4     6
  47.54585 1.0     0    -4     7
  53.13010 1.0     0    -4     8
  59.00255 1.0     0    -4     9
  65.16541 1.0     0    -4    10
  71.63919 1.0     0    -4    11
  78.46304 1.0     0    -4    12
  85.69878 1.0     0    -4    13
  83.68468 1.0     0    -3   -13
  76.40838 1.0     0    -3   -12
  69.51268 1.0     0    -3   -11
  62.93507 1.0     0    -3   -10
  56.63299 1.0     0    -3    -9
  50.58002 1.0     0    -3    -8
  44.76508 1.0     0    -3    -7
  39.19497 1.0     0    -3    -6
  33.90126 1.0     0    -3    -5
  28.95502 1.0     0    -3    -4
  24.49465 1.0     0    -3    -3
  20.77186 1.0     0    -3    -2
  18.19487 1.0     0    -3    -1
  17.25385 1.0     0    -3     0
  18.19487 1.0     0    -3     1
  20.77186 1.0     0    -3     2
  24.49465 1.0     0    -3     3
  28.95502 1.0     0    -3     4
  33.90126 1.0     0    -3     5
  39.19497 1.0     0    -3     6
  44.76508 1.0     0    -3     7
  50.58002 1.0     0    -3     8
  56.63299 1.0     0    -3     9
  62.93507 1.0     0    -3    10
  69.51268 1.0     0    -3    11
  76.40838 1.0     0    -3    12
  83.68468 1.0     0    -3    13
  90.00000 1.0     0    -2   -14
  82.24138 1.0     0    -2   -13
  74.92994 1.0     0    -2   -12
  67.97569 1.0     0    -2   -11
  61.31460 1.0     0    -2   -10
  54.90037 1.0     0    -2    -9
  48.70013 1.0     0    -2    -8
  42.69278 1.0     0    -2    -7
  36.86990 1.0     0    -2    -6
  31.24027 1.0     0    -2    -5
  25.84193 1.0     0    -2    -4
  20.77186 1.0     0    -2    -3
  16.26020 1.0     0    -2    -2
  12.83857 1.0     0    -2    -1
  11.47834 1.0     0    -2     0
  12.83857 1.0     0    -2     1
  16.26020 1.0     0    -2     2
  20.77186 1.0     0    -2     3
  25.84193 1.0     0    -2     4
  31.24027 1.0     0    -2     5
  36.86990 1.0     0    -2     6
  42.69278 1.0     0    -2     7
  48.70013 1.0     0    -2     8
  54.90037 1.0     0    -2     9
  61.31460 1.0     0    -2    10
  67.97569 1.0     0    -2    11
  74.92994 1.0     0    -2    12
  82.24138 1.0     0    -2    13
  90.00000 1.0     0    -2    14
  89.14053 1.0     0    -1   -14
  81.37307 1.0     0    -1   -13
  74.03799 1.0     0    -1   -12
  67.04550 1.0     0    -1   -11
  60.33025 1.0     0    -1   -10
  53.84299 1.0     0    -1    -9
  47.54585 1.0     0    -1    -8
  41.40962 1.0     0    -1    -7
  35.41264 1.0     0    -1    -6
  29.54136 1.0     0    -1    -5
  23.79427 1.0     0    -1    -4
  18.19487 1.0     0    -1    -3
  12.83857 1.0     0    -1    -2
   8.10961 1.0     0    -1    -1
   5.73197 1.0     0    -1     0
   8.10961 1.0     0    -1     1
  12.83857 1.0     0    -1     2
  18.19487 1.0     0    -1     3
  23.79427 1.0     0    -1     4
  29.54136 1.0     0    -1     5
  35.41264 1.0     0    -1     6
  41.40962 1.0     0    -1     7
  47.54585 1.0     0    -1     8
  53.84299 1.0     0    -1     9
  60.33025 1.0     0    -1    10
  67.04550 1.0     0    -1    11
  74.03799 1.0     0    -1    12
  81.37307 1.0     0    -1    13
  89.14053 1.0     0    -1    14
  88.85401 1.0     0     0   -14
  81.08320 1.0     0     0   -13
  73.73980 1.0     0     0   -12
  66.73403 1.0     0     0   -11
  60.00000 1.0     0     0   -10
  53.48737 1.0     0     0    -9
  47.15636 1.0     0     0    -8
  40.97463 1.0     0     0    -7
  34.91521 1.0     0     0    -6
  28.95502 1.0     0     0    -5
  23.07392 1.0     0     0    -4
  17.25385 1.0     0     0    -3
  11.47834 1.0     0     0    -2
   5.73197 1.0     0     0    -1
   5.73197 1.0     0     0     1
  11.47834 1.0     0     0     2
  17.25385 1.0     0     0     3
  23.07392 1.0     0     0     4
  28.95502 1.0     0     0     5
  34.91521 1.0     0     0     6
  40.97463 1.0     0     0     7
  47.15636 1.0     0     0     8
  53.48737 1.0     0     0     9
  60.00000 1.0     0     0    10
  66.73403 1.0     0     0    11
  73.73980 1.0     0     0    12
  81.08320 1.0     0     0    13
  88.85401 1.0     0     0    14
  89.14053 1.0     0     1   -14
  81.37307 1.0     0     1   -13
  74.03799 1.0     0     1   -12
  67.04550 1.0     0     1   -11
  60.33025 1.0     0     1   -10
  53.84299 1.0     0     1    -9
  47.54585 1.0     0     1    -8
  41.40962 1.0     0     1    -7
  35.41264 1.0     0     1    -6
  29.54136 1.0     0     1    -5
  23.79427 1.0     0     1    -4
  18.19487 1.0     0     1    -3
  12.83857 1.0     0     1    -2
   8.10961 1.0     0     1    -1
   5.73197 1.0     0     1     0
   8.10961 1.0     0     1     1
  12.83857 1.0     0     1     2
  18.19487 1.0     0     1     3
  23.79427 1.0     0     1     4
  29.54136 1.0     0     1     5
  35.41264 1.0     0     1     6
  41.40962 1.0     0     1     7
  47.54585 1.0     0     1     8
  53.84299 1.0     0     1     9
  60.33025 1.0     0     1    10
  67.04550 1.0     0     1    11
  74.03799 1.0     0     1    12
  81.37307 1.0     0     1    13
  89.14053 1.0     0     1    14
  90.00000 1.0     0     2   -14
  82.24138 1.0     0     2   -13
  74.92994 1.0     0     2   -12
  67.97569 1.0     0     2   -11
  61.31460 1.0     0     2   -10
  54.90037 1.0     0     2    -9
  48.70013 1.0     0     2    -8
  42.69278 1.0     0     2    -7
  36.86990 1.0     0     2    -6
  31.24027 1.0     0     2    -5
  25.84193 1.0     0     2    -4
  20.77186 1.0     0     2    -3
  16.26020 1.0     0     2    -2
  12.83857 1.0     0     2    -1
  11.47834 1.0     0     2     0
  12.83857 1.0     0     2     1
  16.26020 1.0     0     2     2
  20.77186 1.0     0     2     3
  25.84193 1.0     0     2     4
  31.24027 1.0     0     2     5
  36.86990 1.0     0     2     6
  42.69278 1.0     0     2     7
  48.70013 1.0     0     2     8
  54.90037 1.0     0     2     9
  61.31460 1.0     0     2    10
  67.97569 1.0     0     2    11
  74.92994 1.0     0     2    12
  82.24138 1.0     0     2    13
  90.00000 1.0     0     2    14
  83.68468 1.0     0     3   -13
  76.40838 1.0     0     3   -12
  69.51268 1.0     0     3   -11
  62.93507 1.0     0     3   -10
  56.63299 1.0     0     3    -9
  50.58002 1.0     0     3    -8
  44.76508 1.0     0     3    -7
  39.19497 1.0     0     3    -6
  33.90126 1.0     0     3    -5
  28.95502 1.0     0     3    -4
  24.49465 1.0     0     3    -3
  20.77186 1.0     0     3    -2
  18.19487 1.0     0     3    -1
  17.25385 1.0     0     3     0
  18.19487 1.0     0     3     1
  20.77186 1.0     0     3     2
  24.49465 1.0     0     3     3
  28.95502 1.0     0     3     4
  33.90126 1.0     0     3     5
  39.19497 1.0     0     3     6
  44.76508 1.0     0     3     7
  50.58002 1.0     0     3     8
  56.63299 1.0     0     3     9
  62.93507 1.0     0     3    10
  69.51268 1.0     0     3    11
  76.40838 1.0     0     3    12
  83.68468 1.0     0     3    13
  85.69878 1.0     0     4   -13
  78.46304 1.0     0     4   -12
  71.63919 1.0     0     4   -11
  65.16541 1.0     0     4   -10
  59.00255 1.0     0     4    -9
  53.13010 1.0     0     4    -8
  47.54585 1.0     0     4    -7
  42.26858 1.0     0     4    -6
  37.34474 1.0     0     4    -5
  32.85988 1.0     0     4    -4
  28.95502 1.0     0     4    -3
  25.84193 1.0     0     4    -2
  23.79427 1.0     0     4    -1
  23.07392 1.0     0     4     0
  23.79427 1.0     0     4     1
  25.84193 1.0     0     4     2
  28.95502 1.0     0     4     3
  32.85988 1.0     0     4     4
  37.34474 1.0     0     4     5
  42.26858 1.0     0     4     6
  47.54585 1.0     0     4     7
  53.13010 1.0     0     4     8
  59.00255 1.0     0     4     9
  65.16541 1.0     0     4    10
  71.63919 1.0     0     4    11
  78.46304 1.0     0     4    12
  85.69878 1.0     0     4    13
  88.28087 1.0     0     5   -13
  81.08320 1.0     0     5   -12
  74.33573 1.0     0     5   -11
  67.97569 1.0     0     5   -10
  61.96570 1.0     0     5    -9
  56.28929 1.0     0     5    -8
  50.94988 1.0     0     5    -7
  45.97278 1.0     0     5    -6
  41.40962 1.0     0     5    -5
  37.34474 1.0     0     5    -4
  33.90126 1.0     0     5    -3
  31.24027 1.0     0     5    -2
  29.54136 1.0     0     5    -1
  28.95502 1.0     0     5     0
  29.54136 1.0     0     5     1
  31.24027 1.0     0     5     2
  33.90126 1.0     0     5     3
  37.34474 1.0     0     5     4
  41.40962 1.0     0     5     5
  45.97278 1.0     0     5     6
  50.94988 1.0     0     5     7
  56.28929 1.0     0     5     8
  61.96570 1.0     0     5     9
  67.97569 1.0     0     5    10
  74.33573 1.0     0     5    11
  81.08320 1.0     0     5    12
  88.28087 1.0     0     5    13
  84.26083 1.0     0     6   -12
  77.58447 1.0     0     6   -11
  71.33708 1.0     0     6   -10
  65.48068 1.0     0     6    -9
  60.00000 1.0     0     6    -8
  54.90037 1.0     0     6    -7
  50.20818 1.0     0     6    -6
  45.97278 1.0     0     6    -5
  42.26858 1.0     0     6    -4
  39.19497 1.0     0     6    -3
  36.86990 1.0     0     6    -2
  35.41264 1.0     0     6    -1
  34.91521 1.0     0     6     0
  35.41264 1.0     0     6     1
  36.86990 1.0     0     6     2
  39.19497 1.0     0     6     3
  42.26858 1.0     0     6     4
  45.97278 1.0     0     6     5
  50.20818 1.0     0     6     6
  54.90037 1.0     0     6     7
  60.00000 1.0     0     6     8
  65.48068 1.0     0     6     9
  71.33708 1.0     0     6    10
  77.58447 1.0     0     6    11
  84.26083 1.0     0     6    12
  87.99424 1.0     0     7   -12
  81.37307 1.0     0     7   -11
  75.22641 1.0     0     7   -10
  69.51268 1.0     0     7    -9
  64.21471 1.0     0     7    -8
  59.33617 1.0     0     7    -7
  54.90037 1.0     0     7    -6
  50.94988 1.0     0     7    -5
  47.54585 1.0     0     7    -4
  44.76508 1.0     0     7    -3
  42.69278 1.0     0     7    -2
  41.40962 1.0     0     7    -1
  40.97463 1.0     0     7     0
  41.40962 1.0     0     7     1
  42.69278 1.0     0     7     2
  44.76508 1.0     0     7     3
  47.54585 1.0     0     7     4
  50.94988 1.0     0     7     5
  54.90037 1.0     0     7     6
  59.33617 1.0     0     7     7
  64.21471 1.0     0     7     8
  69.51268 1.0     0     7     9
  75.22641 1.0     0     7    10
  81.37307 1.0     0     7    11
  87.99424 1.0     0     7    12
  85.69878 1.0     0     8   -11
  79.63024 1.0     0     8   -10
  74.03799 1.0     0     8    -9
  68.89980 1.0     0     8    -8
  64.21471 1.0     0     8    -7
  60.00000 1.0     0     8    -6
  56.28929 1.0     0     8    -5
  53.13010 1.0     0     8    -4
  50.58002 1.0     0     8    -3
  48.70013 1.0     0     8    -2
  47.54585 1.0     0     8    -1
  47.15636 1.0     0     8     0
  47.54585 1.0     0     8     1
  48.70013 1.0     0     8     2
  50.58002 1.0     0     8     3
  53.13010 1.0     0     8     4
  56.28929 1.0     0     8     5
  60.00000 1.0     0     8     6
  64.21471 1.0     0     8     7
  68.89980 1.0     0     8     8
  74.03799 1.0     0     8     9
  79.63024 1.0     0     8    10
  85.69878 1.0     0     8    11
  84.54868 1.0     0     9   -10
  79.04722 1.0     0     9    -9
  74.03799 1.0     0     9    -8
  69.51268 1.0     0     9    -7
  65.48068 1.0     0     9    -6
  61.96570 1.0     0     9    -5
  59.00255 1.0     0     9    -4
  56.63299 1.0     0     9    -3
  54.90037 1.0     0     9    -2
  53.84299 1.0     0     9    -1
  53.48737 1.0     0     9     0
  53.84299 1.0     0     9     1
  54.90037 1.0     0     9     2
  56.63299 1.0     0     9     3
  59.00255 1.0     0     9     4
  61.96570 1.0     0     9     5
  65.48068 1.0     0     9     6
  69.51268 1.0     0     9     7
  74.03799 1.0     0     9     8
  79.04722 1.0     0     9     9
  84.54868 1.0     0     9    10
  90.00000 1.0     0    10   -10
  84.54868 1.0     0    10    -9
  79.63024 1.0     0    10    -8
  75.22641 1.0     0    10    -7
  71.33708 1.0     0    10    -6
  67.97569 1.0     0    10    -5
  65.16541 1.0     0    10    -4
  62.93507 1.0     0    10    -3
  61.31460 1.0     0    10    -2
  60.33025 1.0     0    10    -1
  60.00000 1.0     0    10     0
  60.33025 1.0     0    10     1
  61.31460 1.0     0    10     2
  62.93507 1.0     0    10     3
  65.16541 1.0     0    10     4
  67.97569 1.0     0    10     5
  71.33708 1.0     0    10     6
  75.22641 1.0     0    10     7
  79.63024 1.0     0    10     8
  84.54868 1.0     0    10     9
  90.00000 1.0     0    10    10
  85.69878 1.0     0    11    -8
  81.37307 1.0     0    11    -7
  77.58447 1.0     0    11    -6
  74.33573 1.0     0    11    -5
  71.63919 1.0     0    11    -4
  69.51268 1.0     0    11    -3
  67.97569 1.0     0    11    -2
  67.04550 1.0     0    11    -1
  66.73403 1.0     0    11     0
  67.04550 1.0     0    11     1
  67.97569 1.0     0    11     2
  69.51268 1.0     0    11     3
  71.63919 1.0     0    11     4
  74.33573 1.0     0    11     5
  77.58447 1.0     0    11     6
  81.37307 1.0     0    11     7
  85.69878 1.0     0    11     8
  87.99424 1.0     0    12    -7
  84.26083 1.0     0    12    -6
  81.08320 1.0     0    12    -5
  78.46304 1.0     0    12    -4
  76.40838 1.0     0    12    -3
  74.92994 1.0     0    12    -2
  74.03799 1.0     0    12    -1
  73.73980 1.0     0    12     0
  74.03799 1.0     0    12     1
  74.92994 1.0     0    12     2
  76.40838 1.0     0    12     3
  78.46304 1.0     0    12     4
  81.08320 1.0     0    12     5
  84.26083 1.0     0    12     6
  87.99424 1.0     0    12     7
  88.28087 1.0     0    13    -5
  85.69878 1.0     0    13    -4
  83.68468 1.0     0    13    -3
  82.24138 1.0     0    13    -2
  81.37307 1.0     0    13    -1
  81.08320 1.0     0    13     0
  81.37307 1.0     0    13     1
  82.24138 1.0     0    13     2
  83.68468 1.0     0    13     3
  85.69878 1.0     0    13     4
  88.28087 1.0     0    13     5
  90.00000 1.0     0    14    -2
  89.14053 1.0     0    14    -1
  88.85401 1.0     0    14     0
  89.14053 1.0     0    14     1
  90.00000 1.0     0    14     2
  90.28648 1.0     1   -14    -2
  89.42703 1.0     1   -14    -1
  89.14053 1.0     1   -14     0
  89.42703 1.0     1   -14     1
  90.28648 1.0     1   -14     2
  88.56746 1.0     1   -13    -5
  85.98601 1.0     1   -13    -4
  83.97283 1.0     1   -13    -3
  82.53041 1.0     1   -13    -2
  81.66272 1.0     1   -13    -1
  81.37307 1.0     1   -13     0
  81.66272 1.0     1   -13     1
  82.53041 1.0     1   -13     2
  83.97283 1.0     1   -13     3
  85.98601 1.0     1   -13     4
  88.56746 1.0     1   -13     5
  88.28087 1.0     1   -12    -7
  84.54868 1.0     1   -12    -6
  81.37307 1.0     1   -12    -5
  78.75528 1.0     1   -12    -4
  76.70293 1.0     1   -12    -3
  75.22641 1.0     1   -12    -2
  74.33573 1.0     1   -12    -1
  74.03799 1.0     1   -12     0
  74.33573 1.0     1   -12     1
  75.22641 1.0     1   -12     2
  76.70293 1.0     1   -12     3
  78.75528 1.0     1   -12     4
  81.37307 1.0     1   -12     5
  84.54868 1.0     1   -12     6
  88.28087 1.0     1   -12     7
  85.98601 1.0     1   -11    -8
  81.66272 1.0     1   -11    -7
  77.87765 1.0     1   -11    -6
  74.63305 1.0     1   -11    -5
  71.94077 1.0     1   -11    -4
  69.81820 1.0     1   -11    -3
  68.28438 1.0     1   -11    -2
  67.35626 1.0     1   -11    -1
  67.04550 1.0     1   -11     0
  67.35626 1.0     1   -11     1
  68.28438 1.0     1   -11     2
  69.81820 1.0     1   -11     3
  71.94077 1.0     1   -11     4
  74.63305 1.0     1   -11     5
  77.87765 1.0     1   -11     6
  81.66272 1.0     1   -11     7
  85.98601 1.0     1   -11     8
  90.28648 1.0     1   -10   -10
  84.83639 1.0     1   -10    -9
  79.92134 1.0     1   -10    -8
  75.52249 1.0     1   -10    -7
  71.63919 1.0     1   -10    -6
  68.28438 1.0     1   -10    -5
  65.48068 1.0     1   -10    -4
  63.25632 1.0     1   -10    -3
  61.64065 1.0     1   -10    -2
  60.65942 1.0     1   -10    -1
  60.33025 1.0     1   -10     0
  60.65942 1.0     1   -10     1
  61.64065 1.0     1   -10     2
  63.25632 1.0     1   -10     3
  65.48068 1.0     1   -10     4
  68.28438 1.0     1   -10     5
  71.63919 1.0     1   -10     6
  75.52249 1.0     1   -10     7
  79.92134 1.0     1   -10     8
  84.83639 1.0     1   -10     9
  90.28648 1.0     1   -10    10
  84.83639 1.0     1    -9   -10
  79.33887 1.0     1    -9    -9
  74.33573 1.0     1    -9    -8
  69.81820 1.0     1    -9    -7
  65.79517 1.0     1    -9    -6
  62.28978 1.0     1    -9    -5
  59.33617 1.0     1    -9    -4
  56.97534 1.0     1    -9    -3
  55.24977 1.0     1    -9    -2
  54.19701 1.0     1    -9    -1
  53.84299 1.0     1    -9     0
  54.19701 1.0     1    -9     1
  55.24977 1.0     1    -9     2
  56.97534 1.0     1    -9     3
  59.33617 1.0     1    -9     4
  62.28978 1.0     1    -9     5
  65.79517 1.0     1    -9     6
  69.81820 1.0     1    -9     7
  74.33573 1.0     1    -9     8
  79.33887 1.0     1    -9     9
  84.83639 1.0     1    -9    10
  85.98601 1.0     1    -8   -11
  79.92134 1.0     1    -8   -10
  74.33573 1.0     1    -8    -9
  69.20656 1.0     1    -8    -8
  64.53244 1.0     1    -8    -7
  60.33025 1.0     1    -8    -6
  56.63299 1.0     1    -8    -5
  53.48737 1.0     1    -8    -4
  50.94988 1.0     1    -8    -3
  49.08035 1.0     1    -8    -2
  47.93294 1.0     1    -8    -1
  47.54585 1.0     1    -8     0
  47.93294 1.0     1    -8     1
  49.08035 1.0     1    -8     2
  50.94988 1.0     1    -8     3
  53.48737 1.0     1    -8     4
  56.63299 1.0     1    -8     5
  60.33025 1.0     1    -8     6
  64.53244 1.0     1    -8     7
  69.20656 1.0     1    -8     8
  74.33573 1.0     1    -8     9
  79.92134 1.0     1    -8    10
  85.98601 1.0     1    -8    11
  88.28087 1.0     1    -7   -12
  81.66272 1.0     1    -7   -11
  75.52249 1.0     1    -7   -10
  69.81820 1.0     1    -7    -9
  64.53244 1.0     1    -7    -8
  59.66865 1.0     1    -7    -7
  55.24977 1.0     1    -7    -6
  51.31781 1.0     1    -7    -5
  47.93294 1.0     1    -7    -4
  45.17046 1.0     1    -7    -3
  43.11361 1.0     1    -7    -2
  41.84090 1.0     1    -7    -1
  41.40962 1.0     1    -7     0
  41.84090 1.0     1    -7     1
  43.11361 1.0     1    -7     2
  45.17046 1.0     1    -7     3
  47.93294 1.0     1    -7     4
  51.31781 1.0     1    -7     5
  55.24977 1.0     1    -7     6
  59.66865 1.0     1    -7     7
  64.53244 1.0     1    -7     8
  69.81820 1.0     1    -7     9
  75.52249 1.0     1    -7    10
  81.66272 1.0     1    -7    11
  88.28087 1.0     1    -7    12
  84.54868 1.0     1    -6   -12
  77.87765 1.0     1    -6   -11
  71.63919 1.0     1    -6   -10
  65.79517 1.0     1    -6    -9
  60.33025 1.0     1    -6    -8
  55.24977 1.0     1    -6    -7
  50.58002 1.0     1    -6    -6
  46.36989 1.0     1    -6    -5
  42.69278 1.0     1    -6    -4
  39.64611 1.0     1    -6    -3
  37.34474 1.0     1    -6    -2
  35.90407 1.0     1    -6    -1
  35.41264 1.0     1    -6     0
  35.90407 1.0     1    -6     1
  37.34474 1.0     1    -6     2
  39.64611 1.0     1    -6     3
  42.69278 1.0     1    -6     4
  46.36989 1.0     1    -6     5
  50.58002 1.0     1    -6     6
  55.24977 1.0     1    -6     7
  60.33025 1.0     1    -6     8
  65.79517 1.0     1    -6     9
  71.63919 1.0     1    -6    10
  77.87765 1.0     1    -6    11
  84.54868 1.0     1    -6    12
  88.56746 1.0     1    -5   -13
  81.37307 1.0     1    -5   -12
  74.63305 1.0     1    -5   -11
  68.28438 1.0     1    -5   -10
  62.28978 1.0     1    -5    -9
  56.63299 1.0     1    -5    -8
  51.31781 1.0     1    -5    -7
  46.36989 1.0     1    -5    -6
  41.84090 1.0     1    -5    -5
  37.81449 1.0     1    -5    -4
  34.41151 1.0     1    -5    -3
  31.78833 1.0     1    -5    -2
  30.11729 1.0     1    -5    -1
  29.54136 1.0     1    -5     0
  30.11729 1.0     1    -5     1
  31.78833 1.0     1    -5     2
  34.41151 1.0     1    -5     3
  37.81449 1.0     1    -5     4
  41.84090 1.0     1    -5     5
  46.36989 1.0     1    -5     6
  51.31781 1.0     1    -5     7
  56.63299 1.0     1    -5     8
  62.28978 1.0     1    -5     9
  68.28438 1.0     1    -5    10
  74.63305 1.0     1    -5    11
  81.37307 1.0     1    -5    12
  88.56746 1.0     1    -5    13
  85.98601 1.0     1    -4   -13
  78.75528 1.0     1    -4   -12
  71.94077 1.0     1    -4   -11
  65.48068 1.0     1    -4   -10
  59.33617 1.0     1    -4    -9
  53.48737 1.0     1    -4    -8
  47.93294 1.0     1    -4    -7
  42.69278 1.0     1    -4    -6
  37.81449 1.0     1    -4    -5
  33.38416 1.0     1    -4    -4
  29.54136 1.0     1    -4    -3
  26.49157 1.0     1    -4    -2
  24.49465 1.0     1    -4    -1
  23.79427 1.0     1    -4     0
  24.49465 1.0     1    -4     1
  26.49157 1.0     1    -4     2
  29.54136 1.0     1    -4     3
  33.38416 1.0     1    -4     4
  37.81449 1.0     1    -4     5
  42.69278 1.0     1    -4     6
  47.93294 1.0     1    -4     7
  53.48737 1.0     1    -4     8
  59.33617 1.0     1    -4     9
  65.48068 1.0     1    -4    10
  71.94077 1.0     1    -4    11
  78.75528 1.0     1    -4    12
  85.98601 1.0     1    -4    13
  83.97283 1.0     1    -3   -13
  76.70293 1.0     1    -3   -12
  69.81820 1.0     1    -3   -11
  63.25632 1.0     1    -3   -10
  56.97534 1.0     1    -3    -9
  50.94988 1.0     1    -3    -8
  45.17046 1.0     1    -3    -7
  39.64611 1.0     1    -3    -6
  34.41151 1.0     1    -3    -5
  29.54136 1.0     1    -3    -4
  25.17672 1.0     1    -3    -3
  21.56519 1.0     1    -3    -2
  19.09105 1.0     1    -3    -1
  18.19487 1.0     1    -3     0
  19.09105 1.0     1    -3     1
  21.56519 1.0     1    -3     2
  25.17672 1.0     1    -3     3
  29.54136 1.0     1    -3     4
  34.41151 1.0     1    -3     5
  39.64611 1.0     1    -3     6
  45.17046 1.0     1    -3     7
  50.94988 1.0     1    -3     8
  56.97534 1.0     1    -3     9
  63.25632 1.0     1    -3    10
  69.81820 1.0     1    -3    11
  76.70293 1.0     1    -3    12
  83.97283 1.0     1    -3    13
  90.28648 1.0     1    -2   -14
  82.53041 1.0     1    -2   -13
  75.22641 1.0     1    -2   -12
  68.28438 1.0     1    -2   -11
  61.64065 1.0     1    -2   -10
  55.24977 1.0     1    -2    -9
  49.08035 1.0     1    -2    -8
  43.11361 1.0     1    -2    -7
  37.34474 1.0     1    -2    -6
  31.78833 1.0     1    -2    -5
  26.49157 1.0     1    -2    -4
  21.56519 1.0     1    -2    -3
  17.25385 1.0     1    -2    -2
  14.06987 1.0     1    -2    -1
  12.83857 1.0     1    -2     0
  14.06987 1.0     1    -2     1
  17.25385 1.0     1    -2     2
  21.56519 1.0     1    -2     3
  26.49157 1.0     1    -2     4
  31.78833 1.0     1    -2     5
  37.34474 1.0     1    -2     6
  43.11361 1.0     1    -2     7
  49.08035 1.0     1    -2     8
  55.24977 1.0     1    -2     9
  61.64065 1.0     1    -2    10
  68.28438 1.0     1    -2    11
  75.22641 1.0     1    -2    12
  82.53041 1.0     1    -2    13
  90.28648 1.0     1    -2    14
  89.42703 1.0     1    -1   -14
  81.66272 1.0     1    -1   -13
  74.33573 1.0     1    -1   -12
  67.35626 1.0     1    -1   -11
  60.65942 1.0     1    -1   -10
  54.19701 1.0     1    -1    -9
  47.93294 1.0     1    -1    -8
  41.84090 1.0     1    -1    -7
  35.90407 1.0     1    -1    -6
  30.11729 1.0     1    -1    -5
  24.49465 1.0     1    -1    -4
  19.09105 1.0     1    -1    -3
  14.06987 1.0     1    -1    -2
   9.93637 1.0     1    -1    -1
   8.10961 1.0     1    -1     0
   9.93637 1.0     1    -1     1
  14.06987 1.0     1    -1     2
  19.09105 1.0     1    -1     3
  24.49465 1.0     1    -1     4
  30.11729 1.0     1    -1     5
  35.90407 1.0     1    -1     6
  41.84090 1.0     1    -1     7
  47.93294 1.0     1    -1     8
  54.19701 1.0     1    -1     9
  60.65942 1.0     1    -1    10
  67.35626 1.0     1    -1    11
  74.33573 1.0     1    -1    12
  81.66272 1.0     1    -1    13
  89.42703 1.0     1    -1    14
  89.14053 1.0     1     0   -14
  81.37307 1.0     1     0   -13
  74.03799 1.0     1     0   -12
  67.04550 1.0     1     0   -11
  60.33025 1.0     1     0   -10
  53.84299 1.0     1     0    -9
  47.54585 1.0     1     0    -8
  41.40962 1.0     1     0    -7
  35.41264 1.0     1     0    -6
  29.54136 1.0     1     0    -5
  23.79427 1.0     1     0    -4
  18.19487 1.0     1     0    -3
  12.83857 1.0     1     0    -2
   8.10961 1.0     1     0    -1
   5.73197 1.0     1     0     0
   8.10961 1.0     1     0     1
  12.83857 1.0     1     0     2
  18.19487 1.0     1     0     3
  23.79427 1.0     1     0     4
  29.54136 1.0     1     0     5
  35.41264 1.0     1     0     6
  41.40962 1.0     1     0     7
  47.54585 1.0     1     0     8
  53.84299 1.0     1     0     9
  60.33025 1.0     1     0    10
  67.04550 1.0     1     0    11
  74.03799 1.0     1     0    12
  81.37307 1.0     1     0    13
  89.14053 1.0     1     0    14
  89.42703 1.0     1     1   -14
  81.66272 1.0     1     1   -13
  74.33573 1.0     1     1   -12
  67.35626 1.0     1     1   -11
  60.65942 1.0     1     1   -10
  54.19701 1.0     1     1    -9
  47.93294 1.0     1     1    -8
  41.84090 1.0     1     1    -7
  35.90407 1.0     1     1    -6
  30.11729 1.0     1     1    -5
  24.49465 1.0     1     1    -4
  19.09105 1.0     1     1    -3
  14.06987 1.0     1     1    -2
   9.93637 1.0     1     1    -1
   8.10961 1.0     1     1     0
   9.93637 1.0     1     1     1
  14.06987 1.0     1     1     2
  19.09105 1.0     1     1     3
  24.49465 1.0     1     1     4
  30.11729 1.0     1     1     5
  35.90407 1.0     1     1     6
  41.84090 1.0     1     1     7
  47.93294 1.0     1     1     8
  54.19701 1.0     1     1     9
  60.65942 1.0     1     1    10
  67.35626 1.0     1     1    11
  74.33573 1.0     1     1    12
  81.66272 1.0     1     1    13
  89.42703 1.0     1     1    14
  90.28648 1.0     1     2   -14
  82.53041 1.0     1     2   -13
  75.22641 1.0     1     2   -12
  68.28438 1.0     1     2   -11
  61.64065 1.0     1     2   -10
  55.24977 1.0     1     2    -9
  49.08035 1.0     1     2    -8
  43.11361 1.0     1     2    -7
  37.34474 1.0     1     2    -6
  31.78833 1.0     1     2    -5
  26.49157 1.0     1     2    -4
  21.56519 1.0     1     2    -3
  17.25385 1.0     1     2    -2
  14.06987 1.0     1     2    -1
  12.83857 1.0     1     2     0
  14.06987 1.0     1     2     1
  17.25385 1.0     1     2     2
  21.56519 1.0     1     2     3
  26.49157 1.0     1     2     4
  31.78833 1.0     1     2     5
  37.34474 1.0     1     2     6
  43.11361 1.0     1     2     7
  49.08035 1.0     1     2     8
  55.24977 1.0     1     2     9
  61.64065 1.0     1     2    10
  68.28438 1.0     1     2    11
  75.22641 1.0     1     2    12
  82.53041 1.0     1     2    13
  90.28648 1.0     1     2    14
  83.97283 1.0     1     3   -13
  76.70293 1.0     1     3   -12
  69.81820 1.0     1     3   -11
  63.25632 1.0     1     3   -10
  56.97534 1.0     1     3    -9
  50.94988 1.0     1     3    -8
  45.17046 1.0     1     3    -7
  39.64611 1.0     1     3    -6
  34.41151 1.0     1     3    -5
  29.54136 1.0     1     3    -4
  25.17672 1.0     1     3    -3
  21.56519 1.0     1     3    -2
  19.09105 1.0     1     3    -1
  18.19487 1.0     1     3     0
  19.09105 1.0     1     3     1
  21.56519 1.0     1     3     2
  25.17672 1.0     1     3     3
  29.54136 1.0     1     3     4
  34.41151 1.0     1     3     5
  39.64611 1.0     1     3     6
  45.17046 1.0     1     3     7
  50.94988 1.0     1     3     8
  56.97534 1.0     1     3     9
  63.25632 1.0     1     3    10
  69.81820 1.0     1     3    11
  76.70293 1.0     1     3    12
  83.97283 1.0     1     3    13
  85.98601 1.0     1     4   -13
  78.75528 1.0     1     4   -12
  71.94077 1.0     1     4   -11
  65.48068 1.0     1     4   -10
  59.33617 1.0     1     4    -9
  53.48737 1.0     1     4    -8
  47.93294 1.0     1     4    -7
  42.69278 1.0     1     4    -6
  37.81449 1.0     1     4    -5
  33.38416 1.0     1     4    -4
  29.54136 1.0     1     4    -3
  26.49157 1.0     1     4    -2
  24.49465 1.0     1     4    -1
  23.79427 1.0     1     4     0
  24.49465 1.0     1     4     1
  26.49157 1.0     1     4     2
  29.54136 1.0     1     4     3
  33.38416 1.0     1     4     4
  37.81449 1.0     1     4     5
  42.69278 1.0     1     4     6
  47.93294 1.0     1     4     7
  53.48737 1.0     1     4     8
  59.33617 1.0     1     4     9
  65.48068 1.0     1     4    10
  71.94077 1.0     1     4    11
  78.75528 1.0     1     4    12
  85.98601 1.0     1     4    13
  88.56746 1.0     1     5   -13
  81.37307 1.0     1     5   -12
  74.63305 1.0     1     5   -11
  68.28438 1.0     1     5   -10
  62.28978 1.0     1     5    -9
  56.63299 1.0     1     5    -8
  51.31781 1.0     1     5    -7
  46.36989 1.0     1     5    -6
  41.84090 1.0     1     5    -5
  37.81449 1.0     1     5    -4
  34.41151 1.0     1     5    -3
  31.78833 1.0     1     5    -2
  30.11729 1.0     1     5    -1
  29.54136 1.0     1     5     0
  30.11729 1.0     1     5     1
  31.78833 1.0     1     5     2
  34.41151 1.0     1     5     3
  37.81449 1.0     1     5     4
  41.84090 1.0     1     5     5
  46.36989 1.0     1     5     6
  51.31781 1.0     1     5     7
  56.63299 1.0     1     5     8
  62.28978 1.0     1     5     9
  68.28438 1.0     1     5    10
  74.63305 1.0     1     5    11
  81.37307 1.0     1     5    12
  88.56746 1.0     1     5    13
  84.54868 1.0     1     6   -12
  77.87765 1.0     1     6   -11
  71.63919 1.0     1     6   -10
  65.79517 1.0     1     6    -9
  60.33025 1.0     1     6    -8
  55.24977 1.0     1     6    -7
  50.58002 1.0     1     6    -6
  46.36989 1.0     1     6    -5
  42.69278 1.0     1     6    -4
  39.64611 1.0     1     6    -3
  37.34474 1.0     1     6    -2
  35.90407 1.0     1     6    -1
  35.41264 1.0     1     6     0
  35.90407 1.0     1     6     1
  37.34474 1.0     1     6     2
  39.64611 1.0     1     6     3
  42.69278 1.0     1     6     4
  46.36989 1.0     1     6     5
  50.58002 1.0     1     6     6
  55.24977 1.0     1     6     7
  60.33025 1.0     1     6     8
  65.79517 1.0     1     6     9
  71.63919 1.0     1     6    10
  77.87765 1.0     1     6    11
  84.54868 1.0     1     6    12
  88.28087 1.0     1     7   -12
  81.66272 1.0     1     7   -11
  75.52249 1.0     1     7   -10
  69.81820 1.0     1     7    -9
  64.53244 1.0     1     7    -8
  59.66865 1.0     1     7    -7
  55.24977 1.0     1     7    -6
  51.31781 1.0     1     7    -5
  47.93294 1.0     1     7    -4
  45.17046 1.0     1     7    -3
  43.11361 1.0     1     7    -2
  41.84090 1.0     1     7    -1
  41.40962 1.0     1     7     0
  41.84090 1.0     1     7     1
  43.11361 1.0     1     7     2
  45.17046 1.0     1     7     3
  47.93294 1.0     1     7     4
  51.31781 1.0     1     7     5
  55.24977 1.0     1     7     6
  59.66865 1.0     1     7     7
  64.53244 1.0     1     7     8
  69.81820 1.0     1     7     9
  75.52249 1.0     1     7    10
  81.66272 1.0     1     7    11
  88.28087 1.0     1     7    12
  85.98601 1.0     1     8   -11
  79.92134 1.0     1     8   -10
  74.33573 1.0     1     8    -9
  69.20656 1.0     1     8    -8
  64.53244 1.0     1     8    -7
  60.33025 1.0     1     8    -6
  56.63299 1.0     1     8    -5
  53.48737 1.0     1     8    -4
  50.94988 1.0     1     8    -3
  49.08035 1.0     1     8    -2
  47.93294 1.0     1     8    -1
  47.54585 1.0     1     8     0
  47.93294 1.0     1     8     1
  49.08035 1.0     1     8     2
  50.94988 1.0     1     8     3
  53.48737 1.0     1     8     4
  56.63299 1.0     1     8     5
  60.33025 1.0     1     8     6
  64.53244 1.0     1     8     7
  69.20656 1.0     1     8     8
  74.33573 1.0     1     8     9
  79.92134 1.0     1     8    10
  85.98601 1.0     1     8    11
  84.83639 1.0     1     9   -10
  79.33887 1.0     1     9    -9
  74.33573 1.0     1     9    -8
  69.81820 1.0     1     9    -7
  65.79517 1.0     1     9    -6
  62.28978 1.0     1     9    -5
  59.33617 1.0     1     9    -4
  56.97534 1.0     1     9    -3
  55.24977 1.0     1     9    -2
  54.19701 1.0     1     9    -1
  53.84299 1.0     1     9     0
  54.19701 1.0     1     9     1
  55.24977 1.0     1     9     2
  56.97534 1.0     1     9     3
  59.33617 1.0     1     9     4
  62.28978 1.0     1     9     5
  65.79517 1.0     1     9     6
  69.81820 1.0     1     9     7
  74.33573 1.0     1     9     8
  79.33887 1.0     1     9     9
  84.83639 1.0     1     9    10
  90.28648 1.0     1    10   -10
  84.83639 1.0     1    10    -9
  79.92134 1.0     1    10    -8
  75.52249 1.0     1    10    -7
  71.63919 1.0     1    10    -6
  68.28438 1.0     1    10    -5
  65.48068 1.0     1    10    -4
  63.25632 1.0     1    10    -3
  61.64065 1.0     1    10    -2
  60.65942 1.0     1    10    -1
  60.33025 1.0     1    10     0
  60.65942 1.0     1    10     1
  61.64065 1.0     1    10     2
  63.25632 1.0     1    10     3
  65.48068 1.0     1    10     4
  68.28438 1.0     1    10     5
  71.63919 1.0     1    10     6
  75.52249 1.0     1    10     7
  79.92134 1.0     1    10     8
  84.83639 1.0     1    10     9
  90.28648 1.0     1    10    10
  85.98601 1.0     1    11    -8
  81.66272 1.0     1    11    -7
  77.87765 1.0     1    11    -6
  74.63305 1.0     1    11    -5
  71.94077 1.0     1    11    -4
  69.81820 1.0     1    11    -3
  68.28438 1.0     1    11    -2
  67.35626 1.0     1    11    -1
  67.04550 1.0     1    11     0
  67.35626 1.0     1    11     1
  68.28438 1.0     1    11     2
  69.81820 1.0     1    11     3
  71.94077 1.0     1    11     4
  74.63305 1.0     1    11     5
  77.87765 1.0     1    11     6
  81.66272 1.0     1    11     7
  85.98601 1.0     1    11     8
  88.28087 1.0     1    12    -7
  84.54868 1.0     1    12    -6
  81.37307 1.0     1    12    -5
  78.75528 1.0     1    12    -4
  76.70293 1.0     1    12    -3
  75.22641 1.0     1    12    -2
  74.33573 1.0     1    12    -1
  74.03799 1.0     1    12     0
  74.33573 1.0     1    12     1
  75.22641 1.0     1    12     2
  76.70293 1.0     1    12     3
  78.75528 1.0     1    12     4
  81.37307 1.0     1    12     5
  84.54868 1.0     1    12     6
  88.28087 1.0     1    12     7
  88.56746 1.0     1    13    -5
  85.98601 1.0     1    13    -4
  83.97283 1.0     1    13    -3
  82.53041 1.0     1    13    -2
  81.66272 1.0     1    13    -1
  81.37307 1.0     1    13     0
  81.66272 1.0     1    13     1
  82.53041 1.0     1    13     2
  83.97283 1.0     1    13     3
  85.98601 1.0     1    13     4
  88.56746 1.0     1    13     5
  90.28648 1.0     1    14    -2
  89.42703 1.0     1    14    -1
  89.14053 1.0     1    14     0
  89.42703 1.0     1    14     1
  90.28648 1.0     1    14     2
  90.28648 1.0     2   -14    -1
  90.00000 1.0     2   -14     0
  90.28648 1.0     2   -14     1
  89.42703 1.0     2   -13    -5
  86.84714 1.0     2   -13    -4
  84.83639 1.0     2   -13    -3
  83.39637 1.0     2   -13    -2
  82.53041 1.0     2   -13    -1
  82.24138 1.0     2   -13     0
  82.53041 1.0     2   -13     1
  83.39637 1.0     2   -13     2
  84.83639 1.0     2   -13     3
  86.84714 1.0     2   -13     4
  89.42703 1.0     2   -13     5
  89.14053 1.0     2   -12    -7
  85.41143 1.0     2   -12    -6
  82.24138 1.0     2   -12    -5
  79.63024 1.0     2   -12    -4
  77.58447 1.0     2   -12    -3
  76.11346 1.0     2   -12    -2
  75.22641 1.0     2   -12    -1
  74.92994 1.0     2   -12     0
  75.22641 1.0     2   -12     1
  76.11346 1.0     2   -12     2
  77.58447 1.0     2   -12     3
  79.63024 1.0     2   -12     4
  82.24138 1.0     2   -12     5
  85.41143 1.0     2   -12     6
  89.14053 1.0     2   -12     7
  86.84714 1.0     2   -11    -8
  82.53041 1.0     2   -11    -7
  78.75528 1.0     2   -11    -6
  75.52249 1.0     2   -11    -5
  72.84246 1.0     2   -11    -4
  70.73122 1.0     2   -11    -3
  69.20656 1.0     2   -11    -2
  68.28438 1.0     2   -11    -1
  67.97569 1.0     2   -11     0
  68.28438 1.0     2   -11     1
  69.20656 1.0     2   -11     2
  70.73122 1.0     2   -11     3
  72.84246 1.0     2   -11     4
  75.52249 1.0     2   -11     5
  78.75528 1.0     2   -11     6
  82.53041 1.0     2   -11     7
  86.84714 1.0     2   -11     8
  85.69878 1.0     2   -10    -9
  80.79310 1.0     2   -10    -8
  76.40838 1.0     2   -10    -7
  72.54240 1.0     2   -10    -6
  69.20656 1.0     2   -10    -5
  66.42182 1.0     2   -10    -4
  64.21471 1.0     2   -10    -3
  62.61289 1.0     2   -10    -2
  61.64065 1.0     2   -10    -1
  61.31460 1.0     2   -10     0
  61.64065 1.0     2   -10     1
  62.61289 1.0     2   -10     2
  64.21471 1.0     2   -10     3
  66.42182 1.0     2   -10     4
  69.20656 1.0     2   -10     5
  72.54240 1.0     2   -10     6
  76.40838 1.0     2   -10     7
  80.79310 1.0     2   -10     8
  85.69878 1.0     2   -10     9
  85.69878 1.0     2    -9   -10
  80.21218 1.0     2    -9    -9
  75.22641 1.0     2    -9    -8
  70.73122 1.0     2    -9    -7
  66.73403 1.0     2    -9    -6
  63.25632 1.0     2    -9    -5
  60.33025 1.0     2    -9    -4
  57.99455 1.0     2    -9    -3
  56.28929 1.0     2    -9    -2
  55.24977 1.0     2    -9    -1
  54.90037 1.0     2    -9     0
  55.24977 1.0     2    -9     1
  56.28929 1.0     2    -9     2
  57.99455 1.0     2    -9     3
  60.33025 1.0     2    -9     4
  63.25632 1.0     2    -9     5
  66.73403 1.0     2    -9     6
  70.73122 1.0     2    -9     7
  75.22641 1.0     2    -9     8
  80.21218 1.0     2    -9     9
  85.69878 1.0     2    -9    10
  86.84714 1.0     2    -8   -11
  80.79310 1.0     2    -8   -10
  75.22641 1.0     2    -8    -9
  70.12313 1.0     2    -8    -8
  65.48068 1.0     2    -8    -7
  61.31460 1.0     2    -8    -6
  57.65609 1.0     2    -8    -5
  54.54946 1.0     2    -8    -4
  52.04808 1.0     2    -8    -3
  50.20818 1.0     2    -8    -2
  49.08035 1.0     2    -8    -1
  48.70013 1.0     2    -8     0
  49.08035 1.0     2    -8     1
  50.20818 1.0     2    -8     2
  52.04808 1.0     2    -8     3
  54.54946 1.0     2    -8     4
  57.65609 1.0     2    -8     5
  61.31460 1.0     2    -8     6
  65.48068 1.0     2    -8     7
  70.12313 1.0     2    -8     8
  75.22641 1.0     2    -8     9
  80.79310 1.0     2    -8    10
  86.84714 1.0     2    -8    11
  89.14053 1.0     2    -7   -12
  82.53041 1.0     2    -7   -11
  76.40838 1.0     2    -7   -10
  70.73122 1.0     2    -7    -9
  65.48068 1.0     2    -7    -8
  60.65942 1.0     2    -7    -7
  56.28929 1.0     2    -7    -6
  52.41050 1.0     2    -7    -5
  49.08035 1.0     2    -7    -4
  46.36989 1.0     2    -7    -3
  44.35680 1.0     2    -7    -2
  43.11361 1.0     2    -7    -1
  42.69278 1.0     2    -7     0
  43.11361 1.0     2    -7     1
  44.35680 1.0     2    -7     2
  46.36989 1.0     2    -7     3
  49.08035 1.0     2    -7     4
  52.41050 1.0     2    -7     5
  56.28929 1.0     2    -7     6
  60.65942 1.0     2    -7     7
  65.48068 1.0     2    -7     8
  70.73122 1.0     2    -7     9
  76.40838 1.0     2    -7    10
  82.53041 1.0     2    -7    11
  89.14053 1.0     2    -7    12
  85.41143 1.0     2    -6   -12
  78.75528 1.0     2    -6   -11
  72.54240 1.0     2    -6   -10
  66.73403 1.0     2    -6    -9
  61.31460 1.0     2    -6    -8
  56.28929 1.0     2    -6    -7
  51.68387 1.0     2    -6    -6
  47.54585 1.0     2    -6    -5
  43.94552 1.0     2    -6    -4
  40.97463 1.0     2    -6    -3
  38.73942 1.0     2    -6    -2
  37.34474 1.0     2    -6    -1
  36.86990 1.0     2    -6     0
  37.34474 1.0     2    -6     1
  38.73942 1.0     2    -6     2
  40.97463 1.0     2    -6     3
  43.94552 1.0     2    -6     4
  47.54585 1.0     2    -6     5
  51.68387 1.0     2    -6     6
  56.28929 1.0     2    -6     7
  61.31460 1.0     2    -6     8
  66.73403 1.0     2    -6     9
  72.54240 1.0     2    -6    10
  78.75528 1.0     2    -6    11
  85.41143 1.0     2    -6    12
  89.42703 1.0     2    -5   -13
  82.24138 1.0     2    -5   -12
  75.52249 1.0     2    -5   -11
  69.20656 1.0     2    -5   -10
  63.25632 1.0     2    -5    -9
  57.65609 1.0     2    -5    -8
  52.41050 1.0     2    -5    -7
  47.54585 1.0     2    -5    -6
  43.11361 1.0     2    -5    -5
  39.19497 1.0     2    -5    -4
  35.90407 1.0     2    -5    -3
  33.38416 1.0     2    -5    -2
  31.78833 1.0     2    -5    -1
  31.24027 1.0     2    -5     0
  31.78833 1.0     2    -5     1
  33.38416 1.0     2    -5     2
  35.90407 1.0     2    -5     3
  39.19497 1.0     2    -5     4
  43.11361 1.0     2    -5     5
  47.54585 1.0     2    -5     6
  52.41050 1.0     2    -5     7
  57.65609 1.0     2    -5     8
  63.25632 1.0     2    -5     9
  69.20656 1.0     2    -5    10
  75.52249 1.0     2    -5    11
  82.24138 1.0     2    -5    12
  89.42703 1.0     2    -5    13
  86.84714 1.0     2    -4   -13
  79.63024 1.0     2    -4   -12
  72.84246 1.0     2    -4   -11
  66.42182 1.0     2    -4   -10
  60.33025 1.0     2    -4    -9
  54.54946 1.0     2    -4    -8
  49.08035 1.0     2    -4    -7
  43.94552 1.0     2    -4    -6
  39.19497 1.0     2    -4    -5
  34.91521 1.0     2    -4    -4
  31.24027 1.0     2    -4    -3
  28.35764 1.0     2    -4    -2
  26.49157 1.0     2    -4    -1
  25.84193 1.0     2    -4     0
  26.49157 1.0     2    -4     1
  28.35764 1.0     2    -4     2
  31.24027 1.0     2    -4     3
  34.91521 1.0     2    -4     4
  39.19497 1.0     2    -4     5
  43.94552 1.0     2    -4     6
  49.08035 1.0     2    -4     7
  54.54946 1.0     2    -4     8
  60.33025 1.0     2    -4     9
  66.42182 1.0     2    -4    10
  72.84246 1.0     2    -4    11
  79.63024 1.0     2    -4    12
  86.84714 1.0     2    -4    13
  84.83639 1.0     2    -3   -13
  77.58447 1.0     2    -3   -12
  70.73122 1.0     2    -3   -11
  64.21471 1.0     2    -3   -10
  57.99455 1.0     2    -3    -9
  52.04808 1.0     2    -3    -8
  46.36989 1.0     2    -3    -7
  40.97463 1.0     2    -3    -6
  35.90407 1.0     2    -3    -5
  31.24027 1.0     2    -3    -4
  27.12675 1.0     2    -3    -3
  23.79427 1.0     2    -3    -2
  21.56519 1.0     2    -3    -1
  20.77186 1.0     2    -3     0
  21.56519 1.0     2    -3     1
  23.79427 1.0     2    -3     2
  27.12675 1.0     2    -3     3
  31.24027 1.0     2    -3     4
  35.90407 1.0     2    -3     5
  40.97463 1.0     2    -3     6
  46.36989 1.0     2    -3     7
  52.04808 1.0     2    -3     8
  57.99455 1.0     2    -3     9
  64.21471 1.0     2    -3    10
  70.73122 1.0     2    -3    11
  77.58447 1.0     2    -3    12
  84.83639 1.0     2    -3    13
  83.39637 1.0     2    -2   -13
  76.11346 1.0     2    -2   -12
  69.20656 1.0     2    -2   -11
  62.61289 1.0     2    -2   -10
  56.28929 1.0     2    -2    -9
  50.20818 1.0     2    -2    -8
  44.35680 1.0     2    -2    -7
  38.73942 1.0     2    -2    -6
  33.38416 1.0     2    -2    -5
  28.35764 1.0     2    -2    -4
  23.79427 1.0     2    -2    -3
  19.94844 1.0     2    -2    -2
  17.25385 1.0     2    -2    -1
  16.26020 1.0     2    -2     0
  17.25385 1.0     2    -2     1
  19.94844 1.0     2    -2     2
  23.79427 1.0     2    -2     3
  28.35764 1.0     2    -2     4
  33.38416 1.0     2    -2     5
  38.73942 1.0     2    -2     6
  44.35680 1.0     2    -2     7
  50.20818 1.0     2    -2     8
  56.28929 1.0     2    -2     9
  62.61289 1.0     2    -2    10
  69.20656 1.0     2    -2    11
  76.11346 1.0     2    -2    12
  83.39637 1.0     2    -2    13
  90.28648 1.0     2    -1   -14
  82.53041 1.0     2    -1   -13
  75.22641 1.0     2    -1   -12
  68.28438 1.0     2    -1   -11
  61.64065 1.0     2    -1   -10
  55.24977 1.0     2    -1    -9
  49.08035 1.0     2    -1    -8
  43.11361 1.0     2    -1    -7
  37.34474 1.0     2    -1    -6
  31.78833 1.0     2    -1    -5
  26.49157 1.0     2    -1    -4
  21.56519 1.0     2    -1    -3
  17.25385 1.0     2    -1    -2
  14.06987 1.0     2    -1    -1
  12.83857 1.0     2    -1     0
  14.06987 1.0     2    -1     1
  17.25385 1.0     2    -1     2
  21.56519 1.0     2    -1     3
  26.49157 1.0     2    -1     4
  31.78833 1.0     2    -1     5
  37.34474 1.0     2    -1     6
  43.11361 1.0     2    -1     7
  49.08035 1.0     2    -1     8
  55.24977 1.0     2    -1     9
  61.64065 1.0     2    -1    10
  68.28438 1.0     2    -1    11
  75.22641 1.0     2    -1    12
  82.53041 1.0     2    -1    13
  90.28648 1.0     2    -1    14
  90.00000 1.0     2     0   -14
  82.24138 1.0     2     0   -13
  74.92994 1.0     2     0   -12
  67.97569 1.0     2     0   -11
  61.31460 1.0     2     0   -10
  54.90037 1.0     2     0    -9
  48.70013 1.0     2     0    -8
  42.69278 1.0     2     0    -7
  36.86990 1.0     2     0    -6
  31.24027 1.0     2     0    -5
  25.84193 1.0     2     0    -4
  20.77186 1.0     2     0    -3
  16.26020 1.0     2     0    -2
  12.83857 1.0     2     0    -1
  11.47834 1.0     2     0     0
  12.83857 1.0     2     0     1
  16.26020 1.0     2     0     2
  20.77186 1.0     2     0     3
  25.84193 1.0     2     0     4
  31.24027 1.0     2     0     5
  36.86990 1.0     2     0     6
  42.69278 1.0     2     0     7
  48.70013 1.0     2     0     8
  54.90037 1.0     2     0     9
  61.31460 1.0     2     0    10
  67.97569 1.0     2     0    11
  74.92994 1.0     2     0    12
  82.24138 1.0     2     0    13
  90.00000 1.0     2     0    14
  90.28648 1.0     2     1   -14
  82.53041 1.0     2     1   -13
  75.22641 1.0     2     1   -12
  68.28438 1.0     2     1   -11
  61.64065 1.0     2     1   -10
  55.24977 1.0     2     1    -9
  49.08035 1.0     2     1    -8
  43.11361 1.0     2     1    -7
  37.34474 1.0     2     1    -6
  31.78833 1.0     2     1    -5
  26.49157 1.0     2     1    -4
  21.56519 1.0     2     1    -3
  17.25385 1.0     2     1    -2
  14.06987 1.0     2     1    -1
  12.83857 1.0     2     1     0
  14.06987 1.0     2     1     1
  17.25385 1.0     2     1     2
  21.56519 1.0     2     1     3
  26.49157 1.0     2     1     4
  31.78833 1.0     2     1     5
  37.34474 1.0     2     1     6
  43.11361 1.0     2     1     7
  49.08035 1.0     2     1     8
  55.24977 1.0     2     1     9
  61.64065 1.0     2     1    10
  68.28438 1.0     2     1    11
  75.22641 1.0     2     1    12
  82.53041 1.0     2     1    13
  90.28648 1.0     2     1    14
  83.39637 1.0     2     2   -13
  76.11346 1.0     2     2   -12
  69.20656 1.0     2     2   -11
  62.61289 1.0     2     2   -10
  56.28929 1.0     2     2    -9
  50.20818 1.0     2     2    -8
  44.35680 1.0     2     2    -7
  38.73942 1.0     2     2    -6
  33.38416 1.0     2     2    -5
  28.35764 1.0     2     2    -4
  23.79427 1.0     2     2    -3
  19.94844 1.0     2     2    -2
  17.25385 1.0     2     2    -1
  16.26020 1.0     2     2     0
  17.25385 1.0     2     2     1
  19.94844 1.0     2     2     2
  23.79427 1.0     2     2     3
  28.35764 1.0     2     2     4
  33.38416 1.0     2     2     5
  38.73942 1.0     2     2     6
  44.35680 1.0     2     2     7
  50.20818 1.0     2     2     8
  56.28929 1.0     2     2     9
  62.61289 1.0     2     2    10
  69.20656 1.0     2     2    11
  76.11346 1.0     2     2    12
  83.39637 1.0     2     2    13
  84.83639 1.0     2     3   -13
  77.58447 1.0     2     3   -12
  70.73122 1.0     2     3   -11
  64.21471 1.0     2     3   -10
  57.99455 1.0     2     3    -9
  52.04808 1.0     2     3    -8
  46.36989 1.0     2     3    -7
  40.97463 1.0     2     3    -6
  35.90407 1.0     2     3    -5
  31.24027 1.0     2     3    -4
  27.12675 1.0     2     3    -3
  23.79427 1.0     2     3    -2
  21.56519 1.0     2     3    -1
  20.77186 1.0     2     3     0
  21.56519 1.0     2     3     1
  23.79427 1.0     2     3     2
  27.12675 1.0     2     3     3
  31.24027 1.0     2     3     4
  35.90407 1.0     2     3     5
  40.97463 1.0     2     3     6
  46.36989 1.0     2     3     7
  52.04808 1.0     2     3     8
  57.99455 1.0     2     3     9
  64.21471 1.0     2     3    10
  70.73122 1.0     2     3    11
  77.58447 1.0     2     3    12
  84.83639 1.0     2     3    13
  86.84714 1.0     2     4   -13
  79.63024 1.0     2     4   -12
  72.84246 1.0     2     4   -11
  66.42182 1.0     2     4   -10
  60.33025 1.0     2     4    -9
  54.54946 1.0     2     4    -8
  49.08035 1.0     2     4    -7
  43.94552 1.0     2     4    -6
  39.19497 1.0     2     4    -5
  34.91521 1.0     2     4    -4
  31.24027 1.0     2     4    -3
  28.35764 1.0     2     4    -2
  26.49157 1.0     2     4    -1
  25.84193 1.0     2     4     0
  26.49157 1.0     2     4     1
  28.35764 1.0     2     4     2
  31.24027 1.0     2     4     3
  34.91521 1.0     2     4     4
  39.19497 1.0     2     4     5
  43.94552 1.0     2     4     6
  49.08035 1.0     2     4     7
  54.54946 1.0     2     4     8
  60.33025 1.0     2     4     9
  66.42182 1.0     2     4    10
  72.84246 1.0     2     4    11
  79.63024 1.0     2     4    12
  86.84714 1.0     2     4    13
  89.42703 1.0     2     5   -13
  82.24138 1.0     2     5   -12
  75.52249 1.0     2     5   -11
  69.20656 1.0     2     5   -10
  63.25632 1.0     2     5    -9
  57.65609 1.0     2     5    -8
  52.41050 1.0     2     5    -7
  47.54585 1.0     2     5    -6
  43.11361 1.0     2     5    -5
  39.19497 1.0     2     5    -4
  35.90407 1.0     2     5    -3
  33.38416 1.0     2     5    -2
  31.78833 1.0     2     5    -1
  31.24027 1.0     2     5     0
  31.78833 1.0     2     5     1
  33.38416 1.0     2     5     2
  35.90407 1.0     2     5     3
  39.19497 1.0     2     5     4
  43.11361 1.0     2     5     5
  47.54585 1.0     2     5     6
  52.41050 1.0     2     5     7
  57.65609 1.0     2     5     8
  63.25632 1.0     2     5     9
  69.20656 1.0     2     5    10
  75.52249 1.0     2     5    11
  82.24138 1.0     2     5    12
  89.42703 1.0     2     5    13
  85.41143 1.0     2     6   -12
  78.75528 1.0     2     6   -11
  72.54240 1.0     2     6   -10
  66.73403 1.0     2     6    -9
  61.31460 1.0     2     6    -8
  56.28929 1.0     2     6    -7
  51.68387 1.0     2     6    -6
  47.54585 1.0     2     6    -5
  43.94552 1.0     2     6    -4
  40.97463 1.0     2     6    -3
  38.73942 1.0     2     6    -2
  37.34474 1.0     2     6    -1
  36.86990 1.0     2     6     0
  37.34474 1.0     2     6     1
  38.73942 1.0     2     6     2
  40.97463 1.0     2     6     3
  43.94552 1.0     2     6     4
  47.54585 1.0     2     6     5
  51.68387 1.0     2     6     6
  56.28929 1.0     2     6     7
  61.31460 1.0     2     6     8
  66.73403 1.0     2     6     9
  72.54240 1.0     2     6    10
  78.75528 1.0     2     6    11
  85.41143 1.0     2     6    12
  89.14053 1.0     2     7   -12
  82.53041 1.0     2     7   -11
  76.40838 1.0     2     7   -10
  70.73122 1.0     2     7    -9
  65.48068 1.0     2     7    -8
  60.65942 1.0     2     7    -7
  56.28929 1.0     2     7    -6
  52.41050 1.0     2     7    -5
  49.08035 1.0     2     7    -4
  46.36989 1.0     2     7    -3
  44.35680 1.0     2     7    -2
  43.11361 1.0     2     7    -1
  42.69278 1.0     2     7     0
  43.11361 1.0     2     7     1
  44.35680 1.0     2     7     2
  46.36989 1.0     2     7     3
  49.08035 1.0     2     7     4
  52.41050 1.0     2     7     5
  56.28929 1.0     2     7     6
  60.65942 1.0     2     7     7
  65.48068 1.0     2     7     8
  70.73122 1.0     2     7     9
  76.40838 1.0     2     7    10
  82.53041 1.0     2     7    11
  89.14053 1.0     2     7    12
  86.84714 1.0     2     8   -11
  80.79310 1.0     2     8   -10
  75.22641 1.0     2     8    -9
  70.12313 1.0     2     8    -8
  65.48068 1.0     2     8    -7
  61.31460 1.0     2     8    -6
  57.65609 1.0     2     8    -5
  54.54946 1.0     2     8    -4
  52.04808 1.0     2     8    -3
  50.20818 1.0     2     8    -2
  49.08035 1.0     2     8    -1
  48.70013 1.0     2     8     0
  49.08035 1.0     2     8     1
  50.20818 1.0     2     8     2
  52.04808 1.0     2     8     3
  54.54946 1.0     2     8     4
  57.65609 1.0     2     8     5
  61.31460 1.0     2     8     6
  65.48068 1.0     2     8     7
  70.12313 1.0     2     8     8
  75.22641 1.0     2     8     9
  80.79310 1.0     2     8    10
  86.84714 1.0     2     8    11
  85.69878 1.0     2     9   -10
  80.21218 1.0     2     9    -9
  75.22641 1.0     2     9    -8
  70.73122 1.0     2     9    -7
  66.73403 1.0     2     9    -6
  63.25632 1.0     2     9    -5
  60.33025 1.0     2     9    -4
  57.99455 1.0     2     9    -3
  56.28929 1.0     2     9    -2
  55.24977 1.0     2     9    -1
  54.90037 1.0     2     9     0
  55.24977 1.0     2     9     1
  56.28929 1.0     2     9     2
  57.99455 1.0     2     9     3
  60.33025 1.0     2     9     4
  63.25632 1.0     2     9     5
  66.73403 1.0     2     9     6
  70.73122 1.0     2     9     7
  75.22641 1.0     2     9     8
  80.21218 1.0     2     9     9
  85.69878 1.0     2     9    10
  85.69878 1.0     2    10    -9
  80.79310 1.0     2    10    -8
  76.40838 1.0     2    10    -7
  72.54240 1.0     2    10    -6
  69.20656 1.0     2    10    -5
  66.42182 1.0     2    10    -4
  64.21471 1.0     2    10    -3
  62.61289 1.0     2    10    -2
  61.64065 1.0     2    10    -1
  61.31460 1.0     2    10     0
  61.64065 1.0     2    10     1
  62.61289 1.0     2    10     2
  64.21471 1.0     2    10     3
  66.42182 1.0     2    10     4
  69.20656 1.0     2    10     5
  72.54240 1.0     2    10     6
  76.40838 1.0     2    10     7
  80.79310 1.0     2    10     8
  85.69878 1.0     2    10     9
  86.84714 1.0     2    11    -8
  82.53041 1.0     2    11    -7
  78.75528 1.0     2    11    -6
  75.52249 1.0     2    11    -5
  72.84246 1.0     2    11    -4
  70.73122 1.0     2    11    -3
  69.20656 1.0     2    11    -2
  68.28438 1.0     2    11    -1
  67.97569 1.0     2    11     0
  68.28438 1.0     2    11     1
  69.20656 1.0     2    11     2
  70.73122 1.0     2    11     3
  72.84246 1.0     2    11     4
  75.52249 1.0     2    11     5
  78.75528 1.0     2    11     6
  82.53041 1.0     2    11     7
  86.84714 1.0     2    11     8
  89.14053 1.0     2    12    -7
  85.41143 1.0     2    12    -6
  82.24138 1.0     2    12    -5
  79.63024 1.0     2    12    -4
  77.58447 1.0     2    12    -3
  76.11346 1.0     2    12    -2
  75.22641 1.0     2    12    -1
  74.92994 1.0     2    12     0
  75.22641 1.0     2    12     1
  76.11346 1.0     2    12     2
  77.58447 1.0     2    12     3
  79.63024 1.0     2    12     4
  82.24138 1.0     2    12     5
  85.41143 1.0     2    12     6
  89.14053 1.0     2    12     7
  89.42703 1.0     2    13    -5
  86.84714 1.0     2    13    -4
  84.83639 1.0     2    13    -3
  83.39637 1.0     2    13    -2
  82.53041 1.0     2    13    -1
  82.24138 1.0     2    13     0
  82.53041 1.0     2    13     1
  83.39637 1.0     2    13     2
  84.83639 1.0     2    13     3
  86.84714 1.0     2    13     4
  89.42703 1.0     2    13     5
  90.28648 1.0     2    14    -1
  90.00000 1.0     2    14     0
  90.28648 1.0     2    14     1
  88.28087 1.0     3   -13    -4
  86.27315 1.0     3   -13    -3
  84.83639 1.0     3   -13    -2
  83.97283 1.0     3   -13    -1
  83.68468 1.0     3   -13     0
  83.97283 1.0     3   -13     1
  84.83639 1.0     3   -13     2
  86.27315 1.0     3   -13     3
  88.28087 1.0     3   -13     4
  86.84714 1.0     3   -12    -6
  83.68468 1.0     3   -12    -5
  81.08320 1.0     3   -12    -4
  79.04722 1.0     3   -12    -3
  77.58447 1.0     3   -12    -2
  76.70293 1.0     3   -12    -1
  76.40838 1.0     3   -12     0
  76.70293 1.0     3   -12     1
  77.58447 1.0     3   -12     2
  79.04722 1.0     3   -12     3
  81.08320 1.0     3   -12     4
  83.68468 1.0     3   -12     5
  86.84714 1.0     3   -12     6
  88.28087 1.0     3   -11    -8
  83.97283 1.0     3   -11    -7
  80.21218 1.0     3   -11    -6
  76.99712 1.0     3   -11    -5
  74.33573 1.0     3   -11    -4
  72.24184 1.0     3   -11    -3
  70.73122 1.0     3   -11    -2
  69.81820 1.0     3   -11    -1
  69.51268 1.0     3   -11     0
  69.81820 1.0     3   -11     1
  70.73122 1.0     3   -11     2
  72.24184 1.0     3   -11     3
  74.33573 1.0     3   -11     4
  76.99712 1.0     3   -11     5
  80.21218 1.0     3   -11     6
  83.97283 1.0     3   -11     7
  88.28087 1.0     3   -11     8
  87.13402 1.0     3   -10    -9
  82.24138 1.0     3   -10    -8
  77.87765 1.0     3   -10    -7
  74.03799 1.0     3   -10    -6
  70.73122 1.0     3   -10    -5
  67.97569 1.0     3   -10    -4
  65.79517 1.0     3   -10    -3
  64.21471 1.0     3   -10    -2
  63.25632 1.0     3   -10    -1
  62.93507 1.0     3   -10     0
  63.25632 1.0     3   -10     1
  64.21471 1.0     3   -10     2
  65.79517 1.0     3   -10     3
  67.97569 1.0     3   -10     4
  70.73122 1.0     3   -10     5
  74.03799 1.0     3   -10     6
  77.87765 1.0     3   -10     7
  82.24138 1.0     3   -10     8
  87.13402 1.0     3   -10     9
  87.13402 1.0     3    -9   -10
  81.66272 1.0     3    -9    -9
  76.70293 1.0     3    -9    -8
  72.24184 1.0     3    -9    -7
  68.28438 1.0     3    -9    -6
  64.84934 1.0     3    -9    -5
  61.96570 1.0     3    -9    -4
  59.66865 1.0     3    -9    -3
  57.99455 1.0     3    -9    -2
  56.97534 1.0     3    -9    -1
  56.63299 1.0     3    -9     0
  56.97534 1.0     3    -9     1
  57.99455 1.0     3    -9     2
  59.66865 1.0     3    -9     3
  61.96570 1.0     3    -9     4
  64.84934 1.0     3    -9     5
  68.28438 1.0     3    -9     6
  72.24184 1.0     3    -9     7
  76.70293 1.0     3    -9     8
  81.66272 1.0     3    -9     9
  87.13402 1.0     3    -9    10
  88.28087 1.0     3    -8   -11
  82.24138 1.0     3    -8   -10
  76.70293 1.0     3    -8    -9
  71.63919 1.0     3    -8    -8
  67.04550 1.0     3    -8    -7
  62.93507 1.0     3    -8    -6
  59.33617 1.0     3    -8    -5
  56.28929 1.0     3    -8    -4
  53.84299 1.0     3    -8    -3
  52.04808 1.0     3    -8    -2
  50.94988 1.0     3    -8    -1
  50.58002 1.0     3    -8     0
  50.94988 1.0     3    -8     1
  52.04808 1.0     3    -8     2
  53.84299 1.0     3    -8     3
  56.28929 1.0     3    -8     4
  59.33617 1.0     3    -8     5
  62.93507 1.0     3    -8     6
  67.04550 1.0     3    -8     7
  71.63919 1.0     3    -8     8
  76.70293 1.0     3    -8     9
  82.24138 1.0     3    -8    10
  88.28087 1.0     3    -8    11
  83.97283 1.0     3    -7   -11
  77.87765 1.0     3    -7   -10
  72.24184 1.0     3    -7    -9
  67.04550 1.0     3    -7    -8
  62.28978 1.0     3    -7    -7
  57.99455 1.0     3    -7    -6
  54.19701 1.0     3    -7    -5
  50.94988 1.0     3    -7    -4
  48.31767 1.0     3    -7    -3
  46.36989 1.0     3    -7    -2
  45.17046 1.0     3    -7    -1
  44.76508 1.0     3    -7     0
  45.17046 1.0     3    -7     1
  46.36989 1.0     3    -7     2
  48.31767 1.0     3    -7     3
  50.94988 1.0     3    -7     4
  54.19701 1.0     3    -7     5
  57.99455 1.0     3    -7     6
  62.28978 1.0     3    -7     7
  67.04550 1.0     3    -7     8
  72.24184 1.0     3    -7     9
  77.87765 1.0     3    -7    10
  83.97283 1.0     3    -7    11
  86.84714 1.0     3    -6   -12
  80.21218 1.0     3    -6   -11
  74.03799 1.0     3    -6   -10
  68.28438 1.0     3    -6    -9
  62.93507 1.0     3    -6    -8
  57.99455 1.0     3    -6    -7
  53.48737 1.0     3    -6    -6
  49.45840 1.0     3    -6    -5
  45.97278 1.0     3    -6    -4
  43.11361 1.0     3    -6    -3
  40.97463 1.0     3    -6    -2
  39.64611 1.0     3    -6    -1
  39.19497 1.0     3    -6     0
  39.64611 1.0     3    -6     1
  40.97463 1.0     3    -6     2
  43.11361 1.0     3    -6     3
  45.97278 1.0     3    -6     4
  49.45840 1.0     3    -6     5
  53.48737 1.0     3    -6     6
  57.99455 1.0     3    -6     7
  62.93507 1.0     3    -6     8
  68.28438 1.0     3    -6     9
  74.03799 1.0     3    -6    10
  80.21218 1.0     3    -6    11
  86.84714 1.0     3    -6    12
  83.68468 1.0     3    -5   -12
  76.99712 1.0     3    -5   -11
  70.73122 1.0     3    -5   -10
  64.84934 1.0     3    -5    -9
  59.33617 1.0     3    -5    -8
  54.19701 1.0     3    -5    -7
  49.45840 1.0     3    -5    -6
  45.17046 1.0     3    -5    -5
  41.40962 1.0     3    -5    -4
  38.27932 1.0     3    -5    -3
  35.90407 1.0     3    -5    -2
  34.41151 1.0     3    -5    -1
  33.90126 1.0     3    -5     0
  34.41151 1.0     3    -5     1
  35.90407 1.0     3    -5     2
  38.27932 1.0     3    -5     3
  41.40962 1.0     3    -5     4
  45.17046 1.0     3    -5     5
  49.45840 1.0     3    -5     6
  54.19701 1.0     3    -5     7
  59.33617 1.0     3    -5     8
  64.84934 1.0     3    -5     9
  70.73122 1.0     3    -5    10
  76.99712 1.0     3    -5    11
  83.68468 1.0     3    -5    12
  88.28087 1.0     3    -4   -13
  81.08320 1.0     3    -4   -12
  74.33573 1.0     3    -4   -11
  67.97569 1.0     3    -4   -10
  61.96570 1.0     3    -4    -9
  56.28929 1.0     3    -4    -8
  50.94988 1.0     3    -4    -7
  45.97278 1.0     3    -4    -6
  41.40962 1.0     3    -4    -5
  37.34474 1.0     3    -4    -4
  33.90126 1.0     3    -4    -3
  31.24027 1.0     3    -4    -2
  29.54136 1.0     3    -4    -1
  28.95502 1.0     3    -4     0
  29.54136 1.0     3    -4     1
  31.24027 1.0     3    -4     2
  33.90126 1.0     3    -4     3
  37.34474 1.0     3    -4     4
  41.40962 1.0     3    -4     5
  45.97278 1.0     3    -4     6
  50.94988 1.0     3    -4     7
  56.28929 1.0     3    -4     8
  61.96570 1.0     3    -4     9
  67.97569 1.0     3    -4    10
  74.33573 1.0     3    -4    11
  81.08320 1.0     3    -4    12
  88.28087 1.0     3    -4    13
  86.27315 1.0     3    -3   -13
  79.04722 1.0     3    -3   -12
  72.24184 1.0     3    -3   -11
  65.79517 1.0     3    -3   -10
  59.66865 1.0     3    -3    -9
  53.84299 1.0     3    -3    -8
  48.31767 1.0     3    -3    -7
  43.11361 1.0     3    -3    -6
  38.27932 1.0     3    -3    -5
  33.90126 1.0     3    -3    -4
  30.11729 1.0     3    -3    -3
  27.12675 1.0     3    -3    -2
  25.17672 1.0     3    -3    -1
  24.49465 1.0     3    -3     0
  25.17672 1.0     3    -3     1
  27.12675 1.0     3    -3     2
  30.11729 1.0     3    -3     3
  33.90126 1.0     3    -3     4
  38.27932 1.0     3    -3     5
  43.11361 1.0     3    -3     6
  48.31767 1.0     3    -3     7
  53.84299 1.0     3    -3     8
  59.66865 1.0     3    -3     9
  65.79517 1.0     3    -3    10
  72.24184 1.0     3    -3    11
  79.04722 1.0     3    -3    12
  86.27315 1.0     3    -3    13
  84.83639 1.0     3    -2   -13
  77.58447 1.0     3    -2   -12
  70.73122 1.0     3    -2   -11
  64.21471 1.0     3    -2   -10
  57.99455 1.0     3    -2    -9
  52.04808 1.0     3    -2    -8
  46.36989 1.0     3    -2    -7
  40.97463 1.0     3    -2    -6
  35.90407 1.0     3    -2    -5
  31.24027 1.0     3    -2    -4
  27.12675 1.0     3    -2    -3
  23.79427 1.0     3    -2    -2
  21.56519 1.0     3    -2    -1
  20.77186 1.0     3    -2     0
  21.56519 1.0     3    -2     1
  23.79427 1.0     3    -2     2
  27.12675 1.0     3    -2     3
  31.24027 1.0     3    -2     4
  35.90407 1.0     3    -2     5
  40.97463 1.0     3    -2     6
  46.36989 1.0     3    -2     7
  52.04808 1.0     3    -2     8
  57.99455 1.0     3    -2     9
  64.21471 1.0     3    -2    10
  70.73122 1.0     3    -2    11
  77.58447 1.0     3    -2    12
  84.83639 1.0     3    -2    13
  83.97283 1.0     3    -1   -13
  76.70293 1.0     3    -1   -12
  69.81820 1.0     3    -1   -11
  63.25632 1.0     3    -1   -10
  56.97534 1.0     3    -1    -9
  50.94988 1.0     3    -1    -8
  45.17046 1.0     3    -1    -7
  39.64611 1.0     3    -1    -6
  34.41151 1.0     3    -1    -5
  29.54136 1.0     3    -1    -4
  25.17672 1.0     3    -1    -3
  21.56519 1.0     3    -1    -2
  19.09105 1.0     3    -1    -1
  18.19487 1.0     3    -1     0
  19.09105 1.0     3    -1     1
  21.56519 1.0     3    -1     2
  25.17672 1.0     3    -1     3
  29.54136 1.0     3    -1     4
  34.41151 1.0     3    -1     5
  39.64611 1.0     3    -1     6
  45.17046 1.0     3    -1     7
  50.94988 1.0     3    -1     8
  56.97534 1.0     3    -1     9
  63.25632 1.0     3    -1    10
  69.81820 1.0     3    -1    11
  76.70293 1.0     3    -1    12
  83.97283 1.0     3    -1    13
  83.68468 1.0     3     0   -13
  76.40838 1.0     3     0   -12
  69.51268 1.0     3     0   -11
  62.93507 1.0     3     0   -10
  56.63299 1.0     3     0    -9
  50.58002 1.0     3     0    -8
  44.76508 1.0     3     0    -7
  39.19497 1.0     3     0    -6
  33.90126 1.0     3     0    -5
  28.95502 1.0     3     0    -4
  24.49465 1.0     3     0    -3
  20.77186 1.0     3     0    -2
  18.19487 1.0     3     0    -1
  17.25385 1.0     3     0     0
  18.19487 1.0     3     0     1
  20.77186 1.0     3     0     2
  24.49465 1.0     3     0     3
  28.95502 1.0     3     0     4
  33.90126 1.0     3     0     5
  39.19497 1.0     3     0     6
  44.76508 1.0     3     0     7
  50.58002 1.0     3     0     8
  56.63299 1.0     3     0     9
  62.93507 1.0     3     0    10
  69.51268 1.0     3     0    11
  76.40838 1.0     3     0    12
  83.68468 1.0     3     0    13
  83.97283 1.0     3     1   -13
  76.70293 1.0     3     1   -12
  69.81820 1.0     3     1   -11
  63.25632 1.0     3     1   -10
  56.97534 1.0     3     1    -9
  50.94988 1.0     3     1    -8
  45.17046 1.0     3     1    -7
  39.64611 1.0     3     1    -6
  34.41151 1.0     3     1    -5
  29.54136 1.0     3     1    -4
  25.17672 1.0     3     1    -3
  21.56519 1.0     3     1    -2
  19.09105 1.0     3     1    -1
  18.19487 1.0     3     1     0
  19.09105 1.0     3     1     1
  21.56519 1.0     3     1     2
  25.17672 1.0     3     1     3
  29.54136 1.0     3     1     4
  34.41151 1.0     3     1     5
  39.64611 1.0     3     1     6
  45.17046 1.0     3     1     7
  50.94988 1.0     3     1     8
  56.97534 1.0     3     1     9
  63.25632 1.0     3     1    10
  69.81820 1.0     3     1    11
  76.70293 1.0     3     1    12
  83.97283 1.0     3     1    13
  84.83639 1.0     3     2   -13
  77.58447 1.0     3     2   -12
  70.73122 1.0     3     2   -11
  64.21471 1.0     3     2   -10
  57.99455 1.0     3     2    -9
  52.04808 1.0     3     2    -8
  46.36989 1.0     3     2    -7
  40.97463 1.0     3     2    -6
  35.90407 1.0     3     2    -5
  31.24027 1.0     3     2    -4
  27.12675 1.0     3     2    -3
  23.79427 1.0     3     2    -2
  21.56519 1.0     3     2    -1
  20.77186 1.0     3     2     0
  21.56519 1.0     3     2     1
  23.79427 1.0     3     2     2
  27.12675 1.0     3     2     3
  31.24027 1.0     3     2     4
  35.90407 1.0     3     2     5
  40.97463 1.0     3     2     6
  46.36989 1.0     3     2     7
  52.04808 1.0     3     2     8
  57.99455 1.0     3     2     9
  64.21471 1.0     3     2    10
  70.73122 1.0     3     2    11
  77.58447 1.0     3     2    12
  84.83639 1.0     3     2    13
  86.27315 1.0     3     3   -13
  79.04722 1.0     3     3   -12
  72.24184 1.0     3     3   -11
  65.79517 1.0     3     3   -10
  59.66865 1.0     3     3    -9
  53.84299 1.0     3     3    -8
  48.31767 1.0     3     3    -7
  43.11361 1.0     3     3    -6
  38.27932 1.0     3     3    -5
  33.90126 1.0     3     3    -4
  30.11729 1.0     3     3    -3
  27.12675 1.0     3     3    -2
  25.17672 1.0     3     3    -1
  24.49465 1.0     3     3     0
  25.17672 1.0     3     3     1
  27.12675 1.0     3     3     2
  30.11729 1.0     3     3     3
  33.90126 1.0     3     3     4
  38.27932 1.0     3     3     5
  43.11361 1.0     3     3     6
  48.31767 1.0     3     3     7
  53.84299 1.0     3     3     8
  59.66865 1.0     3     3     9
  65.79517 1.0     3     3    10
  72.24184 1.0     3     3    11
  79.04722 1.0     3     3    12
  86.27315 1.0     3     3    13
  88.28087 1.0     3     4   -13
  81.08320 1.0     3     4   -12
  74.33573 1.0     3     4   -11
  67.97569 1.0     3     4   -10
  61.96570 1.0     3     4    -9
  56.28929 1.0     3     4    -8
  50.94988 1.0     3     4    -7
  45.97278 1.0     3     4    -6
  41.40962 1.0     3     4    -5
  37.34474 1.0     3     4    -4
  33.90126 1.0     3     4    -3
  31.24027 1.0     3     4    -2
  29.54136 1.0     3     4    -1
  28.95502 1.0     3     4     0
  29.54136 1.0     3     4     1
  31.24027 1.0     3     4     2
  33.90126 1.0     3     4     3
  37.34474 1.0     3     4     4
  41.40962 1.0     3     4     5
  45.97278 1.0     3     4     6
  50.94988 1.0     3     4     7
  56.28929 1.0     3     4     8
  61.96570 1.0     3     4     9
  67.97569 1.0     3     4    10
  74.33573 1.0     3     4    11
  81.08320 1.0     3     4    12
  88.28087 1.0     3     4    13
  83.68468 1.0     3     5   -12
  76.99712 1.0     3     5   -11
  70.73122 1.0     3     5   -10
  64.84934 1.0     3     5    -9
  59.33617 1.0     3     5    -8
  54.19701 1.0     3     5    -7
  49.45840 1.0     3     5    -6
  45.17046 1.0     3     5    -5
  41.40962 1.0     3     5    -4
  38.27932 1.0     3     5    -3
  35.90407 1.0     3     5    -2
  34.41151 1.0     3     5    -1
  33.90126 1.0     3     5     0
  34.41151 1.0     3     5     1
  35.90407 1.0     3     5     2
  38.27932 1.0     3     5     3
  41.40962 1.0     3     5     4
  45.17046 1.0     3     5     5
  49.45840 1.0     3     5     6
  54.19701 1.0     3     5     7
  59.33617 1.0     3     5     8
  64.84934 1.0     3     5     9
  70.73122 1.0     3     5    10
  76.99712 1.0     3     5    11
  83.68468 1.0     3     5    12
  86.84714 1.0     3     6   -12
  80.21218 1.0     3     6   -11
  74.03799 1.0     3     6   -10
  68.28438 1.0     3     6    -9
  62.93507 1.0     3     6    -8
  57.99455 1.0     3     6    -7
  53.48737 1.0     3     6    -6
  49.45840 1.0     3     6    -5
  45.97278 1.0     3     6    -4
  43.11361 1.0     3     6    -3
  40.97463 1.0     3     6    -2
  39.64611 1.0     3     6    -1
  39.19497 1.0     3     6     0
  39.64611 1.0     3     6     1
  40.97463 1.0     3     6     2
  43.11361 1.0     3     6     3
  45.97278 1.0     3     6     4
  49.45840 1.0     3     6     5
  53.48737 1.0     3     6     6
  57.99455 1.0     3     6     7
  62.93507 1.0     3     6     8
  68.28438 1.0     3     6     9
  74.03799 1.0     3     6    10
  80.21218 1.0     3     6    11
  86.84714 1.0     3     6    12
  83.97283 1.0     3     7   -11
  77.87765 1.0     3     7   -10
  72.24184 1.0     3     7    -9
  67.04550 1.0     3     7    -8
  62.28978 1.0     3     7    -7
  57.99455 1.0     3     7    -6
  54.19701 1.0     3     7    -5
  50.94988 1.0     3     7    -4
  48.31767 1.0     3     7    -3
  46.36989 1.0     3     7    -2
  45.17046 1.0     3     7    -1
  44.76508 1.0     3     7     0
  45.17046 1.0     3     7     1
  46.36989 1.0     3     7     2
  48.31767 1.0     3     7     3
  50.94988 1.0     3     7     4
  54.19701 1.0     3     7     5
  57.99455 1.0     3     7     6
  62.28978 1.0     3     7     7
  67.04550 1.0     3     7     8
  72.24184 1.0     3     7     9
  77.87765 1.0     3     7    10
  83.97283 1.0     3     7    11
  88.28087 1.0     3     8   -11
  82.24138 1.0     3     8   -10
  76.70293 1.0     3     8    -9
  71.63919 1.0     3     8    -8
  67.04550 1.0     3     8    -7
  62.93507 1.0     3     8    -6
  59.33617 1.0     3     8    -5
  56.28929 1.0     3     8    -4
  53.84299 1.0     3     8    -3
  52.04808 1.0     3     8    -2
  50.94988 1.0     3     8    -1
  50.58002 1.0     3     8     0
  50.94988 1.0     3     8     1
  52.04808 1.0     3     8     2
  53.84299 1.0     3     8     3
  56.28929 1.0     3     8     4
  59.33617 1.0     3     8     5
  62.93507 1.0     3     8     6
  67.04550 1.0     3     8     7
  71.63919 1.0     3     8     8
  76.70293 1.0     3     8     9
  82.24138 1.0     3     8    10
  88.28087 1.0     3     8    11
  87.13402 1.0     3     9   -10
  81.66272 1.0     3     9    -9
  76.70293 1.0     3     9    -8
  72.24184 1.0     3     9    -7
  68.28438 1.0     3     9    -6
  64.84934 1.0     3     9    -5
  61.96570 1.0     3     9    -4
  59.66865 1.0     3     9    -3
  57.99455 1.0     3     9    -2
  56.97534 1.0     3     9    -1
  56.63299 1.0     3     9     0
  56.97534 1.0     3     9     1
  57.99455 1.0     3     9     2
  59.66865 1.0     3     9     3
  61.96570 1.0     3     9     4
  64.84934 1.0     3     9     5
  68.28438 1.0     3     9     6
  72.24184 1.0     3     9     7
  76.70293 1.0     3     9     8
  81.66272 1.0     3     9     9
  87.13402 1.0     3     9    10
  87.13402 1.0     3    10    -9
  82.24138 1.0     3    10    -8
  77.87765 1.0     3    10    -7
  74.03799 1.0     3    10    -6
  70.73122 1.0     3    10    -5
  67.97569 1.0     3    10    -4
  65.79517 1.0     3    10    -3
  64.21471 1.0     3    10    -2
  63.25632 1.0     3    10    -1
  62.93507 1.0     3    10     0
  63.25632 1.0     3    10     1
  64.21471 1.0     3    10     2
  65.79517 1.0     3    10     3
  67.97569 1.0     3    10     4
  70.73122 1.0     3    10     5
  74.03799 1.0     3    10     6
  77.87765 1.0     3    10     7
  82.24138 1.0     3    10     8
  87.13402 1.0     3    10     9
  88.28087 1.0     3    11    -8
  83.97283 1.0     3    11    -7
  80.21218 1.0     3    11    -6
  76.99712 1.0     3    11    -5
  74.33573 1.0     3    11    -4
  72.24184 1.0     3    11    -3
  70.73122 1.0     3    11    -2
  69.81820 1.0     3    11    -1
  69.51268 1.0     3    11     0
  69.81820 1.0     3    11     1
  70.73122 1.0     3    11     2
  72.24184 1.0     3    11     3
  74.33573 1.0     3    11     4
  76.99712 1.0     3    11     5
  80.21218 1.0     3    11     6
  83.97283 1.0     3    11     7
  88.28087 1.0     3    11     8
  86.84714 1.0     3    12    -6
  83.68468 1.0     3    12    -5
  81.08320 1.0     3    12    -4
  79.04722 1.0     3    12    -3
  77.58447 1.0     3    12    -2
  76.70293 1.0     3    12    -1
  76.40838 1.0     3    12     0
  76.70293 1.0     3    12     1
  77.58447 1.0     3    12     2
  79.04722 1.0     3    12     3
  81.08320 1.0     3    12     4
  83.68468 1.0     3    12     5
  86.84714 1.0     3    12     6
  88.28087 1.0     3    13    -4
  86.27315 1.0     3    13    -3
  84.83639 1.0     3    13    -2
  83.97283 1.0     3    13    -1
  83.68468 1.0     3    13     0
  83.97283 1.0     3    13     1
  84.83639 1.0     3    13     2
  86.27315 1.0     3    13     3
  88.28087 1.0     3    13     4
  90.28648 1.0     4   -13    -4
  88.28087 1.0     4   -13    -3
  86.84714 1.0     4   -13    -2
  85.98601 1.0     4   -13    -1
  85.69878 1.0     4   -13     0
  85.98601 1.0     4   -13     1
  86.84714 1.0     4   -13     2
  88.28087 1.0     4   -13     3
  90.28648 1.0     4   -13     4
  88.85401 1.0     4   -12    -6
  85.69878 1.0     4   -12    -5
  83.10790 1.0     4   -12    -4
  81.08320 1.0     4   -12    -3
  79.63024 1.0     4   -12    -2
  78.75528 1.0     4   -12    -1
  78.46304 1.0     4   -12     0
  78.75528 1.0     4   -12     1
  79.63024 1.0     4   -12     2
  81.08320 1.0     4   -12     3
  83.10790 1.0     4   -12     4
  85.69878 1.0     4   -12     5
  88.85401 1.0     4   -12     6
  90.28648 1.0     4   -11    -8
  85.98601 1.0     4   -11    -7
  82.24138 1.0     4   -11    -6
  79.04722 1.0     4   -11    -5
  76.40838 1.0     4   -11    -4
  74.33573 1.0     4   -11    -3
  72.84246 1.0     4   -11    -2
  71.94077 1.0     4   -11    -1
  71.63919 1.0     4   -11     0
  71.94077 1.0     4   -11     1
  72.84246 1.0     4   -11     2
  74.33573 1.0     4   -11     3
  76.40838 1.0     4   -11     4
  79.04722 1.0     4   -11     5
  82.24138 1.0     4   -11     6
  85.98601 1.0     4   -11     7
  90.28648 1.0     4   -11     8
  89.14053 1.0     4   -10    -9
  84.26083 1.0     4   -10    -8
  79.92134 1.0     4   -10    -7
  76.11346 1.0     4   -10    -6
  72.84246 1.0     4   -10    -5
  70.12313 1.0     4   -10    -4
  67.97569 1.0     4   -10    -3
  66.42182 1.0     4   -10    -2
  65.48068 1.0     4   -10    -1
  65.16541 1.0     4   -10     0
  65.48068 1.0     4   -10     1
  66.42182 1.0     4   -10     2
  67.97569 1.0     4   -10     3
  70.12313 1.0     4   -10     4
  72.84246 1.0     4   -10     5
  76.11346 1.0     4   -10     6
  79.92134 1.0     4   -10     7
  84.26083 1.0     4   -10     8
  89.14053 1.0     4   -10     9
  89.14053 1.0     4    -9   -10
  83.68468 1.0     4    -9    -9
  78.75528 1.0     4    -9    -8
  74.33573 1.0     4    -9    -7
  70.42746 1.0     4    -9    -6
  67.04550 1.0     4    -9    -5
  64.21471 1.0     4    -9    -4
  61.96570 1.0     4    -9    -3
  60.33025 1.0     4    -9    -2
  59.33617 1.0     4    -9    -1
  59.00255 1.0     4    -9     0
  59.33617 1.0     4    -9     1
  60.33025 1.0     4    -9     2
  61.96570 1.0     4    -9     3
  64.21471 1.0     4    -9     4
  67.04550 1.0     4    -9     5
  70.42746 1.0     4    -9     6
  74.33573 1.0     4    -9     7
  78.75528 1.0     4    -9     8
  83.68468 1.0     4    -9     9
  89.14053 1.0     4    -9    10
  90.28648 1.0     4    -8   -11
  84.26083 1.0     4    -8   -10
  78.75528 1.0     4    -8    -9
  73.73980 1.0     4    -8    -8
  69.20656 1.0     4    -8    -7
  65.16541 1.0     4    -8    -6
  61.64065 1.0     4    -8    -5
  58.66775 1.0     4    -8    -4
  56.28929 1.0     4    -8    -3
  54.54946 1.0     4    -8    -2
  53.48737 1.0     4    -8    -1
  53.13010 1.0     4    -8     0
  53.48737 1.0     4    -8     1
  54.54946 1.0     4    -8     2
  56.28929 1.0     4    -8     3
  58.66775 1.0     4    -8     4
  61.64065 1.0     4    -8     5
  65.16541 1.0     4    -8     6
  69.20656 1.0     4    -8     7
  73.73980 1.0     4    -8     8
  78.75528 1.0     4    -8     9
  84.26083 1.0     4    -8    10
  90.28648 1.0     4    -8    11
  85.98601 1.0     4    -7   -11
  79.92134 1.0     4    -7   -10
  74.33573 1.0     4    -7    -9
  69.20656 1.0     4    -7    -8
  64.53244 1.0     4    -7    -7
  60.33025 1.0     4    -7    -6
  56.63299 1.0     4    -7    -5
  53.48737 1.0     4    -7    -4
  50.94988 1.0     4    -7    -3
  49.08035 1.0     4    -7    -2
  47.93294 1.0     4    -7    -1
  47.54585 1.0     4    -7     0
  47.93294 1.0     4    -7     1
  49.08035 1.0     4    -7     2
  50.94988 1.0     4    -7     3
  53.48737 1.0     4    -7     4
  56.63299 1.0     4    -7     5
  60.33025 1.0     4    -7     6
  64.53244 1.0     4    -7     7
  69.20656 1.0     4    -7     8
  74.33573 1.0     4    -7     9
  79.92134 1.0     4    -7    10
  85.98601 1.0     4    -7    11
  88.85401 1.0     4    -6   -12
  82.24138 1.0     4    -6   -11
  76.11346 1.0     4    -6   -10
  70.42746 1.0     4    -6    -9
  65.16541 1.0     4    -6    -8
  60.33025 1.0     4    -6    -7
  55.94420 1.0     4    -6    -6
  52.04808 1.0     4    -6    -5
  48.70013 1.0     4    -6    -4
  45.97278 1.0     4    -6    -3
  43.94552 1.0     4    -6    -2
  42.69278 1.0     4    -6    -1
  42.26858 1.0     4    -6     0
  42.69278 1.0     4    -6     1
  43.94552 1.0     4    -6     2
  45.97278 1.0     4    -6     3
  48.70013 1.0     4    -6     4
  52.04808 1.0     4    -6     5
  55.94420 1.0     4    -6     6
  60.33025 1.0     4    -6     7
  65.16541 1.0     4    -6     8
  70.42746 1.0     4    -6     9
  76.11346 1.0     4    -6    10
  82.24138 1.0     4    -6    11
  88.85401 1.0     4    -6    12
  85.69878 1.0     4    -5   -12
  79.04722 1.0     4    -5   -11
  72.84246 1.0     4    -5   -10
  67.04550 1.0     4    -5    -9
  61.64065 1.0     4    -5    -8
  56.63299 1.0     4    -5    -7
  52.04808 1.0     4    -5    -6
  47.93294 1.0     4    -5    -5
  44.35680 1.0     4    -5    -4
  41.40962 1.0     4    -5    -3
  39.19497 1.0     4    -5    -2
  37.81449 1.0     4    -5    -1
  37.34474 1.0     4    -5     0
  37.81449 1.0     4    -5     1
  39.19497 1.0     4    -5     2
  41.40962 1.0     4    -5     3
  44.35680 1.0     4    -5     4
  47.93294 1.0     4    -5     5
  52.04808 1.0     4    -5     6
  56.63299 1.0     4    -5     7
  61.64065 1.0     4    -5     8
  67.04550 1.0     4    -5     9
  72.84246 1.0     4    -5    10
  79.04722 1.0     4    -5    11
  85.69878 1.0     4    -5    12
  90.28648 1.0     4    -4   -13
  83.10790 1.0     4    -4   -12
  76.40838 1.0     4    -4   -11
  70.12313 1.0     4    -4   -10
  64.21471 1.0     4    -4    -9
  58.66775 1.0     4    -4    -8
  53.48737 1.0     4    -4    -7
  48.70013 1.0     4    -4    -6
  44.35680 1.0     4    -4    -5
  40.53580 1.0     4    -4    -4
  37.34474 1.0     4    -4    -3
  34.91521 1.0     4    -4    -2
  33.38416 1.0     4    -4    -1
  32.85988 1.0     4    -4     0
  33.38416 1.0     4    -4     1
  34.91521 1.0     4    -4     2
  37.34474 1.0     4    -4     3
  40.53580 1.0     4    -4     4
  44.35680 1.0     4    -4     5
  48.70013 1.0     4    -4     6
  53.48737 1.0     4    -4     7
  58.66775 1.0     4    -4     8
  64.21471 1.0     4    -4     9
  70.12313 1.0     4    -4    10
  76.40838 1.0     4    -4    11
  83.10790 1.0     4    -4    12
  90.28648 1.0     4    -4    13
  88.28087 1.0     4    -3   -13
  81.08320 1.0     4    -3   -12
  74.33573 1.0     4    -3   -11
  67.97569 1.0     4    -3   -10
  61.96570 1.0     4    -3    -9
  56.28929 1.0     4    -3    -8
  50.94988 1.0     4    -3    -7
  45.97278 1.0     4    -3    -6
  41.40962 1.0     4    -3    -5
  37.34474 1.0     4    -3    -4
  33.90126 1.0     4    -3    -3
  31.24027 1.0     4    -3    -2
  29.54136 1.0     4    -3    -1
  28.95502 1.0     4    -3     0
  29.54136 1.0     4    -3     1
  31.24027 1.0     4    -3     2
  33.90126 1.0     4    -3     3
  37.34474 1.0     4    -3     4
  41.40962 1.0     4    -3     5
  45.97278 1.0     4    -3     6
  50.94988 1.0     4    -3     7
  56.28929 1.0     4    -3     8
  61.96570 1.0     4    -3     9
  67.97569 1.0     4    -3    10
  74.33573 1.0     4    -3    11
  81.08320 1.0     4    -3    12
  88.28087 1.0     4    -3    13
  86.84714 1.0     4    -2   -13
  79.63024 1.0     4    -2   -12
  72.84246 1.0     4    -2   -11
  66.42182 1.0     4    -2   -10
  60.33025 1.0     4    -2    -9
  54.54946 1.0     4    -2    -8
  49.08035 1.0     4    -2    -7
  43.94552 1.0     4    -2    -6
  39.19497 1.0     4    -2    -5
  34.91521 1.0     4    -2    -4
  31.24027 1.0     4    -2    -3
  28.35764 1.0     4    -2    -2
  26.49157 1.0     4    -2    -1
  25.84193 1.0     4    -2     0
  26.49157 1.0     4    -2     1
  28.35764 1.0     4    -2     2
  31.24027 1.0     4    -2     3
  34.91521 1.0     4    -2     4
  39.19497 1.0     4    -2     5
  43.94552 1.0     4    -2     6
  49.08035 1.0     4    -2     7
  54.54946 1.0     4    -2     8
  60.33025 1.0     4    -2     9
  66.42182 1.0     4    -2    10
  72.84246 1.0     4    -2    11
  79.63024 1.0     4    -2    12
  86.84714 1.0     4    -2    13
  85.98601 1.0     4    -1   -13
  78.75528 1.0     4    -1   -12
  71.94077 1.0     4    -1   -11
  65.48068 1.0     4    -1   -10
  59.33617 1.0     4    -1    -9
  53.48737 1.0     4    -1    -8
  47.93294 1.0     4    -1    -7
  42.69278 1.0     4    -1    -6
  37.81449 1.0     4    -1    -5
  33.38416 1.0     4    -1    -4
  29.54136 1.0     4    -1    -3
  26.49157 1.0     4    -1    -2
  24.49465 1.0     4    -1    -1
  23.79427 1.0     4    -1     0
  24.49465 1.0     4    -1     1
  26.49157 1.0     4    -1     2
  29.54136 1.0     4    -1     3
  33.38416 1.0     4    -1     4
  37.81449 1.0     4    -1     5
  42.69278 1.0     4    -1     6
  47.93294 1.0     4    -1     7
  53.48737 1.0     4    -1     8
  59.33617 1.0     4    -1     9
  65.48068 1.0     4    -1    10
  71.94077 1.0     4    -1    11
  78.75528 1.0     4    -1    12
  85.98601 1.0     4    -1    13
  85.69878 1.0     4     0   -13
  78.46304 1.0     4     0   -12
  71.63919 1.0     4     0   -11
  65.16541 1.0     4     0   -10
  59.00255 1.0     4     0    -9
  53.13010 1.0     4     0    -8
  47.54585 1.0     4     0    -7
  42.26858 1.0     4     0    -6
  37.34474 1.0     4     0    -5
  32.85988 1.0     4     0    -4
  28.95502 1.0     4     0    -3
  25.84193 1.0     4     0    -2
  23.79427 1.0     4     0    -1
  23.07392 1.0     4     0     0
  23.79427 1.0     4     0     1
  25.84193 1.0     4     0     2
  28.95502 1.0     4     0     3
  32.85988 1.0     4     0     4
  37.34474 1.0     4     0     5
  42.26858 1.0     4     0     6
  47.54585 1.0     4     0     7
  53.13010 1.0     4     0     8
  59.00255 1.0     4     0     9
  65.16541 1.0     4     0    10
  71.63919 1.0     4     0    11
  78.46304 1.0     4     0    12
  85.69878 1.0     4     0    13
  85.98601 1.0     4     1   -13
  78.75528 1.0     4     1   -12
  71.94077 1.0     4     1   -11
  65.48068 1.0     4     1   -10
  59.33617 1.0     4     1    -9
  53.48737 1.0     4     1    -8
  47.93294 1.0     4     1    -7
  42.69278 1.0     4     1    -6
  37.81449 1.0     4     1    -5
  33.38416 1.0     4     1    -4
  29.54136 1.0     4     1    -3
  26.49157 1.0     4     1    -2
  24.49465 1.0     4     1    -1
  23.79427 1.0     4     1     0
  24.49465 1.0     4     1     1
  26.49157 1.0     4     1     2
  29.54136 1.0     4     1     3
  33.38416 1.0     4     1     4
  37.81449 1.0     4     1     5
  42.69278 1.0     4     1     6
  47.93294 1.0     4     1     7
  53.48737 1.0     4     1     8
  59.33617 1.0     4     1     9
  65.48068 1.0     4     1    10
  71.94077 1.0     4     1    11
  78.75528 1.0     4     1    12
  85.98601 1.0     4     1    13
  86.84714 1.0     4     2   -13
  79.63024 1.0     4     2   -12
  72.84246 1.0     4     2   -11
  66.42182 1.0     4     2   -10
  60.33025 1.0     4     2    -9
  54.54946 1.0     4     2    -8
  49.08035 1.0     4     2    -7
  43.94552 1.0     4     2    -6
  39.19497 1.0     4     2    -5
  34.91521 1.0     4     2    -4
  31.24027 1.0     4     2    -3
  28.35764 1.0     4     2    -2
  26.49157 1.0     4     2    -1
  25.84193 1.0     4     2     0
  26.49157 1.0     4     2     1
  28.35764 1.0     4     2     2
  31.24027 1.0     4     2     3
  34.91521 1.0     4     2     4
  39.19497 1.0     4     2     5
  43.94552 1.0     4     2     6
  49.08035 1.0     4     2     7
  54.54946 1.0     4     2     8
  60.33025 1.0     4     2     9
  66.42182 1.0     4     2    10
  72.84246 1.0     4     2    11
  79.63024 1.0     4     2    12
  86.84714 1.0     4     2    13
  88.28087 1.0     4     3   -13
  81.08320 1.0     4     3   -12
  74.33573 1.0     4     3   -11
  67.97569 1.0     4     3   -10
  61.96570 1.0     4     3    -9
  56.28929 1.0     4     3    -8
  50.94988 1.0     4     3    -7
  45.97278 1.0     4     3    -6
  41.40962 1.0     4     3    -5
  37.34474 1.0     4     3    -4
  33.90126 1.0     4     3    -3
  31.24027 1.0     4     3    -2
  29.54136 1.0     4     3    -1
  28.95502 1.0     4     3     0
  29.54136 1.0     4     3     1
  31.24027 1.0     4     3     2
  33.90126 1.0     4     3     3
  37.34474 1.0     4     3     4
  41.40962 1.0     4     3     5
  45.97278 1.0     4     3     6
  50.94988 1.0     4     3     7
  56.28929 1.0     4     3     8
  61.96570 1.0     4     3     9
  67.97569 1.0     4     3    10
  74.33573 1.0     4     3    11
  81.08320 1.0     4     3    12
  88.28087 1.0     4     3    13
  90.28648 1.0     4     4   -13
  83.10790 1.0     4     4   -12
  76.40838 1.0     4     4   -11
  70.12313 1.0     4     4   -10
  64.21471 1.0     4     4    -9
  58.66775 1.0     4     4    -8
  53.48737 1.0     4     4    -7
  48.70013 1.0     4     4    -6
  44.35680 1.0     4     4    -5
  40.53580 1.0     4     4    -4
  37.34474 1.0     4     4    -3
  34.91521 1.0     4     4    -2
  33.38416 1.0     4     4    -1
  32.85988 1.0     4     4     0
  33.38416 1.0     4     4     1
  34.91521 1.0     4     4     2
  37.34474 1.0     4     4     3
  40.53580 1.0     4     4     4
  44.35680 1.0     4     4     5
  48.70013 1.0     4     4     6
  53.48737 1.0     4     4     7
  58.66775 1.0     4     4     8
  64.21471 1.0     4     4     9
  70.12313 1.0     4     4    10
  76.40838 1.0     4     4    11
  83.10790 1.0     4     4    12
  90.28648 1.0     4     4    13
  85.69878 1.0     4     5   -12
  79.04722 1.0     4     5   -11
  72.84246 1.0     4     5   -10
  67.04550 1.0     4     5    -9
  61.64065 1.0     4     5    -8
  56.63299 1.0     4     5    -7
  52.04808 1.0     4     5    -6
  47.93294 1.0     4     5    -5
  44.35680 1.0     4     5    -4
  41.40962 1.0     4     5    -3
  39.19497 1.0     4     5    -2
  37.81449 1.0     4     5    -1
  37.34474 1.0     4     5     0
  37.81449 1.0     4     5     1
  39.19497 1.0     4     5     2
  41.40962 1.0     4     5     3
  44.35680 1.0     4     5     4
  47.93294 1.0     4     5     5
  52.04808 1.0     4     5     6
  56.63299 1.0     4     5     7
  61.64065 1.0     4     5     8
  67.04550 1.0     4     5     9
  72.84246 1.0     4     5    10
  79.04722 1.0     4     5    11
  85.69878 1.0     4     5    12
  88.85401 1.0     4     6   -12
  82.24138 1.0     4     6   -11
  76.11346 1.0     4     6   -10
  70.42746 1.0     4     6    -9
  65.16541 1.0     4     6    -8
  60.33025 1.0     4     6    -7
  55.94420 1.0     4     6    -6
  52.04808 1.0     4     6    -5
  48.70013 1.0     4     6    -4
  45.97278 1.0     4     6    -3
  43.94552 1.0     4     6    -2
  42.69278 1.0     4     6    -1
  42.26858 1.0     4     6     0
  42.69278 1.0     4     6     1
  43.94552 1.0     4     6     2
  45.97278 1.0     4     6     3
  48.70013 1.0     4     6     4
  52.04808 1.0     4     6     5
  55.94420 1.0     4     6     6
  60.33025 1.0     4     6     7
  65.16541 1.0     4     6     8
  70.42746 1.0     4     6     9
  76.11346 1.0     4     6    10
  82.24138 1.0     4     6    11
  88.85401 1.0     4     6    12
  85.98601 1.0     4     7   -11
  79.92134 1.0     4     7   -10
  74.33573 1.0     4     7    -9
  69.20656 1.0     4     7    -8
  64.53244 1.0     4     7    -7
  60.33025 1.0     4     7    -6
  56.63299 1.0     4     7    -5
  53.48737 1.0     4     7    -4
  50.94988 1.0     4     7    -3
  49.08035 1.0     4     7    -2
  47.93294 1.0     4     7    -1
  47.54585 1.0     4     7     0
  47.93294 1.0     4     7     1
  49.08035 1.0     4     7     2
  50.94988 1.0     4     7     3
  53.48737 1.0     4     7     4
  56.63299 1.0     4     7     5
  60.33025 1.0     4     7     6
  64.53244 1.0     4     7     7
  69.20656 1.0     4     7     8
  74.33573 1.0     4     7     9
  79.92134 1.0     4     7    10
  85.98601 1.0     4     7    11
  90.28648 1.0     4     8   -11
  84.26083 1.0     4     8   -10
  78.75528 1.0     4     8    -9
  73.73980 1.0     4     8    -8
  69.20656 1.0     4     8    -7
  65.16541 1.0     4     8    -6
  61.64065 1.0     4     8    -5
  58.66775 1.0     4     8    -4
  56.28929 1.0     4     8    -3
  54.54946 1.0     4     8    -2
  53.48737 1.0     4     8    -1
  53.13010 1.0     4     8     0
  53.48737 1.0     4     8     1
  54.54946 1.0     4     8     2
  56.28929 1.0     4     8     3
  58.66775 1.0     4     8     4
  61.64065 1.0     4     8     5
  65.16541 1.0     4     8     6
  69.20656 1.0     4     8     7
  73.73980 1.0     4     8     8
  78.75528 1.0     4     8     9
  84.26083 1.0     4     8    10
  90.28648 1.0     4     8    11
  89.14053 1.0     4     9   -10
  83.68468 1.0     4     9    -9
  78.75528 1.0     4     9    -8
  74.33573 1.0     4     9    -7
  70.42746 1.0     4     9    -6
  67.04550 1.0     4     9    -5
  64.21471 1.0     4     9    -4
  61.96570 1.0     4     9    -3
  60.33025 1.0     4     9    -2
  59.33617 1.0     4     9    -1
  59.00255 1.0     4     9     0
  59.33617 1.0     4     9     1
  60.33025 1.0     4     9     2
  61.96570 1.0     4     9     3
  64.21471 1.0     4     9     4
  67.04550 1.0     4     9     5
  70.42746 1.0     4     9     6
  74.33573 1.0     4     9     7
  78.75528 1.0     4     9     8
  83.68468 1.0     4     9     9
  89.14053 1.0     4     9    10
  89.14053 1.0     4    10    -9
  84.26083 1.0     4    10    -8
  79.92134 1.0     4    10    -7
  76.11346 1.0     4    10    -6
  72.84246 1.0     4    10    -5
  70.12313 1.0     4    10    -4
  67.97569 1.0     4    10    -3
  66.42182 1.0     4    10    -2
  65.48068 1.0     4    10    -1
  65.16541 1.0     4    10     0
  65.48068 1.0     4    10     1
  66.42182 1.0     4    10     2
  67.97569 1.0     4    10     3
  70.12313 1.0     4    10     4
  72.84246 1.0     4    10     5
  76.11346 1.0     4    10     6
  79.92134 1.0     4    10     7
  84.26083 1.0     4    10     8
  89.14053 1.0     4    10     9
  90.28648 1.0     4    11    -8
  85.98601 1.0     4    11    -7
  82.24138 1.0     4    11    -6
  79.04722 1.0     4    11    -5
  76.40838 1.0     4    11    -4
  74.33573 1.0     4    11    -3
  72.84246 1.0     4    11    -2
  71.94077 1.0     4    11    -1
  71.63919 1.0     4    11     0
  71.94077 1.0     4    11     1
  72.84246 1.0     4    11     2
  74.33573 1.0     4    11     3
  76.40838 1.0     4    11     4
  79.04722 1.0     4    11     5
  82.24138 1.0     4    11     6
  85.98601 1.0     4    11     7
  90.28648 1.0     4    11     8
  88.85401 1.0     4    12    -6
  85.69878 1.0     4    12    -5
  83.10790 1.0     4    12    -4
  81.08320 1.0     4    12    -3
  79.63024 1.0     4    12    -2
  78.75528 1.0     4    12    -1
  78.46304 1.0     4    12     0
  78.75528 1.0     4    12     1
  79.63024 1.0     4    12     2
  81.08320 1.0     4    12     3
  83.10790 1.0     4    12     4
  85.69878 1.0     4    12     5
  88.85401 1.0     4    12     6
  90.28648 1.0     4    13    -4
  88.28087 1.0     4    13    -3
  86.84714 1.0     4    13    -2
  85.98601 1.0     4    13    -1
  85.69878 1.0     4    13     0
  85.98601 1.0     4    13     1
  86.84714 1.0     4    13     2
  88.28087 1.0     4    13     3
  90.28648 1.0     4    13     4
  89.42703 1.0     5   -13    -2
  88.56746 1.0     5   -13    -1
  88.28087 1.0     5   -13     0
  88.56746 1.0     5   -13     1
  89.42703 1.0     5   -13     2
  88.28087 1.0     5   -12    -5
  85.69878 1.0     5   -12    -4
  83.68468 1.0     5   -12    -3
  82.24138 1.0     5   -12    -2
  81.37307 1.0     5   -12    -1
  81.08320 1.0     5   -12     0
  81.37307 1.0     5   -12     1
  82.24138 1.0     5   -12     2
  83.68468 1.0     5   -12     3
  85.69878 1.0     5   -12     4
  88.28087 1.0     5   -12     5
  88.56746 1.0     5   -11    -7
  84.83639 1.0     5   -11    -6
  81.66272 1.0     5   -11    -5
  79.04722 1.0     5   -11    -4
  76.99712 1.0     5   -11    -3
  75.52249 1.0     5   -11    -2
  74.63305 1.0     5   -11    -1
  74.33573 1.0     5   -11     0
  74.63305 1.0     5   -11     1
  75.52249 1.0     5   -11     2
  76.99712 1.0     5   -11     3
  79.04722 1.0     5   -11     4
  81.66272 1.0     5   -11     5
  84.83639 1.0     5   -11     6
  88.56746 1.0     5   -11     7
  86.84714 1.0     5   -10    -8
  82.53041 1.0     5   -10    -7
  78.75528 1.0     5   -10    -6
  75.52249 1.0     5   -10    -5
  72.84246 1.0     5   -10    -4
  70.73122 1.0     5   -10    -3
  69.20656 1.0     5   -10    -2
  68.28438 1.0     5   -10    -1
  67.97569 1.0     5   -10     0
  68.28438 1.0     5   -10     1
  69.20656 1.0     5   -10     2
  70.73122 1.0     5   -10     3
  72.84246 1.0     5   -10     4
  75.52249 1.0     5   -10     5
  78.75528 1.0     5   -10     6
  82.53041 1.0     5   -10     7
  86.84714 1.0     5   -10     8
  86.27315 1.0     5    -9    -9
  81.37307 1.0     5    -9    -8
  76.99712 1.0     5    -9    -7
  73.14204 1.0     5    -9    -6
  69.81820 1.0     5    -9    -5
  67.04550 1.0     5    -9    -4
  64.84934 1.0     5    -9    -3
  63.25632 1.0     5    -9    -2
  62.28978 1.0     5    -9    -1
  61.96570 1.0     5    -9     0
  62.28978 1.0     5    -9     1
  63.25632 1.0     5    -9     2
  64.84934 1.0     5    -9     3
  67.04550 1.0     5    -9     4
  69.81820 1.0     5    -9     5
  73.14204 1.0     5    -9     6
  76.99712 1.0     5    -9     7
  81.37307 1.0     5    -9     8
  86.27315 1.0     5    -9     9
  86.84714 1.0     5    -8   -10
  81.37307 1.0     5    -8    -9
  76.40838 1.0     5    -8    -8
  71.94077 1.0     5    -8    -7
  67.97569 1.0     5    -8    -6
  64.53244 1.0     5    -8    -5
  61.64065 1.0     5    -8    -4
  59.33617 1.0     5    -8    -3
  57.65609 1.0     5    -8    -2
  56.63299 1.0     5    -8    -1
  56.28929 1.0     5    -8     0
  56.63299 1.0     5    -8     1
  57.65609 1.0     5    -8     2
  59.33617 1.0     5    -8     3
  61.64065 1.0     5    -8     4
  64.53244 1.0     5    -8     5
  67.97569 1.0     5    -8     6
  71.94077 1.0     5    -8     7
  76.40838 1.0     5    -8     8
  81.37307 1.0     5    -8     9
  86.84714 1.0     5    -8    10
  88.56746 1.0     5    -7   -11
  82.53041 1.0     5    -7   -10
  76.99712 1.0     5    -7    -9
  71.94077 1.0     5    -7    -8
  67.35626 1.0     5    -7    -7
  63.25632 1.0     5    -7    -6
  59.66865 1.0     5    -7    -5
  56.63299 1.0     5    -7    -4
  54.19701 1.0     5    -7    -3
  52.41050 1.0     5    -7    -2
  51.31781 1.0     5    -7    -1
  50.94988 1.0     5    -7     0
  51.31781 1.0     5    -7     1
  52.41050 1.0     5    -7     2
  54.19701 1.0     5    -7     3
  56.63299 1.0     5    -7     4
  59.66865 1.0     5    -7     5
  63.25632 1.0     5    -7     6
  67.35626 1.0     5    -7     7
  71.94077 1.0     5    -7     8
  76.99712 1.0     5    -7     9
  82.53041 1.0     5    -7    10
  88.56746 1.0     5    -7    11
  84.83639 1.0     5    -6   -11
  78.75528 1.0     5    -6   -10
  73.14204 1.0     5    -6    -9
  67.97569 1.0     5    -6    -8
  63.25632 1.0     5    -6    -7
  59.00255 1.0     5    -6    -6
  55.24977 1.0     5    -6    -5
  52.04808 1.0     5    -6    -4
  49.45840 1.0     5    -6    -3
  47.54585 1.0     5    -6    -2
  46.36989 1.0     5    -6    -1
  45.97278 1.0     5    -6     0
  46.36989 1.0     5    -6     1
  47.54585 1.0     5    -6     2
  49.45840 1.0     5    -6     3
  52.04808 1.0     5    -6     4
  55.24977 1.0     5    -6     5
  59.00255 1.0     5    -6     6
  63.25632 1.0     5    -6     7
  67.97569 1.0     5    -6     8
  73.14204 1.0     5    -6     9
  78.75528 1.0     5    -6    10
  84.83639 1.0     5    -6    11
  88.28087 1.0     5    -5   -12
  81.66272 1.0     5    -5   -11
  75.52249 1.0     5    -5   -10
  69.81820 1.0     5    -5    -9
  64.53244 1.0     5    -5    -8
  59.66865 1.0     5    -5    -7
  55.24977 1.0     5    -5    -6
  51.31781 1.0     5    -5    -5
  47.93294 1.0     5    -5    -4
  45.17046 1.0     5    -5    -3
  43.11361 1.0     5    -5    -2
  41.84090 1.0     5    -5    -1
  41.40962 1.0     5    -5     0
  41.84090 1.0     5    -5     1
  43.11361 1.0     5    -5     2
  45.17046 1.0     5    -5     3
  47.93294 1.0     5    -5     4
  51.31781 1.0     5    -5     5
  55.24977 1.0     5    -5     6
  59.66865 1.0     5    -5     7
  64.53244 1.0     5    -5     8
  69.81820 1.0     5    -5     9
  75.52249 1.0     5    -5    10
  81.66272 1.0     5    -5    11
  88.28087 1.0     5    -5    12
  85.69878 1.0     5    -4   -12
  79.04722 1.0     5    -4   -11
  72.84246 1.0     5    -4   -10
  67.04550 1.0     5    -4    -9
  61.64065 1.0     5    -4    -8
  56.63299 1.0     5    -4    -7
  52.04808 1.0     5    -4    -6
  47.93294 1.0     5    -4    -5
  44.35680 1.0     5    -4    -4
  41.40962 1.0     5    -4    -3
  39.19497 1.0     5    -4    -2
  37.81449 1.0     5    -4    -1
  37.34474 1.0     5    -4     0
  37.81449 1.0     5    -4     1
  39.19497 1.0     5    -4     2
  41.40962 1.0     5    -4     3
  44.35680 1.0     5    -4     4
  47.93294 1.0     5    -4     5
  52.04808 1.0     5    -4     6
  56.63299 1.0     5    -4     7
  61.64065 1.0     5    -4     8
  67.04550 1.0     5    -4     9
  72.84246 1.0     5    -4    10
  79.04722 1.0     5    -4    11
  85.69878 1.0     5    -4    12
  83.68468 1.0     5    -3   -12
  76.99712 1.0     5    -3   -11
  70.73122 1.0     5    -3   -10
  64.84934 1.0     5    -3    -9
  59.33617 1.0     5    -3    -8
  54.19701 1.0     5    -3    -7
  49.45840 1.0     5    -3    -6
  45.17046 1.0     5    -3    -5
  41.40962 1.0     5    -3    -4
  38.27932 1.0     5    -3    -3
  35.90407 1.0     5    -3    -2
  34.41151 1.0     5    -3    -1
  33.90126 1.0     5    -3     0
  34.41151 1.0     5    -3     1
  35.90407 1.0     5    -3     2
  38.27932 1.0     5    -3     3
  41.40962 1.0     5    -3     4
  45.17046 1.0     5    -3     5
  49.45840 1.0     5    -3     6
  54.19701 1.0     5    -3     7
  59.33617 1.0     5    -3     8
  64.84934 1.0     5    -3     9
  70.73122 1.0     5    -3    10
  76.99712 1.0     5    -3    11
  83.68468 1.0     5    -3    12
  89.42703 1.0     5    -2   -13
  82.24138 1.0     5    -2   -12
  75.52249 1.0     5    -2   -11
  69.20656 1.0     5    -2   -10
  63.25632 1.0     5    -2    -9
  57.65609 1.0     5    -2    -8
  52.41050 1.0     5    -2    -7
  47.54585 1.0     5    -2    -6
  43.11361 1.0     5    -2    -5
  39.19497 1.0     5    -2    -4
  35.90407 1.0     5    -2    -3
  33.38416 1.0     5    -2    -2
  31.78833 1.0     5    -2    -1
  31.24027 1.0     5    -2     0
  31.78833 1.0     5    -2     1
  33.38416 1.0     5    -2     2
  35.90407 1.0     5    -2     3
  39.19497 1.0     5    -2     4
  43.11361 1.0     5    -2     5
  47.54585 1.0     5    -2     6
  52.41050 1.0     5    -2     7
  57.65609 1.0     5    -2     8
  63.25632 1.0     5    -2     9
  69.20656 1.0     5    -2    10
  75.52249 1.0     5    -2    11
  82.24138 1.0     5    -2    12
  89.42703 1.0     5    -2    13
  88.56746 1.0     5    -1   -13
  81.37307 1.0     5    -1   -12
  74.63305 1.0     5    -1   -11
  68.28438 1.0     5    -1   -10
  62.28978 1.0     5    -1    -9
  56.63299 1.0     5    -1    -8
  51.31781 1.0     5    -1    -7
  46.36989 1.0     5    -1    -6
  41.84090 1.0     5    -1    -5
  37.81449 1.0     5    -1    -4
  34.41151 1.0     5    -1    -3
  31.78833 1.0     5    -1    -2
  30.11729 1.0     5    -1    -1
  29.54136 1.0     5    -1     0
  30.11729 1.0     5    -1     1
  31.78833 1.0     5    -1     2
  34.41151 1.0     5    -1     3
  37.81449 1.0     5    -1     4
  41.84090 1.0     5    -1     5
  46.36989 1.0     5    -1     6
  51.31781 1.0     5    -1     7
  56.63299 1.0     5    -1     8
  62.28978 1.0     5    -1     9
  68.28438 1.0     5    -1    10
  74.63305 1.0     5    -1    11
  81.37307 1.0     5    -1    12
  88.56746 1.0     5    -1    13
  88.28087 1.0     5     0   -13
  81.08320 1.0     5     0   -12
  74.33573 1.0     5     0   -11
  67.97569 1.0     5     0   -10
  61.96570 1.0     5     0    -9
  56.28929 1.0     5     0    -8
  50.94988 1.0     5     0    -7
  45.97278 1.0     5     0    -6
  41.40962 1.0     5     0    -5
  37.34474 1.0     5     0    -4
  33.90126 1.0     5     0    -3
  31.24027 1.0     5     0    -2
  29.54136 1.0     5     0    -1
  28.95502 1.0     5     0     0
  29.54136 1.0     5     0     1
  31.24027 1.0     5     0     2
  33.90126 1.0     5     0     3
  37.34474 1.0     5     0     4
  41.40962 1.0     5     0     5
  45.97278 1.0     5     0     6
  50.94988 1.0     5     0     7
  56.28929 1.0     5     0     8
  61.96570 1.0     5     0     9
  67.97569 1.0     5     0    10
  74.33573 1.0     5     0    11
  81.08320 1.0     5     0    12
  88.28087 1.0     5     0    13
  88.56746 1.0     5     1   -13
  81.37307 1.0     5     1   -12
  74.63305 1.0     5     1   -11
  68.28438 1.0     5     1   -10
  62.28978 1.0     5     1    -9
  56.63299 1.0     5     1    -8
  51.31781 1.0     5     1    -7
  46.36989 1.0     5     1    -6
  41.84090 1.0     5     1    -5
  37.81449 1.0     5     1    -4
  34.41151 1.0     5     1    -3
  31.78833 1.0     5     1    -2
  30.11729 1.0     5     1    -1
  29.54136 1.0     5     1     0
  30.11729 1.0     5     1     1
  31.78833 1.0     5     1     2
  34.41151 1.0     5     1     3
  37.81449 1.0     5     1     4
  41.84090 1.0     5     1     5
  46.36989 1.0     5     1     6
  51.31781 1.0     5     1     7
  56.63299 1.0     5     1     8
  62.28978 1.0     5     1     9
  68.28438 1.0     5     1    10
  74.63305 1.0     5     1    11
  81.37307 1.0     5     1    12
  88.56746 1.0     5     1    13
  89.42703 1.0     5     2   -13
  82.24138 1.0     5     2   -12
  75.52249 1.0     5     2   -11
  69.20656 1.0     5     2   -10
  63.25632 1.0     5     2    -9
  57.65609 1.0     5     2    -8
  52.41050 1.0     5     2    -7
  47.54585 1.0     5     2    -6
  43.11361 1.0     5     2    -5
  39.19497 1.0     5     2    -4
  35.90407 1.0     5     2    -3
  33.38416 1.0     5     2    -2
  31.78833 1.0     5     2    -1
  31.24027 1.0     5     2     0
  31.78833 1.0     5     2     1
  33.38416 1.0     5     2     2
  35.90407 1.0     5     2     3
  39.19497 1.0     5     2     4
  43.11361 1.0     5     2     5
  47.54585 1.0     5     2     6
  52.41050 1.0     5     2     7
  57.65609 1.0     5     2     8
  63.25632 1.0     5     2     9
  69.20656 1.0     5     2    10
  75.52249 1.0     5     2    11
  82.24138 1.0     5     2    12
  89.42703 1.0     5     2    13
  83.68468 1.0     5     3   -12
  76.99712 1.0     5     3   -11
  70.73122 1.0     5     3   -10
  64.84934 1.0     5     3    -9
  59.33617 1.0     5     3    -8
  54.19701 1.0     5     3    -7
  49.45840 1.0     5     3    -6
  45.17046 1.0     5     3    -5
  41.40962 1.0     5     3    -4
  38.27932 1.0     5     3    -3
  35.90407 1.0     5     3    -2
  34.41151 1.0     5     3    -1
  33.90126 1.0     5     3     0
  34.41151 1.0     5     3     1
  35.90407 1.0     5     3     2
  38.27932 1.0     5     3     3
  41.40962 1.0     5     3     4
  45.17046 1.0     5     3     5
  49.45840 1.0     5     3     6
  54.19701 1.0     5     3     7
  59.33617 1.0     5     3     8
  64.84934 1.0     5     3     9
  70.73122 1.0     5     3    10
  76.99712 1.0     5     3    11
  83.68468 1.0     5     3    12
  85.69878 1.0     5     4   -12
  79.04722 1.0     5     4   -11
  72.84246 1.0     5     4   -10
  67.04550 1.0     5     4    -9
  61.64065 1.0     5     4    -8
  56.63299 1.0     5     4    -7
  52.04808 1.0     5     4    -6
  47.93294 1.0     5     4    -5
  44.35680 1.0     5     4    -4
  41.40962 1.0     5     4    -3
  39.19497 1.0     5     4    -2
  37.81449 1.0     5     4    -1
  37.34474 1.0     5     4     0
  37.81449 1.0     5     4     1
  39.19497 1.0     5     4     2
  41.40962 1.0     5     4     3
  44.35680 1.0     5     4     4
  47.93294 1.0     5     4     5
  52.04808 1.0     5     4     6
  56.63299 1.0     5     4     7
  61.64065 1.0     5     4     8
  67.04550 1.0     5     4     9
  72.84246 1.0     5     4    10
  79.04722 1.0     5     4    11
  85.69878 1.0     5     4    12
  88.28087 1.0     5     5   -12
  81.66272 1.0     5     5   -11
  75.52249 1.0     5     5   -10
  69.81820 1.0     5     5    -9
  64.53244 1.0     5     5    -8
  59.66865 1.0     5     5    -7
  55.24977 1.0     5     5    -6
  51.31781 1.0     5     5    -5
  47.93294 1.0     5     5    -4
  45.17046 1.0     5     5    -3
  43.11361 1.0     5     5    -2
  41.84090 1.0     5     5    -1
  41.40962 1.0     5     5     0
  41.84090 1.0     5     5     1
  43.11361 1.0     5     5     2
  45.17046 1.0     5     5     3
  47.93294 1.0     5     5     4
  51.31781 1.0     5     5     5
  55.24977 1.0     5     5     6
  59.66865 1.0     5     5     7
  64.53244 1.0     5     5     8
  69.81820 1.0     5     5     9
  75.52249 1.0     5     5    10
  81.66272 1.0     5     5    11
  88.28087 1.0     5     5    12
  84.83639 1.0     5     6   -11
  78.75528 1.0     5     6   -10
  73.14204 1.0     5     6    -9
  67.97569 1.0     5     6    -8
  63.25632 1.0     5     6    -7
  59.00255 1.0     5     6    -6
  55.24977 1.0     5     6    -5
  52.04808 1.0     5     6    -4
  49.45840 1.0     5     6    -3
  47.54585 1.0     5     6    -2
  46.36989 1.0     5     6    -1
  45.97278 1.0     5     6     0
  46.36989 1.0     5     6     1
  47.54585 1.0     5     6     2
  49.45840 1.0     5     6     3
  52.04808 1.0     5     6     4
  55.24977 1.0     5     6     5
  59.00255 1.0     5     6     6
  63.25632 1.0     5     6     7
  67.97569 1.0     5     6     8
  73.14204 1.0     5     6     9
  78.75528 1.0     5     6    10
  84.83639 1.0     5     6    11
  88.56746 1.0     5     7   -11
  82.53041 1.0     5     7   -10
  76.99712 1.0     5     7    -9
  71.94077 1.0     5     7    -8
  67.35626 1.0     5     7    -7
  63.25632 1.0     5     7    -6
  59.66865 1.0     5     7    -5
  56.63299 1.0     5     7    -4
  54.19701 1.0     5     7    -3
  52.41050 1.0     5     7    -2
  51.31781 1.0     5     7    -1
  50.94988 1.0     5     7     0
  51.31781 1.0     5     7     1
  52.41050 1.0     5     7     2
  54.19701 1.0     5     7     3
  56.63299 1.0     5     7     4
  59.66865 1.0     5     7     5
  63.25632 1.0     5     7     6
  67.35626 1.0     5     7     7
  71.94077 1.0     5     7     8
  76.99712 1.0     5     7     9
  82.53041 1.0     5     7    10
  88.56746 1.0     5     7    11
  86.84714 1.0     5     8   -10
  81.37307 1.0     5     8    -9
  76.40838 1.0     5     8    -8
  71.94077 1.0     5     8    -7
  67.97569 1.0     5     8    -6
  64.53244 1.0     5     8    -5
  61.64065 1.0     5     8    -4
  59.33617 1.0     5     8    -3
  57.65609 1.0     5     8    -2
  56.63299 1.0     5     8    -1
  56.28929 1.0     5     8     0
  56.63299 1.0     5     8     1
  57.65609 1.0     5     8     2
  59.33617 1.0     5     8     3
  61.64065 1.0     5     8     4
  64.53244 1.0     5     8     5
  67.97569 1.0     5     8     6
  71.94077 1.0     5     8     7
  76.40838 1.0     5     8     8
  81.37307 1.0     5     8     9
  86.84714 1.0     5     8    10
  86.27315 1.0     5     9    -9
  81.37307 1.0     5     9    -8
  76.99712 1.0     5     9    -7
  73.14204 1.0     5     9    -6
  69.81820 1.0     5     9    -5
  67.04550 1.0     5     9    -4
  64.84934 1.0     5     9    -3
  63.25632 1.0     5     9    -2
  62.28978 1.0     5     9    -1
  61.96570 1.0     5     9     0
  62.28978 1.0     5     9     1
  63.25632 1.0     5     9     2
  64.84934 1.0     5     9     3
  67.04550 1.0     5     9     4
  69.81820 1.0     5     9     5
  73.14204 1.0     5     9     6
  76.99712 1.0     5     9     7
  81.37307 1.0     5     9     8
  86.27315 1.0     5     9     9
  86.84714 1.0     5    10    -8
  82.53041 1.0     5    10    -7
  78.75528 1.0     5    10    -6
  75.52249 1.0     5    10    -5
  72.84246 1.0     5    10    -4
  70.73122 1.0     5    10    -3
  69.20656 1.0     5    10    -2
  68.28438 1.0     5    10    -1
  67.97569 1.0     5    10     0
  68.28438 1.0     5    10     1
  69.20656 1.0     5    10     2
  70.73122 1.0     5    10     3
  72.84246 1.0     5    10     4
  75.52249 1.0     5    10     5
  78.75528 1.0     5    10     6
  82.53041 1.0     5    10     7
  86.84714 1.0     5    10     8
  88.56746 1.0     5    11    -7
  84.83639 1.0     5    11    -6
  81.66272 1.0     5    11    -5
  79.04722 1.0     5    11    -4
  76.99712 1.0     5    11    -3
  75.52249 1.0     5    11    -2
  74.63305 1.0     5    11    -1
  74.33573 1.0     5    11     0
  74.63305 1.0     5    11     1
  75.52249 1.0     5    11     2
  76.99712 1.0     5    11     3
  79.04722 1.0     5    11     4
  81.66272 1.0     5    11     5
  84.83639 1.0     5    11     6
  88.56746 1.0     5    11     7
  88.28087 1.0     5    12    -5
  85.69878 1.0     5    12    -4
  83.68468 1.0     5    12    -3
  82.24138 1.0     5    12    -2
  81.37307 1.0     5    12    -1
  81.08320 1.0     5    12     0
  81.37307 1.0     5    12     1
  82.24138 1.0     5    12     2
  83.68468 1.0     5    12     3
  85.69878 1.0     5    12     4
  88.28087 1.0     5    12     5
  89.42703 1.0     5    13    -2
  88.56746 1.0     5    13    -1
  88.28087 1.0     5    13     0
  88.56746 1.0     5    13     1
  89.42703 1.0     5    13     2
  88.85401 1.0     6   -12    -4
  86.84714 1.0     6   -12    -3
  85.41143 1.0     6   -12    -2
  84.54868 1.0     6   -12    -1
  84.26083 1.0     6   -12     0
  84.54868 1.0     6   -12     1
  85.41143 1.0     6   -12     2
  86.84714 1.0     6   -12     3
  88.85401 1.0     6   -12     4
  87.99424 1.0     6   -11    -6
  84.83639 1.0     6   -11    -5
  82.24138 1.0     6   -11    -4
  80.21218 1.0     6   -11    -3
  78.75528 1.0     6   -11    -2
  77.87765 1.0     6   -11    -1
  77.58447 1.0     6   -11     0
  77.87765 1.0     6   -11     1
  78.75528 1.0     6   -11     2
  80.21218 1.0     6   -11     3
  82.24138 1.0     6   -11     4
  84.83639 1.0     6   -11     5
  87.99424 1.0     6   -11     6
  90.00000 1.0     6   -10    -8
  85.69878 1.0     6   -10    -7
  81.95215 1.0     6   -10    -6
  78.75528 1.0     6   -10    -5
  76.11346 1.0     6   -10    -4
  74.03799 1.0     6   -10    -3
  72.54240 1.0     6   -10    -2
  71.63919 1.0     6   -10    -1
  71.33708 1.0     6   -10     0
  71.63919 1.0     6   -10     1
  72.54240 1.0     6   -10     2
  74.03799 1.0     6   -10     3
  76.11346 1.0     6   -10     4
  78.75528 1.0     6   -10     5
  81.95215 1.0     6   -10     6
  85.69878 1.0     6   -10     7
  90.00000 1.0     6   -10     8
  89.42703 1.0     6    -9    -9
  84.54868 1.0     6    -9    -8
  80.21218 1.0     6    -9    -7
  76.40838 1.0     6    -9    -6
  73.14204 1.0     6    -9    -5
  70.42746 1.0     6    -9    -4
  68.28438 1.0     6    -9    -3
  66.73403 1.0     6    -9    -2
  65.79517 1.0     6    -9    -1
  65.48068 1.0     6    -9     0
  65.79517 1.0     6    -9     1
  66.73403 1.0     6    -9     2
  68.28438 1.0     6    -9     3
  70.42746 1.0     6    -9     4
  73.14204 1.0     6    -9     5
  76.40838 1.0     6    -9     6
  80.21218 1.0     6    -9     7
  84.54868 1.0     6    -9     8
  89.42703 1.0     6    -9     9
  90.00000 1.0     6    -8   -10
  84.54868 1.0     6    -8    -9
  79.63024 1.0     6    -8    -8
  75.22641 1.0     6    -8    -7
  71.33708 1.0     6    -8    -6
  67.97569 1.0     6    -8    -5
  65.16541 1.0     6    -8    -4
  62.93507 1.0     6    -8    -3
  61.31460 1.0     6    -8    -2
  60.33025 1.0     6    -8    -1
  60.00000 1.0     6    -8     0
  60.33025 1.0     6    -8     1
  61.31460 1.0     6    -8     2
  62.93507 1.0     6    -8     3
  65.16541 1.0     6    -8     4
  67.97569 1.0     6    -8     5
  71.33708 1.0     6    -8     6
  75.22641 1.0     6    -8     7
  79.63024 1.0     6    -8     8
  84.54868 1.0     6    -8     9
  90.00000 1.0     6    -8    10
  85.69878 1.0     6    -7   -10
  80.21218 1.0     6    -7    -9
  75.22641 1.0     6    -7    -8
  70.73122 1.0     6    -7    -7
  66.73403 1.0     6    -7    -6
  63.25632 1.0     6    -7    -5
  60.33025 1.0     6    -7    -4
  57.99455 1.0     6    -7    -3
  56.28929 1.0     6    -7    -2
  55.24977 1.0     6    -7    -1
  54.90037 1.0     6    -7     0
  55.24977 1.0     6    -7     1
  56.28929 1.0     6    -7     2
  57.99455 1.0     6    -7     3
  60.33025 1.0     6    -7     4
  63.25632 1.0     6    -7     5
  66.73403 1.0     6    -7     6
  70.73122 1.0     6    -7     7
  75.22641 1.0     6    -7     8
  80.21218 1.0     6    -7     9
  85.69878 1.0     6    -7    10
  87.99424 1.0     6    -6   -11
  81.95215 1.0     6    -6   -10
  76.40838 1.0     6    -6    -9
  71.33708 1.0     6    -6    -8
  66.73403 1.0     6    -6    -7
  62.61289 1.0     6    -6    -6
  59.00255 1.0     6    -6    -5
  55.94420 1.0     6    -6    -4
  53.48737 1.0     6    -6    -3
  51.68387 1.0     6    -6    -2
  50.58002 1.0     6    -6    -1
  50.20818 1.0     6    -6     0
  50.58002 1.0     6    -6     1
  51.68387 1.0     6    -6     2
  53.48737 1.0     6    -6     3
  55.94420 1.0     6    -6     4
  59.00255 1.0     6    -6     5
  62.61289 1.0     6    -6     6
  66.73403 1.0     6    -6     7
  71.33708 1.0     6    -6     8
  76.40838 1.0     6    -6     9
  81.95215 1.0     6    -6    10
  87.99424 1.0     6    -6    11
  84.83639 1.0     6    -5   -11
  78.75528 1.0     6    -5   -10
  73.14204 1.0     6    -5    -9
  67.97569 1.0     6    -5    -8
  63.25632 1.0     6    -5    -7
  59.00255 1.0     6    -5    -6
  55.24977 1.0     6    -5    -5
  52.04808 1.0     6    -5    -4
  49.45840 1.0     6    -5    -3
  47.54585 1.0     6    -5    -2
  46.36989 1.0     6    -5    -1
  45.97278 1.0     6    -5     0
  46.36989 1.0     6    -5     1
  47.54585 1.0     6    -5     2
  49.45840 1.0     6    -5     3
  52.04808 1.0     6    -5     4
  55.24977 1.0     6    -5     5
  59.00255 1.0     6    -5     6
  63.25632 1.0     6    -5     7
  67.97569 1.0     6    -5     8
  73.14204 1.0     6    -5     9
  78.75528 1.0     6    -5    10
  84.83639 1.0     6    -5    11
  88.85401 1.0     6    -4   -12
  82.24138 1.0     6    -4   -11
  76.11346 1.0     6    -4   -10
  70.42746 1.0     6    -4    -9
  65.16541 1.0     6    -4    -8
  60.33025 1.0     6    -4    -7
  55.94420 1.0     6    -4    -6
  52.04808 1.0     6    -4    -5
  48.70013 1.0     6    -4    -4
  45.97278 1.0     6    -4    -3
  43.94552 1.0     6    -4    -2
  42.69278 1.0     6    -4    -1
  42.26858 1.0     6    -4     0
  42.69278 1.0     6    -4     1
  43.94552 1.0     6    -4     2
  45.97278 1.0     6    -4     3
  48.70013 1.0     6    -4     4
  52.04808 1.0     6    -4     5
  55.94420 1.0     6    -4     6
  60.33025 1.0     6    -4     7
  65.16541 1.0     6    -4     8
  70.42746 1.0     6    -4     9
  76.11346 1.0     6    -4    10
  82.24138 1.0     6    -4    11
  88.85401 1.0     6    -4    12
  86.84714 1.0     6    -3   -12
  80.21218 1.0     6    -3   -11
  74.03799 1.0     6    -3   -10
  68.28438 1.0     6    -3    -9
  62.93507 1.0     6    -3    -8
  57.99455 1.0     6    -3    -7
  53.48737 1.0     6    -3    -6
  49.45840 1.0     6    -3    -5
  45.97278 1.0     6    -3    -4
  43.11361 1.0     6    -3    -3
  40.97463 1.0     6    -3    -2
  39.64611 1.0     6    -3    -1
  39.19497 1.0     6    -3     0
  39.64611 1.0     6    -3     1
  40.97463 1.0     6    -3     2
  43.11361 1.0     6    -3     3
  45.97278 1.0     6    -3     4
  49.45840 1.0     6    -3     5
  53.48737 1.0     6    -3     6
  57.99455 1.0     6    -3     7
  62.93507 1.0     6    -3     8
  68.28438 1.0     6    -3     9
  74.03799 1.0     6    -3    10
  80.21218 1.0     6    -3    11
  86.84714 1.0     6    -3    12
  85.41143 1.0     6    -2   -12
  78.75528 1.0     6    -2   -11
  72.54240 1.0     6    -2   -10
  66.73403 1.0     6    -2    -9
  61.31460 1.0     6    -2    -8
  56.28929 1.0     6    -2    -7
  51.68387 1.0     6    -2    -6
  47.54585 1.0     6    -2    -5
  43.94552 1.0     6    -2    -4
  40.97463 1.0     6    -2    -3
  38.73942 1.0     6    -2    -2
  37.34474 1.0     6    -2    -1
  36.86990 1.0     6    -2     0
  37.34474 1.0     6    -2     1
  38.73942 1.0     6    -2     2
  40.97463 1.0     6    -2     3
  43.94552 1.0     6    -2     4
  47.54585 1.0     6    -2     5
  51.68387 1.0     6    -2     6
  56.28929 1.0     6    -2     7
  61.31460 1.0     6    -2     8
  66.73403 1.0     6    -2     9
  72.54240 1.0     6    -2    10
  78.75528 1.0     6    -2    11
  85.41143 1.0     6    -2    12
  84.54868 1.0     6    -1   -12
  77.87765 1.0     6    -1   -11
  71.63919 1.0     6    -1   -10
  65.79517 1.0     6    -1    -9
  60.33025 1.0     6    -1    -8
  55.24977 1.0     6    -1    -7
  50.58002 1.0     6    -1    -6
  46.36989 1.0     6    -1    -5
  42.69278 1.0     6    -1    -4
  39.64611 1.0     6    -1    -3
  37.34474 1.0     6    -1    -2
  35.90407 1.0     6    -1    -1
  35.41264 1.0     6    -1     0
  35.90407 1.0     6    -1     1
  37.34474 1.0     6    -1     2
  39.64611 1.0     6    -1     3
  42.69278 1.0     6    -1     4
  46.36989 1.0     6    -1     5
  50.58002 1.0     6    -1     6
  55.24977 1.0     6    -1     7
  60.33025 1.0     6    -1     8
  65.79517 1.0     6    -1     9
  71.63919 1.0     6    -1    10
  77.87765 1.0     6    -1    11
  84.54868 1.0     6    -1    12
  84.26083 1.0     6     0   -12
  77.58447 1.0     6     0   -11
  71.33708 1.0     6     0   -10
  65.48068 1.0     6     0    -9
  60.00000 1.0     6     0    -8
  54.90037 1.0     6     0    -7
  50.20818 1.0     6     0    -6
  45.97278 1.0     6     0    -5
  42.26858 1.0     6     0    -4
  39.19497 1.0     6     0    -3
  36.86990 1.0     6     0    -2
  35.41264 1.0     6     0    -1
  34.91521 1.0     6     0     0
  35.41264 1.0     6     0     1
  36.86990 1.0     6     0     2
  39.19497 1.0     6     0     3
  42.26858 1.0     6     0     4
  45.97278 1.0     6     0     5
  50.20818 1.0     6     0     6
  54.90037 1.0     6     0     7
  60.00000 1.0     6     0     8
  65.48068 1.0     6     0     9
  71.33708 1.0     6     0    10
  77.58447 1.0     6     0    11
  84.26083 1.0     6     0    12
  84.54868 1.0     6     1   -12
  77.87765 1.0     6     1   -11
  71.63919 1.0     6     1   -10
  65.79517 1.0     6     1    -9
  60.33025 1.0     6     1    -8
  55.24977 1.0     6     1    -7
  50.58002 1.0     6     1    -6
  46.36989 1.0     6     1    -5
  42.69278 1.0     6     1    -4
  39.64611 1.0     6     1    -3
  37.34474 1.0     6     1    -2
  35.90407 1.0     6     1    -1
  35.41264 1.0     6     1     0
  35.90407 1.0     6     1     1
  37.34474 1.0     6     1     2
  39.64611 1.0     6     1     3
  42.69278 1.0     6     1     4
  46.36989 1.0     6     1     5
  50.58002 1.0     6     1     6
  55.24977 1.0     6     1     7
  60.33025 1.0     6     1     8
  65.79517 1.0     6     1     9
  71.63919 1.0     6     1    10
  77.87765 1.0     6     1    11
  84.54868 1.0     6     1    12
  85.41143 1.0     6     2   -12
  78.75528 1.0     6     2   -11
  72.54240 1.0     6     2   -10
  66.73403 1.0     6     2    -9
  61.31460 1.0     6     2    -8
  56.28929 1.0     6     2    -7
  51.68387 1.0     6     2    -6
  47.54585 1.0     6     2    -5
  43.94552 1.0     6     2    -4
  40.97463 1.0     6     2    -3
  38.73942 1.0     6     2    -2
  37.34474 1.0     6     2    -1
  36.86990 1.0     6     2     0
  37.34474 1.0     6     2     1
  38.73942 1.0     6     2     2
  40.97463 1.0     6     2     3
  43.94552 1.0     6     2     4
  47.54585 1.0     6     2     5
  51.68387 1.0     6     2     6
  56.28929 1.0     6     2     7
  61.31460 1.0     6     2     8
  66.73403 1.0     6     2     9
  72.54240 1.0     6     2    10
  78.75528 1.0     6     2    11
  85.41143 1.0     6     2    12
  86.84714 1.0     6     3   -12
  80.21218 1.0     6     3   -11
  74.03799 1.0     6     3   -10
  68.28438 1.0     6     3    -9
  62.93507 1.0     6     3    -8
  57.99455 1.0     6     3    -7
  53.48737 1.0     6     3    -6
  49.45840 1.0     6     3    -5
  45.97278 1.0     6     3    -4
  43.11361 1.0     6     3    -3
  40.97463 1.0     6     3    -2
  39.64611 1.0     6     3    -1
  39.19497 1.0     6     3     0
  39.64611 1.0     6     3     1
  40.97463 1.0     6     3     2
  43.11361 1.0     6     3     3
  45.97278 1.0     6     3     4
  49.45840 1.0     6     3     5
  53.48737 1.0     6     3     6
  57.99455 1.0     6     3     7
  62.93507 1.0     6     3     8
  68.28438 1.0     6     3     9
  74.03799 1.0     6     3    10
  80.21218 1.0     6     3    11
  86.84714 1.0     6     3    12
  88.85401 1.0     6     4   -12
  82.24138 1.0     6     4   -11
  76.11346 1.0     6     4   -10
  70.42746 1.0     6     4    -9
  65.16541 1.0     6     4    -8
  60.33025 1.0     6     4    -7
  55.94420 1.0     6     4    -6
  52.04808 1.0     6     4    -5
  48.70013 1.0     6     4    -4
  45.97278 1.0     6     4    -3
  43.94552 1.0     6     4    -2
  42.69278 1.0     6     4    -1
  42.26858 1.0     6     4     0
  42.69278 1.0     6     4     1
  43.94552 1.0     6     4     2
  45.97278 1.0     6     4     3
  48.70013 1.0     6     4     4
  52.04808 1.0     6     4     5
  55.94420 1.0     6     4     6
  60.33025 1.0     6     4     7
  65.16541 1.0     6     4     8
  70.42746 1.0     6     4     9
  76.11346 1.0     6     4    10
  82.24138 1.0     6     4    11
  88.85401 1.0     6     4    12
  84.83639 1.0     6     5   -11
  78.75528 1.0     6     5   -10
  73.14204 1.0     6     5    -9
  67.97569 1.0     6     5    -8
  63.25632 1.0     6     5    -7
  59.00255 1.0     6     5    -6
  55.24977 1.0     6     5    -5
  52.04808 1.0     6     5    -4
  49.45840 1.0     6     5    -3
  47.54585 1.0     6     5    -2
  46.36989 1.0     6     5    -1
  45.97278 1.0     6     5     0
  46.36989 1.0     6     5     1
  47.54585 1.0     6     5     2
  49.45840 1.0     6     5     3
  52.04808 1.0     6     5     4
  55.24977 1.0     6     5     5
  59.00255 1.0     6     5     6
  63.25632 1.0     6     5     7
  67.97569 1.0     6     5     8
  73.14204 1.0     6     5     9
  78.75528 1.0     6     5    10
  84.83639 1.0     6     5    11
  87.99424 1.0     6     6   -11
  81.95215 1.0     6     6   -10
  76.40838 1.0     6     6    -9
  71.33708 1.0     6     6    -8
  66.73403 1.0     6     6    -7
  62.61289 1.0     6     6    -6
  59.00255 1.0     6     6    -5
  55.94420 1.0     6     6    -4
  53.48737 1.0     6     6    -3
  51.68387 1.0     6     6    -2
  50.58002 1.0     6     6    -1
  50.20818 1.0     6     6     0
  50.58002 1.0     6     6     1
  51.68387 1.0     6     6     2
  53.48737 1.0     6     6     3
  55.94420 1.0     6     6     4
  59.00255 1.0     6     6     5
  62.61289 1.0     6     6     6
  66.73403 1.0     6     6     7
  71.33708 1.0     6     6     8
  76.40838 1.0     6     6     9
  81.95215 1.0     6     6    10
  87.99424 1.0     6     6    11
  85.69878 1.0     6     7   -10
  80.21218 1.0     6     7    -9
  75.22641 1.0     6     7    -8
  70.73122 1.0     6     7    -7
  66.73403 1.0     6     7    -6
  63.25632 1.0     6     7    -5
  60.33025 1.0     6     7    -4
  57.99455 1.0     6     7    -3
  56.28929 1.0     6     7    -2
  55.24977 1.0     6     7    -1
  54.90037 1.0     6     7     0
  55.24977 1.0     6     7     1
  56.28929 1.0     6     7     2
  57.99455 1.0     6     7     3
  60.33025 1.0     6     7     4
  63.25632 1.0     6     7     5
  66.73403 1.0     6     7     6
  70.73122 1.0     6     7     7
  75.22641 1.0     6     7     8
  80.21218 1.0     6     7     9
  85.69878 1.0     6     7    10
  90.00000 1.0     6     8   -10
  84.54868 1.0     6     8    -9
  79.63024 1.0     6     8    -8
  75.22641 1.0     6     8    -7
  71.33708 1.0     6     8    -6
  67.97569 1.0     6     8    -5
  65.16541 1.0     6     8    -4
  62.93507 1.0     6     8    -3
  61.31460 1.0     6     8    -2
  60.33025 1.0     6     8    -1
  60.00000 1.0     6     8     0
  60.33025 1.0     6     8     1
  61.31460 1.0     6     8     2
  62.93507 1.0     6     8     3
  65.16541 1.0     6     8     4
  67.97569 1.0     6     8     5
  71.33708 1.0     6     8     6
  75.22641 1.0     6     8     7
  79.63024 1.0     6     8     8
  84.54868 1.0     6     8     9
  90.00000 1.0     6     8    10
  89.42703 1.0     6     9    -9
  84.54868 1.0     6     9    -8
  80.21218 1.0     6     9    -7
  76.40838 1.0     6     9    -6
  73.14204 1.0     6     9    -5
  70.42746 1.0     6     9    -4
  68.28438 1.0     6     9    -3
  66.73403 1.0     6     9    -2
  65.79517 1.0     6     9    -1
  65.48068 1.0     6     9     0
  65.79517 1.0     6     9     1
  66.73403 1.0     6     9     2
  68.28438 1.0     6     9     3
  70.42746 1.0     6     9     4
  73.14204 1.0     6     9     5
  76.40838 1.0     6     9     6
  80.21218 1.0     6     9     7
  84.54868 1.0     6     9     8
  89.42703 1.0     6     9     9
  90.00000 1.0     6    10    -8
  85.69878 1.0     6    10    -7
  81.95215 1.0     6    10    -6
  78.75528 1.0     6    10    -5
  76.11346 1.0     6    10    -4
  74.03799 1.0     6    10    -3
  72.54240 1.0     6    10    -2
  71.63919 1.0     6    10    -1
  71.33708 1.0     6    10     0
  71.63919 1.0     6    10     1
  72.54240 1.0     6    10     2
  74.03799 1.0     6    10     3
  76.11346 1.0     6    10     4
  78.75528 1.0     6    10     5
  81.95215 1.0     6    10     6
  85.69878 1.0     6    10     7
  90.00000 1.0     6    10     8
  87.99424 1.0     6    11    -6
  84.83639 1.0     6    11    -5
  82.24138 1.0     6    11    -4
  80.21218 1.0     6    11    -3
  78.75528 1.0     6    11    -2
  77.87765 1.0     6    11    -1
  77.58447 1.0     6    11     0
  77.87765 1.0     6    11     1
  78.75528 1.0     6    11     2
  80.21218 1.0     6    11     3
  82.24138 1.0     6    11     4
  84.83639 1.0     6    11     5
  87.99424 1.0     6    11     6
  88.85401 1.0     6    12    -4
  86.84714 1.0     6    12    -3
  85.41143 1.0     6    12    -2
  84.54868 1.0     6    12    -1
  84.26083 1.0     6    12     0
  84.54868 1.0     6    12     1
  85.41143 1.0     6    12     2
  86.84714 1.0     6    12     3
  88.85401 1.0     6    12     4
  89.14053 1.0     7   -12    -2
  88.28087 1.0     7   -12    -1
  87.99424 1.0     7   -12     0
  88.28087 1.0     7   -12     1
  89.14053 1.0     7   -12     2
  88.56746 1.0     7   -11    -5
  85.98601 1.0     7   -11    -4
  83.97283 1.0     7   -11    -3
  82.53041 1.0     7   -11    -2
  81.66272 1.0     7   -11    -1
  81.37307 1.0     7   -11     0
  81.66272 1.0     7   -11     1
  82.53041 1.0     7   -11     2
  83.97283 1.0     7   -11     3
  85.98601 1.0     7   -11     4
  88.56746 1.0     7   -11     5
  89.42703 1.0     7   -10    -7
  85.69878 1.0     7   -10    -6
  82.53041 1.0     7   -10    -5
  79.92134 1.0     7   -10    -4
  77.87765 1.0     7   -10    -3
  76.40838 1.0     7   -10    -2
  75.52249 1.0     7   -10    -1
  75.22641 1.0     7   -10     0
  75.52249 1.0     7   -10     1
  76.40838 1.0     7   -10     2
  77.87765 1.0     7   -10     3
  79.92134 1.0     7   -10     4
  82.53041 1.0     7   -10     5
  85.69878 1.0     7   -10     6
  89.42703 1.0     7   -10     7
  88.28087 1.0     7    -9    -8
  83.97283 1.0     7    -9    -7
  80.21218 1.0     7    -9    -6
  76.99712 1.0     7    -9    -5
  74.33573 1.0     7    -9    -4
  72.24184 1.0     7    -9    -3
  70.73122 1.0     7    -9    -2
  69.81820 1.0     7    -9    -1
  69.51268 1.0     7    -9     0
  69.81820 1.0     7    -9     1
  70.73122 1.0     7    -9     2
  72.24184 1.0     7    -9     3
  74.33573 1.0     7    -9     4
  76.99712 1.0     7    -9     5
  80.21218 1.0     7    -9     6
  83.97283 1.0     7    -9     7
  88.28087 1.0     7    -9     8
  88.28087 1.0     7    -8    -9
  83.39637 1.0     7    -8    -8
  79.04722 1.0     7    -8    -7
  75.22641 1.0     7    -8    -6
  71.94077 1.0     7    -8    -5
  69.20656 1.0     7    -8    -4
  67.04550 1.0     7    -8    -3
  65.48068 1.0     7    -8    -2
  64.53244 1.0     7    -8    -1
  64.21471 1.0     7    -8     0
  64.53244 1.0     7    -8     1
  65.48068 1.0     7    -8     2
  67.04550 1.0     7    -8     3
  69.20656 1.0     7    -8     4
  71.94077 1.0     7    -8     5
  75.22641 1.0     7    -8     6
  79.04722 1.0     7    -8     7
  83.39637 1.0     7    -8     8
  88.28087 1.0     7    -8     9
  89.42703 1.0     7    -7   -10
  83.97283 1.0     7    -7    -9
  79.04722 1.0     7    -7    -8
  74.63305 1.0     7    -7    -7
  70.73122 1.0     7    -7    -6
  67.35626 1.0     7    -7    -5
  64.53244 1.0     7    -7    -4
  62.28978 1.0     7    -7    -3
  60.65942 1.0     7    -7    -2
  59.66865 1.0     7    -7    -1
  59.33617 1.0     7    -7     0
  59.66865 1.0     7    -7     1
  60.65942 1.0     7    -7     2
  62.28978 1.0     7    -7     3
  64.53244 1.0     7    -7     4
  67.35626 1.0     7    -7     5
  70.73122 1.0     7    -7     6
  74.63305 1.0     7    -7     7
  79.04722 1.0     7    -7     8
  83.97283 1.0     7    -7     9
  89.42703 1.0     7    -7    10
  85.69878 1.0     7    -6   -10
  80.21218 1.0     7    -6    -9
  75.22641 1.0     7    -6    -8
  70.73122 1.0     7    -6    -7
  66.73403 1.0     7    -6    -6
  63.25632 1.0     7    -6    -5
  60.33025 1.0     7    -6    -4
  57.99455 1.0     7    -6    -3
  56.28929 1.0     7    -6    -2
  55.24977 1.0     7    -6    -1
  54.90037 1.0     7    -6     0
  55.24977 1.0     7    -6     1
  56.28929 1.0     7    -6     2
  57.99455 1.0     7    -6     3
  60.33025 1.0     7    -6     4
  63.25632 1.0     7    -6     5
  66.73403 1.0     7    -6     6
  70.73122 1.0     7    -6     7
  75.22641 1.0     7    -6     8
  80.21218 1.0     7    -6     9
  85.69878 1.0     7    -6    10
  88.56746 1.0     7    -5   -11
  82.53041 1.0     7    -5   -10
  76.99712 1.0     7    -5    -9
  71.94077 1.0     7    -5    -8
  67.35626 1.0     7    -5    -7
  63.25632 1.0     7    -5    -6
  59.66865 1.0     7    -5    -5
  56.63299 1.0     7    -5    -4
  54.19701 1.0     7    -5    -3
  52.41050 1.0     7    -5    -2
  51.31781 1.0     7    -5    -1
  50.94988 1.0     7    -5     0
  51.31781 1.0     7    -5     1
  52.41050 1.0     7    -5     2
  54.19701 1.0     7    -5     3
  56.63299 1.0     7    -5     4
  59.66865 1.0     7    -5     5
  63.25632 1.0     7    -5     6
  67.35626 1.0     7    -5     7
  71.94077 1.0     7    -5     8
  76.99712 1.0     7    -5     9
  82.53041 1.0     7    -5    10
  88.56746 1.0     7    -5    11
  85.98601 1.0     7    -4   -11
  79.92134 1.0     7    -4   -10
  74.33573 1.0     7    -4    -9
  69.20656 1.0     7    -4    -8
  64.53244 1.0     7    -4    -7
  60.33025 1.0     7    -4    -6
  56.63299 1.0     7    -4    -5
  53.48737 1.0     7    -4    -4
  50.94988 1.0     7    -4    -3
  49.08035 1.0     7    -4    -2
  47.93294 1.0     7    -4    -1
  47.54585 1.0     7    -4     0
  47.93294 1.0     7    -4     1
  49.08035 1.0     7    -4     2
  50.94988 1.0     7    -4     3
  53.48737 1.0     7    -4     4
  56.63299 1.0     7    -4     5
  60.33025 1.0     7    -4     6
  64.53244 1.0     7    -4     7
  69.20656 1.0     7    -4     8
  74.33573 1.0     7    -4     9
  79.92134 1.0     7    -4    10
  85.98601 1.0     7    -4    11
  83.97283 1.0     7    -3   -11
  77.87765 1.0     7    -3   -10
  72.24184 1.0     7    -3    -9
  67.04550 1.0     7    -3    -8
  62.28978 1.0     7    -3    -7
  57.99455 1.0     7    -3    -6
  54.19701 1.0     7    -3    -5
  50.94988 1.0     7    -3    -4
  48.31767 1.0     7    -3    -3
  46.36989 1.0     7    -3    -2
  45.17046 1.0     7    -3    -1
  44.76508 1.0     7    -3     0
  45.17046 1.0     7    -3     1
  46.36989 1.0     7    -3     2
  48.31767 1.0     7    -3     3
  50.94988 1.0     7    -3     4
  54.19701 1.0     7    -3     5
  57.99455 1.0     7    -3     6
  62.28978 1.0     7    -3     7
  67.04550 1.0     7    -3     8
  72.24184 1.0     7    -3     9
  77.87765 1.0     7    -3    10
  83.97283 1.0     7    -3    11
  89.14053 1.0     7    -2   -12
  82.53041 1.0     7    -2   -11
  76.40838 1.0     7    -2   -10
  70.73122 1.0     7    -2    -9
  65.48068 1.0     7    -2    -8
  60.65942 1.0     7    -2    -7
  56.28929 1.0     7    -2    -6
  52.41050 1.0     7    -2    -5
  49.08035 1.0     7    -2    -4
  46.36989 1.0     7    -2    -3
  44.35680 1.0     7    -2    -2
  43.11361 1.0     7    -2    -1
  42.69278 1.0     7    -2     0
  43.11361 1.0     7    -2     1
  44.35680 1.0     7    -2     2
  46.36989 1.0     7    -2     3
  49.08035 1.0     7    -2     4
  52.41050 1.0     7    -2     5
  56.28929 1.0     7    -2     6
  60.65942 1.0     7    -2     7
  65.48068 1.0     7    -2     8
  70.73122 1.0     7    -2     9
  76.40838 1.0     7    -2    10
  82.53041 1.0     7    -2    11
  89.14053 1.0     7    -2    12
  88.28087 1.0     7    -1   -12
  81.66272 1.0     7    -1   -11
  75.52249 1.0     7    -1   -10
  69.81820 1.0     7    -1    -9
  64.53244 1.0     7    -1    -8
  59.66865 1.0     7    -1    -7
  55.24977 1.0     7    -1    -6
  51.31781 1.0     7    -1    -5
  47.93294 1.0     7    -1    -4
  45.17046 1.0     7    -1    -3
  43.11361 1.0     7    -1    -2
  41.84090 1.0     7    -1    -1
  41.40962 1.0     7    -1     0
  41.84090 1.0     7    -1     1
  43.11361 1.0     7    -1     2
  45.17046 1.0     7    -1     3
  47.93294 1.0     7    -1     4
  51.31781 1.0     7    -1     5
  55.24977 1.0     7    -1     6
  59.66865 1.0     7    -1     7
  64.53244 1.0     7    -1     8
  69.81820 1.0     7    -1     9
  75.52249 1.0     7    -1    10
  81.66272 1.0     7    -1    11
  88.28087 1.0     7    -1    12
  87.99424 1.0     7     0   -12
  81.37307 1.0     7     0   -11
  75.22641 1.0     7     0   -10
  69.51268 1.0     7     0    -9
  64.21471 1.0     7     0    -8
  59.33617 1.0     7     0    -7
  54.90037 1.0     7     0    -6
  50.94988 1.0     7     0    -5
  47.54585 1.0     7     0    -4
  44.76508 1.0     7     0    -3
  42.69278 1.0     7     0    -2
  41.40962 1.0     7     0    -1
  40.97463 1.0     7     0     0
  41.40962 1.0     7     0     1
  42.69278 1.0     7     0     2
  44.76508 1.0     7     0     3
  47.54585 1.0     7     0     4
  50.94988 1.0     7     0     5
  54.90037 1.0     7     0     6
  59.33617 1.0     7     0     7
  64.21471 1.0     7     0     8
  69.51268 1.0     7     0     9
  75.22641 1.0     7     0    10
  81.37307 1.0     7     0    11
  87.99424 1.0     7     0    12
  88.28087 1.0     7     1   -12
  81.66272 1.0     7     1   -11
  75.52249 1.0     7     1   -10
  69.81820 1.0     7     1    -9
  64.53244 1.0     7     1    -8
  59.66865 1.0     7     1    -7
  55.24977 1.0     7     1    -6
  51.31781 1.0     7     1    -5
  47.93294 1.0     7     1    -4
  45.17046 1.0     7     1    -3
  43.11361 1.0     7     1    -2
  41.84090 1.0     7     1    -1
  41.40962 1.0     7     1     0
  41.84090 1.0     7     1     1
  43.11361 1.0     7     1     2
  45.17046 1.0     7     1     3
  47.93294 1.0     7     1     4
  51.31781 1.0     7     1     5
  55.24977 1.0     7     1     6
  59.66865 1.0     7     1     7
  64.53244 1.0     7     1     8
  69.81820 1.0     7     1     9
  75.52249 1.0     7     1    10
  81.66272 1.0     7     1    11
  88.28087 1.0     7     1    12
  89.14053 1.0     7     2   -12
  82.53041 1.0     7     2   -11
  76.40838 1.0     7     2   -10
  70.73122 1.0     7     2    -9
  65.48068 1.0     7     2    -8
  60.65942 1.0     7     2    -7
  56.28929 1.0     7     2    -6
  52.41050 1.0     7     2    -5
  49.08035 1.0     7     2    -4
  46.36989 1.0     7     2    -3
  44.35680 1.0     7     2    -2
  43.11361 1.0     7     2    -1
  42.69278 1.0     7     2     0
  43.11361 1.0     7     2     1
  44.35680 1.0     7     2     2
  46.36989 1.0     7     2     3
  49.08035 1.0     7     2     4
  52.41050 1.0     7     2     5
  56.28929 1.0     7     2     6
  60.65942 1.0     7     2     7
  65.48068 1.0     7     2     8
  70.73122 1.0     7     2     9
  76.40838 1.0     7     2    10
  82.53041 1.0     7     2    11
  89.14053 1.0     7     2    12
  83.97283 1.0     7     3   -11
  77.87765 1.0     7     3   -10
  72.24184 1.0     7     3    -9
  67.04550 1.0     7     3    -8
  62.28978 1.0     7     3    -7
  57.99455 1.0     7     3    -6
  54.19701 1.0     7     3    -5
  50.94988 1.0     7     3    -4
  48.31767 1.0     7     3    -3
  46.36989 1.0     7     3    -2
  45.17046 1.0     7     3    -1
  44.76508 1.0     7     3     0
  45.17046 1.0     7     3     1
  46.36989 1.0     7     3     2
  48.31767 1.0     7     3     3
  50.94988 1.0     7     3     4
  54.19701 1.0     7     3     5
  57.99455 1.0     7     3     6
  62.28978 1.0     7     3     7
  67.04550 1.0     7     3     8
  72.24184 1.0     7     3     9
  77.87765 1.0     7     3    10
  83.97283 1.0     7     3    11
  85.98601 1.0     7     4   -11
  79.92134 1.0     7     4   -10
  74.33573 1.0     7     4    -9
  69.20656 1.0     7     4    -8
  64.53244 1.0     7     4    -7
  60.33025 1.0     7     4    -6
  56.63299 1.0     7     4    -5
  53.48737 1.0     7     4    -4
  50.94988 1.0     7     4    -3
  49.08035 1.0     7     4    -2
  47.93294 1.0     7     4    -1
  47.54585 1.0     7     4     0
  47.93294 1.0     7     4     1
  49.08035 1.0     7     4     2
  50.94988 1.0     7     4     3
  53.48737 1.0     7     4     4
  56.63299 1.0     7     4     5
  60.33025 1.0     7     4     6
  64.53244 1.0     7     4     7
  69.20656 1.0     7     4     8
  74.33573 1.0     7     4     9
  79.92134 1.0     7     4    10
  85.98601 1.0     7     4    11
  88.56746 1.0     7     5   -11
  82.53041 1.0     7     5   -10
  76.99712 1.0     7     5    -9
  71.94077 1.0     7     5    -8
  67.35626 1.0     7     5    -7
  63.25632 1.0     7     5    -6
  59.66865 1.0     7     5    -5
  56.63299 1.0     7     5    -4
  54.19701 1.0     7     5    -3
  52.41050 1.0     7     5    -2
  51.31781 1.0     7     5    -1
  50.94988 1.0     7     5     0
  51.31781 1.0     7     5     1
  52.41050 1.0     7     5     2
  54.19701 1.0     7     5     3
  56.63299 1.0     7     5     4
  59.66865 1.0     7     5     5
  63.25632 1.0     7     5     6
  67.35626 1.0     7     5     7
  71.94077 1.0     7     5     8
  76.99712 1.0     7     5     9
  82.53041 1.0     7     5    10
  88.56746 1.0     7     5    11
  85.69878 1.0     7     6   -10
  80.21218 1.0     7     6    -9
  75.22641 1.0     7     6    -8
  70.73122 1.0     7     6    -7
  66.73403 1.0     7     6    -6
  63.25632 1.0     7     6    -5
  60.33025 1.0     7     6    -4
  57.99455 1.0     7     6    -3
  56.28929 1.0     7     6    -2
  55.24977 1.0     7     6    -1
  54.90037 1.0     7     6     0
  55.24977 1.0     7     6     1
  56.28929 1.0     7     6     2
  57.99455 1.0     7     6     3
  60.33025 1.0     7     6     4
  63.25632 1.0     7     6     5
  66.73403 1.0     7     6     6
  70.73122 1.0     7     6     7
  75.22641 1.0     7     6     8
  80.21218 1.0     7     6     9
  85.69878 1.0     7     6    10
  89.42703 1.0     7     7   -10
  83.97283 1.0     7     7    -9
  79.04722 1.0     7     7    -8
  74.63305 1.0     7     7    -7
  70.73122 1.0     7     7    -6
  67.35626 1.0     7     7    -5
  64.53244 1.0     7     7    -4
  62.28978 1.0     7     7    -3
  60.65942 1.0     7     7    -2
  59.66865 1.0     7     7    -1
  59.33617 1.0     7     7     0
  59.66865 1.0     7     7     1
  60.65942 1.0     7     7     2
  62.28978 1.0     7     7     3
  64.53244 1.0     7     7     4
  67.35626 1.0     7     7     5
  70.73122 1.0     7     7     6
  74.63305 1.0     7     7     7
  79.04722 1.0     7     7     8
  83.97283 1.0     7     7     9
  89.42703 1.0     7     7    10
  88.28087 1.0     7     8    -9
  83.39637 1.0     7     8    -8
  79.04722 1.0     7     8    -7
  75.22641 1.0     7     8    -6
  71.94077 1.0     7     8    -5
  69.20656 1.0     7     8    -4
  67.04550 1.0     7     8    -3
  65.48068 1.0     7     8    -2
  64.53244 1.0     7     8    -1
  64.21471 1.0     7     8     0
  64.53244 1.0     7     8     1
  65.48068 1.0     7     8     2
  67.04550 1.0     7     8     3
  69.20656 1.0     7     8     4
  71.94077 1.0     7     8     5
  75.22641 1.0     7     8     6
  79.04722 1.0     7     8     7
  83.39637 1.0     7     8     8
  88.28087 1.0     7     8     9
  88.28087 1.0     7     9    -8
  83.97283 1.0     7     9    -7
  80.21218 1.0     7     9    -6
  76.99712 1.0     7     9    -5
  74.33573 1.0     7     9    -4
  72.24184 1.0     7     9    -3
  70.73122 1.0     7     9    -2
  69.81820 1.0     7     9    -1
  69.51268 1.0     7     9     0
  69.81820 1.0     7     9     1
  70.73122 1.0     7     9     2
  72.24184 1.0     7     9     3
  74.33573 1.0     7     9     4
  76.99712 1.0     7     9     5
  80.21218 1.0     7     9     6
  83.97283 1.0     7     9     7
  88.28087 1.0     7     9     8
  89.42703 1.0     7    10    -7
  85.69878 1.0     7    10    -6
  82.53041 1.0     7    10    -5
  79.92134 1.0     7    10    -4
  77.87765 1.0     7    10    -3
  76.40838 1.0     7    10    -2
  75.52249 1.0     7    10    -1
  75.22641 1.0     7    10     0
  75.52249 1.0     7    10     1
  76.40838 1.0     7    10     2
  77.87765 1.0     7    10     3
  79.92134 1.0     7    10     4
  82.53041 1.0     7    10     5
  85.69878 1.0     7    10     6
  89.42703 1.0     7    10     7
  88.56746 1.0     7    11    -5
  85.98601 1.0     7    11    -4
  83.97283 1.0     7    11    -3
  82.53041 1.0     7    11    -2
  81.66272 1.0     7    11    -1
  81.37307 1.0     7    11     0
  81.66272 1.0     7    11     1
  82.53041 1.0     7    11     2
  83.97283 1.0     7    11     3
  85.98601 1.0     7    11     4
  88.56746 1.0     7    11     5
  89.14053 1.0     7    12    -2
  88.28087 1.0     7    12    -1
  87.99424 1.0     7    12     0
  88.28087 1.0     7    12     1
  89.14053 1.0     7    12     2
  90.28648 1.0     8   -11    -4
  88.28087 1.0     8   -11    -3
  86.84714 1.0     8   -11    -2
  85.98601 1.0     8   -11    -1
  85.69878 1.0     8   -11     0
  85.98601 1.0     8   -11     1
  86.84714 1.0     8   -11     2
  88.28087 1.0     8   -11     3
  90.28648 1.0     8   -11     4
  90.00000 1.0     8   -10    -6
  86.84714 1.0     8   -10    -5
  84.26083 1.0     8   -10    -4
  82.24138 1.0     8   -10    -3
  80.79310 1.0     8   -10    -2
  79.92134 1.0     8   -10    -1
  79.63024 1.0     8   -10     0
  79.92134 1.0     8   -10     1
  80.79310 1.0     8   -10     2
  82.24138 1.0     8   -10     3
  84.26083 1.0     8   -10     4
  86.84714 1.0     8   -10     5
  90.00000 1.0     8   -10     6
  88.28087 1.0     8    -9    -7
  84.54868 1.0     8    -9    -6
  81.37307 1.0     8    -9    -5
  78.75528 1.0     8    -9    -4
  76.70293 1.0     8    -9    -3
  75.22641 1.0     8    -9    -2
  74.33573 1.0     8    -9    -1
  74.03799 1.0     8    -9     0
  74.33573 1.0     8    -9     1
  75.22641 1.0     8    -9     2
  76.70293 1.0     8    -9     3
  78.75528 1.0     8    -9     4
  81.37307 1.0     8    -9     5
  84.54868 1.0     8    -9     6
  88.28087 1.0     8    -9     7
  87.70756 1.0     8    -8    -8
  83.39637 1.0     8    -8    -7
  79.63024 1.0     8    -8    -6
  76.40838 1.0     8    -8    -5
  73.73980 1.0     8    -8    -4
  71.63919 1.0     8    -8    -3
  70.12313 1.0     8    -8    -2
  69.20656 1.0     8    -8    -1
  68.89980 1.0     8    -8     0
  69.20656 1.0     8    -8     1
  70.12313 1.0     8    -8     2
  71.63919 1.0     8    -8     3
  73.73980 1.0     8    -8     4
  76.40838 1.0     8    -8     5
  79.63024 1.0     8    -8     6
  83.39637 1.0     8    -8     7
  87.70756 1.0     8    -8     8
  88.28087 1.0     8    -7    -9
  83.39637 1.0     8    -7    -8
  79.04722 1.0     8    -7    -7
  75.22641 1.0     8    -7    -6
  71.94077 1.0     8    -7    -5
  69.20656 1.0     8    -7    -4
  67.04550 1.0     8    -7    -3
  65.48068 1.0     8    -7    -2
  64.53244 1.0     8    -7    -1
  64.21471 1.0     8    -7     0
  64.53244 1.0     8    -7     1
  65.48068 1.0     8    -7     2
  67.04550 1.0     8    -7     3
  69.20656 1.0     8    -7     4
  71.94077 1.0     8    -7     5
  75.22641 1.0     8    -7     6
  79.04722 1.0     8    -7     7
  83.39637 1.0     8    -7     8
  88.28087 1.0     8    -7     9
  90.00000 1.0     8    -6   -10
  84.54868 1.0     8    -6    -9
  79.63024 1.0     8    -6    -8
  75.22641 1.0     8    -6    -7
  71.33708 1.0     8    -6    -6
  67.97569 1.0     8    -6    -5
  65.16541 1.0     8    -6    -4
  62.93507 1.0     8    -6    -3
  61.31460 1.0     8    -6    -2
  60.33025 1.0     8    -6    -1
  60.00000 1.0     8    -6     0
  60.33025 1.0     8    -6     1
  61.31460 1.0     8    -6     2
  62.93507 1.0     8    -6     3
  65.16541 1.0     8    -6     4
  67.97569 1.0     8    -6     5
  71.33708 1.0     8    -6     6
  75.22641 1.0     8    -6     7
  79.63024 1.0     8    -6     8
  84.54868 1.0     8    -6     9
  90.00000 1.0     8    -6    10
  86.84714 1.0     8    -5   -10
  81.37307 1.0     8    -5    -9
  76.40838 1.0     8    -5    -8
  71.94077 1.0     8    -5    -7
  67.97569 1.0     8    -5    -6
  64.53244 1.0     8    -5    -5
  61.64065 1.0     8    -5    -4
  59.33617 1.0     8    -5    -3
  57.65609 1.0     8    -5    -2
  56.63299 1.0     8    -5    -1
  56.28929 1.0     8    -5     0
  56.63299 1.0     8    -5     1
  57.65609 1.0     8    -5     2
  59.33617 1.0     8    -5     3
  61.64065 1.0     8    -5     4
  64.53244 1.0     8    -5     5
  67.97569 1.0     8    -5     6
  71.94077 1.0     8    -5     7
  76.40838 1.0     8    -5     8
  81.37307 1.0     8    -5     9
  86.84714 1.0     8    -5    10
  90.28648 1.0     8    -4   -11
  84.26083 1.0     8    -4   -10
  78.75528 1.0     8    -4    -9
  73.73980 1.0     8    -4    -8
  69.20656 1.0     8    -4    -7
  65.16541 1.0     8    -4    -6
  61.64065 1.0     8    -4    -5
  58.66775 1.0     8    -4    -4
  56.28929 1.0     8    -4    -3
  54.54946 1.0     8    -4    -2
  53.48737 1.0     8    -4    -1
  53.13010 1.0     8    -4     0
  53.48737 1.0     8    -4     1
  54.54946 1.0     8    -4     2
  56.28929 1.0     8    -4     3
  58.66775 1.0     8    -4     4
  61.64065 1.0     8    -4     5
  65.16541 1.0     8    -4     6
  69.20656 1.0     8    -4     7
  73.73980 1.0     8    -4     8
  78.75528 1.0     8    -4     9
  84.26083 1.0     8    -4    10
  90.28648 1.0     8    -4    11
  88.28087 1.0     8    -3   -11
  82.24138 1.0     8    -3   -10
  76.70293 1.0     8    -3    -9
  71.63919 1.0     8    -3    -8
  67.04550 1.0     8    -3    -7
  62.93507 1.0     8    -3    -6
  59.33617 1.0     8    -3    -5
  56.28929 1.0     8    -3    -4
  53.84299 1.0     8    -3    -3
  52.04808 1.0     8    -3    -2
  50.94988 1.0     8    -3    -1
  50.58002 1.0     8    -3     0
  50.94988 1.0     8    -3     1
  52.04808 1.0     8    -3     2
  53.84299 1.0     8    -3     3
  56.28929 1.0     8    -3     4
  59.33617 1.0     8    -3     5
  62.93507 1.0     8    -3     6
  67.04550 1.0     8    -3     7
  71.63919 1.0     8    -3     8
  76.70293 1.0     8    -3     9
  82.24138 1.0     8    -3    10
  88.28087 1.0     8    -3    11
  86.84714 1.0     8    -2   -11
  80.79310 1.0     8    -2   -10
  75.22641 1.0     8    -2    -9
  70.12313 1.0     8    -2    -8
  65.48068 1.0     8    -2    -7
  61.31460 1.0     8    -2    -6
  57.65609 1.0     8    -2    -5
  54.54946 1.0     8    -2    -4
  52.04808 1.0     8    -2    -3
  50.20818 1.0     8    -2    -2
  49.08035 1.0     8    -2    -1
  48.70013 1.0     8    -2     0
  49.08035 1.0     8    -2     1
  50.20818 1.0     8    -2     2
  52.04808 1.0     8    -2     3
  54.54946 1.0     8    -2     4
  57.65609 1.0     8    -2     5
  61.31460 1.0     8    -2     6
  65.48068 1.0     8    -2     7
  70.12313 1.0     8    -2     8
  75.22641 1.0     8    -2     9
  80.79310 1.0     8    -2    10
  86.84714 1.0     8    -2    11
  85.98601 1.0     8    -1   -11
  79.92134 1.0     8    -1   -10
  74.33573 1.0     8    -1    -9
  69.20656 1.0     8    -1    -8
  64.53244 1.0     8    -1    -7
  60.33025 1.0     8    -1    -6
  56.63299 1.0     8    -1    -5
  53.48737 1.0     8    -1    -4
  50.94988 1.0     8    -1    -3
  49.08035 1.0     8    -1    -2
  47.93294 1.0     8    -1    -1
  47.54585 1.0     8    -1     0
  47.93294 1.0     8    -1     1
  49.08035 1.0     8    -1     2
  50.94988 1.0     8    -1     3
  53.48737 1.0     8    -1     4
  56.63299 1.0     8    -1     5
  60.33025 1.0     8    -1     6
  64.53244 1.0     8    -1     7
  69.20656 1.0     8    -1     8
  74.33573 1.0     8    -1     9
  79.92134 1.0     8    -1    10
  85.98601 1.0     8    -1    11
  85.69878 1.0     8     0   -11
  79.63024 1.0     8     0   -10
  74.03799 1.0     8     0    -9
  68.89980 1.0     8     0    -8
  64.21471 1.0     8     0    -7
  60.00000 1.0     8     0    -6
  56.28929 1.0     8     0    -5
  53.13010 1.0     8     0    -4
  50.58002 1.0     8     0    -3
  48.70013 1.0     8     0    -2
  47.54585 1.0     8     0    -1
  47.15636 1.0     8     0     0
  47.54585 1.0     8     0     1
  48.70013 1.0     8     0     2
  50.58002 1.0     8     0     3
  53.13010 1.0     8     0     4
  56.28929 1.0     8     0     5
  60.00000 1.0     8     0     6
  64.21471 1.0     8     0     7
  68.89980 1.0     8     0     8
  74.03799 1.0     8     0     9
  79.63024 1.0     8     0    10
  85.69878 1.0     8     0    11
  85.98601 1.0     8     1   -11
  79.92134 1.0     8     1   -10
  74.33573 1.0     8     1    -9
  69.20656 1.0     8     1    -8
  64.53244 1.0     8     1    -7
  60.33025 1.0     8     1    -6
  56.63299 1.0     8     1    -5
  53.48737 1.0     8     1    -4
  50.94988 1.0     8     1    -3
  49.08035 1.0     8     1    -2
  47.93294 1.0     8     1    -1
  47.54585 1.0     8     1     0
  47.93294 1.0     8     1     1
  49.08035 1.0     8     1     2
  50.94988 1.0     8     1     3
  53.48737 1.0     8     1     4
  56.63299 1.0     8     1     5
  60.33025 1.0     8     1     6
  64.53244 1.0     8     1     7
  69.20656 1.0     8     1     8
  74.33573 1.0     8     1     9
  79.92134 1.0     8     1    10
  85.98601 1.0     8     1    11
  86.84714 1.0     8     2   -11
  80.79310 1.0     8     2   -10
  75.22641 1.0     8     2    -9
  70.12313 1.0     8     2    -8
  65.48068 1.0     8     2    -7
  61.31460 1.0     8     2    -6
  57.65609 1.0     8     2    -5
  54.54946 1.0     8     2    -4
  52.04808 1.0     8     2    -3
  50.20818 1.0     8     2    -2
  49.08035 1.0     8     2    -1
  48.70013 1.0     8     2     0
  49.08035 1.0     8     2     1
  50.20818 1.0     8     2     2
  52.04808 1.0     8     2     3
  54.54946 1.0     8     2     4
  57.65609 1.0     8     2     5
  61.31460 1.0     8     2     6
  65.48068 1.0     8     2     7
  70.12313 1.0     8     2     8
  75.22641 1.0     8     2     9
  80.79310 1.0     8     2    10
  86.84714 1.0     8     2    11
  88.28087 1.0     8     3   -11
  82.24138 1.0     8     3   -10
  76.70293 1.0     8     3    -9
  71.63919 1.0     8     3    -8
  67.04550 1.0     8     3    -7
  62.93507 1.0     8     3    -6
  59.33617 1.0     8     3    -5
  56.28929 1.0     8     3    -4
  53.84299 1.0     8     3    -3
  52.04808 1.0     8     3    -2
  50.94988 1.0     8     3    -1
  50.58002 1.0     8     3     0
  50.94988 1.0     8     3     1
  52.04808 1.0     8     3     2
  53.84299 1.0     8     3     3
  56.28929 1.0     8     3     4
  59.33617 1.0     8     3     5
  62.93507 1.0     8     3     6
  67.04550 1.0     8     3     7
  71.63919 1.0     8     3     8
  76.70293 1.0     8     3     9
  82.24138 1.0     8     3    10
  88.28087 1.0     8     3    11
  90.28648 1.0     8     4   -11
  84.26083 1.0     8     4   -10
  78.75528 1.0     8     4    -9
  73.73980 1.0     8     4    -8
  69.20656 1.0     8     4    -7
  65.16541 1.0     8     4    -6
  61.64065 1.0     8     4    -5
  58.66775 1.0     8     4    -4
  56.28929 1.0     8     4    -3
  54.54946 1.0     8     4    -2
  53.48737 1.0     8     4    -1
  53.13010 1.0     8     4     0
  53.48737 1.0     8     4     1
  54.54946 1.0     8     4     2
  56.28929 1.0     8     4     3
  58.66775 1.0     8     4     4
  61.64065 1.0     8     4     5
  65.16541 1.0     8     4     6
  69.20656 1.0     8     4     7
  73.73980 1.0     8     4     8
  78.75528 1.0     8     4     9
  84.26083 1.0     8     4    10
  90.28648 1.0     8     4    11
  86.84714 1.0     8     5   -10
  81.37307 1.0     8     5    -9
  76.40838 1.0     8     5    -8
  71.94077 1.0     8     5    -7
  67.97569 1.0     8     5    -6
  64.53244 1.0     8     5    -5
  61.64065 1.0     8     5    -4
  59.33617 1.0     8     5    -3
  57.65609 1.0     8     5    -2
  56.63299 1.0     8     5    -1
  56.28929 1.0     8     5     0
  56.63299 1.0     8     5     1
  57.65609 1.0     8     5     2
  59.33617 1.0     8     5     3
  61.64065 1.0     8     5     4
  64.53244 1.0     8     5     5
  67.97569 1.0     8     5     6
  71.94077 1.0     8     5     7
  76.40838 1.0     8     5     8
  81.37307 1.0     8     5     9
  86.84714 1.0     8     5    10
  90.00000 1.0     8     6   -10
  84.54868 1.0     8     6    -9
  79.63024 1.0     8     6    -8
  75.22641 1.0     8     6    -7
  71.33708 1.0     8     6    -6
  67.97569 1.0     8     6    -5
  65.16541 1.0     8     6    -4
  62.93507 1.0     8     6    -3
  61.31460 1.0     8     6    -2
  60.33025 1.0     8     6    -1
  60.00000 1.0     8     6     0
  60.33025 1.0     8     6     1
  61.31460 1.0     8     6     2
  62.93507 1.0     8     6     3
  65.16541 1.0     8     6     4
  67.97569 1.0     8     6     5
  71.33708 1.0     8     6     6
  75.22641 1.0     8     6     7
  79.63024 1.0     8     6     8
  84.54868 1.0     8     6     9
  90.00000 1.0     8     6    10
  88.28087 1.0     8     7    -9
  83.39637 1.0     8     7    -8
  79.04722 1.0     8     7    -7
  75.22641 1.0     8     7    -6
  71.94077 1.0     8     7    -5
  69.20656 1.0     8     7    -4
  67.04550 1.0     8     7    -3
  65.48068 1.0     8     7    -2
  64.53244 1.0     8     7    -1
  64.21471 1.0     8     7     0
  64.53244 1.0     8     7     1
  65.48068 1.0     8     7     2
  67.04550 1.0     8     7     3
  69.20656 1.0     8     7     4
  71.94077 1.0     8     7     5
  75.22641 1.0     8     7     6
  79.04722 1.0     8     7     7
  83.39637 1.0     8     7     8
  88.28087 1.0     8     7     9
  87.70756 1.0     8     8    -8
  83.39637 1.0     8     8    -7
  79.63024 1.0     8     8    -6
  76.40838 1.0     8     8    -5
  73.73980 1.0     8     8    -4
  71.63919 1.0     8     8    -3
  70.12313 1.0     8     8    -2
  69.20656 1.0     8     8    -1
  68.89980 1.0     8     8     0
  69.20656 1.0     8     8     1
  70.12313 1.0     8     8     2
  71.63919 1.0     8     8     3
  73.73980 1.0     8     8     4
  76.40838 1.0     8     8     5
  79.63024 1.0     8     8     6
  83.39637 1.0     8     8     7
  87.70756 1.0     8     8     8
  88.28087 1.0     8     9    -7
  84.54868 1.0     8     9    -6
  81.37307 1.0     8     9    -5
  78.75528 1.0     8     9    -4
  76.70293 1.0     8     9    -3
  75.22641 1.0     8     9    -2
  74.33573 1.0     8     9    -1
  74.03799 1.0     8     9     0
  74.33573 1.0     8     9     1
  75.22641 1.0     8     9     2
  76.70293 1.0     8     9     3
  78.75528 1.0     8     9     4
  81.37307 1.0     8     9     5
  84.54868 1.0     8     9     6
  88.28087 1.0     8     9     7
  90.00000 1.0     8    10    -6
  86.84714 1.0     8    10    -5
  84.26083 1.0     8    10    -4
  82.24138 1.0     8    10    -3
  80.79310 1.0     8    10    -2
  79.92134 1.0     8    10    -1
  79.63024 1.0     8    10     0
  79.92134 1.0     8    10     1
  80.79310 1.0     8    10     2
  82.24138 1.0     8    10     3
  84.26083 1.0     8    10     4
  86.84714 1.0     8    10     5
  90.00000 1.0     8    10     6
  90.28648 1.0     8    11    -4
  88.28087 1.0     8    11    -3
  86.84714 1.0     8    11    -2
  85.98601 1.0     8    11    -1
  85.69878 1.0     8    11     0
  85.98601 1.0     8    11     1
  86.84714 1.0     8    11     2
  88.28087 1.0     8    11     3
  90.28648 1.0     8    11     4
  89.14053 1.0     9   -10    -4
  87.13402 1.0     9   -10    -3
  85.69878 1.0     9   -10    -2
  84.83639 1.0     9   -10    -1
  84.54868 1.0     9   -10     0
  84.83639 1.0     9   -10     1
  85.69878 1.0     9   -10     2
  87.13402 1.0     9   -10     3
  89.14053 1.0     9   -10     4
  89.42703 1.0     9    -9    -6
  86.27315 1.0     9    -9    -5
  83.68468 1.0     9    -9    -4
  81.66272 1.0     9    -9    -3
  80.21218 1.0     9    -9    -2
  79.33887 1.0     9    -9    -1
  79.04722 1.0     9    -9     0
  79.33887 1.0     9    -9     1
  80.21218 1.0     9    -9     2
  81.66272 1.0     9    -9     3
  83.68468 1.0     9    -9     4
  86.27315 1.0     9    -9     5
  89.42703 1.0     9    -9     6
  88.28087 1.0     9    -8    -7
  84.54868 1.0     9    -8    -6
  81.37307 1.0     9    -8    -5
  78.75528 1.0     9    -8    -4
  76.70293 1.0     9    -8    -3
  75.22641 1.0     9    -8    -2
  74.33573 1.0     9    -8    -1
  74.03799 1.0     9    -8     0
  74.33573 1.0     9    -8     1
  75.22641 1.0     9    -8     2
  76.70293 1.0     9    -8     3
  78.75528 1.0     9    -8     4
  81.37307 1.0     9    -8     5
  84.54868 1.0     9    -8     6
  88.28087 1.0     9    -8     7
  88.28087 1.0     9    -7    -8
  83.97283 1.0     9    -7    -7
  80.21218 1.0     9    -7    -6
  76.99712 1.0     9    -7    -5
  74.33573 1.0     9    -7    -4
  72.24184 1.0     9    -7    -3
  70.73122 1.0     9    -7    -2
  69.81820 1.0     9    -7    -1
  69.51268 1.0     9    -7     0
  69.81820 1.0     9    -7     1
  70.73122 1.0     9    -7     2
  72.24184 1.0     9    -7     3
  74.33573 1.0     9    -7     4
  76.99712 1.0     9    -7     5
  80.21218 1.0     9    -7     6
  83.97283 1.0     9    -7     7
  88.28087 1.0     9    -7     8
  89.42703 1.0     9    -6    -9
  84.54868 1.0     9    -6    -8
  80.21218 1.0     9    -6    -7
  76.40838 1.0     9    -6    -6
  73.14204 1.0     9    -6    -5
  70.42746 1.0     9    -6    -4
  68.28438 1.0     9    -6    -3
  66.73403 1.0     9    -6    -2
  65.79517 1.0     9    -6    -1
  65.48068 1.0     9    -6     0
  65.79517 1.0     9    -6     1
  66.73403 1.0     9    -6     2
  68.28438 1.0     9    -6     3
  70.42746 1.0     9    -6     4
  73.14204 1.0     9    -6     5
  76.40838 1.0     9    -6     6
  80.21218 1.0     9    -6     7
  84.54868 1.0     9    -6     8
  89.42703 1.0     9    -6     9
  86.27315 1.0     9    -5    -9
  81.37307 1.0     9    -5    -8
  76.99712 1.0     9    -5    -7
  73.14204 1.0     9    -5    -6
  69.81820 1.0     9    -5    -5
  67.04550 1.0     9    -5    -4
  64.84934 1.0     9    -5    -3
  63.25632 1.0     9    -5    -2
  62.28978 1.0     9    -5    -1
  61.96570 1.0     9    -5     0
  62.28978 1.0     9    -5     1
  63.25632 1.0     9    -5     2
  64.84934 1.0     9    -5     3
  67.04550 1.0     9    -5     4
  69.81820 1.0     9    -5     5
  73.14204 1.0     9    -5     6
  76.99712 1.0     9    -5     7
  81.37307 1.0     9    -5     8
  86.27315 1.0     9    -5     9
  89.14053 1.0     9    -4   -10
  83.68468 1.0     9    -4    -9
  78.75528 1.0     9    -4    -8
  74.33573 1.0     9    -4    -7
  70.42746 1.0     9    -4    -6
  67.04550 1.0     9    -4    -5
  64.21471 1.0     9    -4    -4
  61.96570 1.0     9    -4    -3
  60.33025 1.0     9    -4    -2
  59.33617 1.0     9    -4    -1
  59.00255 1.0     9    -4     0
  59.33617 1.0     9    -4     1
  60.33025 1.0     9    -4     2
  61.96570 1.0     9    -4     3
  64.21471 1.0     9    -4     4
  67.04550 1.0     9    -4     5
  70.42746 1.0     9    -4     6
  74.33573 1.0     9    -4     7
  78.75528 1.0     9    -4     8
  83.68468 1.0     9    -4     9
  89.14053 1.0     9    -4    10
  87.13402 1.0     9    -3   -10
  81.66272 1.0     9    -3    -9
  76.70293 1.0     9    -3    -8
  72.24184 1.0     9    -3    -7
  68.28438 1.0     9    -3    -6
  64.84934 1.0     9    -3    -5
  61.96570 1.0     9    -3    -4
  59.66865 1.0     9    -3    -3
  57.99455 1.0     9    -3    -2
  56.97534 1.0     9    -3    -1
  56.63299 1.0     9    -3     0
  56.97534 1.0     9    -3     1
  57.99455 1.0     9    -3     2
  59.66865 1.0     9    -3     3
  61.96570 1.0     9    -3     4
  64.84934 1.0     9    -3     5
  68.28438 1.0     9    -3     6
  72.24184 1.0     9    -3     7
  76.70293 1.0     9    -3     8
  81.66272 1.0     9    -3     9
  87.13402 1.0     9    -3    10
  85.69878 1.0     9    -2   -10
  80.21218 1.0     9    -2    -9
  75.22641 1.0     9    -2    -8
  70.73122 1.0     9    -2    -7
  66.73403 1.0     9    -2    -6
  63.25632 1.0     9    -2    -5
  60.33025 1.0     9    -2    -4
  57.99455 1.0     9    -2    -3
  56.28929 1.0     9    -2    -2
  55.24977 1.0     9    -2    -1
  54.90037 1.0     9    -2     0
  55.24977 1.0     9    -2     1
  56.28929 1.0     9    -2     2
  57.99455 1.0     9    -2     3
  60.33025 1.0     9    -2     4
  63.25632 1.0     9    -2     5
  66.73403 1.0     9    -2     6
  70.73122 1.0     9    -2     7
  75.22641 1.0     9    -2     8
  80.21218 1.0     9    -2     9
  85.69878 1.0     9    -2    10
  84.83639 1.0     9    -1   -10
  79.33887 1.0     9    -1    -9
  74.33573 1.0     9    -1    -8
  69.81820 1.0     9    -1    -7
  65.79517 1.0     9    -1    -6
  62.28978 1.0     9    -1    -5
  59.33617 1.0     9    -1    -4
  56.97534 1.0     9    -1    -3
  55.24977 1.0     9    -1    -2
  54.19701 1.0     9    -1    -1
  53.84299 1.0     9    -1     0
  54.19701 1.0     9    -1     1
  55.24977 1.0     9    -1     2
  56.97534 1.0     9    -1     3
  59.33617 1.0     9    -1     4
  62.28978 1.0     9    -1     5
  65.79517 1.0     9    -1     6
  69.81820 1.0     9    -1     7
  74.33573 1.0     9    -1     8
  79.33887 1.0     9    -1     9
  84.83639 1.0     9    -1    10
  84.54868 1.0     9     0   -10
  79.04722 1.0     9     0    -9
  74.03799 1.0     9     0    -8
  69.51268 1.0     9     0    -7
  65.48068 1.0     9     0    -6
  61.96570 1.0     9     0    -5
  59.00255 1.0     9     0    -4
  56.63299 1.0     9     0    -3
  54.90037 1.0     9     0    -2
  53.84299 1.0     9     0    -1
  53.48737 1.0     9     0     0
  53.84299 1.0     9     0     1
  54.90037 1.0     9     0     2
  56.63299 1.0     9     0     3
  59.00255 1.0     9     0     4
  61.96570 1.0     9     0     5
  65.48068 1.0     9     0     6
  69.51268 1.0     9     0     7
  74.03799 1.0     9     0     8
  79.04722 1.0     9     0     9
  84.54868 1.0     9     0    10
  84.83639 1.0     9     1   -10
  79.33887 1.0     9     1    -9
  74.33573 1.0     9     1    -8
  69.81820 1.0     9     1    -7
  65.79517 1.0     9     1    -6
  62.28978 1.0     9     1    -5
  59.33617 1.0     9     1    -4
  56.97534 1.0     9     1    -3
  55.24977 1.0     9     1    -2
  54.19701 1.0     9     1    -1
  53.84299 1.0     9     1     0
  54.19701 1.0     9     1     1
  55.24977 1.0     9     1     2
  56.97534 1.0     9     1     3
  59.33617 1.0     9     1     4
  62.28978 1.0     9     1     5
  65.79517 1.0     9     1     6
  69.81820 1.0     9     1     7
  74.33573 1.0     9     1     8
  79.33887 1.0     9     1     9
  84.83639 1.0     9     1    10
  85.69878 1.0     9     2   -10
  80.21218 1.0     9     2    -9
  75.22641 1.0     9     2    -8
  70.73122 1.0     9     2    -7
  66.73403 1.0     9     2    -6
  63.25632 1.0     9     2    -5
  60.33025 1.0     9     2    -4
  57.99455 1.0     9     2    -3
  56.28929 1.0     9     2    -2
  55.24977 1.0     9     2    -1
  54.90037 1.0     9     2     0
  55.24977 1.0     9     2     1
  56.28929 1.0     9     2     2
  57.99455 1.0     9     2     3
  60.33025 1.0     9     2     4
  63.25632 1.0     9     2     5
  66.73403 1.0     9     2     6
  70.73122 1.0     9     2     7
  75.22641 1.0     9     2     8
  80.21218 1.0     9     2     9
  85.69878 1.0     9     2    10
  87.13402 1.0     9     3   -10
  81.66272 1.0     9     3    -9
  76.70293 1.0     9     3    -8
  72.24184 1.0     9     3    -7
  68.28438 1.0     9     3    -6
  64.84934 1.0     9     3    -5
  61.96570 1.0     9     3    -4
  59.66865 1.0     9     3    -3
  57.99455 1.0     9     3    -2
  56.97534 1.0     9     3    -1
  56.63299 1.0     9     3     0
  56.97534 1.0     9     3     1
  57.99455 1.0     9     3     2
  59.66865 1.0     9     3     3
  61.96570 1.0     9     3     4
  64.84934 1.0     9     3     5
  68.28438 1.0     9     3     6
  72.24184 1.0     9     3     7
  76.70293 1.0     9     3     8
  81.66272 1.0     9     3     9
  87.13402 1.0     9     3    10
  89.14053 1.0     9     4   -10
  83.68468 1.0     9     4    -9
  78.75528 1.0     9     4    -8
  74.33573 1.0     9     4    -7
  70.42746 1.0     9     4    -6
  67.04550 1.0     9     4    -5
  64.21471 1.0     9     4    -4
  61.96570 1.0     9     4    -3
  60.33025 1.0     9     4    -2
  59.33617 1.0     9     4    -1
  59.00255 1.0     9     4     0
  59.33617 1.0     9     4     1
  60.33025 1.0     9     4     2
  61.96570 1.0     9     4     3
  64.21471 1.0     9     4     4
  67.04550 1.0     9     4     5
  70.42746 1.0     9     4     6
  74.33573 1.0     9     4     7
  78.75528 1.0     9     4     8
  83.68468 1.0     9     4     9
  89.14053 1.0     9     4    10
  86.27315 1.0     9     5    -9
  81.37307 1.0     9     5    -8
  76.99712 1.0     9     5    -7
  73.14204 1.0     9     5    -6
  69.81820 1.0     9     5    -5
  67.04550 1.0     9     5    -4
  64.84934 1.0     9     5    -3
  63.25632 1.0     9     5    -2
  62.28978 1.0     9     5    -1
  61.96570 1.0     9     5     0
  62.28978 1.0     9     5     1
  63.25632 1.0     9     5     2
  64.84934 1.0     9     5     3
  67.04550 1.0     9     5     4
  69.81820 1.0     9     5     5
  73.14204 1.0     9     5     6
  76.99712 1.0     9     5     7
  81.37307 1.0     9     5     8
  86.27315 1.0     9     5     9
  89.42703 1.0     9     6    -9
  84.54868 1.0     9     6    -8
  80.21218 1.0     9     6    -7
  76.40838 1.0     9     6    -6
  73.14204 1.0     9     6    -5
  70.42746 1.0     9     6    -4
  68.28438 1.0     9     6    -3
  66.73403 1.0     9     6    -2
  65.79517 1.0     9     6    -1
  65.48068 1.0     9     6     0
  65.79517 1.0     9     6     1
  66.73403 1.0     9     6     2
  68.28438 1.0     9     6     3
  70.42746 1.0     9     6     4
  73.14204 1.0     9     6     5
  76.40838 1.0     9     6     6
  80.21218 1.0     9     6     7
  84.54868 1.0     9     6     8
  89.42703 1.0     9     6     9
  88.28087 1.0     9     7    -8
  83.97283 1.0     9     7    -7
  80.21218 1.0     9     7    -6
  76.99712 1.0     9     7    -5
  74.33573 1.0     9     7    -4
  72.24184 1.0     9     7    -3
  70.73122 1.0     9     7    -2
  69.81820 1.0     9     7    -1
  69.51268 1.0     9     7     0
  69.81820 1.0     9     7     1
  70.73122 1.0     9     7     2
  72.24184 1.0     9     7     3
  74.33573 1.0     9     7     4
  76.99712 1.0     9     7     5
  80.21218 1.0     9     7     6
  83.97283 1.0     9     7     7
  88.28087 1.0     9     7     8
  88.28087 1.0     9     8    -7
  84.54868 1.0     9     8    -6
  81.37307 1.0     9     8    -5
  78.75528 1.0     9     8    -4
  76.70293 1.0     9     8    -3
  75.22641 1.0     9     8    -2
  74.33573 1.0     9     8    -1
  74.03799 1.0     9     8     0
  74.33573 1.0     9     8     1
  75.22641 1.0     9     8     2
  76.70293 1.0     9     8     3
  78.75528 1.0     9     8     4
  81.37307 1.0     9     8     5
  84.54868 1.0     9     8     6
  88.28087 1.0     9     8     7
  89.42703 1.0     9     9    -6
  86.27315 1.0     9     9    -5
  83.68468 1.0     9     9    -4
  81.66272 1.0     9     9    -3
  80.21218 1.0     9     9    -2
  79.33887 1.0     9     9    -1
  79.04722 1.0     9     9     0
  79.33887 1.0     9     9     1
  80.21218 1.0     9     9     2
  81.66272 1.0     9     9     3
  83.68468 1.0     9     9     4
  86.27315 1.0     9     9     5
  89.42703 1.0     9     9     6
  89.14053 1.0     9    10    -4
  87.13402 1.0     9    10    -3
  85.69878 1.0     9    10    -2
  84.83639 1.0     9    10    -1
  84.54868 1.0     9    10     0
  84.83639 1.0     9    10     1
  85.69878 1.0     9    10     2
  87.13402 1.0     9    10     3
  89.14053 1.0     9    10     4
  90.28648 1.0    10   -10    -1
  90.00000 1.0    10   -10     0
  90.28648 1.0    10   -10     1
  89.14053 1.0    10    -9    -4
  87.13402 1.0    10    -9    -3
  85.69878 1.0    10    -9    -2
  84.83639 1.0    10    -9    -1
  84.54868 1.0    10    -9     0
  84.83639 1.0    10    -9     1
  85.69878 1.0    10    -9     2
  87.13402 1.0    10    -9     3
  89.14053 1.0    10    -9     4
  90.00000 1.0    10    -8    -6
  86.84714 1.0    10    -8    -5
  84.26083 1.0    10    -8    -4
  82.24138 1.0    10    -8    -3
  80.79310 1.0    10    -8    -2
  79.92134 1.0    10    -8    -1
  79.63024 1.0    10    -8     0
  79.92134 1.0    10    -8     1
  80.79310 1.0    10    -8     2
  82.24138 1.0    10    -8     3
  84.26083 1.0    10    -8     4
  86.84714 1.0    10    -8     5
  90.00000 1.0    10    -8     6
  89.42703 1.0    10    -7    -7
  85.69878 1.0    10    -7    -6
  82.53041 1.0    10    -7    -5
  79.92134 1.0    10    -7    -4
  77.87765 1.0    10    -7    -3
  76.40838 1.0    10    -7    -2
  75.52249 1.0    10    -7    -1
  75.22641 1.0    10    -7     0
  75.52249 1.0    10    -7     1
  76.40838 1.0    10    -7     2
  77.87765 1.0    10    -7     3
  79.92134 1.0    10    -7     4
  82.53041 1.0    10    -7     5
  85.69878 1.0    10    -7     6
  89.42703 1.0    10    -7     7
  90.00000 1.0    10    -6    -8
  85.69878 1.0    10    -6    -7
  81.95215 1.0    10    -6    -6
  78.75528 1.0    10    -6    -5
  76.11346 1.0    10    -6    -4
  74.03799 1.0    10    -6    -3
  72.54240 1.0    10    -6    -2
  71.63919 1.0    10    -6    -1
  71.33708 1.0    10    -6     0
  71.63919 1.0    10    -6     1
  72.54240 1.0    10    -6     2
  74.03799 1.0    10    -6     3
  76.11346 1.0    10    -6     4
  78.75528 1.0    10    -6     5
  81.95215 1.0    10    -6     6
  85.69878 1.0    10    -6     7
  90.00000 1.0    10    -6     8
  86.84714 1.0    10    -5    -8
  82.53041 1.0    10    -5    -7
  78.75528 1.0    10    -5    -6
  75.52249 1.0    10    -5    -5
  72.84246 1.0    10    -5    -4
  70.73122 1.0    10    -5    -3
  69.20656 1.0    10    -5    -2
  68.28438 1.0    10    -5    -1
  67.97569 1.0    10    -5     0
  68.28438 1.0    10    -5     1
  69.20656 1.0    10    -5     2
  70.73122 1.0    10    -5     3
  72.84246 1.0    10    -5     4
  75.52249 1.0    10    -5     5
  78.75528 1.0    10    -5     6
  82.53041 1.0    10    -5     7
  86.84714 1.0    10    -5     8
  89.14053 1.0    10    -4    -9
  84.26083 1.0    10    -4    -8
  79.92134 1.0    10    -4    -7
  76.11346 1.0    10    -4    -6
  72.84246 1.0    10    -4    -5
  70.12313 1.0    10    -4    -4
  67.97569 1.0    10    -4    -3
  66.42182 1.0    10    -4    -2
  65.48068 1.0    10    -4    -1
  65.16541 1.0    10    -4     0
  65.48068 1.0    10    -4     1
  66.42182 1.0    10    -4     2
  67.97569 1.0    10    -4     3
  70.12313 1.0    10    -4     4
  72.84246 1.0    10    -4     5
  76.11346 1.0    10    -4     6
  79.92134 1.0    10    -4     7
  84.26083 1.0    10    -4     8
  89.14053 1.0    10    -4     9
  87.13402 1.0    10    -3    -9
  82.24138 1.0    10    -3    -8
  77.87765 1.0    10    -3    -7
  74.03799 1.0    10    -3    -6
  70.73122 1.0    10    -3    -5
  67.97569 1.0    10    -3    -4
  65.79517 1.0    10    -3    -3
  64.21471 1.0    10    -3    -2
  63.25632 1.0    10    -3    -1
  62.93507 1.0    10    -3     0
  63.25632 1.0    10    -3     1
  64.21471 1.0    10    -3     2
  65.79517 1.0    10    -3     3
  67.97569 1.0    10    -3     4
  70.73122 1.0    10    -3     5
  74.03799 1.0    10    -3     6
  77.87765 1.0    10    -3     7
  82.24138 1.0    10    -3     8
  87.13402 1.0    10    -3     9
  85.69878 1.0    10    -2    -9
  80.79310 1.0    10    -2    -8
  76.40838 1.0    10    -2    -7
  72.54240 1.0    10    -2    -6
  69.20656 1.0    10    -2    -5
  66.42182 1.0    10    -2    -4
  64.21471 1.0    10    -2    -3
  62.61289 1.0    10    -2    -2
  61.64065 1.0    10    -2    -1
  61.31460 1.0    10    -2     0
  61.64065 1.0    10    -2     1
  62.61289 1.0    10    -2     2
  64.21471 1.0    10    -2     3
  66.42182 1.0    10    -2     4
  69.20656 1.0    10    -2     5
  72.54240 1.0    10    -2     6
  76.40838 1.0    10    -2     7
  80.79310 1.0    10    -2     8
  85.69878 1.0    10    -2     9
  90.28648 1.0    10    -1   -10
  84.83639 1.0    10    -1    -9
  79.92134 1.0    10    -1    -8
  75.52249 1.0    10    -1    -7
  71.63919 1.0    10    -1    -6
  68.28438 1.0    10    -1    -5
  65.48068 1.0    10    -1    -4
  63.25632 1.0    10    -1    -3
  61.64065 1.0    10    -1    -2
  60.65942 1.0    10    -1    -1
  60.33025 1.0    10    -1     0
  60.65942 1.0    10    -1     1
  61.64065 1.0    10    -1     2
  63.25632 1.0    10    -1     3
  65.48068 1.0    10    -1     4
  68.28438 1.0    10    -1     5
  71.63919 1.0    10    -1     6
  75.52249 1.0    10    -1     7
  79.92134 1.0    10    -1     8
  84.83639 1.0    10    -1     9
  90.28648 1.0    10    -1    10
  90.00000 1.0    10     0   -10
  84.54868 1.0    10     0    -9
  79.63024 1.0    10     0    -8
  75.22641 1.0    10     0    -7
  71.33708 1.0    10     0    -6
  67.97569 1.0    10     0    -5
  65.16541 1.0    10     0    -4
  62.93507 1.0    10     0    -3
  61.31460 1.0    10     0    -2
  60.33025 1.0    10     0    -1
  60.00000 1.0    10     0     0
  60.33025 1.0    10     0     1
  61.31460 1.0    10     0     2
  62.93507 1.0    10     0     3
  65.16541 1.0    10     0     4
  67.97569 1.0    10     0     5
  71.33708 1.0    10     0     6
  75.22641 1.0    10     0     7
  79.63024 1.0    10     0     8
  84.54868 1.0    10     0     9
  90.00000 1.0    10     0    10
  90.28648 1.0    10     1   -10
  84.83639 1.0    10     1    -9
  79.92134 1.0    10     1    -8
  75.52249 1.0    10     1    -7
  71.63919 1.0    10     1    -6
  68.28438 1.0    10     1    -5
  65.48068 1.0    10     1    -4
  63.25632 1.0    10     1    -3
  61.64065 1.0    10     1    -2
  60.65942 1.0    10     1    -1
  60.33025 1.0    10     1     0
  60.65942 1.0    10     1     1
  61.64065 1.0    10     1     2
  63.25632 1.0    10     1     3
  65.48068 1.0    10     1     4
  68.28438 1.0    10     1     5
  71.63919 1.0    10     1     6
  75.52249 1.0    10     1     7
  79.92134 1.0    10     1     8
  84.83639 1.0    10     1     9
  90.28648 1.0    10     1    10
  85.69878 1.0    10     2    -9
  80.79310 1.0    10     2    -8
  76.40838 1.0    10     2    -7
  72.54240 1.0    10     2    -6
  69.20656 1.0    10     2    -5
  66.42182 1.0    10     2    -4
  64.21471 1.0    10     2    -3
  62.61289 1.0    10     2    -2
  61.64065 1.0    10     2    -1
  61.31460 1.0    10     2     0
  61.64065 1.0    10     2     1
  62.61289 1.0    10     2     2
  64.21471 1.0    10     2     3
  66.42182 1.0    10     2     4
  69.20656 1.0    10     2     5
  72.54240 1.0    10     2     6
  76.40838 1.0    10     2     7
  80.79310 1.0    10     2     8
  85.69878 1.0    10     2     9
  87.13402 1.0    10     3    -9
  82.24138 1.0    10     3    -8
  77.87765 1.0    10     3    -7
  74.03799 1.0    10     3    -6
  70.73122 1.0    10     3    -5
  67.97569 1.0    10     3    -4
  65.79517 1.0    10     3    -3
  64.21471 1.0    10     3    -2
  63.25632 1.0    10     3    -1
  62.93507 1.0    10     3     0
  63.25632 1.0    10     3     1
  64.21471 1.0    10     3     2
  65.79517 1.0    10     3     3
  67.97569 1.0    10     3     4
  70.73122 1.0    10     3     5
  74.03799 1.0    10     3     6
  77.87765 1.0    10     3     7
  82.24138 1.0    10     3     8
  87.13402 1.0    10     3     9
  89.14053 1.0    10     4    -9
  84.26083 1.0    10     4    -8
  79.92134 1.0    10     4    -7
  76.11346 1.0    10     4    -6
  72.84246 1.0    10     4    -5
  70.12313 1.0    10     4    -4
  67.97569 1.0    10     4    -3
  66.42182 1.0    10     4    -2
  65.48068 1.0    10     4    -1
  65.16541 1.0    10     4     0
  65.48068 1.0    10     4     1
  66.42182 1.0    10     4     2
  67.97569 1.0    10     4     3
  70.12313 1.0    10     4     4
  72.84246 1.0    10     4     5
  76.11346 1.0    10     4     6
  79.92134 1.0    10     4     7
  84.26083 1.0    10     4     8
  89.14053 1.0    10     4     9
  86.84714 1.0    10     5    -8
  82.53041 1.0    10     5    -7
  78.75528 1.0    10     5    -6
  75.52249 1.0    10     5    -5
  72.84246 1.0    10     5    -4
  70.73122 1.0    10     5    -3
  69.20656 1.0    10     5    -2
  68.28438 1.0    10     5    -1
  67.97569 1.0    10     5     0
  68.28438 1.0    10     5     1
  69.20656 1.0    10     5     2
  70.73122 1.0    10     5     3
  72.84246 1.0    10     5     4
  75.52249 1.0    10     5     5
  78.75528 1.0    10     5     6
  82.53041 1.0    10     5     7
  86.84714 1.0    10     5     8
  90.00000 1.0    10     6    -8
  85.69878 1.0    10     6    -7
  81.95215 1.0    10     6    -6
  78.75528 1.0    10     6    -5
  76.11346 1.0    10     6    -4
  74.03799 1.0    10     6    -3
  72.54240 1.0    10     6    -2
  71.63919 1.0    10     6    -1
  71.33708 1.0    10     6     0
  71.63919 1.0    10     6     1
  72.54240 1.0    10     6     2
  74.03799 1.0    10     6     3
  76.11346 1.0    10     6     4
  78.75528 1.0    10     6     5
  81.95215 1.0    10     6     6
  85.69878 1.0    10     6     7
  90.00000 1.0    10     6     8
  89.42703 1.0    10     7    -7
  85.69878 1.0    10     7    -6
  82.53041 1.0    10     7    -5
  79.92134 1.0    10     7    -4
  77.87765 1.0    10     7    -3
  76.40838 1.0    10     7    -2
  75.52249 1.0    10     7    -1
  75.22641 1.0    10     7     0
  75.52249 1.0    10     7     1
  76.40838 1.0    10     7     2
  77.87765 1.0    10     7     3
  79.92134 1.0    10     7     4
  82.53041 1.0    10     7     5
  85.69878 1.0    10     7     6
  89.42703 1.0    10     7     7
  90.00000 1.0    10     8    -6
  86.84714 1.0    10     8    -5
  84.26083 1.0    10     8    -4
  82.24138 1.0    10     8    -3
  80.79310 1.0    10     8    -2
  79.92134 1.0    10     8    -1
  79.63024 1.0    10     8     0
  79.92134 1.0    10     8     1
  80.79310 1.0    10     8     2
  82.24138 1.0    10     8     3
  84.26083 1.0    10     8     4
  86.84714 1.0    10     8     5
  90.00000 1.0    10     8     6
  89.14053 1.0    10     9    -4
  87.13402 1.0    10     9    -3
  85.69878 1.0    10     9    -2
  84.83639 1.0    10     9    -1
  84.54868 1.0    10     9     0
  84.83639 1.0    10     9     1
  85.69878 1.0    10     9     2
  87.13402 1.0    10     9     3
  89.14053 1.0    10     9     4
  90.28648 1.0    10    10    -1
  90.00000 1.0    10    10     0
  90.28648 1.0    10    10     1
  90.28648 1.0    11    -8    -4
  88.28087 1.0    11    -8    -3
  86.84714 1.0    11    -8    -2
  85.98601 1.0    11    -8    -1
  85.69878 1.0    11    -8     0
  85.98601 1.0    11    -8     1
  86.84714 1.0    11    -8     2
  88.28087 1.0    11    -8     3
  90.28648 1.0    11    -8     4
  88.56746 1.0    11    -7    -5
  85.98601 1.0    11    -7    -4
  83.97283 1.0    11    -7    -3
  82.53041 1.0    11    -7    -2
  81.66272 1.0    11    -7    -1
  81.37307 1.0    11    -7     0
  81.66272 1.0    11    -7     1
  82.53041 1.0    11    -7     2
  83.97283 1.0    11    -7     3
  85.98601 1.0    11    -7     4
  88.56746 1.0    11    -7     5
  87.99424 1.0    11    -6    -6
  84.83639 1.0    11    -6    -5
  82.24138 1.0    11    -6    -4
  80.21218 1.0    11    -6    -3
  78.75528 1.0    11    -6    -2
  77.87765 1.0    11    -6    -1
  77.58447 1.0    11    -6     0
  77.87765 1.0    11    -6     1
  78.75528 1.0    11    -6     2
  80.21218 1.0    11    -6     3
  82.24138 1.0    11    -6     4
  84.83639 1.0    11    -6     5
  87.99424 1.0    11    -6     6
  88.56746 1.0    11    -5    -7
  84.83639 1.0    11    -5    -6
  81.66272 1.0    11    -5    -5
  79.04722 1.0    11    -5    -4
  76.99712 1.0    11    -5    -3
  75.52249 1.0    11    -5    -2
  74.63305 1.0    11    -5    -1
  74.33573 1.0    11    -5     0
  74.63305 1.0    11    -5     1
  75.52249 1.0    11    -5     2
  76.99712 1.0    11    -5     3
  79.04722 1.0    11    -5     4
  81.66272 1.0    11    -5     5
  84.83639 1.0    11    -5     6
  88.56746 1.0    11    -5     7
  90.28648 1.0    11    -4    -8
  85.98601 1.0    11    -4    -7
  82.24138 1.0    11    -4    -6
  79.04722 1.0    11    -4    -5
  76.40838 1.0    11    -4    -4
  74.33573 1.0    11    -4    -3
  72.84246 1.0    11    -4    -2
  71.94077 1.0    11    -4    -1
  71.63919 1.0    11    -4     0
  71.94077 1.0    11    -4     1
  72.84246 1.0    11    -4     2
  74.33573 1.0    11    -4     3
  76.40838 1.0    11    -4     4
  79.04722 1.0    11    -4     5
  82.24138 1.0    11    -4     6
  85.98601 1.0    11    -4     7
  90.28648 1.0    11    -4     8
  88.28087 1.0    11    -3    -8
  83.97283 1.0    11    -3    -7
  80.21218 1.0    11    -3    -6
  76.99712 1.0    11    -3    -5
  74.33573 1.0    11    -3    -4
  72.24184 1.0    11    -3    -3
  70.73122 1.0    11    -3    -2
  69.81820 1.0    11    -3    -1
  69.51268 1.0    11    -3     0
  69.81820 1.0    11    -3     1
  70.73122 1.0    11    -3     2
  72.24184 1.0    11    -3     3
  74.33573 1.0    11    -3     4
  76.99712 1.0    11    -3     5
  80.21218 1.0    11    -3     6
  83.97283 1.0    11    -3     7
  88.28087 1.0    11    -3     8
  86.84714 1.0    11    -2    -8
  82.53041 1.0    11    -2    -7
  78.75528 1.0    11    -2    -6
  75.52249 1.0    11    -2    -5
  72.84246 1.0    11    -2    -4
  70.73122 1.0    11    -2    -3
  69.20656 1.0    11    -2    -2
  68.28438 1.0    11    -2    -1
  67.97569 1.0    11    -2     0
  68.28438 1.0    11    -2     1
  69.20656 1.0    11    -2     2
  70.73122 1.0    11    -2     3
  72.84246 1.0    11    -2     4
  75.52249 1.0    11    -2     5
  78.75528 1.0    11    -2     6
  82.53041 1.0    11    -2     7
  86.84714 1.0    11    -2     8
  85.98601 1.0    11    -1    -8
  81.66272 1.0    11    -1    -7
  77.87765 1.0    11    -1    -6
  74.63305 1.0    11    -1    -5
  71.94077 1.0    11    -1    -4
  69.81820 1.0    11    -1    -3
  68.28438 1.0    11    -1    -2
  67.35626 1.0    11    -1    -1
  67.04550 1.0    11    -1     0
  67.35626 1.0    11    -1     1
  68.28438 1.0    11    -1     2
  69.81820 1.0    11    -1     3
  71.94077 1.0    11    -1     4
  74.63305 1.0    11    -1     5
  77.87765 1.0    11    -1     6
  81.66272 1.0    11    -1     7
  85.98601 1.0    11    -1     8
  85.69878 1.0    11     0    -8
  81.37307 1.0    11     0    -7
  77.58447 1.0    11     0    -6
  74.33573 1.0    11     0    -5
  71.63919 1.0    11     0    -4
  69.51268 1.0    11     0    -3
  67.97569 1.0    11     0    -2
  67.04550 1.0    11     0    -1
  66.73403 1.0    11     0     0
  67.04550 1.0    11     0     1
  67.97569 1.0    11     0     2
  69.51268 1.0    11     0     3
  71.63919 1.0    11     0     4
  74.33573 1.0    11     0     5
  77.58447 1.0    11     0     6
  81.37307 1.0    11     0     7
  85.69878 1.0    11     0     8
  85.98601 1.0    11     1    -8
  81.66272 1.0    11     1    -7
  77.87765 1.0    11     1    -6
  74.63305 1.0    11     1    -5
  71.94077 1.0    11     1    -4
  69.81820 1.0    11     1    -3
  68.28438 1.0    11     1    -2
  67.35626 1.0    11     1    -1
  67.04550 1.0    11     1     0
  67.35626 1.0    11     1     1
  68.28438 1.0    11     1     2
  69.81820 1.0    11     1     3
  71.94077 1.0    11     1     4
  74.63305 1.0    11     1     5
  77.87765 1.0    11     1     6
  81.66272 1.0    11     1     7
  85.98601 1.0    11     1     8
  86.84714 1.0    11     2    -8
  82.53041 1.0    11     2    -7
  78.75528 1.0    11     2    -6
  75.52249 1.0    11     2    -5
  72.84246 1.0    11     2    -4
  70.73122 1.0    11     2    -3
  69.20656 1.0    11     2    -2
  68.28438 1.0    11     2    -1
  67.97569 1.0    11     2     0
  68.28438 1.0    11     2     1
  69.20656 1.0    11     2     2
  70.73122 1.0    11     2     3
  72.84246 1.0    11     2     4
  75.52249 1.0    11     2     5
  78.75528 1.0    11     2     6
  82.53041 1.0    11     2     7
  86.84714 1.0    11     2     8
  88.28087 1.0    11     3    -8
  83.97283 1.0    11     3    -7
  80.21218 1.0    11     3    -6
  76.99712 1.0    11     3    -5
  74.33573 1.0    11     3    -4
  72.24184 1.0    11     3    -3
  70.73122 1.0    11     3    -2
  69.81820 1.0    11     3    -1
  69.51268 1.0    11     3     0
  69.81820 1.0    11     3     1
  70.73122 1.0    11     3     2
  72.24184 1.0    11     3     3
  74.33573 1.0    11     3     4
  76.99712 1.0    11     3     5
  80.21218 1.0    11     3     6
  83.97283 1.0    11     3     7
  88.28087 1.0    11     3     8
  90.28648 1.0    11     4    -8
  85.98601 1.0    11     4    -7
  82.24138 1.0    11     4    -6
  79.04722 1.0    11     4    -5
  76.40838 1.0    11     4    -4
  74.33573 1.0    11     4    -3
  72.84246 1.0    11     4    -2
  71.94077 1.0    11     4    -1
  71.63919 1.0    11     4     0
  71.94077 1.0    11     4     1
  72.84246 1.0    11     4     2
  74.33573 1.0    11     4     3
  76.40838 1.0    11     4     4
  79.04722 1.0    11     4     5
  82.24138 1.0    11     4     6
  85.98601 1.0    11     4     7
  90.28648 1.0    11     4     8
  88.56746 1.0    11     5    -7
  84.83639 1.0    11     5    -6
  81.66272 1.0    11     5    -5
  79.04722 1.0    11     5    -4
  76.99712 1.0    11     5    -3
  75.52249 1.0    11     5    -2
  74.63305 1.0    11     5    -1
  74.33573 1.0    11     5     0
  74.63305 1.0    11     5     1
  75.52249 1.0    11     5     2
  76.99712 1.0    11     5     3
  79.04722 1.0    11     5     4
  81.66272 1.0    11     5     5
  84.83639 1.0    11     5     6
  88.56746 1.0    11     5     7
  87.99424 1.0    11     6    -6
  84.83639 1.0    11     6    -5
  82.24138 1.0    11     6    -4
  80.21218 1.0    11     6    -3
  78.75528 1.0    11     6    -2
  77.87765 1.0    11     6    -1
  77.58447 1.0    11     6     0
  77.87765 1.0    11     6     1
  78.75528 1.0    11     6     2
  80.21218 1.0    11     6     3
  82.24138 1.0    11     6     4
  84.83639 1.0    11     6     5
  87.99424 1.0    11     6     6
  88.56746 1.0    11     7    -5
  85.98601 1.0    11     7    -4
  83.97283 1.0    11     7    -3
  82.53041 1.0    11     7    -2
  81.66272 1.0    11     7    -1
  81.37307 1.0    11     7     0
  81.66272 1.0    11     7     1
  82.53041 1.0    11     7     2
  83.97283 1.0    11     7     3
  85.98601 1.0    11     7     4
  88.56746 1.0    11     7     5
  90.28648 1.0    11     8    -4
  88.28087 1.0    11     8    -3
  86.84714 1.0    11     8    -2
  85.98601 1.0    11     8    -1
  85.69878 1.0    11     8     0
  85.98601 1.0    11     8     1
  86.84714 1.0    11     8     2
  88.28087 1.0    11     8     3
  90.28648 1.0    11     8     4
  89.14053 1.0    12    -7    -2
  88.28087 1.0    12    -7    -1
  87.99424 1.0    12    -7     0
  88.28087 1.0    12    -7     1
  89.14053 1.0    12    -7     2
  88.85401 1.0    12    -6    -4
  86.84714 1.0    12    -6    -3
  85.41143 1.0    12    -6    -2
  84.54868 1.0    12    -6    -1
  84.26083 1.0    12    -6     0
  84.54868 1.0    12    -6     1
  85.41143 1.0    12    -6     2
  86.84714 1.0    12    -6     3
  88.85401 1.0    12    -6     4
  88.28087 1.0    12    -5    -5
  85.69878 1.0    12    -5    -4
  83.68468 1.0    12    -5    -3
  82.24138 1.0    12    -5    -2
  81.37307 1.0    12    -5    -1
  81.08320 1.0    12    -5     0
  81.37307 1.0    12    -5     1
  82.24138 1.0    12    -5     2
  83.68468 1.0    12    -5     3
  85.69878 1.0    12    -5     4
  88.28087 1.0    12    -5     5
  88.85401 1.0    12    -4    -6
  85.69878 1.0    12    -4    -5
  83.10790 1.0    12    -4    -4
  81.08320 1.0    12    -4    -3
  79.63024 1.0    12    -4    -2
  78.75528 1.0    12    -4    -1
  78.46304 1.0    12    -4     0
  78.75528 1.0    12    -4     1
  79.63024 1.0    12    -4     2
  81.08320 1.0    12    -4     3
  83.10790 1.0    12    -4     4
  85.69878 1.0    12    -4     5
  88.85401 1.0    12    -4     6
  86.84714 1.0    12    -3    -6
  83.68468 1.0    12    -3    -5
  81.08320 1.0    12    -3    -4
  79.04722 1.0    12    -3    -3
  77.58447 1.0    12    -3    -2
  76.70293 1.0    12    -3    -1
  76.40838 1.0    12    -3     0
  76.70293 1.0    12    -3     1
  77.58447 1.0    12    -3     2
  79.04722 1.0    12    -3     3
  81.08320 1.0    12    -3     4
  83.68468 1.0    12    -3     5
  86.84714 1.0    12    -3     6
  89.14053 1.0    12    -2    -7
  85.41143 1.0    12    -2    -6
  82.24138 1.0    12    -2    -5
  79.63024 1.0    12    -2    -4
  77.58447 1.0    12    -2    -3
  76.11346 1.0    12    -2    -2
  75.22641 1.0    12    -2    -1
  74.92994 1.0    12    -2     0
  75.22641 1.0    12    -2     1
  76.11346 1.0    12    -2     2
  77.58447 1.0    12    -2     3
  79.63024 1.0    12    -2     4
  82.24138 1.0    12    -2     5
  85.41143 1.0    12    -2     6
  89.14053 1.0    12    -2     7
  88.28087 1.0    12    -1    -7
  84.54868 1.0    12    -1    -6
  81.37307 1.0    12    -1    -5
  78.75528 1.0    12    -1    -4
  76.70293 1.0    12    -1    -3
  75.22641 1.0    12    -1    -2
  74.33573 1.0    12    -1    -1
  74.03799 1.0    12    -1     0
  74.33573 1.0    12    -1     1
  75.22641 1.0    12    -1     2
  76.70293 1.0    12    -1     3
  78.75528 1.0    12    -1     4
  81.37307 1.0    12    -1     5
  84.54868 1.0    12    -1     6
  88.28087 1.0    12    -1     7
  87.99424 1.0    12     0    -7
  84.26083 1.0    12     0    -6
  81.08320 1.0    12     0    -5
  78.46304 1.0    12     0    -4
  76.40838 1.0    12     0    -3
  74.92994 1.0    12     0    -2
  74.03799 1.0    12     0    -1
  73.73980 1.0    12     0     0
  74.03799 1.0    12     0     1
  74.92994 1.0    12     0     2
  76.40838 1.0    12     0     3
  78.46304 1.0    12     0     4
  81.08320 1.0    12     0     5
  84.26083 1.0    12     0     6
  87.99424 1.0    12     0     7
  88.28087 1.0    12     1    -7
  84.54868 1.0    12     1    -6
  81.37307 1.0    12     1    -5
  78.75528 1.0    12     1    -4
  76.70293 1.0    12     1    -3
  75.22641 1.0    12     1    -2
  74.33573 1.0    12     1    -1
  74.03799 1.0    12     1     0
  74.33573 1.0    12     1     1
  75.22641 1.0    12     1     2
  76.70293 1.0    12     1     3
  78.75528 1.0    12     1     4
  81.37307 1.0    12     1     5
  84.54868 1.0    12     1     6
  88.28087 1.0    12     1     7
  89.14053 1.0    12     2    -7
  85.41143 1.0    12     2    -6
  82.24138 1.0    12     2    -5
  79.63024 1.0    12     2    -4
  77.58447 1.0    12     2    -3
  76.11346 1.0    12     2    -2
  75.22641 1.0    12     2    -1
  74.92994 1.0    12     2     0
  75.22641 1.0    12     2     1
  76.11346 1.0    12     2     2
  77.58447 1.0    12     2     3
  79.63024 1.0    12     2     4
  82.24138 1.0    12     2     5
  85.41143 1.0    12     2     6
  89.14053 1.0    12     2     7
  86.84714 1.0    12     3    -6
  83.68468 1.0    12     3    -5
  81.08320 1.0    12     3    -4
  79.04722 1.0    12     3    -3
  77.58447 1.0    12     3    -2
  76.70293 1.0    12     3    -1
  76.40838 1.0    12     3     0
  76.70293 1.0    12     3     1
  77.58447 1.0    12     3     2
  79.04722 1.0    12     3     3
  81.08320 1.0    12     3     4
  83.68468 1.0    12     3     5
  86.84714 1.0    12     3     6
  88.85401 1.0    12     4    -6
  85.69878 1.0    12     4    -5
  83.10790 1.0    12     4    -4
  81.08320 1.0    12     4    -3
  79.63024 1.0    12     4    -2
  78.75528 1.0    12     4    -1
  78.46304 1.0    12     4     0
  78.75528 1.0    12     4     1
  79.63024 1.0    12     4     2
  81.08320 1.0    12     4     3
  83.10790 1.0    12     4     4
  85.69878 1.0    12     4     5
  88.85401 1.0    12     4     6
  88.28087 1.0    12     5    -5
  85.69878 1.0    12     5    -4
  83.68468 1.0    12     5    -3
  82.24138 1.0    12     5    -2
  81.37307 1.0    12     5    -1
  81.08320 1.0    12     5     0
  81.37307 1.0    12     5     1
  82.24138 1.0    12     5     2
  83.68468 1.0    12     5     3
  85.69878 1.0    12     5     4
  88.28087 1.0    12     5     5
  88.85401 1.0    12     6    -4
  86.84714 1.0    12     6    -3
  85.41143 1.0    12     6    -2
  84.54868 1.0    12     6    -1
  84.26083 1.0    12     6     0
  84.54868 1.0    12     6     1
  85.41143 1.0    12     6     2
  86.84714 1.0    12     6     3
  88.85401 1.0    12     6     4
  89.14053 1.0    12     7    -2
  88.28087 1.0    12     7    -1
  87.99424 1.0    12     7     0
  88.28087 1.0    12     7     1
  89.14053 1.0    12     7     2
  89.42703 1.0    13    -5    -2
  88.56746 1.0    13    -5    -1
  88.28087 1.0    13    -5     0
  88.56746 1.0    13    -5     1
  89.42703 1.0    13    -5     2
  90.28648 1.0    13    -4    -4
  88.28087 1.0    13    -4    -3
  86.84714 1.0    13    -4    -2
  85.98601 1.0    13    -4    -1
  85.69878 1.0    13    -4     0
  85.98601 1.0    13    -4     1
  86.84714 1.0    13    -4     2
  88.28087 1.0    13    -4     3
  90.28648 1.0    13    -4     4
  88.28087 1.0    13    -3    -4
  86.27315 1.0    13    -3    -3
  84.83639 1.0    13    -3    -2
  83.97283 1.0    13    -3    -1
  83.68468 1.0    13    -3     0
  83.97283 1.0    13    -3     1
  84.83639 1.0    13    -3     2
  86.27315 1.0    13    -3     3
  88.28087 1.0    13    -3     4
  89.42703 1.0    13    -2    -5
  86.84714 1.0    13    -2    -4
  84.83639 1.0    13    -2    -3
  83.39637 1.0    13    -2    -2
  82.53041 1.0    13    -2    -1
  82.24138 1.0    13    -2     0
  82.53041 1.0    13    -2     1
  83.39637 1.0    13    -2     2
  84.83639 1.0    13    -2     3
  86.84714 1.0    13    -2     4
  89.42703 1.0    13    -2     5
  88.56746 1.0    13    -1    -5
  85.98601 1.0    13    -1    -4
  83.97283 1.0    13    -1    -3
  82.53041 1.0    13    -1    -2
  81.66272 1.0    13    -1    -1
  81.37307 1.0    13    -1     0
  81.66272 1.0    13    -1     1
  82.53041 1.0    13    -1     2
  83.97283 1.0    13    -1     3
  85.98601 1.0    13    -1     4
  88.56746 1.0    13    -1     5
  88.28087 1.0    13     0    -5
  85.69878 1.0    13     0    -4
  83.68468 1.0    13     0    -3
  82.24138 1.0    13     0    -2
  81.37307 1.0    13     0    -1
  81.08320 1.0    13     0     0
  81.37307 1.0    13     0     1
  82.24138 1.0    13     0     2
  83.68468 1.0    13     0     3
  85.69878 1.0    13     0     4
  88.28087 1.0    13     0     5
  88.56746 1.0    13     1    -5
  85.98601 1.0    13     1    -4
  83.97283 1.0    13     1    -3
  82.53041 1.0    13     1    -2
  81.66272 1.0    13     1    -1
  81.37307 1.0    13     1     0
  81.66272 1.0    13     1     1
  82.53041 1.0    13     1     2
  83.97283 1.0    13     1     3
  85.98601 1.0    13     1     4
  88.56746 1.0    13     1     5
  89.42703 1.0    13     2    -5
  86.84714 1.0    13     2    -4
  84.83639 1.0    13     2    -3
  83.39637 1.0    13     2    -2
  82.53041 1.0    13     2    -1
  82.24138 1.0    13     2     0
  82.53041 1.0    13     2     1
  83.39637 1.0    13     2     2
  84.83639 1.0    13     2     3
  86.84714 1.0    13     2     4
  89.42703 1.0    13     2     5
  88.28087 1.0    13     3    -4
  86.27315 1.0    13     3    -3
  84.83639 1.0    13     3    -2
  83.97283 1.0    13     3    -1
  83.68468 1.0    13     3     0
  83.97283 1.0    13     3     1
  84.83639 1.0    13     3     2
  86.27315 1.0    13     3     3
  88.28087 1.0    13     3     4
  90.28648 1.0    13     4    -4
  88.28087 1.0    13     4    -3
  86.84714 1.0    13     4    -2
  85.98601 1.0    13     4    -1
  85.69878 1.0    13     4     0
  85.98601 1.0    13     4     1
  86.84714 1.0    13     4     2
  88.28087 1.0    13     4     3
  90.28648 1.0    13     4     4
  89.42703 1.0    13     5    -2
  88.56746 1.0    13     5    -1
  88.28087 1.0    13     5     0
  88.56746 1.0    13     5     1
  89.42703 1.0    13     5     2
  90.28648 1.0    14    -2    -1
  90.00000 1.0    14    -2     0
  90.28648 1.0    14    -2     1
  90.28648 1.0    14    -1    -2
  89.42703 1.0    14    -1    -1
  89.14053 1.0    14    -1     0
  89.42703 1.0    14    -1     1
  90.28648 1.0    14    -1     2
  90.00000 1.0    14     0    -2
  89.14053 1.0    14     0    -1
  88.85401 1.0    14     0     0
  89.14053 1.0    14     0     1
  90.00000 1.0    14     0     2
  90.28648 1.0    14     1    -2
  89.42703 1.0    14     1    -1
  89.14053 1.0    14     1     0
  89.42703 1.0    14     1     1
  90.28648 1.0    14     1     2
  90.28648 1.0    14     2    -1
  90.00000 1.0    14     2     0
  90.28648 1.0    14     2     1
