2thetadeg,intx,d-value,sigx,count
0.001,0.0,88267.7,0.0,0
0.011,0.0,8025.088,0.0,0
0.021,0.0,4203.636,0.0,0
0.031,0.0,2847.629,0.0,0
0.041,0.0,2153.087,0.0,0
0.05099,0.0,1730.914,0.0,0
0.06099,0.0,1447.158,0.0,0
0.07099,0.0,1243.333,0.0,0
0.08099,0.0,1089.836,0.0,0
0.09099,0.0,970.0737,0.0,0
0.10099,0.0,874.0269,0.0,0
0.11099,0.0,795.2858,0.0,0
0.12099,0.0,729.5598,0.0,0
0.13099,0.0,673.8683,0.0,0
0.14099,0.0,626.0762,0.0,0
0.15098,0.0,584.6143,0.0,0
0.16098,0.0,548.3029,0.0,0
0.17098,0.0,516.2384,0.0,0
0.18098,0.0,487.717,0.0,0
0.19098,0.0,462.1821,0.0,0
0.20098,0.0,439.188,0.0,0
0.21098,0.0,418.3735,0.0,0
0.22098,0.0,399.4426,0.0,0
0.23098,0.0,382.1507,0.0,0
0.24098,0.0,366.2939,0.0,0
0.25097,0.0,351.7005,0.0,0
0.26097,0.0,338.2254,0.0,0
0.27097,0.0,325.7448,0.0,0
0.28097,0.0,314.1525,0.0,0
0.29097,0.0,303.3569,0.0,0
0.30097,0.0,293.2786,0.0,0
0.31097,0.0,283.8485,0.0,0
0.32097,0.0,275.0059,0.0,0
0.33097,0.0,266.6976,0.0,0
0.34096,0.0,258.8765,0.0,0
0.35096,0.0,251.5012,0.0,0
0.36096,0.0,244.5344,0.0,0
0.37096,0.0,237.9432,0.0,0
0.38096,0.0,231.698,0.0,0
0.39096,0.0,225.7722,0.0,0
0.40096,0.0,220.142,0.0,0
0.41096,0.0,214.7858,0.0,0
0.42096,0.0,209.684,0.0,0
0.43096,0.0,204.819,0.0,0
0.44095,0.0,200.1746,0.0,0
0.45095,0.0,195.7361,0.0,0
0.46095,0.0,191.4903,0.0,0
0.47095,0.0,187.4247,0.0,0
0.48095,0.0,183.5281,0.0,0
0.49095,0.0,179.7903,0.0,0
0.50095,0.0,176.2017,0.0,0
0.51095,0.0,172.7536,0.0,0
0.52095,0.0,169.4378,0.0,0
0.53095,0.0,166.2469,0.0,0
0.54094,0.0,163.1739,0.0,0
0.55094,0.0,160.2126,0.0,0
0.56094,0.0,157.3567,0.0,0
0.57094,0.0,154.601,0.0,0
0.58094,0.0,151.94,0.0,0
0.59094,0.0,149.3692,0.0,0
0.60094,0.0,146.8838,0.0,0
0.61094,0.0,144.4799,0.0,0
0.62094,0.0,142.1533,0.0,0
0.63094,0.0,139.9005,0.0,0
0.64093,0.0,137.718,0.0,0
0.65093,0.0,135.6025,0.0,0
0.66093,0.0,133.5511,0.0,0
0.67093,0.0,131.5608,0.0,0
0.68093,0.0,129.6289,0.0,0
0.69093,0.0,127.753,0.0,0
0.70093,0.0,125.9306,0.0,0
0.71093,0.0,124.1594,0.0,0
0.72093,0.0,122.4374,0.0,0
0.73092,0.0,120.7625,0.0,0
0.74092,0.0,119.1328,0.0,0
0.75092,0.0,117.5465,0.0,0
0.76092,0.0,116.0019,0.0,0
0.77092,0.0,114.4973,0.0,0
0.78092,0.0,113.0313,0.0,0
0.79092,0.0,111.6024,0.0,0
0.80092,0.0,110.2091,0.0,0
0.81092,0.0,108.8502,0.0,0
0.82092,0.0,107.5244,0.0,0
0.83091,0.0,106.2305,0.0,0
0.84091,0.0,104.9674,0.0,0
0.85091,0.0,103.734,0.0,0
0.86091,0.0,102.5292,0.0,0
0.87091,0.0,101.3521,0.0,0
0.88091,0.0,100.2017,0.0,0
0.89091,0.0,99.07707,0.0,0
0.90091,0.0,97.97746,0.0,0
0.91091,0.0,96.90199,0.0,0
0.92091,0.0,95.84987,0.0,0
0.9309,0.0,94.82036,0.0,0
0.9409,0.0,93.81273,0.0,0
0.9509,0.0,92.82628,0.0,0
0.9609,0.0,91.86037,0.0,0
0.9709,0.0,90.91436,0.0,0
0.9809,0.0,89.98763,0.0,0
0.9909,0.0,89.0796,0.0,0
1.0009,0.0,88.18972,0.0,0
1.0109,0.0,87.31744,0.0,0
1.02089,0.0,86.46224,0.0,0
1.03089,0.0,85.62364,0.0,0
1.04089,0.0,84.80115,0.0,0
1.05089,0.0,83.99431,0.0,0
1.06089,0.0,83.20268,0.0,0
1.07089,0.0,82.42583,0.0,0
1.08089,0.0,81.66336,0.0,0
1.09089,0.0,80.91486,0.0,0
1.10089,0.0,80.17997,0.0,0
1.11089,0.0,79.4583,0.0,0
1.12088,0.0,78.7495,0.0,0
1.13088,0.0,78.05324,0.0,0
1.14088,0.0,77.36919,0.0,0
1.15088,0.0,76.69702,0.0,0
1.16088,0.0,76.03643,0.0,0
1.17088,0.0,75.38712,0.0,0
1.18088,0.0,74.74881,0.0,0
1.19088,0.0,74.12122,0.0,0
1.20088,0.0,73.50408,0.0,0
1.21088,0.0,72.89713,0.0,0
1.22087,0.0,72.30013,0.0,0
1.23087,0.0,71.71282,0.0,0
1.24087,0.0,71.13498,0.0,0
1.25087,0.0,70.56638,0.0,0
1.26087,0.0,70.00679,0.0,0
1.27087,0.0,69.45602,0.0,0
1.28087,0.0,68.91384,0.0,0
1.29087,0.0,68.38006,0.0,0
1.30087,0.0,67.85448,0.0,0
1.31087,0.0,67.33693,0.0,0
1.32086,0.0,66.82721,0.0,0
1.33086,0.0,66.32515,0.0,0
1.34086,0.0,65.83057,0.0,0
1.35086,0.0,65.34332,0.0,0
1.36086,0.0,64.86323,0.0,0
1.37086,0.0,64.39015,0.0,0
1.38086,0.0,63.92391,0.0,0
1.39086,0.0,63.46438,0.0,0
1.40086,0.0,63.01141,0.0,0
1.41085,0.0,62.56486,0.0,0
1.42085,0.0,62.12459,0.0,0
1.43085,0.0,61.69048,0.0,0
1.44085,0.0,61.2624,0.0,0
1.45085,0.0,60.84021,0.0,0
1.46085,0.0,60.4238,0.0,0
1.47085,0.0,60.01306,0.0,0
1.48085,0.0,59.60786,0.0,0
1.49085,0.0,59.2081,0.0,0
1.50085,0.0,58.81366,0.0,0
1.51084,0.0,58.42445,0.0,0
1.52084,0.0,58.04035,0.0,0
1.53084,0.0,57.66128,0.0,0
1.54084,0.0,57.28712,0.0,0
1.55084,0.0,56.91778,0.0,0
1.56084,0.0,56.55318,0.0,0
1.57084,0.0,56.19322,0.0,0
1.58084,0.0,55.83782,0.0,0
1.59084,0.0,55.48688,0.0,0
1.60084,0.0,55.14032,0.0,0
1.61083,0.0,54.79807,0.0,0
1.62083,0.0,54.46004,0.0,0
1.63083,0.0,54.12616,0.0,0
1.64083,0.0,53.79635,0.0,0
1.65083,0.0,53.47053,0.0,0
1.66083,0.0,53.14863,0.0,0
1.67083,0.0,52.83059,0.0,0
1.68083,0.0,52.51633,0.0,0
1.69083,0.0,52.20579,0.0,0
1.70082,0.0,51.8989,0.0,0
1.71082,0.0,51.5956,0.0,0
1.72082,0.0,51.29582,0.0,0
1.73082,0.0,50.99951,0.0,0
1.74082,0.0,50.7066,0.0,0
1.75082,0.0,50.41703,0.0,0
1.76082,0.0,50.13076,0.0,0
1.77082,0.0,49.84771,0.0,0
1.78082,0.0,49.56785,0.0,0
1.79082,0.0,49.29111,0.0,0
1.80081,0.0,49.01745,0.0,0
1.81081,0.0,48.7468,0.0,0
1.82081,0.0,48.47913,0.0,0
1.83081,0.0,48.21439,0.0,0
1.84081,0.0,47.95252,0.0,0
1.85081,0.0,47.69348,0.0,0
1.86081,0.0,47.43722,0.0,0
1.87081,0.0,47.1837,0.0,0
1.88081,0.0,46.93288,0.0,0
1.89081,0.0,46.68471,0.0,0
1.9008,0.0,46.43916,0.0,0
1.9108,0.0,46.19617,0.0,0
1.9208,0.0,45.95571,0.0,0
1.9308,0.0,45.71774,0.0,0
1.9408,0.0,45.48223,0.0,0
1.9508,0.0,45.24913,0.0,0
1.9608,0.0,45.01841,0.0,0
1.9708,0.0,44.79003,0.0,0
1.9808,0.0,44.56395,0.0,0
1.9908,0.0,44.34015,0.0,0
2.00079,0.0,44.11858,0.0,0
2.01079,0.0,43.89921,0.0,0
2.02079,0.0,43.68202,0.0,0
2.03079,0.0,43.46697,0.0,0
2.04079,0.0,43.25402,0.0,0
2.05079,0.0,43.04315,0.0,0
2.06079,0.0,42.83433,0.0,0
2.07079,0.0,42.62752,0.0,0
2.08079,0.0,42.4227,0.0,0
2.09078,0.0,42.21984,0.0,0
2.10078,0.0,42.01891,0.0,0
2.11078,0.0,41.81989,0.0,0
2.12078,0.0,41.62274,0.0,0
2.13078,0.0,41.42744,0.0,0
2.14078,0.0,41.23397,0.0,0
2.15078,0.0,41.04229,0.0,0
2.16078,0.0,40.85239,0.0,0
2.17078,0.0,40.66424,0.0,0
2.18078,0.0,40.47782,0.0,0
2.19077,0.0,40.29309,0.0,0
2.20077,0.0,40.11005,0.0,0
2.21077,0.0,39.92866,0.0,0
2.22077,0.0,39.7489,0.0,0
2.23077,0.0,39.57076,0.0,0
2.24077,0.0,39.39421,0.0,0
2.25077,0.0,39.21922,0.0,0
2.26077,0.0,39.04578,0.0,0
2.27077,0.0,38.87387,0.0,0
2.28077,0.0,38.70347,0.0,0
2.29076,0.0,38.53456,0.0,0
2.30076,0.0,38.36711,0.0,0
2.31076,0.0,38.20111,0.0,0
2.32076,0.0,38.03655,0.0,0
2.33076,0.0,37.87339,0.0,0
2.34076,0.0,37.71163,0.0,0
2.35076,0.0,37.55125,0.0,0
2.36076,0.0,37.39222,0.0,0
2.37076,0.0,37.23454,0.0,0
2.38075,0.0,37.07818,0.0,0
2.39075,0.0,36.92313,0.0,0
2.40075,0.0,36.76937,0.0,0
2.41075,0.0,36.61688,0.0,0
2.42075,0.0,36.46566,0.0,0
2.43075,0.0,36.31568,0.0,0
2.44075,0.0,36.16693,0.0,0
2.45075,0.0,36.01939,0.0,0
2.46075,0.0,35.87305,0.0,0
2.47075,0.0,35.7279,0.0,0
2.48074,0.0,35.58391,0.0,0
2.49074,0.0,35.44108,0.0,0
2.50074,0.0,35.2994,0.0,0
2.51074,0.0,35.15884,0.0,0
2.52074,0.0,35.0194,0.0,0
2.53074,0.0,34.88106,0.0,0
2.54074,0.0,34.74381,0.0,0
2.55074,0.0,34.60764,0.0,0
2.56074,0.0,34.47253,0.0,0
2.57074,0.0,34.33847,0.0,0
2.58073,0.0,34.20544,0.0,0
2.59073,0.0,34.07345,0.0,0
2.60073,0.0,33.94247,0.0,0
2.61073,0.0,33.8125,0.0,0
2.62073,0.0,33.68351,0.0,0
2.63073,0.0,33.55551,0.0,0
2.64073,0.0,33.42848,0.0,0
2.65073,0.0,33.3024,0.0,0
2.66073,0.0,33.17727,0.0,0
2.67073,0.0,33.05308,0.0,0
2.68072,0.0,32.92982,0.0,0
2.69072,0.0,32.80747,0.0,0
2.70072,0.0,32.68603,0.0,0
2.71072,0.0,32.56548,0.0,0
2.72072,0.0,32.44582,0.0,0
2.73072,0.0,32.32704,0.0,0
2.74072,0.0,32.20912,0.0,0
2.75072,0.0,32.09206,0.0,0
2.76072,0.0,31.97585,0.0,0
2.77071,0.0,31.86048,0.0,0
2.78071,0.0,31.74594,0.0,0
2.79071,0.0,31.63222,0.0,0
2.80071,0.0,31.51931,0.0,0
2.81071,0.0,31.4072,0.0,0
2.82071,0.0,31.29589,0.0,0
2.83071,0.0,31.18536,0.0,0
2.84071,0.0,31.07562,0.0,0
2.85071,0.0,30.96664,0.0,0
2.86071,0.0,30.85843,0.0,0
2.8707,0.0,30.75097,0.0,0
2.8807,0.0,30.64425,0.0,0
2.8907,0.0,30.53827,0.0,0
2.9007,0.0,30.43303,0.0,0
2.9107,0.0,30.32851,0.0,0
2.9207,0.0,30.2247,0.0,0
2.9307,0.0,30.1216,0.0,0
2.9407,0.0,30.0192,0.0,0
2.9507,0.0,29.9175,0.0,0
2.9607,0.0,29.81648,0.0,0
2.97069,0.0,29.71615,0.0,0
2.98069,0.0,29.61649,0.0,0
2.99069,0.0,29.51749,0.0,0
3.00069,0.0,29.41915,0.0,0
3.01069,0.0,29.32147,0.0,0
3.02069,0.0,29.22443,0.0,0
3.03069,0.0,29.12804,0.0,0
3.04069,0.0,29.03228,0.0,0
3.05069,0.0,28.93714,0.0,0
3.06068,0.0,28.84263,0.0,0
3.07068,0.0,28.74873,0.0,0
3.08068,0.0,28.65544,0.0,0
3.09068,0.0,28.56276,0.0,0
3.10068,0.0,28.47067,0.0,0
3.11068,0.0,28.37918,0.0,0
3.12068,0.0,28.28827,0.0,0
3.13068,0.0,28.19795,0.0,0
3.14068,0.0,28.1082,0.0,0
3.15068,0.0,28.01901,0.0,0
3.16067,0.0,27.9304,0.0,0
3.17067,0.0,27.84234,0.0,0
3.18067,0.0,27.75483,0.0,0
3.19067,0.0,27.66788,0.0,0
3.20067,0.0,27.58146,0.0,0
3.21067,0.0,27.49559,0.0,0
3.22067,0.0,27.41025,0.0,0
3.23067,0.0,27.32544,0.0,0
3.24067,0.0,27.24115,0.0,0
3.25067,0.0,27.15738,0.0,0
3.26066,0.0,27.07412,0.0,0
3.27066,0.0,26.99137,0.0,0
3.28066,0.0,26.90913,0.0,0
3.29066,13.66744,26.82738,1.65742,1
3.30066,13.62796,26.74614,1.54306,4
3.31066,13.81026,26.66538,0.33924,8
3.32066,13.77486,26.58511,1.24712,16
3.33066,14.11853,26.50532,1.59861,24
3.34066,14.13863,26.42601,1.15441,37
3.35065,14.49382,26.34717,1.2206,55
3.36065,15.06579,26.2688,1.09588,84
3.37065,15.207,26.1909,1.00932,104
3.38065,15.68401,26.11346,1.09011,129
3.39065,16.01614,26.03647,0.8561,169
3.40065,16.35012,25.95994,0.7699,225
3.41065,16.50454,25.88385,1.69333,262
3.42065,16.67173,25.80821,1.00352,295
3.43065,17.06632,25.73302,0.86198,352
3.44065,17.26766,25.65825,0.66414,409
3.45064,17.48583,25.58393,0.77734,459
3.46064,17.58659,25.51003,0.77799,543
3.47064,18.04423,25.43656,0.57729,612
3.48064,18.28074,25.36351,0.64471,694
3.49064,18.70989,25.29087,0.64787,808
3.50064,19.11418,25.21866,0.75615,871
3.51064,19.44962,25.14685,0.7383,998
3.52064,20.17255,25.07546,0.48911,1062
3.53064,20.46695,25.00446,0.71869,1236
3.54064,21.19361,24.93387,0.52934,1359
3.55063,21.43744,24.86368,0.5622,1511
3.56063,22.07414,24.79388,0.51211,1654
3.57063,22.42319,24.72447,0.59971,1824
3.58063,23.06475,24.65545,0.70445,1972
3.59063,23.25449,24.58681,0.65774,2124
3.60063,23.91842,24.51856,0.52558,2297
3.61063,24.03573,24.45068,0.56637,2414
3.62063,24.44409,24.38318,0.68782,2571
3.63063,24.7774,24.31605,0.53251,2767
3.64063,25.285,24.24928,0.42733,2864
3.65062,25.58369,24.18289,0.53935,3118
3.66062,25.8671,24.11685,0.61764,3150
3.67062,26.32498,24.05118,0.50946,3512
3.68062,26.89512,23.98587,0.42419,3564
3.69062,27.2585,23.9209,0.50026,3791
3.70062,27.80155,23.85629,0.5626,3793
3.71062,27.89869,23.79203,0.62383,4031
3.72062,28.57316,23.72811,0.51494,4088
3.73062,28.81701,23.66454,0.53283,4258
3.74061,29.43127,23.6013,0.45775,4293
3.75061,29.92264,23.5384,0.6328,4540
3.76061,30.37415,23.47584,0.45446,4664
3.77061,30.67764,23.41361,0.4925,4762
3.78061,31.24614,23.35171,0.66436,4841
3.79061,31.40182,23.29013,0.53822,4972
3.80061,31.9255,23.22888,0.40277,5091
3.81061,32.66286,23.16795,0.55425,5281
3.82061,32.90384,23.10734,0.52817,5360
3.83061,33.409,23.04705,0.48419,5517
3.8406,33.66949,22.98707,0.50287,5523
3.8506,33.9573,22.9274,0.53671,5612
3.8606,34.6473,22.86804,0.63426,5585
3.8706,34.483,22.80898,0.5006,5893
3.8806,35.36735,22.75024,0.49093,5891
3.8906,35.5627,22.69179,0.46907,6109
3.9006,36.35566,22.63364,0.48201,6202
3.9106,36.49033,22.57579,0.55162,6240
3.9206,37.11724,22.51824,0.42285,6348
3.9306,36.97253,22.46098,0.50988,6492
3.94059,37.44343,22.40401,0.53644,6564
3.95059,37.70735,22.34732,0.73416,6744
3.96059,38.21054,22.29093,0.63499,6736
3.97059,38.40922,22.23482,0.4094,6927
3.98059,38.89825,22.17899,0.43175,6913
3.99059,39.23239,22.12344,0.50195,7185
4.00059,39.55936,22.06816,0.50709,7218
4.01059,39.74897,22.01317,0.4964,7432
4.02059,40.08635,21.95844,0.56873,7329
4.03058,40.28009,21.90399,0.57113,7442
4.04058,40.39528,21.84981,0.4869,7628
4.05058,40.37159,21.7959,0.47081,7715
4.06058,40.91299,21.74225,0.58175,7785
4.07058,40.93443,21.68886,0.46043,7821
4.08058,41.15771,21.63574,0.51271,8014
4.09058,41.22266,21.58287,0.49057,8147
4.10058,41.48478,21.53027,0.54142,8267
4.11058,41.53094,21.47792,0.54831,8211
4.12058,41.97773,21.42582,0.60295,8263
4.13057,41.77621,21.37398,0.43798,8386
4.14057,41.81738,21.32239,0.50474,8462
4.15057,41.97206,21.27104,0.5577,8476
4.16057,42.05873,21.21994,0.52083,8550
4.17057,42.3485,21.16909,0.50718,8685
4.18057,42.24631,21.11848,0.55122,8565
4.19057,42.0907,21.06811,0.46323,8751
4.20057,42.11191,21.01799,0.54797,8764
4.21057,42.21889,20.9681,0.51964,8948
4.22057,42.24966,20.91844,0.56902,8701
4.23056,42.36066,20.86903,0.52897,8814
4.24056,42.39202,20.81984,0.52553,8878
4.25056,42.1477,20.77089,0.49145,8896
4.26056,42.28256,20.72216,0.49222,9075
4.27056,42.40488,20.67367,0.51895,8770
4.28056,42.34619,20.6254,0.57851,8955
4.29056,42.36861,20.57735,0.54422,8930
4.30056,42.00159,20.52953,0.48597,9067
4.31056,42.36139,20.48193,0.44893,8968
4.32056,42.0404,20.43455,0.46915,9044
4.33055,42.45616,20.38739,0.49606,9117
4.34055,42.1372,20.34045,0.59132,9205
4.35055,42.39156,20.29373,0.56542,9147
4.36055,42.12432,20.24721,0.57324,9181
4.37055,42.34427,20.20091,0.58502,9070
4.38055,42.05538,20.15483,0.44972,9263
4.39055,42.15481,20.10895,0.51162,9129
4.40055,41.93557,20.06328,0.47389,9150
4.41055,42.22956,20.01782,0.41003,9156
4.42054,42.02195,19.97256,0.47347,9264
4.43054,42.06965,19.92751,0.61293,9272
4.44054,42.17321,19.88266,0.51328,9372
4.45054,41.98444,19.83801,0.55508,9366
4.46054,42.04623,19.79356,0.55444,9307
4.47054,41.73319,19.74932,0.46744,9364
4.48054,42.03753,19.70526,0.50403,9480
4.49054,41.76141,19.66141,0.57968,9413
4.50054,41.84627,19.61775,0.52153,9255
4.51054,41.72666,19.57428,0.43906,9442
4.52053,41.85332,19.53101,0.5054,9351
4.53053,41.62469,19.48793,0.44562,9538
4.54053,41.94739,19.44503,0.46016,9520
4.55053,41.47235,19.40233,0.61161,9483
4.56053,41.69032,19.35981,0.4551,9505
4.57053,41.53232,19.31748,0.54236,9614
4.58053,41.67946,19.27533,0.49454,9653
4.59053,41.56188,19.23337,0.50126,9707
4.60053,41.3928,19.19159,0.55393,9562
4.61053,41.47503,19.14999,0.47625,9568
4.62052,41.36834,19.10857,0.51276,9629
4.63052,41.46807,19.06733,0.47285,9740
4.64052,41.19007,19.02627,0.47351,9649
4.65052,41.23715,18.98539,0.462,9642
4.66052,41.09889,18.94468,0.45799,9732
4.67052,41.30806,18.90414,0.47081,9696
4.68052,41.07392,18.86378,0.5672,9913
4.69052,41.20721,18.82359,0.47623,9827
4.70052,40.96776,18.78357,0.55337,9886
4.71051,40.88402,18.74372,0.46138,9745
4.72051,40.81516,18.70404,0.47023,9834
4.73051,40.86804,18.66453,0.50938,9996
4.74051,40.80526,18.62518,0.54572,9897
4.75051,40.71833,18.586,0.40665,9891
4.76051,40.69946,18.54698,0.56489,9843
4.77051,40.4921,18.50813,0.44112,9943
4.78051,40.58379,18.46944,0.52885,10033
4.79051,40.48177,18.43091,0.44667,10140
4.80051,40.4608,18.39255,0.48994,9937
4.8105,40.19463,18.35434,0.39686,9944
4.8205,40.24863,18.31629,0.52364,10050
4.8305,40.23511,18.2784,0.51861,10167
4.8405,40.19934,18.24066,0.50885,10220
4.8505,40.03265,18.20308,0.47251,10208
4.8605,40.00477,18.16566,0.47084,10064
4.8705,39.90089,18.12839,0.49434,10139
4.8805,39.86236,18.09127,0.46748,10168
4.8905,39.75303,18.0543,0.45778,10137
4.9005,39.66285,18.01749,0.48137,10175
4.91049,39.70117,17.98082,0.43263,10167
4.92049,39.48411,17.9443,0.49278,10298
4.93049,39.4323,17.90794,0.46588,10298
4.94049,39.49826,17.87172,0.45966,10403
4.95049,39.35347,17.83564,0.48846,10445
4.96049,39.34181,17.79971,0.44246,10256
4.97049,39.16955,17.76393,0.48711,10489
4.98049,39.20931,17.72829,0.50239,10336
4.99049,38.99845,17.69279,0.46286,10459
5.00049,39.11292,17.65743,0.44824,10430
5.01048,38.84103,17.62222,0.51311,10442
5.02048,38.91625,17.58714,0.44874,10416
5.03048,38.73807,17.55221,0.43072,10475
5.04048,38.74411,17.51741,0.40358,10420
5.05048,38.61068,17.48275,0.4492,10554
5.06048,38.60016,17.44823,0.44409,10530
5.07048,38.52325,17.41384,0.46634,10689
5.08048,38.46283,17.37959,0.5405,10614
5.09048,38.45433,17.34548,0.5327,10601
5.10047,38.38678,17.3115,0.44815,10770
5.11047,38.29037,17.27765,0.44575,10682
5.12047,38.27142,17.24393,0.5134,10716
5.13047,37.96917,17.21035,0.45799,10595
5.14047,38.18589,17.17689,0.36892,10659
5.15047,37.92723,17.14357,0.40497,10725
5.16047,38.02895,17.11037,0.4559,10601
5.17047,37.82784,17.07731,0.50325,10877
5.18047,37.98229,17.04437,0.47728,10854
5.19047,37.77096,17.01156,0.41655,11036
5.20046,37.7404,16.97887,0.52458,10775
5.21046,37.61876,16.94631,0.43349,10784
5.22046,37.62999,16.91387,0.42114,10884
5.23046,37.64371,16.88156,0.5008,11115
5.24046,37.50272,16.84937,0.49201,10845
5.25046,37.41497,16.81731,0.40736,10874
5.26046,37.22002,16.78536,0.42252,10771
5.27046,37.38667,16.75354,0.42504,11059
5.28046,37.34759,16.72184,0.42212,11062
5.29046,37.11672,16.69026,0.43215,11079
5.30045,37.21464,16.6588,0.39818,11046
5.31045,36.94039,16.62745,0.43381,11004
5.32045,37.13641,16.59623,0.46662,11173
5.33045,36.96054,16.56512,0.50409,11257
5.34045,36.95671,16.53412,0.47643,11227
5.35045,36.79344,16.50325,0.453,11171
5.36045,36.75397,16.47249,0.47959,11058
5.37045,36.63264,16.44184,0.42204,11093
5.38045,36.5474,16.41131,0.38865,11146
5.39044,36.59978,16.38089,0.3565,11273
5.40044,36.52323,16.35058,0.44838,11297
5.41044,36.40386,16.32038,0.44046,11226
5.42044,36.38395,16.2903,0.44895,11243
5.43044,36.33291,16.26033,0.45135,11549
5.44044,36.34662,16.23047,0.45426,11383
5.45044,36.13663,16.20071,0.46805,11484
5.46044,36.19877,16.17107,0.37795,11164
5.47044,35.96441,16.14153,0.4267,11451
5.48044,36.12157,16.11211,0.43891,11519
5.49043,35.93538,16.08279,0.44429,11547
5.50043,35.89638,16.05357,0.41463,11348
5.51043,35.82315,16.02446,0.41708,11354
5.52043,35.77898,15.99546,0.46451,11564
5.53043,35.80288,15.96656,0.39683,11501
5.54043,35.6983,15.93777,0.38085,11596
5.55043,35.61587,15.90908,0.42774,11638
5.56043,35.62258,15.8805,0.45222,11529
5.57043,35.56805,15.85201,0.43085,11740
5.58043,35.54904,15.82363,0.41018,11691
5.59042,35.46005,15.79535,0.45661,11697
5.60042,35.45535,15.76717,0.40968,11707
5.61042,35.36883,15.7391,0.50079,11730
5.62042,35.2154,15.71112,0.42787,11550
5.63042,35.35002,15.68324,0.33687,11707
5.64042,35.18018,15.65546,0.40688,11731
5.65042,35.29607,15.62778,0.42061,11833
5.66042,35.07289,15.60019,0.44716,11877
5.67042,35.13792,15.57271,0.42378,11811
5.68041,35.10011,15.54532,0.41073,11910
5.69041,35.04931,15.51803,0.41146,11917
5.70041,35.01968,15.49083,0.4006,11836
5.71041,34.95644,15.46373,0.42912,11891
5.72041,34.90756,15.43672,0.38346,12046
5.73041,34.99114,15.40981,0.49987,12083
5.74041,34.74973,15.38299,0.40527,11984
5.75041,34.8358,15.35626,0.39004,11809
5.76041,34.73857,15.32963,0.40296,12051
5.77041,34.68696,15.30309,0.46789,12003
5.7804,34.72791,15.27664,0.40243,11995
5.7904,34.66394,15.25028,0.34761,12147
5.8004,34.68476,15.22401,0.37826,12095
5.8104,34.53972,15.19784,0.41084,12160
5.8204,34.59512,15.17175,0.41745,12182
5.8304,34.51,15.14575,0.43107,12244
5.8404,34.54816,15.11985,0.50351,12392
5.8504,34.49036,15.09403,0.42652,12340
5.8604,34.34397,15.0683,0.39035,12032
5.8704,34.29058,15.04265,0.44432,12037
5.88039,34.393,15.0171,0.33138,12330
5.89039,34.24571,14.99163,0.38632,12274
5.90039,34.36505,14.96624,0.36272,12302
5.91039,34.15656,14.94095,0.39083,12395
5.92039,34.17011,14.91574,0.42038,12313
5.93039,34.1495,14.89061,0.47203,12448
5.94039,34.11356,14.86557,0.40652,12472
5.95039,34.19354,14.84061,0.37073,12490
5.96039,34.04231,14.81574,0.44051,12629
5.97039,34.03946,14.79095,0.41657,12455
5.98038,33.99826,14.76624,0.41323,12499
5.99038,33.93412,14.74161,0.43452,12325
6.00038,33.93578,14.71707,0.3453,12537
6.01038,33.85145,14.69261,0.36834,12447
6.02038,33.76421,14.66823,0.37539,12520
6.03038,33.93951,14.64393,0.42937,12558
6.04038,33.7467,14.61971,0.37265,12725
6.05038,33.84697,14.59557,0.40904,12727
6.06038,33.74943,14.57152,0.3687,12780
6.07037,33.72994,14.54754,0.42199,12777
6.08037,33.71081,14.52364,0.42607,12719
6.09037,33.62105,14.49981,0.39692,12774
6.10037,33.68265,14.47607,0.39823,12725
6.11037,33.5405,14.4524,0.41525,12707
6.12037,33.51387,14.42881,0.35038,12753
6.13037,33.45513,14.4053,0.35134,12819
6.14037,33.51745,14.38187,0.36042,12939
6.15037,33.49133,14.35851,0.39566,12956
6.16037,33.48306,14.33523,0.36673,13135
6.17036,33.34127,14.31202,0.43429,13018
6.18036,33.39198,14.28889,0.39361,13127
6.19036,33.40578,14.26583,0.38989,13155
6.20036,33.34423,14.24284,0.3757,13140
6.21036,33.37831,14.21994,0.41058,13204
6.22036,33.24373,14.1971,0.41708,13298
6.23036,33.29048,14.17434,0.37728,13121
6.24036,33.17265,14.15165,0.34715,13309
6.25036,33.24602,14.12903,0.31953,13227
6.26036,33.18442,14.10649,0.37409,13350
6.27035,33.13455,14.08402,0.3801,13541
6.28035,33.24323,14.06161,0.41167,13432
6.29035,33.23389,14.03928,0.40493,13668
6.30035,33.17156,14.01703,0.37227,13696
6.31035,33.18303,13.99484,0.36169,13636
6.32035,33.15085,13.97272,0.39393,13686
6.33035,33.0979,13.95067,0.38627,13613
6.34035,33.22103,13.92869,0.36349,13684
6.35035,33.08276,13.90678,0.38406,13800
6.36034,33.08847,13.88494,0.33811,13810
6.37034,33.0835,13.86317,0.37357,13749
6.38034,33.08402,13.84147,0.34215,13872
6.39034,33.19351,13.81983,0.3741,13976
6.40034,33.03622,13.79827,0.45465,14061
6.41034,33.07322,13.77677,0.33657,14065
6.42034,33.06571,13.75533,0.35528,14120
6.43034,33.08043,13.73397,0.36751,14065
6.44034,32.99398,13.71267,0.38835,14135
6.45034,33.08417,13.69143,0.38514,14291
6.46033,33.06728,13.67026,0.36789,14395
6.47033,33.03876,13.64916,0.35825,14278
6.48033,32.92055,13.62812,0.39127,14094
6.49033,32.86492,13.60715,0.3319,14182
6.50033,33.05927,13.58624,0.31722,14439
6.51033,32.91868,13.5654,0.37458,14591
6.52033,33.00194,13.54462,0.37391,14483
6.53033,32.94422,13.5239,0.39342,14748
6.54033,32.84355,13.50325,0.38328,14456
6.55033,32.95151,13.48266,0.34503,14585
6.56032,32.89529,13.46213,0.3482,14741
6.57032,32.8849,13.44166,0.35992,14843
6.58032,32.88506,13.42126,0.37757,14693
6.59032,32.83924,13.40092,0.35199,14761
6.60032,32.79693,13.38064,0.35861,14859
6.61032,32.85467,13.36042,0.38211,14839
6.62032,32.76448,13.34027,0.32732,14949
6.63032,32.81785,13.32017,0.36527,15002
6.64032,32.81835,13.30014,0.34245,14926
6.65032,32.7173,13.28016,0.38108,15001
6.66031,32.75256,13.26025,0.33785,14980
6.67031,32.78858,13.24039,0.36134,15349
6.68031,32.77498,13.2206,0.34954,15314
6.69031,32.78573,13.20086,0.37115,15194
6.70031,32.71842,13.18118,0.34353,15340
6.71031,32.71908,13.16157,0.4015,15269
6.72031,32.71274,13.142,0.32844,15188
6.73031,32.72964,13.1225,0.34569,15366
6.74031,32.64072,13.10306,0.36172,15438
6.7503,32.69936,13.08367,0.34337,15385
6.7603,32.70271,13.06434,0.33844,15556
6.7703,32.65963,13.04507,0.35502,15519
6.7803,32.72387,13.02585,0.37302,15560
6.7903,32.61793,13.0067,0.3177,15745
6.8003,32.69857,12.98759,0.37562,15656
6.8103,32.67613,12.96855,0.34188,15742
6.8203,32.61072,12.94956,0.31733,15793
6.8303,32.67556,12.93062,0.3826,15825
6.8403,32.59304,12.91174,0.4107,15752
6.85029,32.60687,12.89292,0.31452,15771
6.86029,32.57447,12.87415,0.38502,15856
6.87029,32.57574,12.85544,0.31226,15983
6.88029,32.50915,12.83678,0.3178,15887
6.89029,32.60094,12.81817,0.31483,16027
6.90029,32.55259,12.79962,0.38579,16184
6.91029,32.49656,12.78112,0.33336,16283
6.92029,32.62413,12.76267,0.35467,16241
6.93029,32.5532,12.74428,0.35951,16385
6.94029,32.47278,12.72594,0.32347,16383
6.95028,32.51872,12.70766,0.36212,16132
6.96028,32.45616,12.68943,0.33565,16441
6.97028,32.53751,12.67125,0.37806,16465
6.98028,32.45617,12.65312,0.30727,16579
6.99028,32.47908,12.63504,0.31668,16564
7.00028,32.51574,12.61701,0.3377,16532
7.01028,32.51362,12.59904,0.32394,16484
7.02028,32.50403,12.58112,0.34675,16712
7.03028,32.50427,12.56325,0.32303,16895
7.04027,32.57583,12.54543,0.32204,16827
7.05027,32.53933,12.52766,0.36818,17006
7.06027,32.52365,12.50994,0.31035,16966
7.07027,32.59073,12.49227,0.36557,16777
7.08027,32.57232,12.47465,0.36966,17038
7.09027,32.57677,12.45708,0.32901,17084
7.10027,32.54348,12.43956,0.33728,16871
7.11027,32.53378,12.42209,0.3072,17027
7.12027,32.59222,12.40467,0.30097,17045
7.13027,32.54946,12.38729,0.33928,17115
7.14026,32.62919,12.36997,0.34128,17227
7.15026,32.59069,12.35269,0.32015,17557
7.16026,32.60744,12.33546,0.31641,17483
7.17026,32.5201,12.31829,0.3406,17199
7.18026,32.58629,12.30115,0.32502,17327
7.19026,32.67621,12.28407,0.36386,17435
7.20026,32.50251,12.26703,0.34422,17542
7.21026,32.54243,12.25004,0.34246,17591
7.22026,32.56751,12.2331,0.30037,17449
7.23026,32.52805,12.21621,0.31145,17468
7.24025,32.52499,12.19936,0.32195,17705
7.25025,32.47198,12.18256,0.30118,17578
7.26025,32.44778,12.1658,0.33929,17516
7.27025,32.43797,12.14909,0.31324,17616
7.28025,32.43124,12.13243,0.32547,17610
7.29025,32.41436,12.11581,0.34311,17608
7.30025,32.38917,12.09924,0.35302,17561
7.31025,32.39515,12.08271,0.33967,17644
7.32025,32.33375,12.06623,0.32236,17360
7.33025,32.17637,12.04979,0.31526,17389
7.34024,32.24427,12.0334,0.28559,17268
7.35024,32.14772,12.01705,0.31961,17340
7.36024,32.10786,12.00075,0.31312,17117
7.37024,32.16752,11.98449,0.32294,17312
7.38024,32.07241,11.96828,0.31631,17342
7.39024,32.04059,11.95211,0.32897,17122
7.40024,32.08783,11.93598,0.30017,17408
7.41024,32.06204,11.9199,0.32809,17318
7.42024,31.97203,11.90386,0.3594,17182
7.43023,31.9642,11.88786,0.32312,17362
7.44023,31.93756,11.87191,0.32939,16979
7.45023,31.88622,11.85599,0.31928,17194
7.46023,31.85856,11.84013,0.33522,17354
7.47023,31.91476,11.8243,0.2839,17128
7.48023,31.77154,11.80852,0.3105,17010
7.49023,31.79731,11.79278,0.31241,17375
7.50023,31.84824,11.77708,0.32674,17135
7.51023,31.79218,11.76142,0.323,17359
7.52023,31.7248,11.7458,0.31676,17257
7.53022,31.80172,11.73023,0.32883,17339
7.54022,31.7314,11.7147,0.34626,17178
7.55022,31.7232,11.6992,0.34119,17316
7.56022,31.65797,11.68375,0.31352,17179
7.57022,31.74681,11.66834,0.31538,17226
7.58022,31.67439,11.65298,0.29166,17367
7.59022,31.6359,11.63765,0.32361,17280
7.60022,31.65011,11.62236,0.29297,17004
7.61022,31.6296,11.60711,0.34923,17407
7.62022,31.63256,11.5919,0.3092,17489
7.63021,31.68749,11.57673,0.33258,17334
7.64021,31.56564,11.56161,0.321,17394
7.65021,31.60149,11.54652,0.30274,17331
7.66021,31.56247,11.53147,0.35185,17306
7.67021,31.59958,11.51646,0.30698,17457
7.68021,31.57395,11.50149,0.34049,17451
7.69021,31.53487,11.48655,0.28376,17381
7.70021,31.5809,11.47166,0.32842,17465
7.71021,31.54215,11.45681,0.31884,17430
7.7202,31.4237,11.44199,0.3145,17391
7.7302,31.53072,11.42721,0.33333,17496
7.7402,31.5624,11.41247,0.30935,17665
7.7502,31.50878,11.39777,0.28977,17769
7.7602,31.53303,11.38311,0.28883,17634
7.7702,31.49067,11.36848,0.3607,17485
7.7802,31.47952,11.35389,0.33521,17738
7.7902,31.56465,11.33934,0.35904,17775
7.8002,31.46606,11.32483,0.29512,17647
7.8102,31.45904,11.31035,0.30507,17759
7.82019,31.50736,11.29591,0.30366,17818
7.83019,31.46603,11.28151,0.33917,17805
7.84019,31.47298,11.26715,0.29632,17655
7.85019,31.43588,11.25282,0.29801,17848
7.86019,31.47337,11.23853,0.31171,18060
7.87019,31.53014,11.22427,0.32939,17892
7.88019,31.44228,11.21005,0.29799,17993
7.89019,31.47046,11.19587,0.32853,17948
7.90019,31.49066,11.18172,0.36479,17937
7.91019,31.47239,11.16761,0.32071,18089
7.92018,31.4198,11.15353,0.28742,18051
7.93018,31.46114,11.13949,0.26833,18133
7.94018,31.46756,11.12548,0.33877,18069
7.95018,31.47047,11.11151,0.31513,18185
7.96018,31.45729,11.09758,0.29955,18073
7.97018,31.40032,11.08368,0.33501,18122
7.98018,31.50008,11.06981,0.30417,18362
7.99018,31.40725,11.05598,0.3144,18327
8.00018,31.49857,11.04219,0.32276,18296
8.01018,31.48282,11.02843,0.3025,18118
8.02017,31.44654,11.0147,0.29234,18484
8.03017,31.4358,11.00101,0.32876,18348
8.04017,31.45434,10.98735,0.32204,18313
8.05017,31.41807,10.97372,0.27609,18314
8.06017,31.47909,10.96013,0.3229,18671
8.07017,31.49846,10.94657,0.31937,18540
8.08017,31.44053,10.93305,0.34185,18405
8.09017,31.43368,10.91956,0.31725,18454
8.10017,31.45144,10.9061,0.29147,18644
8.11016,31.45826,10.89268,0.29463,18688
8.12016,31.50544,10.87929,0.28637,18522
8.13016,31.43677,10.86593,0.33137,18638
8.14016,31.48631,10.85261,0.30426,18602
8.15016,31.5221,10.83932,0.32346,18728
8.16016,31.41297,10.82606,0.32268,18702
8.17016,31.51102,10.81283,0.2838,18918
8.18016,31.55702,10.79963,0.32226,18890
8.19016,31.47754,10.78647,0.29084,18893
8.20016,31.4998,10.77334,0.30636,18621
8.21015,31.5387,10.76024,0.31534,18746
8.22015,31.48405,10.74718,0.30023,19019
8.23015,31.5731,10.73414,0.27805,19150
8.24015,31.58554,10.72114,0.31128,18871
8.25015,31.52407,10.70817,0.31924,19060
8.26015,31.58545,10.69523,0.33689,18970
8.27015,31.56875,10.68232,0.30489,18858
8.28015,31.50806,10.66944,0.28462,19097
8.29015,31.59993,10.6566,0.28546,19297
8.30015,31.60476,10.64378,0.3174,19324
8.31014,31.57254,10.631,0.28928,19251
8.32014,31.60934,10.61824,0.36683,19100
8.33014,31.56069,10.60552,0.29956,18938
8.34014,31.59043,10.59283,0.30534,19290
8.35014,31.62619,10.58017,0.29047,19465
8.36014,31.5721,10.56753,0.3108,19213
8.37014,31.6115,10.55493,0.27345,19539
8.38014,31.62093,10.54236,0.32393,19359
8.39014,31.58984,10.52982,0.30071,19219
8.40013,31.5627,10.51731,0.32158,19362
8.41013,31.60803,10.50483,0.2847,19495
8.42013,31.61555,10.49237,0.28591,19606
8.43013,31.60188,10.47995,0.36816,19591
8.44013,31.61816,10.46756,0.31274,19727
8.45013,31.60078,10.45519,0.31362,19410
8.46013,31.60999,10.44286,0.2649,19604
8.47013,31.60885,10.43055,0.26963,19709
8.48013,31.646,10.41828,0.31148,19526
8.49013,31.60554,10.40603,0.33324,19639
8.50012,31.60998,10.39381,0.28656,19776
8.51012,31.64151,10.38162,0.31942,19802
8.52012,31.64982,10.36946,0.29712,19699
8.53012,31.62915,10.35733,0.30393,19871
8.54012,31.65045,10.34522,0.29656,19984
8.55012,31.64887,10.33315,0.30626,19951
8.56012,31.64525,10.3211,0.2947,19971
8.57012,31.69267,10.30908,0.31915,19781
8.58012,31.65069,10.29709,0.27737,20061
8.59012,31.64706,10.28513,0.28919,19829
8.60011,31.7145,10.27319,0.27424,19876
8.61011,31.67163,10.26128,0.35815,20216
8.62011,31.67228,10.2494,0.31206,20139
8.63011,31.71724,10.23755,0.28524,19971
8.64011,31.67483,10.22573,0.27907,20259
8.65011,31.68898,10.21393,0.28998,20166
8.66011,31.68411,10.20216,0.32659,20025
8.67011,31.68952,10.19041,0.30729,20442
8.68011,31.73762,10.1787,0.28898,20444
8.6901,31.70514,10.16701,0.30869,20327
8.7001,31.67929,10.15535,0.28923,20129
8.7101,31.73761,10.14371,0.31204,20108
8.7201,31.68395,10.1321,0.26181,20166
8.7301,31.7014,10.12052,0.31348,20330
8.7401,31.7398,10.10896,0.31073,20593
8.7501,31.71134,10.09743,0.28247,20504
8.7601,31.69513,10.08593,0.27956,20442
8.7701,31.73917,10.07445,0.31359,20380
8.7801,31.71908,10.063,0.30698,20446
8.79009,31.71228,10.05158,0.33827,20459
8.80009,31.73718,10.04018,0.32493,20655
8.81009,31.75613,10.02881,0.25571,20539
8.82009,31.76201,10.01746,0.29539,20607
8.83009,31.75042,10.00614,0.27005,20405
8.84009,31.7545,9.99484,0.30806,20487
8.85009,31.73373,9.98357,0.29482,20570
8.86009,31.76684,9.97233,0.29629,20689
8.87009,31.77147,9.96111,0.30143,20551
8.88009,31.7744,9.94992,0.28916,20840
8.89008,31.77802,9.93875,0.31203,20756
8.90008,31.80553,9.9276,0.3125,20671
8.91008,31.80246,9.91649,0.30998,20629
8.92008,31.81747,9.90539,0.27088,20934
8.93008,31.78315,9.89432,0.30776,20743
8.94008,31.81468,9.88328,0.26436,20699
8.95008,31.81643,9.87226,0.30087,20644
8.96008,31.82132,9.86127,0.2981,20803
8.97008,31.82849,9.8503,0.28179,20799
8.98008,31.82852,9.83935,0.31064,21027
8.99007,31.8071,9.82843,0.28632,20718
9.00007,31.85139,9.81753,0.29096,20895
9.01007,31.81085,9.80666,0.29784,21050
9.02007,31.82347,9.79581,0.30144,20974
9.03007,31.83489,9.78499,0.28579,21067
9.04007,31.85101,9.77419,0.30539,20982
9.05007,31.83047,9.76341,0.28587,21057
9.06007,31.81471,9.75266,0.29727,20758
9.07007,31.85957,9.74193,0.29188,20937
9.08006,31.82387,9.73122,0.28682,21074
9.09006,31.83656,9.72054,0.27672,21174
9.10006,31.86523,9.70988,0.30266,21092
9.11006,31.79877,9.69925,0.31309,20922
9.12006,31.86267,9.68864,0.2743,21137
9.13006,31.85356,9.67805,0.30145,21248
9.14006,31.84449,9.66748,0.31611,21282
9.15006,31.87115,9.65694,0.30738,21371
9.16006,31.85465,9.64642,0.27805,21427
9.17006,31.86039,9.63593,0.28276,21088
9.18005,31.82298,9.62545,0.28821,20972
9.19005,31.9085,9.615,0.27752,21269
9.20005,31.88711,9.60458,0.27307,21138
9.21005,31.86438,9.59417,0.31292,21490
9.22005,31.89334,9.58379,0.27754,21251
9.23005,31.88546,9.57343,0.32526,21307
9.24005,31.89971,9.56309,0.2769,21423
9.25005,31.89422,9.55278,0.29008,21442
9.26005,31.93329,9.54248,0.30685,21465
9.27005,31.92357,9.53221,0.32397,21567
9.28004,31.92751,9.52197,0.28379,21697
9.29004,31.93907,9.51174,0.25966,21322
9.30004,31.9105,9.50153,0.29356,21244
9.31004,31.96191,9.49135,0.2736,21466
9.32004,31.95321,9.48119,0.27837,21538
9.33004,31.95289,9.47105,0.31164,21681
9.34004,31.9748,9.46094,0.28879,21490
9.35004,31.98166,9.45084,0.29576,21665
9.36004,31.96133,9.44077,0.29388,21586
9.37003,31.97142,9.43072,0.2989,21550
9.38003,31.98957,9.42069,0.27859,21853
9.39003,32.01152,9.41068,0.3084,21861
9.40003,31.99015,9.40069,0.30965,21829
9.41003,32.0352,9.39072,0.28613,21513
9.42003,31.98803,9.38078,0.25942,21561
9.43003,32.04361,9.37085,0.28625,21654
9.44003,32.01317,9.36095,0.29268,21626
9.45003,32.02105,9.35107,0.28494,22075
9.46003,32.07796,9.34121,0.28054,21717
9.47002,32.04269,9.33136,0.28669,21875
9.48002,32.05175,9.32154,0.29179,21812
9.49002,32.05381,9.31175,0.29287,21990
9.50002,32.05405,9.30197,0.30385,21958
9.51002,32.06786,9.29221,0.3242,22100
9.52002,32.08932,9.28247,0.26998,22025
9.53002,32.07628,9.27276,0.28039,21830
9.54002,32.07354,9.26306,0.26164,21872
9.55002,32.10379,9.25338,0.2877,21839
9.56002,32.03746,9.24373,0.29856,21933
9.57001,32.10042,9.23409,0.27375,22166
9.58001,32.05574,9.22448,0.31225,21871
9.59001,32.06319,9.21488,0.27075,22104
9.60001,32.08449,9.20531,0.29102,22321
9.61001,32.08129,9.19575,0.31473,22190
9.62001,32.04797,9.18621,0.28034,21973
9.63001,32.06254,9.1767,0.30327,22270
9.64001,32.06809,9.1672,0.29926,22198
9.65001,32.02789,9.15773,0.26115,21980
9.66001,32.06876,9.14827,0.27063,22019
9.67,32.03178,9.13883,0.27502,22237
9.68,32.03895,9.12942,0.30044,22138
9.69,32.06087,9.12002,0.29859,22013
9.7,32.00107,9.11064,0.26654,22084
9.71,32.03127,9.10128,0.28299,22220
9.72,32.03418,9.09194,0.31117,22351
9.73,32.04551,9.08262,0.27884,22451
9.74,32.01993,9.07332,0.30729,22357
9.75,32.04404,9.06403,0.29716,22267
9.75999,32.00808,9.05477,0.2691,22345
9.76999,32.03306,9.04553,0.29262,21982
9.77999,32.0346,9.0363,0.27333,22044
9.78999,32.01455,9.02709,0.26625,22387
9.79999,32.05315,9.01791,0.28377,22395
9.80999,31.99307,9.00874,0.2782,22108
9.81999,32.03805,8.99959,0.30608,22223
9.82999,32.02221,8.99045,0.28559,22608
9.83999,32.0336,8.98134,0.27581,22337
9.84999,32.02353,8.97225,0.30765,22401
9.85998,32.05386,8.96317,0.30566,22458
9.86998,32.01379,8.95411,0.29431,22573
9.87998,32.03846,8.94507,0.26092,22312
9.88998,32.04508,8.93605,0.28713,22313
9.89998,32.04314,8.92705,0.27373,22316
9.90998,32.03969,8.91806,0.26556,22280
9.91998,32.01409,8.9091,0.29952,22337
9.92998,32.03239,8.90015,0.3111,22300
9.93998,32.02475,8.89122,0.24846,22507
9.94998,32.04751,8.8823,0.30569,22744
9.95997,32.02735,8.87341,0.28589,22528
9.96997,32.0648,8.86453,0.29003,22650
9.97997,32.01462,8.85567,0.29407,22515
9.98997,32.05182,8.84683,0.28627,22445
9.99997,32.03174,8.83801,0.27854,22542
10.01,32.0631,8.8292,0.285,22471
10.02,32.05475,8.82042,0.26441,22446
10.03,32.04329,8.81164,0.28227,22666
10.04,32.0376,8.80289,0.26975,22458
10.05,32.05585,8.79416,0.30869,22441
10.06,32.04441,8.78544,0.2581,22405
10.07,32.05547,8.77674,0.28145,22613
10.08,32.0562,8.76805,0.31167,22882
10.09,32.07833,8.75939,0.30504,22873
10.1,32.08378,8.75074,0.27672,22672
10.11,32.06643,8.7421,0.28601,22720
10.12,32.08453,8.73349,0.28368,22662
10.13,32.05369,8.72489,0.27159,22415
10.14,32.09176,8.71631,0.29812,22398
10.15,32.07863,8.70775,0.26056,22885
10.16,32.07887,8.6992,0.27582,22616
10.17,32.07931,8.69067,0.26159,22815
10.18,32.0857,8.68215,0.31132,22576
10.19,32.08375,8.67366,0.26931,22864
10.2,32.101,8.66518,0.33198,22819
10.21,32.07482,8.65671,0.28259,22810
10.22,32.13204,8.64827,0.27996,22946
10.23,32.08029,8.63984,0.27879,22825
10.24,32.09351,8.63142,0.26239,22732
10.2499,32.11472,8.62302,0.28045,22655
10.2599,32.0927,8.61464,0.28912,22709
10.2699,32.10752,8.60628,0.27251,22859
10.2799,32.09118,8.59793,0.2913,22657
10.2899,32.09482,8.5896,0.26361,22820
10.2999,32.10411,8.58128,0.29729,23009
10.3099,32.07948,8.57298,0.26026,22838
10.3199,32.1099,8.5647,0.30677,23082
10.3299,32.11013,8.55643,0.28899,23097
10.3399,32.10315,8.54818,0.26706,22863
10.3499,32.10993,8.53994,0.2704,22919
10.3599,32.0887,8.53172,0.30799,22821
10.3699,32.09972,8.52352,0.27607,22743
10.3799,32.08576,8.51533,0.28872,22975
10.3899,32.08261,8.50716,0.26039,22831
10.3999,32.10079,8.499,0.28735,23048
10.4099,32.07589,8.49086,0.26406,23168
10.4199,32.08635,8.48273,0.25874,22974
10.4299,32.0742,8.47462,0.31166,23022
10.4399,32.0915,8.46653,0.29564,22886
10.4499,32.08204,8.45845,0.27699,23254
10.4599,32.07799,8.45039,0.27996,23123
10.4699,32.09576,8.44234,0.28475,23087
10.4799,32.06744,8.43431,0.31141,23272
10.4899,32.07597,8.42629,0.25388,22859
10.4999,32.06749,8.41829,0.27525,22835
10.5099,32.06192,8.4103,0.27595,22902
10.5199,32.07692,8.40233,0.2632,23144
10.5299,32.05475,8.39437,0.26049,23382
10.5399,32.07854,8.38643,0.2976,23199
10.5499,32.05357,8.37851,0.2949,23199
10.5599,32.05878,8.3706,0.26929,23100
10.5699,32.0517,8.3627,0.30404,23102
10.5799,32.06762,8.35482,0.26681,23347
10.5899,32.07254,8.34695,0.32493,23344
10.5999,32.05673,8.3391,0.24519,23332
10.6099,32.05815,8.33126,0.26879,23063
10.6199,32.03499,8.32344,0.27333,22908
10.6299,32.03694,8.31564,0.2753,23174
10.6399,32.03545,8.30784,0.26288,23193
10.6499,32.03793,8.30007,0.27981,23331
10.6599,32.04536,8.2923,0.30091,23424
10.6699,32.0316,8.28455,0.27714,23458
10.6799,32.0368,8.27682,0.29048,23294
10.6899,32.02118,8.2691,0.27146,23218
10.6999,32.03139,8.2614,0.26959,23470
10.7099,32.0273,8.25371,0.29199,23560
10.7199,32.01417,8.24603,0.26746,23174
10.7299,32.02028,8.23837,0.26773,23287
10.7399,31.99568,8.23072,0.28732,23225
10.7499,32.0146,8.22309,0.25868,23221
10.7599,31.99436,8.21547,0.29156,23309
10.7699,32.0166,8.20786,0.26087,23503
10.7799,32.00241,8.20027,0.28741,23576
10.7899,31.99854,8.19269,0.24943,23567
10.7999,32.01812,8.18513,0.31096,23434
10.8099,31.98881,8.17758,0.27938,23625
10.8199,32.02151,8.17005,0.27287,23512
10.8299,32.00555,8.16253,0.31542,23443
10.8399,32.01924,8.15502,0.27107,23281
10.8499,31.98035,8.14753,0.26509,23571
10.8599,31.99051,8.14005,0.28493,23362
10.8699,32.01,8.13258,0.2493,23393
10.8799,31.99708,8.12513,0.26772,23551
10.8899,32.01436,8.11769,0.252,23634
10.8999,32.00414,8.11027,0.27806,23629
10.9099,32.01361,8.10286,0.2673,23700
10.9199,32.00402,8.09546,0.34089,23594
10.9299,32.00526,8.08808,0.26994,23691
10.9399,32.01051,8.08071,0.29025,23622
10.9499,31.98695,8.07335,0.28438,23527
10.9599,31.9991,8.06601,0.26889,23704
10.9699,31.97487,8.05868,0.24853,23432
10.9799,31.98796,8.05136,0.27412,23660
10.9899,31.97993,8.04406,0.26538,23593
10.9999,31.98788,8.03677,0.27999,23669
11.0099,31.96995,8.02949,0.26598,23793
11.0199,31.9553,8.02223,0.27499,23849
11.0299,31.95887,8.01498,0.26833,23714
11.0399,31.94221,8.00774,0.3296,23712
11.0499,31.95344,8.00052,0.28143,23853
11.0599,31.94255,7.99331,0.23854,23848
11.0699,31.92796,7.98611,0.28265,23858
11.0799,31.91493,7.97893,0.26519,23458
11.0899,31.90315,7.97176,0.2845,23590
11.0999,31.89186,7.9646,0.25643,23645
11.1099,31.88447,7.95745,0.2906,23832
11.1199,31.89259,7.95032,0.26042,24084
11.1299,31.88797,7.9432,0.27243,23986
11.1399,31.8885,7.93609,0.2713,23946
11.1499,31.86611,7.929,0.25827,23724
11.1599,31.87929,7.92191,0.28205,23827
11.1699,31.87247,7.91485,0.31965,23988
11.1799,31.84993,7.90779,0.24774,23925
11.1899,31.84813,7.90075,0.29411,23863
11.1999,31.82418,7.89371,0.25722,23845
11.2099,31.83399,7.8867,0.28704,23823
11.2198,31.83608,7.87969,0.25839,23966
11.2298,31.83615,7.8727,0.28881,23984
11.2398,31.82743,7.86571,0.24787,24073
11.2498,31.82464,7.85875,0.24859,23939
11.2598,31.81881,7.85179,0.27475,23809
11.2698,31.82782,7.84485,0.29569,24026
11.2798,31.80732,7.83791,0.27583,24136
11.2898,31.79956,7.831,0.2945,24305
11.2998,31.79807,7.82409,0.27812,24082
11.3098,31.78634,7.81719,0.26504,23946
11.3198,31.77605,7.81031,0.26431,23761
11.3298,31.7785,7.80344,0.27829,24168
11.3398,31.77285,7.79658,0.24302,23936
11.3498,31.77937,7.78974,0.27047,24221
11.3598,31.78493,7.7829,0.24952,24154
11.3698,31.78371,7.77608,0.26626,24116
11.3798,31.76872,7.76927,0.27524,24246
11.3898,31.75942,7.76247,0.29571,24208
11.3998,31.75839,7.75569,0.28435,24218
11.4098,31.75626,7.74891,0.29153,24219
11.4198,31.7478,7.74215,0.2896,23930
11.4298,31.74874,7.7354,0.23063,24067
11.4398,31.73292,7.72866,0.25089,24252
11.4498,31.72122,7.72193,0.28578,24250
11.4598,31.7222,7.71522,0.26697,24283
11.4698,31.72488,7.70851,0.2612,24397
11.4798,31.72173,7.70182,0.26519,24067
11.4898,31.71608,7.69514,0.26045,24302
11.4998,31.71061,7.68847,0.29539,24311
11.5098,31.71379,7.68182,0.2827,24228
11.5198,31.70275,7.67517,0.25334,24529
11.5298,31.68709,7.66854,0.28095,24394
11.5398,31.66065,7.66192,0.26115,24130
11.5498,31.64975,7.65531,0.26194,24220
11.5598,31.6461,7.64871,0.2621,24470
11.5698,31.66101,7.64212,0.26052,24336
11.5798,31.64235,7.63554,0.27465,24418
11.5898,31.64396,7.62898,0.26237,24396
11.5998,31.62874,7.62242,0.28644,24198
11.6098,31.62748,7.61588,0.24796,24456
11.6198,31.60909,7.60935,0.26788,24459
11.6298,31.619,7.60283,0.27312,24582
11.6398,31.60594,7.59632,0.27948,24713
11.6498,31.59206,7.58982,0.28583,24304
11.6598,31.58515,7.58334,0.25928,24519
11.6698,31.57085,7.57686,0.25484,24096
11.6798,31.5794,7.5704,0.25569,24405
11.6898,31.56602,7.56395,0.27686,24516
11.6998,31.57262,7.5575,0.26311,24912
11.7098,31.56638,7.55107,0.25661,24558
11.7198,31.57435,7.54465,0.25001,24581
11.7298,31.57797,7.53824,0.27955,24528
11.7398,31.56671,7.53185,0.27839,24578
11.7498,31.56439,7.52546,0.27731,24662
11.7598,31.56356,7.51908,0.26829,24517
11.7698,31.55611,7.51272,0.29475,24381
11.7798,31.57025,7.50636,0.23606,24588
11.7898,31.55314,7.50002,0.27651,24605
11.7998,31.54921,7.49369,0.24484,24815
11.8098,31.54786,7.48736,0.24728,24756
11.8198,31.55094,7.48105,0.27541,24468
11.8298,31.55739,7.47475,0.27361,24635
11.8398,31.55753,7.46846,0.25293,24748
11.8498,31.56779,7.46218,0.29835,24845
11.8598,31.57062,7.45591,0.27559,24749
11.8698,31.54815,7.44965,0.25925,24944
11.8798,31.55527,7.44341,0.28383,24616
11.8898,31.53534,7.43717,0.26623,24520
11.8998,31.55026,7.43094,0.22297,24772
11.9098,31.53622,7.42473,0.25342,24687
11.9198,31.54179,7.41852,0.2649,24856
11.9298,31.54149,7.41233,0.27728,24716
11.9398,31.53144,7.40614,0.26499,24878
11.9498,31.5236,7.39997,0.2757,25049
11.9598,31.52251,7.3938,0.25599,24735
11.9698,31.51361,7.38765,0.30016,24885
11.9798,31.54127,7.3815,0.26406,24860
11.9898,31.52183,7.37537,0.25856,25066
11.9998,31.50387,7.36925,0.26666,24786
12.0098,31.51711,7.36313,0.24058,24783
12.0198,31.50014,7.35703,0.25159,24928
12.0298,31.49866,7.35094,0.26187,24828
12.0398,31.47385,7.34486,0.25599,24804
12.0498,31.48955,7.33878,0.27961,24765
12.0598,31.48712,7.33272,0.24883,25074
12.0698,31.48305,7.32667,0.29519,25240
12.0798,31.48076,7.32063,0.25528,25134
12.0898,31.47978,7.3146,0.25027,25159
12.0998,31.48303,7.30857,0.29642,25081
12.1098,31.46277,7.30256,0.28211,24741
12.1198,31.45416,7.29656,0.25138,24867
12.1298,31.47327,7.29057,0.23961,25152
12.1398,31.43906,7.28458,0.2591,25016
12.1498,31.44539,7.27861,0.24996,25116
12.1598,31.44359,7.27265,0.25412,25017
12.1698,31.44265,7.2667,0.2799,24908
12.1798,31.43756,7.26075,0.25036,25126
12.1897,31.42443,7.25482,0.27221,24970
12.1997,31.43186,7.2489,0.26396,25496
12.2097,31.42951,7.24298,0.27036,25455
12.2197,31.42621,7.23708,0.31532,25155
12.2297,31.42088,7.23118,0.28272,24955
12.2397,31.41655,7.2253,0.22988,25241
12.2497,31.40795,7.21942,0.24232,25087
12.2597,31.3893,7.21356,0.24515,25033
12.2697,31.4063,7.2077,0.23491,24966
12.2797,31.38977,7.20185,0.25513,25318
12.2897,31.40258,7.19602,0.30421,25260
12.2997,31.39534,7.19019,0.25876,25509
12.3097,31.38736,7.18437,0.26627,25415
12.3197,31.38593,7.17856,0.2793,25347
12.3297,31.36686,7.17276,0.2831,25197
12.3397,31.36886,7.16697,0.26974,25360
12.3497,31.36131,7.16119,0.26501,25021
12.3597,31.36492,7.15542,0.2335,25382
12.3697,31.35257,7.14966,0.23117,25379
12.3797,31.35848,7.14391,0.24145,25184
12.3897,31.35545,7.13817,0.24383,25437
12.3997,31.34704,7.13243,0.29416,25474
12.4097,31.33845,7.12671,0.28262,25392
12.4197,31.34789,7.12099,0.26717,25317
12.4297,31.33683,7.11529,0.2523,25625
12.4397,31.33148,7.10959,0.29643,25410
12.4497,31.32688,7.1039,0.25164,25379
12.4597,31.31997,7.09822,0.26048,25455
12.4697,31.32439,7.09256,0.25279,25529
12.4797,31.32918,7.08689,0.2422,25433
12.4897,31.30689,7.08124,0.23301,25333
12.4997,31.32801,7.0756,0.26584,25467
12.5097,31.33148,7.06997,0.24879,25434
12.5197,31.32706,7.06434,0.29075,25620
12.5297,31.32548,7.05873,0.27167,25806
12.5397,31.3309,7.05312,0.25704,25454
12.5497,31.32046,7.04753,0.26187,25594
12.5597,31.31456,7.04194,0.27482,25357
12.5697,31.32249,7.03636,0.24679,25686
12.5797,31.32022,7.03079,0.26712,25680
12.5897,31.34575,7.02523,0.24521,25636
12.5997,31.33169,7.01967,0.25339,25416
12.6097,31.34631,7.01413,0.25276,25552
12.6197,31.33818,7.0086,0.24981,25825
12.6297,31.33843,7.00307,0.24632,25584
12.6397,31.34421,6.99755,0.25444,25617
12.6497,31.34736,6.99204,0.27825,25646
12.6597,31.35098,6.98654,0.2723,25782
12.6697,31.3433,6.98105,0.25203,25778
12.6797,31.35741,6.97557,0.24638,25958
12.6897,31.34999,6.97009,0.30009,25749
12.6997,31.36332,6.96463,0.23783,25692
12.7097,31.3407,6.95917,0.25365,25712
12.7197,31.33784,6.95372,0.24947,25581
12.7297,31.35676,6.94828,0.2442,25627
12.7397,31.34869,6.94285,0.25621,25719
12.7497,31.35333,6.93743,0.25881,25887
12.7597,31.34248,6.93202,0.24899,25873
12.7697,31.33983,6.92661,0.28441,26009
12.7797,31.32775,6.92122,0.25705,25850
12.7897,31.32889,6.91583,0.25684,25866
12.7997,31.32216,6.91045,0.2824,25960
12.8097,31.30972,6.90507,0.24966,25881
12.8197,31.30346,6.89971,0.2245,25852
12.8297,31.2831,6.89436,0.25226,25695
12.8397,31.29115,6.88901,0.24826,25735
12.8497,31.27844,6.88367,0.26488,26066
12.8597,31.27026,6.87834,0.2546,26019
12.8697,31.25616,6.87302,0.26272,25839
12.8797,31.25018,6.86771,0.2662,26063
12.8897,31.24341,6.8624,0.27307,26023
12.8997,31.22529,6.8571,0.25422,26092
12.9097,31.21005,6.85182,0.2516,26040
12.9197,31.20086,6.84654,0.23875,26138
12.9297,31.18397,6.84126,0.23171,25928
12.9397,31.17665,6.836,0.27372,25734
12.9497,31.15611,6.83074,0.24024,26087
12.9597,31.15037,6.8255,0.27622,26201
12.9697,31.14601,6.82026,0.24525,26060
12.9797,31.13874,6.81502,0.27721,26146
12.9897,31.12346,6.8098,0.27772,26167
12.9997,31.11171,6.80459,0.25319,26008
13.0097,31.1019,6.79938,0.24194,26303
13.0197,31.09225,6.79418,0.2496,26151
13.0297,31.07882,6.78899,0.23562,25900
13.0397,31.07214,6.7838,0.2582,26126
13.0497,31.06593,6.77863,0.23451,26314
13.0597,31.0521,6.77346,0.25996,25987
13.0697,31.04713,6.7683,0.25855,26197
13.0797,31.02792,6.76315,0.26581,26096
13.0897,31.02067,6.75801,0.25539,26400
13.0997,31.01455,6.75287,0.26563,26528
13.1097,31.01049,6.74774,0.24049,26115
13.1197,31.01243,6.74262,0.27671,26207
13.1297,30.99597,6.73751,0.24833,26557
13.1397,30.98459,6.7324,0.23179,26172
13.1497,30.97848,6.72731,0.25256,26087
13.1596,30.98342,6.72222,0.23475,26330
13.1696,30.96856,6.71714,0.25817,26270
13.1796,30.95901,6.71206,0.26038,26260
13.1896,30.94995,6.707,0.2609,26317
13.1996,30.9509,6.70194,0.23489,26428
13.2096,30.94265,6.69689,0.26052,26506
13.2196,30.93354,6.69185,0.26829,26499
13.2296,30.92525,6.68681,0.26107,26569
13.2396,30.93376,6.68178,0.25072,26372
13.2496,30.92841,6.67676,0.24786,26305
13.2596,30.91561,6.67175,0.25901,26226
13.2696,30.91577,6.66675,0.22853,26487
13.2796,30.91349,6.66175,0.24549,26443
13.2896,30.90824,6.65676,0.23041,26483
13.2996,30.91061,6.65178,0.2464,26504
13.3096,30.90476,6.6468,0.27509,26533
13.3196,30.89621,6.64184,0.24791,26586
13.3296,30.88813,6.63688,0.26568,26488
13.3396,30.89101,6.63192,0.26176,26391
13.3496,30.88812,6.62698,0.26025,26542
13.3596,30.88752,6.62204,0.24152,26767
13.3696,30.87583,6.61711,0.28228,26376
13.3796,30.87482,6.61219,0.23682,26567
13.3896,30.87557,6.60727,0.22157,26672
13.3996,30.85886,6.60236,0.22483,26649
13.4096,30.86132,6.59746,0.25604,26692
13.4196,30.85326,6.59257,0.26994,26592
13.4296,30.85049,6.58768,0.25338,26543
13.4396,30.83171,6.58281,0.25803,26551
13.4496,30.82257,6.57793,0.24585,26789
13.4596,30.8262,6.57307,0.2724,26722
13.4696,30.82917,6.56821,0.26011,26917
13.4796,30.81109,6.56336,0.22456,26623
13.4896,30.79417,6.55852,0.25806,26663
13.4996,30.80447,6.55369,0.23277,26853
13.5096,30.7799,6.54886,0.23871,26609
13.5196,30.781,6.54404,0.24081,26416
13.5296,30.77162,6.53922,0.24962,26898
13.5396,30.77486,6.53442,0.26086,27001
13.5496,30.75054,6.52962,0.2634,26712
13.5596,30.74995,6.52482,0.26942,26786
13.5696,30.74611,6.52004,0.23967,26822
13.5796,30.73338,6.51526,0.23039,26975
13.5896,30.71629,6.51049,0.24271,26769
13.5996,30.71233,6.50572,0.2666,26793
13.6096,30.7104,6.50097,0.23492,26815
13.6196,30.70976,6.49622,0.26096,26945
13.6296,30.70542,6.49147,0.23177,26882
13.6396,30.70181,6.48674,0.25023,26980
13.6496,30.70064,6.48201,0.25288,26976
13.6596,30.68663,6.47729,0.26833,26940
13.6696,30.67808,6.47257,0.24274,26987
13.6796,30.68095,6.46786,0.22931,27024
13.6896,30.678,6.46316,0.24288,26787
13.6996,30.6605,6.45846,0.25415,26631
13.7096,30.66294,6.45378,0.24763,26970
13.7196,30.6713,6.4491,0.2508,27166
13.7296,30.65751,6.44442,0.24613,27276
13.7396,30.65721,6.43975,0.23691,26974
13.7496,30.65591,6.43509,0.27314,27222
13.7596,30.65304,6.43044,0.25147,27075
13.7696,30.65542,6.42579,0.22561,27057
13.7796,30.64083,6.42115,0.24287,26967
13.7896,30.63595,6.41652,0.24857,27038
13.7996,30.6407,6.41189,0.23489,26990
13.8096,30.64291,6.40727,0.25564,27229
13.8196,30.63115,6.40266,0.24109,26851
13.8296,30.63391,6.39805,0.25211,27197
13.8396,30.63488,6.39345,0.24396,27408
13.8496,30.61153,6.38886,0.25454,27162
13.8596,30.62102,6.38427,0.24248,27116
13.8696,30.61482,6.37969,0.23752,27381
13.8796,30.60583,6.37512,0.24726,27075
13.8896,30.61502,6.37055,0.25686,27041
13.8996,30.6044,6.36599,0.24264,27311
13.9096,30.60563,6.36144,0.24358,27136
13.9196,30.59985,6.35689,0.24076,27227
13.9296,30.58298,6.35235,0.23385,27317
13.9396,30.5899,6.34781,0.27178,27281
13.9496,30.57416,6.34329,0.23166,27426
13.9596,30.56717,6.33877,0.24374,27222
13.9696,30.54601,6.33425,0.2244,27214
13.9796,30.54867,6.32974,0.26568,27568
13.9896,30.5395,6.32524,0.24517,27233
13.9996,30.53736,6.32075,0.26097,27283
14.0096,30.53071,6.31626,0.22884,27708
14.0196,30.53136,6.31178,0.25805,27171
14.0296,30.52187,6.3073,0.25154,27435
14.0396,30.49018,6.30283,0.24301,27153
14.0496,30.49317,6.29837,0.22893,27464
14.0596,30.48305,6.29391,0.23578,27455
14.0696,30.47811,6.28946,0.22672,27663
14.0796,30.47612,6.28501,0.25379,27205
14.0896,30.45482,6.28058,0.24069,27547
14.0996,30.43754,6.27615,0.27003,27453
14.1096,30.44722,6.27172,0.23835,27486
14.1196,30.43189,6.2673,0.23062,27705
14.1295,30.41866,6.26289,0.25987,27434
14.1395,30.40862,6.25848,0.25195,27635
14.1495,30.39423,6.25408,0.24127,27417
14.1595,30.38544,6.24969,0.24398,27367
14.1695,30.38378,6.2453,0.22015,27633
14.1795,30.37549,6.24092,0.24018,27712
14.1895,30.35983,6.23654,0.24342,27445
14.1995,30.357,6.23217,0.24429,27715
14.2095,30.36271,6.22781,0.25752,27537
14.2195,30.33833,6.22345,0.23753,27719
14.2295,30.32806,6.2191,0.23171,27746
14.2395,30.32864,6.21476,0.24642,27538
14.2495,30.31499,6.21042,0.23599,27492
14.2595,30.29207,6.20609,0.25164,27608
14.2695,30.28941,6.20176,0.24549,27801
14.2795,30.28507,6.19744,0.24851,27735
14.2895,30.28464,6.19313,0.22992,27774
14.2995,30.26319,6.18882,0.23568,27555
14.3095,30.27667,6.18452,0.2414,27858
14.3195,30.25848,6.18022,0.24694,27737
14.3295,30.25743,6.17593,0.23374,27796
14.3395,30.25695,6.17165,0.23124,27756
14.3495,30.22937,6.16737,0.23837,27767
14.3595,30.23447,6.1631,0.22942,27986
14.3695,30.21624,6.15883,0.26505,27754
14.3795,30.20162,6.15457,0.23336,27827
14.3895,30.19182,6.15032,0.24873,27999
14.3995,30.19375,6.14607,0.24906,27951
14.4095,30.17971,6.14183,0.24699,27671
14.4195,30.1861,6.13759,0.25058,27677
14.4295,30.1555,6.13336,0.21752,27724
14.4395,30.1547,6.12913,0.22006,28052
14.4495,30.14579,6.12492,0.2345,27798
14.4595,30.14839,6.1207,0.24961,27855
14.4695,30.12704,6.1165,0.23048,28248
14.4795,30.10588,6.11229,0.26705,27941
14.4895,30.09651,6.1081,0.2443,27931
14.4995,30.08693,6.10391,0.23072,28154
14.5095,30.07617,6.09973,0.24825,27984
14.5195,30.0747,6.09555,0.25209,28048
14.5295,30.07055,6.09137,0.22139,28081
14.5395,30.06271,6.08721,0.25135,27922
14.5495,30.05558,6.08305,0.21013,27782
14.5595,30.04574,6.07889,0.24152,27961
14.5695,30.03647,6.07474,0.2451,28077
14.5795,30.02868,6.0706,0.23928,28141
14.5895,30.01504,6.06646,0.25387,27948
14.5995,29.99083,6.06233,0.23035,28315
14.6095,29.99283,6.0582,0.24231,28279
14.6195,29.99677,6.05408,0.23857,28023
14.6295,29.99417,6.04997,0.23226,28243
14.6395,29.98087,6.04586,0.24356,28099
14.6495,29.97403,6.04175,0.23135,28063
14.6595,29.9658,6.03765,0.22061,28114
14.6695,29.9749,6.03356,0.25326,28233
14.6795,29.9639,6.02947,0.23182,28070
14.6895,29.94604,6.02539,0.26171,28374
14.6995,29.92518,6.02132,0.23911,28158
14.7095,29.92599,6.01724,0.23896,28164
14.7195,29.90933,6.01318,0.21627,28367
14.7295,29.90651,6.00912,0.23289,28355
14.7395,29.90972,6.00507,0.24415,28360
14.7495,29.88791,6.00102,0.23618,27847
14.7595,29.88753,5.99697,0.21769,28218
14.7695,29.87861,5.99294,0.23709,28441
14.7795,29.87846,5.98891,0.25671,28434
14.7895,29.86356,5.98488,0.23577,28309
14.7995,29.84975,5.98086,0.247,28633
14.8095,29.81794,5.97684,0.24822,28382
14.8195,29.81575,5.97283,0.22332,28434
14.8295,29.80248,5.96883,0.24144,28361
14.8395,29.79712,5.96483,0.22669,28474
14.8495,29.77128,5.96083,0.21861,28396
14.8595,29.77721,5.95685,0.24259,28052
14.8695,29.76775,5.95286,0.22924,28329
14.8795,29.76692,5.94888,0.23261,28492
14.8895,29.75773,5.94491,0.23382,28493
14.8995,29.73167,5.94094,0.24914,28604
14.9095,29.72897,5.93698,0.22648,28672
14.9195,29.70314,5.93303,0.23387,28426
14.9295,29.68636,5.92908,0.25034,28623
14.9395,29.68269,5.92513,0.24158,28579
14.9495,29.67987,5.92119,0.23266,28493
14.9595,29.65112,5.91725,0.21793,28497
14.9695,29.64603,5.91332,0.23006,28241
14.9795,29.654,5.9094,0.23616,28483
14.9895,29.65851,5.90548,0.22406,28521
14.9995,29.64449,5.90157,0.23394,28624
15.0095,29.63699,5.89766,0.23448,28943
15.0195,29.62271,5.89375,0.23648,28724
15.0295,29.60206,5.88985,0.24542,28534
15.0395,29.60835,5.88596,0.22519,28819
15.0495,29.59708,5.88207,0.24576,28862
15.0595,29.58371,5.87819,0.24667,28696
15.0695,29.58991,5.87431,0.23201,28624
15.0795,29.58171,5.87044,0.22475,28227
15.0895,29.5681,5.86657,0.22551,28571
15.0994,29.59132,5.86271,0.21707,28672
15.1094,29.56966,5.85885,0.22272,28969
15.1194,29.56792,5.855,0.23397,28785
15.1294,29.57038,5.85115,0.26537,28845
15.1394,29.54889,5.84731,0.22431,28714
15.1494,29.55049,5.84347,0.23183,28885
15.1594,29.54747,5.83964,0.24334,28845
15.1694,29.53071,5.83581,0.24056,28893
15.1794,29.52824,5.83199,0.2265,28748
15.1894,29.53406,5.82818,0.21212,28510
15.1994,29.53045,5.82436,0.23795,28777
15.2094,29.52512,5.82056,0.24839,28716
15.2194,29.52422,5.81676,0.19896,29036
15.2294,29.5148,5.81296,0.26029,29032
15.2394,29.50934,5.80917,0.23565,28931
15.2494,29.48203,5.80538,0.24126,29057
15.2594,29.48442,5.8016,0.22991,29080
15.2694,29.48016,5.79782,0.25223,29044
15.2794,29.47089,5.79405,0.22606,29038
15.2894,29.47758,5.79029,0.19905,28912
15.2994,29.46237,5.78652,0.2264,28692
15.3094,29.46138,5.78277,0.23109,28894
15.3194,29.45334,5.77902,0.25443,29067
15.3294,29.42844,5.77527,0.24537,29112
15.3394,29.4383,5.77153,0.21848,29008
15.3494,29.42325,5.76779,0.24318,29111
15.3594,29.40023,5.76406,0.2453,28704
15.3694,29.38815,5.76033,0.22211,29175
15.3794,29.38428,5.75661,0.22906,29335
15.3894,29.37972,5.75289,0.22223,28986
15.3994,29.37957,5.74918,0.20688,28933
15.4094,29.38359,5.74547,0.21211,29024
15.4194,29.35851,5.74176,0.24302,29148
15.4294,29.35448,5.73807,0.24821,29073
15.4394,29.34467,5.73437,0.22793,29250
15.4494,29.33507,5.73068,0.24973,29410
15.4594,29.32016,5.727,0.2389,29343
15.4694,29.30417,5.72332,0.2559,29124
15.4794,29.30622,5.71965,0.22232,29154
15.4894,29.27308,5.71598,0.2049,29286
15.4994,29.28278,5.71231,0.2133,29128
15.5094,29.27521,5.70865,0.22581,29023
15.5194,29.25692,5.705,0.23117,29247
15.5294,29.24306,5.70134,0.22038,29288
15.5394,29.24019,5.6977,0.2501,29316
15.5494,29.2338,5.69406,0.22267,29292
15.5594,29.23514,5.69042,0.25354,29417
15.5694,29.19669,5.68679,0.24556,29296
15.5794,29.19153,5.68316,0.22315,29481
15.5894,29.17873,5.67954,0.21718,29502
15.5994,29.16294,5.67592,0.22332,29179
15.6094,29.16364,5.67231,0.21533,29137
15.6194,29.15462,5.6687,0.24124,29147
15.6294,29.15121,5.66509,0.21905,29132
15.6394,29.12546,5.66149,0.21304,29586
15.6494,29.13168,5.6579,0.23552,29525
15.6594,29.10687,5.65431,0.24985,29664
15.6694,29.11597,5.65072,0.23821,29362
15.6794,29.08419,5.64714,0.21356,29493
15.6894,29.07482,5.64357,0.23132,29627
15.6994,29.06479,5.63999,0.22106,29510
15.7094,29.072,5.63643,0.22005,29308
15.7194,29.05736,5.63286,0.22552,29538
15.7294,29.04379,5.62931,0.21349,29444
15.7394,29.0363,5.62575,0.25457,29508
15.7494,29.04233,5.6222,0.23312,29485
15.7594,29.01757,5.61866,0.22553,29623
15.7694,29.00945,5.61512,0.22817,29509
15.7794,29.01088,5.61158,0.21184,29836
15.7894,28.97853,5.60805,0.24591,29444
15.7994,28.97441,5.60452,0.20822,29742
15.8094,28.96854,5.601,0.24007,29465
15.8194,28.97838,5.59749,0.21164,29524
15.8294,28.97276,5.59397,0.21484,29669
15.8394,28.95393,5.59046,0.23113,29740
15.8494,28.94653,5.58696,0.22762,29785
15.8594,28.94488,5.58346,0.25406,29613
15.8694,28.94254,5.57996,0.21956,29903
15.8794,28.92942,5.57647,0.23012,29776
15.8894,28.92561,5.57299,0.22984,29680
15.8994,28.89974,5.5695,0.21881,29772
15.9094,28.89683,5.56603,0.21276,29574
15.9194,28.89159,5.56255,0.22414,29437
15.9294,28.90418,5.55908,0.23228,29689
15.9394,28.87733,5.55562,0.20203,29709
15.9494,28.89696,5.55216,0.23959,29745
15.9594,28.87669,5.5487,0.23132,29893
15.9694,28.86264,5.54525,0.21255,30015
15.9794,28.86082,5.5418,0.24305,29814
15.9894,28.85008,5.53836,0.21569,30177
15.9994,28.8278,5.53492,0.25278,29824
16.0094,28.82419,5.53149,0.21298,29893
16.0194,28.8254,5.52806,0.24013,29425
16.0294,28.82606,5.52463,0.20309,29837
16.0394,28.80113,5.52121,0.22347,30080
16.0494,28.79864,5.51779,0.22351,29857
16.0594,28.79277,5.51438,0.21803,29897
16.0693,28.77508,5.51097,0.21583,30021
16.0793,28.76689,5.50756,0.22249,30149
16.0893,28.76048,5.50416,0.22446,29896
16.0993,28.75469,5.50077,0.24019,30205
16.1093,28.72789,5.49738,0.25421,30059
16.1193,28.72456,5.49399,0.20512,29884
16.1293,28.72601,5.49061,0.20666,29922
16.1393,28.7057,5.48723,0.25674,30051
16.1493,28.70035,5.48385,0.21308,30191
16.1593,28.69713,5.48048,0.20959,30034
16.1693,28.68589,5.47711,0.21899,29738
16.1793,28.66363,5.47375,0.21145,30491
16.1893,28.66289,5.47039,0.23688,30240
16.1993,28.64359,5.46704,0.23306,30155
16.2093,28.62098,5.46369,0.22391,30084
16.2193,28.61729,5.46034,0.23193,29959
16.2293,28.61322,5.457,0.21509,29965
16.2393,28.61563,5.45366,0.22458,30109
16.2493,28.59374,5.45033,0.21809,30080
16.2593,28.58034,5.447,0.21602,30250
16.2693,28.59039,5.44368,0.21099,30083
16.2793,28.56645,5.44036,0.21752,30193
16.2893,28.56044,5.43704,0.25144,30355
16.2993,28.55286,5.43373,0.20489,30349
16.3093,28.53411,5.43042,0.23397,30469
16.3193,28.5233,5.42711,0.21473,30208
16.3293,28.50163,5.42381,0.23614,29770
16.3393,28.51219,5.42051,0.21574,30317
16.3493,28.49069,5.41722,0.21617,30386
16.3593,28.49245,5.41393,0.19494,30235
16.3693,28.48847,5.41065,0.23421,30393
16.3793,28.47329,5.40737,0.22224,30349
16.3893,28.45145,5.40409,0.21736,30237
16.3993,28.44986,5.40082,0.23891,30549
16.4093,28.43329,5.39755,0.25539,30601
16.4193,28.42572,5.39429,0.21189,30545
16.4293,28.39776,5.39103,0.20487,29949
16.4393,28.39973,5.38777,0.21862,30128
16.4493,28.39548,5.38452,0.22557,30514
16.4593,28.39438,5.38127,0.2163,30553
16.4693,28.38087,5.37802,0.19386,30586
16.4793,28.40032,5.37478,0.21279,30432
16.4893,28.36827,5.37155,0.23493,30529
16.4993,28.37339,5.36831,0.24097,30741
16.5093,28.37459,5.36508,0.22936,30547
16.5193,28.35774,5.36186,0.21547,30717
16.5293,28.34513,5.35864,0.23868,30315
16.5393,28.34506,5.35542,0.20712,30366
16.5493,28.35229,5.35221,0.21171,30270
16.5593,28.34335,5.349,0.2164,30543
16.5693,28.34223,5.34579,0.21935,30656
16.5793,28.31997,5.34259,0.21379,30688
16.5893,28.35061,5.33939,0.20818,30458
16.5993,28.3252,5.3362,0.21939,30868
16.6093,28.30958,5.33301,0.25604,30617
16.6193,28.31297,5.32982,0.20189,30777
16.6293,28.30672,5.32664,0.22312,30639
16.6393,28.26677,5.32346,0.25216,30166
16.6493,28.28934,5.32029,0.19515,30561
16.6593,28.2948,5.31712,0.20374,30749
16.6693,28.27957,5.31395,0.21344,30900
16.6793,28.27501,5.31079,0.22738,30882
16.6893,28.28109,5.30763,0.22339,30749
16.6993,28.27271,5.30447,0.22708,30675
16.7093,28.24867,5.30132,0.21757,30764
16.7193,28.24055,5.29817,0.21106,31086
16.7293,28.23852,5.29503,0.23734,30452
16.7393,28.20668,5.29189,0.21119,30528
16.7493,28.1867,5.28875,0.19869,30876
16.7593,28.18211,5.28562,0.20776,30855
16.7693,28.17552,5.28249,0.21311,30935
16.7793,28.16728,5.27937,0.22309,30948
16.7893,28.15248,5.27624,0.21322,31126
16.7993,28.16766,5.27313,0.23529,30819
16.8093,28.13983,5.27001,0.23784,30948
16.8193,28.12655,5.2669,0.20361,31221
16.8293,28.1264,5.26379,0.23448,30673
16.8393,28.09001,5.26069,0.22349,30692
16.8493,28.07679,5.25759,0.19386,30602
16.8593,28.0668,5.2545,0.20625,30937
16.8693,28.06511,5.2514,0.21087,30971
16.8793,28.0584,5.24832,0.22785,31111
16.8893,28.04804,5.24523,0.21113,31032
16.8993,28.04648,5.24215,0.22171,31301
16.9093,28.03449,5.23907,0.23054,30919
16.9193,28.02705,5.236,0.20983,30889
16.9293,28.03204,5.23293,0.215,31113
16.9393,28.01302,5.22986,0.22745,31143
16.9493,27.96816,5.2268,0.20423,30679
16.9593,27.99488,5.22374,0.21534,31064
16.9693,27.97197,5.22069,0.20523,31081
16.9793,27.96512,5.21763,0.21469,31111
16.9893,27.96251,5.21459,0.21137,31269
16.9993,27.95969,5.21154,0.22575,31329
17.0093,27.95345,5.2085,0.21392,31146
17.0193,27.94685,5.20546,0.2265,31184
17.0293,27.94449,5.20243,0.22038,31087
17.0392,27.92693,5.1994,0.2017,31121
17.0492,27.88817,5.19637,0.21588,30919
17.0592,27.90035,5.19335,0.20089,31260
17.0692,27.89791,5.19033,0.20853,31166
17.0792,27.88912,5.18731,0.21783,31290
17.0892,27.88386,5.1843,0.24623,31392
17.0992,27.87332,5.18129,0.21219,31270
17.1092,27.87376,5.17828,0.22044,31271
17.1192,27.88018,5.17528,0.20575,31084
17.1292,27.86714,5.17228,0.21341,31128
17.1392,27.86298,5.16929,0.2102,31163
17.1492,27.83367,5.1663,0.22053,31236
17.1592,27.80399,5.16331,0.19517,31249
17.1692,27.81127,5.16033,0.19896,31306
17.1792,27.81811,5.15734,0.22794,31443
17.1892,27.81082,5.15437,0.2149,31591
17.1992,27.80359,5.15139,0.23578,31563
17.2092,27.79938,5.14842,0.23234,31638
17.2192,27.81117,5.14546,0.20954,31304
17.2292,27.80086,5.14249,0.19513,31453
17.2392,27.79342,5.13953,0.2208,31451
17.2492,27.76633,5.13657,0.21354,31176
17.2592,27.74148,5.13362,0.20099,31285
17.2692,27.73503,5.13067,0.20875,31500
17.2792,27.74256,5.12772,0.21843,31546
17.2892,27.73206,5.12478,0.19449,31502
17.2992,27.71802,5.12184,0.24962,31677
17.3092,27.70763,5.11891,0.20735,31788
17.3192,27.70443,5.11597,0.21155,31413
17.3292,27.72652,5.11304,0.21971,31491
17.3392,27.69141,5.11012,0.19821,31701
17.3492,27.67222,5.1072,0.22381,31343
17.3592,27.66769,5.10428,0.19855,31247
17.3692,27.63453,5.10136,0.21831,31635
17.3792,27.65377,5.09845,0.20664,31576
17.3892,27.63735,5.09554,0.23163,31552
17.3992,27.63992,5.09263,0.20951,31740
17.4092,27.61198,5.08973,0.22119,31878
17.4192,27.59882,5.08683,0.19085,31776
17.4292,27.62762,5.08394,0.19927,31376
17.4392,27.59572,5.08104,0.21919,31667
17.4492,27.57446,5.07815,0.23952,31614
17.4592,27.57331,5.07527,0.18964,31719
17.4692,27.54621,5.07239,0.21799,31584
17.4792,27.54852,5.06951,0.19593,31895
17.4892,27.55194,5.06663,0.21762,31744
17.4992,27.56923,5.06376,0.25775,31728
17.5092,27.52934,5.06089,0.2215,32005
17.5192,27.53457,5.05802,0.2068,31868
17.5292,27.55301,5.05516,0.19007,31568
17.5392,27.55361,5.0523,0.19967,31670
17.5492,27.48704,5.04944,0.20384,31700
17.5592,27.51669,5.04659,0.21374,31905
17.5692,27.48979,5.04374,0.21689,31525
17.5792,27.48231,5.0409,0.20494,31881
17.5892,27.48018,5.03805,0.22857,31888
17.5992,27.47812,5.03521,0.20897,32018
17.6092,27.47857,5.03238,0.21598,31903
17.6192,27.46346,5.02954,0.22536,32086
17.6292,27.49041,5.02671,0.18815,31796
17.6392,27.49469,5.02389,0.20962,31743
17.6492,27.44328,5.02106,0.22027,31826
17.6592,27.46229,5.01824,0.19682,31855
17.6692,27.44618,5.01542,0.21609,31827
17.6792,27.43632,5.01261,0.198,31730
17.6892,27.43609,5.0098,0.20953,31987
17.6992,27.42955,5.00699,0.2279,32143
17.7092,27.42959,5.00419,0.2279,32018
17.7192,27.41916,5.00139,0.20146,32101
17.7292,27.42133,4.99859,0.18351,32169
17.7392,27.41183,4.99579,0.22549,31891
17.7492,27.37474,4.993,0.20651,31692
17.7592,27.38423,4.99021,0.2164,32076
17.7692,27.34443,4.98743,0.20757,32025
17.7792,27.34696,4.98464,0.21199,32021
17.7892,27.35012,4.98187,0.21921,31993
17.7992,27.33841,4.97909,0.20977,32103
17.8092,27.33913,4.97632,0.22808,32149
17.8192,27.35191,4.97355,0.18041,32072
17.8292,27.34736,4.97078,0.20596,32119
17.8392,27.33542,4.96802,0.20338,32058
17.8492,27.31096,4.96526,0.22911,31816
17.8592,27.30979,4.9625,0.18215,31961
17.8692,27.27958,4.95974,0.23063,32090
17.8792,27.24577,4.95699,0.2126,32077
17.8892,27.26097,4.95424,0.21325,32184
17.8992,27.25248,4.9515,0.23024,32245
17.9092,27.25091,4.94876,0.2134,32219
17.9192,27.25156,4.94602,0.20041,32292
17.9292,27.25384,4.94328,0.18877,32191
17.9392,27.22538,4.94055,0.21273,32170
17.9492,27.21062,4.93782,0.21191,31871
17.9592,27.20689,4.93509,0.18958,32057
17.9692,27.1939,4.93237,0.21752,32234
17.9792,27.16006,4.92965,0.2128,32082
17.9892,27.16188,4.92693,0.20455,32349
17.9992,27.14845,4.92422,0.20862,32331
18.0092,27.14479,4.92151,0.21722,32395
18.0191,27.14675,4.9188,0.20633,32454
18.0291,27.13988,4.91609,0.21465,32416
18.0391,27.11704,4.91339,0.19147,32394
18.0491,27.08702,4.91069,0.20672,32144
18.0591,27.07878,4.90799,0.20787,32355
18.0691,27.07334,4.9053,0.2122,32333
18.0791,27.0386,4.90261,0.22212,32053
18.0891,27.02081,4.89992,0.20678,32709
18.0991,27.02475,4.89724,0.20631,32165
18.1091,27.0213,4.89456,0.20116,32689
18.1191,27.01693,4.89188,0.1848,32416
18.1291,27.01031,4.8892,0.21056,32439
18.1391,26.97706,4.88653,0.21196,32543
18.1491,26.96853,4.88386,0.20749,32328
18.1591,26.9575,4.88119,0.20662,32491
18.1691,26.93977,4.87853,0.20254,32599
18.1791,26.91365,4.87587,0.20406,32485
18.1891,26.90505,4.87321,0.21441,32478
18.1991,26.8976,4.87056,0.22227,32675
18.2091,26.90545,4.8679,0.22259,32579
18.2191,26.89909,4.86525,0.19371,32316
18.2291,26.87943,4.86261,0.18565,32779
18.2391,26.85091,4.85997,0.19553,32561
18.2491,26.85587,4.85733,0.20711,32367
18.2591,26.85642,4.85469,0.20672,32461
18.2691,26.83921,4.85205,0.20423,32838
18.2791,26.81632,4.84942,0.21284,32410
18.2891,26.81078,4.84679,0.20948,32700
18.2991,26.80165,4.84417,0.20614,32797
18.3091,26.82794,4.84154,0.20044,32683
18.3191,26.81139,4.83892,0.19222,32584
18.3291,26.80469,4.83631,0.22731,32799
18.3391,26.76812,4.83369,0.2102,32748
18.3491,26.78306,4.83108,0.2026,32446
18.3591,26.77156,4.82847,0.19383,32623
18.3691,26.7714,4.82587,0.20869,32726
18.3791,26.74684,4.82326,0.19706,32563
18.3891,26.73152,4.82066,0.20568,32791
18.3991,26.74164,4.81807,0.21645,32952
18.4091,26.761,4.81547,0.19757,32586
18.4191,26.73252,4.81288,0.18275,32836
18.4291,26.73262,4.81029,0.21946,33046
18.4391,26.70833,4.80771,0.22467,32788
18.4491,26.71248,4.80512,0.18632,32793
18.4591,26.71537,4.80254,0.21475,32657
18.4691,26.69895,4.79996,0.20081,33110
18.4791,26.6753,4.79739,0.22603,32756
18.4891,26.66293,4.79482,0.19448,32979
18.4991,26.67912,4.79225,0.20688,32682
18.5091,26.69083,4.78968,0.20176,32763
18.5191,26.65322,4.78712,0.18929,32896
18.5291,26.66342,4.78456,0.20311,33010
18.5391,26.62144,4.782,0.20785,32929
18.5491,26.61877,4.77944,0.19124,32966
18.5591,26.64614,4.77689,0.20089,32960
18.5691,26.60334,4.77434,0.20359,33083
18.5791,26.59802,4.7718,0.21748,33002
18.5891,26.58072,4.76925,0.20595,32938
18.5991,26.59498,4.76671,0.21023,32902
18.6091,26.57624,4.76417,0.18804,33110
18.6191,26.55733,4.76164,0.20207,33128
18.6291,26.5293,4.7591,0.2084,33048
18.6391,26.52951,4.75657,0.20467,32931
18.6491,26.49665,4.75404,0.19501,33181
18.6591,26.51203,4.75152,0.2144,32847
18.6691,26.49378,4.749,0.18886,33371
18.6791,26.44463,4.74648,0.20056,33061
18.6891,26.4669,4.74396,0.19231,33117
18.6991,26.44808,4.74145,0.22091,32908
18.7091,26.43593,4.73893,0.20273,33281
18.7191,26.41929,4.73643,0.19601,33327
18.7291,26.41809,4.73392,0.2125,32994
18.7391,26.39077,4.73142,0.19361,33325
18.7491,26.3828,4.72892,0.19849,33399
18.7591,26.39872,4.72642,0.20069,33013
18.7691,26.3723,4.72392,0.20288,33246
18.7791,26.33156,4.72143,0.22168,33156
18.7891,26.36136,4.71894,0.20347,32832
18.7991,26.33696,4.71645,0.18213,33195
18.8091,26.33121,4.71397,0.18841,33423
18.8191,26.31254,4.71148,0.20035,33251
18.8291,26.28747,4.70901,0.20544,33214
18.8391,26.28749,4.70653,0.19757,33303
18.8491,26.27182,4.70405,0.19903,33513
18.8591,26.28442,4.70158,0.21249,33328
18.8691,26.28262,4.69911,0.19187,33573
18.8791,26.23856,4.69665,0.21449,33201
18.8891,26.25531,4.69418,0.19395,33332
18.8991,26.2455,4.69172,0.22157,33337
18.9091,26.23701,4.68926,0.19788,33634
18.9191,26.21827,4.68681,0.1976,33224
18.9291,26.20377,4.68436,0.18765,33228
18.9391,26.19491,4.68191,0.19063,33689
18.9491,26.19509,4.67946,0.21324,33526
18.9591,26.19739,4.67701,0.18988,33418
18.9691,26.18674,4.67457,0.20128,33553
18.9791,26.15717,4.67213,0.20157,33106
18.989,26.15732,4.66969,0.20449,33436
18.999,26.15018,4.66726,0.19334,33457
19.009,26.14407,4.66482,0.19617,33727
19.019,26.11281,4.66239,0.19774,33350
19.029,26.1232,4.65997,0.20345,33542
19.039,26.09072,4.65754,0.20032,33818
19.049,26.08507,4.65512,0.19445,33923
19.059,26.09504,4.6527,0.20573,33387
19.069,26.09779,4.65028,0.20604,33437
19.079,26.04221,4.64787,0.19729,33225
19.089,26.04696,4.64546,0.18215,33721
19.099,26.02924,4.64305,0.20676,33504
19.109,26.02468,4.64064,0.20379,33713
19.119,25.99358,4.63823,0.18075,33697
19.129,25.99718,4.63583,0.19482,33914
19.139,25.98951,4.63343,0.21337,33808
19.149,25.9646,4.63104,0.19841,33907
19.159,25.972,4.62864,0.1891,33801
19.169,25.95873,4.62625,0.2096,33325
19.179,25.9059,4.62386,0.20531,33577
19.189,25.91915,4.62147,0.19894,33860
19.199,25.88711,4.61909,0.19281,33857
19.209,25.86808,4.61671,0.19407,33491
19.219,25.85518,4.61433,0.19179,33760
19.229,25.85528,4.61195,0.19488,34089
19.239,25.84112,4.60958,0.19722,33932
19.249,25.82875,4.60721,0.19099,33896
19.259,25.8518,4.60484,0.20117,33674
19.269,25.7882,4.60247,0.19961,33585
19.279,25.77214,4.6001,0.19073,33680
19.289,25.77942,4.59774,0.20574,33896
19.299,25.75924,4.59538,0.20446,33871
19.309,25.72413,4.59303,0.20125,33936
19.319,25.71747,4.59067,0.1736,34015
19.329,25.75047,4.58832,0.19772,34196
19.339,25.703,4.58597,0.21512,34027
19.349,25.6964,4.58362,0.19658,34015
19.359,25.71689,4.58128,0.20234,33857
19.369,25.66464,4.57893,0.18039,33731
19.379,25.65059,4.57659,0.1916,33868
19.389,25.65012,4.57426,0.19608,34151
19.399,25.63313,4.57192,0.18691,33813
19.409,25.61824,4.56959,0.2113,33994
19.419,25.60545,4.56726,0.19762,34212
19.429,25.59264,4.56493,0.19262,34276
19.439,25.59388,4.56261,0.17631,34157
19.449,25.59053,4.56028,0.20174,33852
19.459,25.57991,4.55796,0.22308,34128
19.469,25.53689,4.55564,0.19678,33642
19.479,25.52832,4.55333,0.18646,34077
19.489,25.51954,4.55101,0.21305,34221
19.499,25.48835,4.5487,0.18271,33831
19.509,25.50461,4.54639,0.17903,34395
19.519,25.4875,4.54409,0.19393,34318
19.529,25.4754,4.54178,0.19186,34155
19.539,25.49408,4.53948,0.19714,34516
19.549,25.47346,4.53718,0.20737,33973
19.559,25.46038,4.53488,0.18094,34288
19.569,25.41009,4.53259,0.20572,33882
19.579,25.40688,4.5303,0.20155,34315
19.589,25.38247,4.52801,0.19246,34133
19.599,25.39024,4.52572,0.19193,34218
19.609,25.37768,4.52344,0.1902,34409
19.619,25.35357,4.52115,0.19481,34560
19.629,25.35661,4.51887,0.19125,34353
19.639,25.35526,4.51659,0.20221,34145
19.649,25.34145,4.51432,0.18709,34262
19.659,25.29765,4.51204,0.19479,34094
19.669,25.30907,4.50977,0.18613,34164
19.679,25.27629,4.5075,0.19007,34326
19.689,25.2707,4.50524,0.19566,34535
19.699,25.26804,4.50297,0.18462,34396
19.709,25.25051,4.50071,0.19685,34563
19.719,25.23207,4.49845,0.19245,34426
19.729,25.24533,4.49619,0.19416,34625
19.739,25.20827,4.49394,0.18922,34331
19.749,25.22896,4.49169,0.20188,34464
19.759,25.16684,4.48944,0.20456,34119
19.769,25.1689,4.48719,0.18845,34467
19.779,25.16701,4.48494,0.19873,34207
19.789,25.13811,4.4827,0.17468,34426
19.799,25.14468,4.48046,0.18514,34590
19.809,25.12268,4.47822,0.1922,34610
19.819,25.12668,4.47598,0.20065,34546
19.829,25.13367,4.47375,0.19219,34692
19.839,25.11848,4.47151,0.17579,34859
19.849,25.0929,4.46928,0.20246,34412
19.859,25.05628,4.46706,0.19246,34501
19.869,25.0565,4.46483,0.20731,34274
19.879,25.04819,4.46261,0.19093,34972
19.889,25.02479,4.46039,0.18935,34628
19.899,25.0381,4.45817,0.1836,34700
19.909,25.02348,4.45595,0.18436,34826
19.919,25.00768,4.45374,0.20551,34681
19.929,25.00644,4.45153,0.19888,34499
19.939,25.00926,4.44932,0.17512,34627
19.949,24.96687,4.44711,0.19789,34419
19.9589,24.95045,4.4449,0.18254,34713
19.9689,24.94564,4.4427,0.1814,34561
19.9789,24.94234,4.4405,0.1895,34801
19.9889,24.91928,4.4383,0.21207,34921
19.9989,24.91871,4.4361,0.18087,34754
20.0089,24.91195,4.43391,0.19317,34808
20.0189,24.89074,4.43172,0.18912,34815
20.0289,24.87035,4.42953,0.18683,34919
20.0389,24.88629,4.42734,0.1961,34578
20.0489,24.82836,4.42515,0.20334,34741
20.0589,24.84924,4.42297,0.19406,34614
20.0689,24.82708,4.42079,0.18285,34799
20.0789,24.81618,4.41861,0.17582,34943
20.0889,24.80586,4.41643,0.18861,34847
20.0989,24.81269,4.41426,0.18811,34758
20.1089,24.79578,4.41209,0.18437,35240
20.1189,24.76368,4.40992,0.2018,34992
20.1289,24.77785,4.40775,0.19268,34962
20.1389,24.7477,4.40558,0.17165,34528
20.1489,24.71699,4.40342,0.19488,34968
20.1589,24.71625,4.40126,0.20434,34930
20.1689,24.70379,4.3991,0.18628,35057
20.1789,24.70292,4.39694,0.19457,35249
20.1889,24.69938,4.39479,0.2012,34902
20.1989,24.68552,4.39263,0.17258,35103
20.2089,24.67953,4.39048,0.19467,35053
20.2189,24.66272,4.38833,0.18118,35086
20.2289,24.67097,4.38619,0.19072,34913
20.2389,24.62522,4.38404,0.18661,34819
20.2489,24.6211,4.3819,0.176,34991
20.2589,24.64059,4.37976,0.19227,35268
20.2689,24.61035,4.37762,0.19306,35012
20.2789,24.62221,4.37549,0.19244,35385
20.2889,24.60235,4.37335,0.19799,35111
20.2989,24.59079,4.37122,0.18162,35210
20.3089,24.57901,4.36909,0.17485,35267
20.3189,24.56605,4.36696,0.20866,35390
20.3289,24.55365,4.36484,0.18762,34855
20.3389,24.51556,4.36272,0.17995,34872
20.3489,24.52393,4.36059,0.19393,35200
20.3589,24.50982,4.35848,0.19031,35265
20.3689,24.50174,4.35636,0.17607,35223
20.3789,24.50177,4.35424,0.19082,35174
20.3889,24.48056,4.35213,0.18578,35314
20.3989,24.45974,4.35002,0.17362,35514
20.4089,24.44954,4.34791,0.20195,35330
20.4189,24.436,4.3458,0.17855,35136
20.4289,24.39296,4.3437,0.1876,35112
20.4389,24.42116,4.3416,0.18039,35454
20.4489,24.38593,4.3395,0.19308,35255
20.4589,24.38366,4.3374,0.19926,35469
20.4689,24.3715,4.3353,0.18584,35424
20.4789,24.34707,4.33321,0.18744,35482
20.4889,24.33882,4.33112,0.1896,35442
20.4989,24.32959,4.32903,0.17803,35412
20.5089,24.29945,4.32694,0.18655,35560
20.5189,24.28306,4.32485,0.19102,34883
20.5289,24.2658,4.32277,0.1702,35372
20.5389,24.26085,4.32069,0.17824,35382
20.5489,24.24109,4.31861,0.18358,35426
20.5589,24.23119,4.31653,0.19691,35450
20.5689,24.23115,4.31445,0.20544,35573
20.5789,24.20198,4.31238,0.18474,35309
20.5889,24.19513,4.31031,0.17888,35852
20.5989,24.20253,4.30824,0.17916,35692
20.6089,24.16065,4.30617,0.18177,35612
20.6189,24.1491,4.3041,0.19265,35250
20.6289,24.13763,4.30204,0.18924,35769
20.6389,24.12821,4.29998,0.18796,35456
20.6489,24.13191,4.29792,0.1902,35602
20.6589,24.11067,4.29586,0.16628,35528
20.6689,24.10442,4.29381,0.1819,35758
20.6789,24.09689,4.29175,0.20293,35562
20.6889,24.07836,4.2897,0.19106,35706
20.6989,24.07677,4.28765,0.16871,35794
20.7089,24.03929,4.2856,0.19937,35240
20.7189,24.04593,4.28356,0.16186,35709
20.7289,24.03338,4.28151,0.19898,35625
20.7389,24.03029,4.27947,0.17022,35663
20.7489,24.05241,4.27743,0.19786,35929
20.7589,24.01308,4.2754,0.20692,35729
20.7689,24.00395,4.27336,0.18943,35804
20.7789,24.00042,4.27133,0.18358,35812
20.7889,23.97178,4.26929,0.17763,35890
20.7989,23.94971,4.26726,0.17111,35690
20.8089,23.95507,4.26524,0.17793,35642
20.8189,23.94311,4.26321,0.17845,35658
20.8289,23.92473,4.26119,0.18337,36066
20.8389,23.91179,4.25916,0.19193,35607
20.8489,23.91481,4.25714,0.17846,35876
20.8589,23.90872,4.25513,0.18707,35979
20.8689,23.8718,4.25311,0.18719,35816
20.8789,23.87243,4.2511,0.20497,36132
20.8889,23.86119,4.24908,0.17495,36018
20.8989,23.83841,4.24707,0.16438,35628
20.9089,23.81575,4.24506,0.18803,35984
20.9189,23.80264,4.24306,0.17888,35866
20.9288,23.79249,4.24105,0.19594,36009
20.9388,23.77859,4.23905,0.1811,35869
20.9488,23.75827,4.23705,0.17045,35865
20.9588,23.73384,4.23505,0.18026,36369
20.9688,23.72065,4.23305,0.20222,36064
20.9788,23.71778,4.23106,0.18233,36103
20.9888,23.68764,4.22907,0.17138,35792
20.9988,23.67116,4.22707,0.16631,36145
21.0088,23.65807,4.22509,0.18112,36036
21.0188,23.67301,4.2231,0.18698,36088
21.0288,23.63733,4.22111,0.18613,35909
21.0388,23.61921,4.21913,0.19399,36370
21.0488,23.60729,4.21715,0.18248,36163
21.0588,23.59964,4.21517,0.1748,36113
21.0688,23.57554,4.21319,0.18596,36321
21.0788,23.56239,4.21121,0.18799,36163
21.0888,23.5585,4.20924,0.18956,35612
21.0988,23.53711,4.20727,0.15935,36366
21.1088,23.53405,4.2053,0.17226,36262
21.1188,23.5099,4.20333,0.17459,36238
21.1288,23.51559,4.20136,0.18309,36170
21.1388,23.49053,4.1994,0.19599,36503
21.1488,23.48213,4.19743,0.17208,36222
21.1588,23.48662,4.19547,0.19676,36281
21.1688,23.44937,4.19351,0.19882,36491
21.1788,23.45135,4.19156,0.169,36161
21.1888,23.43881,4.1896,0.17054,36068
21.1988,23.43372,4.18765,0.17266,36493
21.2088,23.42448,4.1857,0.19013,36321
21.2188,23.40527,4.18375,0.18606,36376
21.2288,23.40666,4.1818,0.17513,36165
21.2388,23.38101,4.17985,0.17789,36422
21.2488,23.36899,4.17791,0.17554,36574
21.2588,23.35907,4.17597,0.17664,36584
21.2688,23.34136,4.17402,0.179,36167
21.2788,23.34332,4.17209,0.18603,36419
21.2888,23.33209,4.17015,0.18305,36465
21.2988,23.3171,4.16821,0.16245,36567
21.3088,23.30377,4.16628,0.17523,36348
21.3188,23.2908,4.16435,0.17927,36624
21.3288,23.27598,4.16242,0.19413,36624
21.3388,23.2577,4.16049,0.17895,36618
21.3488,23.24288,4.15857,0.18185,36538
21.3588,23.22575,4.15664,0.18205,36618
21.3688,23.22437,4.15472,0.18164,36268
21.3788,23.19553,4.1528,0.18365,36316
21.3888,23.19057,4.15088,0.16415,36811
21.3988,23.18582,4.14896,0.16751,36462
21.4088,23.15751,4.14705,0.176,36688
21.4188,23.14453,4.14513,0.18154,36703
21.4288,23.1282,4.14322,0.17909,36781
21.4388,23.12006,4.14131,0.18406,36662
21.4488,23.08979,4.1394,0.18062,36733
21.4588,23.05956,4.1375,0.17207,36651
21.4688,23.07709,4.13559,0.17493,36549
21.4788,23.06524,4.13369,0.18282,36749
21.4888,23.03143,4.13179,0.19426,36834
21.4988,23.02944,4.12989,0.16327,36684
21.5088,23.01882,4.12799,0.17381,36881
21.5188,22.99162,4.1261,0.17596,36899
21.5288,22.97813,4.1242,0.17826,36635
21.5388,22.95947,4.12231,0.17147,36905
21.5488,22.95596,4.12042,0.1882,36804
21.5588,22.94658,4.11853,0.16804,36717
21.5688,22.92896,4.11665,0.18836,36738
21.5788,22.92227,4.11476,0.17582,36943
21.5888,22.91351,4.11288,0.16621,36943
21.5988,22.89754,4.111,0.17014,36956
21.6088,22.88487,4.10912,0.17063,37041
21.6188,22.87038,4.10724,0.19711,36884
21.6288,22.86774,4.10536,0.17569,36985
21.6388,22.83833,4.10349,0.17319,36975
21.6488,22.83829,4.10162,0.18033,36912
21.6588,22.84746,4.09975,0.18057,36761
21.6688,22.80721,4.09788,0.17004,37006
21.6788,22.80728,4.09601,0.18282,37007
21.6888,22.81364,4.09414,0.17625,37045
21.6988,22.79954,4.09228,0.16105,36976
21.7088,22.7663,4.09042,0.17041,37276
21.7188,22.77465,4.08856,0.17328,37047
21.7288,22.75299,4.0867,0.16761,37043
21.7388,22.74913,4.08484,0.20083,37009
21.7488,22.73434,4.08299,0.17404,37077
21.7588,22.72845,4.08113,0.17347,37184
21.7688,22.70737,4.07928,0.1744,37163
21.7788,22.7178,4.07743,0.18141,37071
21.7888,22.69863,4.07558,0.18312,37329
21.7988,22.67377,4.07373,0.16238,37156
21.8088,22.68539,4.07189,0.18108,37288
21.8188,22.65262,4.07005,0.17435,37122
21.8288,22.64667,4.0682,0.16555,37237
21.8388,22.63986,4.06636,0.16524,37064
21.8488,22.61751,4.06452,0.17935,37238
21.8588,22.61669,4.06269,0.17398,37359
21.8688,22.59704,4.06085,0.18481,37107
21.8788,22.59546,4.05902,0.17151,37352
21.8888,22.5868,4.05719,0.19813,37406
21.8987,22.56219,4.05536,0.15797,37445
21.9087,22.5351,4.05353,0.16093,37318
21.9187,22.54984,4.0517,0.17535,37422
21.9287,22.52975,4.04988,0.17754,37302
21.9387,22.50669,4.04806,0.19335,37320
21.9487,22.50892,4.04623,0.1678,37409
21.9587,22.49929,4.04441,0.18053,37337
21.9687,22.49382,4.0426,0.16426,37392
21.9787,22.47238,4.04078,0.18809,37453
21.9887,22.46629,4.03896,0.16018,37498
21.9987,22.44848,4.03715,0.16732,37448
22.0087,22.44604,4.03534,0.17145,37486
22.0187,22.43019,4.03353,0.17032,37407
22.0287,22.41351,4.03172,0.16914,37408
22.0387,22.41917,4.02991,0.17962,37659
22.0487,22.40746,4.02811,0.16967,37446
22.0587,22.39264,4.02631,0.17939,37579
22.0687,22.38294,4.02451,0.17439,37693
22.0787,22.3737,4.02271,0.18168,37764
22.0887,22.382,4.02091,0.18639,37279
22.0987,22.34633,4.01911,0.1593,37764
22.1087,22.35,4.01731,0.16127,37570
22.1187,22.34576,4.01552,0.16825,37423
22.1287,22.33704,4.01373,0.1639,37530
22.1387,22.33481,4.01194,0.17075,37752
22.1487,22.31508,4.01015,0.19143,37577
22.1587,22.30687,4.00836,0.17422,37903
22.1687,22.31356,4.00658,0.16269,37642
22.1787,22.28559,4.00479,0.20205,37767
22.1887,22.27358,4.00301,0.1575,37781
22.1987,22.25794,4.00123,0.16893,37830
22.2087,22.26993,3.99945,0.16673,37706
22.2187,22.25038,3.99768,0.17723,37822
22.2287,22.24706,3.9959,0.1647,37736
22.2387,22.22768,3.99413,0.17143,37923
22.2487,22.22147,3.99235,0.16923,37859
22.2587,22.19951,3.99058,0.19227,37679
22.2687,22.19053,3.98881,0.18151,37887
22.2787,22.17851,3.98705,0.15806,37804
22.2887,22.16471,3.98528,0.16558,37843
22.2987,22.14571,3.98352,0.16456,37923
22.3087,22.14654,3.98175,0.15941,37872
22.3187,22.14138,3.97999,0.17508,37878
22.3287,22.10329,3.97823,0.17432,37950
22.3387,22.10563,3.97647,0.16988,37937
22.3487,22.0783,3.97472,0.17575,38221
22.3587,22.07147,3.97296,0.17304,37986
22.3687,22.05101,3.97121,0.18017,37881
22.3787,22.03411,3.96946,0.16865,38207
22.3887,22.04639,3.96771,0.17027,37968
22.3987,22.01702,3.96596,0.16701,38055
22.4087,22.00203,3.96421,0.17085,37858
22.4187,21.99736,3.96247,0.16378,38079
22.4287,21.99045,3.96072,0.15318,37978
22.4387,21.96014,3.95898,0.18146,38282
22.4487,21.94368,3.95724,0.17384,38106
22.4587,21.95408,3.9555,0.17113,38014
22.4687,21.92779,3.95376,0.17443,38326
22.4787,21.91431,3.95203,0.16684,38165
22.4887,21.89653,3.95029,0.17138,37867
22.4987,21.9072,3.94856,0.1666,38440
22.5087,21.88878,3.94683,0.15601,38263
22.5187,21.87196,3.9451,0.16693,38050
22.5287,21.85005,3.94337,0.17351,38362
22.5387,21.84453,3.94164,0.16469,38402
22.5487,21.84312,3.93992,0.20623,38191
22.5587,21.80855,3.93819,0.16675,38241
22.5687,21.79601,3.93647,0.15994,38241
22.5787,21.80116,3.93475,0.15757,38176
22.5887,21.78176,3.93303,0.17255,38338
22.5987,21.7824,3.93131,0.17618,38432
22.6087,21.75826,3.9296,0.15821,38193
22.6187,21.74652,3.92788,0.16235,38505
22.6287,21.73029,3.92617,0.16409,38414
22.6387,21.715,3.92446,0.16734,38441
22.6487,21.7172,3.92275,0.18087,38302
22.6587,21.69812,3.92104,0.16801,38586
22.6687,21.68873,3.91933,0.18627,38306
22.6787,21.6782,3.91763,0.15969,38509
22.6887,21.66497,3.91592,0.17074,38514
22.6987,21.65868,3.91422,0.16588,38301
22.7087,21.6381,3.91252,0.16451,38447
22.7187,21.62952,3.91082,0.15428,38669
22.7287,21.62656,3.90912,0.16436,38240
22.7387,21.62534,3.90743,0.17132,38669
22.7487,21.59728,3.90573,0.17379,38571
22.7587,21.58123,3.90404,0.15198,38509
22.7687,21.58105,3.90235,0.18467,38587
22.7787,21.57643,3.90066,0.16718,38597
22.7887,21.55605,3.89897,0.1797,38521
22.7987,21.54217,3.89728,0.15768,38695
22.8087,21.53539,3.89559,0.16264,38802
22.8187,21.51608,3.89391,0.16851,38587
22.8287,21.51847,3.89223,0.16429,38862
22.8387,21.49621,3.89055,0.16238,38463
22.8487,21.4831,3.88887,0.1709,38632
22.8587,21.46872,3.88719,0.16662,38899
22.8686,21.46359,3.88551,0.16623,38463
22.8786,21.45287,3.88383,0.16911,38682
22.8886,21.44275,3.88216,0.16189,38824
22.8986,21.41275,3.88049,0.16535,38778
22.9086,21.40413,3.87882,0.16029,38789
22.9186,21.40294,3.87715,0.15955,38953
22.9286,21.38848,3.87548,0.16508,38735
22.9386,21.37222,3.87381,0.17719,38705
22.9486,21.35996,3.87215,0.16459,39026
22.9586,21.34711,3.87048,0.16305,38981
22.9686,21.34203,3.86882,0.17196,38508
22.9786,21.31936,3.86716,0.18155,39033
22.9886,21.31657,3.8655,0.15916,39065
22.9986,21.30166,3.86384,0.1627,38896
23.0086,21.28356,3.86219,0.16543,38905
23.0186,21.27137,3.86053,0.15383,38847
23.0286,21.27089,3.85888,0.1588,38856
23.0386,21.25617,3.85722,0.15347,39048
23.0486,21.24695,3.85557,0.17597,38957
23.0586,21.20933,3.85392,0.16205,38984
23.0686,21.2298,3.85228,0.18957,39009
23.0786,21.2112,3.85063,0.16977,39152
23.0886,21.18458,3.84899,0.15287,38968
23.0986,21.17861,3.84734,0.157,39173
23.1086,21.17039,3.8457,0.17507,39162
23.1186,21.16303,3.84406,0.15766,39025
23.1286,21.15729,3.84242,0.16134,39075
23.1386,21.14931,3.84078,0.16622,39191
23.1486,21.13781,3.83915,0.16124,39085
23.1586,21.12389,3.83751,0.18041,39008
23.1686,21.11177,3.83588,0.14749,39202
23.1786,21.09173,3.83425,0.17935,39075
23.1886,21.08848,3.83261,0.16453,39233
23.1986,21.08436,3.83099,0.15551,39336
23.2086,21.06216,3.82936,0.15604,39099
23.2186,21.05767,3.82773,0.16513,39247
23.2286,21.04874,3.82611,0.16048,39240
23.2386,21.04949,3.82448,0.15854,39091
23.2486,21.02983,3.82286,0.1666,39363
23.2586,21.02652,3.82124,0.17015,39401
23.2686,21.00082,3.81962,0.17525,39251
23.2786,21.00096,3.818,0.16579,39247
23.2886,20.99034,3.81638,0.15708,39632
23.2986,20.96182,3.81477,0.16458,39158
23.3086,20.97651,3.81316,0.16881,39363
23.3186,20.96937,3.81154,0.14735,39203
23.3286,20.95041,3.80993,0.15375,39367
23.3386,20.94065,3.80832,0.16403,39496
23.3486,20.9326,3.80671,0.16797,39528
23.3586,20.92309,3.80511,0.1679,39204
23.3686,20.9237,3.8035,0.16032,39611
23.3786,20.9015,3.8019,0.16303,39436
23.3886,20.90197,3.80029,0.17216,39538
23.3986,20.88319,3.79869,0.15842,39373
23.4086,20.88611,3.79709,0.16386,39736
23.4186,20.87537,3.79549,0.15006,39236
23.4286,20.8632,3.7939,0.16508,39814
23.4386,20.8514,3.7923,0.15427,39607
23.4486,20.84123,3.79071,0.16666,39495
23.4586,20.83376,3.78911,0.17368,39580
23.4686,20.83846,3.78752,0.15814,39625
23.4786,20.81521,3.78593,0.16676,39278
23.4886,20.81816,3.78434,0.15986,39846
23.4986,20.80391,3.78276,0.14765,39735
23.5086,20.79359,3.78117,0.1572,39545
23.5186,20.78975,3.77958,0.17117,39793
23.5286,20.78805,3.778,0.1544,39694
23.5386,20.77016,3.77642,0.15744,39687
23.5486,20.76077,3.77484,0.15934,39929
23.5586,20.75439,3.77326,0.16705,39655
23.5686,20.7426,3.77168,0.16576,39567
23.5786,20.7338,3.7701,0.16495,39949
23.5886,20.72474,3.76853,0.16545,39859
23.5986,20.72173,3.76695,0.16472,39570
23.6086,20.70679,3.76538,0.15469,39845
23.6186,20.68967,3.76381,0.14707,39833
23.6286,20.68932,3.76224,0.15399,39806
23.6386,20.67335,3.76067,0.17003,39825
23.6486,20.65922,3.7591,0.15351,39927
23.6586,20.64077,3.75754,0.15571,39655
23.6686,20.64165,3.75597,0.1696,40212
23.6786,20.62989,3.75441,0.16563,39907
23.6886,20.62021,3.75285,0.16508,39899
23.6986,20.58698,3.75129,0.15107,39997
23.7086,20.6069,3.74973,0.16391,40248
23.7186,20.58196,3.74817,0.14853,39826
23.7286,20.56531,3.74661,0.17314,40140
23.7386,20.55009,3.74506,0.15055,40071
23.7486,20.54989,3.7435,0.16576,40045
23.7586,20.53156,3.74195,0.15925,39997
23.7686,20.53415,3.7404,0.15315,40108
23.7786,20.50926,3.73885,0.1571,40024
23.7886,20.5176,3.7373,0.16587,40120
23.7986,20.48754,3.73575,0.15689,40167
23.8086,20.48388,3.7342,0.15647,40370
23.8186,20.47089,3.73266,0.1532,40287
23.8286,20.4587,3.73112,0.15007,40365
23.8385,20.44789,3.72957,0.15333,40056
23.8485,20.458,3.72803,0.16124,40508
23.8585,20.43424,3.72649,0.16767,40242
23.8685,20.43373,3.72495,0.15403,40349
23.8785,20.42752,3.72342,0.18206,40531
23.8885,20.4047,3.72188,0.15402,40314
23.8985,20.42378,3.72035,0.15498,40440
23.9085,20.39174,3.71881,0.1548,40498
23.9185,20.38288,3.71728,0.15428,40441
23.9285,20.37855,3.71575,0.15695,40501
23.9385,20.37346,3.71422,0.14245,40518
23.9485,20.34908,3.71269,0.14795,40492
23.9585,20.36197,3.71117,0.16448,40668
23.9685,20.34109,3.70964,0.15847,40680
23.9785,20.33539,3.70812,0.17036,40486
23.9885,20.31117,3.70659,0.16376,40711
23.9985,20.31173,3.70507,0.16032,40744
24.0085,20.29427,3.70355,0.14909,40706
24.0185,20.30517,3.70203,0.14787,40765
24.0285,20.27334,3.70051,0.15481,41010
24.0385,20.25883,3.699,0.16115,40564
24.0485,20.26338,3.69748,0.15909,40796
24.0585,20.25055,3.69597,0.15704,40747
24.0685,20.23299,3.69445,0.15532,40701
24.0785,20.21018,3.69294,0.155,40923
24.0885,20.20122,3.69143,0.15257,41014
24.0985,20.19969,3.68992,0.16692,40698
24.1085,20.18707,3.68842,0.14472,41040
24.1185,20.16692,3.68691,0.14736,41146
24.1285,20.16023,3.6854,0.15693,40937
24.1385,20.14401,3.6839,0.16975,40971
24.1485,20.13704,3.6824,0.14319,41061
24.1585,20.129,3.6809,0.15189,40980
24.1685,20.10673,3.6794,0.15739,41195
24.1785,20.10944,3.6779,0.17022,41092
24.1885,20.09555,3.6764,0.15676,40912
24.1985,20.08546,3.6749,0.15042,41264
24.2085,20.06421,3.67341,0.1682,41143
24.2185,20.05668,3.67191,0.14255,41104
24.2285,20.05505,3.67042,0.13843,41215
24.2385,20.02674,3.66893,0.15553,41218
24.2485,20.02455,3.66744,0.15365,41240
24.2585,20.02328,3.66595,0.15879,41422
24.2685,20.01188,3.66446,0.15598,41222
24.2785,20.0103,3.66298,0.15623,41154
24.2885,19.98186,3.66149,0.15357,41478
24.2985,19.97759,3.66001,0.15712,41477
24.3085,19.98111,3.65852,0.16248,41274
24.3185,19.97444,3.65704,0.15536,41551
24.3285,19.95983,3.65556,0.13878,41405
24.3385,19.95112,3.65408,0.16358,41385
24.3485,19.9428,3.6526,0.14514,41601
24.3585,19.93747,3.65113,0.14723,41507
24.3685,19.92333,3.64965,0.15726,41416
24.3785,19.90792,3.64818,0.15621,41594
24.3885,19.89489,3.6467,0.15498,41497
24.3985,19.9139,3.64523,0.14693,41534
24.4085,19.88797,3.64376,0.15746,41701
24.4185,19.88259,3.64229,0.15211,41771
24.4285,19.86808,3.64082,0.14144,41613
24.4385,19.85849,3.63936,0.15953,41793
24.4485,19.86361,3.63789,0.14944,41635
24.4585,19.86161,3.63643,0.1492,41838
24.4685,19.82655,3.63496,0.16426,41778
24.4785,19.82325,3.6335,0.16284,41629
24.4885,19.83267,3.63204,0.14743,41798
24.4985,19.82004,3.63058,0.14965,41862
24.5085,19.81266,3.62912,0.15468,41882
24.5185,19.79248,3.62766,0.14397,41862
24.5285,19.76108,3.62621,0.15448,41843
24.5385,19.78554,3.62475,0.1436,41879
24.5485,19.76614,3.6233,0.1565,41863
24.5585,19.75082,3.62185,0.13895,42353
24.5685,19.74335,3.6204,0.15189,41674
24.5785,19.73368,3.61895,0.15784,42141
24.5885,19.72047,3.6175,0.17011,41945
24.5985,19.71825,3.61605,0.14918,42001
24.6085,19.70914,3.6146,0.15116,42178
24.6185,19.69683,3.61316,0.14922,42158
24.6285,19.71213,3.61171,0.15229,41830
24.6385,19.6722,3.61027,0.14608,42355
24.6485,19.67425,3.60883,0.14752,42105
24.6585,19.66574,3.60739,0.14863,42043
24.6685,19.63752,3.60595,0.15752,42185
24.6785,19.65478,3.60451,0.14718,42004
24.6885,19.64256,3.60307,0.14896,42145
24.6985,19.61945,3.60164,0.1541,42366
24.7085,19.62019,3.6002,0.14798,42127
24.7185,19.61705,3.59877,0.15176,42274
24.7285,19.59788,3.59733,0.15402,42418
24.7385,19.60061,3.5959,0.14071,42082
24.7485,19.5833,3.59447,0.16241,42594
24.7585,19.57508,3.59304,0.14143,42303
24.7685,19.57163,3.59162,0.15519,42054
24.7785,19.55508,3.59019,0.15832,42617
24.7885,19.55972,3.58876,0.14727,42571
24.7985,19.53702,3.58734,0.15127,42223
24.8084,19.55325,3.58592,0.16146,42480
24.8184,19.54733,3.58449,0.14902,42100
24.8284,19.5176,3.58307,0.14038,42450
24.8384,19.50771,3.58165,0.14094,42543
24.8484,19.52101,3.58023,0.14109,42383
24.8584,19.48753,3.57882,0.1539,42371
24.8684,19.49441,3.5774,0.15784,42500
24.8784,19.49612,3.57599,0.1535,42536
24.8884,19.45689,3.57457,0.1523,42584
24.8984,19.46451,3.57316,0.14092,42634
24.9084,19.46832,3.57175,0.15729,42386
24.9184,19.4374,3.57034,0.16577,42591
24.9284,19.4458,3.56893,0.13981,42787
24.9384,19.44469,3.56752,0.14922,42482
24.9484,19.41392,3.56611,0.14765,42748
24.9584,19.43121,3.56471,0.14189,42685
24.9684,19.4165,3.5633,0.14656,42299
24.9784,19.3884,3.5619,0.15833,42714
24.9884,19.41248,3.56049,0.14096,42622
24.9984,19.38067,3.55909,0.14772,42550
25.0084,19.37912,3.55769,0.15635,42680
25.0184,19.38051,3.55629,0.15093,42599
25.0284,19.35263,3.5549,0.14027,42847
25.0384,19.36307,3.5535,0.14633,42874
25.0484,19.36808,3.5521,0.14649,42600
25.0584,19.33116,3.55071,0.14789,42851
25.0684,19.3344,3.54931,0.15915,42812
25.0784,19.34203,3.54792,0.15326,42730
25.0884,19.31219,3.54653,0.15294,42914
25.0984,19.32328,3.54514,0.13911,42930
25.1084,19.30975,3.54375,0.14773,42899
25.1184,19.30993,3.54236,0.15511,42865
25.1284,19.30735,3.54098,0.15035,42386
25.1384,19.27989,3.53959,0.14342,42936
25.1484,19.27589,3.53821,0.14583,42801
25.1584,19.27771,3.53682,0.14276,42958
25.1684,19.24875,3.53544,0.13945,42853
25.1784,19.25138,3.53406,0.14541,42981
25.1884,19.25322,3.53268,0.15684,42891
25.1984,19.22768,3.5313,0.1547,42989
25.2084,19.21602,3.52992,0.15536,43162
25.2184,19.22087,3.52854,0.15665,43004
25.2284,19.19735,3.52717,0.1363,42975
25.2384,19.20614,3.52579,0.142,43025
25.2484,19.18191,3.52442,0.15523,43093
25.2584,19.18405,3.52305,0.14232,43150
25.2684,19.17673,3.52168,0.1494,43082
25.2784,19.15547,3.52031,0.14167,42972
25.2884,19.15671,3.51894,0.1595,43036
25.2984,19.15733,3.51757,0.14029,43011
25.3084,19.11902,3.5162,0.14511,43124
25.3184,19.12789,3.51483,0.14475,43213
25.3284,19.12811,3.51347,0.14701,43101
25.3384,19.0974,3.51211,0.1428,42971
25.3484,19.10094,3.51074,0.15446,43398
25.3584,19.09327,3.50938,0.15419,43199
25.3684,19.07415,3.50802,0.14509,43184
25.3784,19.08955,3.50666,0.129,43333
25.3884,19.0633,3.5053,0.16547,43231
25.3984,19.05555,3.50395,0.16377,43241
25.4084,19.05025,3.50259,0.14966,43307
25.4184,19.03233,3.50123,0.13992,43442
25.4284,19.03089,3.49988,0.14468,43119
25.4384,19.03153,3.49853,0.13905,43140
25.4484,19.01818,3.49718,0.13994,43460
25.4584,19.00879,3.49582,0.14961,43290
25.4684,19.00085,3.49447,0.14006,43254
25.4784,18.97878,3.49313,0.14802,43520
25.4884,18.97582,3.49178,0.1458,43172
25.4984,18.95955,3.49043,0.15041,43504
25.5084,18.9504,3.48909,0.14648,43460
25.5184,18.94676,3.48774,0.14458,43428
25.5284,18.92704,3.4864,0.14926,43632
25.5384,18.92024,3.48506,0.14829,43343
25.5484,18.91404,3.48371,0.14934,43420
25.5584,18.89209,3.48237,0.14687,43720
25.5684,18.88491,3.48104,0.13678,43574
25.5784,18.87541,3.4797,0.14851,43660
25.5884,18.88709,3.47836,0.14133,43252
25.5984,18.87226,3.47702,0.14485,43290
25.6084,18.84389,3.47569,0.14303,43561
25.6184,18.84813,3.47436,0.15063,43670
25.6284,18.83698,3.47302,0.14128,43455
25.6384,18.82624,3.47169,0.14369,43753
25.6484,18.81139,3.47036,0.14172,43733
25.6584,18.81676,3.46903,0.14296,43474
25.6684,18.79794,3.4677,0.14477,43680
25.6784,18.81029,3.46637,0.14871,43821
25.6884,18.79913,3.46505,0.16006,43498
25.6984,18.78212,3.46372,0.15348,44010
25.7084,18.77818,3.4624,0.13138,43747
25.7184,18.77337,3.46107,0.14728,43807
25.7284,18.76037,3.45975,0.14794,43786
25.7384,18.77408,3.45843,0.14426,43571
25.7484,18.76408,3.45711,0.14828,43743
25.7584,18.75268,3.45579,0.13513,43722
25.7684,18.7445,3.45447,0.13648,43569
25.7783,18.74037,3.45315,0.14039,44013
25.7883,18.73724,3.45184,0.14342,43787
25.7983,18.73246,3.45052,0.15072,43658
25.8083,18.7116,3.44921,0.14501,44141
25.8183,18.71915,3.4479,0.14139,43939
25.8283,18.69894,3.44658,0.15826,43787
25.8383,18.7089,3.44527,0.14245,44091
25.8483,18.69869,3.44396,0.13938,43778
25.8583,18.68885,3.44265,0.14765,44058
25.8683,18.68008,3.44135,0.14338,44262
25.8783,18.67335,3.44004,0.14364,43864
25.8883,18.65881,3.43873,0.15141,44107
25.8983,18.66953,3.43743,0.14098,43738
25.9083,18.64903,3.43612,0.14638,43845
25.9183,18.63674,3.43482,0.12656,44126
25.9283,18.63884,3.43352,0.14833,44054
25.9383,18.62388,3.43222,0.14067,43958
25.9483,18.61834,3.43092,0.15436,44074
25.9583,18.61957,3.42962,0.13912,44028
25.9683,18.60021,3.42832,0.13819,44064
25.9783,18.60586,3.42702,0.14238,44266
25.9883,18.58504,3.42573,0.14815,44090
25.9983,18.58988,3.42443,0.14361,44119
26.0083,18.5756,3.42314,0.14346,44377
26.0183,18.57011,3.42185,0.15846,44134
26.0283,18.55429,3.42055,0.14688,44291
26.0383,18.56153,3.41926,0.14118,44391
26.0483,18.55606,3.41797,0.1318,44102
26.0583,18.54234,3.41669,0.14552,43895
26.0683,18.53547,3.4154,0.13314,44213
26.0783,18.52687,3.41411,0.14302,44125
26.0883,18.52139,3.41282,0.13788,44508
26.0983,18.523,3.41154,0.15292,44305
26.1083,18.4952,3.41026,0.13741,44228
26.1183,18.512,3.40897,0.14416,44489
26.1283,18.485,3.40769,0.14611,44234
26.1383,18.48453,3.40641,0.14523,44465
26.1483,18.48185,3.40513,0.14062,44548
26.1583,18.47131,3.40385,0.14031,44309
26.1683,18.46293,3.40257,0.16725,44324
26.1783,18.45332,3.4013,0.1291,44642
26.1883,18.44008,3.40002,0.15395,44463
26.1983,18.43646,3.39875,0.13054,44591
26.2083,18.44223,3.39747,0.1363,44283
26.2183,18.43583,3.3962,0.1501,44141
26.2283,18.4078,3.39493,0.15125,44766
26.2383,18.40455,3.39366,0.14063,44384
26.2483,18.39089,3.39239,0.13058,44505
26.2583,18.3865,3.39112,0.13365,44570
26.2683,18.39408,3.38985,0.14554,44791
26.2783,18.37541,3.38858,0.14321,44422
26.2883,18.36651,3.38731,0.14461,44552
26.2983,18.3665,3.38605,0.14842,44743
26.3083,18.35044,3.38478,0.13748,44629
26.3183,18.33157,3.38352,0.14653,44617
26.3283,18.32734,3.38226,0.14673,44743
26.3383,18.32372,3.381,0.14341,44696
26.3483,18.32267,3.37974,0.15259,44768
26.3583,18.30486,3.37848,0.12143,44760
26.3683,18.29356,3.37722,0.1566,44527
26.3783,18.29307,3.37596,0.13327,44659
26.3883,18.28474,3.37471,0.13509,44298
26.3983,18.26182,3.37345,0.13624,44970
26.4083,18.2626,3.3722,0.13599,44927
26.4183,18.24932,3.37094,0.14294,44799
26.4283,18.23848,3.36969,0.1501,44891
26.4383,18.22414,3.36844,0.15196,44869
26.4483,18.22104,3.36719,0.13904,44635
26.4583,18.20403,3.36594,0.13934,44949
26.4683,18.20565,3.36469,0.13446,44800
26.4783,18.1896,3.36344,0.14942,44911
26.4883,18.18348,3.36219,0.14689,44988
26.4983,18.16794,3.36095,0.1417,44868
26.5083,18.15181,3.3597,0.14206,45028
26.5183,18.14042,3.35846,0.13051,45045
26.5283,18.13536,3.35721,0.14816,44731
26.5383,18.1314,3.35597,0.13181,44774
26.5483,18.13058,3.35473,0.13331,44996
26.5583,18.11093,3.35349,0.1475,44867
26.5683,18.10551,3.35225,0.13349,45197
26.5783,18.08976,3.35101,0.14359,44921
26.5883,18.08577,3.34978,0.13668,45018
26.5983,18.07064,3.34854,0.13856,45177
26.6083,18.06941,3.3473,0.1408,45244
26.6183,18.06038,3.34607,0.14587,44849
26.6283,18.05554,3.34483,0.14006,45468
26.6383,18.04177,3.3436,0.14735,44847
26.6483,18.04335,3.34237,0.15049,45273
26.6583,18.02395,3.34114,0.13639,45295
26.6683,18.03593,3.33991,0.13543,45055
26.6783,18.01446,3.33868,0.1397,45235
26.6883,18.01076,3.33745,0.12943,45134
26.6983,18.00665,3.33622,0.13295,45001
26.7083,17.99369,3.335,0.14515,45254
26.7183,17.98841,3.33377,0.14153,45320
26.7283,17.99521,3.33255,0.13271,45022
26.7383,17.99436,3.33132,0.13824,45647
26.7482,17.96997,3.3301,0.13569,44892
26.7582,17.97053,3.32888,0.14627,45533
26.7682,17.96391,3.32766,0.1418,45423
26.7782,17.95252,3.32644,0.14774,45062
26.7882,17.95969,3.32522,0.13616,45714
26.7982,17.9513,3.324,0.13063,45419
26.8082,17.94346,3.32279,0.14306,45282
26.8182,17.92625,3.32157,0.14829,45629
26.8282,17.92378,3.32035,0.14101,45425
26.8382,17.93196,3.31914,0.13663,45178
26.8482,17.92888,3.31793,0.12771,45419
26.8582,17.9116,3.31671,0.14371,45233
26.8682,17.91015,3.3155,0.13396,45669
26.8782,17.88146,3.31429,0.13614,45390
26.8882,17.90262,3.31308,0.12924,45445
26.8982,17.87324,3.31187,0.14221,45782
26.9082,17.85989,3.31066,0.13691,45466
26.9182,17.87673,3.30946,0.15013,45271
26.9282,17.85852,3.30825,0.14007,45891
26.9382,17.85736,3.30705,0.13947,45617
26.9482,17.84866,3.30584,0.13552,45539
26.9582,17.82784,3.30464,0.13775,45847
26.9682,17.83973,3.30344,0.14741,45492
26.9782,17.81259,3.30223,0.14671,45862
26.9882,17.82061,3.30103,0.13383,45536
26.9982,17.80497,3.29983,0.1277,45486
27.0082,17.79067,3.29863,0.12925,45788
27.0182,17.79132,3.29744,0.13708,45665
27.0282,17.79184,3.29624,0.13615,45711
27.0382,17.78371,3.29504,0.14419,45882
27.0482,17.77849,3.29385,0.1353,45467
27.0582,17.74772,3.29265,0.14153,45724
27.0682,17.75203,3.29146,0.14064,45835
27.0782,17.74975,3.29027,0.13503,45917
27.0882,17.72844,3.28908,0.13467,45683
27.0982,17.73031,3.28788,0.13579,46155
27.1082,17.72194,3.28669,0.14978,45724
27.1182,17.72462,3.2855,0.13459,46007
27.1282,17.70297,3.28432,0.13743,45957
27.1382,17.6857,3.28313,0.14831,45815
27.1482,17.68549,3.28194,0.1322,45851
27.1582,17.69018,3.28076,0.12905,45946
27.1682,17.68325,3.27957,0.13398,45779
27.1782,17.66633,3.27839,0.13171,45816
27.1882,17.67449,3.27721,0.13859,46095
27.1982,17.65417,3.27602,0.13232,45904
27.2082,17.64866,3.27484,0.13298,46278
27.2182,17.64579,3.27366,0.14067,45821
27.2282,17.6329,3.27248,0.13532,46226
27.2382,17.63825,3.2713,0.14238,45921
27.2482,17.62523,3.27013,0.13725,46066
27.2582,17.62533,3.26895,0.15193,46299
27.2682,17.62392,3.26777,0.13788,45945
27.2782,17.60816,3.2666,0.13734,46289
27.2882,17.61644,3.26542,0.13182,46118
27.2982,17.59134,3.26425,0.13523,46244
27.3082,17.59963,3.26308,0.14006,45869
27.3182,17.60967,3.26191,0.1224,46380
27.3282,17.57328,3.26074,0.13998,45982
27.3382,17.58553,3.25957,0.13211,46177
27.3482,17.58119,3.2584,0.1336,46350
27.3582,17.57474,3.25723,0.13958,45982
27.3682,17.5602,3.25606,0.14163,46414
27.3782,17.57028,3.25489,0.13231,46190
27.3882,17.5544,3.25373,0.13315,46321
27.3982,17.55846,3.25256,0.14558,46266
27.4082,17.54631,3.2514,0.13465,46578
27.4182,17.53143,3.25024,0.13639,46226
27.4282,17.53103,3.24907,0.1415,46364
27.4382,17.52346,3.24791,0.13526,46637
27.4482,17.51154,3.24675,0.13596,46345
27.4582,17.49683,3.24559,0.1432,46281
27.4682,17.49357,3.24443,0.13933,46444
27.4782,17.4971,3.24328,0.12714,46321
27.4882,17.48426,3.24212,0.12609,46470
27.4982,17.46837,3.24096,0.12712,46345
27.5082,17.46159,3.23981,0.13628,46366
27.5182,17.46379,3.23865,0.1377,46485
27.5282,17.45553,3.2375,0.14014,46405
27.5382,17.44784,3.23635,0.14056,46539
27.5482,17.43367,3.2352,0.12766,46829
27.5582,17.42532,3.23404,0.1392,46412
27.5682,17.41912,3.23289,0.14126,46820
27.5782,17.41554,3.23174,0.14327,46547
27.5882,17.41959,3.2306,0.13326,46506
27.5982,17.40514,3.22945,0.13198,46712
27.6082,17.38751,3.2283,0.1416,46715
27.6182,17.39189,3.22716,0.13359,46589
27.6282,17.38105,3.22601,0.12618,46735
27.6382,17.3892,3.22487,0.13737,46572
27.6482,17.37805,3.22372,0.12061,46746
27.6582,17.36543,3.22258,0.13739,46584
27.6682,17.36671,3.22144,0.13808,46610
27.6782,17.36469,3.2203,0.14299,46820
27.6882,17.35038,3.21916,0.13358,46791
27.6982,17.335,3.21802,0.12638,46650
27.7082,17.33382,3.21688,0.13572,46951
27.7182,17.32144,3.21574,0.13566,46719
27.7281,17.33304,3.2146,0.1383,47038
27.7381,17.30675,3.21347,0.14145,46969
27.7481,17.30779,3.21233,0.13257,46587
27.7581,17.30012,3.2112,0.13403,47171
27.7681,17.2781,3.21006,0.14363,46933
27.7781,17.28283,3.20893,0.13945,46750
27.7881,17.26122,3.2078,0.123,46896
27.7981,17.26865,3.20667,0.12549,46761
27.8081,17.26518,3.20554,0.12965,46833
27.8181,17.26493,3.20441,0.13448,46934
27.8281,17.22775,3.20328,0.12966,46939
27.8381,17.22073,3.20215,0.14263,47147
27.8481,17.22127,3.20102,0.13186,47183
27.8581,17.20853,3.1999,0.12953,46909
27.8681,17.20405,3.19877,0.13884,47262
27.8781,17.19334,3.19765,0.14399,46874
27.8881,17.17493,3.19652,0.13213,47204
27.8981,17.17625,3.1954,0.13766,47102
27.9081,17.1563,3.19428,0.12523,47048
27.9181,17.16964,3.19316,0.12945,47481
27.9281,17.14819,3.19204,0.15142,47127
27.9381,17.13663,3.19092,0.13857,46781
27.9481,17.13473,3.1898,0.12313,47510
27.9581,17.12048,3.18868,0.12658,47101
27.9681,17.13015,3.18756,0.13603,46886
27.9781,17.11413,3.18645,0.13096,47274
27.9881,17.10768,3.18533,0.13342,46991
27.9981,17.10866,3.18422,0.13018,47457
28.0081,17.09168,3.1831,0.13111,47360
28.0181,17.084,3.18199,0.12595,47175
28.0281,17.08536,3.18088,0.14087,47502
28.0381,17.07882,3.17977,0.14017,47349
28.0481,17.08486,3.17865,0.1315,47210
28.0581,17.08259,3.17754,0.13712,47559
28.0681,17.0604,3.17644,0.13224,47221
28.0781,17.06933,3.17533,0.14048,47491
28.0881,17.05768,3.17422,0.13921,47503
28.0981,17.06602,3.17311,0.13239,47039
28.1081,17.05536,3.17201,0.12028,47737
28.1181,17.04278,3.1709,0.12389,47501
28.1281,17.0419,3.1698,0.12843,47116
28.1381,17.04891,3.16869,0.13339,47496
28.1481,17.04026,3.16759,0.14197,47267
28.1581,17.02437,3.16649,0.12923,47581
28.1681,17.03909,3.16539,0.12871,47732
28.1781,17.01666,3.16429,0.13917,47207
28.1881,17.01586,3.16319,0.13932,47726
28.1981,17.00954,3.16209,0.12896,47623
28.2081,17.00175,3.16099,0.13315,47528
28.2181,16.99781,3.15989,0.12938,47863
28.2281,16.98636,3.1588,0.13933,47500
28.2381,16.98403,3.1577,0.13061,47805
28.2481,16.96605,3.1566,0.14294,47720
28.2581,16.96578,3.15551,0.12748,47509
28.2681,16.95577,3.15442,0.12456,47767
28.2781,16.94089,3.15332,0.12643,47757
28.2881,16.92998,3.15223,0.13983,47328
28.2981,16.9309,3.15114,0.12824,47867
28.3081,16.92188,3.15005,0.1196,47745
28.3181,16.90702,3.14896,0.1325,47790
28.3281,16.89633,3.14787,0.13271,47830
28.3381,16.88672,3.14678,0.13291,47821
28.3481,16.8855,3.1457,0.13716,47999
28.3581,16.87671,3.14461,0.13189,47829
28.3681,16.85086,3.14353,0.13543,47797
28.3781,16.85448,3.14244,0.13114,48043
28.3881,16.84653,3.14136,0.1414,47687
28.3981,16.83432,3.14027,0.13143,47922
28.4081,16.82084,3.13919,0.12654,47996
28.4181,16.80902,3.13811,0.12508,47940
28.4281,16.79307,3.13703,0.12892,47948
28.4381,16.80725,3.13595,0.12433,47992
28.4481,16.80004,3.13487,0.12605,47766
28.4581,16.78054,3.13379,0.13507,48201
28.4681,16.78522,3.13271,0.12334,47780
28.4781,16.75249,3.13163,0.14499,48028
28.4881,16.7687,3.13056,0.1344,48216
28.4981,16.75717,3.12948,0.12728,47893
28.5081,16.73802,3.12841,0.12471,48306
28.5181,16.73049,3.12733,0.12908,48134
28.5281,16.72966,3.12626,0.14362,48205
28.5381,16.71934,3.12519,0.1297,48146
28.5481,16.71299,3.12411,0.13021,48033
28.5581,16.71426,3.12304,0.13677,48239
28.5681,16.69277,3.12197,0.13963,48266
28.5781,16.7026,3.1209,0.12939,48095
28.5881,16.68061,3.11983,0.12011,48169
28.5981,16.67389,3.11877,0.12203,48239
28.6081,16.67532,3.1177,0.12544,48099
28.6181,16.65763,3.11663,0.12624,48322
28.6281,16.65587,3.11557,0.12731,48237
28.6381,16.6428,3.1145,0.14239,48420
28.6481,16.63411,3.11344,0.12851,48206
28.6581,16.62609,3.11237,0.12559,48306
28.6681,16.6187,3.11131,0.13998,48207
28.6781,16.60441,3.11025,0.1331,48372
28.6881,16.60993,3.10919,0.13837,48542
28.698,16.59773,3.10813,0.12792,48393
28.708,16.58931,3.10707,0.12488,48556
28.718,16.56191,3.10601,0.12933,48533
28.728,16.567,3.10495,0.13478,48411
28.738,16.56485,3.10389,0.12568,48305
28.748,16.54121,3.10284,0.12639,48442
28.758,16.55229,3.10178,0.11962,48632
28.768,16.53981,3.10072,0.13531,48422
28.778,16.51896,3.09967,0.12493,48366
28.788,16.53293,3.09862,0.13376,48459
28.798,16.50538,3.09756,0.13146,48673
28.808,16.49905,3.09651,0.11845,48619
28.818,16.50996,3.09546,0.13189,48669
28.828,16.47761,3.09441,0.13022,48525
28.838,16.49526,3.09336,0.14055,48614
28.848,16.47068,3.09231,0.12646,48671
28.858,16.46634,3.09126,0.12388,48747
28.868,16.45684,3.09021,0.13819,48834
28.878,16.44821,3.08916,0.1417,48683
28.888,16.44905,3.08812,0.12685,48396
28.898,16.44593,3.08707,0.13084,48817
28.908,16.43098,3.08603,0.11136,48748
28.918,16.42444,3.08498,0.12825,48760
28.928,16.41322,3.08394,0.12047,48646
28.938,16.40464,3.0829,0.13331,48803
28.948,16.3991,3.08185,0.12561,48698
28.958,16.40476,3.08081,0.13185,48897
28.968,16.39008,3.07977,0.12589,48817
28.978,16.37795,3.07873,0.1365,48946
28.988,16.3699,3.07769,0.12962,48848
28.998,16.37779,3.07665,0.13478,48851
29.008,16.36698,3.07562,0.11936,49145
29.018,16.3427,3.07458,0.12861,48768
29.028,16.34864,3.07354,0.13781,49144
29.038,16.33383,3.07251,0.12932,48838
29.048,16.32888,3.07147,0.12779,48860
29.058,16.32345,3.07044,0.12542,49135
29.068,16.32136,3.0694,0.11621,48980
29.078,16.31256,3.06837,0.13378,48976
29.088,16.30344,3.06734,0.13106,49029
29.098,16.29076,3.06631,0.12415,48904
29.108,16.2971,3.06528,0.11811,49097
29.118,16.28318,3.06425,0.12613,49253
29.128,16.28741,3.06322,0.12876,48832
29.138,16.27143,3.06219,0.13088,49279
29.148,16.25715,3.06116,0.13456,49204
29.158,16.25341,3.06014,0.1203,49013
29.168,16.25051,3.05911,0.13479,49423
29.178,16.23938,3.05808,0.13251,49009
29.188,16.23139,3.05706,0.1373,49489
29.198,16.22584,3.05604,0.1224,49226
29.208,16.21107,3.05501,0.12561,49148
29.218,16.21103,3.05399,0.11889,49331
29.228,16.20155,3.05297,0.12645,49335
29.238,16.19926,3.05195,0.12422,49151
29.248,16.18141,3.05092,0.12586,49294
29.258,16.17914,3.04991,0.116,49183
29.268,16.16825,3.04889,0.13659,49303
29.278,16.14656,3.04787,0.12374,49359
29.288,16.14849,3.04685,0.13297,49256
29.298,16.14291,3.04583,0.13162,49547
29.308,16.14087,3.04482,0.12064,49392
29.318,16.13387,3.0438,0.12676,49549
29.328,16.12095,3.04279,0.12922,49736
29.338,16.10613,3.04177,0.12759,49091
29.348,16.10996,3.04076,0.12701,49742
29.358,16.09604,3.03974,0.13111,49449
29.368,16.09733,3.03873,0.13028,49338
29.378,16.08785,3.03772,0.13033,49675
29.388,16.07337,3.03671,0.12123,49476
29.398,16.0728,3.0357,0.12153,49530
29.408,16.06856,3.03469,0.11766,49730
29.418,16.06509,3.03368,0.12183,49296
29.428,16.0604,3.03267,0.12946,49698
29.438,16.03962,3.03167,0.12567,49730
29.448,16.04424,3.03066,0.12923,49481
29.458,16.04062,3.02965,0.12063,49862
29.468,16.04091,3.02865,0.12551,49444
29.478,16.02908,3.02764,0.1328,49877
29.488,16.02391,3.02664,0.13259,49853
29.498,16.00942,3.02564,0.13115,49598
29.508,16.02685,3.02463,0.1205,49856
29.518,16.02348,3.02363,0.12543,49722
29.528,16.00047,3.02263,0.1353,49519
29.538,16.00204,3.02163,0.12073,50071
29.548,15.99813,3.02063,0.11526,49640
29.558,15.98897,3.01963,0.1193,50022
29.568,15.98027,3.01863,0.12561,49889
29.578,15.98062,3.01764,0.13216,49413
29.588,15.97253,3.01664,0.12876,50170
29.598,15.96728,3.01564,0.11886,49744
29.608,15.95709,3.01465,0.12605,49883
29.618,15.94406,3.01365,0.11829,50107
29.628,15.94564,3.01266,0.12704,49894
29.638,15.94806,3.01166,0.13681,50126
29.648,15.93777,3.01067,0.12282,50050
29.658,15.92516,3.00968,0.12757,49834
29.6679,15.91862,3.00869,0.12646,50123
29.6779,15.907,3.0077,0.13165,49885
29.6879,15.90296,3.00671,0.13286,49907
29.6979,15.89987,3.00572,0.11422,50461
29.7079,15.8891,3.00473,0.12102,49860
29.7179,15.87836,3.00374,0.12026,50215
29.7279,15.87251,3.00275,0.12171,50073
29.7379,15.86605,3.00176,0.12307,49891
29.7479,15.8701,3.00078,0.1264,50317
29.7579,15.84968,2.99979,0.11474,50052
29.7679,15.85525,2.99881,0.13565,50238
29.7779,15.84678,2.99782,0.1295,50193
29.7879,15.83086,2.99684,0.1304,50300
29.7979,15.83665,2.99586,0.12809,50169
29.8079,15.82892,2.99488,0.12033,50401
29.8179,15.81746,2.99389,0.12075,50267
29.8279,15.81661,2.99291,0.12834,50288
29.8379,15.80417,2.99193,0.13093,50403
29.8479,15.80128,2.99095,0.12706,50147
29.8579,15.80957,2.98997,0.11428,50472
29.8679,15.78382,2.989,0.12953,50170
29.8779,15.79191,2.98802,0.11973,50388
29.8879,15.77981,2.98704,0.1253,50414
29.8979,15.76906,2.98607,0.11727,50195
29.9079,15.77653,2.98509,0.12055,50523
29.9179,15.75561,2.98412,0.12222,50318
29.9279,15.7502,2.98314,0.12668,50446
29.9379,15.74564,2.98217,0.13093,50605
29.9479,15.73788,2.98119,0.11797,50689
29.9579,15.73058,2.98022,0.12726,50392
29.9679,15.72575,2.97925,0.11953,50594
29.9779,15.72263,2.97828,0.12795,50470
29.9879,15.71527,2.97731,0.13876,50744
29.9979,15.70337,2.97634,0.12412,50555
30.0079,15.70308,2.97537,0.12711,50555
30.0179,15.7005,2.9744,0.1088,50557
30.0279,15.67985,2.97343,0.12422,50677
30.0379,15.6822,2.97247,0.11935,50766
30.0479,15.68146,2.9715,0.12648,50623
30.0579,15.67714,2.97054,0.11728,50451
30.0679,15.67293,2.96957,0.12528,50706
30.0779,15.67065,2.96861,0.12577,50858
30.0879,15.65728,2.96764,0.12928,50673
30.0979,15.64732,2.96668,0.12085,50654
30.1079,15.64896,2.96572,0.12172,50788
30.1179,15.6457,2.96475,0.12029,50798
30.1279,15.63707,2.96379,0.13132,50914
30.1379,15.63001,2.96283,0.1262,50950
30.1479,15.64329,2.96187,0.12591,50741
30.1579,15.62507,2.96091,0.11559,50898
30.1679,15.60598,2.95996,0.13195,50797
30.1779,15.60964,2.959,0.11549,50804
30.1879,15.60919,2.95804,0.13192,51169
30.1979,15.59377,2.95708,0.12133,50836
30.2079,15.58669,2.95613,0.11814,50949
30.2179,15.58394,2.95517,0.11663,50966
30.2279,15.57826,2.95422,0.11639,50810
30.2379,15.57269,2.95326,0.1239,51130
30.2479,15.55586,2.95231,0.12144,50773
30.2579,15.55378,2.95136,0.12198,51315
30.2679,15.54036,2.9504,0.12778,51083
30.2779,15.53509,2.94945,0.12571,51032
30.2879,15.53339,2.9485,0.13234,51306
30.2979,15.51411,2.94755,0.12092,50907
30.3079,15.51211,2.9466,0.11947,51292
30.3179,15.4985,2.94565,0.11902,51071
30.3279,15.4955,2.9447,0.12731,51083
30.3379,15.4825,2.94376,0.12042,51312
30.3479,15.47669,2.94281,0.13103,51012
30.3579,15.47512,2.94186,0.11444,51237
30.3679,15.46422,2.94092,0.11173,51319
30.3779,15.44404,2.93997,0.12699,51190
30.3879,15.45941,2.93903,0.12004,51061
30.3979,15.4464,2.93808,0.12713,51495
30.4079,15.438,2.93714,0.11714,50911
30.4179,15.43549,2.9362,0.12212,51675
30.4279,15.4218,2.93526,0.12282,51154
30.4379,15.41984,2.93431,0.12251,51436
30.4479,15.43367,2.93337,0.12242,51604
30.4579,15.39552,2.93243,0.11509,51100
30.4679,15.41268,2.93149,0.13086,51776
30.4779,15.40371,2.93055,0.13033,51289
30.4879,15.38722,2.92962,0.12306,51417
30.4979,15.38927,2.92868,0.12282,51487
30.5079,15.37493,2.92774,0.11931,51294
30.5179,15.38608,2.9268,0.10948,51600
30.5279,15.36341,2.92587,0.11838,51593
30.5379,15.3682,2.92493,0.11776,51466
30.5479,15.35946,2.924,0.12891,51541
30.5579,15.35307,2.92306,0.12008,51462
30.5679,15.33403,2.92213,0.11392,51539
30.5779,15.35279,2.9212,0.12453,51687
30.5879,15.3308,2.92027,0.12111,51446
30.5979,15.32518,2.91934,0.12834,51654
30.6079,15.32956,2.9184,0.11769,51946
30.6179,15.31288,2.91747,0.12128,51506
30.6279,15.31443,2.91654,0.12735,51888
30.6378,15.29549,2.91562,0.13211,51618
30.6478,15.29912,2.91469,0.11691,51662
30.6578,15.29329,2.91376,0.10942,52012
30.6678,15.29081,2.91283,0.12416,51294
30.6778,15.28475,2.91191,0.12442,52112
30.6878,15.28819,2.91098,0.12109,51714
30.6978,15.27418,2.91005,0.11838,51962
30.7078,15.26932,2.90913,0.11645,51725
30.7178,15.26381,2.9082,0.1148,51563
30.7278,15.28299,2.90728,0.11761,52046
30.7378,15.25591,2.90636,0.12488,51840
30.7478,15.26431,2.90544,0.11967,51812
30.7578,15.26306,2.90451,0.12186,52005
30.7678,15.25656,2.90359,0.12257,51657
30.7778,15.25654,2.90267,0.12111,52409
30.7878,15.24666,2.90175,0.12502,52021
30.7978,15.24517,2.90083,0.12931,51945
30.8078,15.24552,2.89991,0.11868,51990
30.8178,15.24034,2.899,0.1136,51877
30.8278,15.23493,2.89808,0.11952,51914
30.8378,15.24105,2.89716,0.12995,52173
30.8478,15.22833,2.89625,0.11564,51951
30.8578,15.2178,2.89533,0.10862,52300
30.8678,15.23326,2.89441,0.11737,52072
30.8778,15.2026,2.8935,0.11643,51896
30.8878,15.21861,2.89259,0.12812,52213
30.8978,15.20939,2.89167,0.12714,51998
30.9078,15.19525,2.89076,0.11957,52223
30.9178,15.20043,2.88985,0.11278,52463
30.9278,15.19133,2.88894,0.1285,51944
30.9378,15.19412,2.88803,0.11687,52670
30.9478,15.18037,2.88712,0.11908,52223
30.9578,15.17283,2.88621,0.12187,52201
30.9678,15.17893,2.8853,0.13137,52363
30.9778,15.14092,2.88439,0.11756,52004
30.9878,15.15837,2.88348,0.12052,52394
30.9978,15.15954,2.88257,0.11411,52347
31.0078,15.14811,2.88167,0.12328,52361
31.0178,15.14379,2.88076,0.10802,52533
31.0278,15.13277,2.87985,0.1197,52284
31.0378,15.12465,2.87895,0.11844,52326
31.0478,15.12748,2.87805,0.12613,52573
31.0578,15.12517,2.87714,0.11767,52268
31.0678,15.11969,2.87624,0.11838,52619
31.0778,15.1245,2.87534,0.11309,52585
31.0878,15.10324,2.87443,0.12578,52447
31.0978,15.10794,2.87353,0.12949,52604
31.1078,15.09875,2.87263,0.12553,52428
31.1178,15.1064,2.87173,0.11235,52648
31.1278,15.08745,2.87083,0.12441,52696
31.1378,15.07645,2.86993,0.1234,52162
31.1478,15.09272,2.86903,0.10902,52950
31.1578,15.06826,2.86814,0.1153,52543
31.1678,15.07601,2.86724,0.12183,52740
31.1778,15.06893,2.86634,0.12006,52761
31.1878,15.0635,2.86545,0.1212,52468
31.1978,15.05257,2.86455,0.11457,52709
31.2078,15.0585,2.86366,0.11691,52638
31.2178,15.0373,2.86276,0.11374,52692
31.2278,15.04531,2.86187,0.1157,52876
31.2378,15.02694,2.86097,0.12575,52639
31.2478,15.01478,2.86008,0.1171,53070
31.2578,15.02407,2.85919,0.12824,52776
31.2678,15.00664,2.8583,0.11914,52727
31.2778,15.01013,2.85741,0.11511,53084
31.2878,14.98962,2.85652,0.123,52545
31.2978,14.99393,2.85563,0.12211,52945
31.3078,14.97978,2.85474,0.12033,52809
31.3178,14.99277,2.85385,0.11387,52889
31.3278,14.97491,2.85296,0.11673,53001
31.3378,14.97381,2.85207,0.11845,52975
31.3478,14.9691,2.85119,0.1129,53035
31.3578,14.9533,2.8503,0.11165,53056
31.3678,14.95754,2.84941,0.11615,52969
31.3778,14.94732,2.84853,0.12052,53062
31.3878,14.94624,2.84764,0.12096,52958
31.3978,14.9411,2.84676,0.13443,52989
31.4078,14.94617,2.84588,0.11235,53170
31.4178,14.9372,2.84499,0.11182,53084
31.4278,14.91846,2.84411,0.11826,53197
31.4378,14.93065,2.84323,0.12578,53429
31.4478,14.9219,2.84235,0.1192,52914
31.4578,14.92193,2.84147,0.1204,53243
31.4678,14.91849,2.84059,0.11732,53046
31.4778,14.91056,2.83971,0.10939,53220
31.4878,14.91415,2.83883,0.12433,53227
31.4978,14.91629,2.83795,0.11834,53092
31.5078,14.90883,2.83707,0.11576,53291
31.5178,14.91788,2.8362,0.10961,53428
31.5278,14.8947,2.83532,0.11713,53171
31.5378,14.89713,2.83444,0.12199,53445
31.5478,14.90926,2.83357,0.11372,53366
31.5578,14.89505,2.83269,0.125,53273
31.5678,14.90208,2.83182,0.10951,53359
31.5778,14.88871,2.83094,0.11179,53640
31.5878,14.88897,2.83007,0.13379,53312
31.5978,14.89654,2.8292,0.12422,53476
31.6077,14.87761,2.82833,0.13135,53281
31.6177,14.89234,2.82745,0.10884,53484
31.6277,14.87413,2.82658,0.1106,53468
31.6377,14.885,2.82571,0.11273,53593
31.6477,14.87894,2.82484,0.12411,53464
31.6577,14.87665,2.82397,0.11722,53521
31.6677,14.86234,2.8231,0.11315,53735
31.6777,14.88504,2.82224,0.11634,53640
31.6877,14.86787,2.82137,0.11892,53537
31.6977,14.85751,2.8205,0.11913,53388
31.7077,14.86715,2.81963,0.11542,53816
31.7177,14.85134,2.81877,0.10903,53643
31.7277,14.86647,2.8179,0.12225,53562
31.7377,14.84989,2.81704,0.1251,53649
31.7477,14.85247,2.81617,0.11835,53573
31.7577,14.85495,2.81531,0.11999,54018
31.7677,14.83718,2.81445,0.1166,53884
31.7777,14.83513,2.81358,0.11281,53599
31.7877,14.83273,2.81272,0.12554,53729
31.7977,14.83413,2.81186,0.11386,53756
31.8077,14.83014,2.811,0.12045,53821
31.8177,14.81374,2.81014,0.11677,53952
31.8277,14.82776,2.80928,0.11193,53903
31.8377,14.81631,2.80842,0.10945,53834
31.8477,14.81176,2.80756,0.1128,54019
31.8577,14.79299,2.8067,0.11618,53842
31.8677,14.80021,2.80584,0.11438,53891
31.8777,14.80406,2.80499,0.12103,53826
31.8877,14.78892,2.80413,0.13525,54098
31.8977,14.79699,2.80327,0.10782,53946
31.9077,14.77794,2.80242,0.12128,54131
31.9177,14.77941,2.80156,0.10992,54001
31.9277,14.77163,2.80071,0.11732,54113
31.9377,14.76524,2.79985,0.12965,54072
31.9477,14.77356,2.799,0.11987,54024
31.9577,14.77668,2.79815,0.1111,53948
31.9677,14.77234,2.79729,0.11761,54190
31.9777,14.75976,2.79644,0.1172,54058
31.9877,14.77702,2.79559,0.11428,54354
31.9977,14.74554,2.79474,0.11197,54057
32.0077,14.7709,2.79389,0.11206,54462
32.0177,14.76509,2.79304,0.11735,54088
32.0277,14.75253,2.79219,0.1215,53770
32.0377,14.77562,2.79134,0.11732,54491
32.0477,14.75826,2.79049,0.10579,54084
32.0577,14.76737,2.78965,0.11822,54443
32.0677,14.76125,2.7888,0.11861,54484
32.0777,14.76806,2.78795,0.12385,54172
32.0877,14.76907,2.78711,0.12585,54624
32.0977,14.76024,2.78626,0.11555,54254
32.1077,14.76147,2.78542,0.12382,54288
32.1177,14.7745,2.78457,0.10659,54324
32.1277,14.75488,2.78373,0.10934,54363
32.1377,14.76593,2.78289,0.11371,54526
32.1477,14.7611,2.78204,0.11969,54427
32.1577,14.75779,2.7812,0.11578,54318
32.1677,14.76235,2.78036,0.11862,54587
32.1777,14.76646,2.77952,0.1125,54466
32.1877,14.75469,2.77868,0.11485,54549
32.1977,14.74302,2.77784,0.11482,54776
32.2077,14.75363,2.777,0.11741,54221
32.2177,14.74366,2.77616,0.11431,54856
32.2277,14.73884,2.77532,0.1227,54392
32.2377,14.73044,2.77448,0.11859,54679
32.2477,14.74776,2.77364,0.11243,54875
32.2577,14.70764,2.77281,0.11343,54492
32.2677,14.72687,2.77197,0.1236,55004
32.2777,14.7124,2.77114,0.11651,54504
32.2877,14.73063,2.7703,0.11289,54678
32.2977,14.72298,2.76947,0.11704,54997
32.3077,14.70255,2.76863,0.11781,54361
32.3177,14.71738,2.7678,0.11895,55094
32.3277,14.70857,2.76696,0.11171,54784
32.3377,14.70226,2.76613,0.10335,54832
32.3477,14.70163,2.7653,0.11453,54928
32.3577,14.7076,2.76447,0.12054,54418
32.3677,14.70151,2.76364,0.12054,54899
32.3777,14.71011,2.76281,0.11645,55200
32.3877,14.7106,2.76198,0.12051,54731
32.3977,14.70778,2.76115,0.1151,55095
32.4077,14.71092,2.76032,0.10891,54976
32.4177,14.70734,2.75949,0.12742,54931
32.4277,14.72095,2.75866,0.11155,55051
32.4377,14.70777,2.75783,0.1195,54657
32.4477,14.70952,2.75701,0.11554,55248
32.4577,14.70908,2.75618,0.10969,55141
32.4677,14.71681,2.75535,0.12155,54835
32.4777,14.73311,2.75453,0.11253,55302
32.4877,14.71842,2.7537,0.11197,54787
32.4977,14.71711,2.75288,0.11202,55392
32.5077,14.7261,2.75205,0.11652,55182
32.5177,14.72556,2.75123,0.11919,54888
32.5277,14.72839,2.75041,0.11185,55308
32.5377,14.71162,2.74959,0.11314,54939
32.5477,14.72195,2.74876,0.11298,55555
32.5577,14.72506,2.74794,0.11485,55428
32.5677,14.71983,2.74712,0.12308,55035
32.5776,14.73217,2.7463,0.11885,55635
32.5876,14.72408,2.74548,0.12067,55007
32.5976,14.73278,2.74466,0.11846,55266
32.6076,14.71567,2.74384,0.1126,55422
32.6176,14.70794,2.74302,0.11121,55043
32.6276,14.73061,2.74221,0.11358,55686
32.6376,14.72304,2.74139,0.10931,55339
32.6476,14.7261,2.74057,0.12383,55289
32.6576,14.71548,2.73976,0.11176,55691
32.6676,14.71606,2.73894,0.11246,55308
32.6776,14.7277,2.73813,0.11465,55535
32.6876,14.72219,2.73731,0.11281,55352
32.6976,14.73033,2.7365,0.11136,55355
32.7076,14.71721,2.73568,0.12125,55709
32.7176,14.72279,2.73487,0.11971,55219
32.7276,14.72769,2.73406,0.11354,55938
32.7376,14.73647,2.73324,0.11312,55495
32.7476,14.7259,2.73243,0.1278,55559
32.7576,14.72124,2.73162,0.10392,55533
32.7676,14.71835,2.73081,0.12602,55568
32.7776,14.72182,2.73,0.11384,55749
32.7876,14.73472,2.72919,0.1169,55708
32.7976,14.7275,2.72838,0.11671,55560
32.8076,14.73527,2.72757,0.11349,55800
32.8176,14.72546,2.72676,0.11635,55779
32.8276,14.72664,2.72596,0.10237,55901
32.8376,14.7312,2.72515,0.1158,55744
32.8476,14.73101,2.72434,0.10987,55382
32.8576,14.73811,2.72354,0.12322,56027
32.8676,14.72895,2.72273,0.11692,55950
32.8776,14.73843,2.72193,0.11795,55864
32.8876,14.74033,2.72112,0.12059,56032
32.8976,14.7511,2.72032,0.11177,55619
32.9076,14.74742,2.71951,0.11087,56177
32.9176,14.73738,2.71871,0.12005,55872
32.9276,14.74035,2.71791,0.11456,55751
32.9376,14.74763,2.71711,0.1132,56164
32.9476,14.76116,2.7163,0.11373,55718
32.9576,14.75367,2.7155,0.1116,56130
32.9676,14.75135,2.7147,0.10925,56072
32.9776,14.75252,2.7139,0.12884,56080
32.9876,14.75293,2.7131,0.10889,56163
32.9976,14.7675,2.7123,0.11611,56008
33.0076,14.75924,2.7115,0.11064,56078
33.0176,14.77036,2.71071,0.11887,56015
33.0276,14.76659,2.70991,0.10896,56098
33.0376,14.77698,2.70911,0.11239,56383
33.0476,14.77599,2.70831,0.11455,55993
33.0576,14.76207,2.70752,0.12109,56339
33.0676,14.78705,2.70672,0.13093,56318
33.0776,14.77444,2.70593,0.11632,56144
33.0876,14.79627,2.70513,0.11774,56227
33.0976,14.78508,2.70434,0.11193,56139
33.1076,14.78223,2.70354,0.10468,56452
33.1176,14.80023,2.70275,0.11243,56335
33.1276,14.79806,2.70196,0.11616,56381
33.1376,14.80085,2.70116,0.11224,56337
33.1476,14.80818,2.70037,0.12994,56305
33.1576,14.81405,2.69958,0.10653,56600
33.1676,14.82268,2.69879,0.11892,56186
33.1776,14.83145,2.698,0.10451,56542
33.1876,14.83437,2.69721,0.12243,56385
33.1976,14.82523,2.69642,0.11698,56502
33.2076,14.84411,2.69563,0.1135,56479
33.2176,14.85853,2.69484,0.11699,56605
33.2276,14.85762,2.69405,0.11497,56661
33.2376,14.86172,2.69327,0.11732,56652
33.2476,14.87491,2.69248,0.12124,56286
33.2576,14.8815,2.69169,0.11377,56507
33.2676,14.89969,2.69091,0.10843,56752
33.2776,14.89968,2.69012,0.12254,56430
33.2876,14.91017,2.68933,0.11493,57015
33.2976,14.92152,2.68855,0.12034,56494
33.3076,14.92185,2.68777,0.11629,56637
33.3176,14.93354,2.68698,0.09667,57080
33.3276,14.94091,2.6862,0.11828,56566
33.3376,14.95485,2.68542,0.11653,56635
33.3476,14.974,2.68463,0.11728,56682
33.3576,14.97665,2.68385,0.11698,56815
33.3676,14.96419,2.68307,0.11496,56997
33.3776,14.9818,2.68229,0.11854,56668
33.3876,15.00041,2.68151,0.11314,57169
33.3976,15.00764,2.68073,0.12603,56848
33.4076,15.00913,2.67995,0.10615,56823
33.4176,15.01097,2.67917,0.12098,56855
33.4276,15.03172,2.67839,0.10985,56794
33.4376,15.03422,2.67761,0.1182,56822
33.4476,15.03661,2.67684,0.1178,56944
33.4576,15.04794,2.67606,0.11234,57219
33.4676,15.06201,2.67528,0.11462,57036
33.4776,15.06987,2.67451,0.11537,56848
33.4876,15.06345,2.67373,0.1192,56972
33.4976,15.08876,2.67296,0.10939,57218
33.5076,15.08229,2.67218,0.11642,57060
33.5176,15.11644,2.67141,0.11294,56998
33.5276,15.10328,2.67063,0.10822,57125
33.5376,15.10988,2.66986,0.12402,57379
33.5475,15.13202,2.66909,0.12044,57359
33.5575,15.15045,2.66831,0.1185,57025
33.5675,15.14396,2.66754,0.12373,57253
33.5775,15.16638,2.66677,0.12067,57028
33.5875,15.17751,2.666,0.11002,57175
33.5975,15.19299,2.66523,0.10751,57383
33.6075,15.19169,2.66446,0.11217,57281
33.6175,15.22318,2.66369,0.11496,57410
33.6275,15.23071,2.66292,0.12211,57366
33.6375,15.2615,2.66215,0.11677,57505
33.6475,15.2675,2.66138,0.11702,57343
33.6575,15.27888,2.66061,0.11504,57460
33.6675,15.29927,2.65985,0.11221,57254
33.6775,15.32831,2.65908,0.11296,57441
33.6875,15.34701,2.65831,0.1212,57633
33.6975,15.35037,2.65755,0.11581,57396
33.7075,15.398,2.65678,0.1184,57549
33.7175,15.40831,2.65602,0.12048,57294
33.7275,15.43461,2.65525,0.11544,57759
33.7375,15.45674,2.65449,0.11597,57419
33.7475,15.49031,2.65373,0.12582,57354
33.7575,15.52997,2.65296,0.11425,57588
33.7675,15.53973,2.6522,0.11294,57672
33.7775,15.59491,2.65144,0.12216,57611
33.7875,15.63401,2.65068,0.11991,57701
33.7975,15.64999,2.64991,0.11582,57651
33.8075,15.70876,2.64915,0.11158,57756
33.8175,15.74825,2.64839,0.11149,57662
33.8275,15.80226,2.64763,0.11996,57753
33.8375,15.83338,2.64687,0.12619,57736
33.8475,15.91022,2.64611,0.12202,57761
33.8575,15.96433,2.64536,0.11775,57835
33.8675,16.03003,2.6446,0.12043,57793
33.8775,16.09445,2.64384,0.11695,57954
33.8875,16.19155,2.64308,0.12255,57846
33.8975,16.25578,2.64233,0.12071,58079
33.9075,16.32869,2.64157,0.12261,57666
33.9175,16.44065,2.64081,0.11591,58149
33.9275,16.53416,2.64006,0.13084,57654
33.9375,16.64426,2.6393,0.12483,57842
33.9475,16.74269,2.63855,0.11519,58104
33.9575,16.87126,2.63779,0.12827,58037
33.9675,17.00193,2.63704,0.12174,58152
33.9775,17.1082,2.63629,0.12815,57933
33.9875,17.27551,2.63554,0.11869,58264
33.9975,17.43041,2.63478,0.11837,57953
34.0075,17.57778,2.63403,0.13079,57980
34.0175,17.75101,2.63328,0.12583,58175
34.0275,17.93592,2.63253,0.12767,58161
34.0375,18.14734,2.63178,0.13849,58267
34.0475,18.31765,2.63103,0.12849,58058
34.0575,18.53633,2.63028,0.13614,58263
34.0675,18.77983,2.62953,0.14069,58200
34.0775,19.03721,2.62878,0.13171,57971
34.0875,19.26411,2.62803,0.11806,58606
34.0975,19.53463,2.62729,0.13367,58274
34.1075,19.81432,2.62654,0.13853,58261
34.1175,20.12423,2.62579,0.14285,58407
34.1275,20.41909,2.62504,0.13764,58301
34.1375,20.74692,2.6243,0.14517,58417
34.1475,21.06964,2.62355,0.12994,58386
34.1575,21.44225,2.62281,0.13354,58422
34.1675,21.79296,2.62206,0.15016,58308
34.1775,22.1834,2.62132,0.13274,58339
34.1875,22.58132,2.62057,0.13699,58546
34.1975,23.02229,2.61983,0.15146,58681
34.2075,23.45015,2.61909,0.15858,58368
34.2175,23.89596,2.61835,0.16755,58733
34.2275,24.39042,2.6176,0.13364,58360
34.2375,24.84929,2.61686,0.14691,58440
34.2475,25.36368,2.61612,0.15826,58647
34.2575,25.79645,2.61538,0.1559,58560
34.2675,26.39269,2.61464,0.15015,58804
34.2775,26.92848,2.6139,0.157,58431
34.2875,27.43453,2.61316,0.15394,58853
34.2975,28.08333,2.61242,0.15808,58696
34.3075,28.57829,2.61168,0.16002,58645
34.3175,29.21723,2.61095,0.15387,59087
34.3275,29.78347,2.61021,0.16219,58557
34.3375,30.38731,2.60947,0.16363,58639
34.3475,31.05402,2.60873,0.17116,58975
34.3575,31.62934,2.608,0.16897,58649
34.3675,32.28929,2.60726,0.16083,59016
34.3775,32.9285,2.60653,0.1726,58875
34.3875,33.5662,2.60579,0.16759,58874
34.3975,34.26516,2.60506,0.18331,58904
34.4075,34.83669,2.60432,0.18301,58587
34.4175,35.4977,2.60359,0.17958,59386
34.4275,36.16203,2.60286,0.20098,58686
34.4375,36.81903,2.60212,0.15548,58990
34.4475,37.41792,2.60139,0.18659,59068
34.4575,38.00966,2.60066,0.18776,58944
34.4675,38.63966,2.59993,0.18389,59421
34.4775,39.23309,2.5992,0.17764,59142
34.4875,39.86483,2.59846,0.18446,59033
34.4975,40.3791,2.59773,0.18967,58967
34.5075,40.95124,2.597,0.17961,59240
34.5174,41.44917,2.59628,0.19806,59224
34.5274,41.97334,2.59555,0.19861,59013
34.5374,42.45343,2.59482,0.18648,59237
34.5474,42.88913,2.59409,0.2012,59201
34.5574,43.35432,2.59336,0.20179,59140
34.5674,43.73568,2.59263,0.19676,59174
34.5774,44.10452,2.59191,0.17996,59372
34.5874,44.44932,2.59118,0.18539,59042
34.5974,44.66983,2.59046,0.19963,59538
34.6074,44.95938,2.58973,0.20534,59040
34.6174,45.19688,2.589,0.20737,59449
34.6274,45.33126,2.58828,0.19516,59665
34.6374,45.50966,2.58756,0.20944,58988
34.6474,45.55449,2.58683,0.18189,59847
34.6574,45.65639,2.58611,0.19486,59438
34.6674,45.64689,2.58539,0.18393,59657
34.6774,45.58384,2.58466,0.19641,59310
34.6874,45.56621,2.58394,0.19804,59415
34.6974,45.36763,2.58322,0.21144,59967
34.7074,45.26642,2.5825,0.19828,59351
34.7174,45.01268,2.58178,0.19252,59714
34.7274,44.79673,2.58106,0.20209,59487
34.7374,44.52893,2.58034,0.19793,59393
34.7474,44.13507,2.57962,0.18615,59922
34.7574,43.836,2.5789,0.17707,59292
34.7674,43.39186,2.57818,0.18704,59865
34.7774,42.94606,2.57746,0.19581,59715
34.7874,42.56006,2.57674,0.18017,59584
34.7974,41.97116,2.57602,0.18841,59863
34.8074,41.50731,2.57531,0.19176,59674
34.8174,40.89152,2.57459,0.17705,59902
34.8274,40.38524,2.57387,0.19551,59785
34.8374,39.81412,2.57316,0.18239,59656
34.8474,39.10938,2.57244,0.18504,59917
34.8574,38.55001,2.57173,0.16644,59796
34.8674,37.85297,2.57101,0.18009,60143
34.8774,37.24323,2.5703,0.17701,59851
34.8874,36.51861,2.56959,0.18616,59787
34.8974,35.81945,2.56887,0.17286,59963
34.9074,35.1598,2.56816,0.17474,60144
34.9174,34.42391,2.56745,0.16322,59864
34.9274,33.79917,2.56673,0.1711,60281
34.9374,33.08916,2.56602,0.15836,59763
34.9474,32.4485,2.56531,0.15721,60267
34.9574,31.71998,2.5646,0.16045,60170
34.9674,31.04321,2.56389,0.16013,60076
34.9774,30.42374,2.56318,0.16957,60177
34.9874,29.74038,2.56247,0.15381,59966
34.9974,29.16903,2.56176,0.15432,60387
35.0074,28.51563,2.56105,0.15911,60108
35.0174,27.86771,2.56034,0.16492,60023
35.0274,27.29055,2.55964,0.15193,60571
35.0374,26.69877,2.55893,0.16117,59861
35.0474,26.16708,2.55822,0.14641,60443
35.0574,25.58257,2.55751,0.15085,60355
35.0674,25.06556,2.55681,0.144,60103
35.0774,24.53868,2.5561,0.13953,60332
35.0874,24.08411,2.5554,0.14862,60146
35.0974,23.61002,2.55469,0.14067,60683
35.1074,23.19092,2.55399,0.14338,60371
35.1174,22.71665,2.55328,0.14397,60412
35.1274,22.3378,2.55258,0.14869,60655
35.1374,21.95223,2.55188,0.13402,60239
35.1474,21.58751,2.55117,0.12376,60561
35.1574,21.25111,2.55047,0.1387,60801
35.1674,20.89531,2.54977,0.13713,60261
35.1774,20.59523,2.54907,0.14354,60649
35.1874,20.26903,2.54836,0.14035,60645
35.1974,20.00987,2.54766,0.13854,60707
35.2074,19.75117,2.54696,0.12674,60711
35.2174,19.48091,2.54626,0.13943,60329
35.2274,19.2409,2.54556,0.13185,60867
35.2374,19.00615,2.54486,0.12374,60400
35.2474,18.83016,2.54416,0.12492,60771
35.2574,18.63793,2.54347,0.12908,60711
35.2674,18.42784,2.54277,0.1338,60657
35.2774,18.30645,2.54207,0.12226,60905
35.2874,18.12921,2.54137,0.13566,60519
35.2974,18.00954,2.54067,0.12398,60968
35.3074,17.84821,2.53998,0.12381,61040
35.3174,17.72482,2.53928,0.11819,61056
35.3274,17.6374,2.53859,0.12607,60824
35.3374,17.50921,2.53789,0.12835,60793
35.3474,17.41854,2.5372,0.11377,61107
35.3574,17.33717,2.5365,0.12248,60982
35.3674,17.23474,2.53581,0.1265,60826
35.3774,17.17985,2.53511,0.12924,61075
35.3874,17.07619,2.53442,0.12305,60893
35.3974,17.03379,2.53373,0.12682,60870
35.4074,16.96785,2.53303,0.11731,61135
35.4174,16.8947,2.53234,0.11456,60933
35.4274,16.87245,2.53165,0.11394,61181
35.4374,16.81821,2.53096,0.11918,60960
35.4474,16.76456,2.53027,0.12537,61219
35.4574,16.75069,2.52958,0.11874,61257
35.4674,16.70075,2.52889,0.12449,61085
35.4774,16.67708,2.5282,0.11863,61292
35.4873,16.64682,2.52751,0.11448,61409
35.4973,16.63071,2.52682,0.11453,61101
35.5073,16.61735,2.52613,0.12224,61465
35.5173,16.57403,2.52544,0.1136,61237
35.5273,16.57718,2.52475,0.11829,61457
35.5373,16.55913,2.52407,0.12514,61270
35.5473,16.55874,2.52338,0.12479,61445
35.5573,16.50498,2.52269,0.11377,61206
35.5673,16.51965,2.52201,0.12335,61393
35.5773,16.52058,2.52132,0.11198,61344
35.5873,16.4981,2.52063,0.11431,61366
35.5973,16.49346,2.51995,0.12543,61506
35.6073,16.49578,2.51927,0.1189,61601
35.6173,16.45896,2.51858,0.11932,61104
35.6273,16.49409,2.5179,0.11011,61972
35.6373,16.47607,2.51721,0.11825,61476
35.6473,16.47725,2.51653,0.1198,61480
35.6573,16.46306,2.51585,0.11117,61947
35.6673,16.4686,2.51517,0.1234,61138
35.6773,16.49327,2.51448,0.1174,61943
35.6873,16.47028,2.5138,0.12285,61992
35.6973,16.46725,2.51312,0.11909,61483
35.7073,16.4884,2.51244,0.11251,61912
35.7173,16.47522,2.51176,0.11762,61518
35.7273,16.46141,2.51108,0.1218,61782
35.7373,16.48936,2.5104,0.11082,61773
35.7473,16.47943,2.50972,0.12321,61548
35.7573,16.47061,2.50904,0.12238,62061
35.7673,16.48697,2.50836,0.11226,61695
35.7773,16.5045,2.50768,0.1191,62027
35.7873,16.47445,2.50701,0.11455,61865
35.7973,16.49515,2.50633,0.12064,62008
35.8073,16.50318,2.50565,0.11926,61686
35.8173,16.50271,2.50498,0.10863,62123
35.8273,16.50096,2.5043,0.12117,61808
35.8373,16.51683,2.50362,0.11527,61822
35.8473,16.51207,2.50295,0.12196,61917
35.8573,16.51393,2.50227,0.121,62235
35.8673,16.53274,2.5016,0.11097,61970
35.8773,16.5406,2.50092,0.12233,61926
35.8873,16.51692,2.50025,0.12357,61886
35.8973,16.53645,2.49958,0.12489,61794
35.9073,16.54483,2.4989,0.10429,62116
35.9173,16.53988,2.49823,0.11498,61837
35.9273,16.54969,2.49756,0.12044,61789
35.9373,16.56867,2.49689,0.12104,61802
35.9473,16.55537,2.49622,0.1161,61887
35.9573,16.58117,2.49554,0.12636,61970
35.9673,16.58359,2.49487,0.12081,61524
35.9773,16.57954,2.4942,0.11092,62071
35.9873,16.60211,2.49353,0.11129,61647
35.9973,16.60537,2.49286,0.11788,61624
36.0073,16.60503,2.49219,0.1201,61850
36.0173,16.62851,2.49152,0.11702,61593
36.0273,16.64382,2.49086,0.1182,61908
36.0373,16.62353,2.49019,0.12832,61669
36.0473,16.65712,2.48952,0.117,61904
36.0573,16.64938,2.48885,0.11624,61598
36.0673,16.66622,2.48819,0.11594,61636
36.0773,16.67835,2.48752,0.1136,61790
36.0873,16.67793,2.48685,0.12136,61274
36.0973,16.70488,2.48619,0.11931,61918
36.1073,16.7055,2.48552,0.11459,61468
36.1173,16.7204,2.48486,0.12087,61716
36.1273,16.73298,2.48419,0.11811,61524
36.1373,16.72202,2.48353,0.11872,61367
36.1473,16.77505,2.48286,0.11504,61765
36.1573,16.74925,2.4822,0.11015,61439
36.1673,16.77913,2.48154,0.12737,61570
36.1773,16.78155,2.48087,0.12164,61507
36.1873,16.78691,2.48021,0.11428,61379
36.1973,16.82886,2.47955,0.11416,61783
36.2073,16.80967,2.47889,0.12576,61452
36.2173,16.83799,2.47822,0.12015,61479
36.2273,16.84521,2.47756,0.12038,61388
36.2373,16.85117,2.4769,0.11644,61278
36.2473,16.86461,2.47624,0.11518,61365
36.2573,16.86939,2.47558,0.11793,61412
36.2673,16.90232,2.47492,0.11632,61590
36.2773,16.89678,2.47426,0.12079,61398
36.2873,16.92495,2.4736,0.11545,61385
36.2973,16.93092,2.47295,0.12162,61290
36.3073,16.93018,2.47229,0.12391,61429
36.3173,16.96316,2.47163,0.11958,61391
36.3273,16.97196,2.47097,0.11826,61209
36.3373,17.00218,2.47032,0.11231,61425
36.3473,17.00363,2.46966,0.11503,61231
36.3573,17.02506,2.469,0.12605,61389
36.3673,17.04586,2.46835,0.12057,61409
36.3773,17.07013,2.46769,0.12272,61227
36.3873,17.06906,2.46704,0.11965,61075
36.3973,17.08819,2.46638,0.12026,60993
36.4073,17.12404,2.46573,0.11574,61299
36.4173,17.11726,2.46507,0.11974,61199
36.4273,17.13848,2.46442,0.1126,61284
36.4373,17.15836,2.46377,0.12248,61270
36.4473,17.18328,2.46311,0.11977,61298
36.4572,17.19597,2.46246,0.12739,61015
36.4672,17.23327,2.46181,0.11574,61311
36.4772,17.24344,2.46116,0.11462,61396
36.4872,17.25746,2.46051,0.11536,61107
36.4972,17.28677,2.45985,0.12531,60995
36.5072,17.29708,2.4592,0.11711,61176
36.5172,17.32537,2.45855,0.13052,61126
36.5272,17.32609,2.4579,0.11813,61178
36.5372,17.37497,2.45725,0.12061,61069
36.5472,17.36245,2.4566,0.11943,61098
36.5572,17.37302,2.45595,0.12128,60828
36.5672,17.43171,2.45531,0.11817,61246
36.5772,17.40743,2.45466,0.11398,60872
36.5872,17.46467,2.45401,0.12884,61059
36.5972,17.45655,2.45336,0.12111,60882
36.6072,17.48651,2.45272,0.11967,61249
36.6172,17.51296,2.45207,0.11609,61116
36.6272,17.5233,2.45142,0.11996,61089
36.6372,17.55048,2.45078,0.12595,60993
36.6472,17.55605,2.45013,0.12323,60836
36.6572,17.59483,2.44948,0.11125,61165
36.6672,17.59903,2.44884,0.13074,61027
36.6772,17.62579,2.4482,0.12138,60977
36.6872,17.64013,2.44755,0.11242,60978
36.6972,17.67971,2.44691,0.12551,60883
36.7072,17.68915,2.44626,0.1222,60826
36.7172,17.70855,2.44562,0.12059,60859
36.7272,17.74236,2.44498,0.13276,60927
36.7372,17.74533,2.44433,0.12228,60783
36.7472,17.78751,2.44369,0.11239,60754
36.7572,17.80911,2.44305,0.1215,61105
36.7672,17.83643,2.44241,0.12031,60996
36.7772,17.84546,2.44177,0.11942,60800
36.7872,17.87878,2.44113,0.13377,60954
36.7972,17.9065,2.44049,0.12474,60844
36.8072,17.93314,2.43985,0.11808,60967
36.8172,17.97243,2.43921,0.1201,61029
36.8272,17.98036,2.43857,0.11877,60856
36.8372,18.00805,2.43793,0.12093,60663
36.8472,18.04856,2.43729,0.11901,60745
36.8572,18.06707,2.43665,0.12578,60648
36.8672,18.10758,2.43601,0.12271,60947
36.8772,18.12276,2.43538,0.14056,60706
36.8872,18.1741,2.43474,0.11744,60638
36.8972,18.16917,2.4341,0.11935,60787
36.9072,18.23104,2.43347,0.11801,60730
36.9172,18.25098,2.43283,0.12276,60941
36.9272,18.28107,2.43219,0.12541,60655
36.9372,18.31437,2.43156,0.12394,60824
36.9472,18.35918,2.43092,0.12985,60779
36.9572,18.38308,2.43029,0.12055,60648
36.9672,18.42187,2.42965,0.12397,61079
36.9772,18.45089,2.42902,0.12219,60411
36.9872,18.50475,2.42839,0.1133,61130
36.9972,18.52424,2.42775,0.13321,60267
37.0072,18.56514,2.42712,0.1286,60833
37.0172,18.60508,2.42649,0.12457,60768
37.0272,18.66908,2.42586,0.12621,60611
37.0372,18.68696,2.42522,0.12292,60809
37.0472,18.75095,2.42459,0.11882,60525
37.0572,18.79234,2.42396,0.13064,60410
37.0672,18.83826,2.42333,0.12906,60684
37.0772,18.90749,2.4227,0.12335,60719
37.0872,18.9554,2.42207,0.12618,60758
37.0972,19.03043,2.42144,0.12104,60457
37.1072,19.06781,2.42081,0.12562,60842
37.1172,19.15812,2.42018,0.12996,60662
37.1272,19.20559,2.41955,0.12311,60506
37.1372,19.30085,2.41892,0.13189,60798
37.1472,19.36145,2.41829,0.13085,60634
37.1572,19.45994,2.41767,0.12939,60599
37.1672,19.54837,2.41704,0.12022,60652
37.1772,19.61005,2.41641,0.12277,60256
37.1872,19.74215,2.41579,0.12967,60885
37.1972,19.82876,2.41516,0.13701,60165
37.2072,19.93655,2.41453,0.12962,60693
37.2172,20.0717,2.41391,0.13484,60720
37.2272,20.14713,2.41328,0.14304,60169
37.2372,20.30552,2.41266,0.12672,60970
37.2472,20.4354,2.41203,0.12415,60296
37.2572,20.5798,2.41141,0.12809,60617
37.2672,20.76105,2.41078,0.13472,60659
37.2772,20.8934,2.41016,0.13826,60452
37.2872,21.08496,2.40954,0.13466,60774
37.2972,21.26362,2.40891,0.14384,60327
37.3072,21.42159,2.40829,0.13416,60567
37.3172,21.67871,2.40767,0.13038,60445
37.3272,21.83072,2.40705,0.12837,60480
37.3372,22.0811,2.40643,0.13924,60651
37.3472,22.31637,2.4058,0.14524,60285
37.3572,22.5629,2.40518,0.14309,60750
37.3672,22.80213,2.40456,0.14403,60389
37.3772,23.1346,2.40394,0.13335,60461
37.3872,23.38117,2.40332,0.15075,60436
37.3972,23.76937,2.4027,0.14317,60453
37.4072,23.98783,2.40208,0.1367,60355
37.4172,24.35347,2.40146,0.15237,60555
37.4271,24.68344,2.40085,0.15038,60132
37.4371,25.02884,2.40023,0.15321,60673
37.4471,25.43546,2.39961,0.13774,60481
37.4571,25.79119,2.39899,0.14512,60358
37.4671,26.23999,2.39837,0.14774,60773
37.4771,26.63142,2.39776,0.16843,60009
37.4871,27.09518,2.39714,0.14009,60921
37.4971,27.51591,2.39652,0.15672,60119
37.5071,27.99501,2.39591,0.16829,60573
37.5171,28.49314,2.39529,0.1507,60462
37.5271,28.98971,2.39468,0.15235,60288
37.5371,29.51473,2.39406,0.15415,60662
37.5471,30.05395,2.39345,0.15901,60268
37.5571,30.6191,2.39283,0.17222,60296
37.5671,31.18545,2.39222,0.16257,60137
37.5771,31.74966,2.39161,0.16009,60403
37.5871,32.43141,2.39099,0.16797,60335
37.5971,32.9679,2.39038,0.17329,60286
37.6071,33.65387,2.38977,0.15801,60517
37.6171,34.35083,2.38916,0.18126,60157
37.6271,34.99909,2.38854,0.17596,60634
37.6371,35.58862,2.38793,0.17344,60587
37.6471,36.3803,2.38732,0.1756,60385
37.6571,36.96249,2.38671,0.16396,60413
37.6671,37.7777,2.3861,0.17354,60326
37.6771,38.47755,2.38549,0.17848,60199
37.6871,39.16785,2.38488,0.18664,60323
37.6971,39.97349,2.38427,0.17948,60326
37.7071,40.68788,2.38366,0.19568,60154
37.7171,41.50683,2.38305,0.19135,60676
37.7271,42.24869,2.38244,0.174,59964
37.7371,42.97726,2.38183,0.18442,60503
37.7471,43.72998,2.38123,0.19409,60191
37.7571,44.4594,2.38062,0.19708,60439
37.7671,45.26345,2.38001,0.19962,60465
37.7771,45.89783,2.3794,0.20206,60076
37.7871,46.74014,2.3788,0.19674,60737
37.7971,47.39498,2.37819,0.20622,59656
37.8071,48.13318,2.37759,0.19329,60754
37.8171,48.80812,2.37698,0.18985,60148
37.8271,49.43112,2.37637,0.20684,60306
37.8371,50.13215,2.37577,0.19178,60726
37.8471,50.69176,2.37517,0.22007,60001
37.8571,51.34277,2.37456,0.21784,60325
37.8671,51.88057,2.37396,0.19967,60266
37.8771,52.39859,2.37335,0.20928,60319
37.8871,52.93346,2.37275,0.21331,60050
37.8971,53.36305,2.37215,0.21076,60079
37.9071,53.79132,2.37154,0.20584,60520
37.9171,54.17398,2.37094,0.21377,60078
37.9271,54.50582,2.37034,0.21417,60471
37.9371,54.81478,2.36974,0.20998,60470
37.9471,55.07914,2.36914,0.21222,60108
37.9571,55.25116,2.36854,0.21268,60489
37.9671,55.4533,2.36793,0.22304,60091
37.9771,55.50425,2.36733,0.22366,60367
37.9871,55.58697,2.36673,0.20388,60369
37.9971,55.62158,2.36613,0.20661,59978
38.0071,55.56545,2.36553,0.21397,60351
38.0171,55.45235,2.36494,0.21364,60142
38.0271,55.32686,2.36434,0.21727,60452
38.0371,55.20312,2.36374,0.21863,60274
38.0471,54.92874,2.36314,0.21735,60302
38.0571,54.63227,2.36254,0.22434,60110
38.0671,54.29735,2.36194,0.20612,60065
38.0771,53.96035,2.36135,0.20488,60247
38.0871,53.47594,2.36075,0.19491,60294
38.0971,53.09782,2.36015,0.20049,60091
38.1071,52.57101,2.35956,0.20949,60372
38.1171,52.02607,2.35896,0.22023,60110
38.1271,51.43942,2.35837,0.21944,60175
38.1371,50.88707,2.35777,0.19775,60591
38.1471,50.23797,2.35718,0.20477,60104
38.1571,49.51076,2.35658,0.19173,60586
38.1671,48.88626,2.35599,0.19184,59954
38.1771,48.23938,2.35539,0.20223,60313
38.1871,47.41336,2.3548,0.1998,60310
38.1971,46.74104,2.3542,0.19829,59943
38.2071,45.94194,2.35361,0.20965,60640
38.2171,45.21863,2.35302,0.19253,59763
38.2271,44.3402,2.35243,0.19109,60167
38.2371,43.60305,2.35183,0.18584,60206
38.2471,42.77268,2.35124,0.17467,60146
38.2571,42.05572,2.35065,0.18735,60643
38.2671,41.23721,2.35006,0.18149,59688
38.2771,40.52022,2.34947,0.17857,60706
38.2871,39.71094,2.34888,0.18753,60062
38.2971,38.97035,2.34829,0.17255,60355
38.3071,38.21291,2.3477,0.18144,60121
38.3171,37.47093,2.34711,0.19323,60035
38.3271,36.77402,2.34652,0.16124,60520
38.3371,36.04373,2.34593,0.2001,59976
38.3471,35.3857,2.34534,0.16395,60031
38.3571,34.72044,2.34475,0.16448,60449
38.3671,34.0302,2.34416,0.16483,60233
38.3771,33.51093,2.34358,0.17803,60420
38.3871,32.79635,2.34299,0.17414,60060
38.3971,32.21354,2.3424,0.17725,60188
38.407,31.70719,2.34182,0.15491,60102
38.417,31.12453,2.34123,0.1638,60073
38.427,30.68548,2.34064,0.15616,60057
38.437,30.16281,2.34006,0.15137,60313
38.447,29.69091,2.33947,0.16093,60068
38.457,29.29325,2.33889,0.15601,60628
38.467,28.81035,2.3383,0.16119,59824
38.477,28.48038,2.33772,0.16675,60620
38.487,28.05714,2.33713,0.15282,60253
38.497,27.71857,2.33655,0.15034,60281
38.507,27.39084,2.33596,0.15151,60184
38.517,27.06493,2.33538,0.1585,59684
38.527,26.78636,2.3348,0.14506,60433
38.537,26.47458,2.33422,0.16231,60047
38.547,26.26838,2.33363,0.15466,60422
38.557,25.99823,2.33305,0.14455,60210
38.567,25.76125,2.33247,0.15539,59913
38.577,25.60209,2.33189,0.14183,60544
38.587,25.39028,2.33131,0.13878,60034
38.597,25.24613,2.33072,0.15441,60119
38.607,25.10506,2.33014,0.14522,60161
38.617,24.93147,2.32956,0.14933,59962
38.627,24.86167,2.32898,0.14765,60552
38.637,24.73522,2.3284,0.14094,60151
38.647,24.67942,2.32782,0.13952,60355
38.657,24.59557,2.32725,0.14285,60272
38.667,24.51443,2.32667,0.15076,60199
38.677,24.49593,2.32609,0.14415,60144
38.687,24.42358,2.32551,0.1447,60143
38.697,24.45019,2.32493,0.15018,60073
38.707,24.41819,2.32435,0.13929,60538
38.717,24.3872,2.32378,0.13994,59959
38.727,24.46446,2.3232,0.13973,60249
38.737,24.45661,2.32262,0.15252,59847
38.747,24.53068,2.32205,0.14317,60273
38.757,24.59518,2.32147,0.15008,60440
38.767,24.63329,2.3209,0.13547,59954
38.777,24.7643,2.32032,0.1481,60466
38.787,24.79409,2.31975,0.14271,59957
38.797,24.9475,2.31917,0.14958,60507
38.807,25.06289,2.3186,0.1483,60152
38.817,25.22483,2.31802,0.13993,60252
38.827,25.40007,2.31745,0.15588,60405
38.837,25.54049,2.31687,0.14365,59943
38.847,25.76911,2.3163,0.14508,60339
38.857,25.99748,2.31573,0.14602,60052
38.867,26.19821,2.31515,0.16156,60279
38.877,26.46491,2.31458,0.14945,60244
38.887,26.72431,2.31401,0.15946,60189
38.897,27.04313,2.31344,0.16178,60102
38.907,27.46561,2.31287,0.14507,60231
38.917,27.77665,2.3123,0.14623,60094
38.927,28.17584,2.31172,0.15239,60435
38.937,28.56306,2.31115,0.17028,59750
38.947,29.04726,2.31058,0.17075,60773
38.957,29.49092,2.31001,0.17017,60165
38.967,30.0282,2.30944,0.16151,60229
38.977,30.5839,2.30887,0.16743,60315
38.987,31.16609,2.30831,0.16835,59857
38.997,31.86144,2.30774,0.15805,60809
39.007,32.44663,2.30717,0.16334,60037
39.017,33.2396,2.3066,0.18919,60123
39.027,33.91806,2.30603,0.18321,60413
39.037,34.80135,2.30546,0.19018,59934
39.047,35.59025,2.3049,0.16657,60551
39.057,36.56048,2.30433,0.19397,59960
39.067,37.54835,2.30376,0.18422,60143
39.077,38.51995,2.3032,0.19058,60193
39.087,39.67431,2.30263,0.179,60056
39.097,40.81507,2.30206,0.1979,60583
39.107,41.83885,2.3015,0.20243,60078
39.117,43.12648,2.30093,0.20644,60369
39.127,44.50845,2.30037,0.19555,60477
39.137,45.70623,2.2998,0.21132,60005
39.147,47.30445,2.29924,0.20691,60550
39.157,48.73234,2.29868,0.22818,59846
39.167,50.45967,2.29811,0.19509,60594
39.177,51.98365,2.29755,0.19351,60291
39.187,53.64365,2.29698,0.22556,60005
39.197,55.39104,2.29642,0.22257,60585
39.207,57.21536,2.29586,0.2104,60084
39.217,59.25042,2.2953,0.24221,60460
39.227,61.23304,2.29473,0.24211,60208
39.237,63.24233,2.29417,0.25865,59870
39.247,65.62422,2.29361,0.22904,60443
39.257,67.56939,2.29305,0.22468,60070
39.267,70.17785,2.29249,0.23624,60446
39.277,72.16673,2.29193,0.25142,60425
39.287,74.85265,2.29137,0.24641,60122
39.297,77.42745,2.29081,0.26917,60548
39.307,79.78497,2.29025,0.27513,59973
39.317,82.68202,2.28969,0.26045,60447
39.327,85.28907,2.28913,0.26358,60436
39.337,88.32953,2.28857,0.25957,60343
39.347,90.88536,2.28801,0.25871,60387
39.357,94.0462,2.28745,0.28115,59882
39.367,96.87129,2.2869,0.27234,60437
39.3769,100.0477,2.28634,0.29051,60578
39.3869,103.1115,2.28578,0.31133,60010
39.3969,106.576,2.28522,0.29012,60417
39.4069,109.8107,2.28467,0.3072,59970
39.4169,112.7437,2.28411,0.3,60747
39.4269,116.2855,2.28356,0.31158,60219
39.4369,119.6181,2.283,0.30917,60254
39.4469,122.8258,2.28244,0.33351,60231
39.4569,126.232,2.28189,0.29629,60159
39.4669,129.4901,2.28133,0.35601,60428
39.4769,132.6709,2.28078,0.32879,60358
39.4869,136.3757,2.28022,0.34071,60712
39.4969,139.5919,2.27967,0.32759,60513
39.5069,142.9268,2.27912,0.34172,60031
39.5169,145.8699,2.27856,0.37169,60476
39.5269,148.907,2.27801,0.31656,60080
39.5369,152.2813,2.27746,0.34027,60293
39.5469,154.9869,2.2769,0.38438,60496
39.5569,158.089,2.27635,0.34745,60377
39.5669,160.8249,2.2758,0.4043,60443
39.5769,163.5798,2.27525,0.36926,60181
39.5869,165.9761,2.27469,0.3549,60419
39.5969,168.2695,2.27414,0.38124,60404
39.6069,170.5807,2.27359,0.37648,59905
39.6169,172.2209,2.27304,0.34881,60678
39.6269,174.3102,2.27249,0.39401,60176
39.6369,175.8643,2.27194,0.38868,60616
39.6469,177.3668,2.27139,0.39533,60418
39.6569,178.74,2.27084,0.41717,60417
39.6669,179.4924,2.27029,0.36583,60724
39.6769,180.4085,2.26974,0.36941,60180
39.6869,180.9077,2.26919,0.3858,60445
39.6969,181.3,2.26864,0.38371,60435
39.7069,181.3983,2.2681,0.3937,60262
39.7169,181.2646,2.26755,0.40341,60355
39.7269,180.8484,2.267,0.38783,60397
39.7369,180.1006,2.26645,0.39943,60483
39.7469,179.2553,2.26591,0.3723,60539
39.7569,178.2458,2.26536,0.36135,60253
39.7669,176.6542,2.26481,0.37469,60493
39.7769,175.3338,2.26427,0.37881,60237
39.7869,173.4095,2.26372,0.37546,60475
39.7969,171.4016,2.26318,0.39228,60429
39.8069,169.233,2.26263,0.35019,60479
39.8169,166.4365,2.26208,0.38162,60657
39.8269,164.3987,2.26154,0.37879,60292
39.8369,161.0513,2.261,0.35619,60795
39.8469,158.7778,2.26045,0.35445,60317
39.8569,155.3734,2.25991,0.35898,60242
39.8669,152.2012,2.25936,0.3887,60461
39.8769,148.585,2.25882,0.33726,60294
39.8869,145.3856,2.25828,0.33346,60828
39.8969,141.8536,2.25773,0.33062,60472
39.9069,137.7603,2.25719,0.40079,60466
39.9169,134.4189,2.25665,0.30274,60327
39.9269,130.5066,2.25611,0.33271,60226
39.9369,126.7091,2.25556,0.30513,60750
39.9469,123.096,2.25502,0.30265,60095
39.9569,119.0776,2.25448,0.29138,60847
39.9669,115.3091,2.25394,0.31426,60713
39.9769,111.2645,2.2534,0.34001,60369
39.9869,107.7375,2.25286,0.29274,60792
39.9969,103.8331,2.25232,0.2812,60416
40.0069,100.0577,2.25178,0.33127,60419
40.0169,96.50385,2.25124,0.2659,60495
40.0269,92.97506,2.2507,0.28583,60452
40.0369,89.49564,2.25016,0.25942,60836
40.0469,86.07727,2.24962,0.29016,60245
40.0569,82.41638,2.24908,0.26863,60595
40.0669,79.07132,2.24855,0.31096,60431
40.0769,75.89586,2.24801,0.25293,60074
40.0869,73.16917,2.24747,0.22387,60576
40.0969,70.11329,2.24693,0.2331,60158
40.1069,67.03888,2.2464,0.23499,60801
40.1169,64.70667,2.24586,0.21791,60543
40.1269,61.69441,2.24532,0.25635,60083
40.1369,59.53439,2.24479,0.23147,60516
40.1469,56.97854,2.24425,0.23566,60186
40.1569,54.58722,2.24371,0.20942,60723
40.1669,52.61944,2.24318,0.21784,60330
40.1769,50.12533,2.24264,0.22608,60295
40.1869,48.65248,2.24211,0.23528,60462
40.1969,46.45035,2.24157,0.19823,59995
40.2069,44.89384,2.24104,0.21153,60317
40.2169,43.08734,2.24051,0.21249,60247
40.2269,41.38937,2.23997,0.20017,60407
40.2369,39.84403,2.23944,0.18571,60133
40.2469,38.43573,2.2389,0.1865,59856
40.2569,37.14526,2.23837,0.17055,60434
40.2669,35.93478,2.23784,0.20064,60187
40.2769,34.6439,2.23731,0.18632,60120
40.2869,33.65067,2.23677,0.16661,60217
40.2969,32.56237,2.23624,0.16398,59978
40.3069,31.62843,2.23571,0.17963,60474
40.3169,30.74722,2.23518,0.16586,60048
40.3269,29.75787,2.23465,0.1701,60296
40.3369,29.11847,2.23412,0.17227,60212
40.3468,28.22791,2.23359,0.15231,60032
40.3568,27.70465,2.23306,0.1651,60185
40.3668,26.98189,2.23253,0.1535,59721
40.3768,26.26793,2.232,0.1559,60264
40.3868,25.78096,2.23147,0.16054,60036
40.3968,25.15267,2.23094,0.1439,59796
40.4068,24.73806,2.23041,0.1557,60198
40.4168,24.21055,2.22988,0.14748,59841
40.4268,23.75161,2.22935,0.13917,60166
40.4368,23.39342,2.22882,0.13493,59815
40.4468,22.9551,2.2283,0.14302,59954
40.4568,22.65443,2.22777,0.13889,59998
40.4668,22.31446,2.22724,0.13884,59963
40.4768,21.98657,2.22671,0.13995,59943
40.4868,21.73886,2.22619,0.14565,59966
40.4968,21.4126,2.22566,0.1261,59760
40.5068,21.20202,2.22513,0.13443,60082
40.5168,20.95692,2.22461,0.12424,60004
40.5268,20.70537,2.22408,0.14006,59714
40.5368,20.52342,2.22356,0.13767,59837
40.5468,20.28263,2.22303,0.13393,59798
40.5568,20.14759,2.22251,0.12151,60202
40.5668,19.91584,2.22198,0.13457,59423
40.5768,19.73851,2.22146,0.12737,59933
40.5868,19.59174,2.22093,0.12534,59475
40.5968,19.41039,2.22041,0.11656,59775
40.6068,19.3063,2.21988,0.12626,59778
40.6168,19.14548,2.21936,0.13079,59924
40.6268,19.01355,2.21884,0.13088,59771
40.6368,18.90752,2.21832,0.11608,59571
40.6468,18.75217,2.21779,0.1257,59990
40.6568,18.66839,2.21727,0.12165,59845
40.6668,18.5342,2.21675,0.1237,59354
40.6768,18.446,2.21623,0.11689,59973
40.6868,18.35449,2.2157,0.12845,59703
40.6968,18.2235,2.21518,0.12233,59453
40.7068,18.15612,2.21466,0.11701,59947
40.7168,18.03488,2.21414,0.12038,59422
40.7268,17.97357,2.21362,0.122,59762
40.7368,17.87224,2.2131,0.12473,59387
40.7468,17.76862,2.21258,0.12627,59420
40.7568,17.71794,2.21206,0.10975,59660
40.7668,17.61822,2.21154,0.11628,59496
40.7768,17.55715,2.21102,0.11567,59700
40.7868,17.46952,2.2105,0.12047,59333
40.7968,17.40253,2.20998,0.11344,59588
40.8068,17.33687,2.20947,0.12077,59385
40.8168,17.24903,2.20895,0.11766,59450
40.8268,17.19791,2.20843,0.12126,59934
40.8368,17.12694,2.20791,0.12773,59488
40.8468,17.06372,2.2074,0.10857,59699
40.8568,16.99919,2.20688,0.11193,59297
40.8668,16.90871,2.20636,0.11343,58954
40.8768,16.88538,2.20584,0.11767,59388
40.8868,16.79944,2.20533,0.12443,59545
40.8968,16.75787,2.20481,0.12645,59659
40.9068,16.668,2.2043,0.10522,59306
40.9168,16.60094,2.20378,0.12265,59133
40.9268,16.58371,2.20327,0.10548,59370
40.9368,16.49521,2.20275,0.11339,59035
40.9468,16.45076,2.20224,0.11485,59503
40.9568,16.40329,2.20172,0.11303,59415
40.9668,16.3487,2.20121,0.11705,59456
40.9768,16.29318,2.20069,0.12001,59506
40.9868,16.23669,2.20018,0.10761,59098
40.9968,16.17615,2.19967,0.11491,59407
41.0068,16.12605,2.19915,0.11949,59062
41.0168,16.07931,2.19864,0.1057,59457
41.0268,16.03887,2.19813,0.11704,59468
41.0368,15.96374,2.19761,0.11476,59016
41.0468,15.92594,2.1971,0.11255,59432
41.0568,15.86169,2.19659,0.1102,59150
41.0668,15.81122,2.19608,0.11704,59056
41.0768,15.77771,2.19557,0.10506,59361
41.0868,15.70336,2.19505,0.11853,58851
41.0968,15.68818,2.19454,0.11291,59444
41.1068,15.61508,2.19403,0.1069,58983
41.1168,15.5688,2.19352,0.10238,59316
41.1268,15.52458,2.19301,0.11407,59090
41.1368,15.46746,2.1925,0.11376,58878
41.1468,15.45656,2.19199,0.11244,59416
41.1568,15.4037,2.19148,0.11414,59033
41.1668,15.33097,2.19097,0.11264,59506
41.1768,15.30609,2.19047,0.10785,59021
41.1868,15.24014,2.18996,0.10481,58954
41.1968,15.21438,2.18945,0.10919,58952
41.2068,15.19383,2.18894,0.11177,59182
41.2168,15.12655,2.18843,0.10974,59191
41.2268,15.09353,2.18792,0.11148,59327
41.2368,15.03453,2.18742,0.10905,58697
41.2468,15.01313,2.18691,0.11629,59234
41.2568,14.97118,2.1864,0.10394,58606
41.2668,14.94509,2.1859,0.10207,59183
41.2768,14.90914,2.18539,0.10684,58948
41.2868,14.85599,2.18488,0.10905,58705
41.2968,14.84311,2.18438,0.11357,59195
41.3068,14.78281,2.18387,0.11024,58548
41.3167,14.7716,2.18337,0.10313,59035
41.3267,14.72658,2.18286,0.11539,58803
41.3367,14.70651,2.18236,0.10591,59091
41.3467,14.66649,2.18185,0.10342,58762
41.3567,14.63547,2.18135,0.11081,58768
41.3667,14.59097,2.18084,0.109,58501
41.3767,14.55393,2.18034,0.10504,58736
41.3867,14.52096,2.17984,0.10899,58599
41.3967,14.51456,2.17933,0.10358,59042
41.4067,14.45915,2.17883,0.11557,58212
41.4167,14.43269,2.17833,0.10567,58526
41.4267,14.37932,2.17782,0.10193,58350
41.4367,14.34885,2.17732,0.10517,58621
41.4467,14.32947,2.17682,0.109,58566
41.4567,14.29296,2.17632,0.10652,58379
41.4667,14.27034,2.17582,0.09766,58520
41.4767,14.22988,2.17531,0.10723,58038
41.4867,14.17882,2.17481,0.11065,58695
41.4967,14.16087,2.17431,0.11197,58504
41.5067,14.12491,2.17381,0.10902,58196
41.5167,14.12143,2.17331,0.10183,58650
41.5267,14.06707,2.17281,0.10019,58125
41.5367,14.03704,2.17231,0.10573,58191
41.5467,14.01027,2.17181,0.10906,58203
41.5567,13.97905,2.17131,0.10164,58208
41.5667,13.95785,2.17081,0.11427,58218
41.5767,13.92893,2.17031,0.1064,57980
41.5867,13.89327,2.16981,0.10647,57999
41.5967,13.88639,2.16932,0.09447,58188
41.6067,13.83839,2.16882,0.10775,57695
41.6167,13.83832,2.16832,0.10023,58275
41.6267,13.79992,2.16782,0.10575,57821
41.6367,13.78201,2.16732,0.10257,58195
41.6467,13.75282,2.16683,0.11344,57933
41.6567,13.7316,2.16633,0.10542,57921
41.6667,13.7303,2.16583,0.10301,58006
41.6767,13.68806,2.16534,0.10103,57944
41.6867,13.67106,2.16484,0.10508,58059
41.6967,13.64474,2.16434,0.09999,57796
41.7067,13.61372,2.16385,0.10733,57595
41.7167,13.61996,2.16335,0.10921,57961
41.7267,13.57123,2.16286,0.09723,57529
41.7367,13.5427,2.16236,0.10567,57801
41.7467,13.51345,2.16187,0.10447,57608
41.7567,13.49644,2.16137,0.10255,57535
41.7667,13.47708,2.16088,0.10588,57680
41.7767,13.45839,2.16039,0.10134,57395
41.7867,13.42737,2.15989,0.09682,57561
41.7967,13.39277,2.1594,0.10824,57618
41.8067,13.38485,2.1589,0.10443,57689
41.8167,13.34914,2.15841,0.10181,57483
41.8267,13.33502,2.15792,0.09889,57594
41.8367,13.31238,2.15743,0.10766,57545
41.8467,13.27931,2.15693,0.10861,57354
41.8567,13.25723,2.15644,0.10126,57399
41.8667,13.26767,2.15595,0.09773,57632
41.8767,13.21199,2.15546,0.10116,56955
41.8867,13.21787,2.15497,0.10397,57623
41.8967,13.16963,2.15447,0.1008,57121
41.9067,13.15043,2.15398,0.10506,57150
41.9167,13.12901,2.15349,0.10945,57396
41.9267,13.10228,2.153,0.10159,56858
41.9367,13.09609,2.15251,0.09497,57544
41.9467,13.06124,2.15202,0.09607,57048
41.9567,13.04917,2.15153,0.10791,57152
41.9667,13.02287,2.15104,0.09991,56983
41.9767,13.00734,2.15055,0.10147,57111
41.9867,12.98571,2.15007,0.10174,57518
41.9967,12.97032,2.14958,0.10208,57045
42.0067,12.93829,2.14909,0.10692,57030
42.0167,12.9371,2.1486,0.09933,57040
42.0267,12.89058,2.14811,0.09666,56780
42.0367,12.89486,2.14762,0.09926,57453
42.0467,12.85403,2.14714,0.10362,56721
42.0567,12.84191,2.14665,0.10116,57032
42.0667,12.81574,2.14616,0.10209,56654
42.0767,12.79453,2.14567,0.09853,56714
42.0867,12.7758,2.14519,0.10175,57003
42.0967,12.74283,2.1447,0.0994,56602
42.1067,12.72849,2.14422,0.09654,56849
42.1167,12.70534,2.14373,0.09998,56513
42.1267,12.68618,2.14324,0.10096,56616
42.1367,12.67363,2.14276,0.09531,56893
42.1467,12.65005,2.14227,0.10256,56810
42.1567,12.61426,2.14179,0.10176,56701
42.1667,12.61392,2.1413,0.10256,56583
42.1767,12.57337,2.14082,0.10633,56496
42.1867,12.56166,2.14033,0.09641,56848
42.1967,12.55825,2.13985,0.0961,56424
42.2067,12.53166,2.13937,0.09896,56903
42.2167,12.49222,2.13888,0.10315,56117
42.2267,12.4793,2.1384,0.09739,56807
42.2367,12.46286,2.13792,0.0968,56208
42.2467,12.46533,2.13743,0.10484,56515
42.2567,12.42887,2.13695,0.10422,56340
42.2667,12.41909,2.13647,0.09546,56269
42.2767,12.3906,2.13599,0.09538,56450
42.2866,12.38383,2.1355,0.09554,56231
42.2966,12.37385,2.13502,0.1009,56263
42.3066,12.37341,2.13454,0.09474,56394
42.3166,12.33552,2.13406,0.10425,56404
42.3266,12.30715,2.13358,0.10814,56220
42.3366,12.32698,2.1331,0.09705,56297
42.3466,12.29041,2.13262,0.09861,56000
42.3566,12.30733,2.13214,0.09655,56523
42.3666,12.26413,2.13166,0.10026,56093
42.3766,12.23689,2.13118,0.09365,56123
42.3866,12.23231,2.1307,0.09879,56012
42.3966,12.22188,2.13022,0.10553,55877
42.4066,12.23103,2.12974,0.09241,56386
42.4166,12.17742,2.12926,0.10377,55891
42.4266,12.17255,2.12878,0.09988,55916
42.4366,12.15763,2.1283,0.09083,55832
42.4466,12.1528,2.12783,0.09835,55814
42.4566,12.14045,2.12735,0.09557,56313
42.4666,12.11595,2.12687,0.09712,55730
42.4766,12.11133,2.12639,0.10317,55782
42.4866,12.07948,2.12591,0.09584,55733
42.4966,12.0691,2.12544,0.098,55828
42.5066,12.06609,2.12496,0.09857,56304
42.5166,12.03822,2.12448,0.09847,55656
42.5266,12.02247,2.12401,0.09991,55864
42.5366,11.99591,2.12353,0.09234,55656
42.5466,11.9842,2.12306,0.09674,55828
42.5566,11.97339,2.12258,0.09654,55973
42.5666,11.9509,2.1221,0.10488,55368
42.5766,11.94615,2.12163,0.09673,55714
42.5866,11.89441,2.12115,0.09798,55431
42.5966,11.89165,2.12068,0.10323,55737
42.6066,11.89042,2.1202,0.08815,55709
42.6166,11.86816,2.11973,0.09509,55483
42.6266,11.85173,2.11926,0.09711,55391
42.6366,11.84031,2.11878,0.09558,55714
42.6466,11.80237,2.11831,0.09774,55679
42.6566,11.80689,2.11784,0.0999,55721
42.6666,11.78783,2.11736,0.09477,55365
42.6766,11.77209,2.11689,0.10553,55688
42.6866,11.75718,2.11642,0.10015,55585
42.6966,11.74286,2.11594,0.08537,55824
42.7066,11.73568,2.11547,0.09989,55463
42.7166,11.696,2.115,0.09565,55196
42.7266,11.69496,2.11453,0.10033,55654
42.7366,11.68614,2.11406,0.0963,55475
42.7466,11.66145,2.11359,0.09406,55645
42.7566,11.65674,2.11311,0.09996,55319
42.7666,11.62049,2.11264,0.09976,55280
42.7766,11.63156,2.11217,0.09135,55620
42.7866,11.6156,2.1117,0.09181,55264
42.7966,11.59524,2.11123,0.09274,55420
42.8066,11.58439,2.11076,0.09604,55674
42.8166,11.56077,2.11029,0.0975,55354
42.8266,11.56978,2.10982,0.09942,55677
42.8366,11.54701,2.10935,0.09398,55222
42.8466,11.54135,2.10888,0.10301,55550
42.8566,11.50643,2.10842,0.09486,55629
42.8666,11.50681,2.10795,0.08841,55407
42.8766,11.50382,2.10748,0.0932,55499
42.8866,11.47769,2.10701,0.10028,55032
42.8966,11.4695,2.10654,0.09374,55480
42.9066,11.43941,2.10607,0.09265,55413
42.9166,11.45166,2.10561,0.10498,55525
42.9266,11.42895,2.10514,0.09967,55099
42.9366,11.39117,2.10467,0.0969,55103
42.9466,11.40073,2.10421,0.0835,55377
42.9566,11.37918,2.10374,0.09249,55612
42.9666,11.38147,2.10327,0.09469,55296
42.9766,11.36253,2.10281,0.10383,55464
42.9866,11.32051,2.10234,0.09159,55103
42.9966,11.34329,2.10187,0.0957,55447
43.0066,11.32861,2.10141,0.10091,55495
43.0166,11.30886,2.10094,0.09191,55469
43.0266,11.29215,2.10048,0.0935,55562
43.0366,11.26474,2.10001,0.09156,55131
43.0466,11.28901,2.09955,0.09472,55358
43.0566,11.25109,2.09908,0.09005,55307
43.0666,11.23265,2.09862,0.09609,55542
43.0766,11.22559,2.09816,0.10013,55278
43.0866,11.21015,2.09769,0.09688,54946
43.0966,11.21216,2.09723,0.09564,55211
43.1066,11.17841,2.09677,0.08665,55624
43.1166,11.16029,2.0963,0.09037,55263
43.1266,11.15835,2.09584,0.09424,55197
43.1366,11.13233,2.09538,0.09653,54842
43.1466,11.15629,2.09491,0.09209,55841
43.1566,11.12268,2.09445,0.09323,55325
43.1666,11.10272,2.09399,0.09955,55234
43.1766,11.10074,2.09353,0.09351,55090
43.1866,11.0955,2.09307,0.09659,55288
43.1966,11.08157,2.09261,0.08575,55761
43.2066,11.06518,2.09214,0.09403,55093
43.2166,11.04441,2.09168,0.087,55052
43.2266,11.02931,2.09122,0.09851,54947
43.2366,11.04234,2.09076,0.10038,55281
43.2466,11.02409,2.0903,0.09688,55195
43.2565,10.98395,2.08984,0.08946,55071
43.2665,10.97117,2.08938,0.09601,54847
43.2765,10.98732,2.08892,0.08929,55267
43.2865,10.96348,2.08846,0.08929,55103
43.2965,10.9578,2.088,0.09344,55208
43.3065,10.90615,2.08755,0.09142,54862
43.3165,10.93749,2.08709,0.09432,55262
43.3265,10.90638,2.08663,0.09692,55088
43.3365,10.92039,2.08617,0.09259,55048
43.3465,10.85974,2.08571,0.09558,55368
43.3565,10.861,2.08525,0.09046,54780
43.3665,10.8727,2.0848,0.08617,55577
43.3765,10.86372,2.08434,0.09069,54875
43.3865,10.81742,2.08388,0.09881,55090
43.3965,10.8156,2.08342,0.09403,55028
43.4065,10.80357,2.08297,0.09607,54893
43.4165,10.82561,2.08251,0.09044,55098
43.4265,10.76543,2.08206,0.09339,54918
43.4365,10.76639,2.0816,0.09444,54895
43.4465,10.76747,2.08114,0.08551,55149
43.4565,10.75101,2.08069,0.08851,54600
43.4665,10.74751,2.08023,0.09345,55383
43.4765,10.7233,2.07978,0.09605,54753
43.4865,10.71237,2.07932,0.09277,55146
43.4965,10.71937,2.07887,0.0931,54993
43.5065,10.693,2.07841,0.09239,55009
43.5165,10.70052,2.07796,0.08943,55116
43.5265,10.6809,2.0775,0.09263,54735
43.5365,10.67242,2.07705,0.08903,55271
43.5465,10.66712,2.0766,0.09044,55157
43.5565,10.65051,2.07614,0.0918,54404
43.5665,10.65253,2.07569,0.09508,54993
43.5765,10.64353,2.07524,0.09134,54813
43.5865,10.61252,2.07478,0.10016,54939
43.5965,10.63645,2.07433,0.08879,54993
43.6065,10.6052,2.07388,0.08572,54415
43.6165,10.62751,2.07343,0.08917,55056
43.6265,10.58079,2.07297,0.08881,54737
43.6365,10.60368,2.07252,0.09467,54976
43.6465,10.59369,2.07207,0.09766,54747
43.6565,10.57496,2.07162,0.09005,54569
43.6665,10.56276,2.07117,0.08897,55296
43.6765,10.5596,2.07072,0.095,54526
43.6865,10.57427,2.07027,0.08472,54927
43.6965,10.54223,2.06982,0.09647,54795
43.7065,10.53467,2.06937,0.08479,54725
43.7165,10.52491,2.06892,0.09523,54665
43.7265,10.52066,2.06847,0.09197,54421
43.7365,10.50916,2.06802,0.09649,54939
43.7465,10.51494,2.06757,0.09305,54596
43.7565,10.47903,2.06712,0.08578,54616
43.7665,10.49485,2.06667,0.08632,54760
43.7765,10.45407,2.06622,0.09623,54339
43.7865,10.48469,2.06577,0.0872,54876
43.7965,10.45421,2.06532,0.0911,54357
43.8065,10.44773,2.06487,0.0905,54721
43.8165,10.43339,2.06443,0.09209,54729
43.8265,10.43951,2.06398,0.08666,54493
43.8365,10.43529,2.06353,0.09809,54538
43.8465,10.39269,2.06308,0.08843,54864
43.8565,10.40805,2.06264,0.09415,54838
43.8665,10.40966,2.06219,0.0824,54681
43.8765,10.38361,2.06174,0.10168,54254
43.8865,10.35929,2.0613,0.08565,54723
43.8965,10.3586,2.06085,0.09913,54506
43.9065,10.36966,2.0604,0.08836,54689
43.9165,10.34583,2.05996,0.08944,54572
43.9265,10.31665,2.05951,0.0865,54311
43.9365,10.33136,2.05907,0.09612,54852
43.9465,10.3079,2.05862,0.08838,54378
43.9565,10.30187,2.05818,0.08617,54712
43.9665,10.29536,2.05773,0.08869,54213
43.9765,10.27673,2.05729,0.09298,54807
43.9865,10.29438,2.05684,0.0936,54635
43.9965,10.25334,2.0564,0.08785,54491
44.0065,10.2546,2.05595,0.08918,54624
44.0165,10.26888,2.05551,0.08731,54832
44.0265,10.22909,2.05507,0.0885,54403
44.0365,10.22909,2.05462,0.09425,54970
44.0465,10.21826,2.05418,0.09051,53991
44.0565,10.23844,2.05374,0.08926,54814
44.0665,10.18152,2.05329,0.08977,54629
44.0765,10.18246,2.05285,0.08999,54398
44.0865,10.1999,2.05241,0.08413,54416
44.0965,10.19465,2.05197,0.08998,54301
44.1065,10.14506,2.05152,0.0946,54943
44.1165,10.16576,2.05108,0.09186,54305
44.1265,10.1461,2.05064,0.08499,54141
44.1365,10.1668,2.0502,0.09188,54903
44.1465,10.12156,2.04976,0.08891,54404
44.1565,10.13074,2.04932,0.0834,54751
44.1665,10.12882,2.04888,0.08788,54235
44.1765,10.11897,2.04844,0.09047,54748
44.1865,10.09691,2.04799,0.09182,54850
44.1965,10.08477,2.04755,0.09655,54201
44.2065,10.08719,2.04711,0.08709,54662
44.2165,10.08267,2.04668,0.08312,54590
44.2264,10.05586,2.04624,0.09099,54376
44.2364,10.04741,2.0458,0.09068,54356
44.2464,10.02974,2.04536,0.08494,54555
44.2564,10.04982,2.04492,0.0902,54736
44.2664,10.02022,2.04448,0.09468,54353
44.2764,9.99462,2.04404,0.09332,54126
44.2864,9.99198,2.0436,0.07785,54809
44.2964,10.00405,2.04316,0.09414,54123
44.3064,9.99716,2.04273,0.09053,54550
44.3164,9.94127,2.04229,0.08264,54568
44.3264,9.97349,2.04185,0.08771,54579
44.3364,9.96785,2.04141,0.08826,54563
44.3464,9.93698,2.04098,0.09606,54312
44.3564,9.94205,2.04054,0.08935,54893
44.3664,9.92429,2.0401,0.08515,54344
44.3764,9.9391,2.03967,0.09217,54487
44.3864,9.90353,2.03923,0.08937,54475
44.3964,9.8877,2.03879,0.08485,54247
44.4064,9.90169,2.03836,0.08504,54749
44.4164,9.88242,2.03792,0.08626,54310
44.4264,9.88866,2.03749,0.09057,54381
44.4364,9.86134,2.03705,0.08958,54533
44.4464,9.86078,2.03662,0.09541,54046
44.4564,9.85163,2.03618,0.08497,54717
44.4664,9.84233,2.03575,0.08897,54154
44.4764,9.83917,2.03531,0.07669,54711
44.4864,9.82222,2.03488,0.08855,54738
44.4964,9.82093,2.03445,0.09318,54092
44.5064,9.83288,2.03401,0.08939,54724
44.5164,9.77858,2.03358,0.08679,54144
44.5264,9.80411,2.03314,0.09666,54861
44.5364,9.79539,2.03271,0.08588,54377
44.5464,9.78964,2.03228,0.08767,54218
44.5564,9.74416,2.03185,0.07847,54725
44.5664,9.76378,2.03141,0.08291,54164
44.5764,9.76614,2.03098,0.09397,54659
44.5864,9.73971,2.03055,0.09588,54435
44.5964,9.71691,2.03012,0.08765,54173
44.6064,9.73466,2.02968,0.09247,54524
44.6164,9.70055,2.02925,0.08737,54098
44.6264,9.72331,2.02882,0.0787,54611
44.6364,9.68374,2.02839,0.08004,54470
44.6464,9.70046,2.02796,0.09198,54288
44.6564,9.68726,2.02753,0.08907,54683
44.6664,9.66467,2.0271,0.0899,53902
44.6764,9.67434,2.02667,0.08334,54806
44.6864,9.66157,2.02624,0.09196,54616
44.6964,9.64994,2.02581,0.08885,54331
44.7064,9.65118,2.02538,0.08343,54522
44.7164,9.61783,2.02495,0.08395,54201
44.7264,9.63258,2.02452,0.08669,54716
44.7364,9.63565,2.02409,0.08284,54158
44.7464,9.60035,2.02366,0.09483,53921
44.7564,9.61149,2.02323,0.08359,54940
44.7664,9.58934,2.0228,0.09448,54092
44.7764,9.60197,2.02237,0.08864,54128
44.7864,9.56311,2.02194,0.08525,54355
44.7964,9.58596,2.02152,0.07709,54462
44.8064,9.58782,2.02109,0.09198,54172
44.8164,9.54742,2.02066,0.08629,53875
44.8264,9.57279,2.02023,0.07967,54791
44.8364,9.5665,2.01981,0.0929,54152
44.8464,9.54192,2.01938,0.09492,54107
44.8564,9.54666,2.01895,0.09003,54247
44.8664,9.5459,2.01853,0.08358,54391
44.8764,9.55047,2.0181,0.07893,54305
44.8864,9.515,2.01767,0.08345,53921
44.8964,9.54202,2.01725,0.0868,54211
44.9064,9.52374,2.01682,0.09085,54141
44.9164,9.50144,2.01639,0.09353,54137
44.9264,9.50852,2.01597,0.08454,53899
44.9364,9.53397,2.01554,0.09058,54332
44.9464,9.48079,2.01512,0.0816,53968
44.9564,9.49952,2.01469,0.08265,54096
44.9664,9.51115,2.01427,0.08072,53762
44.9764,9.49266,2.01384,0.08652,54547
44.9864,9.46689,2.01342,0.09501,53536
44.9964,9.50086,2.013,0.08609,54208
45.0064,9.48992,2.01257,0.09133,54060
45.0164,9.45389,2.01215,0.08212,53998
45.0264,9.4771,2.01172,0.08005,54092
45.0364,9.47402,2.0113,0.09015,53912
45.0464,9.46223,2.01088,0.08454,54085
45.0564,9.43439,2.01045,0.09055,54038
45.0664,9.44957,2.01003,0.08668,53440
45.0764,9.44505,2.00961,0.08624,54319
45.0864,9.41431,2.00919,0.07958,53697
45.0964,9.43633,2.00876,0.0933,53946
45.1064,9.42033,2.00834,0.08692,53901
45.1164,9.40561,2.00792,0.08578,53624
45.1264,9.39801,2.0075,0.08258,53848
45.1364,9.39323,2.00708,0.08642,53776
45.1464,9.40527,2.00666,0.08295,53986
45.1564,9.38915,2.00623,0.08585,53688
45.1664,9.36019,2.00581,0.08827,53784
45.1764,9.39575,2.00539,0.08648,54190
45.1864,9.3675,2.00497,0.08273,53226
45.1963,9.34971,2.00455,0.0926,54229
45.2063,9.35248,2.00413,0.08535,53690
45.2163,9.37177,2.00371,0.08156,53758
45.2263,9.32116,2.00329,0.08139,53595
45.2363,9.32581,2.00287,0.08788,53688
45.2463,9.3512,2.00245,0.09007,53785
45.2563,9.32272,2.00203,0.09005,53783
45.2663,9.30938,2.00162,0.08428,53545
45.2763,9.31528,2.0012,0.08183,53581
45.2863,9.30066,2.00078,0.08515,53246
45.2963,9.31435,2.00036,0.08718,53946
45.3063,9.28556,1.99994,0.08239,53530
45.3163,9.29176,1.99952,0.09063,53501
45.3263,9.29491,1.99911,0.08368,53714
45.3363,9.28094,1.99869,0.0879,53379
45.3463,9.27526,1.99827,0.07691,53762
45.3563,9.28457,1.99785,0.08857,53837
45.3663,9.28072,1.99744,0.09285,53300
45.3763,9.24787,1.99702,0.08042,53761
45.3863,9.2547,1.9966,0.08554,53299
45.3963,9.27482,1.99619,0.08903,53494
45.4063,9.23748,1.99577,0.08421,53425
45.4163,9.23898,1.99535,0.07947,53502
45.4263,9.2541,1.99494,0.0842,53614
45.4363,9.2394,1.99452,0.08634,53202
45.4463,9.20014,1.99411,0.09227,53358
45.4563,9.23653,1.99369,0.09011,53410
45.4663,9.22271,1.99328,0.07887,53414
45.4763,9.21394,1.99286,0.08197,53362
45.4863,9.19961,1.99245,0.08168,53120
45.4963,9.2209,1.99203,0.08535,53828
45.5063,9.19747,1.99162,0.08588,53076
45.5163,9.1958,1.9912,0.08804,53381
45.5263,9.19159,1.99079,0.08867,53771
45.5363,9.18147,1.99037,0.08798,53055
45.5463,9.18115,1.98996,0.07837,53373
45.5563,9.16871,1.98955,0.08522,53534
45.5663,9.16684,1.98913,0.08529,53149
45.5763,9.17951,1.98872,0.08074,52971
45.5863,9.12591,1.98831,0.09364,53490
45.5963,9.16188,1.98789,0.08771,53459
45.6063,9.14261,1.98748,0.08202,52816
45.6163,9.12258,1.98707,0.0862,53453
45.6263,9.12685,1.98666,0.08234,53199
45.6363,9.13213,1.98625,0.08255,52629
45.6463,9.11619,1.98583,0.08687,53519
45.6563,9.09855,1.98542,0.08318,53148
45.6663,9.11345,1.98501,0.0852,53041
45.6763,9.09565,1.9846,0.08204,53171
45.6863,9.0868,1.98419,0.08857,53355
45.6963,9.0993,1.98378,0.08534,53323
45.7063,9.06742,1.98337,0.08727,52782
45.7163,9.09746,1.98296,0.08273,53539
45.7263,9.04861,1.98255,0.08317,53003
45.7363,9.05891,1.98214,0.07952,52730
45.7463,9.08558,1.98173,0.08239,53237
45.7563,9.02969,1.98132,0.09184,53124
45.7663,9.04007,1.98091,0.08482,52856
45.7763,9.07557,1.9805,0.08974,53201
45.7863,9.00057,1.98009,0.08633,52762
45.7963,9.03772,1.97968,0.07934,53073
45.8063,9.04471,1.97927,0.07738,52899
45.8163,9.01487,1.97886,0.08017,53194
45.8263,9.01483,1.97845,0.0881,52875
45.8363,9.02651,1.97804,0.08388,52638
45.8463,9.02498,1.97764,0.09829,53403
45.8563,8.98177,1.97723,0.08339,52680
45.8663,9.03274,1.97682,0.08378,53122
45.8763,9.0023,1.97641,0.0767,53061
45.8863,8.98483,1.976,0.08208,52675
45.8963,8.9971,1.9756,0.08207,53160
45.9063,8.99533,1.97519,0.09002,52783
45.9163,8.98159,1.97478,0.08946,52683
45.9263,8.97768,1.97438,0.0871,53043
45.9363,8.98575,1.97397,0.07899,52708
45.9463,8.97935,1.97356,0.0849,52660
45.9563,8.95591,1.97316,0.08394,52881
45.9663,8.97681,1.97275,0.08439,52825
45.9763,8.97659,1.97235,0.07922,52440
45.9863,8.93749,1.97194,0.08886,53141
45.9963,8.96379,1.97154,0.08685,52775
46.0063,8.9573,1.97113,0.08016,52532
46.0163,8.94404,1.97072,0.08412,53044
46.0263,8.94784,1.97032,0.08424,52840
46.0363,8.93624,1.96992,0.0873,52488
46.0463,8.93681,1.96951,0.07935,53216
46.0563,8.92886,1.96911,0.08565,52278
46.0663,8.9236,1.9687,0.08186,52721
46.0763,8.92183,1.9683,0.0824,52740
46.0863,8.9179,1.96789,0.0854,52483
46.0963,8.92179,1.96749,0.08512,52953
46.1063,8.91839,1.96709,0.09006,52398
46.1163,8.88186,1.96668,0.08191,52675
46.1263,8.90493,1.96628,0.08509,52565
46.1363,8.91106,1.96588,0.07622,52285
46.1463,8.86966,1.96548,0.08314,53028
46.1563,8.90214,1.96507,0.0871,52495
46.1662,8.90695,1.96467,0.08235,52268
46.1762,8.84738,1.96427,0.08956,52737
46.1862,8.89551,1.96387,0.08274,52693
46.1962,8.87698,1.96347,0.08322,52543
46.2062,8.85495,1.96306,0.08154,52651
46.2162,8.88935,1.96266,0.08094,52638
46.2262,8.85298,1.96226,0.08526,52326
46.2362,8.8425,1.96186,0.08817,52331
46.2462,8.88721,1.96146,0.08327,52718
46.2562,8.83107,1.96106,0.08181,52415
46.2662,8.84446,1.96066,0.08234,52468
46.2762,8.85003,1.96026,0.08376,52618
46.2862,8.82716,1.95986,0.08276,52203
46.2962,8.83408,1.95946,0.08827,52265
46.3062,8.83126,1.95906,0.08246,52634
46.3162,8.83301,1.95866,0.08494,52378
46.3262,8.82376,1.95826,0.0782,52135
46.3362,8.81292,1.95786,0.07981,52776
46.3462,8.82496,1.95746,0.08331,52233
46.3562,8.80508,1.95706,0.09226,52435
46.3662,8.81184,1.95666,0.08395,52574
46.3762,8.80381,1.95626,0.08062,51976
46.3862,8.80328,1.95586,0.09109,52640
46.3962,8.79688,1.95547,0.07531,52403
46.4062,8.77689,1.95507,0.07837,51912
46.4162,8.80002,1.95467,0.08451,52548
46.4262,8.76517,1.95427,0.08814,52278
46.4362,8.76305,1.95388,0.08954,52207
46.4462,8.79338,1.95348,0.08537,52354
46.4562,8.75768,1.95308,0.08419,52025
46.4662,8.74949,1.95268,0.07766,52337
46.4762,8.78199,1.95229,0.0786,52084
46.4862,8.72833,1.95189,0.08002,52278
46.4962,8.756,1.95149,0.08436,52299
46.5062,8.76554,1.9511,0.09667,52113
46.5162,8.7126,1.9507,0.08195,52477
46.5262,8.73614,1.95031,0.07702,51980
46.5362,8.75939,1.94991,0.09161,52328
46.5462,8.70254,1.94951,0.07505,52359
46.5562,8.73467,1.94912,0.08524,51928
46.5662,8.71704,1.94872,0.08019,52281
46.5762,8.69497,1.94833,0.09282,52041
46.5862,8.7159,1.94793,0.08761,52048
46.5962,8.71088,1.94754,0.07458,52207
46.6062,8.69556,1.94714,0.0871,52251
46.6162,8.68219,1.94675,0.09019,51888
46.6262,8.69914,1.94636,0.08096,51830
46.6362,8.67176,1.94596,0.0781,52143
46.6462,8.6784,1.94557,0.08639,52195
46.6562,8.6781,1.94517,0.07879,51667
46.6662,8.65337,1.94478,0.08111,52416
46.6762,8.67844,1.94439,0.08433,52033
46.6862,8.67647,1.94399,0.08511,51845
46.6962,8.63061,1.9436,0.0841,52335
46.7062,8.67033,1.94321,0.08686,51914
46.7162,8.63802,1.94282,0.07527,52329
46.7262,8.63535,1.94242,0.07838,51683
46.7362,8.6452,1.94203,0.08917,51727
46.7462,8.62714,1.94164,0.08117,52339
46.7562,8.63213,1.94125,0.08716,51762
46.7662,8.6299,1.94086,0.08071,52072
46.7762,8.61309,1.94046,0.08898,51802
46.7862,8.61782,1.94007,0.07885,51853
46.7962,8.61493,1.93968,0.08075,51979
46.8062,8.60748,1.93929,0.07898,51688
46.8162,8.60805,1.9389,0.08938,51927
46.8262,8.61812,1.93851,0.07934,51982
46.8362,8.58428,1.93812,0.09192,51706
46.8462,8.61321,1.93773,0.07657,52239
46.8562,8.61103,1.93734,0.08214,51535
46.8662,8.5693,1.93695,0.08402,52125
46.8762,8.61198,1.93656,0.07931,52047
46.8862,8.58877,1.93617,0.0852,51509
46.8962,8.57531,1.93578,0.08305,51855
46.9062,8.59899,1.93539,0.08881,51708
46.9162,8.56728,1.935,0.07457,51803
46.9262,8.59007,1.93461,0.07963,52041
46.9362,8.57135,1.93422,0.09217,51490
46.9462,8.56304,1.93383,0.08303,51726
46.9562,8.58913,1.93344,0.08564,51847
46.9662,8.54894,1.93306,0.08167,51498
46.9762,8.57614,1.93267,0.08034,51825
46.9862,8.54225,1.93228,0.07455,51706
46.9962,8.56672,1.93189,0.0815,51470
47.0062,8.54867,1.9315,0.08345,51923
47.0162,8.56459,1.93112,0.08967,51828
47.0262,8.55953,1.93073,0.08524,51279
47.0362,8.53188,1.93034,0.08554,52249
47.0462,8.54827,1.92996,0.07518,51490
47.0562,8.54868,1.92957,0.08277,51816
47.0662,8.52318,1.92918,0.07829,51631
47.0762,8.5309,1.9288,0.08437,51082
47.0862,8.53287,1.92841,0.0866,52225
47.0962,8.51884,1.92802,0.09341,51156
47.1062,8.53269,1.92764,0.07499,51998
47.1162,8.51091,1.92725,0.08051,51477
47.1262,8.50171,1.92687,0.0886,51393
47.1361,8.53158,1.92648,0.07702,51541
47.1461,8.50148,1.9261,0.08031,51330
47.1561,8.50032,1.92571,0.08229,51744
47.1661,8.52942,1.92533,0.0925,51575
47.1761,8.46781,1.92494,0.075,51694
47.1861,8.50964,1.92456,0.08085,51434
47.1961,8.48848,1.92417,0.08602,51709
47.2061,8.49533,1.92379,0.08064,51676
47.2161,8.51047,1.9234,0.08465,51402
47.2261,8.45219,1.92302,0.08032,51405
47.2361,8.49331,1.92264,0.08468,51287
47.2461,8.47843,1.92225,0.0818,51528
47.2561,8.47437,1.92187,0.07662,51721
47.2661,8.47062,1.92149,0.0855,51385
47.2761,8.47815,1.9211,0.08371,51574
47.2861,8.45563,1.92072,0.08823,50947
47.2961,8.45621,1.92034,0.08415,51387
47.3061,8.46745,1.91995,0.0728,51562
47.3161,8.45324,1.91957,0.08123,51519
47.3261,8.46149,1.91919,0.08359,51132
47.3361,8.44434,1.91881,0.07923,51564
47.3461,8.46336,1.91843,0.08971,51462
47.3561,8.47221,1.91804,0.08713,51266
47.3661,8.42944,1.91766,0.08116,51669
47.3761,8.46124,1.91728,0.07612,51075
47.3861,8.43522,1.9169,0.07951,51629
47.3961,8.44237,1.91652,0.07989,51054
47.4061,8.44841,1.91614,0.08689,51480
47.4161,8.42608,1.91576,0.08677,51096
47.4261,8.45112,1.91538,0.08115,51650
47.4361,8.44439,1.915,0.07804,51079
47.4461,8.42912,1.91462,0.08717,51213
47.4561,8.42612,1.91424,0.07938,51434
47.4661,8.42522,1.91386,0.08033,50936
47.4761,8.42375,1.91348,0.08167,51485
47.4861,8.43897,1.9131,0.08995,50995
47.4961,8.40536,1.91272,0.07455,51380
47.5061,8.44115,1.91234,0.07917,51328
47.5161,8.417,1.91196,0.084,51208
47.5261,8.40672,1.91158,0.08911,51241
47.5361,8.43985,1.9112,0.07908,51278
47.5461,8.38708,1.91082,0.0804,51447
47.5561,8.42336,1.91044,0.08207,51020
47.5661,8.40198,1.91007,0.08239,50948
47.5761,8.40242,1.90969,0.07782,51348
47.5861,8.40235,1.90931,0.08091,51172
47.5961,8.39008,1.90893,0.09279,51077
47.6061,8.39197,1.90855,0.082,51371
47.6161,8.39615,1.90818,0.084,50712
47.6261,8.37035,1.9078,0.08085,51345
47.6361,8.38831,1.90742,0.07654,51100
47.6461,8.37804,1.90705,0.07844,50686
47.6561,8.3693,1.90667,0.08122,51433
47.6661,8.38799,1.90629,0.08574,50820
47.6761,8.33549,1.90592,0.08813,51451
47.6861,8.37516,1.90554,0.08118,51112
47.6961,8.34721,1.90516,0.07778,50917
47.7061,8.36482,1.90479,0.07721,51459
47.7161,8.34232,1.90441,0.08545,50956
47.7261,8.33911,1.90404,0.07857,50865
47.7361,8.33787,1.90366,0.08446,51155
47.7461,8.33012,1.90328,0.08295,50527
47.7561,8.32873,1.90291,0.08054,51595
47.7661,8.31701,1.90253,0.07869,50701
47.7761,8.33407,1.90216,0.08781,51189
47.7861,8.30641,1.90179,0.08156,51086
47.7961,8.31538,1.90141,0.08645,50244
47.8061,8.28656,1.90104,0.07559,51536
47.8161,8.30789,1.90066,0.08036,50599
47.8261,8.28791,1.90029,0.07968,51264
47.8361,8.30923,1.89991,0.0838,50889
47.8461,8.29162,1.89954,0.07462,50649
47.8561,8.29297,1.89917,0.092,51392
47.8661,8.29066,1.89879,0.08714,50770
47.8761,8.27687,1.89842,0.07452,51200
47.8861,8.27825,1.89805,0.07818,50836
47.8961,8.27828,1.89767,0.07737,50398
47.9061,8.27699,1.8973,0.08521,51363
47.9161,8.27932,1.89693,0.08288,50738
47.9261,8.27568,1.89656,0.08326,50765
47.9361,8.25971,1.89618,0.08869,51069
47.9461,8.2815,1.89581,0.07855,50355
47.9561,8.23737,1.89544,0.07939,51279
47.9661,8.28269,1.89507,0.07788,50567
47.9761,8.23228,1.8947,0.07897,50903
47.9861,8.27593,1.89433,0.08335,50782
47.9961,8.24682,1.89395,0.08412,50549
48.0061,8.26668,1.89358,0.07949,51149
48.0161,8.24847,1.89321,0.08228,50775
48.0261,8.2477,1.89284,0.08053,50864
48.0361,8.25294,1.89247,0.07593,50884
48.0461,8.24599,1.8921,0.08224,50694
48.0561,8.24238,1.89173,0.08248,50929
48.0661,8.25397,1.89136,0.0856,50362
48.0761,8.22541,1.89099,0.0776,51107
48.0861,8.25678,1.89062,0.07722,50752
48.0961,8.21889,1.89025,0.08388,50531
48.106,8.24156,1.88988,0.08842,50865
48.116,8.24395,1.88951,0.0809,50587
48.126,8.21123,1.88914,0.0838,50561
48.136,8.24409,1.88877,0.07761,50670
48.146,8.20279,1.8884,0.07806,50655
48.156,8.23793,1.88804,0.08032,50669
48.166,8.21936,1.88767,0.07894,50840
48.176,8.22103,1.8873,0.08497,50396
48.186,8.23041,1.88693,0.0839,51082
48.196,8.20793,1.88656,0.07996,50295
48.206,8.2127,1.88619,0.082,50968
48.216,8.22328,1.88583,0.07759,50697
48.226,8.18606,1.88546,0.0803,50424
48.236,8.23529,1.88509,0.07522,50497
48.246,8.15669,1.88472,0.09045,50559
48.256,8.23203,1.88436,0.08392,50636
48.266,8.18416,1.88399,0.08089,51044
48.276,8.21234,1.88362,0.08216,50201
48.286,8.17626,1.88326,0.07745,50757
48.296,8.18553,1.88289,0.08497,49931
48.306,8.19888,1.88252,0.07509,50945
48.316,8.18308,1.88216,0.08891,50563
48.326,8.18191,1.88179,0.07687,50553
48.336,8.19473,1.88142,0.08265,50602
48.346,8.1663,1.88106,0.07745,50325
48.356,8.20622,1.88069,0.08755,50820
48.366,8.16942,1.88033,0.07722,50738
48.376,8.20653,1.87996,0.0812,50085
48.386,8.14375,1.8796,0.07982,50908
48.396,8.19995,1.87923,0.07938,49946
48.406,8.16178,1.87887,0.08373,50996
48.416,8.20116,1.8785,0.08183,50269
48.426,8.15407,1.87814,0.07847,50532
48.436,8.18919,1.87777,0.08291,50317
48.446,8.16588,1.87741,0.08999,50367
48.456,8.17329,1.87705,0.07806,50471
48.466,8.1683,1.87668,0.07988,50396
48.476,8.16425,1.87632,0.07528,50293
48.486,8.16607,1.87595,0.08163,50608
48.496,8.17291,1.87559,0.08621,50341
48.506,8.1655,1.87523,0.0823,50568
48.516,8.17605,1.87486,0.07807,50471
48.526,8.15056,1.8745,0.08411,50352
48.536,8.18368,1.87414,0.07551,50402
48.546,8.14523,1.87378,0.07687,50593
48.556,8.15396,1.87341,0.08485,49928
48.566,8.15986,1.87305,0.08602,50862
48.576,8.14663,1.87269,0.07749,49903
48.586,8.16292,1.87233,0.08018,50658
48.596,8.14338,1.87197,0.08344,50404
48.606,8.15451,1.8716,0.08569,50005
48.616,8.13933,1.87124,0.07995,50731
48.626,8.13962,1.87088,0.07957,49493
48.636,8.13201,1.87052,0.08168,50885
48.646,8.15082,1.87016,0.07482,49942
48.656,8.11368,1.8698,0.08722,50462
48.666,8.16076,1.86944,0.07638,50290
48.676,8.10086,1.86908,0.08065,50081
48.686,8.15875,1.86872,0.08817,50665
48.696,8.11243,1.86836,0.07821,50226
48.706,8.14077,1.86799,0.07947,50135
48.716,8.12446,1.86763,0.07824,50452
48.726,8.11417,1.86727,0.08153,49836
48.736,8.12163,1.86692,0.07594,50484
48.746,8.10635,1.86656,0.08862,50237
48.756,8.11979,1.8662,0.08737,50106
48.766,8.1133,1.86584,0.07839,50604
48.776,8.11771,1.86548,0.08098,49946
48.786,8.10198,1.86512,0.08213,50211
48.796,8.11164,1.86476,0.07742,50124
48.806,8.09274,1.8644,0.07956,49942
48.816,8.11232,1.86404,0.07883,50351
48.826,8.10188,1.86368,0.08344,50056
48.836,8.09571,1.86333,0.08262,50250
48.846,8.10814,1.86297,0.08556,50228
48.856,8.0938,1.86261,0.07563,50078
48.866,8.09871,1.86225,0.0767,50523
48.876,8.08595,1.8619,0.07918,49761
48.886,8.08195,1.86154,0.08066,50228
48.896,8.08861,1.86118,0.08268,50174
48.906,8.0741,1.86082,0.08365,49950
48.916,8.09162,1.86047,0.08208,50226
48.926,8.08006,1.86011,0.07618,50009
48.936,8.08551,1.85975,0.08459,50374
48.946,8.07025,1.8594,0.08404,49875
48.956,8.06037,1.85904,0.08468,49766
48.966,8.07871,1.85868,0.07344,50106
48.976,8.05272,1.85833,0.08223,50032
48.986,8.07886,1.85797,0.07828,50034
48.996,8.06434,1.85762,0.08409,50210
49.006,8.0497,1.85726,0.08025,50125
49.016,8.07065,1.8569,0.07927,50141
49.026,8.04327,1.85655,0.07771,50112
49.036,8.0725,1.85619,0.0821,49883
49.046,8.03833,1.85584,0.08051,50148
49.056,8.06469,1.85548,0.07468,49715
49.066,8.03963,1.85513,0.08427,50236
49.076,8.0538,1.85477,0.08802,49781
49.0859,8.03297,1.85442,0.07545,50040
49.0959,8.05895,1.85407,0.09049,50259
49.1059,8.04609,1.85371,0.07891,49759
49.1159,8.01801,1.85336,0.08066,49916
49.1259,8.05916,1.853,0.0781,49613
49.1359,8.00344,1.85265,0.08247,50093
49.1459,8.06211,1.8523,0.08059,49878
49.1559,8.00862,1.85194,0.07619,50341
49.1659,8.06269,1.85159,0.08191,49517
49.1759,8.00826,1.85124,0.07964,50294
49.1859,8.03877,1.85088,0.08518,49735
49.1959,8.02993,1.85053,0.07496,50426
49.2059,8.01343,1.85018,0.07754,49629
49.2159,8.02124,1.84983,0.08089,49733
49.2259,8.02041,1.84947,0.08185,49876
49.2359,8.02128,1.84912,0.08455,49673
49.2459,8.02449,1.84877,0.07976,50172
49.2559,8.01707,1.84842,0.08197,49871
49.2659,8.01622,1.84807,0.07897,49840
49.2759,8.00662,1.84771,0.07913,50042
49.2859,8.01095,1.84736,0.08784,49334
49.2959,8.00338,1.84701,0.07751,50237
49.3059,8.02392,1.84666,0.07572,49394
49.3159,8.00178,1.84631,0.08167,49994
49.3259,8.01866,1.84596,0.08259,49819
49.3359,7.99965,1.84561,0.07889,49964
49.3459,8.00852,1.84526,0.08365,50008
49.3559,8.0113,1.84491,0.07755,49729
49.3659,8.00068,1.84456,0.07501,49923
49.3759,8.02008,1.84421,0.08116,49540
49.3859,7.98124,1.84386,0.08809,49757
49.3959,8.01003,1.84351,0.07712,49884
49.4059,7.99195,1.84316,0.07563,49651
49.4159,7.99625,1.84281,0.08719,49925
49.4259,8.01122,1.84246,0.08347,49701
49.4359,7.98885,1.84211,0.08143,49686
49.4459,8.01952,1.84176,0.08089,49636
49.4559,7.97243,1.84141,0.08427,49632
49.4659,7.98865,1.84106,0.07402,49834
49.4759,8.00469,1.84071,0.08185,49618
49.4859,7.98741,1.84036,0.07911,49907
49.4959,8.00857,1.84002,0.08264,49618
49.5059,7.97575,1.83967,0.07853,49739
49.5159,7.99655,1.83932,0.08444,49730
49.5259,7.99196,1.83897,0.07296,49979
49.5359,7.98592,1.83862,0.08857,49575
49.5459,7.99199,1.83828,0.07594,49493
49.5559,7.98444,1.83793,0.07831,49700
49.5659,7.99512,1.83758,0.08559,49608
49.5759,7.98016,1.83723,0.08205,49805
49.5859,7.98828,1.83689,0.0786,49738
49.5959,7.99699,1.83654,0.0813,49545
49.6059,7.97156,1.83619,0.08257,49760
49.6159,7.99958,1.83585,0.08555,49426
49.6259,7.9707,1.8355,0.07504,49595
49.6359,7.98173,1.83515,0.08439,49619
49.6459,7.99557,1.83481,0.07338,49369
49.6559,7.97268,1.83446,0.08371,49845
49.6659,8.01279,1.83412,0.08396,49572
49.6759,7.96775,1.83377,0.08353,49836
49.6859,7.98399,1.83342,0.07485,49571
49.6959,8.00141,1.83308,0.07814,49526
49.7059,7.98052,1.83273,0.08069,49559
49.7159,7.98906,1.83239,0.07651,49514
49.7259,8.00145,1.83204,0.08997,49574
49.7359,7.97556,1.8317,0.07892,49728
49.7459,8.01144,1.83135,0.08195,49162
49.7559,7.97641,1.83101,0.0784,49818
49.7659,8.00126,1.83067,0.08503,49565
49.7759,7.98962,1.83032,0.08189,49526
49.7859,7.99254,1.82998,0.08008,49310
49.7959,8.00257,1.82963,0.07807,49485
49.8059,7.99443,1.82929,0.07649,49432
49.8159,7.98334,1.82894,0.08643,49694
49.8259,8.0271,1.8286,0.08023,49479
49.8359,7.9762,1.82826,0.07575,49720
49.8459,8.02581,1.82791,0.08675,49408
49.8559,7.98857,1.82757,0.07238,49676
49.8659,7.99096,1.82723,0.08457,49358
49.8759,8.00964,1.82689,0.08274,49326
49.8859,7.9894,1.82654,0.07975,49641
49.8959,8.00586,1.8262,0.08069,49412
49.9059,7.9999,1.82586,0.08129,49437
49.9159,8.00147,1.82552,0.08764,49358
49.9259,8.0043,1.82517,0.07855,49437
49.9359,8.00141,1.82483,0.07973,49458
49.9459,7.98826,1.82449,0.08255,49438
49.9559,8.00914,1.82415,0.08102,49040
49.9659,7.9907,1.82381,0.07601,49720
49.9759,8.01641,1.82346,0.08219,49421
49.9859,7.98242,1.82312,0.08176,49326
49.9959,8.02048,1.82278,0.07622,49413
50.0059,7.98912,1.82244,0.08735,49651
50.0159,7.99446,1.8221,0.0734,49376
50.0259,8.00311,1.82176,0.07986,49605
50.0359,7.98248,1.82142,0.08115,49008
50.0459,8.01205,1.82108,0.08309,49484
50.0558,7.98422,1.82074,0.08062,49214
50.0658,8.00539,1.8204,0.08172,49294
50.0758,7.98943,1.82006,0.08242,49723
50.0858,8.00721,1.81972,0.07874,49079
50.0958,7.98756,1.81938,0.0821,49692
50.1058,8.01103,1.81904,0.08519,48877
50.1158,7.97977,1.8187,0.08761,49418
50.1258,8.00784,1.81836,0.07279,49349
50.1358,7.98983,1.81802,0.07625,49111
50.1458,7.99962,1.81768,0.08984,49543
50.1558,8.01373,1.81734,0.07757,49122
50.1658,7.99654,1.817,0.08404,49627
50.1758,8.03066,1.81666,0.07654,49332
50.1858,7.99659,1.81633,0.08081,49318
50.1958,8.03105,1.81599,0.07778,49248
50.2058,7.98801,1.81565,0.07955,49139
50.2158,8.03724,1.81531,0.08145,49085
50.2258,8.00922,1.81497,0.08701,49536
50.2358,8.01707,1.81464,0.07953,49075
50.2458,8.02933,1.8143,0.08131,49445
50.2558,8.01578,1.81396,0.08518,49242
50.2658,8.03616,1.81362,0.07882,49126
50.2758,8.01961,1.81329,0.08396,49472
50.2858,8.04164,1.81295,0.08067,48683
50.2958,8.02954,1.81261,0.07983,49598
50.3058,8.05358,1.81227,0.0817,49116
50.3158,8.02573,1.81194,0.08096,49127
50.3258,8.04214,1.8116,0.07791,49660
50.3358,8.04911,1.81126,0.08256,48998
50.3458,8.04056,1.81093,0.07751,49396
50.3558,8.06591,1.81059,0.08228,49098
50.3658,8.02327,1.81026,0.08315,48703
50.3758,8.07744,1.80992,0.07925,49412
50.3858,8.04265,1.80958,0.08202,49311
50.3958,8.05576,1.80925,0.08078,49066
50.4058,8.07282,1.80891,0.07942,49496
50.4158,8.04712,1.80858,0.09028,48871
50.4258,8.07707,1.80824,0.08218,49319
50.4358,8.05563,1.80791,0.07774,49179
50.4458,8.07237,1.80757,0.08577,48642
50.4558,8.06034,1.80724,0.07614,49545
50.4658,8.06467,1.8069,0.08186,48733
50.4758,8.08064,1.80657,0.07915,49365
50.4858,8.07639,1.80624,0.08548,49388
50.4958,8.0871,1.8059,0.08504,48730
50.5058,8.07028,1.80557,0.07359,49538
50.5158,8.09521,1.80523,0.07697,48922
50.5258,8.062,1.8049,0.08119,49106
50.5358,8.09448,1.80457,0.08524,49335
50.5458,8.07778,1.80423,0.0835,48628
50.5558,8.09395,1.8039,0.08638,49365
50.5658,8.10182,1.80357,0.07683,49123
50.5758,8.0833,1.80323,0.08019,49094
50.5858,8.1109,1.8029,0.08431,49123
50.5958,8.07834,1.80257,0.07991,48805
50.6058,8.09886,1.80223,0.09318,49134
50.6158,8.11096,1.8019,0.08053,49064
50.6258,8.09497,1.80157,0.07746,48972
50.6358,8.12652,1.80124,0.08177,49088
50.6458,8.08816,1.8009,0.07785,48966
50.6558,8.11941,1.80057,0.08507,49136
50.6658,8.12238,1.80024,0.0812,49171
50.6758,8.10829,1.79991,0.07835,48959
50.6858,8.13397,1.79958,0.08114,48913
50.6958,8.104,1.79925,0.07882,48815
50.7058,8.13639,1.79891,0.08163,49005
50.7158,8.1292,1.79858,0.08296,49343
50.7258,8.12772,1.79825,0.08743,48833
50.7358,8.15591,1.79792,0.08418,49111
50.7458,8.1257,1.79759,0.07924,48932
50.7558,8.1551,1.79726,0.0825,49047
50.7658,8.15026,1.79693,0.08311,49059
50.7758,8.13877,1.7966,0.08256,48686
50.7858,8.17008,1.79627,0.08263,49002
50.7958,8.15238,1.79594,0.08235,49115
50.8058,8.16872,1.79561,0.08306,48649
50.8158,8.17295,1.79528,0.07642,49315
50.8258,8.16457,1.79495,0.08481,48845
50.8358,8.19748,1.79462,0.07727,49106
50.8458,8.1733,1.79429,0.08061,48952
50.8558,8.19777,1.79396,0.08524,48546
50.8658,8.19223,1.79363,0.08139,49216
50.8758,8.19492,1.7933,0.08248,48604
50.8858,8.2221,1.79297,0.07867,49064
50.8958,8.21331,1.79264,0.08597,49234
50.9058,8.21926,1.79232,0.08534,48543
50.9158,8.23176,1.79199,0.08801,49194
50.9258,8.23143,1.79166,0.08624,48777
50.9358,8.2484,1.79133,0.07829,48571
50.9458,8.2441,1.791,0.0812,49249
50.9558,8.24636,1.79067,0.07873,48529
50.9658,8.27241,1.79035,0.0863,49027
50.9758,8.25827,1.79002,0.08376,48900
50.9858,8.3057,1.78969,0.08448,48802
50.9958,8.27237,1.78936,0.07633,49182
51.0058,8.27707,1.78904,0.0774,48839
51.0158,8.31135,1.78871,0.08408,48604
51.0257,8.29026,1.78838,0.08221,48915
51.0357,8.31747,1.78806,0.0903,48744
51.0457,8.32271,1.78773,0.08184,48911
51.0557,8.31274,1.7874,0.08269,48780
51.0657,8.35238,1.78708,0.08129,48785
51.0757,8.32769,1.78675,0.08589,49136
51.0857,8.34032,1.78642,0.08102,48696
51.0957,8.36808,1.7861,0.08947,48873
51.1057,8.33875,1.78577,0.09089,48665
51.1157,8.37626,1.78544,0.07577,48763
51.1257,8.37648,1.78512,0.07966,48811
51.1357,8.38058,1.78479,0.08487,48729
51.1457,8.4005,1.78447,0.08258,48916
51.1557,8.39119,1.78414,0.08276,48688
51.1657,8.41244,1.78382,0.08172,49138
51.1757,8.42016,1.78349,0.08044,48478
51.1857,8.42303,1.78317,0.08187,48820
51.1957,8.4356,1.78284,0.08437,48706
51.2057,8.44443,1.78252,0.08528,48631
51.2157,8.45549,1.78219,0.08769,48812
51.2257,8.47516,1.78187,0.08513,48771
51.2357,8.47886,1.78154,0.09046,48692
51.2457,8.49223,1.78122,0.07992,48884
51.2557,8.50144,1.7809,0.08306,48705
51.2657,8.51041,1.78057,0.08969,48515
51.2757,8.5425,1.78025,0.08197,49075
51.2857,8.54009,1.77993,0.08739,48485
51.2957,8.56147,1.7796,0.08153,48709
51.3057,8.58729,1.77928,0.08176,48938
51.3157,8.58907,1.77896,0.08036,48640
51.3257,8.61027,1.77863,0.08531,48748
51.3357,8.62359,1.77831,0.08359,48613
51.3457,8.64361,1.77799,0.08744,48414
51.3557,8.67722,1.77766,0.08599,48845
51.3657,8.69165,1.77734,0.07937,48828
51.3757,8.71191,1.77702,0.09102,48569
51.3857,8.74342,1.7767,0.08316,48676
51.3957,8.75951,1.77637,0.09401,48727
51.4057,8.78889,1.77605,0.09059,48674
51.4157,8.82813,1.77573,0.08278,48856
51.4257,8.84174,1.77541,0.09148,48480
51.4357,8.88501,1.77509,0.08164,48430
51.4457,8.9246,1.77477,0.08468,48923
51.4557,8.94739,1.77444,0.08698,48482
51.4657,8.99539,1.77412,0.0904,48692
51.4757,9.036,1.7738,0.09234,48728
51.4857,9.08589,1.77348,0.07655,48621
51.4957,9.11687,1.77316,0.08443,48643
51.5057,9.1792,1.77284,0.09128,48536
51.5157,9.23304,1.77252,0.08809,48418
51.5257,9.27788,1.7722,0.0938,48592
51.5357,9.35784,1.77188,0.09039,48861
51.5457,9.4194,1.77156,0.09004,48382
51.5557,9.48441,1.77124,0.08658,48804
51.5657,9.57718,1.77092,0.09796,48625
51.5757,9.6384,1.7706,0.0957,48633
51.5857,9.72682,1.77028,0.1023,48561
51.5957,9.83644,1.76996,0.08904,48528
51.6057,9.89229,1.76964,0.09112,48408
51.6157,10.03565,1.76932,0.09046,48535
51.6257,10.13007,1.769,0.09563,48872
51.6357,10.22049,1.76868,0.09763,48512
51.6457,10.36345,1.76836,0.09034,48637
51.6557,10.47158,1.76804,0.09509,48576
51.6657,10.60085,1.76773,0.10302,48305
51.6757,10.78396,1.76741,0.09146,48678
51.6857,10.8874,1.76709,0.09519,48556
51.6957,11.07933,1.76677,0.10246,48394
51.7057,11.24384,1.76645,0.11366,48655
51.7157,11.42241,1.76613,0.09987,48528
51.7257,11.58158,1.76582,0.10261,48550
51.7357,11.77705,1.7655,0.10062,48403
51.7457,12.01777,1.76518,0.11462,48773
51.7557,12.1979,1.76486,0.1044,48406
51.7657,12.43229,1.76455,0.1099,48321
51.7757,12.67727,1.76423,0.10425,48652
51.7857,12.86437,1.76391,0.10687,48509
51.7957,13.17318,1.76359,0.10634,48295
51.8057,13.40939,1.76328,0.10544,48721
51.8157,13.63803,1.76296,0.1129,48455
51.8257,13.94733,1.76264,0.10667,48400
51.8357,14.23313,1.76233,0.11245,48604
51.8457,14.51591,1.76201,0.11515,48255
51.8557,14.86367,1.76169,0.11221,48668
51.8657,15.122,1.76138,0.1215,48407
51.8757,15.5439,1.76106,0.118,48316
51.8857,15.84206,1.76075,0.11757,48705
51.8957,16.12578,1.76043,0.13126,48337
51.9057,16.59195,1.76012,0.12105,48496
51.9157,16.92505,1.7598,0.11833,48452
51.9257,17.34345,1.75948,0.13414,48257
51.9357,17.65991,1.75917,0.12615,48519
51.9457,18.04735,1.75885,0.13099,48382
51.9557,18.55465,1.75854,0.12564,48601
51.9657,18.86225,1.75822,0.11909,48531
51.9757,19.33424,1.75791,0.11941,48061
51.9857,19.74217,1.75759,0.1251,48632
51.9956,20.1106,1.75728,0.1387,48264
52.0056,20.6697,1.75697,0.13745,48538
52.0156,21.04383,1.75665,0.12622,48501
52.0256,21.52736,1.75634,0.14035,48143
52.0356,21.99199,1.75602,0.14251,48511
52.0456,22.43561,1.75571,0.13635,48598
52.0556,22.92227,1.7554,0.15175,48192
52.0656,23.40069,1.75508,0.13928,48606
52.0756,23.84764,1.75477,0.15349,48185
52.0856,24.40986,1.75446,0.15014,48457
52.0956,24.83221,1.75414,0.14373,48287
52.1056,25.30702,1.75383,0.14363,48153
52.1156,25.78733,1.75352,0.15248,48729
52.1256,26.23506,1.7532,0.15434,48122
52.1356,26.72968,1.75289,0.14092,48378
52.1456,27.13522,1.75258,0.14182,48650
52.1556,27.60531,1.75227,0.15851,47790
52.1656,28.05404,1.75195,0.14654,48663
52.1756,28.51267,1.75164,0.15594,48492
52.1856,28.96826,1.75133,0.1791,48100
52.1956,29.3594,1.75102,0.15158,48362
52.2056,29.75177,1.75071,0.15485,48408
52.2156,30.18258,1.75039,0.15977,48392
52.2256,30.53156,1.75008,0.16819,48332
52.2356,30.9016,1.74977,0.16535,48283
52.2456,31.28071,1.74946,0.16937,48351
52.2556,31.59189,1.74915,0.16512,48056
52.2656,31.8617,1.74884,0.15878,48439
52.2756,32.16391,1.74853,0.1662,48517
52.2856,32.47224,1.74822,0.16443,47870
52.2956,32.62087,1.7479,0.15868,48688
52.3056,32.86178,1.74759,0.16007,48354
52.3156,33.06012,1.74728,0.17212,47875
52.3256,33.15064,1.74697,0.16377,48512
52.3356,33.34488,1.74666,0.17681,48171
52.3456,33.44264,1.74635,0.15991,48265
52.3556,33.4577,1.74604,0.16547,48407
52.3656,33.55211,1.74573,0.1807,48138
52.3756,33.55222,1.74542,0.17213,48459
52.3856,33.49165,1.74511,0.16581,48250
52.3956,33.5035,1.7448,0.17172,48241
52.4056,33.37106,1.74449,0.16835,48360
52.4156,33.28923,1.74419,0.17966,47757
52.4256,33.12369,1.74388,0.15923,48663
52.4356,32.99719,1.74357,0.15602,48252
52.4456,32.7516,1.74326,0.16768,47969
52.4556,32.54469,1.74295,0.15202,48632
52.4656,32.3332,1.74264,0.16601,48041
52.4756,32.04339,1.74233,0.16801,48058
52.4856,31.71199,1.74202,0.16355,48366
52.4956,31.44848,1.74172,0.1606,47810
52.5056,30.98025,1.74141,0.15927,48547
52.5156,30.656,1.7411,0.17561,48319
52.5256,30.31599,1.74079,0.15656,48064
52.5356,29.85102,1.74048,0.15318,48383
52.5456,29.45362,1.74018,0.16033,48135
52.5556,29.00556,1.73987,0.17299,48362
52.5656,28.46578,1.73956,0.15884,48215
52.5756,28.03351,1.73925,0.15266,47860
52.5856,27.55056,1.73895,0.13393,48438
52.5956,27.00507,1.73864,0.15193,47909
52.6056,26.64565,1.73833,0.15518,48223
52.6156,26.05486,1.73803,0.14149,48552
52.6256,25.53682,1.73772,0.14158,47989
52.6356,25.06153,1.73741,0.14546,48178
52.6456,24.51425,1.73711,0.13844,48110
52.6556,24.05813,1.7368,0.15015,47962
52.6656,23.43521,1.73649,0.14305,48419
52.6756,22.8939,1.73619,0.15584,47882
52.6856,22.47459,1.73588,0.13055,48297
52.6956,21.8942,1.73558,0.14186,48445
52.7056,21.41864,1.73527,0.13796,47845
52.7156,20.92252,1.73496,0.14586,48460
52.7256,20.32123,1.73466,0.13367,48040
52.7356,19.84259,1.73435,0.1335,47941
52.7456,19.3826,1.73405,0.12731,48228
52.7556,18.91884,1.73374,0.12763,48004
52.7656,18.48475,1.73344,0.11539,48176
52.7756,17.97902,1.73313,0.1178,48253
52.7856,17.62632,1.73283,0.13268,48099
52.7956,17.15368,1.73252,0.12161,48106
52.8056,16.69961,1.73222,0.11919,47881
52.8156,16.38434,1.73192,0.12704,48121
52.8256,15.91207,1.73161,0.1181,48284
52.8356,15.55013,1.73131,0.12141,47834
52.8456,15.19616,1.731,0.12683,48210
52.8556,14.76016,1.7307,0.11979,48161
52.8656,14.52397,1.73039,0.11233,48123
52.8756,14.16441,1.73009,0.1178,48243
52.8856,13.80542,1.72979,0.11802,48117
52.8956,13.51063,1.72948,0.11597,47944
52.9056,13.19809,1.72918,0.11327,48109
52.9156,12.95356,1.72888,0.09728,47971
52.9256,12.69183,1.72857,0.10403,48303
52.9356,12.3908,1.72827,0.10594,47933
52.9456,12.2217,1.72797,0.10319,48096
52.9556,11.96245,1.72767,0.09667,48005
52.9655,11.74538,1.72736,0.11003,48043
52.9755,11.56131,1.72706,0.10471,47946
52.9855,11.29556,1.72676,0.09565,47895
52.9955,11.17946,1.72646,0.11254,48168
53.0055,10.96428,1.72615,0.09494,48325
53.0155,10.7937,1.72585,0.10503,47888
53.0255,10.67085,1.72555,0.1007,48063
53.0355,10.46715,1.72525,0.10181,48154
53.0455,10.35572,1.72495,0.09827,48066
53.0555,10.20369,1.72465,0.09697,47941
53.0655,10.05338,1.72434,0.10219,47927
53.0755,9.96189,1.72404,0.08932,47970
53.0855,9.85107,1.72374,0.08979,48210
53.0955,9.73228,1.72344,0.08915,48158
53.1055,9.65416,1.72314,0.08159,47825
53.1155,9.52162,1.72284,0.09488,47662
53.1255,9.48098,1.72254,0.10246,48301
53.1355,9.37591,1.72224,0.08419,48007
53.1455,9.29386,1.72194,0.08946,47911
53.1555,9.23145,1.72164,0.09552,47937
53.1655,9.14569,1.72134,0.08556,48014
53.1755,9.09356,1.72104,0.09216,48197
53.1855,9.03096,1.72074,0.09103,47970
53.1955,8.95623,1.72044,0.09279,48022
53.2055,8.92289,1.72014,0.08902,48076
53.2155,8.85693,1.71984,0.08607,48026
53.2255,8.79265,1.71954,0.097,47702
53.2355,8.75881,1.71924,0.08372,47959
53.2455,8.7165,1.71894,0.0798,47883
53.2555,8.69062,1.71864,0.08437,48252
53.2655,8.63584,1.71834,0.08196,47960
53.2755,8.59787,1.71804,0.08373,47854
53.2855,8.577,1.71774,0.08492,47876
53.2955,8.53066,1.71744,0.08476,47766
53.3055,8.51322,1.71715,0.09185,48178
53.3155,8.48213,1.71685,0.08542,47846
53.3255,8.44298,1.71655,0.08091,47878
53.3355,8.4315,1.71625,0.0872,48116
53.3455,8.39284,1.71595,0.08947,47940
53.3555,8.37365,1.71565,0.08526,48031
53.3655,8.35763,1.71536,0.08867,47938
53.3755,8.32683,1.71506,0.08573,48067
53.3855,8.29961,1.71476,0.08549,47873
53.3955,8.28358,1.71446,0.07909,47700
53.4055,8.2603,1.71417,0.08646,47894
53.4155,8.25106,1.71387,0.08136,48248
53.4255,8.22074,1.71357,0.07628,47694
53.4355,8.21017,1.71327,0.08422,47919
53.4455,8.18957,1.71298,0.08268,47869
53.4555,8.16948,1.71268,0.07935,47567
53.4655,8.16241,1.71238,0.09126,48244
53.4755,8.14204,1.71209,0.07715,47777
53.4855,8.11893,1.71179,0.0852,47820
53.4955,8.12346,1.71149,0.09074,48185
53.5055,8.09437,1.7112,0.07875,47807
53.5155,8.08212,1.7109,0.08549,47966
53.5255,8.07138,1.71061,0.09025,48148
53.5355,8.05274,1.71031,0.08486,47755
53.5455,8.04656,1.71001,0.07859,47900
53.5555,8.01521,1.70972,0.08544,47572
53.5655,8.0216,1.70942,0.07974,47925
53.5755,8.01648,1.70913,0.07678,48108
53.5855,7.97761,1.70883,0.07972,47627
53.5955,7.99146,1.70854,0.07644,48002
53.6055,7.9725,1.70824,0.08801,47712
53.6155,7.95636,1.70795,0.07918,47726
53.6255,7.95256,1.70765,0.08097,48108
53.6355,7.93578,1.70736,0.08304,47690
53.6455,7.93885,1.70706,0.0885,47986
53.6555,7.92367,1.70677,0.0779,47974
53.6655,7.89716,1.70647,0.0823,47602
53.6755,7.91645,1.70618,0.0922,48135
53.6855,7.89259,1.70589,0.07986,47844
53.6955,7.88107,1.70559,0.08489,47788
53.7055,7.87587,1.7053,0.08645,48070
53.7155,7.85289,1.705,0.08047,47274
53.7255,7.86257,1.70471,0.07717,48196
53.7355,7.84861,1.70442,0.07806,47968
53.7455,7.82414,1.70412,0.07642,47534
53.7555,7.83167,1.70383,0.08007,47883
53.7655,7.82043,1.70354,0.0851,47669
53.7755,7.81022,1.70324,0.07742,47902
53.7855,7.80654,1.70295,0.08017,47924
53.7955,7.79042,1.70266,0.08328,47380
53.8055,7.78874,1.70236,0.079,48138
53.8155,7.77733,1.70207,0.08769,48003
53.8255,7.75561,1.70178,0.08546,47477
53.8355,7.7664,1.70149,0.08404,48121
53.8455,7.74384,1.70119,0.07541,47837
53.8555,7.75031,1.7009,0.09004,47973
53.8655,7.73085,1.70061,0.08157,47657
53.8755,7.70914,1.70032,0.08282,47401
53.8855,7.7215,1.70003,0.08131,48041
53.8955,7.70726,1.69973,0.07424,47889
53.9055,7.69681,1.69944,0.07463,47586
53.9155,7.69073,1.69915,0.07754,47911
53.9255,7.68134,1.69886,0.08199,47558
53.9354,7.67542,1.69857,0.08269,47787
53.9454,7.67461,1.69828,0.08273,47811
53.9554,7.65215,1.69799,0.07981,47455
53.9654,7.66083,1.69769,0.07701,48267
53.9754,7.64483,1.6974,0.0844,47728
53.9854,7.62996,1.69711,0.08255,47537
53.9954,7.64033,1.69682,0.08238,48125
54.0054,7.61936,1.69653,0.08434,47693
54.0154,7.62279,1.69624,0.08005,47778
54.0254,7.60685,1.69595,0.08053,47836
54.0354,7.59719,1.69566,0.08345,47424
54.0454,7.59828,1.69537,0.08063,48021
54.0554,7.58633,1.69508,0.07334,47599
54.0654,7.59195,1.69479,0.07599,47694
54.0754,7.57711,1.6945,0.07603,47828
54.0854,7.56518,1.69421,0.07983,47524
54.0954,7.56292,1.69392,0.07915,47758
54.1054,7.56175,1.69363,0.07981,47830
54.1154,7.55737,1.69334,0.08293,47426
54.1254,7.56148,1.69305,0.08003,48126
54.1354,7.543,1.69276,0.08049,47708
54.1454,7.53834,1.69248,0.0801,47569
54.1554,7.53558,1.69219,0.08809,48019
54.1654,7.52937,1.6919,0.08525,47559
54.1754,7.53089,1.69161,0.07666,47932
54.1854,7.51742,1.69132,0.08681,47679
54.1954,7.5087,1.69103,0.08033,47436
54.2054,7.51428,1.69074,0.07309,47993
54.2154,7.50666,1.69046,0.07563,47627
54.2254,7.50354,1.69017,0.0814,47507
54.2354,7.49067,1.68988,0.07183,47723
54.2454,7.49074,1.68959,0.08026,47732
54.2554,7.49251,1.6893,0.08155,47644
54.2654,7.49058,1.68902,0.07877,47701
54.2754,7.47518,1.68873,0.08249,47624
54.2854,7.47952,1.68844,0.07938,47896
54.2954,7.47722,1.68815,0.07964,47599
54.3054,7.46047,1.68787,0.08231,47528
54.3154,7.46788,1.68758,0.08267,47997
54.3254,7.46229,1.68729,0.08083,47651
54.3354,7.45315,1.68701,0.08245,47942
54.3454,7.44652,1.68672,0.08472,47549
54.3554,7.44267,1.68643,0.08067,47476
54.3654,7.43395,1.68615,0.07594,47915
54.3754,7.42845,1.68586,0.07195,47559
54.3854,7.4287,1.68557,0.07726,47480
54.3954,7.42267,1.68529,0.07613,47628
54.4054,7.41415,1.685,0.08056,47721
54.4154,7.40839,1.68471,0.07449,47704
54.4254,7.41391,1.68443,0.0812,47557
54.4354,7.39318,1.68414,0.0765,47718
54.4454,7.3983,1.68386,0.08445,47737
54.4554,7.39375,1.68357,0.07862,47512
54.4654,7.38319,1.68329,0.08308,47803
54.4754,7.37872,1.683,0.07737,47789
54.4854,7.37238,1.68272,0.08467,47674
54.4954,7.36752,1.68243,0.08288,47623
54.5054,7.36446,1.68215,0.0803,47669
54.5154,7.35055,1.68186,0.08416,47565
54.5254,7.35578,1.68158,0.07923,47625
54.5354,7.35394,1.68129,0.06985,47669
54.5454,7.33576,1.68101,0.07477,47544
54.5554,7.33846,1.68072,0.07523,47642
54.5654,7.33671,1.68044,0.07824,47543
54.5754,7.33322,1.68015,0.08193,47551
54.5854,7.32862,1.67987,0.07872,47635
54.5954,7.32975,1.67959,0.07725,47652
54.6054,7.32044,1.6793,0.08106,47616
54.6154,7.32221,1.67902,0.0824,47630
54.6254,7.32068,1.67873,0.08208,47863
54.6354,7.31389,1.67845,0.07949,47607
54.6454,7.31677,1.67817,0.07896,47624
54.6554,7.30797,1.67788,0.08477,47645
54.6654,7.30822,1.6776,0.08105,47572
54.6754,7.2975,1.67732,0.08473,47627
54.6854,7.30371,1.67703,0.07231,47615
54.6954,7.29525,1.67675,0.07266,47418
54.7054,7.2989,1.67647,0.07431,47701
54.7154,7.28692,1.67619,0.0761,47371
54.7254,7.29307,1.6759,0.07959,47767
54.7354,7.29299,1.67562,0.07695,47424
54.7454,7.27989,1.67534,0.07599,47427
54.7554,7.28981,1.67506,0.08222,47888
54.7654,7.28405,1.67477,0.08298,47523
54.7754,7.28108,1.67449,0.07844,47523
54.7854,7.26983,1.67421,0.08043,47688
54.7954,7.28418,1.67393,0.08128,47649
54.8054,7.27796,1.67365,0.08198,47860
54.8154,7.27023,1.67336,0.08267,47586
54.8254,7.27245,1.67308,0.07756,47409
54.8354,7.26059,1.6728,0.08158,47675
54.8454,7.26741,1.67252,0.07941,47413
54.8554,7.26095,1.67224,0.06952,47649
54.8654,7.26171,1.67196,0.07441,47514
54.8754,7.25286,1.67168,0.0754,47363
54.8854,7.25888,1.6714,0.08182,47608
54.8954,7.25587,1.67112,0.07776,47759
54.9053,7.24727,1.67083,0.08041,47060
54.9153,7.25351,1.67055,0.07849,47952
54.9253,7.24697,1.67027,0.08155,47563
54.9353,7.24364,1.66999,0.07687,47619
54.9453,7.24215,1.66971,0.08461,47632
54.9553,7.23762,1.66943,0.07502,47419
54.9653,7.24326,1.66915,0.08019,47754
54.9753,7.23365,1.66887,0.08271,47768
54.9853,7.2158,1.66859,0.08252,47360
54.9953,7.22503,1.66831,0.08415,47467
55.0053,7.22517,1.66803,0.07041,47603
55.0153,7.20541,1.66775,0.07132,47467
55.0253,7.20984,1.66747,0.07712,47390
55.0353,7.20289,1.6672,0.07597,47240
55.0453,7.20481,1.66692,0.07991,47850
55.0553,7.20176,1.66664,0.07414,47681
55.0653,7.18171,1.66636,0.08181,46885
55.0753,7.20103,1.66608,0.07705,47964
55.0853,7.18956,1.6658,0.08158,47725
55.0953,7.17744,1.66552,0.07999,47389
55.1053,7.17574,1.66524,0.07808,47561
55.1153,7.17375,1.66496,0.08329,47534
55.1253,7.16651,1.66469,0.08347,47623
55.1353,7.17761,1.66441,0.07632,47858
55.1453,7.14189,1.66413,0.08247,47169
55.1553,7.17226,1.66385,0.07974,47571
55.1653,7.15199,1.66357,0.07456,47688
55.1753,7.14906,1.6633,0.0728,47318
55.1853,7.1403,1.66302,0.07027,47482
55.1953,7.14524,1.66274,0.08121,47357
55.2053,7.14268,1.66246,0.07838,47452
55.2153,7.14024,1.66219,0.07647,47752
55.2253,7.13452,1.66191,0.07988,47072
55.2353,7.13655,1.66163,0.07698,47793
55.2453,7.14204,1.66135,0.07865,47514
55.2553,7.12522,1.66108,0.08325,47356
55.2653,7.13823,1.6608,0.08048,47865
55.2753,7.12487,1.66052,0.08048,47498
55.2853,7.12778,1.66025,0.07785,47297
55.2953,7.12886,1.65997,0.08238,47870
55.3053,7.1278,1.65969,0.07953,47326
55.3153,7.11262,1.65942,0.07868,47506
55.3253,7.12937,1.65914,0.07259,47460
55.3353,7.10887,1.65887,0.07184,47185
55.3453,7.1292,1.65859,0.07706,47665
55.3553,7.12244,1.65831,0.0757,47413
55.3653,7.11285,1.65804,0.0744,47304
55.3753,7.1218,1.65776,0.08126,47747
55.3853,7.11118,1.65749,0.0782,47134
55.3953,7.12165,1.65721,0.08165,47523
55.4053,7.11926,1.65694,0.07493,47817
55.4153,7.11594,1.65666,0.08168,47328
55.4253,7.11547,1.65638,0.07969,47588
55.4353,7.11783,1.65611,0.08084,47497
55.4453,7.10645,1.65583,0.08298,47506
55.4553,7.12502,1.65556,0.07888,47749
55.4653,7.10384,1.65529,0.07728,47447
55.4753,7.10523,1.65501,0.08519,47180
55.4853,7.1108,1.65474,0.06891,47717
55.4953,7.10256,1.65446,0.07804,47114
55.5053,7.10654,1.65419,0.07337,47469
55.5153,7.10361,1.65391,0.07384,47432
55.5253,7.10364,1.65364,0.07887,47338
55.5353,7.09806,1.65336,0.07508,47627
55.5453,7.10137,1.65309,0.08175,47269
55.5553,7.0947,1.65282,0.07769,47557
55.5653,7.10276,1.65254,0.08264,47506
55.5753,7.08855,1.65227,0.0767,47338
55.5853,7.09486,1.652,0.08227,47644
55.5953,7.09539,1.65172,0.07485,47618
55.6053,7.08543,1.65145,0.08514,47460
55.6153,7.09448,1.65118,0.08102,47428
55.6253,7.08317,1.6509,0.07861,47619
55.6353,7.07688,1.65063,0.07752,47341
55.6453,7.08512,1.65036,0.07105,47425
55.6553,7.06788,1.65008,0.07571,47264
55.6653,7.07746,1.64981,0.07615,47141
55.6753,7.07795,1.64954,0.07818,47579
55.6853,7.07216,1.64927,0.07121,47436
55.6953,7.06519,1.64899,0.07981,47372
55.7053,7.06445,1.64872,0.08085,47415
55.7153,7.06442,1.64845,0.07498,47542
55.7253,7.0603,1.64818,0.08603,47531
55.7353,7.06935,1.64791,0.07756,47415
55.7453,7.05338,1.64763,0.08014,47554
55.7553,7.0543,1.64736,0.07995,47505
55.7653,7.06034,1.64709,0.07929,47486
55.7753,7.04785,1.64682,0.08772,47409
55.7853,7.05374,1.64655,0.07948,47451
55.7953,7.04348,1.64628,0.07228,47306
55.8053,7.03837,1.646,0.07076,47441
55.8153,7.04022,1.64573,0.07354,47137
55.8253,7.03063,1.64546,0.07957,47396
55.8353,7.03927,1.64519,0.07312,47447
55.8453,7.0375,1.64492,0.07955,47216
55.8553,7.02596,1.64465,0.07442,47675
55.8653,7.03367,1.64438,0.07842,47241
55.8752,7.02458,1.64411,0.08267,47621
55.8852,7.02809,1.64384,0.07757,47345
55.8952,7.02531,1.64357,0.08195,47287
55.9052,7.02485,1.6433,0.07953,47626
55.9152,7.03179,1.64303,0.07608,47603
55.9252,7.01786,1.64276,0.08396,47387
55.9352,7.01908,1.64249,0.08056,47666
55.9452,7.02172,1.64222,0.08256,47102
55.9552,7.01565,1.64195,0.07282,47530
55.9652,7.02049,1.64168,0.07025,47326
55.9752,7.00532,1.64141,0.07196,47080
55.9852,7.01168,1.64114,0.07604,47366
55.9952,7.01968,1.64087,0.08004,47404
56.0052,7.00951,1.6406,0.08184,47346
56.0152,7.01866,1.64033,0.07031,47566
56.0252,7.00935,1.64006,0.08052,47150
56.0352,7.00979,1.63979,0.07949,47438
56.0452,7.01589,1.63952,0.0808,47768
56.0552,7.01096,1.63925,0.08444,47249
56.0652,7.00467,1.63899,0.07265,47337
56.0752,7.01317,1.63872,0.08209,47740
56.0852,7.00609,1.63845,0.08001,47038
56.0952,7.00845,1.63818,0.08002,47937
56.1052,7.00639,1.63791,0.08237,47223
56.1152,6.99767,1.63764,0.07332,47308
56.1252,6.99884,1.63738,0.06989,47276
56.1352,6.98222,1.63711,0.07437,47030
56.1452,7.00352,1.63684,0.07655,47308
56.1552,6.9934,1.63657,0.07406,47754
56.1652,6.98889,1.63631,0.08065,47103
56.1752,6.99249,1.63604,0.07718,47444
56.1852,6.98509,1.63577,0.07838,47469
56.1952,6.97722,1.6355,0.07628,47127
56.2052,6.98645,1.63524,0.07891,47780
56.2152,6.97785,1.63497,0.08414,47367
56.2252,6.97343,1.6347,0.08337,47340
56.2352,6.98048,1.63443,0.07715,47627
56.2452,6.96599,1.63417,0.07318,47222
56.2552,6.97118,1.6339,0.08702,47717
56.2652,6.96356,1.63363,0.07431,47226
56.2752,6.95321,1.63337,0.08161,46914
56.2852,6.9576,1.6331,0.06738,47368
56.2952,6.96083,1.63283,0.07328,47463
56.3052,6.94466,1.63257,0.07546,47065
56.3152,6.95184,1.6323,0.0771,47613
56.3252,6.95156,1.63204,0.08244,47481
56.3352,6.9409,1.63177,0.07432,47035
56.3452,6.94711,1.6315,0.0772,47457
56.3552,6.93602,1.63124,0.07917,47194
56.3652,6.94885,1.63097,0.08037,47800
56.3752,6.93936,1.63071,0.0784,47591
56.3852,6.92508,1.63044,0.08561,46910
56.3952,6.94354,1.63018,0.07568,47663
56.4052,6.93243,1.62991,0.08564,47528
56.4152,6.93176,1.62965,0.0752,47233
56.4252,6.92938,1.62938,0.07387,47447
56.4352,6.93061,1.62912,0.07942,47156
56.4452,6.91658,1.62885,0.07216,47042
56.4552,6.93008,1.62859,0.0706,47509
56.4652,6.92927,1.62832,0.06984,47154
56.4752,6.92149,1.62806,0.0848,47348
56.4852,6.92261,1.62779,0.07765,47433
56.4952,6.92141,1.62753,0.08146,47049
56.5052,6.93906,1.62726,0.07667,47778
56.5152,6.91575,1.627,0.07435,47473
56.5252,6.9227,1.62674,0.08369,47135
56.5352,6.92472,1.62647,0.08275,47649
56.5452,6.91866,1.62621,0.07776,47250
56.5552,6.92004,1.62594,0.08725,47314
56.5652,6.92525,1.62568,0.07299,47659
56.5752,6.92375,1.62542,0.07685,47175
56.5852,6.91364,1.62515,0.07818,47382
56.5952,6.92054,1.62489,0.07174,47229
56.6052,6.91101,1.62463,0.07347,47011
56.6152,6.91931,1.62436,0.07272,47476
56.6252,6.91845,1.6241,0.07851,47172
56.6352,6.90816,1.62384,0.07404,47103
56.6452,6.92479,1.62357,0.07791,47695
56.6552,6.91509,1.62331,0.08358,47035
56.6652,6.9098,1.62305,0.07649,47505
56.6752,6.9205,1.62279,0.07996,47675
56.6852,6.91003,1.62252,0.07538,47242
56.6952,6.91487,1.62226,0.08293,47361
56.7052,6.91728,1.622,0.08302,47288
56.7152,6.90424,1.62174,0.08247,47515
56.7252,6.91465,1.62147,0.07371,47398
56.7352,6.91385,1.62121,0.07512,47493
56.7452,6.90022,1.62095,0.07544,47016
56.7552,6.91094,1.62069,0.07556,47264
56.7652,6.89695,1.62043,0.07297,47058
56.7752,6.90633,1.62017,0.07399,47337
56.7852,6.91185,1.6199,0.07362,47309
56.7952,6.89982,1.61964,0.07996,47303
56.8052,6.8982,1.61938,0.08121,47399
56.8152,6.91073,1.61912,0.07218,47497
56.8252,6.9031,1.61886,0.08951,47308
56.8352,6.90302,1.6186,0.07429,47150
56.8451,6.89242,1.61834,0.08288,47466
56.8551,6.90313,1.61808,0.07821,47609
56.8651,6.90238,1.61782,0.07731,47386
56.8751,6.89651,1.61755,0.08434,47192
56.8851,6.89708,1.61729,0.07985,47489
56.8951,6.89438,1.61703,0.07062,47210
56.9051,6.88184,1.61677,0.07604,47006
56.9151,6.89329,1.61651,0.07234,47094
56.9251,6.89789,1.61625,0.0748,47422
56.9351,6.88916,1.61599,0.07844,47399
56.9451,6.88803,1.61573,0.07162,47097
56.9551,6.88802,1.61547,0.07437,47427
56.9651,6.89164,1.61521,0.08303,47286
56.9751,6.89399,1.61495,0.08211,47295
56.9851,6.88492,1.61469,0.07777,47415
56.9951,6.8859,1.61443,0.07825,47559
57.0051,6.88854,1.61417,0.07836,47311
57.0151,6.88109,1.61392,0.08076,47396
57.0251,6.89048,1.61366,0.08124,47505
57.0351,6.88404,1.6134,0.07928,47073
57.0451,6.88374,1.61314,0.07506,47625
57.0551,6.87883,1.61288,0.07417,47065
57.0651,6.86709,1.61262,0.07494,46892
57.0751,6.8858,1.61236,0.07295,47471
57.0851,6.8747,1.6121,0.07383,47168
57.0951,6.88166,1.61184,0.07714,47178
57.1051,6.87872,1.61159,0.07444,47382
57.1151,6.87386,1.61133,0.07885,47354
57.1251,6.88004,1.61107,0.07714,47301
57.1351,6.87728,1.61081,0.07843,47566
57.1451,6.87498,1.61055,0.08339,47163
57.1551,6.88386,1.61029,0.07968,47200
57.1651,6.87433,1.61004,0.0766,47685
57.1751,6.87087,1.60978,0.07833,47128
57.1851,6.8845,1.60952,0.08561,47700
57.1951,6.8775,1.60926,0.07705,47362
57.2051,6.87319,1.60901,0.07365,47327
57.2151,6.8801,1.60875,0.07391,47044
57.2251,6.87148,1.60849,0.07335,46813
57.2351,6.88252,1.60823,0.07548,47334
57.2451,6.87996,1.60798,0.07574,47396
57.2551,6.87674,1.60772,0.07562,46975
57.2651,6.87861,1.60746,0.07571,47433
57.2751,6.88645,1.60721,0.07826,47521
57.2851,6.87747,1.60695,0.08475,47022
57.2951,6.89408,1.60669,0.07558,47556
57.3051,6.89178,1.60644,0.08248,47557
57.3151,6.87719,1.60618,0.08103,47168
57.3251,6.8919,1.60592,0.07659,47578
57.3351,6.89271,1.60567,0.08414,47327
57.3451,6.88048,1.60541,0.07702,47228
57.3551,6.89986,1.60515,0.07507,47521
57.3651,6.88321,1.6049,0.07609,47142
57.3751,6.88327,1.60464,0.07769,46915
57.3851,6.89523,1.60439,0.07134,47336
57.3951,6.87951,1.60413,0.07211,46752
57.4051,6.8975,1.60388,0.07828,47665
57.4151,6.8868,1.60362,0.07638,47344
57.4251,6.8867,1.60336,0.07922,47064
57.4351,6.8939,1.60311,0.07665,47487
57.4451,6.89167,1.60285,0.07895,47561
57.4551,6.88898,1.6026,0.08061,47018
57.4651,6.89915,1.60234,0.08169,47625
57.4751,6.89498,1.60209,0.07767,47390
57.4851,6.88543,1.60183,0.07903,47108
57.4951,6.89996,1.60158,0.08138,47619
57.5051,6.88747,1.60132,0.07872,47018
57.5151,6.89821,1.60107,0.07254,47429
57.5251,6.88725,1.60081,0.08003,47303
57.5351,6.88114,1.60056,0.07561,46892
57.5451,6.8938,1.60031,0.07109,47280
57.5551,6.89417,1.60005,0.07487,47460
57.5651,6.88095,1.5998,0.07595,46915
57.5751,6.89655,1.59954,0.0798,47560
57.5851,6.8993,1.59929,0.07927,47307
57.5951,6.89047,1.59904,0.07719,46872
57.6051,6.89808,1.59878,0.0792,47715
57.6151,6.89326,1.59853,0.07929,47352
57.6251,6.89283,1.59827,0.08349,47221
57.6351,6.89962,1.59802,0.07889,47638
57.6451,6.89594,1.59777,0.07861,47218
57.6551,6.8987,1.59751,0.07869,47356
57.6651,6.89775,1.59726,0.07602,47487
57.6751,6.89781,1.59701,0.07473,47100
57.6851,6.88859,1.59675,0.07625,47005
57.6951,6.89448,1.5965,0.07649,47321
57.7051,6.89404,1.59625,0.06916,47055
57.7151,6.89889,1.596,0.07878,47265
57.7251,6.89898,1.59574,0.07668,47310
57.7351,6.89854,1.59549,0.07864,47237
57.7451,6.89213,1.59524,0.07806,47368
57.7551,6.90325,1.59499,0.07763,47266
57.7651,6.9004,1.59473,0.08052,47285
57.7751,6.89966,1.59448,0.0814,47538
57.7851,6.90015,1.59423,0.08013,47172
57.7951,6.90083,1.59398,0.08277,47348
57.8051,6.90457,1.59373,0.07737,47625
57.815,6.90822,1.59347,0.07448,47264
57.825,6.90047,1.59322,0.07746,47525
57.835,6.89569,1.59297,0.08032,47082
57.845,6.90068,1.59272,0.07662,47008
57.855,6.90161,1.59247,0.0693,47153
57.865,6.9056,1.59222,0.07867,47156
57.875,6.9027,1.59196,0.07609,47339
57.885,6.89926,1.59171,0.07673,47217
57.895,6.90663,1.59146,0.07716,47135
57.905,6.91199,1.59121,0.08183,47374
57.915,6.90817,1.59096,0.07727,47584
57.925,6.90453,1.59071,0.07814,47140
57.935,6.90314,1.59046,0.08073,47498
57.945,6.90745,1.59021,0.08241,47407
57.955,6.90648,1.58996,0.0816,47296
57.965,6.90905,1.58971,0.07843,47269
57.975,6.90762,1.58946,0.0743,47540
57.985,6.90809,1.58921,0.07661,47236
57.995,6.89513,1.58896,0.07604,46842
58.005,6.90086,1.58871,0.08174,47200
58.015,6.90516,1.58846,0.07063,47340
58.025,6.90531,1.58821,0.07238,47025
58.035,6.90474,1.58796,0.0783,47288
58.045,6.90669,1.58771,0.07857,47544
58.055,6.89973,1.58746,0.08133,47170
58.065,6.90655,1.58721,0.07667,47339
58.075,6.90995,1.58696,0.07684,47662
58.085,6.90723,1.58671,0.0905,47226
58.095,6.90542,1.58646,0.07745,47147
58.105,6.90868,1.58621,0.08068,47549
58.115,6.90395,1.58596,0.08009,47114
58.125,6.90389,1.58571,0.07329,47438
58.135,6.90369,1.58546,0.07632,47463
58.145,6.89958,1.58521,0.07779,46931
58.155,6.90225,1.58497,0.08458,47199
58.165,6.90501,1.58472,0.07032,47255
58.175,6.90302,1.58447,0.07302,46956
58.185,6.90549,1.58422,0.07992,47474
58.195,6.90133,1.58397,0.07557,47163
58.205,6.90783,1.58372,0.08159,47237
58.215,6.90461,1.58347,0.08019,47508
58.225,6.90307,1.58323,0.07628,47337
58.235,6.90394,1.58298,0.07925,47333
58.245,6.90977,1.58273,0.0787,47534
58.255,6.90703,1.58248,0.08676,47169
58.265,6.90655,1.58224,0.08135,47366
58.275,6.91392,1.58199,0.06847,47526
58.285,6.90214,1.58174,0.07834,47246
58.295,6.90099,1.58149,0.08067,47268
58.305,6.89949,1.58125,0.07723,47105
58.315,6.89827,1.581,0.07578,46913
58.325,6.90658,1.58075,0.07436,47555
58.335,6.89743,1.5805,0.07253,47132
58.345,6.89585,1.58026,0.0759,47112
58.355,6.90632,1.58001,0.08385,47508
58.365,6.90462,1.57976,0.07574,47323
58.375,6.90029,1.57952,0.0801,47120
58.385,6.90863,1.57927,0.07691,47667
58.395,6.89795,1.57902,0.08493,47092
58.405,6.90106,1.57878,0.08074,47330
58.415,6.90515,1.57853,0.07971,47639
58.425,6.8988,1.57828,0.08211,47003
58.435,6.90439,1.57804,0.07397,47698
58.445,6.90706,1.57779,0.07476,47345
58.455,6.89455,1.57754,0.07676,46880
58.465,6.90053,1.5773,0.0852,47188
58.475,6.89878,1.57705,0.07255,47245
58.485,6.89336,1.57681,0.06948,46888
58.495,6.90687,1.57656,0.07997,47695
58.505,6.90615,1.57632,0.07824,47258
58.515,6.89633,1.57607,0.07958,47000
58.525,6.91189,1.57582,0.08155,47714
58.535,6.90179,1.57558,0.07628,47333
58.545,6.90475,1.57533,0.08003,47262
58.555,6.90518,1.57509,0.08338,47574
58.565,6.9056,1.57484,0.08494,47159
58.575,6.91116,1.5746,0.07637,47510
58.585,6.90933,1.57435,0.0718,47482
58.595,6.8999,1.57411,0.07856,46946
58.605,6.90748,1.57386,0.07958,47463
58.615,6.90172,1.57362,0.07732,47085
58.625,6.90079,1.57338,0.07706,46874
58.635,6.9138,1.57313,0.07262,47356
58.645,6.90747,1.57289,0.07697,47438
58.655,6.91212,1.57264,0.07551,47232
58.665,6.91325,1.5724,0.08099,47376
58.675,6.91392,1.57215,0.07854,47393
58.685,6.91525,1.57191,0.07897,47230
58.695,6.91529,1.57167,0.07961,47523
58.705,6.91607,1.57142,0.08113,47348
58.715,6.92375,1.57118,0.08142,47414
58.725,6.91889,1.57093,0.08248,47256
58.735,6.92548,1.57069,0.07512,47493
58.745,6.92549,1.57045,0.07371,47352
58.755,6.92383,1.5702,0.07997,47151
58.765,6.92325,1.56996,0.07752,47130
58.775,6.92537,1.56972,0.08668,46931
58.785,6.93132,1.56947,0.07192,47290
58.7949,6.9371,1.56923,0.07146,47273
58.8049,6.94101,1.56899,0.07645,47295
58.8149,6.93844,1.56874,0.08265,47434
58.8249,6.94291,1.5685,0.08109,47273
58.8349,6.94715,1.56826,0.0784,47382
58.8449,6.94266,1.56802,0.0772,47451
58.8549,6.95077,1.56777,0.08303,47399
58.8649,6.95163,1.56753,0.08314,47330
58.8749,6.95445,1.56729,0.07817,47466
58.8849,6.95846,1.56705,0.07415,47567
58.8949,6.95566,1.5668,0.07992,47318
58.9049,6.95828,1.56656,0.07597,47002
58.9149,6.96848,1.56632,0.07977,47528
58.9249,6.95843,1.56608,0.07751,46956
58.9349,6.96569,1.56584,0.07879,47076
58.9449,6.97254,1.5656,0.07619,47425
58.9549,6.9677,1.56535,0.07391,47072
58.9649,6.97461,1.56511,0.07719,47383
58.9749,6.97746,1.56487,0.08299,47462
58.9849,6.97867,1.56463,0.07885,47314
58.9949,6.98308,1.56439,0.08211,47388
59.0049,6.98738,1.56415,0.07983,47531
59.0149,6.98572,1.56391,0.079,47307
59.0249,6.98955,1.56366,0.08558,47363
59.0349,6.98859,1.56342,0.07637,47476
59.0449,6.99088,1.56318,0.07831,47246
59.0549,6.9906,1.56294,0.07553,47328
59.0649,6.9951,1.5627,0.08001,47307
59.0749,6.99164,1.56246,0.07995,46952
59.0849,6.99492,1.56222,0.07728,47270
59.0949,6.99781,1.56198,0.07488,47232
59.1049,6.99446,1.56174,0.07393,47091
59.1149,7.00549,1.5615,0.08064,47642
59.1249,7.00224,1.56126,0.08153,47326
59.1349,7.00652,1.56102,0.07607,47309
59.1449,7.00657,1.56078,0.08501,47537
59.1549,7.00383,1.56054,0.08201,47196
59.1649,7.01212,1.5603,0.07989,47431
59.1749,7.01052,1.56006,0.07934,47515
59.1849,7.01263,1.55982,0.08277,47313
59.1949,7.01544,1.55958,0.07286,47464
59.2049,7.01533,1.55934,0.07812,47272
59.2149,7.01675,1.5591,0.07815,47138
59.2249,7.01848,1.55886,0.07967,47356
59.2349,7.02264,1.55862,0.07865,47272
59.2449,7.02544,1.55838,0.0811,47019
59.2549,7.02767,1.55814,0.07366,47287
59.2649,7.02941,1.5579,0.07688,47575
59.2749,7.02613,1.55767,0.07817,46942
59.2849,7.04136,1.55743,0.08149,47629
59.2949,7.03981,1.55719,0.07963,47433
59.3049,7.0386,1.55695,0.07992,47091
59.3149,7.04703,1.55671,0.08255,47819
59.3249,7.04923,1.55647,0.08346,47390
59.3349,7.0479,1.55623,0.07885,47170
59.3449,7.05939,1.55599,0.07509,47747
59.3549,7.05184,1.55576,0.08092,47325
59.3649,7.05593,1.55552,0.0758,46855
59.3749,7.06131,1.55528,0.08679,47529
59.3849,7.06365,1.55504,0.07713,47302
59.3949,7.05811,1.5548,0.07887,46896
59.4049,7.06955,1.55457,0.07324,47610
59.4149,7.07474,1.55433,0.0802,47332
59.4249,7.07194,1.55409,0.07823,47078
59.4349,7.08062,1.55385,0.07956,47718
59.4449,7.08282,1.55362,0.07897,47328
59.4549,7.08453,1.55338,0.08449,47336
59.4649,7.09016,1.55314,0.07947,47497
59.4749,7.09309,1.5529,0.08093,47386
59.4849,7.09468,1.55267,0.08229,47520
59.4949,7.1008,1.55243,0.07913,47470
59.5049,7.09945,1.55219,0.07389,47321
59.5149,7.10078,1.55196,0.08074,47214
59.5249,7.11201,1.55172,0.08188,47440
59.5349,7.10947,1.55148,0.07711,47148
59.5449,7.10916,1.55125,0.08309,47088
59.5549,7.11539,1.55101,0.0771,47461
59.5649,7.11732,1.55077,0.0744,47049
59.5749,7.12339,1.55054,0.07793,47482
59.5849,7.12972,1.5503,0.0829,47667
59.5949,7.12811,1.55006,0.07876,47249
59.6049,7.1337,1.54983,0.0816,47402
59.6149,7.14166,1.54959,0.08231,47577
59.6249,7.14209,1.54936,0.08752,47326
59.6349,7.14741,1.54912,0.07945,47528
59.6449,7.15396,1.54888,0.07452,47502
59.6549,7.15227,1.54865,0.07896,47328
59.6649,7.15362,1.54841,0.08357,47301
59.6749,7.16425,1.54818,0.07744,47267
59.6849,7.16115,1.54794,0.08029,47350
59.6949,7.16856,1.54771,0.08342,47161
59.7049,7.16759,1.54747,0.08,47088
59.7149,7.17117,1.54724,0.07534,47379
59.7249,7.17952,1.547,0.07821,47488
59.7349,7.18272,1.54677,0.07794,47429
59.7449,7.18499,1.54653,0.08178,47363
59.7549,7.1957,1.5463,0.08667,47565
59.7648,7.19459,1.54606,0.07828,47409
59.7748,7.20085,1.54583,0.08274,47668
59.7848,7.20643,1.54559,0.07975,47429
59.7948,7.20498,1.54536,0.08498,47334
59.8048,7.21414,1.54512,0.07459,47511
59.8148,7.21256,1.54489,0.08139,47168
59.8248,7.22007,1.54465,0.07867,47292
59.8348,7.22631,1.54442,0.08617,47329
59.8448,7.21966,1.54418,0.07903,47193
59.8548,7.23103,1.54395,0.07684,47349
59.8648,7.23222,1.54372,0.08058,47195
59.8748,7.24211,1.54348,0.07675,47496
59.8848,7.24784,1.54325,0.08402,47324
59.8948,7.25436,1.54302,0.07914,47535
59.9048,7.26091,1.54278,0.08239,47382
59.9148,7.25938,1.54255,0.083,47555
59.9248,7.2744,1.54231,0.08545,47515
59.9348,7.26487,1.54208,0.0816,47221
59.9448,7.28481,1.54185,0.07546,47930
59.9548,7.28061,1.54161,0.0817,47280
59.9648,7.27962,1.54138,0.08017,47044
59.9748,7.29507,1.54115,0.08152,47711
59.9848,7.2931,1.54092,0.07671,47325
59.9948,7.30291,1.54068,0.084,47319
60.0048,7.30799,1.54045,0.08613,47387
60.0148,7.3128,1.54022,0.07325,47224
60.0248,7.31707,1.53998,0.07905,47321
60.0348,7.32467,1.53975,0.08129,47434
60.0448,7.3294,1.53952,0.08247,47554
60.0548,7.33348,1.53929,0.08017,47238
60.0648,7.33507,1.53905,0.08351,47674
60.0748,7.34152,1.53882,0.08425,47425
60.0848,7.34399,1.53859,0.08279,47374
60.0948,7.36216,1.53836,0.08021,47768
60.1048,7.35425,1.53813,0.07631,47308
60.1148,7.36411,1.53789,0.08168,47291
60.1248,7.37078,1.53766,0.08596,47469
60.1348,7.37579,1.53743,0.07814,47216
60.1448,7.38039,1.5372,0.08268,47483
60.1548,7.38812,1.53697,0.0828,47393
60.1648,7.38781,1.53674,0.0809,47151
60.1748,7.39494,1.5365,0.08077,47353
60.1848,7.41262,1.53627,0.07618,47693
60.1948,7.40785,1.53604,0.08393,47262
60.2048,7.42596,1.53581,0.08491,47640
60.2148,7.43291,1.53558,0.08406,47518
60.2248,7.43586,1.53535,0.08119,47348
60.2348,7.44457,1.53512,0.08695,47556
60.2448,7.45288,1.53489,0.08131,47708
60.2548,7.44772,1.53466,0.07475,47251
60.2648,7.46384,1.53442,0.08385,47350
60.2748,7.47396,1.53419,0.08065,47517
60.2848,7.48289,1.53396,0.08287,47206
60.2948,7.49217,1.53373,0.0844,47621
60.3048,7.50204,1.5335,0.08244,47471
60.3148,7.50062,1.53327,0.08213,46982
60.3248,7.51487,1.53304,0.07701,47569
60.3348,7.52452,1.53281,0.08131,47578
60.3448,7.52603,1.53258,0.08581,47361
60.3548,7.54216,1.53235,0.0777,47463
60.3648,7.55761,1.53212,0.09015,47818
60.3748,7.55668,1.53189,0.08485,47172
60.3848,7.57201,1.53166,0.08195,47630
60.3948,7.58264,1.53143,0.07907,47593
60.4048,7.57763,1.5312,0.08428,47328
60.4148,7.59452,1.53097,0.08247,47360
60.4248,7.6082,1.53074,0.08072,47549
60.4348,7.61055,1.53052,0.08405,47342
60.4448,7.62865,1.53029,0.08422,47586
60.4548,7.6341,1.53006,0.08628,47601
60.4648,7.63765,1.52983,0.0827,46994
60.4748,7.64889,1.5296,0.07736,47446
60.4848,7.6565,1.52937,0.08265,47686
60.4948,7.66587,1.52914,0.0814,47309
60.5048,7.6747,1.52891,0.08367,47646
60.5148,7.68777,1.52868,0.08783,47535
60.5248,7.69419,1.52845,0.08322,47468
60.5348,7.70738,1.52823,0.09014,47445
60.5448,7.70537,1.528,0.07937,47590
60.5548,7.71304,1.52777,0.0793,47468
60.5648,7.72355,1.52754,0.08062,47414
60.5748,7.73574,1.52731,0.08928,47569
60.5848,7.74801,1.52708,0.0802,47469
60.5948,7.75273,1.52686,0.08684,47434
60.6048,7.76494,1.52663,0.08563,47407
60.6148,7.77321,1.5264,0.08812,47334
60.6248,7.7746,1.52617,0.07863,47455
60.6348,7.78411,1.52595,0.08023,47322
60.6448,7.80213,1.52572,0.0867,47621
60.6548,7.81264,1.52549,0.08454,47497
60.6648,7.82368,1.52526,0.08129,47522
60.6748,7.82985,1.52503,0.09023,47805
60.6848,7.83594,1.52481,0.08732,47530
60.6948,7.84648,1.52458,0.08049,47473
60.7048,7.86482,1.52435,0.07999,47664
60.7148,7.87116,1.52413,0.08617,47198
60.7248,7.88439,1.5239,0.08358,47544
60.7347,7.89774,1.52367,0.08658,47570
60.7447,7.89636,1.52345,0.08601,47396
60.7547,7.90919,1.52322,0.08323,47481
60.7647,7.92762,1.52299,0.08758,47473
60.7747,7.93628,1.52277,0.08722,47330
60.7847,7.95202,1.52254,0.08121,47415
60.7947,7.96821,1.52231,0.08087,47740
60.8047,7.96466,1.52209,0.08801,47415
60.8147,7.98836,1.52186,0.08807,47702
60.8247,8.00199,1.52163,0.08525,47793
60.8347,8.00866,1.52141,0.08632,47206
60.8447,8.03826,1.52118,0.08219,47723
60.8547,8.03986,1.52095,0.08475,47587
60.8647,8.04233,1.52073,0.08178,47427
60.8747,8.06761,1.5205,0.09027,47331
60.8847,8.08497,1.52028,0.087,47750
60.8947,8.09857,1.52005,0.08292,47283
60.9047,8.11709,1.51983,0.08527,47589
60.9147,8.14032,1.5196,0.0943,47375
60.9247,8.13675,1.51938,0.08581,47508
60.9347,8.16974,1.51915,0.0795,47361
60.9447,8.18785,1.51892,0.08853,47939
60.9547,8.20776,1.5187,0.08477,47447
60.9647,8.22923,1.51847,0.09344,47675
60.9747,8.24353,1.51825,0.08754,47658
60.9847,8.26412,1.51802,0.08412,47676
60.9947,8.28941,1.5178,0.08159,47405
61.0047,8.31501,1.51757,0.08432,47584
61.0147,8.33229,1.51735,0.09492,47327
61.0247,8.35946,1.51712,0.08385,47579
61.0347,8.38465,1.5169,0.08893,47842
61.0447,8.41232,1.51668,0.09055,47412
61.0547,8.43434,1.51645,0.09231,47368
61.0647,8.48302,1.51623,0.0869,47552
61.0747,8.49986,1.516,0.08823,47379
61.0847,8.52582,1.51578,0.08569,47352
61.0947,8.56367,1.51555,0.08531,47974
61.1047,8.6041,1.51533,0.0941,47544
61.1147,8.63487,1.51511,0.08808,47539
61.1247,8.68818,1.51488,0.09053,47805
61.1347,8.70575,1.51466,0.08832,47625
61.1447,8.76062,1.51443,0.09096,47478
61.1547,8.79665,1.51421,0.08745,47374
61.1647,8.85783,1.51399,0.08946,47546
61.1747,8.89708,1.51376,0.0931,47467
61.1847,8.95453,1.51354,0.08777,47979
61.1947,9.00846,1.51332,0.09226,47632
61.2047,9.06195,1.51309,0.10005,47175
61.2147,9.14056,1.51287,0.09648,47724
61.2247,9.20419,1.51265,0.08853,47314
61.2347,9.25766,1.51242,0.08708,47571
61.2447,9.34366,1.5122,0.09952,47866
61.2547,9.42006,1.51198,0.09584,47532
61.2647,9.50281,1.51176,0.09213,47464
61.2747,9.59009,1.51153,0.09984,48167
61.2847,9.66781,1.51131,0.09034,47438
61.2947,9.77225,1.51109,0.0934,47642
61.3047,9.85369,1.51087,0.09537,47276
61.3147,9.99644,1.51064,0.0937,47698
61.3247,10.07581,1.51042,0.10448,47542
61.3347,10.20127,1.5102,0.10621,47735
61.3447,10.34333,1.50998,0.10065,47553
61.3547,10.47108,1.50975,0.09364,47592
61.3647,10.61196,1.50953,0.10809,47531
61.3747,10.75507,1.50931,0.10651,47555
61.3847,10.90384,1.50909,0.09694,47702
61.3947,11.04498,1.50887,0.09773,47539
61.4047,11.25359,1.50865,0.10948,47666
61.4147,11.38832,1.50842,0.11573,47800
61.4247,11.56343,1.5082,0.09867,47437
61.4347,11.78379,1.50798,0.10201,47885
61.4447,11.97016,1.50776,0.10683,47488
61.4547,12.12744,1.50754,0.10389,47575
61.4647,12.41752,1.50732,0.11363,47472
61.4747,12.60424,1.5071,0.11752,47878
61.4847,12.84208,1.50687,0.10677,47301
61.4947,13.12693,1.50665,0.11798,47867
61.5047,13.34758,1.50643,0.11588,47935
61.5147,13.61235,1.50621,0.11349,47277
61.5247,13.94937,1.50599,0.1308,47362
61.5347,14.20303,1.50577,0.11134,47910
61.5447,14.44598,1.50555,0.11631,47617
61.5547,14.80496,1.50533,0.11963,47762
61.5647,15.11585,1.50511,0.12809,47714
61.5747,15.41809,1.50489,0.12772,47682
61.5847,15.75417,1.50467,0.10877,47643
61.5947,16.09921,1.50445,0.12136,47812
61.6047,16.42045,1.50423,0.13216,47510
61.6147,16.8369,1.50401,0.12569,47302
61.6247,17.18045,1.50379,0.12494,48076
61.6347,17.56384,1.50357,0.13662,47683
61.6447,17.99515,1.50335,0.13299,47362
61.6547,18.40021,1.50313,0.13894,47706
61.6647,18.82474,1.50291,0.14584,47837
61.6747,19.23207,1.50269,0.12745,47347
61.6847,19.70223,1.50247,0.13507,47832
61.6947,20.08505,1.50225,0.14559,47769
61.7046,20.51071,1.50203,0.14054,47426
61.7146,21.02661,1.50181,0.1426,48097
61.7246,21.44014,1.50159,0.13178,47899
61.7346,21.89216,1.50137,0.1421,47402
61.7446,22.32157,1.50115,0.13773,47601
61.7546,22.83835,1.50093,0.14425,47818
61.7646,23.2768,1.50071,0.15182,47118
61.7746,23.81285,1.50049,0.14542,48124
61.7846,24.25656,1.50028,0.15432,47952
61.7946,24.7342,1.50006,0.16059,47482
61.8046,25.2753,1.49984,0.1597,47594
61.8146,25.73235,1.49962,0.15466,47797
61.8246,26.24931,1.4994,0.16095,47510
61.8346,26.67672,1.49918,0.14963,47588
61.8446,27.18728,1.49896,0.159,48025
61.8546,27.58705,1.49875,0.16985,47680
61.8646,28.09431,1.49853,0.15915,47653
61.8746,28.57183,1.49831,0.14803,48086
61.8846,28.98975,1.49809,0.15968,47587
61.8946,29.389,1.49787,0.16687,47513
61.9046,29.87561,1.49766,0.16041,47778
61.9146,30.313,1.49744,0.15862,47650
61.9246,30.66634,1.49722,0.18683,47567
61.9346,31.12508,1.497,0.1652,48136
61.9446,31.50447,1.49678,0.17345,47747
61.9546,31.85348,1.49657,0.17156,47375
61.9646,32.26518,1.49635,0.18319,47855
61.9746,32.60119,1.49613,0.1702,47604
61.9846,32.90624,1.49591,0.16694,47579
61.9946,33.20516,1.4957,0.17738,47907
62.0046,33.49552,1.49548,0.16937,48017
62.0146,33.78421,1.49526,0.17778,47496
62.0246,33.99033,1.49505,0.16826,48073
62.0346,34.22729,1.49483,0.16521,47563
62.0446,34.43538,1.49461,0.16883,47545
62.0546,34.59212,1.4944,0.18447,47714
62.0646,34.74473,1.49418,0.18347,47973
62.0746,34.91157,1.49396,0.16971,47744
62.0846,35.02501,1.49375,0.18979,47559
62.0946,35.05877,1.49353,0.18285,48043
62.1046,35.13846,1.49331,0.17448,47789
62.1146,35.16315,1.4931,0.18356,47361
62.1246,35.16206,1.49288,0.18015,48017
62.1346,35.15482,1.49266,0.16319,47674
62.1446,35.12564,1.49245,0.17376,47701
62.1546,34.98897,1.49223,0.1857,48118
62.1646,34.93398,1.49202,0.1654,47818
62.1746,34.82159,1.4918,0.17877,47546
62.1846,34.67875,1.49158,0.17488,47759
62.1946,34.45716,1.49137,0.17448,47784
62.2046,34.31274,1.49115,0.17097,47846
62.2146,34.06168,1.49094,0.19034,47485
62.2246,33.7808,1.49072,0.17189,48105
62.2346,33.58058,1.49051,0.16834,47871
62.2446,33.27879,1.49029,0.18157,47774
62.2546,32.88765,1.49007,0.18986,47858
62.2646,32.58514,1.48986,0.1683,47711
62.2746,32.25594,1.48964,0.15885,47654
62.2846,31.84306,1.48943,0.16535,47725
62.2946,31.52239,1.48921,0.16331,48100
62.3046,31.15997,1.489,0.17129,47589
62.3146,30.60565,1.48878,0.15906,48047
62.3246,30.34594,1.48857,0.16045,47860
62.3346,29.89262,1.48835,0.16668,47441
62.3446,29.31498,1.48814,0.15964,47918
62.3546,28.92195,1.48793,0.17503,47963
62.3646,28.47779,1.48771,0.15059,47740
62.3746,27.91165,1.4875,0.16842,47660
62.3846,27.50046,1.48728,0.16236,48184
62.3946,26.97568,1.48707,0.16576,47884
62.4046,26.43117,1.48685,0.15532,47598
62.4146,25.92744,1.48664,0.16456,47837
62.4246,25.42211,1.48643,0.13923,47919
62.4346,24.9481,1.48621,0.13907,47565
62.4446,24.4305,1.486,0.15534,48102
62.4546,23.95372,1.48578,0.14087,48094
62.4646,23.42753,1.48557,0.14604,47644
62.4746,22.97735,1.48536,0.14542,47790
62.4846,22.49973,1.48514,0.15499,47818
62.4946,21.95601,1.48493,0.13564,47707
62.5046,21.41372,1.48472,0.14548,47924
62.5146,21.01576,1.4845,0.14638,48130
62.5246,20.46221,1.48429,0.14456,47646
62.5346,20.06055,1.48407,0.14332,47928
62.5446,19.53861,1.48386,0.1309,48273
62.5546,19.07206,1.48365,0.14558,47816
62.5646,18.61203,1.48344,0.13277,47322
62.5746,18.2038,1.48322,0.12016,48197
62.5846,17.77173,1.48301,0.12921,47964
62.5946,17.40422,1.4828,0.12106,47456
62.6046,16.98531,1.48258,0.12576,48355
62.6146,16.58928,1.48237,0.12581,47790
62.6246,16.21959,1.48216,0.12142,47398
62.6346,15.85988,1.48195,0.12848,48215
62.6446,15.4792,1.48173,0.12303,47881
62.6546,15.09091,1.48152,0.12361,47797
62.6646,14.82175,1.48131,0.1227,47973
62.6745,14.46225,1.4811,0.12419,48011
62.6845,14.089,1.48088,0.11833,47966
62.6945,13.8816,1.48067,0.12241,47873
62.7045,13.52096,1.48046,0.11524,47998
62.7145,13.16485,1.48025,0.11909,47732
62.7245,13.02308,1.48004,0.10122,47788
62.7345,12.72483,1.47982,0.10822,48336
62.7445,12.42979,1.47961,0.10782,47619
62.7545,12.27341,1.4794,0.10189,47996
62.7645,12.02471,1.47919,0.10977,48000
62.7745,11.76874,1.47898,0.11188,47453
62.7845,11.59802,1.47877,0.10261,47985
62.7945,11.39009,1.47855,0.11144,48270
62.8045,11.17578,1.47834,0.1029,47750
62.8145,11.00973,1.47813,0.10587,48004
62.8245,10.84809,1.47792,0.10758,48094
62.8345,10.66107,1.47771,0.107,48077
62.8445,10.50073,1.4775,0.10234,48062
62.8545,10.35523,1.47729,0.10033,47720
62.8645,10.19438,1.47708,0.1029,47907
62.8745,10.07156,1.47687,0.09146,47906
62.8845,9.9621,1.47666,0.09387,48005
62.8945,9.82007,1.47644,0.09275,48120
62.9045,9.72806,1.47623,0.0963,47721
62.9145,9.6058,1.47602,0.09557,47780
62.9245,9.51124,1.47581,0.09123,48235
62.9345,9.40157,1.4756,0.10177,47751
62.9445,9.31948,1.47539,0.09266,48081
62.9545,9.23989,1.47518,0.09916,47981
62.9645,9.12319,1.47497,0.09422,47955
62.9745,9.08166,1.47476,0.0952,48360
62.9845,8.98491,1.47455,0.09617,47932
62.9945,8.91208,1.47434,0.09433,47726
63.0045,8.84764,1.47413,0.09295,48071
63.0145,8.77856,1.47392,0.08872,47970
63.0245,8.71622,1.47371,0.08642,47670
63.0345,8.66943,1.4735,0.08511,48485
63.0445,8.62529,1.47329,0.08516,47908
63.0545,8.55387,1.47308,0.09148,47495
63.0645,8.52828,1.47287,0.08726,48290
63.0745,8.48411,1.47266,0.09295,48045
63.0845,8.41877,1.47245,0.08451,47921
63.0945,8.3964,1.47225,0.10097,47995
63.1045,8.34963,1.47204,0.08554,48327
63.1145,8.31766,1.47183,0.0881,47665
63.1245,8.27988,1.47162,0.093,48381
63.1345,8.24979,1.47141,0.0938,48302
63.1445,8.22058,1.4712,0.08914,47476
63.1545,8.17209,1.47099,0.08647,48165
63.1645,8.15972,1.47078,0.08449,48137
63.1745,8.12605,1.47057,0.08514,47949
63.1845,8.10731,1.47036,0.07857,48020
63.1945,8.0818,1.47016,0.08381,48155
63.2045,8.05982,1.46995,0.08914,47951
63.2145,8.03412,1.46974,0.08867,47673
63.2245,8.01841,1.46953,0.0844,48402
63.2345,8.0031,1.46932,0.08694,47825
63.2445,7.95701,1.46911,0.08724,48007
63.2545,7.96803,1.46891,0.09187,48366
63.2645,7.93464,1.4687,0.08483,48160
63.2745,7.91929,1.46849,0.08676,47756
63.2845,7.90256,1.46828,0.09449,48563
63.2945,7.88835,1.46807,0.08508,47978
63.3045,7.85899,1.46787,0.08964,47675
63.3145,7.86582,1.46766,0.07861,48185
63.3245,7.84064,1.46745,0.08078,48311
63.3345,7.82366,1.46724,0.08024,48108
63.3445,7.82311,1.46704,0.08451,47534
63.3545,7.79813,1.46683,0.0838,48376
63.3645,7.80125,1.46662,0.08771,48009
63.3745,7.76447,1.46641,0.08251,47768
63.3845,7.77367,1.46621,0.08535,48379
63.3945,7.75578,1.466,0.08962,48386
63.4045,7.74955,1.46579,0.0881,47804
63.4145,7.72871,1.46559,0.08282,48485
63.4245,7.73589,1.46538,0.08731,48193
63.4345,7.70971,1.46517,0.09214,48076
63.4445,7.70671,1.46496,0.08772,47903
63.4545,7.69147,1.46476,0.0785,48277
63.4645,7.68204,1.46455,0.07773,48019
63.4745,7.68013,1.46434,0.08104,48117
63.4845,7.67083,1.46414,0.0811,48093
63.4945,7.6524,1.46393,0.08336,47871
63.5045,7.65636,1.46373,0.08553,48166
63.5145,7.6393,1.46352,0.08637,48251
63.5245,7.63589,1.46331,0.08724,48048
63.5345,7.62331,1.46311,0.08094,48352
63.5445,7.61194,1.4629,0.08807,48097
63.5545,7.61107,1.46269,0.08752,48228
63.5645,7.59713,1.46249,0.08675,48229
63.5745,7.5853,1.46228,0.08423,48135
63.5845,7.58091,1.46208,0.08822,48278
63.5945,7.56003,1.46187,0.08951,48013
63.6045,7.56735,1.46166,0.07609,48046
63.6145,7.54334,1.46146,0.07484,48401
63.6245,7.54579,1.46125,0.08289,47824
63.6345,7.53371,1.46105,0.08207,48284
63.6444,7.51993,1.46084,0.0822,47865
63.6544,7.51401,1.46064,0.08169,48148
63.6644,7.51108,1.46043,0.09352,48455
63.6744,7.4953,1.46023,0.08149,48034
63.6844,7.49183,1.46002,0.08561,48184
63.6944,7.47665,1.45982,0.084,48573
63.7044,7.48171,1.45961,0.08795,48167
63.7144,7.45618,1.45941,0.08409,48188
63.7244,7.45885,1.4592,0.08567,48264
63.7344,7.44373,1.459,0.08697,48169
63.7444,7.4384,1.45879,0.0819,48068
63.7544,7.43575,1.45859,0.07302,48182
63.7644,7.42633,1.45838,0.07747,48326
63.7744,7.41124,1.45818,0.08514,47753
63.7844,7.4101,1.45797,0.08558,48362
63.7944,7.40494,1.45777,0.07869,48332
63.8044,7.40283,1.45756,0.08338,48169
63.8144,7.37945,1.45736,0.08948,48076
63.8244,7.39512,1.45716,0.08172,48420
63.8344,7.37481,1.45695,0.08266,48536
63.8444,7.37233,1.45675,0.09003,47791
63.8544,7.36209,1.45654,0.08563,48586
63.8644,7.36638,1.45634,0.08215,48523
63.8744,7.34916,1.45614,0.08501,48033
63.8844,7.34556,1.45593,0.08778,48121
63.8944,7.34722,1.45573,0.07195,48351
63.9044,7.32875,1.45553,0.07883,48243
63.9144,7.33092,1.45532,0.08037,47943
63.9244,7.32633,1.45512,0.07942,48424
63.9344,7.31642,1.45491,0.08847,48196
63.9444,7.30635,1.45471,0.07741,48016
63.9544,7.31534,1.45451,0.08476,48400
63.9644,7.30318,1.4543,0.08515,48482
63.9744,7.29043,1.4541,0.08536,48067
63.9844,7.2963,1.4539,0.0804,48512
63.9944,7.28525,1.4537,0.0874,48566
64.0044,7.27672,1.45349,0.08802,48013
64.0144,7.26981,1.45329,0.08333,48530
64.0244,7.26631,1.45309,0.0826,48377
64.0344,7.25227,1.45288,0.08357,48104
64.0444,7.2528,1.45268,0.07266,48235
64.0544,7.2452,1.45248,0.07752,48190
64.0644,7.23334,1.45228,0.08009,48194
64.0744,7.23127,1.45207,0.08402,48090
64.0844,7.22697,1.45187,0.07897,48643
64.0944,7.22316,1.45167,0.09087,48220
64.1044,7.20503,1.45147,0.07721,48259
64.1144,7.20872,1.45126,0.09318,48389
64.1244,7.196,1.45106,0.0818,48561
64.1344,7.19346,1.45086,0.08262,48239
64.1444,7.17811,1.45066,0.0819,48466
64.1544,7.18404,1.45046,0.08991,48464
64.1644,7.1637,1.45025,0.08232,48301
64.1744,7.16715,1.45005,0.0831,48210
64.1844,7.15343,1.44985,0.06994,48533
64.1944,7.15045,1.44965,0.07883,47968
64.2044,7.14437,1.44945,0.07875,48194
64.2144,7.14302,1.44925,0.08363,48391
64.2244,7.13268,1.44904,0.08208,48420
64.2344,7.12839,1.44884,0.07694,48293
64.2444,7.12422,1.44864,0.08996,48383
64.2544,7.12401,1.44844,0.08538,48639
64.2644,7.11272,1.44824,0.07977,48203
64.2744,7.11304,1.44804,0.0836,48610
64.2844,7.10671,1.44784,0.0837,48433
64.2944,7.10062,1.44764,0.08324,48469
64.3044,7.09953,1.44743,0.08496,48538
64.3144,7.09124,1.44723,0.08543,48201
64.3244,7.08699,1.44703,0.07432,48347
64.3344,7.08353,1.44683,0.07462,48193
64.3444,7.08469,1.44663,0.07684,48304
64.3544,7.07695,1.44643,0.08289,48404
64.3644,7.0755,1.44623,0.08092,48413
64.3744,7.0735,1.44603,0.0802,48415
64.3844,7.06649,1.44583,0.0834,48402
64.3944,7.05994,1.44563,0.08283,48566
64.4044,7.06492,1.44543,0.08657,48563
64.4144,7.05926,1.44523,0.08082,48373
64.4244,7.04811,1.44503,0.08275,48405
64.4344,7.04899,1.44483,0.08779,48679
64.4444,7.0451,1.44463,0.08138,48537
64.4544,7.04251,1.44443,0.08351,48287
64.4644,7.02888,1.44423,0.07712,48365
64.4744,7.0374,1.44403,0.07618,48389
64.4844,7.02097,1.44383,0.07436,48055
64.4944,7.03113,1.44363,0.08013,48438
64.5044,7.02132,1.44343,0.08031,48769
64.5144,7.0212,1.44323,0.08108,48346
64.5244,7.00503,1.44303,0.08219,48157
64.5344,7.01827,1.44283,0.08546,48821
64.5444,7.00003,1.44263,0.08072,48669
64.5544,7.00103,1.44243,0.08234,47990
64.5644,6.99482,1.44223,0.08455,48928
64.5744,7.00177,1.44203,0.08498,48738
64.5844,6.98077,1.44183,0.0818,48463
64.5944,6.98688,1.44164,0.08423,48566
64.6044,6.9772,1.44144,0.07775,48582
64.6143,6.97298,1.44124,0.07682,48058
64.6243,6.96902,1.44104,0.07232,47975
64.6343,6.96877,1.44084,0.08055,48957
64.6443,6.96701,1.44064,0.08274,48523
64.6543,6.94895,1.44044,0.08134,48156
64.6643,6.96088,1.44024,0.08045,48500
64.6743,6.94984,1.44005,0.08257,49022
64.6843,6.95152,1.43985,0.0823,48184
64.6943,6.93569,1.43965,0.08349,48667
64.7043,6.93816,1.43945,0.07937,48815
64.7143,6.93683,1.43925,0.08515,48585
64.7243,6.92378,1.43905,0.08239,48492
64.7343,6.93021,1.43886,0.08727,48645
64.7443,6.91648,1.43866,0.07245,48607
64.7543,6.91653,1.43846,0.08179,48119
64.7643,6.91022,1.43826,0.07588,48502
64.7743,6.91325,1.43806,0.07147,48423
64.7843,6.90017,1.43787,0.08463,48440
64.7943,6.90251,1.43767,0.08208,48708
64.8043,6.89766,1.43747,0.0806,48594
64.8143,6.89183,1.43727,0.08168,48457
64.8243,6.89485,1.43708,0.08159,48735
64.8343,6.88464,1.43688,0.08663,48783
64.8443,6.88407,1.43668,0.07992,48603
64.8543,6.87402,1.43648,0.08089,48562
64.8643,6.88014,1.43629,0.08503,48611
64.8743,6.87386,1.43609,0.08356,48828
64.8843,6.8668,1.43589,0.07705,48568
64.8943,6.86634,1.43569,0.0764,48384
64.9043,6.85681,1.4355,0.07802,48311
64.9143,6.85658,1.4353,0.07679,48298
64.9243,6.85475,1.4351,0.07619,48890
64.9343,6.85226,1.43491,0.08153,48505
64.9443,6.84515,1.43471,0.08103,48660
64.9543,6.84534,1.43451,0.07943,48782
64.9643,6.84239,1.43432,0.08261,48673
64.9743,6.83358,1.43412,0.08075,48558
64.9843,6.83334,1.43392,0.08011,48719
64.9943,6.82916,1.43373,0.08569,49007
65.0043,6.82565,1.43353,0.08196,48416
65.0143,6.81421,1.43333,0.08652,48632
65.0243,6.81766,1.43314,0.07264,49091
65.0343,6.81698,1.43294,0.07936,48488
65.0443,6.79781,1.43275,0.07811,48143
65.0543,6.80411,1.43255,0.07622,48592
65.0643,6.80325,1.43235,0.07758,48734
65.0743,6.79469,1.43216,0.07981,48433
65.0843,6.78912,1.43196,0.0791,48780
65.0943,6.78944,1.43177,0.08637,48915
65.1043,6.79204,1.43157,0.08103,48744
65.1143,6.77472,1.43138,0.08234,48333
65.1243,6.7802,1.43118,0.08349,49030
65.1343,6.78058,1.43098,0.07821,48992
65.1443,6.7679,1.43079,0.0866,48321
65.1543,6.76911,1.43059,0.07803,48930
65.1643,6.77191,1.4304,0.07931,49090
65.1743,6.76222,1.4302,0.07581,48652
65.1843,6.75562,1.43001,0.07924,47895
65.1943,6.76154,1.42981,0.07345,48736
65.2043,6.76404,1.42962,0.0778,48887
65.2143,6.75557,1.42942,0.07761,48347
65.2243,6.75761,1.42923,0.08218,48881
65.2343,6.7565,1.42903,0.07898,48968
65.2443,6.7568,1.42884,0.08301,48825
65.2543,6.75095,1.42864,0.08154,48501
65.2643,6.75324,1.42845,0.08202,49091
65.2743,6.75338,1.42825,0.08397,48913
65.2843,6.74306,1.42806,0.08134,48543
65.2943,6.74851,1.42786,0.08308,48925
65.3043,6.74903,1.42767,0.07799,49003
65.3143,6.73777,1.42748,0.07521,48496
65.3243,6.7375,1.42728,0.08319,48319
65.3343,6.73895,1.42709,0.07206,48848
65.3443,6.73824,1.42689,0.07707,48747
65.3543,6.73538,1.4267,0.07903,48552
65.3643,6.73039,1.4265,0.08128,48938
65.3743,6.73325,1.42631,0.07897,48883
65.3843,6.72118,1.42612,0.0818,48691
65.3943,6.7261,1.42592,0.08421,48821
65.4043,6.72633,1.42573,0.07943,49070
65.4143,6.71939,1.42554,0.08237,48758
65.4243,6.72091,1.42534,0.08168,48926
65.4343,6.71541,1.42515,0.08104,48979
65.4443,6.71302,1.42495,0.07503,49031
65.4543,6.70727,1.42476,0.07805,48691
65.4643,6.69962,1.42457,0.0816,48145
65.4743,6.70767,1.42437,0.07543,48920
65.4843,6.69916,1.42418,0.07623,48603
65.4943,6.70314,1.42399,0.07789,48851
65.5043,6.6959,1.42379,0.08444,48840
65.5143,6.69708,1.4236,0.07783,48954
65.5243,6.69417,1.42341,0.07865,48943
65.5343,6.68793,1.42322,0.08295,48825
65.5443,6.68849,1.42302,0.08149,48873
65.5543,6.68297,1.42283,0.08293,49013
65.5643,6.68697,1.42264,0.08187,49064
65.5743,6.67745,1.42244,0.0835,48930
65.5842,6.67603,1.42225,0.07121,48810
65.5942,6.67837,1.42206,0.08191,49028
65.6042,6.66773,1.42187,0.07939,48498
65.6142,6.66519,1.42167,0.07599,48561
65.6242,6.66802,1.42148,0.07644,48857
65.6342,6.66529,1.42129,0.07566,49037
65.6442,6.65932,1.4211,0.08041,48725
65.6542,6.66152,1.4209,0.08143,48895
65.6642,6.65763,1.42071,0.07925,49247
65.6742,6.65669,1.42052,0.08156,48952
65.6842,6.64823,1.42033,0.08215,48585
65.6942,6.65196,1.42014,0.07998,49367
65.7042,6.6506,1.41994,0.08492,49105
65.7142,6.64672,1.41975,0.08252,48620
65.7242,6.64264,1.41956,0.0752,49235
65.7342,6.6435,1.41937,0.07342,49026
65.7442,6.63832,1.41918,0.08314,48617
65.7542,6.63878,1.41899,0.0806,48208
65.7642,6.63663,1.41879,0.07117,49211
65.7742,6.63952,1.4186,0.08066,49212
65.7842,6.63343,1.41841,0.0781,48848
65.7942,6.6372,1.41822,0.07922,48872
65.8042,6.63224,1.41803,0.08365,49239
65.8142,6.62952,1.41784,0.07976,49003
65.8242,6.62909,1.41765,0.08167,48536
65.8342,6.63571,1.41746,0.08295,49389
65.8442,6.62839,1.41726,0.07913,49377
65.8542,6.62893,1.41707,0.08105,48722
65.8642,6.62737,1.41688,0.07799,49141
65.8742,6.62923,1.41669,0.07654,49101
65.8842,6.62497,1.4165,0.07762,48726
65.8942,6.62161,1.41631,0.08325,48510
65.9042,6.62486,1.41612,0.07053,49036
65.9142,6.62841,1.41593,0.07836,49134
65.9242,6.62184,1.41574,0.08025,48772
65.9342,6.62301,1.41555,0.08387,48901
65.9442,6.63148,1.41536,0.07391,49439
65.9542,6.61878,1.41517,0.08484,49166
65.9642,6.62943,1.41498,0.08178,48904
65.9742,6.62519,1.41479,0.08068,49201
65.9842,6.62544,1.4146,0.08236,49311
65.9942,6.62304,1.41441,0.07866,48991
66.0042,6.62432,1.41422,0.07832,48984
66.0142,6.62442,1.41403,0.07589,49046
66.0242,6.61861,1.41384,0.08251,48816
66.0342,6.6209,1.41365,0.07768,48833
66.0442,6.62048,1.41346,0.07481,48962
66.0542,6.6193,1.41327,0.07488,49055
66.0642,6.61988,1.41308,0.08314,49061
66.0742,6.62239,1.41289,0.07906,49137
66.0842,6.62218,1.4127,0.08039,49261
66.0942,6.61819,1.41251,0.08012,49031
66.1042,6.62121,1.41232,0.08381,49257
66.1142,6.61975,1.41213,0.08225,49098
66.1242,6.61965,1.41194,0.08072,49298
66.1342,6.61966,1.41175,0.07365,49285
66.1442,6.61738,1.41156,0.08107,49137
66.1542,6.61518,1.41137,0.07768,48798
66.1642,6.6121,1.41118,0.07745,48885
66.1742,6.61585,1.411,0.08443,49137
66.1842,6.61691,1.41081,0.07483,49002
66.1942,6.6111,1.41062,0.07546,49060
66.2042,6.61473,1.41043,0.07935,49134
66.2142,6.61937,1.41024,0.08583,49329
66.2242,6.61133,1.41005,0.07454,48946
66.2342,6.61431,1.40986,0.08185,49063
66.2442,6.61912,1.40967,0.08272,49618
66.2542,6.61581,1.40949,0.08188,49234
66.2642,6.61061,1.4093,0.08117,49032
66.2742,6.61652,1.40911,0.07631,49296
66.2842,6.61161,1.40892,0.07903,49310
66.2942,6.61547,1.40873,0.07817,49174
66.3042,6.61067,1.40854,0.07945,48826
66.3142,6.61461,1.40836,0.0829,49041
66.3242,6.61338,1.40817,0.07502,49352
66.3342,6.61182,1.40798,0.07507,48817
66.3442,6.60942,1.40779,0.07858,49123
66.3542,6.6159,1.4076,0.08202,49593
66.3642,6.61357,1.40742,0.0818,49255
66.3742,6.61057,1.40723,0.07402,48975
66.3842,6.6166,1.40704,0.09456,49440
66.3942,6.61519,1.40685,0.07762,49505
66.4042,6.61157,1.40667,0.07907,49246
66.4142,6.61191,1.40648,0.08022,49162
66.4242,6.61594,1.40629,0.0738,49300
66.4342,6.61101,1.4061,0.08129,49118
66.4442,6.61003,1.40592,0.07864,49102
66.4542,6.60995,1.40573,0.08008,48827
66.4642,6.61409,1.40554,0.07856,49436
66.4742,6.60707,1.40535,0.07509,49175
66.4842,6.61037,1.40517,0.08088,48963
66.4942,6.61103,1.40498,0.07905,49603
66.5042,6.60885,1.40479,0.08146,49509
66.5142,6.60832,1.40461,0.08243,49243
66.5242,6.60664,1.40442,0.0797,49215
66.5342,6.60941,1.40423,0.08484,49498
66.5442,6.60422,1.40405,0.07285,49420
66.5541,6.60209,1.40386,0.07761,49105
66.5641,6.60286,1.40367,0.08265,49193
66.5741,6.60307,1.40349,0.07591,49465
66.5841,6.59887,1.4033,0.08608,49198
66.5941,6.59378,1.40311,0.07951,49056
66.6041,6.59677,1.40293,0.07232,49219
66.6141,6.59209,1.40274,0.07992,49340
66.6241,6.59016,1.40255,0.07832,49333
66.6341,6.58995,1.40237,0.0807,49291
66.6441,6.59116,1.40218,0.08163,49607
66.6541,6.5917,1.402,0.08508,49249
66.6641,6.5858,1.40181,0.07845,49624
66.6741,6.58688,1.40162,0.08552,49169
66.6841,6.58413,1.40144,0.07499,49656
66.6941,6.5872,1.40125,0.07826,49076
66.7041,6.58103,1.40107,0.07551,49409
66.7141,6.58355,1.40088,0.08383,49364
66.7241,6.58064,1.40069,0.07753,49208
66.7341,6.58273,1.40051,0.0827,49233
66.7441,6.58726,1.40032,0.07735,49290
66.7541,6.58334,1.40014,0.07567,49401
66.7641,6.58335,1.39995,0.08178,49409
66.7741,6.5881,1.39977,0.07742,49639
66.7841,6.58708,1.39958,0.08241,49287
66.7941,6.587,1.3994,0.08194,49383
66.8041,6.5924,1.39921,0.08297,49835
66.8141,6.59127,1.39903,0.07514,49582
66.8241,6.58777,1.39884,0.08002,49319
66.8341,6.59016,1.39866,0.07546,49163
66.8441,6.5969,1.39847,0.08031,49515
66.8541,6.59707,1.39829,0.08066,49450
66.8641,6.59176,1.3981,0.08141,49030
66.8741,6.5983,1.39792,0.07979,49320
66.8841,6.60116,1.39773,0.0772,49664
66.8941,6.60075,1.39755,0.07558,49464
66.9041,6.59892,1.39736,0.08099,49227
66.9141,6.607,1.39718,0.08322,49740
66.9241,6.60724,1.39699,0.07901,49715
66.9341,6.60389,1.39681,0.08349,49334
66.9441,6.60453,1.39663,0.08027,49569
66.9541,6.6114,1.39644,0.07741,49874
66.9641,6.60828,1.39626,0.07439,49237
66.9741,6.60533,1.39607,0.08202,48982
66.9841,6.61563,1.39589,0.07823,49743
66.9941,6.61586,1.3957,0.08065,49777
67.0041,6.61449,1.39552,0.08072,49236
67.0141,6.61431,1.39534,0.08334,49053
67.0241,6.61765,1.39515,0.07626,49795
67.0341,6.6212,1.39497,0.0765,49715
67.0441,6.61543,1.39479,0.08323,49267
67.0541,6.6183,1.3946,0.08038,49501
67.0641,6.62271,1.39442,0.08323,49804
67.0741,6.62234,1.39423,0.08147,49691
67.0841,6.62148,1.39405,0.07611,49547
67.0941,6.62558,1.39387,0.0768,49582
67.1041,6.62825,1.39368,0.0787,49474
67.1141,6.62535,1.3935,0.07935,49326
67.1241,6.63225,1.39332,0.08197,49603
67.1341,6.63097,1.39313,0.08008,49518
67.1441,6.63109,1.39295,0.08399,49614
67.1541,6.62898,1.39277,0.08544,49290
67.1641,6.63441,1.39258,0.07156,49724
67.1741,6.63669,1.3924,0.07807,49593
67.1841,6.63837,1.39222,0.08444,49666
67.1941,6.63695,1.39204,0.07967,49629
67.2041,6.6418,1.39185,0.08161,49581
67.2141,6.6454,1.39167,0.08271,49670
67.2241,6.64549,1.39149,0.07663,49665
67.2341,6.64936,1.39131,0.07592,49748
67.2441,6.64994,1.39112,0.08102,49347
67.2541,6.65194,1.39094,0.08089,49695
67.2641,6.65483,1.39076,0.07994,49676
67.2741,6.65878,1.39058,0.08224,49815
67.2841,6.65916,1.39039,0.08167,49339
67.2941,6.65914,1.39021,0.0843,49346
67.3041,6.66612,1.39003,0.07506,49998
67.3141,6.66686,1.38985,0.07709,49653
67.3241,6.66958,1.38966,0.08364,49550
67.3341,6.67379,1.38948,0.08177,49744
67.3441,6.67698,1.3893,0.08024,49997
67.3541,6.67916,1.38912,0.07861,49775
67.3641,6.67657,1.38894,0.07807,49580
67.3741,6.68264,1.38875,0.0804,49515
67.3841,6.68584,1.38857,0.08026,49726
67.3941,6.68684,1.38839,0.08177,49601
67.4041,6.68538,1.38821,0.07866,49433
67.4141,6.69208,1.38803,0.08549,50029
67.4241,6.69288,1.38785,0.08212,49755
67.4341,6.6952,1.38766,0.08001,49434
67.4441,6.69507,1.38748,0.07697,49656
67.4541,6.70162,1.3873,0.08009,49990
67.4641,6.70346,1.38712,0.08265,49876
67.4741,6.70725,1.38694,0.082,49561
67.4841,6.70292,1.38676,0.08018,49828
67.4941,6.71203,1.38658,0.07859,50103
67.5041,6.71026,1.3864,0.07769,49680
67.5141,6.71077,1.38621,0.07992,49261
67.524,6.71619,1.38603,0.08157,49907
67.534,6.72066,1.38585,0.07965,49872
67.544,6.72014,1.38567,0.0833,49930
67.554,6.72035,1.38549,0.08236,49513
67.564,6.72393,1.38531,0.085,49779
67.574,6.72722,1.38513,0.07638,49812
67.584,6.72696,1.38495,0.07543,49656
67.594,6.73047,1.38477,0.08298,49757
67.604,6.73487,1.38459,0.0824,50047
67.614,6.73888,1.38441,0.08183,50155
67.624,6.73669,1.38423,0.07777,49503
67.634,6.74355,1.38405,0.0798,49980
67.644,6.7452,1.38387,0.08128,49685
67.654,6.74869,1.38369,0.07821,49950
67.664,6.74913,1.38351,0.08574,49672
67.674,6.75081,1.38333,0.07857,49660
67.684,6.7553,1.38315,0.08489,50068
67.694,6.75499,1.38297,0.08656,49839
67.704,6.76204,1.38279,0.08127,49675
67.714,6.76344,1.38261,0.0762,49779
67.724,6.76811,1.38243,0.07884,49956
67.734,6.77154,1.38225,0.08204,49928
67.744,6.77483,1.38207,0.08424,50077
67.754,6.77696,1.38189,0.0817,49831
67.764,6.78583,1.38171,0.07795,50185
67.774,6.7868,1.38153,0.07641,49662
67.784,6.79923,1.38135,0.07937,49961
67.794,6.79396,1.38117,0.08551,49633
67.804,6.80185,1.38099,0.08127,49945
67.814,6.80973,1.38081,0.08397,49990
67.824,6.81531,1.38063,0.08281,50074
67.834,6.81474,1.38045,0.08972,49478
67.844,6.81709,1.38027,0.07801,49921
67.854,6.83164,1.38009,0.0788,50173
67.864,6.83779,1.37992,0.07729,50138
67.874,6.8388,1.37974,0.08237,49783
67.884,6.84671,1.37956,0.09013,49917
67.894,6.85312,1.37938,0.07617,50384
67.904,6.85679,1.3792,0.07718,49875
67.914,6.85778,1.37902,0.08427,49634
67.924,6.87114,1.37884,0.07927,49916
67.934,6.87409,1.37866,0.08451,50182
67.944,6.87991,1.37849,0.08099,49962
67.954,6.87665,1.37831,0.08387,49633
67.964,6.89474,1.37813,0.08819,50334
67.974,6.89422,1.37795,0.08183,50102
67.984,6.89836,1.37777,0.0812,49869
67.994,6.90062,1.37759,0.07943,49598
68.004,6.91412,1.37742,0.08078,50411
68.014,6.91725,1.37724,0.08323,50307
68.024,6.92609,1.37706,0.08237,50105
68.034,6.91627,1.37688,0.07478,49739
68.044,6.93182,1.3767,0.08239,49936
68.054,6.93357,1.37653,0.07964,50192
68.064,6.93757,1.37635,0.08488,49885
68.074,6.94233,1.37617,0.07943,49870
68.084,6.95146,1.37599,0.09123,50207
68.094,6.95178,1.37581,0.08134,50316
68.104,6.95442,1.37564,0.08543,50134
68.114,6.95374,1.37546,0.08895,49567
68.124,6.96808,1.37528,0.07598,50435
68.134,6.9741,1.3751,0.07918,50174
68.144,6.97211,1.37493,0.08723,49992
68.154,6.97673,1.37475,0.08324,49977
68.164,6.98752,1.37457,0.07575,50571
68.174,6.98903,1.3744,0.08146,49896
68.184,6.99125,1.37422,0.08216,49891
68.194,6.99436,1.37404,0.08039,49984
68.204,7.00634,1.37386,0.08499,50236
68.214,7.00651,1.37369,0.08366,50103
68.224,7.01671,1.37351,0.08341,50504
68.234,7.01877,1.37333,0.08654,50036
68.244,7.02502,1.37316,0.08913,50003
68.254,7.03002,1.37298,0.084,49785
68.264,7.04088,1.3728,0.07809,50542
68.274,7.04284,1.37263,0.08113,50192
68.284,7.05364,1.37245,0.08742,50406
68.294,7.05687,1.37227,0.07698,50011
68.304,7.06614,1.3721,0.08051,50155
68.314,7.0728,1.37192,0.08163,50001
68.324,7.08014,1.37174,0.08248,50246
68.334,7.08624,1.37157,0.08393,50088
68.344,7.10065,1.37139,0.08766,50413
68.354,7.10987,1.37121,0.08427,50242
68.364,7.10995,1.37104,0.08485,50153
68.374,7.12503,1.37086,0.08825,50418
68.384,7.12997,1.37069,0.0831,50137
68.394,7.14601,1.37051,0.08477,50074
68.404,7.15301,1.37033,0.08232,50033
68.414,7.16376,1.37016,0.08011,50654
68.424,7.17789,1.36998,0.08491,50409
68.434,7.18839,1.36981,0.07815,50290
68.444,7.19379,1.36963,0.0829,49562
68.454,7.20487,1.36945,0.08425,50560
68.464,7.21825,1.36928,0.08203,50436
68.474,7.23528,1.3691,0.08529,50166
68.484,7.24474,1.36893,0.09009,49885
68.4939,7.25591,1.36875,0.08461,50726
68.5039,7.26699,1.36858,0.08636,50663
68.5139,7.2817,1.3684,0.0947,50224
68.5239,7.29813,1.36823,0.08369,49682
68.5339,7.31229,1.36805,0.07895,50644
68.5439,7.31711,1.36788,0.08566,50555
68.5539,7.33925,1.3677,0.08132,50375
68.5639,7.35215,1.36753,0.08254,49980
68.5739,7.3637,1.36735,0.08062,50304
68.5839,7.37482,1.36718,0.08711,50363
68.5939,7.39572,1.367,0.08441,50206
68.6039,7.41282,1.36683,0.08635,50343
68.6139,7.42993,1.36665,0.08889,50268
68.6239,7.44323,1.36648,0.08818,50846
68.6339,7.46415,1.3663,0.08725,50282
68.6439,7.48372,1.36613,0.08974,50366
68.6539,7.50231,1.36595,0.0908,50223
68.6639,7.52189,1.36578,0.08216,50609
68.6739,7.54058,1.3656,0.08519,50200
68.6839,7.56642,1.36543,0.08195,50628
68.6939,7.5901,1.36526,0.08207,50378
68.7039,7.60526,1.36508,0.0864,50226
68.7139,7.63598,1.36491,0.08447,50297
68.7239,7.66526,1.36473,0.08753,50456
68.7339,7.68999,1.36456,0.0893,50284
68.7439,7.7236,1.36438,0.08867,50648
68.7539,7.75634,1.36421,0.08857,50336
68.7639,7.79371,1.36404,0.08922,50719
68.7739,7.8142,1.36386,0.09786,50473
68.7839,7.86401,1.36369,0.08775,50564
68.7939,7.90421,1.36351,0.093,50095
68.8039,7.94124,1.36334,0.0845,50802
68.8139,7.97868,1.36317,0.09063,50295
68.8239,8.03226,1.36299,0.0791,50484
68.8339,8.08342,1.36282,0.09079,50428
68.8439,8.12255,1.36265,0.08948,50506
68.8539,8.18614,1.36247,0.08845,50332
68.8639,8.25037,1.3623,0.09909,50438
68.8739,8.31412,1.36213,0.08937,50555
68.8839,8.36954,1.36195,0.09427,50692
68.8939,8.44909,1.36178,0.09647,50725
68.9039,8.52016,1.36161,0.09504,50384
68.9139,8.59702,1.36143,0.09787,50754
68.9239,8.69022,1.36126,0.09494,50543
68.9339,8.77259,1.36109,0.09626,50376
68.9439,8.85589,1.36091,0.09148,50131
68.9539,8.96807,1.36074,0.08549,51122
68.9639,9.05439,1.36057,0.09639,50479
68.9739,9.16524,1.3604,0.09082,50488
68.9839,9.29252,1.36022,0.09947,49936
68.9939,9.41303,1.36005,0.10187,50948
69.0039,9.54474,1.35988,0.09882,50725
69.0139,9.69775,1.3597,0.10475,50835
69.0239,9.83413,1.35953,0.10921,50346
69.0339,9.97479,1.35936,0.10024,50715
69.0439,10.16228,1.35919,0.10955,51041
69.0539,10.32046,1.35901,0.1088,50424
69.0639,10.51422,1.35884,0.10525,50209
69.0739,10.68329,1.35867,0.10425,50767
69.0839,10.88218,1.3585,0.09306,50902
69.0939,11.07506,1.35833,0.10404,50520
69.1039,11.31918,1.35815,0.11115,50267
69.1139,11.50298,1.35798,0.10399,50432
69.1239,11.78359,1.35781,0.11538,51159
69.1339,12.03092,1.35764,0.11651,50599
69.1439,12.30533,1.35747,0.11641,50487
69.1539,12.54754,1.35729,0.12034,50792
69.1639,12.85806,1.35712,0.11837,50865
69.1739,13.14341,1.35695,0.1278,50884
69.1839,13.47333,1.35678,0.1261,50713
69.1939,13.79253,1.35661,0.12169,50562
69.2039,14.10736,1.35644,0.12074,50589
69.2139,14.47203,1.35626,0.10843,50788
69.2239,14.78586,1.35609,0.1143,50517
69.2339,15.13981,1.35592,0.1309,50775
69.2439,15.499,1.35575,0.12286,50462
69.2539,15.97409,1.35558,0.12766,50787
69.2639,16.35584,1.35541,0.13734,50813
69.2739,16.74613,1.35524,0.13388,50983
69.2839,17.16511,1.35506,0.1366,50697
69.2939,17.63899,1.35489,0.143,50832
69.3039,18.11639,1.35472,0.14287,50852
69.3139,18.54745,1.35455,0.14552,51085
69.3239,19.0174,1.35438,0.14404,50661
69.3339,19.5065,1.35421,0.14545,50488
69.3439,20.06145,1.35404,0.12544,50857
69.3539,20.41273,1.35387,0.13072,50951
69.3639,20.96721,1.3537,0.14269,50599
69.3739,21.43769,1.35353,0.14734,50506
69.3839,22.02576,1.35336,0.15224,50678
69.3939,22.55439,1.35319,0.15651,51160
69.4039,23.07717,1.35301,0.15548,51103
69.4139,23.58524,1.35284,0.16138,50565
69.4239,24.14802,1.35267,0.15652,50900
69.4339,24.6935,1.3525,0.16741,51119
69.4439,25.21616,1.35233,0.16555,51247
69.4539,25.7867,1.35216,0.17067,50547
69.4639,26.37603,1.35199,0.167,50419
69.4738,26.84142,1.35182,0.14025,51329
69.4838,27.33723,1.35165,0.1559,50725
69.4938,27.84795,1.35148,0.15792,50601
69.5038,28.335,1.35131,0.16822,50491
69.5138,28.91656,1.35114,0.16418,51128
69.5238,29.40511,1.35097,0.18321,51125
69.5338,29.92749,1.3508,0.1681,51012
69.5438,30.35346,1.35063,0.18271,50824
69.5538,30.80222,1.35046,0.17548,51002
69.5638,31.28341,1.35029,0.18017,51302
69.5738,31.73266,1.35012,0.18719,50970
69.5838,32.17797,1.34995,0.18438,50874
69.5938,32.52264,1.34979,0.18129,50806
69.6038,32.93298,1.34962,0.15383,51126
69.6138,33.23025,1.34945,0.17011,50683
69.6238,33.58781,1.34928,0.17362,50709
69.6338,33.86032,1.34911,0.18023,50890
69.6438,34.16444,1.34894,0.1817,50938
69.6538,34.44163,1.34877,0.1782,51106
69.6638,34.65446,1.3486,0.18808,51008
69.6738,34.86352,1.34843,0.19421,51130
69.6838,35.00581,1.34826,0.17744,51104
69.6938,35.19078,1.34809,0.19946,51090
69.7038,35.31611,1.34792,0.19184,51245
69.7138,35.3964,1.34776,0.1856,51300
69.7238,35.45727,1.34759,0.19486,50519
69.7338,35.50472,1.34742,0.16257,51285
69.7438,35.50624,1.34725,0.16679,50654
69.7538,35.46174,1.34708,0.17767,50992
69.7638,35.41463,1.34691,0.18444,51128
69.7738,35.36691,1.34674,0.18366,50806
69.7838,35.19411,1.34657,0.18386,50952
69.7938,35.02495,1.34641,0.19033,51385
69.8038,34.93059,1.34624,0.18562,51327
69.8138,34.71859,1.34607,0.19223,50856
69.8238,34.40983,1.3459,0.17846,50992
69.8338,34.25605,1.34573,0.19543,51658
69.8438,33.94392,1.34556,0.18555,51441
69.8538,33.57615,1.3454,0.17905,50920
69.8638,33.28195,1.34523,0.1715,50647
69.8738,33.0411,1.34506,0.15422,51088
69.8838,32.62167,1.34489,0.17759,51105
69.8938,32.24102,1.34472,0.17202,51245
69.9038,31.8234,1.34456,0.17868,50512
69.9138,31.4364,1.34439,0.17177,51429
69.9238,30.95128,1.34422,0.18168,51379
69.9338,30.49871,1.34405,0.16913,51375
69.9438,30.00663,1.34389,0.17249,51132
69.9538,29.57678,1.34372,0.18055,51232
69.9638,29.05138,1.34355,0.17061,51370
69.9738,28.54641,1.34338,0.18129,51552
69.9838,27.99545,1.34322,0.15863,51134
69.9938,27.44661,1.34305,0.16549,50664
70.0038,27.07162,1.34288,0.14357,51114
70.0138,26.49251,1.34271,0.14703,51285
70.0238,25.94184,1.34255,0.15837,51195
70.0338,25.39967,1.34238,0.16706,50947
70.0438,24.96834,1.34221,0.15399,51249
70.0538,24.33218,1.34204,0.16149,51496
70.0638,23.74994,1.34188,0.15701,51295
70.0738,23.24807,1.34171,0.15259,51404
70.0838,22.80728,1.34154,0.15809,51386
70.0938,22.23543,1.34138,0.15154,51345
70.1038,21.66646,1.34121,0.15602,51585
70.1138,21.14946,1.34104,0.14584,51208
70.1238,20.64919,1.34088,0.13907,51075
70.1338,20.28877,1.34071,0.12977,50726
70.1438,19.68306,1.34054,0.13213,51440
70.1538,19.18502,1.34038,0.13773,50972
70.1638,18.80121,1.34021,0.14296,51649
70.1738,18.32448,1.34004,0.13867,51424
70.1838,17.86897,1.33988,0.13877,51220
70.1938,17.36137,1.33971,0.14089,51295
70.2038,17.0339,1.33954,0.1327,51666
70.2138,16.60088,1.33938,0.13766,51620
70.2238,16.22823,1.33921,0.12871,51157
70.2338,15.767,1.33905,0.13409,51588
70.2438,15.4076,1.33888,0.12778,51672
70.2538,15.03796,1.33871,0.12076,50950
70.2638,14.72418,1.33855,0.11185,51165
70.2738,14.38415,1.33838,0.11341,50961
70.2838,14.03341,1.33822,0.12068,51414
70.2938,13.73856,1.33805,0.12507,51650
70.3038,13.43543,1.33788,0.11278,51549
70.3138,13.14444,1.33772,0.12864,51364
70.3238,12.85343,1.33755,0.11928,51288
70.3338,12.60654,1.33739,0.11663,51814
70.3438,12.33915,1.33722,0.12101,51676
70.3538,12.10303,1.33706,0.11345,51526
70.3638,11.8473,1.33689,0.11751,51116
70.3738,11.6514,1.33672,0.10565,51868
70.3838,11.39877,1.33656,0.10402,51158
70.3938,11.20965,1.33639,0.10125,51233
70.4038,10.99709,1.33623,0.10126,51051
70.4138,10.86411,1.33606,0.10327,51556
70.4238,10.65763,1.3359,0.11238,51735
70.4338,10.48689,1.33573,0.10229,51634
70.4437,10.3203,1.33557,0.10763,51530
70.4537,10.1842,1.3354,0.10752,51343
70.4637,10.05035,1.33524,0.10389,51774
70.4737,9.89913,1.33507,0.10821,51756
70.4837,9.76496,1.33491,0.10116,51748
70.4937,9.64921,1.33474,0.10156,51594
70.5037,9.55701,1.33458,0.09431,51455
70.5137,9.42572,1.33441,0.09639,51135
70.5237,9.31439,1.33425,0.09435,51462
70.5337,9.21831,1.33408,0.08877,51207
70.5437,9.14258,1.33392,0.099,51802
70.5537,9.06099,1.33376,0.09736,51448
70.5637,8.9709,1.33359,0.09938,51878
70.5737,8.88204,1.33343,0.09719,51408
70.5837,8.83152,1.33326,0.09707,52033
70.5937,8.76691,1.3331,0.10029,51591
70.6037,8.69897,1.33293,0.1003,51774
70.6137,8.62603,1.33277,0.09356,51754
70.6237,8.57834,1.3326,0.09124,51728
70.6337,8.53373,1.33244,0.08942,51731
70.6437,8.47271,1.33228,0.09472,51095
70.6537,8.425,1.33211,0.08964,51326
70.6637,8.37763,1.33195,0.08487,51546
70.6737,8.34154,1.33178,0.09091,51914
70.6837,8.30889,1.33162,0.09004,51696
70.6937,8.26192,1.33146,0.09767,51648
70.7037,8.22421,1.33129,0.0931,51613
70.7137,8.2019,1.33113,0.09449,51950
70.7237,8.16237,1.33097,0.09368,51913
70.7337,8.12859,1.3308,0.09353,51878
70.7437,8.10225,1.33064,0.09482,51606
70.7537,8.07282,1.33048,0.08635,51977
70.7637,8.04826,1.33031,0.08477,51802
70.7737,8.01326,1.33015,0.09312,51295
70.7837,7.98987,1.32998,0.08562,51381
70.7937,7.96432,1.32982,0.08161,51303
70.8037,7.94455,1.32966,0.09495,52084
70.8137,7.92675,1.32949,0.08698,52063
70.8237,7.89904,1.32933,0.09484,51862
70.8337,7.87249,1.32917,0.08655,51541
70.8437,7.86364,1.32901,0.09467,51872
70.8537,7.8432,1.32884,0.09094,52072
70.8637,7.81795,1.32868,0.09036,51984
70.8737,7.79499,1.32852,0.09038,51974
70.8837,7.78449,1.32835,0.08398,51732
70.8937,7.77382,1.32819,0.09071,51502
70.9037,7.73919,1.32803,0.08658,51713
70.9137,7.73008,1.32787,0.08234,51714
70.9237,7.70907,1.3277,0.08395,51609
70.9337,7.7054,1.32754,0.09152,51826
70.9437,7.68486,1.32738,0.08718,52041
70.9537,7.66862,1.32722,0.09111,52162
70.9637,7.65187,1.32705,0.08976,51575
70.9737,7.64758,1.32689,0.09066,52201
70.9837,7.63007,1.32673,0.09115,51915
70.9937,7.61392,1.32657,0.08804,52173
71.0037,7.60235,1.3264,0.08459,52088
71.0137,7.59289,1.32624,0.08314,51635
71.0237,7.58105,1.32608,0.09083,51897
71.0337,7.56327,1.32592,0.0852,51499
71.0437,7.5553,1.32575,0.084,51757
71.0537,7.54,1.32559,0.08292,51846
71.0637,7.53594,1.32543,0.08658,52194
71.0737,7.52089,1.32527,0.09165,52022
71.0837,7.51384,1.32511,0.08964,51913
71.0937,7.50161,1.32494,0.08945,52074
71.1037,7.49373,1.32478,0.09055,52050
71.1137,7.48547,1.32462,0.08571,52353
71.1237,7.47524,1.32446,0.08707,51999
71.1337,7.46609,1.3243,0.08658,52009
71.1437,7.4583,1.32414,0.08458,51514
71.1537,7.4542,1.32398,0.08538,52180
71.1637,7.44424,1.32381,0.08785,51863
71.1737,7.43473,1.32365,0.08237,51961
71.1837,7.4254,1.32349,0.08523,51500
71.1937,7.42423,1.32333,0.08411,52370
71.2037,7.41666,1.32317,0.08926,52266
71.2137,7.41083,1.32301,0.08883,52214
71.2237,7.40314,1.32285,0.09083,52134
71.2337,7.39927,1.32268,0.0902,51836
71.2437,7.3957,1.32252,0.08564,52440
71.2537,7.3913,1.32236,0.08197,52454
71.2637,7.38534,1.3222,0.0858,51935
71.2737,7.37937,1.32204,0.08566,51642
71.2837,7.3766,1.32188,0.08721,52104
71.2937,7.37314,1.32172,0.08761,51938
71.3037,7.36656,1.32156,0.08196,52034
71.3137,7.36182,1.3214,0.08629,52071
71.3237,7.35906,1.32124,0.08532,52045
71.3337,7.35899,1.32108,0.08815,52287
71.3437,7.3575,1.32092,0.08838,52380
71.3537,7.3515,1.32075,0.08782,52453
71.3637,7.34847,1.32059,0.08605,52088
71.3737,7.35027,1.32043,0.08958,52372
71.3837,7.34551,1.32027,0.08201,52252
71.3937,7.34398,1.32011,0.08633,52006
71.4037,7.34267,1.31995,0.08424,52193
71.4136,7.34221,1.31979,0.08793,52001
71.4236,7.34067,1.31963,0.08728,51976
71.4336,7.33962,1.31947,0.08173,52105
71.4436,7.33876,1.31931,0.08186,52285
71.4536,7.33545,1.31915,0.09205,52148
71.4636,7.34215,1.31899,0.08726,52485
71.4736,7.34064,1.31883,0.08805,52415
71.4836,7.33821,1.31867,0.08798,52077
71.4936,7.33678,1.31851,0.08904,52520
71.5036,7.33701,1.31835,0.08146,52405
71.5136,7.34165,1.31819,0.08306,52159
71.5236,7.34096,1.31803,0.08578,52333
71.5336,7.33561,1.31787,0.0876,52061
71.5436,7.33659,1.31771,0.08734,52111
71.5536,7.33913,1.31755,0.08909,52132
71.5636,7.34091,1.31739,0.08039,52516
71.5736,7.33869,1.31724,0.0846,52312
71.5836,7.33634,1.31708,0.0909,52105
71.5936,7.33656,1.31692,0.08651,52497
71.6036,7.3413,1.31676,0.08617,52686
71.6136,7.3396,1.3166,0.08972,52731
71.6236,7.34219,1.31644,0.08157,52437
71.6336,7.34116,1.31628,0.08851,51987
71.6436,7.34444,1.31612,0.08389,52059
71.6536,7.34461,1.31596,0.08653,52604
71.6636,7.34502,1.3158,0.08733,52466
71.6736,7.3469,1.31564,0.08722,52342
71.6836,7.34357,1.31548,0.08599,51668
71.6936,7.35068,1.31533,0.08216,52621
71.7036,7.35139,1.31517,0.08402,52749
71.7136,7.35221,1.31501,0.09085,52583
71.7236,7.35477,1.31485,0.08947,52449
71.7336,7.35423,1.31469,0.08867,52252
71.7436,7.35827,1.31453,0.09444,52652
71.7536,7.36136,1.31437,0.07496,52830
71.7636,7.36214,1.31421,0.08887,52437
71.7736,7.36119,1.31406,0.08401,51986
71.7836,7.36584,1.3139,0.0885,52485
71.7936,7.36653,1.31374,0.08745,52474
71.8036,7.37037,1.31358,0.09102,52361
71.8136,7.36791,1.31342,0.08402,52499
71.8236,7.37046,1.31326,0.08492,52435
71.8336,7.37334,1.31311,0.08507,52753
71.8436,7.37356,1.31295,0.08941,52477
71.8536,7.37646,1.31279,0.08791,52732
71.8636,7.37705,1.31263,0.08836,52585
71.8736,7.37834,1.31247,0.08219,52817
71.8836,7.38191,1.31232,0.08152,52600
71.8936,7.38285,1.31216,0.0874,52262
71.9036,7.38422,1.312,0.08718,52310
71.9136,7.38492,1.31184,0.08848,52415
71.9236,7.38904,1.31168,0.08678,52952
71.9336,7.39052,1.31153,0.09134,52578
71.9436,7.39125,1.31137,0.08238,52508
71.9536,7.39519,1.31121,0.08951,52391
71.9636,7.39935,1.31105,0.0845,52588
71.9736,7.40306,1.3109,0.09374,52854
71.9836,7.40335,1.31074,0.08829,52960
71.9936,7.40526,1.31058,0.08324,52776
72.0036,7.40702,1.31042,0.08261,52450
72.0136,7.41084,1.31027,0.08619,52441
72.0236,7.41736,1.31011,0.08702,52790
72.0336,7.42067,1.30995,0.08733,52764
72.0436,7.42746,1.30979,0.08915,52763
72.0536,7.43201,1.30964,0.09381,52278
72.0636,7.4345,1.30948,0.08717,52379
72.0736,7.44836,1.30932,0.08327,52997
72.0836,7.44888,1.30917,0.08506,53027
72.0936,7.45626,1.30901,0.092,52746
72.1036,7.46241,1.30885,0.08807,52599
72.1136,7.472,1.3087,0.09079,52815
72.1236,7.48448,1.30854,0.07972,53138
72.1336,7.48622,1.30838,0.0851,52582
72.1436,7.49521,1.30823,0.09174,52535
72.1536,7.50599,1.30807,0.08193,52577
72.1636,7.51601,1.30791,0.09942,52616
72.1736,7.52722,1.30776,0.08797,53100
72.1836,7.53907,1.3076,0.09046,52772
72.1936,7.54665,1.30744,0.08818,52504
72.2036,7.55911,1.30729,0.08219,52878
72.2136,7.56911,1.30713,0.09097,52895
72.2236,7.58383,1.30697,0.08796,53099
72.2336,7.59602,1.30682,0.09172,52935
72.2436,7.61164,1.30666,0.08515,52653
72.2536,7.61764,1.3065,0.08282,52955
72.2636,7.6311,1.30635,0.08928,52794
72.2736,7.64459,1.30619,0.08487,52641
72.2836,7.66537,1.30604,0.09324,52898
72.2936,7.67976,1.30588,0.08999,52837
72.3036,7.69738,1.30572,0.09104,53198
72.3136,7.7132,1.30557,0.09421,52793
72.3236,7.72961,1.30541,0.08243,52735
72.3336,7.74711,1.30526,0.09123,52855
72.3436,7.77159,1.3051,0.08997,52940
72.3536,7.79277,1.30495,0.09147,53229
72.3636,7.80958,1.30479,0.08544,53160
72.3736,7.83354,1.30463,0.08818,52923
72.3835,7.84979,1.30448,0.08656,52401
72.3935,7.88069,1.30432,0.09212,52820
72.4035,7.90668,1.30417,0.09244,53280
72.4135,7.93125,1.30401,0.09179,53137
72.4235,7.96322,1.30386,0.094,53020
72.4335,7.98625,1.3037,0.09328,52828
72.4435,8.01877,1.30355,0.09662,52584
72.4535,8.05403,1.30339,0.08409,53397
72.4635,8.08767,1.30324,0.09118,53239
72.4735,8.11713,1.30308,0.09408,53191
72.4835,8.15473,1.30292,0.08629,52931
72.4935,8.1906,1.30277,0.08902,52817
72.5035,8.2295,1.30261,0.09216,52928
72.5135,8.26919,1.30246,0.09007,53293
72.5235,8.31351,1.3023,0.09541,52939
72.5335,8.35442,1.30215,0.09311,53004
72.5435,8.39799,1.302,0.09988,53135
72.5535,8.44605,1.30184,0.09535,53166
72.5635,8.49935,1.30169,0.10092,52962
72.5735,8.54167,1.30153,0.08754,53244
72.5835,8.59254,1.30138,0.09707,52887
72.5935,8.64346,1.30122,0.09393,53381
72.6035,8.69247,1.30107,0.09555,53118
72.6135,8.75491,1.30091,0.08555,53351
72.6235,8.80001,1.30076,0.09314,52950
72.6335,8.85707,1.3006,0.09742,52837
72.6435,8.91223,1.30045,0.09476,53382
72.6535,8.97235,1.30029,0.10023,53191
72.6635,9.03389,1.30014,0.09874,53154
72.6735,9.09242,1.29999,0.09873,53191
72.6835,9.15456,1.29983,0.09998,53249
72.6935,9.21398,1.29968,0.10618,53147
72.7035,9.27061,1.29952,0.0898,53381
72.7135,9.33659,1.29937,0.09962,53358
72.7235,9.39622,1.29922,0.10123,53022
72.7335,9.46666,1.29906,0.09073,53079
72.7435,9.51546,1.29891,0.09411,53337
72.7535,9.57896,1.29875,0.10173,53374
72.7635,9.64403,1.2986,0.09596,53221
72.7735,9.70303,1.29845,0.10947,53096
72.7835,9.77261,1.29829,0.09965,53066
72.7935,9.83473,1.29814,0.10508,53587
72.8035,9.89803,1.29799,0.1031,53651
72.8135,9.96536,1.29783,0.10336,53156
72.8235,10.0161,1.29768,0.10195,53285
72.8335,10.07731,1.29752,0.09718,52802
72.8435,10.14629,1.29737,0.10791,53653
72.8535,10.20683,1.29722,0.09129,53795
72.8635,10.25721,1.29706,0.09909,53123
72.8735,10.31421,1.29691,0.10367,53216
72.8835,10.37832,1.29676,0.10088,52950
72.8935,10.42856,1.2966,0.10886,53363
72.9035,10.48825,1.29645,0.1027,53847
72.9135,10.5517,1.2963,0.11135,53536
72.9235,10.6021,1.29615,0.10259,53582
72.9335,10.65605,1.29599,0.11593,53158
72.9435,10.70389,1.29584,0.10534,53227
72.9535,10.75394,1.29569,0.09858,53430
72.9635,10.8074,1.29553,0.10679,53741
72.9735,10.8532,1.29538,0.09854,53583
72.9835,10.89111,1.29523,0.1009,52861
72.9935,10.93685,1.29508,0.104,53512
73.0035,10.97512,1.29492,0.10506,53539
73.0135,11.0075,1.29477,0.10877,53236
73.0235,11.04949,1.29462,0.10657,53780
73.0335,11.08416,1.29446,0.11141,53326
73.0435,11.1168,1.29431,0.10517,53826
73.0535,11.13904,1.29416,0.11642,53787
73.0635,11.16468,1.29401,0.10767,53175
73.0735,11.18536,1.29385,0.10311,53461
73.0835,11.20934,1.2937,0.10375,53554
73.0935,11.22859,1.29355,0.10368,53622
73.1035,11.23828,1.2934,0.10019,53459
73.1135,11.24978,1.29325,0.10545,53551
73.1235,11.25923,1.29309,0.10516,53469
73.1335,11.25137,1.29294,0.11301,53385
73.1435,11.25781,1.29279,0.10652,53503
73.1535,11.25777,1.29264,0.11248,53952
73.1635,11.25495,1.29249,0.11064,53917
73.1735,11.24238,1.29233,0.10833,53809
73.1835,11.22994,1.29218,0.11232,53180
73.1935,11.21364,1.29203,0.11049,53323
73.2035,11.20577,1.29188,0.09886,53857
73.2135,11.18864,1.29173,0.09421,54130
73.2235,11.16547,1.29157,0.10751,53327
73.2335,11.14323,1.29142,0.10499,53514
73.2435,11.11364,1.29127,0.10418,53306
73.2535,11.08352,1.29112,0.10818,53699
73.2635,11.05587,1.29097,0.11216,54031
73.2735,11.01704,1.29082,0.11243,53864
73.2835,10.98346,1.29067,0.1062,53869
73.2935,10.93975,1.29051,0.10909,53445
73.3035,10.92134,1.29036,0.10913,53887
73.3135,10.86602,1.29021,0.10836,53529
73.3235,10.82972,1.29006,0.10015,53927
73.3335,10.78479,1.28991,0.09481,53954
73.3435,10.74692,1.28976,0.10159,53320
73.3534,10.70731,1.28961,0.10518,53650
73.3634,10.66284,1.28946,0.10667,53739
73.3734,10.62019,1.2893,0.10606,53787
73.3834,10.56304,1.28915,0.11051,53866
73.3934,10.51367,1.289,0.10226,53865
73.4034,10.47062,1.28885,0.10916,53899
73.4134,10.42951,1.2887,0.10677,54086
73.4234,10.38564,1.28855,0.10747,54003
73.4334,10.32788,1.2884,0.10452,53636
73.4434,10.27744,1.28825,0.10573,53655
73.4534,10.22838,1.2881,0.08949,53816
73.4634,10.20297,1.28795,0.09722,53857
73.4734,10.14864,1.2878,0.10333,53818
73.4834,10.10196,1.28765,0.09858,53845
73.4934,10.05587,1.2875,0.10499,53580
73.5034,9.99509,1.28734,0.10338,53883
73.5134,9.96379,1.28719,0.10736,54002
73.5234,9.91265,1.28704,0.10387,54429
73.5334,9.87145,1.28689,0.10498,54200
73.5434,9.82402,1.28674,0.1035,53964
73.5534,9.78219,1.28659,0.10345,53600
73.5634,9.72847,1.28644,0.10605,53639
73.5734,9.69824,1.28629,0.08638,54263
73.5834,9.66505,1.28614,0.09657,53901
73.5934,9.62624,1.28599,0.09482,53861
73.6034,9.58418,1.28584,0.09985,53907
73.6134,9.55012,1.28569,0.1019,53673
73.6234,9.51596,1.28554,0.10474,54038
73.6334,9.4853,1.28539,0.1019,54339
73.6434,9.45314,1.28524,0.10396,54293
73.6534,9.41994,1.28509,0.09971,54247
73.6634,9.39199,1.28494,0.10548,53835
73.6734,9.37222,1.28479,0.1009,54189
73.6834,9.34434,1.28464,0.10381,53779
73.6934,9.32197,1.2845,0.08318,54312
73.7034,9.30543,1.28435,0.09763,53802
73.7134,9.283,1.2842,0.09359,53821
73.7234,9.26338,1.28405,0.09919,53947
73.7334,9.25091,1.2839,0.10398,54258
73.7434,9.23995,1.28375,0.09772,54181
73.7534,9.2211,1.2836,0.10261,54229
73.7634,9.21225,1.28345,0.09976,54301
73.7734,9.19261,1.2833,0.1016,53994
73.7834,9.18807,1.28315,0.10189,54453
73.7934,9.18414,1.283,0.10139,54458
73.8034,9.1748,1.28285,0.09749,53891
73.8134,9.16669,1.2827,0.08698,54066
73.8234,9.16242,1.28255,0.0926,53720
73.8334,9.16111,1.28241,0.09588,53970
73.8434,9.15824,1.28226,0.09718,54510
73.8534,9.15612,1.28211,0.10069,54278
73.8634,9.15977,1.28196,0.10262,54350
73.8734,9.15632,1.28181,0.10099,53944
73.8834,9.15539,1.28166,0.09943,54256
73.8934,9.16135,1.28151,0.09967,54555
73.9034,9.17052,1.28136,0.10151,54550
73.9134,9.17442,1.28122,0.10346,54617
73.9234,9.17919,1.28107,0.09468,54056
73.9334,9.18891,1.28092,0.09004,54010
73.9434,9.19368,1.28077,0.09254,53579
73.9534,9.20632,1.28062,0.09476,54393
73.9634,9.21198,1.28047,0.09996,54399
73.9734,9.22736,1.28032,0.09956,54536
73.9834,9.23669,1.28018,0.09927,54466
73.9934,9.25071,1.28003,0.1034,54146
74.0034,9.2604,1.27988,0.10491,54433
74.0134,9.27866,1.27973,0.09728,54535
74.0234,9.29797,1.27958,0.10257,54649
74.0334,9.30959,1.27944,0.10026,54596
74.0434,9.32602,1.27929,0.09622,54239
74.0534,9.34504,1.27914,0.0949,53833
74.0634,9.36772,1.27899,0.08908,54230
74.0734,9.37946,1.27884,0.09599,54270
74.0834,9.4069,1.2787,0.10062,54604
74.0934,9.43199,1.27855,0.10226,54472
74.1034,9.45745,1.2784,0.1024,54460
74.1134,9.4795,1.27825,0.10392,54480
74.1234,9.50609,1.2781,0.10571,54752
74.1334,9.53698,1.27796,0.10055,54667
74.1434,9.57186,1.27781,0.1042,54369
74.1534,9.59921,1.27766,0.1048,54652
74.1634,9.63345,1.27751,0.09498,54481
74.1734,9.67089,1.27737,0.09896,53987
74.1834,9.71127,1.27722,0.09115,54505
74.1934,9.75188,1.27707,0.09967,54429
74.2034,9.79475,1.27692,0.10335,54505
74.2134,9.84227,1.27678,0.10568,54420
74.2234,9.89591,1.27663,0.10148,54543
74.2334,9.94421,1.27648,0.10918,54861
74.2434,10.00341,1.27634,0.10559,54945
74.2534,10.05754,1.27619,0.10331,54713
74.2634,10.11762,1.27604,0.11254,54725
74.2734,10.18416,1.27589,0.10604,54295
74.2834,10.25604,1.27575,0.0947,54778
74.2934,10.31586,1.2756,0.10368,54034
74.3034,10.40559,1.27545,0.09591,54674
74.3134,10.48671,1.27531,0.10429,54739
74.3233,10.57164,1.27516,0.11046,54524
74.3333,10.66877,1.27501,0.10624,54393
74.3433,10.7596,1.27487,0.11555,54533
74.3533,10.86579,1.27472,0.11039,55225
74.3633,10.98123,1.27457,0.11289,54885
74.3733,11.09472,1.27443,0.10921,54929
74.3833,11.21313,1.27428,0.11839,54742
74.3933,11.34357,1.27413,0.10155,54628
74.4033,11.47455,1.27399,0.11097,54692
74.4133,11.60145,1.27384,0.10772,53885
74.4233,11.76858,1.27369,0.10831,54862
74.4333,11.93466,1.27355,0.10935,54877
74.4433,12.10546,1.2734,0.12146,54652
74.4533,12.29247,1.27326,0.11426,54749
74.4633,12.46818,1.27311,0.12743,54984
74.4733,12.65619,1.27296,0.11687,55041
74.4833,12.85993,1.27282,0.12511,54667
74.4933,13.08598,1.27267,0.12017,55026
74.5033,13.3257,1.27252,0.12779,54975
74.5133,13.56336,1.27238,0.11389,54863
74.5233,13.77097,1.27223,0.1164,54789
74.5333,14.06033,1.27209,0.12382,54407
74.5433,14.31919,1.27194,0.11799,54844
74.5533,14.58596,1.2718,0.1242,54534
74.5633,14.91333,1.27165,0.13301,54845
74.5733,15.22494,1.2715,0.13371,54948
74.5833,15.55051,1.27136,0.13409,55075
74.5933,15.86786,1.27121,0.13727,55293
74.6033,16.21179,1.27107,0.13444,55128
74.6133,16.5743,1.27092,0.14377,55030
74.6233,16.94403,1.27078,0.13962,54639
74.6333,17.31637,1.27063,0.12444,55056
74.6433,17.67595,1.27048,0.13708,54700
74.6533,18.13251,1.27034,0.13778,54731
74.6633,18.54891,1.27019,0.13975,55032
74.6733,18.98508,1.27005,0.14268,54928
74.6833,19.43006,1.2699,0.15085,54863
74.6933,19.87997,1.26976,0.14734,54913
74.7033,20.31465,1.26961,0.15825,55107
74.7133,20.84166,1.26947,0.15359,55353
74.7233,21.31836,1.26932,0.1579,55281
74.7333,21.82612,1.26918,0.15859,55216
74.7433,22.38294,1.26903,0.14519,55151
74.7533,22.81351,1.26889,0.14757,54656
74.7633,23.33534,1.26874,0.15916,54937
74.7733,23.89204,1.2686,0.15561,54513
74.7833,24.44226,1.26845,0.15695,55209
74.7933,25.0324,1.26831,0.16663,55193
74.8033,25.57308,1.26816,0.16478,55127
74.8133,26.1161,1.26802,0.18174,55133
74.8233,26.66807,1.26787,0.16928,55407
74.8333,27.21261,1.26773,0.1704,55314
74.8433,27.77076,1.26759,0.18641,55089
74.8533,28.35912,1.26744,0.17548,55308
74.8633,28.95176,1.2673,0.15653,55283
74.8733,29.46422,1.26715,0.17327,54720
74.8833,29.97202,1.26701,0.17607,55236
74.8933,30.59823,1.26686,0.18214,54936
74.9033,31.09929,1.26672,0.17224,55241
74.9133,31.6256,1.26657,0.18578,55201
74.9233,32.14176,1.26643,0.18852,54959
74.9333,32.71666,1.26629,0.18728,55213
74.9433,33.15619,1.26614,0.18737,55565
74.9533,33.65918,1.266,0.18945,55592
74.9633,34.13812,1.26585,0.19508,55456
74.9733,34.58855,1.26571,0.18108,55479
74.9833,35.00272,1.26557,0.17894,54985
74.9933,35.40283,1.26542,0.19154,54746
75.0033,35.80761,1.26528,0.18841,55287
75.0133,36.22567,1.26513,0.20058,55205
75.0233,36.54915,1.26499,0.17723,55428
75.0333,36.89915,1.26485,0.20876,55520
75.0433,37.18221,1.2647,0.19432,55382
75.0533,37.49338,1.26456,0.20167,55112
75.0633,37.70605,1.26442,0.19563,55506
75.0733,37.95296,1.26427,0.21526,55358
75.0833,38.16795,1.26413,0.19612,55725
75.0933,38.32787,1.26398,0.1851,55797
75.1033,38.49033,1.26384,0.18836,55068
75.1133,38.59647,1.2637,0.19885,55183
75.1233,38.6933,1.26355,0.20745,55290
75.1333,38.73556,1.26341,0.1987,55165
75.1433,38.78082,1.26327,0.18495,55401
75.1533,38.78268,1.26312,0.20102,55376
75.1633,38.74417,1.26298,0.20302,55757
75.1733,38.70697,1.26284,0.19844,55530
75.1833,38.59019,1.26269,0.20223,55543
75.1933,38.49578,1.26255,0.20871,55696
75.2033,38.38043,1.26241,0.1902,55759
75.2133,38.21741,1.26227,0.18678,55472
75.2233,38.07575,1.26212,0.19779,55262
75.2333,37.81726,1.26198,0.1932,55312
75.2433,37.54081,1.26184,0.20824,55227
75.2533,37.24342,1.26169,0.19821,55462
75.2633,37.01751,1.26155,0.17876,55737
75.2733,36.69673,1.26141,0.19406,55864
75.2833,36.37485,1.26127,0.19712,55797
75.2932,36.03072,1.26112,0.19668,55642
75.3032,35.6736,1.26098,0.19508,55422
75.3132,35.27486,1.26084,0.19896,55449
75.3232,34.8822,1.2607,0.17577,55919
75.3332,34.53592,1.26055,0.18419,55561
75.3432,34.09984,1.26041,0.18774,55616
75.3532,33.66578,1.26027,0.18912,55786
75.3632,33.14281,1.26013,0.19353,55450
75.3732,32.67356,1.25998,0.19045,55163
75.3832,32.31506,1.25984,0.16481,55801
75.3932,31.87908,1.2597,0.18276,55697
75.4032,31.35791,1.25956,0.18225,56024
75.4132,30.9055,1.25941,0.1894,55918
75.4232,30.44136,1.25927,0.18389,55904
75.4332,29.92645,1.25913,0.16973,55783
75.4432,29.53754,1.25899,0.17033,55384
75.4532,29.11345,1.25885,0.17392,55607
75.4632,28.66144,1.2587,0.17482,55872
75.4732,28.22133,1.25856,0.18566,55582
75.4832,27.66403,1.25842,0.17446,55734
75.4932,27.25803,1.25828,0.16808,55750
75.5032,26.81192,1.25814,0.15591,55624
75.5132,26.48228,1.25799,0.17869,56245
75.5232,26.08755,1.25785,0.16317,55965
75.5332,25.71406,1.25771,0.17516,56076
75.5432,25.31834,1.25757,0.16141,55956
75.5532,24.97834,1.25743,0.16036,55744
75.5632,24.64733,1.25729,0.16213,55392
75.5732,24.29482,1.25715,0.15921,55671
75.5832,24.01244,1.257,0.16923,56061
75.5932,23.74121,1.25686,0.16318,56166
75.6032,23.41766,1.25672,0.17301,55705
75.6132,23.20651,1.25658,0.14379,55960
75.6232,22.96307,1.25644,0.16013,56074
75.6332,22.73819,1.2563,0.16041,55657
75.6432,22.56071,1.25616,0.15988,55924
75.6532,22.41049,1.25601,0.16751,56349
75.6632,22.24094,1.25587,0.14722,56180
75.6732,22.13038,1.25573,0.15253,55746
75.6832,22.02894,1.25559,0.15661,55979
75.6932,21.9158,1.25545,0.15352,55903
75.7032,21.81797,1.25531,0.15532,55749
75.7132,21.81611,1.25517,0.16772,56148
75.7232,21.76844,1.25503,0.16067,55657
75.7332,21.76527,1.25489,0.14405,56243
75.7432,21.79265,1.25475,0.15869,56248
75.7532,21.81659,1.25461,0.1592,56309
75.7632,21.86356,1.25446,0.15925,56207
75.7732,21.92087,1.25432,0.14518,55953
75.7832,22.00499,1.25418,0.15334,55939
75.7932,22.11424,1.25404,0.15643,56132
75.8032,22.23596,1.2539,0.15048,56009
75.8132,22.35622,1.25376,0.16434,55982
75.8232,22.52081,1.25362,0.16388,56377
75.8332,22.70761,1.25348,0.16317,56146
75.8432,22.87257,1.25334,0.16275,55988
75.8532,23.06358,1.2532,0.1494,56278
75.8632,23.25546,1.25306,0.16234,56262
75.8732,23.47059,1.25292,0.16484,56352
75.8832,23.69039,1.25278,0.15703,56497
75.8932,23.92583,1.25264,0.14725,55985
75.9032,24.14266,1.2525,0.15942,55732
75.9132,24.42338,1.25236,0.15771,55984
75.9232,24.67823,1.25222,0.17225,56434
75.9332,24.93681,1.25208,0.17127,56575
75.9432,25.20578,1.25194,0.16831,56479
75.9532,25.49708,1.2518,0.16989,56221
75.9632,25.7447,1.25166,0.1632,56144
75.9732,26.00778,1.25152,0.16363,56342
75.9832,26.29947,1.25138,0.17691,56042
75.9932,26.54967,1.25124,0.17338,56314
76.0032,26.85601,1.2511,0.15201,56741
76.0132,27.08147,1.25096,0.1652,56144
76.0232,27.35209,1.25082,0.16413,56271
76.0332,27.6313,1.25068,0.17762,56519
76.0432,27.88991,1.25054,0.17191,56318
76.0532,28.13399,1.2504,0.18492,56198
76.0632,28.36049,1.25026,0.17451,56662
76.0732,28.61972,1.25012,0.17715,56100
76.0832,28.82539,1.24998,0.16545,56338
76.0932,29.04722,1.24984,0.17918,56661
76.1032,29.25495,1.2497,0.18581,56738
76.1132,29.45545,1.24956,0.16019,56540
76.1232,29.6121,1.24943,0.16989,55842
76.1332,29.78164,1.24929,0.17179,56476
76.1432,29.92627,1.24915,0.17918,56609
76.1532,30.07505,1.24901,0.17722,56525
76.1632,30.18843,1.24887,0.19124,56658
76.1732,30.28908,1.24873,0.17849,56379
76.1832,30.37774,1.24859,0.18339,56455
76.1932,30.44244,1.24845,0.18193,56142
76.2032,30.51323,1.24831,0.16582,56819
76.2132,30.53337,1.24817,0.18501,56830
76.2232,30.56508,1.24804,0.16637,56815
76.2332,30.56449,1.2479,0.17532,56426
76.2432,30.52853,1.24776,0.17366,56593
76.2532,30.49713,1.24762,0.18002,56393
76.2631,30.43417,1.24748,0.17872,56318
76.2731,30.3511,1.24734,0.18064,56490
76.2831,30.2694,1.2472,0.18458,56974
76.2931,30.14957,1.24706,0.18106,56898
76.3031,29.99212,1.24693,0.1834,56640
76.3131,29.8573,1.24679,0.16538,56733
76.3231,29.71558,1.24665,0.17521,56870
76.3331,29.51254,1.24651,0.16512,56570
76.3431,29.31367,1.24637,0.16799,56363
76.3531,29.13912,1.24623,0.17797,56434
76.3631,28.91026,1.2461,0.16961,56554
76.3731,28.64726,1.24596,0.17488,56815
76.3831,28.37821,1.24582,0.17801,57006
76.3931,28.11015,1.24568,0.17106,57007
76.4031,27.79159,1.24554,0.17455,56906
76.4131,27.48852,1.2454,0.18242,56702
76.4231,27.14774,1.24527,0.16978,56471
76.4331,26.89716,1.24513,0.15452,56974
76.4431,26.55408,1.24499,0.16215,56954
76.4531,26.23504,1.24485,0.15662,56815
76.4631,25.9442,1.24472,0.16444,56387
76.4731,25.52123,1.24458,0.16251,56862
76.4831,25.13756,1.24444,0.16305,56775
76.4931,24.7312,1.2443,0.16479,56648
76.5031,24.41711,1.24416,0.16622,57251
76.5131,24.00968,1.24403,0.16374,57126
76.5231,23.65096,1.24389,0.16211,57200
76.5331,23.20536,1.24375,0.16016,56742
76.5431,22.83812,1.24361,0.14571,57015
76.5531,22.45807,1.24348,0.15061,56991
76.5631,22.05621,1.24334,0.14193,56556
76.5731,21.69731,1.2432,0.15397,56449
76.5831,21.29367,1.24306,0.15117,57023
76.5931,20.88529,1.24293,0.15274,57091
76.6031,20.48143,1.24279,0.14917,57132
76.6131,20.08728,1.24265,0.14505,57275
76.6231,19.70494,1.24251,0.1515,57158
76.6331,19.3135,1.24238,0.14939,57026
76.6431,18.90073,1.24224,0.14898,56871
76.6531,18.50681,1.2421,0.14271,56856
76.6631,18.20041,1.24197,0.12529,57008
76.6731,17.83801,1.24183,0.13353,57173
76.6831,17.50268,1.24169,0.13374,56799
76.6931,17.12162,1.24155,0.13464,57130
76.7031,16.76241,1.24142,0.13771,57171
76.7131,16.40211,1.24128,0.13553,57138
76.7231,16.05779,1.24114,0.13831,56969
76.7331,15.78404,1.24101,0.13468,57458
76.7431,15.45773,1.24087,0.12985,57238
76.7531,15.15598,1.24073,0.13624,57339
76.7631,14.82592,1.2406,0.12834,56990
76.7731,14.55696,1.24046,0.11985,57108
76.7831,14.2706,1.24032,0.11553,57197
76.7931,14.01814,1.24019,0.11927,56817
76.8031,13.71574,1.24005,0.12648,56820
76.8131,13.49279,1.23991,0.11524,57430
76.8231,13.24519,1.23978,0.12967,57459
76.8331,13.00511,1.23964,0.12407,57319
76.8431,12.76856,1.23951,0.11711,57451
76.8531,12.5478,1.23937,0.12087,57435
76.8631,12.33923,1.23923,0.12452,57489
76.8731,12.10653,1.2391,0.11878,57114
76.8831,11.89734,1.23896,0.11748,56782
76.8931,11.73494,1.23882,0.09786,57457
76.9031,11.56842,1.23869,0.10667,57096
76.9131,11.38397,1.23855,0.11139,57325
76.9231,11.21432,1.23842,0.11589,57419
76.9331,11.04732,1.23828,0.11002,57559
76.9431,10.88568,1.23814,0.1097,57524
76.9531,10.7327,1.23801,0.11132,57373
76.9631,10.57799,1.23787,0.10853,57219
76.9731,10.46338,1.23774,0.11274,57609
76.9831,10.32912,1.2376,0.11347,57595
76.9931,10.18514,1.23746,0.10539,57123
77.0031,10.07446,1.23733,0.0904,57525
77.0131,9.96519,1.23719,0.10277,57047
77.0231,9.84089,1.23706,0.10274,57575
77.0331,9.73234,1.23692,0.10642,57463
77.0431,9.62489,1.23679,0.10197,57320
77.0531,9.53023,1.23665,0.10411,57552
77.0631,9.44499,1.23651,0.10602,57744
77.0731,9.35494,1.23638,0.10458,57706
77.0831,9.2686,1.23624,0.10391,57754
77.0931,9.18582,1.23611,0.10394,57679
77.1031,9.09535,1.23597,0.10051,57383
77.1131,9.02549,1.23584,0.0885,57415
77.1231,8.96299,1.2357,0.09427,57004
77.1331,8.88866,1.23557,0.09862,57289
77.1431,8.83309,1.23543,0.09941,57729
77.1531,8.77144,1.2353,0.10095,57714
77.1631,8.71111,1.23516,0.09848,57836
77.1731,8.65571,1.23503,0.10037,57890
77.1831,8.60645,1.23489,0.09823,57880
77.1931,8.55428,1.23476,0.10121,57801
77.2031,8.50509,1.23462,0.09821,57744
77.2131,8.45697,1.23449,0.09244,57651
77.2231,8.4123,1.23435,0.09349,57113
77.233,8.38348,1.23422,0.08587,57254
77.243,8.33998,1.23408,0.09532,57702
77.253,8.30231,1.23395,0.09542,57802
77.263,8.2614,1.23381,0.0982,57886
77.273,8.22787,1.23368,0.09819,58068
77.283,8.19528,1.23354,0.09249,57892
77.293,8.16176,1.23341,0.09737,57783
77.303,8.13018,1.23327,0.09801,57716
77.313,8.10499,1.23314,0.09549,58116
77.323,8.07311,1.23301,0.09479,58020
77.333,8.04539,1.23287,0.08875,57324
77.343,8.02142,1.23274,0.0854,57537
77.353,7.99596,1.2326,0.09119,57734
77.363,7.97419,1.23247,0.09332,57798
77.373,7.94608,1.23233,0.09422,57964
77.383,7.9236,1.2322,0.09334,57867
77.393,7.90074,1.23206,0.09399,57842
77.403,7.88327,1.23193,0.09468,58085
77.413,7.86559,1.2318,0.09512,58156
77.423,7.84302,1.23166,0.0977,58188
77.433,7.82503,1.23153,0.08887,58265
77.443,7.8054,1.23139,0.08823,57431
77.453,7.79109,1.23126,0.08573,57725
77.463,7.77309,1.23113,0.09051,57880
77.473,7.75342,1.23099,0.09333,57855
77.483,7.73565,1.23086,0.09245,57651
77.493,7.72488,1.23072,0.09074,58134
77.503,7.70883,1.23059,0.09544,58200
77.513,7.69685,1.23046,0.09434,58196
77.523,7.67613,1.23032,0.09417,58368
77.533,7.66314,1.23019,0.09551,58169
77.543,7.6479,1.23006,0.0845,58461
77.553,7.63498,1.22992,0.08914,57560
77.563,7.61639,1.22979,0.08865,57806
77.573,7.59996,1.22966,0.08571,57757
77.583,7.58718,1.22952,0.08859,58222
77.593,7.57266,1.22939,0.09464,58195
77.603,7.55907,1.22925,0.09349,58316
77.613,7.54425,1.22912,0.09332,58226
77.623,7.5288,1.22899,0.0905,58119
77.633,7.51338,1.22885,0.09289,58251
77.643,7.49937,1.22872,0.09425,58546
77.653,7.48598,1.22859,0.08284,58349
77.663,7.47062,1.22846,0.0902,57662
77.673,7.45484,1.22832,0.0899,57786
77.683,7.43932,1.22819,0.08268,58292
77.693,7.4279,1.22806,0.09193,58468
77.703,7.4133,1.22792,0.09148,58529
77.713,7.40471,1.22779,0.08946,58265
77.723,7.3881,1.22766,0.09525,58394
77.733,7.37665,1.22752,0.08981,58451
77.743,7.36348,1.22739,0.09231,58332
77.753,7.3507,1.22726,0.09124,58340
77.763,7.3399,1.22713,0.08404,58029
77.773,7.33329,1.22699,0.08942,58078
77.783,7.31528,1.22686,0.09085,57948
77.793,7.3074,1.22673,0.08348,58519
77.803,7.29735,1.22659,0.08786,58623
77.813,7.28747,1.22646,0.09103,58517
77.823,7.27662,1.22633,0.09206,58501
77.833,7.27042,1.2262,0.08974,58587
77.843,7.25801,1.22606,0.09157,58543
77.853,7.24369,1.22593,0.09297,58449
77.863,7.23987,1.2258,0.08536,58499
77.873,7.23409,1.22567,0.08387,58379
77.883,7.22275,1.22553,0.08858,58456
77.893,7.21284,1.2254,0.09159,58046
77.903,7.20144,1.22527,0.08347,58478
77.913,7.19579,1.22514,0.08966,58391
77.923,7.18652,1.22501,0.08759,58725
77.933,7.17814,1.22487,0.09105,58632
77.943,7.16878,1.22474,0.08862,58600
77.953,7.1578,1.22461,0.09228,58423
77.963,7.15291,1.22448,0.08898,58868
77.973,7.14412,1.22435,0.08271,58811
77.983,7.13647,1.22421,0.08539,58477
77.993,7.12908,1.22408,0.08895,58543
78.003,7.11681,1.22395,0.09084,58333
78.013,7.10619,1.22382,0.08492,58792
78.023,7.09748,1.22369,0.08693,58667
78.033,7.09022,1.22355,0.0889,58788
78.043,7.08223,1.22342,0.09027,58598
78.053,7.07255,1.22329,0.0916,58347
78.063,7.06515,1.22316,0.08697,58889
78.073,7.05588,1.22303,0.09295,58710
78.083,7.04689,1.2229,0.07994,58987
78.093,7.03677,1.22276,0.08533,58461
78.103,7.03029,1.22263,0.08923,58828
78.113,7.0199,1.2225,0.0902,58465
78.123,7.00811,1.22237,0.08249,58953
78.133,7.0,1.22224,0.08959,58914
78.143,6.99102,1.22211,0.08799,58995
78.153,6.98291,1.22198,0.08809,58635
78.163,6.97265,1.22184,0.09025,58821
78.173,6.96859,1.22171,0.08746,59046
78.183,6.95963,1.22158,0.08345,59043
78.193,6.95147,1.22145,0.08553,58733
78.2029,6.94401,1.22132,0.08383,58754
78.2129,6.93929,1.22119,0.08986,58791
78.2229,6.92812,1.22106,0.09112,58734
78.2329,6.92162,1.22093,0.08307,58796
78.2429,6.91936,1.2208,0.0856,58870
78.2529,6.91207,1.22066,0.0886,58972
78.2629,6.90713,1.22053,0.09218,58792
78.2729,6.90338,1.2204,0.08911,59091
78.2829,6.89923,1.22027,0.09098,59260
78.2929,6.89321,1.22014,0.07891,59371
78.3029,6.89158,1.22001,0.08534,58644
78.3129,6.88533,1.21988,0.0864,58968
78.3229,6.88354,1.21975,0.08768,59059
78.3329,6.87735,1.21962,0.09105,59040
78.3429,6.87543,1.21949,0.08566,59112
78.3529,6.87056,1.21936,0.08438,59048
78.3629,6.8672,1.21923,0.08735,59216
78.3729,6.86292,1.2191,0.08959,58767
78.3829,6.86125,1.21897,0.08843,59210
78.3929,6.85566,1.21883,0.08422,59362
78.4029,6.85224,1.2187,0.08142,59048
78.4129,6.84788,1.21857,0.08579,58831
78.4229,6.83977,1.21844,0.08654,59018
78.4329,6.83576,1.21831,0.08846,59182
78.4429,6.82886,1.21818,0.09115,59155
78.4529,6.82602,1.21805,0.08257,59323
78.4629,6.8211,1.21792,0.0844,59304
78.4729,6.81964,1.21779,0.0902,59316
78.4829,6.81034,1.21766,0.08872,59008
78.4929,6.80463,1.21753,0.08664,59432
78.5029,6.79743,1.2174,0.08073,59398
78.5129,6.79281,1.21727,0.08555,59176
78.5229,6.78906,1.21714,0.08529,59111
78.5329,6.78171,1.21701,0.08752,59360
78.5429,6.77628,1.21688,0.09079,59526
78.5529,6.7734,1.21675,0.08783,59229
78.5629,6.76922,1.21662,0.0836,59359
78.5729,6.7655,1.21649,0.08759,59463
78.5829,6.76094,1.21636,0.08665,59310
78.5929,6.75327,1.21623,0.08797,59337
78.6029,6.74266,1.2161,0.08574,59288
78.6129,6.74053,1.21597,0.08153,59337
78.6229,6.73718,1.21585,0.08141,58841
78.6329,6.73022,1.21572,0.08537,59556
78.6429,6.72489,1.21559,0.09003,59478
78.6529,6.71808,1.21546,0.08711,59781
78.6629,6.71155,1.21533,0.08977,59313
78.6729,6.7055,1.2152,0.08243,59582
78.6829,6.69945,1.21507,0.08666,59649
78.6929,6.6942,1.21494,0.08794,59565
78.7029,6.68622,1.21481,0.09062,59623
78.7129,6.67823,1.21468,0.07867,59648
78.7229,6.67291,1.21455,0.08126,59101
78.7329,6.66636,1.21442,0.08537,59453
78.7429,6.66157,1.21429,0.08758,59612
78.7529,6.65508,1.21416,0.08642,59758
78.7629,6.64954,1.21403,0.09046,59773
78.7729,6.64491,1.21391,0.0883,59383
78.7829,6.64178,1.21378,0.08241,59639
78.7929,6.6346,1.21365,0.08499,59789
78.8029,6.63048,1.21352,0.08914,59753
78.8129,6.62652,1.21339,0.08155,59696
78.8229,6.62289,1.21326,0.08092,59638
78.8329,6.61924,1.21313,0.08314,59266
78.8429,6.61482,1.213,0.08414,59069
78.8529,6.61176,1.21287,0.08747,59863
78.8629,6.60687,1.21275,0.08878,59924
78.8729,6.60156,1.21262,0.08737,59998
78.8829,6.59679,1.21249,0.08751,59594
78.8929,6.59586,1.21236,0.08208,59874
78.9029,6.58874,1.21223,0.08705,59833
78.9129,6.58488,1.2121,0.08952,59931
78.9229,6.58046,1.21197,0.07647,60145
78.9329,6.57735,1.21185,0.08082,59349
78.9429,6.57188,1.21172,0.08459,59778
78.9529,6.56646,1.21159,0.08717,59883
78.9629,6.56048,1.21146,0.08708,59804
78.9729,6.55755,1.21133,0.08798,59851
78.9829,6.55662,1.2112,0.08716,60111
78.9929,6.54812,1.21108,0.09173,59656
79.0029,6.5472,1.21095,0.07914,60102
79.0129,6.5444,1.21082,0.08584,60091
79.0229,6.54089,1.21069,0.08117,60114
79.0329,6.54078,1.21056,0.08145,59704
79.0429,6.53585,1.21044,0.08368,59686
79.0529,6.53097,1.21031,0.08417,59997
79.0629,6.52912,1.21018,0.08749,60027
79.0729,6.5269,1.21005,0.08736,60161
79.0829,6.52694,1.20992,0.08635,60044
79.0929,6.52572,1.2098,0.09022,59904
79.1029,6.52161,1.20967,0.08871,59639
79.1129,6.52062,1.20954,0.08188,59958
79.1229,6.519,1.20941,0.08657,60356
79.1329,6.51552,1.20928,0.07569,60280
79.1429,6.51554,1.20916,0.08202,59672
79.1529,6.51083,1.20903,0.08323,60074
79.1629,6.50986,1.2089,0.08804,60078
79.1728,6.50811,1.20877,0.0863,60446
79.1828,6.50609,1.20865,0.08596,60268
79.1928,6.50428,1.20852,0.08856,60446
79.2028,6.49865,1.20839,0.08882,60037
79.2128,6.49634,1.20826,0.08313,60223
79.2228,6.4955,1.20814,0.08542,60282
79.2328,6.4913,1.20801,0.07742,60404
79.2428,6.48887,1.20788,0.08174,59504
79.2528,6.48632,1.20775,0.08435,60125
79.2628,6.4824,1.20763,0.084,60299
79.2728,6.47912,1.2075,0.0849,60482
79.2828,6.47709,1.20737,0.08712,60350
79.2928,6.47359,1.20725,0.08955,60485
79.3028,6.47064,1.20712,0.08778,60515
79.3128,6.46447,1.20699,0.08581,60215
79.3228,6.46314,1.20686,0.08344,60387
79.3328,6.457,1.20674,0.08006,60562
79.3428,6.45213,1.20661,0.07929,60069
79.3528,6.45078,1.20648,0.08297,60155
79.3628,6.445,1.20636,0.08491,60259
79.3728,6.44123,1.20623,0.08408,60455
79.3828,6.44083,1.2061,0.08675,60425
79.3928,6.43482,1.20598,0.08652,60370
79.4028,6.43137,1.20585,0.08836,60529
79.4128,6.43001,1.20572,0.08936,60666
79.4228,6.42326,1.2056,0.08666,60275
79.4328,6.42002,1.20547,0.08134,60440
79.4428,6.41652,1.20534,0.07513,60657
79.4528,6.41613,1.20522,0.08233,60054
79.4628,6.41459,1.20509,0.08367,60390
79.4728,6.40964,1.20496,0.08589,60596
79.4828,6.40994,1.20484,0.08499,60739
79.4928,6.40908,1.20471,0.08752,60578
79.5028,6.40459,1.20458,0.08695,60829
79.5128,6.40275,1.20446,0.0881,60768
79.5228,6.40246,1.20433,0.08759,60638
79.5328,6.4002,1.20421,0.08581,60712
79.5428,6.39601,1.20408,0.07497,60580
79.5528,6.39599,1.20395,0.07987,60160
79.5628,6.39756,1.20383,0.08161,60507
79.5728,6.39792,1.2037,0.08327,60721
79.5828,6.39833,1.20357,0.08717,60815
79.5928,6.39805,1.20345,0.0858,60812
79.6028,6.3954,1.20332,0.08558,60904
79.6128,6.39554,1.2032,0.08915,60886
79.6228,6.39257,1.20307,0.08734,61001
79.6328,6.38932,1.20294,0.08995,60668
79.6428,6.38852,1.20282,0.07495,60944
79.6528,6.38397,1.20269,0.07767,60436
79.6628,6.38309,1.20257,0.08447,60532
79.6728,6.38359,1.20244,0.08221,60827
79.6828,6.38173,1.20232,0.08422,60812
79.6928,6.37724,1.20219,0.08707,60964
79.7028,6.37599,1.20206,0.0879,60860
79.7128,6.3709,1.20194,0.08594,60784
79.7228,6.36966,1.20181,0.08809,61192
79.7328,6.37046,1.20169,0.08842,61138
79.7428,6.36632,1.20156,0.08313,60693
79.7528,6.36025,1.20144,0.07384,60857
79.7628,6.35966,1.20131,0.08048,60699
79.7728,6.35849,1.20119,0.08374,60749
79.7828,6.35648,1.20106,0.08661,61047
79.7928,6.35444,1.20093,0.08454,61039
79.8028,6.35417,1.20081,0.08416,61149
79.8128,6.35374,1.20068,0.08945,61234
79.8228,6.35429,1.20056,0.08957,61172
79.8328,6.35223,1.20043,0.08941,61263
79.8428,6.35048,1.20031,0.08237,61067
79.8528,6.34474,1.20018,0.07498,60751
79.8628,6.33754,1.20006,0.07886,60675
79.8728,6.34029,1.19993,0.0834,60933
79.8828,6.33873,1.19981,0.08425,61056
79.8928,6.33923,1.19968,0.08437,60949
79.9028,6.34186,1.19956,0.08689,61254
79.9128,6.34185,1.19943,0.08712,61324
79.9228,6.34084,1.19931,0.08535,61386
79.9328,6.33848,1.19918,0.0896,61379
79.9428,6.33519,1.19906,0.08672,61316
79.9528,6.33128,1.19893,0.07797,61162
79.9628,6.3221,1.19881,0.07673,60568
79.9728,6.32745,1.19868,0.08231,61063
79.9828,6.33104,1.19856,0.0842,61223
79.9928,6.3285,1.19843,0.08485,61245
80.0028,6.32674,1.19831,0.0875,61469
80.0128,6.32667,1.19819,0.08611,61416
80.0228,6.327,1.19806,0.08644,61437
80.0328,6.32425,1.19794,0.0884,61520
80.0428,6.32203,1.19781,0.08964,61569
80.0528,6.32024,1.19769,0.07609,61456
80.0628,6.31344,1.19756,0.07983,60708
80.0728,6.31731,1.19744,0.08028,61090
80.0828,6.31974,1.19731,0.08427,61188
80.0928,6.31869,1.19719,0.08419,61421
80.1028,6.31674,1.19707,0.08684,61669
80.1128,6.32046,1.19694,0.08509,61561
80.1228,6.31999,1.19682,0.0871,61652
80.1328,6.31948,1.19669,0.08875,61667
80.1428,6.31987,1.19657,0.08779,61687
80.1527,6.32133,1.19644,0.07826,61709
80.1627,6.31942,1.19632,0.08289,60833
80.1727,6.32252,1.1962,0.07872,61353
80.1827,6.32617,1.19607,0.08494,61477
80.1927,6.32744,1.19595,0.08332,61593
80.2027,6.32978,1.19582,0.0851,61648
80.2127,6.33349,1.1957,0.08726,61751
80.2227,6.33888,1.19558,0.08805,61738
80.2327,6.34264,1.19545,0.08681,61795
80.2427,6.34975,1.19533,0.08873,61852
80.2527,6.35712,1.19521,0.07724,61853
80.2627,6.36147,1.19508,0.08513,61040
80.2727,6.37232,1.19496,0.0816,61453
80.2827,6.38533,1.19483,0.08321,61574
80.2927,6.39329,1.19471,0.08456,61668
80.3027,6.40256,1.19459,0.08522,61527
80.3127,6.41667,1.19446,0.09038,61803
80.3227,6.42916,1.19434,0.08581,61948
80.3327,6.44596,1.19422,0.08697,61978
80.3427,6.46062,1.19409,0.09174,61984
80.3527,6.47849,1.19397,0.07911,62038
80.3627,6.49537,1.19385,0.08293,61497
80.3727,6.51176,1.19372,0.08817,61409
80.3827,6.52944,1.1936,0.08056,61686
80.3927,6.54843,1.19348,0.08432,61866
80.4027,6.56764,1.19335,0.08765,61909
80.4127,6.59127,1.19323,0.08767,61936
80.4227,6.61564,1.19311,0.08799,62043
80.4327,6.63994,1.19298,0.09227,62126
80.4427,6.66722,1.19286,0.09023,62078
80.4527,6.69115,1.19274,0.07946,62183
80.4627,6.71484,1.19262,0.08629,61573
80.4727,6.7427,1.19249,0.08742,61621
80.4827,6.77452,1.19237,0.08539,61875
80.4927,6.8093,1.19225,0.08802,61925
80.5027,6.84409,1.19212,0.08808,62063
80.5127,6.88032,1.192,0.08985,62078
80.5227,6.91712,1.19188,0.09073,62244
80.5327,6.96053,1.19175,0.09214,62085
80.5427,7.00665,1.19163,0.09413,62241
80.5527,7.04892,1.19151,0.08198,62228
80.5627,7.08686,1.19139,0.08954,61616
80.5727,7.14196,1.19126,0.09165,62029
80.5827,7.19317,1.19114,0.09436,61818
80.5927,7.24456,1.19102,0.08726,62072
80.6027,7.29805,1.1909,0.0901,62278
80.6127,7.35948,1.19077,0.09341,62298
80.6227,7.419,1.19065,0.0929,62300
80.6327,7.4839,1.19053,0.09705,62288
80.6427,7.54403,1.19041,0.09608,62403
80.6527,7.60777,1.19028,0.08511,62497
80.6627,7.66431,1.19016,0.09127,61768
80.6727,7.73285,1.19004,0.09296,62189
80.6827,7.80926,1.18992,0.09839,62134
80.6927,7.87876,1.1898,0.09123,62199
80.7027,7.9535,1.18967,0.09283,62284
80.7127,8.02586,1.18955,0.09696,62364
80.7227,8.09888,1.18943,0.09757,62430
80.7327,8.17357,1.18931,0.10034,62526
80.7427,8.25028,1.18918,0.10193,62510
80.7527,8.32555,1.18906,0.08788,62768
80.7627,8.39256,1.18894,0.09412,61981
80.7727,8.47045,1.18882,0.09975,62426
80.7827,8.55372,1.1887,0.10134,62323
80.7927,8.63617,1.18857,0.09945,62385
80.8027,8.71512,1.18845,0.09959,62432
80.8127,8.79734,1.18833,0.09966,62478
80.8227,8.87154,1.18821,0.10289,62713
80.8327,8.95083,1.18809,0.10597,62633
80.8427,9.03428,1.18797,0.09742,62686
80.8527,9.10742,1.18784,0.09469,62464
80.8627,9.18365,1.18772,0.10104,62177
80.8727,9.26203,1.1876,0.10197,62532
80.8827,9.34318,1.18748,0.10689,62685
80.8927,9.41809,1.18736,0.11147,62352
80.9027,9.49812,1.18724,0.09873,62576
80.9127,9.57057,1.18711,0.10543,62717
80.9227,9.64382,1.18699,0.10637,62705
80.9327,9.71868,1.18687,0.1097,62939
80.9427,9.78711,1.18675,0.09876,62871
80.9527,9.84917,1.18663,0.09959,62430
80.9627,9.91003,1.18651,0.10389,62573
80.9727,9.97646,1.18639,0.10881,62667
80.9827,10.03716,1.18627,0.11084,62876
80.9927,10.09481,1.18614,0.10984,62621
81.0027,10.1475,1.18602,0.10235,62675
81.0127,10.20308,1.1859,0.1079,62709
81.0227,10.24651,1.18578,0.11001,62996
81.0327,10.29249,1.18566,0.10903,62918
81.0427,10.33664,1.18554,0.10152,63074
81.0527,10.3714,1.18542,0.10429,62542
81.0627,10.40524,1.1853,0.10561,62683
81.0727,10.43617,1.18518,0.10939,62828
81.0827,10.46379,1.18505,0.11158,63005
81.0927,10.4825,1.18493,0.1174,62825
81.1027,10.50125,1.18481,0.10426,62824
81.1127,10.50899,1.18469,0.1098,62912
81.1226,10.51998,1.18457,0.10919,63083
81.1326,10.53002,1.18445,0.11074,63076
81.1426,10.52886,1.18433,0.10005,63171
81.1526,10.52422,1.18421,0.10564,62622
81.1626,10.51348,1.18409,0.10781,62838
81.1726,10.5013,1.18397,0.11041,62968
81.1826,10.48461,1.18385,0.11096,63188
81.1926,10.46166,1.18373,0.1123,63042
81.2026,10.43416,1.18361,0.10901,62935
81.2126,10.40532,1.18349,0.10622,63075
81.2226,10.37775,1.18337,0.10753,63104
81.2326,10.34347,1.18324,0.10916,63269
81.2426,10.30099,1.18312,0.0995,63294
81.2526,10.26265,1.183,0.10198,62543
81.2626,10.21559,1.18288,0.11083,63110
81.2726,10.1676,1.18276,0.10839,63268
81.2826,10.11825,1.18264,0.11385,63489
81.2926,10.05945,1.18252,0.10834,63380
81.3026,10.00304,1.1824,0.11271,63084
81.3126,9.94193,1.18228,0.10205,63288
81.3226,9.88656,1.18216,0.10236,63210
81.3326,9.8224,1.18204,0.101,63443
81.3426,9.76004,1.18192,0.09932,63176
81.3526,9.70047,1.1818,0.10472,62959
81.3626,9.62853,1.18168,0.1042,63325
81.3726,9.56219,1.18156,0.10651,63325
81.3826,9.49348,1.18144,0.10609,63563
81.3926,9.41884,1.18132,0.10757,63609
81.4026,9.33721,1.1812,0.11032,63176
81.4126,9.26378,1.18108,0.09907,63446
81.4226,9.19089,1.18096,0.10077,63487
81.4326,9.11717,1.18084,0.09195,63530
81.4426,9.05089,1.18072,0.09751,63063
81.4526,8.96497,1.1806,0.10057,63300
81.4626,8.89066,1.18048,0.10222,63414
81.4726,8.8163,1.18037,0.10192,63619
81.4826,8.73511,1.18025,0.10349,63671
81.4926,8.65621,1.18013,0.10526,63672
81.5026,8.5732,1.18001,0.10354,63304
81.5126,8.501,1.17989,0.09529,63513
81.5226,8.42456,1.17977,0.09753,63691
81.5326,8.34974,1.17965,0.08863,63729
81.5426,8.28429,1.17953,0.09384,63069
81.5526,8.20592,1.17941,0.09579,63408
81.5626,8.12933,1.17929,0.09955,63586
81.5726,8.05639,1.17917,0.09869,63790
81.5826,7.98255,1.17905,0.09941,63859
81.5926,7.9142,1.17893,0.10167,64107
81.6026,7.83801,1.17881,0.0991,63678
81.6126,7.76936,1.17869,0.09133,63742
81.6226,7.69835,1.17857,0.08787,63896
81.6326,7.63662,1.17846,0.08719,63650
81.6426,7.57166,1.17834,0.09094,63465
81.6526,7.51072,1.17822,0.09337,63681
81.6626,7.44472,1.1781,0.09264,63753
81.6726,7.38001,1.17798,0.09454,63961
81.6826,7.32276,1.17786,0.09992,64035
81.6926,7.26321,1.17774,0.09236,64101
81.7026,7.19934,1.17762,0.09905,63664
81.7126,7.14418,1.1775,0.08854,63981
81.7226,7.09203,1.17739,0.08311,63881
81.7326,7.04332,1.17727,0.08306,63472
81.7426,6.99123,1.17715,0.08806,63641
81.7526,6.94418,1.17703,0.09117,63806
81.7626,6.89799,1.17691,0.09214,64073
81.7726,6.85343,1.17679,0.09258,64142
81.7826,6.80975,1.17667,0.09154,64072
81.7926,6.76503,1.17656,0.09523,64238
81.8026,6.72417,1.17644,0.09088,63858
81.8126,6.68632,1.17632,0.08714,63984
81.8226,6.65302,1.1762,0.07655,64130
81.8326,6.61723,1.17608,0.08454,63606
81.8426,6.58172,1.17596,0.0837,64128
81.8526,6.55244,1.17584,0.0888,64102
81.8626,6.52133,1.17573,0.09047,64348
81.8726,6.49169,1.17561,0.08987,64366
81.8826,6.46668,1.17549,0.08956,64371
81.8926,6.44234,1.17537,0.09147,64330
81.9026,6.41464,1.17525,0.093,64203
81.9126,6.39313,1.17514,0.07756,64152
81.9226,6.37192,1.17502,0.07917,63831
81.9326,6.34914,1.1749,0.08165,63884
81.9426,6.32975,1.17478,0.08462,64114
81.9526,6.30964,1.17466,0.08619,64293
81.9626,6.29377,1.17454,0.08919,64326
81.9726,6.2785,1.17443,0.08766,64521
81.9826,6.25841,1.17431,0.09183,64429
81.9926,6.24452,1.17419,0.08964,64588
82.0026,6.22557,1.17407,0.08916,64240
82.0126,6.21109,1.17396,0.07296,64344
82.0226,6.1978,1.17384,0.07948,63605
82.0326,6.18331,1.17372,0.0824,64113
82.0426,6.17149,1.1736,0.08451,64673
82.0526,6.15429,1.17348,0.0866,64667
82.0626,6.14071,1.17337,0.08641,64626
82.0726,6.12821,1.17325,0.08942,64717
82.0826,6.11656,1.17313,0.08695,64731
82.0925,6.10263,1.17301,0.0909,64694
82.1025,6.08625,1.1729,0.08,64525
82.1125,6.07551,1.17278,0.07489,63985
82.1225,6.06454,1.17266,0.07945,64168
82.1325,6.05166,1.17254,0.08225,64485
82.1425,6.03667,1.17243,0.08407,64564
82.1525,6.02498,1.17231,0.08619,64531
82.1625,6.01622,1.17219,0.08594,64776
82.1725,6.00804,1.17207,0.08808,64804
82.1825,5.9952,1.17196,0.08854,64844
82.1925,5.98535,1.17184,0.0877,64883
82.2025,5.97695,1.17172,0.07792,64610
82.2125,5.97177,1.17161,0.07515,63810
82.2225,5.96084,1.17149,0.07877,64485
82.2325,5.95376,1.17137,0.08475,64949
82.2425,5.94463,1.17125,0.08434,64878
82.2525,5.93869,1.17114,0.08629,64987
82.2625,5.93647,1.17102,0.08657,64885
82.2725,5.92903,1.1709,0.08465,65079
82.2825,5.92321,1.17079,0.08657,65014
82.2925,5.92084,1.17067,0.08158,65165
82.3025,5.91782,1.17055,0.08087,64101
82.3125,5.91436,1.17044,0.07528,64457
82.3225,5.9079,1.17032,0.08183,64663
82.3325,5.90401,1.1702,0.08223,64798
82.3425,5.90059,1.17009,0.08277,65027
82.3525,5.89601,1.16997,0.08634,64992
82.3625,5.89338,1.16985,0.08579,65053
82.3725,5.8894,1.16974,0.08527,65141
82.3825,5.88746,1.16962,0.0893,65256
82.3925,5.88506,1.1695,0.07622,65321
82.4025,5.87606,1.16939,0.07873,64278
82.4125,5.87436,1.16927,0.07621,64807
82.4225,5.86862,1.16915,0.08184,65022
82.4325,5.8629,1.16904,0.08173,65261
82.4425,5.85821,1.16892,0.08569,65170
82.4525,5.85655,1.1688,0.08445,65221
82.4625,5.85219,1.16869,0.08635,65372
82.4725,5.8461,1.16857,0.08838,65391
82.4825,5.84223,1.16845,0.07832,65410
82.4925,5.83438,1.16834,0.0798,64548
82.5025,5.82801,1.16822,0.07958,64656
82.5125,5.82373,1.16811,0.07945,65021
82.5225,5.81984,1.16799,0.08011,65097
82.5325,5.81533,1.16787,0.08492,65229
82.5425,5.81265,1.16776,0.08435,65531
82.5525,5.80738,1.16764,0.08604,65606
82.5625,5.80403,1.16752,0.08557,65610
82.5725,5.79786,1.16741,0.08164,65701
82.5825,5.79515,1.16729,0.07785,65223
82.5925,5.79157,1.16718,0.08238,64891
82.6025,5.78308,1.16706,0.07828,64911
82.6125,5.7836,1.16694,0.07974,65270
82.6225,5.78081,1.16683,0.0815,65408
82.6325,5.7786,1.16671,0.0839,65502
82.6425,5.77685,1.1666,0.0846,65525
82.6525,5.77575,1.16648,0.08668,65508
82.6625,5.77338,1.16637,0.08656,65651
82.6725,5.7679,1.16625,0.0755,65654
82.6825,5.76647,1.16613,0.07817,64981
82.6925,5.76314,1.16602,0.08416,65393
82.7025,5.7639,1.1659,0.07877,65407
82.7125,5.76504,1.16579,0.08033,65568
82.7225,5.76154,1.16567,0.08274,65634
82.7325,5.75985,1.16556,0.08559,65746
82.7425,5.76168,1.16544,0.08417,65788
82.7525,5.76143,1.16533,0.08671,65737
82.7625,5.7598,1.16521,0.07561,65846
82.7725,5.76009,1.16509,0.08075,65285
82.7825,5.76253,1.16498,0.08233,65459
82.7925,5.76142,1.16486,0.08456,65026
82.8025,5.76068,1.16475,0.07726,65605
82.8125,5.76102,1.16463,0.08031,65589
82.8225,5.761,1.16452,0.08343,66126
82.8325,5.76261,1.1644,0.08548,66040
82.8425,5.76274,1.16429,0.08608,66070
82.8525,5.76291,1.16417,0.07886,66183
82.8625,5.76169,1.16406,0.07873,65654
82.8725,5.76248,1.16394,0.08097,65560
82.8825,5.76151,1.16383,0.08323,65664
82.8925,5.76254,1.16371,0.08328,65671
82.9025,5.76218,1.1636,0.08036,65645
82.9125,5.76011,1.16348,0.08246,65986
82.9225,5.75781,1.16337,0.08597,65928
82.9325,5.75648,1.16325,0.08398,65975
82.9425,5.75342,1.16314,0.08549,66136
82.9525,5.75353,1.16302,0.07321,66444
82.9625,5.75364,1.16291,0.07909,65649
82.9725,5.7535,1.16279,0.08574,65984
82.9825,5.74931,1.16268,0.08587,65823
82.9925,5.74913,1.16256,0.0792,65916
83.0025,5.74637,1.16245,0.08187,66025
83.0125,5.74184,1.16233,0.08338,66167
83.0225,5.73977,1.16222,0.08412,66067
83.0325,5.73912,1.16211,0.08568,66199
83.0425,5.73866,1.16199,0.07409,66396
83.0525,5.73743,1.16188,0.07985,65554
83.0624,5.73864,1.16176,0.08393,66062
83.0724,5.73733,1.16165,0.08445,66458
83.0824,5.73536,1.16153,0.08771,65972
83.0924,5.73558,1.16142,0.07882,66340
83.1024,5.7327,1.1613,0.0828,66157
83.1124,5.73351,1.16119,0.08121,66441
83.1224,5.7375,1.16108,0.08461,66348
83.1324,5.73806,1.16096,0.07782,66485
83.1424,5.73553,1.16085,0.07898,65808
83.1524,5.74333,1.16073,0.08167,66027
83.1624,5.74321,1.16062,0.08654,66332
83.1724,5.74026,1.16051,0.08521,66311
83.1824,5.73951,1.16039,0.08304,66438
83.1924,5.74232,1.16028,0.07846,66643
83.2024,5.74597,1.16016,0.08366,66517
83.2124,5.74462,1.16005,0.0862,66692
83.2224,5.741,1.15993,0.07834,66671
83.2324,5.74272,1.15982,0.07533,66000
83.2424,5.74577,1.15971,0.08022,66179
83.2524,5.74322,1.15959,0.08426,66402
83.2624,5.74279,1.15948,0.08468,66579
83.2724,5.74111,1.15937,0.08728,66306
83.2824,5.74262,1.15925,0.07978,66351
83.2924,5.74541,1.15914,0.08311,67001
83.3024,5.73717,1.15902,0.08219,66837
83.3124,5.73383,1.15891,0.0796,66837
83.3224,5.73178,1.1588,0.07725,66430
83.3324,5.73292,1.15868,0.08036,66302
83.3424,5.73011,1.15857,0.0848,66548
83.3524,5.72804,1.15846,0.08496,66747
83.3624,5.72718,1.15834,0.0874,66717
83.3724,5.72341,1.15823,0.08496,66356
83.3824,5.72008,1.15812,0.07884,66682
83.3924,5.71578,1.158,0.0825,66951
83.4024,5.71849,1.15789,0.07941,67334
83.4124,5.71008,1.15778,0.07572,66720
83.4224,5.71289,1.15766,0.07842,66440
83.4324,5.71269,1.15755,0.08474,66768
83.4424,5.71371,1.15744,0.0874,66914
83.4524,5.7107,1.15732,0.08525,66986
83.4624,5.71049,1.15721,0.08833,66687
83.4724,5.70554,1.1571,0.07831,66770
83.4824,5.70401,1.15698,0.08278,66858
83.4924,5.70463,1.15687,0.08431,67060
83.5024,5.70242,1.15676,0.07168,67303
83.5124,5.70182,1.15664,0.07916,66656
83.5224,5.70096,1.15653,0.0835,66863
83.5324,5.7028,1.15642,0.08513,67052
83.5424,5.69709,1.1563,0.08577,67207
83.5524,5.69586,1.15619,0.08617,66957
83.5624,5.69613,1.15608,0.08624,66806
83.5724,5.69392,1.15597,0.08049,67067
83.5824,5.6936,1.15585,0.08249,67020
83.5924,5.69398,1.15574,0.07239,67496
83.6024,5.69459,1.15563,0.07864,66789
83.6124,5.69331,1.15551,0.08289,67068
83.6224,5.69209,1.1554,0.08551,67209
83.6324,5.69396,1.15529,0.08504,67418
83.6424,5.69551,1.15518,0.08635,67435
83.6524,5.6959,1.15506,0.09022,67085
83.6624,5.69925,1.15495,0.08057,67070
83.6724,5.69908,1.15484,0.08184,67269
83.6824,5.69768,1.15473,0.07152,67384
83.6924,5.69972,1.15461,0.07848,66887
83.7024,5.70427,1.1545,0.08065,67263
83.7124,5.70391,1.15439,0.08332,67511
83.7224,5.70848,1.15428,0.08736,67429
83.7324,5.71105,1.15416,0.08978,67612
83.7424,5.71452,1.15405,0.08733,67339
83.7524,5.71506,1.15394,0.08528,67115
83.7624,5.70908,1.15383,0.07891,67369
83.7724,5.7161,1.15371,0.07196,67549
83.7824,5.72145,1.1536,0.07883,67113
83.7924,5.72257,1.15349,0.07946,67472
83.8024,5.72245,1.15338,0.08675,67618
83.8124,5.72637,1.15327,0.08445,67754
83.8224,5.72826,1.15315,0.0876,67697
83.8324,5.72616,1.15304,0.08841,67716
83.8424,5.72752,1.15293,0.08605,67366
83.8524,5.73037,1.15282,0.08376,67469
83.8624,5.73434,1.15271,0.07105,67720
83.8724,5.73638,1.15259,0.07599,67211
83.8824,5.73492,1.15248,0.08292,67594
83.8924,5.73829,1.15237,0.08352,67639
83.9024,5.74054,1.15226,0.08751,67812
83.9124,5.73816,1.15215,0.08756,67834
83.9224,5.74053,1.15203,0.08847,67910
83.9324,5.74662,1.15192,0.08849,67788
83.9424,5.74613,1.15181,0.08355,67571
83.9524,5.74593,1.1517,0.06861,67999
83.9624,5.74814,1.15159,0.07861,67360
83.9724,5.74993,1.15148,0.0802,67645
83.9824,5.752,1.15136,0.08541,67920
83.9924,5.75455,1.15125,0.0866,68007
84.0024,5.75394,1.15114,0.08677,68024
84.0124,5.75525,1.15103,0.0882,68071
84.0224,5.75778,1.15092,0.08875,68043
84.0323,5.75901,1.15081,0.08651,67554
84.0423,5.75842,1.15069,0.07018,68243
84.0523,5.75773,1.15058,0.07795,67397
84.0623,5.76281,1.15047,0.08134,67669
84.0723,5.76167,1.15036,0.0814,68135
84.0823,5.76242,1.15025,0.08631,68166
84.0923,5.7629,1.15014,0.08854,68177
84.1023,5.7673,1.15003,0.08704,68234
84.1123,5.77042,1.14992,0.08945,68212
84.1223,5.77302,1.1498,0.08513,68430
84.1323,5.77275,1.14969,0.07317,67976
84.1423,5.77407,1.14958,0.07732,67545
84.1523,5.78341,1.14947,0.08163,67972
84.1623,5.78499,1.14936,0.08332,68178
84.1723,5.78711,1.14925,0.08675,68243
84.1823,5.79493,1.14914,0.08881,68283
84.1923,5.79757,1.14903,0.08605,68259
84.2023,5.80135,1.14892,0.09168,68954
84.2123,5.8087,1.1488,0.08216,68572
84.2223,5.81344,1.14869,0.07499,67709
84.2323,5.81866,1.14858,0.07676,67796
84.2423,5.82353,1.14847,0.08202,68110
84.2523,5.82723,1.14836,0.08272,68313
84.2623,5.83446,1.14825,0.08762,68430
84.2723,5.84084,1.14814,0.08699,68439
84.2823,5.84385,1.14803,0.08809,69125
84.2923,5.84875,1.14792,0.08876,68833
84.3023,5.85503,1.14781,0.08038,68627
84.3123,5.85878,1.1477,0.078,67719
84.3223,5.86592,1.14759,0.07692,67816
84.3323,5.87093,1.14748,0.08284,68195
84.3423,5.87628,1.14737,0.0854,68482
84.3523,5.8824,1.14725,0.08693,68730
84.3623,5.88796,1.14714,0.08708,69159
84.3723,5.89417,1.14703,0.08821,68937
84.3823,5.89831,1.14692,0.09079,68962
84.3923,5.90979,1.14681,0.07873,68849
84.4023,5.91444,1.1467,0.07909,67809
84.4123,5.92126,1.14659,0.08064,67933
84.4223,5.92431,1.14648,0.08174,68394
84.4323,5.9362,1.14637,0.08479,69060
84.4423,5.94372,1.14626,0.08803,69024
84.4523,5.94894,1.14615,0.08691,68983
84.4623,5.95755,1.14604,0.09119,68996
84.4723,5.96994,1.14593,0.08924,68983
84.4823,5.97724,1.14582,0.07799,69003
84.4923,5.98029,1.14571,0.08054,67897
84.5023,5.994,1.1456,0.08068,68546
84.5123,6.00579,1.14549,0.08182,68942
84.5223,6.01577,1.14538,0.08658,68960
84.5323,6.03155,1.14527,0.08905,69044
84.5423,6.0432,1.14516,0.09057,69042
84.5523,6.0607,1.14505,0.08954,69083
84.5623,6.07372,1.14494,0.09307,69101
84.5723,6.09106,1.14483,0.07631,69309
84.5823,6.11018,1.14472,0.08248,68440
84.5923,6.12884,1.14461,0.08447,68557
84.6023,6.15202,1.1445,0.08449,68943
84.6123,6.18225,1.14439,0.08631,69128
84.6223,6.20399,1.14428,0.0886,69091
84.6323,6.226,1.14417,0.0924,69119
84.6423,6.25219,1.14406,0.09212,69447
84.6523,6.28464,1.14395,0.08606,69767
84.6623,6.3103,1.14384,0.08132,69098
84.6723,6.34465,1.14373,0.08496,68584
84.6823,6.37696,1.14362,0.08859,68794
84.6923,6.4144,1.14352,0.08505,68915
84.7023,6.45123,1.14341,0.08879,69152
84.7123,6.49335,1.1433,0.09071,69460
84.7223,6.53379,1.14319,0.0939,69788
84.7323,6.57637,1.14308,0.09468,69772
84.7423,6.61623,1.14297,0.08441,69657
84.7523,6.65885,1.14286,0.08415,68791
84.7623,6.70883,1.14275,0.0913,68749
84.7723,6.76108,1.14264,0.09244,68888
84.7823,6.81505,1.14253,0.08921,69543
84.7923,6.8713,1.14242,0.09103,69728
84.8023,6.93035,1.14231,0.09361,69592
84.8123,6.99422,1.1422,0.09718,69673
84.8223,7.05563,1.14209,0.10117,69654
84.8323,7.11535,1.14199,0.08327,69688
84.8423,7.17105,1.14188,0.08912,68617
84.8523,7.25924,1.14177,0.0953,69653
84.8623,7.33091,1.14166,0.09518,69530
84.8723,7.40985,1.14155,0.09629,69547
84.8823,7.48958,1.14144,0.09635,69605
84.8923,7.57066,1.14133,0.09818,69639
84.9023,7.65286,1.14122,0.10238,69600
84.9123,7.74507,1.14111,0.10064,70179
84.9223,7.83777,1.14101,0.08729,69770
84.9323,7.92015,1.1409,0.09401,69383
84.9423,8.02304,1.14079,0.10146,69411
84.9523,8.12391,1.14068,0.10317,69566
84.9623,8.22749,1.14057,0.09978,69420
84.9723,8.3318,1.14046,0.10234,69717
84.9823,8.44337,1.14035,0.10488,70532
84.9923,8.55022,1.14024,0.1062,70207
85.0022,8.66108,1.14014,0.0948,70085
85.0122,8.76132,1.14003,0.09769,69308
85.0222,8.88218,1.13992,0.10462,69438
85.0322,9.00988,1.13981,0.10842,69547
85.0422,9.12961,1.1397,0.10734,70280
85.0522,9.24073,1.13959,0.10957,69976
85.0622,9.35367,1.13948,0.10691,70045
85.0722,9.47494,1.13938,0.10911,70173
85.0822,9.59936,1.13927,0.11565,70131
85.0922,9.72292,1.13916,0.09468,70128
85.1022,9.83313,1.13905,0.10671,69490
85.1122,9.96076,1.13894,0.10916,70208
85.1222,10.08253,1.13884,0.11642,69991
85.1322,10.2041,1.13873,0.11303,70045
85.1422,10.32596,1.13862,0.1149,69915
85.1522,10.44685,1.13851,0.11185,70044
85.1622,10.56866,1.1384,0.11853,70472
85.1722,10.69196,1.13829,0.10931,70827
85.1822,10.7942,1.13819,0.10445,70095
85.1922,10.90567,1.13808,0.11189,69746
85.2022,11.01521,1.13797,0.1167,69965
85.2122,11.1318,1.13786,0.12335,70057
85.2222,11.24771,1.13775,0.1189,70319
85.2322,11.357,1.13765,0.11892,70641
85.2422,11.44941,1.13754,0.11874,70594
85.2522,11.54616,1.13743,0.12108,70527
85.2622,11.63679,1.13732,0.10517,70586
85.2722,11.71171,1.13722,0.11069,69454
85.2822,11.80273,1.13711,0.12069,70278
85.2922,11.89219,1.137,0.12496,70830
85.3022,11.96314,1.13689,0.12794,70434
85.3122,12.02966,1.13678,0.12008,70552
85.3222,12.09031,1.13668,0.12254,70345
85.3322,12.14831,1.13657,0.12244,70436
85.3422,12.20742,1.13646,0.11945,70992
85.3522,12.25567,1.13635,0.10669,70705
85.3622,12.29281,1.13625,0.11658,70067
85.3722,12.32961,1.13614,0.12326,70421
85.3822,12.35846,1.13603,0.12943,70646
85.3922,12.38022,1.13592,0.12916,70269
85.4022,12.39667,1.13582,0.12389,71193
85.4122,12.4137,1.13571,0.12596,70863
85.4222,12.42455,1.1356,0.12171,70895
85.4322,12.4285,1.13549,0.10978,70940
85.4422,12.42581,1.13539,0.11582,69896
85.4522,12.4167,1.13528,0.12077,70220
85.4622,12.3922,1.13517,0.12376,71333
85.4722,12.36106,1.13507,0.12899,71058
85.4822,12.32626,1.13496,0.12935,70753
85.4922,12.30089,1.13485,0.12347,70935
85.5022,12.25658,1.13474,0.12425,70698
85.5122,12.21425,1.13464,0.11618,71187
85.5222,12.15452,1.13453,0.1063,71065
85.5322,12.10383,1.13442,0.11474,70464
85.5422,12.03378,1.13432,0.12207,70644
85.5522,11.96038,1.13421,0.12261,70862
85.5622,11.88149,1.1341,0.12796,70990
85.5722,11.78991,1.13399,0.1271,71586
85.5822,11.70254,1.13389,0.11976,71410
85.5922,11.61762,1.13378,0.12016,71085
85.6022,11.51915,1.13367,0.10245,71209
85.6122,11.44401,1.13357,0.10947,70042
85.6222,11.335,1.13346,0.11647,70762
85.6322,11.22331,1.13335,0.1204,71538
85.6422,11.11509,1.13325,0.12413,71454
85.6522,11.00457,1.13314,0.12137,71405
85.6622,10.88854,1.13303,0.12093,71153
85.6722,10.77905,1.13293,0.11592,71180
85.6822,10.65338,1.13282,0.1093,71820
85.6922,10.55842,1.13271,0.09855,70916
85.7022,10.45398,1.13261,0.10841,70634
85.7122,10.33152,1.1325,0.11321,70956
85.7222,10.21075,1.13239,0.11453,71286
85.7322,10.09401,1.13229,0.11891,71963
85.7422,9.97135,1.13218,0.119,71908
85.7522,9.85769,1.13208,0.11214,71512
85.7622,9.74218,1.13197,0.11246,71445
85.7722,9.62357,1.13186,0.09416,71391
85.7822,9.53134,1.13176,0.09962,70179
85.7922,9.3966,1.13165,0.10406,71813
85.8022,9.28865,1.13154,0.10914,71644
85.8122,9.17558,1.13144,0.10945,71586
85.8222,9.06234,1.13133,0.11528,71879
85.8322,8.95059,1.13123,0.11075,71337
85.8422,8.82406,1.13112,0.10681,72327
85.8522,8.71619,1.13101,0.09661,71887
85.8622,8.62872,1.13091,0.09237,70704
85.8722,8.52166,1.1308,0.09808,71066
85.8822,8.41412,1.13069,0.10102,71300
85.8922,8.29991,1.13059,0.10289,72355
85.9022,8.20357,1.13048,0.10752,72215
85.9122,8.10826,1.13038,0.10823,72065
85.9222,8.0008,1.13027,0.10631,71621
85.9322,7.91072,1.13016,0.09745,71667
85.9422,7.81248,1.13006,0.08709,72040
85.9522,7.73974,1.12995,0.08973,71140
85.9622,7.64782,1.12985,0.09457,71524
85.9721,7.56481,1.12974,0.09946,71896
85.9821,7.48493,1.12964,0.10178,71875
85.9921,7.39553,1.12953,0.10079,72568
86.0021,7.32217,1.12942,0.10207,72468
86.0121,7.24761,1.12932,0.1007,71962
86.0221,7.17699,1.12921,0.08322,72211
86.0321,7.12098,1.12911,0.08783,70615
86.0421,7.04478,1.129,0.08779,72043
86.0521,6.9844,1.1289,0.0943,72154
86.0621,6.91793,1.12879,0.09383,72065
86.0721,6.85979,1.12869,0.09659,72213
86.0821,6.80552,1.12858,0.09788,72302
86.0921,6.74021,1.12847,0.10011,72792
86.1021,6.685,1.12837,0.08529,72516
86.1121,6.64473,1.12826,0.08202,71567
86.1221,6.59112,1.12816,0.08701,71344
86.1321,6.5444,1.12805,0.08558,71635
86.1421,6.48966,1.12795,0.09107,72769
86.1521,6.45153,1.12784,0.09241,72760
86.1621,6.40928,1.12774,0.09751,72583
86.1721,6.36979,1.12763,0.09788,72528
86.1821,6.33075,1.12753,0.09372,72265
86.1921,6.29239,1.12742,0.07433,72554
86.2021,6.26014,1.12732,0.0838,71638
86.2121,6.22948,1.12721,0.08514,71895
86.2221,6.19494,1.12711,0.08677,72350
86.2321,6.16888,1.127,0.09055,72393
86.2421,6.13521,1.1269,0.0937,73412
86.2521,6.1152,1.12679,0.09583,72798
86.2621,6.09229,1.12669,0.09388,72792
86.2721,6.06417,1.12658,0.07769,72218
86.2821,6.04612,1.12648,0.07753,71893
86.2921,6.01804,1.12637,0.08594,72556
86.3021,5.99974,1.12627,0.08525,72351
86.3121,5.98509,1.12616,0.08774,72584
86.3221,5.96818,1.12606,0.08735,72605
86.3321,5.94874,1.12595,0.09232,73315
86.3421,5.93412,1.12585,0.09359,73318
86.3521,5.9141,1.12574,0.07823,73128
86.3621,5.8976,1.12564,0.07982,71561
86.3721,5.88552,1.12553,0.08195,72053
86.3821,5.87864,1.12543,0.0884,73032
86.3921,5.85945,1.12532,0.0831,72774
86.4021,5.84745,1.12522,0.08819,72864
86.4121,5.83789,1.12512,0.08986,73073
86.4221,5.82601,1.12501,0.09201,73540
86.4321,5.81688,1.12491,0.0814,73710
86.4421,5.80447,1.1248,0.07978,71940
86.4521,5.79505,1.1247,0.07821,72147
86.4621,5.78672,1.12459,0.0856,72302
86.4721,5.77945,1.12449,0.08546,73636
86.4821,5.76785,1.12438,0.08544,73389
86.4921,5.75854,1.12428,0.08828,73177
86.5021,5.75161,1.12418,0.09103,73117
86.5121,5.74992,1.12407,0.08707,73507
86.5221,5.7369,1.12397,0.07426,73179
86.5321,5.73019,1.12386,0.08191,72277
86.5421,5.72263,1.12376,0.08134,72858
86.5521,5.71777,1.12365,0.08648,72816
86.5621,5.70788,1.12355,0.08481,73734
86.5721,5.7027,1.12345,0.08709,73373
86.5821,5.69757,1.12334,0.09006,73407
86.5921,5.69404,1.12324,0.08994,73587
86.6021,5.69085,1.12313,0.07418,73817
86.6121,5.68134,1.12303,0.08267,72458
86.6221,5.6762,1.12293,0.07974,72893
86.6321,5.67454,1.12282,0.08386,73038
86.6421,5.67113,1.12272,0.08688,72919
86.6521,5.66661,1.12261,0.08466,74435
86.6621,5.66363,1.12251,0.08787,73816
86.6721,5.66527,1.12241,0.08865,73636
86.6821,5.66172,1.1223,0.07465,73659
86.6921,5.65789,1.1222,0.08142,72843
86.7021,5.65399,1.1221,0.08492,72858
86.7121,5.65166,1.12199,0.0813,73641
86.7221,5.64899,1.12189,0.08694,73454
86.7321,5.64288,1.12178,0.08671,73759
86.7421,5.64617,1.12168,0.08754,74097
86.7521,5.63952,1.12158,0.08901,73806
86.7621,5.6415,1.12147,0.07353,73802
86.7721,5.63425,1.12137,0.08136,72808
86.7821,5.6245,1.12127,0.08316,73977
86.7921,5.61904,1.12116,0.08177,73420
86.8021,5.62203,1.12106,0.08593,73631
86.8121,5.62324,1.12096,0.08842,73367
86.8221,5.61572,1.12085,0.08562,74648
86.8321,5.60876,1.12075,0.0876,74430
86.8421,5.60589,1.12065,0.07485,74158
86.8521,5.59691,1.12054,0.07862,72680
86.8621,5.59809,1.12044,0.08221,73992
86.8721,5.5946,1.12034,0.08951,73273
86.8821,5.59189,1.12023,0.08106,74231
86.8921,5.59521,1.12013,0.08947,74021
86.9021,5.58667,1.12003,0.08752,74360
86.9121,5.58495,1.11992,0.08678,74436
86.9221,5.58427,1.11982,0.07418,74213
86.9321,5.5719,1.11972,0.07702,72740
86.942,5.56974,1.11961,0.08318,74361
86.952,5.57989,1.11951,0.08926,74191
86.962,5.58234,1.11941,0.08351,73970
86.972,5.57711,1.11931,0.08618,74022
86.982,5.56566,1.1192,0.08842,73904
86.992,5.58069,1.1191,0.08598,75335
87.002,5.57782,1.119,0.07385,74652
87.012,5.55512,1.11889,0.07607,73220
87.022,5.56595,1.11879,0.08266,73475
87.032,5.57696,1.11869,0.08863,74949
87.042,5.56898,1.11859,0.09026,73802
87.052,5.56406,1.11848,0.08024,74707
87.062,5.55805,1.11838,0.08773,74262
87.072,5.57495,1.11828,0.08951,75284
87.082,5.56865,1.11817,0.07347,74562
87.092,5.54451,1.11807,0.07617,73149
87.102,5.54634,1.11797,0.08233,74180
87.112,5.55697,1.11787,0.08714,75350
87.122,5.55319,1.11776,0.09104,74163
87.132,5.54887,1.11766,0.08165,74245
87.142,5.54471,1.11756,0.08774,74274
87.152,5.55082,1.11746,0.08868,75881
87.162,5.53776,1.11735,0.07417,74996
87.172,5.52394,1.11725,0.07505,73438
87.182,5.52726,1.11715,0.08147,73741
87.192,5.53251,1.11705,0.08823,75341
87.202,5.5322,1.11694,0.08998,75007
87.212,5.52544,1.11684,0.08539,74369
87.222,5.52464,1.11674,0.08463,74903
87.232,5.52124,1.11664,0.09056,75585
87.242,5.53033,1.11654,0.073,74787
87.252,5.51236,1.11643,0.0756,73229
87.262,5.50851,1.11633,0.08114,75320
87.272,5.5228,1.11623,0.08877,75169
87.282,5.51882,1.11613,0.09067,74983
87.292,5.51699,1.11602,0.09261,74030
87.302,5.50756,1.11592,0.07874,75310
87.312,5.51465,1.11582,0.08854,76279
87.322,5.51544,1.11572,0.07366,74917
87.332,5.50383,1.11562,0.07467,73539
87.342,5.50243,1.11551,0.08161,74998
87.352,5.50254,1.11541,0.08629,74851
87.362,5.49804,1.11531,0.09053,75916
87.372,5.49813,1.11521,0.09117,74450
87.382,5.48856,1.11511,0.08282,75844
87.392,5.48751,1.115,0.08675,75387
87.402,5.4879,1.1149,0.07302,74904
87.412,5.46612,1.1148,0.07477,74307
87.422,5.46862,1.1147,0.08175,75655
87.432,5.4696,1.1146,0.08515,75031
87.442,5.45734,1.1145,0.09006,75032
87.452,5.45649,1.11439,0.09315,75853
87.462,5.4475,1.11429,0.08434,75970
87.472,5.44741,1.11419,0.08411,75332
87.482,5.43551,1.11409,0.07138,75251
87.492,5.4338,1.11399,0.07778,74344
87.502,5.43315,1.11389,0.07957,75486
87.512,5.42877,1.11378,0.08703,75547
87.522,5.43015,1.11368,0.09012,75193
87.532,5.42412,1.11358,0.09144,76543
87.542,5.42351,1.11348,0.09384,74870
87.552,5.42053,1.11338,0.07739,76061
87.562,5.42081,1.11328,0.07036,75982
87.572,5.41668,1.11318,0.07992,74611
87.582,5.42001,1.11308,0.07865,74926
87.592,5.4227,1.11297,0.08673,74934
87.602,5.41861,1.11287,0.08849,77345
87.612,5.42202,1.11277,0.09149,76349
87.622,5.41279,1.11267,0.09484,74812
87.632,5.41598,1.11257,0.07607,75250
87.642,5.4171,1.11247,0.06875,76070
87.652,5.41874,1.11237,0.08079,75931
87.662,5.41603,1.11227,0.08199,74948
87.672,5.41278,1.11216,0.08759,75942
87.682,5.41593,1.11206,0.08747,76159
87.692,5.41274,1.11196,0.09189,76668
87.702,5.40856,1.11186,0.09401,75463
87.712,5.41191,1.11176,0.07113,76743
87.722,5.40568,1.11166,0.07206,74951
87.732,5.3996,1.11156,0.08098,74762
87.742,5.41108,1.11146,0.08298,76842
87.752,5.41214,1.11136,0.08626,76443
87.762,5.40624,1.11126,0.08906,75919
87.772,5.40712,1.11116,0.09272,75678
87.782,5.41685,1.11105,0.09556,77562
87.792,5.41135,1.11095,0.06926,76501
87.802,5.40095,1.11085,0.07304,74546
87.812,5.41255,1.11075,0.0806,75586
87.822,5.41331,1.11065,0.08723,75732
87.832,5.41541,1.11055,0.08497,77178
87.842,5.41437,1.11045,0.09019,76252
87.852,5.42775,1.11035,0.09225,77374
87.862,5.41471,1.11025,0.09375,76516
87.872,5.40729,1.11015,0.06981,75897
87.882,5.42425,1.11005,0.06977,75623
87.892,5.42153,1.10995,0.08135,76023
87.902,5.42007,1.10985,0.08773,75710
87.9119,5.4194,1.10975,0.08811,76122
87.9219,5.42903,1.10965,0.09158,78517
87.9319,5.43011,1.10955,0.09497,76904
87.9419,5.41984,1.10945,0.0916,76286
87.9519,5.42173,1.10934,0.07103,75256
87.9619,5.42846,1.10924,0.06826,76519
87.9719,5.42953,1.10914,0.08292,76306
87.9819,5.42753,1.10904,0.08947,76533
87.9919,5.42452,1.10894,0.08801,76785
88.0019,5.42678,1.10884,0.08748,77387
88.0119,5.42882,1.10874,0.09283,76882
88.0219,5.43232,1.10864,0.08131,78148
88.0319,5.41264,1.10854,0.07753,74337
88.0419,5.4271,1.10844,0.06768,76099
88.0519,5.42314,1.10834,0.08308,77520
88.0619,5.41334,1.10824,0.08941,76942
88.0719,5.40939,1.10814,0.09127,76198
88.0819,5.41118,1.10804,0.08987,77599
88.0919,5.39892,1.10794,0.09291,78428
88.1019,5.39804,1.10784,0.0751,77449
88.1119,5.39418,1.10774,0.08052,73604
88.1219,5.38677,1.10764,0.069,77121
88.1319,5.39537,1.10754,0.0829,77379
88.1419,5.37717,1.10744,0.09054,76685
88.1519,5.37574,1.10734,0.0915,78079
88.1619,5.37863,1.10724,0.09216,76924
88.1719,5.37009,1.10714,0.09302,78313
88.1819,5.37112,1.10704,0.07104,77807
88.1919,5.37481,1.10694,0.08156,74523
88.2019,5.36764,1.10685,0.06808,75698
88.2119,5.37387,1.10675,0.0854,78644
88.2219,5.3724,1.10665,0.09292,77933
88.2319,5.37022,1.10655,0.09582,77034
88.2419,5.3685,1.10645,0.09065,76949
88.2519,5.37435,1.10635,0.07752,79843
88.2619,5.37643,1.10625,0.07608,76153
88.2719,5.37885,1.10615,0.08444,74549
88.2819,5.37739,1.10605,0.06866,77983
88.2919,5.38232,1.10595,0.08671,78064
88.3019,5.3811,1.10585,0.0937,77232
88.3119,5.38685,1.10575,0.09678,78407
88.3219,5.38387,1.10565,0.09277,78018
88.3319,5.38762,1.10555,0.07201,78332
88.3419,5.3789,1.10545,0.08006,76946
88.3519,5.38717,1.10535,0.0863,75276
88.3619,5.38414,1.10525,0.06789,77135
88.3719,5.39109,1.10515,0.08881,78884
88.3819,5.38003,1.10506,0.09298,77942
88.3919,5.38262,1.10496,0.09718,77209
88.4019,5.38242,1.10486,0.08421,79806
88.4119,5.37507,1.10476,0.07298,77478
88.4219,5.37596,1.10466,0.0812,76347
88.4319,5.36751,1.10456,0.08858,75910
88.4419,5.38211,1.10446,0.06845,78672
88.4519,5.36457,1.10436,0.08869,77765
88.4619,5.37093,1.10426,0.09738,78645
88.4719,5.37057,1.10416,0.0982,78665
88.4819,5.36158,1.10406,0.07325,78903
88.4919,5.36983,1.10397,0.07857,76844
88.5019,5.36968,1.10387,0.0857,77414
88.5119,5.35984,1.10377,0.07904,76262
88.5219,5.37341,1.10367,0.07524,78717
88.5319,5.36998,1.10357,0.09019,78474
88.5419,5.37818,1.10347,0.0974,77601
88.5519,5.37599,1.10337,0.08706,80397
88.5619,5.37665,1.10327,0.07254,77630
88.5719,5.37443,1.10318,0.08324,76635
88.5819,5.38274,1.10308,0.08648,78631
88.5919,5.37405,1.10298,0.07695,77303
88.6019,5.38959,1.10288,0.07703,77509
88.6119,5.37921,1.10278,0.09182,78839
88.6219,5.37702,1.10268,0.09717,80037
88.6319,5.38027,1.10258,0.0726,78670
88.6419,5.37049,1.10249,0.08108,77281
88.6519,5.36284,1.10239,0.08495,78402
88.6619,5.37892,1.10229,0.08818,77084
88.6719,5.36782,1.10219,0.07509,78136
88.6819,5.35908,1.10209,0.0797,77867
88.6919,5.35408,1.10199,0.09598,79537
88.7019,5.36255,1.10189,0.0836,80616
88.7119,5.34785,1.1018,0.07703,76965
88.7219,5.34313,1.1017,0.08426,77966
88.7319,5.35096,1.1016,0.08793,80027
88.7419,5.35054,1.1015,0.09044,76051
88.7519,5.34568,1.1014,0.07138,78288
88.7619,5.34455,1.10131,0.08679,80554
88.7719,5.34355,1.10121,0.09828,78621
88.7819,5.34557,1.10111,0.07051,78991
88.7919,5.34226,1.10101,0.08272,79087
88.8019,5.34127,1.10091,0.08603,77591
88.8119,5.3528,1.10081,0.08741,79346
88.8219,5.35191,1.10072,0.08582,77700
88.8319,5.35052,1.10062,0.07712,78111
88.8419,5.36249,1.10052,0.0878,80363
88.8519,5.35681,1.10042,0.07515,80008
88.8619,5.34808,1.10032,0.07941,77917
88.8719,5.37184,1.10023,0.08621,78772
88.8818,5.35391,1.10013,0.09086,78793
88.8918,5.36886,1.10003,0.09466,79290
88.9018,5.36733,1.09993,0.07576,77869
88.9118,5.36674,1.09984,0.08378,78424
88.9218,5.37039,1.09974,0.07475,81787
88.9318,5.36543,1.09964,0.07617,77414
88.9418,5.37448,1.09954,0.08774,78851
88.9518,5.37154,1.09944,0.09272,81014
88.9618,5.38015,1.09935,0.09489,78328
88.9718,5.3867,1.09925,0.0925,78085
88.9818,5.37736,1.09915,0.07214,79711
88.9918,5.38375,1.09905,0.08758,78169
89.0018,5.38426,1.09896,0.06749,80632
89.0118,5.38206,1.09886,0.08623,79098
89.0218,5.39302,1.09876,0.09158,79633
89.0318,5.39496,1.09866,0.09657,80380
89.0418,5.38755,1.09857,0.09552,77288
89.0518,5.39388,1.09847,0.07275,79404
89.0618,5.38916,1.09837,0.08608,80184
89.0718,5.38637,1.09827,0.06756,80190
89.0818,5.39556,1.09818,0.08155,77850
89.0918,5.38388,1.09808,0.08913,80026
89.1018,5.39058,1.09798,0.09501,81013
89.1118,5.38241,1.09788,0.09842,78857
89.1218,5.37759,1.09779,0.08229,79289
89.1318,5.38595,1.09769,0.0827,79427
89.1418,5.36693,1.09759,0.06863,80229
89.1518,5.37716,1.0975,0.07728,79199
89.1618,5.35267,1.0974,0.08418,77773
89.1718,5.36877,1.0973,0.09552,83050
89.1818,5.35762,1.0972,0.10525,79768
89.1918,5.36184,1.09711,0.09478,78408
89.2018,5.35931,1.09701,0.07748,80528
89.2118,5.3572,1.09691,0.06677,78379
89.2218,5.34934,1.09682,0.07728,80539
89.2318,5.35299,1.09672,0.08338,78450
89.2418,5.35279,1.09662,0.0962,82767
89.2518,5.35402,1.09652,0.10464,80317
89.2618,5.36719,1.09643,0.09629,78579
89.2718,5.36448,1.09633,0.07583,80392
89.2818,5.3669,1.09623,0.06469,78543
89.2918,5.35951,1.09614,0.07992,80857
89.3018,5.3652,1.09604,0.08854,77418
89.3118,5.37232,1.09594,0.09545,84523
89.3218,5.3785,1.09585,0.10105,79139
89.3318,5.39461,1.09575,0.08595,80396
89.3418,5.37927,1.09565,0.08061,78443
89.3518,5.38859,1.09556,0.06663,82376
89.3618,5.37573,1.09546,0.08264,76764
89.3718,5.39344,1.09536,0.09419,83537
89.3818,5.39443,1.09527,0.09232,79016
89.3918,5.39822,1.09517,0.09468,81943
89.4018,5.40535,1.09507,0.07516,76893
89.4118,5.39251,1.09498,0.07402,85020
89.4218,5.38979,1.09488,0.07935,76114
89.4318,5.39728,1.09478,0.09124,82199
89.4418,5.37896,1.09469,0.09299,80700
89.4518,5.41613,1.09459,0.0922,81380
89.4618,5.38544,1.09449,0.07842,79161
89.4718,5.39744,1.0944,0.08493,82147
89.4818,5.39062,1.0943,0.06836,79385
89.4918,5.37758,1.09421,0.08601,79590
89.5018,5.3827,1.09411,0.09468,82730
89.5118,5.39188,1.09401,0.09477,78753
89.5218,5.38328,1.09392,0.08537,81754
89.5318,5.38358,1.09382,0.0832,81722
89.5418,5.38828,1.09372,0.07106,80055
89.5518,5.38257,1.09363,0.0796,79992
89.5618,5.38148,1.09353,0.08893,81369
89.5718,5.38014,1.09344,0.09621,80728
89.5818,5.39851,1.09334,0.09133,81007
89.5918,5.39125,1.09324,0.08542,81534
89.6018,5.38622,1.09315,0.07562,81126
89.6118,5.39985,1.09305,0.07684,79842
89.6218,5.39985,1.09296,0.08133,81027
89.6318,5.40151,1.09286,0.08919,80908
89.6418,5.41396,1.09276,0.08858,81291
89.6518,5.40973,1.09267,0.09218,81663
89.6618,5.4219,1.09257,0.08383,81527
89.6718,5.41695,1.09248,0.07721,80678
89.6818,5.42433,1.09238,0.08048,80840
89.6918,5.42882,1.09228,0.08323,80629
89.7018,5.4316,1.09219,0.08147,81437
89.7118,5.43589,1.09209,0.09091,81591
89.7218,5.43433,1.092,0.08711,81751
89.7318,5.44406,1.0919,0.08625,81274
89.7418,5.42876,1.09181,0.08376,81431
89.7518,5.44504,1.09171,0.08226,80917
89.7618,5.44451,1.09161,0.08017,80998
89.7718,5.43852,1.09152,0.08309,81568
89.7818,5.43866,1.09142,0.08278,81758
89.7918,5.44734,1.09133,0.08808,80874
89.8018,5.43909,1.09123,0.08949,80259
89.8118,5.44313,1.09114,0.08832,78684
89.8218,5.44273,1.09104,0.08042,77330
89.8318,5.44184,1.09094,0.08127,76919
89.8418,5.42227,1.09085,0.07879,76065
89.8518,5.42736,1.09075,0.08258,74916
89.8617,5.42818,1.09066,0.08954,73723
89.8717,5.42291,1.09056,0.08815,71780
89.8817,5.42535,1.09047,0.08717,70639
89.8917,5.41893,1.09037,0.08355,69103
89.9017,5.41449,1.09028,0.08279,67470
89.9117,5.39994,1.09018,0.08443,66302
89.9217,5.40536,1.09009,0.08481,64454
89.9317,5.41011,1.08999,0.08881,63068
89.9417,5.4027,1.0899,0.09439,61945
89.9517,5.4094,1.0898,0.09328,61163
89.9617,5.4002,1.08971,0.09206,60324
89.9717,5.40537,1.08961,0.09135,58705
89.9817,5.40001,1.08952,0.0903,56895
89.9917,5.39923,1.08942,0.08713,55159
90.0017,5.41553,1.08933,0.09322,53755
90.0117,5.39735,1.08923,0.09912,52853
90.0217,5.41323,1.08914,0.10751,52192
90.0317,5.42445,1.08904,0.10776,50942
90.0417,5.42589,1.08895,0.10732,49045
90.0517,5.42887,1.08885,0.09837,47414
90.0617,5.44752,1.08876,0.09994,45995
90.0717,5.4623,1.08866,0.10563,44688
90.0817,5.44515,1.08857,0.10714,44406
90.0917,5.47004,1.08847,0.11699,43505
90.1017,5.48666,1.08838,0.11386,42327
90.1117,5.47723,1.08828,0.1133,40743
90.1217,5.50942,1.08819,0.11508,38909
90.1317,5.53055,1.08809,0.11487,38274
90.1417,5.52642,1.088,0.11508,38056
90.1517,5.53975,1.0879,0.11914,37669
90.1617,5.55922,1.08781,0.12394,37010
90.1717,5.5624,1.08771,0.12609,35927
90.1817,5.57977,1.08762,0.12387,35180
90.1917,5.60479,1.08752,0.1257,34146
90.2017,5.61278,1.08743,0.11554,33500
90.2117,5.63095,1.08733,0.12167,32803
90.2217,5.63846,1.08724,0.12237,31945
90.2317,5.64438,1.08715,0.11782,31378
90.2417,5.66481,1.08705,0.1302,30672
90.2517,5.68878,1.08696,0.13127,29843
90.2617,5.68797,1.08686,0.13042,29534
90.2717,5.69667,1.08677,0.13965,28597
90.2817,5.72543,1.08667,0.13156,27957
90.2917,5.72694,1.08658,0.12838,27281
90.3017,5.74179,1.08649,0.127,26450
90.3117,5.74865,1.08639,0.13178,26054
90.3217,5.78554,1.0863,0.13576,25608
90.3317,5.77338,1.0862,0.15033,25096
90.3417,5.80531,1.08611,0.15256,24490
90.3517,5.81945,1.08601,0.14089,23332
90.3617,5.83058,1.08592,0.13705,22176
90.3717,5.85405,1.08583,0.12999,20780
90.3817,5.88954,1.08573,0.13399,19427
90.3917,5.88279,1.08564,0.16341,18521
90.4017,5.90766,1.08554,0.16879,17219
90.4117,5.88317,1.08545,0.16336,15547
90.4217,5.90397,1.08536,0.15807,13747
90.4317,5.91587,1.08526,0.14058,11445
90.4417,5.97674,1.08517,0.14072,9018
90.4517,6.05476,1.08507,0.15749,7682
90.4617,6.00566,1.08498,0.17913,6524
90.4717,6.06916,1.08489,0.1892,5322
90.4817,5.97688,1.08479,0.17694,4045
90.4917,6.01426,1.0847,0.17212,2266
90.5017,6.18578,1.0846,0.17091,399
90.5117,6.07675,1.08451,0.21689,44
