M17/1	
θ/2θ, °	Intensity, cps
3	260313.53125
3.00999999046326	257287.25
3.01999998092651	255254.15625
3.02999997138977	252058.6875
3.03999996185303	251613.828125
3.04999995231628	255140.890625
3.05999994277954	250635.53125
3.0699999332428	246284.375
3.07999992370605	241865.984375
3.08999991416931	238725.25
3.09999990463257	238595.484375
3.10999989509583	234646.71875
3.11999988555908	233555.375
3.13000011444092	231685.921875
3.14000010490417	226388.46875
3.15000009536743	223168.59375
3.16000008583069	227525.78125
3.17000007629395	229438.9375
3.1800000667572	225635.984375
3.19000005722046	222153.09375
3.20000004768372	219297.59375
3.21000003814697	213791.296875
3.22000002861023	210263.96875
3.23000001907349	212496.234375
3.24000000953674	212777.71875
3.25	210820.484375
3.25999999046326	204753.125
3.26999998092651	202359.515625
3.27999997138977	203043.890625
3.28999996185303	200044.375
3.29999995231628	196381.53125
3.30999994277954	195350.734375
3.3199999332428	194288.078125
3.32999992370605	193886.203125
3.33999991416931	192222.703125
3.34999990463257	191610.40625
3.35999989509583	190956.15625
3.36999988555908	186218.859375
3.38000011444092	188181.15625
3.39000010490417	190381.328125
3.40000009536743	190237.34375
3.41000008583069	185956.75
3.42000007629395	184642.09375
3.4300000667572	180477.890625
3.44000005722046	177578.71875
3.45000004768372	174256.703125
3.46000003814697	172812.234375
3.47000002861023	174398.5625
3.48000001907349	174541.890625
3.49000000953674	171149.78125
3.5	166927.203125
3.50999999046326	164501.84375
3.51999998092651	164449.65625
3.52999997138977	166580.34375
3.53999996185303	166186.296875
3.54999995231628	163812.5625
3.55999994277954	163635.953125
3.5699999332428	163720.765625
3.57999992370605	159065.953125
3.58999991416931	157677.953125
3.59999990463257	157994.453125
3.60999989509583	156914.765625
3.61999988555908	155714.484375
3.63000011444092	155701.96875
3.64000010490417	152811.625
3.65000009536743	152673.625
3.66000008583069	150909.09375
3.67000007629395	147277.453125
3.6800000667572	147389.53125
3.69000005722046	148078.0625
3.70000004768372	146136.515625
3.71000003814697	144630.125
3.72000002861023	143320.734375
3.73000001907349	143368.5625
3.74000000953674	143113.25
3.75	141140.75
3.75999999046326	139655.75
3.76999998092651	140116.09375
3.77999997138977	138000.703125
3.78999996185303	136658.71875
3.79999995231628	137285.921875
3.80999994277954	137149.015625
3.8199999332428	136142.953125
3.82999992370605	131864.65625
3.83999991416931	129530.640625
3.84999990463257	129546.390625
3.85999989509583	129696.3671875
3.86999988555908	131953.78125
3.88000011444092	131464.40625
3.89000010490417	129856.2421875
3.90000009536743	128026.6875
3.91000008583069	129753.046875
3.92000007629395	128902.6640625
3.9300000667572	126946.8671875
3.94000005722046	125486.1015625
3.95000004768372	125064.171875
3.96000003814697	122552.5390625
3.97000002861023	121679.84375
3.98000001907349	121768.84375
3.99000000953674	120309.7421875
4	121754.515625
4.01000022888184	121076.828125
4.01999998092651	118893.1328125
4.03000020980835	118917.09375
4.03999996185303	118068.4296875
4.05000019073486	115728.2265625
4.05999994277954	114606.1171875
4.07000017166138	113441.5
4.07999992370605	113034.125
4.09000015258789	113419.1328125
4.09999990463257	112522.171875
4.1100001335144	111531.5703125
4.11999988555908	111381.546875
4.13000011444092	111512.375
4.1399998664856	110771.2890625
4.15000009536743	108496.90625
4.15999984741211	105624.328125
4.17000007629395	107228.5078125
4.17999982833862	106965.9609375
4.19000005722046	106939.765625
4.19999980926514	107025.0859375
4.21000003814697	105883.6171875
4.21999979019165	105811.1796875
4.23000001907349	105067.6484375
4.23999977111816	102268.3828125
4.25	101265.59375
4.26000022888184	103417.71875
4.26999998092651	105836.1796875
4.28000020980835	105479.9921875
4.28999996185303	104471.9609375
4.30000019073486	100691.703125
4.30999994277954	99818.890625
4.32000017166138	99765.0234375
4.32999992370605	101007.328125
4.34000015258789	98797
4.34999990463257	98254.6796875
4.3600001335144	99281.28125
4.36999988555908	97829.15625
4.38000011444092	96894.4765625
4.3899998664856	96062.609375
4.40000009536743	95148.34375
4.40999984741211	95910.3671875
4.42000007629395	96122.9921875
4.42999982833862	94751.53125
4.44000005722046	94183.8671875
4.44999980926514	96116.90625
4.46000003814697	94862.9453125
4.46999979019165	93793.0390625
4.48000001907349	91731.015625
4.48999977111816	91296.640625
4.5	92220.5078125
4.51000022888184	89919.375
4.51999998092651	91673.9140625
4.53000020980835	93589.1953125
4.53999996185303	92706.4609375
4.55000019073486	91595.0390625
4.55999994277954	88418.015625
4.57000017166138	87538.0625
4.57999992370605	86423.234375
4.59000015258789	86520.5234375
4.59999990463257	88351
4.6100001335144	89612.9765625
4.61999988555908	88441.9765625
4.63000011444092	88887.84375
4.6399998664856	87754.3671875
4.65000009536743	85205.4453125
4.65999984741211	83892.1328125
4.67000007629395	86082.859375
4.67999982833862	84472.7890625
4.69000005722046	86184.7890625
4.69999980926514	86083.125
4.71000003814697	83764.2265625
4.71999979019165	84913.0078125
4.73000001907349	84191.0546875
4.73999977111816	83188.234375
4.75	82225.2578125
4.76000022888184	81778.5
4.76999998092651	81956.984375
4.78000020980835	81215.3125
4.78999996185303	82389.859375
4.80000019073486	80580.96875
4.80999994277954	81822.1328125
4.82000017166138	83698.4921875
4.82999992370605	84146.65625
4.84000015258789	83302.4921875
4.84999990463257	81421.96875
4.8600001335144	81040.328125
4.86999988555908	80970.7578125
4.88000011444092	81361.375
4.8899998664856	81891.96875
4.90000009536743	80340.59375
4.90999984741211	78255.8125
4.92000007629395	79207.8203125
4.92999982833862	79633.3671875
4.94000005722046	79067.3046875
4.94999980926514	78683.4296875
4.96000003814697	78245.75
4.96999979019165	78613.375
4.98000001907349	78325.9765625
4.98999977111816	79510.3984375
5	77294.125
5.01000022888184	76416.5
5.01999998092651	76042.84375
5.03000020980835	77743.5703125
5.03999996185303	77750.5625
5.05000019073486	74981.8046875
5.05999994277954	75099.7734375
5.07000017166138	75964.1015625
5.07999992370605	74691.3515625
5.09000015258789	73613.6171875
5.09999990463257	74359.359375
5.1100001335144	73974.1015625
5.11999988555908	74647.8984375
5.13000011444092	74495.8984375
5.1399998664856	73978.359375
5.15000009536743	72622.6015625
5.15999984741211	71771.4921875
5.17000007629395	74008.8046875
5.17999982833862	73934.140625
5.19000005722046	72167.53125
5.19999980926514	73883.828125
5.21000003814697	73067.265625
5.21999979019165	72272.5234375
5.23000001907349	70980.1640625
5.23999977111816	69434.796875
5.25	71085.453125
5.26000022888184	72092.71875
5.26999998092651	71086.7578125
5.28000020980835	69263.203125
5.28999996185303	69389.3046875
5.30000019073486	71105.3828125
5.30999994277954	72488.3125
5.32000017166138	69223.7421875
5.32999992370605	67695.6015625
5.34000015258789	69546.0859375
5.34999990463257	69849.7109375
5.3600001335144	70241.03125
5.36999988555908	67636.1328125
5.38000011444092	68154.2890625
5.3899998664856	69590.1875
5.40000009536743	68561.4921875
5.40999984741211	67422.4296875
5.42000007629395	68562.1328125
5.42999982833862	68971.984375
5.44000005722046	69619.2578125
5.44999980926514	68346.9765625
5.46000003814697	69158.5
5.46999979019165	68928.796875
5.48000001907349	68754.0859375
5.48999977111816	68423.7734375
5.5	67993.8828125
5.51000022888184	67484.1484375
5.51999998092651	68910.484375
5.53000020980835	68652.6796875
5.53999996185303	67024.515625
5.55000019073486	67338.3046875
5.55999994277954	68460.8515625
5.57000017166138	65964.6875
5.57999992370605	66927.9375
5.59000015258789	66824.8203125
5.59999990463257	65643.0625
5.6100001335144	66251.8515625
5.61999988555908	64828.828125
5.63000011444092	63817.86328125
5.6399998664856	63247.83984375
5.65000009536743	64892.5234375
5.65999984741211	64609.61328125
5.67000007629395	63253.01171875
5.67999982833862	63722.3046875
5.69000005722046	63722.08203125
5.69999980926514	63131.4921875
5.71000003814697	62893.93359375
5.71999979019165	62983.3984375
5.73000001907349	63323.28125
5.73999977111816	63181.76953125
5.75	61872.9140625
5.76000022888184	61932.6171875
5.76999998092651	61321.13671875
5.78000020980835	61908.3203125
5.78999996185303	61206.1953125
5.80000019073486	62785.4140625
5.80999994277954	61410.515625
5.82000017166138	60232.9296875
5.82999992370605	61107.578125
5.84000015258789	60682.15625
5.84999990463257	61434.82421875
5.8600001335144	62295.640625
5.86999988555908	60076.42578125
5.88000011444092	60059.26953125
5.8899998664856	60623.640625
5.90000009536743	59807.734375
5.90999984741211	58764.21484375
5.92000007629395	59753.9375
5.92999982833862	59878.40625
5.94000005722046	59527.8046875
5.94999980926514	58200.0390625
5.96000003814697	59470.48828125
5.96999979019165	58955.16796875
5.98000001907349	60264.8046875
5.98999977111816	58940.87109375
6	59130.5703125
6.01000022888184	58207.765625
6.01999998092651	57938.94921875
6.03000020980835	58924.83984375
6.03999996185303	59463.50390625
6.05000019073486	58388.8125
6.05999994277954	58636.24609375
6.07000017166138	57616.5
6.07999992370605	57570.5859375
6.09000015258789	57468.1953125
6.09999990463257	57014.05078125
6.1100001335144	56315.0234375
6.11999988555908	55918.08203125
6.13000011444092	55541.05859375
6.1399998664856	55393.26953125
6.15000009536743	55657.4453125
6.15999984741211	55702.38671875
6.17000007629395	56059.53515625
6.17999982833862	56038.5859375
6.19000005722046	55519.171875
6.19999980926514	55828.99609375
6.21000003814697	56726.49609375
6.21999979019165	55951.609375
6.23000001907349	55727.09375
6.23999977111816	56529.06640625
6.25	55565.6484375
6.26000022888184	56149.44140625
6.26999998092651	56443.86328125
6.28000020980835	56208.1484375
6.28999996185303	54792.43359375
6.30000019073486	54785.8046875
6.30999994277954	54229.07421875
6.32000017166138	52917.85546875
6.32999992370605	52578.765625
6.34000015258789	53257.9453125
6.34999990463257	54134.515625
6.3600001335144	53890.765625
6.36999988555908	53138.59375
6.38000011444092	54322.34765625
6.3899998664856	53050.734375
6.40000009536743	52969.4140625
6.40999984741211	52667.0859375
6.42000007629395	52883.1953125
6.42999982833862	52587.078125
6.44000005722046	52155.1640625
6.44999980926514	52956.9609375
6.46000003814697	52796.3046875
6.46999979019165	53075.77734375
6.48000001907349	52458.703125
6.48999977111816	51737.1171875
6.5	50855.515625
6.51000022888184	50889.23046875
6.51999998092651	52800.4375
6.53000020980835	52653.28125
6.53999996185303	52194.40625
6.55000019073486	50854.07421875
6.55999994277954	49935.4140625
6.57000017166138	50770.74609375
6.57999992370605	51708.69140625
6.59000015258789	51879.515625
6.59999990463257	50740.80078125
6.6100001335144	51221.03125
6.61999988555908	51474.1328125
6.63000011444092	50199.33203125
6.6399998664856	50231.72265625
6.65000009536743	50128.30859375
6.65999984741211	49931.01953125
6.67000007629395	49416.97265625
6.67999982833862	50304.89453125
6.69000005722046	50833.4296875
6.69999980926514	49730.171875
6.71000003814697	50224.68359375
6.71999979019165	49810.7265625
6.73000001907349	48897.984375
6.73999977111816	49342.22265625
6.75	50215.78515625
6.76000022888184	50008.8203125
6.76999998092651	49510.64453125
6.78000020980835	48838.484375
6.78999996185303	48208.21484375
6.80000019073486	48904.19921875
6.80999994277954	48973.5859375
6.82000017166138	48030.40625
6.82999992370605	48166.421875
6.84000015258789	48309.81640625
6.84999990463257	48237.609375
6.8600001335144	48548.47265625
6.86999988555908	49111.2890625
6.88000011444092	48437.83984375
6.8899998664856	47650.5625
6.90000009536743	49252.86328125
6.90999984741211	47649.6875
6.92000007629395	47290.93359375
6.92999982833862	47066.3359375
6.94000005722046	48507.05859375
6.94999980926514	48709.9609375
6.96000003814697	47715.48046875
6.96999979019165	47431.390625
6.98000001907349	46857.1875
6.98999977111816	46449.046875
7	46777.546875
7.01000022888184	46578.53515625
7.01999998092651	47301.53125
7.03000020980835	47386.62109375
7.03999996185303	47854.51171875
7.05000019073486	47388.453125
7.05999994277954	45518.81640625
7.07000017166138	45702.8671875
7.07999992370605	45082.92578125
7.09000015258789	45855
7.09999990463257	46594.09765625
7.1100001335144	45615.4375
7.11999988555908	45345.109375
7.13000011444092	45867.52734375
7.1399998664856	45234.8203125
7.15000009536743	45194.46875
7.15999984741211	47347.9609375
7.17000007629395	47154.46875
7.17999982833862	45376.40234375
7.19000005722046	45949.1328125
7.19999980926514	46649.87109375
7.21000003814697	44658.79296875
7.21999979019165	46159.66796875
7.23000001907349	46070.77734375
7.23999977111816	45238.46484375
7.25	44551.1875
7.26000022888184	43853.0859375
7.26999998092651	45318.45703125
7.28000020980835	44922.56640625
7.28999996185303	44815.5
7.30000019073486	45301.87109375
7.30999994277954	44845.0546875
7.32000017166138	44690.18359375
7.32999992370605	43497.390625
7.34000015258789	43620.39453125
7.34999990463257	44204.98046875
7.3600001335144	44306.80078125
7.36999988555908	44111.984375
7.38000011444092	43625.63671875
7.3899998664856	44658.3671875
7.40000009536743	44637.78125
7.40999984741211	43637.22265625
7.42000007629395	44723.2890625
7.42999982833862	45361.35546875
7.44000005722046	43376.75390625
7.44999980926514	43461.58203125
7.46000003814697	43382.55078125
7.46999979019165	43289.12890625
7.48000001907349	42408.78515625
7.48999977111816	42090.68359375
7.5	43434.45703125
7.51000022888184	41625.69921875
7.51999998092651	41773.88671875
7.53000020980835	43039.30859375
7.53999996185303	42771.1875
7.55000019073486	42166.859375
7.55999994277954	42220.9609375
7.57000017166138	42814.921875
7.57999992370605	42740.98046875
7.59000015258789	42925.96484375
7.59999990463257	42662.01953125
7.6100001335144	42125.46875
7.61999988555908	42664.83984375
7.63000011444092	43470.20703125
7.6399998664856	42360.37890625
7.65000009536743	42037.81640625
7.65999984741211	41299.83984375
7.67000007629395	41743.546875
7.67999982833862	40470.30078125
7.69000005722046	42588.8671875
7.69999980926514	41467.171875
7.71000003814697	41553.69921875
7.71999979019165	41300.9375
7.73000001907349	42112.3125
7.73999977111816	42498.37109375
7.75	41179.49609375
7.76000022888184	41206.7109375
7.76999998092651	42815.34765625
7.78000020980835	42422.14453125
7.78999996185303	41649.359375
7.80000019073486	41594.515625
7.80999994277954	42137.30078125
7.82000017166138	41470.90625
7.82999992370605	40050.08203125
7.84000015258789	41177.6796875
7.84999990463257	40619.1484375
7.8600001335144	39875.8359375
7.86999988555908	39683.18359375
7.88000011444092	40572.671875
7.8899998664856	40783.171875
7.90000009536743	41788.14453125
7.90999984741211	40653.984375
7.92000007629395	40922.46484375
7.92999982833862	40447.41015625
7.94000005722046	40023.59375
7.94999980926514	40529.69921875
7.96000003814697	38208.53125
7.96999979019165	38168.78515625
7.98000001907349	40486.421875
7.98999977111816	40796.8359375
8	40712.640625
8.01000022888184	41693.54296875
8.02000045776367	41906.96875
8.02999973297119	41973.44921875
8.03999996185303	41011.109375
8.05000019073486	40051.51171875
8.0600004196167	39795.1796875
8.06999969482422	40554.69921875
8.07999992370605	40408.40625
8.09000015258789	40506.6953125
8.10000038146973	39407.97265625
8.10999965667725	40047.87109375
8.11999988555908	39828.35546875
8.13000011444092	40185.859375
8.14000034332275	39960.4453125
8.14999961853027	39701.984375
8.15999984741211	39053.63671875
8.17000007629395	39267.80078125
8.18000030517578	39338.66796875
8.1899995803833	38850.6953125
8.19999980926514	39324.890625
8.21000003814697	39587.5078125
8.22000026702881	39236.3671875
8.22999954223633	37804.49609375
8.23999977111816	38281.35546875
8.25	38235.4921875
8.26000022888184	37824.2578125
8.27000045776367	38602.58984375
8.27999973297119	39130.01953125
8.28999996185303	38903.19140625
8.30000019073486	38812.93359375
8.3100004196167	39938.00390625
8.31999969482422	40259.05859375
8.32999992370605	38893.0703125
8.34000015258789	38793.79296875
8.35000038146973	38765.32421875
8.35999965667725	38433.78125
8.36999988555908	38821.98046875
8.38000011444092	38349.6015625
8.39000034332275	37804.8125
8.39999961853027	38927.15234375
8.40999984741211	38952.03515625
8.42000007629395	38305.8828125
8.43000030517578	38232.625
8.4399995803833	37800.15625
8.44999980926514	38176.14453125
8.46000003814697	39046.80859375
8.47000026702881	39080.08203125
8.47999954223633	39088.25
8.48999977111816	38731.15234375
8.5	37573.12890625
8.51000022888184	37367.15625
8.52000045776367	38305.8828125
8.52999973297119	37951.28515625
8.53999996185303	37921.48828125
8.55000019073486	38292.7890625
8.5600004196167	38185.53125
8.56999969482422	37397.85546875
8.57999992370605	36488.8828125
8.59000015258789	36876.88671875
8.60000038146973	37289.46875
8.60999965667725	36743.91796875
8.61999988555908	37519.21484375
8.63000011444092	36561.2578125
8.64000034332275	36051.53515625
8.64999961853027	36525.04296875
8.65999984741211	37041.02734375
8.67000007629395	37790.52734375
8.68000030517578	36771.859375
8.6899995803833	36308.51953125
8.69999980926514	36845.80078125
8.71000003814697	36092.88671875
8.72000026702881	37183.671875
8.72999954223633	36758.3203125
8.73999977111816	36566.83203125
8.75	37594.8125
8.76000022888184	37796.08203125
8.77000045776367	37120.9140625
8.77999973297119	37640.82421875
8.78999996185303	36689.4921875
8.80000019073486	36427.26171875
8.8100004196167	35538.43359375
8.81999969482422	35760.328125
8.82999992370605	36154.01171875
8.84000015258789	36259.828125
8.85000038146973	36748.7578125
8.85999965667725	37188.1640625
8.86999988555908	36647.5390625
8.88000011444092	36189.8671875
8.89000034332275	35988.84765625
8.89999961853027	36485.40625
8.90999984741211	36539.74609375
8.92000007629395	36470.94140625
8.93000030517578	35930.7265625
8.9399995803833	36486.35546875
8.94999980926514	36247.38671875
8.96000003814697	35451.296875
8.97000026702881	36728.3046875
8.97999954223633	36338.55078125
8.98999977111816	35588.91796875
9	35819.08984375
9.01000022888184	35495.29296875
9.02000045776367	35866.7734375
9.02999973297119	35822.4765625
9.03999996185303	35903.82421875
9.05000019073486	36393.14453125
9.0600004196167	35623.04296875
9.06999969482422	34616.890625
9.07999992370605	34847.12109375
9.09000015258789	35342.3984375
9.10000038146973	35928.3515625
9.10999965667725	36660.2578125
9.11999988555908	35798.8515625
9.13000011444092	36358.83984375
9.14000034332275	36669.8984375
9.14999961853027	35692.31640625
9.15999984741211	35088.921875
9.17000007629395	34740.49609375
9.18000030517578	34628.2890625
9.1899995803833	35575.93359375
9.19999980926514	36043.71484375
9.21000003814697	35502.984375
9.22000026702881	34811.53515625
9.22999954223633	34736.2421875
9.23999977111816	35441.58984375
9.25	35745.76953125
9.26000022888184	35256.4453125
9.27000045776367	36166.453125
9.27999973297119	36232.94921875
9.28999996185303	35220.92578125
9.30000019073486	35020.203125
9.3100004196167	34307.35546875
9.31999969482422	33950.11328125
9.32999992370605	33973.1484375
9.34000015258789	34377.1875
9.35000038146973	34291.4453125
9.35999965667725	33991.10546875
9.36999988555908	34055.10546875
9.38000011444092	34594.01953125
9.39000034332275	34776.66796875
9.39999961853027	34583.51953125
9.40999984741211	35078.3125
9.42000007629395	35231.81640625
9.43000030517578	35210.23046875
9.4399995803833	34969.83984375
9.44999980926514	35412.12109375
9.46000003814697	35039.7734375
9.47000026702881	34182.046875
9.47999954223633	33952.86328125
9.48999977111816	34134.96484375
9.5	34389.8984375
9.51000022888184	34648.36328125
9.52000045776367	34077.60546875
9.52999973297119	34272.8671875
9.53999996185303	34040.8515625
9.55000019073486	33387.37890625
9.5600004196167	34386.28125
9.56999969482422	35422.8359375
9.57999992370605	35041.74609375
9.59000015258789	34411.2890625
9.60000038146973	33522.5703125
9.60999965667725	33004.22265625
9.61999988555908	33768.30078125
9.63000011444092	33782.23046875
9.64000034332275	34096.98046875
9.64999961853027	34091.04296875
9.65999984741211	34426.734375
9.67000007629395	33812.9921875
9.68000030517578	33550.921875
9.6899995803833	33869.31640625
9.69999980926514	33881.5
9.71000003814697	33637.96484375
9.72000026702881	33445.70703125
9.72999954223633	33857.0078125
9.73999977111816	34078.234375
9.75	33076.43359375
9.76000022888184	33200.67578125
9.77000045776367	33712.296875
9.77999973297119	33476.9609375
9.78999996185303	32892.25390625
9.80000019073486	33244.78515625
9.8100004196167	34292.53125
9.81999969482422	33935.4375
9.82999992370605	33530.296875
9.84000015258789	32547.08203125
9.85000038146973	32714.080078125
9.85999965667725	33280.8515625
9.86999988555908	32317.658203125
9.88000011444092	32549.46484375
9.89000034332275	32905.546875
9.89999961853027	32544.62109375
9.90999984741211	32598.87890625
9.92000007629395	32635.52734375
9.93000030517578	32781.5390625
9.9399995803833	33280.96875
9.94999980926514	32844.45703125
9.96000003814697	32322.591796875
9.97000026702881	32540.974609375
9.97999954223633	33315.80859375
9.98999977111816	33298.12890625
10	32537.5078125
10.0100002288818	32534.447265625
10.0200004577637	32406.287109375
10.0299997329712	31831.37890625
10.039999961853	32417.29296875
10.0500001907349	33007.87890625
10.0600004196167	33650.27734375
10.0699996948242	33223.21484375
10.0799999237061	32457.65625
10.0900001525879	32614.236328125
10.1000003814697	32750.7265625
10.1099996566772	33820.3828125
10.1199998855591	33825.62109375
10.1300001144409	33207.359375
10.1400003433228	32780.0546875
10.1499996185303	32271.798828125
10.1599998474121	31847.876953125
10.1700000762939	31323.771484375
10.1800003051758	31826.146484375
10.1899995803833	32083.33203125
10.1999998092651	31373.689453125
10.210000038147	32056.396484375
10.2200002670288	32867.3203125
10.2299995422363	32757.81640625
10.2399997711182	32378.033203125
10.25	32241.63671875
10.2600002288818	32115.45703125
10.2700004577637	31547.400390625
10.2799997329712	31826.740234375
10.289999961853	31883.97265625
10.3000001907349	32572.013671875
10.3100004196167	32063.779296875
10.3199996948242	31879.240234375
10.3299999237061	32176.76953125
10.3400001525879	31544.970703125
10.3500003814697	31798.697265625
10.3599996566772	32094.328125
10.3699998855591	32200.955078125
10.3800001144409	31709.27734375
10.3900003433228	31247.810546875
10.3999996185303	31823.6875
10.4099998474121	32872.71875
10.4200000762939	32519.982421875
10.4300003051758	32838.96875
10.4399995803833	31932.638671875
10.4499998092651	31968.1171875
10.460000038147	31794.7109375
10.4700002670288	31611.966796875
10.4799995422363	31604.58984375
10.4899997711182	32198.78515625
10.5	32175.640625
10.5100002288818	31120.45703125
10.5200004577637	31204.91796875
10.5299997329712	31391.58203125
10.539999961853	31567.798828125
10.5500001907349	31236.173828125
10.5600004196167	30671.69921875
10.5699996948242	30789.359375
10.5799999237061	31468.388671875
10.5900001525879	31935.857421875
10.6000003814697	31626.671875
10.6099996566772	31196.3984375
10.6199998855591	31404.748046875
10.6300001144409	31750.978515625
10.6400003433228	31550.673828125
10.6499996185303	31165.44921875
10.6599998474121	31441.669921875
10.6700000762939	31919.611328125
10.6800003051758	31924.646484375
10.6899995803833	31996.20703125
10.6999998092651	31461.556640625
10.710000038147	32309.0078125
10.7200002670288	31909.056640625
10.7299995422363	30885.849609375
10.7399997711182	30342.24609375
10.75	30164.0078125
10.7600002288818	30394.25
10.7700004577637	30394.267578125
10.7799997329712	30615.34375
10.789999961853	31176.572265625
10.8000001907349	31347.263671875
10.8100004196167	31684.3046875
10.8199996948242	32214.3671875
10.8299999237061	31227.712890625
10.8400001525879	30879.2890625
10.8500003814697	31119.861328125
10.8599996566772	31457.08203125
10.8699998855591	31278.56640625
10.8800001144409	30989.41796875
10.8900003433228	31454.419921875
10.8999996185303	30911.26953125
10.9099998474121	30843.345703125
10.9200000762939	30831.546875
10.9300003051758	31111.541015625
10.9399995803833	30502.83984375
10.9499998092651	30741.4296875
10.960000038147	30758.619140625
10.9700002670288	30681.052734375
10.9799995422363	30469.03125
10.9899997711182	30105.193359375
11	30609.2265625
11.0100002288818	30750.587890625
11.0200004577637	30497.72265625
11.0299997329712	30040.7421875
11.039999961853	30027.228515625
11.0500001907349	30183.2734375
11.0600004196167	30453.9296875
11.0699996948242	30993.283203125
11.0799999237061	30800.44921875
11.0900001525879	31184.962890625
11.1000003814697	30991.9453125
11.1099996566772	30797.76171875
11.1199998855591	30312.0234375
11.1300001144409	29889.255859375
11.1400003433228	30506.21484375
11.1499996185303	31336.998046875
11.1599998474121	30952.62890625
11.1700000762939	30501.611328125
11.1800003051758	30202.37890625
11.1899995803833	29860.37890625
11.1999998092651	30209.669921875
11.210000038147	30457.52734375
11.2200002670288	30861.8515625
11.2299995422363	30619.88671875
11.2399997711182	30204.671875
11.25	30333.2578125
11.2600002288818	30061.8125
11.2700004577637	30304.259765625
11.2799997329712	30142.248046875
11.289999961853	29596.51171875
11.3000001907349	29600.599609375
11.3100004196167	29657.91796875
11.3199996948242	29596.189453125
11.3299999237061	29475.7890625
11.3400001525879	30401.759765625
11.3500003814697	30491.078125
11.3599996566772	30041.4765625
11.3699998855591	30075.08203125
11.3800001144409	29831.169921875
11.3900003433228	29725.62890625
11.3999996185303	30093.828125
11.4099998474121	30096.267578125
11.4200000762939	30346.767578125
11.4300003051758	30455.701171875
11.4399995803833	29986.810546875
11.4499998092651	29901.40625
11.460000038147	29659.466796875
11.4700002670288	29521.14453125
11.4799995422363	29600.3671875
11.4899997711182	29581.076171875
11.5	29672.1015625
11.5100002288818	30205.033203125
11.5200004577637	29940.966796875
11.5299997329712	29521.49609375
11.539999961853	29899.28125
11.5500001907349	29739.189453125
11.5600004196167	30132.865234375
11.5699996948242	30217.6875
11.5799999237061	29794.275390625
11.5900001525879	29350.197265625
11.6000003814697	29446.16015625
11.6099996566772	29926.9296875
11.6199998855591	30403.466796875
11.6300001144409	30514.119140625
11.6400003433228	29757.298828125
11.6499996185303	29428.548828125
11.6599998474121	29269.51171875
11.6700000762939	29067.607421875
11.6800003051758	29010.453125
11.6899995803833	29630.689453125
11.6999998092651	29802.037109375
11.710000038147	29666.638671875
11.7200002670288	29801.30859375
11.7299995422363	30316.029296875
11.7399997711182	29910.486328125
11.75	29243.83984375
11.7600002288818	28886.400390625
11.7700004577637	29025.654296875
11.7799997329712	29634.111328125
11.789999961853	29815.01171875
11.8000001907349	29644.056640625
11.8100004196167	28974.41796875
11.8199996948242	28530.84765625
11.8299999237061	29075.611328125
11.8400001525879	29690.37890625
11.8500003814697	29529.123046875
11.8599996566772	29005.505859375
11.8699998855591	28578.669921875
11.8800001144409	28823.375
11.8900003433228	29253.775390625
11.8999996185303	29699.779296875
11.9099998474121	29441.2421875
11.9200000762939	29346.150390625
11.9300003051758	30029.5703125
11.9399995803833	29715.9765625
11.9499998092651	29369.83984375
11.960000038147	29413.740234375
11.9700002670288	28888
11.9799995422363	29099.912109375
11.9899997711182	29104.130859375
12	29101.599609375
12.0100002288818	28930.73828125
12.0200004577637	28658.140625
12.0299997329712	28919.439453125
12.039999961853	29119.951171875
12.0500001907349	29164.294921875
12.0600004196167	29551.5546875
12.0699996948242	29271.146484375
12.0799999237061	28807.6875
12.0900001525879	28939.8984375
12.1000003814697	28851.9375
12.1099996566772	29339.9140625
12.1199998855591	29559.734375
12.1300001144409	28999.150390625
12.1400003433228	29017.736328125
12.1499996185303	29325.671875
12.1599998474121	29145.52734375
12.1700000762939	28762.24609375
12.1800003051758	29026.326171875
12.1899995803833	29128
12.1999998092651	29321.138671875
12.210000038147	29179.76171875
12.2200002670288	28726.083984375
12.2299995422363	28210.412109375
12.2399997711182	28020.98828125
12.25	28408.001953125
12.2600002288818	28537.748046875
12.2700004577637	28641.705078125
12.2799997329712	28865.751953125
12.289999961853	28707.017578125
12.3000001907349	28920.359375
12.3100004196167	29004.05078125
12.3199996948242	28877.287109375
12.3299999237061	28873.85546875
12.3400001525879	28320.529296875
12.3500003814697	28157.662109375
12.3599996566772	28524.646484375
12.3699998855591	28565.55859375
12.3800001144409	28247.69140625
12.3900003433228	28179.4453125
12.3999996185303	28281.607421875
12.4099998474121	28528.052734375
12.4200000762939	28789.46875
12.4300003051758	28686.5625
12.4399995803833	28449.1328125
12.4499998092651	27970.240234375
12.460000038147	27954.546875
12.4700002670288	28198.0703125
12.4799995422363	27704.48828125
12.4899997711182	27466.533203125
12.5	27848.91796875
12.5100002288818	27975.396484375
12.5200004577637	28144.744140625
12.5299997329712	28083.240234375
12.539999961853	27901.466796875
12.5500001907349	28229.734375
12.5600004196167	28317.373046875
12.5699996948242	28310.17578125
12.5799999237061	28260.22265625
12.5900001525879	28086.7109375
12.6000003814697	28404.056640625
12.6099996566772	28814.9765625
12.6199998855591	28452.33203125
12.6300001144409	28093.794921875
12.6400003433228	28317.11328125
12.6499996185303	28246.830078125
12.6599998474121	27989.498046875
12.6700000762939	27715.24609375
12.6800003051758	27514.466796875
12.6899995803833	28010.61328125
12.6999998092651	28043.435546875
12.710000038147	27644.76953125
12.7200002670288	27617.5390625
12.7299995422363	27967.248046875
12.7399997711182	27553.478515625
12.75	27454.8984375
12.7600002288818	27855.6171875
12.7700004577637	27760.837890625
12.7799997329712	27408.421875
12.789999961853	27596.544921875
12.8000001907349	27417.302734375
12.8100004196167	27354.416015625
12.8199996948242	27362.83984375
12.8299999237061	27232.853515625
12.8400001525879	27225.8671875
12.8500003814697	27268.09375
12.8599996566772	26943.978515625
12.8699998855591	26437.1875
12.8800001144409	26531.84375
12.8900003433228	27027.056640625
12.8999996185303	26745.466796875
12.9099998474121	26411.291015625
12.9200000762939	26476.400390625
12.9300003051758	26611.626953125
12.9399995803833	27039.45703125
12.9499998092651	27171.1328125
12.960000038147	27673.359375
12.9700002670288	27141.158203125
12.9799995422363	26363.353515625
12.9899997711182	26510.51953125
13	26073.19921875
13.0100002288818	26046.25390625
13.0200004577637	26930.666015625
13.0299997329712	26865.912109375
13.039999961853	26324.556640625
13.0500001907349	26626.09765625
13.0600004196167	27007.97265625
13.0699996948242	26531.04296875
13.0799999237061	26234.453125
13.0900001525879	26641.53515625
13.1000003814697	26436.998046875
13.1099996566772	25890.544921875
13.1199998855591	25841.154296875
13.1300001144409	25973.181640625
13.1400003433228	25761.1875
13.1499996185303	25747.9296875
13.1599998474121	26167.900390625
13.1700000762939	26533.826171875
13.1800003051758	26638.345703125
13.1899995803833	26039.19921875
13.1999998092651	25493.556640625
13.210000038147	25726.490234375
13.2200002670288	25920.837890625
13.2299995422363	26065.81640625
13.2399997711182	26601.57421875
13.25	26818.712890625
13.2600002288818	26420.9765625
13.2700004577637	25836.7890625
13.2799997329712	25719.09375
13.289999961853	26039.2421875
13.3000001907349	25886.59375
13.3100004196167	25650.365234375
13.3199996948242	25959.625
13.3299999237061	25936.36328125
13.3400001525879	25403.287109375
13.3500003814697	25199.953125
13.3599996566772	25375.021484375
13.3699998855591	25422.125
13.3800001144409	25174.142578125
13.3900003433228	25220.158203125
13.3999996185303	25407.125
13.4099998474121	25553.296875
13.4200000762939	25812.07421875
13.4300003051758	25768.005859375
13.4399995803833	25645.421875
13.4499998092651	25579.8359375
13.460000038147	25816.029296875
13.4700002670288	25889.896484375
13.4799995422363	25575.669921875
13.4899997711182	25406.76171875
13.5	25489.919921875
13.5100002288818	25691.626953125
13.5200004577637	25775.99609375
13.5299997329712	25702.197265625
13.539999961853	25481.158203125
13.5500001907349	25352.50390625
13.5600004196167	25135.58203125
13.5699996948242	25070.337890625
13.5799999237061	24974.357421875
13.5900001525879	24833.078125
13.6000003814697	24837.28125
13.6099996566772	24891.673828125
13.6199998855591	25055.5625
13.6300001144409	24873.2265625
13.6400003433228	24582.5859375
13.6499996185303	24574.66015625
13.6599998474121	25034.498046875
13.6700000762939	25056.845703125
13.6800003051758	24459.685546875
13.6899995803833	24699.9296875
13.6999998092651	25010.859375
13.710000038147	24812.552734375
13.7200002670288	24757.66796875
13.7299995422363	24664.99609375
13.7399997711182	24419.96875
13.75	24466.439453125
13.7600002288818	24631.189453125
13.7700004577637	24371.296875
13.7799997329712	24641.921875
13.789999961853	25054.529296875
13.8000001907349	24978.115234375
13.8100004196167	24769.126953125
13.8199996948242	24547.453125
13.8299999237061	24380.896484375
13.8400001525879	24357.93359375
13.8500003814697	24574.724609375
13.8599996566772	24620.5859375
13.8699998855591	24480.49609375
13.8800001144409	24446.6015625
13.8900003433228	24484.115234375
13.8999996185303	24371.6953125
13.9099998474121	24255.013671875
13.9200000762939	24170.591796875
13.9300003051758	23965.6640625
13.9399995803833	24100.1171875
13.9499998092651	24362.884765625
13.960000038147	24288.03515625
13.9700002670288	23947.357421875
13.9799995422363	23878.75390625
13.9899997711182	24387.541015625
14	24722.66015625
14.0100002288818	24240.43359375
14.0200004577637	23829.6875
14.0299997329712	23678.84765625
14.039999961853	23473.654296875
14.0500001907349	23806.86328125
14.0600004196167	24141.296875
14.0699996948242	24176.853515625
14.0799999237061	24163.7578125
14.0900001525879	24101.087890625
14.1000003814697	24119.45703125
14.1099996566772	23731.771484375
14.1199998855591	23492.787109375
14.1300001144409	23337.25390625
14.1400003433228	23431.318359375
14.1499996185303	23682.787109375
14.1599998474121	23603.685546875
14.1700000762939	23410.40625
14.1800003051758	23603.240234375
14.1899995803833	23941.216796875
14.1999998092651	24020.919921875
14.210000038147	23870.091796875
14.2200002670288	24001.431640625
14.2299995422363	23831.283203125
14.2399997711182	23611.62890625
14.25	23648.4375
14.2600002288818	23351.318359375
14.2700004577637	22691.4609375
14.2799997329712	22698.5546875
14.289999961853	23050.9921875
14.3000001907349	23109.296875
14.3100004196167	23699.498046875
14.3199996948242	23466.69921875
14.3299999237061	23004.1796875
14.3400001525879	22941.03125
14.3500003814697	22521.396484375
14.3599996566772	22484.08984375
14.3699998855591	22958.421875
14.3800001144409	23021.263671875
14.3900003433228	22677.546875
14.3999996185303	22963.583984375
14.4099998474121	23011.97265625
14.4200000762939	22623.44921875
14.4300003051758	22654.564453125
14.4399995803833	22744.26171875
14.4499998092651	22695.2890625
14.460000038147	22734.25390625
14.4700002670288	22780.201171875
14.4799995422363	22864.681640625
14.4899997711182	22624.849609375
14.5	22467.04296875
14.5100002288818	22552.5234375
14.5200004577637	22640.44921875
14.5299997329712	22520.033203125
14.539999961853	22766.962890625
14.5500001907349	22920.6328125
14.5600004196167	22857.88671875
14.5699996948242	23258.244140625
14.5799999237061	23467.21875
14.5900001525879	22831.34765625
14.6000003814697	22387.67578125
14.6099996566772	22877.306640625
14.6199998855591	23241.287109375
14.6300001144409	23073.376953125
14.6400003433228	22618.361328125
14.6499996185303	22589.72265625
14.6599998474121	22753.73828125
14.6700000762939	22723.29296875
14.6800003051758	22994.0234375
14.6899995803833	22621.62109375
14.6999998092651	22278.73046875
14.710000038147	22599.99609375
14.7200002670288	22710.75
14.7299995422363	22190.69140625
14.7399997711182	21833.505859375
14.75	21865.49609375
14.7600002288818	21653.802734375
14.7700004577637	21742.255859375
14.7799997329712	22255.71484375
14.789999961853	22152.251953125
14.8000001907349	22032.578125
14.8100004196167	22006.78515625
14.8199996948242	22092.6875
14.8299999237061	22094.125
14.8400001525879	22062.962890625
14.8500003814697	22341.814453125
14.8599996566772	22619.458984375
14.8699998855591	22131.96875
14.8800001144409	22011.22265625
14.8900003433228	21983.876953125
14.8999996185303	21806.94921875
14.9099998474121	22205.8046875
14.9200000762939	22662.21484375
14.9300003051758	22093.974609375
14.9399995803833	21602.916015625
14.9499998092651	21457.962890625
14.960000038147	21826.912109375
14.9700002670288	21817.5234375
14.9799995422363	21594.462890625
14.9899997711182	21461.75390625
15	21496.71484375
15.0100002288818	21749.330078125
15.0200004577637	21923.30859375
15.0299997329712	21858.326171875
15.039999961853	21678.376953125
15.0500001907349	21876.890625
15.0600004196167	21871.408203125
15.0699996948242	21518.69140625
15.0799999237061	21634.49609375
15.0900001525879	21934.921875
15.1000003814697	22026.681640625
15.1099996566772	21268.666015625
15.1199998855591	21367.3203125
15.1300001144409	21544.814453125
15.1400003433228	21241.181640625
15.1499996185303	21146.552734375
15.1599998474121	21163.580078125
15.1700000762939	21326.130859375
15.1800003051758	21093.3359375
15.1899995803833	21272.578125
15.1999998092651	21855.53515625
15.210000038147	21806.25
15.2200002670288	21444.333984375
15.2299995422363	21375.923828125
15.2399997711182	21137.88671875
15.25	21195.876953125
15.2600002288818	21210.83984375
15.2700004577637	20985.13671875
15.2799997329712	21140.62890625
15.289999961853	21366.640625
15.3000001907349	21582.2421875
15.3100004196167	21344.9453125
15.3199996948242	21079.119140625
15.3299999237061	21249.880859375
15.3400001525879	21447.431640625
15.3500003814697	21746.197265625
15.3599996566772	21332.2421875
15.3699998855591	20993.548828125
15.3800001144409	20956.4609375
15.3900003433228	20960.361328125
15.3999996185303	20830.642578125
15.4099998474121	20573.291015625
15.4200000762939	20845.814453125
15.4300003051758	20873.712890625
15.4399995803833	20413.236328125
15.4499998092651	20433.107421875
15.460000038147	20498.41796875
15.4700002670288	20609.7109375
15.4799995422363	20439.6171875
15.4899997711182	20172.740234375
15.5	20490.84375
15.5100002288818	20700.408203125
15.5200004577637	21163.1640625
15.5299997329712	20996.921875
15.539999961853	20840.0546875
15.5500001907349	20589.17578125
15.5600004196167	20276.115234375
15.5699996948242	20425.3359375
15.5799999237061	20839.990234375
15.5900001525879	20566.599609375
15.6000003814697	20359.826171875
15.6099996566772	20476.9609375
15.6199998855591	20680.890625
15.6300001144409	20628.25390625
15.6400003433228	20284.876953125
15.6499996185303	20555.294921875
15.6599998474121	20825.783203125
15.6700000762939	20768.3828125
15.6800003051758	20908.626953125
15.6899995803833	20763.966796875
15.6999998092651	20440.13671875
15.710000038147	20345.875
15.7200002670288	20249.48046875
15.7299995422363	20341.607421875
15.7399997711182	20605.2890625
15.75	20509.40234375
15.7600002288818	20134.546875
15.7700004577637	20223.51953125
15.7799997329712	20184.1875
15.789999961853	20122.12890625
15.8000001907349	20125.525390625
15.8100004196167	20340.5390625
15.8199996948242	20462.46875
15.8299999237061	20355.35546875
15.8400001525879	20190.578125
15.8500003814697	20041.349609375
15.8599996566772	20151.423828125
15.8699998855591	20542.07421875
15.8800001144409	20007.142578125
15.8900003433228	19713.98046875
15.8999996185303	20329.181640625
15.9099998474121	20118.515625
15.9200000762939	19911.8046875
15.9300003051758	19523.939453125
15.9399995803833	19651.896484375
15.9499998092651	19553.111328125
15.960000038147	20068.689453125
15.9700002670288	19698.48828125
15.9799995422363	19824.408203125
15.9899997711182	19748.037109375
16	19899.037109375
16.0100002288818	19567.58984375
16.0200004577637	19376.751953125
16.0300006866455	19432.8203125
16.0400009155273	19526.244140625
16.0499992370605	19344.603515625
16.0599994659424	19351.873046875
16.0699996948242	19388.65625
16.0799999237061	19345.046875
16.0900001525879	19241.5625
16.1000003814697	19596.20703125
16.1100006103516	19839.099609375
16.1200008392334	19694.345703125
16.1299991607666	19192.3515625
16.1399993896484	19269.744140625
16.1499996185303	19337.7109375
16.1599998474121	19054.19140625
16.1700000762939	19166.68359375
16.1800003051758	19059.177734375
16.1900005340576	19444.794921875
16.2000007629395	20121.46484375
16.2099990844727	20089.447265625
16.2199993133545	20059.7265625
16.2299995422363	19679.794921875
16.2399997711182	19457.458984375
16.25	19022.134765625
16.2600002288818	18909.640625
16.2700004577637	19015.5859375
16.2800006866455	18877.060546875
16.2900009155273	18566.466796875
16.2999992370605	19086.03515625
16.3099994659424	19372.435546875
16.3199996948242	19002.69921875
16.3299999237061	19441.412109375
16.3400001525879	19842.99609375
16.3500003814697	19832.2265625
16.3600006103516	18999.177734375
16.3700008392334	18982.56640625
16.3799991607666	19734.4296875
16.3899993896484	19653.326171875
16.3999996185303	18816.91015625
16.4099998474121	19006.875
16.4200000762939	19011.154296875
16.4300003051758	19048.625
16.4400005340576	18847.623046875
16.4500007629395	19058.953125
16.4599990844727	19060.814453125
16.4699993133545	18790.189453125
16.4799995422363	19282.560546875
16.4899997711182	19049.732421875
16.5	18545.591796875
16.5100002288818	18638.994140625
16.5200004577637	18786.900390625
16.5300006866455	18321.529296875
16.5400009155273	18772.798828125
16.5499992370605	18619.001953125
16.5599994659424	18118.80859375
16.5699996948242	18259.505859375
16.5799999237061	18794.90234375
16.5900001525879	18295.4921875
16.6000003814697	18381.123046875
16.6100006103516	18568.740234375
16.6200008392334	18805.83984375
16.6299991607666	18551.283203125
16.6399993896484	19132.025390625
16.6499996185303	18983.228515625
16.6599998474121	18388.935546875
16.6700000762939	18375.380859375
16.6800003051758	18679.90234375
16.6900005340576	18362.521484375
16.7000007629395	17794.6015625
16.7099990844727	17936.4609375
16.7199993133545	18368.962890625
16.7299995422363	18572.263671875
16.7399997711182	18427.541015625
16.75	18455.416015625
16.7600002288818	18280.736328125
16.7700004577637	18191.375
16.7800006866455	17972.65234375
16.7900009155273	18230.552734375
16.7999992370605	18071.0390625
16.8099994659424	17821.888671875
16.8199996948242	17569.376953125
16.8299999237061	17811.0078125
16.8400001525879	17972.56640625
16.8500003814697	17349.509765625
16.8600006103516	17726.56640625
16.8700008392334	17789.02734375
16.8799991607666	17539.17578125
16.8899993896484	17822.630859375
16.8999996185303	17860.6015625
16.9099998474121	17459.28515625
16.9200000762939	17175.01953125
16.9300003051758	17501.28515625
16.9400005340576	17840.34375
16.9500007629395	17811.42578125
16.9599990844727	18191.701171875
16.9699993133545	18564.392578125
16.9799995422363	18236.515625
16.9899997711182	17522.53125
17	17881.5078125
17.0100002288818	17637.001953125
17.0200004577637	17761.435546875
17.0300006866455	17622.216796875
17.0400009155273	17498.888671875
17.0499992370605	17634.060546875
17.0599994659424	17091.984375
17.0699996948242	17420.46484375
17.0799999237061	18066.87890625
17.0900001525879	17806.8125
17.1000003814697	17650.912109375
17.1100006103516	17767.7109375
17.1200008392334	17859.693359375
17.1299991607666	17692.79296875
17.1399993896484	17383.734375
17.1499996185303	17545.162109375
17.1599998474121	17791.7578125
17.1700000762939	17315.10546875
17.1800003051758	16971.494140625
17.1900005340576	17172.970703125
17.2000007629395	17711.09375
17.2099990844727	17488.1953125
17.2199993133545	17533.765625
17.2299995422363	17622.90625
17.2399997711182	18051.525390625
17.25	17995.00390625
17.2600002288818	17738.86328125
17.2700004577637	17805.962890625
17.2800006866455	16987.96484375
17.2900009155273	17149.705078125
17.2999992370605	17519.943359375
17.3099994659424	17457.990234375
17.3199996948242	17226.451171875
17.3299999237061	17324.419921875
17.3400001525879	16916.166015625
17.3500003814697	16976.390625
17.3600006103516	17234.708984375
17.3700008392334	16866.912109375
17.3799991607666	16863.373046875
17.3899993896484	17369.90625
17.3999996185303	16725.576171875
17.4099998474121	16865.91015625
17.4200000762939	16551.96484375
17.4300003051758	17426.912109375
17.4400005340576	17367.82421875
17.4500007629395	17085.330078125
17.4599990844727	17052.369140625
17.4699993133545	17226.103515625
17.4799995422363	17134.65625
17.4899997711182	16950.388671875
17.5	17064.861328125
17.5100002288818	17115.95703125
17.5200004577637	17007.720703125
17.5300006866455	16832.21484375
17.5400009155273	17089.693359375
17.5499992370605	17379.9921875
17.5599994659424	17190.22265625
17.5699996948242	16313.8583984375
17.5799999237061	17120.365234375
17.5900001525879	17060.416015625
17.6000003814697	16701.439453125
17.6100006103516	16457.462890625
17.6200008392334	16646.654296875
17.6299991607666	16651.990234375
17.6399993896484	16445.146484375
17.6499996185303	16738.2109375
17.6599998474121	16701.291015625
17.6700000762939	16784.16796875
17.6800003051758	17156.927734375
17.6900005340576	16921.3828125
17.7000007629395	16643.275390625
17.7099990844727	16356.1142578125
17.7199993133545	16851.263671875
17.7299995422363	16673.78515625
17.7399997711182	16561.861328125
17.75	16849.427734375
17.7600002288818	16575.234375
17.7700004577637	16340.142578125
17.7800006866455	16554.015625
17.7900009155273	16658.744140625
17.7999992370605	16631.51953125
17.8099994659424	16078.19140625
17.8199996948242	16681.365234375
17.8299999237061	16594.658203125
17.8400001525879	16672.099609375
17.8500003814697	16602.64453125
17.8600006103516	16884.6640625
17.8700008392334	16238.1142578125
17.8799991607666	16546.845703125
17.8899993896484	16581.70703125
17.8999996185303	16291.4931640625
17.9099998474121	16695.96484375
17.9200000762939	16533.99609375
17.9300003051758	16076.3525390625
17.9400005340576	16042.3427734375
17.9500007629395	16297.197265625
17.9599990844727	16431.53125
17.9699993133545	16225.2861328125
17.9799995422363	16359.6767578125
17.9899997711182	16338.79296875
18	16017.7119140625
18.0100002288818	16334.7890625
18.0200004577637	16384.01953125
18.0300006866455	16654.30078125
18.0400009155273	16700.126953125
18.0499992370605	16747.287109375
18.0599994659424	16853
18.0699996948242	16535.953125
18.0799999237061	16468.5703125
18.0900001525879	16150.763671875
18.1000003814697	16475.001953125
18.1100006103516	16545.505859375
18.1200008392334	16561.15234375
18.1299991607666	16265.8291015625
18.1399993896484	16344.0126953125
18.1499996185303	16364.3857421875
18.1599998474121	16232.2265625
18.1700000762939	16378.5107421875
18.1800003051758	16613.3125
18.1900005340576	16628.478515625
18.2000007629395	16359.462890625
18.2099990844727	16011.201171875
18.2199993133545	15674.07421875
18.2299995422363	15881.1943359375
18.2399997711182	15859.86328125
18.25	16026.865234375
18.2600002288818	16039.8076171875
18.2700004577637	16194.1337890625
18.2800006866455	16166.3955078125
18.2900009155273	15700.1669921875
18.2999992370605	16365.640625
18.3099994659424	16563.296875
18.3199996948242	16156.26171875
18.3299999237061	15863.52734375
18.3400001525879	16067.2685546875
18.3500003814697	15941.1123046875
18.3600006103516	15787.4365234375
18.3700008392334	15993.755859375
18.3799991607666	15821.908203125
18.3899993896484	15988.5703125
18.3999996185303	15907.259765625
18.4099998474121	15798.0302734375
18.4200000762939	16021.607421875
18.4300003051758	15346.75390625
18.4400005340576	15437.615234375
18.4500007629395	15626.419921875
18.4599990844727	15767.166015625
18.4699993133545	15580.6064453125
18.4799995422363	15565.025390625
18.4899997711182	16142.1923828125
18.5	16203.0244140625
18.5100002288818	15885.4501953125
18.5200004577637	15996.2919921875
18.5300006866455	15992.373046875
18.5400009155273	16324.7333984375
18.5499992370605	16069.1513671875
18.5599994659424	15922.23828125
18.5699996948242	15880.849609375
18.5799999237061	15843.345703125
18.5900001525879	16051.6103515625
18.6000003814697	15902.2119140625
18.6100006103516	15519.4072265625
18.6200008392334	15362.587890625
18.6299991607666	15350.4033203125
18.6399993896484	15533.0068359375
18.6499996185303	15522.7412109375
18.6599998474121	15217.1455078125
18.6700000762939	15517.0244140625
18.6800003051758	15816.4892578125
18.6900005340576	15898.5654296875
18.7000007629395	15953.525390625
18.7099990844727	15987.7919921875
18.7199993133545	15558.060546875
18.7299995422363	15447.0029296875
18.7399997711182	15488.65234375
18.75	15334.337890625
18.7600002288818	15518.046875
18.7700004577637	15504.4423828125
18.7800006866455	15447.5087890625
18.7900009155273	15528.916015625
18.7999992370605	15802.1259765625
18.8099994659424	15927.9267578125
18.8199996948242	15631.3935546875
18.8299999237061	15408.3203125
18.8400001525879	15165.533203125
18.8500003814697	15105.1142578125
18.8600006103516	15076.9892578125
18.8700008392334	15253.236328125
18.8799991607666	15621.1123046875
18.8899993896484	15355.5537109375
18.8999996185303	15322.724609375
18.9099998474121	15912.5439453125
18.9200000762939	15748.041015625
18.9300003051758	15505.0732421875
18.9400005340576	15483.083984375
18.9500007629395	15092.52734375
18.9599990844727	15062.703125
18.9699993133545	15344.7177734375
18.9799995422363	15167.318359375
18.9899997711182	15295.6162109375
19	15335.7626953125
19.0100002288818	15221.3662109375
19.0200004577637	15108.330078125
19.0300006866455	15524.779296875
19.0400009155273	15717.3935546875
19.0499992370605	15461.275390625
19.0599994659424	15191.064453125
19.0699996948242	15239.966796875
19.0799999237061	14941.8193359375
19.0900001525879	15019.6845703125
19.1000003814697	15376.607421875
19.1100006103516	15401.1142578125
19.1200008392334	14768.2109375
19.1299991607666	15013.8662109375
19.1399993896484	14661.70703125
19.1499996185303	15294.3388671875
19.1599998474121	15193.822265625
19.1700000762939	15455.6630859375
19.1800003051758	15260.2265625
19.1900005340576	15063.65625
19.2000007629395	15028.240234375
19.2099990844727	15011.17578125
19.2199993133545	15043.345703125
19.2299995422363	15097.162109375
19.2399997711182	14750.619140625
19.25	14873.7197265625
19.2600002288818	14694.47265625
19.2700004577637	14592.8017578125
19.2800006866455	14699.0341796875
19.2900009155273	14652.33203125
19.2999992370605	15074.330078125
19.3099994659424	15246.4794921875
19.3199996948242	14917.3671875
19.3299999237061	14977.4912109375
19.3400001525879	15032.671875
19.3500003814697	14805.34375
19.3600006103516	14993.8515625
19.3700008392334	15196.19921875
19.3799991607666	15205.984375
19.3899993896484	14810.3974609375
19.3999996185303	15210.779296875
19.4099998474121	15139.3037109375
19.4200000762939	14566.3330078125
19.4300003051758	14627.47265625
19.4400005340576	14915.5751953125
19.4500007629395	14763.8740234375
19.4599990844727	14659.546875
19.4699993133545	15017.908203125
19.4799995422363	15067.408203125
19.4899997711182	14931.0029296875
19.5	14971.0048828125
19.5100002288818	14759.2958984375
19.5200004577637	14683.5419921875
19.5300006866455	14560.287109375
19.5400009155273	14697.388671875
19.5499992370605	14582.3408203125
19.5599994659424	14722.4091796875
19.5699996948242	14913.0703125
19.5799999237061	14732.0087890625
19.5900001525879	14578.08984375
19.6000003814697	14597.8583984375
19.6100006103516	14625.001953125
19.6200008392334	14486.1474609375
19.6299991607666	14489.20703125
19.6399993896484	14472.8525390625
19.6499996185303	14841.65625
19.6599998474121	15014.5
19.6700000762939	14719.6044921875
19.6800003051758	14379.673828125
19.6900005340576	14145.41796875
19.7000007629395	14197.15234375
19.7099990844727	14460.4931640625
19.7199993133545	14309.6259765625
19.7299995422363	14041.470703125
19.7399997711182	14383.2021484375
19.75	14529.8330078125
19.7600002288818	14304.0546875
19.7700004577637	14333.7705078125
19.7800006866455	14224.6513671875
19.7900009155273	14106.01171875
19.7999992370605	14198.9951171875
19.8099994659424	14263.9677734375
19.8199996948242	14576.2421875
19.8299999237061	14697.4208984375
19.8400001525879	14700.173828125
19.8500003814697	14672.8466796875
19.8600006103516	14863.5419921875
19.8700008392334	15126.537109375
19.8799991607666	14863.38671875
19.8899993896484	14400.6875
19.8999996185303	14404.923828125
19.9099998474121	14499.076171875
19.9200000762939	14457.7314453125
19.9300003051758	14361.966796875
19.9400005340576	14269.5009765625
19.9500007629395	13990.6953125
19.9599990844727	13777.5224609375
19.9699993133545	14207.6025390625
19.9799995422363	14571.5947265625
19.9899997711182	14673.18359375
20	14571.8505859375
20.0100002288818	14254.154296875
20.0200004577637	14288.84765625
20.0300006866455	14408.005859375
20.0400009155273	14655.9931640625
20.0499992370605	14352.2587890625
20.0599994659424	13963.1552734375
20.0699996948242	14490.94140625
20.0799999237061	14820.845703125
20.0900001525879	14443.1201171875
20.1000003814697	14018.482421875
20.1100006103516	13823.9580078125
20.1200008392334	13962.1826171875
20.1299991607666	14334.1298828125
20.1399993896484	14272.8955078125
20.1499996185303	14201.404296875
20.1599998474121	14042.3525390625
20.1700000762939	13684.3837890625
20.1800003051758	13937.427734375
20.1900005340576	14377.1171875
20.2000007629395	14563.890625
20.2099990844727	14690.30859375
20.2199993133545	14550.8544921875
20.2299995422363	14039.7490234375
20.2399997711182	13824.1630859375
20.25	13954.416015625
20.2600002288818	14009.2421875
20.2700004577637	13758.9345703125
20.2800006866455	13700.32421875
20.2900009155273	13676.966796875
20.2999992370605	14013.2734375
20.3099994659424	14049.537109375
20.3199996948242	13757.189453125
20.3299999237061	13918.7734375
20.3400001525879	13954.4150390625
20.3500003814697	14065.35546875
20.3600006103516	14445.1044921875
20.3700008392334	14347.173828125
20.3799991607666	14244.638671875
20.3899993896484	14161.0107421875
20.3999996185303	13773.162109375
20.4099998474121	13869.220703125
20.4200000762939	13886.267578125
20.4300003051758	14088.0224609375
20.4400005340576	14125.4541015625
20.4500007629395	14167.408203125
20.4599990844727	14196.48828125
20.4699993133545	14019.982421875
20.4799995422363	13978.2314453125
20.4899997711182	14172.5625
20.5	14169.1474609375
20.5100002288818	13908.421875
20.5200004577637	13980.955078125
20.5300006866455	14052.5966796875
20.5400009155273	13846.0908203125
20.5499992370605	13733.3330078125
20.5599994659424	13889.888671875
20.5699996948242	14053.68359375
20.5799999237061	14091.6669921875
20.5900001525879	14208.2158203125
20.6000003814697	14093.056640625
20.6100006103516	13843.6943359375
20.6200008392334	13737.7470703125
20.6299991607666	13634.931640625
20.6399993896484	13829.181640625
20.6499996185303	13968.8291015625
20.6599998474121	13942.876953125
20.6700000762939	13859.56640625
20.6800003051758	13981.5693359375
20.6900005340576	14243.38671875
20.7000007629395	14281.3759765625
20.7099990844727	13940.1435546875
20.7199993133545	13539.162109375
20.7299995422363	13591.130859375
20.7399997711182	13850.208984375
20.75	13685.20703125
20.7600002288818	13492.634765625
20.7700004577637	13481.4453125
20.7800006866455	13475.919921875
20.7900009155273	13783.2744140625
20.7999992370605	13804.0869140625
20.8099994659424	13753.5263671875
20.8199996948242	13798.8173828125
20.8299999237061	13626.7177734375
20.8400001525879	13716.2626953125
20.8500003814697	13693.3310546875
20.8600006103516	13627.7294921875
20.8700008392334	13767.76171875
20.8799991607666	13847.5263671875
20.8899993896484	13700.4189453125
20.8999996185303	13401.4970703125
20.9099998474121	13414.140625
20.9200000762939	13581.77734375
20.9300003051758	13607.77734375
20.9400005340576	13874.8115234375
20.9500007629395	14045.9423828125
20.9599990844727	13807.0087890625
20.9699993133545	13729.126953125
20.9799995422363	13760.5458984375
20.9899997711182	13663.796875
21	13773.9921875
21.0100002288818	13859.791015625
21.0200004577637	13878.0322265625
21.0300006866455	14053.75
21.0400009155273	13947.3955078125
21.0499992370605	13560.599609375
21.0599994659424	13349.2822265625
21.0699996948242	13692.5791015625
21.0799999237061	14058.71484375
21.0900001525879	14053.7509765625
21.1000003814697	13982.482421875
21.1100006103516	14076.9970703125
21.1200008392334	14166.1083984375
21.1299991607666	13767.9853515625
21.1399993896484	13592.55078125
21.1499996185303	13904.5126953125
21.1599998474121	13845.947265625
21.1700000762939	13512.9501953125
21.1800003051758	13457.8515625
21.1900005340576	13702.568359375
21.2000007629395	13965.5400390625
21.2099990844727	13968.0625
21.2199993133545	13825.908203125
21.2299995422363	13795.3935546875
21.2399997711182	13743.46875
21.25	13524.765625
21.2600002288818	13423.5048828125
21.2700004577637	13350.0751953125
21.2800006866455	13558.16015625
21.2900009155273	13700.7021484375
21.2999992370605	13618.056640625
21.3099994659424	13895.16796875
21.3199996948242	13905.150390625
21.3299999237061	13866.8369140625
21.3400001525879	13930.279296875
21.3500003814697	13794.3115234375
21.3600006103516	13752.8955078125
21.3700008392334	13724.9677734375
21.3799991607666	13427.5341796875
21.3899993896484	13281.0615234375
21.3999996185303	13363.111328125
21.4099998474121	13408.9501953125
21.4200000762939	13511.5302734375
21.4300003051758	13599.4970703125
21.4400005340576	13450.646484375
21.4500007629395	13302.861328125
21.4599990844727	13441.3154296875
21.4699993133545	13672.7060546875
21.4799995422363	13398.23046875
21.4899997711182	13157.4072265625
21.5	13375.7880859375
21.5100002288818	13372.423828125
21.5200004577637	13385.7998046875
21.5300006866455	13459.12109375
21.5400009155273	13584.865234375
21.5499992370605	13898.87890625
21.5599994659424	13692.8447265625
21.5699996948242	13373.9892578125
21.5799999237061	13339.544921875
21.5900001525879	13352.4296875
21.6000003814697	13546.7724609375
21.6100006103516	13614.705078125
21.6200008392334	13596.994140625
21.6299991607666	13566.109375
21.6399993896484	13171.19921875
21.6499996185303	13059.05078125
21.6599998474121	13405.4248046875
21.6700000762939	13231.34765625
21.6800003051758	13009.615234375
21.6900005340576	13292.1591796875
21.7000007629395	13304.48828125
21.7099990844727	13314.9267578125
21.7199993133545	13381.904296875
21.7299995422363	13426.857421875
21.7399997711182	13382.306640625
21.75	13023.28125
21.7600002288818	12938.62890625
21.7700004577637	13130.44140625
21.7800006866455	13159.6748046875
21.7900009155273	13040.39453125
21.7999992370605	13149.2998046875
21.8099994659424	13251.603515625
21.8199996948242	13238.314453125
21.8299999237061	13163.1904296875
21.8400001525879	13228.0478515625
21.8500003814697	13466.7568359375
21.8600006103516	13369.001953125
21.8700008392334	13146.4541015625
21.8799991607666	12968.443359375
21.8899993896484	12788.5126953125
21.8999996185303	12723.4560546875
21.9099998474121	13043.056640625
21.9200000762939	12993.76171875
21.9300003051758	13033.177734375
21.9400005340576	13328.8154296875
21.9500007629395	13253.3779296875
21.9599990844727	12905.4951171875
21.9699993133545	12921.9951171875
21.9799995422363	13148.6728515625
21.9899997711182	13163.9501953125
22	12966.6669921875
22.0100002288818	13113.15625
22.0200004577637	13324.185546875
22.0300006866455	13186.2763671875
22.0400009155273	13173.1806640625
22.0499992370605	13257.5830078125
22.0599994659424	12977.51953125
22.0699996948242	12875.79296875
22.0799999237061	12897.7265625
22.0900001525879	13044.1123046875
22.1000003814697	13072.9931640625
22.1100006103516	12864.58203125
22.1200008392334	13378.849609375
22.1299991607666	13724.552734375
22.1399993896484	13583.09765625
22.1499996185303	13441.642578125
22.1599998474121	13391.021484375
22.1700000762939	13431.6552734375
22.1800003051758	13389.908203125
22.1900005340576	13424.6552734375
22.2000007629395	13376.650390625
22.2099990844727	13156.0712890625
22.2199993133545	12907.1064453125
22.2299995422363	13056.4658203125
22.2399997711182	13099.369140625
22.25	13036.1513671875
22.2600002288818	13128.6337890625
22.2700004577637	13283.2421875
22.2800006866455	13124.8818359375
22.2900009155273	12980.1806640625
22.2999992370605	13150.3349609375
22.3099994659424	13173.640625
22.3199996948242	13383.4755859375
22.3299999237061	13173.6943359375
22.3400001525879	12766.8837890625
22.3500003814697	12518.4091796875
22.3600006103516	12199.5185546875
22.3700008392334	12792.779296875
22.3799991607666	13226.0166015625
22.3899993896484	12901.9990234375
22.3999996185303	12675.3955078125
22.4099998474121	12977.095703125
22.4200000762939	13226.052734375
22.4300003051758	13231.4775390625
22.4400005340576	13183.75390625
22.4500007629395	13274.275390625
22.4599990844727	13031.7919921875
22.4699993133545	12821.4736328125
22.4799995422363	12931.1044921875
22.4899997711182	13033.685546875
22.5	13089.8779296875
22.5100002288818	12887.6865234375
22.5200004577637	12751.5869140625
22.5300006866455	12878.6328125
22.5400009155273	13070.9921875
22.5499992370605	12812.2216796875
22.5599994659424	12514.5791015625
22.5699996948242	12620.1005859375
22.5799999237061	12726.7392578125
22.5900001525879	12600.15625
22.6000003814697	12726.166015625
22.6100006103516	12741.01953125
22.6200008392334	12571.9033203125
22.6299991607666	12873.8466796875
22.6399993896484	13098.232421875
22.6499996185303	12587.8271484375
22.6599998474121	12231.18359375
22.6700000762939	12468.748046875
22.6800003051758	12679.6279296875
22.6900005340576	12674.474609375
22.7000007629395	12524.3779296875
22.7099990844727	12689.1396484375
22.7199993133545	12680.8154296875
22.7299995422363	12838.5712890625
22.7399997711182	12718.9912109375
22.75	12947.025390625
22.7600002288818	12601.6962890625
22.7700004577637	12506.6396484375
22.7800006866455	12721.810546875
22.7900009155273	12868.26953125
22.7999992370605	13005.4912109375
22.8099994659424	12870.384765625
22.8199996948242	12766.51171875
22.8299999237061	12722.9375
22.8400001525879	12762.4423828125
22.8500003814697	12814.67578125
22.8600006103516	12787.4375
22.8700008392334	12744.927734375
22.8799991607666	12607.43359375
22.8899993896484	12662.0009765625
22.8999996185303	12562.708984375
22.9099998474121	12710.322265625
22.9200000762939	12683.064453125
22.9300003051758	12584.8193359375
22.9400005340576	12622.5205078125
22.9500007629395	12585.4443359375
22.9599990844727	12425.0390625
22.9699993133545	12537.03515625
22.9799995422363	12663.74609375
22.9899997711182	12698.693359375
23	12543.5625
23.0100002288818	12832.55078125
23.0200004577637	12770.4990234375
23.0300006866455	12265.68359375
23.0400009155273	12293.4912109375
23.0499992370605	12316.310546875
23.0599994659424	12450.583984375
23.0699996948242	12742.8701171875
23.0799999237061	12820.75390625
23.0900001525879	12803.2470703125
23.1000003814697	12570.1650390625
23.1100006103516	12597.2236328125
23.1200008392334	12706.880859375
23.1299991607666	12817.20703125
23.1399993896484	12478.123046875
23.1499996185303	12785.0185546875
23.1599998474121	12768.2451171875
23.1700000762939	12689.9423828125
23.1800003051758	12720.3427734375
23.1900005340576	12591.8251953125
23.2000007629395	12519.3984375
23.2099990844727	12374.4296875
23.2199993133545	12476.798828125
23.2299995422363	12653.515625
23.2399997711182	12779.71484375
23.25	12776.6171875
23.2600002288818	12645.623046875
23.2700004577637	12533.53515625
23.2800006866455	12585.521484375
23.2900009155273	12441.107421875
23.2999992370605	12308.3193359375
23.3099994659424	12557.2080078125
23.3199996948242	12498.51953125
23.3299999237061	12653.5087890625
23.3400001525879	12927.337890625
23.3500003814697	13176.5751953125
23.3600006103516	12946.435546875
23.3700008392334	12779.32421875
23.3799991607666	12771.9814453125
23.3899993896484	12437.4287109375
23.3999996185303	12493.158203125
23.4099998474121	12490.8662109375
23.4200000762939	12611.333984375
23.4300003051758	12349.375
23.4400005340576	12300.4892578125
23.4500007629395	12522.390625
23.4599990844727	12472.1591796875
23.4699993133545	12292.9091796875
23.4799995422363	12337.208984375
23.4899997711182	12085.990234375
23.5	12374.646484375
23.5100002288818	12349.5654296875
23.5200004577637	12570.67578125
23.5300006866455	12986.4248046875
23.5400009155273	12688.1025390625
23.5499992370605	12534.8798828125
23.5599994659424	12370.7802734375
23.5699996948242	12516.59765625
23.5799999237061	12302.6376953125
23.5900001525879	12281.30859375
23.6000003814697	12408.40625
23.6100006103516	12671.2333984375
23.6200008392334	12906.4541015625
23.6299991607666	12386.5595703125
23.6399993896484	11972.1455078125
23.6499996185303	12123.3525390625
23.6599998474121	12493.853515625
23.6700000762939	12292.3642578125
23.6800003051758	12043.4921875
23.6900005340576	12367.3212890625
23.7000007629395	12388.9677734375
23.7099990844727	12058.3330078125
23.7199993133545	12064.095703125
23.7299995422363	12085.5908203125
23.7399997711182	11869.0712890625
23.75	11595.21484375
23.7600002288818	11921.671875
23.7700004577637	12175.630859375
23.7800006866455	12217.3037109375
23.7900009155273	11934.69921875
23.7999992370605	11896.4521484375
23.8099994659424	12111.228515625
23.8199996948242	12323.3671875
23.8299999237061	12023.908203125
23.8400001525879	12148.9140625
23.8500003814697	11934.890625
23.8600006103516	11502.3466796875
23.8700008392334	11790.4912109375
23.8799991607666	12021.9775390625
23.8899993896484	11978.2939453125
23.8999996185303	11859.189453125
23.9099998474121	12007.9521484375
23.9200000762939	11662.681640625
23.9300003051758	11824.9013671875
23.9400005340576	12071.486328125
23.9500007629395	11744.6708984375
23.9599990844727	11726.44921875
23.9699993133545	12242.2998046875
23.9799995422363	12297.90625
23.9899997711182	11651.5703125
24	11567.87109375
24.0100002288818	11635.1796875
24.0200004577637	12308.021484375
24.0300006866455	12201.24609375
24.0400009155273	12321.2177734375
24.0499992370605	12151.076171875
24.0599994659424	12153.015625
24.0699996948242	11948.4638671875
24.0799999237061	11939.4814453125
24.0900001525879	12153.5302734375
24.1000003814697	11933.140625
24.1100006103516	11776.919921875
24.1200008392334	11537.5439453125
24.1299991607666	11770.953125
24.1399993896484	11976.7724609375
24.1499996185303	11533.4775390625
24.1599998474121	11365.083984375
24.1700000762939	11183.5537109375
24.1800003051758	11561.5244140625
24.1900005340576	12154.1337890625
24.2000007629395	11877.76171875
24.2099990844727	11947.6494140625
24.2199993133545	12076.6494140625
24.2299995422363	11718.3994140625
24.2399997711182	12192.0673828125
24.25	11977.5283203125
24.2600002288818	12042.2255859375
24.2700004577637	11815.734375
24.2800006866455	12047.576171875
24.2900009155273	11956.33984375
24.2999992370605	11601.4150390625
24.3099994659424	11971.9638671875
24.3199996948242	12181.4248046875
24.3299999237061	12090.7431640625
24.3400001525879	11659.7314453125
24.3500003814697	11322.7568359375
24.3600006103516	11648.6064453125
24.3700008392334	11567.6787109375
24.3799991607666	11631.7421875
24.3899993896484	11514.7529296875
24.3999996185303	11358.4208984375
24.4099998474121	11370.0400390625
24.4200000762939	11743.83984375
24.4300003051758	12031.2177734375
24.4400005340576	11674.9638671875
24.4500007629395	11666.5966796875
24.4599990844727	11641.9619140625
24.4699993133545	11874.93359375
24.4799995422363	11800.1376953125
24.4899997711182	11542.5390625
24.5	11649.466796875
24.5100002288818	12014.29296875
24.5200004577637	11867.8701171875
24.5300006866455	11883.173828125
24.5400009155273	11800.9267578125
24.5499992370605	11791.7724609375
24.5599994659424	11676.658203125
24.5699996948242	11264.90234375
24.5799999237061	11405.736328125
24.5900001525879	11473.7421875
24.6000003814697	11989.283203125
24.6100006103516	11845.1435546875
24.6200008392334	11288.3232421875
24.6299991607666	11453.73828125
24.6399993896484	11620.564453125
24.6499996185303	11778.8740234375
24.6599998474121	11556.9326171875
24.6700000762939	11323.9609375
24.6800003051758	11655.181640625
24.6900005340576	11827.6064453125
24.7000007629395	11118.3037109375
24.7099990844727	11508.7646484375
24.7199993133545	11492.966796875
24.7299995422363	11059.9228515625
24.7399997711182	11329.0302734375
24.75	11532.9326171875
24.7600002288818	11279.103515625
24.7700004577637	11489.0849609375
24.7800006866455	11436.5556640625
24.7900009155273	11560.015625
24.7999992370605	11566.6669921875
24.8099994659424	11535.099609375
24.8199996948242	11391.5146484375
24.8299999237061	11233.8818359375
24.8400001525879	11405.6181640625
24.8500003814697	11667.546875
24.8600006103516	11448.521484375
24.8700008392334	11120.7685546875
24.8799991607666	11263.82421875
24.8899993896484	11321.7294921875
24.8999996185303	11278.3486328125
24.9099998474121	11833.8857421875
24.9200000762939	11107.814453125
24.9300003051758	11243.41015625
24.9400005340576	11497.759765625
24.9500007629395	11277.6416015625
24.9599990844727	11312.2158203125
24.9699993133545	11109.18359375
24.9799995422363	11321.814453125
24.9899997711182	11288.056640625
25	11398.0185546875
25.0100002288818	11408.3330078125
25.0200004577637	11553.1083984375
25.0300006866455	11597.09375
25.0400009155273	11151.9658203125
25.0499992370605	11297.8544921875
25.0599994659424	11339.3701171875
25.0699996948242	11689.19140625
25.0799999237061	11589.2451171875
25.0900001525879	10919.982421875
25.1000003814697	11353.5693359375
25.1100006103516	11325.80078125
25.1200008392334	11032.046875
25.1299991607666	10977.5693359375
25.1399993896484	10960.072265625
25.1499996185303	10935.98046875
25.1599998474121	10851.5146484375
25.1700000762939	11079.26953125
25.1800003051758	11538.2353515625
25.1900005340576	11628.662109375
25.2000007629395	11389.5908203125
25.2099990844727	11306.7216796875
25.2199993133545	11358.880859375
25.2299995422363	11028.697265625
25.2399997711182	11130.0166015625
25.25	11245.1748046875
25.2600002288818	11572.5849609375
25.2700004577637	11383.220703125
25.2800006866455	11226.203125
25.2900009155273	11688.099609375
25.2999992370605	11526.1357421875
25.3099994659424	10781.8349609375
25.3199996948242	10812.373046875
25.3299999237061	10891.0703125
25.3400001525879	10842.3662109375
25.3500003814697	11329.5234375
25.3600006103516	11128.384765625
25.3700008392334	10947.1953125
25.3799991607666	11225.3896484375
25.3899993896484	11403.5048828125
25.3999996185303	11004.55859375
25.4099998474121	10791.0712890625
25.4200000762939	11142.9716796875
25.4300003051758	11272.1171875
25.4400005340576	11276.2587890625
25.4500007629395	11613.9306640625
25.4599990844727	11428.318359375
25.4699993133545	11087.8623046875
25.4799995422363	11075.46484375
25.4899997711182	11083.3330078125
25.5	11069.341796875
25.5100002288818	11332.017578125
25.5200004577637	11278.78515625
25.5300006866455	11167.8935546875
25.5400009155273	11170.83203125
25.5499992370605	11050.2451171875
25.5599994659424	11211.7802734375
25.5699996948242	11477.857421875
25.5799999237061	11538.783203125
25.5900001525879	11335.3056640625
25.6000003814697	11133.755859375
25.6100006103516	11374.10546875
25.6200008392334	11508.5693359375
25.6299991607666	11593.265625
25.6399993896484	11444.80859375
25.6499996185303	11306.326171875
25.6599998474121	11833.1171875
25.6700000762939	11267.3427734375
25.6800003051758	10912.2529296875
25.6900005340576	11055.6201171875
25.7000007629395	11362.6767578125
25.7099990844727	11216.6103515625
25.7199993133545	11106.2841796875
25.7299995422363	10863.9970703125
25.7399997711182	11249.4189453125
25.75	11405.0234375
25.7600002288818	11023.90234375
25.7700004577637	11150.8955078125
25.7800006866455	11420.5224609375
25.7900009155273	11475
25.7999992370605	11230.6220703125
25.8099994659424	10883.220703125
25.8199996948242	11018.8525390625
25.8299999237061	11271.9697265625
25.8400001525879	11200.5009765625
25.8500003814697	11356.3134765625
25.8600006103516	11219.0654296875
25.8700008392334	11179.693359375
25.8799991607666	11111.8291015625
25.8899993896484	10877.5859375
25.8999996185303	10654.810546875
25.9099998474121	10821.552734375
25.9200000762939	10805.9560546875
25.9300003051758	11047.1708984375
25.9400005340576	11195.6416015625
25.9500007629395	11255.1201171875
25.9599990844727	10934.08203125
25.9699993133545	10890.7783203125
25.9799995422363	11042.09765625
25.9899997711182	11178.68359375
26	11049.744140625
26.0100002288818	11012.6611328125
26.0200004577637	10902.953125
26.0300006866455	10809.927734375
26.0400009155273	10848.2880859375
26.0499992370605	10916.892578125
26.0599994659424	10895.7421875
26.0699996948242	10814.560546875
26.0799999237061	10604.4970703125
26.0900001525879	10591.4736328125
26.1000003814697	10720.1640625
26.1100006103516	10845.1298828125
26.1200008392334	10763.6396484375
26.1299991607666	11076.89453125
26.1399993896484	11076.7900390625
26.1499996185303	10928.8271484375
26.1599998474121	10597.21875
26.1700000762939	10344.7568359375
26.1800003051758	10841.40234375
26.1900005340576	10694.2470703125
26.2000007629395	10706.552734375
26.2099990844727	10952.5380859375
26.2199993133545	10922.05078125
26.2299995422363	10780.6064453125
26.2399997711182	10627.103515625
26.25	10619.4326171875
26.2600002288818	10861.46484375
26.2700004577637	10674.443359375
26.2800006866455	10602.5302734375
26.2900009155273	10765.771484375
26.2999992370605	10955.923828125
26.3099994659424	10895.51171875
26.3199996948242	10891.474609375
26.3299999237061	10937.892578125
26.3400001525879	10879.2158203125
26.3500003814697	10638.1181640625
26.3600006103516	10585.2353515625
26.3700008392334	10641.015625
26.3799991607666	10599.8701171875
26.3899993896484	10499.1689453125
26.3999996185303	10652.9091796875
26.4099998474121	10832.0517578125
26.4200000762939	10793.8857421875
26.4300003051758	10602.251953125
26.4400005340576	10279.5556640625
26.4500007629395	10270.2490234375
26.4599990844727	10500.3935546875
26.4699993133545	10640.6171875
26.4799995422363	10683.8125
26.4899997711182	10463.5810546875
26.5	10250.2421875
26.5100002288818	10251.0830078125
26.5200004577637	10303.314453125
26.5300006866455	10553.9541015625
26.5400009155273	10615.9375
26.5499992370605	10749.1240234375
26.5599994659424	10623.02734375
26.5699996948242	10457.8330078125
26.5799999237061	10028.52734375
26.5900001525879	9950.32421875
26.6000003814697	10130.6064453125
26.6100006103516	10297.017578125
26.6200008392334	10510.41796875
26.6299991607666	10376.443359375
26.6399993896484	10283.1826171875
26.6499996185303	10302.6513671875
26.6599998474121	10160.3955078125
26.6700000762939	10132.5283203125
26.6800003051758	10360.091796875
26.6900005340576	10499.3056640625
26.7000007629395	10408.1328125
26.7099990844727	10317.5185546875
26.7199993133545	10121.78515625
26.7299995422363	10170.4580078125
26.7399997711182	10319.8642578125
26.75	10336.888671875
26.7600002288818	10319.65234375
26.7700004577637	10145.9521484375
26.7800006866455	10097.8955078125
26.7900009155273	10411.662109375
26.7999992370605	10469.091796875
26.8099994659424	10133.6533203125
26.8199996948242	10043.4990234375
26.8299999237061	10130.6376953125
26.8400001525879	10263.19140625
26.8500003814697	10356.37890625
26.8600006103516	10098.517578125
26.8700008392334	10073.828125
26.8799991607666	10355.5673828125
26.8899993896484	10309.328125
26.8999996185303	10120.5439453125
26.9099998474121	10179.98828125
26.9200000762939	10342.4814453125
26.9300003051758	10195.01171875
26.9400005340576	9954.2119140625
26.9500007629395	10173.943359375
26.9599990844727	10414.271484375
26.9699993133545	10247.1142578125
26.9799995422363	10187.4931640625
26.9899997711182	9950.7646484375
27	10214.580078125
27.0100002288818	10453.1181640625
27.0200004577637	10231.427734375
27.0300006866455	9968.5205078125
27.0400009155273	10039.345703125
27.0499992370605	10075.494140625
27.0599994659424	10089.400390625
27.0699996948242	10138.2744140625
27.0799999237061	10205.7255859375
27.0900001525879	10166.4541015625
27.1000003814697	10074.0244140625
27.1100006103516	10069.552734375
27.1200008392334	10063.8330078125
27.1299991607666	10205.580078125
27.1399993896484	10229.3896484375
27.1499996185303	10195.6796875
27.1599998474121	10110.5732421875
27.1700000762939	10095.8544921875
27.1800003051758	10352.6962890625
27.1900005340576	10273.966796875
27.2000007629395	10405.26953125
27.2099990844727	10823.6005859375
27.2199993133545	10686.7978515625
27.2299995422363	10541.2255859375
27.2399997711182	10671.859375
27.25	10695.7001953125
27.2600002288818	10474.337890625
27.2700004577637	10502.755859375
27.2800006866455	10692.9775390625
27.2900009155273	10728.681640625
27.2999992370605	10636.8720703125
27.3099994659424	10460.2880859375
27.3199996948242	10232.02734375
27.3299999237061	10158.056640625
27.3400001525879	10278.794921875
27.3500003814697	10327.1376953125
27.3600006103516	10258.1796875
27.3700008392334	10293.953125
27.3799991607666	10412.73046875
27.3899993896484	10146.4580078125
27.3999996185303	10315.9833984375
27.4099998474121	10490.1083984375
27.4200000762939	10248.83203125
27.4300003051758	10035.912109375
27.4400005340576	9894.970703125
27.4500007629395	10083.177734375
27.4599990844727	10249.4775390625
27.4699993133545	10047.421875
27.4799995422363	9808.9775390625
27.4899997711182	9859.708984375
27.5	9892.7060546875
27.5100002288818	9715.55859375
27.5200004577637	9760.54296875
27.5300006866455	9995.3857421875
27.5400009155273	9802.3681640625
27.5499992370605	9619.2353515625
27.5599994659424	9760.40625
27.5699996948242	9739.3388671875
27.5799999237061	9760.810546875
27.5900001525879	9849.8203125
27.6000003814697	9667.6806640625
27.6100006103516	9351.9365234375
27.6200008392334	9301.1123046875
27.6299991607666	9404.279296875
27.6399993896484	9659.7392578125
27.6499996185303	9983.5546875
27.6599998474121	9987.5400390625
27.6700000762939	9875.1220703125
27.6800003051758	9734.072265625
27.6900005340576	9608.5
27.7000007629395	9649.2333984375
27.7099990844727	9667.345703125
27.7199993133545	9555.544921875
27.7299995422363	9471.1162109375
27.7399997711182	9413.681640625
27.75	9467.818359375
27.7600002288818	9546.76953125
27.7700004577637	9580.982421875
27.7800006866455	9658.0126953125
27.7900009155273	9754.521484375
27.7999992370605	9897.7626953125
27.8099994659424	9767.515625
27.8199996948242	9400.603515625
27.8299999237061	9260.0146484375
27.8400001525879	9371.173828125
27.8500003814697	9578.669921875
27.8600006103516	9596.791015625
27.8700008392334	9499.9873046875
27.8799991607666	9706.162109375
27.8899993896484	9928.4541015625
27.8999996185303	9819.119140625
27.9099998474121	9527.791015625
27.9200000762939	9437.1552734375
27.9300003051758	9434.048828125
27.9400005340576	9413.6123046875
27.9500007629395	9392.4345703125
27.9599990844727	9470.0322265625
27.9699993133545	9593.78125
27.9799995422363	9549.2900390625
27.9899997711182	9362.2265625
28	9281.65234375
28.0100002288818	9500.923828125
28.0200004577637	9567.142578125
28.0300006866455	9319.099609375
28.0400009155273	9282.62109375
28.0499992370605	9432.3837890625
28.0599994659424	9422.083984375
28.0699996948242	9383.3662109375
28.0799999237061	9444.7177734375
28.0900001525879	9415.7177734375
28.1000003814697	9433.2373046875
28.1100006103516	9392.8564453125
28.1200008392334	9440.2734375
28.1299991607666	9385.48046875
28.1399993896484	9109.4267578125
28.1499996185303	9154.48046875
28.1599998474121	9435.060546875
28.1700000762939	9416.96875
28.1800003051758	9231.0478515625
28.1900005340576	9252.52734375
28.2000007629395	9515.013671875
28.2099990844727	9538.611328125
28.2199993133545	9461.2919921875
28.2299995422363	9455.322265625
28.2399997711182	9553.21484375
28.25	9690.37890625
28.2600002288818	9694.630859375
28.2700004577637	9656.72265625
28.2800006866455	9807.2802734375
28.2900009155273	9989.98828125
28.2999992370605	9793.884765625
28.3099994659424	9495.4736328125
28.3199996948242	9373.6376953125
28.3299999237061	9474.462890625
28.3400001525879	9779.9267578125
28.3500003814697	9822.2509765625
28.3600006103516	9522.599609375
28.3700008392334	9412.5087890625
28.3799991607666	9558.775390625
28.3899993896484	9437.83984375
28.3999996185303	9401.236328125
28.4099998474121	9267.36328125
28.4200000762939	9113.578125
28.4300003051758	9280.3857421875
28.4400005340576	9423.330078125
28.4500007629395	9481.2890625
28.4599990844727	9196.23046875
28.4699993133545	8953.9736328125
28.4799995422363	9004.494140625
28.4899997711182	9240.744140625
28.5	9076.9873046875
28.5100002288818	9154.4873046875
28.5200004577637	9133.3330078125
28.5300006866455	9133.3330078125
28.5400009155273	9103.279296875
28.5499992370605	8927.318359375
28.5599994659424	8922.8251953125
28.5699996948242	9421.037109375
28.5799999237061	9571.8515625
28.5900001525879	9407.390625
28.6000003814697	9198.46875
28.6100006103516	9114.49609375
28.6200008392334	9302.2001953125
28.6299991607666	9428.8681640625
28.6399993896484	9480.4599609375
28.6499996185303	9463.5576171875
28.6599998474121	9353.3994140625
28.6700000762939	9220.1767578125
28.6800003051758	9232.42578125
28.6900005340576	9265.48046875
28.7000007629395	9438.1640625
28.7099990844727	9110.9931640625
28.7199993133545	8949.943359375
28.7299995422363	9090.7822265625
28.7399997711182	9294.6240234375
28.75	9236.650390625
28.7600002288818	9196.724609375
28.7700004577637	9279.5009765625
28.7800006866455	9153.9501953125
28.7900009155273	8799.9296875
28.7999992370605	8960.99609375
28.8099994659424	9088.5546875
28.8199996948242	9350
28.8299999237061	9271.298828125
28.8400001525879	9076.5078125
28.8500003814697	9032.791015625
28.8600006103516	9081.0068359375
28.8700008392334	9178.27734375
28.8799991607666	9144.48046875
28.8899993896484	8899.556640625
28.8999996185303	8912.5400390625
28.9099998474121	9090.1083984375
28.9200000762939	9127.5048828125
28.9300003051758	9153.2666015625
28.9400005340576	9197.521484375
28.9500007629395	9152.220703125
28.9599990844727	9041.16796875
28.9699993133545	9007.3173828125
28.9799995422363	9025
28.9899997711182	9126.33203125
29	9372.6005859375
29.0100002288818	9304.6220703125
29.0200004577637	9112.029296875
29.0300006866455	8993.06640625
29.0400009155273	8949.7607421875
29.0499992370605	8986.9990234375
29.0599994659424	9044.615234375
29.0699996948242	9148.857421875
29.0799999237061	8901.822265625
29.0900001525879	8909.5791015625
29.1000003814697	9291.61328125
29.1100006103516	9254.6181640625
29.1200008392334	8927.9287109375
29.1299991607666	8891.3623046875
29.1399993896484	9022.046875
29.1499996185303	8801.767578125
29.1599998474121	9047.0458984375
29.1700000762939	8868.47265625
29.1800003051758	8958.1259765625
29.1900005340576	9296.7578125
29.2000007629395	9400.4228515625
29.2099990844727	9392.677734375
29.2199993133545	9214.4501953125
29.2299995422363	9200.107421875
29.2399997711182	9266.66796875
29.25	9242.1328125
29.2600002288818	8950.8349609375
29.2700004577637	8729.5595703125
29.2800006866455	8707.28515625
29.2900009155273	8885.794921875
29.2999992370605	8951.775390625
29.3099994659424	8611.794921875
29.3199996948242	8625.4716796875
29.3299999237061	8955.3486328125
29.3400001525879	8959.9853515625
29.3500003814697	9096.0869140625
29.3600006103516	8750.564453125
29.3700008392334	8625.2705078125
29.3799991607666	8901.2822265625
29.3899993896484	9044.8212890625
29.3999996185303	8900.4599609375
29.4099998474121	8760.193359375
29.4200000762939	8785.1337890625
29.4300003051758	8853.6669921875
29.4400005340576	8904.8955078125
29.4500007629395	9048.8955078125
29.4599990844727	9031.94140625
29.4699993133545	8839.380859375
29.4799995422363	8773.7412109375
29.4899997711182	9085.09765625
29.5	9218.021484375
29.5100002288818	8748.271484375
29.5200004577637	8762.2490234375
29.5300006866455	8851.87890625
29.5400009155273	8901.7998046875
29.5499992370605	8914.85546875
29.5599994659424	8798.357421875
29.5699996948242	8761.6318359375
29.5799999237061	8765.1826171875
29.5900001525879	8739.6083984375
29.6000003814697	8820.9296875
29.6100006103516	8874.7998046875
29.6200008392334	8719.080078125
29.6299991607666	8622.2109375
29.6399993896484	8502.4873046875
29.6499996185303	8666.0546875
29.6599998474121	8696.9375
29.6700000762939	8724.318359375
29.6800003051758	8923.3818359375
29.6900005340576	8955.8662109375
29.7000007629395	8790.1884765625
29.7099990844727	8814.1064453125
29.7199993133545	8892.982421875
29.7299995422363	8548.794921875
29.7399997711182	8404.72265625
29.75	8625.59765625
29.7600002288818	9137.013671875
29.7700004577637	8838.865234375
29.7800006866455	8927.5615234375
29.7900009155273	9044.0439453125
29.7999992370605	9071.6162109375
29.8099994659424	8725.6748046875
29.8199996948242	8825.9130859375
29.8299999237061	8867.1533203125
29.8400001525879	8825
29.8500003814697	8859.599609375
29.8600006103516	9047.462890625
29.8700008392334	9003.208984375
29.8799991607666	8834.5751953125
29.8899993896484	8826.919921875
29.8999996185303	8705.193359375
29.9099998474121	8579.4599609375
29.9200000762939	9114.2744140625
29.9300003051758	9164.7080078125
29.9400005340576	8896.490234375
29.9500007629395	8588.51953125
29.9599990844727	8777.3017578125
29.9699993133545	9112.8291015625
29.9799995422363	9051.6962890625
29.9899997711182	8493.009765625
30	8706.79296875
30.0100002288818	8955.7158203125
30.0200004577637	8787.9619140625
30.0300006866455	8530.1982421875
30.0400009155273	8519.685546875
30.0499992370605	8608.1513671875
30.0599994659424	8649.5693359375
30.0699996948242	8542.8671875
30.0799999237061	8667.1640625
30.0900001525879	8576.443359375
30.1000003814697	8355.2578125
30.1100006103516	8547.5634765625
30.1200008392334	8715.7294921875
30.1299991607666	8676.39453125
30.1399993896484	8955.630859375
30.1499996185303	8912.029296875
30.1599998474121	8700.1005859375
30.1700000762939	8449.4013671875
30.1800003051758	8730.7880859375
30.1900005340576	8679.9365234375
30.2000007629395	8414.3125
30.2099990844727	8340.935546875
30.2199993133545	8586.5634765625
30.2299995422363	8788.306640625
30.2399997711182	8887.4208984375
30.25	8600
30.2600002288818	8598.5126953125
30.2700004577637	8575.2998046875
30.2800006866455	8494.53515625
30.2900009155273	8509.509765625
30.2999992370605	8322.3193359375
30.3099994659424	8132.73681640625
30.3199996948242	8426.2822265625
30.3299999237061	8639.849609375
30.3400001525879	8719.859375
30.3500003814697	8757.08203125
30.3600006103516	8733.7060546875
30.3700008392334	8618.951171875
30.3799991607666	8453.2626953125
30.3899993896484	8720.1044921875
30.3999996185303	8756.02734375
30.4099998474121	8602.318359375
30.4200000762939	8500.1201171875
30.4300003051758	8283.32421875
30.4400005340576	8682.6962890625
30.4500007629395	9043.5
30.4599990844727	8801.11328125
30.4699993133545	8687.5478515625
30.4799995422363	8746.4990234375
30.4899997711182	8537.24609375
30.5	8451.0400390625
30.5100002288818	8319.994140625
30.5200004577637	8399.8486328125
30.5300006866455	8732.0146484375
30.5400009155273	8865.583984375
30.5499992370605	8652.125
30.5599994659424	8335.4365234375
30.5699996948242	8378.2724609375
30.5799999237061	8262.224609375
30.5900001525879	8367.98046875
30.6000003814697	8606.232421875
30.6100006103516	8328.990234375
30.6200008392334	8435.412109375
30.6299991607666	8240.939453125
30.6399993896484	7965.95263671875
30.6499996185303	8222.484375
30.6599998474121	8429.6123046875
30.6700000762939	8600.4130859375
30.6800003051758	8616.8603515625
30.6900005340576	8624.458984375
30.7000007629395	8595.8173828125
30.7099990844727	8391.9755859375
30.7199993133545	8410.591796875
30.7299995422363	8542.69140625
30.7399997711182	8611.4384765625
30.75	8830.88671875
30.7600002288818	8632.2666015625
30.7700004577637	8535.3046875
30.7800006866455	8747.302734375
30.7900009155273	8392.11328125
30.7999992370605	8467.2158203125
30.8099994659424	8591.8310546875
30.8199996948242	8649.5078125
30.8299999237061	8258.455078125
30.8400001525879	8474.5927734375
30.8500003814697	8582.9599609375
30.8600006103516	8326.294921875
30.8700008392334	8432.6201171875
30.8799991607666	8681.2958984375
30.8899993896484	8510.033203125
30.8999996185303	8327.068359375
30.9099998474121	8736.3125
30.9200000762939	8634.8955078125
30.9300003051758	8198.7255859375
30.9400005340576	8224.4150390625
30.9500007629395	8535.61328125
30.9599990844727	8647.759765625
30.9699993133545	8356.6748046875
30.9799995422363	8480.158203125
30.9899997711182	8921.912109375
31	8779.2666015625
31.0100002288818	8329.734375
31.0200004577637	8397.4931640625
31.0300006866455	8456.4873046875
31.0400009155273	8546.9560546875
31.0499992370605	8662.609375
31.0599994659424	8257.1103515625
31.0699996948242	8193.5615234375
31.0799999237061	8551.8662109375
31.0900001525879	8239.01953125
31.1000003814697	8296.8046875
31.1100006103516	8292.03515625
31.1200008392334	8577.9482421875
31.1299991607666	8615.484375
31.1399993896484	8640.4453125
31.1499996185303	8412.1845703125
31.1599998474121	8479.0009765625
31.1700000762939	8254.607421875
31.1800003051758	8170.7998046875
31.1900005340576	8198.1103515625
31.2000007629395	8223.5439453125
31.2099990844727	8569.7392578125
31.2199993133545	8278.7880859375
31.2299995422363	8273.951171875
31.2399997711182	8602.427734375
31.25	8547.1708984375
31.2600002288818	8308.5703125
31.2700004577637	8283.91015625
31.2800006866455	8523.3916015625
31.2900009155273	8479.8203125
31.2999992370605	8382.38671875
31.3099994659424	8475.162109375
31.3199996948242	8460.2578125
31.3299999237061	8281.72265625
31.3400001525879	8396.984375
31.3500003814697	8599.6513671875
31.3600006103516	8425.673828125
31.3700008392334	8225.29296875
31.3799991607666	8292.083984375
31.3899993896484	8383.607421875
31.3999996185303	8239.9130859375
31.4099998474121	8081.08154296875
31.4200000762939	8233.0234375
31.4300003051758	8476.458984375
31.4400005340576	8175.96728515625
31.4500007629395	8435.0498046875
31.4599990844727	8459.1572265625
31.4699993133545	8405.8564453125
31.4799995422363	8220.392578125
31.4899997711182	8050.5869140625
31.5	8122.8251953125
31.5100002288818	8453.453125
31.5200004577637	8618.0048828125
31.5300006866455	8433.029296875
31.5400009155273	8097.294921875
31.5499992370605	8272.7216796875
31.5599994659424	8432.8349609375
31.5699996948242	8442.6328125
31.5799999237061	8544.619140625
31.5900001525879	8573.0146484375
31.6000003814697	8487.0673828125
31.6100006103516	8496.9443359375
31.6200008392334	8259.041015625
31.6299991607666	8348.91015625
31.6399993896484	8453.9765625
31.6499996185303	8285.095703125
31.6599998474121	8265.5830078125
31.6700000762939	8129.16552734375
31.6800003051758	7927.7353515625
31.6900005340576	8166.80517578125
31.7000007629395	8244.3232421875
31.7099990844727	8393.7001953125
31.7199993133545	8172.8173828125
31.7299995422363	7932.87939453125
31.7399997711182	8007.19140625
31.75	8139.13037109375
31.7600002288818	8414.6591796875
31.7700004577637	8252.224609375
31.7800006866455	8195.3837890625
31.7900009155273	8113.7724609375
31.7999992370605	8319.1181640625
31.8099994659424	8527.662109375
31.8199996948242	8361.1455078125
31.8299999237061	8219.55859375
31.8400001525879	8263.1484375
31.8500003814697	8253.9892578125
31.8600006103516	8236.0185546875
31.8700008392334	8247.2890625
31.8799991607666	8270.89453125
31.8899993896484	8149.86865234375
31.8999996185303	8270.71484375
31.9099998474121	8286.1484375
31.9200000762939	8228.0302734375
31.9300003051758	8258.06640625
31.9400005340576	8190.90966796875
31.9500007629395	8305.607421875
31.9599990844727	8223.5546875
31.9699993133545	8364.3564453125
31.9799995422363	8352.1533203125
31.9899997711182	8280.265625
32	8219.0009765625
32.0099983215332	8099.58984375
32.0200004577637	8156.40234375
32.0299987792969	8229.1650390625
32.0400009155273	8261.939453125
32.0499992370605	8253.1767578125
32.060001373291	8451.955078125
32.0699996948242	8325.30859375
32.0800018310547	8290.0390625
32.0900001525879	8197.9638671875
32.0999984741211	8308.6025390625
32.1100006103516	8188.32080078125
32.1199989318848	8096.765625
32.1300010681152	8262.650390625
32.1399993896484	8394.5029296875
32.1500015258789	8641.595703125
32.1599998474121	8719.8076171875
32.1699981689453	8830.435546875
32.1800003051758	8595.2607421875
32.189998626709	8328.0830078125
32.2000007629395	8347.0615234375
32.2099990844727	8392.8193359375
32.2200012207031	8563.1298828125
32.2299995422363	8660.431640625
32.2400016784668	8623.0048828125
32.25	8485.08984375
32.2599983215332	8411.158203125
32.2700004577637	8341.853515625
32.2799987792969	8415.26953125
32.2900009155273	8467.40625
32.2999992370605	8308.02734375
32.310001373291	8373.697265625
32.3199996948242	8312.3896484375
32.3300018310547	8091.8330078125
32.3400001525879	8288.1513671875
32.3499984741211	8175.939453125
32.3600006103516	8084.943359375
32.3699989318848	8619.5361328125
32.3800010681152	8627.3740234375
32.3899993896484	8398.4306640625
32.4000015258789	8530.4619140625
32.4099998474121	8447.2197265625
32.4199981689453	8174.37255859375
32.4300003051758	8150.03662109375
32.439998626709	8428.8173828125
32.4500007629395	8417.005859375
32.4599990844727	8389.548828125
32.4700012207031	8280.01171875
32.4799995422363	8340.7099609375
32.4900016784668	8257.630859375
32.5	8370.7783203125
32.5099983215332	8197.3896484375
32.5200004577637	8288.5517578125
32.5299987792969	8650.1689453125
32.5400009155273	8654.4111328125
32.5499992370605	8506.86328125
32.560001373291	8557.9765625
32.5699996948242	8640.2626953125
32.5800018310547	8446.17578125
32.5900001525879	8288.0322265625
32.5999984741211	8409.2314453125
32.6100006103516	8544.966796875
32.6199989318848	8346.6103515625
32.6300010681152	8420.263671875
32.6399993896484	8501.287109375
32.6500015258789	8370.9833984375
32.6599998474121	8412.0087890625
32.6699981689453	8473.7841796875
32.6800003051758	8263.8046875
32.689998626709	8405.89453125
32.7000007629395	8665.4111328125
32.7099990844727	8650.8076171875
32.7200012207031	8504.9111328125
32.7299995422363	8129.66552734375
32.7400016784668	8061.94140625
32.75	8418.8974609375
32.7599983215332	8465.0439453125
32.7700004577637	8471.5419921875
32.7799987792969	8346.54296875
32.7900009155273	8410.7607421875
32.7999992370605	8414.65234375
32.810001373291	8259.037109375
32.8199996948242	8338.0888671875
32.8300018310547	8560.7451171875
32.8400001525879	8553.140625
32.8499984741211	8533.8125
32.8600006103516	8273.6513671875
32.8699989318848	8371.896484375
32.8800010681152	8821.2880859375
32.8899993896484	8892.7080078125
32.9000015258789	8380.9453125
32.9099998474121	8445.89453125
32.9199981689453	8572.08203125
32.9300003051758	8527.376953125
32.939998626709	8474.732421875
32.9500007629395	8503.03125
32.9599990844727	8341.0419921875
32.9700012207031	8416.8515625
32.9799995422363	8644.2724609375
32.9900016784668	8522.9013671875
33	8336.6259765625
33.0099983215332	8583.7275390625
33.0200004577637	8678.35546875
33.0299987792969	8628.0595703125
33.0400009155273	8687.8056640625
33.0499992370605	8845.1083984375
33.060001373291	8783.0595703125
33.0699996948242	8646.025390625
33.0800018310547	8635.439453125
33.0900001525879	8752.759765625
33.0999984741211	8565.5302734375
33.1100006103516	8492.544921875
33.1199989318848	8127.6123046875
33.1300010681152	8347.6357421875
33.1399993896484	8607.7001953125
33.1500015258789	8691.3125
33.1599998474121	8765.248046875
33.1699981689453	8645.369140625
33.1800003051758	8429.0341796875
33.189998626709	8666.849609375
33.2000007629395	8739.3701171875
33.2099990844727	8622.4462890625
33.2200012207031	8665.0625
33.2299995422363	8656.03515625
33.2400016784668	8708.4736328125
33.25	8768.7421875
33.2599983215332	8728.275390625
33.2700004577637	8668.9267578125
33.2799987792969	8660.33203125
33.2900009155273	8852.1904296875
33.2999992370605	9007.7919921875
33.310001373291	8987.181640625
33.3199996948242	8876.4892578125
33.3300018310547	8677.02734375
33.3400001525879	8542.615234375
33.3499984741211	8740.0576171875
33.3600006103516	8878.2685546875
33.3699989318848	8693.140625
33.3800010681152	8700.9736328125
33.3899993896484	8753.17578125
33.4000015258789	8994.03515625
33.4099998474121	9046.6474609375
33.4199981689453	9041.48828125
33.4300003051758	8758.31640625
33.439998626709	8523.408203125
33.4500007629395	8590.916015625
33.4599990844727	8789.78515625
33.4700012207031	8758.703125
33.4799995422363	8789.4638671875
33.4900016784668	8977.8828125
33.5	8874.0859375
33.5099983215332	8603.7861328125
33.5200004577637	8655.5556640625
33.5299987792969	8897.57421875
33.5400009155273	8870.7734375
33.5499992370605	9077.5400390625
33.560001373291	8988.61328125
33.5699996948242	8944.181640625
33.5800018310547	8998.439453125
33.5900001525879	8927.349609375
33.5999984741211	8945.224609375
33.6100006103516	8999.8955078125
33.6199989318848	9195.435546875
33.6300010681152	9126.6904296875
33.6399993896484	9050.34375
33.6500015258789	8925.1767578125
33.6599998474121	8872.3232421875
33.6699981689453	9151.8623046875
33.6800003051758	9353.93359375
33.689998626709	9415.853515625
33.7000007629395	9483.3642578125
33.7099990844727	9410.3974609375
33.7200012207031	9131.474609375
33.7299995422363	9057.7119140625
33.7400016784668	9028.7685546875
33.75	9013.9775390625
33.7599983215332	9171.4814453125
33.7700004577637	9253.7890625
33.7799987792969	9177.490234375
33.7900009155273	9216.08984375
33.7999992370605	9498.291015625
33.810001373291	9504.8837890625
33.8199996948242	9223.263671875
33.8300018310547	9086.59375
33.8400001525879	9239.875
33.8499984741211	9463.3154296875
33.8600006103516	9546.6259765625
33.8699989318848	9487.6416015625
33.8800010681152	9323.6708984375
33.8899993896484	9180.6171875
33.9000015258789	9282.265625
33.9099998474121	9368.62109375
33.9199981689453	9464.365234375
33.9300003051758	9678.517578125
33.939998626709	9619.775390625
33.9500007629395	9560.744140625
33.9599990844727	9564.7333984375
33.9700012207031	9486.873046875
33.9799995422363	9295.4853515625
33.9900016784668	9214.4052734375
34	9402.279296875
34.0099983215332	9224.1357421875
34.0200004577637	9191.0625
34.0299987792969	9399.7001953125
34.0400009155273	9366.591796875
34.0499992370605	9312.2275390625
34.060001373291	9291.7392578125
34.0699996948242	9399.9912109375
34.0800018310547	9379.4912109375
34.0900001525879	9200.4599609375
34.0999984741211	9219.9560546875
34.1100006103516	9308.4345703125
34.1199989318848	9418.998046875
34.1300010681152	9598.9384765625
34.1399993896484	9584.9248046875
34.1500015258789	9528.662109375
34.1599998474121	9586.478515625
34.1699981689453	9665.4052734375
34.1800003051758	9837.2294921875
34.189998626709	9790.2890625
34.2000007629395	9383.515625
34.2099990844727	9282.0341796875
34.2200012207031	9452.466796875
34.2299995422363	9602.6943359375
34.2400016784668	9721.046875
34.25	9389.6318359375
34.2599983215332	9186.033203125
34.2700004577637	9444.96875
34.2799987792969	9591.8720703125
34.2900009155273	9584.4228515625
34.2999992370605	9546.5302734375
34.310001373291	9669.5693359375
34.3199996948242	9657.541015625
34.3300018310547	9741.9970703125
34.3400001525879	10081.4892578125
34.3499984741211	9945.8095703125
34.3600006103516	9605.98828125
34.3699989318848	9693.2392578125
34.3800010681152	9775.89453125
34.3899993896484	9743.0205078125
34.4000015258789	9722.4677734375
34.4099998474121	9706.951171875
34.4199981689453	9867.3046875
34.4300003051758	10010.2412109375
34.439998626709	9951.8818359375
34.4500007629395	9824.1708984375
34.4599990844727	9821.0849609375
34.4700012207031	9924.30078125
34.4799995422363	10030.2470703125
34.4900016784668	10025.57421875
34.5	9936.177734375
34.5099983215332	9979.83203125
34.5200004577637	9940.1484375
34.5299987792969	9668.84375
34.5400009155273	9895.7080078125
34.5499992370605	10316.576171875
34.560001373291	10266.1005859375
34.5699996948242	9980.8916015625
34.5800018310547	9836.5537109375
34.5900001525879	9941.787109375
34.5999984741211	9991.3017578125
34.6100006103516	9894.94140625
34.6199989318848	9928.609375
34.6300010681152	10178.21484375
34.6399993896484	10192.5986328125
34.6500015258789	9944.572265625
34.6599998474121	9870.1533203125
34.6699981689453	9842.8984375
34.6800003051758	9981.32421875
34.689998626709	10230.966796875
34.7000007629395	10475.2236328125
34.7099990844727	10550.4853515625
34.7200012207031	10567.994140625
34.7299995422363	10393.130859375
34.7400016784668	10191.765625
34.75	10181.1982421875
34.7599983215332	10250.595703125
34.7700004577637	10301.3916015625
34.7799987792969	10605.46484375
34.7900009155273	10635.009765625
34.7999992370605	10618.96484375
34.810001373291	10733.3203125
34.8199996948242	10422.091796875
34.8300018310547	10206.8818359375
34.8400001525879	10413.462890625
34.8499984741211	10293.427734375
34.8600006103516	10156.0244140625
34.8699989318848	10426.521484375
34.8800010681152	10681.728515625
34.8899993896484	10457.64453125
34.9000015258789	10259.3896484375
34.9099998474121	10415.28515625
34.9199981689453	10575.478515625
34.9300003051758	10542.7802734375
34.939998626709	10555.2265625
34.9500007629395	10345.1484375
34.9599990844727	10564.1650390625
34.9700012207031	10906.369140625
34.9799995422363	10918.1640625
34.9900016784668	10774.0166015625
35	10862.9755859375
35.0099983215332	10805.7421875
35.0200004577637	10720.7978515625
35.0299987792969	10799.1220703125
35.0400009155273	10943.2880859375
35.0499992370605	10816.1669921875
35.060001373291	10797.068359375
35.0699996948242	10949.3212890625
35.0800018310547	11308.5322265625
35.0900001525879	11436.228515625
35.0999984741211	11366.7216796875
35.1100006103516	11245.0908203125
35.1199989318848	11323.3427734375
35.1300010681152	11505.2822265625
35.1399993896484	11470.349609375
35.1500015258789	10954.73828125
35.1599998474121	10937.0625
35.1699981689453	11144.68359375
35.1800003051758	11191.6123046875
35.189998626709	11169.3818359375
35.2000007629395	11230.5185546875
35.2099990844727	11348.794921875
35.2200012207031	11517.4443359375
35.2299995422363	11384
35.2400016784668	11276.017578125
35.25	11229.43359375
35.2599983215332	11225.087890625
35.2700004577637	11175.6328125
35.2799987792969	11399.0947265625
35.2900009155273	11252.7158203125
35.2999992370605	11265.140625
35.310001373291	11536.880859375
35.3199996948242	11594.5146484375
35.3300018310547	11718.3515625
35.3400001525879	11585.34765625
35.3499984741211	11600.609375
35.3600006103516	11555.146484375
35.3699989318848	11371.8095703125
35.3800010681152	11168.5224609375
35.3899993896484	11410.87109375
35.4000015258789	11676.193359375
35.4099998474121	11738.2919921875
35.4199981689453	11641.107421875
35.4300003051758	11940.7626953125
35.439998626709	11960.7978515625
35.4500007629395	12062.296875
35.4599990844727	12142.8388671875
35.4700012207031	11817.3193359375
35.4799995422363	11839.6171875
35.4900016784668	11612.3662109375
35.5	11445.3564453125
35.5099983215332	11564.23828125
35.5200004577637	11737.7587890625
35.5299987792969	11931.498046875
35.5400009155273	12077.341796875
35.5499992370605	12050.71875
35.560001373291	11892.509765625
35.5699996948242	11766.8505859375
35.5800018310547	11971.4755859375
35.5900001525879	11992.9814453125
35.5999984741211	11778.1474609375
35.6100006103516	11617.3583984375
35.6199989318848	11771.8251953125
35.6300010681152	12140.623046875
35.6399993896484	12265.4619140625
35.6500015258789	12339.349609375
35.6599998474121	11907.8857421875
35.6699981689453	11900.7978515625
35.6800003051758	12056.375
35.689998626709	12382.0791015625
35.7000007629395	12398.4833984375
35.7099990844727	12337.5078125
35.7200012207031	12604.3994140625
35.7299995422363	12622.6767578125
35.7400016784668	12535.19921875
35.75	12414.5537109375
35.7599983215332	12250.3955078125
35.7700004577637	12148.412109375
35.7799987792969	12579.5087890625
35.7900009155273	12526.8515625
35.7999992370605	12584.6552734375
35.810001373291	12533.8330078125
35.8199996948242	12180.681640625
35.8300018310547	12486.7265625
35.8400001525879	12781.095703125
35.8499984741211	12639.169921875
35.8600006103516	12575.3740234375
35.8699989318848	12627.2978515625
35.8800010681152	12594.3935546875
35.8899993896484	12673.6787109375
35.9000015258789	12113.373046875
35.9099998474121	12097.8671875
35.9199981689453	12703.4306640625
35.9300003051758	12694.04296875
35.939998626709	12152.822265625
35.9500007629395	12327.3935546875
35.9599990844727	12638.4423828125
35.9700012207031	12731.3564453125
35.9799995422363	12531.6474609375
35.9900016784668	12468.30078125
36	12817.244140625
36.0099983215332	12901.3310546875
36.0200004577637	13100.4560546875
36.0299987792969	13039.0576171875
36.0400009155273	12782.15625
36.0499992370605	13175.5498046875
36.060001373291	13246.794921875
36.0699996948242	13219.1376953125
36.0800018310547	13046.81640625
36.0900001525879	13034.7412109375
36.0999984741211	12768.35546875
36.1100006103516	12799.38671875
36.1199989318848	13064.4375
36.1300010681152	13272.9169921875
36.1399993896484	13582.5263671875
36.1500015258789	13441.3818359375
36.1599998474121	13295.2333984375
36.1699981689453	13315.99609375
36.1800003051758	13566.7724609375
36.189998626709	13809.3759765625
36.2000007629395	13426.890625
36.2099990844727	13335.7001953125
36.2200012207031	13363.6181640625
36.2299995422363	13265.97265625
36.2400016784668	13235.447265625
36.25	13299.6181640625
36.2599983215332	13367.658203125
36.2700004577637	13358.0908203125
36.2799987792969	13477.888671875
36.2900009155273	13504.5576171875
36.2999992370605	13580.869140625
36.310001373291	13678.1650390625
36.3199996948242	13755.2314453125
36.3300018310547	13495.6796875
36.3400001525879	13756.5615234375
36.3499984741211	13879.9404296875
36.3600006103516	13678.1845703125
36.3699989318848	13569.5830078125
36.3800010681152	13443.4716796875
36.3899993896484	13834.2529296875
36.4000015258789	13704.4921875
36.4099998474121	13435.14453125
36.4199981689453	13318.54296875
36.4300003051758	13388.9072265625
36.439998626709	13518.0107421875
36.4500007629395	13859.1865234375
36.4599990844727	14072.6142578125
36.4700012207031	13629.865234375
36.4799995422363	13659.5380859375
36.4900016784668	13690.515625
36.5	13834.513671875
36.5099983215332	13854.5205078125
36.5200004577637	13959.9345703125
36.5299987792969	14081.50390625
36.5400009155273	13781.1494140625
36.5499992370605	13664.3701171875
36.560001373291	13980.6484375
36.5699996948242	13726.765625
36.5800018310547	13967.0126953125
36.5900001525879	14040.021484375
36.5999984741211	14079.0654296875
36.6100006103516	13691.96484375
36.6199989318848	13976.0732421875
36.6300010681152	13903.4697265625
36.6399993896484	13799.654296875
36.6500015258789	14192.3818359375
36.6599998474121	14424.8447265625
36.6699981689453	14253.0751953125
36.6800003051758	13884.548828125
36.689998626709	13831.525390625
36.7000007629395	14352.1708984375
36.7099990844727	14484.1904296875
36.7200012207031	14362.005859375
36.7299995422363	14402.541015625
36.7400016784668	14502.3984375
36.75	14609.3154296875
36.7599983215332	14722.640625
36.7700004577637	14444.14453125
36.7799987792969	14640.9931640625
36.7900009155273	14280.025390625
36.7999992370605	14392.5927734375
36.810001373291	14251.9921875
36.8199996948242	13627.755859375
36.8300018310547	14154.923828125
36.8400001525879	14447.095703125
36.8499984741211	14512.984375
36.8600006103516	14639.4111328125
36.8699989318848	14592.984375
36.8800010681152	14398.0625
36.8899993896484	14920.7744140625
36.9000015258789	15095.1669921875
36.9099998474121	14557.0322265625
36.9199981689453	14168.19140625
36.9300003051758	14123.111328125
36.939998626709	14487.93359375
36.9500007629395	14521.6591796875
36.9599990844727	14267.494140625
36.9700012207031	14089.921875
36.9799995422363	14256.091796875
36.9900016784668	14075.283203125
37	14842.1279296875
37.0099983215332	14923.8623046875
37.0200004577637	14474.65234375
37.0299987792969	14687.3291015625
37.0400009155273	14486.2294921875
37.0499992370605	14176.685546875
37.060001373291	14350.77734375
37.0699996948242	14739.6513671875
37.0800018310547	14695.5419921875
37.0900001525879	14475.33984375
37.0999984741211	14193.34375
37.1100006103516	13964.9560546875
37.1199989318848	14370.6708984375
37.1300010681152	14446.4306640625
37.1399993896484	14532.490234375
37.1500015258789	14527.31640625
37.1599998474121	14719.0107421875
37.1699981689453	14445.3017578125
37.1800003051758	14680.810546875
37.189998626709	14452.900390625
37.2000007629395	14518.771484375
37.2099990844727	14560.5625
37.2200012207031	14428.125
37.2299995422363	14701.3896484375
37.2400016784668	14539.8916015625
37.25	14921.0615234375
37.2599983215332	14591.7470703125
37.2700004577637	14842.7392578125
37.2799987792969	15120.630859375
37.2900009155273	14975.23828125
37.2999992370605	14705.5302734375
37.310001373291	14612.10546875
37.3199996948242	14748.1083984375
37.3300018310547	14675.7939453125
37.3400001525879	14703.8505859375
37.3499984741211	14516.0380859375
37.3600006103516	14867.8095703125
37.3699989318848	14508.7880859375
37.3800010681152	14533.3330078125
37.3899993896484	14532.8203125
37.4000015258789	14506.1845703125
37.4099998474121	14936.2060546875
37.4199981689453	14506.93359375
37.4300003051758	14385.45703125
37.439998626709	14598.9501953125
37.4500007629395	14473.4248046875
37.4599990844727	14247.6650390625
37.4700012207031	13833.68359375
37.4799995422363	13918.654296875
37.4900016784668	14624.82421875
37.5	14499.9912109375
37.5099983215332	13776.00390625
37.5200004577637	14099.095703125
37.5299987792969	14448.5380859375
37.5400009155273	14151.671875
37.5499992370605	14067.2470703125
37.560001373291	14256.73046875
37.5699996948242	14753.4541015625
37.5800018310547	14313.3515625
37.5900001525879	14135.5283203125
37.5999984741211	14971.4853515625
37.6100006103516	14474.587890625
37.6199989318848	13925.865234375
37.6300010681152	14219.4140625
37.6399993896484	14208.658203125
37.6500015258789	14257.2880859375
37.6599998474121	14592.384765625
37.6699981689453	14543.0478515625
37.6800003051758	14159.8193359375
37.689998626709	14239.2412109375
37.7000007629395	14265.970703125
37.7099990844727	14606.43359375
37.7200012207031	14592.4326171875
37.7299995422363	14285.1376953125
37.7400016784668	14411.9345703125
37.75	14143.189453125
37.7599983215332	14069.078125
37.7700004577637	14299.255859375
37.7799987792969	13859.841796875
37.7900009155273	13897.6474609375
37.7999992370605	14099.642578125
37.810001373291	14483.119140625
37.8199996948242	14046.1298828125
37.8300018310547	14478.212890625
37.8400001525879	14468.2421875
37.8499984741211	14117.8330078125
37.8600006103516	14163.33203125
37.8699989318848	14261.5263671875
37.8800010681152	13966.7138671875
37.8899993896484	13831.7705078125
37.9000015258789	14171.30078125
37.9099998474121	14396
37.9199981689453	14494.6552734375
37.9300003051758	14539.1796875
37.939998626709	13931.3564453125
37.9500007629395	13555.7080078125
37.9599990844727	13751.775390625
37.9700012207031	14171.748046875
37.9799995422363	13787.736328125
37.9900016784668	13354.4453125
38	13821.359375
38.0099983215332	13974.4951171875
38.0200004577637	13790.0166015625
38.0299987792969	13836.76953125
38.0400009155273	13918.7646484375
38.0499992370605	13663.2578125
38.060001373291	13572.4853515625
38.0699996948242	13866.0078125
38.0800018310547	13715.3955078125
38.0900001525879	13707.65234375
38.0999984741211	13479.1005859375
38.1100006103516	13450.7041015625
38.1199989318848	13571.8916015625
38.1300010681152	13963.673828125
38.1399993896484	13886.0693359375
38.1500015258789	13639.896484375
38.1599998474121	13344.0546875
38.1699981689453	13513.2568359375
38.1800003051758	13540.8828125
38.189998626709	13601.9736328125
38.2000007629395	13563.171875
38.2099990844727	13190.072265625
38.2200012207031	13570.232421875
38.2299995422363	13946.34765625
38.2400016784668	13302.5283203125
38.25	13561.1494140625
38.2599983215332	13771.5478515625
38.2700004577637	13277.806640625
38.2799987792969	13469.486328125
38.2900009155273	13544.546875
38.2999992370605	13453.62890625
38.310001373291	13145.595703125
38.3199996948242	12908.7919921875
38.3300018310547	13422.005859375
38.3400001525879	13668.4921875
38.3499984741211	13500.400390625
38.3600006103516	13386.859375
38.3699989318848	13595.0107421875
38.3800010681152	13720.1904296875
38.3899993896484	13901.4873046875
38.4000015258789	13516.2158203125
38.4099998474121	13465.6220703125
38.4199981689453	13495.775390625
38.4300003051758	13565.3916015625
38.439998626709	13502.455078125
38.4500007629395	13346.8037109375
38.4599990844727	13607.0419921875
38.4700012207031	13498.369140625
38.4799995422363	13374.0703125
38.4900016784668	13207.1767578125
38.5	12888.6806640625
38.5099983215332	13071.2783203125
38.5200004577637	13394.896484375
38.5299987792969	13320.0693359375
38.5400009155273	13464.2548828125
38.5499992370605	13712.705078125
38.560001373291	13678.8095703125
38.5699996948242	13488.9736328125
38.5800018310547	13351.8857421875
38.5900001525879	13411.2705078125
38.5999984741211	13474.517578125
38.6100006103516	13271.4521484375
38.6199989318848	12979.48046875
38.6300010681152	13193.822265625
38.6399993896484	12925.361328125
38.6500015258789	12964.9150390625
38.6599998474121	12661.0322265625
38.6699981689453	12600
38.6800003051758	12781.5859375
38.689998626709	12495.9140625
38.7000007629395	12767.4931640625
38.7099990844727	12881.986328125
38.7200012207031	13030.451171875
38.7299995422363	12677.291015625
38.7400016784668	12627.6669921875
38.75	13068.388671875
38.7599983215332	12834.2939453125
38.7700004577637	12904.33203125
38.7799987792969	13118.8798828125
38.7900009155273	13192.6376953125
38.7999992370605	13282.1962890625
38.810001373291	13094.84375
38.8199996948242	13179.720703125
38.8300018310547	13140.1708984375
38.8400001525879	12907.23828125
38.8499984741211	12742.8369140625
38.8600006103516	12913.3662109375
38.8699989318848	13100.537109375
38.8800010681152	12775.029296875
38.8899993896484	12522.93359375
38.9000015258789	12826.98046875
38.9099998474121	12746.8837890625
38.9199981689453	12997.1181640625
38.9300003051758	13194.0576171875
38.939998626709	13117.9013671875
38.9500007629395	12998.111328125
38.9599990844727	12981.671875
38.9700012207031	12603.6943359375
38.9799995422363	12288.9091796875
38.9900016784668	12565.2392578125
39	12596.9833984375
39.0099983215332	12563.4853515625
39.0200004577637	12399.8173828125
39.0299987792969	12622.083984375
39.0400009155273	12731.1630859375
39.0499992370605	12833.6689453125
39.060001373291	12786.16796875
39.0699996948242	12583.2822265625
39.0800018310547	12193.337890625
39.0900001525879	12367.6201171875
39.0999984741211	12832.642578125
39.1100006103516	12635.921875
39.1199989318848	12498.046875
39.1300010681152	12606.5126953125
39.1399993896484	12369.83984375
39.1500015258789	11891.0830078125
39.1599998474121	11839.5
39.1699981689453	12148.0869140625
39.1800003051758	12278.3291015625
39.189998626709	12240.3310546875
39.2000007629395	12276.2470703125
39.2099990844727	12483.5126953125
39.2200012207031	12356.5341796875
39.2299995422363	12127.9326171875
39.2400016784668	12367.6455078125
39.25	12540.89453125
39.2599983215332	12072.1572265625
39.2700004577637	12176.150390625
39.2799987792969	12302.55859375
39.2900009155273	12247.291015625
39.2999992370605	12350.91796875
39.310001373291	11951.720703125
39.3199996948242	12090.662109375
39.3300018310547	12033.021484375
39.3400001525879	12027.09765625
39.3499984741211	12060.3896484375
39.3600006103516	12041.74609375
39.3699989318848	12076.8671875
39.3800010681152	12097.875
39.3899993896484	12248.7353515625
39.4000015258789	12139.1552734375
39.4099998474121	11904.24609375
39.4199981689453	12063.587890625
39.4300003051758	12166.28125
39.439998626709	11831.0126953125
39.4500007629395	11775.7822265625
39.4599990844727	11775.5166015625
39.4700012207031	12023.2822265625
39.4799995422363	12238.646484375
39.4900016784668	12210.2763671875
39.5	12013.171875
39.5099983215332	12040.994140625
39.5200004577637	11832.7841796875
39.5299987792969	12031.8037109375
39.5400009155273	12008.9267578125
39.5499992370605	12042.65234375
39.560001373291	12315.4755859375
39.5699996948242	12150.2900390625
39.5800018310547	12253.6650390625
39.5900001525879	12183.8505859375
39.5999984741211	11743.0205078125
39.6100006103516	11681.0302734375
39.6199989318848	11716.6669921875
39.6300010681152	12037.205078125
39.6399993896484	11929.6650390625
39.6500015258789	11673.6494140625
39.6599998474121	11826.7587890625
39.6699981689453	11710.427734375
39.6800003051758	11595.591796875
39.689998626709	11888.62109375
39.7000007629395	11840.8642578125
39.7099990844727	12041.5830078125
39.7200012207031	12024.0478515625
39.7299995422363	11686.9384765625
39.7400016784668	11834.2431640625
39.75	11473.9013671875
39.7599983215332	11753.4716796875
39.7700004577637	11949.3134765625
39.7799987792969	11820.41796875
39.7900009155273	11668.6962890625
39.7999992370605	11797.5654296875
39.810001373291	11880.7412109375
39.8199996948242	11831.7578125
39.8300018310547	11653.896484375
39.8400001525879	11703.224609375
39.8499984741211	11661.4609375
39.8600006103516	11565.478515625
39.8699989318848	11575.7275390625
39.8800010681152	11569.001953125
39.8899993896484	11501.779296875
39.9000015258789	11452.4208984375
39.9099998474121	11430.3984375
39.9199981689453	11481.232421875
39.9300003051758	11755.283203125
39.939998626709	11611.7158203125
39.9500007629395	11572.791015625
39.9599990844727	11672.470703125
39.9700012207031	11599.74609375
39.9799995422363	11505.5283203125
39.9900016784668	11494.4296875
40	11500
40.0099983215332	11571.849609375
40.0200004577637	11591.7841796875
40.0299987792969	11500.75
40.0400009155273	11617.685546875
40.0499992370605	11579.3466796875
40.060001373291	11516.6669921875
40.0699996948242	11456.5751953125
40.0800018310547	11495.87890625
40.0900001525879	11380.96875
40.0999984741211	11381.4638671875
40.1100006103516	11311.173828125
40.1199989318848	11369.0126953125
40.1300010681152	11400.939453125
40.1399993896484	11421.0517578125
40.1500015258789	11597.623046875
40.1599998474121	11575.990234375
40.1699981689453	11307.7607421875
40.1800003051758	11362.7373046875
40.189998626709	11618.3935546875
40.2000007629395	11575.21484375
40.2099990844727	11526.5703125
40.2200012207031	11377.2568359375
40.2299995422363	11373.3134765625
40.2400016784668	11425
40.25	11361.73828125
40.2599983215332	11240.8203125
40.2700004577637	11139.16015625
40.2799987792969	11207.89453125
40.2900009155273	11329.4208984375
40.2999992370605	11131.8134765625
40.310001373291	11283.3369140625
40.3199996948242	11619.466796875
40.3300018310547	11612.9208984375
40.3400001525879	11669.0654296875
40.3499984741211	11772.6640625
40.3600006103516	11693.7080078125
40.3699989318848	11520.1396484375
40.3800010681152	11496.2119140625
40.3899993896484	11622.3583984375
40.4000015258789	11744.6962890625
40.4099998474121	11665.9619140625
40.4199981689453	11662.962890625
40.4300003051758	11642.265625
40.439998626709	11341.34765625
40.4500007629395	10982.677734375
40.4599990844727	10898.73828125
40.4700012207031	11121.5654296875
40.4799995422363	11431.068359375
40.4900016784668	11730.6904296875
40.5	11519.4248046875
40.5099983215332	11270.0107421875
40.5200004577637	11319.8291015625
40.5299987792969	11366.6669921875
40.5400009155273	11456.0703125
40.5499992370605	11467.1025390625
40.560001373291	11369.03515625
40.5699996948242	11492.80859375
40.5800018310547	11706.8359375
40.5900001525879	11553.8388671875
40.5999984741211	11297.0107421875
40.6100006103516	11357.1337890625
40.6199989318848	11366.9814453125
40.6300010681152	11128.03125
40.6399993896484	11316.0703125
40.6500015258789	11376.69140625
40.6599998474121	11050.134765625
40.6699981689453	11035.2802734375
40.6800003051758	11041.7333984375
40.689998626709	11167.42578125
40.7000007629395	11255.5302734375
40.7099990844727	11058.599609375
40.7200012207031	11075.4931640625
40.7299995422363	11351.458984375
40.7400016784668	11264.4287109375
40.75	11304.18359375
40.7599983215332	11482.0234375
40.7700004577637	11485.81640625
40.7799987792969	11272.1513671875
40.7900009155273	11333.19140625
40.7999992370605	11476.5166015625
40.810001373291	11481.765625
40.8199996948242	11570.1416015625
40.8300018310547	11396.3779296875
40.8400001525879	11170.1123046875
40.8499984741211	11189.0751953125
40.8600006103516	11427.99609375
40.8699989318848	11463.095703125
40.8800010681152	11445.1083984375
40.8899993896484	11683.2822265625
40.9000015258789	11645.84765625
40.9099998474121	11394.5830078125
40.9199981689453	11482.1103515625
40.9300003051758	11383.1708984375
40.939998626709	11192.4384765625
40.9500007629395	11304.47265625
40.9599990844727	11423.390625
40.9700012207031	11355.04296875
40.9799995422363	11374.2529296875
40.9900016784668	11314.29296875
41	11236.5771484375
41.0099983215332	11772.3671875
41.0200004577637	11802.12109375
41.0299987792969	11364.6669921875
41.0400009155273	11430.1865234375
41.0499992370605	11647.130859375
41.060001373291	11552.2431640625
41.0699996948242	11470.7109375
41.0800018310547	11431.9208984375
41.0900001525879	11205.2958984375
41.0999984741211	11263.2763671875
41.1100006103516	11626.4189453125
41.1199989318848	11694.7529296875
41.1300010681152	11447.8427734375
41.1399993896484	11199.267578125
41.1500015258789	11273.8603515625
41.1599998474121	11688.3505859375
41.1699981689453	11765.5498046875
41.1800003051758	11383.78125
41.189998626709	11270.0634765625
41.2000007629395	11640.8046875
41.2099990844727	11643.599609375
41.2200012207031	11194.9892578125
41.2299995422363	11293.896484375
41.2400016784668	11579.0869140625
41.25	11418.2490234375
41.2599983215332	11448.4013671875
41.2700004577637	11608.134765625
41.2799987792969	11637.9345703125
41.2900009155273	11523.8837890625
41.2999992370605	11065.2783203125
41.310001373291	10795.8974609375
41.3199996948242	10991.630859375
41.3300018310547	11224.82421875
41.3400001525879	11490.6552734375
41.3499984741211	11704.0732421875
41.3600006103516	11514.51953125
41.3699989318848	11283.640625
41.3800010681152	11471.8095703125
41.3899993896484	11695.76171875
41.4000015258789	11704.0849609375
41.4099998474121	11557.552734375
41.4199981689453	11395.9345703125
41.4300003051758	11298.3994140625
41.439998626709	11341.5771484375
41.4500007629395	11431.1416015625
41.4599990844727	11527.6669921875
41.4700012207031	11675.91015625
41.4799995422363	11517.8359375
41.4900016784668	11359.0205078125
41.5	11345.6513671875
41.5099983215332	11334.1005859375
41.5200004577637	11403.8955078125
41.5299987792969	11393.2158203125
41.5400009155273	11353.8994140625
41.5499992370605	11461.341796875
41.560001373291	11459.783203125
41.5699996948242	11499.8896484375
41.5800018310547	11610.1455078125
41.5900001525879	11622.734375
41.5999984741211	11331.3603515625
41.6100006103516	11308.474609375
41.6199989318848	11489.71484375
41.6300010681152	11263.9375
41.6399993896484	11402.521484375
41.6500015258789	11612.3076171875
41.6599998474121	11317.32421875
41.6699981689453	11025.7021484375
41.6800003051758	11134.6435546875
41.689998626709	11301.5703125
41.7000007629395	11420.408203125
41.7099990844727	11691.1435546875
41.7200012207031	11729.724609375
41.7299995422363	11401.8662109375
41.7400016784668	11151.7548828125
41.75	11112.6591796875
41.7599983215332	11278.2578125
41.7700004577637	11438.18359375
41.7799987792969	11520.373046875
41.7900009155273	11421.4853515625
41.7999992370605	11405.966796875
41.810001373291	11572.0634765625
41.8199996948242	11566.9931640625
41.8300018310547	11492.08203125
41.8400001525879	11431.76171875
41.8499984741211	11259.1806640625
41.8600006103516	11128.34375
41.8699989318848	11215.5693359375
41.8800010681152	11239.43359375
41.8899993896484	11330.3046875
41.9000015258789	11428.5888671875
41.9099998474121	11515.6494140625
41.9199981689453	11557.185546875
41.9300003051758	11544.9736328125
41.939998626709	11483.1689453125
41.9500007629395	11176.91796875
41.9599990844727	11232.578125
41.9700012207031	11585.0634765625
41.9799995422363	11481.00390625
41.9900016784668	11121.0048828125
42	11020.833984375
42.0099983215332	10939.140625
42.0200004577637	11099.30078125
42.0299987792969	11244.109375
42.0400009155273	11265.3720703125
42.0499992370605	11154.171875
42.060001373291	11314.72265625
42.0699996948242	11311.4541015625
42.0800018310547	11303.900390625
42.0900001525879	11434.8603515625
42.0999984741211	11068.6640625
42.1100006103516	10698.89453125
42.1199989318848	11125.8720703125
42.1300010681152	11530.90625
42.1399993896484	11695.12890625
42.1500015258789	11484.14453125
42.1599998474121	11161.69140625
42.1699981689453	11279.8583984375
42.1800003051758	11321.9404296875
42.189998626709	11198.681640625
42.2000007629395	11308.068359375
42.2099990844727	11565.138671875
42.2200012207031	11435.2841796875
42.2299995422363	11235.4580078125
42.2400016784668	11147.8671875
42.25	11011.439453125
42.2599983215332	11073.99609375
42.2700004577637	11372.921875
42.2799987792969	11297.91015625
42.2900009155273	11061.609375
42.2999992370605	11120.53125
42.310001373291	10950.0234375
42.3199996948242	10791.0498046875
42.3300018310547	11023.326171875
42.3400001525879	11379.3916015625
42.3499984741211	11756.748046875
42.3600006103516	11765.13671875
42.3699989318848	11436.990234375
42.3800010681152	11140.6201171875
42.3899993896484	11126.1796875
42.4000015258789	11083.171875
42.4099998474121	10973.3310546875
42.4199981689453	10827.7529296875
42.4300003051758	11192.009765625
42.439998626709	11427.2666015625
42.4500007629395	11228.009765625
42.4599990844727	11166.4287109375
42.4700012207031	11312.84765625
42.4799995422363	11261.380859375
42.4900016784668	11277.771484375
42.5	11315.732421875
42.5099983215332	11199.6669921875
42.5200004577637	11336.0888671875
42.5299987792969	11364.69921875
42.5400009155273	11217.18359375
42.5499992370605	11320.181640625
42.560001373291	11300.3291015625
42.5699996948242	11263.26171875
42.5800018310547	11327.4658203125
42.5900001525879	11255.2568359375
42.5999984741211	11115.43359375
42.6100006103516	11049.234375
42.6199989318848	10981.9150390625
42.6300010681152	11017.6943359375
42.6399993896484	11211.2099609375
42.6500015258789	11294.09375
42.6599998474121	11261.59765625
42.6699981689453	10962.248046875
42.6800003051758	10987.5322265625
42.689998626709	11098.728515625
42.7000007629395	11634.619140625
42.7099990844727	11583.53515625
42.7200012207031	11063.0703125
42.7299995422363	10880.5849609375
42.7400016784668	10980.7255859375
42.75	11197.1650390625
42.7599983215332	11211.419921875
42.7700004577637	11017.2138671875
42.7799987792969	10762.525390625
42.7900009155273	10549.501953125
42.7999992370605	10731.1982421875
42.810001373291	10980.2548828125
42.8199996948242	11073.33203125
42.8300018310547	11202.935546875
42.8400001525879	11140.5634765625
42.8499984741211	10974.3662109375
42.8600006103516	10876.7099609375
42.8699989318848	10872.1142578125
42.8800010681152	10847.76171875
42.8899993896484	11059.1416015625
42.9000015258789	10974.9580078125
42.9099998474121	10945.40234375
42.9199981689453	11127.1279296875
42.9300003051758	11123.9404296875
42.939998626709	11009.5400390625
42.9500007629395	10966.130859375
42.9599990844727	11219.6103515625
42.9700012207031	11251.6923828125
42.9799995422363	10877.7333984375
42.9900016784668	10699.1396484375
43	10745.92578125
43.0099983215332	10669.5185546875
43.0200004577637	10861.9921875
43.0299987792969	11110.5771484375
43.0400009155273	10854.7509765625
43.0499992370605	10658.8857421875
43.060001373291	11068.728515625
43.0699996948242	11103.8759765625
43.0800018310547	10723.7890625
43.0900001525879	10737.5400390625
43.0999984741211	10988.708984375
43.1100006103516	10948.94921875
43.1199989318848	10596.169921875
43.1300010681152	10372.931640625
43.1399993896484	10584.4296875
43.1500015258789	10535.423828125
43.1599998474121	10369.7509765625
43.1699981689453	10281.173828125
43.1800003051758	10567.9443359375
43.189998626709	10577.9013671875
43.2000007629395	10973.8544921875
43.2099990844727	11215.0009765625
43.2200012207031	11062.279296875
43.2299995422363	10968.7197265625
43.2400016784668	10989.685546875
43.25	11400.8134765625
43.2599983215332	11519.6123046875
43.2700004577637	11087.6025390625
43.2799987792969	10679.7138671875
43.2900009155273	10481.1865234375
43.2999992370605	10655.5361328125
43.310001373291	10474.6650390625
43.3199996948242	10740.9921875
43.3300018310547	11021.62109375
43.3400001525879	10826.17578125
43.3499984741211	10892.7705078125
43.3600006103516	10857.6005859375
43.3699989318848	10684.4873046875
43.3800010681152	10948.7392578125
43.3899993896484	11172.5556640625
43.4000015258789	10983.6533203125
43.4099998474121	10916.5107421875
43.4199981689453	11049.701171875
43.4300003051758	11009.9560546875
43.439998626709	10908.8828125
43.4500007629395	10716.0927734375
43.4599990844727	10667.1328125
43.4700012207031	10779.7041015625
43.4799995422363	10807.498046875
43.4900016784668	10497.5712890625
43.5	10341.7021484375
43.5099983215332	10555.8466796875
43.5200004577637	10931.564453125
43.5299987792969	10816.4755859375
43.5400009155273	10883.0703125
43.5499992370605	10870.0458984375
43.560001373291	10611.9892578125
43.5699996948242	10380.240234375
43.5800018310547	10373.44921875
43.5900001525879	10670.2216796875
43.5999984741211	10551.9970703125
43.6100006103516	10659.7236328125
43.6199989318848	10949.6875
43.6300010681152	10764.826171875
43.6399993896484	10451.94140625
43.6500015258789	10302.1943359375
43.6599998474121	10505.8310546875
43.6699981689453	10389.56640625
43.6800003051758	10007.1474609375
43.689998626709	10236.501953125
43.7000007629395	10309.34765625
43.7099990844727	10466.7861328125
43.7200012207031	10640.4716796875
43.7299995422363	10622.0458984375
43.7400016784668	10202.0615234375
43.75	10331.9072265625
43.7599983215332	10537.92578125
43.7700004577637	10553.447265625
43.7799987792969	10753.5908203125
43.7900009155273	10376.0185546875
43.7999992370605	10397.3203125
43.810001373291	10570.2890625
43.8199996948242	10581.53125
43.8300018310547	10575
43.8400001525879	10601.7734375
43.8499984741211	10659.1494140625
43.8600006103516	10483.5908203125
43.8699989318848	10405.7353515625
43.8800010681152	10451.333984375
43.8899993896484	10423.2587890625
43.9000015258789	10395.8779296875
43.9099998474121	10356.310546875
43.9199981689453	10482.609375
43.9300003051758	10386.74609375
43.939998626709	10360.9580078125
43.9500007629395	10186.37890625
43.9599990844727	10118.48046875
43.9700012207031	10243.4794921875
43.9799995422363	10418.4091796875
43.9900016784668	10303.2451171875
44	10369.744140625
44.0099983215332	10418.9033203125
44.0200004577637	10291.6669921875
44.0299987792969	10309.4794921875
44.0400009155273	10421.9892578125
44.0499992370605	10503.2333984375
44.060001373291	10133.2060546875
44.0699996948242	10020.19140625
44.0800018310547	10159.00390625
44.0900001525879	10227.0634765625
44.0999984741211	10195.3232421875
44.1100006103516	10199.8037109375
44.1199989318848	10308.3330078125
44.1300010681152	10188.7587890625
44.1399993896484	9705.58984375
44.1500015258789	9972.751953125
44.1599998474121	10249.1162109375
44.1699981689453	10313.3740234375
44.1800003051758	10103.86328125
44.189998626709	10015.18359375
44.2000007629395	9722.09375
44.2099990844727	9855.751953125
44.2200012207031	10045.130859375
44.2299995422363	10249.6494140625
44.2400016784668	10175.2421875
44.25	10016.6669921875
44.2599983215332	10002.4501953125
44.2700004577637	9941.8125
44.2799987792969	9935.5751953125
44.2900009155273	9709.7734375
44.2999992370605	9776.3720703125
44.310001373291	9826.671875
44.3199996948242	9629.1123046875
44.3300018310547	9679.9677734375
44.3400001525879	9792.7236328125
44.3499984741211	9685.568359375
44.3600006103516	10159.1875
44.3699989318848	9825.126953125
44.3800010681152	9723.9091796875
44.3899993896484	10093.0625
44.4000015258789	9965.36328125
44.4099998474121	9957.0390625
44.4199981689453	9947.427734375
44.4300003051758	9933.3330078125
44.439998626709	9866.06640625
44.4500007629395	9491.6669921875
44.4599990844727	9502.9375
44.4700012207031	9570.3984375
44.4799995422363	9587.9599609375
44.4900016784668	9532.306640625
44.5	9379.646484375
44.5099983215332	9705.677734375
44.5200004577637	10066.990234375
44.5299987792969	10229.6640625
44.5400009155273	9944.328125
44.5499992370605	9584.2255859375
44.560001373291	9697.2607421875
44.5699996948242	9452.845703125
44.5800018310547	9658.4052734375
44.5900001525879	9868.9541015625
44.5999984741211	9799.326171875
44.6100006103516	9304.9814453125
44.6199989318848	9544.4072265625
44.6300010681152	9522.7666015625
44.6399993896484	9611.1572265625
44.6500015258789	9591.4052734375
44.6599998474121	9715.1953125
44.6699981689453	9781.1220703125
44.6800003051758	9540.59765625
44.689998626709	9512.1220703125
44.7000007629395	9392.9736328125
44.7099990844727	9592.748046875
44.7200012207031	9683.521484375
44.7299995422363	9466.4404296875
44.7400016784668	9555.8125
44.75	9355.2998046875
44.7599983215332	9306.2578125
44.7700004577637	9113.306640625
44.7799987792969	9213.1279296875
44.7900009155273	9626.6005859375
44.7999992370605	9197.08984375
44.810001373291	9178.8466796875
44.8199996948242	9150.166015625
44.8300018310547	8747.2685546875
44.8400001525879	9120.4150390625
44.8499984741211	9231.7529296875
44.8600006103516	9851.103515625
44.8699989318848	9532.3427734375
44.8800010681152	9090.703125
44.8899993896484	9460.8544921875
44.9000015258789	9742.345703125
44.9099998474121	9566.9697265625
44.9199981689453	9187.0205078125
44.9300003051758	8972.205078125
44.939998626709	9282.662109375
44.9500007629395	9068.50390625
44.9599990844727	9184.357421875
44.9700012207031	9425.8115234375
44.9799995422363	9509.9794921875
44.9900016784668	9502.1748046875
45	9263.41796875
45.0099983215332	9056.73046875
45.0200004577637	9533.927734375
45.0299987792969	8957.498046875
45.0400009155273	8712.982421875
45.0499992370605	8819.6748046875
45.060001373291	9398.4453125
45.0699996948242	9109.3115234375
45.0800018310547	8873.3505859375
45.0900001525879	8957.828125
45.0999984741211	9140.2587890625
45.1100006103516	9307.904296875
45.1199989318848	9385.271484375
45.1300010681152	9323.6923828125
45.1399993896484	9395.1376953125
45.1500015258789	9332.0546875
45.1599998474121	9206
45.1699981689453	8993.6787109375
45.1800003051758	9013.353515625
45.189998626709	8980.8916015625
45.2000007629395	9042.88671875
45.2099990844727	8974.9404296875
45.2200012207031	9155.4453125
45.2299995422363	8924.763671875
45.2400016784668	9023.1552734375
45.25	9009.1044921875
45.2599983215332	9108.2265625
45.2700004577637	8887.5283203125
45.2799987792969	8846.748046875
45.2900009155273	9042.259765625
45.2999992370605	9261.3818359375
45.310001373291	9085.0712890625
45.3199996948242	9218.3798828125
45.3300018310547	9114.125
45.3400001525879	8957.7978515625
45.3499984741211	8939.439453125
45.3600006103516	8796.857421875
45.3699989318848	8990.2666015625
45.3800010681152	8850.7470703125
45.3899993896484	8973.7890625
45.4000015258789	8696.5546875
45.4099998474121	8780.2900390625
45.4199981689453	8852.9462890625
45.4300003051758	8636.6328125
45.439998626709	8827.84375
45.4500007629395	8749.5224609375
45.4599990844727	9017.8671875
45.4700012207031	8739.49609375
45.4799995422363	8697.4423828125
45.4900016784668	8662.974609375
45.5	8905.4580078125
45.5099983215332	8835.0888671875
45.5200004577637	8553.1279296875
45.5299987792969	8788.3701171875
45.5400009155273	8879.515625
45.5499992370605	8625.3720703125
45.560001373291	8644.625
45.5699996948242	8887.388671875
45.5800018310547	8789.9228515625
45.5900001525879	8753.0693359375
45.5999984741211	8809.998046875
45.6100006103516	8459.119140625
45.6199989318848	8683.015625
45.6300010681152	8672.20703125
45.6399993896484	8596.671875
45.6500015258789	8514.2314453125
45.6599998474121	8685.0537109375
45.6699981689453	8954.9248046875
45.6800003051758	8618.841796875
45.689998626709	8674.3486328125
45.7000007629395	8405.90234375
45.7099990844727	8592.662109375
45.7200012207031	8623.5517578125
45.7299995422363	8572.4287109375
45.7400016784668	8486.951171875
45.75	8616.6669921875
45.7599983215332	8614.9794921875
45.7700004577637	8557.318359375
45.7799987792969	8851.7607421875
45.7900009155273	8915.2197265625
45.7999992370605	8492.5693359375
45.810001373291	8536.7919921875
45.8199996948242	8701.8193359375
45.8300018310547	8785.0390625
45.8400001525879	8439.5634765625
45.8499984741211	8327.99609375
45.8600006103516	8502.703125
45.8699989318848	8662.455078125
45.8800010681152	8392.8671875
45.8899993896484	8475.1123046875
45.9000015258789	8482.283203125
45.9099998474121	8400.3896484375
45.9199981689453	8435.3134765625
45.9300003051758	8616.501953125
45.939998626709	8597.1484375
45.9500007629395	8285.7646484375
45.9599990844727	8582.4326171875
45.9700012207031	8458.228515625
45.9799995422363	8439.6357421875
45.9900016784668	8066.85498046875
46	8107.9404296875
46.0099983215332	7999.54443359375
46.0200004577637	7833.68603515625
46.0299987792969	8025.4501953125
46.0400009155273	8499.9775390625
46.0499992370605	8108.65966796875
46.060001373291	8224.798828125
46.0699996948242	8299.8037109375
46.0800018310547	8150.52490234375
46.0900001525879	8025.54833984375
46.0999984741211	8555.5205078125
46.1100006103516	8351.283203125
46.1199989318848	8507.2177734375
46.1300010681152	8533.134765625
46.1399993896484	8442.474609375
46.1500015258789	7963.01953125
46.1599998474121	8288.140625
46.1699981689453	8382.283203125
46.1800003051758	8333.9501953125
46.189998626709	8135.97705078125
46.2000007629395	8116.9013671875
46.2099990844727	8395.7578125
46.2200012207031	8432.8046875
46.2299995422363	8367.7822265625
46.2400016784668	8350.29296875
46.25	8350
46.2599983215332	8358.171875
46.2700004577637	8064.40087890625
46.2799987792969	8180.6962890625
46.2900009155273	7987.72705078125
46.2999992370605	7893.76025390625
46.310001373291	8192.689453125
46.3199996948242	8061.8154296875
46.3300018310547	7928.39306640625
46.3400001525879	8395.6142578125
46.3499984741211	8384.0126953125
46.3600006103516	8431.9306640625
46.3699989318848	8036.8056640625
46.3800010681152	7976.48876953125
46.3899993896484	8273.8857421875
46.4000015258789	7960.5009765625
46.4099998474121	7820.98193359375
46.4199981689453	7913.34423828125
46.4300003051758	8311.0810546875
46.439998626709	8220.4521484375
46.4500007629395	8329.15625
46.4599990844727	8381.5
46.4700012207031	8447.4990234375
46.4799995422363	7985.21533203125
46.4900016784668	7646.41064453125
46.5	8073.29345703125
46.5099983215332	7955.7998046875
46.5200004577637	7981.9404296875
46.5299987792969	8071.0908203125
46.5400009155273	7875.728515625
46.5499992370605	8010.01416015625
46.560001373291	8159.88671875
46.5699996948242	7936.12841796875
46.5800018310547	8155.33349609375
46.5900001525879	8349.1826171875
46.5999984741211	7969.84130859375
46.6100006103516	7688.59521484375
46.6199989318848	7667.08544921875
46.6300010681152	7864.3486328125
46.6399993896484	7969.80322265625
46.6500015258789	7801.3486328125
46.6599998474121	8044.02587890625
46.6699981689453	8255.3134765625
46.6800003051758	8132.83935546875
46.689998626709	7904.77392578125
46.7000007629395	7868.091796875
46.7099990844727	7992.28662109375
46.7200012207031	8007.84423828125
46.7299995422363	8016.17041015625
46.7400016784668	7711.28369140625
46.75	7957.66162109375
46.7599983215332	7904.65234375
46.7700004577637	7767.23876953125
46.7799987792969	7937.7919921875
46.7900009155273	8074.72998046875
46.7999992370605	7818.51708984375
46.810001373291	7659.927734375
46.8199996948242	7774.3984375
46.8300018310547	7767.79736328125
46.8400001525879	7619.2060546875
46.8499984741211	7554.0537109375
46.8600006103516	7596.48388671875
46.8699989318848	7414.22900390625
46.8800010681152	7539.20458984375
46.8899993896484	7774.0751953125
46.9000015258789	8038.70263671875
46.9099998474121	7718.9599609375
46.9199981689453	7599.1923828125
46.9300003051758	7784.15087890625
46.939998626709	7876.92529296875
46.9500007629395	7998.619140625
46.9599990844727	7693.498046875
46.9700012207031	7689.68310546875
46.9799995422363	8028.93994140625
46.9900016784668	7782.626953125
47	7880.7607421875
47.0099983215332	7738.767578125
47.0200004577637	7671.53271484375
47.0299987792969	7597.98388671875
47.0400009155273	7507.79541015625
47.0499992370605	7492.38232421875
47.060001373291	7826.55810546875
47.0699996948242	7919.1689453125
47.0800018310547	7871.81591796875
47.0900001525879	7828.7119140625
47.0999984741211	7703.65185546875
47.1100006103516	7578.00341796875
47.1199989318848	7498.52880859375
47.1300010681152	7892.5673828125
47.1399993896484	7615.91943359375
47.1500015258789	7689.04443359375
47.1599998474121	7586.83837890625
47.1699981689453	7575
47.1800003051758	7665.36962890625
47.189998626709	7592.234375
47.2000007629395	7312.70361328125
47.2099990844727	7365.95263671875
47.2200012207031	7622.63916015625
47.2299995422363	7739.97119140625
47.2400016784668	7442.86962890625
47.25	7498.14599609375
47.2599983215332	7590.5888671875
47.2700004577637	7465.51904296875
47.2799987792969	7539.57470703125
47.2900009155273	7825.94580078125
47.2999992370605	7582.630859375
47.310001373291	7207.537109375
47.3199996948242	7300.5556640625
47.3300018310547	7205.19091796875
47.3400001525879	7384.72119140625
47.3499984741211	7638.31103515625
47.3600006103516	7792.67236328125
47.3699989318848	7571.35498046875
47.3800010681152	7452.8779296875
47.3899993896484	7508.19970703125
47.4000015258789	7199.0673828125
47.4099998474121	7586.34619140625
47.4199981689453	7383.6103515625
47.4300003051758	7600.462890625
47.439998626709	7611.2529296875
47.4500007629395	7417.1396484375
47.4599990844727	7560.65087890625
47.4700012207031	7590.673828125
47.4799995422363	7422.9794921875
47.4900016784668	7165.51123046875
47.5	7045.4775390625
47.5099983215332	7318.61474609375
47.5200004577637	7197.546875
47.5299987792969	7189.60400390625
47.5400009155273	7279.21435546875
47.5499992370605	7736.31005859375
47.560001373291	7239.22119140625
47.5699996948242	7398.4560546875
47.5800018310547	7607.81494140625
47.5900001525879	7204.77587890625
47.5999984741211	7366.64306640625
47.6100006103516	7414.501953125
47.6199989318848	7322.48681640625
47.6300010681152	7742.62744140625
47.6399993896484	7453.970703125
47.6500015258789	7313.29345703125
47.6599998474121	7509.357421875
47.6699981689453	7577.73095703125
47.6800003051758	7410.37548828125
47.689998626709	7383.33349609375
47.7000007629395	7354.5576171875
47.7099990844727	7328.43701171875
47.7200012207031	7303.4560546875
47.7299995422363	7400.451171875
47.7400016784668	7215.9404296875
47.75	6903.9951171875
47.7599983215332	7115.95849609375
47.7700004577637	7251.283203125
47.7799987792969	7309.529296875
47.7900009155273	7395.17919921875
47.7999992370605	7308.49560546875
47.810001373291	7256.04150390625
47.8199996948242	7200.16845703125
47.8300018310547	7049.4150390625
47.8400001525879	7096.0634765625
47.8499984741211	7087.03271484375
47.8600006103516	7246.494140625
47.8699989318848	7317.5263671875
47.8800010681152	7091.30810546875
47.8899993896484	7106.60302734375
47.9000015258789	7137.87451171875
47.9099998474121	6901.5234375
47.9199981689453	6914.78857421875
47.9300003051758	7129.470703125
47.939998626709	7082.1318359375
47.9500007629395	6911.8212890625
47.9599990844727	7178.689453125
47.9700012207031	7127.94091796875
47.9799995422363	7382.11474609375
47.9900016784668	7208.88818359375
48	7215.72119140625
48.0099983215332	7091.9677734375
48.0200004577637	7115.6357421875
48.0299987792969	7083.06298828125
48.0400009155273	7305.45263671875
48.0499992370605	7056.9521484375
48.060001373291	7306.7353515625
48.0699996948242	7234.328125
48.0800018310547	7229.2109375
48.0900001525879	7226.38037109375
48.0999984741211	7065.21826171875
48.1100006103516	7512.26123046875
48.1199989318848	7448.82958984375
48.1300010681152	6945.50048828125
48.1399993896484	6760.00244140625
48.1500015258789	6817.75244140625
48.1599998474121	6985.3720703125
48.1699981689453	7009.76171875
48.1800003051758	6960.04150390625
48.189998626709	6963.78564453125
48.2000007629395	6856.4765625
48.2099990844727	7094.80712890625
48.2200012207031	6991.876953125
48.2299995422363	7006.416015625
48.2400016784668	7078.43359375
48.25	6927.09814453125
48.2599983215332	7062.94384765625
48.2700004577637	7216.3671875
48.2799987792969	7289.541015625
48.2900009155273	7457.1650390625
48.2999992370605	7259.537109375
48.310001373291	6764.94091796875
48.3199996948242	6850.685546875
48.3300018310547	6946.1435546875
48.3400001525879	6665.7744140625
48.3499984741211	6953.4853515625
48.3600006103516	7264.25830078125
48.3699989318848	7214.87646484375
48.3800010681152	6967.921875
48.3899993896484	7099.572265625
48.4000015258789	7141.66650390625
48.4099998474121	7371.59326171875
48.4199981689453	7208.78564453125
48.4300003051758	7070.572265625
48.439998626709	7211.88037109375
48.4500007629395	7135.43408203125
48.4599990844727	7000.60009765625
48.4700012207031	6975
48.4799995422363	6988.443359375
48.4900016784668	7005.0986328125
48.5	6887.5517578125
48.5099983215332	6938.78466796875
48.5200004577637	6797.56982421875
48.5299987792969	6818.5673828125
48.5400009155273	6880.1416015625
48.5499992370605	7052.01416015625
48.560001373291	7044.93896484375
48.5699996948242	7026.66357421875
48.5800018310547	7091.63818359375
48.5900001525879	6961.85546875
48.5999984741211	6964.9140625
48.6100006103516	6689.1962890625
48.6199989318848	6689.71630859375
48.6300010681152	6887.48193359375
48.6399993896484	7019.515625
48.6500015258789	6829.70849609375
48.6599998474121	6695.58447265625
48.6699981689453	6879.98046875
48.6800003051758	7138.13671875
48.689998626709	6980.43896484375
48.7000007629395	6793.09619140625
48.7099990844727	6929.66015625
48.7200012207031	7126.427734375
48.7299995422363	6877.228515625
48.7400016784668	6694.84033203125
48.75	6791.43603515625
48.7599983215332	7074.32421875
48.7700004577637	7023.66748046875
48.7799987792969	6958.91748046875
48.7900009155273	7067.7958984375
48.7999992370605	6897.3037109375
48.810001373291	6815.53466796875
48.8199996948242	6899.71630859375
48.8300018310547	7153.26025390625
48.8400001525879	7301.3759765625
48.8499984741211	6927.85888671875
48.8600006103516	6966.27978515625
48.8699989318848	7073.32666015625
48.8800010681152	6955.29833984375
48.8899993896484	6949.107421875
48.9000015258789	6984.263671875
48.9099998474121	6985.189453125
48.9199981689453	6620.93310546875
48.9300003051758	6723.57470703125
48.939998626709	6731.65087890625
48.9500007629395	6503.6591796875
48.9599990844727	6641.5927734375
48.9700012207031	6725.77490234375
48.9799995422363	6630.32275390625
48.9900016784668	6844.439453125
49	6820.26025390625
49.0099983215332	6669.65673828125
49.0200004577637	6761.65478515625
49.0299987792969	6966.6748046875
49.0400009155273	6997.45166015625
49.0499992370605	6972.4677734375
49.060001373291	6736.4794921875
49.0699996948242	6839.15869140625
49.0800018310547	6802.30322265625
49.0900001525879	6889.7978515625
49.0999984741211	6874.0224609375
49.1100006103516	6858.33349609375
49.1199989318848	6826.52685546875
49.1300010681152	6892.9365234375
49.1399993896484	6923.01708984375
49.1500015258789	6874.24072265625
49.1599998474121	6966.1044921875
49.1699981689453	6847.98291015625
49.1800003051758	6977.20166015625
49.189998626709	6843.63720703125
49.2000007629395	6656.9775390625
49.2099990844727	6780.78857421875
49.2200012207031	6801.79833984375
49.2299995422363	6905.09521484375
49.2400016784668	6992.0361328125
49.25	7008.33349609375
49.2599983215332	7033.47509765625
49.2700004577637	6777.90478515625
49.2799987792969	6923.82958984375
49.2900009155273	7068.96240234375
49.2999992370605	7072.875
49.310001373291	7004.0810546875
49.3199996948242	7083.38525390625
49.3300018310547	7185.3935546875
49.3400001525879	7227.06103515625
49.3499984741211	7127.30078125
49.3600006103516	6823.69580078125
49.3699989318848	6870.3173828125
49.3800010681152	6798.46337890625
49.3899993896484	6845.35595703125
49.4000015258789	6856.3681640625
49.4099998474121	6912.05322265625
49.4199981689453	6896.13330078125
49.4300003051758	6914.306640625
49.439998626709	6894.052734375
49.4500007629395	6895.70166015625
49.4599990844727	6776.4228515625
49.4700012207031	6955.58203125
49.4799995422363	6576.87841796875
49.4900016784668	6552.25341796875
49.5	6643.1044921875
49.5099983215332	6701.40087890625
49.5200004577637	6716.66650390625
49.5299987792969	6741.23486328125
49.5400009155273	6799.09423828125
49.5499992370605	6908.64013671875
49.560001373291	6776.255859375
49.5699996948242	6673.81884765625
49.5800018310547	6597.17431640625
49.5900001525879	6544.44677734375
49.5999984741211	6533.33349609375
49.6100006103516	6649.23828125
49.6199989318848	6837.9482421875
49.6300010681152	6775.958984375
49.6399993896484	6891.53515625
49.6500015258789	6907.443359375
49.6599998474121	6970.6328125
49.6699981689453	6805.78759765625
49.6800003051758	6672.69384765625
49.689998626709	6855.99951171875
49.7000007629395	6915.17236328125
49.7099990844727	6986.9638671875
49.7200012207031	6793.06298828125
49.7299995422363	6660.02783203125
49.7400016784668	6587.369140625
49.75	6578.72265625
49.7599983215332	6703.7890625
49.7700004577637	6924.51220703125
49.7799987792969	6961.60400390625
49.7900009155273	6919.962890625
49.7999992370605	6968.3564453125
49.810001373291	6811.75048828125
49.8199996948242	6651.78515625
49.8300018310547	6598.70556640625
49.8400001525879	6651.48583984375
49.8499984741211	6704.88427734375
49.8600006103516	6555.4296875
49.8699989318848	6611
49.8800010681152	6706.02587890625
49.8899993896484	6659.478515625
49.9000015258789	6746.41064453125
49.9099998474121	6654.89990234375
49.9199981689453	6766.357421875
49.9300003051758	6768.0341796875
49.939998626709	6634.904296875
49.9500007629395	6846.4931640625
49.9599990844727	6748.6806640625
49.9700012207031	6595.67333984375
49.9799995422363	6749.91064453125
49.9900016784668	6860.4365234375
50	6780.5830078125
50.0099983215332	6570.68115234375
50.0200004577637	6558.91015625
50.0299987792969	6630.42138671875
50.0400009155273	6744.0966796875
50.0499992370605	6689.31689453125
50.060001373291	6421.029296875
50.0699996948242	6289.8037109375
50.0800018310547	6298.4443359375
50.0900001525879	6454.73583984375
50.0999984741211	6417.197265625
50.1100006103516	6550.384765625
50.1199989318848	6362.14599609375
50.1300010681152	6395.90625
50.1399993896484	6662.42822265625
50.1500015258789	6656.77880859375
50.1599998474121	6651.59521484375
50.1699981689453	6544.52099609375
50.1800003051758	6584.65087890625
50.189998626709	6665.64599609375
50.2000007629395	6532.490234375
50.2099990844727	6507.24365234375
50.2200012207031	6617.6689453125
50.2299995422363	6594.67724609375
50.2400016784668	6728.5625
50.25	6851.99365234375
50.2599983215332	6776.873046875
50.2700004577637	6468.0380859375
50.2799987792969	6517.109375
50.2900009155273	6660.7568359375
50.2999992370605	6467.314453125
50.310001373291	6406.90087890625
50.3199996948242	6442.228515625
50.3300018310547	6518.85595703125
50.3400001525879	6492.6689453125
50.3499984741211	6472.39501953125
50.3600006103516	6623.80859375
50.3699989318848	6628.7626953125
50.3800010681152	6674.2783203125
50.3899993896484	6685.498046875
50.4000015258789	6498.17529296875
50.4099998474121	6428.06494140625
50.4199981689453	6518.74853515625
50.4300003051758	6410.40576171875
50.439998626709	6489.46875
50.4500007629395	6609.4521484375
50.4599990844727	6553.88232421875
50.4700012207031	6698.11474609375
50.4799995422363	6755.005859375
50.4900016784668	6900.16455078125
50.5	6743.1103515625
50.5099983215332	6650.28662109375
50.5200004577637	6415.5439453125
50.5299987792969	6271.79248046875
50.5400009155273	6489.43798828125
50.5499992370605	6583.10400390625
50.560001373291	6518.728515625
50.5699996948242	6671.58251953125
50.5800018310547	6584.1875
50.5900001525879	6544.90283203125
50.5999984741211	6499.36962890625
50.6100006103516	6449.8564453125
50.6199989318848	6615.22314453125
50.6300010681152	6716.78173828125
50.6399993896484	6467.9013671875
50.6500015258789	6375.1728515625
50.6599998474121	6570.21484375
50.6699981689453	6535.685546875
50.6800003051758	6603.1142578125
50.689998626709	6549.7919921875
50.7000007629395	6374.89111328125
50.7099990844727	6316.66650390625
50.7200012207031	6383.28271484375
50.7299995422363	6566.42529296875
50.7400016784668	6674.91796875
50.75	6514.4755859375
50.7599983215332	6347.54443359375
50.7700004577637	6407.83447265625
50.7799987792969	6601.935546875
50.7900009155273	6437.70556640625
50.7999992370605	6294.611328125
50.810001373291	6410.04345703125
50.8199996948242	6486.0087890625
50.8300018310547	6519.16552734375
50.8400001525879	6527.83837890625
50.8499984741211	6409.7001953125
50.8600006103516	6481.65966796875
50.8699989318848	6708.9541015625
50.8800010681152	6616.41796875
50.8899993896484	6579.71875
50.9000015258789	6580.9970703125
50.9099998474121	6604.90478515625
50.9199981689453	6625
50.9300003051758	6586.82666015625
50.939998626709	6223.396484375
50.9500007629395	6145.10498046875
50.9599990844727	6330.5478515625
50.9700012207031	6644.56982421875
50.9799995422363	6688.11572265625
50.9900016784668	6625.3896484375
51	6632.9296875
51.0099983215332	6603.75146484375
51.0200004577637	6659.099609375
51.0299987792969	6575.63232421875
51.0400009155273	6227.392578125
51.0499992370605	6155.9716796875
51.060001373291	6237.7548828125
51.0699996948242	6323.0009765625
51.0800018310547	6374.486328125
51.0900001525879	6270.35693359375
51.0999984741211	6331.96484375
51.1100006103516	6480.560546875
51.1199989318848	6728.9140625
51.1300010681152	6664.7333984375
51.1399993896484	6470.23974609375
51.1500015258789	6223.97607421875
51.1599998474121	6180.84228515625
51.1699981689453	6425.060546875
51.1800003051758	6547.00537109375
51.189998626709	6539.3310546875
51.2000007629395	6480.03466796875
51.2099990844727	6460.65087890625
51.2200012207031	6546.478515625
51.2299995422363	6543.8203125
51.2400016784668	6383.87255859375
51.25	6472.8583984375
51.2599983215332	6624.9970703125
51.2700004577637	6653.03515625
51.2799987792969	6692.35009765625
51.2900009155273	6848.89794921875
51.2999992370605	6750.6025390625
51.310001373291	6692.2421875
51.3199996948242	6700.83935546875
51.3300018310547	6749.6513671875
51.3400001525879	6598.994140625
51.3499984741211	6586.38916015625
51.3600006103516	6620.63525390625
51.3699989318848	6660.86767578125
51.3800010681152	6544.69580078125
51.3899993896484	6599.93505859375
51.4000015258789	6594.25244140625
51.4099998474121	6677.7919921875
51.4199981689453	6638.01708984375
51.4300003051758	6519.62646484375
51.439998626709	6533.44482421875
51.4500007629395	6318.31396484375
51.4599990844727	6164.5732421875
51.4700012207031	6252.09423828125
51.4799995422363	6428.037109375
51.4900016784668	6718.4033203125
51.5	6850
51.5099983215332	6595.62939453125
51.5200004577637	6410.5458984375
51.5299987792969	6593.7802734375
51.5400009155273	6457.76708984375
51.5499992370605	6160.31298828125
51.560001373291	6488.53466796875
51.5699996948242	6782.98486328125
51.5800018310547	6792.85205078125
51.5900001525879	6489.44189453125
51.5999984741211	6380.45556640625
51.6100006103516	6527.9443359375
51.6199989318848	6571.09521484375
51.6300010681152	6676.517578125
51.6399993896484	6637.05029296875
51.6500015258789	6453.8134765625
51.6599998474121	6260.32568359375
51.6699981689453	6316.47802734375
51.6800003051758	6461.39892578125
51.689998626709	6658.47900390625
51.7000007629395	6554.0185546875
51.7099990844727	6445.4140625
51.7200012207031	6713.29150390625
51.7299995422363	6747.6298828125
51.7400016784668	6519.04296875
51.75	6679.30615234375
51.7599983215332	6709.54052734375
51.7700004577637	6619.92236328125
51.7799987792969	6606.5205078125
51.7900009155273	6493.5556640625
51.7999992370605	6313.58203125
51.810001373291	6125.28369140625
51.8199996948242	6328.0693359375
51.8300018310547	6336.58251953125
51.8400001525879	6336.03759765625
51.8499984741211	6579.79052734375
51.8600006103516	6570.74169921875
51.8699989318848	6275.1943359375
51.8800010681152	6450.2197265625
51.8899993896484	6728.6923828125
51.9000015258789	6488.78369140625
51.9099998474121	6420.4091796875
51.9199981689453	6600.2548828125
51.9300003051758	6486.36181640625
51.939998626709	6406.7001953125
51.9500007629395	6403.333984375
51.9599990844727	6328.38134765625
51.9700012207031	6386.501953125
51.9799995422363	6489.896484375
51.9900016784668	6491.7529296875
52	6395.34375
52.0099983215332	6361.5634765625
52.0200004577637	6360.08984375
52.0299987792969	6210.95947265625
52.0400009155273	6300.24169921875
52.0499992370605	6608.41748046875
52.060001373291	6787.81591796875
52.0699996948242	6612.20458984375
52.0800018310547	6501.27783203125
52.0900001525879	6534.88037109375
52.0999984741211	6536.73046875
52.1100006103516	6434.6982421875
52.1199989318848	6366.66650390625
52.1300010681152	6386.35986328125
52.1399993896484	6449.1904296875
52.1500015258789	6453.84423828125
52.1599998474121	6438.244140625
52.1699981689453	6672.26708984375
52.1800003051758	6799.01806640625
52.189998626709	6598.67333984375
52.2000007629395	6504.3623046875
52.2099990844727	6476.1044921875
52.2200012207031	6309.7626953125
52.2299995422363	6226.4287109375
52.2400016784668	6413.77978515625
52.25	6390.61181640625
52.2599983215332	6332.0185546875
52.2700004577637	6444.49609375
52.2799987792969	6441.67822265625
52.2900009155273	6429.1357421875
52.2999992370605	6590.70166015625
52.310001373291	6604.41015625
52.3199996948242	6469.015625
52.3300018310547	6465.05908203125
52.3400001525879	6678.89697265625
52.3499984741211	6760.0244140625
52.3600006103516	6604.33203125
52.3699989318848	6497.37646484375
52.3800010681152	6690.52392578125
52.3899993896484	6750.1962890625
52.4000015258789	6543.84130859375
52.4099998474121	6465.6962890625
52.4199981689453	6478.53173828125
52.4300003051758	6321.47705078125
52.439998626709	6567.841796875
52.4500007629395	6766.283203125
52.4599990844727	6606.60791015625
52.4700012207031	6520.21875
52.4799995422363	6554.8818359375
52.4900016784668	6545.1513671875
52.5	6588.19580078125
52.5099983215332	6565.43505859375
52.5200004577637	6460.72998046875
52.5299987792969	6610.4921875
52.5400009155273	6854.5458984375
52.5499992370605	6710.17919921875
52.560001373291	6408.8388671875
52.5699996948242	6431.56640625
52.5800018310547	6614.9765625
52.5900001525879	6730.6484375
52.5999984741211	6648.48193359375
52.6100006103516	6402.46533203125
52.6199989318848	6311.6484375
52.6300010681152	6389.9140625
52.6399993896484	6353.2470703125
52.6500015258789	6268.13232421875
52.6599998474121	6301.73046875
52.6699981689453	6369.85888671875
52.6800003051758	6570.06103515625
52.689998626709	6816.21484375
52.7000007629395	6918.74560546875
52.7099990844727	6628.982421875
52.7200012207031	6574.1181640625
52.7299995422363	6679.2734375
52.7400016784668	6551.92822265625
52.75	6279.02783203125
52.7599983215332	6162.29541015625
52.7700004577637	6396.6123046875
52.7799987792969	6539.71826171875
52.7900009155273	6538.94921875
52.7999992370605	6522.1259765625
52.810001373291	6541.7744140625
52.8199996948242	6626.0126953125
52.8300018310547	6763.9697265625
52.8400001525879	6675.00732421875
52.8499984741211	6375.1533203125
52.8600006103516	6260.15185546875
52.8699989318848	6431.98681640625
52.8800010681152	6641.37109375
52.8899993896484	6570.05810546875
52.9000015258789	6449.123046875
52.9099998474121	6542.890625
52.9199981689453	6845.658203125
52.9300003051758	6721.861328125
52.939998626709	6598.90234375
52.9500007629395	6649.5654296875
52.9599990844727	6502.97216796875
52.9700012207031	6494.4736328125
52.9799995422363	6668.08203125
52.9900016784668	6781.17724609375
53	6763.4814453125
53.0099983215332	6733.33349609375
53.0200004577637	6778.90087890625
53.0299987792969	6648.21484375
53.0400009155273	6535.6259765625
53.0499992370605	6585.6015625
53.060001373291	6694.60693359375
53.0699996948242	6775.740234375
53.0800018310547	6447.91357421875
53.0900001525879	6221.0107421875
53.0999984741211	6542.6728515625
53.1100006103516	6793.08251953125
53.1199989318848	6487.6484375
53.1300010681152	6315.94580078125
53.1399993896484	6413.52587890625
53.1500015258789	6447.5234375
53.1599998474121	6570.18310546875
53.1699981689453	6707.79736328125
53.1800003051758	6790.4345703125
53.189998626709	6609.5400390625
53.2000007629395	6613.35986328125
53.2099990844727	6761.5576171875
53.2200012207031	6642.556640625
53.2299995422363	6760.22265625
53.2400016784668	6861.2275390625
53.25	6747.01806640625
53.2599983215332	6619.115234375
53.2700004577637	6751.14208984375
53.2799987792969	6755.21484375
53.2900009155273	6720.12255859375
53.2999992370605	6678.31396484375
53.310001373291	6532.23583984375
53.3199996948242	6503.35546875
53.3300018310547	6558.16357421875
53.3400001525879	6594.52099609375
53.3499984741211	6601.55126953125
53.3600006103516	6633.8427734375
53.3699989318848	6836.0283203125
53.3800010681152	6986.2666015625
53.3899993896484	6825.5654296875
53.4000015258789	6651.5400390625
53.4099998474121	6683.1591796875
53.4199981689453	6666.4462890625
53.4300003051758	6547.73046875
53.439998626709	6477.60546875
53.4500007629395	6498.2431640625
53.4599990844727	6585.48486328125
53.4700012207031	6638.1337890625
53.4799995422363	6702.4873046875
53.4900016784668	6850.509765625
53.5	6644.7744140625
53.5099983215332	6418.62158203125
53.5200004577637	6658.810546875
53.5299987792969	6763.28955078125
53.5400009155273	6600.30908203125
53.5499992370605	6408.005859375
53.560001373291	6447.29345703125
53.5699996948242	6583.67724609375
53.5800018310547	6530.9814453125
53.5900001525879	6591.93017578125
53.5999984741211	6652.40478515625
53.6100006103516	6556.45849609375
53.6199989318848	6611.9892578125
53.6300010681152	6643.60693359375
53.6399993896484	6566.0888671875
53.6500015258789	6524.15625
53.6599998474121	6564.55029296875
53.6699981689453	6517.513671875
53.6800003051758	6433.8486328125
53.689998626709	6501.49951171875
53.7000007629395	6772.96240234375
53.7099990844727	6850.5341796875
53.7200012207031	6810.5986328125
53.7299995422363	6639.3798828125
53.7400016784668	6489.71484375
53.75	6630.4873046875
53.7599983215332	6644.9541015625
53.7700004577637	6612.59375
53.7799987792969	6620.92333984375
53.7900009155273	6663.27392578125
53.7999992370605	6810.46875
53.810001373291	6857.23779296875
53.8199996948242	6600.671875
53.8300018310547	6340.5390625
53.8400001525879	6440.09716796875
53.8499984741211	6739.5693359375
53.8600006103516	6693.3037109375
53.8699989318848	6318.2509765625
53.8800010681152	6251.5322265625
53.8899993896484	6551.98193359375
53.9000015258789	6855.509765625
53.9099998474121	6903.4169921875
53.9199981689453	6703.13525390625
53.9300003051758	6570.73828125
53.939998626709	6600.2783203125
53.9500007629395	6750.623046875
53.9599990844727	6682.4892578125
53.9700012207031	6633.81982421875
53.9799995422363	6812.66064453125
53.9900016784668	6829.09033203125
54	6766.638671875
54.0099983215332	6691.6572265625
54.0200004577637	6687.4658203125
54.0299987792969	6583.58349609375
54.0400009155273	6387.619140625
54.0499992370605	6462.07470703125
54.060001373291	6728.51806640625
54.0699996948242	6742.3828125
54.0800018310547	6426.154296875
54.0900001525879	6431.94921875
54.0999984741211	6625
54.1100006103516	6492.8759765625
54.1199989318848	6510.95947265625
54.1300010681152	6740.84765625
54.1399993896484	6684.912109375
54.1500015258789	6369.0068359375
54.1599998474121	6207.9912109375
54.1699981689453	6430.4111328125
54.1800003051758	6690.7607421875
54.189998626709	6688.5283203125
54.2000007629395	6584.0576171875
54.2099990844727	6586.6611328125
54.2200012207031	6653.76611328125
54.2299995422363	6675
54.2400016784668	6597.5009765625
54.25	6410.71484375
54.2599983215332	6320.35595703125
54.2700004577637	6488.0927734375
54.2799987792969	6722.93798828125
54.2900009155273	6779.9150390625
54.2999992370605	6713.4970703125
54.310001373291	6585.8544921875
54.3199996948242	6471.42529296875
54.3300018310547	6474.2666015625
54.3400001525879	6483.837890625
54.3499984741211	6543.36474609375
54.3600006103516	6661.29638671875
54.3699989318848	6792.66943359375
54.3800010681152	6758.83251953125
54.3899993896484	6536.23779296875
54.4000015258789	6365.6298828125
54.4099998474121	6527.869140625
54.4199981689453	6667.6708984375
54.4300003051758	6520.99365234375
54.439998626709	6664.7529296875
54.4500007629395	6793.01171875
54.4599990844727	6706.40234375
54.4700012207031	6574.17333984375
54.4799995422363	6507.61474609375
54.4900016784668	6532.96630859375
54.5	6601.35791015625
54.5099983215332	6662.69091796875
54.5200004577637	6586.8408203125
54.5299987792969	6421.03759765625
54.5400009155273	6443.92529296875
54.5499992370605	6483.91162109375
54.560001373291	6395.203125
54.5699996948242	6538.7734375
54.5800018310547	6588.55908203125
54.5900001525879	6471.498046875
54.5999984741211	6604.16162109375
54.6100006103516	6687.91650390625
54.6199989318848	6619.66845703125
54.6300010681152	6673.10595703125
54.6399993896484	6735.81591796875
54.6500015258789	6723.521484375
54.6599998474121	6573.1201171875
54.6699981689453	6485.73583984375
54.6800003051758	6610.52734375
54.689998626709	6697.13134765625
54.7000007629395	6546.19287109375
54.7099990844727	6501.3857421875
54.7200012207031	6515.3798828125
54.7299995422363	6349.40625
54.7400016784668	6353.87548828125
54.75	6335.66259765625
54.7599983215332	6299.30078125
54.7700004577637	6475.79296875
54.7799987792969	6518.08251953125
54.7900009155273	6363.6904296875
54.7999992370605	6383.82958984375
54.810001373291	6550.19873046875
54.8199996948242	6627.62158203125
54.8300018310547	6661.5615234375
54.8400001525879	6632.6494140625
54.8499984741211	6452.56005859375
54.8600006103516	6365.32177734375
54.8699989318848	6556.8271484375
54.8800010681152	6657.15283203125
54.8899993896484	6666.470703125
54.9000015258789	6858.955078125
54.9099998474121	7020.490234375
54.9199981689453	6998.26220703125
54.9300003051758	6772.05517578125
54.939998626709	6457.7998046875
54.9500007629395	6438.30810546875
54.9599990844727	6548.55126953125
54.9700012207031	6509.6552734375
54.9799995422363	6468.24560546875
54.9900016784668	6378.61865234375
55	6403.85546875
55.0099983215332	6540.19287109375
55.0200004577637	6412.95166015625
55.0299987792969	6331.88720703125
55.0400009155273	6296.2255859375
55.0499992370605	6329.37109375
55.060001373291	6476.69921875
55.0699996948242	6490.87744140625
55.0800018310547	6444.7919921875
55.0900001525879	6504.9365234375
55.0999984741211	6367.46728515625
55.1100006103516	6446.556640625
55.1199989318848	6749.03271484375
55.1300010681152	6831.29931640625
55.1399993896484	6782.1787109375
55.1500015258789	6794.79052734375
55.1599998474121	6898.47412109375
55.1699981689453	6746.00927734375
55.1800003051758	6487.0546875
55.189998626709	6447.0576171875
55.2000007629395	6540.2119140625
55.2099990844727	6706.45068359375
55.2200012207031	6724.10009765625
55.2299995422363	6634.31396484375
55.2400016784668	6554.494140625
55.25	6719.33642578125
55.2599983215332	6789.763671875
55.2700004577637	6712.4677734375
55.2799987792969	6676.3837890625
55.2900009155273	6610.39404296875
55.2999992370605	6417.39697265625
55.310001373291	6472.03173828125
55.3199996948242	6477.99072265625
55.3300018310547	6380.3759765625
55.3400001525879	6346.576171875
55.3499984741211	6610.4794921875
55.3600006103516	6642.802734375
55.3699989318848	6439.65234375
55.3800010681152	6639.052734375
55.3899993896484	6815.05859375
55.4000015258789	6750.2529296875
55.4099998474121	6669.048828125
55.4199981689453	6751.07275390625
55.4300003051758	6643.74951171875
55.439998626709	6494.93017578125
55.4500007629395	6412.3818359375
55.4599990844727	6370.58837890625
55.4700012207031	6350.55029296875
55.4799995422363	6336.330078125
55.4900016784668	6571.63232421875
55.5	6832.60107421875
55.5099983215332	6818.42626953125
55.5200004577637	6520.375
55.5299987792969	6333.5751953125
55.5400009155273	6410.7548828125
55.5499992370605	6374.8642578125
55.560001373291	6451.42724609375
55.5699996948242	6580.916015625
55.5800018310547	6360.77880859375
55.5900001525879	6331.9033203125
55.5999984741211	6548.791015625
55.6100006103516	6462.25634765625
55.6199989318848	6283.568359375
55.6300010681152	6305.4375
55.6399993896484	6456.92333984375
55.6500015258789	6574.40869140625
55.6599998474121	6692.697265625
55.6699981689453	6734.34521484375
55.6800003051758	6694.75927734375
55.689998626709	6467.208984375
55.7000007629395	6341.9619140625
55.7099990844727	6528.38720703125
55.7200012207031	6626.6826171875
55.7299995422363	6548.2041015625
55.7400016784668	6485.96337890625
55.75	6442.12939453125
55.7599983215332	6345.30517578125
55.7700004577637	6279.31982421875
55.7799987792969	6434.11669921875
55.7900009155273	6507.1181640625
55.7999992370605	6352.72119140625
55.810001373291	6455.22412109375
55.8199996948242	6527.59326171875
55.8300018310547	6412.5166015625
55.8400001525879	6396.541015625
55.8499984741211	6444.29052734375
55.8600006103516	6596.53662109375
55.8699989318848	6543.22900390625
55.8800010681152	6495.736328125
55.8899993896484	6455.95556640625
55.9000015258789	6385.9208984375
55.9099998474121	6476.66943359375
55.9199981689453	6515.591796875
55.9300003051758	6408.23681640625
55.939998626709	6376.49853515625
55.9500007629395	6580.318359375
55.9599990844727	6756.3896484375
55.9700012207031	6567.1533203125
55.9799995422363	6439.7158203125
55.9900016784668	6647.39453125
56	6725.77099609375
56.0099983215332	6761.37353515625
56.0200004577637	6656.59619140625
56.0299987792969	6611.5107421875
56.0400009155273	6718.20947265625
56.0499992370605	6657.46240234375
56.060001373291	6596.8837890625
56.0699996948242	6576.06103515625
56.0800018310547	6530.1865234375
56.0900001525879	6566.880859375
56.0999984741211	6618.6455078125
56.1100006103516	6658.33349609375
56.1199989318848	6661.6982421875
56.1300010681152	6673.388671875
56.1399993896484	6696.76171875
56.1500015258789	6666.3671875
56.1599998474121	6548.123046875
56.1699981689453	6540.2099609375
56.1800003051758	6625
56.189998626709	6604.9716796875
56.2000007629395	6494.978515625
56.2099990844727	6488.234375
56.2200012207031	6561.86181640625
56.2299995422363	6376.79296875
56.2400016784668	6359.8134765625
56.25	6425
56.2599983215332	6395.19775390625
56.2700004577637	6373.15283203125
56.2799987792969	6398.42236328125
56.2900009155273	6475.72998046875
56.2999992370605	6639.7392578125
56.310001373291	6602.57080078125
56.3199996948242	6468.64794921875
56.3300018310547	6495.74072265625
56.3400001525879	6581.82421875
56.3499984741211	6540.451171875
56.3600006103516	6627.6513671875
56.3699989318848	6785.7685546875
56.3800010681152	6610.70849609375
56.3899993896484	6417.02490234375
56.4000015258789	6508.94775390625
56.4099998474121	6688.41259765625
56.4199981689453	6706.08447265625
56.4300003051758	6667.0009765625
56.439998626709	6702.3974609375
56.4500007629395	6925.47314453125
56.4599990844727	6806.189453125
56.4700012207031	6693.87451171875
56.4799995422363	6627.3671875
56.4900016784668	6536.48046875
56.5	6745.0732421875
56.5099983215332	6784.509765625
56.5200004577637	6614.49462890625
56.5299987792969	6505.20068359375
56.5400009155273	6614.1083984375
56.5499992370605	6551.32958984375
56.560001373291	6442.462890625
56.5699996948242	6401.0830078125
56.5800018310547	6569.43212890625
56.5900001525879	6717.88818359375
56.5999984741211	6593.36181640625
56.6100006103516	6496.9375
56.6199989318848	6784.49755859375
56.6300010681152	6892.48486328125
56.6399993896484	6752.69677734375
56.6500015258789	6572.99072265625
56.6599998474121	6463.32373046875
56.6699981689453	6304.5185546875
56.6800003051758	6344.61328125
56.689998626709	6412.171875
56.7000007629395	6558.19091796875
56.7099990844727	6563.7509765625
56.7200012207031	6541.34326171875
56.7299995422363	6462.67529296875
56.7400016784668	6605.2060546875
56.75	6596.87646484375
56.7599983215332	6638.46240234375
56.7700004577637	6685.5078125
56.7799987792969	6552.42041015625
56.7900009155273	6506.80419921875
56.7999992370605	6717.31591796875
56.810001373291	6757.7568359375
56.8199996948242	6596.400390625
56.8300018310547	6414.34619140625
56.8400001525879	6379.09130859375
56.8499984741211	6640.390625
56.8600006103516	6792.9267578125
56.8699989318848	6662.0341796875
56.8800010681152	6498.701171875
56.8899993896484	6614.02197265625
56.9000015258789	6742.1396484375
56.9099998474121	6755.1162109375
56.9199981689453	6859.17431640625
56.9300003051758	6786.4248046875
56.939998626709	6724.84765625
56.9500007629395	6913.79931640625
56.9599990844727	6884.51171875
56.9700012207031	6765.97802734375
56.9799995422363	6744.59716796875
56.9900016784668	6539.36572265625
57	6438.57470703125
57.0099983215332	6625.587890625
57.0200004577637	6610.37060546875
57.0299987792969	6322.85791015625
57.0400009155273	6470.7763671875
57.0499992370605	6783.57763671875
57.060001373291	6709.97900390625
57.0699996948242	6683.33349609375
57.0800018310547	6659.361328125
57.0900001525879	6607.6884765625
57.0999984741211	6669.37548828125
57.1100006103516	6790.423828125
57.1199989318848	6749.39013671875
57.1300010681152	6703.56103515625
57.1399993896484	6754.068359375
57.1500015258789	6840.703125
57.1599998474121	6655.36767578125
57.1699981689453	6661.84716796875
57.1800003051758	6704.0390625
57.189998626709	6629.4111328125
57.2000007629395	6442.701171875
57.2099990844727	6530.98095703125
57.2200012207031	6656.87353515625
57.2299995422363	6652.9814453125
57.2400016784668	6525.57958984375
57.25	6599.47705078125
57.2599983215332	6910.125
57.2700004577637	6896.07373046875
57.2799987792969	6709.12939453125
57.2900009155273	6580.8544921875
57.2999992370605	6611.4443359375
57.310001373291	6710.427734375
57.3199996948242	6548.732421875
57.3300018310547	6753.63330078125
57.3400001525879	6785.87451171875
57.3499984741211	6737.39990234375
57.3600006103516	6683.9970703125
57.3699989318848	6664.74462890625
57.3800010681152	6558.0244140625
57.3899993896484	6607.833984375
57.4000015258789	6736.20654296875
57.4099998474121	6756.01220703125
57.4199981689453	6737.4892578125
57.4300003051758	6615.66357421875
57.439998626709	6647.1552734375
57.4500007629395	6779.11376953125
57.4599990844727	6712.04736328125
57.4700012207031	6769.103515625
57.4799995422363	6755.876953125
57.4900016784668	6769.142578125
57.5	6679.3115234375
57.5099983215332	6646.0771484375
57.5200004577637	6813.83984375
57.5299987792969	6720.8291015625
57.5400009155273	6606.376953125
57.5499992370605	6722.29638671875
57.560001373291	6663.0556640625
57.5699996948242	6553.072265625
57.5800018310547	6681.22119140625
57.5900001525879	6794.20556640625
57.5999984741211	6738.9248046875
57.6100006103516	6638.32958984375
57.6199989318848	6491.93994140625
57.6300010681152	6727.9716796875
57.6399993896484	6880.5390625
57.6500015258789	6838.890625
57.6599998474121	6877.69189453125
57.6699981689453	6878.0732421875
57.6800003051758	6700
57.689998626709	6757.97705078125
57.7000007629395	6908.0830078125
57.7099990844727	6930.951171875
57.7200012207031	6811.42578125
57.7299995422363	6769.21728515625
57.7400016784668	6701.4169921875
57.75	6521.65966796875
57.7599983215332	6643.7392578125
57.7700004577637	6760.6318359375
57.7799987792969	6691.2724609375
57.7900009155273	6408.83447265625
57.7999992370605	6458.9072265625
57.810001373291	6642.2373046875
57.8199996948242	6635.0341796875
57.8300018310547	6760.18603515625
57.8400001525879	6838.73876953125
57.8499984741211	6898.57958984375
57.8600006103516	6911.0654296875
57.8699989318848	6735.7646484375
57.8800010681152	6771.76953125
57.8899993896484	6746.33251953125
57.9000015258789	6724.43603515625
57.9099998474121	6857.80322265625
57.9199981689453	6784.0966796875
57.9300003051758	6888.9990234375
57.939998626709	6955.26123046875
57.9500007629395	6985.96728515625
57.9599990844727	6815.3125
57.9700012207031	6987.1142578125
57.9799995422363	6981.39404296875
57.9900016784668	7019.0634765625
58	6845.3662109375
58.0099983215332	6789.2314453125
58.0200004577637	6936.8076171875
58.0299987792969	6742.1591796875
58.0400009155273	6742.67919921875
58.0499992370605	7035.0166015625
58.060001373291	6975.5341796875
58.0699996948242	6807.99267578125
58.0800018310547	6927.10595703125
58.0900001525879	6939.57666015625
58.0999984741211	6895.8505859375
58.1100006103516	6878.57958984375
58.1199989318848	6913.1298828125
58.1300010681152	6847.40966796875
58.1399993896484	6901.15673828125
58.1500015258789	7033.33349609375
58.1599998474121	7002.38818359375
58.1699981689453	6876.685546875
58.1800003051758	6714.005859375
58.189998626709	6589.69189453125
58.2000007629395	6640.3369140625
58.2099990844727	6928.9306640625
58.2200012207031	6853.11083984375
58.2299995422363	6886.046875
58.2400016784668	6842.14453125
58.25	6910.17578125
58.2599983215332	6831.73193359375
58.2700004577637	6648.18701171875
58.2799987792969	6773.52685546875
58.2900009155273	6848.7880859375
58.2999992370605	6961.86279296875
58.310001373291	6899.94482421875
58.3199996948242	6700.3359375
58.3300018310547	6826.71826171875
58.3400001525879	6837.45458984375
58.3499984741211	6778.271484375
58.3600006103516	6760.8603515625
58.3699989318848	6888.328125
58.3800010681152	6875.064453125
58.3899993896484	6814.1767578125
58.4000015258789	6880.42138671875
58.4099998474121	7002.84375
58.4199981689453	6931.3154296875
58.4300003051758	6965.61962890625
58.439998626709	6857.11376953125
58.4500007629395	6888.9375
58.4599990844727	6795.64599609375
58.4700012207031	6827.45849609375
58.4799995422363	6862.791015625
58.4900016784668	6879.41259765625
58.5	6779.36474609375
58.5099983215332	6903.75
58.5200004577637	6974.78955078125
58.5299987792969	6845.5107421875
58.5400009155273	6969.8310546875
58.5499992370605	7170.86767578125
58.560001373291	7083.033203125
58.5699996948242	7082.8056640625
58.5800018310547	7209.91015625
58.5900001525879	7253.2900390625
58.5999984741211	7161.466796875
58.6100006103516	7179.6767578125
58.6199989318848	7345.50537109375
58.6300010681152	7009.1455078125
58.6399993896484	6931.2734375
58.6500015258789	7058.220703125
58.6599998474121	6901.0615234375
58.6699981689453	6792.8662109375
58.6800003051758	6995.22021484375
58.689998626709	7046.361328125
58.7000007629395	7116.58740234375
58.7099990844727	7132.31005859375
58.7200012207031	7031.23828125
58.7299995422363	6885.07421875
58.7400016784668	6760.5
58.75	6897.64404296875
58.7599983215332	7162.54248046875
58.7700004577637	7152.9189453125
58.7799987792969	6939.46142578125
58.7900009155273	7090.337890625
58.7999992370605	7080.3623046875
58.810001373291	7045.56640625
58.8199996948242	7069.64794921875
58.8300018310547	6904.20703125
58.8400001525879	6932.86328125
58.8499984741211	6875.9130859375
58.8600006103516	7003.84716796875
58.8699989318848	7272.6962890625
58.8800010681152	7264.36669921875
58.8899993896484	7278.99853515625
58.9000015258789	7328.7490234375
58.9099998474121	7293.78271484375
58.9199981689453	7240.18701171875
58.9300003051758	7187.63330078125
58.939998626709	7093.34814453125
58.9500007629395	7298.48095703125
58.9599990844727	7194.6787109375
58.9700012207031	7125.33154296875
58.9799995422363	6908.08251953125
58.9900016784668	7043.92431640625
59	7092.818359375
59.0099983215332	7107.095703125
59.0200004577637	6963.59326171875
59.0299987792969	7280.79443359375
59.0400009155273	7207.95263671875
59.0499992370605	7248.1884765625
59.060001373291	7188.38232421875
59.0699996948242	7262.85107421875
59.0800018310547	7331.103515625
59.0900001525879	7213.36376953125
59.0999984741211	7116.2490234375
59.1100006103516	7022.11083984375
59.1199989318848	7198.10986328125
59.1300010681152	7534.29345703125
59.1399993896484	7435.9658203125
59.1500015258789	7049.15234375
59.1599998474121	7191.1875
59.1699981689453	7373.74462890625
59.1800003051758	7315.28857421875
59.189998626709	7301.64794921875
59.2000007629395	7126.43212890625
59.2099990844727	7111.57568359375
59.2200012207031	7182.9921875
59.2299995422363	7179.98095703125
59.2400016784668	7256.79296875
59.25	7291.37158203125
59.2599983215332	7288.19873046875
59.2700004577637	7326.357421875
59.2799987792969	7170.3681640625
59.2900009155273	6959.49951171875
59.2999992370605	7126.0888671875
59.310001373291	7337.49072265625
59.3199996948242	7523.50439453125
59.3300018310547	7267.59228515625
59.3400001525879	7189.13916015625
59.3499984741211	7399.15576171875
59.3600006103516	7271.146484375
59.3699989318848	7383.9921875
59.3800010681152	7590.220703125
59.3899993896484	7646.86962890625
59.4000015258789	7289.37646484375
59.4099998474121	7246.05029296875
59.4199981689453	7356.24169921875
59.4300003051758	7387.578125
59.439998626709	7472.91015625
59.4500007629395	7466.5458984375
59.4599990844727	7648.06787109375
59.4700012207031	7398.546875
59.4799995422363	7080.966796875
59.4900016784668	7247.4853515625
59.5	7381.36279296875
59.5099983215332	7282.123046875
59.5200004577637	7072.94677734375
59.5299987792969	7167.07666015625
59.5400009155273	7548.6318359375
59.5499992370605	7695.3818359375
59.560001373291	7407.20947265625
59.5699996948242	7338.0478515625
59.5800018310547	7492.734375
59.5900001525879	7348.431640625
59.5999984741211	7366.490234375
59.6100006103516	7616.1474609375
59.6199989318848	7596.15673828125
59.6300010681152	7413.20361328125
59.6399993896484	7525.3056640625
59.6500015258789	7497.9970703125
59.6599998474121	7393.7060546875
59.6699981689453	7191.08251953125
59.6800003051758	7489.52001953125
59.689998626709	7393.72900390625
59.7000007629395	7521.43017578125
59.7099990844727	7516.9931640625
59.7200012207031	7652.666015625
59.7299995422363	7654.884765625
59.7400016784668	7434.05419921875
59.75	7650.5400390625
59.7599983215332	7672.548828125
59.7700004577637	7471.0859375
59.7799987792969	7438.80224609375
59.7900009155273	7382.79736328125
59.7999992370605	7390.82421875
59.810001373291	7377.990234375
59.8199996948242	7490.1201171875
59.8300018310547	7419.48095703125
59.8400001525879	7585.9677734375
59.8499984741211	7626.884765625
59.8600006103516	7534.62060546875
59.8699989318848	7548.56591796875
59.8800010681152	7768.58154296875
59.8899993896484	7744.4248046875
59.9000015258789	7662.64501953125
59.9099998474121	7723.81689453125
59.9199981689453	7752.44921875
59.9300003051758	7941.2724609375
59.939998626709	7832.2548828125
59.9500007629395	7682.876953125
59.9599990844727	7825.0751953125
59.9700012207031	8002.43603515625
59.9799995422363	7816.1640625
59.9900016784668	7466.01123046875
60	7622.88427734375
60.0099983215332	7850.7548828125
60.0200004577637	7766.66650390625
60.0299987792969	7822.38720703125
60.0400009155273	7975.888671875
60.0499992370605	7846.28125
60.060001373291	7858.4404296875
60.0699996948242	7791.40234375
60.0800018310547	8027.32861328125
60.0900001525879	8214.150390625
60.0999984741211	8037.95068359375
60.1100006103516	7771.12060546875
60.1199989318848	7878.6474609375
60.1300010681152	8034.5107421875
60.1399993896484	7798.1845703125
60.1500015258789	7815.21630859375
60.1599998474121	7862.03857421875
60.1699981689453	7714.1767578125
60.1800003051758	7716.4013671875
60.189998626709	7850.50048828125
60.2000007629395	7827.51513671875
60.2099990844727	7958.33349609375
60.2200012207031	7924.421875
60.2299995422363	7783.97119140625
60.2400016784668	7732.10888671875
60.25	7788.48046875
60.2599983215332	7915.92578125
60.2700004577637	7966.17138671875
60.2799987792969	7921
60.2900009155273	7897.85546875
60.2999992370605	7971.05322265625
60.310001373291	7912.74658203125
60.3199996948242	7836.97265625
60.3300018310547	7787.744140625
60.3400001525879	8103.25927734375
60.3499984741211	8334.0595703125
60.3600006103516	8066.0185546875
60.3699989318848	8039.736328125
60.3800010681152	8212.353515625
60.3899993896484	8284.7861328125
60.4000015258789	8273.779296875
60.4099998474121	8281.958984375
60.4199981689453	8114.08935546875
60.4300003051758	8269.1357421875
60.439998626709	8307.970703125
60.4500007629395	7906.48291015625
60.4599990844727	7893.76220703125
60.4700012207031	8037.1728515625
60.4799995422363	8223.7939453125
60.4900016784668	8378.287109375
60.5	8348.263671875
60.5099983215332	8241.353515625
60.5200004577637	7959.9638671875
60.5299987792969	7898.3330078125
60.5400009155273	7969.83251953125
60.5499992370605	8275.037109375
60.560001373291	8226.7666015625
60.5699996948242	8113.81103515625
60.5800018310547	7928.01513671875
60.5900001525879	8102.50048828125
60.5999984741211	8359.841796875
60.6100006103516	8350.90234375
60.6199989318848	8158.1640625
60.6300010681152	8212.84375
60.6399993896484	8288.623046875
60.6500015258789	8261.1240234375
60.6599998474121	8293.13671875
60.6699981689453	8083.59716796875
60.6800003051758	8083.81201171875
60.689998626709	8212.1494140625
60.7000007629395	8185.576171875
60.7099990844727	8354.357421875
60.7200012207031	8580.1435546875
60.7299995422363	8553.9375
60.7400016784668	8433.3291015625
60.75	8126.24560546875
60.7599983215332	8018.6806640625
60.7700004577637	8004.275390625
60.7799987792969	8107.07470703125
60.7900009155273	8365.291015625
60.7999992370605	8493.6328125
60.810001373291	8107.3251953125
60.8199996948242	8025.29345703125
60.8300018310547	8280.9375
60.8400001525879	8126.5498046875
60.8499984741211	8144.15478515625
60.8600006103516	8204.00390625
60.8699989318848	8290.638671875
60.8800010681152	8482.4404296875
60.8899993896484	8675.5068359375
60.9000015258789	8491.8408203125
60.9099998474121	8193.369140625
60.9199981689453	8362.15625
60.9300003051758	8443.9501953125
60.939998626709	8527.3544921875
60.9500007629395	8336.42578125
60.9599990844727	8365.2685546875
60.9700012207031	8740.4833984375
60.9799995422363	8560.87890625
60.9900016784668	8495.6630859375
61	8642.8359375
61.0099983215332	8505.10546875
61.0200004577637	8397.2294921875
61.0299987792969	8480.783203125
61.0400009155273	8421.1552734375
61.0499992370605	8552.4501953125
61.060001373291	8526.466796875
61.0699996948242	8543.5751953125
61.0800018310547	8542.046875
61.0900001525879	8296.6884765625
61.0999984741211	8228.599609375
61.1100006103516	8185.49267578125
61.1199989318848	8236.0009765625
61.1300010681152	8070.16943359375
61.1399993896484	8201.1533203125
61.1500015258789	8416.828125
61.1599998474121	8615.4501953125
61.1699981689453	8418.3134765625
61.1800003051758	8493.68359375
61.189998626709	8622.1630859375
61.2000007629395	8636.623046875
61.2099990844727	8776.4111328125
61.2200012207031	8755.193359375
61.2299995422363	8594.21484375
61.2400016784668	8490.3310546875
61.25	8523.6044921875
61.2599983215332	8565.388671875
61.2700004577637	8745.859375
61.2799987792969	8452.7177734375
61.2900009155273	8565.189453125
61.2999992370605	8592.08984375
61.310001373291	8337.546875
61.3199996948242	8398.8466796875
61.3300018310547	8800.275390625
61.3400001525879	8685.3359375
61.3499984741211	8519.56640625
61.3600006103516	8498.4404296875
61.3699989318848	8561.705078125
61.3800010681152	8751.447265625
61.3899993896484	8972.3125
61.4000015258789	8912.7783203125
61.4099998474121	8650.94921875
61.4199981689453	8550.31640625
61.4300003051758	8693.962890625
61.439998626709	8777.82421875
61.4500007629395	8899.8955078125
61.4599990844727	8732.41015625
61.4700012207031	8578.904296875
61.4799995422363	8687.4794921875
61.4900016784668	8475.6337890625
61.5	8666.1494140625
61.5099983215332	8662.869140625
61.5200004577637	8446.4580078125
61.5299987792969	8665.162109375
61.5400009155273	8919.6220703125
61.5499992370605	8620.51953125
61.560001373291	8668.5556640625
61.5699996948242	8834.541015625
61.5800018310547	8890.0498046875
61.5900001525879	8700.7734375
61.5999984741211	8961.8173828125
61.6100006103516	8821.4755859375
61.6199989318848	8757.404296875
61.6300010681152	9039.6064453125
61.6399993896484	9076.2509765625
61.6500015258789	9094.5576171875
61.6599998474121	9121.0302734375
61.6699981689453	8877.33984375
61.6800003051758	8719.7763671875
61.689998626709	8891.25390625
61.7000007629395	9180.7685546875
61.7099990844727	8911.525390625
61.7200012207031	8880.9638671875
61.7299995422363	9125.4580078125
61.7400016784668	8877.4931640625
61.75	8610.5107421875
61.7599983215332	8932.8837890625
61.7700004577637	8715.291015625
61.7799987792969	8645.5078125
61.7900009155273	8849.9296875
61.7999992370605	8766.685546875
61.810001373291	8874.9833984375
61.8199996948242	9000.8046875
61.8300018310547	9414.6455078125
61.8400001525879	9132.34375
61.8499984741211	9013.265625
61.8600006103516	8935.818359375
61.8699989318848	8923.3212890625
61.8800010681152	9034.1201171875
61.8899993896484	8898.2216796875
61.9000015258789	9278.0537109375
61.9099998474121	9141.6669921875
61.9199981689453	9127.89453125
61.9300003051758	8973.0244140625
61.939998626709	8577.0185546875
61.9500007629395	8812.50390625
61.9599990844727	8958.5166015625
61.9700012207031	9340.4169921875
61.9799995422363	9059.912109375
61.9900016784668	8999.8359375
62	8887.193359375
62.0099983215332	8868.3662109375
62.0200004577637	8955.5546875
62.0299987792969	9109.966796875
62.0400009155273	9182.7265625
62.0499992370605	9232.2333984375
62.060001373291	9225
62.0699996948242	9179.1015625
62.0800018310547	8881.53515625
62.0900001525879	8932.5986328125
62.0999984741211	8987.6611328125
62.1100006103516	9027.44921875
62.1199989318848	9102.1494140625
62.1300010681152	9117.7373046875
62.1399993896484	9100.4521484375
62.1500015258789	8948.224609375
62.1599998474121	9046.8203125
62.1699981689453	9004.9287109375
62.1800003051758	8891.9326171875
62.189998626709	9084.5009765625
62.2000007629395	9171.7421875
62.2099990844727	8943.75390625
62.2200012207031	9119.8369140625
62.2299995422363	9007.412109375
62.2400016784668	8908.0751953125
62.25	9061.759765625
62.2599983215332	8935.97265625
62.2700004577637	9104.7724609375
62.2799987792969	8932.525390625
62.2900009155273	9206.1650390625
62.2999992370605	9445.2451171875
62.310001373291	9066.1005859375
62.3199996948242	8768.3525390625
62.3300018310547	8834.6787109375
62.3400001525879	8803.2265625
62.3499984741211	8957.9287109375
62.3600006103516	8990.005859375
62.3699989318848	8781.828125
62.3800010681152	8713.234375
62.3899993896484	8745.1171875
62.4000015258789	8747.2529296875
62.4099998474121	9034.880859375
62.4199981689453	8969.8125
62.4300003051758	8901.3046875
62.439998626709	9172.41796875
62.4500007629395	9177.513671875
62.4599990844727	8876.90234375
62.4700012207031	8874.607421875
62.4799995422363	8765.2705078125
62.4900016784668	8943.416015625
62.5	8872.927734375
62.5099983215332	8680.19921875
62.5200004577637	8401.2392578125
62.5299987792969	9015.7421875
62.5400009155273	9056.548828125
62.5499992370605	8961.6328125
62.560001373291	9375.1904296875
62.5699996948242	9207.9306640625
62.5800018310547	8902.455078125
62.5900001525879	8682.5654296875
62.5999984741211	8924.771484375
62.6100006103516	8700.5126953125
62.6199989318848	8658.7333984375
62.6300010681152	9364.4619140625
62.6399993896484	8838.826171875
62.6500015258789	8716.505859375
62.6599998474121	9071.064453125
62.6699981689453	9089.0625
62.6800003051758	8931.1064453125
62.689998626709	8998.9716796875
62.7000007629395	9119.4892578125
62.7099990844727	9007.7548828125
62.7200012207031	9082.72265625
62.7299995422363	9132.9091796875
62.7400016784668	8951.8486328125
62.75	8689.4052734375
62.7599983215332	8840.2939453125
62.7700004577637	9034.875
62.7799987792969	8917.5703125
62.7900009155273	9083.3310546875
62.7999992370605	9134.275390625
62.810001373291	8927.4052734375
62.8199996948242	9006.90625
62.8300018310547	8873.603515625
62.8400001525879	9174.8203125
62.8499984741211	9277.6015625
62.8600006103516	9512.3193359375
62.8699989318848	9323.9091796875
62.8800010681152	9396.4736328125
62.8899993896484	9397.0009765625
62.9000015258789	8982.146484375
62.9099998474121	9046.0478515625
62.9199981689453	9009.9072265625
62.9300003051758	9010.115234375
62.939998626709	8867.4462890625
62.9500007629395	8880.4345703125
62.9599990844727	8911.6943359375
62.9700012207031	8702.3076171875
62.9799995422363	8731.1259765625
62.9900016784668	8780.99609375
63	8700.0361328125
63.0099983215332	8922.814453125
63.0200004577637	8671.796875
63.0299987792969	8887.92578125
63.0400009155273	8856.701171875
63.0499992370605	8907.21484375
63.060001373291	8720.5751953125
63.0699996948242	8673.5322265625
63.0800018310547	8715.310546875
63.0900001525879	9279.2548828125
63.0999984741211	8951.126953125
63.1100006103516	8697.1201171875
63.1199989318848	8667.3828125
63.1300010681152	8692.822265625
63.1399993896484	8902.486328125
63.1500015258789	9104.8037109375
63.1599998474121	9037.1669921875
63.1699981689453	8711.076171875
63.1800003051758	8665.2978515625
63.189998626709	8827.1064453125
63.2000007629395	8770.7236328125
63.2099990844727	8909.703125
63.2200012207031	8916.82421875
63.2299995422363	8811.443359375
63.2400016784668	8677.21484375
63.25	8885.62890625
63.2599983215332	8824.6748046875
63.2700004577637	8923.9697265625
63.2799987792969	8997.1064453125
63.2900009155273	8862.068359375
63.2999992370605	8819.44140625
63.310001373291	8932.4521484375
63.3199996948242	8741.8076171875
63.3300018310547	8968.02734375
63.3400001525879	9251.9990234375
63.3499984741211	8864.1884765625
63.3600006103516	8723.212890625
63.3699989318848	8620.12890625
63.3800010681152	8874.173828125
63.3899993896484	8972.265625
63.4000015258789	9020.6337890625
63.4099998474121	8757.7177734375
63.4199981689453	8753.669921875
63.4300003051758	8805.4736328125
63.439998626709	8867.138671875
63.4500007629395	8740.8115234375
63.4599990844727	8430.4521484375
63.4700012207031	8733.30859375
63.4799995422363	8924.0009765625
63.4900016784668	8591.5576171875
63.5	8699.416015625
63.5099983215332	8661.4794921875
63.5200004577637	8261.7958984375
63.5299987792969	8327.2626953125
63.5400009155273	8583.3330078125
63.5499992370605	8563.498046875
63.560001373291	8294.4833984375
63.5699996948242	8373.6416015625
63.5800018310547	8923.875
63.5900001525879	8773.419921875
63.5999984741211	8520.513671875
63.6100006103516	8557.5263671875
63.6199989318848	8339.2626953125
63.6300010681152	8764.4619140625
63.6399993896484	8518.990234375
63.6500015258789	8901.76171875
63.6599998474121	8673.2841796875
63.6699981689453	8521.3212890625
63.6800003051758	8462.490234375
63.689998626709	8414.0029296875
63.7000007629395	8610.0595703125
63.7099990844727	8392.033203125
63.7200012207031	8516.8662109375
63.7299995422363	8405.8046875
63.7400016784668	8636.5341796875
63.75	8823.1416015625
63.7599983215332	8911.1494140625
63.7700004577637	8680.8583984375
63.7799987792969	8512.7236328125
63.7900009155273	8584.3017578125
63.7999992370605	8583.64453125
63.810001373291	8327.65234375
63.8199996948242	8515.9208984375
63.8300018310547	8632.25
63.8400001525879	8481.5439453125
63.8499984741211	8570.7861328125
63.8600006103516	8249.37109375
63.8699989318848	8780.8994140625
63.8800010681152	8317.8642578125
63.8899993896484	8477.4775390625
63.9000015258789	8379.470703125
63.9099998474121	8467.650390625
63.9199981689453	8634.2138671875
63.9300003051758	8630.33984375
63.939998626709	8278.0341796875
63.9500007629395	8351.828125
63.9599990844727	8701.0546875
63.9700012207031	8876.2705078125
63.9799995422363	8903.7802734375
63.9900016784668	8954.5859375
64	8551.7900390625
64.0100021362305	8256.419921875
64.0199966430664	8085.56787109375
64.0299987792969	8622.7138671875
64.0400009155273	8732.47265625
64.0500030517578	8523.0458984375
64.0599975585938	8001.41259765625
64.0699996948242	8374.0703125
64.0800018310547	8519.978515625
64.0899963378906	8417.8154296875
64.0999984741211	8442.8056640625
64.1100006103516	8480.2109375
64.120002746582	8761.8193359375
64.129997253418	8657.5947265625
64.1399993896484	8641.6669921875
64.1500015258789	8645.294921875
64.1600036621094	8720.3271484375
64.1699981689453	8613.8173828125
64.1800003051758	8526.3623046875
64.1900024414063	8001.45166015625
64.1999969482422	8225.345703125
64.2099990844727	8228.5341796875
64.2200012207031	8110.21728515625
64.2300033569336	7962.03076171875
64.2399978637695	8060.64892578125
64.25	8333.46875
64.2600021362305	8729.92578125
64.2699966430664	8425.849609375
64.2799987792969	8039.4033203125
64.2900009155273	8193.8798828125
64.3000030517578	8256.8818359375
64.3099975585938	8434.26171875
64.3199996948242	8441.798828125
64.3300018310547	8014.99658203125
64.3399963378906	8205.1474609375
64.3499984741211	8564.8896484375
64.3600006103516	8504.94921875
64.370002746582	8187.677734375
64.379997253418	8307.1884765625
64.3899993896484	8271.88671875
64.4000015258789	8178.85791015625
64.4100036621094	8043.9189453125
64.4199981689453	7869.39794921875
64.4300003051758	7959.71337890625
64.4400024414063	8252.3984375
64.4499969482422	8331.84375
64.4599990844727	8544.5263671875
64.4700012207031	8629.4833984375
64.4800033569336	8497.185546875
64.4899978637695	8153.17041015625
64.5	8521.0517578125
64.5100021362305	8390.9365234375
64.5199966430664	8356.0966796875
64.5299987792969	8009.9521484375
64.5400009155273	8347.6630859375
64.5500030517578	8265.5146484375
64.5599975585938	8221.5927734375
64.5699996948242	8106.04443359375
64.5800018310547	8320.3671875
64.5899963378906	8146.08837890625
64.5999984741211	8007.4921875
64.6100006103516	8285.3427734375
64.620002746582	8040.62890625
64.629997253418	8006.7412109375
64.6399993896484	8281.6337890625
64.6500015258789	8547.033203125
64.6600036621094	8423.2490234375
64.6699981689453	8348.087890625
64.6800003051758	8273.2470703125
64.6900024414063	8547.9873046875
64.6999969482422	8088.3994140625
64.7099990844727	7945.58837890625
64.7200012207031	8123.77490234375
64.7300033569336	8063.23095703125
64.7399978637695	7902.35986328125
64.75	8020.79931640625
64.7600021362305	8223.0546875
64.7699966430664	8123.41162109375
64.7799987792969	8037.46533203125
64.7900009155273	7815.14306640625
64.8000030517578	7733.482421875
64.8099975585938	7751.29833984375
64.8199996948242	8287.9560546875
64.8300018310547	8070.95458984375
64.8399963378906	7832.515625
64.8499984741211	7783.33349609375
64.8600006103516	7781.255859375
64.870002746582	7651.8994140625
64.879997253418	7774.87646484375
64.8899993896484	7769.912109375
64.9000015258789	7995.41064453125
64.9100036621094	8254.3505859375
64.9199981689453	7966.66650390625
64.9300003051758	7964.8408203125
64.9400024414063	7822.39501953125
64.9499969482422	7619.29248046875
64.9599990844727	7832.35546875
64.9700012207031	7751.98681640625
64.9800033569336	7928.1083984375
64.9899978637695	8209.2158203125
65	8292.0068359375
65.0100021362305	8324.099609375
65.0199966430664	8231.9169921875
65.0299987792969	8081.14404296875
65.0400009155273	7843.185546875
65.0500030517578	8015.8369140625
65.0599975585938	7916.3369140625
65.0699996948242	7873.86962890625
65.0800018310547	7724.46337890625
65.0899963378906	7651.12890625
65.0999984741211	7818.53173828125
65.1100006103516	8106.7294921875
65.120002746582	7841.431640625
65.129997253418	7799.56201171875
65.1399993896484	7717.64208984375
65.1500015258789	7914.52978515625
65.1600036621094	7441.83837890625
65.1699981689453	7485.2978515625
65.1800003051758	8007.4365234375
65.1900024414063	7741.86572265625
65.1999969482422	7808.4853515625
65.2099990844727	7866.369140625
65.2200012207031	7733.07080078125
65.2300033569336	7591.8515625
65.2399978637695	7716.63916015625
65.25	7691.5517578125
65.2600021362305	7533.3505859375
65.2699966430664	7583.33203125
65.2799987792969	7649.97314453125
65.2900009155273	7899.8056640625
65.3000030517578	7900
65.3099975585938	7866.7177734375
65.3199996948242	7683.68212890625
65.3300018310547	7691.6474609375
65.3399963378906	7591.931640625
65.3499984741211	7575.05029296875
65.3600006103516	7400.59423828125
65.370002746582	7499.623046875
65.379997253418	7690.87255859375
65.3899993896484	7534.04833984375
65.4000015258789	7392.359375
65.4100036621094	7366.79833984375
65.4199981689453	7432.9580078125
65.4300003051758	7449.89990234375
65.4400024414063	7714.966796875
65.4499969482422	7774.6064453125
65.4599990844727	8023.220703125
65.4700012207031	7909.20703125
65.4800033569336	7478.4052734375
65.4899978637695	7598.9716796875
65.5	7657.83154296875
65.5100021362305	7559.22998046875
65.5199966430664	7285.90087890625
65.5299987792969	7687.703125
65.5400009155273	7666.91845703125
65.5500030517578	7691.40576171875
65.5599975585938	7699.90966796875
65.5699996948242	7477.515625
65.5800018310547	7211.41259765625
65.5899963378906	7233.03564453125
65.5999984741211	7282.71923828125
65.6100006103516	7818.1484375
65.620002746582	7528.90478515625
65.629997253418	7820.9853515625
65.6399993896484	7553.78076171875
65.6500015258789	7558.2158203125
65.6600036621094	7476.20654296875
65.6699981689453	7450.37109375
65.6800003051758	7597.71826171875
65.6900024414063	7394.91162109375
65.6999969482422	7383.46630859375
65.7099990844727	7317.75341796875
65.7200012207031	7734.58251953125
65.7300033569336	7782.62353515625
65.7399978637695	7570.435546875
65.75	7394.7744140625
65.7600021362305	7448.94287109375
65.7699966430664	7270.05517578125
65.7799987792969	7291.1953125
65.7900009155273	7446.95849609375
65.8000030517578	7760.46923828125
65.8099975585938	7309.3017578125
65.8199996948242	7389.806640625
65.8300018310547	7489.60107421875
65.8399963378906	7597.72314453125
65.8499984741211	7387.96484375
65.8600006103516	7106.15869140625
65.870002746582	7157.04443359375
65.879997253418	7361.98828125
65.8899993896484	7439.95556640625
65.9000015258789	7466.08740234375
65.9100036621094	7360.8828125
65.9199981689453	7399.00439453125
65.9300003051758	7318.6875
65.9400024414063	7414.2060546875
65.9499969482422	7522.29541015625
65.9599990844727	7313.81982421875
65.9700012207031	7308.33349609375
65.9800033569336	7397.61328125
65.9899978637695	7262.072265625
66	7266.44384765625
66.0100021362305	7145.05517578125
66.0199966430664	7190.29345703125
66.0299987792969	7118.7529296875
66.0400009155273	7278.6376953125
66.0500030517578	7299.5244140625
66.0599975585938	7210.98095703125
66.0699996948242	7216.4228515625
66.0800018310547	7337.9677734375
66.0899963378906	7317.41552734375
66.0999984741211	7276.26220703125
66.1100006103516	7396.16845703125
66.120002746582	7214.27587890625
66.129997253418	7297.12548828125
66.1399993896484	7525.9345703125
66.1500015258789	7484.9365234375
66.1600036621094	7233.37353515625
66.1699981689453	7039.61328125
66.1800003051758	6880.24365234375
66.1900024414063	7221.3408203125
66.1999969482422	7289.69384765625
66.2099990844727	7331.90966796875
66.2200012207031	7526.4296875
66.2300033569336	7259.87939453125
66.2399978637695	6968.60546875
66.25	7207.47802734375
66.2600021362305	7055.986328125
66.2699966430664	7451.55615234375
66.2799987792969	7482.72314453125
66.2900009155273	7049.96630859375
66.3000030517578	7081.4677734375
66.3099975585938	7171.5478515625
66.3199996948242	7030.70068359375
66.3300018310547	6760.546875
66.3399963378906	6902.2060546875
66.3499984741211	7012.43701171875
66.3600006103516	6864.5703125
66.370002746582	6994.37060546875
66.379997253418	7207.98193359375
66.3899993896484	7032.74853515625
66.4000015258789	6993.02587890625
66.4100036621094	6999.6572265625
66.4199981689453	7135.79296875
66.4300003051758	6981.9677734375
66.4400024414063	7054.82080078125
66.4499969482422	7337.60595703125
66.4599990844727	7238.3310546875
66.4700012207031	7097.78369140625
66.4800033569336	7115.57861328125
66.4899978637695	7013.08544921875
66.5	7502.16015625
66.5100021362305	7397.6064453125
66.5199966430664	7033.5
66.5299987792969	7064.4052734375
66.5400009155273	7305.27392578125
66.5500030517578	7253.06103515625
66.5599975585938	7337.4267578125
66.5699996948242	7158.93017578125
66.5800018310547	6919.67529296875
66.5899963378906	6948.0302734375
66.5999984741211	7045.23876953125
66.6100006103516	6970.66259765625
66.620002746582	7109.42333984375
66.629997253418	7211.80419921875
66.6399993896484	7018.5341796875
66.6500015258789	7119.248046875
66.6600036621094	6950.76708984375
66.6699981689453	6743.74462890625
66.6800003051758	6986.58349609375
66.6900024414063	7142.40283203125
66.6999969482422	7150
66.7099990844727	7165.8115234375
66.7200012207031	7103.44384765625
66.7300033569336	6949.8984375
66.7399978637695	6870.5908203125
66.75	7064.029296875
66.7600021362305	7193.3759765625
66.7699966430664	7144.77734375
66.7799987792969	7228.41455078125
66.7900009155273	7383.11767578125
66.8000030517578	7123.72607421875
66.8099975585938	6998.04345703125
66.8199996948242	7046.7919921875
66.8300018310547	6868.93701171875
66.8399963378906	7110.158203125
66.8499984741211	7148.60009765625
66.8600006103516	7063.49609375
66.870002746582	7074.0556640625
66.879997253418	6807.81103515625
66.8899993896484	6634.5517578125
66.9000015258789	6774.20703125
66.9100036621094	6838.28515625
66.9199981689453	7084.939453125
66.9300003051758	7217.67138671875
66.9400024414063	6911.31884765625
66.9499969482422	7040.61328125
66.9599990844727	6963.7978515625
66.9700012207031	6997.50244140625
66.9800033569336	7289.75048828125
66.9899978637695	7081.310546875
67	6878.85107421875
67.0100021362305	6913.6044921875
67.0199966430664	6901.0263671875
67.0299987792969	6790.55517578125
67.0400009155273	6916.1845703125
67.0500030517578	6628.14111328125
67.0599975585938	6795.75830078125
67.0699996948242	6855.17333984375
67.0800018310547	6928.56884765625
67.0899963378906	6808.51318359375
67.0999984741211	6761.00732421875
67.1100006103516	6984.41357421875
67.120002746582	6820.7568359375
67.129997253418	6660.31396484375
67.1399993896484	6899.2099609375
67.1500015258789	7002.30322265625
67.1600036621094	7023.8984375
67.1699981689453	6923.86328125
67.1800003051758	6924.44384765625
67.1900024414063	6878.353515625
67.1999969482422	6805.05419921875
67.2099990844727	6947.6123046875
67.2200012207031	6935.0341796875
67.2300033569336	7073.0810546875
67.2399978637695	6912.58935546875
67.25	6861.2080078125
67.2600021362305	6594.63671875
67.2699966430664	7203.00341796875
67.2799987792969	6831.47412109375
67.2900009155273	6482.3388671875
67.3000030517578	6930.7900390625
67.3099975585938	7253.14111328125
67.3199996948242	7073.76220703125
67.3300018310547	6895.8505859375
67.3399963378906	6867.8642578125
67.3499984741211	6758.41845703125
67.3600006103516	6873.67041015625
67.370002746582	6767.431640625
67.379997253418	6959.1611328125
67.3899993896484	6673.8603515625
67.4000015258789	6796.6591796875
67.4100036621094	6785.1845703125
67.4199981689453	6551.9228515625
67.4300003051758	6618.1552734375
67.4400024414063	6748.33544921875
67.4499969482422	7043.45068359375
67.4599990844727	6820.162109375
67.4700012207031	6684.48974609375
67.4800033569336	6713.490234375
67.4899978637695	7062.9638671875
67.5	7345.5322265625
67.5100021362305	6989.84130859375
67.5199966430664	6773.82763671875
67.5299987792969	6543.14892578125
67.5400009155273	6939.85888671875
67.5500030517578	7036.43994140625
67.5599975585938	7133.7958984375
67.5699996948242	7210.740234375
67.5800018310547	6955.80859375
67.5899963378906	6810.61767578125
67.5999984741211	6876.671875
67.6100006103516	6883.33349609375
67.620002746582	7005.92626953125
67.629997253418	6924.75244140625
67.6399993896484	6794.1552734375
67.6500015258789	6798.64208984375
67.6600036621094	6884.17041015625
67.6699981689453	6669.83642578125
67.6800003051758	6397.65625
67.6900024414063	6673.12548828125
67.6999969482422	6654.14990234375
67.7099990844727	6711.11328125
67.7200012207031	6594.47998046875
67.7300033569336	6552.796875
67.7399978637695	6626.31591796875
67.75	6778.2861328125
67.7600021362305	6601.00244140625
67.7699966430664	6636.70166015625
67.7799987792969	6755.98974609375
67.7900009155273	6667.619140625
67.8000030517578	6704.03271484375
67.8099975585938	6936.75439453125
67.8199996948242	6905.052734375
67.8300018310547	6664.11962890625
67.8399963378906	6611.240234375
67.8499984741211	6494.2724609375
67.8600006103516	6612.56005859375
67.870002746582	6450.220703125
67.879997253418	6539.68603515625
67.8899993896484	6793.01220703125
67.9000015258789	6771.11669921875
67.9100036621094	6705.953125
67.9199981689453	6965.53515625
67.9300003051758	6984.08251953125
67.9400024414063	6619.40771484375
67.9499969482422	6401.4296875
67.9599990844727	6466.6787109375
67.9700012207031	6687.08349609375
67.9800033569336	6632.61376953125
67.9899978637695	6715.833984375
68	6679.59765625
68.0100021362305	6894.3740234375
68.0199966430664	6863.7314453125
68.0299987792969	6699.57861328125
68.0400009155273	6607.76025390625
68.0500030517578	6630.2197265625
68.0599975585938	6633.33349609375
68.0699996948242	6973.083984375
68.0800018310547	7166.8330078125
68.0899963378906	6919.25244140625
68.0999984741211	6393.8447265625
68.1100006103516	6417.0703125
68.120002746582	6771.74462890625
68.129997253418	6431.55712890625
68.1399993896484	6451.931640625
68.1500015258789	6804.74609375
68.1600036621094	6502.892578125
68.1699981689453	6782.75537109375
68.1800003051758	6831.7138671875
68.1900024414063	6555.05126953125
68.1999969482422	6697.93115234375
68.2099990844727	6679.0849609375
68.2200012207031	6554.7763671875
68.2300033569336	6594.248046875
68.2399978637695	6645.05517578125
68.25	6657.5068359375
68.2600021362305	6530.75732421875
68.2699966430664	6584.185546875
68.2799987792969	6374.173828125
68.2900009155273	6342.50244140625
68.3000030517578	6559.0224609375
68.3099975585938	6583.33349609375
68.3199996948242	6485.958984375
68.3300018310547	6557.36767578125
68.3399963378906	6821.17822265625
68.3499984741211	6737.75048828125
68.3600006103516	6493.0908203125
68.370002746582	6750.85400390625
68.379997253418	6775.85693359375
68.3899993896484	6894.5830078125
68.4000015258789	6743.95751953125
68.4100036621094	6777.28515625
68.4199981689453	6611.5927734375
68.4300003051758	6487.16162109375
68.4400024414063	7057.0625
68.4499969482422	7221.98046875
68.4599990844727	6569.5966796875
68.4700012207031	6454.3896484375
68.4800033569336	6740.67138671875
68.4899978637695	6685.59033203125
68.5	6667.55126953125
68.5100021362305	6696.45166015625
68.5199966430664	6692.55615234375
68.5299987792969	6736.31640625
68.5400009155273	6801.181640625
68.5500030517578	6607.5322265625
68.5599975585938	6821.24658203125
68.5699996948242	6879.72998046875
68.5800018310547	6593.5537109375
68.5899963378906	6365.2060546875
68.5999984741211	7061.96044921875
68.6100006103516	6853.06201171875
68.620002746582	6653.400390625
68.629997253418	6722.3603515625
68.6399993896484	6770.41650390625
68.6500015258789	6426.52197265625
68.6600036621094	6553.8134765625
68.6699981689453	6789.88818359375
68.6800003051758	6749.99755859375
68.6900024414063	6578.74658203125
68.6999969482422	6565.736328125
68.7099990844727	6870.10693359375
68.7200012207031	6826.947265625
68.7300033569336	6713.115234375
68.7399978637695	7106.6865234375
68.75	6855.2578125
68.7600021362305	6683.64892578125
68.7699966430664	6718.38037109375
68.7799987792969	6436.9677734375
68.7900009155273	6370.46728515625
68.8000030517578	6617.62158203125
68.8099975585938	6539.3173828125
68.8199996948242	6488.11669921875
68.8300018310547	6616.0732421875
68.8399963378906	6655.4501953125
68.8499984741211	6724.6640625
68.8600006103516	6519.6650390625
68.870002746582	6631.61474609375
68.879997253418	6598.45556640625
68.8899993896484	6510.69189453125
68.9000015258789	6463.2041015625
68.9100036621094	6708.47119140625
68.9199981689453	6432.763671875
68.9300003051758	6450.48779296875
68.9400024414063	6333.37451171875
68.9499969482422	6412.1953125
68.9599990844727	6652.73193359375
68.9700012207031	6639.26904296875
68.9800033569336	6398.392578125
68.9899978637695	6396.02587890625
69	6598.11572265625
69.0100021362305	6735.0322265625
69.0199966430664	6940.6669921875
69.0299987792969	6798.048828125
69.0400009155273	6555.12744140625
69.0500030517578	6510.34619140625
69.0599975585938	6618.2060546875
69.0699996948242	6486.87890625
69.0800018310547	6525.2314453125
69.0899963378906	6650.42919921875
69.0999984741211	6571.5537109375
69.1100006103516	6602.21923828125
69.120002746582	6527.8994140625
69.129997253418	6494.736328125
69.1399993896484	6411.27880859375
69.1500015258789	6626.48291015625
69.1600036621094	6811.71337890625
69.1699981689453	6767.61767578125
69.1800003051758	6787.53173828125
69.1900024414063	6645.71533203125
69.1999969482422	6435.3173828125
69.2099990844727	6503.1474609375
69.2200012207031	6852.068359375
69.2300033569336	6776.08251953125
69.2399978637695	6794.76953125
69.25	6785.4296875
69.2600021362305	6674.0869140625
69.2699966430664	6578.24169921875
69.2799987792969	6399.25
69.2900009155273	6353.1689453125
69.3000030517578	6437.298828125
69.3099975585938	6653.64013671875
69.3199996948242	6719.6875
69.3300018310547	6688.65625
69.3399963378906	6988.53662109375
69.3499984741211	6750.00927734375
69.3600006103516	6512.24072265625
69.370002746582	6592.2431640625
69.379997253418	6579.298828125
69.3899993896484	6807.21240234375
69.4000015258789	6348.3525390625
69.4100036621094	6543.3466796875
69.4199981689453	6597.83447265625
69.4300003051758	6614.4970703125
69.4400024414063	6638.40625
69.4499969482422	6873.49365234375
69.4599990844727	6763.4814453125
69.4700012207031	6604.09521484375
69.4800033569336	6561.61767578125
69.4899978637695	6594.5166015625
69.5	6715.75439453125
69.5100021362305	7051.5703125
69.5199966430664	6883.07958984375
69.5299987792969	6510.25048828125
69.5400009155273	6552.28076171875
69.5500030517578	7007.37744140625
69.5599975585938	6735.5283203125
69.5699996948242	6293.408203125
69.5800018310547	6493.212890625
69.5899963378906	6757.05810546875
69.5999984741211	6878.24609375
69.6100006103516	6769.04541015625
69.620002746582	6663.46728515625
69.629997253418	6628.37255859375
69.6399993896484	6646.62158203125
69.6500015258789	6635.58935546875
69.6600036621094	6813.416015625
69.6699981689453	6740.84765625
69.6800003051758	6653.005859375
69.6900024414063	6576.88916015625
69.6999969482422	6796.92529296875
69.7099990844727	6862.10791015625
69.7200012207031	6672.48974609375
69.7300033569336	6533.8193359375
69.7399978637695	6545.41845703125
69.75	6528.44189453125
69.7600021362305	6517.81591796875
69.7699966430664	6696.22119140625
69.7799987792969	6760.9013671875
69.7900009155273	6522.60205078125
69.8000030517578	6784.74560546875
69.8099975585938	6632.44482421875
69.8199996948242	6614.34521484375
69.8300018310547	6817.44921875
69.8399963378906	6778.31103515625
69.8499984741211	6881.33935546875
69.8600006103516	6706.541015625
69.870002746582	6818.265625
69.879997253418	6727.08447265625
69.8899993896484	6672.53564453125
69.9000015258789	6845.60791015625
69.9100036621094	6882.15576171875
69.9199981689453	6933.41064453125
69.9300003051758	6762.865234375
69.9400024414063	6733.33349609375
69.9499969482422	7012.11865234375
69.9599990844727	6915.4033203125
69.9700012207031	6598.736328125
69.9800033569336	6664.28466796875
69.9899978637695	6761.8837890625
70	6703.60888671875
70.0100021362305	6813
70.0199966430664	6662.0830078125
70.0299987792969	6840.20751953125
70.0400009155273	6974.8447265625
70.0500030517578	6884.7177734375
70.0599975585938	6823.89794921875
70.0699996948242	6838.04541015625
70.0800018310547	6912.9111328125
70.0899963378906	6832.40576171875
70.0999984741211	6959.0830078125
70.1100006103516	6805.35791015625
70.120002746582	6888.875
70.129997253418	6943.91015625
70.1399993896484	6765.046875
70.1500015258789	6989.357421875
70.1600036621094	7168.4228515625
70.1699981689453	6935.7724609375
70.1800003051758	6699.79443359375
70.1900024414063	6780.33984375
70.1999969482422	6480.3740234375
70.2099990844727	6616.72705078125
70.2200012207031	6877.17529296875
70.2300033569336	6810.205078125
70.2399978637695	6770.3798828125
70.25	6844.69921875
70.2600021362305	6588.83349609375
70.2699966430664	6598.38916015625
70.2799987792969	6750.1044921875
70.2900009155273	6831.6943359375
70.3000030517578	6855.8369140625
70.3099975585938	6964.58203125
70.3199996948242	7132.044921875
70.3300018310547	6783.10693359375
70.3399963378906	6596.3408203125
70.3499984741211	6688.2197265625
70.3600006103516	6715.40771484375
70.370002746582	6787.39404296875
70.379997253418	6920.20654296875
70.3899993896484	6772.0048828125
70.4000015258789	6826.4765625
70.4100036621094	6891.126953125
70.4199981689453	6970.64013671875
70.4300003051758	6955.083984375
70.4400024414063	6822.91015625
70.4499969482422	6927.05908203125
70.4599990844727	6844.1435546875
70.4700012207031	6747.390625
70.4800033569336	6789.7626953125
70.4899978637695	7004.50634765625
70.5	6879.51171875
70.5100021362305	6962.77587890625
70.5199966430664	6969.23974609375
70.5299987792969	6762.359375
70.5400009155273	6577.08935546875
70.5500030517578	6782.375
70.5599975585938	6916.51953125
70.5699996948242	6975.56298828125
70.5800018310547	6828.52880859375
70.5899963378906	6947.73193359375
70.5999984741211	6953.900390625
70.6100006103516	6837.49658203125
70.620002746582	6936.1728515625
70.629997253418	7084.83935546875
70.6399993896484	6995.91064453125
70.6500015258789	7073.34619140625
70.6600036621094	6965.251953125
70.6699981689453	6899.53857421875
70.6800003051758	7032.060546875
70.6900024414063	6995.17138671875
70.6999969482422	6772.8427734375
70.7099990844727	7091.08203125
70.7200012207031	6870.7998046875
70.7300033569336	6865.74609375
70.7399978637695	6959.1162109375
70.75	7115.16064453125
70.7600021362305	7043.57763671875
70.7699966430664	7081.03759765625
70.7799987792969	7238.73095703125
70.7900009155273	7042.6220703125
70.8000030517578	7027.9990234375
70.8099975585938	6991.3447265625
70.8199996948242	6787.4326171875
70.8300018310547	6924.8701171875
70.8399963378906	7168.12841796875
70.8499984741211	7180.3671875
70.8600006103516	7042.19189453125
70.870002746582	7051.60791015625
70.879997253418	7107.23974609375
70.8899993896484	7046.81689453125
70.9000015258789	6760.98193359375
70.9100036621094	6931.7490234375
70.9199981689453	7505.48876953125
70.9300003051758	7266.38720703125
70.9400024414063	7067.439453125
70.9499969482422	7327.65185546875
70.9599990844727	7243.8603515625
70.9700012207031	7084.1982421875
70.9800033569336	7065.3037109375
70.9899978637695	7275.73046875
71	7309.69970703125
71.0100021362305	7050.6064453125
71.0199966430664	7083.56787109375
71.0299987792969	7232.28515625
71.0400009155273	7084.31396484375
71.0500030517578	7133.51025390625
71.0599975585938	7115.2119140625
71.0699996948242	7087.46533203125
71.0800018310547	7173.74072265625
71.0899963378906	7191.66650390625
71.0999984741211	7233.3740234375
71.1100006103516	7151.3212890625
71.120002746582	6959.6318359375
71.129997253418	7140.34033203125
71.1399993896484	7294.45166015625
71.1500015258789	7129.197265625
71.1600036621094	7181.9091796875
71.1699981689453	7165.29931640625
71.1800003051758	7165.27197265625
71.1900024414063	7333.1552734375
71.1999969482422	7172.47412109375
71.2099990844727	7119.46533203125
71.2200012207031	7262.2451171875
71.2300033569336	7444.14306640625
71.2399978637695	7371.06201171875
71.25	7100.60498046875
71.2600021362305	7140.0390625
71.2699966430664	7054.46533203125
71.2799987792969	7379.48193359375
71.2900009155273	7512.29296875
71.3000030517578	7365.84326171875
71.3099975585938	7063.51904296875
71.3199996948242	7305.75439453125
71.3300018310547	7304.4296875
71.3399963378906	7091.169921875
71.3499984741211	7257.3642578125
71.3600006103516	7576.42431640625
71.370002746582	7591.87890625
71.379997253418	7362.29248046875
71.3899993896484	7171.640625
71.4000015258789	6982.86376953125
71.4100036621094	7122.5732421875
71.4199981689453	7468.896484375
71.4300003051758	7540.2333984375
71.4400024414063	7383.00439453125
71.4499969482422	7412.0712890625
71.4599990844727	7618.06884765625
71.4700012207031	7582.50146484375
71.4800033569336	7649.3740234375
71.4899978637695	7611.54052734375
71.5	7503.55078125
71.5100021362305	7538.43505859375
71.5199966430664	7302.09619140625
71.5299987792969	7401.4638671875
71.5400009155273	7557.23095703125
71.5500030517578	7473.22607421875
71.5599975585938	7539.4423828125
71.5699996948242	7448.2744140625
71.5800018310547	7473.14013671875
71.5899963378906	7366.44677734375
71.5999984741211	7300.42138671875
71.6100006103516	7381.01171875
71.620002746582	7592.3935546875
71.629997253418	7605.8544921875
71.6399993896484	7600
71.6500015258789	7524.4658203125
71.6600036621094	7391.6240234375
71.6699981689453	7586.30712890625
71.6800003051758	7523.537109375
71.6900024414063	7383.36669921875
71.6999969482422	7577.8310546875
71.7099990844727	7638.7158203125
71.7200012207031	7682.8046875
71.7300033569336	7636.82763671875
71.7399978637695	7638.70703125
71.75	7634.81494140625
71.7600021362305	7694.9873046875
71.7699966430664	7578.20263671875
71.7799987792969	7474.67724609375
71.7900009155273	7424.10302734375
71.8000030517578	7320.84228515625
71.8099975585938	7601.09716796875
71.8199996948242	7680.35009765625
71.8300018310547	7580.73046875
71.8399963378906	7592.52685546875
71.8499984741211	7729.908203125
71.8600006103516	7560.09423828125
71.870002746582	7537.169921875
71.879997253418	7555.33251953125
71.8899993896484	7387.546875
71.9000015258789	7404.64013671875
71.9100036621094	7375.6953125
71.9199981689453	7776.29345703125
71.9300003051758	7634.59375
71.9400024414063	7644.75146484375
71.9499969482422	7706.0927734375
71.9599990844727	7709.84521484375
71.9700012207031	7490.0966796875
71.9800033569336	7434.84814453125
71.9899978637695	7556.03955078125
72	7678.75146484375
72.0100021362305	7625.04443359375
72.0199966430664	7547.01904296875
72.0299987792969	7792.162109375
72.0400009155273	7754.662109375
72.0500030517578	7937.5859375
72.0599975585938	7962.912109375
72.0699996948242	7815.41650390625
72.0800018310547	7830.96240234375
72.0899963378906	7930.10205078125
72.0999984741211	7929.59619140625
72.1100006103516	7925
72.120002746582	8088.1630859375
72.129997253418	8315.3173828125
72.1399993896484	7991.36962890625
72.1500015258789	7894.7451171875
72.1600036621094	7898.45947265625
72.1699981689453	7866.04296875
72.1800003051758	7681.79443359375
72.1900024414063	7858.900390625
72.1999969482422	8057.650390625
72.2099990844727	8227.3818359375
72.2200012207031	7925.90087890625
72.2300033569336	7775.3876953125
72.2399978637695	7873.619140625
72.25	8266.1259765625
72.2600021362305	8282.212890625
72.2699966430664	8015.90576171875
72.2799987792969	7917.677734375
72.2900009155273	8030.27490234375
72.3000030517578	7861.91259765625
72.3099975585938	7931.7861328125
72.3199996948242	8066.65869140625
72.3300018310547	7996.9013671875
72.3399963378906	7826.11376953125
72.3499984741211	7764.60205078125
72.3600006103516	7947.74658203125
72.370002746582	7937.5595703125
72.379997253418	8195.4794921875
72.3899993896484	7954.1064453125
72.4000015258789	7903.61083984375
72.4100036621094	7962.39599609375
72.4199981689453	8441.1953125
72.4300003051758	8367.61328125
72.4400024414063	7926.5322265625
72.4499969482422	7779.31494140625
72.4599990844727	8050.20556640625
72.4700012207031	8170.6630859375
72.4800033569336	8271.0595703125
72.4899978637695	8149.98388671875
72.5	7948.03076171875
72.5100021362305	8009.494140625
72.5199966430664	8013.10546875
72.5299987792969	8042.0400390625
72.5400009155273	8231.978515625
72.5500030517578	8659.0986328125
72.5599975585938	8763.474609375
72.5699996948242	8436.6103515625
72.5800018310547	8142.830078125
72.5899963378906	8307.1259765625
72.5999984741211	8311.2109375
72.6100006103516	8138.470703125
72.620002746582	8328.787109375
72.629997253418	8302.6015625
72.6399993896484	8397.6806640625
72.6500015258789	8317.400390625
72.6600036621094	8264.7724609375
72.6699981689453	8291.9443359375
72.6800003051758	8360.48828125
72.6900024414063	8301.0849609375
72.6999969482422	8431.1328125
72.7099990844727	8661.4541015625
72.7200012207031	8432.9990234375
72.7300033569336	8286.09765625
72.7399978637695	8528.46484375
72.75	8356.7666015625
72.7600021362305	8253.029296875
72.7699966430664	8302.044921875
72.7799987792969	8363.6181640625
72.7900009155273	8495.708984375
72.8000030517578	8350.677734375
72.8099975585938	8315.037109375
72.8199996948242	8450.70703125
72.8300018310547	8463.2314453125
72.8399963378906	8485.130859375
72.8499984741211	8551.9482421875
72.8600006103516	8191.65478515625
72.870002746582	8414.6796875
72.879997253418	8799.5888671875
72.8899993896484	8687.6064453125
72.9000015258789	8802.2578125
72.9100036621094	8768.0771484375
72.9199981689453	8602.8505859375
72.9300003051758	8580.041015625
72.9400024414063	8737.1103515625
72.9499969482422	8567.7763671875
72.9599990844727	8182.50146484375
72.9700012207031	8407.37109375
72.9800033569336	8804.00390625
72.9899978637695	8602.8017578125
73	8586.7568359375
73.0100021362305	8700.1494140625
73.0199966430664	8911.9091796875
73.0299987792969	8898.267578125
73.0400009155273	8523.0087890625
73.0500030517578	8553.41796875
73.0599975585938	8563.3232421875
73.0699996948242	8598.345703125
73.0800018310547	8708.3447265625
73.0899963378906	8739.9990234375
73.0999984741211	8521.7294921875
73.1100006103516	8646.5791015625
73.120002746582	8678.3427734375
73.129997253418	8655.017578125
73.1399993896484	8703.275390625
73.1500015258789	8723.3251953125
73.1600036621094	8571.892578125
73.1699981689453	8579.921875
73.1800003051758	8578.3583984375
73.1900024414063	8708.05859375
73.1999969482422	8648.5439453125
73.2099990844727	8505.294921875
73.2200012207031	8860.640625
73.2300033569336	8951.685546875
73.2399978637695	8943.353515625
73.25	8881.861328125
73.2600021362305	8926.4599609375
73.2699966430664	8675.9697265625
73.2799987792969	8761.0791015625
73.2900009155273	8999.1943359375
73.3000030517578	8996.8916015625
73.3099975585938	8877.138671875
73.3199996948242	8790.27734375
73.3300018310547	8828.076171875
73.3399963378906	8768.7001953125
73.3499984741211	8803.0556640625
73.3600006103516	9022.2177734375
73.370002746582	9081.62890625
73.379997253418	9268.9189453125
73.3899993896484	8885.927734375
73.4000015258789	8900.8837890625
73.4100036621094	8787.6015625
73.4199981689453	8968.5546875
73.4300003051758	9064.7294921875
73.4400024414063	8949.21484375
73.4499969482422	9049.0458984375
73.4599990844727	8851.71484375
73.4700012207031	8983.541015625
73.4800033569336	9284.7060546875
73.4899978637695	9131.74609375
73.5	8883.23828125
73.5100021362305	8654.83203125
73.5199966430664	8965.2666015625
73.5299987792969	9111.2021484375
73.5400009155273	8880.5302734375
73.5500030517578	9226.23828125
73.5599975585938	9293.705078125
73.5699996948242	9025.80078125
73.5800018310547	8786.6787109375
73.5899963378906	9269.732421875
73.5999984741211	9223.546875
73.6100006103516	8871.4814453125
73.620002746582	8646.5341796875
73.629997253418	9010.66796875
73.6399993896484	9499.1396484375
73.6500015258789	9547.255859375
73.6600036621094	9104.8671875
73.6699981689453	9050.9814453125
73.6800003051758	9178.68359375
73.6900024414063	9333.50390625
73.6999969482422	9149.3076171875
73.7099990844727	9045.5693359375
73.7200012207031	9250.607421875
73.7300033569336	9301.7509765625
73.7399978637695	9201.2783203125
73.75	9188.16015625
73.7600021362305	9106.140625
73.7699966430664	9076.755859375
73.7799987792969	9265.7138671875
73.7900009155273	9323.2421875
73.8000030517578	9160.65625
73.8099975585938	8899.775390625
73.8199996948242	8920.5205078125
73.8300018310547	9158.4736328125
73.8399963378906	9321.7646484375
73.8499984741211	8936.2578125
73.8600006103516	9120.47265625
73.870002746582	9272.212890625
73.879997253418	9613.27734375
73.8899993896484	9483.447265625
73.9000015258789	9287.220703125
73.9100036621094	9295.9169921875
73.9199981689453	9373.9169921875
73.9300003051758	9267.08203125
73.9400024414063	9351.337890625
73.9499969482422	9396.4423828125
73.9599990844727	9360.6806640625
73.9700012207031	9330.34375
73.9800033569336	9305.34765625
73.9899978637695	9339.2958984375
74	9166.6533203125
74.0100021362305	9097.0263671875
74.0199966430664	9111.3037109375
74.0299987792969	9090.4892578125
74.0400009155273	9240.3642578125
74.0500030517578	9302.9580078125
74.0599975585938	9118.6611328125
74.0699996948242	9236.68359375
74.0800018310547	9224.4931640625
74.0899963378906	9548.2353515625
74.0999984741211	9778.908203125
74.1100006103516	9627.1806640625
74.120002746582	9503.1396484375
74.129997253418	9574.7734375
74.1399993896484	9756.7236328125
74.1500015258789	9460.498046875
74.1600036621094	9131.6728515625
74.1699981689453	9092.7724609375
74.1800003051758	9263.1259765625
74.1900024414063	9367.046875
74.1999969482422	9592.052734375
74.2099990844727	9480.4482421875
74.2200012207031	9107.3369140625
74.2300033569336	8971.0361328125
74.2399978637695	9134.302734375
74.25	9222.4296875
74.2600021362305	9409.2333984375
74.2699966430664	9412.73828125
74.2799987792969	9146.0224609375
74.2900009155273	9231.263671875
74.3000030517578	9483.310546875
74.3099975585938	9587.2255859375
74.3199996948242	9534.9287109375
74.3300018310547	9386.5498046875
74.3399963378906	9115.8359375
74.3499984741211	9323.138671875
74.3600006103516	9484.5263671875
74.370002746582	9352.3154296875
74.379997253418	9126.3486328125
74.3899993896484	9211.4619140625
74.4000015258789	9373.4404296875
74.4100036621094	9291.412109375
74.4199981689453	9219.3671875
74.4300003051758	9565.451171875
74.4400024414063	9653.68359375
74.4499969482422	9721.3955078125
74.4599990844727	9274.4443359375
74.4700012207031	9277.9130859375
74.4800033569336	9478.8330078125
74.4899978637695	9440.6904296875
74.5	9624.1572265625
74.5100021362305	9774.0927734375
74.5199966430664	9326.849609375
74.5299987792969	9217.587890625
74.5400009155273	9276.83203125
74.5500030517578	9570.2060546875
74.5599975585938	9811.9091796875
74.5699996948242	9592.8544921875
74.5800018310547	9574.9306640625
74.5899963378906	9565.7763671875
74.5999984741211	9519.505859375
74.6100006103516	9553.623046875
74.620002746582	9456.69921875
74.629997253418	9509.076171875
74.6399993896484	9468.671875
74.6500015258789	9320.7041015625
74.6600036621094	9270.40625
74.6699981689453	9434.685546875
74.6800003051758	9774.076171875
74.6900024414063	9845.4140625
74.6999969482422	10035.41796875
74.7099990844727	10059.380859375
74.7200012207031	9759.48828125
74.7300033569336	9597.5458984375
74.7399978637695	9633.0791015625
74.75	9695.1640625
74.7600021362305	9482.560546875
74.7699966430664	9423.1162109375
74.7799987792969	9495.9287109375
74.7900009155273	9716.517578125
74.8000030517578	9401.1611328125
74.8099975585938	9091.896484375
74.8199996948242	9200.849609375
74.8300018310547	9572.0810546875
74.8399963378906	9705.30859375
74.8499984741211	9549.2509765625
74.8600006103516	9474.2490234375
74.870002746582	9389.4287109375
74.879997253418	9411.712890625
74.8899993896484	9708.0908203125
74.9000015258789	9920.318359375
74.9100036621094	10009.783203125
74.9199981689453	9922.1201171875
74.9300003051758	9705.234375
74.9400024414063	9328.6298828125
74.9499969482422	9329.724609375
74.9599990844727	9435.4306640625
74.9700012207031	9317.015625
74.9800033569336	9448.3994140625
74.9899978637695	9724.732421875
75	9682.533203125
75.0100021362305	9816.8759765625
75.0199966430664	9853.8330078125
75.0299987792969	9779.4267578125
75.0400009155273	9617.2158203125
75.0500030517578	9664.783203125
75.0599975585938	9454.4296875
75.0699996948242	9594.8798828125
75.0800018310547	9594.2412109375
75.0899963378906	9350.7236328125
75.0999984741211	9738.2021484375
75.1100006103516	9670.0302734375
75.120002746582	9403.4052734375
75.129997253418	9277.6396484375
75.1399993896484	9277.537109375
75.1500015258789	9520.1357421875
75.1600036621094	9822.0224609375
75.1699981689453	9520.6142578125
75.1800003051758	9670.5751953125
75.1900024414063	9686.0517578125
75.1999969482422	9621.912109375
75.2099990844727	9621.1181640625
75.2200012207031	9797.5546875
75.2300033569336	9798.8828125
75.2399978637695	9725.8388671875
75.25	9670.01171875
75.2600021362305	9517.8486328125
75.2699966430664	9557.99609375
75.2799987792969	9557.80078125
75.2900009155273	9524.47265625
75.3000030517578	9472.00390625
75.3099975585938	9464.712890625
75.3199996948242	9371
75.3300018310547	9335.2900390625
75.3399963378906	9664.8408203125
75.3499984741211	9588.2001953125
75.3600006103516	9316.66796875
75.370002746582	9288.2275390625
75.379997253418	9261.78125
75.3899993896484	9256.3681640625
75.4000015258789	9462.083984375
75.4100036621094	9614.1220703125
75.4199981689453	9673.4892578125
75.4300003051758	9435.1669921875
75.4400024414063	9581
75.4499969482422	9688.1630859375
75.4599990844727	9833.5439453125
75.4700012207031	9582.53515625
75.4800033569336	9440.8134765625
75.4899978637695	9310.60546875
75.5	9395.724609375
75.5100021362305	9287.2236328125
75.5199966430664	9279.7744140625
75.5299987792969	9101.16796875
75.5400009155273	9219.427734375
75.5500030517578	9211.52734375
75.5599975585938	9343.96875
75.5699996948242	9417.044921875
75.5800018310547	9418.65625
75.5899963378906	9378.615234375
75.5999984741211	9252.5361328125
75.6100006103516	9489.25390625
75.620002746582	9340.4970703125
75.629997253418	9184.291015625
75.6399993896484	9132.9921875
75.6500015258789	9169.3369140625
75.6600036621094	8961.6943359375
75.6699981689453	8967.640625
75.6800003051758	9042.3056640625
75.6900024414063	9216.5458984375
75.6999969482422	9361.57421875
75.7099990844727	9252.4990234375
75.7200012207031	9284.2265625
75.7300033569336	8846.7470703125
75.7399978637695	8895.974609375
75.75	9318.595703125
75.7600021362305	9401.73828125
75.7699966430664	9404.3017578125
75.7799987792969	9370.435546875
75.7900009155273	9453.0576171875
75.8000030517578	9388.62890625
75.8099975585938	9276.2744140625
75.8199996948242	9496.125
75.8300018310547	9499.28515625
75.8399963378906	9279.4462890625
75.8499984741211	9286.0419921875
75.8600006103516	9383.9990234375
75.870002746582	9364.205078125
75.879997253418	9167.220703125
75.8899993896484	9070.525390625
75.9000015258789	9524.5322265625
75.9100036621094	9693.8955078125
75.9199981689453	9303.2734375
75.9300003051758	8923.1650390625
75.9400024414063	9049.3857421875
75.9499969482422	9248.822265625
75.9599990844727	9216.166015625
75.9700012207031	9015.5361328125
75.9800033569336	9084.11328125
75.9899978637695	9351.3544921875
76	9179.8359375
76.0100021362305	9363.96484375
76.0199966430664	9248.9287109375
76.0299987792969	9158.205078125
76.0400009155273	9338.421875
76.0500030517578	9789.3193359375
76.0599975585938	9609.046875
76.0699996948242	9320.0361328125
76.0800018310547	9038.7021484375
76.0899963378906	9154.880859375
76.0999984741211	9110.0361328125
76.1100006103516	9300.7568359375
76.120002746582	9519.201171875
76.129997253418	9510.2529296875
76.1399993896484	9190.8583984375
76.1500015258789	9323.4873046875
76.1600036621094	9331.095703125
76.1699981689453	9364.697265625
76.1800003051758	9301.9375
76.1900024414063	8987.0478515625
76.1999969482422	8947.9921875
76.2099990844727	9160.634765625
76.2200012207031	9187.4658203125
76.2300033569336	9074.9326171875
76.2399978637695	9160.4697265625
76.25	8681.1328125
76.2600021362305	8770.8330078125
76.2699966430664	9064.537109375
76.2799987792969	9227.041015625
76.2900009155273	9039.7314453125
76.3000030517578	8835.53515625
76.3099975585938	8779.1806640625
76.3199996948242	8949.7626953125
76.3300018310547	9095.6943359375
76.3399963378906	9062.61328125
76.3499984741211	9110.2763671875
76.3600006103516	9170.748046875
76.370002746582	9270.615234375
76.379997253418	8994.583984375
76.3899993896484	8686.025390625
76.4000015258789	8710.1181640625
76.4100036621094	8841.326171875
76.4199981689453	9005.7724609375
76.4300003051758	8993.9677734375
76.4400024414063	8775.8193359375
76.4499969482422	8801.677734375
76.4599990844727	8796.00390625
76.4700012207031	8988.5966796875
76.4800033569336	9045.896484375
76.4899978637695	9178.4453125
76.5	9169.0576171875
76.5100021362305	9050.5703125
76.5199966430664	8985.6025390625
76.5299987792969	8962.5771484375
76.5400009155273	9076.3232421875
76.5500030517578	9004.9130859375
76.5599975585938	8817.6962890625
76.5699996948242	9083.154296875
76.5800018310547	9390.201171875
76.5899963378906	9048.9521484375
76.5999984741211	9013.7548828125
76.6100006103516	9279.3935546875
76.620002746582	9190.9775390625
76.629997253418	9207.6962890625
76.6399993896484	9053.6650390625
76.6500015258789	9078.3828125
76.6600036621094	9102.140625
76.6699981689453	9050.4716796875
76.6800003051758	8928.1103515625
76.6900024414063	8904.04296875
76.6999969482422	8933.080078125
76.7099990844727	8694.2587890625
76.7200012207031	8732.0078125
76.7300033569336	9028.47265625
76.7399978637695	9011.5927734375
76.75	8925.5654296875
76.7600021362305	8895.9775390625
76.7699966430664	9009.017578125
76.7799987792969	8982.076171875
76.7900009155273	8983.02734375
76.8000030517578	8979.3232421875
76.8099975585938	8610.943359375
76.8199996948242	8538.8544921875
76.8300018310547	8737.1904296875
76.8399963378906	8886.32421875
76.8499984741211	8848.8564453125
76.8600006103516	8658.59765625
76.870002746582	8661.615234375
76.879997253418	8757.25390625
76.8899993896484	8666.3203125
76.9000015258789	8594.21484375
76.9100036621094	8681.822265625
76.9199981689453	8888.9814453125
76.9300003051758	8808.490234375
76.9400024414063	8647.61328125
76.9499969482422	8571.435546875
76.9599990844727	8570.6298828125
76.9700012207031	8808.5703125
76.9800033569336	9137.470703125
76.9899978637695	8985.400390625
77	8857.005859375
77.0100021362305	9032.0244140625
77.0199966430664	8964.9404296875
77.0299987792969	8849.1533203125
77.0400009155273	8812.7275390625
77.0500030517578	8427.9912109375
77.0599975585938	8487.923828125
77.0699996948242	8815.857421875
77.0800018310547	8712.1728515625
77.0899963378906	8727.4658203125
77.0999984741211	8746.0791015625
77.1100006103516	8778.4189453125
77.120002746582	8816.162109375
77.129997253418	8727.041015625
77.1399993896484	8752.8759765625
77.1500015258789	8683.208984375
77.1600036621094	8448.111328125
77.1699981689453	8460.62890625
77.1800003051758	8393.830078125
77.1900024414063	8407.2392578125
77.1999969482422	8577.7939453125
77.2099990844727	8731.0966796875
77.2200012207031	8675.0361328125
77.2300033569336	8354.630859375
77.2399978637695	8475.908203125
77.25	8594.9580078125
77.2600021362305	8425.2568359375
77.2699966430664	8559.6669921875
77.2799987792969	8590.63671875
77.2900009155273	8514.0205078125
77.3000030517578	8516.0517578125
77.3099975585938	8659.0869140625
77.3199996948242	8580.3740234375
77.3300018310547	8685.6279296875
77.3399963378906	8680.7646484375
77.3499984741211	8512.205078125
77.3600006103516	8488.7685546875
77.370002746582	8633.8828125
77.379997253418	8628.5771484375
77.3899993896484	8322.45703125
77.4000015258789	8265.314453125
77.4100036621094	8514.349609375
77.4199981689453	8411.587890625
77.4300003051758	8438.88671875
77.4400024414063	8426.40234375
77.4499969482422	8511.5771484375
77.4599990844727	8392.138671875
77.4700012207031	8145.16259765625
77.4800033569336	8354.1494140625
77.4899978637695	8525.0693359375
77.5	8556.0654296875
77.5100021362305	8461.3125
77.5199966430664	8667.48828125
77.5299987792969	8728.0302734375
77.5400009155273	8662.134765625
77.5500030517578	8538.689453125
77.5599975585938	8724.0693359375
77.5699996948242	8650.919921875
77.5800018310547	8446.3994140625
77.5899963378906	8131.46435546875
77.5999984741211	8232.9716796875
77.6100006103516	8393.005859375
77.620002746582	8461.279296875
77.629997253418	8686.5712890625
77.6399993896484	8422.197265625
77.6500015258789	8382.29296875
77.6600036621094	8307.943359375
77.6699981689453	8260.6279296875
77.6800003051758	8252.2958984375
77.6900024414063	8352.6015625
77.6999969482422	8385.6328125
77.7099990844727	8262.6884765625
77.7200012207031	8096.0537109375
77.7300033569336	8080.1455078125
77.7399978637695	8224.2705078125
77.75	8443.724609375
77.7600021362305	8387.84765625
77.7699966430664	8492.2333984375
77.7799987792969	8339.26171875
77.7900009155273	8180.080078125
77.8000030517578	8210.1787109375
77.8099975585938	8305.529296875
77.8199996948242	8303.259765625
77.8300018310547	8357.810546875
77.8399963378906	8539.6318359375
77.8499984741211	8395.6640625
77.8600006103516	8334.69140625
77.870002746582	8101.3994140625
77.879997253418	8122.4296875
77.8899993896484	8196.68359375
77.9000015258789	8256.3486328125
77.9100036621094	8467.0078125
77.9199981689453	8487.6787109375
77.9300003051758	8394.7021484375
77.9400024414063	8306.712890625
77.9499969482422	8223.3955078125
77.9599990844727	8217.9765625
77.9700012207031	8338.8212890625
77.9800033569336	8329.4326171875
77.9899978637695	8200.5615234375
78	8331.9189453125
78.0100021362305	8495.7451171875
78.0199966430664	8563.24609375
78.0299987792969	8425.478515625
78.0400009155273	8211.20703125
78.0500030517578	7952.7392578125
78.0599975585938	7869.02392578125
78.0699996948242	7974.205078125
78.0800018310547	8142.09375
78.0899963378906	8060.302734375
78.0999984741211	8145.630859375
78.1100006103516	8343.2275390625
78.120002746582	8358.236328125
78.129997253418	8264.126953125
78.1399993896484	8197.5556640625
78.1500015258789	8004.494140625
78.1600036621094	7963.1318359375
78.1699981689453	7992.8740234375
78.1800003051758	8011.91259765625
78.1900024414063	7969.02880859375
78.1999969482422	7878.5625
78.2099990844727	7980.93212890625
78.2200012207031	8116.630859375
78.2300033569336	8280.8603515625
78.2399978637695	8446.3173828125
78.25	8105.2490234375
78.2600021362305	7932.17041015625
78.2699966430664	7966.59130859375
78.2799987792969	8203.111328125
78.2900009155273	8291.6669921875
78.3000030517578	8143.25048828125
78.3099975585938	8095.203125
78.3199996948242	8313.6005859375
78.3300018310547	8222.0498046875
78.3399963378906	8031.3994140625
78.3499984741211	8090.0439453125
78.3600006103516	8281.5009765625
78.370002746582	8157.98974609375
78.379997253418	7976.7119140625
78.3899993896484	7921.48974609375
78.4000015258789	7964.02734375
78.4100036621094	8066.19140625
78.4199981689453	8040.83251953125
78.4300003051758	7945.685546875
78.4400024414063	7981.71435546875
78.4499969482422	7961.0390625
78.4599990844727	8024.40771484375
78.4700012207031	8081.966796875
78.4800033569336	8138.9208984375
78.4899978637695	8235.099609375
78.5	8130.88818359375
78.5100021362305	7986.47412109375
78.5199966430664	8020.80078125
78.5299987792969	8120.78076171875
78.5400009155273	7802.09375
78.5500030517578	7811.6044921875
78.5599975585938	8104.84130859375
78.5699996948242	7917.19921875
78.5800018310547	7693.97998046875
78.5899963378906	7850.203125
78.5999984741211	8145.25244140625
78.6100006103516	8039.12939453125
78.620002746582	7717.11865234375
78.629997253418	7993.0888671875
78.6399993896484	8249.958984375
78.6500015258789	8268.1533203125
78.6600036621094	8193.69140625
78.6699981689453	8090.29345703125
78.6800003051758	7829.27978515625
78.6900024414063	7721.59033203125
78.6999969482422	8010.15576171875
78.7099990844727	8197.8828125
78.7200012207031	8095.939453125
78.7300033569336	8158.9609375
78.7399978637695	8085.2099609375
78.75	7974.72021484375
78.7600021362305	7592.5634765625
78.7699966430664	7541.25146484375
78.7799987792969	7800.013671875
78.7900009155273	7856.53955078125
78.8000030517578	7906.0478515625
78.8099975585938	7839.71533203125
78.8199996948242	7735.65625
78.8300018310547	7673.2470703125
78.8399963378906	7670.025390625
78.8499984741211	7698.37744140625
78.8600006103516	7720.0185546875
78.870002746582	7713.318359375
78.879997253418	7865.9912109375
78.8899993896484	7869.12109375
78.9000015258789	7649.08642578125
78.9100036621094	7584.1689453125
78.9199981689453	7784.1337890625
78.9300003051758	7831.68310546875
78.9400024414063	7822.49560546875
78.9499969482422	7766.72802734375
78.9599990844727	7782.4453125
78.9700012207031	7846.59033203125
78.9800033569336	7901.59912109375
78.9899978637695	7817.72119140625
79	7693.53955078125
79.0100021362305	7600.16455078125
79.0199966430664	7726.1943359375
79.0299987792969	8099.77978515625
79.0400009155273	7907.87646484375
79.0500030517578	7586.556640625
79.0599975585938	7519.94970703125
79.0699996948242	7687.58349609375
79.0800018310547	7746.7236328125
79.0899963378906	7683.6357421875
79.0999984741211	7455.28515625
79.1100006103516	7604.4521484375
79.120002746582	7638.75830078125
79.129997253418	7509.79833984375
79.1399993896484	7663.67822265625
79.1500015258789	7917.98876953125
79.1600036621094	7899.0107421875
79.1699981689453	7655.70947265625
79.1800003051758	7456.7041015625
79.1900024414063	7431.4765625
79.1999969482422	7435.8828125
79.2099990844727	7329.251953125
79.2200012207031	7271.77197265625
79.2300033569336	7422.69482421875
79.2399978637695	7543.66064453125
79.25	7422.283203125
79.2600021362305	7364.10693359375
79.2699966430664	7464.7880859375
79.2799987792969	7664.12646484375
79.2900009155273	7675.64990234375
79.3000030517578	7488.53466796875
79.3099975585938	7635.73193359375
79.3199996948242	7796.7275390625
79.3300018310547	7525.408203125
79.3399963378906	7794.84033203125
79.3499984741211	8003.78955078125
79.3600006103516	7809.4462890625
79.370002746582	7722.4208984375
79.379997253418	7397.1005859375
79.3899993896484	7457.03125
79.4000015258789	7791.46240234375
79.4100036621094	7675.85302734375
79.4199981689453	7414.123046875
79.4300003051758	7456.54345703125
79.4400024414063	7617.43310546875
79.4499969482422	7615.00390625
79.4599990844727	7545.75830078125
79.4700012207031	7605.3154296875
79.4800033569336	7481.08544921875
79.4899978637695	7477.1328125
79.5	7611.50048828125
79.5100021362305	7761.46875
79.5199966430664	7848.42919921875
79.5299987792969	7820.85693359375
79.5400009155273	7542.3994140625
79.5500030517578	7281.9326171875
79.5599975585938	7405.45703125
79.5699996948242	7400.16015625
79.5800018310547	7141.07275390625
79.5899963378906	7047.38232421875
79.5999984741211	7147.13525390625
79.6100006103516	7408.72509765625
79.620002746582	7474.07177734375
79.629997253418	7366.9970703125
79.6399993896484	7313.58642578125
79.6500015258789	7188.529296875
79.6600036621094	7190.365234375
79.6699981689453	7085.5341796875
79.6800003051758	7007.90087890625
79.6900024414063	7034.18701171875
79.6999969482422	7272.14697265625
79.7099990844727	7443.33154296875
79.7200012207031	7355.45751953125
79.7300033569336	7197.56689453125
79.7399978637695	7366.1796875
79.75	7159.56005859375
79.7600021362305	7039.408203125
79.7699966430664	7419.43359375
79.7799987792969	7472.3486328125
79.7900009155273	7320.1064453125
79.8000030517578	7354.4951171875
79.8099975585938	7312.1962890625
79.8199996948242	7405.51708984375
79.8300018310547	7449.64794921875
79.8399963378906	7299.89013671875
79.8499984741211	7324.0419921875
79.8600006103516	7270.3193359375
79.870002746582	7332.64794921875
79.879997253418	7366.341796875
79.8899993896484	7228.10498046875
79.9000015258789	7319.4951171875
79.9100036621094	7323.7646484375
79.9199981689453	7133.27880859375
79.9300003051758	7024.40380859375
79.9400024414063	7155.314453125
79.9499969482422	7479.30908203125
79.9599990844727	7396.61767578125
79.9700012207031	7226.57958984375
79.9800033569336	7135.20751953125
79.9899978637695	7288.94482421875
80	7369.35791015625
80.0100021362305	6988.75341796875
80.0199966430664	7033.880859375
80.0299987792969	7006.38134765625
80.0400009155273	7189.6103515625
80.0500030517578	7370.29931640625
80.0599975585938	7439.42041015625
80.0699996948242	7334.48095703125
80.0800018310547	7100.53662109375
80.0899963378906	7016.66650390625
80.0999984741211	7095.40576171875
80.1100006103516	7133.33349609375
80.120002746582	7088.36865234375
80.129997253418	7353.224609375
80.1399993896484	7368.09326171875
80.1500015258789	7386.9453125
80.1600036621094	7335.1865234375
80.1699981689453	6999.86767578125
80.1800003051758	7093.94091796875
80.1900024414063	7494.33544921875
80.1999969482422	7515.60595703125
80.2099990844727	7189.32958984375
80.2200012207031	6991.10400390625
80.2300033569336	7176.7568359375
80.2399978637695	7468.09326171875
80.25	7457.587890625
80.2600021362305	7201.31298828125
80.2699966430664	7027.287109375
80.2799987792969	7282.42431640625
80.2900009155273	7341.15478515625
80.3000030517578	7171.4794921875
80.3099975585938	7113.91943359375
80.3199996948242	6826.2890625
80.3300018310547	6705.66259765625
80.3399963378906	6939.8876953125
80.3499984741211	6904.9541015625
80.3600006103516	6894.6787109375
80.370002746582	7125.701171875
80.379997253418	6996.49853515625
80.3899993896484	6983.6181640625
80.4000015258789	7283.96240234375
80.4100036621094	7213.4638671875
80.4199981689453	7049.87646484375
80.4300003051758	7155.767578125
80.4400024414063	7475.298828125
80.4499969482422	7399.8271484375
80.4599990844727	7188.82958984375
80.4700012207031	7261.13720703125
80.4800033569336	7102.80615234375
80.4899978637695	6963.90185546875
80.5	7005.51171875
80.5100021362305	6789.1630859375
80.5199966430664	6699.95166015625
80.5299987792969	6993.94873046875
80.5400009155273	7194.31494140625
80.5500030517578	6997.77978515625
80.5599975585938	7055.07666015625
80.5699996948242	6958.90380859375
80.5800018310547	6794.693359375
80.5899963378906	6642.107421875
80.5999984741211	6854.43701171875
80.6100006103516	7069.09912109375
80.620002746582	6715.7724609375
80.629997253418	6560.88427734375
80.6399993896484	6749.09326171875
80.6500015258789	6844.38037109375
80.6600036621094	6629.134765625
80.6699981689453	6610.5029296875
80.6800003051758	6801.79931640625
80.6900024414063	6919.12841796875
80.6999969482422	6925.1240234375
80.7099990844727	6817.4443359375
80.7200012207031	6783.1982421875
80.7300033569336	6824.71875
80.7399978637695	6825.146484375
80.75	6860.7060546875
80.7600021362305	6778.77490234375
80.7699966430664	6802.01708984375
80.7799987792969	6764.67578125
80.7900009155273	6615.0498046875
80.8000030517578	6536.3505859375
80.8099975585938	6563.45654296875
80.8199996948242	6874.40478515625
80.8300018310547	7057.9404296875
80.8399963378906	7031.09423828125
80.8499984741211	6690.12646484375
80.8600006103516	6508.54638671875
80.870002746582	6658.9951171875
80.879997253418	6714.26318359375
80.8899993896484	6749.3095703125
80.9000015258789	6769.52294921875
80.9100036621094	6909.02001953125
80.9199981689453	6934.07373046875
80.9300003051758	6946.63330078125
80.9400024414063	6988.544921875
80.9499969482422	6912.517578125
80.9599990844727	6801.0771484375
80.9700012207031	6591.8212890625
80.9800033569336	6516.38623046875
80.9899978637695	6557.76123046875
81	6493.12548828125
81.0100021362305	6389.9794921875
81.0199966430664	6532.87890625
81.0299987792969	6739.50634765625
81.0400009155273	6712.787109375
81.0500030517578	6568.5859375
81.0599975585938	6756.33642578125
81.0699996948242	6801.65576171875
81.0800018310547	6502.49853515625
81.0899963378906	6595.2060546875
81.0999984741211	6520.84375
81.1100006103516	6220.9111328125
81.120002746582	6301.48291015625
81.129997253418	6476.07421875
81.1399993896484	6560.12255859375
81.1500015258789	6523.60205078125
81.1600036621094	6562.23388671875
81.1699981689453	6540.31005859375
81.1800003051758	6524.60693359375
81.1900024414063	6620.0947265625
81.1999969482422	6661.24609375
81.2099990844727	6707.1025390625
81.2200012207031	6614.16064453125
81.2300033569336	6723.28125
81.2399978637695	6724.64306640625
81.25	6545.12939453125
81.2600021362305	6610.234375
81.2699966430664	6645.48095703125
81.2799987792969	6570.94384765625
81.2900009155273	6665.9521484375
81.3000030517578	6711.72607421875
81.3099975585938	6354.404296875
81.3199996948242	6166.66650390625
81.3300018310547	6306.96630859375
81.3399963378906	6313.2080078125
81.3499984741211	6258.82275390625
81.3600006103516	6287.7333984375
81.370002746582	6507.71044921875
81.379997253418	6799.8134765625
81.3899993896484	6808.458984375
81.4000015258789	6709.88720703125
81.4100036621094	6629.5234375
81.4199981689453	6465.52294921875
81.4300003051758	6181.95654296875
81.4400024414063	6152.67138671875
81.4499969482422	6371.9482421875
81.4599990844727	6429.06640625
81.4700012207031	6306.31103515625
81.4800033569336	6346.6181640625
81.4899978637695	6292.68408203125
81.5	6372.79443359375
81.5100021362305	6476.81005859375
81.5199966430664	6470.2265625
81.5299987792969	6410.10986328125
81.5400009155273	6533.30908203125
81.5500030517578	6739.81689453125
81.5599975585938	6792.27587890625
81.5699996948242	6547.9091796875
81.5800018310547	6331.08837890625
81.5899963378906	6352.8408203125
81.5999984741211	6503.908203125
81.6100006103516	6539.9521484375
81.620002746582	6354.08740234375
81.629997253418	6477.23681640625
81.6399993896484	6455.8955078125
81.6500015258789	6353.65869140625
81.6600036621094	6320.3330078125
81.6699981689453	6233.69287109375
81.6800003051758	6239.6328125
81.6900024414063	6575.669921875
81.6999969482422	6579.57666015625
81.7099990844727	6446.06640625
81.7200012207031	6318.56201171875
81.7300033569336	6231.7333984375
81.7399978637695	6221.98486328125
81.75	6214.36767578125
81.7600021362305	6373.07470703125
81.7699966430664	6392.2939453125
81.7799987792969	6371.24169921875
81.7900009155273	6277.16357421875
81.8000030517578	6158.29443359375
81.8099975585938	6289.4443359375
81.8199996948242	6457.57177734375
81.8300018310547	6415.18701171875
81.8399963378906	6350.77001953125
81.8499984741211	6066.2236328125
81.8600006103516	6040.7099609375
81.870002746582	6381.3232421875
81.879997253418	6406.34423828125
81.8899993896484	6275.15087890625
81.9000015258789	6410.8623046875
81.9100036621094	6444.908203125
81.9199981689453	6339.6474609375
81.9300003051758	6426.75830078125
81.9400024414063	6362.728515625
81.9499969482422	6235.83349609375
81.9599990844727	6192.505859375
81.9700012207031	6230.79833984375
81.9800033569336	6247.78955078125
81.9899978637695	6262.7470703125
82	6180.173828125
82.0100021362305	6198.7265625
82.0199966430664	6489.0869140625
82.0299987792969	6538.611328125
82.0400009155273	6351.8232421875
82.0500030517578	6143.5380859375
82.0599975585938	6087.69287109375
82.0699996948242	6100
82.0800018310547	6299.60205078125
82.0899963378906	6017.609375
82.0999984741211	6135.00439453125
82.1100006103516	6430.86376953125
82.120002746582	6436.12890625
82.129997253418	6287.74365234375
82.1399993896484	6200.943359375
82.1500015258789	6327.884765625
82.1600036621094	6314.0634765625
82.1699981689453	6268.8037109375
82.1800003051758	6233.13330078125
82.1900024414063	6391.4326171875
82.1999969482422	6484.3115234375
82.2099990844727	6490.6826171875
82.2200012207031	6348.45751953125
82.2300033569336	6232.21484375
82.2399978637695	6221.88818359375
82.25	6162.36279296875
82.2600021362305	5968.46435546875
82.2699966430664	6052.3408203125
82.2799987792969	6168.76123046875
82.2900009155273	6221.908203125
82.3000030517578	6286.470703125
82.3099975585938	6323.9580078125
82.3199996948242	6093.84765625
82.3300018310547	5981.2255859375
82.3399963378906	6098.84423828125
82.3499984741211	6246.73974609375
82.3600006103516	6305.1982421875
82.370002746582	6308.33349609375
82.379997253418	6220.02587890625
82.3899993896484	6239.36328125
82.4000015258789	6205.4736328125
82.4100036621094	5966.35107421875
82.4199981689453	6062.65771484375
82.4300003051758	6383.5048828125
82.4400024414063	6417.07421875
82.4499969482422	6314.857421875
82.4599990844727	6252.25927734375
82.4700012207031	6171.208984375
82.4800033569336	6179.9091796875
82.4899978637695	6234.19921875
82.5	6105.20654296875
82.5100021362305	6264.7900390625
82.5199966430664	6458.0048828125
82.5299987792969	6287.05029296875
82.5400009155273	5882.68017578125
82.5500030517578	5744.46337890625
82.5599975585938	5725.390625
82.5699996948242	6035.23974609375
82.5800018310547	6061.22119140625
82.5899963378906	5950
82.5999984741211	6145.763671875
82.6100006103516	6122.47412109375
82.620002746582	5930.3779296875
82.629997253418	5876.95849609375
82.6399993896484	5981.06689453125
82.6500015258789	6123.9375
82.6600036621094	6087.62060546875
82.6699981689453	6208.025390625
82.6800003051758	6373.1630859375
82.6900024414063	6233.7744140625
82.6999969482422	6155.79296875
82.7099990844727	6354.55615234375
82.7200012207031	6297.435546875
82.7300033569336	6289.0654296875
82.7399978637695	6139.9033203125
82.75	6018.578125
82.7600021362305	6065.962890625
82.7699966430664	5871.57421875
82.7799987792969	5943.10888671875
82.7900009155273	5936.908203125
82.8000030517578	6013.6015625
82.8099975585938	6040.0078125
82.8199996948242	6185.79443359375
82.8300018310547	6400.25341796875
82.8399963378906	6238.83056640625
82.8499984741211	6151.02734375
82.8600006103516	6208.83740234375
82.870002746582	6138.31982421875
82.879997253418	6119.01123046875
82.8899993896484	6187.52099609375
82.9000015258789	6221.759765625
82.9100036621094	6204.63623046875
82.9199981689453	6089.88671875
82.9300003051758	6187.78564453125
82.9400024414063	6225.560546875
82.9499969482422	6122.3359375
82.9599990844727	6002.03515625
82.9700012207031	5980.47509765625
82.9800033569336	5964.45947265625
82.9899978637695	6124.3759765625
83	6206.15380859375
83.0100021362305	6092.0498046875
83.0199966430664	5967.431640625
83.0299987792969	6112.4931640625
83.0400009155273	6182.67919921875
83.0500030517578	6043.66748046875
83.0599975585938	6066.1064453125
83.0699996948242	5968.1552734375
83.0800018310547	5780.6884765625
83.0899963378906	5790.72265625
83.0999984741211	5818.17236328125
83.1100006103516	5924.52099609375
83.120002746582	6106.04296875
83.129997253418	6134.61865234375
83.1399993896484	6209.248046875
83.1500015258789	6118.6435546875
83.1600036621094	6122.5439453125
83.1699981689453	6045.51220703125
83.1800003051758	5884.50830078125
83.1900024414063	6179.06982421875
83.1999969482422	6284.22021484375
83.2099990844727	5996.99267578125
83.2200012207031	5797.97412109375
83.2300033569336	5929.28466796875
83.2399978637695	5905.96435546875
83.25	5836.7626953125
83.2600021362305	5739.5146484375
83.2699966430664	5837.349609375
83.2799987792969	6055.38037109375
83.2900009155273	6009.62890625
83.3000030517578	6038.630859375
83.3099975585938	6158.455078125
83.3199996948242	6046.37060546875
83.3300018310547	5944.99169921875
83.3399963378906	6046.7978515625
83.3499984741211	5931.50830078125
83.3600006103516	5883.36767578125
83.370002746582	6028.33935546875
83.379997253418	6036.68505859375
83.3899993896484	5870.09423828125
83.4000015258789	5758.361328125
83.4100036621094	5811.560546875
83.4199981689453	6042.9794921875
83.4300003051758	6216.55126953125
83.4400024414063	6135.31103515625
83.4499969482422	5963.6279296875
83.4599990844727	5890.03515625
83.4700012207031	5943.099609375
83.4800033569336	6062.990234375
83.4899978637695	6051.97119140625
83.5	5874.01904296875
83.5100021362305	5793.27880859375
83.5199966430664	5869.5888671875
83.5299987792969	5842.13671875
83.5400009155273	5816.5
83.5500030517578	5793.61572265625
83.5599975585938	5895.697265625
83.5699996948242	5978.37255859375
83.5800018310547	5935.330078125
83.5899963378906	5977.72802734375
83.5999984741211	5915.99462890625
83.6100006103516	5856.52490234375
83.620002746582	5876.568359375
83.629997253418	5942.71923828125
83.6399993896484	6013.0146484375
83.6500015258789	6053.11279296875
83.6600036621094	6121.03857421875
83.6699981689453	6044.6923828125
83.6800003051758	5798.7431640625
83.6900024414063	5737.6396484375
83.6999969482422	5824.349609375
83.7099990844727	5843.53466796875
83.7200012207031	5857.98828125
83.7300033569336	5845.42578125
83.7399978637695	5972.810546875
83.75	5956.79931640625
83.7600021362305	5806.07763671875
83.7699966430664	5851.83349609375
83.7799987792969	5847.7998046875
83.7900009155273	5824.58544921875
83.8000030517578	5836.75146484375
83.8099975585938	5852.98583984375
83.8199996948242	5915.77783203125
83.8300018310547	5832.1806640625
83.8399963378906	5627.3212890625
83.8499984741211	5679.01123046875
83.8600006103516	5784.80615234375
83.870002746582	5791.66650390625
83.879997253418	5987.63427734375
83.8899993896484	6041.74755859375
83.9000015258789	5900.11474609375
83.9100036621094	5807.4140625
83.9199981689453	5744.20361328125
83.9300003051758	5726.4453125
83.9400024414063	5875.06396484375
83.9499969482422	6058.0498046875
83.9599990844727	6048.30078125
83.9700012207031	5819.39208984375
83.9800033569336	5872.20068359375
83.9899978637695	6029.263671875
84	6030.49853515625
84.0100021362305	6041.033203125
84.0199966430664	5990.134765625
84.0299987792969	6073.13916015625
84.0400009155273	6117.9931640625
84.0500030517578	6122.25634765625
84.0599975585938	6198.6337890625
84.0699996948242	6082.63037109375
84.0800018310547	5911.82763671875
84.0899963378906	5774.3759765625
84.0999984741211	5630.646484375
84.1100006103516	5662.36181640625
84.120002746582	5855.98876953125
84.129997253418	5775.42041015625
84.1399993896484	5582.1357421875
84.1500015258789	5649.6240234375
84.1600036621094	5893.16748046875
84.1699981689453	6003.49169921875
84.1800003051758	5946.765625
84.1900024414063	5874.47119140625
84.1999969482422	5845.16455078125
84.2099990844727	5764.33056640625
84.2200012207031	5853.2783203125
84.2300033569336	6064.58251953125
84.2399978637695	5890.6357421875
84.25	5814.49462890625
84.2600021362305	5857.90185546875
84.2699966430664	5982.80078125
84.2799987792969	5831.41162109375
84.2900009155273	5607.94384765625
84.3000030517578	5684.4599609375
84.3099975585938	5705.38427734375
84.3199996948242	5584.8701171875
84.3300018310547	5544.23828125
84.3399963378906	5702.560546875
84.3499984741211	5894.83349609375
84.3600006103516	5847.85107421875
84.370002746582	5665.83349609375
84.379997253418	5855.64404296875
84.3899993896484	6145.9521484375
84.4000015258789	6163.9150390625
84.4100036621094	6048.30224609375
84.4199981689453	5867.0849609375
84.4300003051758	5909.109375
84.4400024414063	6003.5458984375
84.4499969482422	5966.50048828125
84.4599990844727	5788.5908203125
84.4700012207031	5966.6796875
84.4800033569336	6097.2998046875
84.4899978637695	5870.8935546875
84.5	5745.22412109375
84.5100021362305	5813.271484375
84.5199966430664	5885.75341796875
84.5299987792969	5919.07861328125
84.5400009155273	6066.82763671875
84.5500030517578	6104.712890625
84.5599975585938	5977.35107421875
84.5699996948242	5821.43359375
84.5800018310547	5769.03857421875
84.5899963378906	5859.4560546875
84.5999984741211	5926.17822265625
84.6100006103516	5876.2890625
84.620002746582	5766.81005859375
84.629997253418	5640.671875
84.6399993896484	5668.79150390625
84.6500015258789	5795.02734375
84.6600036621094	5917.56591796875
84.6699981689453	5809.04052734375
84.6800003051758	5835.00341796875
84.6900024414063	5845.7705078125
84.6999969482422	5690.8955078125
84.7099990844727	5609.6650390625
84.7200012207031	5534.88623046875
84.7300033569336	5600.44970703125
84.7399978637695	5806.25390625
84.75	5951.98291015625
84.7600021362305	5797.99462890625
84.7699966430664	5470.57470703125
84.7799987792969	5625.95556640625
84.7900009155273	5972.66064453125
84.8000030517578	6038.37255859375
84.8099975585938	5941.2470703125
84.8199996948242	5812.65771484375
84.8300018310547	5635.88037109375
84.8399963378906	5668.775390625
84.8499984741211	5874.8984375
84.8600006103516	5760.77685546875
84.870002746582	5631.841796875
84.879997253418	5767.4931640625
84.8899993896484	5769.076171875
84.9000015258789	5789.21875
84.9100036621094	5787.92724609375
84.9199981689453	5822.4765625
84.9300003051758	5821.32080078125
84.9400024414063	5879.17236328125
84.9499969482422	5985.40966796875
84.9599990844727	5882.90625
84.9700012207031	5735.48583984375
84.9800033569336	5719.7451171875
84.9899978637695	5830.5439453125
85	5993.51513671875
85.0100021362305	6076.01416015625
85.0199966430664	5915.150390625
85.0299987792969	5876.728515625
85.0400009155273	5903.322265625
85.0500030517578	5829.3408203125
85.0599975585938	5632.10498046875
85.0699996948242	5523.30859375
85.0800018310547	5704.75830078125
85.0899963378906	5875.2529296875
85.0999984741211	5945.57958984375
85.1100006103516	6063.42138671875
85.120002746582	5947.2626953125
85.129997253418	5744.20263671875
85.1399993896484	5825.48974609375
85.1500015258789	5929.64599609375
85.1600036621094	5817.2392578125
85.1699981689453	5608.95556640625
85.1800003051758	5516.66650390625
85.1900024414063	5660.4375
85.1999969482422	5751.8212890625
85.2099990844727	5751.86865234375
85.2200012207031	5812.984375
85.2300033569336	5840.740234375
85.2399978637695	5717.638671875
85.25	5731.39306640625
85.2600021362305	6001.61767578125
85.2699966430664	6066.80810546875
85.2799987792969	5866.0263671875
85.2900009155273	5809.12890625
85.3000030517578	5946.931640625
85.3099975585938	5941.95166015625
85.3199996948242	5833.49365234375
85.3300018310547	5906.025390625
85.3399963378906	5954.80419921875
85.3499984741211	5878.94189453125
85.3600006103516	5855.47802734375
85.370002746582	5958.70263671875
85.379997253418	5968.93603515625
85.3899993896484	5847.69970703125
85.4000015258789	5773.283203125
85.4100036621094	5877.7724609375
85.4199981689453	5873.97998046875
85.4300003051758	5741.1787109375
85.4400024414063	5589.892578125
85.4499969482422	5559.61572265625
85.4599990844727	5672.5068359375
85.4700012207031	5729.58203125
85.4800033569336	5797.45068359375
85.4899978637695	5959.86767578125
85.5	5807.48095703125
85.5100021362305	5658.6455078125
85.5199966430664	5690.8564453125
85.5299987792969	5742.7412109375
85.5400009155273	5841.9130859375
85.5500030517578	5778.31884765625
85.5599975585938	5760.12451171875
85.5699996948242	5889.65625
85.5800018310547	5890.7216796875
85.5899963378906	5823.43505859375
85.5999984741211	5817.44482421875
85.6100006103516	5761.24609375
85.620002746582	5621.84765625
85.629997253418	5622.7978515625
85.6399993896484	5651.498046875
85.6500015258789	5597.724609375
85.6600036621094	5538.64892578125
85.6699981689453	5680.9248046875
85.6800003051758	5697.88330078125
85.6900024414063	5623.43212890625
85.6999969482422	5527.53076171875
85.7099990844727	5415.93212890625
85.7200012207031	5530.69482421875
85.7300033569336	5583.50439453125
85.7399978637695	5577.89013671875
85.75	5608.33349609375
85.7600021362305	5716.90771484375
85.7699966430664	5726.9384765625
85.7799987792969	5558.89453125
85.7900009155273	5628.60986328125
85.8000030517578	5848.65234375
85.8099975585938	5834.72119140625
85.8199996948242	5713.2138671875
85.8300018310547	5729.11962890625
85.8399963378906	5896.71533203125
85.8499984741211	5927.904296875
85.8600006103516	5713.53125
85.870002746582	5731.89892578125
85.879997253418	5894.33349609375
85.8899993896484	5754.076171875
85.9000015258789	5671.27734375
85.9100036621094	5689.0478515625
85.9199981689453	5703.25341796875
85.9300003051758	5728.19677734375
85.9400024414063	5685.25048828125
85.9499969482422	5676.27734375
85.9599990844727	5884.48046875
85.9700012207031	5839.34326171875
85.9800033569336	5591.13232421875
85.9899978637695	5627.373046875
86	5762.04638671875
86.0100021362305	5700.955078125
86.0199966430664	5693.30322265625
86.0299987792969	5824.77783203125
86.0400009155273	5803.51025390625
86.0500030517578	5652.34423828125
86.0599975585938	5695.53125
86.0699996948242	5741.9921875
86.0800018310547	5589.08349609375
86.0899963378906	5522.291015625
86.0999984741211	5693.17626953125
86.1100006103516	5940.80859375
86.120002746582	5810.1533203125
86.129997253418	5648.38525390625
86.1399993896484	5723.3671875
86.1500015258789	5536.0224609375
86.1600036621094	5439.439453125
86.1699981689453	5556.095703125
86.1800003051758	5467.88720703125
86.1900024414063	5548.63525390625
86.1999969482422	5881.34765625
86.2099990844727	5931.3447265625
86.2200012207031	5761.88525390625
86.2300033569336	5718.24853515625
86.2399978637695	5834.6611328125
86.25	5735.1875
86.2600021362305	5305.11572265625
86.2699966430664	5385.07568359375
86.2799987792969	5732.97216796875
86.2900009155273	5685.62548828125
86.3000030517578	5640.2470703125
86.3099975585938	5581.80224609375
86.3199996948242	5531.37841796875
86.3300018310547	5685.748046875
86.3399963378906	5650.5966796875
86.3499984741211	5595.50341796875
86.3600006103516	5570.244140625
86.370002746582	5456.44677734375
86.379997253418	5411.79833984375
86.3899993896484	5421.99267578125
86.4000015258789	5701.0615234375
86.4100036621094	5911.36083984375
86.4199981689453	5909.23681640625
86.4300003051758	5942.5625
86.4400024414063	5747.68115234375
86.4499969482422	5413.57568359375
86.4599990844727	5331.56396484375
86.4700012207031	5537.1572265625
86.4800033569336	5766.56591796875
86.4899978637695	5859.18115234375
86.5	5822.47998046875
86.5100021362305	5906.2412109375
86.5199966430664	5819.482421875
86.5299987792969	5589.6259765625
86.5400009155273	5506.3125
86.5500030517578	5492.8671875
86.5599975585938	5599.59765625
86.5699996948242	5496.125
86.5800018310547	5533.93115234375
86.5899963378906	5642.56640625
86.5999984741211	5749.2744140625
86.6100006103516	5799.46142578125
86.620002746582	5639.0595703125
86.629997253418	5748.66845703125
86.6399993896484	5717.34423828125
86.6500015258789	5432.6318359375
86.6600036621094	5333.68994140625
86.6699981689453	5398.12548828125
86.6800003051758	5597.5947265625
86.6900024414063	5772.384765625
86.6999969482422	5786.64794921875
86.7099990844727	5723.31591796875
86.7200012207031	5674.6669921875
86.7300033569336	5623.35546875
86.7399978637695	5548.7001953125
86.75	5603.21044921875
86.7600021362305	5774.16259765625
86.7699966430664	5745.9296875
86.7799987792969	5663.27294921875
86.7900009155273	5739.48388671875
86.8000030517578	5662.14794921875
86.8099975585938	5515.77490234375
86.8199996948242	5534.80029296875
86.8300018310547	5510.32958984375
86.8399963378906	5536.18798828125
86.8499984741211	5590.822265625
86.8600006103516	5515.00146484375
86.870002746582	5522.61181640625
86.879997253418	5630.91943359375
86.8899993896484	5700.53125
86.9000015258789	5708.07177734375
86.9100036621094	5618.3837890625
86.9199981689453	5687.6494140625
86.9300003051758	5739.16748046875
86.9400024414063	5602.56787109375
86.9499969482422	5588.58935546875
86.9599990844727	5599.28564453125
86.9700012207031	5549.29736328125
86.9800033569336	5597.7900390625
86.9899978637695	5722.30419921875
87	5864.83447265625
87.0100021362305	5864.48291015625
87.0199966430664	5744.8681640625
87.0299987792969	5627.1669921875
87.0400009155273	5477.41064453125
87.0500030517578	5459.54931640625
87.0599975585938	5666.17578125
87.0699996948242	5761.23388671875
87.0800018310547	5610.3056640625
87.0899963378906	5550.74755859375
87.0999984741211	5608.88232421875
87.1100006103516	5646.10205078125
87.120002746582	5713.63818359375
87.129997253418	5855.9638671875
87.1399993896484	5852.41064453125
87.1500015258789	5668.95556640625
87.1600036621094	5562.2607421875
87.1699981689453	5668.8427734375
87.1800003051758	5698.48486328125
87.1900024414063	5642.109375
87.1999969482422	5598.8505859375
87.2099990844727	5660.42919921875
87.2200012207031	5605.4814453125
87.2300033569336	5543.380859375
87.2399978637695	5688.07568359375
87.25	5699.6279296875
87.2600021362305	5552.42529296875
87.2699966430664	5526.27783203125
87.2799987792969	5718.013671875
87.2900009155273	5753.3544921875
87.3000030517578	5687.44775390625
87.3099975585938	5708.634765625
87.3199996948242	5733.33349609375
87.3300018310547	5535.32275390625
87.3399963378906	5362.7216796875
87.3499984741211	5585.36865234375
87.3600006103516	5711.8125
87.370002746582	5679.51318359375
87.379997253418	5695.65087890625
87.3899993896484	5712.81103515625
87.4000015258789	5783.59423828125
87.4100036621094	5728.52294921875
87.4199981689453	5582.931640625
87.4300003051758	5483.06591796875
87.4400024414063	5655.4306640625
87.4499969482422	5766.11865234375
87.4599990844727	5670.85400390625
87.4700012207031	5582.9169921875
87.4800033569336	5445.64697265625
87.4899978637695	5433.45361328125
87.5	5583.69873046875
87.5100021362305	5645.68896484375
87.5199966430664	5587.49072265625
87.5299987792969	5654.2890625
87.5400009155273	5691.62451171875
87.5500030517578	5629.1435546875
87.5599975585938	5641.68017578125
87.5699996948242	5612.51025390625
87.5800018310547	5470.876953125
87.5899963378906	5566.486328125
87.5999984741211	5575.24560546875
87.6100006103516	5641.21240234375
87.620002746582	5779.38427734375
87.629997253418	5675.04931640625
87.6399993896484	5604.35205078125
87.6500015258789	5616.4072265625
87.6600036621094	5637.69970703125
87.6699981689453	5579.22705078125
87.6800003051758	5566.66650390625
87.6900024414063	5558.38134765625
87.6999969482422	5367.80810546875
87.7099990844727	5290.94140625
87.7200012207031	5536.515625
87.7300033569336	5737.0234375
87.7399978637695	5634.68212890625
87.75	5454.2734375
87.7600021362305	5577.92578125
87.7699966430664	5675.3955078125
87.7799987792969	5517.82861328125
87.7900009155273	5556.6826171875
87.8000030517578	5584.78564453125
87.8099975585938	5462.35791015625
87.8199996948242	5470.8828125
87.8300018310547	5684.7861328125
87.8399963378906	5887.765625
87.8499984741211	5858.443359375
87.8600006103516	5870.54833984375
87.870002746582	5772.54296875
87.879997253418	5662.3173828125
87.8899993896484	5609.3388671875
87.9000015258789	5463.73095703125
87.9100036621094	5371.03369140625
87.9199981689453	5432.09765625
87.9300003051758	5582.06298828125
87.9400024414063	5646.05078125
87.9499969482422	5588.31884765625
87.9599990844727	5549.84716796875
87.9700012207031	5452.03662109375
87.9800033569336	5308.9755859375
87.9899978637695	5426.12548828125
88	5620.076171875
88.0100021362305	5572.640625
88.0199966430664	5462.93994140625
88.0299987792969	5523.20166015625
88.0400009155273	5636.85693359375
88.0500030517578	5666.66650390625
88.0599975585938	5581.1767578125
88.0699996948242	5646.2890625
88.0800018310547	5735.1259765625
88.0899963378906	5743.70166015625
88.0999984741211	5756.1318359375
88.1100006103516	5679.0615234375
88.120002746582	5642.73974609375
88.129997253418	5441.759765625
88.1399993896484	5315.55517578125
88.1500015258789	5390.76220703125
88.1600036621094	5412.84521484375
88.1699981689453	5331.154296875
88.1800003051758	5420.24609375
88.1900024414063	5615.94189453125
88.1999969482422	5601.22705078125
88.2099990844727	5695.7626953125
88.2200012207031	5861.8671875
88.2300033569336	5794.4931640625
88.2399978637695	5635.41943359375
88.25	5615.0791015625
88.2600021362305	5747.3154296875
88.2699966430664	5805.11962890625
88.2799987792969	5702.4853515625
88.2900009155273	5476.0126953125
88.3000030517578	5377.0380859375
88.3099975585938	5485.91796875
88.3199996948242	5481.0615234375
88.3300018310547	5461.1708984375
88.3399963378906	5471.88037109375
88.3499984741211	5598.25830078125
88.3600006103516	5758.64013671875
88.370002746582	5653.7275390625
88.379997253418	5626.17919921875
88.3899993896484	5736.3857421875
88.4000015258789	5614.45361328125
88.4100036621094	5470.0185546875
88.4199981689453	5559.69677734375
88.4300003051758	5637.3330078125
88.4400024414063	5501.73828125
88.4499969482422	5389.96044921875
88.4599990844727	5489.25146484375
88.4700012207031	5653.7978515625
88.4800033569336	5810.56005859375
88.4899978637695	5874.287109375
88.5	5823.89599609375
88.5100021362305	5582.646484375
88.5199966430664	5531.42919921875
88.5299987792969	5663.0576171875
88.5400009155273	5574.4013671875
88.5500030517578	5555.29833984375
88.5599975585938	5632.9501953125
88.5699996948242	5617.82763671875
88.5800018310547	5563.86767578125
88.5899963378906	5596.84326171875
88.5999984741211	5599.2197265625
88.6100006103516	5433.7919921875
88.620002746582	5365.04248046875
88.629997253418	5435.65576171875
88.6399993896484	5439.361328125
88.6500015258789	5554.361328125
88.6600036621094	5768.51708984375
88.6699981689453	5721.76611328125
88.6800003051758	5549.4775390625
88.6900024414063	5538.20654296875
88.6999969482422	5537.26025390625
88.7099990844727	5466.2265625
88.7200012207031	5423.71875
88.7300033569336	5477.06591796875
88.7399978637695	5576.3544921875
88.75	5443.64599609375
88.7600021362305	5466.7373046875
88.7699966430664	5648.61181640625
88.7799987792969	5568.798828125
88.7900009155273	5489.31494140625
88.8000030517578	5592.27734375
88.8099975585938	5611.20068359375
88.8199996948242	5460.1875
88.8300018310547	5416.70703125
88.8399963378906	5605.40625
88.8499984741211	5741.173828125
88.8600006103516	5655.9609375
88.870002746582	5620.49560546875
88.879997253418	5594.3076171875
88.8899993896484	5475
88.9000015258789	5631.4306640625
88.9100036621094	5863.0576171875
88.9199981689453	5792.16162109375
88.9300003051758	5586.99462890625
88.9400024414063	5579.6455078125
88.9499969482422	5684.58203125
88.9599990844727	5670.94140625
88.9700012207031	5498.66162109375
88.9800033569336	5453.45703125
88.9899978637695	5626.78662109375
89	5694.4130859375
89.0100021362305	5653.89013671875
89.0199966430664	5806.08740234375
89.0299987792969	5967.22705078125
89.0400009155273	5907.83447265625
89.0500030517578	5834.46923828125
89.0599975585938	5797.2626953125
89.0699996948242	5518.99072265625
89.0800018310547	5232.75390625
89.0899963378906	5315.29541015625
89.0999984741211	5585.919921875
89.1100006103516	5621.91259765625
89.120002746582	5463.10205078125
89.129997253418	5628.8310546875
89.1399993896484	5804.72412109375
89.1500015258789	5796.5087890625
89.1600036621094	5690.24072265625
89.1699981689453	5611.39697265625
89.1800003051758	5612.96826171875
89.1900024414063	5535.54248046875
89.1999969482422	5425.7353515625
89.2099990844727	5509.67578125
89.2200012207031	5603.91455078125
89.2300033569336	5693.61083984375
89.2399978637695	5632.66455078125
89.25	5578.83642578125
89.2600021362305	5599.38671875
89.2699966430664	5538.474609375
89.2799987792969	5617.158203125
89.2900009155273	5648.23876953125
89.3000030517578	5462.427734375
89.3099975585938	5403.68115234375
89.3199996948242	5589.3076171875
89.3300018310547	5733.33349609375
89.3399963378906	5718.01806640625
89.3499984741211	5703.8271484375
89.3600006103516	5727.458984375
89.370002746582	5738.5302734375
89.379997253418	5667.677734375
89.3899993896484	5638.1962890625
89.4000015258789	5671.8798828125
89.4100036621094	5601.09375
89.4199981689453	5529.51904296875
89.4300003051758	5601.24560546875
89.4400024414063	5592.59521484375
89.4499969482422	5459.765625
89.4599990844727	5475.927734375
89.4700012207031	5444.37255859375
89.4800033569336	5506.65478515625
89.4899978637695	5801.17333984375
89.5	5698.50146484375
89.5100021362305	5495.6787109375
89.5199966430664	5482.330078125
89.5299987792969	5451.69189453125
89.5400009155273	5568.16455078125
89.5500030517578	5561.37109375
89.5599975585938	5612.88525390625
89.5699996948242	5643.1865234375
89.5800018310547	5572.01220703125
89.5899963378906	5523.46533203125
89.5999984741211	5658.88427734375
89.6100006103516	5822.67626953125
89.620002746582	5710.2294921875
89.629997253418	5519.01220703125
89.6399993896484	5593.5634765625
89.6500015258789	5697.80615234375
89.6600036621094	5776.798828125
89.6699981689453	5926.37939453125
89.6800003051758	5788.83203125
89.6900024414063	5624.7470703125
89.6999969482422	5787.89208984375
89.7099990844727	5770.7880859375
89.7200012207031	5620.927734375
89.7300033569336	5685.455078125
89.7399978637695	5719.60107421875
89.75	5688.28466796875
89.7600021362305	5614.572265625
89.7699966430664	5524.15869140625
89.7799987792969	5505.3935546875
89.7900009155273	5613.30810546875
89.8000030517578	5754.86083984375
89.8099975585938	5812.2119140625
89.8199996948242	5635.20556640625
89.8300018310547	5596.05322265625
89.8399963378906	5702.0224609375
89.8499984741211	5773.56884765625
89.8600006103516	5810.927734375
89.870002746582	5704.95166015625
89.879997253418	5686.67724609375
89.8899993896484	5891.470703125
89.9000015258789	5916.91455078125
89.9100036621094	5764.70703125
89.9199981689453	5704.431640625
89.9300003051758	5632.28125
89.9400024414063	5573.96044921875
89.9499969482422	5586.28466796875
89.9599990844727	5689.9794921875
89.9700012207031	5753.71435546875
89.9800033569336	5724.91796875
89.9899978637695	5683.33349609375
90	5683.33349609375
