M21/1	
θ/2θ, °	Intensity, cps
3	437143.03125
3.00999999046326	431510.03125
3.01999998092651	431019.90625
3.02999997138977	422448.46875
3.03999996185303	422633.4375
3.04999995231628	420428.40625
3.05999994277954	417196.46875
3.0699999332428	417395.625
3.07999992370605	419240
3.08999991416931	418020.5625
3.09999990463257	415190.65625
3.10999989509583	412877.90625
3.11999988555908	412104.65625
3.13000011444092	403704.28125
3.14000010490417	397762.34375
3.15000009536743	393024.84375
3.16000008583069	394420.125
3.17000007629395	399743.625
3.1800000667572	399347.65625
3.19000005722046	394745.4375
3.20000004768372	397657.28125
3.21000003814697	395052.875
3.22000002861023	392852.84375
3.23000001907349	379234.90625
3.24000000953674	378763.09375
3.25	387116.46875
3.25999999046326	394124.3125
3.26999998092651	379077.65625
3.27999997138977	366898.625
3.28999996185303	365024.03125
3.29999995231628	367111.46875
3.30999994277954	368216.84375
3.3199999332428	366844.59375
3.32999992370605	364814.3125
3.33999991416931	364404.46875
3.34999990463257	362856.0625
3.35999989509583	363223.0625
3.36999988555908	358702.09375
3.38000011444092	357724.125
3.39000010490417	355638.59375
3.40000009536743	354853.28125
3.41000008583069	349870.46875
3.42000007629395	345369.78125
3.4300000667572	339190.78125
3.44000005722046	338824.4375
3.45000004768372	341445.8125
3.46000003814697	343331.5
3.47000002861023	338130.59375
3.48000001907349	338697.875
3.49000000953674	337607.625
3.5	326989.25
3.50999999046326	324511.34375
3.51999998092651	324713
3.52999997138977	321432.25
3.53999996185303	324658.40625
3.54999995231628	327649.90625
3.55999994277954	320371.71875
3.5699999332428	319373.6875
3.57999992370605	320423.40625
3.58999991416931	316269.34375
3.59999990463257	310064.25
3.60999989509583	308022.46875
3.61999988555908	308151.15625
3.63000011444092	312513.25
3.64000010490417	305173.5
3.65000009536743	309036.78125
3.66000008583069	300724.0625
3.67000007629395	295933.59375
3.6800000667572	296000.5625
3.69000005722046	294590.78125
3.70000004768372	292289.75
3.71000003814697	294227.59375
3.72000002861023	293160.625
3.73000001907349	293776.75
3.74000000953674	289072.9375
3.75	286199.53125
3.75999999046326	281552.15625
3.76999998092651	279520.25
3.77999997138977	282391.71875
3.78999996185303	277461.8125
3.79999995231628	274572.59375
3.80999994277954	275427
3.8199999332428	274667.84375
3.82999992370605	272474.96875
3.83999991416931	269070.6875
3.84999990463257	270436.53125
3.85999989509583	269665.4375
3.86999988555908	268750.21875
3.88000011444092	267927.15625
3.89000010490417	264458.6875
3.90000009536743	264264.71875
3.91000008583069	258547.453125
3.92000007629395	257726.765625
3.9300000667572	260341.234375
3.94000005722046	259612.234375
3.95000004768372	258124.71875
3.96000003814697	254362.5625
3.97000002861023	250852.28125
3.98000001907349	252183.921875
3.99000000953674	249016.859375
4	246127.28125
4.01000022888184	244929.953125
4.01999998092651	241037.484375
4.03000020980835	237034.828125
4.03999996185303	238630.78125
4.05000019073486	239612.171875
4.05999994277954	237225.84375
4.07000017166138	235451.375
4.07999992370605	233971.3125
4.09000015258789	240056.03125
4.09999990463257	236103.203125
4.1100001335144	235165.453125
4.11999988555908	234003.25
4.13000011444092	228803.40625
4.1399998664856	228294.75
4.15000009536743	224435.0625
4.15999984741211	222619.578125
4.17000007629395	226471.203125
4.17999982833862	224637.890625
4.19000005722046	220217.109375
4.19999980926514	221767.25
4.21000003814697	221292.625
4.21999979019165	216773.03125
4.23000001907349	215837.359375
4.23999977111816	218727.640625
4.25	214249.140625
4.26000022888184	209340.78125
4.26999998092651	205328.0625
4.28000020980835	205873.859375
4.28999996185303	204619.90625
4.30000019073486	206863.390625
4.30999994277954	206229.0625
4.32000017166138	200326.921875
4.32999992370605	200144.984375
4.34000015258789	201357.828125
4.34999990463257	201270.84375
4.3600001335144	197001.453125
4.36999988555908	198554.953125
4.38000011444092	196227.90625
4.3899998664856	193141.8125
4.40000009536743	192720.5625
4.40999984741211	192486.0625
4.42000007629395	189311.234375
4.42999982833862	188145.96875
4.44000005722046	186092.296875
4.44999980926514	186074.78125
4.46000003814697	185466.296875
4.46999979019165	185020.953125
4.48000001907349	187713.75
4.48999977111816	184790.1875
4.5	184055.875
4.51000022888184	183896.125
4.51999998092651	184986.90625
4.53000020980835	179606.1875
4.53999996185303	174755.90625
4.55000019073486	174933.40625
4.55999994277954	172771.34375
4.57000017166138	173835.90625
4.57999992370605	175498.8125
4.59000015258789	172553.890625
4.59999990463257	172224.921875
4.6100001335144	169816.65625
4.61999988555908	169494.453125
4.63000011444092	172005.609375
4.6399998664856	169982.09375
4.65000009536743	166237.515625
4.65999984741211	164434.078125
4.67000007629395	162148.5625
4.67999982833862	161451.6875
4.69000005722046	164081.8125
4.69999980926514	159723.265625
4.71000003814697	160772.671875
4.71999979019165	162939.109375
4.73000001907349	159361.390625
4.73999977111816	159228.34375
4.75	159514.40625
4.76000022888184	157605.53125
4.76999998092651	154937.109375
4.78000020980835	153270.015625
4.78999996185303	156612.375
4.80000019073486	157517.046875
4.80999994277954	156219.6875
4.82000017166138	153150.5625
4.82999992370605	151133.8125
4.84000015258789	151828.59375
4.84999990463257	151270.4375
4.8600001335144	148861.65625
4.86999988555908	148483.953125
4.88000011444092	148250.578125
4.8899998664856	146617.828125
4.90000009536743	143920.46875
4.90999984741211	145199.78125
4.92000007629395	142402.328125
4.92999982833862	140299.90625
4.94000005722046	148335.9375
4.94999980926514	144566.765625
4.96000003814697	144645.078125
4.96999979019165	143182.59375
4.98000001907349	141930.109375
4.98999977111816	141271.8125
5	140127.765625
5.01000022888184	137013.9375
5.01999998092651	139622.59375
5.03000020980835	138707.515625
5.03999996185303	136747.78125
5.05000019073486	138169.328125
5.05999994277954	137415.203125
5.07000017166138	135992.1875
5.07999992370605	132549.671875
5.09000015258789	130726.53125
5.09999990463257	130936.0703125
5.1100001335144	128810.8046875
5.11999988555908	129756.046875
5.13000011444092	129863.9140625
5.1399998664856	129970.4140625
5.15000009536743	127716.640625
5.15999984741211	125653.875
5.17000007629395	125834.234375
5.17999982833862	129575.4609375
5.19000005722046	126124.765625
5.19999980926514	123619.078125
5.21000003814697	123435.0703125
5.21999979019165	124835.71875
5.23000001907349	124022.7734375
5.23999977111816	123499.3359375
5.25	126172.625
5.26000022888184	125702.328125
5.26999998092651	122543
5.28000020980835	120225.78125
5.28999996185303	121683.484375
5.30000019073486	119927.078125
5.30999994277954	116599.1171875
5.32000017166138	116334.2734375
5.32999992370605	117616.671875
5.34000015258789	117720.3046875
5.34999990463257	116267.4453125
5.3600001335144	116794.8125
5.36999988555908	119533.953125
5.38000011444092	116211.984375
5.3899998664856	115383.3515625
5.40000009536743	114117.5625
5.40999984741211	114245.5234375
5.42000007629395	113227.265625
5.42999982833862	110521.453125
5.44000005722046	110643.578125
5.44999980926514	111869.0390625
5.46000003814697	110399.734375
5.46999979019165	110374.765625
5.48000001907349	111962.8125
5.48999977111816	110106.9140625
5.5	108646.734375
5.51000022888184	107760.6640625
5.51999998092651	108451.1015625
5.53000020980835	106720.15625
5.53999996185303	108914.8515625
5.55000019073486	107281.75
5.55999994277954	106463.390625
5.57000017166138	104461.7265625
5.57999992370605	103771.5
5.59000015258789	104424.1171875
5.59999990463257	102996.6875
5.6100001335144	104751.9375
5.61999988555908	105575.734375
5.63000011444092	103042.1328125
5.6399998664856	103376.5390625
5.65000009536743	103918.7578125
5.65999984741211	101792.328125
5.67000007629395	101209
5.67999982833862	97809.4140625
5.69000005722046	100541.625
5.69999980926514	102983.5546875
5.71000003814697	102645.78125
5.71999979019165	101184.9296875
5.73000001907349	100515.71875
5.73999977111816	98077.5078125
5.75	98981.390625
5.76000022888184	97344.7265625
5.76999998092651	94146.484375
5.78000020980835	96440.78125
5.78999996185303	97212.6171875
5.80000019073486	97437.703125
5.80999994277954	95436.9296875
5.82000017166138	95754.4140625
5.82999992370605	94055.2421875
5.84000015258789	94430.046875
5.84999990463257	96116.328125
5.8600001335144	96893.8359375
5.86999988555908	94716.1875
5.88000011444092	91979.421875
5.8899998664856	92254.671875
5.90000009536743	93376.0625
5.90999984741211	92922.4140625
5.92000007629395	90110.375
5.92999982833862	89471.75
5.94000005722046	89445.515625
5.94999980926514	87684.7421875
5.96000003814697	86054.453125
5.96999979019165	88492.8203125
5.98000001907349	87290.15625
5.98999977111816	89069.5625
6	89018.8203125
6.01000022888184	89211.8828125
6.01999998092651	87811.9453125
6.03000020980835	87028.421875
6.03999996185303	88219.015625
6.05000019073486	86986.2578125
6.05999994277954	86263.328125
6.07000017166138	86314.578125
6.07999992370605	85782.65625
6.09000015258789	85408.890625
6.09999990463257	84844.5234375
6.1100001335144	85254.75
6.11999988555908	86747.328125
6.13000011444092	85309.6640625
6.1399998664856	84374.921875
6.15000009536743	85733.15625
6.15999984741211	83189.15625
6.17000007629395	79748.625
6.17999982833862	80473.7265625
6.19000005722046	80041.859375
6.19999980926514	83349.9296875
6.21000003814697	82694.5625
6.21999979019165	81472.8828125
6.23000001907349	81867.7890625
6.23999977111816	81552
6.25	81812.625
6.26000022888184	80991.7109375
6.26999998092651	80893.921875
6.28000020980835	82043.1640625
6.28999996185303	81181.6015625
6.30000019073486	77476.6640625
6.30999994277954	77052.59375
6.32000017166138	79038.40625
6.32999992370605	78091.9765625
6.34000015258789	76385.8828125
6.34999990463257	76906.1171875
6.3600001335144	78917.34375
6.36999988555908	78338.6796875
6.38000011444092	76514.6171875
6.3899998664856	75312.359375
6.40000009536743	74386.5625
6.40999984741211	77778.9453125
6.42000007629395	75596.5625
6.42999982833862	73944.984375
6.44000005722046	75475.625
6.44999980926514	77912.578125
6.46000003814697	76719.171875
6.46999979019165	75107.28125
6.48000001907349	77361.6875
6.48999977111816	76101.8125
6.5	73353.25
6.51000022888184	73056.46875
6.51999998092651	73010.6875
6.53000020980835	74920.359375
6.53999996185303	75136.1328125
6.55000019073486	74165.28125
6.55999994277954	74408.546875
6.57000017166138	74398.6640625
6.57999992370605	75117.2734375
6.59000015258789	75347.28125
6.59999990463257	72632.59375
6.6100001335144	71164.6171875
6.61999988555908	70543.5390625
6.63000011444092	71098.5859375
6.6399998664856	69452.2109375
6.65000009536743	72978.09375
6.65999984741211	72814.3046875
6.67000007629395	71985.2109375
6.67999982833862	72709.8671875
6.69000005722046	70624.9921875
6.69999980926514	69010.4375
6.71000003814697	69079.2578125
6.71999979019165	68335.265625
6.73000001907349	69188.15625
6.73999977111816	71081.0234375
6.75	70901.484375
6.76000022888184	69660.3203125
6.76999998092651	70014.6875
6.78000020980835	69037.40625
6.78999996185303	70892.3359375
6.80000019073486	70907.4375
6.80999994277954	69221.34375
6.82000017166138	69320.015625
6.82999992370605	68723.453125
6.84000015258789	64756.09765625
6.84999990463257	67676.0546875
6.8600001335144	67674.625
6.86999988555908	67052.4609375
6.88000011444092	67514.5390625
6.8899998664856	66693.625
6.90000009536743	66659.4296875
6.90999984741211	66188.4375
6.92000007629395	67129.28125
6.92999982833862	68005.0390625
6.94000005722046	66785.6015625
6.94999980926514	63926.85546875
6.96000003814697	63184.76953125
6.96999979019165	64573.7890625
6.98000001907349	65234.34765625
6.98999977111816	66525.6640625
7	64297.59375
7.01000022888184	63053.78515625
7.01999998092651	62792.734375
7.03000020980835	62799.7578125
7.03999996185303	65717.7734375
7.05000019073486	65681.265625
7.05999994277954	64023.10546875
7.07000017166138	63897.984375
7.07999992370605	64940.05859375
7.09000015258789	64709.80078125
7.09999990463257	64196.16796875
7.1100001335144	61066.95703125
7.11999988555908	61725.88671875
7.13000011444092	62466.71484375
7.1399998664856	64189.01953125
7.15000009536743	64229.78125
7.15999984741211	63156.61328125
7.17000007629395	62452.99609375
7.17999982833862	60521.53125
7.19000005722046	62611.3046875
7.19999980926514	63687.46875
7.21000003814697	62251.70703125
7.21999979019165	61803.3828125
7.23000001907349	62014.56640625
7.23999977111816	59645.62109375
7.25	61001.14453125
7.26000022888184	61609.80078125
7.26999998092651	59806.16796875
7.28000020980835	60488.30078125
7.28999996185303	59611.765625
7.30000019073486	59342.42578125
7.30999994277954	59957.703125
7.32000017166138	61072.890625
7.32999992370605	60899.171875
7.34000015258789	60513.0078125
7.34999990463257	59864.4140625
7.3600001335144	58638.08984375
7.36999988555908	58927.421875
7.38000011444092	58727.7421875
7.3899998664856	57107.171875
7.40000009536743	57976.59765625
7.40999984741211	57958.640625
7.42000007629395	58770.953125
7.42999982833862	59990.11328125
7.44000005722046	59197.81640625
7.44999980926514	58373.921875
7.46000003814697	57952.984375
7.46999979019165	59215.61328125
7.48000001907349	58592.90625
7.48999977111816	57845.46875
7.5	59201.71875
7.51000022888184	56915.2890625
7.51999998092651	56538.30078125
7.53000020980835	58086.67578125
7.53999996185303	57599.34375
7.55000019073486	57276.96875
7.55999994277954	57060.203125
7.57000017166138	58683.63671875
7.57999992370605	57982.80078125
7.59000015258789	56618.03515625
7.59999990463257	57437.85546875
7.6100001335144	57600.97265625
7.61999988555908	57027.34765625
7.63000011444092	55542.13671875
7.6399998664856	56118.1640625
7.65000009536743	56294.48046875
7.65999984741211	57267.4921875
7.67000007629395	56674.74609375
7.67999982833862	57719.24609375
7.69000005722046	55463.8125
7.69999980926514	54269.77734375
7.71000003814697	55649.59765625
7.71999979019165	56098.66015625
7.73000001907349	55305.36328125
7.73999977111816	56680.05859375
7.75	56927.78125
7.76000022888184	56132.78125
7.76999998092651	54979.48046875
7.78000020980835	56266.67578125
7.78999996185303	55797.74609375
7.80000019073486	55088.55859375
7.80999994277954	55373.94140625
7.82000017166138	56216.515625
7.82999992370605	55119.52734375
7.84000015258789	53227.38671875
7.84999990463257	55397.1875
7.8600001335144	55458.43359375
7.86999988555908	55938.71484375
7.88000011444092	56655.86328125
7.8899998664856	55494.98828125
7.90000009536743	56860.15234375
7.90999984741211	54697.3046875
7.92000007629395	54568.41015625
7.92999982833862	53916.9375
7.94000005722046	52757.55859375
7.94999980926514	51634.0546875
7.96000003814697	52443.875
7.96999979019165	52428.56640625
7.98000001907349	53670.91015625
7.98999977111816	53469.5625
8	54128.27734375
8.01000022888184	52313.84375
8.02000045776367	52829.80078125
8.02999973297119	54488.60546875
8.03999996185303	53957.8515625
8.05000019073486	52288.1875
8.0600004196167	50336.8828125
8.06999969482422	52920.5078125
8.07999992370605	53024.3515625
8.09000015258789	53224.91015625
8.10000038146973	52225.76171875
8.10999965667725	52777.46484375
8.11999988555908	53027.15234375
8.13000011444092	54426.4375
8.14000034332275	54396.265625
8.14999961853027	52729.25390625
8.15999984741211	52882.33203125
8.17000007629395	52157.4375
8.18000030517578	53074.265625
8.1899995803833	51708.59375
8.19999980926514	52159.52734375
8.21000003814697	51119.359375
8.22000026702881	51320.4375
8.22999954223633	50864.2890625
8.23999977111816	51228.63671875
8.25	51801.828125
8.26000022888184	53290.69921875
8.27000045776367	52478.9453125
8.27999973297119	50717.6328125
8.28999996185303	51538.60546875
8.30000019073486	53644.77734375
8.3100004196167	50592.19140625
8.31999969482422	50198.30859375
8.32999992370605	50273.57421875
8.34000015258789	51654.5703125
8.35000038146973	51937.3359375
8.35999965667725	51958.60546875
8.36999988555908	53041.42578125
8.38000011444092	50640.8984375
8.39000034332275	52751.9375
8.39999961853027	52718.74609375
8.40999984741211	50139.0078125
8.42000007629395	49187.25390625
8.43000030517578	48070
8.4399995803833	49549.09375
8.44999980926514	50093.6328125
8.46000003814697	50761.62890625
8.47000026702881	51016.5703125
8.47999954223633	49084.05859375
8.48999977111816	49766.8671875
8.5	50691.48046875
8.51000022888184	51793.01953125
8.52000045776367	51514.3671875
8.52999973297119	50677.80078125
8.53999996185303	51543.7265625
8.55000019073486	51227.265625
8.5600004196167	50049.05859375
8.56999969482422	50408.3515625
8.57999992370605	50000.6796875
8.59000015258789	49851.94140625
8.60000038146973	50131.41015625
8.60999965667725	49582.84375
8.61999988555908	49221.98828125
8.63000011444092	49962.82421875
8.64000034332275	49719.26171875
8.64999961853027	47719.32421875
8.65999984741211	48147.30078125
8.67000007629395	49984.3046875
8.68000030517578	48570.2578125
8.6899995803833	47140.140625
8.69999980926514	48339.1640625
8.71000003814697	49144.65625
8.72000026702881	48140.9765625
8.72999954223633	48748.09375
8.73999977111816	50506.0546875
8.75	51106.078125
8.76000022888184	48603.45703125
8.77000045776367	47406.83984375
8.77999973297119	49062.46484375
8.78999996185303	50095.640625
8.80000019073486	49421.67578125
8.8100004196167	49312.50390625
8.81999969482422	47620.31640625
8.82999992370605	47012.91796875
8.84000015258789	47578.06640625
8.85000038146973	46535.6484375
8.85999965667725	47048.04296875
8.86999988555908	48280.26953125
8.88000011444092	49363.62890625
8.89000034332275	48943.08203125
8.89999961853027	47270.703125
8.90999984741211	47307.578125
8.92000007629395	47948.32421875
8.93000030517578	47216.7421875
8.9399995803833	47930.421875
8.94999980926514	46834.01171875
8.96000003814697	46585.625
8.97000026702881	47383.58984375
8.97999954223633	47346.33984375
8.98999977111816	47984.7109375
9	47427.75390625
9.01000022888184	47447.625
9.02000045776367	47533.14453125
9.02999973297119	47461.32421875
9.03999996185303	48723.37890625
9.05000019073486	47765.81640625
9.0600004196167	45860.94921875
9.06999969482422	46664.71484375
9.07999992370605	46686.16015625
9.09000015258789	46911.34765625
9.10000038146973	46547.5546875
9.10999965667725	46089.84375
9.11999988555908	46525.6640625
9.13000011444092	46869.33203125
9.14000034332275	45346.61328125
9.14999961853027	46240.7890625
9.15999984741211	46892.50390625
9.17000007629395	46323.890625
9.18000030517578	45324.09765625
9.1899995803833	47492.34375
9.19999980926514	46666.3671875
9.21000003814697	45982.91796875
9.22000026702881	45026.078125
9.22999954223633	46784.80078125
9.23999977111816	46321.30859375
9.25	46649.08203125
9.26000022888184	46411.55859375
9.27000045776367	46963.09375
9.27999973297119	47527.04296875
9.28999996185303	46793.91015625
9.30000019073486	45161.3828125
9.3100004196167	44543.03125
9.31999969482422	45012.03125
9.32999992370605	45656.99609375
9.34000015258789	44887.328125
9.35000038146973	44383.796875
9.35999965667725	45116.7578125
9.36999988555908	45410.25390625
9.38000011444092	45803.59765625
9.39000034332275	45574.1328125
9.39999961853027	45260.88671875
9.40999984741211	44860.71484375
9.42000007629395	43837.84765625
9.43000030517578	44422.11328125
9.4399995803833	45087.2421875
9.44999980926514	44601.46875
9.46000003814697	44511.578125
9.47000026702881	44353.26953125
9.47999954223633	44031.2734375
9.48999977111816	43201.1796875
9.5	44254.76171875
9.51000022888184	44466.25
9.52000045776367	43831.921875
9.52999973297119	45495.84765625
9.53999996185303	44913.40625
9.55000019073486	44152.8203125
9.5600004196167	44472.10546875
9.56999969482422	44974.3984375
9.57999992370605	44378.44921875
9.59000015258789	43618.2890625
9.60000038146973	44575.6875
9.60999965667725	43883.36328125
9.61999988555908	43964.390625
9.63000011444092	44349.5546875
9.64000034332275	44448.65625
9.64999961853027	44276.6171875
9.65999984741211	44625.8203125
9.67000007629395	44868.35546875
9.68000030517578	44331.6640625
9.6899995803833	44477.23046875
9.69999980926514	44035.19921875
9.71000003814697	43422.0390625
9.72000026702881	44312.1953125
9.72999954223633	44929.34765625
9.73999977111816	44664.91015625
9.75	44104.1875
9.76000022888184	44062.1484375
9.77000045776367	43922.3046875
9.77999973297119	43940.26171875
9.78999996185303	43828.28515625
9.80000019073486	43823.61328125
9.8100004196167	42573.96875
9.81999969482422	42909.19140625
9.82999992370605	42164.30078125
9.84000015258789	41870.2109375
9.85000038146973	44057.8125
9.85999965667725	42896.78125
9.86999988555908	42976.24609375
9.88000011444092	42899.66015625
9.89000034332275	43235.25390625
9.89999961853027	43292.11328125
9.90999984741211	42644.90625
9.92000007629395	43174.3359375
9.93000030517578	44025.0078125
9.9399995803833	43442.28125
9.94999980926514	42480.39453125
9.96000003814697	42443.4609375
9.97000026702881	44183.21875
9.97999954223633	43045.234375
9.98999977111816	44465.71875
10	43154.12109375
10.0100002288818	41494.484375
10.0200004577637	42540.37890625
10.0299997329712	42613.3984375
10.039999961853	42797.578125
10.0500001907349	42730.3125
10.0600004196167	42209.9296875
10.0699996948242	41688.62890625
10.0799999237061	43204.7890625
10.0900001525879	44038.80078125
10.1000003814697	43164.96484375
10.1099996566772	42644.2421875
10.1199998855591	43278.79296875
10.1300001144409	43747.44921875
10.1400003433228	42769.55078125
10.1499996185303	42711.41796875
10.1599998474121	42461.5390625
10.1700000762939	42415.2578125
10.1800003051758	41507.33203125
10.1899995803833	41198.14453125
10.1999998092651	42539.38671875
10.210000038147	42934.34375
10.2200002670288	41030.52734375
10.2299995422363	42549.421875
10.2399997711182	43404.296875
10.25	42821.171875
10.2600002288818	41201.41796875
10.2700004577637	41742.046875
10.2799997329712	39972.1640625
10.289999961853	41441.84375
10.3000001907349	42229.0390625
10.3100004196167	42152.71875
10.3199996948242	41912.43359375
10.3299999237061	42220.37109375
10.3400001525879	41132.35546875
10.3500003814697	42028.5234375
10.3599996566772	43393.7109375
10.3699998855591	42200.0234375
10.3800001144409	41593.7734375
10.3900003433228	42173.0859375
10.3999996185303	42011.7421875
10.4099998474121	40894.90234375
10.4200000762939	41176.93359375
10.4300003051758	41972.9921875
10.4399995803833	42559.796875
10.4499998092651	42420.703125
10.460000038147	41188.8203125
10.4700002670288	41684.08203125
10.4799995422363	42801.95703125
10.4899997711182	41853.48046875
10.5	40783.84375
10.5100002288818	41163.08203125
10.5200004577637	41355.39453125
10.5299997329712	42968.9921875
10.539999961853	42992.26953125
10.5500001907349	41898.32421875
10.5600004196167	40441.33984375
10.5699996948242	41639.51953125
10.5799999237061	42370.16015625
10.5900001525879	41572.21484375
10.6000003814697	41159.8125
10.6099996566772	41243.6015625
10.6199998855591	41501.7265625
10.6300001144409	40298.55859375
10.6400003433228	39776.2578125
10.6499996185303	39996.3203125
10.6599998474121	40974.86328125
10.6700000762939	40318.4921875
10.6800003051758	41520.3671875
10.6899995803833	40987.09765625
10.6999998092651	40432.1875
10.710000038147	40232.25
10.7200002670288	40392.88671875
10.7299995422363	40712.671875
10.7399997711182	40247.08203125
10.75	39454.4921875
10.7600002288818	38970.6328125
10.7700004577637	39631.59765625
10.7799997329712	41093.296875
10.789999961853	41505.5078125
10.8000001907349	40759.09375
10.8100004196167	40608.12109375
10.8199996948242	40274.98046875
10.8299999237061	40596.31640625
10.8400001525879	39367.34765625
10.8500003814697	39175.33203125
10.8599996566772	39396.18359375
10.8699998855591	40915.87109375
10.8800001144409	39336.7578125
10.8900003433228	39825.8125
10.8999996185303	40553.65625
10.9099998474121	41181.1953125
10.9200000762939	40909.40625
10.9300003051758	40889.28125
10.9399995803833	40365.4609375
10.9499998092651	39938.7109375
10.960000038147	39810.38671875
10.9700002670288	40001.359375
10.9799995422363	39405.73046875
10.9899997711182	39177.47265625
11	39318.3828125
11.0100002288818	40015.71875
11.0200004577637	40061.87109375
11.0299997329712	39113.28125
11.039999961853	39243.453125
11.0500001907349	40351.23828125
11.0600004196167	39924.93359375
11.0699996948242	39738.453125
11.0799999237061	39156.7890625
11.0900001525879	38335.55078125
11.1000003814697	39069.13671875
11.1099996566772	38821.796875
11.1199998855591	40093.31640625
11.1300001144409	40288.50390625
11.1400003433228	40428.734375
11.1499996185303	40394.19921875
11.1599998474121	40239.078125
11.1700000762939	40458.9140625
11.1800003051758	39855.90234375
11.1899995803833	39775.7421875
11.1999998092651	39471.0390625
11.210000038147	39368.3203125
11.2200002670288	39981.69140625
11.2299995422363	39416.09765625
11.2399997711182	38650.09375
11.25	40192.578125
11.2600002288818	39681.4765625
11.2700004577637	38630.71484375
11.2799997329712	37895.75390625
11.289999961853	38234.0703125
11.3000001907349	37960.2890625
11.3100004196167	37907.19921875
11.3199996948242	38745.51953125
11.3299999237061	39030.234375
11.3400001525879	39153.21875
11.3500003814697	39220.58203125
11.3599996566772	38340.53515625
11.3699998855591	37824.7578125
11.3800001144409	38905.89453125
11.3900003433228	39559.09765625
11.3999996185303	39048.79296875
11.4099998474121	39230.1171875
11.4200000762939	39475.21875
11.4300003051758	39326.41796875
11.4399995803833	38920.56640625
11.4499998092651	38662.70703125
11.460000038147	38435.80078125
11.4700002670288	37955.9765625
11.4799995422363	38066.87890625
11.4899997711182	38410.3671875
11.5	38463.34765625
11.5100002288818	38535.55078125
11.5200004577637	38664.3828125
11.5299997329712	38774.140625
11.539999961853	38668.6484375
11.5500001907349	38980.28515625
11.5600004196167	39437.3984375
11.5699996948242	39375.125
11.5799999237061	38745.0390625
11.5900001525879	38350.1328125
11.6000003814697	39001.58203125
11.6099996566772	38837.2109375
11.6199998855591	38503.53515625
11.6300001144409	38318.24609375
11.6400003433228	37941.01953125
11.6499996185303	37591.046875
11.6599998474121	38134.14453125
11.6700000762939	38093.86328125
11.6800003051758	38173.22265625
11.6899995803833	38349.91015625
11.6999998092651	38395.87890625
11.710000038147	38144.83203125
11.7200002670288	37387.7109375
11.7299995422363	37066.15625
11.7399997711182	37340.3671875
11.75	37813.0234375
11.7600002288818	38203.140625
11.7700004577637	37648.27734375
11.7799997329712	38428.75
11.789999961853	39349.0703125
11.8000001907349	38787.6875
11.8100004196167	38063.26171875
11.8199996948242	38695.83984375
11.8299999237061	39195.796875
11.8400001525879	39118.45703125
11.8500003814697	38875.3046875
11.8599996566772	37329.40625
11.8699998855591	37276.140625
11.8800001144409	37945.07421875
11.8900003433228	38002.765625
11.8999996185303	37701.46484375
11.9099998474121	36327.15625
11.9200000762939	36460.42578125
11.9300003051758	37992.06640625
11.9399995803833	38814.80078125
11.9499998092651	38231.10546875
11.960000038147	37328.73046875
11.9700002670288	37318.640625
11.9799995422363	37270.17578125
11.9899997711182	36911.61328125
12	36551.5390625
12.0100002288818	36497.25390625
12.0200004577637	37017.84765625
12.0299997329712	37545.171875
12.039999961853	37215.76171875
12.0500001907349	36236.25
12.0600004196167	36474.09375
12.0699996948242	37366.890625
12.0799999237061	36567.5859375
12.0900001525879	37299.98046875
12.1000003814697	38205.4609375
12.1099996566772	37697.9921875
12.1199998855591	37294.421875
12.1300001144409	37383.8125
12.1400003433228	37813.32421875
12.1499996185303	38208.3984375
12.1599998474121	37466.6640625
12.1700000762939	37285.7109375
12.1800003051758	37328.49609375
12.1899995803833	36245.14453125
12.1999998092651	36789.8984375
12.210000038147	37169.29296875
12.2200002670288	36602.703125
12.2299995422363	36074
12.2399997711182	36347.76171875
12.25	37039.4765625
12.2600002288818	37481.87890625
12.2700004577637	37019.32421875
12.2799997329712	36149.23046875
12.289999961853	36999.64453125
12.3000001907349	37875.6015625
12.3100004196167	37582.5078125
12.3199996948242	37714.01171875
12.3299999237061	37344.89453125
12.3400001525879	36818.03125
12.3500003814697	37075.203125
12.3599996566772	37712.15625
12.3699998855591	37007.75
12.3800001144409	35690.796875
12.3900003433228	36088.2421875
12.3999996185303	36650.546875
12.4099998474121	36926.55078125
12.4200000762939	37287.0625
12.4300003051758	36997.2890625
12.4399995803833	36286.3203125
12.4499998092651	36817.74609375
12.460000038147	37541.71875
12.4700002670288	36561.421875
12.4799995422363	35866.39453125
12.4899997711182	35912.59765625
12.5	36678.87890625
12.5100002288818	36826.81640625
12.5200004577637	36742.91015625
12.5299997329712	35974.53515625
12.539999961853	35763.19140625
12.5500001907349	36750.42578125
12.5600004196167	36759.22265625
12.5699996948242	36865.9921875
12.5799999237061	36280.84765625
12.5900001525879	35291.36328125
12.6000003814697	35903.75
12.6099996566772	36520.9609375
12.6199998855591	36250.37109375
12.6300001144409	35008.3984375
12.6400003433228	34998.28125
12.6499996185303	35764.09375
12.6599998474121	35151.53515625
12.6700000762939	35176.2265625
12.6800003051758	36997.3203125
12.6899995803833	37868.07421875
12.6999998092651	36686.6484375
12.710000038147	34820.0859375
12.7200002670288	35013.80859375
12.7299995422363	35764.9921875
12.7399997711182	35863.05859375
12.75	35953.45703125
12.7600002288818	35756.22265625
12.7700004577637	36048.8125
12.7799997329712	35717.75390625
12.789999961853	35395.37890625
12.8000001907349	35500.04296875
12.8100004196167	36446.140625
12.8199996948242	35833.98046875
12.8299999237061	35185.51171875
12.8400001525879	36029.9609375
12.8500003814697	36457.6640625
12.8599996566772	35851.70703125
12.8699998855591	35110.81640625
12.8800001144409	34910
12.8900003433228	34659.90625
12.8999996185303	34401.609375
12.9099998474121	34275.69921875
12.9200000762939	34209.5390625
12.9300003051758	34395.30078125
12.9399995803833	34448.62109375
12.9499998092651	34905.66015625
12.960000038147	34918.30859375
12.9700002670288	34410.2265625
12.9799995422363	35527.0234375
12.9899997711182	35409.609375
13	33833.60546875
13.0100002288818	34538.2578125
13.0200004577637	35434.2421875
13.0299997329712	35124.4140625
13.039999961853	35065.2734375
13.0500001907349	35017.13671875
13.0600004196167	34868.66015625
13.0699996948242	34701.87109375
13.0799999237061	34927.44140625
13.0900001525879	35477.109375
13.1000003814697	35513.33984375
13.1099996566772	35139.125
13.1199998855591	34949.48046875
13.1300001144409	34883.09375
13.1400003433228	34330.47265625
13.1499996185303	33783.94921875
13.1599998474121	34136.83203125
13.1700000762939	34029.83984375
13.1800003051758	34199.19921875
13.1899995803833	34215.47265625
13.1999998092651	33858.5625
13.210000038147	34579.04296875
13.2200002670288	35010.1328125
13.2299995422363	34252.16796875
13.2399997711182	33890.33984375
13.25	33819.33984375
13.2600002288818	34196.3984375
13.2700004577637	34742.86328125
13.2799997329712	34363.91796875
13.289999961853	34424.11328125
13.3000001907349	34734.453125
13.3100004196167	34178.51953125
13.3199996948242	33507.828125
13.3299999237061	33613.484375
13.3400001525879	33980.24609375
13.3500003814697	33698.41015625
13.3599996566772	33236.22265625
13.3699998855591	33096.44921875
13.3800001144409	33938.43359375
13.3900003433228	34652.875
13.3999996185303	34783.77734375
13.4099998474121	34328.15234375
13.4200000762939	33495.87890625
13.4300003051758	33110.70703125
13.4399995803833	33426.85546875
13.4499998092651	34002.40625
13.460000038147	33907.640625
13.4700002670288	33893.9765625
13.4799995422363	33892.68359375
13.4899997711182	33614.01953125
13.5	33117.296875
13.5100002288818	32915.67578125
13.5200004577637	33350.11328125
13.5299997329712	33232.3828125
13.539999961853	33103.703125
13.5500001907349	33825.11328125
13.5600004196167	33895.98828125
13.5699996948242	33766.2890625
13.5799999237061	33451.5390625
13.5900001525879	33174.234375
13.6000003814697	34002.58203125
13.6099996566772	33878.546875
13.6199998855591	33288.953125
13.6300001144409	33605.03125
13.6400003433228	33717
13.6499996185303	33193.1484375
13.6599998474121	32640.818359375
13.6700000762939	33339.26953125
13.6800003051758	33589.37890625
13.6899995803833	32582.734375
13.6999998092651	32309.50390625
13.710000038147	32361.51953125
13.7200002670288	32259.208984375
13.7299995422363	32433.638671875
13.7399997711182	33432.4296875
13.75	33985.16015625
13.7600002288818	33203.953125
13.7700004577637	32914.3828125
13.7799997329712	32833.36328125
13.789999961853	32378.8671875
13.8000001907349	32852.55078125
13.8100004196167	33260.03125
13.8199996948242	32539.30078125
13.8299999237061	32122.0078125
13.8400001525879	32014.98046875
13.8500003814697	32033.25
13.8599996566772	32501.3203125
13.8699998855591	32887.0078125
13.8800001144409	33555.21484375
13.8900003433228	33252.359375
13.8999996185303	32390.39453125
13.9099998474121	32304.8671875
13.9200000762939	32355.65625
13.9300003051758	32402.8046875
13.9399995803833	32746.22265625
13.9499998092651	33248.49609375
13.960000038147	33258.7421875
13.9700002670288	32434.810546875
13.9799995422363	31803.099609375
13.9899997711182	32131.158203125
14	32100.15234375
14.0100002288818	31801.390625
14.0200004577637	32254.498046875
14.0299997329712	32321.822265625
14.039999961853	31768.359375
14.0500001907349	31793.33203125
14.0600004196167	32792.98046875
14.0699996948242	32628.1953125
14.0799999237061	31142.818359375
14.0900001525879	31547.439453125
14.1000003814697	32008.212890625
14.1099996566772	32124.52734375
14.1199998855591	31956.294921875
14.1300001144409	32000.3125
14.1400003433228	32246.134765625
14.1499996185303	32445.302734375
14.1599998474121	32206.599609375
14.1700000762939	32156.17578125
14.1800003051758	31716.552734375
14.1899995803833	31365.01953125
14.1999998092651	31611.10546875
14.210000038147	31204.828125
14.2200002670288	31247.13671875
14.2299995422363	31762.08203125
14.2399997711182	31475.71875
14.25	31508.3515625
14.2600002288818	31315.19140625
14.2700004577637	30942.2734375
14.2799997329712	30506.24609375
14.289999961853	31257.953125
14.3000001907349	31890.970703125
14.3100004196167	31814.927734375
14.3199996948242	31444.0078125
14.3299999237061	31271.939453125
14.3400001525879	30624.1015625
14.3500003814697	30513.44921875
14.3599996566772	31234.427734375
14.3699998855591	31711.79296875
14.3800001144409	31403.30078125
14.3900003433228	30593.451171875
14.3999996185303	30648.826171875
14.4099998474121	30929.787109375
14.4200000762939	30740.66796875
14.4300003051758	30242.423828125
14.4399995803833	30536.853515625
14.4499998092651	31095.015625
14.460000038147	31466.96484375
14.4700002670288	31114.126953125
14.4799995422363	30974.48828125
14.4899997711182	30793.025390625
14.5	30703.076171875
14.5100002288818	30501.73046875
14.5200004577637	30803.61328125
14.5299997329712	30900.0234375
14.539999961853	31121.990234375
14.5500001907349	31336.548828125
14.5600004196167	30953.451171875
14.5699996948242	30791.41796875
14.5799999237061	30939.107421875
14.5900001525879	30775.412109375
14.6000003814697	30918.19140625
14.6099996566772	30817.328125
14.6199998855591	30666.13671875
14.6300001144409	30247.091796875
14.6400003433228	30276.240234375
14.6499996185303	31354.951171875
14.6599998474121	30687.28125
14.6700000762939	28956.53125
14.6800003051758	29234.875
14.6899995803833	30425.142578125
14.6999998092651	30689.265625
14.710000038147	30047.90234375
14.7200002670288	29773.556640625
14.7299995422363	29658.23828125
14.7399997711182	30355.27734375
14.75	31186.92578125
14.7600002288818	30756.474609375
14.7700004577637	30810.12890625
14.7799997329712	30615.13671875
14.789999961853	30004.625
14.8000001907349	30111.330078125
14.8100004196167	30452.525390625
14.8199996948242	30664.24609375
14.8299999237061	30713.658203125
14.8400001525879	30168.455078125
14.8500003814697	29591.990234375
14.8599996566772	30070.287109375
14.8699998855591	31023.9375
14.8800001144409	31255.46875
14.8900003433228	30433.3203125
14.8999996185303	29535.5625
14.9099998474121	29940.119140625
14.9200000762939	29709.408203125
14.9300003051758	29098.544921875
14.9399995803833	29302.18359375
14.9499998092651	29164.5234375
14.960000038147	29068.48046875
14.9700002670288	29165.283203125
14.9799995422363	29602.578125
14.9899997711182	30158.318359375
15	30523.599609375
15.0100002288818	30369.369140625
15.0200004577637	29886.068359375
15.0299997329712	29843.021484375
15.039999961853	30350.630859375
15.0500001907349	29840.521484375
15.0600004196167	29401.24609375
15.0699996948242	29653.296875
15.0799999237061	29431.42578125
15.0900001525879	29222.19140625
15.1000003814697	29124.7421875
15.1099996566772	28874.365234375
15.1199998855591	29550.32421875
15.1300001144409	29652.23828125
15.1400003433228	29320.140625
15.1499996185303	29816.6796875
15.1599998474121	30375.640625
15.1700000762939	29971.697265625
15.1800003051758	29052.58203125
15.1899995803833	29103.50390625
15.1999998092651	29617.02734375
15.210000038147	29923.5625
15.2200002670288	30036.302734375
15.2299995422363	29424.05859375
15.2399997711182	29333.822265625
15.25	29318.431640625
15.2600002288818	29076.00390625
15.2700004577637	29316.533203125
15.2799997329712	28735.666015625
15.289999961853	28672.083984375
15.3000001907349	29533.244140625
15.3100004196167	29445.236328125
15.3199996948242	28542.185546875
15.3299999237061	28816.978515625
15.3400001525879	28421.466796875
15.3500003814697	27761.40625
15.3599996566772	27734.826171875
15.3699998855591	28679.107421875
15.3800001144409	28950.9375
15.3900003433228	28826.634765625
15.3999996185303	28797.98828125
15.4099998474121	28738.369140625
15.4200000762939	29031.130859375
15.4300003051758	29342.21875
15.4399995803833	28987.544921875
15.4499998092651	28739.595703125
15.460000038147	28994.984375
15.4700002670288	28359.810546875
15.4799995422363	28650.466796875
15.4899997711182	29009.07421875
15.5	29181.78515625
15.5100002288818	28987.83984375
15.5200004577637	28931.443359375
15.5299997329712	28378.6953125
15.539999961853	27641.9765625
15.5500001907349	27332.2890625
15.5600004196167	28071.841796875
15.5699996948242	27648.064453125
15.5799999237061	27904.271484375
15.5900001525879	28468.0234375
15.6000003814697	28702.71484375
15.6099996566772	29235.369140625
15.6199998855591	28528.46875
15.6300001144409	28340.185546875
15.6400003433228	28652.89453125
15.6499996185303	28413.1484375
15.6599998474121	28567.916015625
15.6700000762939	28009.564453125
15.6800003051758	27762.404296875
15.6899995803833	28813.0625
15.6999998092651	28283.6875
15.710000038147	27542.3359375
15.7200002670288	27503.248046875
15.7299995422363	27641.361328125
15.7399997711182	28016.67578125
15.75	28531.20703125
15.7600002288818	28650.26171875
15.7700004577637	27870.060546875
15.7799997329712	27421.353515625
15.789999961853	28265.33203125
15.8000001907349	27937.48828125
15.8100004196167	27901.109375
15.8199996948242	28256.654296875
15.8299999237061	28350.671875
15.8400001525879	28349.5390625
15.8500003814697	27877.203125
15.8599996566772	27705.640625
15.8699998855591	28250.603515625
15.8800001144409	28264.8828125
15.8900003433228	28040.775390625
15.8999996185303	27863.27734375
15.9099998474121	27233.611328125
15.9200000762939	27580.328125
15.9300003051758	27837.630859375
15.9399995803833	27878.9609375
15.9499998092651	27924.341796875
15.960000038147	28042.177734375
15.9700002670288	28161.47265625
15.9799995422363	27634.126953125
15.9899997711182	27697.005859375
16	27600.44921875
16.0100002288818	27782.7890625
16.0200004577637	27167.267578125
16.0300006866455	27251.5703125
16.0400009155273	27358.56640625
16.0499992370605	27631.353515625
16.0599994659424	27244.322265625
16.0699996948242	27065.189453125
16.0799999237061	26758.234375
16.0900001525879	26589.923828125
16.1000003814697	27288.02734375
16.1100006103516	27596.12109375
16.1200008392334	27074.4609375
16.1299991607666	27095.259765625
16.1399993896484	27455.662109375
16.1499996185303	26784.505859375
16.1599998474121	26453.169921875
16.1700000762939	27187.09375
16.1800003051758	27671.90234375
16.1900005340576	27448.4765625
16.2000007629395	27179.3984375
16.2099990844727	27006.705078125
16.2199993133545	26923.44140625
16.2299995422363	26934.822265625
16.2399997711182	27184.623046875
16.25	27381.013671875
16.2600002288818	27011.3671875
16.2700004577637	27050.6328125
16.2800006866455	27361.787109375
16.2900009155273	27255.9921875
16.2999992370605	27268.38671875
16.3099994659424	26694.818359375
16.3199996948242	26087.724609375
16.3299999237061	26817.51953125
16.3400001525879	27271.595703125
16.3500003814697	27335.86328125
16.3600006103516	27470.044921875
16.3700008392334	26816.67578125
16.3799991607666	26544.388671875
16.3899993896484	27325.033203125
16.3999996185303	27283.779296875
16.4099998474121	26786.4375
16.4200000762939	26375.08984375
16.4300003051758	26656.119140625
16.4400005340576	26976.197265625
16.4500007629395	26583.11328125
16.4599990844727	26590.3203125
16.4699993133545	26323.16796875
16.4799995422363	26310.24609375
16.4899997711182	26597.25
16.5	26615.333984375
16.5100002288818	27024.052734375
16.5200004577637	27040.716796875
16.5300006866455	26517.23828125
16.5400009155273	26464.546875
16.5499992370605	26292.865234375
16.5599994659424	26121.412109375
16.5699996948242	26264.048828125
16.5799999237061	26874.31640625
16.5900001525879	26143.94921875
16.6000003814697	25597.412109375
16.6100006103516	26307.453125
16.6200008392334	26931.24609375
16.6299991607666	26327.169921875
16.6399993896484	25557.416015625
16.6499996185303	26652.423828125
16.6599998474121	26910.328125
16.6700000762939	26698.310546875
16.6800003051758	26407.447265625
16.6900005340576	26111.755859375
16.7000007629395	26467.5703125
16.7099990844727	26321.841796875
16.7199993133545	25944.42578125
16.7299995422363	26974.447265625
16.7399997711182	26747.955078125
16.75	25983.158203125
16.7600002288818	26102.029296875
16.7700004577637	26281.64453125
16.7800006866455	26549.0234375
16.7900009155273	25620.736328125
16.7999992370605	25091.96875
16.8099994659424	25474.728515625
16.8199996948242	26295.90234375
16.8299999237061	27316.4375
16.8400001525879	26981.408203125
16.8500003814697	26735.966796875
16.8600006103516	26121.900390625
16.8700008392334	25970.208984375
16.8799991607666	25802.81640625
16.8899993896484	26161.998046875
16.8999996185303	26646.455078125
16.9099998474121	26010.771484375
16.9200000762939	25301.529296875
16.9300003051758	25097.767578125
16.9400005340576	25417.32421875
16.9500007629395	25551.2109375
16.9599990844727	25546.15625
16.9699993133545	26090.861328125
16.9799995422363	26863.177734375
16.9899997711182	26697
17	25944.412109375
17.0100002288818	26360.455078125
17.0200004577637	25435.66015625
17.0300006866455	25894.26953125
17.0400009155273	25446.501953125
17.0499992370605	25789.84765625
17.0599994659424	26008.125
17.0699996948242	25853.208984375
17.0799999237061	24806.888671875
17.0900001525879	24268.796875
17.1000003814697	25354.220703125
17.1100006103516	25910.427734375
17.1200008392334	25504.912109375
17.1299991607666	25809.17578125
17.1399993896484	25928.30859375
17.1499996185303	25327.724609375
17.1599998474121	25550.283203125
17.1700000762939	25435.40625
17.1800003051758	24599.767578125
17.1900005340576	24981.93359375
17.2000007629395	25315.755859375
17.2099990844727	25677.759765625
17.2199993133545	25281
17.2299995422363	25250.212890625
17.2399997711182	25938.037109375
17.25	25423.990234375
17.2600002288818	25092.31640625
17.2700004577637	25324.083984375
17.2800006866455	25002.76171875
17.2900009155273	25116.806640625
17.2999992370605	25300.32421875
17.3099994659424	25886.845703125
17.3199996948242	25216.982421875
17.3299999237061	24908.994140625
17.3400001525879	25951.962890625
17.3500003814697	25786.04296875
17.3600006103516	25404.103515625
17.3700008392334	25342.97265625
17.3799991607666	24927.845703125
17.3899993896484	24943.494140625
17.3999996185303	24742.583984375
17.4099998474121	24947.740234375
17.4200000762939	24570.3125
17.4300003051758	23993.591796875
17.4400005340576	24729.87890625
17.4500007629395	24499.37890625
17.4599990844727	25133.23046875
17.4699993133545	24982.626953125
17.4799995422363	25249.52734375
17.4899997711182	25197.291015625
17.5	24965.6875
17.5100002288818	24440.544921875
17.5200004577637	24483.19140625
17.5300006866455	24875.65625
17.5400009155273	24858.513671875
17.5499992370605	24334.25
17.5599994659424	24941.650390625
17.5699996948242	25351.93359375
17.5799999237061	24876.259765625
17.5900001525879	24423.013671875
17.6000003814697	25107.44140625
17.6100006103516	24836.783203125
17.6200008392334	24193.388671875
17.6299991607666	23408.001953125
17.6399993896484	24189.607421875
17.6499996185303	23714.353515625
17.6599998474121	24423.6640625
17.6700000762939	25195.55078125
17.6800003051758	25337.67578125
17.6900005340576	24826.201171875
17.7000007629395	24010.255859375
17.7099990844727	24304.947265625
17.7199993133545	25173.0546875
17.7299995422363	24331.828125
17.7399997711182	24014.1796875
17.75	24537.986328125
17.7600002288818	25320.783203125
17.7700004577637	24832.54296875
17.7800006866455	24193.66796875
17.7900009155273	23758.345703125
17.7999992370605	24375.4765625
17.8099994659424	24696.111328125
17.8199996948242	24733.34375
17.8299999237061	23840.0390625
17.8400001525879	24400.572265625
17.8500003814697	24568.28515625
17.8600006103516	24958.244140625
17.8700008392334	24237.115234375
17.8799991607666	24998
17.8899993896484	25717.1640625
17.8999996185303	24811.384765625
17.9099998474121	24107.08203125
17.9200000762939	24424.36328125
17.9300003051758	24384.078125
17.9400005340576	23905.79296875
17.9500007629395	24696.48828125
17.9599990844727	24264.021484375
17.9699993133545	24900.427734375
17.9799995422363	24830.0703125
17.9899997711182	24418.974609375
18	24921.02734375
18.0100002288818	25094.775390625
18.0200004577637	25146.8203125
18.0300006866455	25506.671875
18.0400009155273	23725.74609375
18.0499992370605	24097.2578125
18.0599994659424	24879.521484375
18.0699996948242	25252.27734375
18.0799999237061	24662.4765625
18.0900001525879	24433.357421875
18.1000003814697	24756.736328125
18.1100006103516	24677.845703125
18.1200008392334	24794.177734375
18.1299991607666	24602.8984375
18.1399993896484	25148.533203125
18.1499996185303	24281.26953125
18.1599998474121	24217.109375
18.1700000762939	24034.779296875
18.1800003051758	23772.01953125
18.1900005340576	23905.681640625
18.2000007629395	23913.625
18.2099990844727	24003.5078125
18.2199993133545	24054.009765625
18.2299995422363	24036.267578125
18.2399997711182	24570.1953125
18.25	24409.12890625
18.2600002288818	24065.0859375
18.2700004577637	23710.345703125
18.2800006866455	24795.4375
18.2900009155273	24477.90625
18.2999992370605	24427.103515625
18.3099994659424	23869.984375
18.3199996948242	24181.56640625
18.3299999237061	24185.1484375
18.3400001525879	24723.3046875
18.3500003814697	24247.328125
18.3600006103516	23930.75390625
18.3700008392334	24378.3203125
18.3799991607666	24864.044921875
18.3899993896484	24428.60546875
18.3999996185303	24007.83203125
18.4099998474121	23818.748046875
18.4200000762939	23949.599609375
18.4300003051758	24486.67578125
18.4400005340576	24147.587890625
18.4500007629395	24012.751953125
18.4599990844727	24272.26953125
18.4699993133545	24058.046875
18.4799995422363	24247.82421875
18.4899997711182	23815.716796875
18.5	23365.984375
18.5100002288818	23792.517578125
18.5200004577637	24825.41796875
18.5300006866455	23385.15234375
18.5400009155273	23874.88671875
18.5499992370605	24442.884765625
18.5599994659424	23874.392578125
18.5699996948242	23877.951171875
18.5799999237061	23857.904296875
18.5900001525879	23338.384765625
18.6000003814697	23461.880859375
18.6100006103516	23757.31640625
18.6200008392334	23719.796875
18.6299991607666	23983.87109375
18.6399993896484	24098.09375
18.6499996185303	23941.41796875
18.6599998474121	23583.044921875
18.6700000762939	23403.986328125
18.6800003051758	23701.53125
18.6900005340576	23971.869140625
18.7000007629395	24062.958984375
18.7099990844727	23408.67578125
18.7199993133545	23518.556640625
18.7299995422363	23948.421875
18.7399997711182	23665.009765625
18.75	23565.4140625
18.7600002288818	23684.435546875
18.7700004577637	23847.671875
18.7800006866455	24129.08984375
18.7900009155273	24129.71484375
18.7999992370605	23697.93359375
18.8099994659424	22978.140625
18.8199996948242	23090.583984375
18.8299999237061	23848.73046875
18.8400001525879	23716.10546875
18.8500003814697	23611.876953125
18.8600006103516	23781.927734375
18.8700008392334	24069.900390625
18.8799991607666	24018.34765625
18.8899993896484	24047.724609375
18.8999996185303	24053.73046875
18.9099998474121	23977.177734375
18.9200000762939	24419.609375
18.9300003051758	23926.4296875
18.9400005340576	23537.064453125
18.9500007629395	23865.7734375
18.9599990844727	23822.919921875
18.9699993133545	23983.03515625
18.9799995422363	23091.025390625
18.9899997711182	22771.09765625
19	23835.845703125
19.0100002288818	24172.14453125
19.0200004577637	23730.9296875
19.0300006866455	23339.841796875
19.0400009155273	23294.318359375
19.0499992370605	23322.5703125
19.0599994659424	23487.572265625
19.0699996948242	23768.369140625
19.0799999237061	23837.97265625
19.0900001525879	23332.38671875
19.1000003814697	22722.45703125
19.1100006103516	22796.84375
19.1200008392334	23817.080078125
19.1299991607666	23339.046875
19.1399993896484	22318.716796875
19.1499996185303	22388.68359375
19.1599998474121	23025.826171875
19.1700000762939	23280.341796875
19.1800003051758	23704.357421875
19.1900005340576	23982.451171875
19.2000007629395	23107.302734375
19.2099990844727	23267.896484375
19.2199993133545	23965.130859375
19.2299995422363	23504.626953125
19.2399997711182	23055.865234375
19.25	23526.134765625
19.2600002288818	23432.603515625
19.2700004577637	23208.83203125
19.2800006866455	23369.337890625
19.2900009155273	23034.662109375
19.2999992370605	22949.529296875
19.3099994659424	22877.66796875
19.3199996948242	22705.267578125
19.3299999237061	23367.3125
19.3400001525879	23557.681640625
19.3500003814697	23105.369140625
19.3600006103516	23089.3515625
19.3700008392334	23496.849609375
19.3799991607666	23713.15234375
19.3899993896484	23650.9296875
19.3999996185303	23909.130859375
19.4099998474121	23630.54296875
19.4200000762939	23883.265625
19.4300003051758	24143.958984375
19.4400005340576	23780.107421875
19.4500007629395	23422.3828125
19.4599990844727	23003.20703125
19.4699993133545	22541.146484375
19.4799995422363	22543.275390625
19.4899997711182	22831.658203125
19.5	22551.884765625
19.5100002288818	22779.234375
19.5200004577637	23026.798828125
19.5300006866455	23276.607421875
19.5400009155273	22926.296875
19.5499992370605	22989.375
19.5599994659424	22892.7578125
19.5699996948242	23007.6484375
19.5799999237061	22862.037109375
19.5900001525879	22680.08203125
19.6000003814697	23236.00390625
19.6100006103516	22860.775390625
19.6200008392334	22845.0078125
19.6299991607666	23081.59765625
19.6399993896484	23282.484375
19.6499996185303	23442.306640625
19.6599998474121	23081.490234375
19.6700000762939	23230.53515625
19.6800003051758	23649.822265625
19.6900005340576	23621.005859375
19.7000007629395	23305.94921875
19.7099990844727	22852.001953125
19.7199993133545	22347.380859375
19.7299995422363	22514.6015625
19.7399997711182	22547.759765625
19.75	22337.00390625
19.7600002288818	22862.775390625
19.7700004577637	23171.50390625
19.7800006866455	22967.95703125
19.7900009155273	22901.28125
19.7999992370605	22501.98828125
19.8099994659424	22714.064453125
19.8199996948242	22603.595703125
19.8299999237061	23089.294921875
19.8400001525879	23230.240234375
19.8500003814697	23086.521484375
19.8600006103516	23009.72265625
19.8700008392334	22425.08203125
19.8799991607666	22047.111328125
19.8899993896484	22480.779296875
19.8999996185303	23022.908203125
19.9099998474121	22346.453125
19.9200000762939	22137.505859375
19.9300003051758	22694.01953125
19.9400005340576	23141.12890625
19.9500007629395	23119.646484375
19.9599990844727	22480.103515625
19.9699993133545	22734.912109375
19.9799995422363	23182.966796875
19.9899997711182	22857.380859375
20	22714.02734375
20.0100002288818	23242.193359375
20.0200004577637	23254.29296875
20.0300006866455	23341.314453125
20.0400009155273	22680.4140625
20.0499992370605	22252.498046875
20.0599994659424	22570.6640625
20.0699996948242	23179.86328125
20.0799999237061	23074.416015625
20.0900001525879	22943.642578125
20.1000003814697	23195.294921875
20.1100006103516	22882.138671875
20.1200008392334	22823.4296875
20.1299991607666	23197.87109375
20.1399993896484	22788.83203125
20.1499996185303	22138.76171875
20.1599998474121	22454.966796875
20.1700000762939	23012.056640625
20.1800003051758	22749.513671875
20.1900005340576	22399.271484375
20.2000007629395	22471.763671875
20.2099990844727	23187.474609375
20.2199993133545	23528.798828125
20.2299995422363	22607.0625
20.2399997711182	22283.837890625
20.25	22442.115234375
20.2600002288818	22624.2421875
20.2700004577637	23041.58203125
20.2800006866455	23222.876953125
20.2900009155273	22486.337890625
20.2999992370605	21831.404296875
20.3099994659424	22603.52734375
20.3199996948242	22994.578125
20.3299999237061	22300.427734375
20.3400001525879	22418.06640625
20.3500003814697	22912.16796875
20.3600006103516	22766.4296875
20.3700008392334	22487.34375
20.3799991607666	23223.853515625
20.3899993896484	22968.81640625
20.3999996185303	22930.79296875
20.4099998474121	23135.501953125
20.4200000762939	23660.259765625
20.4300003051758	23659.724609375
20.4400005340576	23477.107421875
20.4500007629395	22612.216796875
20.4599990844727	22447.759765625
20.4699993133545	22453.294921875
20.4799995422363	22466.212890625
20.4899997711182	22918.50390625
20.5	23004.25390625
20.5100002288818	22797.8046875
20.5200004577637	22746.310546875
20.5300006866455	22963.806640625
20.5400009155273	23080.333984375
20.5499992370605	23056.857421875
20.5599994659424	23284.833984375
20.5699996948242	23098.6171875
20.5799999237061	23005.783203125
20.5900001525879	22728.169921875
20.6000003814697	22304.67578125
20.6100006103516	22238.65625
20.6200008392334	22555.8671875
20.6299991607666	23007.064453125
20.6399993896484	23135.375
20.6499996185303	22918.21484375
20.6599998474121	22678.35546875
20.6700000762939	22647.595703125
20.6800003051758	22740.3046875
20.6900005340576	22896.984375
20.7000007629395	23077.80078125
20.7099990844727	23178.267578125
20.7199993133545	22889.8515625
20.7299995422363	22612.50390625
20.7399997711182	22901.234375
20.75	23439.099609375
20.7600002288818	23601.5546875
20.7700004577637	23457.2265625
20.7800006866455	23096.484375
20.7900009155273	23106.619140625
20.7999992370605	23171.134765625
20.8099994659424	23149.291015625
20.8199996948242	23354.009765625
20.8299999237061	23274.89453125
20.8400001525879	22706.818359375
20.8500003814697	22321.25
20.8600006103516	22310.51171875
20.8700008392334	22676.66015625
20.8799991607666	23435.220703125
20.8899993896484	23141.3828125
20.8999996185303	22514.15234375
20.9099998474121	22536.9609375
20.9200000762939	22717.03515625
20.9300003051758	23091.119140625
20.9400005340576	23626.9375
20.9500007629395	23502.173828125
20.9599990844727	22991.306640625
20.9699993133545	22893.958984375
20.9799995422363	22994.70703125
20.9899997711182	23277.32421875
21	23343.830078125
21.0100002288818	23103.63671875
21.0200004577637	23017.33984375
21.0300006866455	22670.20703125
21.0400009155273	22488.51953125
21.0499992370605	22788.08203125
21.0599994659424	23001.916015625
21.0699996948242	22912.796875
21.0799999237061	22809.287109375
21.0900001525879	22314.525390625
21.1000003814697	22062.73046875
21.1100006103516	22494.1328125
21.1200008392334	22978.443359375
21.1299991607666	23148.90234375
21.1399993896484	22790.47265625
21.1499996185303	22466.4296875
21.1599998474121	22791.4296875
21.1700000762939	23258.1875
21.1800003051758	23043.326171875
21.1900005340576	23030.994140625
21.2000007629395	23028.173828125
21.2099990844727	23119.544921875
21.2199993133545	23426.05859375
21.2299995422363	23162.728515625
21.2399997711182	22657.208984375
21.25	22512.171875
21.2600002288818	23524.08203125
21.2700004577637	24182.9375
21.2800006866455	23370.873046875
21.2900009155273	23175.208984375
21.2999992370605	23033.677734375
21.3099994659424	22463.693359375
21.3199996948242	22684.138671875
21.3299999237061	22794.611328125
21.3400001525879	22662.33984375
21.3500003814697	22795.650390625
21.3600006103516	23080.3671875
21.3700008392334	22797.310546875
21.3799991607666	22549.095703125
21.3899993896484	23018.380859375
21.3999996185303	23305.92578125
21.4099998474121	23077.7734375
21.4200000762939	22793.599609375
21.4300003051758	22650
21.4400005340576	22527.71875
21.4500007629395	22489.984375
21.4599990844727	22760.94140625
21.4699993133545	22532.185546875
21.4799995422363	22457.388671875
21.4899997711182	23062.794921875
21.5	23192.505859375
21.5100002288818	23213.21484375
21.5200004577637	23115.9765625
21.5300006866455	23039.0546875
21.5400009155273	23297.931640625
21.5499992370605	23254.8046875
21.5599994659424	22577.259765625
21.5699996948242	22046.720703125
21.5799999237061	22408.6875
21.5900001525879	22991.51953125
21.6000003814697	22711.48046875
21.6100006103516	22250
21.6200008392334	22523.576171875
21.6299991607666	23026.828125
21.6399993896484	23009.31640625
21.6499996185303	22954.21875
21.6599998474121	23335.20703125
21.6700000762939	23230.64453125
21.6800003051758	23025
21.6900005340576	23234.318359375
21.7000007629395	23006.908203125
21.7099990844727	22261.224609375
21.7199993133545	22418.671875
21.7299995422363	22861.84765625
21.7399997711182	22626.6171875
21.75	22817.4609375
21.7600002288818	22939.873046875
21.7700004577637	23221.875
21.7800006866455	23099.3125
21.7900009155273	23199.14453125
21.7999992370605	23301.83984375
21.8099994659424	22843.953125
21.8199996948242	22611.11328125
21.8299999237061	23040.28515625
21.8400001525879	23170.134765625
21.8500003814697	23010.21484375
21.8600006103516	22857.517578125
21.8700008392334	22677.1796875
21.8799991607666	22708.455078125
21.8899993896484	22987.162109375
21.8999996185303	22874.662109375
21.9099998474121	22476.859375
21.9200000762939	23018.056640625
21.9300003051758	23104.712890625
21.9400005340576	22624.2265625
21.9500007629395	23206.0234375
21.9599990844727	23171.98046875
21.9699993133545	23060.658203125
21.9799995422363	23204.912109375
21.9899997711182	23029.5
22	23239.7265625
22.0100002288818	23223.423828125
22.0200004577637	22775.82421875
22.0300006866455	22814.021484375
22.0400009155273	23338.037109375
22.0499992370605	23430.7890625
22.0599994659424	23381.08203125
22.0699996948242	23598.67578125
22.0799999237061	23707.572265625
22.0900001525879	23635.341796875
22.1000003814697	23499.439453125
22.1100006103516	23467.046875
22.1200008392334	23104.640625
22.1299991607666	22856.177734375
22.1399993896484	23094.912109375
22.1499996185303	23653.859375
22.1599998474121	23322.90234375
22.1700000762939	23342.564453125
22.1800003051758	23688.37890625
22.1900005340576	23441.03515625
22.2000007629395	22912.978515625
22.2099990844727	22997.708984375
22.2199993133545	23527.623046875
22.2299995422363	23601.951171875
22.2399997711182	23545.900390625
22.25	22891.23828125
22.2600002288818	22494.88671875
22.2700004577637	22477.203125
22.2800006866455	22366.76171875
22.2900009155273	22610.953125
22.2999992370605	22804.705078125
22.3099994659424	22764.318359375
22.3199996948242	22375.599609375
22.3299999237061	22736.615234375
22.3400001525879	22868.837890625
22.3500003814697	22786.173828125
22.3600006103516	22998.83203125
22.3700008392334	23109.353515625
22.3799991607666	23019.43359375
22.3899993896484	22754.90625
22.3999996185303	22927.234375
22.4099998474121	22701.919921875
22.4200000762939	22711.4921875
22.4300003051758	22878.1484375
22.4400005340576	22686.046875
22.4500007629395	22365.501953125
22.4599990844727	22662.4296875
22.4699993133545	23043.80078125
22.4799995422363	23323.212890625
22.4899997711182	23340.28125
22.5	23197.85546875
22.5100002288818	22470.537109375
22.5200004577637	22124.400390625
22.5300006866455	22546.74609375
22.5400009155273	23310.0859375
22.5499992370605	23596.560546875
22.5599994659424	23184.052734375
22.5699996948242	22896.3125
22.5799999237061	22659.287109375
22.5900001525879	22681.33203125
22.6000003814697	22988.03515625
22.6100006103516	23429.89453125
22.6200008392334	23760.900390625
22.6299991607666	23248.59765625
22.6399993896484	22765.943359375
22.6499996185303	22975.10546875
22.6599998474121	23207.83203125
22.6700000762939	22952.916015625
22.6800003051758	23076.19921875
22.6900005340576	23359.48046875
22.7000007629395	22866.130859375
22.7099990844727	22756.19921875
22.7199993133545	23410.2734375
22.7299995422363	23338.6796875
22.7399997711182	22318.75
22.75	22100.783203125
22.7600002288818	22605.525390625
22.7700004577637	23138.0390625
22.7800006866455	23017.388671875
22.7900009155273	23574.15234375
22.7999992370605	23775.86328125
22.8099994659424	23168.591796875
22.8199996948242	23027.71875
22.8299999237061	23891.638671875
22.8400001525879	23617.361328125
22.8500003814697	22895.576171875
22.8600006103516	23044.90234375
22.8700008392334	23188.4609375
22.8799991607666	23151.353515625
22.8899993896484	23458.609375
22.8999996185303	23165.0859375
22.9099998474121	22412.1484375
22.9200000762939	22673.181640625
22.9300003051758	22647.244140625
22.9400005340576	22989.34765625
22.9500007629395	22814.697265625
22.9599990844727	22621.931640625
22.9699993133545	22782.7265625
22.9799995422363	22481.595703125
22.9899997711182	23039.978515625
23	23000.76953125
23.0100002288818	22248.435546875
23.0200004577637	22512.87890625
23.0300006866455	22978.630859375
23.0400009155273	23415.083984375
23.0499992370605	23353.625
23.0599994659424	23298.28125
23.0699996948242	23092.88671875
23.0799999237061	23299.681640625
23.0900001525879	23377.634765625
23.1000003814697	22839.916015625
23.1100006103516	22404.1796875
23.1200008392334	22789.658203125
23.1299991607666	22729.46875
23.1399993896484	22680.5703125
23.1499996185303	22655.033203125
23.1599998474121	22133.5234375
23.1700000762939	22549.173828125
23.1800003051758	23255.19921875
23.1900005340576	22776.576171875
23.2000007629395	23363.728515625
23.2099990844727	22742.0546875
23.2199993133545	22602.203125
23.2299995422363	23115.712890625
23.2399997711182	23422.6640625
23.25	23040.037109375
23.2600002288818	22342.24609375
23.2700004577637	22917.595703125
23.2800006866455	22772.99609375
23.2900009155273	23154.291015625
23.2999992370605	23435.888671875
23.3099994659424	23617.79296875
23.3199996948242	23644.140625
23.3299999237061	23403.734375
23.3400001525879	23421.994140625
23.3500003814697	22964.08984375
23.3600006103516	22592.57421875
23.3700008392334	22943.455078125
23.3799991607666	23569.1640625
23.3899993896484	23034.091796875
23.3999996185303	22361.193359375
23.4099998474121	22390.267578125
23.4200000762939	22753.16015625
23.4300003051758	23036.859375
23.4400005340576	22516.544921875
23.4500007629395	22072.05078125
23.4599990844727	22655.9375
23.4699993133545	23110.529296875
23.4799995422363	22433.333984375
23.4899997711182	22408.2578125
23.5	22298.93359375
23.5100002288818	22451.3984375
23.5200004577637	22356.615234375
23.5300006866455	22820.7890625
23.5400009155273	22469.041015625
23.5499992370605	22618.65234375
23.5599994659424	22849.63671875
23.5699996948242	22920.052734375
23.5799999237061	22667.26953125
23.5900001525879	22355.87109375
23.6000003814697	23002.154296875
23.6100006103516	22758.169921875
23.6200008392334	22485.509765625
23.6299991607666	22605.376953125
23.6399993896484	23344.291015625
23.6499996185303	23401.064453125
23.6599998474121	22454.296875
23.6700000762939	22303.259765625
23.6800003051758	22713.677734375
23.6900005340576	22919.3515625
23.7000007629395	22781.173828125
23.7099990844727	22444.654296875
23.7199993133545	21972.98828125
23.7299995422363	22548.494140625
23.7399997711182	22679.75390625
23.75	22901.353515625
23.7600002288818	23702.703125
23.7700004577637	22532.2734375
23.7800006866455	22805.302734375
23.7900009155273	22850
23.7999992370605	22891.189453125
23.8099994659424	23300.71875
23.8199996948242	23658.421875
23.8299999237061	22869.400390625
23.8400001525879	23198.38671875
23.8500003814697	23223.041015625
23.8600006103516	23535.9296875
23.8700008392334	22907.443359375
23.8799991607666	22812.1328125
23.8899993896484	22772.609375
23.8999996185303	22840.634765625
23.9099998474121	22880.80078125
23.9200000762939	22488.728515625
23.9300003051758	22362.515625
23.9400005340576	22358.7578125
23.9500007629395	22887.951171875
23.9599990844727	23542.796875
23.9699993133545	23802.607421875
23.9799995422363	23240.865234375
23.9899997711182	23307.51171875
24	22953.234375
24.0100002288818	22567.845703125
24.0200004577637	22566.04296875
24.0300006866455	22378.4140625
24.0400009155273	22970.263671875
24.0499992370605	22577.96875
24.0599994659424	22966.533203125
24.0699996948242	22736.130859375
24.0799999237061	23039.326171875
24.0900001525879	23136.251953125
24.1000003814697	23168.17578125
24.1100006103516	22950.76953125
24.1200008392334	23526.166015625
24.1299991607666	23360.833984375
24.1399993896484	22703.212890625
24.1499996185303	23690.9921875
24.1599998474121	23481.763671875
24.1700000762939	22764.14453125
24.1800003051758	22358.505859375
24.1900005340576	22179.751953125
24.2000007629395	22117.951171875
24.2099990844727	22540.646484375
24.2199993133545	22688.548828125
24.2299995422363	21990.693359375
24.2399997711182	22188.62109375
24.25	22338.390625
24.2600002288818	22504.244140625
24.2700004577637	23089.435546875
24.2800006866455	21724.236328125
24.2900009155273	22549.857421875
24.2999992370605	23129.8671875
24.3099994659424	22987.3671875
24.3199996948242	22485.623046875
24.3299999237061	22578.705078125
24.3400001525879	22368.978515625
24.3500003814697	22497.037109375
24.3600006103516	23227.201171875
24.3700008392334	22855.787109375
24.3799991607666	22155
24.3899993896484	22521.501953125
24.3999996185303	22920.884765625
24.4099998474121	23314.1171875
24.4200000762939	23029.484375
24.4300003051758	22517.453125
24.4400005340576	22651.9609375
24.4500007629395	23098.96875
24.4599990844727	22733.375
24.4699993133545	22766.65625
24.4799995422363	23132.662109375
24.4899997711182	22917.3984375
24.5	23132.265625
24.5100002288818	22818.716796875
24.5200004577637	22816.666015625
24.5300006866455	22915.708984375
24.5400009155273	22290.375
24.5499992370605	22661.810546875
24.5599994659424	22715.955078125
24.5699996948242	22683.859375
24.5799999237061	23092.78515625
24.5900001525879	22625.783203125
24.6000003814697	22290.13671875
24.6100006103516	22951.66015625
24.6200008392334	23357.26171875
24.6299991607666	22862.94921875
24.6399993896484	22622.875
24.6499996185303	22146.9453125
24.6599998474121	23071.279296875
24.6700000762939	21711.4765625
24.6800003051758	21795.625
24.6900005340576	22266.724609375
24.7000007629395	22749.30859375
24.7099990844727	22365.611328125
24.7199993133545	22382.033203125
24.7299995422363	22783.095703125
24.7399997711182	23151.22265625
24.75	23023.216796875
24.7600002288818	22189.1953125
24.7700004577637	22324.7578125
24.7800006866455	22349.1953125
24.7900009155273	22381.669921875
24.7999992370605	22320.095703125
24.8099994659424	22521.853515625
24.8199996948242	22801.212890625
24.8299999237061	22848.130859375
24.8400001525879	22834.294921875
24.8500003814697	23131.25390625
24.8600006103516	22633.4140625
24.8700008392334	22709.3984375
24.8799991607666	22498.234375
24.8899993896484	21813.546875
24.8999996185303	22761.900390625
24.9099998474121	23283.546875
24.9200000762939	22975.6953125
24.9300003051758	22950
24.9400005340576	22177.65625
24.9500007629395	22471.349609375
24.9599990844727	22700.134765625
24.9699993133545	22609.08203125
24.9799995422363	22692.05859375
24.9899997711182	23297.373046875
25	23411.166015625
25.0100002288818	22683.92578125
25.0200004577637	22784.30078125
25.0300006866455	22800
25.0400009155273	22708.875
25.0499992370605	22427.08984375
25.0599994659424	21945.927734375
25.0699996948242	22005.767578125
25.0799999237061	22348.51171875
25.0900001525879	22157.46484375
25.1000003814697	22764.673828125
25.1100006103516	21797.921875
25.1200008392334	22402.373046875
25.1299991607666	22483.333984375
25.1399993896484	22543.044921875
25.1499996185303	23131.18359375
25.1599998474121	22813.220703125
25.1700000762939	22796.3671875
25.1800003051758	22103.26171875
25.1900005340576	21705.904296875
25.2000007629395	22257.556640625
25.2099990844727	22643.005859375
25.2199993133545	22447.80859375
25.2299995422363	23268.9375
25.2399997711182	23119.302734375
25.25	22570.8515625
25.2600002288818	22470.767578125
25.2700004577637	22189.44921875
25.2800006866455	22528.673828125
25.2900009155273	22437.94921875
25.2999992370605	22300.568359375
25.3099994659424	22123.982421875
25.3199996948242	22982.08203125
25.3299999237061	22698.0703125
25.3400001525879	22373.982421875
25.3500003814697	22247.0390625
25.3600006103516	22233.333984375
25.3700008392334	22018.37890625
25.3799991607666	22555.505859375
25.3899993896484	22764.2265625
25.3999996185303	22640.810546875
25.4099998474121	22275.23828125
25.4200000762939	22060.46484375
25.4300003051758	21905.765625
25.4400005340576	21869.185546875
25.4500007629395	22742.236328125
25.4599990844727	22730.84765625
25.4699993133545	22573.369140625
25.4799995422363	22437.6484375
25.4899997711182	22402.6484375
25.5	22707.822265625
25.5100002288818	22571.14453125
25.5200004577637	22700.611328125
25.5300006866455	22830.73046875
25.5400009155273	22988.876953125
25.5499992370605	23155.283203125
25.5599994659424	22353.197265625
25.5699996948242	22224.76171875
25.5799999237061	22247.1171875
25.5900001525879	22112.42578125
25.6000003814697	21767.51171875
25.6100006103516	22097.453125
25.6200008392334	22347.484375
25.6299991607666	22233.1484375
25.6399993896484	22608.8125
25.6499996185303	22890.4140625
25.6599998474121	22851.884765625
25.6700000762939	22345.57421875
25.6800003051758	22219.810546875
25.6900005340576	21960.23046875
25.7000007629395	22061.646484375
25.7099990844727	21898.33203125
25.7199993133545	22507.501953125
25.7299995422363	22412.212890625
25.7399997711182	22684.15625
25.75	22713.306640625
25.7600002288818	22340.521484375
25.7700004577637	22329.728515625
25.7800006866455	22363.26171875
25.7900009155273	22101.951171875
25.7999992370605	22297.525390625
25.8099994659424	22379.849609375
25.8199996948242	22699.111328125
25.8299999237061	22914.646484375
25.8400001525879	22412.6875
25.8500003814697	22214.349609375
25.8600006103516	21991.15234375
25.8700008392334	21777.01171875
25.8799991607666	22214.361328125
25.8899993896484	22648.416015625
25.8999996185303	22914.611328125
25.9099998474121	23095.890625
25.9200000762939	23507.32421875
25.9300003051758	23410.744140625
25.9400005340576	22823.396484375
25.9500007629395	23064.01953125
25.9599990844727	22773.998046875
25.9699993133545	22764.890625
25.9799995422363	23016.5703125
25.9899997711182	22689.220703125
26	22680.8515625
26.0100002288818	22779.97265625
26.0200004577637	22913.71484375
26.0300006866455	23227.392578125
26.0400009155273	23039.849609375
26.0499992370605	23113.234375
26.0599994659424	23191.7265625
26.0699996948242	23400.06640625
26.0799999237061	23279.49609375
26.0900001525879	22955.177734375
26.1000003814697	23164.8828125
26.1100006103516	23068.275390625
26.1200008392334	23049.494140625
26.1299991607666	22930.84765625
26.1399993896484	22834.048828125
26.1499996185303	22902.73046875
26.1599998474121	22663.421875
26.1700000762939	23313.458984375
26.1800003051758	22618.2421875
26.1900005340576	22278.857421875
26.2000007629395	22076.544921875
26.2099990844727	22230.619140625
26.2199993133545	21844.3125
26.2299995422363	21654.58203125
26.2399997711182	22023.837890625
26.25	22202.765625
26.2600002288818	22396.76953125
26.2700004577637	22334.87890625
26.2800006866455	22115.970703125
26.2900009155273	22336.28125
26.2999992370605	22854.673828125
26.3099994659424	22589.130859375
26.3199996948242	22108.572265625
26.3299999237061	22278.923828125
26.3400001525879	22930.8828125
26.3500003814697	23361.880859375
26.3600006103516	22780.53515625
26.3700008392334	22828.126953125
26.3799991607666	22475.578125
26.3899993896484	22359.998046875
26.3999996185303	22178.8359375
26.4099998474121	22280.771484375
26.4200000762939	22239.201171875
26.4300003051758	22009.91015625
26.4400005340576	22048.6875
26.4500007629395	21858.30859375
26.4599990844727	21210.302734375
26.4699993133545	20829.185546875
26.4799995422363	21063.859375
26.4899997711182	21519.3203125
26.5	22326.59375
26.5100002288818	22304.130859375
26.5200004577637	22172.650390625
26.5300006866455	21731.357421875
26.5400009155273	22147.962890625
26.5499992370605	22393.765625
26.5599994659424	22187.134765625
26.5699996948242	22032.833984375
26.5799999237061	22580.748046875
26.5900001525879	22822.09765625
26.6000003814697	22622.1484375
26.6100006103516	22267.18359375
26.6200008392334	22100.142578125
26.6299991607666	21939.8515625
26.6399993896484	21910.7109375
26.6499996185303	22109.0859375
26.6599998474121	22550.66796875
26.6700000762939	22427.234375
26.6800003051758	21852.244140625
26.6900005340576	21317.82421875
26.7000007629395	20835.251953125
26.7099990844727	21218.849609375
26.7199993133545	21354.654296875
26.7299995422363	20911.103515625
26.7399997711182	21125.10546875
26.75	22154.16015625
26.7600002288818	22172.1640625
26.7700004577637	21602.57421875
26.7800006866455	21491.169921875
26.7900009155273	21904.931640625
26.7999992370605	21968.39453125
26.8099994659424	22337.611328125
26.8199996948242	22030.9296875
26.8299999237061	21784.095703125
26.8400001525879	21791.390625
26.8500003814697	21714.369140625
26.8600006103516	21798.099609375
26.8700008392334	21710.560546875
26.8799991607666	21710.09375
26.8899993896484	22129.07421875
26.8999996185303	21957.52734375
26.9099998474121	21490.0234375
26.9200000762939	21534.962890625
26.9300003051758	22100.974609375
26.9400005340576	21974.408203125
26.9500007629395	21940.998046875
26.9599990844727	22124.015625
26.9699993133545	21693.505859375
26.9799995422363	21733.89453125
26.9899997711182	21859.173828125
27	21417.51171875
27.0100002288818	21257.01953125
27.0200004577637	21416.794921875
27.0300006866455	21723.01171875
27.0400009155273	21992.896484375
27.0499992370605	21271.94140625
27.0599994659424	21139.552734375
27.0699996948242	21535.244140625
27.0799999237061	21725.07421875
27.0900001525879	21908.1171875
27.1000003814697	21855.8984375
27.1100006103516	21551.587890625
27.1200008392334	21653.501953125
27.1299991607666	22163.94140625
27.1399993896484	22041.193359375
27.1499996185303	21386.81640625
27.1599998474121	21456.859375
27.1700000762939	21793.615234375
27.1800003051758	22032.25390625
27.1900005340576	21803.16015625
27.2000007629395	21123.126953125
27.2099990844727	21387.46875
27.2199993133545	21939.998046875
27.2299995422363	21522.451171875
27.2399997711182	21472.974609375
27.25	21676.884765625
27.2600002288818	21652.09765625
27.2700004577637	21442.1328125
27.2800006866455	21248.0078125
27.2900009155273	21670.572265625
27.2999992370605	21840.41015625
27.3099994659424	21894.2578125
27.3199996948242	21994.65625
27.3299999237061	21563.6953125
27.3400001525879	20681.373046875
27.3500003814697	20591.615234375
27.3600006103516	21392.4140625
27.3700008392334	21827.27734375
27.3799991607666	22140.1171875
27.3899993896484	22301.974609375
27.3999996185303	21773.642578125
27.4099998474121	21212.576171875
27.4200000762939	21165.236328125
27.4300003051758	21276.8046875
27.4400005340576	21300
27.4500007629395	21353.291015625
27.4599990844727	21559.40234375
27.4699993133545	21744.146484375
27.4799995422363	21774.53125
27.4899997711182	21336.609375
27.5	20722.490234375
27.5100002288818	20682.423828125
27.5200004577637	21433.4765625
27.5300006866455	22208.7890625
27.5400009155273	22053.57421875
27.5499992370605	21208.16015625
27.5599994659424	20595.85546875
27.5699996948242	20278.212890625
27.5799999237061	20228.095703125
27.5900001525879	20733.10546875
27.6000003814697	21057.564453125
27.6100006103516	21388.94140625
27.6200008392334	21690.958984375
27.6299991607666	21574.4765625
27.6399993896484	21139.486328125
27.6499996185303	20950.486328125
27.6599998474121	21458.169921875
27.6700000762939	21683.69921875
27.6800003051758	21194.33984375
27.6900005340576	21146.505859375
27.7000007629395	21680.923828125
27.7099990844727	21866.666015625
27.7199993133545	21547.9921875
27.7299995422363	21192.232421875
27.7399997711182	21337.154296875
27.75	21484.298828125
27.7600002288818	21417.736328125
27.7700004577637	21327.056640625
27.7800006866455	21426.9296875
27.7900009155273	21344.421875
27.7999992370605	21018.904296875
27.8099994659424	20879.390625
27.8199996948242	21083.828125
27.8299999237061	21148.697265625
27.8400001525879	20630.056640625
27.8500003814697	20712.140625
27.8600006103516	20989.705078125
27.8700008392334	21163.271484375
27.8799991607666	21165.59375
27.8899993896484	20877.234375
27.8999996185303	20935.87890625
27.9099998474121	20984.37890625
27.9200000762939	21136.84375
27.9300003051758	21062.875
27.9400005340576	21226.443359375
27.9500007629395	21200.572265625
27.9599990844727	20820.625
27.9699993133545	21131.9453125
27.9799995422363	21288.416015625
27.9899997711182	21016.994140625
28	20690.53125
28.0100002288818	20949.994140625
28.0200004577637	21388.80859375
28.0300006866455	21379.89453125
28.0400009155273	21457.9140625
28.0499992370605	21251.572265625
28.0599994659424	20805.16015625
28.0699996948242	20927.572265625
28.0799999237061	20956.103515625
28.0900001525879	20459.11328125
28.1000003814697	20267.814453125
28.1100006103516	20666.666015625
28.1200008392334	20403.3203125
28.1299991607666	20284.0078125
28.1399993896484	20868.4609375
28.1499996185303	21345.94921875
28.1599998474121	21696.337890625
28.1700000762939	21673.265625
28.1800003051758	21176.1953125
28.1900005340576	20987.603515625
28.2000007629395	21307.494140625
28.2099990844727	21635.640625
28.2199993133545	21454.68359375
28.2299995422363	21440.548828125
28.2399997711182	21134.6796875
28.25	21206.234375
28.2600002288818	21018.197265625
28.2700004577637	20665.5546875
28.2800006866455	20272.486328125
28.2900009155273	20376.837890625
28.2999992370605	20860.375
28.3099994659424	20640.44921875
28.3199996948242	20642.267578125
28.3299999237061	20809.58984375
28.3400001525879	20850
28.3500003814697	21325.3359375
28.3600006103516	21898.0546875
28.3700008392334	21174.76171875
28.3799991607666	20353.513671875
28.3899993896484	20635.611328125
28.3999996185303	21467.306640625
28.4099998474121	21696.041015625
28.4200000762939	21482.568359375
28.4300003051758	21024.392578125
28.4400005340576	20912.548828125
28.4500007629395	21089.533203125
28.4599990844727	21337.556640625
28.4699993133545	20957.341796875
28.4799995422363	20312.986328125
28.4899997711182	20385.13671875
28.5	20518.806640625
28.5100002288818	20331.73046875
28.5200004577637	20500.095703125
28.5300006866455	20910.37109375
28.5400009155273	21046.720703125
28.5499992370605	20902.51171875
28.5599994659424	20514.251953125
28.5699996948242	20538.9765625
28.5799999237061	20806.296875
28.5900001525879	20888.296875
28.6000003814697	20759.41796875
28.6100006103516	20765.994140625
28.6200008392334	20696.466796875
28.6299991607666	21039.107421875
28.6399993896484	20877.580078125
28.6499996185303	20693.025390625
28.6599998474121	21052.0859375
28.6700000762939	21176.98828125
28.6800003051758	21094.357421875
28.6900005340576	20768.859375
28.7000007629395	20429.462890625
28.7099990844727	21089.029296875
28.7199993133545	21250.171875
28.7299995422363	21072.857421875
28.7399997711182	21004.408203125
28.75	21259.73828125
28.7600002288818	21427.529296875
28.7700004577637	21147.330078125
28.7800006866455	20575.830078125
28.7900009155273	20924.791015625
28.7999992370605	21538.470703125
28.8099994659424	21732.642578125
28.8199996948242	21247.73828125
28.8299999237061	20635.185546875
28.8400001525879	20718.05859375
28.8500003814697	21133.10546875
28.8600006103516	21295.99609375
28.8700008392334	21296.2734375
28.8799991607666	21067.51953125
28.8899993896484	20372.642578125
28.8999996185303	20241.818359375
28.9099998474121	19846.40625
28.9200000762939	20485.359375
28.9300003051758	20777.1328125
28.9400005340576	20638.3671875
28.9500007629395	21088.263671875
28.9599990844727	20987.19921875
28.9699993133545	20789.837890625
28.9799995422363	20884.1875
28.9899997711182	20832.919921875
29	21219.1953125
29.0100002288818	21252.349609375
29.0200004577637	21003.08203125
29.0300006866455	20433.626953125
29.0400009155273	20457.955078125
29.0499992370605	20780.005859375
29.0599994659424	20918.564453125
29.0699996948242	20717.474609375
29.0799999237061	20263.96484375
29.0900001525879	20787.89453125
29.1000003814697	20627.64453125
29.1100006103516	20369.587890625
29.1200008392334	20894.251953125
29.1299991607666	20873.443359375
29.1399993896484	20810.548828125
29.1499996185303	20258.46484375
29.1599998474121	20163.8203125
29.1700000762939	20522.49609375
29.1800003051758	20659.283203125
29.1900005340576	20591.474609375
29.2000007629395	20149.154296875
29.2099990844727	20117.9375
29.2199993133545	20354.64453125
29.2299995422363	20407.958984375
29.2399997711182	20266.669921875
29.25	20474.326171875
29.2600002288818	20639.53515625
29.2700004577637	20092.765625
29.2800006866455	20046.64453125
29.2900009155273	20502.4609375
29.2999992370605	20831.04296875
29.3099994659424	21075.181640625
29.3199996948242	20203.95703125
29.3299999237061	20295.271484375
29.3400001525879	20651.501953125
29.3500003814697	20971.701171875
29.3600006103516	20902.5234375
29.3700008392334	20834.423828125
29.3799991607666	20961.396484375
29.3899993896484	20973.59375
29.3999996185303	20842.126953125
29.4099998474121	20621.88671875
29.4200000762939	20331.533203125
29.4300003051758	20303.337890625
29.4400005340576	20564.40234375
29.4500007629395	21102.0078125
29.4599990844727	21321.294921875
29.4699993133545	21035.01171875
29.4799995422363	20359.595703125
29.4899997711182	20329.82421875
29.5	20469.916015625
29.5100002288818	20908.27734375
29.5200004577637	20304.919921875
29.5300006866455	20233.46484375
29.5400009155273	20913.732421875
29.5499992370605	20859.05859375
29.5599994659424	20273.072265625
29.5699996948242	20746.18359375
29.5799999237061	20907.15234375
29.5900001525879	20744.814453125
29.6000003814697	20442.607421875
29.6100006103516	20277.048828125
29.6200008392334	20873.83203125
29.6299991607666	20811.345703125
29.6399993896484	20707.322265625
29.6499996185303	20694.462890625
29.6599998474121	20767.671875
29.6700000762939	20559.107421875
29.6800003051758	20575.923828125
29.6900005340576	20514.400390625
29.7000007629395	20751.076171875
29.7099990844727	20622.31640625
29.7199993133545	19781.462890625
29.7299995422363	20535.140625
29.7399997711182	20709.18359375
29.75	20350
29.7600002288818	20324.8046875
29.7700004577637	20216.638671875
29.7800006866455	20431.84765625
29.7900009155273	21064.6328125
29.7999992370605	20789.033203125
29.8099994659424	20308.00390625
29.8199996948242	20402.833984375
29.8299999237061	20688.564453125
29.8400001525879	20659.705078125
29.8500003814697	20329.49609375
29.8600006103516	20272.47265625
29.8700008392334	20573.291015625
29.8799991607666	20437.17578125
29.8899993896484	19988.248046875
29.8999996185303	20072.591796875
29.9099998474121	20332.65234375
29.9200000762939	19976.15625
29.9300003051758	20212.158203125
29.9400005340576	20143.822265625
29.9500007629395	20468.361328125
29.9599990844727	20196.228515625
29.9699993133545	20450.765625
29.9799995422363	20856.67578125
29.9899997711182	20698.69921875
30	20808.67578125
30.0100002288818	20853.810546875
30.0200004577637	20783.59765625
30.0300006866455	20939.71484375
30.0400009155273	21115.53125
30.0499992370605	20379.623046875
30.0599994659424	20297.701171875
30.0699996948242	20695.197265625
30.0799999237061	20176.4609375
30.0900001525879	20362.099609375
30.1000003814697	21201.4140625
30.1100006103516	21038.20703125
30.1200008392334	20648.107421875
30.1299991607666	20330.111328125
30.1399993896484	20074.76953125
30.1499996185303	20425.54296875
30.1599998474121	20547.224609375
30.1700000762939	20920.7109375
30.1800003051758	20617.46484375
30.1900005340576	20159.947265625
30.2000007629395	20056.87109375
30.2099990844727	20989.6484375
30.2199993133545	20584.92578125
30.2299995422363	20581.21484375
30.2399997711182	20429.24609375
30.25	20742.388671875
30.2600002288818	20907.81640625
30.2700004577637	19971.048828125
30.2800006866455	20046.7890625
30.2900009155273	20417.361328125
30.2999992370605	20987.396484375
30.3099994659424	21234.291015625
30.3199996948242	21424.02734375
30.3299999237061	21329.69921875
30.3400001525879	21450.12890625
30.3500003814697	21018.7265625
30.3600006103516	20627.208984375
30.3700008392334	20567.9765625
30.3799991607666	20770.693359375
30.3899993896484	20371.873046875
30.3999996185303	20282.740234375
30.4099998474121	21202.1875
30.4200000762939	21199.173828125
30.4300003051758	20673.966796875
30.4400005340576	20339.1640625
30.4500007629395	21214.833984375
30.4599990844727	21439.41015625
30.4699993133545	21234.82421875
30.4799995422363	20671.779296875
30.4899997711182	20162.11328125
30.5	19817.65234375
30.5100002288818	20489.92578125
30.5200004577637	21223.4140625
30.5300006866455	20707.794921875
30.5400009155273	20853.861328125
30.5499992370605	20599.330078125
30.5599994659424	20961.21484375
30.5699996948242	21207.89453125
30.5799999237061	20987.029296875
30.5900001525879	20657.330078125
30.6000003814697	20427.3984375
30.6100006103516	20737.7578125
30.6200008392334	21334.421875
30.6299991607666	21337.15625
30.6399993896484	20431.4140625
30.6499996185303	20911.08203125
30.6599998474121	20705.685546875
30.6700000762939	20299.5859375
30.6800003051758	20284.880859375
30.6900005340576	20345.310546875
30.7000007629395	20129.65234375
30.7099990844727	19963.263671875
30.7199993133545	20673.724609375
30.7299995422363	21090.505859375
30.7399997711182	21547.240234375
30.75	21339.193359375
30.7600002288818	20468.087890625
30.7700004577637	20600
30.7800006866455	20601.505859375
30.7900009155273	20801.091796875
30.7999992370605	20982.380859375
30.8099994659424	20766.619140625
30.8199996948242	20750.0625
30.8299999237061	20799.984375
30.8400001525879	20350.845703125
30.8500003814697	19934.76953125
30.8600006103516	21276.564453125
30.8700008392334	21101.20703125
30.8799991607666	21017.345703125
30.8899993896484	21264.23828125
30.8999996185303	21035.966796875
30.9099998474121	21000.427734375
30.9200000762939	20950.720703125
30.9300003051758	20097.185546875
30.9400005340576	20001.462890625
30.9500007629395	21029.927734375
30.9599990844727	21604.947265625
30.9699993133545	21290.75
30.9799995422363	21527.37890625
30.9899997711182	21533.333984375
31	20835.978515625
31.0100002288818	20978.58203125
31.0200004577637	20740.853515625
31.0300006866455	19990.92578125
31.0400009155273	20450.0625
31.0499992370605	21496.2421875
31.0599994659424	21179.990234375
31.0699996948242	21695.8203125
31.0799999237061	21684.6484375
31.0900001525879	20980.091796875
31.1000003814697	21029.783203125
31.1100006103516	21272.29296875
31.1200008392334	21092.478515625
31.1299991607666	21273.875
31.1399993896484	21251.62890625
31.1499996185303	20680.251953125
31.1599998474121	20539.3984375
31.1700000762939	20833.04296875
31.1800003051758	20881.49609375
31.1900005340576	21952.435546875
31.2000007629395	20996.42578125
31.2099990844727	20337.875
31.2199993133545	21160.416015625
31.2299995422363	21450.935546875
31.2399997711182	21279.564453125
31.25	21967.126953125
31.2600002288818	22063.28515625
31.2700004577637	21880.501953125
31.2800006866455	21324.599609375
31.2900009155273	21113.255859375
31.2999992370605	21331.533203125
31.3099994659424	21365.41015625
31.3199996948242	21105.146484375
31.3299999237061	20883.685546875
31.3400001525879	20468.048828125
31.3500003814697	20418.02734375
31.3600006103516	20982.00390625
31.3700008392334	21323.146484375
31.3799991607666	21532.728515625
31.3899993896484	21397.986328125
31.3999996185303	21413.68359375
31.4099998474121	22022.638671875
31.4200000762939	21342.291015625
31.4300003051758	21236.47265625
31.4400005340576	21067.548828125
31.4500007629395	21516.404296875
31.4599990844727	21731.87890625
31.4699993133545	21060.30859375
31.4799995422363	21372.482421875
31.4899997711182	21640.78515625
31.5	21383.275390625
31.5100002288818	21900.904296875
31.5200004577637	21238.36328125
31.5300006866455	20734.5546875
31.5400009155273	21260.9765625
31.5499992370605	21555.11328125
31.5599994659424	21406.220703125
31.5699996948242	21619.068359375
31.5799999237061	21650
31.5900001525879	21943.62890625
31.6000003814697	22027.30078125
31.6100006103516	22018.703125
31.6200008392334	22498.583984375
31.6299991607666	22552.08984375
31.6399993896484	21691.451171875
31.6499996185303	21116.369140625
31.6599998474121	21107.998046875
31.6700000762939	22303.517578125
31.6800003051758	21948.763671875
31.6900005340576	21419.587890625
31.7000007629395	21004.49609375
31.7099990844727	21481.69140625
31.7199993133545	21824.859375
31.7299995422363	21064.8515625
31.7399997711182	20890.45703125
31.75	21125.859375
31.7600002288818	21422.9921875
31.7700004577637	21466.666015625
31.7800006866455	21963.263671875
31.7900009155273	21908.375
31.7999992370605	22194.33984375
31.8099994659424	22292.33203125
31.8199996948242	21497.166015625
31.8299999237061	20787.64453125
31.8400001525879	21441.115234375
31.8500003814697	21527.3046875
31.8600006103516	21586.572265625
31.8700008392334	21809.330078125
31.8799991607666	21432.119140625
31.8899993896484	21808.814453125
31.8999996185303	21955.509765625
31.9099998474121	21800.4453125
31.9200000762939	21739.015625
31.9300003051758	21264.13671875
31.9400005340576	21676.306640625
31.9500007629395	21742.087890625
31.9599990844727	21623.5546875
31.9699993133545	22366.998046875
31.9799995422363	22369.287109375
31.9899997711182	22142.30859375
32	22045.525390625
32.0099983215332	21843.033203125
32.0200004577637	21623.62890625
32.0299987792969	22097.8984375
32.0400009155273	21946.359375
32.0499992370605	21667.501953125
32.060001373291	21535.884765625
32.0699996948242	22201.994140625
32.0800018310547	22916.556640625
32.0900001525879	21992.498046875
32.0999984741211	21746.693359375
32.1100006103516	21443.30859375
32.1199989318848	21899.009765625
32.1300010681152	21648.1328125
32.1399993896484	21656.0546875
32.1500015258789	21855.337890625
32.1599998474121	22731.931640625
32.1699981689453	22146.052734375
32.1800003051758	21854.412109375
32.189998626709	22043.37890625
32.2000007629395	21968.98046875
32.2099990844727	21854.876953125
32.2200012207031	22029.08984375
32.2299995422363	22369.875
32.2400016784668	22138.029296875
32.25	22062.97265625
32.2599983215332	22170.244140625
32.2700004577637	21773.59375
32.2799987792969	21147.072265625
32.2900009155273	21772.189453125
32.2999992370605	22012.84375
32.310001373291	22362.759765625
32.3199996948242	22223.609375
32.3300018310547	22392.56640625
32.3400001525879	22912.599609375
32.3499984741211	23189.8671875
32.3600006103516	22662.310546875
32.3699989318848	22318.70703125
32.3800010681152	22001.271484375
32.3899993896484	21752.708984375
32.4000015258789	22606.216796875
32.4099998474121	22887.439453125
32.4199981689453	22732.916015625
32.4300003051758	22570.751953125
32.439998626709	22483.400390625
32.4500007629395	22080.48046875
32.4599990844727	22124.046875
32.4700012207031	22505.892578125
32.4799995422363	22220.494140625
32.4900016784668	21700.337890625
32.5	21603.654296875
32.5099983215332	21739.69921875
32.5200004577637	21979.7734375
32.5299987792969	22515.568359375
32.5400009155273	22622.203125
32.5499992370605	22209.587890625
32.560001373291	21969.26953125
32.5699996948242	22358.546875
32.5800018310547	22940.98046875
32.5900001525879	22724.974609375
32.5999984741211	22993.77734375
32.6100006103516	22644.060546875
32.6199989318848	22341.81640625
32.6300010681152	22264.015625
32.6399993896484	22106.37109375
32.6500015258789	22372.47265625
32.6599998474121	22523.8359375
32.6699981689453	22140.89453125
32.6800003051758	22291.861328125
32.689998626709	22641.640625
32.7000007629395	22520.662109375
32.7099990844727	22138.59765625
32.7200012207031	23169.517578125
32.7299995422363	23321.33203125
32.7400016784668	23113.05859375
32.75	22650.919921875
32.7599983215332	22944.775390625
32.7700004577637	22975.466796875
32.7799987792969	22958.048828125
32.7900009155273	23423.53515625
32.7999992370605	23119.64453125
32.810001373291	22703.939453125
32.8199996948242	22340.490234375
32.8300018310547	22170.740234375
32.8400001525879	22917.5625
32.8499984741211	23152.361328125
32.8600006103516	22689.421875
32.8699989318848	22898.275390625
32.8800010681152	23355.822265625
32.8899993896484	23370.052734375
32.9000015258789	23214.943359375
32.9099998474121	23313.265625
32.9199981689453	23315.826171875
32.9300003051758	23552.751953125
32.939998626709	23963.337890625
32.9500007629395	24055.30078125
32.9599990844727	23353.244140625
32.9700012207031	22872.0625
32.9799995422363	22733.412109375
32.9900016784668	23242.541015625
33	23848.068359375
33.0099983215332	23873.392578125
33.0200004577637	23558.09765625
33.0299987792969	23674.673828125
33.0400009155273	23657.720703125
33.0499992370605	23659.765625
33.060001373291	23700
33.0699996948242	24145.58203125
33.0800018310547	24437.544921875
33.0900001525879	23503.97265625
33.0999984741211	22778.298828125
33.1100006103516	23140.359375
33.1199989318848	23657.765625
33.1300010681152	23607.134765625
33.1399993896484	24184.107421875
33.1500015258789	23905.51953125
33.1599998474121	23395.037109375
33.1699981689453	23295.44140625
33.1800003051758	23399.791015625
33.189998626709	23255.43359375
33.2000007629395	23544.244140625
33.2099990844727	23531.078125
33.2200012207031	23509.15625
33.2299995422363	23719.30859375
33.2400016784668	23497.408203125
33.25	23483.20703125
33.2599983215332	24164.794921875
33.2700004577637	23833.052734375
33.2799987792969	23478.66015625
33.2900009155273	24021.703125
33.2999992370605	24066.017578125
33.310001373291	23992.302734375
33.3199996948242	24244.37890625
33.3300018310547	24244.20703125
33.3400001525879	24136.126953125
33.3499984741211	24025.279296875
33.3600006103516	24189.498046875
33.3699989318848	24353.5390625
33.3800010681152	24034.09765625
33.3899993896484	23334.150390625
33.4000015258789	23227.234375
33.4099998474121	23986.765625
33.4199981689453	24729.212890625
33.4300003051758	24760.935546875
33.439998626709	24851.69140625
33.4500007629395	24792.1015625
33.4599990844727	24442.634765625
33.4700012207031	24467.435546875
33.4799995422363	24878.046875
33.4900016784668	24691.3984375
33.5	24289.6171875
33.5099983215332	24433.943359375
33.5200004577637	24609.72265625
33.5299987792969	24674.84765625
33.5400009155273	24590.9375
33.5499992370605	24413.185546875
33.560001373291	24802.17578125
33.5699996948242	24941.42578125
33.5800018310547	24713.869140625
33.5900001525879	24669.08984375
33.5999984741211	24921.31640625
33.6100006103516	24815.1796875
33.6199989318848	24420.095703125
33.6300010681152	24934.921875
33.6399993896484	25047.1953125
33.6500015258789	24872.10546875
33.6599998474121	24676.279296875
33.6699981689453	24786.3125
33.6800003051758	25310.8671875
33.689998626709	25442.3359375
33.7000007629395	25235.076171875
33.7099990844727	25504.779296875
33.7200012207031	25641.572265625
33.7299995422363	25619.47265625
33.7400016784668	25460.048828125
33.75	25195.162109375
33.7599983215332	25058.857421875
33.7700004577637	25228.736328125
33.7799987792969	25415.205078125
33.7900009155273	25345.76953125
33.7999992370605	24759.20703125
33.810001373291	24282.0234375
33.8199996948242	24589.32421875
33.8300018310547	24723.66796875
33.8400001525879	24368.283203125
33.8499984741211	24708.76953125
33.8600006103516	25493.4921875
33.8699989318848	25934.55859375
33.8800010681152	25951.166015625
33.8899993896484	25622.470703125
33.9000015258789	25249.357421875
33.9099998474121	25432.75390625
33.9199981689453	25462.560546875
33.9300003051758	25191.314453125
33.939998626709	25365.19140625
33.9500007629395	25593.775390625
33.9599990844727	25365.888671875
33.9700012207031	25314.607421875
33.9799995422363	25619.375
33.9900016784668	25742.267578125
34	25732.6328125
34.0099983215332	26395.646484375
34.0200004577637	26609.91796875
34.0299987792969	25896.806640625
34.0400009155273	25919.205078125
34.0499992370605	26350.890625
34.060001373291	26541.7890625
34.0699996948242	26816.642578125
34.0800018310547	26850.623046875
34.0900001525879	26434.6640625
34.0999984741211	26431.349609375
34.1100006103516	26435.970703125
34.1199989318848	26085.359375
34.1300010681152	25884.546875
34.1399993896484	25906.388671875
34.1500015258789	26487.8828125
34.1599998474121	26837.875
34.1699981689453	26472.71875
34.1800003051758	26210.275390625
34.189998626709	26398.958984375
34.2000007629395	26906.841796875
34.2099990844727	26727.7265625
34.2200012207031	26082.931640625
34.2299995422363	25987.236328125
34.2400016784668	25909.4140625
34.25	26134.326171875
34.2599983215332	26796.3828125
34.2700004577637	27173.271484375
34.2799987792969	27256.337890625
34.2900009155273	27468.982421875
34.2999992370605	27600.68359375
34.310001373291	27286.953125
34.3199996948242	27456.775390625
34.3300018310547	27616.828125
34.3400001525879	27377.5234375
34.3499984741211	27050.21875
34.3600006103516	26658.423828125
34.3699989318848	26700.130859375
34.3800010681152	27181.3125
34.3899993896484	27671.068359375
34.4000015258789	27212.009765625
34.4099998474121	26549.185546875
34.4199981689453	27103.033203125
34.4300003051758	26887.5546875
34.439998626709	26822.0390625
34.4500007629395	27794.935546875
34.4599990844727	27999.94140625
34.4700012207031	27683.333984375
34.4799995422363	28004.740234375
34.4900016784668	28336.58984375
34.5	28436.466796875
34.5099983215332	28866.28515625
34.5200004577637	28723.091796875
34.5299987792969	28005.884765625
34.5400009155273	27754.8828125
34.5499992370605	27771.5703125
34.560001373291	27645.3515625
34.5699996948242	27708.70703125
34.5800018310547	27953.271484375
34.5900001525879	27905.759765625
34.5999984741211	27812.814453125
34.6100006103516	27957.6875
34.6199989318848	27838.9765625
34.6300010681152	27563.208984375
34.6399993896484	27260.0234375
34.6500015258789	27774.158203125
34.6599998474121	28130.37890625
34.6699981689453	27992.888671875
34.6800003051758	28059.326171875
34.689998626709	28313.8046875
34.7000007629395	27803.171875
34.7099990844727	27887.865234375
34.7200012207031	28395.55078125
34.7299995422363	28143.392578125
34.7400016784668	28449.60546875
34.75	28989.271484375
34.7599983215332	29219.822265625
34.7700004577637	28848.482421875
34.7799987792969	27912.01953125
34.7900009155273	27338.275390625
34.7999992370605	27489.9921875
34.810001373291	28175.982421875
34.8199996948242	28699.578125
34.8300018310547	28709.634765625
34.8400001525879	28670.4453125
34.8499984741211	29228.7421875
34.8600006103516	29154.212890625
34.8699989318848	28427.318359375
34.8800010681152	28282.01953125
34.8899993896484	28831.44140625
34.9000015258789	29598.04296875
34.9099998474121	29440.29296875
34.9199981689453	28894.109375
34.9300003051758	29028.857421875
34.939998626709	29521.396484375
34.9500007629395	29350.2578125
34.9599990844727	28762.22265625
34.9700012207031	29081.5625
34.9799995422363	29727.29296875
34.9900016784668	29617.974609375
35	28907.080078125
35.0099983215332	28503.712890625
35.0200004577637	28558.978515625
35.0299987792969	29055.1953125
35.0400009155273	28686.02734375
35.0499992370605	28758.98828125
35.060001373291	29143.8203125
35.0699996948242	29199.884765625
35.0800018310547	28768.201171875
35.0900001525879	28407.1953125
35.0999984741211	28754.287109375
35.1100006103516	29496.279296875
35.1199989318848	29921.90234375
35.1300010681152	29951.21875
35.1399993896484	29914.009765625
35.1500015258789	29452.54296875
35.1599998474121	29139.6875
35.1699981689453	29417.548828125
35.1800003051758	29622.08984375
35.189998626709	29250.564453125
35.2000007629395	29125.25
35.2099990844727	29795.43359375
35.2200012207031	29780.740234375
35.2299995422363	30105.77734375
35.2400016784668	30310.96875
35.25	30599.89453125
35.2599983215332	30281.115234375
35.2700004577637	30245.591796875
35.2799987792969	29713.046875
35.2900009155273	29567.171875
35.2999992370605	30038.60546875
35.310001373291	30406.84375
35.3199996948242	31131.1015625
35.3300018310547	30845.115234375
35.3400001525879	30477.013671875
35.3499984741211	30479.40234375
35.3600006103516	30658.828125
35.3699989318848	30911.650390625
35.3800010681152	30170.908203125
35.3899993896484	30153.5859375
35.4000015258789	31087.306640625
35.4099998474121	31091.546875
35.4199981689453	30489.8203125
35.4300003051758	30662.583984375
35.439998626709	30667.642578125
35.4500007629395	30208.8125
35.4599990844727	29984.09375
35.4700012207031	29675.580078125
35.4799995422363	29977.2890625
35.4900016784668	30450.2265625
35.5	31006.55078125
35.5099983215332	30735.62890625
35.5200004577637	31091.98046875
35.5299987792969	31172.216796875
35.5400009155273	30401.09375
35.5499992370605	30377.771484375
35.560001373291	30652.66796875
35.5699996948242	30630.51953125
35.5800018310547	31430.529296875
35.5900001525879	31954.560546875
35.5999984741211	31975.740234375
35.6100006103516	31814.98046875
35.6199989318848	31240.3671875
35.6300010681152	31011.013671875
35.6399993896484	30799.060546875
35.6500015258789	30449.55859375
35.6599998474121	30901.16015625
35.6699981689453	31654.365234375
35.6800003051758	31744.8203125
35.689998626709	31863.048828125
35.7000007629395	31485.09765625
35.7099990844727	31339.642578125
35.7200012207031	31459.9375
35.7299995422363	31083.759765625
35.7400016784668	31351.158203125
35.75	31845.828125
35.7599983215332	31862.361328125
35.7700004577637	31908.7734375
35.7799987792969	31574.32421875
35.7900009155273	30994.44140625
35.7999992370605	31316.96875
35.810001373291	31536.095703125
35.8199996948242	31088.70703125
35.8300018310547	32058.833984375
35.8400001525879	33143.953125
35.8499984741211	32133.11328125
35.8600006103516	31766.36328125
35.8699989318848	32084.19921875
35.8800010681152	32223.90625
35.8899993896484	31613.98046875
35.9000015258789	31670.986328125
35.9099998474121	31580.966796875
35.9199981689453	31905.228515625
35.9300003051758	32184.521484375
35.939998626709	32100.3203125
35.9500007629395	32689.4375
35.9599990844727	32431.802734375
35.9700012207031	32958.19140625
35.9799995422363	33108.86328125
35.9900016784668	32842.5859375
36	32380.26953125
36.0099983215332	31485.400390625
36.0200004577637	31658.857421875
36.0299987792969	31914.43359375
36.0400009155273	32449.7734375
36.0499992370605	33114.32421875
36.060001373291	33373.515625
36.0699996948242	33726.55078125
36.0800018310547	32713.669921875
36.0900001525879	31703.546875
36.0999984741211	32096.080078125
36.1100006103516	32740.8046875
36.1199989318848	32583.9453125
36.1300010681152	33031
36.1399993896484	32188.16796875
36.1500015258789	31660.17578125
36.1599998474121	32091.373046875
36.1699981689453	32698.216796875
36.1800003051758	33298.91015625
36.189998626709	33004.05078125
36.2000007629395	32419.046875
36.2099990844727	32543
36.2200012207031	32260.78125
36.2299995422363	33235.63671875
36.2400016784668	33452.25390625
36.25	32304.82421875
36.2599983215332	32320.482421875
36.2700004577637	32722.81640625
36.2799987792969	33107.109375
36.2900009155273	33096.61328125
36.2999992370605	32238.810546875
36.310001373291	32923.4609375
36.3199996948242	33352.703125
36.3300018310547	33396.83984375
36.3400001525879	33815.72265625
36.3499984741211	32979.26953125
36.3600006103516	32870.1328125
36.3699989318848	34113.8515625
36.3800010681152	33681.140625
36.3899993896484	33361.28125
36.4000015258789	33441.37109375
36.4099998474121	32676.087890625
36.4199981689453	33346.6953125
36.4300003051758	34260.11328125
36.439998626709	34223.99609375
36.4500007629395	33660.30859375
36.4599990844727	33394.02734375
36.4700012207031	33144.7734375
36.4799995422363	32941.9921875
36.4900016784668	32468.99609375
36.5	32328.19140625
36.5099983215332	32691.14453125
36.5200004577637	33210.67578125
36.5299987792969	32950.640625
36.5400009155273	32886.24609375
36.5499992370605	33150.2890625
36.560001373291	33317.87890625
36.5699996948242	33043.875
36.5800018310547	33270.41015625
36.5900001525879	32890.7734375
36.5999984741211	33194.25390625
36.6100006103516	33276.32421875
36.6199989318848	32618.3828125
36.6300010681152	33294.5859375
36.6399993896484	33746.63671875
36.6500015258789	33010.015625
36.6599998474121	33043.75390625
36.6699981689453	32765.642578125
36.6800003051758	32885.265625
36.689998626709	32917.16796875
36.7000007629395	33085.79296875
36.7099990844727	33284.828125
36.7200012207031	32703.109375
36.7299995422363	33389.91015625
36.7400016784668	34231.8671875
36.75	32940.9921875
36.7599983215332	33752.49609375
36.7700004577637	32870.296875
36.7799987792969	32459.892578125
36.7900009155273	32456.775390625
36.7999992370605	33004.52734375
36.810001373291	33327.28515625
36.8199996948242	33145.44140625
36.8300018310547	33435.56640625
36.8400001525879	33579.4375
36.8499984741211	33241.10546875
36.8600006103516	33516.41796875
36.8699989318848	33875.16015625
36.8800010681152	34016.8203125
36.8899993896484	32814.328125
36.9000015258789	33001.89453125
36.9099998474121	33411.04296875
36.9199981689453	33670.3671875
36.9300003051758	33168.734375
36.939998626709	33326.8125
36.9500007629395	32745.404296875
36.9599990844727	33740.35546875
36.9700012207031	34341.3125
36.9799995422363	33242.6953125
36.9900016784668	33751.03515625
37	33333.33203125
37.0099983215332	33287.37109375
37.0200004577637	32711.68359375
37.0299987792969	33306.890625
37.0400009155273	32959.2109375
37.0499992370605	33375.51953125
37.060001373291	34002.0625
37.0699996948242	34017.21484375
37.0800018310547	33801.10546875
37.0900001525879	34349.0390625
37.0999984741211	34291.17578125
37.1100006103516	33574.19921875
37.1199989318848	33396.203125
37.1300010681152	33074.9140625
37.1399993896484	33835.01953125
37.1500015258789	33828.984375
37.1599998474121	33111.93359375
37.1699981689453	33376.25390625
37.1800003051758	33911.42578125
37.189998626709	33736.91015625
37.2000007629395	32387.189453125
37.2099990844727	33210.2734375
37.2200012207031	32669.939453125
37.2299995422363	32766.4140625
37.2400016784668	33194.2734375
37.25	33467.5546875
37.2599983215332	33023.796875
37.2700004577637	32750
37.2799987792969	32750
37.2900009155273	32744.11328125
37.2999992370605	32544.392578125
37.310001373291	32336.685546875
37.3199996948242	31850.83984375
37.3300018310547	31917.076171875
37.3400001525879	33310.0859375
37.3499984741211	33742.296875
37.3600006103516	33377.125
37.3699989318848	33072.12890625
37.3800010681152	33370.5859375
37.3899993896484	33594.8671875
37.4000015258789	33265.5
37.4099998474121	33175.3515625
37.4199981689453	32553.919921875
37.4300003051758	32905.390625
37.439998626709	33443.55859375
37.4500007629395	32683.44921875
37.4599990844727	32695.611328125
37.4700012207031	31917.2265625
37.4799995422363	32051.73046875
37.4900016784668	32666.689453125
37.5	32683.322265625
37.5099983215332	31684.71875
37.5200004577637	33278.8828125
37.5299987792969	33084.16796875
37.5400009155273	32552.97265625
37.5499992370605	32566.55078125
37.560001373291	32219.59375
37.5699996948242	31903.08984375
37.5800018310547	31125.40234375
37.5900001525879	31890.171875
37.5999984741211	32540.939453125
37.6100006103516	31860.732421875
37.6199989318848	32554.681640625
37.6300010681152	32975.78515625
37.6399993896484	32247.962890625
37.6500015258789	31988.55859375
37.6599998474121	32423.302734375
37.6699981689453	31814.99609375
37.6800003051758	30971.30859375
37.689998626709	31404.318359375
37.7000007629395	32631.857421875
37.7099990844727	32359.2578125
37.7200012207031	32495.40625
37.7299995422363	32596.798828125
37.7400016784668	32197.25
37.75	32344.201171875
37.7599983215332	32301.80859375
37.7700004577637	31048.828125
37.7799987792969	30519.47265625
37.7900009155273	31955.498046875
37.7999992370605	31936.810546875
37.810001373291	31726.005859375
37.8199996948242	31621.115234375
37.8300018310547	31998.318359375
37.8400001525879	31445.017578125
37.8499984741211	32843.71484375
37.8600006103516	32394.17578125
37.8699989318848	30833.095703125
37.8800010681152	31065.740234375
37.8899993896484	32013.408203125
37.9000015258789	31499.9921875
37.9099998474121	31671
37.9199981689453	31840.283203125
37.9300003051758	31944.03125
37.939998626709	32435.119140625
37.9500007629395	31872.87890625
37.9599990844727	31599.287109375
37.9700012207031	31754.71484375
37.9799995422363	31875.56640625
37.9900016784668	31215.365234375
38	31058.087890625
38.0099983215332	31251.34765625
38.0200004577637	30354.2109375
38.0299987792969	31040.01171875
38.0400009155273	30976.64453125
38.0499992370605	30766.509765625
38.060001373291	30811.494140625
38.0699996948242	31200.4375
38.0800018310547	31263.98828125
38.0900001525879	31526.853515625
38.0999984741211	31473.58984375
38.1100006103516	31024.146484375
38.1199989318848	30785.259765625
38.1300010681152	30568.888671875
38.1399993896484	30261.375
38.1500015258789	30415.34765625
38.1599998474121	30705.9453125
38.1699981689453	30718.2109375
38.1800003051758	30218.384765625
38.189998626709	31101.419921875
38.2000007629395	30808.599609375
38.2099990844727	30932.0078125
38.2200012207031	30679.8515625
38.2299995422363	31579.1015625
38.2400016784668	31294.302734375
38.25	31130.48046875
38.2599983215332	30728.818359375
38.2700004577637	31428.05859375
38.2799987792969	30312.0546875
38.2900009155273	30433.94921875
38.2999992370605	30125.662109375
38.310001373291	29565.208984375
38.3199996948242	30106.015625
38.3300018310547	30257.125
38.3400001525879	29795.1328125
38.3499984741211	29968.73828125
38.3600006103516	30852.025390625
38.3699989318848	31157.34375
38.3800010681152	30187.490234375
38.3899993896484	29816.046875
38.4000015258789	30002.32421875
38.4099998474121	29537.72265625
38.4199981689453	29524.8828125
38.4300003051758	28661.443359375
38.439998626709	29606.9921875
38.4500007629395	30070.87890625
38.4599990844727	30825.38671875
38.4700012207031	30687.8359375
38.4799995422363	30289.5390625
38.4900016784668	30031.791015625
38.5	29885.013671875
38.5099983215332	29852.31640625
38.5200004577637	29764.03125
38.5299987792969	29478.193359375
38.5400009155273	28819.162109375
38.5499992370605	29586.55859375
38.560001373291	29477.048828125
38.5699996948242	28950.0078125
38.5800018310547	29547.927734375
38.5900001525879	29170.701171875
38.5999984741211	29210.6640625
38.6100006103516	29374.587890625
38.6199989318848	29498.720703125
38.6300010681152	29629.310546875
38.6399993896484	29031.447265625
38.6500015258789	29421.9453125
38.6599998474121	29138.314453125
38.6699981689453	28954.7421875
38.6800003051758	28863.4921875
38.689998626709	28682.650390625
38.7000007629395	28594.306640625
38.7099990844727	28777.9453125
38.7200012207031	29316.29296875
38.7299995422363	29222.681640625
38.7400016784668	29100.33203125
38.75	29083.333984375
38.7599983215332	29248.80078125
38.7700004577637	28966.703125
38.7799987792969	28803.791015625
38.7900009155273	28824.498046875
38.7999992370605	28723.73828125
38.810001373291	28686.322265625
38.8199996948242	28246.380859375
38.8300018310547	28068.205078125
38.8400001525879	28322.203125
38.8499984741211	28614.326171875
38.8600006103516	28761.625
38.8699989318848	28905.22265625
38.8800010681152	29068.54296875
38.8899993896484	29261.984375
38.9000015258789	29529.09765625
38.9099998474121	29260.435546875
38.9199981689453	28525.173828125
38.9300003051758	28473.943359375
38.939998626709	28607.099609375
38.9500007629395	28499.681640625
38.9599990844727	28399.953125
38.9700012207031	28156.8828125
38.9799995422363	28498.953125
38.9900016784668	29011.564453125
39	28467.21875
39.0099983215332	27969.203125
39.0200004577637	28121.107421875
39.0299987792969	27919.583984375
39.0400009155273	27678.849609375
39.0499992370605	28001.341796875
39.060001373291	28362.419921875
39.0699996948242	28433.333984375
39.0800018310547	28106.4140625
39.0900001525879	28290.814453125
39.0999984741211	28536.08984375
39.1100006103516	27906.791015625
39.1199989318848	27495.865234375
39.1300010681152	27614.861328125
39.1399993896484	28042.046875
39.1500015258789	28124.15625
39.1599998474121	28129.56640625
39.1699981689453	27708.361328125
39.1800003051758	28174.703125
39.189998626709	28452.669921875
39.2000007629395	28201.474609375
39.2099990844727	27694.60546875
39.2200012207031	27949.69921875
39.2299995422363	28130.39453125
39.2400016784668	28951.59375
39.25	28196.564453125
39.2599983215332	28200.326171875
39.2700004577637	27781.033203125
39.2799987792969	27755.66015625
39.2900009155273	27837.841796875
39.2999992370605	27749.265625
39.310001373291	27842.365234375
39.3199996948242	27506.89453125
39.3300018310547	27445.962890625
39.3400001525879	27529.1875
39.3499984741211	27662.33984375
39.3600006103516	27961.666015625
39.3699989318848	27589.78125
39.3800010681152	27520.248046875
39.3899993896484	27388.87109375
39.4000015258789	27803.49609375
39.4099998474121	28201.33203125
39.4199981689453	28086.0703125
39.4300003051758	27512.07421875
39.439998626709	26891.064453125
39.4500007629395	27371.03125
39.4599990844727	27196.02734375
39.4700012207031	27001.12109375
39.4799995422363	26800.36328125
39.4900016784668	26307.16796875
39.5	26405.2421875
39.5099983215332	27143.02734375
39.5200004577637	27661.8828125
39.5299987792969	27778.755859375
39.5400009155273	27578.189453125
39.5499992370605	27427.7265625
39.560001373291	26967.14453125
39.5699996948242	26896.015625
39.5800018310547	26945.314453125
39.5900001525879	27141.337890625
39.5999984741211	27001.802734375
39.6100006103516	27095.39453125
39.6199989318848	26964.478515625
39.6300010681152	26657.76953125
39.6399993896484	26614.06640625
39.6500015258789	26940.873046875
39.6599998474121	26865.951171875
39.6699981689453	27266.5234375
39.6800003051758	27748.990234375
39.689998626709	28148.470703125
39.7000007629395	27340.771484375
39.7099990844727	27055.287109375
39.7200012207031	26562.859375
39.7299995422363	26461.54296875
39.7400016784668	27331.029296875
39.75	27845.904296875
39.7599983215332	28391.880859375
39.7700004577637	27975.2734375
39.7799987792969	27238.1015625
39.7900009155273	26768.23828125
39.7999992370605	27374.7734375
39.810001373291	27688.517578125
39.8199996948242	27339.494140625
39.8300018310547	27103.255859375
39.8400001525879	26804.046875
39.8499984741211	27184.791015625
39.8600006103516	27723.798828125
39.8699989318848	27662.298828125
39.8800010681152	27136.0390625
39.8899993896484	26876.779296875
39.9000015258789	27041.91796875
39.9099998474121	27302.3515625
39.9199981689453	26753.53125
39.9300003051758	26506.125
39.939998626709	26622.962890625
39.9500007629395	26498.93359375
39.9599990844727	26438.98828125
39.9700012207031	26761.90234375
39.9799995422363	26560.892578125
39.9900016784668	26793.90625
40	27188.279296875
40.0099983215332	26752.75
40.0200004577637	26626.755859375
40.0299987792969	26556.85546875
40.0400009155273	26186.609375
40.0499992370605	26329.48046875
40.060001373291	26778.90625
40.0699996948242	26725.7421875
40.0800018310547	26507.62109375
40.0900001525879	26526.181640625
40.0999984741211	26849.076171875
40.1100006103516	26371.244140625
40.1199989318848	26065.791015625
40.1300010681152	25457.044921875
40.1399993896484	25224.435546875
40.1500015258789	25294.08984375
40.1599998474121	25611.296875
40.1699981689453	26511.82421875
40.1800003051758	26724.212890625
40.189998626709	26093.802734375
40.2000007629395	26044.9375
40.2099990844727	26364.013671875
40.2200012207031	26222.703125
40.2299995422363	26051.576171875
40.2400016784668	26762.30078125
40.25	27236.05078125
40.2599983215332	26540.619140625
40.2700004577637	25833.130859375
40.2799987792969	26620.361328125
40.2900009155273	26639.462890625
40.2999992370605	25815.646484375
40.310001373291	26547.9296875
40.3199996948242	27125.083984375
40.3300018310547	26685.015625
40.3400001525879	26153.787109375
40.3499984741211	25952.3359375
40.3600006103516	26242.67578125
40.3699989318848	26021.71875
40.3800010681152	25879.62890625
40.3899993896484	26318.9375
40.4000015258789	26550
40.4099998474121	26550
40.4199981689453	27100.001953125
40.4300003051758	27073.923828125
40.439998626709	26082.736328125
40.4500007629395	25711.34375
40.4599990844727	26096.47265625
40.4700012207031	26420.962890625
40.4799995422363	26198.220703125
40.4900016784668	26220.84375
40.5	26907.609375
40.5099983215332	27186.6953125
40.5200004577637	26674.45703125
40.5299987792969	26515.986328125
40.5400009155273	27202.759765625
40.5499992370605	26737.580078125
40.560001373291	25853.240234375
40.5699996948242	25531.546875
40.5800018310547	26287.271484375
40.5900001525879	27132.060546875
40.5999984741211	26777.197265625
40.6100006103516	26145.51953125
40.6199989318848	25761.5625
40.6300010681152	25792.095703125
40.6399993896484	26500.181640625
40.6500015258789	26431.4453125
40.6599998474121	25792.82421875
40.6699981689453	26008.498046875
40.6800003051758	26316.666015625
40.689998626709	25979.921875
40.7000007629395	26434.173828125
40.7099990844727	27045.798828125
40.7200012207031	27001.95703125
40.7299995422363	26458.826171875
40.7400016784668	26088.11328125
40.75	26095.158203125
40.7599983215332	26931.619140625
40.7700004577637	27048.859375
40.7799987792969	26732.7109375
40.7900009155273	26886.888671875
40.7999992370605	26966.666015625
40.810001373291	27004.158203125
40.8199996948242	26350.626953125
40.8300018310547	26068.6171875
40.8400001525879	26182.869140625
40.8499984741211	26218.859375
40.8600006103516	25984.83203125
40.8699989318848	25899.81640625
40.8800010681152	25913.36328125
40.8899993896484	25927.16015625
40.9000015258789	25897.232421875
40.9099998474121	26084.16796875
40.9199981689453	26142.888671875
40.9300003051758	25990.875
40.939998626709	26156.330078125
40.9500007629395	26826.904296875
40.9599990844727	26550.609375
40.9700012207031	26004.26171875
40.9799995422363	26474.08203125
40.9900016784668	26590.265625
41	26706.6875
41.0099983215332	26759.294921875
41.0200004577637	26727.60546875
41.0299987792969	27134.28515625
41.0400009155273	27010.658203125
41.0499992370605	26797.677734375
41.060001373291	27113.67578125
41.0699996948242	27290.150390625
41.0800018310547	26825.7421875
41.0900001525879	26336.5546875
41.0999984741211	26460.666015625
41.1100006103516	27052.837890625
41.1199989318848	27338.033203125
41.1300010681152	27327.68359375
41.1399993896484	26939.82421875
41.1500015258789	26533.333984375
41.1599998474121	26412.154296875
41.1699981689453	25997.765625
41.1800003051758	25949.26953125
41.189998626709	26819.859375
41.2000007629395	27441.908203125
41.2099990844727	27381.568359375
41.2200012207031	26907.044921875
41.2299995422363	26635.85546875
41.2400016784668	26936.8515625
41.25	26837.056640625
41.2599983215332	27369.6796875
41.2700004577637	27407.9375
41.2799987792969	26439.376953125
41.2900009155273	26602.8203125
41.2999992370605	27050.23046875
41.310001373291	26941.318359375
41.3199996948242	26766.669921875
41.3300018310547	26725.06640625
41.3400001525879	26981.900390625
41.3499984741211	27241.853515625
41.3600006103516	26828.875
41.3699989318848	26556.794921875
41.3800010681152	27036.390625
41.3899993896484	27424.572265625
41.4000015258789	27678.771484375
41.4099998474121	27655.85546875
41.4199981689453	27594.71875
41.4300003051758	27029.98046875
41.439998626709	26572.14453125
41.4500007629395	26894.037109375
41.4599990844727	27074.265625
41.4700012207031	27269.701171875
41.4799995422363	27095.224609375
41.4900016784668	26800.251953125
41.5	26591.302734375
41.5099983215332	26758.998046875
41.5200004577637	26830.244140625
41.5299987792969	26724.576171875
41.5400009155273	26883.2421875
41.5499992370605	27168.05078125
41.560001373291	27621.8515625
41.5699996948242	27920.693359375
41.5800018310547	28060.875
41.5900001525879	27988.390625
41.5999984741211	27516.77734375
41.6100006103516	27515.091796875
41.6199989318848	27249.216796875
41.6300010681152	26789.798828125
41.6399993896484	26947.41015625
41.6500015258789	27736.6875
41.6599998474121	28598.099609375
41.6699981689453	28115.203125
41.6800003051758	27200.66015625
41.689998626709	27461.603515625
41.7000007629395	28169.625
41.7099990844727	28114.326171875
41.7200012207031	27812.33984375
41.7299995422363	28014.576171875
41.7400016784668	28758.73046875
41.75	28881.521484375
41.7599983215332	28031.27734375
41.7700004577637	27817.3671875
41.7799987792969	27621.849609375
41.7900009155273	27044.484375
41.7999992370605	27075.66015625
41.810001373291	27186.771484375
41.8199996948242	26991.28515625
41.8300018310547	26924.73046875
41.8400001525879	27692.943359375
41.8499984741211	28094.1640625
41.8600006103516	28031.40234375
41.8699989318848	28049.57421875
41.8800010681152	27766.666015625
41.8899993896484	28126.525390625
41.9000015258789	28485.158203125
41.9099998474121	28183.015625
41.9199981689453	28026.1640625
41.9300003051758	27691.80078125
41.939998626709	26840.103515625
41.9500007629395	26669.025390625
41.9599990844727	27788.76171875
41.9700012207031	28302.70703125
41.9799995422363	27368.306640625
41.9900016784668	27589.11328125
42	28472.97265625
42.0099983215332	28269.806640625
42.0200004577637	27675.009765625
42.0299987792969	28087.462890625
42.0400009155273	28453.12890625
42.0499992370605	28088.41015625
42.060001373291	28235.318359375
42.0699996948242	28251.185546875
42.0800018310547	27928.546875
42.0900001525879	27606.10546875
42.0999984741211	28021.419921875
42.1100006103516	28690.1015625
42.1199989318848	28868.71484375
42.1300010681152	29022.458984375
42.1399993896484	28554.552734375
42.1500015258789	28046.595703125
42.1599998474121	28143.41796875
42.1699981689453	27954.18359375
42.1800003051758	27622.099609375
42.189998626709	27983.333984375
42.2000007629395	28055.865234375
42.2099990844727	28554.560546875
42.2200012207031	29045.1171875
42.2299995422363	28353.92578125
42.2400016784668	27637.599609375
42.25	27728.529296875
42.2599983215332	27947.048828125
42.2700004577637	28447.291015625
42.2799987792969	28493.94140625
42.2900009155273	28424.0546875
42.2999992370605	27950.236328125
42.310001373291	28053.48828125
42.3199996948242	28796.34375
42.3300018310547	28969.896484375
42.3400001525879	28910.9375
42.3499984741211	28932.890625
42.3600006103516	28485.404296875
42.3699989318848	27682.7890625
42.3800010681152	27687.384765625
42.3899993896484	28474.234375
42.4000015258789	28645.08203125
42.4099998474121	28547.62109375
42.4199981689453	29028.380859375
42.4300003051758	28887.23828125
42.439998626709	28472.80078125
42.4500007629395	28336.591796875
42.4599990844727	28089.427734375
42.4700012207031	28270.1328125
42.4799995422363	28621.181640625
42.4900016784668	28330.2265625
42.5	27944.9375
42.5099983215332	28508.66796875
42.5200004577637	28182.595703125
42.5299987792969	27639.5703125
42.5400009155273	28282.8203125
42.5499992370605	29025.515625
42.560001373291	29407.345703125
42.5699996948242	29480.287109375
42.5800018310547	28994.638671875
42.5900001525879	28634.212890625
42.5999984741211	28963.98046875
42.6100006103516	29551.53125
42.6199989318848	29251.77734375
42.6300010681152	28237.603515625
42.6399993896484	27484.3203125
42.6500015258789	27738.04296875
42.6599998474121	28785.748046875
42.6699981689453	28608.140625
42.6800003051758	28211.2265625
42.689998626709	28863.828125
42.7000007629395	29324.87890625
42.7099990844727	29610.44140625
42.7200012207031	29819.41015625
42.7299995422363	29478.22265625
42.7400016784668	27922.93359375
42.75	28833.08984375
42.7599983215332	29310.412109375
42.7700004577637	29506.330078125
42.7799987792969	29278.228515625
42.7900009155273	29287.560546875
42.7999992370605	29368.49609375
42.810001373291	29139.490234375
42.8199996948242	28780.0078125
42.8300018310547	28241.763671875
42.8400001525879	28524.78125
42.8499984741211	29038.302734375
42.8600006103516	29465.59375
42.8699989318848	28768.30859375
42.8800010681152	28533.37109375
42.8899993896484	29021.2109375
42.9000015258789	29654.48828125
42.9099998474121	29743.44921875
42.9199981689453	29303.900390625
42.9300003051758	29276.1171875
42.939998626709	29729.595703125
42.9500007629395	30127.552734375
42.9599990844727	29739.7890625
42.9700012207031	28945.615234375
42.9799995422363	28356.3125
42.9900016784668	28626.15625
43	29010.98828125
43.0099983215332	29225.958984375
43.0200004577637	29400
43.0299987792969	29299.4609375
43.0400009155273	28701.041015625
43.0499992370605	27869.9609375
43.060001373291	28339.263671875
43.0699996948242	29249.126953125
43.0800018310547	28847.666015625
43.0900001525879	28386.33203125
43.0999984741211	28854.580078125
43.1100006103516	29759.310546875
43.1199989318848	29519.4453125
43.1300010681152	29644.158203125
43.1399993896484	29925.005859375
43.1500015258789	30130.7734375
43.1599998474121	29934.8984375
43.1699981689453	29747.92578125
43.1800003051758	30271.275390625
43.189998626709	30175.462890625
43.2000007629395	29544.630859375
43.2099990844727	29977.1171875
43.2200012207031	30463.435546875
43.2299995422363	29583.08984375
43.2400016784668	29040.55859375
43.25	29911.841796875
43.2599983215332	30241.216796875
43.2700004577637	29793.5546875
43.2799987792969	29396.22265625
43.2900009155273	29883.462890625
43.2999992370605	30077.46875
43.310001373291	29960.08984375
43.3199996948242	30234.12109375
43.3300018310547	30206.162109375
43.3400001525879	29566.421875
43.3499984741211	29583.25
43.3600006103516	30000.59765625
43.3699989318848	29637.740234375
43.3800010681152	29404.25
43.3899993896484	28734.1484375
43.4000015258789	28970.482421875
43.4099998474121	29664.703125
43.4199981689453	30055.640625
43.4300003051758	29966.580078125
43.439998626709	30195.91015625
43.4500007629395	29596.556640625
43.4599990844727	29226.3984375
43.4700012207031	29488.037109375
43.4799995422363	29595.791015625
43.4900016784668	29566.572265625
43.5	29533.357421875
43.5099983215332	29558.40625
43.5200004577637	29648.802734375
43.5299987792969	30137.642578125
43.5400009155273	30001.576171875
43.5499992370605	29810.244140625
43.560001373291	30076.826171875
43.5699996948242	29943.08984375
43.5800018310547	30007.6796875
43.5900001525879	29123.484375
43.5999984741211	28618.587890625
43.6100006103516	28811.166015625
43.6199989318848	29066.25
43.6300010681152	29607.880859375
43.6399993896484	29688.251953125
43.6500015258789	29851.046875
43.6599998474121	29644.509765625
43.6699981689453	29110.115234375
43.6800003051758	29260.58984375
43.689998626709	29943.818359375
43.7000007629395	29520.62890625
43.7099990844727	28988.841796875
43.7200012207031	29267.36328125
43.7299995422363	29296.775390625
43.7400016784668	28996.25390625
43.75	29091.447265625
43.7599983215332	29422.142578125
43.7700004577637	29377.451171875
43.7799987792969	29744.615234375
43.7900009155273	29593.515625
43.7999992370605	29493.4921875
43.810001373291	29947.126953125
43.8199996948242	29570.740234375
43.8300018310547	29809.71484375
43.8400001525879	29873.853515625
43.8499984741211	29451.6328125
43.8600006103516	29252.505859375
43.8699989318848	29774.021484375
43.8800010681152	30223.005859375
43.8899993896484	29898.51171875
43.9000015258789	29946.833984375
43.9099998474121	30457.521484375
43.9199981689453	29848.5
43.9300003051758	30134.123046875
43.939998626709	30290.431640625
43.9500007629395	30356.3125
43.9599990844727	30397.845703125
43.9700012207031	30692.513671875
43.9799995422363	29496.75390625
43.9900016784668	29194.5234375
44	28866.115234375
44.0099983215332	30197.8984375
44.0200004577637	30708.994140625
44.0299987792969	30617.765625
44.0400009155273	29513.4453125
44.0499992370605	29580.099609375
44.060001373291	29929.4140625
44.0699996948242	29897.7578125
44.0800018310547	29621.59375
44.0900001525879	30050.158203125
44.0999984741211	30304.078125
44.1100006103516	30314.744140625
44.1199989318848	29702.4140625
44.1300010681152	29862.814453125
44.1399993896484	29638.416015625
44.1500015258789	30151.56640625
44.1599998474121	30725.53515625
44.1699981689453	30808.763671875
44.1800003051758	30334.546875
44.189998626709	30209.255859375
44.2000007629395	29208.7578125
44.2099990844727	29110.38671875
44.2200012207031	29442.267578125
44.2299995422363	29014.380859375
44.2400016784668	29469.060546875
44.25	29837.185546875
44.2599983215332	30016.666015625
44.2700004577637	29979.923828125
44.2799987792969	29667.962890625
44.2900009155273	29195.373046875
44.2999992370605	30077.783203125
44.310001373291	29986.560546875
44.3199996948242	29647.478515625
44.3300018310547	29626.28125
44.3400001525879	30076.228515625
44.3499984741211	30251.50390625
44.3600006103516	29459.728515625
44.3699989318848	28974.3828125
44.3800010681152	29440.576171875
44.3899993896484	29893.65625
44.4000015258789	30016.01953125
44.4099998474121	29052.423828125
44.4199981689453	29741.15234375
44.4300003051758	29923.228515625
44.439998626709	29795.021484375
44.4500007629395	30356.150390625
44.4599990844727	29906.458984375
44.4700012207031	29278.357421875
44.4799995422363	29227.759765625
44.4900016784668	29048.458984375
44.5	28874.314453125
44.5099983215332	29677.46484375
44.5200004577637	30114.1015625
44.5299987792969	29916.4453125
44.5400009155273	29421.408203125
44.5499992370605	29435.876953125
44.560001373291	29413.103515625
44.5699996948242	29741.98828125
44.5800018310547	29491.611328125
44.5900001525879	29990.55859375
44.5999984741211	28965.0703125
44.6100006103516	29483.333984375
44.6199989318848	29355.8125
44.6300010681152	28599.951171875
44.6399993896484	29099.453125
44.6500015258789	29423.96484375
44.6599998474121	28780.318359375
44.6699981689453	29344.671875
44.6800003051758	29511.95703125
44.689998626709	29343.333984375
44.7000007629395	29229.634765625
44.7099990844727	29495.7109375
44.7200012207031	29064.87890625
44.7299995422363	28644.513671875
44.7400016784668	28331.54296875
44.75	28963.173828125
44.7599983215332	29231.80859375
44.7700004577637	28866.609375
44.7799987792969	29806.599609375
44.7900009155273	29436.380859375
44.7999992370605	29077.513671875
44.810001373291	29042.951171875
44.8199996948242	29181.5078125
44.8300018310547	29726.8203125
44.8400001525879	29952.330078125
44.8499984741211	29053.716796875
44.8600006103516	29147.79296875
44.8699989318848	29626.509765625
44.8800010681152	29146.232421875
44.8899993896484	27985.51953125
44.9000015258789	28909.720703125
44.9099998474121	29476.07421875
44.9199981689453	28775.01171875
44.9300003051758	28129.87890625
44.939998626709	28206.10546875
44.9500007629395	29175.712890625
44.9599990844727	29476.126953125
44.9700012207031	28795.05078125
44.9799995422363	28652.689453125
44.9900016784668	29115.3984375
45	28987.126953125
45.0099983215332	29283.794921875
45.0200004577637	28819.830078125
45.0299987792969	28813.98828125
45.0400009155273	28514.705078125
45.0499992370605	29009.404296875
45.060001373291	29213.556640625
45.0699996948242	28656.30859375
45.0800018310547	28429.376953125
45.0900001525879	28891.185546875
45.0999984741211	28881.376953125
45.1100006103516	29710.33984375
45.1199989318848	29499.3515625
45.1300010681152	29859.8359375
45.1399993896484	29898.599609375
45.1500015258789	29114.298828125
45.1599998474121	28685.451171875
45.1699981689453	28385.640625
45.1800003051758	28935.625
45.189998626709	28389.880859375
45.2000007629395	28506.76171875
45.2099990844727	28976.9453125
45.2200012207031	28882.337890625
45.2299995422363	28610.609375
45.2400016784668	28000.294921875
45.25	29046.357421875
45.2599983215332	28919.7265625
45.2700004577637	27889.244140625
45.2799987792969	27963.16796875
45.2900009155273	27979.953125
45.2999992370605	28879.861328125
45.310001373291	29429.37890625
45.3199996948242	28246.455078125
45.3300018310547	28661.228515625
45.3400001525879	28532.958984375
45.3499984741211	27827.45703125
45.3600006103516	28244.77734375
45.3699989318848	28450.478515625
45.3800010681152	28970.703125
45.3899993896484	28941.95703125
45.4000015258789	27536.169921875
45.4099998474121	28147.447265625
45.4199981689453	28615.935546875
45.4300003051758	28064.890625
45.439998626709	28322.15625
45.4500007629395	28427.458984375
45.4599990844727	28618.43359375
45.4700012207031	28615.271484375
45.4799995422363	27962.017578125
45.4900016784668	27609.357421875
45.5	28366.5546875
45.5099983215332	27413.701171875
45.5200004577637	27697.5625
45.5299987792969	27971.708984375
45.5400009155273	27736.37109375
45.5499992370605	27834.966796875
45.560001373291	28548.365234375
45.5699996948242	27761.94140625
45.5800018310547	27272.171875
45.5900001525879	27065.783203125
45.5999984741211	28228.001953125
45.6100006103516	28446.58984375
45.6199989318848	27118.70703125
45.6300010681152	26797.783203125
45.6399993896484	28035.75390625
45.6500015258789	28072.27734375
45.6599998474121	27286.21875
45.6699981689453	26478.06640625
45.6800003051758	27756.333984375
45.689998626709	27476.42578125
45.7000007629395	28283.845703125
45.7099990844727	28278.08984375
45.7200012207031	27547.359375
45.7299995422363	26893.455078125
45.7400016784668	26672.09375
45.75	26883.271484375
45.7599983215332	27499.578125
45.7700004577637	27499.595703125
45.7799987792969	28144.912109375
45.7900009155273	27909.634765625
45.7999992370605	26883.6953125
45.810001373291	26916.947265625
45.8199996948242	27720.966796875
45.8300018310547	27926.07421875
45.8400001525879	27532.873046875
45.8499984741211	26614.26953125
45.8600006103516	27438.19921875
45.8699989318848	27730.271484375
45.8800010681152	27525.408203125
45.8899993896484	26986.03515625
45.9000015258789	27187.53515625
45.9099998474121	27522.517578125
45.9199981689453	28016.306640625
45.9300003051758	27968.64453125
45.939998626709	26506.90234375
45.9500007629395	27259.505859375
45.9599990844727	26386.216796875
45.9700012207031	26787.12109375
45.9799995422363	27382.611328125
45.9900016784668	27246.533203125
46	26483.03125
46.0099983215332	26401.50390625
46.0200004577637	26950.24609375
46.0299987792969	27083.458984375
46.0400009155273	27216.6484375
46.0499992370605	26883.611328125
46.060001373291	26450.74609375
46.0699996948242	26450
46.0800018310547	27213.982421875
46.0900001525879	25905.77734375
46.0999984741211	25866.841796875
46.1100006103516	26628.611328125
46.1199989318848	26186.50390625
46.1300010681152	26795.111328125
46.1399993896484	25858.37109375
46.1500015258789	25783.98046875
46.1599998474121	26146.12109375
46.1699981689453	27039.6875
46.1800003051758	26194.02734375
46.189998626709	25936.638671875
46.2000007629395	26081.21875
46.2099990844727	26411.67578125
46.2200012207031	26547.88671875
46.2299995422363	26074.751953125
46.2400016784668	27098.18359375
46.25	26249.65625
46.2599983215332	26216.98828125
46.2700004577637	25906.404296875
46.2799987792969	26422.08203125
46.2900009155273	26319.23046875
46.2999992370605	25990.947265625
46.310001373291	25853.162109375
46.3199996948242	26370.224609375
46.3300018310547	26025.998046875
46.3400001525879	26276.31640625
46.3499984741211	27175.083984375
46.3600006103516	26098.453125
46.3699989318848	25888.634765625
46.3800010681152	26319.93359375
46.3899993896484	26478.736328125
46.4000015258789	26338.05859375
46.4099998474121	25301.189453125
46.4199981689453	25169.990234375
46.4300003051758	24554.921875
46.439998626709	24855.017578125
46.4500007629395	25638.0234375
46.4599990844727	25682.72265625
46.4700012207031	25522.919921875
46.4799995422363	25965.423828125
46.4900016784668	26191.5
46.5	25640.05078125
46.5099983215332	25712.572265625
46.5200004577637	26626.962890625
46.5299987792969	26315.63671875
46.5400009155273	25471.03125
46.5499992370605	24828.087890625
46.560001373291	25993.501953125
46.5699996948242	26256.689453125
46.5800018310547	24964.091796875
46.5900001525879	25249.16015625
46.5999984741211	25567.947265625
46.6100006103516	25472.43359375
46.6199989318848	25814.896484375
46.6300010681152	25422.154296875
46.6399993896484	24862.783203125
46.6500015258789	25685.802734375
46.6599998474121	26048.78125
46.6699981689453	25672.70703125
46.6800003051758	25587.021484375
46.689998626709	25583.333984375
46.7000007629395	25221.85546875
46.7099990844727	25404.1328125
46.7200012207031	24977.388671875
46.7299995422363	25341.865234375
46.7400016784668	24411.365234375
46.75	24428.234375
46.7599983215332	23948.71484375
46.7700004577637	24197.80859375
46.7799987792969	24107.431640625
46.7900009155273	25129.0234375
46.7999992370605	25293.46484375
46.810001373291	25300
46.8199996948242	25750.943359375
46.8300018310547	24633.671875
46.8400001525879	24565.521484375
46.8499984741211	25373.103515625
46.8600006103516	25495.3125
46.8699989318848	24710.474609375
46.8800010681152	24541.73046875
46.8899993896484	24116.08984375
46.9000015258789	24407.568359375
46.9099998474121	24957.8203125
46.9199981689453	25000
46.9300003051758	24599.6328125
46.939998626709	23566.63671875
46.9500007629395	24175.046875
46.9599990844727	25246.94921875
46.9700012207031	25241.267578125
46.9799995422363	24834.73828125
46.9900016784668	24187.318359375
47	24424.099609375
47.0099983215332	23333.837890625
47.0200004577637	23997.150390625
47.0299987792969	24585.603515625
47.0400009155273	24419.84375
47.0499992370605	24049.576171875
47.060001373291	24321.11328125
47.0699996948242	25095.234375
47.0800018310547	24893.150390625
47.0900001525879	24304.93359375
47.0999984741211	24826.404296875
47.1100006103516	24155.888671875
47.1199989318848	23719.931640625
47.1300010681152	23668.205078125
47.1399993896484	24936.322265625
47.1500015258789	24311.587890625
47.1599998474121	24474.74609375
47.1699981689453	24575.375
47.1800003051758	24749.01171875
47.189998626709	24300.169921875
47.2000007629395	23377.970703125
47.2099990844727	23673.8984375
47.2200012207031	23971.810546875
47.2299995422363	23985.00390625
47.2400016784668	23414.01953125
47.25	23200.3125
47.2599983215332	23183.333984375
47.2700004577637	24199.412109375
47.2799987792969	24495.81640625
47.2900009155273	24606.162109375
47.2999992370605	24065.26171875
47.310001373291	23404.412109375
47.3199996948242	23363.0859375
47.3300018310547	23827.43359375
47.3400001525879	23987.28515625
47.3499984741211	23451.021484375
47.3600006103516	22805.189453125
47.3699989318848	23059.1796875
47.3800010681152	23144.39453125
47.3899993896484	22721.232421875
47.4000015258789	23420.04296875
47.4099998474121	23516.666015625
47.4199981689453	23619.888671875
47.4300003051758	22999.810546875
47.439998626709	22769.46484375
47.4500007629395	22955.900390625
47.4599990844727	23247.830078125
47.4700012207031	22681.3984375
47.4799995422363	22541.326171875
47.4900016784668	22650.578125
47.5	23120.58984375
47.5099983215332	23315.001953125
47.5200004577637	23625.671875
47.5299987792969	23666.666015625
47.5400009155273	23199.74609375
47.5499992370605	22695.978515625
47.560001373291	23347.05078125
47.5699996948242	23319.0234375
47.5800018310547	23590.802734375
47.5900001525879	23400.89453125
47.5999984741211	23395.6953125
47.6100006103516	22819.923828125
47.6199989318848	22530.484375
47.6300010681152	23180.39453125
47.6399993896484	23211.013671875
47.6500015258789	22564.15234375
47.6599998474121	21961.322265625
47.6699981689453	22763.306640625
47.6800003051758	23116.197265625
47.689998626709	23150
47.7000007629395	22905.40625
47.7099990844727	22564.78515625
47.7200012207031	22617.205078125
47.7299995422363	23566.09375
47.7400016784668	23272.201171875
47.75	22369.146484375
47.7599983215332	21746.70703125
47.7700004577637	22782.06640625
47.7799987792969	22395.16796875
47.7900009155273	22599.775390625
47.7999992370605	22008.1875
47.810001373291	21985.5
47.8199996948242	22455.603515625
47.8300018310547	22718.259765625
47.8400001525879	22607.873046875
47.8499984741211	22583.333984375
47.8600006103516	23136.662109375
47.8699989318848	23290.03515625
47.8800010681152	22535.19140625
47.8899993896484	22357.546875
47.9000015258789	22463.107421875
47.9099998474121	22794.107421875
47.9199981689453	22977.0234375
47.9300003051758	22450.044921875
47.939998626709	22814.94140625
47.9500007629395	23406.765625
47.9599990844727	22431.091796875
47.9700012207031	21291.828125
47.9799995422363	21467.66796875
47.9900016784668	22781.810546875
48	21587.076171875
48.0099983215332	22114.859375
48.0200004577637	22868.287109375
48.0299987792969	22494.068359375
48.0400009155273	22246.365234375
48.0499992370605	22230.62109375
48.060001373291	22400.64453125
48.0699996948242	22405.47265625
48.0800018310547	21968.533203125
48.0900001525879	21980.67578125
48.0999984741211	21708.224609375
48.1100006103516	22010.931640625
48.1199989318848	21334.359375
48.1300010681152	20726.025390625
48.1399993896484	21505.6171875
48.1500015258789	21627.998046875
48.1599998474121	21823.9921875
48.1699981689453	21921.90625
48.1800003051758	21919.53515625
48.189998626709	22206.166015625
48.2000007629395	21605.52734375
48.2099990844727	21659.33203125
48.2200012207031	22236.244140625
48.2299995422363	21635.62890625
48.2400016784668	21785.3046875
48.25	22096.853515625
48.2599983215332	21656.72265625
48.2700004577637	20851.796875
48.2799987792969	21110.3515625
48.2900009155273	21705.662109375
48.2999992370605	21953.212890625
48.310001373291	21683.19140625
48.3199996948242	21862.025390625
48.3300018310547	21712.37890625
48.3400001525879	21353.697265625
48.3499984741211	21188.1640625
48.3600006103516	21411.17578125
48.3699989318848	21670.248046875
48.3800010681152	21106.453125
48.3899993896484	21454.4140625
48.4000015258789	21377.150390625
48.4099998474121	21089.880859375
48.4199981689453	21114.4140625
48.4300003051758	21740.91015625
48.439998626709	22045.212890625
48.4500007629395	21584.634765625
48.4599990844727	21345.466796875
48.4700012207031	21303.2109375
48.4799995422363	21420.990234375
48.4900016784668	21409.705078125
48.5	20957.134765625
48.5099983215332	20407.517578125
48.5200004577637	20608.130859375
48.5299987792969	20803.802734375
48.5400009155273	21047.314453125
48.5499992370605	21287.072265625
48.560001373291	21186.474609375
48.5699996948242	21696.908203125
48.5800018310547	21406.84765625
48.5900001525879	22032.388671875
48.5999984741211	22057.009765625
48.6100006103516	21312.126953125
48.6199989318848	21053.642578125
48.6300010681152	20276.927734375
48.6399993896484	20335.25
48.6500015258789	20810.66796875
48.6599998474121	21115.205078125
48.6699981689453	21179.890625
48.6800003051758	21090.841796875
48.689998626709	20763.02734375
48.7000007629395	20867.998046875
48.7099990844727	20705.802734375
48.7200012207031	20755.341796875
48.7299995422363	20770.177734375
48.7400016784668	20924.40625
48.75	21242.47265625
48.7599983215332	21211.6875
48.7700004577637	20344.228515625
48.7799987792969	20588.2578125
48.7900009155273	21410.35546875
48.7999992370605	21233.837890625
48.810001373291	21094.134765625
48.8199996948242	21292.208984375
48.8300018310547	21193.478515625
48.8400001525879	20459.291015625
48.8499984741211	20305.73046875
48.8600006103516	20967.158203125
48.8699989318848	21111.00390625
48.8800010681152	21229.875
48.8899993896484	21201.78515625
48.9000015258789	20496.181640625
48.9099998474121	20429.5390625
48.9199981689453	20427.837890625
48.9300003051758	20520.12109375
48.939998626709	20795.4921875
48.9500007629395	20944.123046875
48.9599990844727	20863.478515625
48.9700012207031	20433.82421875
48.9799995422363	20625.697265625
48.9900016784668	20961.10546875
49	20801.95703125
49.0099983215332	20887.451171875
49.0200004577637	20920.501953125
49.0299987792969	20557.67578125
49.0400009155273	20027.265625
49.0499992370605	20591.154296875
49.060001373291	20211.744140625
49.0699996948242	20531.64453125
49.0800018310547	19968.423828125
49.0900001525879	20323.98828125
49.0999984741211	20232.369140625
49.1100006103516	20633.87109375
49.1199989318848	20401.658203125
49.1300010681152	19889.2734375
49.1399993896484	19957.177734375
49.1500015258789	19699.419921875
49.1599998474121	19511.248046875
49.1699981689453	19939.384765625
49.1800003051758	20766.826171875
49.189998626709	20401.59765625
49.2000007629395	20140.853515625
49.2099990844727	20407.037109375
49.2200012207031	20449.544921875
49.2299995422363	19941.810546875
49.2400016784668	19871.48046875
49.25	19912.58203125
49.2599983215332	19690.390625
49.2700004577637	20068.830078125
49.2799987792969	20128.822265625
49.2900009155273	19773.99609375
49.2999992370605	19791.9453125
49.310001373291	20208.84765625
49.3199996948242	19920.619140625
49.3300018310547	19608.392578125
49.3400001525879	19774.732421875
49.3499984741211	19488.2421875
49.3600006103516	19553.623046875
49.3699989318848	19815.916015625
49.3800010681152	19995.31640625
49.3899993896484	19312.287109375
49.4000015258789	19103.9296875
49.4099998474121	20183.978515625
49.4199981689453	21157.599609375
49.4300003051758	20251.619140625
49.439998626709	20052.349609375
49.4500007629395	19708.513671875
49.4599990844727	19393.658203125
49.4700012207031	19728.443359375
49.4799995422363	20039.37890625
49.4900016784668	20013.716796875
49.5	20007.96484375
49.5099983215332	19696.734375
49.5200004577637	19435.798828125
49.5299987792969	19260.4921875
49.5400009155273	19339.40234375
49.5499992370605	19738.96484375
49.560001373291	20197.48828125
49.5699996948242	20218.728515625
49.5800018310547	19535.048828125
49.5900001525879	19312.220703125
49.5999984741211	19353.298828125
49.6100006103516	19195.859375
49.6199989318848	18865.150390625
49.6300010681152	19339.115234375
49.6399993896484	20243.654296875
49.6500015258789	20293.296875
49.6599998474121	20386.748046875
49.6699981689453	19369.693359375
49.6800003051758	19160.712890625
49.689998626709	19548.390625
49.7000007629395	20175.171875
49.7099990844727	20197.30859375
49.7200012207031	20230.02734375
49.7299995422363	19868.146484375
49.7400016784668	19728.732421875
49.75	19986.505859375
49.7599983215332	20215.833984375
49.7700004577637	20122.2421875
49.7799987792969	20102.7421875
49.7900009155273	19792.265625
49.7999992370605	19558.625
49.810001373291	19576.638671875
49.8199996948242	20007.462890625
49.8300018310547	19795.47265625
49.8400001525879	19673.927734375
49.8499984741211	19922.40625
49.8600006103516	19658.36328125
49.8699989318848	19647.93359375
49.8800010681152	19556.921875
49.8899993896484	19214.087890625
49.9000015258789	19397.572265625
49.9099998474121	19278.810546875
49.9199981689453	19884.41015625
49.9300003051758	20142.921875
49.939998626709	19884.220703125
49.9500007629395	19558.138671875
49.9599990844727	19336.400390625
49.9700012207031	19839.44921875
49.9799995422363	20255.822265625
49.9900016784668	19530.107421875
50	19093.78125
50.0099983215332	19120.751953125
50.0200004577637	18902.576171875
50.0299987792969	18953.037109375
50.0400009155273	19510.673828125
50.0499992370605	19434.6171875
50.060001373291	19117.05078125
50.0699996948242	19009.869140625
50.0800018310547	19164.109375
50.0900001525879	19245.044921875
50.0999984741211	18758.505859375
50.1100006103516	18807.23046875
50.1199989318848	19337.232421875
50.1300010681152	19154.8203125
50.1399993896484	19023.32421875
50.1500015258789	18823.5859375
50.1599998474121	19175.759765625
50.1699981689453	19599.32421875
50.1800003051758	19258.32421875
50.189998626709	19159.572265625
50.2000007629395	19455.2734375
50.2099990844727	19346.390625
50.2200012207031	18751.904296875
50.2299995422363	18880.546875
50.2400016784668	19287.740234375
50.25	19041.8203125
50.2599983215332	18721.712890625
50.2700004577637	18730.7421875
50.2799987792969	18363.298828125
50.2900009155273	18989.384765625
50.2999992370605	19419.03125
50.310001373291	18886.720703125
50.3199996948242	19000.876953125
50.3300018310547	19017.478515625
50.3400001525879	19076.12890625
50.3499984741211	18824.0078125
50.3600006103516	18740.568359375
50.3699989318848	19189.83984375
50.3800010681152	18971.947265625
50.3899993896484	18509.30859375
50.4000015258789	18520.23046875
50.4099998474121	18286.9765625
50.4199981689453	18093.056640625
50.4300003051758	18055.287109375
50.439998626709	18266.01953125
50.4500007629395	18230.349609375
50.4599990844727	17996.4140625
50.4700012207031	18109.455078125
50.4799995422363	18075.359375
50.4900016784668	18786.513671875
50.5	19082.12890625
50.5099983215332	18394.478515625
50.5200004577637	17575.169921875
50.5299987792969	17367.181640625
50.5400009155273	18397.939453125
50.5499992370605	19491.580078125
50.560001373291	19839.60546875
50.5699996948242	19034.5546875
50.5800018310547	18588.392578125
50.5900001525879	18948.33984375
50.5999984741211	19189.4140625
50.6100006103516	19283.90625
50.6199989318848	18790.3984375
50.6300010681152	18264.828125
50.6399993896484	18312.185546875
50.6500015258789	18835.580078125
50.6599998474121	18715.22265625
50.6699981689453	18460.80078125
50.6800003051758	18606.052734375
50.689998626709	18811.30859375
50.7000007629395	18655.357421875
50.7099990844727	18550
50.7200012207031	18661.02734375
50.7299995422363	18761.0390625
50.7400016784668	18727.9140625
50.75	18168.42578125
50.7599983215332	18065.9765625
50.7700004577637	18371.11328125
50.7799987792969	18626.935546875
50.7900009155273	18468.224609375
50.7999992370605	18493.359375
50.810001373291	18654.8125
50.8199996948242	18810.08984375
50.8300018310547	18624.67578125
50.8400001525879	18851.6875
50.8499984741211	19121.181640625
50.8600006103516	18519.33984375
50.8699989318848	17931.19921875
50.8800010681152	18062.873046875
50.8899993896484	18265.662109375
50.9000015258789	18114.11328125
50.9099998474121	18213.3203125
50.9199981689453	18316.666015625
50.9300003051758	18545.70703125
50.939998626709	18383.33203125
50.9500007629395	18559.98046875
50.9599990844727	18309.052734375
50.9700012207031	18311.59765625
50.9799995422363	18411.611328125
50.9900016784668	18432.5546875
51	18666.84375
51.0099983215332	18815.83203125
51.0200004577637	18367.912109375
51.0299987792969	18040.96484375
51.0400009155273	18291.74609375
51.0499992370605	18730.703125
51.060001373291	18732.314453125
51.0699996948242	18606.888671875
51.0800018310547	18260.26953125
51.0900001525879	18051.0546875
51.0999984741211	17893.576171875
51.1100006103516	17838.150390625
51.1199989318848	17968.0546875
51.1300010681152	18001.1640625
51.1399993896484	17951.19140625
51.1500015258789	17783.462890625
51.1599998474121	18063.662109375
51.1699981689453	18469.716796875
51.1800003051758	18807.56640625
51.189998626709	19029.3515625
51.2000007629395	18166.599609375
51.2099990844727	17788.458984375
51.2200012207031	17951.798828125
51.2299995422363	17925.572265625
51.2400016784668	17692.109375
51.25	17880.5390625
51.2599983215332	18134.84375
51.2700004577637	18458.841796875
51.2799987792969	18659.017578125
51.2900009155273	18143.828125
51.2999992370605	17643.08203125
51.310001373291	17712.86328125
51.3199996948242	17721.703125
51.3300018310547	17571.783203125
51.3400001525879	17706.2734375
51.3499984741211	17669.3203125
51.3600006103516	18193.248046875
51.3699989318848	18476.451171875
51.3800010681152	17866.4453125
51.3899993896484	17795.55859375
51.4000015258789	17866.16015625
51.4099998474121	17973.734375
51.4199981689453	18234.0625
51.4300003051758	17779.3046875
51.439998626709	17335.111328125
51.4500007629395	17600.60546875
51.4599990844727	17654.025390625
51.4700012207031	17827.11328125
51.4799995422363	17868.833984375
51.4900016784668	18070.404296875
51.5	18119.029296875
51.5099983215332	17987.705078125
51.5200004577637	18230.087890625
51.5299987792969	18223.798828125
51.5400009155273	17805.986328125
51.5499992370605	17885.693359375
51.560001373291	17936.27734375
51.5699996948242	17928.64453125
51.5800018310547	17791.212890625
51.5900001525879	17776.140625
51.5999984741211	17895.15234375
51.6100006103516	17964.216796875
51.6199989318848	17582.193359375
51.6300010681152	17610.810546875
51.6399993896484	17680.65234375
51.6500015258789	17729.51953125
51.6599998474121	17584.736328125
51.6699981689453	17193.951171875
51.6800003051758	17432.427734375
51.689998626709	18061.638671875
51.7000007629395	18443.01953125
51.7099990844727	18104.638671875
51.7200012207031	17629.3671875
51.7299995422363	17316.5859375
51.7400016784668	17566.513671875
51.75	17759.310546875
51.7599983215332	17499.572265625
51.7700004577637	17786.66015625
51.7799987792969	18137.689453125
51.7900009155273	17798.10546875
51.7999992370605	17529.7421875
51.810001373291	18002.439453125
51.8199996948242	18255.99609375
51.8300018310547	17580.1796875
51.8400001525879	17176.76171875
51.8499984741211	17506.076171875
51.8600006103516	17706.58984375
51.8699989318848	17488.5625
51.8800010681152	17661.85546875
51.8899993896484	18027.486328125
51.9000015258789	18022.86328125
51.9099998474121	17799.48828125
51.9199981689453	17589.71875
51.9300003051758	17536.701171875
51.939998626709	17750.16796875
51.9500007629395	18213.326171875
51.9599990844727	18593.193359375
51.9700012207031	18320.658203125
51.9799995422363	18046.71875
51.9900016784668	17923.7109375
52	17869.9140625
52.0099983215332	18002.71484375
52.0200004577637	18083.333984375
52.0299987792969	17775.45703125
52.0400009155273	17904.046875
52.0499992370605	18044.103515625
52.060001373291	17874.3671875
52.0699996948242	17483.28125
52.0800018310547	16831.552734375
52.0900001525879	16977.955078125
52.0999984741211	17312.94921875
52.1100006103516	17579.921875
52.1199989318848	17789.419921875
52.1300010681152	17688.66015625
52.1399993896484	17324.533203125
52.1500015258789	17290.607421875
52.1599998474121	17360.71484375
52.1699981689453	17402.0234375
52.1800003051758	17518.630859375
52.189998626709	18036.87109375
52.2000007629395	18317.728515625
52.2099990844727	17745.484375
52.2200012207031	17161.482421875
52.2299995422363	17211.912109375
52.2400016784668	17525.5703125
52.25	17572.037109375
52.2599983215332	17156.39453125
52.2700004577637	17240.50390625
52.2799987792969	17502.7734375
52.2900009155273	17332.140625
52.2999992370605	17617.251953125
52.310001373291	18013.619140625
52.3199996948242	18063.958984375
52.3300018310547	17788.681640625
52.3400001525879	17483.958984375
52.3499984741211	17583.57421875
52.3600006103516	17726.3203125
52.3699989318848	17926.234375
52.3800010681152	17902.841796875
52.3899993896484	17484.8515625
52.4000015258789	17738.052734375
52.4099998474121	18419.74609375
52.4199981689453	17965.611328125
52.4300003051758	17680.28515625
52.439998626709	17782.892578125
52.4500007629395	17963.220703125
52.4599990844727	17807.943359375
52.4700012207031	17260.681640625
52.4799995422363	17100.208984375
52.4900016784668	17675.001953125
52.5	17294.15234375
52.5099983215332	16907.24609375
52.5200004577637	17516.513671875
52.5299987792969	17781.0546875
52.5400009155273	17517.078125
52.5499992370605	17537.59375
52.560001373291	17884.8828125
52.5699996948242	18040.521484375
52.5800018310547	17824.966796875
52.5900001525879	17553.111328125
52.5999984741211	17523.39453125
52.6100006103516	17028.212890625
52.6199989318848	16720.48828125
52.6300010681152	17243.216796875
52.6399993896484	18092.1171875
52.6500015258789	18530.40234375
52.6599998474121	18152.822265625
52.6699981689453	17354.068359375
52.6800003051758	17002.111328125
52.689998626709	17204.287109375
52.7000007629395	17612.439453125
52.7099990844727	17601.279296875
52.7200012207031	17489.47265625
52.7299995422363	17439.849609375
52.7400016784668	17301.28515625
52.75	17287.328125
52.7599983215332	17167.484375
52.7700004577637	16854.369140625
52.7799987792969	17090.91796875
52.7900009155273	17409.298828125
52.7999992370605	17305.169921875
52.810001373291	17160.966796875
52.8199996948242	17107.390625
52.8300018310547	16988.796875
52.8400001525879	16890.740234375
52.8499984741211	16846.330078125
52.8600006103516	16899.849609375
52.8699989318848	17262.171875
52.8800010681152	17204.75390625
52.8899993896484	17160.251953125
52.9000015258789	17123.251953125
52.9099998474121	17086.294921875
52.9199981689453	17284.46875
52.9300003051758	17247.248046875
52.939998626709	17186.7109375
52.9500007629395	17400.064453125
52.9599990844727	17504.19140625
52.9700012207031	17082.208984375
52.9799995422363	16812.39453125
52.9900016784668	17169.818359375
53	17387.685546875
53.0099983215332	17350
53.0200004577637	17267.978515625
53.0299987792969	17436.7421875
53.0400009155273	17351.3125
53.0499992370605	17225.740234375
53.060001373291	17271.259765625
53.0699996948242	17197.0390625
53.0800018310547	17366.10546875
53.0900001525879	16953.66015625
53.0999984741211	16919.134765625
53.1100006103516	17516.9921875
53.1199989318848	17880.66796875
53.1300010681152	17401.556640625
53.1399993896484	17281.466796875
53.1500015258789	17525.220703125
53.1599998474121	17388.326171875
53.1699981689453	17143.150390625
53.1800003051758	17397.96875
53.189998626709	17712.80078125
53.2000007629395	17352.732421875
53.2099990844727	16948.91015625
53.2200012207031	17182.5234375
53.2299995422363	17483.333984375
53.2400016784668	17322.455078125
53.25	17486.9453125
53.2599983215332	17428.814453125
53.2700004577637	17087.603515625
53.2799987792969	17398.4765625
53.2900009155273	17663.279296875
53.2999992370605	17536.65625
53.310001373291	17360.08203125
53.3199996948242	17426.40234375
53.3300018310547	17451.404296875
53.3400001525879	17128.541015625
53.3499984741211	16889.08203125
53.3600006103516	17354.0234375
53.3699989318848	17773.49609375
53.3800010681152	17449.890625
53.3899993896484	16927.587890625
53.4000015258789	16814.541015625
53.4099998474121	16951.87890625
53.4199981689453	16842.611328125
53.4300003051758	16593.64453125
53.439998626709	17053.9921875
53.4500007629395	17303.521484375
53.4599990844727	17057.90234375
53.4700012207031	16962.443359375
53.4799995422363	17215.751953125
53.4900016784668	17429.267578125
53.5	17376.197265625
53.5099983215332	17321.482421875
53.5200004577637	17345.880859375
53.5299987792969	17790.384765625
53.5400009155273	18038.359375
53.5499992370605	17610.259765625
53.560001373291	17196.482421875
53.5699996948242	17238.146484375
53.5800018310547	17740.119140625
53.5900001525879	17944.09375
53.5999984741211	17410.5859375
53.6100006103516	17205.625
53.6199989318848	17600.501953125
53.6300010681152	17660.73046875
53.6399993896484	17336.17578125
53.6500015258789	17390.08203125
53.6599998474121	17471.4453125
53.6699981689453	17461.25390625
53.6800003051758	17077.490234375
53.689998626709	16976.6640625
53.7000007629395	17574.416015625
53.7099990844727	17353.54296875
53.7200012207031	17028.3984375
53.7299995422363	17278.28125
53.7400016784668	16964.240234375
53.75	16584.146484375
53.7599983215332	17077.216796875
53.7700004577637	17371.810546875
53.7799987792969	17097.123046875
53.7900009155273	17051.720703125
53.7999992370605	17039.859375
53.810001373291	16839.6328125
53.8199996948242	16936.90234375
53.8300018310547	17353.6640625
53.8400001525879	17524.333984375
53.8499984741211	17280.32421875
53.8600006103516	16965.01953125
53.8699989318848	16596.703125
53.8800010681152	16788.64453125
53.8899993896484	16887.986328125
53.9000015258789	16507.7265625
53.9099998474121	16458.412109375
53.9199981689453	16643.16015625
53.9300003051758	16816.666015625
53.939998626709	16707.609375
53.9500007629395	16558.09375
53.9599990844727	16977.2109375
53.9700012207031	16989.947265625
53.9799995422363	16332.6904296875
53.9900016784668	16400.578125
54	16858.52734375
54.0099983215332	16824.9609375
54.0200004577637	16142.01953125
54.0299987792969	16265.666015625
54.0400009155273	17074.458984375
54.0499992370605	16917.95703125
54.060001373291	16566.591796875
54.0699996948242	16641.353515625
54.0800018310547	16865.6171875
54.0900001525879	17074.69921875
54.0999984741211	17207.5859375
54.1100006103516	17027.494140625
54.1199989318848	16989.251953125
54.1300010681152	16895.396484375
54.1399993896484	16154.736328125
54.1500015258789	16054.3974609375
54.1599998474121	16547.490234375
54.1699981689453	16618.37109375
54.1800003051758	16409.7578125
54.189998626709	16488.787109375
54.2000007629395	16879.568359375
54.2099990844727	16862.755859375
54.2200012207031	16445.029296875
54.2299995422363	16307.494140625
54.2400016784668	16529.47265625
54.25	16635.166015625
54.2599983215332	16460.43359375
54.2700004577637	16374.8017578125
54.2799987792969	16562.130859375
54.2900009155273	16944.8671875
54.2999992370605	17231.1171875
54.310001373291	17284.25
54.3199996948242	17104.263671875
54.3300018310547	16707.3359375
54.3400001525879	16595.4609375
54.3499984741211	16499.720703125
54.3600006103516	16539.8359375
54.3699989318848	16850.55078125
54.3800010681152	16825.283203125
54.3899993896484	17025.78125
54.4000015258789	17121.435546875
54.4099998474121	17232.189453125
54.4199981689453	17131.08203125
54.4300003051758	16821.46875
54.439998626709	16820.611328125
54.4500007629395	16628.69921875
54.4599990844727	16397.513671875
54.4700012207031	16226.0546875
54.4799995422363	16431.25
54.4900016784668	16834.697265625
54.5	16697.564453125
54.5099983215332	16557.49609375
54.5200004577637	16877.876953125
54.5299987792969	17063.48828125
54.5400009155273	17109.548828125
54.5499992370605	16679.376953125
54.560001373291	16700.205078125
54.5699996948242	16932.0703125
54.5800018310547	16506.09765625
54.5900001525879	16533.248046875
54.5999984741211	16999.5390625
54.6100006103516	16663.958984375
54.6199989318848	15767.1865234375
54.6300010681152	15882.951171875
54.6399993896484	16113.6259765625
54.6500015258789	16008.822265625
54.6599998474121	15921.630859375
54.6699981689453	15927.28515625
54.6800003051758	16056.798828125
54.689998626709	16356.8271484375
54.7000007629395	16752.5390625
54.7099990844727	16530.24609375
54.7200012207031	16384.822265625
54.7299995422363	16734.521484375
54.7400016784668	16756.6875
54.75	16750.990234375
54.7599983215332	16851.14453125
54.7700004577637	16639.501953125
54.7799987792969	16277.244140625
54.7900009155273	16511.30859375
54.7999992370605	16796.595703125
54.810001373291	16476.43359375
54.8199996948242	16387.33984375
54.8300018310547	16581.03125
54.8400001525879	16494.62890625
54.8499984741211	16170.51171875
54.8600006103516	16139.7216796875
54.8699989318848	16535.1796875
54.8800010681152	16951.326171875
54.8899993896484	16979.306640625
54.9000015258789	16887.896484375
54.9099998474121	16456.66796875
54.9199981689453	15951.375
54.9300003051758	15892.19921875
54.939998626709	16473.587890625
54.9500007629395	16711.017578125
54.9599990844727	16329.703125
54.9700012207031	16257.884765625
54.9799995422363	16305.9150390625
54.9900016784668	15967.8115234375
55	16165.35546875
55.0099983215332	16374.490234375
55.0200004577637	16148.0595703125
55.0299987792969	16421.330078125
55.0400009155273	16291.1826171875
55.0499992370605	15958.6923828125
55.060001373291	15651.599609375
55.0699996948242	15693.5390625
55.0800018310547	15849.3662109375
55.0900001525879	16242.912109375
55.0999984741211	16374.91015625
55.1100006103516	16047.5322265625
55.1199989318848	15923.4306640625
55.1300010681152	15909.841796875
55.1399993896484	16155.205078125
55.1500015258789	16433.853515625
55.1599998474121	16658.359375
55.1699981689453	16468.28515625
55.1800003051758	16083.6484375
55.189998626709	16144.3623046875
55.2000007629395	16428.611328125
55.2099990844727	16556.978515625
55.2200012207031	16485.345703125
55.2299995422363	16762.9765625
55.2400016784668	16805.4296875
55.25	16813.21484375
55.2599983215332	16513.55078125
55.2700004577637	16388.490234375
55.2799987792969	16676.80078125
55.2900009155273	16657.1484375
55.2999992370605	16232.375
55.310001373291	16061.3017578125
55.3199996948242	16165.388671875
55.3300018310547	16406.62109375
55.3400001525879	16287.68359375
55.3499984741211	15936.2158203125
55.3600006103516	16059.8232421875
55.3699989318848	16152.9384765625
55.3800010681152	16082.2744140625
55.3899993896484	16185.5654296875
55.4000015258789	16380.458984375
55.4099998474121	16646.48828125
55.4199981689453	16049.3408203125
55.4300003051758	15529.62890625
55.439998626709	15836.9091796875
55.4500007629395	16303.7158203125
55.4599990844727	16178.30859375
55.4700012207031	16438.9140625
55.4799995422363	16838.3125
55.4900016784668	16909.912109375
55.5	16772.263671875
55.5099983215332	16610.169921875
55.5200004577637	16618.373046875
55.5299987792969	16251.34375
55.5400009155273	15937.9873046875
55.5499992370605	15806.890625
55.560001373291	15855.0458984375
55.5699996948242	16304.89453125
55.5800018310547	16564.302734375
55.5900001525879	16452.478515625
55.5999984741211	16231.302734375
55.6100006103516	16441.42578125
55.6199989318848	16660.96875
55.6300010681152	16178.9833984375
55.6399993896484	16090.427734375
55.6500015258789	16142.51953125
55.6599998474121	16348.658203125
55.6699981689453	16231.7880859375
55.6800003051758	15927.1484375
55.689998626709	16064.71875
55.7000007629395	16023.71484375
55.7099990844727	16202.318359375
55.7200012207031	16623.236328125
55.7299995422363	16841.177734375
55.7400016784668	16418.380859375
55.75	16035.8486328125
55.7599983215332	16319.052734375
55.7700004577637	16483.333984375
55.7799987792969	16399.478515625
55.7900009155273	16192.5888671875
55.7999992370605	16108.5029296875
55.810001373291	16494.03125
55.8199996948242	16518.62890625
55.8300018310547	15631.7158203125
55.8400001525879	15629.0517578125
55.8499984741211	16467.662109375
55.8600006103516	16679.630859375
55.8699989318848	16299.0322265625
55.8800010681152	16430.552734375
55.8899993896484	16856.904296875
55.9000015258789	16839.080078125
55.9099998474121	16862.00390625
55.9199981689453	16716.0234375
55.9300003051758	16452.07421875
55.939998626709	16604.931640625
55.9500007629395	16367.8251953125
55.9599990844727	15998.8818359375
55.9700012207031	16226.1650390625
55.9799995422363	16738.80859375
55.9900016784668	17031.490234375
56	16634.81640625
56.0099983215332	16278.203125
56.0200004577637	16062.640625
56.0299987792969	16114.0390625
56.0400009155273	15903.0859375
56.0499992370605	16025.7724609375
56.060001373291	16192.6826171875
56.0699996948242	16221.3115234375
56.0800018310547	16099.8818359375
56.0900001525879	15699.5712890625
56.0999984741211	15859.0869140625
56.1100006103516	16079.083984375
56.1199989318848	15923.08203125
56.1300010681152	16044.658203125
56.1399993896484	16209.4765625
56.1500015258789	16079.8798828125
56.1599998474121	16250.9697265625
56.1699981689453	16710.591796875
56.1800003051758	16689.333984375
56.189998626709	16246.5908203125
56.2000007629395	16146.6611328125
56.2099990844727	15976.7890625
56.2200012207031	15573.7236328125
56.2299995422363	15748.5234375
56.2400016784668	16589.396484375
56.25	16581.19921875
56.2599983215332	16269.8681640625
56.2700004577637	16233.849609375
56.2799987792969	16344.76953125
56.2900009155273	16310.2802734375
56.2999992370605	15773.2587890625
56.310001373291	15967.6982421875
56.3199996948242	16157.9248046875
56.3300018310547	15970.6826171875
56.3400001525879	15709.7158203125
56.3499984741211	15639.4990234375
56.3600006103516	16029.1572265625
56.3699989318848	15956.1513671875
56.3800010681152	15877.013671875
56.3899993896484	15989.1044921875
56.4000015258789	15758.0263671875
56.4099998474121	15777.3017578125
56.4199981689453	15852.4951171875
56.4300003051758	15920.7509765625
56.439998626709	16078.6015625
56.4500007629395	15789.810546875
56.4599990844727	15767.6513671875
56.4700012207031	15736.052734375
56.4799995422363	15940.9345703125
56.4900016784668	16061.9453125
56.5	16067.7890625
56.5099983215332	16370.1962890625
56.5200004577637	16178.1240234375
56.5299987792969	16302.732421875
56.5400009155273	16580.775390625
56.5499992370605	16473.19140625
56.560001373291	16420.32421875
56.5699996948242	16412.01171875
56.5800018310547	16146.51171875
56.5900001525879	16230.8037109375
56.5999984741211	16276.4189453125
56.6100006103516	15744.3681640625
56.6199989318848	15771.369140625
56.6300010681152	15980.267578125
56.6399993896484	15860.3349609375
56.6500015258789	16046.04296875
56.6599998474121	16398.248046875
56.6699981689453	16462.6171875
56.6800003051758	16388.818359375
56.689998626709	16170.400390625
56.7000007629395	16116.951171875
56.7099990844727	16049.3310546875
56.7200012207031	16163.671875
56.7299995422363	16491.115234375
56.7400016784668	15939.5107421875
56.75	15820.81640625
56.7599983215332	15827.177734375
56.7700004577637	15932.75
56.7799987792969	16378.7001953125
56.7900009155273	16280.712890625
56.7999992370605	15812.4169921875
56.810001373291	15851.9365234375
56.8199996948242	16118.6796875
56.8300018310547	16331.09765625
56.8400001525879	15899.2861328125
56.8499984741211	15817.234375
56.8600006103516	16232.35546875
56.8699989318848	16803.109375
56.8800010681152	17156.146484375
56.8899993896484	17050.017578125
56.9000015258789	16610.861328125
56.9099998474121	16053.0224609375
56.9199981689453	15714.37109375
56.9300003051758	16049.25
56.939998626709	16907.736328125
56.9500007629395	16937.814453125
56.9599990844727	16624.560546875
56.9700012207031	16147.0556640625
56.9799995422363	16102.8779296875
56.9900016784668	16012.14453125
57	16271.0947265625
57.0099983215332	16386.58203125
57.0200004577637	16228.7451171875
57.0299987792969	16394.7578125
57.0400009155273	16517.474609375
57.0499992370605	16223.171875
57.060001373291	16242.8447265625
57.0699996948242	16424.662109375
57.0800018310547	16350
57.0900001525879	16290.146484375
57.0999984741211	16147.4677734375
57.1100006103516	16149.001953125
57.1199989318848	16320.326171875
57.1300010681152	16261.8505859375
57.1399993896484	16173.6298828125
57.1500015258789	16475.09375
57.1599998474121	16370.34375
57.1699981689453	16192.2705078125
57.1800003051758	15872.0126953125
57.189998626709	15646.826171875
57.2000007629395	15721.11328125
57.2099990844727	15903.693359375
57.2200012207031	15854.9873046875
57.2299995422363	16288.1591796875
57.2400016784668	16309.1298828125
57.25	15950.3486328125
57.2599983215332	15918.8740234375
57.2700004577637	16240.9248046875
57.2799987792969	16334.1826171875
57.2900009155273	16121.7666015625
57.2999992370605	15882.1259765625
57.310001373291	16161.2080078125
57.3199996948242	15898.486328125
57.3300018310547	15740.5322265625
57.3400001525879	15468.197265625
57.3499984741211	15688.2548828125
57.3600006103516	16536.65234375
57.3699989318848	16371.1591796875
57.3800010681152	15709.669921875
57.3899993896484	15828.958984375
57.4000015258789	16027.62109375
57.4099998474121	15814.7646484375
57.4199981689453	15947.3759765625
57.4300003051758	15806.224609375
57.439998626709	15855.71484375
57.4500007629395	16037.8857421875
57.4599990844727	16241.2763671875
57.4700012207031	15817.861328125
57.4799995422363	15551.927734375
57.4900016784668	15852.8994140625
57.5	16071.3173828125
57.5099983215332	15972.01171875
57.5200004577637	16080.0224609375
57.5299987792969	16355.9150390625
57.5400009155273	16236.5068359375
57.5499992370605	16147.4951171875
57.560001373291	16414.466796875
57.5699996948242	16134.216796875
57.5800018310547	16529.876953125
57.5900001525879	16916.14453125
57.5999984741211	16408.71875
57.6100006103516	15862.08984375
57.6199989318848	16355.9404296875
57.6300010681152	16499.849609375
57.6399993896484	16394.46875
57.6500015258789	16438.89453125
57.6599998474121	16311.314453125
57.6699981689453	15928.3505859375
57.6800003051758	15500.3935546875
57.689998626709	15510.0244140625
57.7000007629395	15982.4580078125
57.7099990844727	16216.6669921875
57.7200012207031	15842.7763671875
57.7299995422363	15308.44921875
57.7400016784668	15931.1533203125
57.75	16315.943359375
57.7599983215332	16411.19921875
57.7700004577637	16454.59765625
57.7799987792969	16523.05078125
57.7900009155273	16498.6640625
57.7999992370605	16502.859375
57.810001373291	16298.4775390625
57.8199996948242	16281.546875
57.8300018310547	16172.3681640625
57.8400001525879	16821.623046875
57.8499984741211	17256.345703125
57.8600006103516	17038.30078125
57.8699989318848	16646.177734375
57.8800010681152	16484.962890625
57.8899993896484	16367.2333984375
57.9000015258789	16129.69140625
57.9099998474121	15550.1650390625
57.9199981689453	15516.5380859375
57.9300003051758	16372.7822265625
57.939998626709	16916.666015625
57.9500007629395	16719.81640625
57.9599990844727	16257.5
57.9700012207031	16288.67578125
57.9799995422363	16550
57.9900016784668	16565.8671875
58	16499.650390625
58.0099983215332	16256.96484375
58.0200004577637	16278.990234375
58.0299987792969	16481.548828125
58.0400009155273	16760.021484375
58.0499992370605	17069.869140625
58.060001373291	16572.009765625
58.0699996948242	16172.87890625
58.0800018310547	16150
58.0900001525879	16050.9755859375
58.0999984741211	15713.640625
58.1100006103516	15683.8330078125
58.1199989318848	16174.0576171875
58.1300010681152	16308.3564453125
58.1399993896484	16852.3125
58.1500015258789	17090.83984375
58.1599998474121	16832.189453125
58.1699981689453	16563.576171875
58.1800003051758	16601.58203125
58.189998626709	15809.0048828125
58.2000007629395	16205.01953125
58.2099990844727	17022.97265625
58.2200012207031	17032.4453125
58.2299995422363	16822.802734375
58.2400016784668	16924.521484375
58.25	16785.26171875
58.2599983215332	16412.037109375
58.2700004577637	16039.12890625
58.2799987792969	16156.537109375
58.2900009155273	16254.697265625
58.2999992370605	16523.234375
58.310001373291	16615.951171875
58.3199996948242	16676.95703125
58.3300018310547	16456.31640625
58.3400001525879	16789.060546875
58.3499984741211	16268.5087890625
58.3600006103516	16776.826171875
58.3699989318848	17220.2890625
58.3800010681152	16696.330078125
58.3899993896484	16676.34375
58.4000015258789	15926.609375
58.4099998474121	16163.4453125
58.4199981689453	16736.052734375
58.4300003051758	16786.1875
58.439998626709	16536.4296875
58.4500007629395	16573.466796875
58.4599990844727	16727.3046875
58.4700012207031	16972.974609375
58.4799995422363	16397.802734375
58.4900016784668	16136.2724609375
58.5	16290.3447265625
58.5099983215332	16110.64453125
58.5200004577637	16445.962890625
58.5299987792969	16902.58203125
58.5400009155273	16637.48828125
58.5499992370605	16624.931640625
58.560001373291	16660.017578125
58.5699996948242	16303.2021484375
58.5800018310547	16197.134765625
58.5900001525879	16613.154296875
58.5999984741211	16618.798828125
58.6100006103516	16146.1787109375
58.6199989318848	16469.75390625
58.6300010681152	16712.09375
58.6399993896484	16730.69140625
58.6500015258789	16733.783203125
58.6599998474121	16942.640625
58.6699981689453	16723.8203125
58.6800003051758	16712.263671875
58.689998626709	16045.4619140625
58.7000007629395	16160.5
58.7099990844727	16928.388671875
58.7200012207031	16744.916015625
58.7299995422363	16137.728515625
58.7400016784668	16299.2490234375
58.75	16687.591796875
58.7599983215332	17287.54296875
58.7700004577637	17275.576171875
58.7799987792969	16911.130859375
58.7900009155273	16580.6015625
58.7999992370605	16270.0478515625
58.810001373291	16368.744140625
58.8199996948242	16998.3828125
58.8300018310547	17101.7265625
58.8400001525879	17104.677734375
58.8499984741211	17388.189453125
58.8600006103516	16906.666015625
58.8699989318848	16630.19921875
58.8800010681152	16634.064453125
58.8899993896484	17549.326171875
58.9000015258789	17564.94921875
58.9099998474121	16905.18359375
58.9199981689453	16799.6875
58.9300003051758	17357.369140625
58.939998626709	16967.767578125
58.9500007629395	16386.3671875
58.9599990844727	16764.6953125
58.9700012207031	17512.13671875
58.9799995422363	17386.93359375
58.9900016784668	17069.7890625
59	17069.390625
59.0099983215332	17031.68359375
59.0200004577637	16599.291015625
59.0299987792969	16501.86328125
59.0400009155273	16907.908203125
59.0499992370605	17209.060546875
59.060001373291	16876.080078125
59.0699996948242	17097.44921875
59.0800018310547	16682.232421875
59.0900001525879	16896.544921875
59.0999984741211	17050.21875
59.1100006103516	16888.77734375
59.1199989318848	16905.85546875
59.1300010681152	16805.3671875
59.1399993896484	16871.06640625
59.1500015258789	16791.115234375
59.1599998474121	16603.470703125
59.1699981689453	16940.02734375
59.1800003051758	17508.05859375
59.189998626709	17821.22265625
59.2000007629395	17125.1484375
59.2099990844727	16474.708984375
59.2200012207031	16296.78515625
59.2299995422363	16783.564453125
59.2400016784668	17133.953125
59.25	17191.9609375
59.2599983215332	17220.97265625
59.2700004577637	17104.373046875
59.2799987792969	16836.31640625
59.2900009155273	17009.119140625
59.2999992370605	16782.54296875
59.310001373291	17141.060546875
59.3199996948242	17070.927734375
59.3300018310547	17087.5859375
59.3400001525879	17138.203125
59.3499984741211	17288.1328125
59.3600006103516	17277.349609375
59.3699989318848	16844.900390625
59.3800010681152	16772.390625
59.3899993896484	17347.375
59.4000015258789	17598.21875
59.4099998474121	16824.56640625
59.4199981689453	16683.662109375
59.4300003051758	16891.580078125
59.439998626709	16800.0078125
59.4500007629395	16820.9609375
59.4599990844727	16662.2265625
59.4700012207031	16941.4453125
59.4799995422363	16983.9296875
59.4900016784668	16906.7578125
59.5	17363.26953125
59.5099983215332	17265.185546875
59.5200004577637	17649.515625
59.5299987792969	17774.58984375
59.5400009155273	17817.275390625
59.5499992370605	17643.173828125
59.560001373291	17416.666015625
59.5699996948242	17432.9375
59.5800018310547	17446.794921875
59.5900001525879	17369.802734375
59.5999984741211	17503.556640625
59.6100006103516	17473.8203125
59.6199989318848	17255.857421875
59.6300010681152	17410.947265625
59.6399993896484	17046.865234375
59.6500015258789	16680.763671875
59.6599998474121	17007.283203125
59.6699981689453	17467.841796875
59.6800003051758	17751.044921875
59.689998626709	17744.046875
59.7000007629395	16989.689453125
59.7099990844727	17139.078125
59.7200012207031	18078.5234375
59.7299995422363	17852.376953125
59.7400016784668	17098.423828125
59.75	17558.12109375
59.7599983215332	17950
59.7700004577637	17752.90234375
59.7799987792969	17980.728515625
59.7900009155273	18454.2890625
59.7999992370605	18179.962890625
59.810001373291	18012.130859375
59.8199996948242	18100.400390625
59.8300018310547	17561.951171875
59.8400001525879	17127.205078125
59.8499984741211	17387.185546875
59.8600006103516	17496.123046875
59.8699989318848	17851.201171875
59.8800010681152	17740.72265625
59.8899993896484	17128.564453125
59.9000015258789	17528.939453125
59.9099998474121	17233.333984375
59.9199981689453	17316.91015625
59.9300003051758	17592.41796875
59.939998626709	17604.501953125
59.9500007629395	17691.798828125
59.9599990844727	17433.18359375
59.9700012207031	17097.263671875
59.9799995422363	17305.408203125
59.9900016784668	17289.138671875
60	17534.861328125
60.0099983215332	18075.63671875
60.0200004577637	17691.37890625
60.0299987792969	17032.021484375
60.0400009155273	17648.130859375
60.0499992370605	17464.951171875
60.060001373291	17086.91796875
60.0699996948242	17386.13671875
60.0800018310547	17987.009765625
60.0900001525879	17831.232421875
60.0999984741211	17215.02734375
60.1100006103516	17299.796875
60.1199989318848	17942.7109375
60.1300010681152	18282.396484375
60.1399993896484	18219.8125
60.1500015258789	18650
60.1599998474121	18631.923828125
60.1699981689453	18588.3125
60.1800003051758	18490.259765625
60.189998626709	17839.22265625
60.2000007629395	17896.791015625
60.2099990844727	18164.146484375
60.2200012207031	17707.21484375
60.2299995422363	17304.44140625
60.2400016784668	17760.662109375
60.25	17807.09375
60.2599983215332	17833.333984375
60.2700004577637	17946.341796875
60.2799987792969	18264.474609375
60.2900009155273	17862.236328125
60.2999992370605	17923.6796875
60.310001373291	18488.51171875
60.3199996948242	18493.59765625
60.3300018310547	17858.607421875
60.3400001525879	17596.083984375
60.3499984741211	18254.1171875
60.3600006103516	18442.22265625
60.3699989318848	17736.3828125
60.3800010681152	18087.353515625
60.3899993896484	18125.384765625
60.4000015258789	17935.7734375
60.4099998474121	17963.939453125
60.4199981689453	18519.6640625
60.4300003051758	18521.22265625
60.439998626709	18566.62890625
60.4500007629395	17879.326171875
60.4599990844727	17790.912109375
60.4700012207031	18114.66796875
60.4799995422363	18486.513671875
60.4900016784668	18369.4140625
60.5	18311.34765625
60.5099983215332	18962.76953125
60.5200004577637	18416.505859375
60.5299987792969	18099.9921875
60.5400009155273	17943.240234375
60.5499992370605	18013.7890625
60.560001373291	17609.93359375
60.5699996948242	17699.552734375
60.5800018310547	17900
60.5900001525879	17909.865234375
60.5999984741211	17950
60.6100006103516	18028.556640625
60.6199989318848	18408.78125
60.6300010681152	18636.96875
60.6399993896484	18508.572265625
60.6500015258789	18268.099609375
60.6599998474121	18731.177734375
60.6699981689453	19296.125
60.6800003051758	18426.501953125
60.689998626709	18111.0390625
60.7000007629395	18283.3359375
60.7099990844727	18067.626953125
60.7200012207031	18582.294921875
60.7299995422363	18481.232421875
60.7400016784668	18830.150390625
60.75	18338.68359375
60.7599983215332	18738.78515625
60.7700004577637	18798.66015625
60.7799987792969	18624.84375
60.7900009155273	18488.43359375
60.7999992370605	18404.220703125
60.810001373291	18504.2265625
60.8199996948242	18252.01953125
60.8300018310547	18463.822265625
60.8400001525879	18974.4453125
60.8499984741211	18685.748046875
60.8600006103516	18648.6953125
60.8699989318848	18917.19140625
60.8800010681152	18085.119140625
60.8899993896484	17689.80078125
60.9000015258789	17952.181640625
60.9099998474121	18391.21875
60.9199981689453	18555.7890625
60.9300003051758	18209.12109375
60.939998626709	18586.2890625
60.9500007629395	18695.703125
60.9599990844727	18416.90234375
60.9700012207031	18314.689453125
60.9799995422363	18509.3828125
60.9900016784668	18373.123046875
61	18282.767578125
61.0099983215332	18326.36328125
61.0200004577637	17922.25
61.0299987792969	18362.896484375
61.0400009155273	18482.306640625
61.0499992370605	18447.060546875
61.060001373291	18622.658203125
61.0699996948242	18369.845703125
61.0800018310547	18132.486328125
61.0900001525879	18186.83203125
61.0999984741211	18772.353515625
61.1100006103516	18529.673828125
61.1199989318848	18859.775390625
61.1300010681152	19406.384765625
61.1399993896484	19473.55859375
61.1500015258789	19169.2109375
61.1599998474121	18854.37890625
61.1699981689453	19531.56640625
61.1800003051758	19111.837890625
61.189998626709	18748.5703125
61.2000007629395	19012.916015625
61.2099990844727	18786.6796875
61.2200012207031	18913.201171875
61.2299995422363	18619.12890625
61.2400016784668	18556.236328125
61.25	19139.578125
61.2599983215332	19813.84375
61.2700004577637	19600.048828125
61.2799987792969	18991.744140625
61.2900009155273	18839.048828125
61.2999992370605	18735.8046875
61.310001373291	18867.224609375
61.3199996948242	18597.4921875
61.3300018310547	18513.66015625
61.3400001525879	18580.609375
61.3499984741211	18539.49609375
61.3600006103516	18483.994140625
61.3699989318848	18895.05078125
61.3800010681152	18853.392578125
61.3899993896484	19254.287109375
61.4000015258789	19307.974609375
61.4099998474121	18590.716796875
61.4199981689453	18823.259765625
61.4300003051758	19346.12890625
61.439998626709	19038.701171875
61.4500007629395	18481.7109375
61.4599990844727	18760.673828125
61.4700012207031	19405.181640625
61.4799995422363	19760.265625
61.4900016784668	19984.046875
61.5	19450
61.5099983215332	19470.783203125
61.5200004577637	19552.24609375
61.5299987792969	19280.0078125
61.5400009155273	18706.36328125
61.5499992370605	18616.611328125
61.560001373291	18376.994140625
61.5699996948242	18286.265625
61.5800018310547	19484.72265625
61.5900001525879	19374.61328125
61.5999984741211	19175.115234375
61.6100006103516	18897.953125
61.6199989318848	19118.853515625
61.6300010681152	18807.345703125
61.6399993896484	18579.17578125
61.6500015258789	18702.37890625
61.6599998474121	19074.60546875
61.6699981689453	19465.287109375
61.6800003051758	19197.447265625
61.689998626709	18866.546875
61.7000007629395	19343.37890625
61.7099990844727	19849.033203125
61.7200012207031	19610.91796875
61.7299995422363	19329.759765625
61.7400016784668	19055.51171875
61.75	19293.015625
61.7599983215332	19422.392578125
61.7700004577637	19871.650390625
61.7799987792969	19896.87109375
61.7900009155273	19204.431640625
61.7999992370605	18783.388671875
61.810001373291	19156.99609375
61.8199996948242	19628.42578125
61.8300018310547	19901.544921875
61.8400001525879	20441.333984375
61.8499984741211	19887.11328125
61.8600006103516	19232.154296875
61.8699989318848	18865.640625
61.8800010681152	19224.787109375
61.8899993896484	19488.318359375
61.9000015258789	18913.861328125
61.9099998474121	19016.119140625
61.9199981689453	19169.4609375
61.9300003051758	19532.033203125
61.939998626709	19667.19140625
61.9500007629395	19263.640625
61.9599990844727	19372.66015625
61.9700012207031	19498.595703125
61.9799995422363	19399.09375
61.9900016784668	19403.501953125
62	18763.201171875
62.0099983215332	18784.939453125
62.0200004577637	19786.666015625
62.0299987792969	19912.236328125
62.0400009155273	19942.9375
62.0499992370605	20225.521484375
62.060001373291	19501.31640625
62.0699996948242	19410.927734375
62.0800018310547	19457.193359375
62.0900001525879	19274.6484375
62.0999984741211	19285.90625
62.1100006103516	19730.591796875
62.1199989318848	19593.552734375
62.1300010681152	19592.837890625
62.1399993896484	19891.87109375
62.1500015258789	19898.9453125
62.1599998474121	19607.240234375
62.1699981689453	19976.759765625
62.1800003051758	19677.705078125
62.189998626709	18838.361328125
62.2000007629395	19700.060546875
62.2099990844727	19720.818359375
62.2200012207031	19083.22265625
62.2299995422363	19459.435546875
62.2400016784668	20340.89453125
62.25	19353.43359375
62.2599983215332	18760.84375
62.2700004577637	19470.0546875
62.2799987792969	19715.037109375
62.2900009155273	19623.845703125
62.2999992370605	19880.3359375
62.310001373291	19634.765625
62.3199996948242	19752.640625
62.3300018310547	19568.138671875
62.3400001525879	19000.486328125
62.3499984741211	19311.4453125
62.3600006103516	19675.822265625
62.3699989318848	19096.416015625
62.3800010681152	19802.943359375
62.3899993896484	19760.548828125
62.4000015258789	20144.666015625
62.4099998474121	19582.55078125
62.4199981689453	19517.603515625
62.4300003051758	20037.181640625
62.439998626709	20030.2421875
62.4500007629395	19658.32421875
62.4599990844727	19075.578125
62.4700012207031	20055.685546875
62.4799995422363	20162.3125
62.4900016784668	20570.994140625
62.5	19927.513671875
62.5099983215332	19764.93359375
62.5200004577637	19862.87890625
62.5299987792969	19707.41015625
62.5400009155273	19759.287109375
62.5499992370605	19681.62109375
62.560001373291	19502.2109375
62.5699996948242	19310.177734375
62.5800018310547	19858.125
62.5900001525879	20279.056640625
62.5999984741211	19763.0546875
62.6100006103516	19213.845703125
62.6199989318848	19468.455078125
62.6300010681152	19558.115234375
62.6399993896484	20183.333984375
62.6500015258789	20170.970703125
62.6599998474121	20078.98046875
62.6699981689453	20113.2578125
62.6800003051758	19507.943359375
62.689998626709	19440.283203125
62.7000007629395	19479.234375
62.7099990844727	19287.9375
62.7200012207031	19164.455078125
62.7299995422363	19042.7265625
62.7400016784668	19443.896484375
62.75	19681.638671875
62.7599983215332	19737.546875
62.7700004577637	20324.654296875
62.7799987792969	19960.041015625
62.7900009155273	20061.6640625
62.7999992370605	20148.416015625
62.810001373291	19988.2890625
62.8199996948242	20058.0078125
62.8300018310547	20245.6640625
62.8400001525879	19965.228515625
62.8499984741211	20519.58203125
62.8600006103516	20072.017578125
62.8699989318848	19945.744140625
62.8800010681152	19807.68359375
62.8899993896484	20335.642578125
62.9000015258789	20190.470703125
62.9099998474121	20063.63671875
62.9199981689453	19771.75390625
62.9300003051758	20262.396484375
62.939998626709	19837.609375
62.9500007629395	19287.677734375
62.9599990844727	19864.580078125
62.9700012207031	20254.8671875
62.9799995422363	19510.900390625
62.9900016784668	19761.9921875
63	19501.4453125
63.0099983215332	19034.791015625
63.0200004577637	19245.228515625
63.0299987792969	19557.271484375
63.0400009155273	19835.73828125
63.0499992370605	20183.697265625
63.060001373291	19926.689453125
63.0699996948242	19073.400390625
63.0800018310547	19795.34765625
63.0900001525879	19443.6171875
63.0999984741211	19946.30078125
63.1100006103516	20372.859375
63.1199989318848	19703.244140625
63.1300010681152	19414.701171875
63.1399993896484	19744.32421875
63.1500015258789	19731.33203125
63.1599998474121	20293.546875
63.1699981689453	20691.189453125
63.1800003051758	19851.369140625
63.189998626709	19742.83203125
63.2000007629395	20331.166015625
63.2099990844727	19509.138671875
63.2200012207031	18918.44921875
63.2299995422363	19523.046875
63.2400016784668	19786.03125
63.25	19801.908203125
63.2599983215332	19625.32421875
63.2700004577637	19517.400390625
63.2799987792969	19417.86328125
63.2900009155273	20317.23046875
63.2999992370605	19350
63.310001373291	19401.994140625
63.3199996948242	20025.716796875
63.3300018310547	20083.18359375
63.3400001525879	19503.796875
63.3499984741211	19755.087890625
63.3600006103516	19820.4609375
63.3699989318848	19842.763671875
63.3800010681152	19528.73046875
63.3899993896484	19279.109375
63.4000015258789	19444.46875
63.4099998474121	19637.466796875
63.4199981689453	20260.392578125
63.4300003051758	19531.75390625
63.439998626709	19254.0390625
63.4500007629395	18654.640625
63.4599990844727	18607.607421875
63.4700012207031	19998.810546875
63.4799995422363	19978.60546875
63.4900016784668	19854.3984375
63.5	19014.646484375
63.5099983215332	18853.74609375
63.5200004577637	20010.896484375
63.5299987792969	19912.68359375
63.5400009155273	19579.736328125
63.5499992370605	18880.603515625
63.560001373291	19272.962890625
63.5699996948242	18927.9921875
63.5800018310547	19364.515625
63.5900001525879	20076.462890625
63.5999984741211	20653.66015625
63.6100006103516	20198.384765625
63.6199989318848	19692.40234375
63.6300010681152	19639.41015625
63.6399993896484	20427.498046875
63.6500015258789	20008.439453125
63.6599998474121	18750.232421875
63.6699981689453	19996.99609375
63.6800003051758	20187.470703125
63.689998626709	19977.181640625
63.7000007629395	19622
63.7099990844727	19477.634765625
63.7200012207031	19918.30078125
63.7299995422363	20176.7734375
63.7400016784668	19824.69140625
63.75	19931.072265625
63.7599983215332	19610.578125
63.7700004577637	19239.19140625
63.7799987792969	19076.423828125
63.7900009155273	19257.5546875
63.7999992370605	19677.900390625
63.810001373291	20117.09375
63.8199996948242	19831.978515625
63.8300018310547	19503.201171875
63.8400001525879	18968.21484375
63.8499984741211	18476.951171875
63.8600006103516	19232.328125
63.8699989318848	19471.65234375
63.8800010681152	18996.041015625
63.8899993896484	19209.458984375
63.9000015258789	19122.673828125
63.9099998474121	19814.892578125
63.9199981689453	19734.904296875
63.9300003051758	18875.404296875
63.939998626709	19019.4609375
63.9500007629395	18792.474609375
63.9599990844727	19247.890625
63.9700012207031	18914.39453125
63.9799995422363	19205.171875
63.9900016784668	19570.83984375
64	18686.77734375
64.0100021362305	18461.203125
64.0199966430664	19008.12890625
64.0299987792969	19181.1796875
64.0400009155273	19481.857421875
64.0500030517578	19793.638671875
64.0599975585938	19957.552734375
64.0699996948242	19129.615234375
64.0800018310547	19712.47265625
64.0899963378906	19274.908203125
64.0999984741211	19095.4453125
64.1100006103516	19006.01953125
64.120002746582	19172.11328125
64.129997253418	19980.044921875
64.1399993896484	19526.564453125
64.1500015258789	19007.958984375
64.1600036621094	18841.111328125
64.1699981689453	19370.51171875
64.1800003051758	19085.44921875
64.1900024414063	19149.408203125
64.1999969482422	19517.359375
64.2099990844727	19524.421875
64.2200012207031	19319.3828125
64.2300033569336	19369.216796875
64.2399978637695	19035.330078125
64.25	19083.9921875
64.2600021362305	19094.78125
64.2699966430664	18976.349609375
64.2799987792969	19187.275390625
64.2900009155273	18473.39453125
64.3000030517578	19065.416015625
64.3099975585938	19033.333984375
64.3199996948242	19053.541015625
64.3300018310547	19572.4296875
64.3399963378906	19292.919921875
64.3499984741211	19536.373046875
64.3600006103516	19152.01953125
64.370002746582	18761.5859375
64.379997253418	19103.376953125
64.3899993896484	19653.6484375
64.4000015258789	19286.130859375
64.4100036621094	19383.8046875
64.4199981689453	19877.87109375
64.4300003051758	19699.9375
64.4400024414063	19182.94140625
64.4499969482422	18680.880859375
64.4599990844727	19135.90234375
64.4700012207031	19716.39453125
64.4800033569336	19170.158203125
64.4899978637695	18751
64.5	18770.5
64.5100021362305	18362.17578125
64.5199966430664	18768.587890625
64.5299987792969	18830.490234375
64.5400009155273	18725.388671875
64.5500030517578	18452.765625
64.5599975585938	18563.626953125
64.5699996948242	19034.77734375
64.5800018310547	18476.275390625
64.5899963378906	18237.96484375
64.5999984741211	19025.19921875
64.6100006103516	18719.1953125
64.620002746582	18814.591796875
64.629997253418	18730.064453125
64.6399993896484	18603.619140625
64.6500015258789	18747.23046875
64.6600036621094	18627.498046875
64.6699981689453	18385.24609375
64.6800003051758	18464.41015625
64.6900024414063	18358.537109375
64.6999969482422	18013.068359375
64.7099990844727	18605.705078125
64.7200012207031	18845.6640625
64.7300033569336	17863.91796875
64.7399978637695	17771.087890625
64.75	19586.11328125
64.7600021362305	18902.59375
64.7699966430664	19039.369140625
64.7799987792969	19346.265625
64.7900009155273	19146.34375
64.8000030517578	18943.138671875
64.8099975585938	18564.916015625
64.8199996948242	18465.810546875
64.8300018310547	18417.224609375
64.8399963378906	18444.548828125
64.8499984741211	18116.134765625
64.8600006103516	18079.95703125
64.870002746582	17867.173828125
64.879997253418	17901.728515625
64.8899993896484	18015.705078125
64.9000015258789	17950.234375
64.9100036621094	17962.341796875
64.9199981689453	17655.30859375
64.9300003051758	18055.583984375
64.9400024414063	18483.541015625
64.9499969482422	18498.384765625
64.9599990844727	18366.275390625
64.9700012207031	18331.8203125
64.9800033569336	18195.611328125
64.9899978637695	17800.529296875
65	17855.953125
65.0100021362305	18433.49609375
65.0199966430664	18449.52734375
65.0299987792969	18392.751953125
65.0400009155273	17600.8671875
65.0500030517578	17702.626953125
65.0599975585938	18014.951171875
65.0699996948242	17801.130859375
65.0800018310547	17950.953125
65.0899963378906	18087.171875
65.0999984741211	18647.76171875
65.1100006103516	18298.896484375
65.120002746582	18117.32421875
65.129997253418	18233.68359375
65.1399993896484	18298.375
65.1500015258789	17969.140625
65.1600036621094	18512.134765625
65.1699981689453	17417.041015625
65.1800003051758	17517.171875
65.1900024414063	17666.865234375
65.1999969482422	17733.724609375
65.2099990844727	17884.74609375
65.2200012207031	18516.140625
65.2300033569336	18233.3828125
65.2399978637695	18266.171875
65.25	17816.763671875
65.2600021362305	17950.01171875
65.2699966430664	17983.33203125
65.2799987792969	18083.29296875
65.2900009155273	18166.6015625
65.3000030517578	17767.126953125
65.3099975585938	17833.232421875
65.3199996948242	17550.5390625
65.3300018310547	17283.939453125
65.3399963378906	17399.69140625
65.3499984741211	17283.685546875
65.3600006103516	17399.603515625
65.370002746582	18578.87109375
65.379997253418	18234.783203125
65.3899993896484	17967.87109375
65.4000015258789	18397.880859375
65.4100036621094	17355.5234375
65.4199981689453	17880.330078125
65.4300003051758	17220.669921875
65.4400024414063	17978.4453125
65.4499969482422	17718.46484375
65.4599990844727	17584.283203125
65.4700012207031	17699.126953125
65.4800033569336	18295.28515625
65.4899978637695	18233.8828125
65.5	17555.875
65.5100021362305	17236.173828125
65.5199966430664	17299.376953125
65.5299987792969	17531.068359375
65.5400009155273	17995.298828125
65.5500030517578	17703.1328125
65.5599975585938	16578.919921875
65.5699996948242	16978.67578125
65.5800018310547	17345.765625
65.5899963378906	17168.8515625
65.5999984741211	17248.9765625
65.6100006103516	17463.92578125
65.620002746582	16956.724609375
65.629997253418	17459.751953125
65.6399993896484	18091.29296875
65.6500015258789	18280.74609375
65.6600036621094	17149.984375
65.6699981689453	17773.68359375
65.6800003051758	18193.662109375
65.6900024414063	17166.353515625
65.6999969482422	16739.974609375
65.7099990844727	17700.634765625
65.7200012207031	17601.9453125
65.7300033569336	17452.5546875
65.7399978637695	17351.740234375
65.75	17841.12109375
65.7600021362305	17244.5078125
65.7699966430664	17249.69140625
65.7799987792969	17380.8203125
65.7900009155273	16745.818359375
65.8000030517578	16504.56640625
65.8099975585938	17169.712890625
65.8199996948242	17101.69140625
65.8300018310547	16822.51953125
65.8399963378906	17257.208984375
65.8499984741211	17136.18359375
65.8600006103516	17280.072265625
65.870002746582	17870.076171875
65.879997253418	17638.947265625
65.8899993896484	16525.857421875
65.9000015258789	16711.646484375
65.9100036621094	17514.115234375
65.9199981689453	17370.6484375
65.9300003051758	16846.265625
65.9400024414063	16735.794921875
65.9499969482422	16635.830078125
65.9599990844727	16097.2607421875
65.9700012207031	16359.390625
65.9800033569336	17665.283203125
65.9899978637695	17424.14453125
66	17611.31640625
66.0100021362305	17341.013671875
66.0199966430664	16603.9296875
66.0299987792969	17636.53125
66.0400009155273	17099.767578125
66.0500030517578	16710.935546875
66.0599975585938	16829.482421875
66.0699996948242	16671.5390625
66.0800018310547	17006.310546875
66.0899963378906	16709.482421875
66.0999984741211	16910.1015625
66.1100006103516	16948.978515625
66.120002746582	16950
66.129997253418	16497.966796875
66.1399993896484	16854.51171875
66.1500015258789	16850.53515625
66.1600036621094	16785.494140625
66.1699981689453	17073.50390625
66.1800003051758	17453.97265625
66.1900024414063	17047.8359375
66.1999969482422	16711.2734375
66.2099990844727	16410.25
66.2200012207031	16786.19140625
66.2300033569336	17041.283203125
66.2399978637695	17114.318359375
66.25	16875.55859375
66.2600021362305	16481.033203125
66.2699966430664	16643.3515625
66.2799987792969	16585.7734375
66.2900009155273	16454.927734375
66.3000030517578	16417.91015625
66.3099975585938	15999.6513671875
66.3199996948242	16175.732421875
66.3300018310547	16696.212890625
66.3399963378906	16300.1025390625
66.3499984741211	16171.2216796875
66.3600006103516	16022.5751953125
66.370002746582	16224.7236328125
66.379997253418	16009.3525390625
66.3899993896484	16351.8427734375
66.4000015258789	16494.564453125
66.4100036621094	16180.3720703125
66.4199981689453	16086.7880859375
66.4300003051758	16131.2431640625
66.4400024414063	15782.1220703125
66.4499969482422	16963.55078125
66.4599990844727	16825.234375
66.4700012207031	17215.341796875
66.4800033569336	16691.330078125
66.4899978637695	16427.6328125
66.5	16528.17578125
66.5100021362305	17345.466796875
66.5199966430664	16730.673828125
66.5299987792969	16143.05078125
66.5400009155273	16355.2734375
66.5500030517578	16811.908203125
66.5599975585938	16213.3974609375
66.5699996948242	15801.9697265625
66.5800018310547	16069.25390625
66.5899963378906	16273.87890625
66.5999984741211	16108.728515625
66.6100006103516	16322.1455078125
66.620002746582	16238.162109375
66.629997253418	16265.0458984375
66.6399993896484	15711.8955078125
66.6500015258789	16538.962890625
66.6600036621094	16567.494140625
66.6699981689453	16028.3193359375
66.6800003051758	15936.6875
66.6900024414063	16297.251953125
66.6999969482422	16379.9345703125
66.7099990844727	16367.5224609375
66.7200012207031	15845.0771484375
66.7300033569336	15785.06640625
66.7399978637695	16494.08984375
66.75	16470.177734375
66.7600021362305	16340.3994140625
66.7699966430664	16412.22265625
66.7799987792969	17000.2421875
66.7900009155273	16276.5283203125
66.8000030517578	16107.2431640625
66.8099975585938	15942.443359375
66.8199996948242	16453.087890625
66.8300018310547	16310.142578125
66.8399963378906	16331.478515625
66.8499984741211	15798.392578125
66.8600006103516	16332.875
66.870002746582	15784.93359375
66.879997253418	15467.09375
66.8899993896484	15559.98046875
66.9000015258789	15959.31640625
66.9100036621094	15983.3330078125
66.9199981689453	16187.3681640625
66.9300003051758	15745.00390625
66.9400024414063	15936.2431640625
66.9499969482422	15699.142578125
66.9599990844727	15510.9287109375
66.9700012207031	16017.0322265625
66.9800033569336	16237.9462890625
66.9899978637695	15639.38671875
67	15756.5126953125
67.0100021362305	16314.271484375
67.0199966430664	16459.482421875
67.0299987792969	16279.046875
67.0400009155273	15657.11328125
67.0500030517578	15632.291015625
67.0599975585938	15617.71484375
67.0699996948242	16225.5869140625
67.0800018310547	16048.1552734375
67.0899963378906	15830.5009765625
67.0999984741211	15489.126953125
67.1100006103516	15747.318359375
67.120002746582	15517.28515625
67.129997253418	16185.5634765625
67.1399993896484	15719.337890625
67.1500015258789	15262.9365234375
67.1600036621094	15015.4248046875
67.1699981689453	15217.8330078125
67.1800003051758	15762.17578125
67.1900024414063	15426.828125
67.1999969482422	14933.6953125
67.2099990844727	14651.3896484375
67.2200012207031	14757.595703125
67.2300033569336	15403.2939453125
67.2399978637695	16164.0205078125
67.25	15270.1376953125
67.2600021362305	14641.583984375
67.2699966430664	15111.7060546875
67.2799987792969	15630.5302734375
67.2900009155273	14984.857421875
67.3000030517578	15227.650390625
67.3099975585938	15575.1875
67.3199996948242	15615.4794921875
67.3300018310547	14889.3623046875
67.3399963378906	15096.3115234375
67.3499984741211	15673.3720703125
67.3600006103516	15546.6201171875
67.370002746582	14977.005859375
67.379997253418	14948.78125
67.3899993896484	15459.62109375
67.4000015258789	15669.81640625
67.4100036621094	15251.220703125
67.4199981689453	15201.2392578125
67.4300003051758	15508.443359375
67.4400024414063	15332.9130859375
67.4499969482422	15070.0791015625
67.4599990844727	15157.845703125
67.4700012207031	15474.693359375
67.4800033569336	15022.71875
67.4899978637695	15475.8447265625
67.5	15362.80859375
67.5100021362305	15688.3740234375
67.5199966430664	15424.533203125
67.5299987792969	15430.740234375
67.5400009155273	15586.984375
67.5500030517578	15108.48046875
67.5599975585938	15312.3447265625
67.5699996948242	15456.130859375
67.5800018310547	15405.2880859375
67.5899963378906	15338.642578125
67.5999984741211	15103.318359375
67.6100006103516	15865.123046875
67.620002746582	15918.0087890625
67.629997253418	15594.9677734375
67.6399993896484	15183.8193359375
67.6500015258789	14874.44140625
67.6600036621094	15094.859375
67.6699981689453	15713.3134765625
67.6800003051758	15170.2177734375
67.6900024414063	15391.859375
67.6999969482422	15217.982421875
67.7099990844727	14879.154296875
67.7200012207031	15277.65234375
67.7300033569336	15179.251953125
67.7399978637695	15151.4033203125
67.75	14890.6103515625
67.7600021362305	14988.6923828125
67.7699966430664	15274.466796875
67.7799987792969	15132.326171875
67.7900009155273	14766.1904296875
67.8000030517578	14443.904296875
67.8099975585938	14843.052734375
67.8199996948242	15157.3486328125
67.8300018310547	15061.5888671875
67.8399963378906	15050
67.8499984741211	15262.9140625
67.8600006103516	15602.599609375
67.870002746582	15420.55859375
67.879997253418	14837.8505859375
67.8899993896484	14965.5927734375
67.9000015258789	15256.6328125
67.9100036621094	15101.193359375
67.9199981689453	15007.4658203125
67.9300003051758	14757.3037109375
67.9400024414063	15370.203125
67.9499969482422	15524.28515625
67.9599990844727	15033.259765625
67.9700012207031	15483.244140625
67.9800033569336	15063.8720703125
67.9899978637695	14532.2177734375
68	14740.61328125
68.0100021362305	15780.3251953125
68.0199966430664	15747.2138671875
68.0299987792969	14811.044921875
68.0400009155273	14762.0107421875
68.0500030517578	15340.8369140625
68.0599975585938	15037.482421875
68.0699996948242	14637.599609375
68.0800018310547	15052.85546875
68.0899963378906	15039.638671875
68.0999984741211	14595.853515625
68.1100006103516	15379.4375
68.120002746582	14803.3291015625
68.129997253418	14145.5625
68.1399993896484	14505.1875
68.1500015258789	14369.2626953125
68.1600036621094	14410.2265625
68.1699981689453	14732.7548828125
68.1800003051758	14586.1025390625
68.1900024414063	14235.736328125
68.1999969482422	14846.6123046875
68.2099990844727	14300.3251953125
68.2200012207031	14654.1162109375
68.2300033569336	14925.34765625
68.2399978637695	14889.92578125
68.25	14793.2509765625
68.2600021362305	14212.9931640625
68.2699966430664	14014.9619140625
68.2799987792969	14464.984375
68.2900009155273	14231.765625
68.3000030517578	14874.552734375
68.3099975585938	14950
68.3199996948242	14650.38671875
68.3300018310547	14362.0751953125
68.3399963378906	14363.275390625
68.3499984741211	14695.931640625
68.3600006103516	14703.4091796875
68.370002746582	14191.4541015625
68.379997253418	14566.95703125
68.3899993896484	14840.884765625
68.4000015258789	14806.8935546875
68.4100036621094	15024.0791015625
68.4199981689453	14960.396484375
68.4300003051758	14875.353515625
68.4400024414063	14821.892578125
68.4499969482422	14294.46484375
68.4599990844727	14114.009765625
68.4700012207031	14472.7705078125
68.4800033569336	14650.822265625
68.4899978637695	14458.0439453125
68.5	14135.392578125
68.5100021362305	14189.3544921875
68.5199966430664	14155.3369140625
68.5299987792969	14179.7666015625
68.5400009155273	14540.421875
68.5500030517578	14226.353515625
68.5599975585938	14822.7255859375
68.5699996948242	15212.166015625
68.5800018310547	14328.6494140625
68.5899963378906	14082.962890625
68.5999984741211	14274.5869140625
68.6100006103516	14730.5595703125
68.620002746582	14516.1708984375
68.629997253418	14809.765625
68.6399993896484	14464.3330078125
68.6500015258789	14416.6669921875
68.6600036621094	14312.896484375
68.6699981689453	14655.6767578125
68.6800003051758	14892.599609375
68.6900024414063	14753.7470703125
68.6999969482422	14333.5595703125
68.7099990844727	14845.8076171875
68.7200012207031	15183.021484375
68.7300033569336	14994.7705078125
68.7399978637695	14389.9111328125
68.75	14183.609375
68.7600021362305	14344.0234375
68.7699966430664	14662.1728515625
68.7799987792969	13710.3505859375
68.7900009155273	14070.626953125
68.8000030517578	14900.9609375
68.8099975585938	14808.150390625
68.8199996948242	14503.021484375
68.8300018310547	14599.40625
68.8399963378906	14410.244140625
68.8499984741211	14147.4912109375
68.8600006103516	14234.552734375
68.870002746582	14441.5078125
68.879997253418	14245.76171875
68.8899993896484	14069.439453125
68.9000015258789	14300.2119140625
68.9100036621094	14215.62109375
68.9199981689453	13949.935546875
68.9300003051758	14063.7197265625
68.9400024414063	14024.529296875
68.9499969482422	14119.5439453125
68.9599990844727	14368.412109375
68.9700012207031	14488.12890625
68.9800033569336	13956.69921875
68.9899978637695	14382.4365234375
69	14215.1962890625
69.0100021362305	13816.5595703125
69.0199966430664	14045.333984375
69.0299987792969	14083.3330078125
69.0400009155273	13628.9296875
69.0500030517578	13171.0107421875
69.0599975585938	14010.2978515625
69.0699996948242	14294.43359375
69.0800018310547	13935.9951171875
69.0899963378906	13649.1416015625
69.0999984741211	13543.5029296875
69.1100006103516	13767.390625
69.120002746582	14458.0966796875
69.129997253418	14359.9375
69.1399993896484	13807.158203125
69.1500015258789	14040.1806640625
69.1600036621094	14317.0556640625
69.1699981689453	13809.6728515625
69.1800003051758	14127.513671875
69.1900024414063	14124.953125
69.1999969482422	14962.943359375
69.2099990844727	14558.2080078125
69.2200012207031	14425.0029296875
69.2300033569336	13658.58203125
69.2399978637695	14103.828125
69.25	14081.3408203125
69.2600021362305	14212.328125
69.2699966430664	13825.5947265625
69.2799987792969	13577.4130859375
69.2900009155273	13928.4013671875
69.3000030517578	13779.6357421875
69.3099975585938	14186.37109375
69.3199996948242	14322.7080078125
69.3300018310547	14100.732421875
69.3399963378906	14212.001953125
69.3499984741211	14916.216796875
69.3600006103516	14464.7021484375
69.370002746582	13860.5654296875
69.379997253418	13754.298828125
69.3899993896484	13720.9736328125
69.4000015258789	14035.8701171875
69.4100036621094	14387.9423828125
69.4199981689453	14143.3095703125
69.4300003051758	14027.513671875
69.4400024414063	14161.5986328125
69.4499969482422	14487.6064453125
69.4599990844727	14562.3037109375
69.4700012207031	14407.373046875
69.4800033569336	14368.8564453125
69.4899978637695	14511.3994140625
69.5	14822.71875
69.5100021362305	14649.6865234375
69.5199966430664	14544.359375
69.5299987792969	14648.9931640625
69.5400009155273	14276.4228515625
69.5500030517578	14679.0517578125
69.5599975585938	14432.1962890625
69.5699996948242	13950.0830078125
69.5800018310547	13883.3330078125
69.5899963378906	14099.8408203125
69.5999984741211	13787.0146484375
69.6100006103516	13906.4453125
69.620002746582	14120.8212890625
69.629997253418	13991.3994140625
69.6399993896484	14110.810546875
69.6500015258789	14882.677734375
69.6600036621094	14783.9013671875
69.6699981689453	14332.3203125
69.6800003051758	14281.0654296875
69.6900024414063	14038.6181640625
69.6999969482422	14115.12890625
69.7099990844727	14090.171875
69.7200012207031	14414.1533203125
69.7300033569336	14121.5556640625
69.7399978637695	13966.0361328125
69.75	14510.5078125
69.7600021362305	14312.63671875
69.7699966430664	14755.0546875
69.7799987792969	14230.1904296875
69.7900009155273	13961.052734375
69.8000030517578	13531.4501953125
69.8099975585938	14126.728515625
69.8199996948242	14534.5859375
69.8300018310547	14267.818359375
69.8399963378906	13858.220703125
69.8499984741211	14688.7119140625
69.8600006103516	14331.7724609375
69.870002746582	14952.0009765625
69.879997253418	14579.69140625
69.8899993896484	13798.3662109375
69.9000015258789	14112.79296875
69.9100036621094	13982.9716796875
69.9199981689453	13692.458984375
69.9300003051758	13692.912109375
69.9400024414063	13957.4072265625
69.9499969482422	14200.1533203125
69.9599990844727	14433.435546875
69.9700012207031	14266.6162109375
69.9800033569336	14033.3349609375
69.9899978637695	14299.919921875
70	14435.6689453125
70.0100021362305	14078.8623046875
70.0199966430664	13931.0419921875
70.0299987792969	14630.0263671875
70.0400009155273	13908.4521484375
70.0500030517578	13524.2490234375
70.0599975585938	13911.01953125
70.0699996948242	14311.142578125
70.0800018310547	14010.443359375
70.0899963378906	13223.4912109375
70.0999984741211	13399.07421875
70.1100006103516	13905.6162109375
70.120002746582	14495.771484375
70.129997253418	14341.41015625
70.1399993896484	13858.9580078125
70.1500015258789	13982.462890625
70.1600036621094	13846.02734375
70.1699981689453	13958.830078125
70.1800003051758	14025.9716796875
70.1900024414063	14445.3994140625
70.1999969482422	14445.638671875
70.2099990844727	14007.2724609375
70.2200012207031	14004.3251953125
70.2300033569336	13803.7431640625
70.2399978637695	13426.0751953125
70.25	12841.7197265625
70.2600021362305	13643.60546875
70.2699966430664	13842.5419921875
70.2799987792969	13892.53125
70.2900009155273	14637.0263671875
70.3000030517578	14738.326171875
70.3099975585938	14251.671875
70.3199996948242	14549.0673828125
70.3300018310547	14007.80859375
70.3399963378906	13999.091796875
70.3499984741211	14030.8193359375
70.3600006103516	14245.5673828125
70.370002746582	14707.697265625
70.379997253418	14443.92578125
70.3899993896484	13987.4560546875
70.4000015258789	14270.0419921875
70.4100036621094	14206.1494140625
70.4199981689453	14126.8212890625
70.4300003051758	13509.3095703125
70.4400024414063	13894.2392578125
70.4499969482422	13955.09765625
70.4599990844727	13780.6298828125
70.4700012207031	14201.5439453125
70.4800033569336	13846.0068359375
70.4899978637695	13696.1474609375
70.5	14599.861328125
70.5100021362305	14498.8232421875
70.5199966430664	14365.4384765625
70.5299987792969	14378.1806640625
70.5400009155273	14848.1953125
70.5500030517578	14426.3330078125
70.5599975585938	14206.6142578125
70.5699996948242	14394.4814453125
70.5800018310547	14531.8447265625
70.5899963378906	13804.3046875
70.5999984741211	13399.40625
70.6100006103516	13659.384765625
70.620002746582	14419.6455078125
70.629997253418	14086.1455078125
70.6399993896484	14042.158203125
70.6500015258789	13881.40625
70.6600036621094	14664.673828125
70.6699981689453	14283.0419921875
70.6800003051758	14071.0185546875
70.6900024414063	14372.8291015625
70.6999969482422	14138.646484375
70.7099990844727	14237.65625
70.7200012207031	14168.484375
70.7300033569336	13799.4326171875
70.7399978637695	14111.8564453125
70.75	14029.1572265625
70.7600021362305	13803.822265625
70.7699966430664	13906.7607421875
70.7799987792969	13835.291015625
70.7900009155273	13760.6552734375
70.8000030517578	14127.986328125
70.8099975585938	14591.8935546875
70.8199996948242	14036.9853515625
70.8300018310547	14070.552734375
70.8399963378906	13946.150390625
70.8499984741211	13986.58203125
70.8600006103516	13818.2626953125
70.870002746582	13657.544921875
70.879997253418	13982.6650390625
70.8899993896484	14259.5498046875
70.9000015258789	14132.3994140625
70.9100036621094	14309.4521484375
70.9199981689453	13917.232421875
70.9300003051758	13735.634765625
70.9400024414063	13856.2041015625
70.9499969482422	14106.541015625
70.9599990844727	14359.208984375
70.9700012207031	13800.40625
70.9800033569336	13725.15625
70.9899978637695	14151.4609375
71	14762.83984375
71.0100021362305	14699.4921875
71.0199966430664	14179.1875
71.0299987792969	14417.52734375
71.0400009155273	14232.7451171875
71.0500030517578	14266.84375
71.0599975585938	14798.1943359375
71.0699996948242	14538.2880859375
71.0800018310547	14466.6669921875
71.0899963378906	13813.1025390625
71.0999984741211	14183.8212890625
71.1100006103516	14755.908203125
71.120002746582	14419.220703125
71.129997253418	13819.294921875
71.1399993896484	13369.421875
71.1500015258789	13980.4443359375
71.1600036621094	13797.3466796875
71.1699981689453	13539.0087890625
71.1800003051758	14415.8935546875
71.1900024414063	14558.3779296875
71.1999969482422	14369.6787109375
71.2099990844727	14707.7626953125
71.2200012207031	14519.9052734375
71.2300033569336	14286.466796875
71.2399978637695	14402.4423828125
71.25	14474.8994140625
71.2600021362305	14635.70703125
71.2699966430664	14458.9306640625
71.2799987792969	14319.7451171875
71.2900009155273	14300
71.3000030517578	14300
71.3099975585938	14203.1435546875
71.3199996948242	14238.66796875
71.3300018310547	13945.73046875
71.3399963378906	14229.017578125
71.3499984741211	14217.0546875
71.3600006103516	14421.1396484375
71.370002746582	14908.8466796875
71.379997253418	14433.58203125
71.3899993896484	14219.982421875
71.4000015258789	14282.853515625
71.4100036621094	14410.447265625
71.4199981689453	14102.0654296875
71.4300003051758	14074.732421875
71.4400024414063	14317.8779296875
71.4499969482422	14587.365234375
71.4599990844727	14260.986328125
71.4700012207031	14141.970703125
71.4800033569336	14119.548828125
71.4899978637695	14599.01953125
71.5	14493.322265625
71.5100021362305	14697.9580078125
71.5199966430664	14653.5927734375
71.5299987792969	14702.1806640625
71.5400009155273	14386.2724609375
71.5500030517578	14399.2470703125
71.5599975585938	14058.896484375
71.5699996948242	14409.8125
71.5800018310547	14857.6142578125
71.5899963378906	14837.0732421875
71.5999984741211	14294.2275390625
71.6100006103516	14265.8056640625
71.620002746582	14571.923828125
71.629997253418	14276.1083984375
71.6399993896484	14090.1083984375
71.6500015258789	14162.80078125
71.6600036621094	14251.9853515625
71.6699981689453	14458.8515625
71.6800003051758	14458.826171875
71.6900024414063	14559.7724609375
71.6999969482422	14144.337890625
71.7099990844727	14392.8916015625
71.7200012207031	14576.3681640625
71.7300033569336	14791.9365234375
71.7399978637695	14751.0927734375
71.75	14212.5869140625
71.7600021362305	14716.541015625
71.7699966430664	15028.0732421875
71.7799987792969	14874.9365234375
71.7900009155273	14367.8017578125
71.8000030517578	14403.55859375
71.8099975585938	14515.451171875
71.8199996948242	14779.6328125
71.8300018310547	14600.7666015625
71.8399963378906	14536.322265625
71.8499984741211	14369.23828125
71.8600006103516	14278.646484375
71.870002746582	14717.7353515625
71.879997253418	14680.0087890625
71.8899993896484	14363.078125
71.9000015258789	15078.62109375
71.9100036621094	14990.5146484375
71.9199981689453	14783.13671875
71.9300003051758	14845.5595703125
71.9400024414063	14416.267578125
71.9499969482422	15135.400390625
71.9599990844727	15043.8134765625
71.9700012207031	14669.6181640625
71.9800033569336	13931.791015625
71.9899978637695	14178.720703125
72	14075.830078125
72.0100021362305	14455.810546875
72.0199966430664	14604.501953125
72.0299987792969	14684.779296875
72.0400009155273	15094.9716796875
72.0500030517578	15251.41796875
72.0599975585938	14681.2646484375
72.0699996948242	14849.4453125
72.0800018310547	15107.1826171875
72.0899963378906	15000.33984375
72.0999984741211	15143.5
72.1100006103516	14924.9375
72.120002746582	14649.1162109375
72.129997253418	15007.822265625
72.1399993896484	14393.2548828125
72.1500015258789	14301.275390625
72.1600036621094	14194.396484375
72.1699981689453	14316.0771484375
72.1800003051758	14051.2412109375
72.1900024414063	14607.880859375
72.1999969482422	14953.6142578125
72.2099990844727	15013.5712890625
72.2200012207031	15098.0791015625
72.2300033569336	14750.388671875
72.2399978637695	14585.2880859375
72.25	14824.3115234375
72.2600021362305	14910.4482421875
72.2699966430664	14957.330078125
72.2799987792969	15224.1513671875
72.2900009155273	15229.13671875
72.3000030517578	15257.3056640625
72.3099975585938	15212.4931640625
72.3199996948242	15484.353515625
72.3300018310547	15049.0986328125
72.3399963378906	14649.0966796875
72.3499984741211	14488.607421875
72.3600006103516	14453.13671875
72.370002746582	14666.427734375
72.379997253418	15365.8173828125
72.3899993896484	15043.4248046875
72.4000015258789	14798.1494140625
72.4100036621094	15104.55859375
72.4199981689453	15142.794921875
72.4300003051758	15268.4345703125
72.4400024414063	15232.462890625
72.4499969482422	15095.125
72.4599990844727	15107.171875
72.4700012207031	15224.6591796875
72.4800033569336	15384.9638671875
72.4899978637695	15133.30078125
72.5	15565.828125
72.5100021362305	15373.1064453125
72.5199966430664	15205.6025390625
72.5299987792969	14994.576171875
72.5400009155273	15354.396484375
72.5500030517578	15193.9345703125
72.5599975585938	15295.0263671875
72.5699996948242	15090.8427734375
72.5800018310547	15518.2158203125
72.5899963378906	15013.88671875
72.5999984741211	15001.3017578125
72.6100006103516	15396.7744140625
72.620002746582	15402.5849609375
72.629997253418	14777.84375
72.6399993896484	15077.26953125
72.6500015258789	15425.431640625
72.6600036621094	14810.974609375
72.6699981689453	14542.4443359375
72.6800003051758	14677.9677734375
72.6900024414063	15146.7158203125
72.6999969482422	15626.2177734375
72.7099990844727	15810.7021484375
72.7200012207031	15349.8193359375
72.7300033569336	14817.05859375
72.7399978637695	15226.8369140625
72.75	15041.2744140625
72.7600021362305	15261.91015625
72.7699966430664	15306.498046875
72.7799987792969	15608.5390625
72.7900009155273	15294.3837890625
72.8000030517578	14797.71875
72.8099975585938	15477.587890625
72.8199996948242	15653.2626953125
72.8300018310547	14993.3349609375
72.8399963378906	14699.3466796875
72.8499984741211	14988.169921875
72.8600006103516	15200.599609375
72.870002746582	14965.521484375
72.879997253418	14926.775390625
72.8899993896484	14839.63671875
72.9000015258789	15231.52734375
72.9100036621094	15186.154296875
72.9199981689453	15230.263671875
72.9300003051758	15731.4853515625
72.9400024414063	15569.189453125
72.9499969482422	15393.0458984375
72.9599990844727	15353.2998046875
72.9700012207031	15122.8134765625
72.9800033569336	14786.080078125
72.9899978637695	15130.7841796875
73	14899.43359375
73.0100021362305	15297.3857421875
73.0199966430664	15229.7568359375
73.0299987792969	15436.9453125
73.0400009155273	15059.6025390625
73.0500030517578	15176.826171875
73.0599975585938	15446.7744140625
73.0699996948242	15766.7490234375
73.0800018310547	15446.6240234375
73.0899963378906	15270.0068359375
73.0999984741211	15316.6474609375
73.1100006103516	15120.103515625
73.120002746582	14866.802734375
73.129997253418	15163.0283203125
73.1399993896484	15396.5087890625
73.1500015258789	15406.7001953125
73.1600036621094	15493.1962890625
73.1699981689453	14784.5576171875
73.1800003051758	15638.05859375
73.1900024414063	15514.1318359375
73.1999969482422	15549.6982421875
73.2099990844727	15609.9345703125
73.2200012207031	15895.923828125
73.2300033569336	16285.75390625
73.2399978637695	15888.1298828125
73.25	15514.1552734375
73.2600021362305	15370.275390625
73.2699966430664	15190.58203125
73.2799987792969	15362.515625
73.2900009155273	15509.6240234375
73.3000030517578	15387.2861328125
73.3099975585938	15243.8046875
73.3199996948242	14831.78515625
73.3300018310547	14945.6396484375
73.3399963378906	15212.2646484375
73.3499984741211	15399.3056640625
73.3600006103516	15539.423828125
73.370002746582	15288.2333984375
73.379997253418	15349.2275390625
73.3899993896484	15065.2490234375
73.4000015258789	15115.8427734375
73.4100036621094	14924.7783203125
73.4199981689453	15515.70703125
73.4300003051758	15802.521484375
73.4400024414063	15197.7890625
73.4499969482422	14967.1435546875
73.4599990844727	15545.58984375
73.4700012207031	15938.189453125
73.4800033569336	15880.9287109375
73.4899978637695	15532.5390625
73.5	15780.6240234375
73.5100021362305	15998.890625
73.5199966430664	15755.71875
73.5299987792969	15775.853515625
73.5400009155273	16130.3642578125
73.5500030517578	15992.0625
73.5599975585938	15840.8671875
73.5699996948242	15618.564453125
73.5800018310547	15909.9765625
73.5899963378906	15867.9833984375
73.5999984741211	15978.5234375
73.6100006103516	16029.86328125
73.620002746582	15848.619140625
73.629997253418	15522.982421875
73.6399993896484	15726.962890625
73.6500015258789	15496.71875
73.6600036621094	15759.439453125
73.6699981689453	16087.2578125
73.6800003051758	15873.2529296875
73.6900024414063	15997.6376953125
73.6999969482422	15509.896484375
73.7099990844727	15300.8134765625
73.7200012207031	15362.341796875
73.7300033569336	15212.181640625
73.7399978637695	15166.6669921875
73.75	15666.7607421875
73.7600021362305	16234.2080078125
73.7699966430664	16415.775390625
73.7799987792969	16130.822265625
73.7900009155273	15879.048828125
73.8000030517578	15741.30078125
73.8099975585938	15637.796875
73.8199996948242	15918.94140625
73.8300018310547	15632.0849609375
73.8399963378906	16255.8818359375
73.8499984741211	16568.212890625
73.8600006103516	16127.244140625
73.870002746582	16065.6474609375
73.879997253418	16240.857421875
73.8899993896484	16178.337890625
73.9000015258789	15874.44140625
73.9100036621094	15773.76171875
73.9199981689453	16147.05078125
73.9300003051758	16407.369140625
73.9400024414063	16541.78125
73.9499969482422	15806.34375
73.9599990844727	15770.3837890625
73.9700012207031	16406.341796875
73.9800033569336	16409.451171875
73.9899978637695	15895.111328125
74	16120.263671875
74.0100021362305	16020.2626953125
74.0199966430664	16071.3955078125
74.0299987792969	16414.125
74.0400009155273	16094.3359375
74.0500030517578	15826.3330078125
74.0599975585938	15835.65625
74.0699996948242	16176.9560546875
74.0800018310547	16135.91015625
74.0899963378906	16518.33984375
74.0999984741211	16489.556640625
74.1100006103516	16136.3671875
74.120002746582	16036.9345703125
74.129997253418	16268.4658203125
74.1399993896484	15771.7392578125
74.1500015258789	15773.3603515625
74.1600036621094	16521.6484375
74.1699981689453	16821.087890625
74.1800003051758	16536.796875
74.1900024414063	16723.998046875
74.1999969482422	16578.236328125
74.2099990844727	16712.302734375
74.2200012207031	16649.30859375
74.2300033569336	16616.666015625
74.2399978637695	16277.763671875
74.25	15935.7216796875
74.2600021362305	16036.0517578125
74.2699966430664	16448.091796875
74.2799987792969	16367.6572265625
74.2900009155273	16277.6005859375
74.3000030517578	16696.306640625
74.3099975585938	16243.9267578125
74.3199996948242	15679.8916015625
74.3300018310547	16490.498046875
74.3399963378906	16320.6982421875
74.3499984741211	15952.875
74.3600006103516	16247.4462890625
74.370002746582	16154.978515625
74.379997253418	16009.0078125
74.3899993896484	16152.2861328125
74.4000015258789	15901.1435546875
74.4100036621094	16206.4033203125
74.4199981689453	16563.451171875
74.4300003051758	16581.388671875
74.4400024414063	16475.78125
74.4499969482422	15995.666015625
74.4599990844727	15801.7744140625
74.4700012207031	16704.6171875
74.4800033569336	16888.826171875
74.4899978637695	16581.310546875
74.5	16136.8916015625
74.5100021362305	15916.6435546875
74.5199966430664	15987.037109375
74.5299987792969	16172.1923828125
74.5400009155273	16657.234375
74.5500030517578	16731.51171875
74.5599975585938	16794.3828125
74.5699996948242	16674.21484375
74.5800018310547	16788.705078125
74.5899963378906	16807.443359375
74.5999984741211	16838.828125
74.6100006103516	17173.498046875
74.620002746582	17396.041015625
74.629997253418	17446.267578125
74.6399993896484	16868.05078125
74.6500015258789	16105.236328125
74.6600036621094	16049.6767578125
74.6699981689453	16419.37109375
74.6800003051758	16904.32421875
74.6900024414063	16280.263671875
74.6999969482422	15976.2490234375
74.7099990844727	16376.1689453125
74.7200012207031	16771.14453125
74.7300033569336	16966.181640625
74.7399978637695	17258.12890625
74.75	17707.546875
74.7600021362305	16965.1796875
74.7699966430664	16923.046875
74.7799987792969	16880.1640625
74.7900009155273	17030.509765625
74.8000030517578	16980.205078125
74.8099975585938	16718.0078125
74.8199996948242	16392.283203125
74.8300018310547	16432.615234375
74.8399963378906	16428.025390625
74.8499984741211	16622.716796875
74.8600006103516	16696.208984375
74.870002746582	16802.982421875
74.879997253418	17219.443359375
74.8899993896484	16535.533203125
74.9000015258789	16531.572265625
74.9100036621094	16947.2890625
74.9199981689453	16471.30078125
74.9300003051758	16235.712890625
74.9400024414063	16165.2470703125
74.9499969482422	16432.748046875
74.9599990844727	16465.267578125
74.9700012207031	16437.15234375
74.9800033569336	17525.109375
74.9899978637695	17323.484375
75	16627.41796875
75.0100021362305	17069.98828125
75.0199966430664	17519.515625
75.0299987792969	17369.033203125
75.0400009155273	17338.486328125
75.0500030517578	17144.779296875
75.0599975585938	16878.154296875
75.0699996948242	17188.4765625
75.0800018310547	17517.9140625
75.0899963378906	17173.2265625
75.0999984741211	17024.373046875
75.1100006103516	17093.529296875
75.120002746582	16873.314453125
75.129997253418	17171.35546875
75.1399993896484	16745.6171875
75.1500015258789	16621.734375
75.1600036621094	16927.677734375
75.1699981689453	17464.48828125
75.1800003051758	17612.79296875
75.1900024414063	17143.447265625
75.1999969482422	17025.57421875
75.2099990844727	17058.90234375
75.2200012207031	16887.720703125
75.2300033569336	17025.021484375
75.2399978637695	17134.439453125
75.25	16881.74609375
75.2600021362305	17540.736328125
75.2699966430664	17715.591796875
75.2799987792969	17559.572265625
75.2900009155273	17286.923828125
75.3000030517578	17816.42578125
75.3099975585938	17068.65234375
75.3199996948242	16604.755859375
75.3300018310547	16779.552734375
75.3399963378906	16811.75
75.3499984741211	17042.205078125
75.3600006103516	17129.412109375
75.370002746582	17426.408203125
75.379997253418	17605.84375
75.3899993896484	17480.48828125
75.4000015258789	17446.068359375
75.4100036621094	17169.900390625
75.4199981689453	17057.875
75.4300003051758	16770.017578125
75.4400024414063	16339.7900390625
75.4499969482422	16856.669921875
75.4599990844727	17367.962890625
75.4700012207031	17212.349609375
75.4800033569336	16662.9453125
75.4899978637695	16796.298828125
75.5	16362.310546875
75.5100021362305	16263.5263671875
75.5199966430664	17058.189453125
75.5299987792969	17185.701171875
75.5400009155273	16972.23828125
75.5500030517578	17234.03125
75.5599975585938	17637.9375
75.5699996948242	17238.455078125
75.5800018310547	17299.00390625
75.5899963378906	17265.1953125
75.5999984741211	17385.5078125
75.6100006103516	17522.08203125
75.620002746582	17195.078125
75.629997253418	17159.373046875
75.6399993896484	17348.048828125
75.6500015258789	17121.30859375
75.6600036621094	17185.314453125
75.6699981689453	17385.28125
75.6800003051758	17382.6953125
75.6900024414063	17050.2421875
75.6999969482422	16962.654296875
75.7099990844727	17017.2734375
75.7200012207031	16793.00390625
75.7300033569336	17083.40625
75.7399978637695	16795.408203125
75.75	16982.685546875
75.7600021362305	16956.953125
75.7699966430664	17207.279296875
75.7799987792969	17350.53125
75.7900009155273	17682.416015625
75.8000030517578	17657.060546875
75.8099975585938	17402.05078125
75.8199996948242	17674.12109375
75.8300018310547	17657.142578125
75.8399963378906	16998.46484375
75.8499984741211	16875.681640625
75.8600006103516	16912.611328125
75.870002746582	17685.765625
75.879997253418	17315.666015625
75.8899993896484	17167.078125
75.9000015258789	17473.1328125
75.9100036621094	17717.833984375
75.9199981689453	17804.44921875
75.9300003051758	17577.423828125
75.9400024414063	16795.015625
75.9499969482422	16944.25390625
75.9599990844727	17205.0859375
75.9700012207031	17325.484375
75.9800033569336	17324.84375
75.9899978637695	17555.595703125
76	17193.294921875
76.0100021362305	17188.267578125
76.0199966430664	17321.302734375
76.0299987792969	17086.15234375
76.0400009155273	17200.982421875
76.0500030517578	16789.4375
76.0599975585938	16733.78125
76.0699996948242	16565.81640625
76.0800018310547	17253.021484375
76.0899963378906	17575.28515625
76.0999984741211	17349.103515625
76.1100006103516	16940.57421875
76.120002746582	17096.658203125
76.129997253418	17659.71875
76.1399993896484	18067.33984375
76.1500015258789	17774.07421875
76.1600036621094	17512.19140625
76.1699981689453	17930.1015625
76.1800003051758	17857.9296875
76.1900024414063	17382.703125
76.1999969482422	16749.32421875
76.2099990844727	17521.888671875
76.2200012207031	17645.6640625
76.2300033569336	17032.9609375
76.2399978637695	16774.966796875
76.25	17187.59765625
76.2600021362305	17633.333984375
76.2699966430664	18445.671875
76.2799987792969	18583.37890625
76.2900009155273	17837.984375
76.3000030517578	17637.466796875
76.3099975585938	17799.830078125
76.3199996948242	17350.6796875
76.3300018310547	16933.73046875
76.3399963378906	17062.115234375
76.3499984741211	17195.705078125
76.3600006103516	17665.646484375
76.370002746582	17255.5703125
76.379997253418	17278.587890625
76.3899993896484	17661.578125
76.4000015258789	17903.728515625
76.4100036621094	17364.501953125
76.4199981689453	17316.12109375
76.4300003051758	17939.443359375
76.4400024414063	18170.6796875
76.4499969482422	17635.712890625
76.4599990844727	17686.41796875
76.4700012207031	17667.14453125
76.4800033569336	17633.333984375
76.4899978637695	17695.505859375
76.5	17542.625
76.5100021362305	17533.048828125
76.5199966430664	17413.31640625
76.5299987792969	16820.060546875
76.5400009155273	17179.8125
76.5500030517578	17627.42578125
76.5599975585938	17592.525390625
76.5699996948242	17450.708984375
76.5800018310547	17292.58203125
76.5899963378906	17473.298828125
76.5999984741211	17140.71484375
76.6100006103516	17384.388671875
76.620002746582	17553.857421875
76.629997253418	17269.21484375
76.6399993896484	16832.111328125
76.6500015258789	16840.546875
76.6600036621094	17242.5
76.6699981689453	17515.251953125
76.6800003051758	17021.98046875
76.6900024414063	16981.849609375
76.6999969482422	17268.427734375
76.7099990844727	17213.92578125
76.7200012207031	16659.599609375
76.7300033569336	17027.373046875
76.7399978637695	17488.62109375
76.75	17299.083984375
76.7600021362305	17484.181640625
76.7699966430664	17756.271484375
76.7799987792969	17186.828125
76.7900009155273	17300.03125
76.8000030517578	17527.76171875
76.8099975585938	17603.689453125
76.8199996948242	17554.9765625
76.8300018310547	17854.04296875
76.8399963378906	17695.36328125
76.8499984741211	17600
76.8600006103516	17550.6953125
76.870002746582	17200.609375
76.879997253418	17268.134765625
76.8899993896484	17776.75
76.9000015258789	17711.677734375
76.9100036621094	17350.17578125
76.9199981689453	17606.9375
76.9300003051758	17536.451171875
76.9400024414063	16986.880859375
76.9499969482422	17382.4296875
76.9599990844727	17423.482421875
76.9700012207031	17796.927734375
76.9800033569336	17900.83984375
76.9899978637695	17858.759765625
77	17788.580078125
77.0100021362305	17803.509765625
77.0199966430664	17423.765625
77.0299987792969	17442.91015625
77.0400009155273	17757.71484375
77.0500030517578	17199.73828125
77.0599975585938	17211.98828125
77.0699996948242	17054.73828125
77.0800018310547	17309.947265625
77.0899963378906	17249.478515625
77.0999984741211	17134.318359375
77.1100006103516	17398.4375
77.120002746582	17744.95703125
77.129997253418	17870.068359375
77.1399993896484	17356.935546875
77.1500015258789	17129.951171875
77.1600036621094	17642.802734375
77.1699981689453	17857.798828125
77.1800003051758	17463.08984375
77.1900024414063	17438.931640625
77.1999969482422	17361.09765625
77.2099990844727	16754.52734375
77.2200012207031	16806.564453125
77.2300033569336	17559.572265625
77.2399978637695	17397.029296875
77.25	17152.333984375
77.2600021362305	17531.640625
77.2699966430664	16951.212890625
77.2799987792969	16927.3125
77.2900009155273	16858.12109375
77.3000030517578	16860.96484375
77.3099975585938	17029.609375
77.3199996948242	16912.720703125
77.3300018310547	16886.55078125
77.3399963378906	17228.87109375
77.3499984741211	17690.96484375
77.3600006103516	17487.9609375
77.370002746582	17098.900390625
77.379997253418	17511.05859375
77.3899993896484	17140.412109375
77.4000015258789	17261.703125
77.4100036621094	17128
77.4199981689453	17616.802734375
77.4300003051758	18064.23046875
77.4400024414063	18101.40234375
77.4499969482422	18095.48046875
77.4599990844727	18306.43359375
77.4700012207031	17594.23046875
77.4800033569336	16899.48046875
77.4899978637695	17174.68359375
77.5	17782.16796875
77.5100021362305	17646.810546875
77.5199966430664	17630.328125
77.5299987792969	17630.302734375
77.5400009155273	17337.94921875
77.5500030517578	17184.873046875
77.5599975585938	17275.673828125
77.5699996948242	17304.55859375
77.5800018310547	17082.099609375
77.5899963378906	17387.27734375
77.5999984741211	17194.552734375
77.6100006103516	17175.53125
77.620002746582	16950.62109375
77.629997253418	16511.484375
77.6399993896484	16818.453125
77.6500015258789	16826.248046875
77.6600036621094	16875.388671875
77.6699981689453	17013.283203125
77.6800003051758	16929.259765625
77.6900024414063	16967.828125
77.6999969482422	17144.8125
77.7099990844727	17019.033203125
77.7200012207031	17299.77734375
77.7300033569336	17180.11328125
77.7399978637695	17071.279296875
77.75	16958.201171875
77.7600021362305	16988.958984375
77.7699966430664	17630.98046875
77.7799987792969	17854.625
77.7900009155273	17308.24609375
77.8000030517578	17100
77.8099975585938	16859.34765625
77.8199996948242	16562.166015625
77.8300018310547	17048.564453125
77.8399963378906	17278.689453125
77.8499984741211	17403.53125
77.8600006103516	17137.568359375
77.870002746582	17593.30859375
77.879997253418	17228.169921875
77.8899993896484	17108.0625
77.9000015258789	17390.07421875
77.9100036621094	17735.34375
77.9199981689453	17533.400390625
77.9300003051758	17236.755859375
77.9400024414063	16974.8125
77.9499969482422	16995.900390625
77.9599990844727	17213.099609375
77.9700012207031	17475.03125
77.9800033569336	17633.845703125
77.9899978637695	17247.552734375
78	17095.3046875
78.0100021362305	16968.349609375
78.0199966430664	17060.24609375
78.0299987792969	16793.701171875
78.0400009155273	16989.544921875
78.0500030517578	17654.650390625
78.0599975585938	16994.173828125
78.0699996948242	17199.640625
78.0800018310547	17118.03125
78.0899963378906	17238.84375
78.0999984741211	17321.39453125
78.1100006103516	17197.310546875
78.120002746582	17555.701171875
78.129997253418	17299.146484375
78.1399993896484	17371.8515625
78.1500015258789	17526.279296875
78.1600036621094	17526.162109375
78.1699981689453	17731.15625
78.1800003051758	17757.103515625
78.1900024414063	17745.2421875
78.1999969482422	17452.34375
78.2099990844727	17059.56640625
78.2200012207031	16866.703125
78.2300033569336	16916.607421875
78.2399978637695	17116.50390625
78.25	17111.994140625
78.2600021362305	16988.2421875
78.2699966430664	17211.4296875
78.2799987792969	17221.626953125
78.2900009155273	17135.826171875
78.3000030517578	16712.974609375
78.3099975585938	17190.978515625
78.3199996948242	17058.400390625
78.3300018310547	16876.2734375
78.3399963378906	17198.748046875
78.3499984741211	17238.478515625
78.3600006103516	17437.068359375
78.370002746582	16964.52734375
78.379997253418	16626.712890625
78.3899993896484	16903.107421875
78.4000015258789	17258.296875
78.4100036621094	17278.978515625
78.4199981689453	17060.6640625
78.4300003051758	16675.748046875
78.4400024414063	17070.380859375
78.4499969482422	16881.333984375
78.4599990844727	16113.8369140625
78.4700012207031	16351.1572265625
78.4800033569336	17294.251953125
78.4899978637695	16985.87109375
78.5	16627.072265625
78.5100021362305	16406.28125
78.5199966430664	16805.337890625
78.5299987792969	16823.048828125
78.5400009155273	16938.6953125
78.5500030517578	16757.28515625
78.5599975585938	16532.1328125
78.5699996948242	16624.734375
78.5800018310547	16918.93359375
78.5899963378906	16557.376953125
78.5999984741211	16602.1328125
78.6100006103516	16652.919921875
78.620002746582	16880.431640625
78.629997253418	17230.361328125
78.6399993896484	17309.814453125
78.6500015258789	17335.26953125
78.6600036621094	17091.431640625
78.6699981689453	16901.0859375
78.6800003051758	16443.798828125
78.6900024414063	16595.46875
78.6999969482422	16627.677734375
78.7099990844727	16688.958984375
78.7200012207031	16921.05859375
78.7300033569336	16906.1640625
78.7399978637695	16808.037109375
78.75	17170.1796875
78.7600021362305	17063.791015625
78.7699966430664	17008.580078125
78.7799987792969	16963.05859375
78.7900009155273	16558.64453125
78.8000030517578	16072.2421875
78.8099975585938	15898.2265625
78.8199996948242	16222.599609375
78.8300018310547	16846.1796875
78.8399963378906	17050
78.8499984741211	16944.802734375
78.8600006103516	16888.314453125
78.870002746582	16895.015625
78.879997253418	17191.958984375
78.8899993896484	16966.41796875
78.9000015258789	16711.623046875
78.9100036621094	17110.0546875
78.9199981689453	16670.107421875
78.9300003051758	16073.484375
78.9400024414063	16422.962890625
78.9499969482422	16505.134765625
78.9599990844727	16380.09375
78.9700012207031	16151.9921875
78.9800033569336	16415.990234375
78.9899978637695	16333.853515625
79	16291.51953125
79.0100021362305	16828.552734375
79.0199966430664	16677.828125
79.0299987792969	16807.33984375
79.0400009155273	17328.53125
79.0500030517578	17430.279296875
79.0599975585938	17190.90234375
79.0699996948242	16983.869140625
79.0800018310547	16828.845703125
79.0899963378906	16156.5986328125
79.0999984741211	16010.9638671875
79.1100006103516	16507.439453125
79.120002746582	16595.63671875
79.129997253418	16596.369140625
79.1399993896484	16802.08984375
79.1500015258789	16373.57421875
79.1600036621094	16254.2373046875
79.1699981689453	16728.404296875
79.1800003051758	16696.740234375
79.1900024414063	16194.9951171875
79.1999969482422	16641.34375
79.2099990844727	16824.150390625
79.2200012207031	16748.650390625
79.2300033569336	16421.27734375
79.2399978637695	16029.1416015625
79.25	16170.78125
79.2600021362305	16306.427734375
79.2699966430664	16062.705078125
79.2799987792969	15788.4365234375
79.2900009155273	15682.056640625
79.3000030517578	16450.927734375
79.3099975585938	16684.703125
79.3199996948242	16345.1767578125
79.3300018310547	16815.849609375
79.3399963378906	17267.640625
79.3499984741211	17165.748046875
79.3600006103516	16668.892578125
79.370002746582	16092.0361328125
79.379997253418	16204.2978515625
79.3899993896484	16275.82421875
79.4000015258789	16089.025390625
79.4100036621094	16338.5185546875
79.4199981689453	16460.3515625
79.4300003051758	16438.51171875
79.4400024414063	16100.29296875
79.4499969482422	16386.263671875
79.4599990844727	16606.287109375
79.4700012207031	16077.4072265625
79.4800033569336	15753.04296875
79.4899978637695	15980.3974609375
79.5	15950.98046875
79.5100021362305	16272.9560546875
79.5199966430664	16197.96875
79.5299987792969	16220.7626953125
79.5400009155273	16214.6396484375
79.5500030517578	15942.98046875
79.5599975585938	15741.798828125
79.5699996948242	15883.0126953125
79.5800018310547	16515.53515625
79.5899963378906	16903.841796875
79.5999984741211	16383.85546875
79.6100006103516	16105.2421875
79.620002746582	16454.037109375
79.629997253418	16708.001953125
79.6399993896484	16293.4609375
79.6500015258789	15980.6435546875
79.6600036621094	16058.8037109375
79.6699981689453	15900.0126953125
79.6800003051758	15800
79.6900024414063	16233.037109375
79.6999969482422	16330.8037109375
79.7099990844727	16363.0537109375
79.7200012207031	16730.166015625
79.7300033569336	17145.107421875
79.7399978637695	16868.44140625
79.75	16228.3603515625
79.7600021362305	15868.8466796875
79.7699966430664	16231.953125
79.7799987792969	16444.697265625
79.7900009155273	16165.9990234375
79.8000030517578	16101.4716796875
79.8099975585938	16485.2734375
79.8199996948242	16116.5830078125
79.8300018310547	16070.8896484375
79.8399963378906	16291.4296875
79.8499984741211	16100.5517578125
79.8600006103516	15779.3037109375
79.870002746582	16147.919921875
79.879997253418	16264.716796875
79.8899993896484	16216.6669921875
79.9000015258789	15944.9716796875
79.9100036621094	15782.7158203125
79.9199981689453	16106.0693359375
79.9300003051758	16232.7373046875
79.9400024414063	16227.97265625
79.9499969482422	15713.412109375
79.9599990844727	15274.5830078125
79.9700012207031	15962.7177734375
79.9800033569336	16288.166015625
79.9899978637695	16232.8017578125
80	15720.14453125
80.0100021362305	15381.8046875
80.0199966430664	15671.6552734375
80.0299987792969	15607.857421875
80.0400009155273	15984.6171875
80.0500030517578	16746.193359375
80.0599975585938	15851.181640625
80.0699996948242	15300
80.0800018310547	15727.7158203125
80.0899963378906	15944.5849609375
80.0999984741211	15848.763671875
80.1100006103516	16002.4072265625
80.120002746582	15863.9345703125
80.129997253418	15019.55859375
80.1399993896484	15295.767578125
80.1500015258789	15352.93359375
80.1600036621094	15064.93359375
80.1699981689453	15555.708984375
80.1800003051758	15923.0888671875
80.1900024414063	15955.451171875
80.1999969482422	16017.2724609375
80.2099990844727	16083.625
80.2200012207031	16279.27734375
80.2300033569336	16097.837890625
80.2399978637695	15406.7880859375
80.25	15648.25390625
80.2600021362305	16190.947265625
80.2699966430664	15829.9345703125
80.2799987792969	15437.9541015625
80.2900009155273	15836.1982421875
80.3000030517578	15608.4638671875
80.3099975585938	15293.95703125
80.3199996948242	15261.16796875
80.3300018310547	15400.6435546875
80.3399963378906	15500.1494140625
80.3499984741211	15617.0830078125
80.3600006103516	15744.7431640625
80.370002746582	15549.181640625
80.379997253418	15098.94140625
80.3899993896484	15657.611328125
80.4000015258789	16050.083984375
80.4100036621094	15966.4482421875
80.4199981689453	15571.5830078125
80.4300003051758	15366.6162109375
80.4400024414063	15438.9951171875
80.4499969482422	15127.470703125
80.4599990844727	15817.1298828125
80.4700012207031	15772.125
80.4800033569336	15400.0166015625
80.4899978637695	15577.666015625
80.5	15289.2138671875
80.5100021362305	14861.3603515625
80.5199966430664	15060.6591796875
80.5299987792969	15194.484375
80.5400009155273	15283.1220703125
80.5500030517578	15477.423828125
80.5599975585938	15649.7216796875
80.5699996948242	15157.25
80.5800018310547	14971.916015625
80.5899963378906	15160.5654296875
80.5999984741211	15609.55859375
80.6100006103516	14793.380859375
80.620002746582	14570.8427734375
80.629997253418	14650.3408203125
80.6399993896484	14539.3125
80.6500015258789	14687.7978515625
80.6600036621094	15225.0634765625
80.6699981689453	15328.5654296875
80.6800003051758	15365.9892578125
80.6900024414063	15504.923828125
80.6999969482422	15130.919921875
80.7099990844727	15093.0625
80.7200012207031	15282.5224609375
80.7300033569336	15509.6103515625
80.7399978637695	15588.986328125
80.75	15495.25390625
80.7600021362305	15450
80.7699966430664	15394.98828125
80.7799987792969	15234.681640625
80.7900009155273	15386.56640625
80.8000030517578	15686.8515625
80.8099975585938	15486.6689453125
80.8199996948242	16179.0888671875
80.8300018310547	15957.8603515625
80.8399963378906	15188.587890625
80.8499984741211	14560.6787109375
80.8600006103516	15479.7998046875
80.870002746582	15507.44140625
80.879997253418	15359.166015625
80.8899993896484	15575.7841796875
80.9000015258789	15288.517578125
80.9100036621094	14902.8955078125
80.9199981689453	15369.2197265625
80.9300003051758	15732.3232421875
80.9400024414063	15788.544921875
80.9499969482422	15526.6171875
80.9599990844727	15328.67578125
80.9700012207031	15420.2060546875
80.9800033569336	14969.9013671875
80.9899978637695	14700
81	15278.5791015625
81.0100021362305	15921.6318359375
81.0199966430664	15510.9091796875
81.0299987792969	15090.9462890625
81.0400009155273	15403.9873046875
81.0500030517578	15883.34375
81.0599975585938	15325.2177734375
81.0699996948242	15407.3935546875
81.0800018310547	15617.33984375
81.0899963378906	15785.0078125
81.0999984741211	15469.9287109375
81.1100006103516	15293.5009765625
81.120002746582	15566.7119140625
81.129997253418	14993.5947265625
81.1399993896484	14899.130859375
81.1500015258789	15234.6240234375
81.1600036621094	15181.3427734375
81.1699981689453	15045.736328125
81.1800003051758	15081.7607421875
81.1900024414063	15084.130859375
81.1999969482422	15142.556640625
81.2099990844727	15107.4697265625
81.2200012207031	14784.986328125
81.2300033569336	14676.6533203125
81.2399978637695	14894.8740234375
81.25	15108.2255859375
81.2600021362305	15188.3037109375
81.2699966430664	15016.1455078125
81.2799987792969	14840.98828125
81.2900009155273	14681.1181640625
81.3000030517578	14713.8994140625
81.3099975585938	14939.46484375
81.3199996948242	14687.859375
81.3300018310547	14446.0380859375
81.3399963378906	14524.5517578125
81.3499984741211	14561.763671875
81.3600006103516	14452.9716796875
81.370002746582	14820.30859375
81.379997253418	15243.919921875
81.3899993896484	15350
81.4000015258789	15166.982421875
81.4100036621094	15314.19140625
81.4199981689453	15094.98046875
81.4300003051758	14566.6142578125
81.4400024414063	14824.107421875
81.4499969482422	15281.6025390625
81.4599990844727	15303.3134765625
81.4700012207031	15131.869140625
81.4800033569336	15174.0205078125
81.4899978637695	15319.185546875
81.5	14776.6396484375
81.5100021362305	14610.859375
81.5199966430664	14539.197265625
81.5299987792969	14535.73046875
81.5400009155273	14851.146484375
81.5500030517578	15074.9609375
81.5599975585938	14913.2734375
81.5699996948242	14339.8525390625
81.5800018310547	14425.646484375
81.5899963378906	14884.00390625
81.5999984741211	15086.78125
81.6100006103516	15052.5517578125
81.620002746582	14952.57421875
81.629997253418	15258.369140625
81.6399993896484	15119.09375
81.6500015258789	14944.00390625
81.6600036621094	14640.6640625
81.6699981689453	14519.9814453125
81.6800003051758	14805.818359375
81.6900024414063	15269.658203125
81.6999969482422	14938.73046875
81.7099990844727	14500.93359375
81.7200012207031	14821.130859375
81.7300033569336	15050
81.7399978637695	14762.82421875
81.75	14323.5595703125
81.7600021362305	13985.982421875
81.7699966430664	14223.322265625
81.7799987792969	14491.0126953125
81.7900009155273	14724.439453125
81.8000030517578	14854.5595703125
81.8099975585938	14548.3876953125
81.8199996948242	14101.5302734375
81.8300018310547	14321.0576171875
81.8399963378906	15211.5927734375
81.8499984741211	15165.6474609375
81.8600006103516	14238.8994140625
81.870002746582	14336.96875
81.879997253418	14352.10546875
81.8899993896484	14665.4580078125
81.9000015258789	14679.5400390625
81.9100036621094	14998.453125
81.9199981689453	15192.697265625
81.9300003051758	14452.8291015625
81.9400024414063	14345.662109375
81.9499969482422	14506.111328125
81.9599990844727	14415.5869140625
81.9700012207031	14356.119140625
81.9800033569336	14719.0380859375
81.9899978637695	15049.2744140625
82	14726.826171875
82.0100021362305	14584.2587890625
82.0199966430664	14528.0478515625
82.0299987792969	14003.5810546875
82.0400009155273	13722.8125
82.0500030517578	14158.37890625
82.0599975585938	14553.3369140625
82.0699996948242	14412.6396484375
82.0800018310547	14409.3974609375
82.0899963378906	14724.8681640625
82.0999984741211	14761.6904296875
82.1100006103516	14448.1494140625
82.120002746582	14247.55078125
82.129997253418	14573.1923828125
82.1399993896484	14385.0107421875
82.1500015258789	14045.216796875
82.1600036621094	13972.859375
82.1699981689453	14050.431640625
82.1800003051758	14152.3330078125
82.1900024414063	13858.9853515625
82.1999969482422	13896.763671875
82.2099990844727	14284.2548828125
82.2200012207031	14098.89453125
82.2300033569336	14161.18359375
82.2399978637695	14295.779296875
82.25	14345.970703125
82.2600021362305	14445.947265625
82.2699966430664	14107.7880859375
82.2799987792969	14123.17578125
82.2900009155273	14235.39453125
82.3000030517578	13758.1787109375
82.3099975585938	13931.234375
82.3199996948242	14418.66015625
82.3300018310547	14237.744140625
82.3399963378906	13425.7216796875
82.3499984741211	13538.8359375
82.3600006103516	13895.71484375
82.370002746582	13995.69140625
82.379997253418	13825.5517578125
82.3899993896484	13990.7861328125
82.4000015258789	14322.38671875
82.4100036621094	14032.7021484375
82.4199981689453	14007.470703125
82.4300003051758	14247.3994140625
82.4400024414063	13839.841796875
82.4499969482422	13612.1708984375
82.4599990844727	14147.1826171875
82.4700012207031	14584.6025390625
82.4800033569336	14521.7646484375
82.4899978637695	15043.763671875
82.5	14765.0966796875
82.5100021362305	14594.11328125
82.5199966430664	14350.9541015625
82.5299987792969	14126.9970703125
82.5400009155273	13864.8369140625
82.5500030517578	14174.8525390625
82.5599975585938	14734.9599609375
82.5699996948242	14724.6435546875
82.5800018310547	14709.466796875
82.5899963378906	14519.2919921875
82.5999984741211	14407.8798828125
82.6100006103516	14144.9482421875
82.620002746582	13915.1884765625
82.629997253418	14068.5830078125
82.6399993896484	13987.8662109375
82.6500015258789	13815.2470703125
82.6600036621094	13855.29296875
82.6699981689453	14033.587890625
82.6800003051758	14096.1220703125
82.6900024414063	13847.1650390625
82.6999969482422	13802.642578125
82.7099990844727	13753.802734375
82.7200012207031	13816.6669921875
82.7300033569336	14279.34375
82.7399978637695	14352.6884765625
82.75	14034.861328125
82.7600021362305	13736.1474609375
82.7699966430664	14308.9658203125
82.7799987792969	14590.072265625
82.7900009155273	14459.083984375
82.8000030517578	14249.28125
82.8099975585938	14439.96875
82.8199996948242	14388.119140625
82.8300018310547	14304.8271484375
82.8399963378906	13962.0419921875
82.8499984741211	14043.2421875
82.8600006103516	14474.4345703125
82.870002746582	14382.12109375
82.879997253418	14590.11328125
82.8899993896484	14246.0380859375
82.9000015258789	13812.0322265625
82.9100036621094	14082.306640625
82.9199981689453	14374.935546875
82.9300003051758	14382.462890625
82.9400024414063	14380.5107421875
82.9499969482422	14095.0126953125
82.9599990844727	13635.7802734375
82.9700012207031	13994.90234375
82.9800033569336	13622.5224609375
82.9899978637695	13481.33203125
83	13510.841796875
83.0100021362305	13501.4267578125
83.0199966430664	13445.001953125
83.0299987792969	13457.8798828125
83.0400009155273	13395.0966796875
83.0500030517578	13671.1083984375
83.0599975585938	13646.92578125
83.0699996948242	13270.833984375
83.0800018310547	13315.4052734375
83.0899963378906	13362.5556640625
83.0999984741211	13437.953125
83.1100006103516	13759.1455078125
83.120002746582	13967.1630859375
83.129997253418	13666.8515625
83.1399993896484	13651.8291015625
83.1500015258789	13531.1455078125
83.1600036621094	13225.4970703125
83.1699981689453	13294.607421875
83.1800003051758	13913.859375
83.1900024414063	14280.21484375
83.1999969482422	14098.64453125
83.2099990844727	13453.41015625
83.2200012207031	13126.7265625
83.2300033569336	13585.8515625
83.2399978637695	13863.2294921875
83.25	13789.7119140625
83.2600021362305	13960.9267578125
83.2699966430664	13939.357421875
83.2799987792969	13662.7177734375
83.2900009155273	13600.1611328125
83.3000030517578	13362.568359375
83.3099975585938	13283.5771484375
83.3199996948242	13339.9794921875
83.3300018310547	13744.0078125
83.3399963378906	13776.3662109375
83.3499984741211	13586.640625
83.3600006103516	13436.6064453125
83.370002746582	13380.001953125
83.379997253418	13809.8642578125
83.3899993896484	13973.4130859375
83.4000015258789	13919.9775390625
83.4100036621094	13633.7880859375
83.4199981689453	13383.4287109375
83.4300003051758	13489.6767578125
83.4400024414063	13413.79296875
83.4499969482422	13688.791015625
83.4599990844727	14049.650390625
83.4700012207031	13618.6123046875
83.4800033569336	13293.2900390625
83.4899978637695	13270.140625
83.5	13488.78125
83.5100021362305	13898.630859375
83.5199966430664	13937.4296875
83.5299987792969	14068.62109375
83.5400009155273	14365.6669921875
83.5500030517578	14039.703125
83.5599975585938	13442.3115234375
83.5699996948242	13421.8408203125
83.5800018310547	13401.2373046875
83.5899963378906	13200.8642578125
83.5999984741211	13311.7060546875
83.6100006103516	13562.1064453125
83.620002746582	13451.966796875
83.629997253418	13306.7685546875
83.6399993896484	13487.98046875
83.6500015258789	13854.0205078125
83.6600036621094	13502.6064453125
83.6699981689453	13298.2275390625
83.6800003051758	13558.0458984375
83.6900024414063	13834.5224609375
83.6999969482422	13614.4228515625
83.7099990844727	13304.40625
83.7200012207031	13526.134765625
83.7300033569336	13489.9326171875
83.7399978637695	13244.6474609375
83.75	13606.8857421875
83.7600021362305	13762.1552734375
83.7699966430664	13410.771484375
83.7799987792969	13459.6103515625
83.7900009155273	13616.6669921875
83.8000030517578	13380.7421875
83.8099975585938	13157.708984375
83.8199996948242	13126.4892578125
83.8300018310547	13182.4248046875
83.8399963378906	13619.052734375
83.8499984741211	13821.517578125
83.8600006103516	13580.345703125
83.870002746582	13822.490234375
83.879997253418	14004.9462890625
83.8899993896484	13499.45703125
83.9000015258789	13026.6865234375
83.9100036621094	12867.734375
83.9199981689453	13068.11328125
83.9300003051758	13380.0107421875
83.9400024414063	13375.8134765625
83.9499969482422	13280.458984375
83.9599990844727	13452.2314453125
83.9700012207031	13524.7578125
83.9800033569336	13073.4716796875
83.9899978637695	13349.1015625
84	14198.529296875
84.0100021362305	14146.29296875
84.0199966430664	13474.140625
84.0299987792969	13251.50390625
84.0400009155273	13280.5302734375
84.0500030517578	13412.6279296875
84.0599975585938	13798.7421875
84.0699996948242	13562.474609375
84.0800018310547	13337.46875
84.0899963378906	13409.71484375
84.0999984741211	13707.9912109375
84.1100006103516	13722.5302734375
84.120002746582	13447.4931640625
84.129997253418	13291.806640625
84.1399993896484	13288.779296875
84.1500015258789	13558.939453125
84.1600036621094	13500.84765625
84.1699981689453	13294.6015625
84.1800003051758	13295.703125
84.1900024414063	13510.166015625
84.1999969482422	13127.767578125
84.2099990844727	13136.6796875
84.2200012207031	13629.2529296875
84.2300033569336	13677.083984375
84.2399978637695	13117.248046875
84.25	12737.7138671875
84.2600021362305	13006.078125
84.2699966430664	13698.8203125
84.2799987792969	13789.7451171875
84.2900009155273	13436.203125
84.3000030517578	13191.4619140625
84.3099975585938	13321.423828125
84.3199996948242	13618.056640625
84.3300018310547	13505.0458984375
84.3399963378906	13503.8427734375
84.3499984741211	13434.0546875
84.3600006103516	13290.392578125
84.370002746582	13264.126953125
84.379997253418	12933.2265625
84.3899993896484	12853.5234375
84.4000015258789	13148.8994140625
84.4100036621094	12842.3212890625
84.4199981689453	12784.9970703125
84.4300003051758	13366.5029296875
84.4400024414063	13391.46875
84.4499969482422	13180.857421875
84.4599990844727	13099.6962890625
84.4700012207031	12877.861328125
84.4800033569336	12759.5595703125
84.4899978637695	13015.103515625
84.5	13161.794921875
84.5100021362305	13056.955078125
84.5199966430664	13314.9287109375
84.5299987792969	13511.8427734375
84.5400009155273	13464.2626953125
84.5500030517578	13259.3740234375
84.5599975585938	13021.3935546875
84.5699996948242	13416.6435546875
84.5800018310547	13938.0146484375
84.5899963378906	13743.14453125
84.5999984741211	12900.78515625
84.6100006103516	12801.7724609375
84.620002746582	13019.1494140625
84.629997253418	13106.8251953125
84.6399993896484	13181.0087890625
84.6500015258789	13347.0029296875
84.6600036621094	13350.509765625
84.6699981689453	12775.8310546875
84.6800003051758	12568.3369140625
84.6900024414063	12512.7763671875
84.6999969482422	12563.2900390625
84.7099990844727	12681.0654296875
84.7200012207031	13016.8125
84.7300033569336	12876.5791015625
84.7399978637695	12566.6669921875
84.75	12963.6259765625
84.7600021362305	13191.0869140625
84.7699966430664	13020.0126953125
84.7799987792969	13027.7275390625
84.7900009155273	13298.14453125
84.8000030517578	13195.3515625
84.8099975585938	13141.4111328125
84.8199996948242	13165.189453125
84.8300018310547	13043.4833984375
84.8399963378906	13395.44921875
84.8499984741211	13596.4736328125
84.8600006103516	13610.7412109375
84.870002746582	13720.947265625
84.879997253418	13411.619140625
84.8899993896484	12980.8818359375
84.9000015258789	13188.0927734375
84.9100036621094	12914.9140625
84.9199981689453	12678.2861328125
84.9300003051758	12675.974609375
84.9400024414063	12960.4365234375
84.9499969482422	13051.123046875
84.9599990844727	13061.3154296875
84.9700012207031	13274.908203125
84.9800033569336	13136.7841796875
84.9899978637695	12814.9345703125
85	12804.90234375
85.0100021362305	12731.7451171875
85.0199966430664	12600
85.0299987792969	12777.4501953125
85.0400009155273	12748.6279296875
85.0500030517578	12709.9814453125
85.0599975585938	12559.47265625
85.0699996948242	12560.48046875
85.0800018310547	12942.3076171875
85.0899963378906	13002.916015625
85.0999984741211	13030.361328125
85.1100006103516	13068.1806640625
85.120002746582	13165.5234375
85.129997253418	13329.8310546875
85.1399993896484	13022.732421875
85.1500015258789	13065.912109375
85.1600036621094	13428.1171875
85.1699981689453	13303.1455078125
85.1800003051758	13179.7314453125
85.1900024414063	13365.0751953125
85.1999969482422	13307.173828125
85.2099990844727	12972.0478515625
85.2200012207031	12696.240234375
85.2300033569336	12775.931640625
85.2399978637695	12851.8779296875
85.25	12855.509765625
85.2600021362305	12900
85.2699966430664	12863.025390625
85.2799987792969	12703.9794921875
85.2900009155273	12793.947265625
85.3000030517578	12857.6845703125
85.3099975585938	12774.10546875
85.3199996948242	12812.7841796875
85.3300018310547	13181.9052734375
85.3399963378906	13044.513671875
85.3499984741211	12771.9365234375
85.3600006103516	12770.62890625
85.370002746582	12972.626953125
85.379997253418	12605.4912109375
85.3899993896484	12104.021484375
85.4000015258789	12820.37890625
85.4100036621094	13782.462890625
85.4199981689453	13515.6494140625
85.4300003051758	12717.8408203125
85.4400024414063	12258.99609375
85.4499969482422	12382.6435546875
85.4599990844727	12801.6884765625
85.4700012207031	12774.23046875
85.4800033569336	12451.79296875
85.4899978637695	12472.3125
85.5	12700.66796875
85.5100021362305	12710.15234375
85.5199966430664	12723.1494140625
85.5299987792969	12819.8916015625
85.5400009155273	13050.9853515625
85.5500030517578	12824.00390625
85.5599975585938	12244.4248046875
85.5699996948242	12316.16796875
85.5800018310547	13024.224609375
85.5899963378906	13307.2783203125
85.5999984741211	12761.0810546875
85.6100006103516	12647.45703125
85.620002746582	13076.052734375
85.629997253418	13222.701171875
85.6399993896484	13008.9892578125
85.6500015258789	12995.4677734375
85.6600036621094	13189.369140625
85.6699981689453	12995.654296875
85.6800003051758	13019.4072265625
85.6900024414063	13026.0751953125
85.6999969482422	12830.3798828125
85.7099990844727	12645.84765625
85.7200012207031	12716.0703125
85.7300033569336	12819.9150390625
85.7399978637695	13011.173828125
85.75	13071.8369140625
85.7600021362305	12859.521484375
85.7699966430664	12828.552734375
85.7799987792969	13137.86328125
85.7900009155273	13258.236328125
85.8000030517578	13148.6025390625
85.8099975585938	12925.69140625
85.8199996948242	12560.498046875
85.8300018310547	12679.6181640625
85.8399963378906	12772.412109375
85.8499984741211	12668.0234375
85.8600006103516	12674.3251953125
85.870002746582	12684.6748046875
85.879997253418	12610
85.8899993896484	12434.376953125
85.9000015258789	12430.927734375
85.9100036621094	12526.9638671875
85.9199981689453	12603.904296875
85.9300003051758	12425.4990234375
85.9400024414063	12367.974609375
85.9499969482422	12608.9423828125
85.9599990844727	12752.5390625
85.9700012207031	12442.697265625
85.9800033569336	12006.6376953125
85.9899978637695	12017.67578125
86	12500.3720703125
86.0100021362305	12503.48046875
86.0199966430664	12430.10546875
86.0299987792969	12564.2392578125
86.0400009155273	12479.7158203125
86.0500030517578	12853.1484375
86.0599975585938	13100.599609375
86.0699996948242	12750.1201171875
86.0800018310547	12212.203125
86.0899963378906	11906.583984375
86.0999984741211	12168.5283203125
86.1100006103516	12612.650390625
86.120002746582	12569.62890625
86.129997253418	12614.7431640625
86.1399993896484	12523.0849609375
86.1500015258789	12337.8056640625
86.1600036621094	12728.8720703125
86.1699981689453	12945.5908203125
86.1800003051758	12998.779296875
86.1900024414063	13020.111328125
86.1999969482422	12772.5498046875
86.2099990844727	12714.220703125
86.2200012207031	12463.146484375
86.2300033569336	12335.0185546875
86.2399978637695	12740.17578125
86.25	13108.30859375
86.2600021362305	12967.873046875
86.2699966430664	12547.5947265625
86.2799987792969	12498.2626953125
86.2900009155273	12706.041015625
86.3000030517578	12861.8291015625
86.3099975585938	12872.5224609375
86.3199996948242	12842.158203125
86.3300018310547	12805.8955078125
86.3399963378906	12801.9345703125
86.3499984741211	12877.3974609375
86.3600006103516	12652.3984375
86.370002746582	12311.0068359375
86.379997253418	12559.9052734375
86.3899993896484	12611.552734375
86.4000015258789	12321.7822265625
86.4100036621094	11994.205078125
86.4199981689453	12092.619140625
86.4300003051758	12654.6533203125
86.4400024414063	12813.1162109375
86.4499969482422	12864.0517578125
86.4599990844727	13194.6669921875
86.4700012207031	13101.98046875
86.4800033569336	12570.494140625
86.4899978637695	12272.0322265625
86.5	12382.98046875
86.5100021362305	12375.84375
86.5199966430664	12277.060546875
86.5299987792969	12264.2177734375
86.5400009155273	12400.154296875
86.5500030517578	12636.53515625
86.5599975585938	12944.427734375
86.5699996948242	12704.208984375
86.5800018310547	12135.0654296875
86.5899963378906	12130.765625
86.5999984741211	12511.412109375
86.6100006103516	12993.873046875
86.620002746582	13042.55078125
86.629997253418	12613.576171875
86.6399993896484	12244.896484375
86.6500015258789	12176.802734375
86.6600036621094	12303.56640625
86.6699981689453	12148.8115234375
86.6800003051758	12080.927734375
86.6900024414063	12442.296875
86.6999969482422	12719.3935546875
86.7099990844727	12601.259765625
86.7200012207031	12364.00390625
86.7300033569336	12265.3505859375
86.7399978637695	12389.1826171875
86.75	12585.259765625
86.7600021362305	12555.4794921875
86.7699966430664	12483.3330078125
86.7799987792969	12422.8359375
86.7900009155273	12375.3056640625
86.8000030517578	12348.794921875
86.8099975585938	12402.97265625
86.8199996948242	12233.1591796875
86.8300018310547	12043.11328125
86.8399963378906	12152.283203125
86.8499984741211	12414.8076171875
86.8600006103516	12419.1708984375
86.870002746582	12456.56640625
86.879997253418	12589.779296875
86.8899993896484	12524.734375
86.9000015258789	12611.212890625
86.9100036621094	12828.8671875
86.9199981689453	12821.19140625
86.9300003051758	12451.0849609375
86.9400024414063	12216.6669921875
86.9499969482422	12310.99609375
86.9599990844727	12391.4287109375
86.9700012207031	12306.2255859375
86.9800033569336	12344.6591796875
86.9899978637695	12355.8447265625
87	12249.5556640625
87.0100021362305	12096.505859375
87.0199966430664	11855.544921875
87.0299987792969	11963.5966796875
87.0400009155273	12405.7841796875
87.0500030517578	12906.484375
87.0599975585938	12757.12890625
87.0699996948242	12486.060546875
87.0800018310547	12787.53125
87.0899963378906	12719.580078125
87.0999984741211	12398.169921875
87.1100006103516	12299.6416015625
87.120002746582	12206.7578125
87.129997253418	12218.3779296875
87.1399993896484	12461.5107421875
87.1500015258789	12625.1630859375
87.1600036621094	12251.162109375
87.1699981689453	12426.6142578125
87.1800003051758	12941.515625
87.1900024414063	12780.6767578125
87.1999969482422	12353.5927734375
87.2099990844727	12312.10546875
87.2200012207031	12584.1484375
87.2300033569336	12641.798828125
87.2399978637695	12150.78515625
87.25	11878.1005859375
87.2600021362305	12057.97265625
87.2699966430664	11788.2978515625
87.2799987792969	11744.248046875
87.2900009155273	12330.0908203125
87.3000030517578	12556.349609375
87.3099975585938	12332.529296875
87.3199996948242	12249.806640625
87.3300018310547	12401.8525390625
87.3399963378906	12322.4267578125
87.3499984741211	11906.552734375
87.3600006103516	11859.546875
87.370002746582	11773.076171875
87.379997253418	11751.607421875
87.3899993896484	12479.494140625
87.4000015258789	12739.5146484375
87.4100036621094	12466.6669921875
87.4199981689453	12466.6669921875
87.4300003051758	12533.7607421875
87.4400024414063	12340.1298828125
87.4499969482422	12401.7353515625
87.4599990844727	12331.4130859375
87.4700012207031	12259.7333984375
87.4800033569336	12374.2197265625
87.4899978637695	12283.693359375
87.5	12500.365234375
87.5100021362305	12625.0224609375
87.5199966430664	12549.8173828125
87.5299987792969	12207.88671875
87.5400009155273	11950
87.5500030517578	11766.521484375
87.5599975585938	11833.4140625
87.5699996948242	12433.2822265625
87.5800018310547	12616.76953125
87.5899963378906	12433.3515625
87.5999984741211	12424.9873046875
87.6100006103516	12491.548828125
87.620002746582	12392.060546875
87.629997253418	12249.951171875
87.6399993896484	12590.5546875
87.6500015258789	12493.3193359375
87.6600036621094	12298.9833984375
87.6699981689453	12375.763671875
87.6800003051758	12133.7744140625
87.6900024414063	12099.7119140625
87.6999969482422	12058.904296875
87.7099990844727	11850.78125
87.7200012207031	11600.9541015625
87.7300033569336	11838.806640625
87.7399978637695	12398.5166015625
87.75	12492.451171875
87.7600021362305	12548.646484375
87.7699966430664	12394.59375
87.7799987792969	12017.3310546875
87.7900009155273	12065.4501953125
87.8000030517578	12455.337890625
87.8099975585938	12552.08203125
87.8199996948242	12004.3349609375
87.8300018310547	11707.412109375
87.8399963378906	11956.1015625
87.8499984741211	11952.423828125
87.8600006103516	12144.75390625
87.870002746582	12516.90234375
87.879997253418	12007.3076171875
87.8899993896484	11836.513671875
87.9000015258789	12454.05859375
87.9100036621094	12651.333984375
87.9199981689453	12525.6865234375
87.9300003051758	12491.525390625
87.9400024414063	12434.494140625
87.9499969482422	12423.9580078125
87.9599990844727	12442.4306640625
87.9700012207031	12539.00390625
87.9800033569336	12740.54296875
87.9899978637695	12652.958984375
88	12271.3779296875
88.0100021362305	12147.58984375
88.0199966430664	12462.443359375
88.0299987792969	12462.830078125
88.0400009155273	12005.51171875
88.0500030517578	11994.373046875
88.0599975585938	12469.8310546875
88.0699996948242	12301.236328125
88.0800018310547	11948.40625
88.0899963378906	11870.3212890625
88.0999984741211	12033.5986328125
88.1100006103516	12496.6279296875
88.120002746582	12373.533203125
88.129997253418	12002.62109375
88.1399993896484	11786.4453125
88.1500015258789	11601.8095703125
88.1600036621094	11849.36328125
88.1699981689453	12037.54296875
88.1800003051758	11802.376953125
88.1900024414063	12048.4296875
88.1999969482422	12319.12109375
88.2099990844727	12168.66015625
88.2200012207031	12108.080078125
88.2300033569336	12043.9794921875
88.2399978637695	11990.884765625
88.25	11879.498046875
88.2600021362305	11902.6953125
88.2699966430664	12034.966796875
88.2799987792969	11894.7041015625
88.2900009155273	11961.0673828125
88.3000030517578	12052.837890625
88.3099975585938	12022.986328125
88.3199996948242	12035.08203125
88.3300018310547	11919.029296875
88.3399963378906	12018.7177734375
88.3499984741211	12304.39453125
88.3600006103516	12633.3828125
88.370002746582	12730.28125
88.379997253418	12358.8056640625
88.3899993896484	12116.6669921875
88.4000015258789	12052.5771484375
88.4100036621094	11687.060546875
88.4199981689453	11454.7060546875
88.4300003051758	11558
88.4400024414063	11942.474609375
88.4499969482422	12270.0791015625
88.4599990844727	12063.5087890625
88.4700012207031	11973.255859375
88.4800033569336	12184.259765625
88.4899978637695	11935.91796875
88.5	11737.7490234375
88.5100021362305	12120.994140625
88.5199966430664	12168.8740234375
88.5299987792969	12068.8974609375
88.5400009155273	12231.5263671875
88.5500030517578	12522.3447265625
88.5599975585938	12384.5791015625
88.5699996948242	12166.6669921875
88.5800018310547	11920.447265625
88.5899963378906	11808.775390625
88.5999984741211	12038.8779296875
88.6100006103516	12115.8623046875
88.620002746582	12101.6240234375
88.629997253418	12122.1318359375
88.6399993896484	12310.0498046875
88.6500015258789	12418.3359375
88.6600036621094	12003.5498046875
88.6699981689453	11931.3017578125
88.6800003051758	12269.2392578125
88.6900024414063	12113.9560546875
88.6999969482422	11770.9873046875
88.7099990844727	11792.9296875
88.7200012207031	12226.23046875
88.7300033569336	12248.3818359375
88.7399978637695	12093.021484375
88.75	12011.5205078125
88.7600021362305	11894.8798828125
88.7699966430664	11872.685546875
88.7799987792969	11956
88.7900009155273	11905.64453125
88.8000030517578	11870.732421875
88.8099975585938	11989.27734375
88.8199996948242	11899.85546875
88.8300018310547	11938.349609375
88.8399963378906	12220.5966796875
88.8499984741211	12354.8828125
88.8600006103516	12573.3984375
88.870002746582	12585.5107421875
88.879997253418	12266.90625
88.8899993896484	12179.26953125
88.9000015258789	12077.92578125
88.9100036621094	12008.41796875
88.9199981689453	12392.234375
88.9300003051758	12533.892578125
88.9400024414063	12313.0751953125
88.9499969482422	12092.8837890625
88.9599990844727	12385.67578125
88.9700012207031	12876.6142578125
88.9800033569336	12553.9228515625
88.9899978637695	12310.1201171875
89	12307.6904296875
89.0100021362305	11965.4853515625
89.0199966430664	11981.0693359375
89.0299987792969	12361.0615234375
89.0400009155273	12294.619140625
89.0500030517578	11930.298828125
89.0599975585938	11623.52734375
89.0699996948242	11826.98046875
89.0800018310547	12454.7275390625
89.0899963378906	12472.1513671875
89.0999984741211	11823.466796875
89.1100006103516	11652.4970703125
89.120002746582	12300.0625
89.129997253418	12591.1416015625
89.1399993896484	12241.7548828125
89.1500015258789	12209.4033203125
89.1600036621094	12563.8447265625
89.1699981689453	12309.5576171875
89.1800003051758	11845.3876953125
89.1900024414063	12395.8525390625
89.1999969482422	12724.1533203125
89.2099990844727	12285.3193359375
89.2200012207031	11684.3427734375
89.2300033569336	11618.09375
89.2399978637695	11871.806640625
89.25	12132.0126953125
89.2600021362305	12221.9013671875
89.2699966430664	11987.232421875
89.2799987792969	12002.4521484375
89.2900009155273	12305.94140625
89.3000030517578	12428.5625
89.3099975585938	12397.03515625
89.3199996948242	12335.3779296875
89.3300018310547	11930.1064453125
89.3399963378906	11910.8115234375
89.3499984741211	11985.1904296875
89.3600006103516	11819.3984375
89.370002746582	12173.3115234375
89.379997253418	12610.404296875
89.3899993896484	12415.26953125
89.4000015258789	12063.955078125
89.4100036621094	11929.125
89.4199981689453	11975.705078125
89.4300003051758	11905.669921875
89.4400024414063	12153.4111328125
89.4499969482422	12495.2470703125
89.4599990844727	12366.2509765625
89.4700012207031	12061.19921875
89.4800033569336	12022.03515625
89.4899978637695	12137.4228515625
89.5	11899.7451171875
89.5100021362305	11594.927734375
89.5199966430664	11479.0576171875
89.5299987792969	11716.80078125
89.5400009155273	11945.599609375
89.5500030517578	11880.1611328125
89.5599975585938	11571.205078125
89.5699996948242	11660.560546875
89.5800018310547	11909.0302734375
89.5899963378906	12068.0947265625
89.5999984741211	12059.2509765625
89.6100006103516	12131.4111328125
89.620002746582	12251.783203125
89.629997253418	11974.7509765625
89.6399993896484	11707.8544921875
89.6500015258789	11782.640625
89.6600036621094	12254.7958984375
89.6699981689453	12281.8525390625
89.6800003051758	11818.732421875
89.6900024414063	12204.494140625
89.6999969482422	12756.45703125
89.7099990844727	12344.8193359375
89.7200012207031	11828.068359375
89.7300033569336	11760.1220703125
89.7399978637695	11878.4033203125
89.75	11895.79296875
89.7600021362305	11744.9375
89.7699966430664	11759.18359375
89.7799987792969	12053.2900390625
89.7900009155273	12012.658203125
89.8000030517578	11588.591796875
89.8099975585938	11529.6748046875
89.8199996948242	11794.8974609375
89.8300018310547	11655.5390625
89.8399963378906	11424.142578125
89.8499984741211	11642.5517578125
89.8600006103516	12019.49609375
89.870002746582	11965.11328125
89.879997253418	11701.744140625
89.8899993896484	11996.5595703125
89.9000015258789	12293.8828125
89.9100036621094	12101.376953125
89.9199981689453	11932.9765625
89.9300003051758	11857.443359375
89.9400024414063	12000.5849609375
89.9499969482422	11951.013671875
89.9599990844727	12025.240234375
89.9700012207031	12502.00390625
89.9800033569336	12128.5537109375
89.9899978637695	11583.3330078125
90	11583.3330078125
