M23/1	
θ/2θ, °	Intensity, cps
3	114320.6015625
3.00999999046326	111618.859375
3.01999998092651	114022.1875
3.02999997138977	115261.28125
3.03999996185303	116546.984375
3.04999995231628	115215.40625
3.05999994277954	114886.125
3.0699999332428	113767.8828125
3.07999992370605	111039.875
3.08999991416931	105535.7109375
3.09999990463257	106512.9453125
3.10999989509583	106920.9140625
3.11999988555908	109230.0234375
3.13000011444092	107739.96875
3.14000010490417	105632.9453125
3.15000009536743	104921.3359375
3.16000008583069	103951.0390625
3.17000007629395	106967.0625
3.1800000667572	103786.953125
3.19000005722046	104357.90625
3.20000004768372	104211.1796875
3.21000003814697	101257.7109375
3.22000002861023	101829.2265625
3.23000001907349	105965.6875
3.24000000953674	105040.015625
3.25	102154.359375
3.25999999046326	101679.1171875
3.26999998092651	100547.875
3.27999997138977	99809.5625
3.28999996185303	99966.9453125
3.29999995231628	99610.9765625
3.30999994277954	99204.53125
3.3199999332428	99719.8359375
3.32999992370605	100390.3515625
3.33999991416931	99169.2265625
3.34999990463257	99998.03125
3.35999989509583	101717.578125
3.36999988555908	100106.2265625
3.38000011444092	98515.2734375
3.39000010490417	97102.1171875
3.40000009536743	94395.3828125
3.41000008583069	91091.0625
3.42000007629395	92967.5859375
3.4300000667572	93861.4921875
3.44000005722046	90623.9765625
3.45000004768372	93088.65625
3.46000003814697	97692.296875
3.47000002861023	95882.4296875
3.48000001907349	94573.9765625
3.49000000953674	91177.8515625
3.5	91341.5078125
3.50999999046326	90035.8515625
3.51999998092651	89943.8515625
3.52999997138977	90830.7109375
3.53999996185303	89424.3046875
3.54999995231628	88912.4296875
3.55999994277954	90233.5078125
3.5699999332428	89943.46875
3.57999992370605	92234.6875
3.58999991416931	89960.4453125
3.59999990463257	84548.046875
3.60999989509583	88144.921875
3.61999988555908	89984.328125
3.63000011444092	85356.171875
3.64000010490417	83632.265625
3.65000009536743	86494.0625
3.66000008583069	88294.7265625
3.67000007629395	84786.8203125
3.6800000667572	88038.125
3.69000005722046	87641.5703125
3.70000004768372	86490.59375
3.71000003814697	86417.453125
3.72000002861023	84684.4375
3.73000001907349	85669.4609375
3.74000000953674	84495.9609375
3.75	82422.9453125
3.75999999046326	85036.34375
3.76999998092651	84691.65625
3.77999997138977	83665.328125
3.78999996185303	86618.5234375
3.79999995231628	85607.8984375
3.80999994277954	81233.9609375
3.8199999332428	79110.5859375
3.82999992370605	81145.46875
3.83999991416931	80566.84375
3.84999990463257	81448.9921875
3.85999989509583	83963.4453125
3.86999988555908	82917.1484375
3.88000011444092	83152.4765625
3.89000010490417	83180.4140625
3.90000009536743	83524.4921875
3.91000008583069	79411.6875
3.92000007629395	80499.2578125
3.9300000667572	79396.2421875
3.94000005722046	78415.0234375
3.95000004768372	78296.4609375
3.96000003814697	76779.9140625
3.97000002861023	76712.953125
3.98000001907349	80543.9375
3.99000000953674	79896.3515625
4	76714.546875
4.01000022888184	74898.8671875
4.01999998092651	79012.9453125
4.03000020980835	77337.0546875
4.03999996185303	75460.8671875
4.05000019073486	73365.296875
4.05999994277954	74821.0703125
4.07000017166138	80758.0859375
4.07999992370605	79245.3515625
4.09000015258789	79237.21875
4.09999990463257	77764.6015625
4.1100001335144	76208.7265625
4.11999988555908	77252.78125
4.13000011444092	76576.6015625
4.1399998664856	76558.7109375
4.15000009536743	77916.75
4.15999984741211	74989.34375
4.17000007629395	73815.3828125
4.17999982833862	73415.9375
4.19000005722046	73574.8125
4.19999980926514	73103.0859375
4.21000003814697	74418.8359375
4.21999979019165	76311.125
4.23000001907349	73726.3203125
4.23999977111816	73012.2890625
4.25	73464.5625
4.26000022888184	72603.09375
4.26999998092651	70731.859375
4.28000020980835	73086.96875
4.28999996185303	71236.9296875
4.30000019073486	69985.8046875
4.30999994277954	71448.3125
4.32000017166138	70521.78125
4.32999992370605	72314.8046875
4.34000015258789	68999.0546875
4.34999990463257	69505.359375
4.3600001335144	70233.7421875
4.36999988555908	69657.46875
4.38000011444092	69704.203125
4.3899998664856	72207.6328125
4.40000009536743	71861.0703125
4.40999984741211	69687.1484375
4.42000007629395	70205.4921875
4.42999982833862	68529.828125
4.44000005722046	68771.765625
4.44999980926514	73452.828125
4.46000003814697	72776.8046875
4.46999979019165	70808.046875
4.48000001907349	68903.453125
4.48999977111816	68958.1640625
4.5	67949.8125
4.51000022888184	67438.4609375
4.51999998092651	68267.7890625
4.53000020980835	68814.65625
4.53999996185303	69160.1796875
4.55000019073486	68002.2421875
4.55999994277954	66820.4296875
4.57000017166138	68857.34375
4.57999992370605	69689.265625
4.59000015258789	66422.0546875
4.59999990463257	66173.7578125
4.6100001335144	66378.0625
4.61999988555908	67716.78125
4.63000011444092	66975.5859375
4.6399998664856	67370.625
4.65000009536743	69287.40625
4.65999984741211	69140.265625
4.67000007629395	68674.2109375
4.67999982833862	69716.125
4.69000005722046	66892.6796875
4.69999980926514	67527.359375
4.71000003814697	67049.6640625
4.71999979019165	65151.26953125
4.73000001907349	64256.57421875
4.73999977111816	66057.59375
4.75	66854.53125
4.76000022888184	65544.234375
4.76999998092651	65944.5390625
4.78000020980835	63632.109375
4.78999996185303	64404.18359375
4.80000019073486	64686.25390625
4.80999994277954	66374.2890625
4.82000017166138	66349.3984375
4.82999992370605	64796.66796875
4.84000015258789	64075.40234375
4.84999990463257	65819.75
4.8600001335144	66361.3515625
4.86999988555908	64067.05078125
4.88000011444092	64076.30859375
4.8899998664856	65732.921875
4.90000009536743	65206.65625
4.90999984741211	63002.30078125
4.92000007629395	62775.53515625
4.92999982833862	64109.1015625
4.94000005722046	62907.31640625
4.94999980926514	64217.64453125
4.96000003814697	64191.33984375
4.96999979019165	61145.4296875
4.98000001907349	59613.4375
4.98999977111816	61623.53125
5	63383.22265625
5.01000022888184	65217.125
5.01999998092651	64531.04296875
5.03000020980835	63776.09375
5.03999996185303	64576.015625
5.05000019073486	63632.95703125
5.05999994277954	63736.25390625
5.07000017166138	63708.02734375
5.07999992370605	63252.67578125
5.09000015258789	61053.0234375
5.09999990463257	58917.73828125
5.1100001335144	59588.13671875
5.11999988555908	60817.80078125
5.13000011444092	60868.0859375
5.1399998664856	60798.12109375
5.15000009536743	62358.2421875
5.15999984741211	60488.1015625
5.17000007629395	61874.86328125
5.17999982833862	61319.125
5.19000005722046	59144.53125
5.19999980926514	61718.734375
5.21000003814697	60385.8515625
5.21999979019165	59732.84765625
5.23000001907349	61522.703125
5.23999977111816	61027.22265625
5.25	58840.0546875
5.26000022888184	59268.63671875
5.26999998092651	58650.1953125
5.28000020980835	58842.0390625
5.28999996185303	60375.796875
5.30000019073486	59992.7890625
5.30999994277954	60090.23046875
5.32000017166138	59887.9921875
5.32999992370605	61156.171875
5.34000015258789	60328.74609375
5.34999990463257	59956.19140625
5.3600001335144	60430.56640625
5.36999988555908	59811.625
5.38000011444092	59715.02734375
5.3899998664856	59337.65234375
5.40000009536743	56755.87890625
5.40999984741211	57313.41015625
5.42000007629395	57083.41015625
5.42999982833862	58071.73046875
5.44000005722046	56895.6171875
5.44999980926514	57406.41796875
5.46000003814697	57554.3515625
5.46999979019165	58527.57421875
5.48000001907349	58326.2109375
5.48999977111816	58461.2734375
5.5	57326.3359375
5.51000022888184	58148.375
5.51999998092651	58652.09375
5.53000020980835	58785.88671875
5.53999996185303	59779.1953125
5.55000019073486	60103.18359375
5.55999994277954	59309.9375
5.57000017166138	54887.98828125
5.57999992370605	55240.03125
5.59000015258789	54478.828125
5.59999990463257	54668.31640625
5.6100001335144	55584.5625
5.61999988555908	58104.89453125
5.63000011444092	58639.51953125
5.6399998664856	56067.61328125
5.65000009536743	54511.54296875
5.65999984741211	56214.8828125
5.67000007629395	55189.5859375
5.67999982833862	57074.48828125
5.69000005722046	57335.1328125
5.69999980926514	54774.37890625
5.71000003814697	55253.68359375
5.71999979019165	55858.51953125
5.73000001907349	55711.69140625
5.73999977111816	56718.94921875
5.75	56020.921875
5.76000022888184	54599.8203125
5.76999998092651	55130.671875
5.78000020980835	58477.265625
5.78999996185303	57494.27734375
5.80000019073486	57508.17578125
5.80999994277954	56311.2734375
5.82000017166138	55889.2421875
5.82999992370605	56101.17578125
5.84000015258789	54575.45703125
5.84999990463257	54342.74609375
5.8600001335144	53133.59765625
5.86999988555908	53748.69921875
5.88000011444092	54306.69140625
5.8899998664856	53283.41015625
5.90000009536743	53421.7265625
5.90999984741211	54076.87109375
5.92000007629395	54030.15234375
5.92999982833862	55085.42578125
5.94000005722046	54307.421875
5.94999980926514	54247.06640625
5.96000003814697	52751.69140625
5.96999979019165	52819.0859375
5.98000001907349	53540.3984375
5.98999977111816	51920.34375
6	52542.45703125
6.01000022888184	53825.12109375
6.01999998092651	53559.96484375
6.03000020980835	50913.0703125
6.03999996185303	54367.5
6.05000019073486	54356.359375
6.05999994277954	54790.35546875
6.07000017166138	52611.97265625
6.07999992370605	52539.9765625
6.09000015258789	52525.70703125
6.09999990463257	51673.37890625
6.1100001335144	50429.1953125
6.11999988555908	50478.85546875
6.13000011444092	52050.52734375
6.1399998664856	51142.16796875
6.15000009536743	52489.58203125
6.15999984741211	52418.4921875
6.17000007629395	51822.21484375
6.17999982833862	49979.1640625
6.19000005722046	51633.1953125
6.19999980926514	51709.171875
6.21000003814697	49117.875
6.21999979019165	50113.19140625
6.23000001907349	50866.53515625
6.23999977111816	51779.4140625
6.25	50769.63671875
6.26000022888184	51829.98046875
6.26999998092651	50331.2578125
6.28000020980835	50248.20703125
6.28999996185303	51053.6875
6.30000019073486	50223.74609375
6.30999994277954	49701.38671875
6.32000017166138	47830.84765625
6.32999992370605	49069.453125
6.34000015258789	50454.2890625
6.34999990463257	49037.203125
6.3600001335144	48773.1015625
6.36999988555908	50678.0546875
6.38000011444092	50465.765625
6.3899998664856	48431.01171875
6.40000009536743	49560.5859375
6.40999984741211	48908.98046875
6.42000007629395	48798.8046875
6.42999982833862	47278.4609375
6.44000005722046	47742.55078125
6.44999980926514	49729.14453125
6.46000003814697	48246.46875
6.46999979019165	49553.55859375
6.48000001907349	49855.7421875
6.48999977111816	47292.0625
6.5	47299.8515625
6.51000022888184	48201.625
6.51999998092651	47490.25390625
6.53000020980835	46600.88671875
6.53999996185303	46267.921875
6.55000019073486	46248.2109375
6.55999994277954	46312.44921875
6.57000017166138	46826.1171875
6.57999992370605	46357.1171875
6.59000015258789	46916.73828125
6.59999990463257	47604.73046875
6.6100001335144	47084.27734375
6.61999988555908	46875.37890625
6.63000011444092	46670.50390625
6.6399998664856	45992.87890625
6.65000009536743	46660.17578125
6.65999984741211	47126.6328125
6.67000007629395	47146.98828125
6.67999982833862	45932.19140625
6.69000005722046	47002.44921875
6.69999980926514	46964.33984375
6.71000003814697	46056.515625
6.71999979019165	45879.59375
6.73000001907349	46784.79296875
6.73999977111816	46394.63671875
6.75	47357.140625
6.76000022888184	46396.34765625
6.76999998092651	45324.53125
6.78000020980835	46516.55859375
6.78999996185303	46526.58984375
6.80000019073486	46339.24609375
6.80999994277954	46384.390625
6.82000017166138	45338.60546875
6.82999992370605	45510.15625
6.84000015258789	45768.34375
6.84999990463257	44728.6953125
6.8600001335144	46428.14453125
6.86999988555908	46364.60546875
6.88000011444092	44823.91796875
6.8899998664856	44492.16796875
6.90000009536743	45052.08984375
6.90999984741211	45479.96875
6.92000007629395	45762.11328125
6.92999982833862	44176.17578125
6.94000005722046	43605.50390625
6.94999980926514	43649.79296875
6.96000003814697	44072.87109375
6.96999979019165	45242.64453125
6.98000001907349	45904.12109375
6.98999977111816	43288.734375
7	42336.66015625
7.01000022888184	43164.25
7.01999998092651	43131.7578125
7.03000020980835	44579.875
7.03999996185303	44159.1875
7.05000019073486	42703.33203125
7.05999994277954	41664.046875
7.07000017166138	40624.79296875
7.07999992370605	44160.28515625
7.09000015258789	43391.2890625
7.09999990463257	43561.65234375
7.1100001335144	44004.86328125
7.11999988555908	43968.63671875
7.13000011444092	44538.2109375
7.1399998664856	44486.609375
7.15000009536743	43583.12109375
7.15999984741211	42372.3203125
7.17000007629395	42866.18359375
7.17999982833862	41925.68359375
7.19000005722046	41830.609375
7.19999980926514	43103.34765625
7.21000003814697	44058.64453125
7.21999979019165	43146.16796875
7.23000001907349	41346.140625
7.23999977111816	41609.9375
7.25	43742.66796875
7.26000022888184	44501.0078125
7.26999998092651	42754.66015625
7.28000020980835	43210.05078125
7.28999996185303	42309.5703125
7.30000019073486	41838.73046875
7.30999994277954	41841.81640625
7.32000017166138	42452.16796875
7.32999992370605	42577.33984375
7.34000015258789	41646.77734375
7.34999990463257	41420.2734375
7.3600001335144	42754.48046875
7.36999988555908	42211.828125
7.38000011444092	40889.2890625
7.3899998664856	41277.92578125
7.40000009536743	40857.84375
7.40999984741211	41067.44921875
7.42000007629395	41842.9140625
7.42999982833862	42254.171875
7.44000005722046	42941.49609375
7.44999980926514	41169.12890625
7.46000003814697	41383.4921875
7.46999979019165	40428.28515625
7.48000001907349	40365.64453125
7.48999977111816	39818.89453125
7.5	39629.39453125
7.51000022888184	41215.3125
7.51999998092651	41618.19140625
7.53000020980835	42155.67578125
7.53999996185303	40836.37109375
7.55000019073486	40668.9375
7.55999994277954	41257.8984375
7.57000017166138	40593.234375
7.57999992370605	40443.4453125
7.59000015258789	39042.16015625
7.59999990463257	38116.9765625
7.6100001335144	39858.7890625
7.61999988555908	40806.87109375
7.63000011444092	39415.58984375
7.6399998664856	39005.98828125
7.65000009536743	39720.70703125
7.65999984741211	39387.0859375
7.67000007629395	39454.83203125
7.67999982833862	39040.68359375
7.69000005722046	38992.40234375
7.69999980926514	39510.21484375
7.71000003814697	40746.39453125
7.71999979019165	40613.46484375
7.73000001907349	40642.6171875
7.73999977111816	41313.640625
7.75	41820.99609375
7.76000022888184	38840.0546875
7.76999998092651	40711.35546875
7.78000020980835	40381.015625
7.78999996185303	40169.30859375
7.80000019073486	38644.68359375
7.80999994277954	39663.9140625
7.82000017166138	40251.41796875
7.82999992370605	38936.1875
7.84000015258789	38406.59375
7.84999990463257	37566.6796875
7.8600001335144	37435.50390625
7.86999988555908	40568.72265625
7.88000011444092	39717.5234375
7.8899998664856	39738.91796875
7.90000009536743	39845.57421875
7.90999984741211	39991.60546875
7.92000007629395	39748.65234375
7.92999982833862	37716.51171875
7.94000005722046	37685.39453125
7.94999980926514	37638.53515625
7.96000003814697	37745.73046875
7.96999979019165	37161.13671875
7.98000001907349	38068.40234375
7.98999977111816	37996.59375
8	38216.7265625
8.01000022888184	37332.3046875
8.02000045776367	38073.0703125
8.02999973297119	38801.41796875
8.03999996185303	37550.65234375
8.05000019073486	37291.50390625
8.0600004196167	36446.4140625
8.06999969482422	38388.34765625
8.07999992370605	36987.07421875
8.09000015258789	38680.8125
8.10000038146973	37733.15625
8.10999965667725	35827.37109375
8.11999988555908	36638.1796875
8.13000011444092	37026.08203125
8.14000034332275	36543.515625
8.14999961853027	36449.98828125
8.15999984741211	37778.84375
8.17000007629395	36991.5234375
8.18000030517578	38293.796875
8.1899995803833	37732.359375
8.19999980926514	37117.203125
8.21000003814697	37717.69140625
8.22000026702881	36994.58203125
8.22999954223633	36597.83984375
8.23999977111816	36433.11328125
8.25	36604.4765625
8.26000022888184	36786.27734375
8.27000045776367	38531.6171875
8.27999973297119	37277.3203125
8.28999996185303	36498.37109375
8.30000019073486	38345.87109375
8.3100004196167	37288.6953125
8.31999969482422	36734.33203125
8.32999992370605	36528.27734375
8.34000015258789	37088.9296875
8.35000038146973	36317.05859375
8.35999965667725	35277.5234375
8.36999988555908	36265.44921875
8.38000011444092	35484.421875
8.39000034332275	36758.88671875
8.39999961853027	36491.03515625
8.40999984741211	35833.0390625
8.42000007629395	35939.76953125
8.43000030517578	36928.328125
8.4399995803833	36264.046875
8.44999980926514	35872.8828125
8.46000003814697	36621.76171875
8.47000026702881	36478.53515625
8.47999954223633	36218.94140625
8.48999977111816	37595.2890625
8.5	34945.49609375
8.51000022888184	35770.8046875
8.52000045776367	36926.78125
8.52999973297119	35942.10546875
8.53999996185303	35257.80859375
8.55000019073486	34356.62109375
8.5600004196167	34923.4375
8.56999969482422	36122.09375
8.57999992370605	35327.4375
8.59000015258789	34930.0390625
8.60000038146973	36031.8984375
8.60999965667725	35753.75
8.61999988555908	36101.65234375
8.63000011444092	36967.84375
8.64000034332275	36675.80859375
8.64999961853027	35193.8203125
8.65999984741211	36107.75
8.67000007629395	36235.69140625
8.68000030517578	36604.16796875
8.6899995803833	37025.4140625
8.69999980926514	35639.3984375
8.71000003814697	36874.73046875
8.72000026702881	34659.13671875
8.72999954223633	34659.6640625
8.73999977111816	34069.31640625
8.75	34288.30078125
8.76000022888184	34535.8515625
8.77000045776367	35077.82421875
8.77999973297119	36399.05859375
8.78999996185303	34943.00390625
8.80000019073486	37022
8.8100004196167	34529.0234375
8.81999969482422	33532.75390625
8.82999992370605	35820.08203125
8.84000015258789	34632.88671875
8.85000038146973	35202.0859375
8.85999965667725	34895.91796875
8.86999988555908	34635.46484375
8.88000011444092	34774.4921875
8.89000034332275	35010.07421875
8.89999961853027	35250.5546875
8.90999984741211	36198.13671875
8.92000007629395	35791.734375
8.93000030517578	35392.01171875
8.9399995803833	35164.30078125
8.94999980926514	32908.44921875
8.96000003814697	34170.64453125
8.97000026702881	34205.2734375
8.97999954223633	34859.578125
8.98999977111816	35487.4453125
9	34398.03515625
9.01000022888184	34791.6875
9.02000045776367	34898.87109375
9.02999973297119	35560.859375
9.03999996185303	36153.50390625
9.05000019073486	35229.8203125
9.0600004196167	34035.5234375
9.06999969482422	33018.5859375
9.07999992370605	33921.390625
9.09000015258789	34547.9609375
9.10000038146973	33637.3125
9.10999965667725	32637.509765625
9.11999988555908	33221.5859375
9.13000011444092	34000.109375
9.14000034332275	34749.421875
9.14999961853027	33712.7109375
9.15999984741211	34938.79296875
9.17000007629395	33858.4453125
9.18000030517578	33354.33984375
9.1899995803833	33372.21875
9.19999980926514	34319.48046875
9.21000003814697	33754.87109375
9.22000026702881	33342.734375
9.22999954223633	34299.91015625
9.23999977111816	34472.546875
9.25	34325.46484375
9.26000022888184	34244.22265625
9.27000045776367	33393.7265625
9.27999973297119	32901.4921875
9.28999996185303	34048.11328125
9.30000019073486	33832.58203125
9.3100004196167	34411.0234375
9.31999969482422	34989.98828125
9.32999992370605	33477.1796875
9.34000015258789	32803.7734375
9.35000038146973	33244.27734375
9.35999965667725	32657.55859375
9.36999988555908	33308.22265625
9.38000011444092	32520.267578125
9.39000034332275	33312.44140625
9.39999961853027	33751.5234375
9.40999984741211	32331.66796875
9.42000007629395	32834.8046875
9.43000030517578	33130.7734375
9.4399995803833	33417.56640625
9.44999980926514	32581.8359375
9.46000003814697	32431.84765625
9.47000026702881	33176.796875
9.47999954223633	33365.91015625
9.48999977111816	32599.708984375
9.5	32086.615234375
9.51000022888184	33230.859375
9.52000045776367	33601.68359375
9.52999973297119	33057.75
9.53999996185303	32972.59375
9.55000019073486	32601.4375
9.5600004196167	32176.744140625
9.56999969482422	34186.46875
9.57999992370605	33081.3046875
9.59000015258789	33091.41796875
9.60000038146973	32561.15234375
9.60999965667725	32136.603515625
9.61999988555908	31915.513671875
9.63000011444092	32531.85546875
9.64000034332275	32742.763671875
9.64999961853027	32452.34375
9.65999984741211	32013.23046875
9.67000007629395	33087.83984375
9.68000030517578	32687.279296875
9.6899995803833	32619.25
9.69999980926514	33201.5390625
9.71000003814697	32496.18359375
9.72000026702881	32527.8515625
9.72999954223633	31813.548828125
9.73999977111816	32510.00390625
9.75	32947.4140625
9.76000022888184	32751.255859375
9.77000045776367	32136.5
9.77999973297119	32553.26171875
9.78999996185303	32830.77734375
9.80000019073486	32213.0859375
9.8100004196167	33420.8828125
9.81999969482422	33193.87890625
9.82999992370605	31470.703125
9.84000015258789	32036.150390625
9.85000038146973	32109.28125
9.85999965667725	32200.734375
9.86999988555908	31339.033203125
9.88000011444092	31550.345703125
9.89000034332275	31353.029296875
9.89999961853027	32311.095703125
9.90999984741211	32577.392578125
9.92000007629395	31613.83984375
9.93000030517578	31112.5390625
9.9399995803833	31157.712890625
9.94999980926514	32437.90625
9.96000003814697	32417.2265625
9.97000026702881	31763.923828125
9.97999954223633	32637.759765625
9.98999977111816	32388.00390625
10	31597.78515625
10.0100002288818	31458.158203125
10.0200004577637	30810.751953125
10.0299997329712	31533.724609375
10.039999961853	31860.337890625
10.0500001907349	31530.892578125
10.0600004196167	31482.6015625
10.0699996948242	31923.298828125
10.0799999237061	32421.966796875
10.0900001525879	32684.619140625
10.1000003814697	32185.59765625
10.1099996566772	31843.169921875
10.1199998855591	31591.1015625
10.1300001144409	30889.115234375
10.1400003433228	30242.931640625
10.1499996185303	30740.232421875
10.1599998474121	31375.30078125
10.1700000762939	31635.611328125
10.1800003051758	32144.544921875
10.1899995803833	31548.185546875
10.1999998092651	32041.623046875
10.210000038147	32285.302734375
10.2200002670288	30938.9453125
10.2299995422363	30357.625
10.2399997711182	31113.806640625
10.25	31448.71484375
10.2600002288818	31531.853515625
10.2700004577637	31887.5625
10.2799997329712	31377.291015625
10.289999961853	30381.43359375
10.3000001907349	30817.005859375
10.3100004196167	31284.951171875
10.3199996948242	31871.9453125
10.3299999237061	31725.91796875
10.3400001525879	31175.8515625
10.3500003814697	30865.021484375
10.3599996566772	29851.521484375
10.3699998855591	30437.12890625
10.3800001144409	30663.103515625
10.3900003433228	31414.298828125
10.3999996185303	31574.791015625
10.4099998474121	32070.91015625
10.4200000762939	31479.728515625
10.4300003051758	30917.712890625
10.4399995803833	29870.2265625
10.4499998092651	29961.443359375
10.460000038147	30829.240234375
10.4700002670288	30770.8671875
10.4799995422363	30114.36328125
10.4899997711182	31185.888671875
10.5	31106.828125
10.5100002288818	30392.455078125
10.5200004577637	30863.68359375
10.5299997329712	30891.84375
10.539999961853	29969.466796875
10.5500001907349	30360.546875
10.5600004196167	30832.474609375
10.5699996948242	30775.798828125
10.5799999237061	30992.46484375
10.5900001525879	30647.3671875
10.6000003814697	31246.767578125
10.6099996566772	31145.947265625
10.6199998855591	30558.724609375
10.6300001144409	30441.02734375
10.6400003433228	31132.796875
10.6499996185303	32169.19140625
10.6599998474121	30885.349609375
10.6700000762939	31062.6875
10.6800003051758	31103.001953125
10.6899995803833	30499.287109375
10.6999998092651	30020.53125
10.710000038147	29682.19140625
10.7200002670288	29296.859375
10.7299995422363	29631.57421875
10.7399997711182	30697.8359375
10.75	31156.265625
10.7600002288818	29963.330078125
10.7700004577637	29100.978515625
10.7799997329712	29154.7109375
10.789999961853	29902.880859375
10.8000001907349	30709.390625
10.8100004196167	30958.814453125
10.8199996948242	31309.126953125
10.8299999237061	30819.04296875
10.8400001525879	30437.9765625
10.8500003814697	31381.724609375
10.8599996566772	30804.05078125
10.8699998855591	30913.4140625
10.8800001144409	30083.134765625
10.8900003433228	29367.787109375
10.8999996185303	30879.96875
10.9099998474121	30180.615234375
10.9200000762939	30106.06640625
10.9300003051758	30362.53125
10.9399995803833	31333.99609375
10.9499998092651	31016.74609375
10.960000038147	29190.248046875
10.9700002670288	29207.267578125
10.9799995422363	29988.79296875
10.9899997711182	30528.65234375
11	30347.361328125
11.0100002288818	30944.6328125
11.0200004577637	30402.36328125
11.0299997329712	30031.541015625
11.039999961853	30479.037109375
11.0500001907349	30436.896484375
11.0600004196167	30197.904296875
11.0699996948242	29973.84765625
11.0799999237061	29562.994140625
11.0900001525879	31723.23046875
11.1000003814697	30790.0546875
11.1099996566772	29490.57421875
11.1199998855591	30712.9609375
11.1300001144409	30662.21875
11.1400003433228	28997.251953125
11.1499996185303	28963.302734375
11.1599998474121	29430.41015625
11.1700000762939	29536.611328125
11.1800003051758	29273.478515625
11.1899995803833	29847.95703125
11.1999998092651	30381.396484375
11.210000038147	30508.044921875
11.2200002670288	29083.33203125
11.2299995422363	28325.158203125
11.2399997711182	29188.541015625
11.25	29107.5390625
11.2600002288818	29381.453125
11.2700004577637	29651.470703125
11.2799997329712	29930.322265625
11.289999961853	29844.978515625
11.3000001907349	28844.548828125
11.3100004196167	28680.900390625
11.3199996948242	28425.01171875
11.3299999237061	28492.34765625
11.3400001525879	29044.572265625
11.3500003814697	29273.255859375
11.3599996566772	29505.97265625
11.3699998855591	29066.48828125
11.3800001144409	29460.068359375
11.3900003433228	29647.84375
11.3999996185303	29586.70703125
11.4099998474121	29591.66015625
11.4200000762939	29543.08984375
11.4300003051758	29655.609375
11.4399995803833	29501.30859375
11.4499998092651	29529.947265625
11.460000038147	30058.263671875
11.4700002670288	29381.41796875
11.4799995422363	28840.787109375
11.4899997711182	28465.84375
11.5	28585.443359375
11.5100002288818	28882.599609375
11.5200004577637	29211.6015625
11.5299997329712	28772.615234375
11.539999961853	28518.994140625
11.5500001907349	28644.53515625
11.5600004196167	29266.025390625
11.5699996948242	28711.091796875
11.5799999237061	28955.296875
11.5900001525879	28570.67578125
11.6000003814697	28078.9375
11.6099996566772	27897.7578125
11.6199998855591	28154.646484375
11.6300001144409	28253.83984375
11.6400003433228	29306.478515625
11.6499996185303	29555.33984375
11.6599998474121	28751.884765625
11.6700000762939	28671.8359375
11.6800003051758	29057.048828125
11.6899995803833	29112.9140625
11.6999998092651	29189.732421875
11.710000038147	28934.638671875
11.7200002670288	29514.529296875
11.7299995422363	29802.875
11.7399997711182	28987.33203125
11.75	29240.486328125
11.7600002288818	29775.12890625
11.7700004577637	29495.267578125
11.7799997329712	28772.69921875
11.789999961853	28480.22265625
11.8000001907349	28749.02734375
11.8100004196167	29208.380859375
11.8199996948242	29154.654296875
11.8299999237061	28717.271484375
11.8400001525879	27850.681640625
11.8500003814697	27942.1015625
11.8599996566772	28181.435546875
11.8699998855591	27826.30078125
11.8800001144409	28288.6328125
11.8900003433228	28704.21484375
11.8999996185303	29599.763671875
11.9099998474121	29049.388671875
11.9200000762939	27838.234375
11.9300003051758	27459.375
11.9399995803833	28174.8125
11.9499998092651	28620.828125
11.960000038147	29086.080078125
11.9700002670288	29567.73046875
11.9799995422363	28615.130859375
11.9899997711182	28686.279296875
12	29335.85546875
12.0100002288818	29263.603515625
12.0200004577637	29054.240234375
12.0299997329712	28859.388671875
12.039999961853	28309.91015625
12.0500001907349	28391.994140625
12.0600004196167	29645.330078125
12.0699996948242	29532.39453125
12.0799999237061	28633.91015625
12.0900001525879	28384.630859375
12.1000003814697	28752.673828125
12.1099996566772	28832.80078125
12.1199998855591	27815.552734375
12.1300001144409	28004.1875
12.1400003433228	28414.767578125
12.1499996185303	28090.275390625
12.1599998474121	27808.927734375
12.1700000762939	28390.080078125
12.1800003051758	28464.74609375
12.1899995803833	28978.34375
12.1999998092651	28599.05078125
12.210000038147	28327.390625
12.2200002670288	28465.478515625
12.2299995422363	28182.0390625
12.2399997711182	28244.876953125
12.25	28150.048828125
12.2600002288818	27166.80078125
12.2700004577637	26888.705078125
12.2799997329712	28213.40625
12.289999961853	28789.1328125
12.3000001907349	28452.9453125
12.3100004196167	28176.23828125
12.3199996948242	28556.84765625
12.3299999237061	27570.384765625
12.3400001525879	27277.326171875
12.3500003814697	28108.95703125
12.3599996566772	28082.83984375
12.3699998855591	27599.330078125
12.3800001144409	27499.21484375
12.3900003433228	28003.650390625
12.3999996185303	28221.41796875
12.4099998474121	27837.576171875
12.4200000762939	27870.25
12.4300003051758	28075.380859375
12.4399995803833	27818.0078125
12.4499998092651	28089.859375
12.460000038147	28614.9296875
12.4700002670288	28674.234375
12.4799995422363	28315.486328125
12.4899997711182	28104.92578125
12.5	27782.47265625
12.5100002288818	27801.224609375
12.5200004577637	28580.171875
12.5299997329712	28613.646484375
12.539999961853	28118.57421875
12.5500001907349	27383.25390625
12.5600004196167	27838.08203125
12.5699996948242	28044.22265625
12.5799999237061	27457.2734375
12.5900001525879	27360.701171875
12.6000003814697	28054.42578125
12.6099996566772	28004.265625
12.6199998855591	27450.0390625
12.6300001144409	27653.80859375
12.6400003433228	27476.111328125
12.6499996185303	26856.064453125
12.6599998474121	26736.181640625
12.6700000762939	27386.095703125
12.6800003051758	27540.1875
12.6899995803833	26615.19921875
12.6999998092651	26042.46484375
12.710000038147	26968.82421875
12.7200002670288	27520.16796875
12.7299995422363	27052.013671875
12.7399997711182	26970.2109375
12.75	27164.423828125
12.7600002288818	27349.525390625
12.7700004577637	27400.39453125
12.7799997329712	26705.224609375
12.789999961853	26149.48046875
12.8000001907349	26407.041015625
12.8100004196167	26543.75390625
12.8199996948242	26971.845703125
12.8299999237061	27780.17578125
12.8400001525879	27338.3671875
12.8500003814697	26848.236328125
12.8599996566772	26692.869140625
12.8699998855591	26230.4296875
12.8800001144409	26352.515625
12.8900003433228	26566.79296875
12.8999996185303	26162.505859375
12.9099998474121	26014.595703125
12.9200000762939	26394.3828125
12.9300003051758	26221.875
12.9399995803833	26291.181640625
12.9499998092651	26260.486328125
12.960000038147	25823.38671875
12.9700002670288	26299.314453125
12.9799995422363	26267.353515625
12.9899997711182	26686.529296875
13	26681.36328125
13.0100002288818	26125.828125
13.0200004577637	26153.697265625
13.0299997329712	26233.8203125
13.039999961853	26565.73046875
13.0500001907349	26303.357421875
13.0600004196167	25699.1328125
13.0699996948242	25824.43359375
13.0799999237061	26210.615234375
13.0900001525879	26424.775390625
13.1000003814697	26133.123046875
13.1099996566772	25537.568359375
13.1199998855591	25096.171875
13.1300001144409	25331.97265625
13.1400003433228	26056.990234375
13.1499996185303	25938.119140625
13.1599998474121	24937.09765625
13.1700000762939	25066.427734375
13.1800003051758	25583.373046875
13.1899995803833	25320.85546875
13.1999998092651	24972.751953125
13.210000038147	25282.025390625
13.2200002670288	25599.9453125
13.2299995422363	25465.37109375
13.2399997711182	25400.32421875
13.25	24890.1328125
13.2600002288818	24482.92578125
13.2700004577637	24754.23828125
13.2799997329712	25082.7890625
13.289999961853	25055.041015625
13.3000001907349	24887.01171875
13.3100004196167	25657.1953125
13.3199996948242	26866.33984375
13.3299999237061	26314.73046875
13.3400001525879	24510.982421875
13.3500003814697	24320.447265625
13.3599996566772	24654.375
13.3699998855591	24230.974609375
13.3800001144409	24621.41015625
13.3900003433228	25188.427734375
13.3999996185303	25215.20703125
13.4099998474121	25185.01953125
13.4200000762939	25611.826171875
13.4300003051758	25457.2890625
13.4399995803833	24687.34765625
13.4499998092651	24379.857421875
13.460000038147	24454.8203125
13.4700002670288	24783.6875
13.4799995422363	25042.7734375
13.4899997711182	25232.3671875
13.5	24894.2734375
13.5100002288818	24434.30859375
13.5200004577637	24859.552734375
13.5299997329712	25694.771484375
13.539999961853	25789.60546875
13.5500001907349	24993.609375
13.5600004196167	24695.30859375
13.5699996948242	24800.830078125
13.5799999237061	24619.224609375
13.5900001525879	24800.6796875
13.6000003814697	25362.958984375
13.6099996566772	25466.5
13.6199998855591	24701.55859375
13.6300001144409	23512.580078125
13.6400003433228	23685.8046875
13.6499996185303	24925.78125
13.6599998474121	25163.0703125
13.6700000762939	24877.388671875
13.6800003051758	24373.412109375
13.6899995803833	24230.388671875
13.6999998092651	24673.705078125
13.710000038147	24632.431640625
13.7200002670288	24137.056640625
13.7299995422363	24361.607421875
13.7399997711182	24434.326171875
13.75	24043.546875
13.7600002288818	24216.767578125
13.7700004577637	24057.57421875
13.7799997329712	23808.232421875
13.789999961853	24311.501953125
13.8000001907349	24552.908203125
13.8100004196167	23965.57421875
13.8199996948242	23987.1015625
13.8299999237061	24326.369140625
13.8400001525879	23573.443359375
13.8500003814697	23589.0390625
13.8599996566772	24177.013671875
13.8699998855591	23674.6015625
13.8800001144409	23461.31640625
13.8900003433228	24091.76171875
13.8999996185303	23636.28515625
13.9099998474121	22954.48046875
13.9200000762939	23263.67578125
13.9300003051758	23535.216796875
13.9399995803833	23553.755859375
13.9499998092651	23700.87890625
13.960000038147	23636.34765625
13.9700002670288	23500.47265625
13.9799995422363	23681.791015625
13.9899997711182	23621.87109375
14	23629.04296875
14.0100002288818	23969.955078125
14.0200004577637	24018.048828125
14.0299997329712	24241.142578125
14.039999961853	23948.748046875
14.0500001907349	23367.6796875
14.0600004196167	23482.712890625
14.0699996948242	23536.6640625
14.0799999237061	24107.951171875
14.0900001525879	24703.96875
14.1000003814697	24590
14.1099996566772	23667.267578125
14.1199998855591	23303
14.1300001144409	23565.654296875
14.1400003433228	23638.22265625
14.1499996185303	23363.140625
14.1599998474121	23479.638671875
14.1700000762939	23340.236328125
14.1800003051758	22972.291015625
14.1899995803833	22752.208984375
14.1999998092651	22892.294921875
14.210000038147	22983.783203125
14.2200002670288	23187.865234375
14.2299995422363	23587.970703125
14.2399997711182	23435.654296875
14.25	23670.515625
14.2600002288818	23552.990234375
14.2700004577637	22626.779296875
14.2799997329712	22467.287109375
14.289999961853	23171.208984375
14.3000001907349	23696.845703125
14.3100004196167	23459.888671875
14.3199996948242	22961.556640625
14.3299999237061	23171.833984375
14.3400001525879	23167.51171875
14.3500003814697	22965.107421875
14.3599996566772	23170.525390625
14.3699998855591	23285.7265625
14.3800001144409	22693.92578125
14.3900003433228	22238.05859375
14.3999996185303	22565.43359375
14.4099998474121	23273.2265625
14.4200000762939	23284.615234375
14.4300003051758	22523.287109375
14.4399995803833	22570.748046875
14.4499998092651	22943.3359375
14.460000038147	22595.623046875
14.4700002670288	22659.255859375
14.4799995422363	22826.5234375
14.4899997711182	22836.859375
14.5	22488.22265625
14.5100002288818	22528.228515625
14.5200004577637	22088.396484375
14.5299997329712	22159.896484375
14.539999961853	22990.302734375
14.5500001907349	22986.087890625
14.5600004196167	22915.73828125
14.5699996948242	22287.50390625
14.5799999237061	22033.783203125
14.5900001525879	22796.185546875
14.6000003814697	22816.642578125
14.6099996566772	22259.0546875
14.6199998855591	22367.73828125
14.6300001144409	22580.044921875
14.6400003433228	22358.138671875
14.6499996185303	21933.640625
14.6599998474121	22034.466796875
14.6700000762939	22180
14.6800003051758	22653.064453125
14.6899995803833	22545.044921875
14.6999998092651	21946.888671875
14.710000038147	22773.50390625
14.7200002670288	22943.478515625
14.7299995422363	22117.974609375
14.7399997711182	21851.85546875
14.75	22083.1171875
14.7600002288818	22319.623046875
14.7700004577637	22042.384765625
14.7799997329712	21960.376953125
14.789999961853	21518.931640625
14.8000001907349	21388.94921875
14.8100004196167	21645.421875
14.8199996948242	21843.6875
14.8299999237061	22266.884765625
14.8400001525879	22513.341796875
14.8500003814697	21927.978515625
14.8599996566772	21425.16796875
14.8699998855591	21664.646484375
14.8800001144409	22025.623046875
14.8900003433228	22368.916015625
14.8999996185303	22678.03515625
14.9099998474121	22349.37890625
14.9200000762939	22063.1171875
14.9300003051758	21951.078125
14.9399995803833	22172.4609375
14.9499998092651	22554.732421875
14.960000038147	22437.646484375
14.9700002670288	21902.271484375
14.9799995422363	21688.005859375
14.9899997711182	21961.337890625
15	21972.3125
15.0100002288818	21714.51953125
15.0200004577637	21040.03125
15.0299997329712	21288.123046875
15.039999961853	21077.447265625
15.0500001907349	21053.62890625
15.0600004196167	21715.158203125
15.0699996948242	21779.126953125
15.0799999237061	21609.19921875
15.0900001525879	22030.123046875
15.1000003814697	21754.0546875
15.1099996566772	21693.357421875
15.1199998855591	21473.455078125
15.1300001144409	21199.06640625
15.1400003433228	21473.853515625
15.1499996185303	21624.779296875
15.1599998474121	20904.111328125
15.1700000762939	20763.650390625
15.1800003051758	20833.759765625
15.1899995803833	21034.224609375
15.1999998092651	20827.482421875
15.210000038147	20721.830078125
15.2200002670288	21111.748046875
15.2299995422363	21346.619140625
15.2399997711182	21190.220703125
15.25	21216.341796875
15.2600002288818	21652.931640625
15.2700004577637	21377.66796875
15.2799997329712	21345.822265625
15.289999961853	20894.61328125
15.3000001907349	20607.5859375
15.3100004196167	21034.556640625
15.3199996948242	21688.9375
15.3299999237061	21756.095703125
15.3400001525879	21016.287109375
15.3500003814697	20700.55078125
15.3599996566772	21165.740234375
15.3699998855591	20887.24609375
15.3800001144409	20375.162109375
15.3900003433228	20354.185546875
15.3999996185303	21121.8828125
15.4099998474121	21167.58984375
15.4200000762939	21248.97265625
15.4300003051758	21292.72265625
15.4399995803833	21521.423828125
15.4499998092651	21123.162109375
15.460000038147	20403.310546875
15.4700002670288	20295.833984375
15.4799995422363	21254.15234375
15.4899997711182	21429.9765625
15.5	20839.94140625
15.5100002288818	20906.181640625
15.5200004577637	20861.541015625
15.5299997329712	20068.498046875
15.539999961853	20066.47265625
15.5500001907349	20695.19921875
15.5600004196167	20844.880859375
15.5699996948242	20889.72265625
15.5799999237061	21164.103515625
15.5900001525879	21171.6328125
15.6000003814697	21236.619140625
15.6099996566772	21049.12890625
15.6199998855591	20990.392578125
15.6300001144409	20488.138671875
15.6400003433228	20414.591796875
15.6499996185303	20409.486328125
15.6599998474121	20032.408203125
15.6700000762939	20695.65625
15.6800003051758	21055.431640625
15.6899995803833	20325.5625
15.6999998092651	19898.712890625
15.710000038147	20101.923828125
15.7200002670288	20585.095703125
15.7299995422363	20895.919921875
15.7399997711182	19868.564453125
15.75	19821.6640625
15.7600002288818	20270.625
15.7700004577637	20112.806640625
15.7799997329712	20642.83203125
15.789999961853	21368.34375
15.8000001907349	20691.375
15.8100004196167	20496.421875
15.8199996948242	21261.25390625
15.8299999237061	20677.861328125
15.8400001525879	19931.150390625
15.8500003814697	19846.572265625
15.8599996566772	20113.0859375
15.8699998855591	20479.447265625
15.8800001144409	19844.44921875
15.8900003433228	19792.802734375
15.8999996185303	19830.224609375
15.9099998474121	20118.564453125
15.9200000762939	20287.447265625
15.9300003051758	20713.26953125
15.9399995803833	20284.8984375
15.9499998092651	20206.81640625
15.960000038147	19784.373046875
15.9700002670288	20095.845703125
15.9799995422363	20255.298828125
15.9899997711182	20078.14453125
16	20309.59765625
16.0100002288818	20179.912109375
16.0200004577637	19921.8671875
16.0300006866455	19621.67578125
16.0400009155273	20036.669921875
16.0499992370605	20570.595703125
16.0599994659424	20412.548828125
16.0699996948242	20541.458984375
16.0799999237061	20306.02734375
16.0900001525879	19868.021484375
16.1000003814697	19751.529296875
16.1100006103516	19581.8125
16.1200008392334	19373.076171875
16.1299991607666	19501.302734375
16.1399993896484	19899.708984375
16.1499996185303	19598.564453125
16.1599998474121	19658.677734375
16.1700000762939	20295.951171875
16.1800003051758	19782.466796875
16.1900005340576	19245.34375
16.2000007629395	18766.990234375
16.2099990844727	19111.048828125
16.2199993133545	19611.66796875
16.2299995422363	19780.736328125
16.2399997711182	19676.951171875
16.25	19127.0703125
16.2600002288818	19419.4453125
16.2700004577637	19706.193359375
16.2800006866455	19556.638671875
16.2900009155273	19379.21484375
16.2999992370605	19495.2890625
16.3099994659424	19118.984375
16.3199996948242	19467.611328125
16.3299999237061	20331.1640625
16.3400001525879	19911.287109375
16.3500003814697	19607.748046875
16.3600006103516	19597.94921875
16.3700008392334	19679.369140625
16.3799991607666	19639.490234375
16.3899993896484	19451.345703125
16.3999996185303	18845.525390625
16.4099998474121	18948.1328125
16.4200000762939	19067.826171875
16.4300003051758	19170.359375
16.4400005340576	18779.78515625
16.4500007629395	19219.443359375
16.4599990844727	19432.830078125
16.4699993133545	19693.66796875
16.4799995422363	19638.458984375
16.4899997711182	19386.458984375
16.5	18935.88671875
16.5100002288818	19164.333984375
16.5200004577637	19267.421875
16.5300006866455	18313.7734375
16.5400009155273	18880.013671875
16.5499992370605	19738.150390625
16.5599994659424	18991.865234375
16.5699996948242	18713.48046875
16.5799999237061	18448.275390625
16.5900001525879	19194.41796875
16.6000003814697	19545.671875
16.6100006103516	19457.48828125
16.6200008392334	18810.71484375
16.6299991607666	18834.66015625
16.6399993896484	18826.0234375
16.6499996185303	18734.34765625
16.6599998474121	18918.037109375
16.6700000762939	19236.572265625
16.6800003051758	18269.76171875
16.6900005340576	18454.14453125
16.7000007629395	18950.251953125
16.7099990844727	19098.580078125
16.7199993133545	18574.9453125
16.7299995422363	17884.748046875
16.7399997711182	17785.533203125
16.75	19122.6328125
16.7600002288818	18439.703125
16.7700004577637	18223.435546875
16.7800006866455	18215.498046875
16.7900009155273	18700.455078125
16.7999992370605	19066.416015625
16.8099994659424	18808.111328125
16.8199996948242	18389.0703125
16.8299999237061	18437.96875
16.8400001525879	18215.19921875
16.8500003814697	18233.318359375
16.8600006103516	18037.435546875
16.8700008392334	18184.5625
16.8799991607666	18268.220703125
16.8899993896484	18521.029296875
16.8999996185303	18444.865234375
16.9099998474121	18271.3046875
16.9200000762939	18152.41796875
16.9300003051758	18266.52734375
16.9400005340576	18519.55078125
16.9500007629395	18530.3828125
16.9599990844727	17437.7890625
16.9699993133545	17227.779296875
16.9799995422363	17352.0234375
16.9899997711182	18505.45703125
17	18388.95703125
17.0100002288818	17717.048828125
17.0200004577637	17695.85546875
17.0300006866455	17613.697265625
17.0400009155273	18381.240234375
17.0499992370605	17859.306640625
17.0599994659424	17638.31640625
17.0699996948242	17978.16015625
17.0799999237061	17643.66015625
17.0900001525879	17899.6015625
17.1000003814697	18280.845703125
17.1100006103516	18259.978515625
17.1200008392334	18323.083984375
17.1299991607666	17866.27734375
17.1399993896484	17859.025390625
17.1499996185303	18185.927734375
17.1599998474121	18330.658203125
17.1700000762939	17728.513671875
17.1800003051758	17288.56640625
17.1900005340576	17301.220703125
17.2000007629395	17673.1796875
17.2099990844727	17064.66015625
17.2199993133545	16888.275390625
17.2299995422363	18350.8125
17.2399997711182	18082.841796875
17.25	17720.095703125
17.2600002288818	17214.17578125
17.2700004577637	17722.146484375
17.2800006866455	17678.044921875
17.2900009155273	17702.78125
17.2999992370605	18099.353515625
17.3099994659424	17406.7265625
17.3199996948242	17710.6171875
17.3299999237061	17222.193359375
17.3400001525879	16479.509765625
17.3500003814697	16963.8828125
17.3600006103516	17690.73046875
17.3700008392334	17824.8046875
17.3799991607666	17960.615234375
17.3899993896484	17560.896484375
17.3999996185303	18014.33984375
17.4099998474121	17657.326171875
17.4200000762939	17778.423828125
17.4300003051758	17370.240234375
17.4400005340576	17594.66015625
17.4500007629395	17002.705078125
17.4599990844727	16862.22265625
17.4699993133545	17437.01953125
17.4799995422363	17693.08203125
17.4899997711182	17829.7734375
17.5	18268.30078125
17.5100002288818	17409.865234375
17.5200004577637	17261.546875
17.5300006866455	17572.1015625
17.5400009155273	17878.169921875
17.5499992370605	17495.603515625
17.5599994659424	17291.478515625
17.5699996948242	17442.578125
17.5799999237061	18124.134765625
17.5900001525879	17797.712890625
17.6000003814697	16782.6484375
17.6100006103516	16563.890625
17.6200008392334	17283.115234375
17.6299991607666	16717.525390625
17.6399993896484	16973.880859375
17.6499996185303	17305.390625
17.6599998474121	16777.140625
17.6700000762939	17135.46484375
17.6800003051758	17537.572265625
17.6900005340576	16891.74609375
17.7000007629395	16895.623046875
17.7099990844727	16978.51171875
17.7199993133545	17149.357421875
17.7299995422363	17252.15625
17.7399997711182	17180.3515625
17.75	16811.083984375
17.7600002288818	17351.23828125
17.7700004577637	17290.84765625
17.7800006866455	16991.904296875
17.7900009155273	16893.73046875
17.7999992370605	16869.734375
17.8099994659424	16299.462890625
17.8199996948242	17286.880859375
17.8299999237061	16905.05859375
17.8400001525879	17057.3125
17.8500003814697	16888.62890625
17.8600006103516	16945.95703125
17.8700008392334	17062.841796875
17.8799991607666	16317.8984375
17.8899993896484	15911.236328125
17.8999996185303	15435.6015625
17.9099998474121	16540.669921875
17.9200000762939	16738.791015625
17.9300003051758	16875.84375
17.9400005340576	16626.390625
17.9500007629395	16358.4765625
17.9599990844727	16241.107421875
17.9699993133545	16231.5947265625
17.9799995422363	16560.46875
17.9899997711182	16474.88671875
18	16564.494140625
18.0100002288818	16897.44140625
18.0200004577637	17161.099609375
18.0300006866455	16544.296875
18.0400009155273	16632.296875
18.0499992370605	17031.529296875
18.0599994659424	16987.490234375
18.0699996948242	17027.83203125
18.0799999237061	17567.228515625
18.0900001525879	16897.89453125
18.1000003814697	16891.642578125
18.1100006103516	16271.7333984375
18.1200008392334	16692.509765625
18.1299991607666	17309.0078125
18.1399993896484	16799.2890625
18.1499996185303	16815.509765625
18.1599998474121	16994.1171875
18.1700000762939	16440.091796875
18.1800003051758	16049.8798828125
18.1900005340576	16498.603515625
18.2000007629395	17050.119140625
18.2099990844727	16082.783203125
18.2199993133545	16130.443359375
18.2299995422363	15948.111328125
18.2399997711182	16706.521484375
18.25	16936.240234375
18.2600002288818	16137.7265625
18.2700004577637	16401.759765625
18.2800006866455	16654.208984375
18.2900009155273	16183.0615234375
18.2999992370605	16443.11328125
18.3099994659424	16897.1640625
18.3199996948242	16420.107421875
18.3299999237061	16139.6689453125
18.3400001525879	16267.677734375
18.3500003814697	16452.9921875
18.3600006103516	16203.21484375
18.3700008392334	16557.541015625
18.3799991607666	17282.98046875
18.3899993896484	16832.64453125
18.3999996185303	16439.171875
18.4099998474121	16781.490234375
18.4200000762939	16732.697265625
18.4300003051758	16085.091796875
18.4400005340576	16030.8623046875
18.4500007629395	15662.3291015625
18.4599990844727	15594.541015625
18.4699993133545	16123.78515625
18.4799995422363	16100.279296875
18.4899997711182	16220.7626953125
18.5	15931.3505859375
18.5100002288818	15975.6826171875
18.5200004577637	16181.544921875
18.5300006866455	16160.3349609375
18.5400009155273	16406.291015625
18.5499992370605	15761.6044921875
18.5599994659424	15701.4775390625
18.5699996948242	15584.1123046875
18.5799999237061	15816.5927734375
18.5900001525879	15717.275390625
18.6000003814697	16483.767578125
18.6100006103516	16172.5224609375
18.6200008392334	15697.345703125
18.6299991607666	15435.1328125
18.6399993896484	15310.5791015625
18.6499996185303	15750.66015625
18.6599998474121	15985.9833984375
18.6700000762939	15847.2451171875
18.6800003051758	16507.04296875
18.6900005340576	15917.5859375
18.7000007629395	15658.09375
18.7099990844727	15586.828125
18.7199993133545	15706.4384765625
18.7299995422363	15915.7138671875
18.7399997711182	16237.302734375
18.75	15618.810546875
18.7600002288818	15765.56640625
18.7700004577637	15321.5322265625
18.7800006866455	14906.1875
18.7900009155273	15360.1357421875
18.7999992370605	15759.2216796875
18.8099994659424	15355.0390625
18.8199996948242	15288.6328125
18.8299999237061	15347.6923828125
18.8400001525879	15840.7763671875
18.8500003814697	16007.177734375
18.8600006103516	15790.2412109375
18.8700008392334	15866.55859375
18.8799991607666	15705.212890625
18.8899993896484	15591.3896484375
18.8999996185303	15656.935546875
18.9099998474121	15952.994140625
18.9200000762939	15715.271484375
18.9300003051758	15505.8388671875
18.9400005340576	15092.5537109375
18.9500007629395	15185.4404296875
18.9599990844727	15641.2626953125
18.9699993133545	15691.3056640625
18.9799995422363	15080.2041015625
18.9899997711182	15228.3232421875
19	15611.26953125
19.0100002288818	15820.9775390625
19.0200004577637	15174.5439453125
19.0300006866455	15090.05859375
19.0400009155273	15861.5556640625
19.0499992370605	16180.255859375
19.0599994659424	16004.9931640625
19.0699996948242	15389.9833984375
19.0799999237061	15599.025390625
19.0900001525879	15916.3447265625
19.1000003814697	15279.6953125
19.1100006103516	15733.052734375
19.1200008392334	15949.32421875
19.1299991607666	15500.9921875
19.1399993896484	15025.3505859375
19.1499996185303	15747.1708984375
19.1599998474121	15991.279296875
19.1700000762939	15606.5869140625
19.1800003051758	15215.7587890625
19.1900005340576	14814.537109375
19.2000007629395	14920.984375
19.2099990844727	15119.30078125
19.2199993133545	14984.7470703125
19.2299995422363	14720.2919921875
19.2399997711182	14892.994140625
19.25	15155.638671875
19.2600002288818	15590.5244140625
19.2700004577637	15305.8759765625
19.2800006866455	15433.486328125
19.2900009155273	15451.9443359375
19.2999992370605	15497.3896484375
19.3099994659424	15136.3857421875
19.3199996948242	15418.900390625
19.3299999237061	15435.935546875
19.3400001525879	15619.3369140625
19.3500003814697	15503.9775390625
19.3600006103516	14568.2216796875
19.3700008392334	14644.748046875
19.3799991607666	15025.6640625
19.3899993896484	15134.6357421875
19.3999996185303	15547.341796875
19.4099998474121	15461.365234375
19.4200000762939	15055.517578125
19.4300003051758	14966.779296875
19.4400005340576	14920.9638671875
19.4500007629395	15114.6103515625
19.4599990844727	15133.7255859375
19.4699993133545	15087.4638671875
19.4799995422363	15162.7431640625
19.4899997711182	14864.26953125
19.5	15133.158203125
19.5100002288818	15378.6396484375
19.5200004577637	14445.1376953125
19.5300006866455	14613.90625
19.5400009155273	14972.2041015625
19.5499992370605	15081.06640625
19.5599994659424	15058.4697265625
19.5699996948242	15090.2109375
19.5799999237061	14761.197265625
19.5900001525879	14444.904296875
19.6000003814697	14408.5234375
19.6100006103516	14821.1376953125
19.6200008392334	14995.9765625
19.6299991607666	14722.4912109375
19.6399993896484	15155.208984375
19.6499996185303	15171.453125
19.6599998474121	15067.3359375
19.6700000762939	14657.05078125
19.6800003051758	14830.759765625
19.6900005340576	15201.84765625
19.7000007629395	14948.6318359375
19.7099990844727	14648.5009765625
19.7199993133545	14224.3125
19.7299995422363	14310.478515625
19.7399997711182	14926.82421875
19.75	14822.6552734375
19.7600002288818	14259.8837890625
19.7700004577637	14005.3349609375
19.7800006866455	14910.3994140625
19.7900009155273	14948.3193359375
19.7999992370605	14670.3232421875
19.8099994659424	14603.9990234375
19.8199996948242	14502.2236328125
19.8299999237061	14306.6298828125
19.8400001525879	14513.650390625
19.8500003814697	14727.041015625
19.8600006103516	14373.392578125
19.8700008392334	14203.2509765625
19.8799991607666	14583.4150390625
19.8899993896484	14433.767578125
19.8999996185303	14338.724609375
19.9099998474121	14760.3720703125
19.9200000762939	14841.705078125
19.9300003051758	14472.314453125
19.9400005340576	14521.2158203125
19.9500007629395	14400.7861328125
19.9599990844727	14372.6484375
19.9699993133545	14238.9052734375
19.9799995422363	14399.54296875
19.9899997711182	14226.5888671875
20	14257.67578125
20.0100002288818	14676.6279296875
20.0200004577637	14252.189453125
20.0300006866455	14173.41015625
20.0400009155273	14657.716796875
20.0499992370605	15077.232421875
20.0599994659424	15049.595703125
20.0699996948242	14248.4404296875
20.0799999237061	14458.6787109375
20.0900001525879	14897.5966796875
20.1000003814697	14596.5068359375
20.1100006103516	14552.0849609375
20.1200008392334	14449.0634765625
20.1299991607666	14512.2333984375
20.1399993896484	14578.4169921875
20.1499996185303	14588.2021484375
20.1599998474121	14718.18359375
20.1700000762939	14375.96875
20.1800003051758	14502.9755859375
20.1900005340576	14593.2763671875
20.2000007629395	14703.708984375
20.2099990844727	15076.2392578125
20.2199993133545	15074.3232421875
20.2299995422363	14909.2958984375
20.2399997711182	14444.5517578125
20.25	14157.8837890625
20.2600002288818	14070.302734375
20.2700004577637	14096.2197265625
20.2800006866455	14311.10546875
20.2900009155273	14416.6669921875
20.2999992370605	14572.806640625
20.3099994659424	14947.0712890625
20.3199996948242	14702.2099609375
20.3299999237061	14408.650390625
20.3400001525879	14775.2451171875
20.3500003814697	14677.11328125
20.3600006103516	14476.9326171875
20.3700008392334	14237.5361328125
20.3799991607666	13705.2841796875
20.3899993896484	13650.150390625
20.3999996185303	14254.8056640625
20.4099998474121	14170.990234375
20.4200000762939	14210.19140625
20.4300003051758	14672.6328125
20.4400005340576	14457.1337890625
20.4500007629395	13938.7138671875
20.4599990844727	14217.810546875
20.4699993133545	14536.6689453125
20.4799995422363	14480.1591796875
20.4899997711182	14642.3515625
20.5	14693.970703125
20.5100002288818	14296.55859375
20.5200004577637	14007.3798828125
20.5300006866455	14025.80859375
20.5400009155273	14174.8291015625
20.5499992370605	14289.2353515625
20.5599994659424	14424.298828125
20.5699996948242	14626.8876953125
20.5799999237061	14580.35546875
20.5900001525879	14687.2939453125
20.6000003814697	14746.138671875
20.6100006103516	14209.7900390625
20.6200008392334	14136.5869140625
20.6299991607666	14006.3935546875
20.6399993896484	14140.7451171875
20.6499996185303	14148.7734375
20.6599998474121	14140.869140625
20.6700000762939	14207.1787109375
20.6800003051758	13969.5927734375
20.6900005340576	14250.0556640625
20.7000007629395	14576.11328125
20.7099990844727	14168.7392578125
20.7199993133545	13803.0078125
20.7299995422363	13907.2802734375
20.7399997711182	13829.666015625
20.75	13972.43359375
20.7600002288818	14293.015625
20.7700004577637	13986.2939453125
20.7800006866455	13868.396484375
20.7900009155273	14284.3056640625
20.7999992370605	14647.275390625
20.8099994659424	14573.876953125
20.8199996948242	14206.0732421875
20.8299999237061	14051.59765625
20.8400001525879	13866.296875
20.8500003814697	13581.9150390625
20.8600006103516	13791.3466796875
20.8700008392334	13760.8818359375
20.8799991607666	13940.1669921875
20.8899993896484	14210.13671875
20.8999996185303	13891.357421875
20.9099998474121	13593.955078125
20.9200000762939	13454.2724609375
20.9300003051758	13364.443359375
20.9400005340576	13563.8203125
20.9500007629395	13731.3046875
20.9599990844727	13673.55078125
20.9699993133545	13562.0810546875
20.9799995422363	13588.5439453125
20.9899997711182	13700.8203125
21	14187.4873046875
21.0100002288818	14460.1650390625
21.0200004577637	14229.96484375
21.0300006866455	13881.978515625
21.0400009155273	13891.9775390625
21.0499992370605	14090.34765625
21.0599994659424	14307.1826171875
21.0699996948242	14285.0009765625
21.0799999237061	13760.56640625
21.0900001525879	13644.4931640625
21.1000003814697	13910.4609375
21.1100006103516	14067.13671875
21.1200008392334	13923.0458984375
21.1299991607666	13691.1865234375
21.1399993896484	13733.8642578125
21.1499996185303	13933.5712890625
21.1599998474121	13758.486328125
21.1700000762939	13508.24609375
21.1800003051758	13400.8564453125
21.1900005340576	13572.1162109375
21.2000007629395	14015.0283203125
21.2099990844727	13928.4248046875
21.2199993133545	13740.91015625
21.2299995422363	13628.33984375
21.2399997711182	13507.33203125
21.25	13412.1533203125
21.2600002288818	13185.8251953125
21.2700004577637	13357.908203125
21.2800006866455	13665.4736328125
21.2900009155273	13667.95703125
21.2999992370605	13769.09765625
21.3099994659424	13996.283203125
21.3199996948242	13829.3447265625
21.3299999237061	13550
21.3400001525879	13494.783203125
21.3500003814697	13315.3798828125
21.3600006103516	13379.30859375
21.3700008392334	14037.611328125
21.3799991607666	14291.8447265625
21.3899993896484	13589.5703125
21.3999996185303	13355.4482421875
21.4099998474121	14012.6650390625
21.4200000762939	14256.423828125
21.4300003051758	13835.3193359375
21.4400005340576	13713.2568359375
21.4500007629395	13836.1943359375
21.4599990844727	13640.5380859375
21.4699993133545	13404.5869140625
21.4799995422363	13282.1015625
21.4899997711182	13305.2744140625
21.5	13223.47265625
21.5100002288818	13011.4892578125
21.5200004577637	13081.55859375
21.5300006866455	13033.208984375
21.5400009155273	13016.5693359375
21.5499992370605	13380.1328125
21.5599994659424	13983.140625
21.5699996948242	14234.0966796875
21.5799999237061	13960.251953125
21.5900001525879	13680.2998046875
21.6000003814697	13553.59765625
21.6100006103516	13384.9833984375
21.6200008392334	13415.189453125
21.6299991607666	13738.859375
21.6399993896484	13930.9169921875
21.6499996185303	13747.9521484375
21.6599998474121	13417.552734375
21.6700000762939	13428.9453125
21.6800003051758	13455.76953125
21.6900005340576	12994.6015625
21.7000007629395	12920.0185546875
21.7099990844727	13184.1181640625
21.7199993133545	13500.095703125
21.7299995422363	13796.787109375
21.7399997711182	14056.9033203125
21.75	13729.6318359375
21.7600002288818	13339.095703125
21.7700004577637	13432.5224609375
21.7800006866455	13226.83984375
21.7900009155273	12823.73828125
21.7999992370605	12796.3212890625
21.8099994659424	13200.630859375
21.8199996948242	13367.0498046875
21.8299999237061	13546.830078125
21.8400001525879	13666.6669921875
21.8500003814697	13786.01953125
21.8600006103516	13801.5185546875
21.8700008392334	13378.890625
21.8799991607666	13280.5751953125
21.8899993896484	13598.6484375
21.8999996185303	13797.6015625
21.9099998474121	13651.8310546875
21.9200000762939	13008.9912109375
21.9300003051758	12752.6298828125
21.9400005340576	13033.2255859375
21.9500007629395	13471.62890625
21.9599990844727	13348.9560546875
21.9699993133545	12910.673828125
21.9799995422363	12689.6416015625
21.9899997711182	12831.94921875
22	13218.978515625
22.0100002288818	13518.701171875
22.0200004577637	13630.7138671875
22.0300006866455	13642.9892578125
22.0400009155273	13371.7431640625
22.0499992370605	13131.7158203125
22.0599994659424	13132.15234375
22.0699996948242	13375.1396484375
22.0799999237061	13087.880859375
22.0900001525879	13163.220703125
22.1000003814697	13483.576171875
22.1100006103516	13498.6376953125
22.1200008392334	13109.5986328125
22.1299991607666	13305.69140625
22.1399993896484	13318.9150390625
22.1499996185303	13038.2294921875
22.1599998474121	13022.52734375
22.1700000762939	12869.9443359375
22.1800003051758	12636.3916015625
22.1900005340576	13032.796875
22.2000007629395	13533.3330078125
22.2099990844727	13493.1845703125
22.2199993133545	13405.2451171875
22.2299995422363	13440.189453125
22.2399997711182	13442.447265625
22.25	13069.8974609375
22.2600002288818	12660.2275390625
22.2700004577637	12829.6513671875
22.2800006866455	13639.00390625
22.2900009155273	13551.1845703125
22.2999992370605	12866.80078125
22.3099994659424	12937.564453125
22.3199996948242	13226.4521484375
22.3299999237061	13334.4111328125
22.3400001525879	13346.9609375
22.3500003814697	13556.404296875
22.3600006103516	13489.2783203125
22.3700008392334	13498.681640625
22.3799991607666	13625.0849609375
22.3899993896484	13670.7138671875
22.3999996185303	13410.5673828125
22.4099998474121	13274.2587890625
22.4200000762939	13274.9443359375
22.4300003051758	12958.515625
22.4400005340576	12825.3818359375
22.4500007629395	12753.875
22.4599990844727	12881.7666015625
22.4699993133545	13112.4345703125
22.4799995422363	12988.953125
22.4899997711182	12622.7587890625
22.5	12988.34375
22.5100002288818	12865.40234375
22.5200004577637	12664.080078125
22.5300006866455	12982.6826171875
22.5400009155273	13104.91015625
22.5499992370605	13018.97265625
22.5599994659424	12953.419921875
22.5699996948242	13405.3427734375
22.5799999237061	13336.48046875
22.5900001525879	12871.1376953125
22.6000003814697	12802.33203125
22.6100006103516	13106.61328125
22.6200008392334	13187.3564453125
22.6299991607666	12840.0859375
22.6399993896484	12853.4130859375
22.6499996185303	12724.06640625
22.6599998474121	12778.3427734375
22.6700000762939	12910.001953125
22.6800003051758	12666.5283203125
22.6900005340576	12610.392578125
22.7000007629395	12821.1748046875
22.7099990844727	12806.4375
22.7199993133545	12875.970703125
22.7299995422363	13164.724609375
22.7399997711182	12826.041015625
22.75	12824.4150390625
22.7600002288818	13066.2578125
22.7700004577637	12638.6083984375
22.7800006866455	12929.9814453125
22.7900009155273	12731.798828125
22.7999992370605	12991.130859375
22.8099994659424	12844.744140625
22.8199996948242	12658.56640625
22.8299999237061	12879.6435546875
22.8400001525879	13266.8056640625
22.8500003814697	13087.7578125
22.8600006103516	13012.3134765625
22.8700008392334	12952.0947265625
22.8799991607666	12593.2421875
22.8899993896484	12493.2158203125
22.8999996185303	12781.3779296875
22.9099998474121	12949.2470703125
22.9200000762939	12976.28125
22.9300003051758	13006.0537109375
22.9400005340576	13209.50390625
22.9500007629395	12684.083984375
22.9599990844727	12516.744140625
22.9699993133545	12710.12109375
22.9799995422363	12879.8330078125
22.9899997711182	13078.25
23	12870.84375
23.0100002288818	13119.2236328125
23.0200004577637	13459.32421875
23.0300006866455	13174.2734375
23.0400009155273	13083.3330078125
23.0499992370605	13126.828125
23.0599994659424	13247.3408203125
23.0699996948242	13195.29296875
23.0799999237061	13472.6875
23.0900001525879	13405.146484375
23.1000003814697	13244.0322265625
23.1100006103516	12949.9892578125
23.1200008392334	12853.962890625
23.1299991607666	13696.578125
23.1399993896484	13625.58984375
23.1499996185303	13234.8056640625
23.1599998474121	12626.8310546875
23.1700000762939	12819.923828125
23.1800003051758	12992.267578125
23.1900005340576	13389.5556640625
23.2000007629395	13398.974609375
23.2099990844727	13091.849609375
23.2199993133545	13314.57421875
23.2299995422363	13386.759765625
23.2399997711182	12874.193359375
23.25	13087.412109375
23.2600002288818	13237.630859375
23.2700004577637	13075.9912109375
23.2800006866455	12612.166015625
23.2900009155273	12720.95703125
23.2999992370605	13038.4443359375
23.3099994659424	13259.9140625
23.3199996948242	12863.6845703125
23.3299999237061	13351.640625
23.3400001525879	13377.9892578125
23.3500003814697	12762.4853515625
23.3600006103516	12920.8916015625
23.3700008392334	12656.046875
23.3799991607666	12925.2607421875
23.3899993896484	13261.33203125
23.3999996185303	13077.61328125
23.4099998474121	13062.8447265625
23.4200000762939	12761.7705078125
23.4300003051758	13072.6923828125
23.4400005340576	12971.8759765625
23.4500007629395	12801.17578125
23.4599990844727	13135.66015625
23.4699993133545	12974.341796875
23.4799995422363	13158.5107421875
23.4899997711182	13922.41796875
23.5	13672.3505859375
23.5100002288818	13140.703125
23.5200004577637	13188.1953125
23.5300006866455	13243.1279296875
23.5400009155273	13407.140625
23.5499992370605	13454.708984375
23.5599994659424	13476.345703125
23.5699996948242	13474.7978515625
23.5799999237061	13694.60546875
23.5900001525879	13377.9169921875
23.6000003814697	12905.53125
23.6100006103516	12936.8076171875
23.6200008392334	13612.314453125
23.6299991607666	13514.515625
23.6399993896484	12999
23.6499996185303	12736.0791015625
23.6599998474121	13372.73828125
23.6700000762939	13664.3388671875
23.6800003051758	13697.8876953125
23.6900005340576	13166.044921875
23.7000007629395	12942.2998046875
23.7099990844727	13123.6015625
23.7199993133545	13013.505859375
23.7299995422363	12704.90625
23.7399997711182	12520.7255859375
23.75	12768.7216796875
23.7600002288818	12388.7890625
23.7700004577637	12453.0556640625
23.7800006866455	12556.576171875
23.7900009155273	12097.0283203125
23.7999992370605	12582.3779296875
23.8099994659424	13222.2314453125
23.8199996948242	12501.697265625
23.8299999237061	12251.095703125
23.8400001525879	12519.8642578125
23.8500003814697	12138.9228515625
23.8600006103516	12665.103515625
23.8700008392334	12688.4267578125
23.8799991607666	13040.9716796875
23.8899993896484	12756.587890625
23.8999996185303	12484.7939453125
23.9099998474121	12435.44140625
23.9200000762939	11769.7265625
23.9300003051758	11987.4833984375
23.9400005340576	12023.8291015625
23.9500007629395	11931.3203125
23.9599990844727	12120.904296875
23.9699993133545	12362.82421875
23.9799995422363	12301.603515625
23.9899997711182	12144.9482421875
24	12498.7958984375
24.0100002288818	12450.33984375
24.0200004577637	12040.873046875
24.0300006866455	12373.4287109375
24.0400009155273	12461.16015625
24.0499992370605	12373.65234375
24.0599994659424	12237.533203125
24.0699996948242	12236.4873046875
24.0799999237061	11279.650390625
24.0900001525879	11502.7939453125
24.1000003814697	11867.8251953125
24.1100006103516	12710.21484375
24.1200008392334	12588.3515625
24.1299991607666	12385.07421875
24.1399993896484	12387.103515625
24.1499996185303	11832.5146484375
24.1599998474121	11829.359375
24.1700000762939	12089.4736328125
24.1800003051758	12215.1826171875
24.1900005340576	12170.4423828125
24.2000007629395	11876.4287109375
24.2099990844727	11722.6494140625
24.2199993133545	11853.2470703125
24.2299995422363	11533.2265625
24.2399997711182	11979.59375
24.25	12333.3330078125
24.2600002288818	12317.248046875
24.2700004577637	11841.5
24.2800006866455	12082.55078125
24.2900009155273	11504.130859375
24.2999992370605	11653.0322265625
24.3099994659424	11780.9296875
24.3199996948242	12345.4189453125
24.3299999237061	12146.439453125
24.3400001525879	11980.361328125
24.3500003814697	11837.9013671875
24.3600006103516	12085.5634765625
24.3700008392334	12210.84765625
24.3799991607666	11838.787109375
24.3899993896484	12224.669921875
24.3999996185303	11520.8837890625
24.4099998474121	11913.9677734375
24.4200000762939	11615.7978515625
24.4300003051758	11499.3115234375
24.4400005340576	11385.9482421875
24.4500007629395	11982.630859375
24.4599990844727	11733.712890625
24.4699993133545	12033.248046875
24.4799995422363	11650.7021484375
24.4899997711182	11982.20703125
24.5	11900.41015625
24.5100002288818	12082.146484375
24.5200004577637	12017.201171875
24.5300006866455	11736.044921875
24.5400009155273	11865.1845703125
24.5499992370605	11521.1005859375
24.5599994659424	11730.2529296875
24.5699996948242	11733.3330078125
24.5799999237061	11504.0400390625
24.5900001525879	11810.693359375
24.6000003814697	11669.728515625
24.6100006103516	12090.4833984375
24.6200008392334	12246.4736328125
24.6299991607666	12038.763671875
24.6399993896484	12503.8046875
24.6499996185303	12030.7470703125
24.6599998474121	12404.7822265625
24.6700000762939	11690.11328125
24.6800003051758	11908.4638671875
24.6900005340576	11691.3515625
24.7000007629395	12068.9677734375
24.7099990844727	11730.404296875
24.7199993133545	11892.8466796875
24.7299995422363	11979.9521484375
24.7399997711182	11743.86328125
24.75	11318.9248046875
24.7600002288818	11920.6044921875
24.7700004577637	12426.611328125
24.7800006866455	12402.416015625
24.7900009155273	11988.2822265625
24.7999992370605	11950.857421875
24.8099994659424	11997.3505859375
24.8199996948242	12063.0302734375
24.8299999237061	11783.494140625
24.8400001525879	12017.9609375
24.8500003814697	11704.052734375
24.8600006103516	11464.17578125
24.8700008392334	11606.2822265625
24.8799991607666	12100.3388671875
24.8899993896484	11572.58203125
24.8999996185303	11579.9853515625
24.9099998474121	11723.0546875
24.9200000762939	11686.8369140625
24.9300003051758	11714.279296875
24.9400005340576	11515.857421875
24.9500007629395	12024.3125
24.9599990844727	12189.8271484375
24.9699993133545	11754.2958984375
24.9799995422363	11885.44140625
24.9899997711182	11700.875
25	11927.9951171875
25.0100002288818	12301.1044921875
25.0200004577637	12013.3046875
25.0300006866455	11283.509765625
25.0400009155273	11383.73046875
25.0499992370605	11521.29296875
25.0599994659424	11941.998046875
25.0699996948242	11877.564453125
25.0799999237061	12138.17578125
25.0900001525879	11880.5673828125
25.1000003814697	11729.744140625
25.1100006103516	11296.4990234375
25.1200008392334	11339.8798828125
25.1299991607666	11290.18359375
25.1399993896484	11537.111328125
25.1499996185303	11596.470703125
25.1599998474121	11451.23828125
25.1700000762939	11774.8876953125
25.1800003051758	12098.3271484375
25.1900005340576	12473.693359375
25.2000007629395	12309.8544921875
25.2099990844727	11383.8095703125
25.2199993133545	11251.9462890625
25.2299995422363	11587.9697265625
25.2399997711182	11853.3583984375
25.25	12059.041015625
25.2600002288818	12273.345703125
25.2700004577637	12227.0478515625
25.2800006866455	11823.4287109375
25.2900009155273	12101.048828125
25.2999992370605	12295.1240234375
25.3099994659424	12157.31640625
25.3199996948242	12191.1748046875
25.3299999237061	11665.9287109375
25.3400001525879	11367.2080078125
25.3500003814697	11232.6572265625
25.3600006103516	11532.505859375
25.3700008392334	11096.1025390625
25.3799991607666	11374.2734375
25.3899993896484	11875.9599609375
25.3999996185303	12135.279296875
25.4099998474121	12109.76171875
25.4200000762939	11830.1962890625
25.4300003051758	11769.1591796875
25.4400005340576	11993.037109375
25.4500007629395	11750.8916015625
25.4599990844727	11967.8251953125
25.4699993133545	12283.9970703125
25.4799995422363	11280.0341796875
25.4899997711182	11377.7099609375
25.5	11251.4384765625
25.5100002288818	11803.232421875
25.5200004577637	11707.5693359375
25.5300006866455	11903.2001953125
25.5400009155273	11811.123046875
25.5499992370605	11589.2705078125
25.5599994659424	11605.3427734375
25.5699996948242	12058.572265625
25.5799999237061	11777.845703125
25.5900001525879	11589.9404296875
25.6000003814697	11937.4130859375
25.6100006103516	12181.1298828125
25.6200008392334	12107.2333984375
25.6299991607666	11974.1083984375
25.6399993896484	12004.5078125
25.6499996185303	12071.0703125
25.6599998474121	11974.734375
25.6700000762939	12058.390625
25.6800003051758	12137.4248046875
25.6900005340576	12096.013671875
25.7000007629395	12069.8623046875
25.7099990844727	12214.556640625
25.7199993133545	12142.65234375
25.7299995422363	11634.54296875
25.7399997711182	11543.3994140625
25.75	11590.0205078125
25.7600002288818	11573.3720703125
25.7700004577637	11845.7138671875
25.7800006866455	11943.1904296875
25.7900009155273	11539.6923828125
25.7999992370605	11182.3505859375
25.8099994659424	11433.0712890625
25.8199996948242	12029.806640625
25.8299999237061	12048.484375
25.8400001525879	11348.3017578125
25.8500003814697	11559.0390625
25.8600006103516	12097.4150390625
25.8700008392334	11864.94140625
25.8799991607666	11649.66015625
25.8899993896484	11642.6162109375
25.8999996185303	11429.8759765625
25.9099998474121	11586.3466796875
25.9200000762939	11740.2734375
25.9300003051758	11058.810546875
25.9400005340576	11209.6318359375
25.9500007629395	11688.384765625
25.9599990844727	11940.708984375
25.9699993133545	11753.552734375
25.9799995422363	11848.9462890625
25.9899997711182	11836.43359375
26	11600.984375
26.0100002288818	11419.3837890625
26.0200004577637	11598.1259765625
26.0300006866455	11679.275390625
26.0400009155273	11582.6728515625
26.0499992370605	11399.3232421875
26.0599994659424	11863.7412109375
26.0699996948242	11920.7958984375
26.0799999237061	11596.33984375
26.0900001525879	11649.421875
26.1000003814697	11501.189453125
26.1100006103516	11123.345703125
26.1200008392334	11004.29296875
26.1299991607666	10851.833984375
26.1399993896484	10775.3583984375
26.1499996185303	11332.2294921875
26.1599998474121	11754.169921875
26.1700000762939	11539.5126953125
26.1800003051758	11213.439453125
26.1900005340576	11206.474609375
26.2000007629395	11367.1376953125
26.2099990844727	11295.2880859375
26.2199993133545	11092.548828125
26.2299995422363	11383.8115234375
26.2399997711182	11191.06640625
26.25	10753.806640625
26.2600002288818	10933.505859375
26.2700004577637	11649.0361328125
26.2800006866455	11500.7880859375
26.2900009155273	10920.5791015625
26.2999992370605	10809.5107421875
26.3099994659424	11177.736328125
26.3199996948242	11565.51171875
26.3299999237061	11252.8408203125
26.3400001525879	11024.3466796875
26.3500003814697	11082.3984375
26.3600006103516	10999.216796875
26.3700008392334	11020.3125
26.3799991607666	11178.6181640625
26.3899993896484	11163.3349609375
26.3999996185303	11098.4130859375
26.4099998474121	11292.384765625
26.4200000762939	11070.4638671875
26.4300003051758	11199.2490234375
26.4400005340576	11420.484375
26.4500007629395	11109.8837890625
26.4599990844727	11145.2099609375
26.4699993133545	11405.18359375
26.4799995422363	11334.7373046875
26.4899997711182	11380.708984375
26.5	11296.796875
26.5100002288818	11290.0927734375
26.5200004577637	11486.55078125
26.5300006866455	11724.8583984375
26.5400009155273	11540.7177734375
26.5499992370605	11326.69140625
26.5599994659424	11743.3818359375
26.5699996948242	11720.388671875
26.5799999237061	11532.990234375
26.5900001525879	11110.029296875
26.6000003814697	10627.65625
26.6100006103516	10527.69140625
26.6200008392334	10826.5830078125
26.6299991607666	11032.888671875
26.6399993896484	11220.818359375
26.6499996185303	11179.169921875
26.6599998474121	10755.041015625
26.6700000762939	10293.3642578125
26.6800003051758	10531.705078125
26.6900005340576	10907.4072265625
26.7000007629395	10793.7861328125
26.7099990844727	10629.197265625
26.7199993133545	10708.0087890625
26.7299995422363	10809.765625
26.7399997711182	10704.3525390625
26.75	10633.3330078125
26.7600002288818	11103.9521484375
26.7700004577637	11163.943359375
26.7800006866455	10762.62890625
26.7900009155273	10780.4912109375
26.7999992370605	11190.4677734375
26.8099994659424	11250.4560546875
26.8199996948242	10835.568359375
26.8299999237061	11179.9609375
26.8400001525879	11290.283203125
26.8500003814697	11239.8837890625
26.8600006103516	11231.1669921875
26.8700008392334	11272.849609375
26.8799991607666	11254.3818359375
26.8899993896484	11465.1748046875
26.8999996185303	11750.93359375
26.9099998474121	11606.6904296875
26.9200000762939	11620.8017578125
26.9300003051758	11388.685546875
26.9400005340576	11265.1181640625
26.9500007629395	11316.6669921875
26.9599990844727	11306.49609375
26.9699993133545	11533.3193359375
26.9799995422363	11521.4453125
26.9899997711182	11820.3369140625
27	11741.107421875
27.0100002288818	11566.8623046875
27.0200004577637	12060.59375
27.0300006866455	12306.7470703125
27.0400009155273	11957.8955078125
27.0499992370605	11730.1318359375
27.0599994659424	11964.361328125
27.0699996948242	11896.177734375
27.0799999237061	11723.478515625
27.0900001525879	11814.9560546875
27.1000003814697	11804.912109375
27.1100006103516	11593.5791015625
27.1200008392334	11580.833984375
27.1299991607666	11552.7626953125
27.1399993896484	11502.728515625
27.1499996185303	11516.6669921875
27.1599998474121	11487.732421875
27.1700000762939	11582.08984375
27.1800003051758	11599.5205078125
27.1900005340576	11205.625
27.2000007629395	11236.1904296875
27.2099990844727	11326.326171875
27.2199993133545	11328.2041015625
27.2299995422363	11532.451171875
27.2399997711182	11680.505859375
27.25	11584.9521484375
27.2600002288818	11427.0419921875
27.2700004577637	11074.599609375
27.2800006866455	10665.40625
27.2900009155273	10728.6953125
27.2999992370605	11365.71875
27.3099994659424	11564.9931640625
27.3199996948242	11232.185546875
27.3299999237061	10991.3564453125
27.3400001525879	11035.8955078125
27.3500003814697	11352.8154296875
27.3600006103516	11305.36328125
27.3700008392334	10934.8173828125
27.3799991607666	11200.376953125
27.3899993896484	11260.724609375
27.3999996185303	10719.2197265625
27.4099998474121	10574.513671875
27.4200000762939	10648.7451171875
27.4300003051758	10365.2958984375
27.4400005340576	10151.1494140625
27.4500007629395	10175.548828125
27.4599990844727	10387.0126953125
27.4699993133545	10451.8857421875
27.4799995422363	10429.2265625
27.4899997711182	10306.9130859375
27.5	10247.087890625
27.5100002288818	10350
27.5200004577637	10315.208984375
27.5300006866455	10309.34765625
27.5400009155273	10419.7841796875
27.5499992370605	10431.0498046875
27.5599994659424	10332.296875
27.5699996948242	9991.6201171875
27.5799999237061	9674.380859375
27.5900001525879	9701.0810546875
27.6000003814697	9936.716796875
27.6100006103516	9998.2158203125
27.6200008392334	9832.7265625
27.6299991607666	10069.2099609375
27.6399993896484	10291.3271484375
27.6499996185303	10258.3994140625
27.6599998474121	10333.30859375
27.6700000762939	10225.580078125
27.6800003051758	10008.7314453125
27.6900005340576	10024.2509765625
27.7000007629395	10527.638671875
27.7099990844727	10483.015625
27.7199993133545	9860.7666015625
27.7299995422363	9782.2021484375
27.7399997711182	10158.072265625
27.75	10524.2763671875
27.7600002288818	10267.697265625
27.7700004577637	9926.4697265625
27.7800006866455	9931.412109375
27.7900009155273	9967.359375
27.7999992370605	9934.0791015625
27.8099994659424	9726.248046875
27.8199996948242	9461.3125
27.8299999237061	9510.33984375
27.8400001525879	9601.9130859375
27.8500003814697	9660.6123046875
27.8600006103516	9953.9248046875
27.8700008392334	10267.755859375
27.8799991607666	10212.8388671875
27.8899993896484	10047.560546875
27.8999996185303	10252.6689453125
27.9099998474121	10273.5732421875
27.9200000762939	10143.1103515625
27.9300003051758	10149.53515625
27.9400005340576	10156.2841796875
27.9500007629395	10389.248046875
27.9599990844727	10245.2626953125
27.9699993133545	9864.078125
27.9799995422363	9867.376953125
27.9899997711182	10188.7197265625
28	10453.5986328125
28.0100002288818	10061.1171875
28.0200004577637	9970.9521484375
28.0300006866455	10424.021484375
28.0400009155273	10550.5849609375
28.0499992370605	10437.1318359375
28.0599994659424	10223.6845703125
28.0699996948242	10347.0869140625
28.0799999237061	10119.4287109375
28.0900001525879	9912.119140625
28.1000003814697	9792.255859375
28.1100006103516	9590.4775390625
28.1200008392334	9884.69921875
28.1299991607666	10068.115234375
28.1399993896484	9630.4453125
28.1499996185303	9378.884765625
28.1599998474121	9357.01171875
28.1700000762939	9464.466796875
28.1800003051758	9829.66015625
28.1900005340576	10129.201171875
28.2000007629395	9989.4931640625
28.2099990844727	9709.4873046875
28.2199993133545	9697.8291015625
28.2299995422363	9776.2978515625
28.2399997711182	9556.8017578125
28.25	9837.6650390625
28.2600002288818	10132.1044921875
28.2700004577637	10124.5009765625
28.2800006866455	10092.28125
28.2900009155273	9873.3935546875
28.2999992370605	10216.197265625
28.3099994659424	10376.9658203125
28.3199996948242	10053.046875
28.3299999237061	9774.71875
28.3400001525879	9960.12890625
28.3500003814697	9897.908203125
28.3600006103516	9939.8837890625
28.3700008392334	10113.95703125
28.3799991607666	10012.5771484375
28.3899993896484	10021.71484375
28.3999996185303	10114.591796875
28.4099998474121	9924.5869140625
28.4200000762939	9984.5654296875
28.4300003051758	10049.189453125
28.4400005340576	9839.4130859375
28.4500007629395	9810.40234375
28.4599990844727	9746.4580078125
28.4699993133545	9609.595703125
28.4799995422363	9803.6796875
28.4899997711182	9928.091796875
28.5	9947.7060546875
28.5100002288818	9690.3828125
28.5200004577637	9318.0947265625
28.5300006866455	9199.2265625
28.5400009155273	9550
28.5499992370605	9597.8759765625
28.5599994659424	9605.8779296875
28.5699996948242	9549.7109375
28.5799999237061	9623.2294921875
28.5900001525879	9542.1240234375
28.6000003814697	9673.4111328125
28.6100006103516	9605.9658203125
28.6200008392334	9289.7998046875
28.6299991607666	9158.3916015625
28.6399993896484	9414.9462890625
28.6499996185303	9661.9384765625
28.6599998474121	9693.8876953125
28.6700000762939	9638.6630859375
28.6800003051758	9650.5185546875
28.6900005340576	9711.05078125
28.7000007629395	9688.8212890625
28.7099990844727	9738.984375
28.7199993133545	9955.30859375
28.7299995422363	10221.224609375
28.7399997711182	10208.9248046875
28.75	9617.8427734375
28.7600002288818	9499.626953125
28.7700004577637	9544.142578125
28.7800006866455	9663.4794921875
28.7900009155273	9588.3544921875
28.7999992370605	9058.583984375
28.8099994659424	9390.0126953125
28.8199996948242	9712.0517578125
28.8299999237061	9413.2724609375
28.8400001525879	9573.4736328125
28.8500003814697	9933.7890625
28.8600006103516	9447.80859375
28.8700008392334	9106.2119140625
28.8799991607666	9240.2373046875
28.8899993896484	9928.244140625
28.8999996185303	9871.10546875
28.9099998474121	9751.55859375
28.9200000762939	9691.6181640625
28.9300003051758	9608.416015625
28.9400005340576	9659.0546875
28.9500007629395	9793.3994140625
28.9599990844727	9406.8173828125
28.9699993133545	9329.673828125
28.9799995422363	9833.7353515625
28.9899997711182	10060.064453125
29	9615.8876953125
29.0100002288818	9457.34765625
29.0200004577637	9688.080078125
29.0300006866455	9742.48046875
29.0400009155273	9896.9365234375
29.0499992370605	10030.6689453125
29.0599994659424	10080.58984375
29.0699996948242	9927.46484375
29.0799999237061	9552.6298828125
29.0900001525879	9711.55859375
29.1000003814697	9281.857421875
29.1100006103516	9260.3896484375
29.1200008392334	9445.4091796875
29.1299991607666	9634.1259765625
29.1399993896484	9263.501953125
29.1499996185303	9204.7470703125
29.1599998474121	9454.3779296875
29.1700000762939	9475.369140625
29.1800003051758	9439.44921875
29.1900005340576	9365.537109375
29.2000007629395	9573.0966796875
29.2099990844727	9311.78515625
29.2199993133545	9132.484375
29.2299995422363	9084.296875
29.2399997711182	9579.171875
29.25	9633.8505859375
29.2600002288818	9301.0439453125
29.2700004577637	9164.4677734375
29.2800006866455	9569.470703125
29.2900009155273	9648.587890625
29.2999992370605	9483.5625
29.3099994659424	9835.845703125
29.3199996948242	9878.7822265625
29.3299999237061	9492.791015625
29.3400001525879	9096.546875
29.3500003814697	9354.2158203125
29.3600006103516	8910.1591796875
29.3700008392334	8781.416015625
29.3799991607666	9193.2568359375
29.3899993896484	9313.51171875
29.3999996185303	9566.5078125
29.4099998474121	9994.0595703125
29.4200000762939	9613.158203125
29.4300003051758	9436.341796875
29.4400005340576	9683.3330078125
29.4500007629395	9658.0322265625
29.4599990844727	9523.6083984375
29.4699993133545	9334.609375
29.4799995422363	9269.7001953125
29.4899997711182	9484.212890625
29.5	9508.2041015625
29.5100002288818	9329.259765625
29.5200004577637	9229.41796875
29.5300006866455	9235.1015625
29.5400009155273	9485.6005859375
29.5499992370605	9190.126953125
29.5599994659424	9233.4560546875
29.5699996948242	9059.724609375
29.5799999237061	9137.2138671875
29.5900001525879	9110.80859375
29.6000003814697	9483.900390625
29.6100006103516	9387.923828125
29.6200008392334	9231.8251953125
29.6299991607666	9086.474609375
29.6399993896484	9177.8701171875
29.6499996185303	9448.7197265625
29.6599998474121	9168.373046875
29.6700000762939	9204.4609375
29.6800003051758	8993.98046875
29.6900005340576	9020.3671875
29.7000007629395	9213.439453125
29.7099990844727	8972.5283203125
29.7199993133545	9075.5166015625
29.7299995422363	9372.890625
29.7399997711182	9109.0009765625
29.75	9272.892578125
29.7600002288818	9444.271484375
29.7700004577637	9330.560546875
29.7800006866455	9278.2109375
29.7900009155273	9099.65625
29.7999992370605	9153.6962890625
29.8099994659424	9074.7041015625
29.8199996948242	9508.9345703125
29.8299999237061	9673.177734375
29.8400001525879	9342.232421875
29.8500003814697	9300
29.8600006103516	9332.9765625
29.8700008392334	9494.0732421875
29.8799991607666	9376.603515625
29.8899993896484	9371.8876953125
29.8999996185303	9021.5302734375
29.9099998474121	9066.8369140625
29.9200000762939	9171.4248046875
29.9300003051758	9174.119140625
29.9400005340576	9012.013671875
29.9500007629395	9010.9365234375
29.9599990844727	9144.67578125
29.9699993133545	9023.6259765625
29.9799995422363	9785.5654296875
29.9899997711182	9530.6474609375
30	9213.69921875
30.0100002288818	9410.23828125
30.0200004577637	9383.5986328125
30.0300006866455	9422.662109375
30.0400009155273	8823.478515625
30.0499992370605	8436.6787109375
30.0599994659424	8738.2177734375
30.0699996948242	9026.5927734375
30.0799999237061	9103.91796875
30.0900001525879	9090.8125
30.1000003814697	8812.4228515625
30.1100006103516	9206.15234375
30.1200008392334	9468.4619140625
30.1299991607666	9101.611328125
30.1399993896484	9269.8173828125
30.1499996185303	9422.681640625
30.1599998474121	9357.8203125
30.1700000762939	9530.486328125
30.1800003051758	9221.7568359375
30.1900005340576	9216.5546875
30.2000007629395	8760.08984375
30.2099990844727	8733.9765625
30.2199993133545	9030.8994140625
30.2299995422363	8892.2685546875
30.2399997711182	9310.7744140625
30.25	9415.1533203125
30.2600002288818	9373.2373046875
30.2700004577637	9072.248046875
30.2800006866455	8761.8173828125
30.2900009155273	8560.0888671875
30.2999992370605	8841.7080078125
30.3099994659424	8751.35546875
30.3199996948242	8767.99609375
30.3299999237061	8788.546875
30.3400001525879	8888.3134765625
30.3500003814697	9288.705078125
30.3600006103516	8573.7490234375
30.3700008392334	9046.1796875
30.3799991607666	8594.8017578125
30.3899993896484	8928.845703125
30.3999996185303	8474.9013671875
30.4099998474121	9303.01953125
30.4200000762939	9549.1728515625
30.4300003051758	9041.669921875
30.4400005340576	8922.7578125
30.4500007629395	9022.6005859375
30.4599990844727	9093.5615234375
30.4699993133545	8706.3642578125
30.4799995422363	8557.9130859375
30.4899997711182	8967.41796875
30.5	8679.9013671875
30.5100002288818	8654.09765625
30.5200004577637	9361.8330078125
30.5300006866455	9241.724609375
30.5400009155273	8759.697265625
30.5499992370605	9290.4921875
30.5599994659424	8727.880859375
30.5699996948242	8989.40625
30.5799999237061	9136.576171875
30.5900001525879	9233.4716796875
30.6000003814697	9653.5498046875
30.6100006103516	9272.6376953125
30.6200008392334	8491.2978515625
30.6299991607666	8249.3828125
30.6399993896484	8752.4580078125
30.6499996185303	8826.8173828125
30.6599998474121	8595.16796875
30.6700000762939	8423.689453125
30.6800003051758	8704.255859375
30.6900005340576	8879.00390625
30.7000007629395	8679.65234375
30.7099990844727	8503.0849609375
30.7199993133545	8662.7138671875
30.7299995422363	8439.2255859375
30.7399997711182	8816.20703125
30.75	8787.615234375
30.7600002288818	9132.0888671875
30.7700004577637	9016.36328125
30.7800006866455	8980.5732421875
30.7900009155273	8620.44140625
30.7999992370605	9249.1943359375
30.8099994659424	9068.1728515625
30.8199996948242	9598.8486328125
30.8299999237061	8683.619140625
30.8400001525879	8417.16796875
30.8500003814697	8798.6787109375
30.8600006103516	9098.49609375
30.8700008392334	8818.53125
30.8799991607666	8816.6669921875
30.8899993896484	8800.162109375
30.8999996185303	8734.0859375
30.9099998474121	8749.7861328125
30.9200000762939	8881.4111328125
30.9300003051758	8981.7353515625
30.9400005340576	8966.958984375
30.9500007629395	8983.0146484375
30.9599990844727	8640.572265625
30.9699993133545	8225.9365234375
30.9799995422363	8379.3642578125
30.9899997711182	8464.5517578125
31	8385.5791015625
31.0100002288818	8334.7587890625
31.0200004577637	7977.6953125
31.0300006866455	8208.755859375
31.0400009155273	8973.986328125
31.0499992370605	8549.5615234375
31.0599994659424	8276.357421875
31.0699996948242	8266.6669921875
31.0799999237061	8618.861328125
31.0900001525879	8984.9541015625
31.1000003814697	9079.783203125
31.1100006103516	9115.1943359375
31.1200008392334	8782.6708984375
31.1299991607666	8528.4892578125
31.1399993896484	8041.0947265625
31.1499996185303	8174.93017578125
31.1599998474121	8436.1376953125
31.1700000762939	8418.451171875
31.1800003051758	8243.4375
31.1900005340576	8280.5
31.2000007629395	8722.822265625
31.2099990844727	8718.66015625
31.2199993133545	8325.568359375
31.2299995422363	8659.2109375
31.2399997711182	8620.9658203125
31.25	8507.7060546875
31.2600002288818	8484.4599609375
31.2700004577637	8685.0107421875
31.2800006866455	8932.314453125
31.2900009155273	9042.76953125
31.2999992370605	8556.0615234375
31.3099994659424	8578.3046875
31.3199996948242	9075.60546875
31.3299999237061	8763.4443359375
31.3400001525879	8656.67578125
31.3500003814697	8833.6650390625
31.3600006103516	8743.0439453125
31.3700008392334	8885.8671875
31.3799991607666	8717.271484375
31.3899993896484	8502.3828125
31.3999996185303	8680.6123046875
31.4099998474121	8397.013671875
31.4200000762939	8593.5166015625
31.4300003051758	8450.5966796875
31.4400005340576	8403.1904296875
31.4500007629395	8204.4111328125
31.4599990844727	8618.892578125
31.4699993133545	8381.7939453125
31.4799995422363	8559.5419921875
31.4899997711182	8986.748046875
31.5	9257.0625
31.5100002288818	8166.634765625
31.5200004577637	8256.283203125
31.5300006866455	8594.91796875
31.5400009155273	8159.36962890625
31.5499992370605	8114.78515625
31.5599994659424	8219.982421875
31.5699996948242	8159.666015625
31.5799999237061	8238.2451171875
31.5900001525879	8352.7705078125
31.6000003814697	8454.599609375
31.6100006103516	8729.998046875
31.6200008392334	8474.5947265625
31.6299991607666	8447.9111328125
31.6399993896484	8071.65673828125
31.6499996185303	8161.923828125
31.6599998474121	8458.828125
31.6700000762939	8789.4755859375
31.6800003051758	8674.4072265625
31.6900005340576	8332.7177734375
31.7000007629395	8542.4609375
31.7099990844727	8281.5634765625
31.7199993133545	8262.021484375
31.7299995422363	8610.3017578125
31.7399997711182	8437.9912109375
31.75	8613.994140625
31.7600002288818	8721.2021484375
31.7700004577637	8818.6201171875
31.7800006866455	8961.029296875
31.7900009155273	9195.771484375
31.7999992370605	8809.2333984375
31.8099994659424	8846.21875
31.8199996948242	9077.9384765625
31.8299999237061	9144.7841796875
31.8400001525879	8364.15234375
31.8500003814697	8244.6806640625
31.8600006103516	8599.529296875
31.8700008392334	8234.052734375
31.8799991607666	8163.92919921875
31.8899993896484	8097.1494140625
31.8999996185303	8347.0078125
31.9099998474121	8372.296875
31.9200000762939	8975.001953125
31.9300003051758	9017.2001953125
31.9400005340576	8779.615234375
31.9500007629395	8664.5927734375
31.9599990844727	8567.666015625
31.9699993133545	8728.0537109375
31.9799995422363	8670.97265625
31.9899997711182	8336.1728515625
32	8171.3349609375
32.0099983215332	8367.4873046875
32.0200004577637	8294.5634765625
32.0299987792969	8388.537109375
32.0400009155273	8470.728515625
32.0499992370605	8361.927734375
32.060001373291	8064.060546875
32.0699996948242	8403.1337890625
32.0800018310547	8607.2958984375
32.0900001525879	8686.8779296875
32.0999984741211	8873.68359375
32.1100006103516	8356.62109375
32.1199989318848	8216.6669921875
32.1300010681152	8150.2529296875
32.1399993896484	8093.5625
32.1500015258789	8281.7998046875
32.1599998474121	8491.796875
32.1699981689453	8506.974609375
32.1800003051758	8907.7626953125
32.189998626709	9292.3505859375
32.2000007629395	8711.56640625
32.2099990844727	8415.6474609375
32.2200012207031	8774.8447265625
32.2299995422363	8609.8173828125
32.2400016784668	8182.3662109375
32.25	8031.44140625
32.2599983215332	7990.7724609375
32.2700004577637	8293.447265625
32.2799987792969	8550.9765625
32.2900009155273	8625.7392578125
32.2999992370605	8286.5439453125
32.310001373291	8529.42578125
32.3199996948242	8582.1630859375
32.3300018310547	8834.767578125
32.3400001525879	8649.107421875
32.3499984741211	8782.82421875
32.3600006103516	8608.9013671875
32.3699989318848	8495.3427734375
32.3800010681152	8243.2138671875
32.3899993896484	8355.8486328125
32.4000015258789	8756.498046875
32.4099998474121	8866.6669921875
32.4199981689453	8264.994140625
32.4300003051758	7791.46630859375
32.439998626709	7999.6005859375
32.4500007629395	8423.8984375
32.4599990844727	7998.7626953125
32.4700012207031	8188.85107421875
32.4799995422363	8675.6982421875
32.4900016784668	8750.5810546875
32.5	8573.056640625
32.5099983215332	8258.298828125
32.5200004577637	8228.0546875
32.5299987792969	8470.5322265625
32.5400009155273	8574.4521484375
32.5499992370605	8253.9228515625
32.560001373291	8145.5078125
32.5699996948242	8064.95703125
32.5800018310547	8045.45654296875
32.5900001525879	8170.9755859375
32.5999984741211	8120.091796875
32.6100006103516	7938.779296875
32.6199989318848	8183.845703125
32.6300010681152	8228.03125
32.6399993896484	8439.3828125
32.6500015258789	8342.23828125
32.6599998474121	8588.4462890625
32.6699981689453	8431.255859375
32.6800003051758	8316.6669921875
32.689998626709	8150.89599609375
32.7000007629395	8189.66943359375
32.7099990844727	8268.701171875
32.7200012207031	8200.9873046875
32.7299995422363	8366.21484375
32.7400016784668	8742.8115234375
32.75	8551.1220703125
32.7599983215332	8439.9892578125
32.7700004577637	8822.337890625
32.7799987792969	8971.7236328125
32.7900009155273	8468.54296875
32.7999992370605	8261.55859375
32.810001373291	8347.3974609375
32.8199996948242	8337.3037109375
32.8300018310547	8132.95849609375
32.8400001525879	8256.2109375
32.8499984741211	8715.77734375
32.8600006103516	8643.830078125
32.8699989318848	8419.5400390625
32.8800010681152	8548.326171875
32.8899993896484	8157.552734375
32.9000015258789	7967.24072265625
32.9099998474121	8129.93310546875
32.9199981689453	8256.2568359375
32.9300003051758	8070.04443359375
32.939998626709	8493.07421875
32.9500007629395	8649.4287109375
32.9599990844727	8689.1923828125
32.9700012207031	8599.8525390625
32.9799995422363	8500.0400390625
32.9900016784668	8582.9833984375
33	8489.7255859375
33.0099983215332	8835.470703125
33.0200004577637	8830.087890625
33.0299987792969	8431.4453125
33.0400009155273	8556.9453125
33.0499992370605	8940.216796875
33.060001373291	8848.798828125
33.0699996948242	8787.6728515625
33.0800018310547	8675.716796875
33.0900001525879	8394.4814453125
33.0999984741211	8250.9599609375
33.1100006103516	8599.3681640625
33.1199989318848	8563.7158203125
33.1300010681152	8754.7744140625
33.1399993896484	8687.482421875
33.1500015258789	8848.58203125
33.1599998474121	8782.626953125
33.1699981689453	8501.4228515625
33.1800003051758	8427.25390625
33.189998626709	8560.0732421875
33.2000007629395	8664.94140625
33.2099990844727	8546.6943359375
33.2200012207031	8613.458984375
33.2299995422363	8971.9521484375
33.2400016784668	9258.5439453125
33.25	9177.2021484375
33.2599983215332	8948.3505859375
33.2700004577637	8732.015625
33.2799987792969	8526.01171875
33.2900009155273	8614.91015625
33.2999992370605	8768.0732421875
33.310001373291	8810.255859375
33.3199996948242	8857.5888671875
33.3300018310547	8934.3583984375
33.3400001525879	8712.1767578125
33.3499984741211	9006.9365234375
33.3600006103516	9249.3564453125
33.3699989318848	9145.943359375
33.3800010681152	9019.376953125
33.3899993896484	9197.8720703125
33.4000015258789	9109.3515625
33.4099998474121	8929.9970703125
33.4199981689453	8926.642578125
33.4300003051758	8973.13671875
33.439998626709	9208.4326171875
33.4500007629395	9280.7001953125
33.4599990844727	9361.7021484375
33.4700012207031	9479.5478515625
33.4799995422363	9519.6474609375
33.4900016784668	9464.7451171875
33.5	9475.3046875
33.5099983215332	9370.4521484375
33.5200004577637	9373.611328125
33.5299987792969	9566.3623046875
33.5400009155273	9640.328125
33.5499992370605	9498.2880859375
33.560001373291	9303.7919921875
33.5699996948242	9252.5244140625
33.5800018310547	9324.0869140625
33.5900001525879	9710.275390625
33.5999984741211	10023.7822265625
33.6100006103516	9867.29296875
33.6199989318848	9707.1982421875
33.6300010681152	9936.0830078125
33.6399993896484	10097.8310546875
33.6500015258789	9829.7314453125
33.6599998474121	9895.619140625
33.6699981689453	10324.2080078125
33.6800003051758	10425.466796875
33.689998626709	10301.626953125
33.7000007629395	10370.458984375
33.7099990844727	10817.81640625
33.7200012207031	11339.6025390625
33.7299995422363	11285.1982421875
33.7400016784668	11037.5087890625
33.75	10817.2080078125
33.7599983215332	10648.4384765625
33.7700004577637	10551.5322265625
33.7799987792969	10718.9912109375
33.7900009155273	10862.435546875
33.7999992370605	10672.455078125
33.810001373291	10451.1328125
33.8199996948242	10581.771484375
33.8300018310547	11016.9150390625
33.8400001525879	11402.6650390625
33.8499984741211	11416.6962890625
33.8600006103516	11264.5537109375
33.8699989318848	11436.5712890625
33.8800010681152	11678.3447265625
33.8899993896484	11636.6875
33.9000015258789	11497.435546875
33.9099998474121	11581.033203125
33.9199981689453	12004.8603515625
33.9300003051758	12283.3330078125
33.939998626709	12049.5166015625
33.9500007629395	11971.48828125
33.9599990844727	12435.76953125
33.9700012207031	12509.640625
33.9799995422363	12463.07421875
33.9900016784668	12804.0107421875
34	13094.296875
34.0099983215332	13021.5458984375
34.0200004577637	13188.5830078125
34.0299987792969	14106.787109375
34.0400009155273	14775.970703125
34.0499992370605	14958.7783203125
34.060001373291	15100.1943359375
34.0699996948242	15333.31640625
34.0800018310547	15990.1328125
34.0900001525879	16706.953125
34.0999984741211	16735.1640625
34.1100006103516	16912
34.1199989318848	17948.333984375
34.1300010681152	18739.390625
34.1399993896484	18842.197265625
34.1500015258789	19556.62109375
34.1599998474121	20746.751953125
34.1699981689453	21514.66015625
34.1800003051758	22350.029296875
34.189998626709	23412.76953125
34.2000007629395	24264.19140625
34.2099990844727	24757.498046875
34.2200012207031	25492.494140625
34.2299995422363	26327.568359375
34.2400016784668	27131.376953125
34.25	28258.599609375
34.2599983215332	29135.658203125
34.2700004577637	29627.076171875
34.2799987792969	30039.435546875
34.2900009155273	30800.173828125
34.2999992370605	31691.5625
34.310001373291	32661.15625
34.3199996948242	33822.3515625
34.3300018310547	33932.51171875
34.3400001525879	33906.19140625
34.3499984741211	34739.71484375
34.3600006103516	34904.5546875
34.3699989318848	34190.78125
34.3800010681152	34224.8515625
34.3899993896484	34466.07421875
34.4000015258789	34200.78125
34.4099998474121	33688.6171875
34.4199981689453	33131.15234375
34.4300003051758	32710.04296875
34.439998626709	31985.291015625
34.4500007629395	31596.435546875
34.4599990844727	31307.296875
34.4700012207031	30428.28515625
34.4799995422363	29006.0546875
34.4900016784668	27883.71484375
34.5	26799.8203125
34.5099983215332	25429.07421875
34.5200004577637	24988.28125
34.5299987792969	24916.1484375
34.5400009155273	24239.560546875
34.5499992370605	23067.478515625
34.560001373291	22161.150390625
34.5699996948242	21438.4765625
34.5800018310547	20720.3515625
34.5900001525879	19852.671875
34.5999984741211	18719.291015625
34.6100006103516	17963.529296875
34.6199989318848	17588.44921875
34.6300010681152	17158.416015625
34.6399993896484	16927.359375
34.6500015258789	16490.673828125
34.6599998474121	15915.0107421875
34.6699981689453	15428.685546875
34.6800003051758	15159.4306640625
34.689998626709	14652.7744140625
34.7000007629395	14127.4912109375
34.7099990844727	13560.5498046875
34.7200012207031	13173.572265625
34.7299995422363	13113.0634765625
34.7400016784668	12860.1083984375
34.75	12610.7294921875
34.7599983215332	12241.4296875
34.7700004577637	12177.720703125
34.7799987792969	12450
34.7900009155273	12084.17578125
34.7999992370605	11581.744140625
34.810001373291	11586.08984375
34.8199996948242	11388.126953125
34.8300018310547	11155.8349609375
34.8400001525879	10810.28125
34.8499984741211	10928.396484375
34.8600006103516	11330.923828125
34.8699989318848	11071.974609375
34.8800010681152	10655.8349609375
34.8899993896484	10570.7646484375
34.9000015258789	10581.298828125
34.9099998474121	10390.1728515625
34.9199981689453	9970.9130859375
34.9300003051758	9919.0732421875
34.939998626709	9983.7177734375
34.9500007629395	10201.7412109375
34.9599990844727	10160.0009765625
34.9700012207031	10015.07421875
34.9799995422363	10104.564453125
34.9900016784668	10220.0771484375
35	9911.7216796875
35.0099983215332	9732.52734375
35.0200004577637	9754.59765625
35.0299987792969	9613.0224609375
35.0400009155273	9713.9716796875
35.0499992370605	9817.6650390625
35.060001373291	9633.041015625
35.0699996948242	9315.080078125
35.0800018310547	9315.4931640625
35.0900001525879	8958.0673828125
35.0999984741211	8966.556640625
35.1100006103516	9204.0771484375
35.1199989318848	9185.25390625
35.1300010681152	9424.794921875
35.1399993896484	9633.3330078125
35.1500015258789	9475.3681640625
35.1599998474121	9127.34765625
35.1699981689453	9273.6923828125
35.1800003051758	9683.2607421875
35.189998626709	9455.9189453125
35.2000007629395	9227.1455078125
35.2099990844727	9515.5546875
35.2200012207031	9678.3828125
35.2299995422363	9583.666015625
35.2400016784668	9349.4638671875
35.25	9008.8671875
35.2599983215332	9139.8134765625
35.2700004577637	8992.4501953125
35.2799987792969	8949.0009765625
35.2900009155273	9234.8857421875
35.2999992370605	9229.9345703125
35.310001373291	9377.162109375
35.3199996948242	9326.8759765625
35.3300018310547	9062.6953125
35.3400001525879	8874.7255859375
35.3499984741211	9023.310546875
35.3600006103516	9042.3779296875
35.3699989318848	8861.2041015625
35.3800010681152	9040.6064453125
35.3899993896484	9042.4111328125
35.4000015258789	8838.3603515625
35.4099998474121	8920.0302734375
35.4199981689453	9038.5341796875
35.4300003051758	9067.0673828125
35.439998626709	9432.619140625
35.4500007629395	9535.2880859375
35.4599990844727	9543.916015625
35.4700012207031	9586.8837890625
35.4799995422363	9442.994140625
35.4900016784668	9327.2900390625
35.5	8930.7353515625
35.5099983215332	8728.642578125
35.5200004577637	8663.583984375
35.5299987792969	9062.9970703125
35.5400009155273	9448.3583984375
35.5499992370605	9592.8369140625
35.560001373291	9316.6669921875
35.5699996948242	9330.498046875
35.5800018310547	9242.8466796875
35.5900001525879	8829.998046875
35.5999984741211	8731.5751953125
35.6100006103516	9056.2578125
35.6199989318848	9019.2392578125
35.6300010681152	9080.9560546875
35.6399993896484	9005.5302734375
35.6500015258789	9084.3271484375
35.6599998474121	9089.427734375
35.6699981689453	8861.8779296875
35.6800003051758	8666.5283203125
35.689998626709	9239.2685546875
35.7000007629395	9985.0986328125
35.7099990844727	9438.3857421875
35.7200012207031	8720.0830078125
35.7299995422363	9232.9072265625
35.7400016784668	9116.55078125
35.75	9100.037109375
35.7599983215332	9278.791015625
35.7700004577637	9409.4794921875
35.7799987792969	9120.2177734375
35.7900009155273	9322.958984375
35.7999992370605	9470.4130859375
35.810001373291	9074.716796875
35.8199996948242	9027.982421875
35.8300018310547	8887.486328125
35.8400001525879	9099.4765625
35.8499984741211	8957.9658203125
35.8600006103516	9215.615234375
35.8699989318848	9297.7021484375
35.8800010681152	9369.158203125
35.8899993896484	9128.75390625
35.9000015258789	8693.3134765625
35.9099998474121	8813.5927734375
35.9199981689453	8950.490234375
35.9300003051758	8962.1181640625
35.939998626709	8529.5166015625
35.9500007629395	8345.9853515625
35.9599990844727	8661.8564453125
35.9700012207031	9000
35.9799995422363	8974.7109375
35.9900016784668	8965.8681640625
36	9330.8232421875
36.0099983215332	9393.203125
36.0200004577637	8641.0078125
36.0299987792969	8362.525390625
36.0400009155273	8874.2724609375
36.0499992370605	9042.4189453125
36.060001373291	9343.5908203125
36.0699996948242	9325.619140625
36.0800018310547	9076.404296875
36.0900001525879	9036.87890625
36.0999984741211	9203.4853515625
36.1100006103516	8937.5068359375
36.1199989318848	8698.5205078125
36.1300010681152	9010.5830078125
36.1399993896484	8897.3115234375
36.1500015258789	8771.841796875
36.1599998474121	8611.9326171875
36.1699981689453	8701.7978515625
36.1800003051758	8563.537109375
36.189998626709	8609.0009765625
36.2000007629395	8860.50390625
36.2099990844727	8723.2763671875
36.2200012207031	8284.8955078125
36.2299995422363	8603.9267578125
36.2400016784668	8973.1357421875
36.25	8870.7255859375
36.2599983215332	9019.5283203125
36.2700004577637	9377.3486328125
36.2799987792969	9882.66796875
36.2900009155273	9716.9267578125
36.2999992370605	9299.623046875
36.310001373291	9182.8681640625
36.3199996948242	9047.3837890625
36.3300018310547	9150.16796875
36.3400001525879	9001.544921875
36.3499984741211	9448.6552734375
36.3600006103516	9081.125
36.3699989318848	9026.091796875
36.3800010681152	9223.515625
36.3899993896484	9083.3330078125
36.4000015258789	9122.3408203125
36.4099998474121	9320.451171875
36.4199981689453	9242.3427734375
36.4300003051758	9240.45703125
36.439998626709	9451.638671875
36.4500007629395	9326.9765625
36.4599990844727	9136.8505859375
36.4700012207031	9413.251953125
36.4799995422363	9800.1953125
36.4900016784668	9842.7626953125
36.5	9478.7509765625
36.5099983215332	9291.5732421875
36.5200004577637	8986.5361328125
36.5299987792969	9369.3193359375
36.5400009155273	9761.1640625
36.5499992370605	10093.9638671875
36.560001373291	9742.203125
36.5699996948242	9817.5498046875
36.5800018310547	9946.3525390625
36.5900001525879	10029.041015625
36.5999984741211	10025.46484375
36.6100006103516	10206.294921875
36.6199989318848	10204.36328125
36.6300010681152	9871.0302734375
36.6399993896484	9795.4931640625
36.6500015258789	9887.3388671875
36.6599998474121	9892.91796875
36.6699981689453	9714.7119140625
36.6800003051758	9647.8525390625
36.689998626709	9293.875
36.7000007629395	9638.984375
36.7099990844727	9707.513671875
36.7200012207031	9923.87109375
36.7299995422363	10089.48046875
36.7400016784668	9841.6259765625
36.75	9668.630859375
36.7599983215332	9977.11328125
36.7700004577637	10088.9921875
36.7799987792969	10266.3974609375
36.7900009155273	10128.35546875
36.7999992370605	10244.8564453125
36.810001373291	10291.59375
36.8199996948242	9773.9794921875
36.8300018310547	10014.1748046875
36.8400001525879	10181.0244140625
36.8499984741211	10469.5859375
36.8600006103516	10315.287109375
36.8699989318848	10161.4560546875
36.8800010681152	10442.7177734375
36.8899993896484	10349.4736328125
36.9000015258789	10162.439453125
36.9099998474121	10149.916015625
36.9199981689453	10492.1552734375
36.9300003051758	10250.1181640625
36.939998626709	10610.98828125
36.9500007629395	10317.73046875
36.9599990844727	9951.0732421875
36.9700012207031	10190.29296875
36.9799995422363	10484.552734375
36.9900016784668	10517.943359375
37	10742.9638671875
37.0099983215332	10624.7216796875
37.0200004577637	10349.7333984375
37.0299987792969	11265.564453125
37.0400009155273	11226.2783203125
37.0499992370605	10889.6611328125
37.060001373291	10979.208984375
37.0699996948242	10934.8017578125
37.0800018310547	11216.6669921875
37.0900001525879	11218.587890625
37.0999984741211	11225.6416015625
37.1100006103516	10812.1005859375
37.1199989318848	10728.884765625
37.1300010681152	10689.8466796875
37.1399993896484	11424.2509765625
37.1500015258789	11564.208984375
37.1599998474121	11492
37.1699981689453	10993.822265625
37.1800003051758	10893.619140625
37.189998626709	11481.8955078125
37.2000007629395	11794.9140625
37.2099990844727	11304.0693359375
37.2200012207031	11424.2255859375
37.2299995422363	12020.4541015625
37.2400016784668	12096.6083984375
37.25	11574.84765625
37.2599983215332	11825.2421875
37.2700004577637	12560.75
37.2799987792969	12873.052734375
37.2900009155273	12552.943359375
37.2999992370605	12664.0166015625
37.310001373291	13150.443359375
37.3199996948242	13158.2587890625
37.3300018310547	12834.9208984375
37.3400001525879	12917.9326171875
37.3499984741211	13704.9033203125
37.3600006103516	13916.3388671875
37.3699989318848	13076.6806640625
37.3800010681152	13625.9091796875
37.3899993896484	14164.869140625
37.4000015258789	14056.767578125
37.4099998474121	14539.6337890625
37.4199981689453	15029.4130859375
37.4300003051758	14685.947265625
37.439998626709	14954.7607421875
37.4500007629395	15519.3505859375
37.4599990844727	15901.400390625
37.4700012207031	16151.822265625
37.4799995422363	16583.51953125
37.4900016784668	16650.5390625
37.5	17033.3359375
37.5099983215332	17299.630859375
37.5200004577637	17665.646484375
37.5299987792969	18662.48828125
37.5400009155273	18633.51953125
37.5499992370605	18749.1875
37.560001373291	20171.345703125
37.5699996948242	20975.52734375
37.5800018310547	21296.46875
37.5900001525879	21448.119140625
37.5999984741211	22863.35546875
37.6100006103516	23457.72265625
37.6199989318848	24548.26953125
37.6300010681152	24599.396484375
37.6399993896484	25874.640625
37.6500015258789	26259.00390625
37.6599998474121	27602.87109375
37.6699981689453	28674.7421875
37.6800003051758	29414.94921875
37.689998626709	30423.099609375
37.7000007629395	31875.822265625
37.7099990844727	31884.30859375
37.7200012207031	32497.271484375
37.7299995422363	34662.37109375
37.7400016784668	35490.50390625
37.75	35725.796875
37.7599983215332	37130.8828125
37.7700004577637	37696.6328125
37.7799987792969	38934.00390625
37.7900009155273	40102.9453125
37.7999992370605	40373.59765625
37.810001373291	40782.04296875
37.8199996948242	40561.12109375
37.8300018310547	41472.328125
37.8400001525879	41278.48046875
37.8499984741211	41060.5390625
37.8600006103516	41018.33203125
37.8699989318848	41158.95703125
37.8800010681152	41466.62109375
37.8899993896484	40963.12109375
37.9000015258789	40366.66015625
37.9099998474121	40050.41015625
37.9199981689453	39091.63671875
37.9300003051758	39362.4453125
37.939998626709	38397.44921875
37.9500007629395	36958.24609375
37.9599990844727	36351.765625
37.9700012207031	35428.6015625
37.9799995422363	34013.19921875
37.9900016784668	33217.62890625
38	32080.880859375
38.0099983215332	31550.83984375
38.0200004577637	31176.4296875
38.0299987792969	29157.92578125
38.0400009155273	28198.185546875
38.0499992370605	28549.041015625
38.060001373291	27276.568359375
38.0699996948242	26875.001953125
38.0800018310547	26114.259765625
38.0900001525879	24687.849609375
38.0999984741211	23833.12109375
38.1100006103516	23461.48046875
38.1199989318848	23143.83984375
38.1300010681152	22188.63671875
38.1399993896484	21492.369140625
38.1500015258789	21463.669921875
38.1599998474121	21330.361328125
38.1699981689453	20711.775390625
38.1800003051758	19910.125
38.189998626709	19652.4140625
38.2000007629395	20265.595703125
38.2099990844727	18740.0390625
38.2200012207031	18476.6171875
38.2299995422363	18421.7109375
38.2400016784668	18296.96484375
38.25	17640.9140625
38.2599983215332	17671.087890625
38.2700004577637	18219.53515625
38.2799987792969	18075.12890625
38.2900009155273	17515.435546875
38.2999992370605	17553.783203125
38.310001373291	17537.05859375
38.3199996948242	17341.181640625
38.3300018310547	16652.55078125
38.3400001525879	16551.931640625
38.3499984741211	16505.861328125
38.3600006103516	16999.462890625
38.3699989318848	17125.3359375
38.3800010681152	17089.3984375
38.3899993896484	17346.53125
38.4000015258789	16375.97265625
38.4099998474121	16903.865234375
38.4199981689453	16810.796875
38.4300003051758	17015.837890625
38.439998626709	17383.705078125
38.4500007629395	17230.525390625
38.4599990844727	16578.0625
38.4700012207031	16194.51171875
38.4799995422363	16323.021484375
38.4900016784668	16594.73046875
38.5	17136.3984375
38.5099983215332	16470.427734375
38.5200004577637	16650.892578125
38.5299987792969	17043.333984375
38.5400009155273	17257.11328125
38.5499992370605	17397.41796875
38.560001373291	17430.904296875
38.5699996948242	17419.1171875
38.5800018310547	17501.82421875
38.5900001525879	16992.361328125
38.5999984741211	17451.76953125
38.6100006103516	18072.640625
38.6199989318848	17461.51953125
38.6300010681152	17460.056640625
38.6399993896484	17666.087890625
38.6500015258789	18219.314453125
38.6599998474121	18709.033203125
38.6699981689453	18783.333984375
38.6800003051758	18839.205078125
38.689998626709	18431.626953125
38.7000007629395	18990.47265625
38.7099990844727	19533.693359375
38.7200012207031	19797.087890625
38.7299995422363	19916.470703125
38.7400016784668	19739.662109375
38.75	20155.7734375
38.7599983215332	21160.068359375
38.7700004577637	21515.19921875
38.7799987792969	20725.349609375
38.7900009155273	21002.8203125
38.7999992370605	22154.857421875
38.810001373291	22287.59375
38.8199996948242	22430.5234375
38.8300018310547	23066.494140625
38.8400001525879	23485.8125
38.8499984741211	24351.681640625
38.8600006103516	25035.2578125
38.8699989318848	25055.197265625
38.8800010681152	25357.8359375
38.8899993896484	26702.205078125
38.9000015258789	27026.953125
38.9099998474121	28096.20703125
38.9199981689453	28497.75
38.9300003051758	28881.982421875
38.939998626709	29475.38671875
38.9500007629395	29693.556640625
38.9599990844727	30263.724609375
38.9700012207031	31026.072265625
38.9799995422363	32459.984375
38.9900016784668	34270.2734375
39	34968.09765625
39.0099983215332	36373.1875
39.0200004577637	36756.296875
39.0299987792969	38124.98046875
39.0400009155273	39707.7109375
39.0499992370605	40861.35546875
39.060001373291	42356.07421875
39.0699996948242	44271.8671875
39.0800018310547	46033.83203125
39.0900001525879	46491.3828125
39.0999984741211	49266.52734375
39.1100006103516	52752.5078125
39.1199989318848	54815.49609375
39.1300010681152	58048.8671875
39.1399993896484	60432.90625
39.1500015258789	62705.34375
39.1599998474121	66819.53125
39.1699981689453	70596.7890625
39.1800003051758	73881.1796875
39.189998626709	77324.6015625
39.2000007629395	80452.265625
39.2099990844727	85165.984375
39.2200012207031	91209.53125
39.2299995422363	96124.6796875
39.2400016784668	100796.8671875
39.25	104126.765625
39.2599983215332	107568.1640625
39.2700004577637	113281.25
39.2799987792969	117103.7421875
39.2900009155273	121012.0078125
39.2999992370605	127926.3125
39.310001373291	131655.96875
39.3199996948242	134445.890625
39.3300018310547	138911.9375
39.3400001525879	141187.84375
39.3499984741211	145377.84375
39.3600006103516	147414.28125
39.3699989318848	150054.828125
39.3800010681152	153002.296875
39.3899993896484	153658.96875
39.4000015258789	155736.6875
39.4099998474121	157602.9375
39.4199981689453	156335.59375
39.4300003051758	155011.578125
39.439998626709	153742.609375
39.4500007629395	153162.59375
39.4599990844727	150047.421875
39.4700012207031	146970.390625
39.4799995422363	145432.734375
39.4900016784668	141894.46875
39.5	138293.4375
39.5099983215332	133456.90625
39.5200004577637	128459.0859375
39.5299987792969	124389.125
39.5400009155273	118993.7109375
39.5499992370605	113996.7265625
39.560001373291	109253.8203125
39.5699996948242	104820.140625
39.5800018310547	100250.203125
39.5900001525879	95716.4765625
39.5999984741211	90713.7578125
39.6100006103516	86147.3046875
39.6199989318848	80979.9296875
39.6300010681152	77191.8515625
39.6399993896484	73574.4765625
39.6500015258789	68929.96875
39.6599998474121	65606.0546875
39.6699981689453	62877.00390625
39.6800003051758	59596.33984375
39.689998626709	56394.4296875
39.7000007629395	54545.71875
39.7099990844727	52044.2578125
39.7200012207031	48394.23828125
39.7299995422363	45783.05859375
39.7400016784668	44375.5703125
39.75	41699.2890625
39.7599983215332	39130.1953125
39.7700004577637	37894.6875
39.7799987792969	36633.82421875
39.7900009155273	35341.94140625
39.7999992370605	34103.83984375
39.810001373291	32660.248046875
39.8199996948242	31977.029296875
39.8300018310547	31208.38671875
39.8400001525879	29895.193359375
39.8499984741211	28749.529296875
39.8600006103516	28069.326171875
39.8699989318848	26753.26953125
39.8800010681152	25514.064453125
39.8899993896484	24436.8203125
39.9000015258789	24184.9375
39.9099998474121	24075.58203125
39.9199981689453	23358.953125
39.9300003051758	23005.099609375
39.939998626709	22154.267578125
39.9500007629395	21414.53515625
39.9599990844727	20926.337890625
39.9700012207031	20343.37109375
39.9799995422363	19977.681640625
39.9900016784668	19367.365234375
40	19011.3984375
40.0099983215332	19099.3125
40.0200004577637	18990.146484375
40.0299987792969	18173.265625
40.0400009155273	17217.541015625
40.0499992370605	16982.4765625
40.060001373291	17224.662109375
40.0699996948242	17114.81640625
40.0800018310547	16803.71875
40.0900001525879	16242.90625
40.0999984741211	16032.5859375
40.1100006103516	16624.552734375
40.1199989318848	16305.8115234375
40.1300010681152	15588.7333984375
40.1399993896484	15383.3330078125
40.1500015258789	15480.1337890625
40.1599998474121	15114.6943359375
40.1699981689453	14561.9404296875
40.1800003051758	14436.79296875
40.189998626709	14466.6669921875
40.2000007629395	14211.0791015625
40.2099990844727	13875.357421875
40.2200012207031	13713.630859375
40.2299995422363	13789.1923828125
40.2400016784668	14061.294921875
40.25	14214.9638671875
40.2599983215332	13865.0478515625
40.2700004577637	13166.9404296875
40.2799987792969	12778.5322265625
40.2900009155273	12580.69921875
40.2999992370605	12907.0791015625
40.310001373291	13118.75
40.3199996948242	13151.978515625
40.3300018310547	12550.4814453125
40.3400001525879	12477.2724609375
40.3499984741211	12873.31640625
40.3600006103516	12814.39453125
40.3699989318848	12638.2578125
40.3800010681152	12487.0380859375
40.3899993896484	12426.9150390625
40.4000015258789	12504.923828125
40.4099998474121	12356.08203125
40.4199981689453	12202.77734375
40.4300003051758	11878.4072265625
40.439998626709	11703.6201171875
40.4500007629395	11929.2333984375
40.4599990844727	12016.16015625
40.4700012207031	11862.3701171875
40.4799995422363	11924.1640625
40.4900016784668	12066.8583984375
40.5	11879.6162109375
40.5099983215332	11693.34765625
40.5200004577637	11636.740234375
40.5299987792969	11616.6669921875
40.5400009155273	11308.7197265625
40.5499992370605	11278.431640625
40.560001373291	11419.7841796875
40.5699996948242	11581.400390625
40.5800018310547	11732.5849609375
40.5900001525879	11324.34375
40.5999984741211	11212.837890625
40.6100006103516	11271.6982421875
40.6199989318848	11070.1630859375
40.6300010681152	10703.5234375
40.6399993896484	10750.072265625
40.6500015258789	10771.1005859375
40.6599998474121	10734.4521484375
40.6699981689453	10580.4130859375
40.6800003051758	10346.5546875
40.689998626709	10562.3515625
40.7000007629395	10709.0634765625
40.7099990844727	10455.9111328125
40.7200012207031	10414.708984375
40.7299995422363	10271.080078125
40.7400016784668	10147.587890625
40.75	10107.3583984375
40.7599983215332	10182.6669921875
40.7700004577637	10481.8984375
40.7799987792969	10576.724609375
40.7900009155273	10486.2626953125
40.7999992370605	10158.802734375
40.810001373291	9952.0791015625
40.8199996948242	10013.427734375
40.8300018310547	9966.0166015625
40.8400001525879	9993.1083984375
40.8499984741211	10010.9248046875
40.8600006103516	9781.2734375
40.8699989318848	9688.8271484375
40.8800010681152	9751.7900390625
40.8899993896484	9674.587890625
40.9000015258789	9627.5615234375
40.9099998474121	9750.833984375
40.9199981689453	9897.3564453125
40.9300003051758	9621.4775390625
40.939998626709	9122.373046875
40.9500007629395	9242.2080078125
40.9599990844727	9681.2802734375
40.9700012207031	9625.33203125
40.9799995422363	9549.2529296875
40.9900016784668	9462.28515625
41	9244.810546875
41.0099983215332	9505.94921875
41.0200004577637	9917.4501953125
41.0299987792969	9846
41.0400009155273	9469.728515625
41.0499992370605	9230.0546875
41.060001373291	9254.2080078125
41.0699996948242	9175.244140625
41.0800018310547	9076.455078125
41.0900001525879	9258.3662109375
41.0999984741211	9557.9990234375
41.1100006103516	9524.853515625
41.1199989318848	9436.5625
41.1300010681152	9552.2998046875
41.1399993896484	9452.1640625
41.1500015258789	9307.9912109375
41.1599998474121	9473.111328125
41.1699981689453	9460.6279296875
41.1800003051758	9084.626953125
41.189998626709	9166.9560546875
41.2000007629395	9424.7587890625
41.2099990844727	9433.7744140625
41.2200012207031	9279.32421875
41.2299995422363	9278.4228515625
41.2400016784668	9297.44140625
41.25	9175.1396484375
41.2599983215332	9141.0693359375
41.2700004577637	9040.97265625
41.2799987792969	9075.869140625
41.2900009155273	9149.8828125
41.2999992370605	9191.9365234375
41.310001373291	9283.4072265625
41.3199996948242	9225.01953125
41.3300018310547	8892.3037109375
41.3400001525879	8890.4443359375
41.3499984741211	9100.2490234375
41.3600006103516	8794.38671875
41.3699989318848	8673.05078125
41.3800010681152	9243.865234375
41.3899993896484	9699.4287109375
41.4000015258789	9406.5166015625
41.4099998474121	9197.072265625
41.4199981689453	9430.896484375
41.4300003051758	9257.587890625
41.439998626709	9015.20703125
41.4500007629395	8808.42578125
41.4599990844727	8629.93359375
41.4700012207031	8741.36328125
41.4799995422363	8950.248046875
41.4900016784668	9062.7978515625
41.5	8750.7529296875
41.5099983215332	8581.033203125
41.5200004577637	8918.810546875
41.5299987792969	9003.9453125
41.5400009155273	8623.7607421875
41.5499992370605	8601.3837890625
41.560001373291	8482.1318359375
41.5699996948242	8145.189453125
41.5800018310547	8044.2822265625
41.5900001525879	8241.498046875
41.5999984741211	8710.92578125
41.6100006103516	8879.080078125
41.6199989318848	8801.205078125
41.6300010681152	8621.4091796875
41.6399993896484	8610.2216796875
41.6500015258789	8793.654296875
41.6599998474121	8659.5517578125
41.6699981689453	8411.2333984375
41.6800003051758	8586.345703125
41.689998626709	8928.708984375
41.7000007629395	8754.61328125
41.7099990844727	8358.3369140625
41.7200012207031	8059.13427734375
41.7299995422363	8200.248046875
41.7400016784668	8405.8115234375
41.75	8575.3173828125
41.7599983215332	8682.921875
41.7700004577637	8637.1669921875
41.7799987792969	8735.228515625
41.7900009155273	8718.6669921875
41.7999992370605	8395.44140625
41.810001373291	8087.2490234375
41.8199996948242	8314.0517578125
41.8300018310547	8518.328125
41.8400001525879	8335.4091796875
41.8499984741211	8229.357421875
41.8600006103516	8167.45947265625
41.8699989318848	8298.4609375
41.8800010681152	8390.5498046875
41.8899993896484	8457.5771484375
41.9000015258789	8440.025390625
41.9099998474121	8152.03369140625
41.9199981689453	7990.4404296875
41.9300003051758	8002.59765625
41.939998626709	7973.46044921875
41.9500007629395	8333.185546875
41.9599990844727	8547.224609375
41.9700012207031	8218.099609375
41.9799995422363	8315.0263671875
41.9900016784668	8619.330078125
42	8481.306640625
42.0099983215332	8351.478515625
42.0200004577637	8288.9130859375
42.0299987792969	8064.0986328125
42.0400009155273	7863.10693359375
42.0499992370605	7764.8583984375
42.060001373291	7888.25390625
42.0699996948242	8254.18359375
42.0800018310547	8680.3193359375
42.0900001525879	8584.28515625
42.0999984741211	8416.6669921875
42.1100006103516	8369.291015625
42.1199989318848	8306.7490234375
42.1300010681152	8202.2705078125
42.1399993896484	8019.91357421875
42.1500015258789	8066.904296875
42.1599998474121	8139.982421875
42.1699981689453	7813.9755859375
42.1800003051758	7482.8193359375
42.189998626709	7772.2080078125
42.2000007629395	7864.6455078125
42.2099990844727	7683.33349609375
42.2200012207031	7696.44384765625
42.2299995422363	7703.5947265625
42.2400016784668	7943.998046875
42.25	8356.4970703125
42.2599983215332	8424.9697265625
42.2700004577637	8510.2080078125
42.2799987792969	8364.767578125
42.2900009155273	8239.8857421875
42.2999992370605	8255.3095703125
42.310001373291	7884.068359375
42.3199996948242	7591.21533203125
42.3300018310547	7638.810546875
42.3400001525879	7713.76416015625
42.3499984741211	7656.74755859375
42.3600006103516	7831.7197265625
42.3699989318848	7941.5986328125
42.3800010681152	7881.25634765625
42.3899993896484	7968.34619140625
42.4000015258789	7974.16748046875
42.4099998474121	7625.23779296875
42.4199981689453	7632.705078125
42.4300003051758	7852.01904296875
42.439998626709	8206
42.4500007629395	8245.4677734375
42.4599990844727	7864.6669921875
42.4700012207031	7965.7900390625
42.4799995422363	8387.8857421875
42.4900016784668	8251.9423828125
42.5	8050
42.5099983215332	7977.998046875
42.5200004577637	7832.056640625
42.5299987792969	7776.1513671875
42.5400009155273	7715.50341796875
42.5499992370605	7600.3935546875
42.560001373291	7526.76953125
42.5699996948242	7625.4619140625
42.5800018310547	7550
42.5900001525879	7702.06298828125
42.5999984741211	8105.75634765625
42.6100006103516	8176.4423828125
42.6199989318848	7865.95751953125
42.6300010681152	7891.0634765625
42.6399993896484	7827.375
42.6500015258789	7494.2646484375
42.6599998474121	7511.916015625
42.6699981689453	7560.96923828125
42.6800003051758	7481.85400390625
42.689998626709	7366.97998046875
42.7000007629395	7354.8701171875
42.7099990844727	7457.83056640625
42.7200012207031	7676.43017578125
42.7299995422363	7556.55419921875
42.7400016784668	7860.97314453125
42.75	7622.3603515625
42.7599983215332	7505.20654296875
42.7700004577637	7534.29052734375
42.7799987792969	7332.94775390625
42.7900009155273	7525.869140625
42.7999992370605	7837.8720703125
42.810001373291	7852.166015625
42.8199996948242	7601.2509765625
42.8300018310547	7359.65478515625
42.8400001525879	7174.25146484375
42.8499984741211	7351.75439453125
42.8600006103516	7314.103515625
42.8699989318848	7540.4970703125
42.8800010681152	7696.2001953125
42.8899993896484	7458.08154296875
42.9000015258789	7322.1025390625
42.9099998474121	7771.91552734375
42.9199981689453	7856.5595703125
42.9300003051758	7860.3095703125
42.939998626709	7469.92626953125
42.9500007629395	7320.09326171875
42.9599990844727	7304.32421875
42.9700012207031	7587.3427734375
42.9799995422363	7793.57177734375
42.9900016784668	7724.8515625
43	7460.7607421875
43.0099983215332	7373.8447265625
43.0200004577637	7572.62109375
43.0299987792969	7711.099609375
43.0400009155273	7336.44384765625
43.0499992370605	6988.421875
43.060001373291	6972.82470703125
43.0699996948242	7183.33349609375
43.0800018310547	7252.4228515625
43.0900001525879	7372.41748046875
43.0999984741211	7315.64892578125
43.1100006103516	7447.97265625
43.1199989318848	7371.5185546875
43.1300010681152	7196.86376953125
43.1399993896484	7370.6103515625
43.1500015258789	7303.1845703125
43.1599998474121	7564.54931640625
43.1699981689453	7707.18310546875
43.1800003051758	7681.13671875
43.189998626709	7509.26708984375
43.2000007629395	7597.80615234375
43.2099990844727	7601.666015625
43.2200012207031	7653.7958984375
43.2299995422363	7566.51123046875
43.2400016784668	7722.7578125
43.25	7317.6318359375
43.2599983215332	7348.47900390625
43.2700004577637	7572.009765625
43.2799987792969	7279.8466796875
43.2900009155273	7136.47509765625
43.2999992370605	7439.19775390625
43.310001373291	7506.912109375
43.3199996948242	7256.60498046875
43.3300018310547	7477.60595703125
43.3400001525879	7537.10546875
43.3499984741211	7715.6181640625
43.3600006103516	7366.36767578125
43.3699989318848	7611.6904296875
43.3800010681152	7699.95361328125
43.3899993896484	7558.44384765625
43.4000015258789	7790.552734375
43.4099998474121	7703.66357421875
43.4199981689453	7692.564453125
43.4300003051758	7702.19287109375
43.439998626709	7469.58349609375
43.4500007629395	7337.595703125
43.4599990844727	7451.86376953125
43.4700012207031	7754.2265625
43.4799995422363	7631.99755859375
43.4900016784668	7321.33349609375
43.5	7587.505859375
43.5099983215332	7562.6083984375
43.5200004577637	7375.53857421875
43.5299987792969	7108.8115234375
43.5400009155273	6971.0302734375
43.5499992370605	6974.1640625
43.560001373291	7148.78271484375
43.5699996948242	7243.33642578125
43.5800018310547	7074.7255859375
43.5900001525879	7136.10546875
43.5999984741211	7313.90234375
43.6100006103516	7472.9296875
43.6199989318848	7242.2919921875
43.6300010681152	6961.82177734375
43.6399993896484	7019.61376953125
43.6500015258789	7196.57861328125
43.6599998474121	7508.35791015625
43.6699981689453	7270.232421875
43.6800003051758	7143.62939453125
43.689998626709	7202.66064453125
43.7000007629395	7237.39013671875
43.7099990844727	7605.03271484375
43.7200012207031	7283.33349609375
43.7299995422363	7241.9365234375
43.7400016784668	7197.38818359375
43.75	7402.8515625
43.7599983215332	6909.185546875
43.7700004577637	6921.76416015625
43.7799987792969	7437.26513671875
43.7900009155273	7289.4423828125
43.7999992370605	7151.533203125
43.810001373291	7271.0029296875
43.8199996948242	7362.1259765625
43.8300018310547	6911.58740234375
43.8400001525879	6735.67431640625
43.8499984741211	7135.25341796875
43.8600006103516	7442.9306640625
43.8699989318848	7374.46044921875
43.8800010681152	7195.66845703125
43.8899993896484	7158.453125
43.9000015258789	7285.48388671875
43.9099998474121	7166.66650390625
43.9199981689453	7118.64892578125
43.9300003051758	6943.5703125
43.939998626709	7047.83740234375
43.9500007629395	7333.775390625
43.9599990844727	7402.82373046875
43.9700012207031	7026.318359375
43.9799995422363	6613.14208984375
43.9900016784668	6959.79736328125
44	7056.794921875
44.0099983215332	7016.66650390625
44.0200004577637	7091.5537109375
44.0299987792969	7396.76123046875
44.0400009155273	7322.12841796875
44.0499992370605	7146.76708984375
44.060001373291	7381.35791015625
44.0699996948242	6953.16943359375
44.0800018310547	6982.427734375
44.0900001525879	7071.9443359375
44.0999984741211	7191.60791015625
44.1100006103516	7290.69873046875
44.1199989318848	7154.419921875
44.1300010681152	6809.98388671875
44.1399993896484	7192.68359375
44.1500015258789	7371.20654296875
44.1599998474121	7274.46435546875
44.1699981689453	7107.31201171875
44.1800003051758	7306.0712890625
44.189998626709	7589.2568359375
44.2000007629395	6970.541015625
44.2099990844727	6845.04833984375
44.2200012207031	6929.11669921875
44.2299995422363	7075.3505859375
44.2400016784668	7122.421875
44.25	7158.5810546875
44.2599983215332	7231.27685546875
44.2700004577637	7369.20166015625
44.2799987792969	7271.9072265625
44.2900009155273	7211.51708984375
44.2999992370605	7572.24755859375
44.310001373291	7391.95947265625
44.3199996948242	7112.06005859375
44.3300018310547	6730.9296875
44.3400001525879	6654.9921875
44.3499984741211	6809.712890625
44.3600006103516	7014.619140625
44.3699989318848	6900.7275390625
44.3800010681152	6843.0625
44.3899993896484	6985.9560546875
44.4000015258789	6971.3359375
44.4099998474121	6814.07763671875
44.4199981689453	6830.86474609375
44.4300003051758	6933.564453125
44.439998626709	6663.12451171875
44.4500007629395	7152.0908203125
44.4599990844727	6880.82861328125
44.4700012207031	6876.6181640625
44.4799995422363	6935.80419921875
44.4900016784668	6994.177734375
44.5	7235.37451171875
44.5099983215332	7166.9453125
44.5200004577637	7261.8583984375
44.5299987792969	7166.4892578125
44.5400009155273	6773.7783203125
44.5499992370605	6868.45166015625
44.560001373291	7157.62451171875
44.5699996948242	6962.87255859375
44.5800018310547	6673.43505859375
44.5900001525879	6391.48486328125
44.5999984741211	6982.56005859375
44.6100006103516	7006.70361328125
44.6199989318848	6559.17333984375
44.6300010681152	6851.09814453125
44.6399993896484	6977.6865234375
44.6500015258789	7128.74560546875
44.6599998474121	7597.90087890625
44.6699981689453	7239.22900390625
44.6800003051758	7151.703125
44.689998626709	7047.87890625
44.7000007629395	7024.9150390625
44.7099990844727	6943.6982421875
44.7200012207031	6808.19189453125
44.7299995422363	7001.82861328125
44.7400016784668	7119.0634765625
44.75	6980.26904296875
44.7599983215332	6704.6328125
44.7700004577637	6616.66650390625
44.7799987792969	6624.5576171875
44.7900009155273	6675.50830078125
44.7999992370605	6665.1640625
44.810001373291	7035.2568359375
44.8199996948242	7017.5791015625
44.8300018310547	6751.54052734375
44.8400001525879	6668.9462890625
44.8499984741211	6933.27783203125
44.8600006103516	6792.63330078125
44.8699989318848	6771.66552734375
44.8800010681152	7076.09716796875
44.8899993896484	6982.60498046875
44.9000015258789	6731.97607421875
44.9099998474121	7017.6015625
44.9199981689453	7147.48388671875
44.9300003051758	6998.8818359375
44.939998626709	7111.08544921875
44.9500007629395	6891.2392578125
44.9599990844727	6656.5927734375
44.9700012207031	6608.2353515625
44.9799995422363	6958.63525390625
44.9900016784668	6734.9638671875
45	6769.3701171875
45.0099983215332	6950
45.0200004577637	6987.96533203125
45.0299987792969	7351.56591796875
45.0400009155273	7393.0107421875
45.0499992370605	7574.85693359375
45.060001373291	6836.3681640625
45.0699996948242	6895.1923828125
45.0800018310547	7159.56884765625
45.0900001525879	6915.197265625
45.0999984741211	6908.71923828125
45.1100006103516	6992.814453125
45.1199989318848	6913.82421875
45.1300010681152	6891.76416015625
45.1399993896484	6993.05712890625
45.1500015258789	7071.16455078125
45.1599998474121	6758.14306640625
45.1699981689453	6871.458984375
45.1800003051758	7094.13720703125
45.189998626709	6821.54931640625
45.2000007629395	6684.626953125
45.2099990844727	6722.99462890625
45.2200012207031	6977.29150390625
45.2299995422363	6667.61181640625
45.2400016784668	6288.8037109375
45.25	6547.2431640625
45.2599983215332	6310.783203125
45.2700004577637	6476.01025390625
45.2799987792969	6818.99951171875
45.2900009155273	6852.30126953125
45.2999992370605	6882.1982421875
45.310001373291	6851
45.3199996948242	6644.3662109375
45.3300018310547	6814.1376953125
45.3400001525879	7009.1640625
45.3499984741211	6892.60791015625
45.3600006103516	6777.09130859375
45.3699989318848	6675.13623046875
45.3800010681152	6572.1962890625
45.3899993896484	6912.69384765625
45.4000015258789	6835.3369140625
45.4099998474121	6602.8857421875
45.4199981689453	6657.56982421875
45.4300003051758	6781.47216796875
45.439998626709	6774.70458984375
45.4500007629395	7182.01220703125
45.4599990844727	6856.0615234375
45.4700012207031	6657.11669921875
45.4799995422363	6504.64892578125
45.4900016784668	6905.859375
45.5	7008.45166015625
45.5099983215332	6852.41796875
45.5200004577637	6892.09521484375
45.5299987792969	6743.40771484375
45.5400009155273	6968.22705078125
45.5499992370605	7344.04833984375
45.560001373291	7215.20947265625
45.5699996948242	7174.06396484375
45.5800018310547	6979.9208984375
45.5900001525879	7275.82958984375
45.5999984741211	7086.6650390625
45.6100006103516	6777.7392578125
45.6199989318848	7068.4423828125
45.6300010681152	7534.57421875
45.6399993896484	7556.37841796875
45.6500015258789	7285.69287109375
45.6599998474121	7339.08447265625
45.6699981689453	7046.19384765625
45.6800003051758	7419.9296875
45.689998626709	7502.39599609375
45.7000007629395	7072.3125
45.7099990844727	7247.51025390625
45.7200012207031	7148.80712890625
45.7299995422363	6554.20703125
45.7400016784668	6716.279296875
45.75	7293.00830078125
45.7599983215332	7031.224609375
45.7700004577637	6950.81298828125
45.7799987792969	6975.8974609375
45.7900009155273	6667.79541015625
45.7999992370605	6715.94482421875
45.810001373291	6685.75439453125
45.8199996948242	6803.30712890625
45.8300018310547	6964.14208984375
45.8400001525879	6838.44140625
45.8499984741211	7116.38134765625
45.8600006103516	7096.2158203125
45.8699989318848	6867.43212890625
45.8800010681152	6920.02880859375
45.8899993896484	7149.77490234375
45.9000015258789	7134.3837890625
45.9099998474121	7212.96044921875
45.9199981689453	6902.5205078125
45.9300003051758	7133.49853515625
45.939998626709	7154.2021484375
45.9500007629395	7615.45068359375
45.9599990844727	7465.10498046875
45.9700012207031	7247.685546875
45.9799995422363	6883.6943359375
45.9900016784668	6949.84912109375
46	6917.27099609375
46.0099983215332	7082.78662109375
46.0200004577637	6883.42529296875
46.0299987792969	6933.396484375
46.0400009155273	7000.01513671875
46.0499992370605	7266.4443359375
46.060001373291	6900.6318359375
46.0699996948242	6816.88427734375
46.0800018310547	6816.66650390625
46.0900001525879	6750.29248046875
46.0999984741211	6318.9521484375
46.1100006103516	6515.4345703125
46.1199989318848	7162.08740234375
46.1300010681152	7166.66650390625
46.1399993896484	6852.79052734375
46.1500015258789	6734.46435546875
46.1599998474121	6683.8623046875
46.1699981689453	6683.33349609375
46.1800003051758	6996.0927734375
46.189998626709	6802.6435546875
46.2000007629395	6307.04833984375
46.2099990844727	6349.25146484375
46.2200012207031	6645.24462890625
46.2299995422363	6617.22412109375
46.2400016784668	7156.98486328125
46.25	7346.6123046875
46.2599983215332	7039.46142578125
46.2700004577637	7049.6630859375
46.2799987792969	6984.73974609375
46.2900009155273	6592.12060546875
46.2999992370605	6681.04931640625
46.310001373291	7138.935546875
46.3199996948242	6776.08837890625
46.3300018310547	6506.78564453125
46.3400001525879	7019.298828125
46.3499984741211	7146.8291015625
46.3600006103516	6712.62109375
46.3699989318848	6878.03271484375
46.3800010681152	7255.25244140625
46.3899993896484	6830.45458984375
46.4000015258789	7187.923828125
46.4099998474121	7183.87255859375
46.4199981689453	6764.39794921875
46.4300003051758	6556.8173828125
46.439998626709	6807.34765625
46.4500007629395	6864.87646484375
46.4599990844727	6818.5
46.4700012207031	7169.576171875
46.4799995422363	6974.9814453125
46.4900016784668	6806.53857421875
46.5	7295.955078125
46.5099983215332	7332.65087890625
46.5200004577637	6950.05078125
46.5299987792969	6773.7744140625
46.5400009155273	7181.15087890625
46.5499992370605	7040.724609375
46.560001373291	7081.0732421875
46.5699996948242	7083.33349609375
46.5800018310547	7305.72412109375
46.5900001525879	7189.69921875
46.5999984741211	6945.48095703125
46.6100006103516	6933.33349609375
46.6199989318848	6901.67626953125
46.6300010681152	7089.77490234375
46.6399993896484	6894.59326171875
46.6500015258789	6614.96337890625
46.6599998474121	6805.04150390625
46.6699981689453	6942.73388671875
46.6800003051758	6839.7890625
46.689998626709	6770.41162109375
46.7000007629395	7002.41357421875
46.7099990844727	7503.44384765625
46.7200012207031	7094.05419921875
46.7299995422363	7113.6904296875
46.7400016784668	6819.11376953125
46.75	6831.29345703125
46.7599983215332	6942.76318359375
46.7700004577637	6528.28759765625
46.7799987792969	6546.8154296875
46.7900009155273	6752.6865234375
46.7999992370605	7078.21484375
46.810001373291	7224.5087890625
46.8199996948242	7031.18603515625
46.8300018310547	6845.77099609375
46.8400001525879	6771.24462890625
46.8499984741211	6937.25927734375
46.8600006103516	7213.4091796875
46.8699989318848	7140.44775390625
46.8800010681152	7102.39892578125
46.8899993896484	6837.291015625
46.9000015258789	6816.66650390625
46.9099998474121	7171.4658203125
46.9199981689453	6753.041015625
46.9300003051758	6701.26806640625
46.939998626709	6484.60888671875
46.9500007629395	6143.86669921875
46.9599990844727	6531.32763671875
46.9700012207031	6566.66650390625
46.9799995422363	6352.0380859375
46.9900016784668	6256.748046875
47	6081.662109375
47.0099983215332	6387.75439453125
47.0200004577637	6569.43017578125
47.0299987792969	6171.23681640625
47.0400009155273	6072.3359375
47.0499992370605	6645.6279296875
47.060001373291	6547.77685546875
47.0699996948242	6016.23193359375
47.0800018310547	6589.67822265625
47.0900001525879	6771.45556640625
47.0999984741211	6358.61474609375
47.1100006103516	6346.97705078125
47.1199989318848	6440.85009765625
47.1300010681152	6086.92041015625
47.1399993896484	6473.21826171875
47.1500015258789	6501.56494140625
47.1599998474121	6273.67626953125
47.1699981689453	6400.7490234375
47.1800003051758	6431.72802734375
47.189998626709	6493.5263671875
47.2000007629395	6124.12548828125
47.2099990844727	6218.52880859375
47.2200012207031	6413.4345703125
47.2299995422363	6448.32861328125
47.2400016784668	6734.6572265625
47.25	6766.66650390625
47.2599983215332	6661.97802734375
47.2700004577637	6545.40380859375
47.2799987792969	6204.89208984375
47.2900009155273	6181.58251953125
47.2999992370605	6600.61279296875
47.310001373291	6977.5732421875
47.3199996948242	6674.50537109375
47.3300018310547	6663.06005859375
47.3400001525879	6622.11572265625
47.3499984741211	6750.2021484375
47.3600006103516	6751.84228515625
47.3699989318848	6572.26611328125
47.3800010681152	6431.615234375
47.3899993896484	6505.376953125
47.4000015258789	6723.4755859375
47.4099998474121	6587.650390625
47.4199981689453	7053.287109375
47.4300003051758	6939.86962890625
47.439998626709	6342.5810546875
47.4500007629395	6178.42333984375
47.4599990844727	6431.16357421875
47.4700012207031	6525.39208984375
47.4799995422363	6503.99658203125
47.4900016784668	6851.7333984375
47.5	6973.21337890625
47.5099983215332	6602.95849609375
47.5200004577637	6433.064453125
47.5299987792969	6679.54052734375
47.5400009155273	6731.2578125
47.5499992370605	6500.07763671875
47.560001373291	6743.41455078125
47.5699996948242	6768.7802734375
47.5800018310547	6781.20703125
47.5900001525879	6899.55224609375
47.5999984741211	6858.6083984375
47.6100006103516	6690.47900390625
47.6199989318848	6478.3076171875
47.6300010681152	6580.2880859375
47.6399993896484	6440.8984375
47.6500015258789	6503.373046875
47.6599998474121	6502.22802734375
47.6699981689453	6673.109375
47.6800003051758	6656.7607421875
47.689998626709	6304.3876953125
47.7000007629395	6293.16357421875
47.7099990844727	6386.251953125
47.7200012207031	6457.45068359375
47.7299995422363	6739.3193359375
47.7400016784668	6883.6962890625
47.75	6756.74951171875
47.7599983215332	6761.95849609375
47.7700004577637	6838.16650390625
47.7799987792969	6649.97509765625
47.7900009155273	6231.24169921875
47.7999992370605	6451.9169921875
47.810001373291	6343.24951171875
47.8199996948242	6430.5673828125
47.8300018310547	6407.32470703125
47.8400001525879	6755.31787109375
47.8499984741211	7086.47216796875
47.8600006103516	6849.5751953125
47.8699989318848	6445.6123046875
47.8800010681152	6638.26953125
47.8899993896484	6626.73046875
47.9000015258789	6461.14404296875
47.9099998474121	6687.6025390625
47.9199981689453	6521.626953125
47.9300003051758	6328.2177734375
47.939998626709	6370.44580078125
47.9500007629395	6763.408203125
47.9599990844727	6650.49365234375
47.9700012207031	6813.39892578125
47.9799995422363	6751.7197265625
47.9900016784668	6382.6376953125
48	6456.82275390625
48.0099983215332	6833.41796875
48.0200004577637	6466.27294921875
48.0299987792969	6662.91357421875
48.0400009155273	6269.72802734375
48.0499992370605	6253.1064453125
48.060001373291	6601.287109375
48.0699996948242	6374.12841796875
48.0800018310547	6316.66650390625
48.0900001525879	6191.51123046875
48.0999984741211	6124.984375
48.1100006103516	6199.95849609375
48.1199989318848	6521.80419921875
48.1300010681152	6430.89697265625
48.1399993896484	6233.8505859375
48.1500015258789	6504.34228515625
48.1599998474121	6414.6279296875
48.1699981689453	6452.3818359375
48.1800003051758	6425.2734375
48.189998626709	6458.02392578125
48.2000007629395	6411.57177734375
48.2099990844727	6730.28271484375
48.2200012207031	6497.50341796875
48.2299995422363	6405.857421875
48.2400016784668	6592.16357421875
48.25	6825.330078125
48.2599983215332	6373.388671875
48.2700004577637	6225.595703125
48.2799987792969	6367.12890625
48.2900009155273	6509.33203125
48.2999992370605	6560.642578125
48.310001373291	6362.02392578125
48.3199996948242	6016.78466796875
48.3300018310547	6086.19189453125
48.3400001525879	6470.458984375
48.3499984741211	6577.19140625
48.3600006103516	6556.16552734375
48.3699989318848	6264.98681640625
48.3800010681152	6498.32666015625
48.3899993896484	6946.0263671875
48.4000015258789	6816.744140625
48.4099998474121	6306.81298828125
48.4199981689453	6456.75439453125
48.4300003051758	6840.70751953125
48.439998626709	6849.216796875
48.4500007629395	6455.93994140625
48.4599990844727	6555.2001953125
48.4700012207031	6357.8095703125
48.4799995422363	6340.330078125
48.4900016784668	6645.4990234375
48.5	6770.34716796875
48.5099983215332	6971.05322265625
48.5200004577637	6802.31494140625
48.5299987792969	6683.0732421875
48.5400009155273	6733.53564453125
48.5499992370605	6576.29052734375
48.560001373291	6386.47509765625
48.5699996948242	6443.37451171875
48.5800018310547	6306.734375
48.5900001525879	6306.615234375
48.5999984741211	6862.15869140625
48.6100006103516	6840.4814453125
48.6199989318848	6746.873046875
48.6300010681152	6428.1171875
48.6399993896484	6588.65869140625
48.6500015258789	6755.97900390625
48.6599998474121	6703.91748046875
48.6699981689453	6868.47705078125
48.6800003051758	6718.4697265625
48.689998626709	6798.68408203125
48.7000007629395	6859.7138671875
48.7099990844727	6405.40185546875
48.7200012207031	6336.00390625
48.7299995422363	6468.40673828125
48.7400016784668	6381.6953125
48.75	6494.4697265625
48.7599983215332	6612.0673828125
48.7700004577637	6633.33349609375
48.7799987792969	6829.8291015625
48.7900009155273	6844.06787109375
48.7999992370605	6898.71923828125
48.810001373291	6616.150390625
48.8199996948242	6911.91943359375
48.8300018310547	7003.623046875
48.8400001525879	6843.61328125
48.8499984741211	6721.8740234375
48.8600006103516	6843.10791015625
48.8699989318848	7117.30859375
48.8800010681152	6806.697265625
48.8899993896484	6687.02392578125
48.9000015258789	6787.05419921875
48.9099998474121	6816.66650390625
48.9199981689453	6726.06640625
48.9300003051758	6738.79541015625
48.939998626709	6582.03173828125
48.9500007629395	6391.32861328125
48.9599990844727	6569.2734375
48.9700012207031	6929.74267578125
48.9799995422363	6669.00634765625
48.9900016784668	6425.14892578125
49	6293.35400390625
49.0099983215332	6292.35302734375
49.0200004577637	6736.29296875
49.0299987792969	6571.78076171875
49.0400009155273	6252.7509765625
49.0499992370605	6452.115234375
49.060001373291	6456.6044921875
49.0699996948242	6650.5458984375
49.0800018310547	6780.498046875
49.0900001525879	6902.04248046875
49.0999984741211	6997.05517578125
49.1100006103516	6570.99658203125
49.1199989318848	6687.78369140625
49.1300010681152	6499.72265625
49.1399993896484	6213.455078125
49.1500015258789	6391.10693359375
49.1599998474121	6530.0615234375
49.1699981689453	6524.66357421875
49.1800003051758	6605.267578125
49.189998626709	6936.84716796875
49.2000007629395	6995.4267578125
49.2099990844727	6995.9580078125
49.2200012207031	6533.283203125
49.2299995422363	6433.74609375
49.2400016784668	6210.74462890625
49.25	6397.546875
49.2599983215332	6634.18359375
49.2700004577637	6733.57373046875
49.2799987792969	6862.94384765625
49.2900009155273	6649.22802734375
49.2999992370605	6504.02734375
49.310001373291	6658.57373046875
49.3199996948242	6604.1083984375
49.3300018310547	6441.708984375
49.3400001525879	6562.30615234375
49.3499984741211	6691.51318359375
49.3600006103516	6853.76806640625
49.3699989318848	6601.12548828125
49.3800010681152	6350.6904296875
49.3899993896484	6387.02294921875
49.4000015258789	6652.669921875
49.4099998474121	6435.47900390625
49.4199981689453	6903.7333984375
49.4300003051758	6852.2119140625
49.439998626709	6729.5302734375
49.4500007629395	6630.0888671875
49.4599990844727	6908.94287109375
49.4700012207031	6831.45947265625
49.4799995422363	6914.7060546875
49.4900016784668	6744.796875
49.5	6863.7158203125
49.5099983215332	6736.4521484375
49.5200004577637	6949.44140625
49.5299987792969	6939.443359375
49.5400009155273	6985.9150390625
49.5499992370605	6673.298828125
49.560001373291	6893.07470703125
49.5699996948242	7261.51123046875
49.5800018310547	6885.1923828125
49.5900001525879	6423.35400390625
49.5999984741211	6487.61962890625
49.6100006103516	6647.60400390625
49.6199989318848	6768.6640625
49.6300010681152	6653.84326171875
49.6399993896484	6660.8466796875
49.6500015258789	6695.4921875
49.6599998474121	6517.7705078125
49.6699981689453	6425.7236328125
49.6800003051758	6695.609375
49.689998626709	6739.412109375
49.7000007629395	6680.3447265625
49.7099990844727	6702.95751953125
49.7200012207031	6305.7197265625
49.7299995422363	6174.15283203125
49.7400016784668	6472.919921875
49.75	6535.10986328125
49.7599983215332	6323.9375
49.7700004577637	6430.52978515625
49.7799987792969	6644.30078125
49.7900009155273	6267.4658203125
49.7999992370605	6364.1015625
49.810001373291	6502.64990234375
49.8199996948242	6420.79296875
49.8300018310547	6610.83935546875
49.8400001525879	6867.49365234375
49.8499984741211	6813.796875
49.8600006103516	6730.83642578125
49.8699989318848	6430.26708984375
49.8800010681152	6412.05224609375
49.8899993896484	6866.9560546875
49.9000015258789	6640.53759765625
49.9099998474121	6138.44287109375
49.9199981689453	6130.70947265625
49.9300003051758	6230.82373046875
49.939998626709	6368.625
49.9500007629395	6464.076171875
49.9599990844727	6578.07177734375
49.9700012207031	6723.15673828125
49.9799995422363	6908.533203125
49.9900016784668	6754.0478515625
50	6631.26025390625
50.0099983215332	6640.2509765625
50.0200004577637	6626.43603515625
50.0299987792969	6757.931640625
50.0400009155273	6675.52197265625
50.0499992370605	6616.66650390625
50.060001373291	6828.0244140625
50.0699996948242	6846.27392578125
50.0800018310547	6746.33349609375
50.0900001525879	6634.68115234375
50.0999984741211	6646.80908203125
50.1100006103516	6690.05126953125
50.1199989318848	6711.6826171875
50.1300010681152	6319.80224609375
50.1399993896484	6453.22705078125
50.1500015258789	6874.650390625
50.1599998474121	6860.28662109375
50.1699981689453	6741.83544921875
50.1800003051758	6658.5517578125
50.189998626709	6761.078125
50.2000007629395	6863.080078125
50.2099990844727	6697.837890625
50.2200012207031	6628.25048828125
50.2299995422363	6702.77587890625
50.2400016784668	6779.58935546875
50.25	7031.08349609375
50.2599983215332	7387.30908203125
50.2700004577637	7338.51611328125
50.2799987792969	7105.31982421875
50.2900009155273	7021.818359375
50.2999992370605	6717.5302734375
50.310001373291	6663.8017578125
50.3199996948242	7033.08642578125
50.3300018310547	6999.71728515625
50.3400001525879	6859.33544921875
50.3499984741211	7131.203125
50.3600006103516	7197.98583984375
50.3699989318848	7132.35546875
50.3800010681152	6899.5458984375
50.3899993896484	6708.658203125
50.4000015258789	6632.4423828125
50.4099998474121	6650.86181640625
50.4199981689453	6757.7763671875
50.4300003051758	6777.24169921875
50.439998626709	6937.20751953125
50.4500007629395	6914.4287109375
50.4599990844727	6730.46484375
50.4700012207031	7040.9033203125
50.4799995422363	7375.29931640625
50.4900016784668	7416.0361328125
50.5	7298.19482421875
50.5099983215332	7464.740234375
50.5200004577637	7114.9658203125
50.5299987792969	6730.755859375
50.5400009155273	6751.46044921875
50.5499992370605	6698.62548828125
50.560001373291	6571.22021484375
50.5699996948242	6465.86474609375
50.5800018310547	6624.33203125
50.5900001525879	6537.0556640625
50.5999984741211	6954.728515625
50.6100006103516	7267.240234375
50.6199989318848	7199.2255859375
50.6300010681152	7194.7509765625
50.6399993896484	7194.31005859375
50.6500015258789	7138.658203125
50.6599998474121	7351.01123046875
50.6699981689453	7243.67041015625
50.6800003051758	7267.017578125
50.689998626709	6966.0126953125
50.7000007629395	6716.6044921875
50.7099990844727	6805.56591796875
50.7200012207031	7011.0009765625
50.7299995422363	6806.00244140625
50.7400016784668	6943.7626953125
50.75	7271.59912109375
50.7599983215332	7023.64990234375
50.7700004577637	6728.3876953125
50.7799987792969	6865.50048828125
50.7900009155273	7154.294921875
50.7999992370605	7095.61376953125
50.810001373291	7248.0498046875
50.8199996948242	7300.61328125
50.8300018310547	7167.67041015625
50.8400001525879	7039.73486328125
50.8499984741211	6879.20947265625
50.8600006103516	7069.01416015625
50.8699989318848	7112.30126953125
50.8800010681152	6989.9951171875
50.8899993896484	7048.49365234375
50.9000015258789	6957.8515625
50.9099998474121	6948.884765625
50.9199981689453	7354.47607421875
50.9300003051758	7451.83984375
50.939998626709	7280.1279296875
50.9500007629395	7249.33154296875
50.9599990844727	7397.21435546875
50.9700012207031	7488.40625
50.9799995422363	7673.76904296875
50.9900016784668	7495.3828125
51	7415.052734375
51.0099983215332	7634.16015625
51.0200004577637	7603.4482421875
51.0299987792969	7511.7041015625
51.0400009155273	7370.3349609375
51.0499992370605	7181.2412109375
51.060001373291	7202.96337890625
51.0699996948242	7476.3369140625
51.0800018310547	7492.31201171875
51.0900001525879	7218.1396484375
51.0999984741211	7476.26904296875
51.1100006103516	7865.9375
51.1199989318848	7913.0048828125
51.1300010681152	7797.5478515625
51.1399993896484	7857.14111328125
51.1500015258789	7884.5517578125
51.1599998474121	8048.49755859375
51.1699981689453	7861.45458984375
51.1800003051758	7828.1337890625
51.189998626709	7739.96875
51.2000007629395	7479.44482421875
51.2099990844727	7841.31103515625
51.2200012207031	8302.1904296875
51.2299995422363	8320.9736328125
51.2400016784668	8139.18408203125
51.25	8278.95703125
51.2599983215332	8389.39453125
51.2700004577637	8457.5087890625
51.2799987792969	8457.650390625
51.2900009155273	8380.4404296875
51.2999992370605	8223.166015625
51.310001373291	8213.36328125
51.3199996948242	8376.619140625
51.3300018310547	8239.1474609375
51.3400001525879	8527.4794921875
51.3499984741211	8819.2900390625
51.3600006103516	8818.453125
51.3699989318848	8842.02734375
51.3800010681152	9003.1396484375
51.3899993896484	8863.064453125
51.4000015258789	8806.6943359375
51.4099998474121	8923.2978515625
51.4199981689453	8841.119140625
51.4300003051758	8777.1201171875
51.439998626709	9065.3349609375
51.4500007629395	9128.9775390625
51.4599990844727	9097.947265625
51.4700012207031	9356.27734375
51.4799995422363	9447.955078125
51.4900016784668	9655.8701171875
51.5	10018.2177734375
51.5099983215332	9900.8203125
51.5200004577637	9563.2744140625
51.5299987792969	9667.6611328125
51.5400009155273	9727.5078125
51.5499992370605	9931.666015625
51.560001373291	10186.716796875
51.5699996948242	9991.7607421875
51.5800018310547	10204.880859375
51.5900001525879	10825.1884765625
51.5999984741211	11118.1826171875
51.6100006103516	11005.8779296875
51.6199989318848	11122.3798828125
51.6300010681152	11178.0615234375
51.6399993896484	11338.6962890625
51.6500015258789	11456.4072265625
51.6599998474121	11593.5087890625
51.6699981689453	11980.3486328125
51.6800003051758	12166.6669921875
51.689998626709	12657.4404296875
51.7000007629395	12946.2353515625
51.7099990844727	13157.8876953125
51.7200012207031	13565.15625
51.7299995422363	13549.919921875
51.7400016784668	13433.3330078125
51.75	13758.845703125
51.7599983215332	14302.064453125
51.7700004577637	14821.3134765625
51.7799987792969	15107.982421875
51.7900009155273	15247.767578125
51.7999992370605	15239.2265625
51.810001373291	15938.7783203125
51.8199996948242	17013.251953125
51.8300018310547	17713.19140625
51.8400001525879	17856.1015625
51.8499984741211	18401.638671875
51.8600006103516	19398.037109375
51.8699989318848	19377.123046875
51.8800010681152	19592.93359375
51.8899993896484	20479.5390625
51.9000015258789	21412.390625
51.9099998474121	21923.810546875
51.9199981689453	22347.5078125
51.9300003051758	22546.6328125
51.939998626709	22773.533203125
51.9500007629395	23733.31640625
51.9599990844727	23956.9375
51.9700012207031	24458.76953125
51.9799995422363	25541.755859375
51.9900016784668	25830.412109375
52	26317.552734375
52.0099983215332	27227.271484375
52.0200004577637	27593.2734375
52.0299987792969	27649.658203125
52.0400009155273	28020.71484375
52.0499992370605	28825.0390625
52.060001373291	29484.126953125
52.0699996948242	29429.126953125
52.0800018310547	29820.44921875
52.0900001525879	29903.5859375
52.0999984741211	29729.615234375
52.1100006103516	29927.54296875
52.1199989318848	29921.884765625
52.1300010681152	30000.724609375
52.1399993896484	30028.123046875
52.1500015258789	29023.017578125
52.1599998474121	28592.5546875
52.1699981689453	29171.94921875
52.1800003051758	28829.3828125
52.189998626709	28255.986328125
52.2000007629395	27716.44140625
52.2099990844727	27458.673828125
52.2200012207031	26894.21875
52.2299995422363	26456.904296875
52.2400016784668	25786.73828125
52.25	24741.68359375
52.2599983215332	24372.28125
52.2700004577637	24322.169921875
52.2799987792969	23576.525390625
52.2900009155273	22558.888671875
52.2999992370605	22105.705078125
52.310001373291	21768.83984375
52.3199996948242	21469.798828125
52.3300018310547	20799.935546875
52.3400001525879	19989.53125
52.3499984741211	19649.03515625
52.3600006103516	19271.783203125
52.3699989318848	18686.109375
52.3800010681152	17652.755859375
52.3899993896484	17064.076171875
52.4000015258789	16876.837890625
52.4099998474121	16279.021484375
52.4199981689453	15481.96875
52.4300003051758	14977.2861328125
52.439998626709	14571.98046875
52.4500007629395	14404.9814453125
52.4599990844727	14730.0126953125
52.4700012207031	14663.1396484375
52.4799995422363	13953.205078125
52.4900016784668	13621.515625
52.5	13459.255859375
52.5099983215332	13078.443359375
52.5200004577637	12957.1240234375
52.5299987792969	12980.9755859375
52.5400009155273	12776.5830078125
52.5499992370605	12139.544921875
52.560001373291	11529.474609375
52.5699996948242	11065.6162109375
52.5800018310547	10935.2412109375
52.5900001525879	11000
52.5999984741211	11037.8193359375
52.6100006103516	10887.181640625
52.6199989318848	10948.205078125
52.6300010681152	11033.9892578125
52.6399993896484	11115.240234375
52.6500015258789	10736.56640625
52.6599998474121	9990.4453125
52.6699981689453	9512.052734375
52.6800003051758	9094.380859375
52.689998626709	9174.14453125
52.7000007629395	9746.7939453125
52.7099990844727	9773.185546875
52.7200012207031	9265.212890625
52.7299995422363	8997.9697265625
52.7400016784668	8796.5302734375
52.75	8827.30859375
52.7599983215332	9078.552734375
52.7700004577637	9259.82421875
52.7799987792969	9296.1025390625
52.7900009155273	9024.880859375
52.7999992370605	8981.994140625
52.810001373291	9229.96484375
52.8199996948242	9082.90625
52.8300018310547	8976.0029296875
52.8400001525879	9161.1064453125
52.8499984741211	9240.7490234375
52.8600006103516	8882.11328125
52.8699989318848	8913.9736328125
52.8800010681152	9028.2705078125
52.8899993896484	9027.287109375
52.9000015258789	9107.4560546875
52.9099998474121	9007.978515625
52.9199981689453	8611.5400390625
52.9300003051758	8423.48828125
52.939998626709	8611.82421875
52.9500007629395	8441.5703125
52.9599990844727	8436.55078125
52.9700012207031	8433.591796875
52.9799995422363	7926.65087890625
52.9900016784668	7889.18798828125
53	8154.77783203125
53.0099983215332	7971.96044921875
53.0200004577637	7828.90087890625
53.0299987792969	7830.24462890625
53.0400009155273	7900.072265625
53.0499992370605	7983.33349609375
53.060001373291	7992.41455078125
53.0699996948242	7963.70654296875
53.0800018310547	7797.3525390625
53.0900001525879	7592.75927734375
53.0999984741211	7543.81494140625
53.1100006103516	7602.83203125
53.1199989318848	7804.96728515625
53.1300010681152	8292.96484375
53.1399993896484	8312.8115234375
53.1500015258789	8128.38037109375
53.1599998474121	7914.626953125
53.1699981689453	7834.90185546875
53.1800003051758	7985.94189453125
53.189998626709	7926.8916015625
53.2000007629395	7724.4267578125
53.2099990844727	7634.58984375
53.2200012207031	7650
53.2299995422363	7775.2392578125
53.2400016784668	7856.52001953125
53.25	7485.0732421875
53.2599983215332	7468.8310546875
53.2700004577637	7698.8388671875
53.2799987792969	7549.74462890625
53.2900009155273	7424.435546875
53.2999992370605	7638.91796875
53.310001373291	7797.8046875
53.3199996948242	7553.68603515625
53.3300018310547	7304.6025390625
53.3400001525879	7444.8837890625
53.3499984741211	7483.91015625
53.3600006103516	7428.564453125
53.3699989318848	7465.6640625
53.3800010681152	7467.6533203125
53.3899993896484	7642.072265625
53.4000015258789	7624.73681640625
53.4099998474121	7377.69677734375
53.4199981689453	7380.080078125
53.4300003051758	7493.0283203125
53.439998626709	7604.46044921875
53.4500007629395	7683.33349609375
53.4599990844727	7604.4609375
53.4700012207031	7463.28759765625
53.4799995422363	7644.93994140625
53.4900016784668	7770.52685546875
53.5	7499.95849609375
53.5099983215332	7333.33349609375
53.5200004577637	7333.33349609375
53.5299987792969	7324.625
53.5400009155273	7125.2509765625
53.5499992370605	7167.3212890625
53.560001373291	7453.5166015625
53.5699996948242	7455.23876953125
53.5800018310547	7270.63232421875
53.5900001525879	7132.0205078125
53.5999984741211	7255.765625
53.6100006103516	7339.47900390625
53.6199989318848	7240.1435546875
53.6300010681152	7208.63037109375
53.6399993896484	7251.15625
53.6500015258789	7317.79150390625
53.6599998474121	7022.94482421875
53.6699981689453	7017.62841796875
53.6800003051758	7497.59521484375
53.689998626709	7408.66796875
53.7000007629395	7270.056640625
53.7099990844727	7366.19775390625
53.7200012207031	7350
53.7299995422363	7401.3125
53.7400016784668	7262.025390625
53.75	7271.13623046875
53.7599983215332	7381.7705078125
53.7700004577637	7171.81103515625
53.7799987792969	7169.5439453125
53.7900009155273	7393.55908203125
53.7999992370605	7500.32861328125
53.810001373291	7372.33984375
53.8199996948242	7284.2255859375
53.8300018310547	7358.75634765625
53.8400001525879	7518.79736328125
53.8499984741211	7700.75244140625
53.8600006103516	7800.7060546875
53.8699989318848	7571.37353515625
53.8800010681152	7139.72607421875
53.8899993896484	7210.8818359375
53.9000015258789	7172.314453125
53.9099998474121	6874.60546875
53.9199981689453	6740.88427734375
53.9300003051758	6784.34765625
53.939998626709	7143.16943359375
53.9500007629395	7341.52294921875
53.9599990844727	7115.7021484375
53.9700012207031	6916.66650390625
53.9799995422363	7108.90185546875
53.9900016784668	7391.853515625
54	7449.962890625
54.0099983215332	7183.29052734375
54.0200004577637	6933.345703125
54.0299987792969	6850.111328125
54.0400009155273	6733.462890625
54.0499992370605	6517.25341796875
54.060001373291	6540.814453125
54.0699996948242	6990.279296875
54.0800018310547	7283.12353515625
54.0900001525879	7142.93017578125
54.0999984741211	7016.25927734375
54.1100006103516	7041.8935546875
54.1199989318848	6736.1650390625
54.1300010681152	6705.5126953125
54.1399993896484	6933.72802734375
54.1500015258789	6941.134765625
54.1599998474121	6687.439453125
54.1699981689453	6490.083984375
54.1800003051758	6780.48583984375
54.189998626709	6810.9384765625
54.2000007629395	6609.0576171875
54.2099990844727	6771.1875
54.2200012207031	6664.580078125
54.2299995422363	6504.80859375
54.2400016784668	6658.85986328125
54.25	6600.73291015625
54.2599983215332	6688.8037109375
54.2700004577637	6906.1494140625
54.2799987792969	6853.7119140625
54.2900009155273	6610.68603515625
54.2999992370605	6670.79052734375
54.310001373291	6857.6455078125
54.3199996948242	6769.98291015625
54.3300018310547	6528.66796875
54.3400001525879	6400
54.3499984741211	6513.02880859375
54.3600006103516	6673.66259765625
54.3699989318848	6619.96826171875
54.3800010681152	6387.85791015625
54.3899993896484	6378.68603515625
54.4000015258789	6613.08935546875
54.4099998474121	6636.390625
54.4199981689453	6558.02001953125
54.4300003051758	6622.7529296875
54.439998626709	6691.337890625
54.4500007629395	6596.03857421875
54.4599990844727	6403.439453125
54.4700012207031	6308.68505859375
54.4799995422363	6387.71533203125
54.4900016784668	6794.0263671875
54.5	7181.08642578125
54.5099983215332	7010.69921875
54.5200004577637	6877.876953125
54.5299987792969	6722.2412109375
54.5400009155273	6488.02197265625
54.5499992370605	6725.0810546875
54.560001373291	6749.6513671875
54.5699996948242	6599.14404296875
54.5800018310547	6774.62353515625
54.5900001525879	6665.95166015625
54.5999984741211	6350
54.6100006103516	6594.125
54.6199989318848	6811.59521484375
54.6300010681152	6828.59765625
54.6399993896484	6861.70166015625
54.6500015258789	6886.2900390625
54.6599998474121	7179.2568359375
54.6699981689453	7329.5361328125
54.6800003051758	7038.81396484375
54.689998626709	6940.65380859375
54.7000007629395	7084.38720703125
54.7099990844727	6871.6943359375
54.7200012207031	6665.58251953125
54.7299995422363	6737.8193359375
54.7400016784668	6901.08935546875
54.75	6977.82421875
54.7599983215332	6995.42041015625
54.7700004577637	7144.19970703125
54.7799987792969	7279.8076171875
54.7900009155273	7139.880859375
54.7999992370605	6885.74462890625
54.810001373291	6896.33740234375
54.8199996948242	6733.97119140625
54.8300018310547	6699.1494140625
54.8400001525879	6988.50048828125
54.8499984741211	7017.9482421875
54.8600006103516	7315.08251953125
54.8699989318848	7629.591796875
54.8800010681152	7298.22509765625
54.8899993896484	7044.630859375
54.9000015258789	7231.4853515625
54.9099998474121	7144.90380859375
54.9199981689453	6852.77587890625
54.9300003051758	6801.40283203125
54.939998626709	6745.2119140625
54.9500007629395	6722.85009765625
54.9599990844727	6886.96337890625
54.9700012207031	7110.81201171875
54.9799995422363	7137.77001953125
54.9900016784668	7007.47021484375
55	6871.1943359375
55.0099983215332	6763.66845703125
55.0200004577637	6684.873046875
55.0299987792969	6870.67919921875
55.0400009155273	7116.66650390625
55.0499992370605	7033.71728515625
55.060001373291	6910.7333984375
55.0699996948242	7003.74462890625
55.0800018310547	7112.4091796875
55.0900001525879	7014.0927734375
55.0999984741211	6912.48486328125
55.1100006103516	6746.740234375
55.1199989318848	6712.3173828125
55.1300010681152	6902.36181640625
55.1399993896484	6817.212890625
55.1500015258789	6603.47265625
55.1599998474121	6633.78466796875
55.1699981689453	6731.56640625
55.1800003051758	6623.4794921875
55.189998626709	6600.49365234375
55.2000007629395	6759.2392578125
55.2099990844727	6660.9638671875
55.2200012207031	6653.76953125
55.2299995422363	6798.142578125
55.2400016784668	6764.8876953125
55.25	6663.05322265625
55.2599983215332	6557.61181640625
55.2700004577637	6409.5908203125
55.2799987792969	6537.66748046875
55.2900009155273	6728.357421875
55.2999992370605	6579.9091796875
55.310001373291	6606.77294921875
55.3199996948242	6648.64501953125
55.3300018310547	6532.03125
55.3400001525879	6503.27294921875
55.3499984741211	6359.84375
55.3600006103516	6145.89111328125
55.3699989318848	6497.17138671875
55.3800010681152	6710.4345703125
55.3899993896484	6320.99853515625
55.4000015258789	6118.78173828125
55.4099998474121	6143.60986328125
55.4199981689453	6265.34619140625
55.4300003051758	6473.30322265625
55.439998626709	6582.6142578125
55.4500007629395	6422.57275390625
55.4599990844727	6516.91259765625
55.4700012207031	6850.56005859375
55.4799995422363	6736.28466796875
55.4900016784668	6550.4541015625
55.5	6537.46533203125
55.5099983215332	6404.56298828125
55.5200004577637	6366.66650390625
55.5299987792969	6538.9248046875
55.5400009155273	6601.76025390625
55.5499992370605	6411.982421875
55.560001373291	6535.8564453125
55.5699996948242	6692.8828125
55.5800018310547	6571.51123046875
55.5900001525879	6397.52099609375
55.5999984741211	6511.8310546875
55.6100006103516	6564.23388671875
55.6199989318848	6597.5517578125
55.6300010681152	6666.37841796875
55.6399993896484	6655.29833984375
55.6500015258789	6599.60546875
55.6599998474121	6716.21923828125
55.6699981689453	6627.76318359375
55.6800003051758	6303.64599609375
55.689998626709	6072.3818359375
55.7000007629395	6121.736328125
55.7099990844727	6453.03125
55.7200012207031	6560.39892578125
55.7299995422363	6483.33349609375
55.7400016784668	6413.150390625
55.75	6253.5703125
55.7599983215332	6278.716796875
55.7700004577637	6454.31982421875
55.7799987792969	6469.357421875
55.7900009155273	6603.568359375
55.7999992370605	6949.1494140625
55.810001373291	6799.00390625
55.8199996948242	6347.24853515625
55.8300018310547	6526.51708984375
55.8400001525879	6659.74853515625
55.8499984741211	6457.05029296875
55.8600006103516	6474.6904296875
55.8699989318848	6601.5625
55.8800010681152	6491.86083984375
55.8899993896484	6502.3779296875
55.9000015258789	6675.86572265625
55.9099998474121	6521.541015625
55.9199981689453	6163.76318359375
55.9300003051758	6224.57763671875
55.939998626709	6310.79931640625
55.9500007629395	6260.83447265625
55.9599990844727	6304.615234375
55.9700012207031	6543.15625
55.9799995422363	6417.1201171875
55.9900016784668	6188.5439453125
56	6256.87939453125
56.0099983215332	6578.71875
56.0200004577637	6485.27490234375
56.0299987792969	6238.37451171875
56.0400009155273	6353.0859375
56.0499992370605	6421.509765625
56.060001373291	6475.47265625
56.0699996948242	6502.01806640625
56.0800018310547	6591.8408203125
56.0900001525879	6264.52490234375
56.0999984741211	6219.00830078125
56.1100006103516	6489.71826171875
56.1199989318848	6530.75390625
56.1300010681152	6676.8876953125
56.1399993896484	6542.09619140625
56.1500015258789	6283.33349609375
56.1599998474121	6249.83837890625
56.1699981689453	6106.32080078125
56.1800003051758	6147.12744140625
56.189998626709	6403.314453125
56.2000007629395	6376.6650390625
56.2099990844727	6513.205078125
56.2200012207031	6553.69677734375
56.2299995422363	6383.01708984375
56.2400016784668	6659.4541015625
56.25	6717.39404296875
56.2599983215332	6589.51611328125
56.2700004577637	6785.99560546875
56.2799987792969	6797.73388671875
56.2900009155273	6537.4697265625
56.2999992370605	6469.4033203125
56.310001373291	6470.986328125
56.3199996948242	6271.078125
56.3300018310547	6241.96826171875
56.3400001525879	6396.45654296875
56.3499984741211	6416.66650390625
56.3600006103516	6462.490234375
56.3699989318848	6441.79296875
56.3800010681152	6130.19580078125
56.3899993896484	6062.365234375
56.4000015258789	6555.61962890625
56.4099998474121	6752.38037109375
56.4199981689453	6437.4921875
56.4300003051758	6358.63525390625
56.439998626709	6678.728515625
56.4500007629395	6549.2021484375
56.4599990844727	6155.697265625
56.4700012207031	6059.181640625
56.4799995422363	6119.36328125
56.4900016784668	6317.6142578125
56.5	6538.26025390625
56.5099983215332	6325.17626953125
56.5200004577637	6055.0341796875
56.5299987792969	6130.90234375
56.5400009155273	6264.1328125
56.5499992370605	6119.2021484375
56.560001373291	6124.427734375
56.5699996948242	5962.01123046875
56.5800018310547	5855.95458984375
56.5900001525879	6197.470703125
56.5999984741211	6491.21728515625
56.6100006103516	6456.3544921875
56.6199989318848	6473.013671875
56.6300010681152	6489.6728515625
56.6399993896484	6518.9951171875
56.6500015258789	6410.87255859375
56.6599998474121	5993.8447265625
56.6699981689453	5834.740234375
56.6800003051758	6177.84716796875
56.689998626709	6308.16015625
56.7000007629395	6335.80810546875
56.7099990844727	6493.9453125
56.7200012207031	6460.0732421875
56.7299995422363	6377.27099609375
56.7400016784668	6383.21728515625
56.75	6070.86181640625
56.7599983215332	5979.1455078125
56.7700004577637	6243.0390625
56.7799987792969	6656.22412109375
56.7900009155273	6641.80126953125
56.7999992370605	6637.25244140625
56.810001373291	6706.201171875
56.8199996948242	6574.22021484375
56.8300018310547	6234.36328125
56.8400001525879	6282.89404296875
56.8499984741211	6693.19140625
56.8600006103516	6563.302734375
56.8699989318848	6302.83447265625
56.8800010681152	6505.32421875
56.8899993896484	6630.697265625
56.9000015258789	6652.6748046875
56.9099998474121	6483.64306640625
56.9199981689453	6326.14794921875
56.9300003051758	6424.4345703125
56.939998626709	6552.080078125
56.9500007629395	6572.0419921875
56.9599990844727	6337.8291015625
56.9700012207031	6322.74462890625
56.9799995422363	6442.595703125
56.9900016784668	6603.02099609375
57	6531.8359375
57.0099983215332	6530.23486328125
57.0200004577637	6468.58642578125
57.0299987792969	6260.63525390625
57.0400009155273	6328.310546875
57.0499992370605	6442.60205078125
57.060001373291	6406.00830078125
57.0699996948242	6374.6611328125
57.0800018310547	6383.90283203125
57.0900001525879	6623.11328125
57.0999984741211	6765.400390625
57.1100006103516	6703.48388671875
57.1199989318848	6679.81103515625
57.1300010681152	6685.69775390625
57.1399993896484	6653.52099609375
57.1500015258789	6625.2802734375
57.1599998474121	6405.93115234375
57.1699981689453	6422.59033203125
57.1800003051758	6409.669921875
57.189998626709	6402.11572265625
57.2000007629395	6448.96533203125
57.2099990844727	6457.916015625
57.2200012207031	6556.87353515625
57.2299995422363	6629.38623046875
57.2400016784668	6683.33349609375
57.25	6624.71484375
57.2599983215332	6592.7705078125
57.2700004577637	6715.7939453125
57.2799987792969	6659.978515625
57.2900009155273	6558.35693359375
57.2999992370605	6391.767578125
57.310001373291	6254.255859375
57.3199996948242	6095.4599609375
57.3300018310547	5987.0009765625
57.3400001525879	6422.2392578125
57.3499984741211	6777.1494140625
57.3600006103516	6408.23388671875
57.3699989318848	6410.89501953125
57.3800010681152	6735.18603515625
57.3899993896484	6735.5205078125
57.4000015258789	6446.57275390625
57.4099998474121	6318.85888671875
57.4199981689453	6472.921875
57.4300003051758	6367.875
57.439998626709	6151.91357421875
57.4500007629395	6323.2841796875
57.4599990844727	6405.69970703125
57.4700012207031	6393.8994140625
57.4799995422363	6389.78857421875
57.4900016784668	6438.28466796875
57.5	6292.63525390625
57.5099983215332	6331.78076171875
57.5200004577637	6659.54931640625
57.5299987792969	6488.978515625
57.5400009155273	6483.0869140625
57.5499992370605	6641.41845703125
57.560001373291	6853.62255859375
57.5699996948242	6437.88720703125
57.5800018310547	6350.92138671875
57.5900001525879	6510.80712890625
57.5999984741211	6338.28173828125
57.6100006103516	6116.4990234375
57.6199989318848	6172.66748046875
57.6300010681152	6422.23486328125
57.6399993896484	6399.9716796875
57.6500015258789	6388.85888671875
57.6599998474121	6516.63427734375
57.6699981689453	6561.07421875
57.6800003051758	6434.041015625
57.689998626709	6210.6357421875
57.7000007629395	6383.20849609375
57.7099990844727	6455.20947265625
57.7200012207031	6555.32666015625
57.7299995422363	6556.07470703125
57.7400016784668	6269.2822265625
57.75	5883.09228515625
57.7599983215332	6102.55859375
57.7700004577637	6499.71240234375
57.7799987792969	6467.91015625
57.7900009155273	6414.99609375
57.7999992370605	6588.76953125
57.810001373291	6572.8564453125
57.8199996948242	6527.5087890625
57.8300018310547	6560.826171875
57.8400001525879	6518.4677734375
57.8499984741211	6367.14013671875
57.8600006103516	6446.5224609375
57.8699989318848	6559.5419921875
57.8800010681152	6262.37841796875
57.8899993896484	6258.4677734375
57.9000015258789	6427.384765625
57.9099998474121	6369.7314453125
57.9199981689453	6312.21337890625
57.9300003051758	6752.75830078125
57.939998626709	7130.05322265625
57.9500007629395	6920.90185546875
57.9599990844727	6578.54150390625
57.9700012207031	6299.24755859375
57.9799995422363	6370.41259765625
57.9900016784668	6354.79345703125
58	6128.8740234375
58.0099983215332	6035.86962890625
58.0200004577637	6001.79150390625
58.0299987792969	6213.09912109375
58.0400009155273	6413.00634765625
58.0499992370605	6607.67041015625
58.060001373291	6649.57275390625
58.0699996948242	6435.302734375
58.0800018310547	6382.3251953125
58.0900001525879	6427.09033203125
58.0999984741211	6528.060546875
58.1100006103516	6616.859375
58.1199989318848	6376.25927734375
58.1300010681152	6270.72314453125
58.1399993896484	6383.916015625
58.1500015258789	6605.6474609375
58.1599998474121	6668.67333984375
58.1699981689453	6362.45361328125
58.1800003051758	6356.92236328125
58.189998626709	6783.33349609375
58.2000007629395	6634.6630859375
58.2099990844727	6320.47509765625
58.2200012207031	6412.666015625
58.2299995422363	6552.3896484375
58.2400016784668	6628.23779296875
58.25	6601.4033203125
58.2599983215332	6576.82666015625
58.2700004577637	6711.5908203125
58.2799987792969	6895.7626953125
58.2900009155273	6495.6630859375
58.2999992370605	5990.392578125
58.310001373291	6169.03564453125
58.3199996948242	6306.263671875
58.3300018310547	6216.9248046875
58.3400001525879	6403.58642578125
58.3499984741211	6426.37744140625
58.3600006103516	6125.0126953125
58.3699989318848	6343.16796875
58.3800010681152	6646.84765625
58.3899993896484	6348.89111328125
58.4000015258789	6028.36181640625
58.4099998474121	6160.6181640625
58.4199981689453	6465.30712890625
58.4300003051758	6388.28173828125
58.439998626709	6375.296875
58.4500007629395	6341.3310546875
58.4599990844727	6424.62548828125
58.4700012207031	6384.986328125
58.4799995422363	6204.005859375
58.4900016784668	6333.33349609375
58.5	6338.2275390625
58.5099983215332	6315.79541015625
58.5200004577637	6257.7265625
58.5299987792969	6389.72998046875
58.5400009155273	6449.951171875
58.5499992370605	6161.81103515625
58.560001373291	6372.9921875
58.5699996948242	6877.947265625
58.5800018310547	6817.15869140625
58.5900001525879	6822.80908203125
58.5999984741211	6604.43310546875
58.6100006103516	6528.5244140625
58.6199989318848	6516.66650390625
58.6300010681152	6521.4599609375
58.6399993896484	6461.5478515625
58.6500015258789	6355.0029296875
58.6599998474121	6523.79296875
58.6699981689453	6452.375
58.6800003051758	6395.14501953125
58.689998626709	6564.2412109375
58.7000007629395	6618.95703125
58.7099990844727	6548.37890625
58.7200012207031	6226.38134765625
58.7299995422363	6246.83935546875
58.7400016784668	6431.1669921875
58.75	6439.73974609375
58.7599983215332	6531.71240234375
58.7700004577637	6268.81787109375
58.7799987792969	6031.55712890625
58.7900009155273	6423.42138671875
58.7999992370605	6787.9951171875
58.810001373291	6660.37646484375
58.8199996948242	6230.30419921875
58.8300018310547	6277.2939453125
58.8400001525879	6764.78662109375
58.8499984741211	6500
58.8600006103516	6550.77001953125
58.8699989318848	6664.90234375
58.8800010681152	6589.06689453125
58.8899993896484	6544.22021484375
58.9000015258789	6593.744140625
58.9099998474121	6464.681640625
58.9199981689453	6269.62646484375
58.9300003051758	6242.4560546875
58.939998626709	6316.755859375
58.9500007629395	6413.63330078125
58.9599990844727	6221.3662109375
58.9700012207031	6066.3349609375
58.9799995422363	6310.72021484375
58.9900016784668	6277.08935546875
59	6232.81298828125
59.0099983215332	5943.66357421875
59.0200004577637	6061.583984375
59.0299987792969	6259.5615234375
59.0400009155273	6520.3818359375
59.0499992370605	6541.54736328125
59.060001373291	6106.32275390625
59.0699996948242	6005.8583984375
59.0800018310547	6388.87939453125
59.0900001525879	6248.916015625
59.0999984741211	6195.5703125
59.1100006103516	6174.48876953125
59.1199989318848	6295.677734375
59.1300010681152	6704.40673828125
59.1399993896484	6677.0751953125
59.1500015258789	6575.44921875
59.1599998474121	6678.90478515625
59.1699981689453	6869.369140625
59.1800003051758	6730.91552734375
59.189998626709	6692.34423828125
59.2000007629395	6904.240234375
59.2099990844727	6559.46826171875
59.2200012207031	6406.384765625
59.2299995422363	6601.30322265625
59.2400016784668	6669.7470703125
59.25	6635.10302734375
59.2599983215332	6783.33349609375
59.2700004577637	6727.4501953125
59.2799987792969	6596.70361328125
59.2900009155273	6717.599609375
59.2999992370605	6752.533203125
59.310001373291	6570.9345703125
59.3199996948242	6557.7724609375
59.3300018310547	6466.32373046875
59.3400001525879	6386.95361328125
59.3499984741211	6325.421875
59.3600006103516	6450.75146484375
59.3699989318848	6583.11376953125
59.3800010681152	6449.0556640625
59.3899993896484	6263.0927734375
59.4000015258789	6567.55712890625
59.4099998474121	6782.56201171875
59.4199981689453	6429.34716796875
59.4300003051758	6541.61474609375
59.439998626709	6454.16357421875
59.4500007629395	6495.70556640625
59.4599990844727	6795.6171875
59.4700012207031	6858.99658203125
59.4799995422363	6450.23828125
59.4900016784668	6387.16259765625
59.5	6504.12158203125
59.5099983215332	6549.57666015625
59.5200004577637	6691.060546875
59.5299987792969	6767.486328125
59.5400009155273	6608.4853515625
59.5499992370605	6620.080078125
59.560001373291	6692.58056640625
59.5699996948242	6481.2470703125
59.5800018310547	6180.12744140625
59.5900001525879	6204.44189453125
59.5999984741211	6706.134765625
59.6100006103516	6804.15478515625
59.6199989318848	6605.486328125
59.6300010681152	7133.3779296875
59.6399993896484	6794.76318359375
59.6500015258789	6811.22412109375
59.6599998474121	6527.35595703125
59.6699981689453	6369.95361328125
59.6800003051758	6445.2822265625
59.689998626709	6558.86474609375
59.7000007629395	6712.71142578125
59.7099990844727	6445.21337890625
59.7200012207031	6542.61767578125
59.7299995422363	6713.6103515625
59.7400016784668	6665.74755859375
59.75	6677.3740234375
59.7599983215332	6499.01904296875
59.7700004577637	6380.30029296875
59.7799987792969	6623.1767578125
59.7900009155273	6858.18798828125
59.7999992370605	6627.7578125
59.810001373291	6503.88330078125
59.8199996948242	6567.048828125
59.8300018310547	6741.0693359375
59.8400001525879	6836.15087890625
59.8499984741211	6993.46826171875
59.8600006103516	6723.0859375
59.8699989318848	6671.70556640625
59.8800010681152	6696.60205078125
59.8899993896484	6384.39697265625
59.9000015258789	6419.90087890625
59.9099998474121	6210.9052734375
59.9199981689453	6462.25341796875
59.9300003051758	6703.865234375
59.939998626709	7003.78369140625
59.9500007629395	6910.9404296875
59.9599990844727	6598.98779296875
59.9700012207031	6751.6240234375
59.9799995422363	6703.7529296875
59.9900016784668	6739.138671875
60	6831.6171875
60.0099983215332	6901.9833984375
60.0200004577637	6989.0009765625
60.0299987792969	6999.8017578125
60.0400009155273	6725.888671875
60.0499992370605	6590.732421875
60.060001373291	6705.26953125
60.0699996948242	6968.77294921875
60.0800018310547	6811.029296875
60.0900001525879	6901.36376953125
60.0999984741211	7090.65576171875
60.1100006103516	7076.4775390625
60.1199989318848	6922.3955078125
60.1300010681152	6956.09912109375
60.1399993896484	7292.91064453125
60.1500015258789	7447.10693359375
60.1599998474121	7056.43603515625
60.1699981689453	7124.2373046875
60.1800003051758	6792.39794921875
60.189998626709	6644.40576171875
60.2000007629395	7017.23095703125
60.2099990844727	7530.89453125
60.2200012207031	7346.4560546875
60.2299995422363	7206.99169921875
60.2400016784668	7395.34033203125
60.25	7302.4794921875
60.2599983215332	7317.2431640625
60.2700004577637	7488.9736328125
60.2799987792969	7256.3818359375
60.2900009155273	7470.18310546875
60.2999992370605	7511.40234375
60.310001373291	7466.123046875
60.3199996948242	6976.85498046875
60.3300018310547	7210.89404296875
60.3400001525879	7020.869140625
60.3499984741211	7113.88232421875
60.3600006103516	7263.62939453125
60.3699989318848	7616.056640625
60.3800010681152	7443.1201171875
60.3899993896484	7119.3369140625
60.4000015258789	7511.78564453125
60.4099998474121	7630.12744140625
60.4199981689453	7214.50927734375
60.4300003051758	7417.048828125
60.439998626709	7398.2802734375
60.4500007629395	7083.63916015625
60.4599990844727	7207.578125
60.4700012207031	7365.74658203125
60.4799995422363	7106.74365234375
60.4900016784668	7190.52392578125
60.5	7517.36376953125
60.5099983215332	7883.1767578125
60.5200004577637	7676.4892578125
60.5299987792969	7510.017578125
60.5400009155273	7943.48974609375
60.5499992370605	7669.91162109375
60.560001373291	7806.28759765625
60.5699996948242	7954.05029296875
60.5800018310547	7606.96630859375
60.5900001525879	7516.44140625
60.5999984741211	7629.263671875
60.6100006103516	7810.1201171875
60.6199989318848	7767.00537109375
60.6300010681152	7716.2900390625
60.6399993896484	7721.5751953125
60.6500015258789	7456.93798828125
60.6599998474121	7559.02001953125
60.6699981689453	8117.72265625
60.6800003051758	8092.81884765625
60.689998626709	8505.0234375
60.7000007629395	8390.3828125
60.7099990844727	8543.3232421875
60.7200012207031	7969.46142578125
60.7299995422363	8298.3271484375
60.7400016784668	8150
60.75	8096.15673828125
60.7599983215332	7882.46533203125
60.7700004577637	8066.62939453125
60.7799987792969	8588.6787109375
60.7900009155273	8708.4296875
60.7999992370605	8772.853515625
60.810001373291	8605.1875
60.8199996948242	8777.8603515625
60.8300018310547	9088.705078125
60.8400001525879	8975.96484375
60.8499984741211	8991.9326171875
60.8600006103516	8830.9013671875
60.8699989318848	8701.53125
60.8800010681152	9091.685546875
60.8899993896484	8851.703125
60.9000015258789	9000.5234375
60.9099998474121	9239.068359375
60.9199981689453	9030.4873046875
60.9300003051758	9377.296875
60.939998626709	9610.6875
60.9500007629395	9388.0859375
60.9599990844727	9240.50390625
60.9700012207031	9602.048828125
60.9799995422363	10027.74609375
60.9900016784668	9873.8916015625
61	10039.9326171875
61.0099983215332	10323.771484375
61.0200004577637	10397.7666015625
61.0299987792969	10242.2021484375
61.0400009155273	10324.6171875
61.0499992370605	10540.197265625
61.060001373291	10758.5517578125
61.0699996948242	11295.9296875
61.0800018310547	11529.6552734375
61.0900001525879	12000.8017578125
61.0999984741211	12013.6416015625
61.1100006103516	11802.0830078125
61.1199989318848	12375.3330078125
61.1300010681152	12393.6162109375
61.1399993896484	12329.3154296875
61.1500015258789	12621.6591796875
61.1599998474121	13046.7158203125
61.1699981689453	13498.9150390625
61.1800003051758	13862.1689453125
61.189998626709	14168.4267578125
61.2000007629395	14639.912109375
61.2099990844727	14871.5234375
61.2200012207031	14793.513671875
61.2299995422363	15584.1953125
61.2400016784668	16019.59375
61.25	16108.2919921875
61.2599983215332	16069.451171875
61.2700004577637	16230.4951171875
61.2799987792969	17105.125
61.2900009155273	17786.19140625
61.2999992370605	17909.462890625
61.310001373291	19017.92578125
61.3199996948242	19735.611328125
61.3300018310547	19886.615234375
61.3400001525879	19888.625
61.3499984741211	20895.255859375
61.3600006103516	22002.30078125
61.3699989318848	22181.0625
61.3800010681152	22802.095703125
61.3899993896484	23970.921875
61.4000015258789	24573.203125
61.4099998474121	24703.234375
61.4199981689453	26265.8984375
61.4300003051758	26901.185546875
61.439998626709	26328.6640625
61.4500007629395	27563.62890625
61.4599990844727	28366.93359375
61.4700012207031	29690.845703125
61.4799995422363	31048.32421875
61.4900016784668	30952.61328125
61.5	31050.0390625
61.5099983215332	31681.857421875
61.5200004577637	32710.705078125
61.5299987792969	32965.5
61.5400009155273	33176.2109375
61.5499992370605	33928.3046875
61.560001373291	34258.984375
61.5699996948242	34206.453125
61.5800018310547	34272.2109375
61.5900001525879	34960.15625
61.5999984741211	34938.19921875
61.6100006103516	34522.71484375
61.6199989318848	34735.55859375
61.6300010681152	35234.23046875
61.6399993896484	35335.8359375
61.6500015258789	35277.66796875
61.6599998474121	34844.28515625
61.6699981689453	34681.953125
61.6800003051758	34357.2578125
61.689998626709	33648.12109375
61.7000007629395	33733.33203125
61.7099990844727	33598.5859375
61.7200012207031	32689.65234375
61.7299995422363	31806.32421875
61.7400016784668	30983.662109375
61.75	30996.197265625
61.7599983215332	30565.376953125
61.7700004577637	30905.658203125
61.7799987792969	29966.05859375
61.7900009155273	29373.41796875
61.7999992370605	28776.14453125
61.810001373291	28338.48046875
61.8199996948242	27145.34765625
61.8300018310547	26867.890625
61.8400001525879	25933.708984375
61.8499984741211	25674.662109375
61.8600006103516	25176.298828125
61.8699989318848	24349.31640625
61.8800010681152	24477.931640625
61.8899993896484	23875.748046875
61.9000015258789	22768.32421875
61.9099998474121	21821.044921875
61.9199981689453	20936.326171875
61.9300003051758	20451.638671875
61.939998626709	20457.19140625
61.9500007629395	19746.205078125
61.9599990844727	19605.3359375
61.9700012207031	19442.982421875
61.9799995422363	18769.853515625
61.9900016784668	18129.802734375
62	17919.474609375
62.0099983215332	17284.06640625
62.0200004577637	16540
62.0299987792969	16499.16796875
62.0400009155273	15908.056640625
62.0499992370605	15569.5263671875
62.060001373291	15167.5439453125
62.0699996948242	15235.2490234375
62.0800018310547	14805.5712890625
62.0900001525879	14025.4169921875
62.0999984741211	13721.87109375
62.1100006103516	13444.9189453125
62.1199989318848	12916.6240234375
62.1300010681152	13325.970703125
62.1399993896484	13024.384765625
62.1500015258789	12722.3623046875
62.1599998474121	11866.9599609375
62.1699981689453	11974.8828125
62.1800003051758	11813.4990234375
62.189998626709	11211.2041015625
62.2000007629395	11945.697265625
62.2099990844727	11633.326171875
62.2200012207031	11285.41015625
62.2299995422363	11258.6181640625
62.2400016784668	10964.6044921875
62.25	10931.5087890625
62.2599983215332	10795.9052734375
62.2700004577637	10731.9853515625
62.2799987792969	10458.939453125
62.2900009155273	10269.154296875
62.2999992370605	10140.4287109375
62.310001373291	9911.7890625
62.3199996948242	9579.2294921875
62.3300018310547	9165.3642578125
62.3400001525879	9075.109375
62.3499984741211	9321.8876953125
62.3600006103516	8856.7919921875
62.3699989318848	8785.30078125
62.3800010681152	8803.9208984375
62.3899993896484	8794.26953125
62.4000015258789	8525.2978515625
62.4099998474121	8683.7080078125
62.4199981689453	8468.1005859375
62.4300003051758	8712.166015625
62.439998626709	8540.4140625
62.4500007629395	8476.2158203125
62.4599990844727	8603.275390625
62.4700012207031	8965.48828125
62.4799995422363	8530.7890625
62.4900016784668	8259.4052734375
62.5	8318.3427734375
62.5099983215332	8192.533203125
62.5200004577637	8168.66357421875
62.5299987792969	8414.806640625
62.5400009155273	8111.19189453125
62.5499992370605	7960.90234375
62.560001373291	8190.65625
62.5699996948242	8187.9990234375
62.5800018310547	7676.06787109375
62.5900001525879	7602.19287109375
62.5999984741211	7573.43505859375
62.6100006103516	8331.025390625
62.6199989318848	8365.9775390625
62.6300010681152	7670.2275390625
62.6399993896484	7637.931640625
62.6500015258789	7146.6923828125
62.6599998474121	7410.55419921875
62.6699981689453	7503.50390625
62.6800003051758	7494.94873046875
62.689998626709	7199.68115234375
62.7000007629395	7505.8291015625
62.7099990844727	7715.509765625
62.7200012207031	7805.37939453125
62.7299995422363	7365.3955078125
62.7400016784668	6949.0029296875
62.75	7296.0400390625
62.7599983215332	7792.6201171875
62.7700004577637	7283.33349609375
62.7799987792969	7301.74072265625
62.7900009155273	7488.328125
62.7999992370605	7650.150390625
62.810001373291	7340.087890625
62.8199996948242	7228.6162109375
62.8300018310547	7066.08935546875
62.8400001525879	7376.45068359375
62.8499984741211	7440.68896484375
62.8600006103516	7225.86376953125
62.8699989318848	7490.8076171875
62.8800010681152	7715.064453125
62.8899993896484	7636.19189453125
62.9000015258789	7063.50732421875
62.9099998474121	7348.4189453125
62.9199981689453	7319.16796875
62.9300003051758	7161.3974609375
62.939998626709	6956.2392578125
62.9500007629395	7002.6923828125
62.9599990844727	6869.7578125
62.9700012207031	6920.0009765625
62.9799995422363	7116.66650390625
62.9900016784668	7118.19091796875
63	7121.1943359375
63.0099983215332	7004.53076171875
63.0200004577637	7050
63.0299987792969	7052.9921875
63.0400009155273	7037.17041015625
63.0499992370605	6582.9697265625
63.060001373291	6772.12548828125
63.0699996948242	7014.6796875
63.0800018310547	7172.51025390625
63.0900001525879	7192.62353515625
63.0999984741211	6772.4541015625
63.1100006103516	6857.810546875
63.1199989318848	7109.50244140625
63.1300010681152	6969.17236328125
63.1399993896484	6298.93994140625
63.1500015258789	6497.72509765625
63.1599998474121	6822.09521484375
63.1699981689453	6694.4091796875
63.1800003051758	6637.50537109375
63.189998626709	6680.56591796875
63.2000007629395	6634.8564453125
63.2099990844727	6468.0361328125
63.2200012207031	6539.2041015625
63.2299995422363	7147.68701171875
63.2400016784668	6909.056640625
63.25	6642.7255859375
63.2599983215332	6790.0419921875
63.2700004577637	7211.4951171875
63.2799987792969	6786.47802734375
63.2900009155273	7033.74609375
63.2999992370605	7222.87890625
63.310001373291	7089.60107421875
63.3199996948242	6979.59521484375
63.3300018310547	7105.04345703125
63.3400001525879	6743.6455078125
63.3499984741211	6467.9384765625
63.3600006103516	6490.92333984375
63.3699989318848	6611.01123046875
63.3800010681152	6916.2197265625
63.3899993896484	6486.31396484375
63.4000015258789	6310.48046875
63.4099998474121	6308.38134765625
63.4199981689453	7234.09619140625
63.4300003051758	7006.572265625
63.439998626709	6676.3427734375
63.4500007629395	6792.78466796875
63.4599990844727	6662.93505859375
63.4700012207031	6188.08837890625
63.4799995422363	6299.63525390625
63.4900016784668	6931.2021484375
63.5	6698.51708984375
63.5099983215332	6913.9326171875
63.5200004577637	7087.30419921875
63.5299987792969	6931.5810546875
63.5400009155273	7117.36865234375
63.5499992370605	6886.3984375
63.560001373291	6703.3798828125
63.5699996948242	6777.99169921875
63.5800018310547	7163.328125
63.5900001525879	7110.03125
63.5999984741211	6996.88427734375
63.6100006103516	6731.95654296875
63.6199989318848	6953.255859375
63.6300010681152	6983.82421875
63.6399993896484	6744.642578125
63.6500015258789	6660.27880859375
63.6599998474121	6575.12890625
63.6699981689453	6715.76416015625
63.6800003051758	6936.4267578125
63.689998626709	6736.44482421875
63.7000007629395	6773.02978515625
63.7099990844727	6610.525390625
63.7200012207031	6530.900390625
63.7299995422363	6747.98046875
63.7400016784668	6697.609375
63.75	6418.92724609375
63.7599983215332	6755.25146484375
63.7700004577637	7335.2255859375
63.7799987792969	6811.86767578125
63.7900009155273	6486.04443359375
63.7999992370605	6781.720703125
63.810001373291	6483.33349609375
63.8199996948242	6485.23046875
63.8300018310547	6538.32421875
63.8400001525879	6861.67138671875
63.8499984741211	6225.01904296875
63.8600006103516	6353.76904296875
63.8699989318848	6146.1357421875
63.8800010681152	6387.54296875
63.8899993896484	6734.68505859375
63.9000015258789	6458.61962890625
63.9099998474121	6307.79345703125
63.9199981689453	6165.849609375
63.9300003051758	6464.85400390625
63.939998626709	6738.53515625
63.9500007629395	6813.5478515625
63.9599990844727	6465.36279296875
63.9700012207031	6755.080078125
63.9799995422363	6833.20068359375
63.9900016784668	6501.6689453125
64	6222.4521484375
64.0100021362305	6349.7275390625
64.0199966430664	6661.78857421875
64.0299987792969	6573.11669921875
64.0400009155273	6700.79931640625
64.0500030517578	6725.38720703125
64.0599975585938	6892.1396484375
64.0699996948242	6726.3193359375
64.0800018310547	6583.33349609375
64.0899963378906	6599.4169921875
64.0999984741211	6921.1865234375
64.1100006103516	6647.1025390625
64.120002746582	6233.33349609375
64.129997253418	6239.24560546875
64.1399993896484	6360.8076171875
64.1500015258789	6244.21826171875
64.1600036621094	6496.27490234375
64.1699981689453	6776.9228515625
64.1800003051758	6634.74462890625
64.1900024414063	6676.45166015625
64.1999969482422	6893.77001953125
64.2099990844727	6742.458984375
64.2200012207031	6570.06103515625
64.2300033569336	6647.31103515625
64.2399978637695	6582.66796875
64.25	6587.0927734375
64.2600021362305	7066.375
64.2699966430664	6640.9619140625
64.2799987792969	6436.47412109375
64.2900009155273	6928.9072265625
64.3000030517578	6809.78466796875
64.3099975585938	6634.5712890625
64.3199996948242	6674.01513671875
64.3300018310547	6852.734375
64.3399963378906	6491.1220703125
64.3499984741211	6700
64.3600006103516	6686.52490234375
64.370002746582	6317.8251953125
64.379997253418	6346.56396484375
64.3899993896484	6253.96240234375
64.4000015258789	6379.53369140625
64.4100036621094	6749.447265625
64.4199981689453	6742.61962890625
64.4300003051758	7000.4775390625
64.4400024414063	6528.39404296875
64.4499969482422	6889.65087890625
64.4599990844727	7084.373046875
64.4700012207031	7107.42724609375
64.4800033569336	6811.599609375
64.4899978637695	6654.00146484375
64.5	6785.3076171875
64.5100021362305	6853.89599609375
64.5199966430664	6983.33349609375
64.5299987792969	6975.7509765625
64.5400009155273	6725.54638671875
64.5500030517578	7034.2548828125
64.5599975585938	7060.76123046875
64.5699996948242	6849.1044921875
64.5800018310547	6817.548828125
64.5899963378906	6855.650390625
64.5999984741211	7059.81689453125
64.6100006103516	6797.470703125
64.620002746582	6705.39599609375
64.629997253418	6923.20361328125
64.6399993896484	7176.4990234375
64.6500015258789	6901.1865234375
64.6600036621094	6946.10986328125
64.6699981689453	6776.0654296875
64.6800003051758	6463.65869140625
64.6900024414063	6339.984375
64.6999969482422	6635.51123046875
64.7099990844727	6734.75927734375
64.7200012207031	6798.599609375
64.7300033569336	6728.1796875
64.7399978637695	6477.6025390625
64.75	6210.91064453125
64.7600021362305	6751.29638671875
64.7699966430664	6805.22998046875
64.7799987792969	6216.35546875
64.7900009155273	6201.82861328125
64.8000030517578	6300.5966796875
64.8099975585938	6334.79248046875
64.8199996948242	6423.2314453125
64.8300018310547	6799.72119140625
64.8399963378906	6785.513671875
64.8499984741211	6914.00537109375
64.8600006103516	6739.87255859375
64.870002746582	6100.759765625
64.879997253418	6151.48095703125
64.8899993896484	6255.77001953125
64.9000015258789	6653.51025390625
64.9100036621094	6892.94482421875
64.9199981689453	6383.9970703125
64.9300003051758	6432.90380859375
64.9400024414063	6402.083984375
64.9499969482422	6560.60693359375
64.9599990844727	6071.16552734375
64.9700012207031	6452.2705078125
64.9800033569336	6648.72021484375
64.9899978637695	6534.0390625
65	6599.1494140625
65.0100021362305	6517.8125
65.0199966430664	6633.0185546875
65.0299987792969	6594.111328125
65.0400009155273	5951.01220703125
65.0500030517578	6070.953125
65.0599975585938	6581.6181640625
65.0699996948242	6368.04833984375
65.0800018310547	6550.35791015625
65.0899963378906	6597.17724609375
65.0999984741211	6181.09521484375
65.1100006103516	5835.4384765625
65.120002746582	6185.68115234375
65.129997253418	6597.8974609375
65.1399993896484	6200.7314453125
65.1500015258789	6352.17431640625
65.1600036621094	6832.990234375
65.1699981689453	6750.4365234375
65.1800003051758	6867.05908203125
65.1900024414063	6981.59130859375
65.1999969482422	6399.52197265625
65.2099990844727	6217.59619140625
65.2200012207031	6634.10595703125
65.2300033569336	7049.01513671875
65.2399978637695	6383.2783203125
65.25	6333.52685546875
65.2600021362305	6599.94775390625
65.2699966430664	6450.00390625
65.2799987792969	6300.060546875
65.2900009155273	5916.96484375
65.3000030517578	5883.37158203125
65.3099975585938	6365.9287109375
65.3199996948242	6333.396484375
65.3300018310547	6349.9619140625
65.3399963378906	5751.58984375
65.3499984741211	6381.41845703125
65.3600006103516	6150.79248046875
65.370002746582	6316.0380859375
65.379997253418	6134.0927734375
65.3899993896484	6498.34423828125
65.4000015258789	6218.0517578125
65.4100036621094	6183.5087890625
65.4199981689453	6083.896484375
65.4300003051758	6447.79833984375
65.4400024414063	6135.35205078125
65.4499969482422	6100.22509765625
65.4599990844727	6199.2880859375
65.4700012207031	6530.83740234375
65.4800033569336	6367.9765625
65.4899978637695	6135.25341796875
65.5	6595.9873046875
65.5100021362305	6732.1376953125
65.5199966430664	6584.73388671875
65.5299987792969	6319.2548828125
65.5400009155273	6564.14794921875
65.5500030517578	6599.65185546875
65.5599975585938	6369.189453125
65.5699996948242	6432.587890625
65.5800018310547	6334.48828125
65.5899963378906	6613.29052734375
65.5999984741211	6814.21044921875
65.6100006103516	6536.91748046875
65.620002746582	6352.38623046875
65.629997253418	6021.12744140625
65.6399993896484	6657.72998046875
65.6500015258789	6403.763671875
65.6600036621094	6580.6787109375
65.6699981689453	6911.71826171875
65.6800003051758	6391.4453125
65.6900024414063	6317.705078125
65.6999969482422	6415.07275390625
65.7099990844727	6465.8515625
65.7200012207031	6663.3330078125
65.7300033569336	6748.58056640625
65.7399978637695	6651.73974609375
65.75	6764.5947265625
65.7600021362305	6586.65576171875
65.7699966430664	6697.84375
65.7799987792969	6274.83349609375
65.7900009155273	6757.0625
65.8000030517578	6815.68798828125
65.8099975585938	6685.99072265625
65.8199996948242	6356.7646484375
65.8300018310547	6529.546875
65.8399963378906	6990.19287109375
65.8499984741211	6673.7919921875
65.8600006103516	6226.44775390625
65.870002746582	6950.0947265625
65.879997253418	6559.3564453125
65.8899993896484	5931.1162109375
65.9000015258789	5965.5078125
65.9100036621094	6519.998046875
65.9199981689453	6744.82373046875
65.9300003051758	6717.47509765625
65.9400024414063	6066.4052734375
65.9499969482422	6131.2529296875
65.9599990844727	6734.38427734375
65.9700012207031	6863.67041015625
65.9800033569336	6590.71044921875
65.9899978637695	6469.74609375
66	6320.67919921875
66.0100021362305	6186.94775390625
66.0199966430664	5988.82568359375
66.0299987792969	6145.36376953125
66.0400009155273	6425.35107421875
66.0500030517578	6125.70068359375
66.0599975585938	6116.66650390625
66.0699996948242	5809.25830078125
66.0800018310547	6479.2861328125
66.0899963378906	6694.01123046875
66.0999984741211	6344.44287109375
66.1100006103516	6317.177734375
66.120002746582	6526.61572265625
66.129997253418	6420.3251953125
66.1399993896484	6465.0810546875
66.1500015258789	6498.93115234375
66.1600036621094	6403.2412109375
66.1699981689453	6803.01416015625
66.1800003051758	6607.17529296875
66.1900024414063	6422.80224609375
66.1999969482422	6432.76953125
66.2099990844727	6352.84765625
66.2200012207031	6510.91357421875
66.2300033569336	6581.0087890625
66.2399978637695	6647.65185546875
66.25	6473.1875
66.2600021362305	6338.1220703125
66.2699966430664	6188.7734375
66.2799987792969	6648.9697265625
66.2900009155273	6490.10986328125
66.3000030517578	6788.18505859375
66.3099975585938	6399.02392578125
66.3199996948242	6960.5302734375
66.3300018310547	7047.443359375
66.3399963378906	6537.30615234375
66.3499984741211	6388.53955078125
66.3600006103516	6799.59716796875
66.370002746582	6816.66650390625
66.379997253418	6784.66943359375
66.3899993896484	6399.50439453125
66.4000015258789	6079.578125
66.4100036621094	6769.84716796875
66.4199981689453	6847.9267578125
66.4300003051758	6738.2109375
66.4400024414063	6621.583984375
66.4499969482422	6808.16796875
66.4599990844727	6481.65966796875
66.4700012207031	6562.3486328125
66.4800033569336	6901.43408203125
66.4899978637695	6661.697265625
66.5	6713.7197265625
66.5100021362305	6509.65185546875
66.5199966430664	6468.1630859375
66.5299987792969	6959.96435546875
66.5400009155273	7046.9619140625
66.5500030517578	6747.8720703125
66.5599975585938	6590.27099609375
66.5699996948242	6583.33349609375
66.5800018310547	6217.99072265625
66.5899963378906	6501.697265625
66.5999984741211	6675.3984375
66.6100006103516	6556.39306640625
66.620002746582	6534.13818359375
66.629997253418	6644.3271484375
66.6399993896484	6903.60986328125
66.6500015258789	6964.20166015625
66.6600036621094	6824.1123046875
66.6699981689453	6515.8251953125
66.6800003051758	6310.0625
66.6900024414063	6474.0478515625
66.6999969482422	6451.69921875
66.7099990844727	6054.71630859375
66.7200012207031	6223.00244140625
66.7300033569336	6580.93701171875
66.7399978637695	6631.58935546875
66.75	6270.18603515625
66.7600021362305	6376.267578125
66.7699966430664	6335.99951171875
66.7799987792969	6475.2841796875
66.7900009155273	6704.06787109375
66.8000030517578	6779.71142578125
66.8099975585938	6972.4013671875
66.8199996948242	6747.08154296875
66.8300018310547	6481.419921875
66.8399963378906	6529.623046875
66.8499984741211	6706.40234375
66.8600006103516	6700.9384765625
66.870002746582	6511.330078125
66.879997253418	6625.73583984375
66.8899993896484	6869.005859375
66.9000015258789	6710.5673828125
66.9100036621094	6276.08642578125
66.9199981689453	6281.39013671875
66.9300003051758	6487.29736328125
66.9400024414063	6202.0029296875
66.9499969482422	6057.90478515625
66.9599990844727	6410.48193359375
66.9700012207031	6449.0009765625
66.9800033569336	6700.59521484375
66.9899978637695	6779.29345703125
67	6673.7744140625
67.0100021362305	6807.4794921875
67.0199966430664	6519.49853515625
67.0299987792969	6640.71484375
67.0400009155273	6946.9619140625
67.0500030517578	6888.5458984375
67.0599975585938	6945.80810546875
67.0699996948242	6950
67.0800018310547	6669.05712890625
67.0899963378906	6587.58984375
67.0999984741211	6754.90185546875
67.1100006103516	6844.62548828125
67.120002746582	6881.1728515625
67.129997253418	6930.076171875
67.1399993896484	6948.9091796875
67.1500015258789	6763.1572265625
67.1600036621094	7248.076171875
67.1699981689453	7267.77392578125
67.1800003051758	7017.7998046875
67.1900024414063	6968.90234375
67.1999969482422	7059.927734375
67.2099990844727	6724.8271484375
67.2200012207031	6653.4013671875
67.2300033569336	6851.857421875
67.2399978637695	6649.35595703125
67.25	6788.501953125
67.2600021362305	6598.349609375
67.2699966430664	6350.7392578125
67.2799987792969	6534.845703125
67.2900009155273	6673.96533203125
67.3000030517578	6745.294921875
67.3099975585938	6517.7236328125
67.3199996948242	6933.43505859375
67.3300018310547	6827.3955078125
67.3399963378906	6476.34228515625
67.3499984741211	6697.42431640625
67.3600006103516	7381.39404296875
67.370002746582	7077.90234375
67.379997253418	6694.689453125
67.3899993896484	6604.89453125
67.4000015258789	6630.87548828125
67.4100036621094	6833.95703125
67.4199981689453	6865.42724609375
67.4300003051758	7005.4658203125
67.4400024414063	6908.748046875
67.4499969482422	6977.05859375
67.4599990844727	7029.552734375
67.4700012207031	6632.8984375
67.4800033569336	6692.376953125
67.4899978637695	6807.73681640625
67.5	6801.28076171875
67.5100021362305	6800
67.5199966430664	6600.119140625
67.5299987792969	6706.2958984375
67.5400009155273	6931.77880859375
67.5500030517578	6873.2001953125
67.5599975585938	7189.11865234375
67.5699996948242	7124.568359375
67.5800018310547	7085.9775390625
67.5899963378906	6822.5625
67.5999984741211	6815.33447265625
67.6100006103516	6663.37451171875
67.620002746582	6895.185546875
67.629997253418	7100.49462890625
67.6399993896484	7024.783203125
67.6500015258789	6970.740234375
67.6600036621094	6874.84423828125
67.6699981689453	7157.3408203125
67.6800003051758	6617.4716796875
67.6900024414063	6536.08984375
67.6999969482422	6609.75048828125
67.7099990844727	6968.0693359375
67.7200012207031	7061.09326171875
67.7300033569336	7158.2763671875
67.7399978637695	6922.455078125
67.75	7083.09814453125
67.7600021362305	7145.75927734375
67.7699966430664	7317.7294921875
67.7799987792969	6815.0673828125
67.7900009155273	6705.71435546875
67.8000030517578	6684.76708984375
67.8099975585938	6591.96484375
67.8199996948242	6431.1025390625
67.8300018310547	6660.15625
67.8399963378906	6957.16943359375
67.8499984741211	6876.87646484375
67.8600006103516	7094.7138671875
67.870002746582	7314.2431640625
67.879997253418	6923.1162109375
67.8899993896484	6640.3212890625
67.9000015258789	6859.599609375
67.9100036621094	7171.72216796875
67.9199981689453	6441.32861328125
67.9300003051758	6609.36279296875
67.9400024414063	6951.76806640625
67.9499969482422	6725.63623046875
67.9599990844727	6578.77001953125
67.9700012207031	6687.857421875
67.9800033569336	6987.734375
67.9899978637695	7198.3349609375
68	6868.58203125
68.0100021362305	7090.5302734375
68.0199966430664	6965.42333984375
68.0299987792969	7282.62841796875
68.0400009155273	7135.29150390625
68.0500030517578	6935.349609375
68.0599975585938	7248.97412109375
68.0699996948242	7222.93310546875
68.0800018310547	7246.85693359375
68.0899963378906	7446.17431640625
68.0999984741211	7180.0419921875
68.1100006103516	7315.8876953125
68.120002746582	7574.54736328125
68.129997253418	7268.43701171875
68.1399993896484	7248.3994140625
68.1500015258789	7174.69287109375
68.1600036621094	7332.28955078125
68.1699981689453	7214.53369140625
68.1800003051758	7395.61181640625
68.1900024414063	7251.20166015625
68.1999969482422	7173.18359375
68.2099990844727	7241.830078125
68.2200012207031	7039.6083984375
68.2300033569336	7181.921875
68.2399978637695	7515.38720703125
68.25	7144.6298828125
68.2600021362305	7160.03564453125
68.2699966430664	7046.6328125
68.2799987792969	7228.32666015625
68.2900009155273	7145.03662109375
68.3000030517578	6848.52197265625
68.3099975585938	7041.44677734375
68.3199996948242	7785.73779296875
68.3300018310547	7252.65234375
68.3399963378906	7123.4482421875
68.3499984741211	7610.56396484375
68.3600006103516	7517.0478515625
68.370002746582	7978.63134765625
68.379997253418	7689.42431640625
68.3899993896484	7709.79150390625
68.4000015258789	7567.234375
68.4100036621094	7714.32470703125
68.4199981689453	8017.078125
68.4300003051758	7915.63623046875
68.4400024414063	7929.84912109375
68.4499969482422	7694.6123046875
68.4599990844727	7860.5673828125
68.4700012207031	8166.63916015625
68.4800033569336	8125.46875
68.4899978637695	7967.650390625
68.5	8009.587890625
68.5100021362305	8180.4833984375
68.5199966430664	8140.44873046875
68.5299987792969	8148.216796875
68.5400009155273	7911.94091796875
68.5500030517578	8046.94873046875
68.5599975585938	8289.7099609375
68.5699996948242	8792.34765625
68.5800018310547	8537.9296875
68.5899963378906	8381.15234375
68.5999984741211	8203.30078125
68.6100006103516	8346.6494140625
68.620002746582	8589.3017578125
68.629997253418	8601.8291015625
68.6399993896484	8629.6669921875
68.6500015258789	8662.9912109375
68.6600036621094	8800.0859375
68.6699981689453	8846.306640625
68.6800003051758	8583.3232421875
68.6900024414063	8564.810546875
68.6999969482422	8685.1181640625
68.7099990844727	8803.61328125
68.7200012207031	8772.2744140625
68.7300033569336	9417.560546875
68.7399978637695	9559.154296875
68.75	9241.4150390625
68.7600021362305	9318.23828125
68.7699966430664	8949.17578125
68.7799987792969	8944.3125
68.7900009155273	9570.19140625
68.8000030517578	9251.423828125
68.8099975585938	9701.7607421875
68.8199996948242	9471.6015625
68.8300018310547	9625.068359375
68.8399963378906	9959.634765625
68.8499984741211	10383.2431640625
68.8600006103516	10123.8828125
68.870002746582	9980.2138671875
68.879997253418	10496.83984375
68.8899993896484	11008.3466796875
68.9000015258789	11331.5966796875
68.9100036621094	10733.96484375
68.9199981689453	11223.6767578125
68.9300003051758	11608.8125
68.9400024414063	12120.4326171875
68.9499969482422	12109.849609375
68.9599990844727	11762.0751953125
68.9700012207031	12157.3095703125
68.9800033569336	12466.291015625
68.9899978637695	12529.359375
69	13002.9404296875
69.0100021362305	13374.7568359375
69.0199966430664	13123.3330078125
69.0299987792969	13405.9072265625
69.0400009155273	13318.076171875
69.0500030517578	13490.5009765625
69.0599975585938	14307.75
69.0699996948242	14885.3212890625
69.0800018310547	15330.671875
69.0899963378906	15646.798828125
69.0999984741211	15741.8642578125
69.1100006103516	15852.400390625
69.120002746582	16246.900390625
69.129997253418	16928.66796875
69.1399993896484	17235.90625
69.1500015258789	17500.455078125
69.1600036621094	17314.21875
69.1699981689453	17896.677734375
69.1800003051758	18246.12109375
69.1900024414063	19246.611328125
69.1999969482422	20565.201171875
69.2099990844727	20893.7890625
69.2200012207031	20829.169921875
69.2300033569336	21501.859375
69.2399978637695	22197.55078125
69.25	22254.193359375
69.2600021362305	22686.986328125
69.2699966430664	23885.841796875
69.2799987792969	24908.919921875
69.2900009155273	25484.50390625
69.3000030517578	26044.693359375
69.3099975585938	26363.943359375
69.3199996948242	26821.70703125
69.3300018310547	27261.310546875
69.3399963378906	27709.0703125
69.3499984741211	28260.66796875
69.3600006103516	27999.25
69.370002746582	29126.228515625
69.379997253418	30040.3828125
69.3899993896484	29888.76171875
69.4000015258789	30386.841796875
69.4100036621094	30437.65625
69.4199981689453	30795.86328125
69.4300003051758	31183.435546875
69.4400024414063	31798.568359375
69.4499969482422	32231.07421875
69.4599990844727	31747.380859375
69.4700012207031	31188.787109375
69.4800033569336	31710.232421875
69.4899978637695	31698.6875
69.5	32117.412109375
69.5100021362305	31720.443359375
69.5199966430664	31592.154296875
69.5299987792969	32190.544921875
69.5400009155273	32933.73828125
69.5500030517578	33004.43359375
69.5599975585938	31685.44921875
69.5699996948242	30775.69140625
69.5800018310547	31070.923828125
69.5899963378906	31306.5390625
69.5999984741211	30265.517578125
69.6100006103516	29797.052734375
69.620002746582	29937.48828125
69.629997253418	29361.099609375
69.6399993896484	28488.291015625
69.6500015258789	28424.30859375
69.6600036621094	27035.892578125
69.6699981689453	26398.98828125
69.6800003051758	27182.8671875
69.6900024414063	26956.791015625
69.6999969482422	25892.619140625
69.7099990844727	24510.412109375
69.7200012207031	23741.328125
69.7300033569336	23736.27734375
69.7399978637695	23304.349609375
69.75	23506.400390625
69.7600021362305	22975.2734375
69.7699966430664	21662.36328125
69.7799987792969	20820.44140625
69.7900009155273	21463.21875
69.8000030517578	21554.626953125
69.8099975585938	20502.509765625
69.8199996948242	19888.626953125
69.8300018310547	19644.568359375
69.8399963378906	18670.369140625
69.8499984741211	17885.966796875
69.8600006103516	17453.736328125
69.870002746582	17271.060546875
69.879997253418	17278.646484375
69.8899993896484	16366.9140625
69.9000015258789	15143.0185546875
69.9100036621094	14737.681640625
69.9199981689453	15100.6201171875
69.9300003051758	14952.1044921875
69.9400024414063	14687.8603515625
69.9499969482422	14263.9892578125
69.9599990844727	13985.60546875
69.9700012207031	13492.7431640625
69.9800033569336	13045.2412109375
69.9899978637695	12997.615234375
70	13099.947265625
70.0100021362305	12945.3720703125
70.0199966430664	12788.228515625
70.0299987792969	12952.1396484375
70.0400009155273	12384.265625
70.0500030517578	11884.0576171875
70.0599975585938	11331.9560546875
70.0699996948242	11250
70.0800018310547	11734.462890625
70.0899963378906	11275.345703125
70.0999984741211	11268.783203125
70.1100006103516	11098.2392578125
70.120002746582	10938.5576171875
70.129997253418	10987.8203125
70.1399993896484	10843.5009765625
70.1500015258789	10532.1953125
70.1600036621094	10056.734375
70.1699981689453	10097.064453125
70.1800003051758	10002.96484375
70.1900024414063	9798.6142578125
70.1999969482422	9510.9658203125
70.2099990844727	9523.474609375
70.2200012207031	9022.189453125
70.2300033569336	9458.5439453125
70.2399978637695	9408.0869140625
70.25	8957.7001953125
70.2600021362305	9181.2021484375
70.2699966430664	9431.8623046875
70.2799987792969	8389.2060546875
70.2900009155273	8341.7353515625
70.3000030517578	8692.578125
70.3099975585938	8820.8330078125
70.3199996948242	8578.3994140625
70.3300018310547	8618.2900390625
70.3399963378906	8675.80078125
70.3499984741211	8598.4189453125
70.3600006103516	8555.03515625
70.370002746582	8323.6728515625
70.379997253418	8297.4755859375
70.3899993896484	8271.72265625
70.4000015258789	8097.046875
70.4100036621094	8010.140625
70.4199981689453	8070.64013671875
70.4300003051758	8111.58251953125
70.4400024414063	8356.7255859375
70.4499969482422	8456.470703125
70.4599990844727	7676.27099609375
70.4700012207031	7815.54833984375
70.4800033569336	8162.92041015625
70.4899978637695	8583.3671875
70.5	8283.388671875
70.5100021362305	7962.92041015625
70.5199966430664	7944.85400390625
70.5299987792969	8372.705078125
70.5400009155273	8069.658203125
70.5500030517578	7760.58349609375
70.5599975585938	7463.22802734375
70.5699996948242	7346.2841796875
70.5800018310547	7685.1611328125
70.5899963378906	7975.11572265625
70.5999984741211	8044.79931640625
70.6100006103516	8064.06298828125
70.620002746582	7785.47509765625
70.629997253418	7747.3896484375
70.6399993896484	7637.5771484375
70.6500015258789	7785.26025390625
70.6600036621094	7395.28369140625
70.6699981689453	7653.6923828125
70.6800003051758	7716.66650390625
70.6900024414063	7646.486328125
70.6999969482422	7675.431640625
70.7099990844727	7977.94970703125
70.7200012207031	8117.4892578125
70.7300033569336	7726.67529296875
70.7399978637695	7453.72900390625
70.75	7276.50634765625
70.7600021362305	7264.0126953125
70.7699966430664	7490.8173828125
70.7799987792969	7533.33349609375
70.7900009155273	7253.27734375
70.8000030517578	7172.0009765625
70.8099975585938	7376.60986328125
70.8199996948242	7444.65234375
70.8300018310547	7282.12451171875
70.8399963378906	7096.150390625
70.8499984741211	7556.07373046875
70.8600006103516	7552.1416015625
70.870002746582	7463.45068359375
70.879997253418	7380.1337890625
70.8899993896484	7199.02685546875
70.9000015258789	7432.03466796875
70.9100036621094	7455.40625
70.9199981689453	6919.51123046875
70.9300003051758	6900.40869140625
70.9400024414063	7000.38916015625
70.9499969482422	6863.2109375
70.9599990844727	6582.2822265625
70.9700012207031	7007.43115234375
70.9800033569336	7281.23046875
70.9899978637695	7233.041015625
71	6993.71630859375
71.0100021362305	7103.24267578125
71.0199966430664	7258.68505859375
71.0299987792969	7311.1826171875
71.0400009155273	6495.29443359375
71.0500030517578	6848.31298828125
71.0599975585938	7186.55810546875
71.0699996948242	7219.42138671875
71.0800018310547	6896.76416015625
71.0899963378906	6680.37158203125
71.0999984741211	6914.146484375
71.1100006103516	7453.14111328125
71.120002746582	7244.28564453125
71.129997253418	7363.94140625
71.1399993896484	7011.0859375
71.1500015258789	7113.859375
71.1600036621094	6539.12744140625
71.1699981689453	6610.9912109375
71.1800003051758	7107.94677734375
71.1900024414063	7019.6376953125
71.1999969482422	7191.39697265625
71.2099990844727	7455.2177734375
71.2200012207031	7222.70751953125
71.2300033569336	6986.46728515625
71.2399978637695	7227.16748046875
71.25	7144.78076171875
71.2600021362305	7352.1533203125
71.2699966430664	7192.26416015625
71.2799987792969	6956.15673828125
71.2900009155273	7304.26611328125
71.3000030517578	7078.859375
71.3099975585938	6961.3203125
71.3199996948242	6521.16015625
71.3300018310547	7097.1953125
71.3399963378906	7399.26171875
71.3499984741211	7267.44189453125
71.3600006103516	7233.33349609375
71.370002746582	7178.06103515625
71.379997253418	7097.59130859375
71.3899993896484	6779.46923828125
71.4000015258789	7061.89013671875
71.4100036621094	7312.8095703125
71.4199981689453	7087.74658203125
71.4300003051758	6867.736328125
71.4400024414063	7123.064453125
71.4499969482422	7155.74609375
71.4599990844727	6998.30322265625
71.4700012207031	7035.6044921875
71.4800033569336	6705.38623046875
71.4899978637695	6936.52685546875
71.5	6820.87939453125
71.5100021362305	7113.9443359375
71.5199966430664	7210.87841796875
71.5299987792969	7202.8974609375
71.5400009155273	6759.47509765625
71.5500030517578	6900.64453125
71.5599975585938	6950
71.5699996948242	7005.029296875
71.5800018310547	7071.68408203125
71.5899963378906	7289.60400390625
71.5999984741211	7360.830078125
71.6100006103516	7215.46728515625
71.620002746582	6908.4853515625
71.629997253418	7014.873046875
71.6399993896484	7173.6279296875
71.6500015258789	6993.998046875
71.6600036621094	7238.34033203125
71.6699981689453	7341.1826171875
71.6800003051758	7404.8984375
71.6900024414063	7183.39990234375
71.6999969482422	7133.33349609375
71.7099990844727	7119.61767578125
71.7200012207031	6993.25244140625
71.7300033569336	7048.92529296875
71.7399978637695	7340.802734375
71.75	7221.85009765625
71.7600021362305	7032.623046875
71.7699966430664	6958.90625
71.7799987792969	7004.7802734375
71.7900009155273	7167.27978515625
71.8000030517578	7282.13525390625
71.8099975585938	7204.1962890625
71.8199996948242	7265.43310546875
71.8300018310547	7132.84912109375
71.8399963378906	7236.77490234375
71.8499984741211	7225.64306640625
71.8600006103516	7271.35302734375
71.870002746582	7461.02685546875
71.879997253418	7554.6630859375
71.8899993896484	7252.41943359375
71.9000015258789	7961.95458984375
71.9100036621094	7641.6767578125
71.9199981689453	7533.33349609375
71.9300003051758	7519.68212890625
71.9400024414063	7735.0419921875
71.9499969482422	8028.95361328125
71.9599990844727	7987.83447265625
71.9700012207031	7721.150390625
71.9800033569336	7966.6787109375
71.9899978637695	8019.69921875
72	7648.625
72.0100021362305	7689.3212890625
72.0199966430664	7689.416015625
72.0299987792969	7805.9365234375
72.0400009155273	7710.755859375
72.0500030517578	7656.099609375
72.0599975585938	7663.61376953125
72.0699996948242	8006.9453125
72.0800018310547	8001.68359375
72.0899963378906	8187.4150390625
72.0999984741211	7934.076171875
72.1100006103516	7853.06689453125
72.120002746582	7809.20947265625
72.129997253418	8031.09912109375
72.1399993896484	7893.0556640625
72.1500015258789	7904.353515625
72.1600036621094	7780.81103515625
72.1699981689453	7668.50341796875
72.1800003051758	7948.75830078125
72.1900024414063	8451.1337890625
72.1999969482422	8617.87109375
72.2099990844727	8633.3330078125
72.2200012207031	8714.7451171875
72.2300033569336	8923.2548828125
72.2399978637695	8831.0361328125
72.25	8555.916015625
72.2600021362305	8798.263671875
72.2699966430664	9002.212890625
72.2799987792969	8965.57421875
72.2900009155273	8909.3525390625
72.3000030517578	9333.4794921875
72.3099975585938	9189.55078125
72.3199996948242	9349.984375
72.3300018310547	9643.681640625
72.3399963378906	9402.2275390625
72.3499984741211	9644.576171875
72.3600006103516	10230.7890625
72.370002746582	9768.349609375
72.379997253418	9782.0966796875
72.3899993896484	9938.357421875
72.4000015258789	9804.4453125
72.4100036621094	9699.087890625
72.4199981689453	10169.7978515625
72.4300003051758	9864.51953125
72.4400024414063	9888.2333984375
72.4499969482422	10308.30078125
72.4599990844727	10400
72.4700012207031	10251.509765625
72.4800033569336	9919.7470703125
72.4899978637695	10200.833984375
72.5	10202.388671875
72.5100021362305	10345.1904296875
72.5199966430664	10154.08203125
72.5299987792969	10046.0693359375
72.5400009155273	10329.890625
72.5500030517578	10480.86328125
72.5599975585938	10284.4091796875
72.5699996948242	9910.0126953125
72.5800018310547	9833.3330078125
72.5899963378906	10345.0498046875
72.5999984741211	10412.8125
72.6100006103516	10211.548828125
72.620002746582	9776.3828125
72.629997253418	10033.171875
72.6399993896484	10183.9296875
72.6500015258789	9917.5517578125
72.6600036621094	9782.763671875
72.6699981689453	9833.888671875
72.6800003051758	9755.9072265625
72.6900024414063	9827.40625
72.6999969482422	9594.7099609375
72.7099990844727	9627.369140625
72.7200012207031	10012.634765625
72.7300033569336	10287.9951171875
72.7399978637695	9943.9931640625
72.75	9756.0400390625
72.7600021362305	8914.705078125
72.7699966430664	8891.09375
72.7799987792969	9107.7255859375
72.7900009155273	9445.0654296875
72.8000030517578	9650.7607421875
72.8099975585938	9643.11328125
72.8199996948242	9713.7578125
72.8300018310547	9639.5244140625
72.8399963378906	9683.66015625
72.8499984741211	9097.181640625
72.8600006103516	9083.9326171875
72.870002746582	9558.556640625
72.879997253418	9318.580078125
72.8899993896484	8818.390625
72.9000015258789	8984.318359375
72.9100036621094	9116.8994140625
72.9199981689453	8584.8662109375
72.9300003051758	8704.1171875
72.9400024414063	8806.7822265625
72.9499969482422	8923.62109375
72.9599990844727	8749.5009765625
72.9700012207031	8392.62890625
72.9800033569336	8824.3955078125
72.9899978637695	8762.9794921875
73	8636.53125
73.0100021362305	8670.080078125
73.0199966430664	8402.9697265625
73.0299987792969	8546.9013671875
73.0400009155273	8279.7109375
73.0500030517578	8106.60107421875
73.0599975585938	8150.03369140625
73.0699996948242	8206.6787109375
73.0800018310547	8363.349609375
73.0899963378906	8400
73.0999984741211	8306.693359375
73.1100006103516	8323.3134765625
73.120002746582	8759.708984375
73.129997253418	8240.5517578125
73.1399993896484	8096.65234375
73.1500015258789	8432.908203125
73.1600036621094	8090.62841796875
73.1699981689453	8103.1328125
73.1800003051758	8173.2587890625
73.1900024414063	8529.2841796875
73.1999969482422	8177.66162109375
73.2099990844727	8492.2841796875
73.2200012207031	8520.2119140625
73.2300033569336	8433.5234375
73.2399978637695	8363.49609375
73.25	8363.2900390625
73.2600021362305	8472.9658203125
73.2699966430664	8526.5693359375
73.2799987792969	8294.2529296875
73.2900009155273	8140.3759765625
73.3000030517578	8090.11279296875
73.3099975585938	8534.662109375
73.3199996948242	8570.369140625
73.3300018310547	8457.1162109375
73.3399963378906	8526.19921875
73.3499984741211	8536.736328125
73.3600006103516	8360.935546875
73.370002746582	8648.134765625
73.379997253418	8786.357421875
73.3899993896484	8322.873046875
73.4000015258789	7987.9853515625
73.4100036621094	8410.2724609375
73.4199981689453	8533.3330078125
73.4300003051758	8400.90234375
73.4400024414063	8644.7177734375
73.4499969482422	8862.2841796875
73.4599990844727	8780.8818359375
73.4700012207031	8551.5087890625
73.4800033569336	8328.0087890625
73.4899978637695	8349.470703125
73.5	8313.7666015625
73.5100021362305	8458.66796875
73.5199966430664	8288.4833984375
73.5299987792969	8405.15625
73.5400009155273	8740.720703125
73.5500030517578	8459.943359375
73.5599975585938	8089.26904296875
73.5699996948242	8029.87353515625
73.5800018310547	8482.27734375
73.5899963378906	8652.806640625
73.5999984741211	8917.44921875
73.6100006103516	9022.9228515625
73.620002746582	8465.99609375
73.629997253418	8356.240234375
73.6399993896484	8551.30859375
73.6500015258789	8824.1640625
73.6600036621094	8988.8017578125
73.6699981689453	9306.6484375
73.6800003051758	9277.90625
73.6900024414063	9131.41796875
73.6999969482422	9100
73.7099990844727	8849.7568359375
73.7200012207031	8901.8466796875
73.7300033569336	9117.650390625
73.7399978637695	8995.5478515625
73.75	8542.0283203125
73.7600021362305	8841.2255859375
73.7699966430664	9068.3974609375
73.7799987792969	8981.6259765625
73.7900009155273	8884.25
73.8000030517578	9326.830078125
73.8099975585938	9581.44921875
73.8199996948242	9932.083984375
73.8300018310547	9845.849609375
73.8399963378906	9445.294921875
73.8499984741211	9533.8857421875
73.8600006103516	9662.1259765625
73.870002746582	9657.07421875
73.879997253418	9807.5234375
73.8899993896484	10059.990234375
73.9000015258789	10274.12890625
73.9100036621094	10356.0244140625
73.9199981689453	10458.4833984375
73.9300003051758	10548.904296875
73.9400024414063	10448.662109375
73.9499969482422	10521.5390625
73.9599990844727	10733.490234375
73.9700012207031	10744.021484375
73.9800033569336	10680.927734375
73.9899978637695	10457.0869140625
74	10452.384765625
74.0100021362305	10558.322265625
74.0199966430664	11080.7939453125
74.0299987792969	11072.693359375
74.0400009155273	10758.5283203125
74.0500030517578	10879.583984375
74.0599975585938	11535.05078125
74.0699996948242	11477.669921875
74.0800018310547	11560.4990234375
74.0899963378906	11783.0244140625
74.0999984741211	12212.3798828125
74.1100006103516	12290.5302734375
74.120002746582	12688.3623046875
74.129997253418	13139.6357421875
74.1399993896484	13089.669921875
74.1500015258789	12828.017578125
74.1600036621094	13053.8818359375
74.1699981689453	13864.2822265625
74.1800003051758	14079.716796875
74.1900024414063	14135.5234375
74.1999969482422	14410.8994140625
74.2099990844727	15044.1572265625
74.2200012207031	15265.19921875
74.2300033569336	15296.37109375
74.2399978637695	15612.833984375
74.25	15960.6435546875
74.2600021362305	16137.5703125
74.2699966430664	16244.8291015625
74.2799987792969	16475.05859375
74.2900009155273	17067.232421875
74.3000030517578	17880.654296875
74.3099975585938	18209.8515625
74.3199996948242	18028.7578125
74.3300018310547	18278.947265625
74.3399963378906	19485.453125
74.3499984741211	19956.078125
74.3600006103516	20429.1328125
74.370002746582	21252.078125
74.379997253418	21450
74.3899993896484	21411.01171875
74.4000015258789	22244.595703125
74.4100036621094	22989.990234375
74.4199981689453	23613.9140625
74.4300003051758	24503.193359375
74.4400024414063	25236.0078125
74.4499969482422	25591.029296875
74.4599990844727	26234.02734375
74.4700012207031	26555.7109375
74.4800033569336	27715.701171875
74.4899978637695	27799.861328125
74.5	28641.103515625
74.5100021362305	28601.791015625
74.5199966430664	28957.41015625
74.5299987792969	29796.158203125
74.5400009155273	30803.388671875
74.5500030517578	31072.19921875
74.5599975585938	30992.6640625
74.5699996948242	31601.2265625
74.5800018310547	32288.291015625
74.5899963378906	32731.0703125
74.5999984741211	33580.2734375
74.6100006103516	33450.62109375
74.620002746582	33311.1875
74.629997253418	33752.71875
74.6399993896484	33521.23046875
74.6500015258789	33856.2734375
74.6600036621094	34500.4140625
74.6699981689453	35179.90234375
74.6800003051758	34687.23828125
74.6900024414063	35184.7265625
74.6999969482422	34827.91015625
74.7099990844727	34640.83984375
74.7200012207031	34839.91796875
74.7300033569336	35455.08984375
74.7399978637695	34842.27734375
74.75	34758.609375
74.7600021362305	34090.42578125
74.7699966430664	34076.81640625
74.7799987792969	34288.0859375
74.7900009155273	33869.1640625
74.8000030517578	33127.45703125
74.8099975585938	32370.021484375
74.8199996948242	32457.716796875
74.8300018310547	33010.015625
74.8399963378906	33008.3125
74.8499984741211	31897.78515625
74.8600006103516	31493.205078125
74.870002746582	30887.384765625
74.879997253418	30176.11328125
74.8899993896484	28768.494140625
74.9000015258789	28605.841796875
74.9100036621094	28846.7421875
74.9199981689453	28141.26171875
74.9300003051758	27929.5234375
74.9400024414063	27470.560546875
74.9499969482422	26742.130859375
74.9599990844727	26438.169921875
74.9700012207031	26001.7421875
74.9800033569336	25960.400390625
74.9899978637695	25713.654296875
75	24773.10546875
75.0100021362305	24093.05859375
75.0199966430664	23504.640625
75.0299987792969	23353.8359375
75.0400009155273	23337.171875
75.0500030517578	23269.203125
75.0599975585938	22980.703125
75.0699996948242	22297.412109375
75.0800018310547	21885.935546875
75.0899963378906	21304.033203125
75.0999984741211	21290.9453125
75.1100006103516	21756.083984375
75.120002746582	21435.052734375
75.129997253418	20582.8984375
75.1399993896484	20174.625
75.1500015258789	19911.86328125
75.1600036621094	19530.060546875
75.1699981689453	20226.619140625
75.1800003051758	20185.236328125
75.1900024414063	19729.099609375
75.1999969482422	19258.62890625
75.2099990844727	19507.96484375
75.2200012207031	19833.95703125
75.2300033569336	19618.857421875
75.2399978637695	19507.779296875
75.25	20023.732421875
75.2600021362305	20528.16015625
75.2699966430664	20543.953125
75.2799987792969	20082.619140625
75.2900009155273	21022.12890625
75.3000030517578	20443.982421875
75.3099975585938	20281.490234375
75.3199996948242	21107.509765625
75.3300018310547	21388.2578125
75.3399963378906	21757.0078125
75.3499984741211	21178.294921875
75.3600006103516	21310.78125
75.370002746582	22232.177734375
75.379997253418	22470.59375
75.3899993896484	21982.658203125
75.4000015258789	21769.662109375
75.4100036621094	22348.392578125
75.4199981689453	23398.9140625
75.4300003051758	23297.599609375
75.4400024414063	23196.056640625
75.4499969482422	23467.14453125
75.4599990844727	23448.251953125
75.4700012207031	24357.640625
75.4800033569336	24916.9765625
75.4899978637695	25686.369140625
75.5	25442.515625
75.5100021362305	26125.837890625
75.5199966430664	25875.23046875
75.5299987792969	25361.0703125
75.5400009155273	25821.375
75.5500030517578	26457.00390625
75.5599975585938	26117.708984375
75.5699996948242	26524.9921875
75.5800018310547	26661.939453125
75.5899963378906	26459.7421875
75.5999984741211	26628.26171875
75.6100006103516	26877.498046875
75.620002746582	27529.095703125
75.629997253418	28122.20703125
75.6399993896484	27958.580078125
75.6500015258789	27448.630859375
75.6600036621094	27696.619140625
75.6699981689453	28361.1484375
75.6800003051758	28001.626953125
75.6900024414063	27478.9375
75.6999969482422	27379.3203125
75.7099990844727	27041.740234375
75.7200012207031	27401.341796875
75.7300033569336	27651.169921875
75.7399978637695	26912.080078125
75.75	26338.005859375
75.7600021362305	26195.419921875
75.7699966430664	25842.177734375
75.7799987792969	26023.884765625
75.7900009155273	26104.037109375
75.8000030517578	26175.763671875
75.8099975585938	25745.517578125
75.8199996948242	25069.884765625
75.8300018310547	24748.5703125
75.8399963378906	24132.263671875
75.8499984741211	23798.63671875
75.8600006103516	23611.279296875
75.870002746582	23680.140625
75.879997253418	23288.08203125
75.8899993896484	22267.810546875
75.9000015258789	22033.732421875
75.9100036621094	21508.318359375
75.9199981689453	21282.955078125
75.9300003051758	21581.4609375
75.9400024414063	21091.650390625
75.9499969482422	20245.513671875
75.9599990844727	20587.0078125
75.9700012207031	20527.6328125
75.9800033569336	19267.666015625
75.9899978637695	18895.908203125
76	18384.52734375
76.0100021362305	18455.4921875
76.0199966430664	18043.220703125
76.0299987792969	17745.126953125
76.0400009155273	17850.73828125
76.0500030517578	17962.79296875
76.0599975585938	17154.642578125
76.0699996948242	16607.1640625
76.0800018310547	16428.814453125
76.0899963378906	16023.572265625
76.0999984741211	16050.5380859375
76.1100006103516	15974.580078125
76.120002746582	15506.9990234375
76.129997253418	14902.818359375
76.1399993896484	14599.595703125
76.1500015258789	14362.037109375
76.1600036621094	13986.7978515625
76.1699981689453	13407.373046875
76.1800003051758	13400.26953125
76.1900024414063	13424.9609375
76.1999969482422	13379.1162109375
76.2099990844727	12928.6748046875
76.2200012207031	12695.7548828125
76.2300033569336	13354.630859375
76.2399978637695	12407.8046875
76.25	11441.537109375
76.2600021362305	11862.5
76.2699966430664	11816.7236328125
76.2799987792969	11508.435546875
76.2900009155273	11545.7568359375
76.3000030517578	11545.8671875
76.3099975585938	11595.7626953125
76.3199996948242	11604.18359375
76.3300018310547	11412.796875
76.3399963378906	11337.5224609375
76.3499984741211	11258.486328125
76.3600006103516	11071.2021484375
76.370002746582	10642.6025390625
76.379997253418	10379.541015625
76.3899993896484	10333.3330078125
76.4000015258789	10171.3505859375
76.4100036621094	9929.8056640625
76.4199981689453	9592.6669921875
76.4300003051758	9861.0986328125
76.4400024414063	9983.3330078125
76.4499969482422	10132.6845703125
76.4599990844727	10096.232421875
76.4700012207031	9631.2607421875
76.4800033569336	9570.39453125
76.4899978637695	9500.5244140625
76.5	9255.330078125
76.5100021362305	9220.619140625
76.5199966430664	9320.3134765625
76.5299987792969	9101.5419921875
76.5400009155273	9252.646484375
76.5500030517578	8998.072265625
76.5599975585938	8833.6767578125
76.5699996948242	8940.779296875
76.5800018310547	8685.5322265625
76.5899963378906	8757.009765625
76.5999984741211	8866.27734375
76.6100006103516	8883.3330078125
76.620002746582	8684.9853515625
76.629997253418	8455.546875
76.6399993896484	8139.79052734375
76.6500015258789	8384.4755859375
76.6600036621094	8413.3046875
76.6699981689453	8086.16162109375
76.6800003051758	8107.12548828125
76.6900024414063	8385.1494140625
76.6999969482422	8503.787109375
76.7099990844727	8566.1484375
76.7200012207031	8472.0263671875
76.7300033569336	8223.1357421875
76.7399978637695	8026.38427734375
76.75	8292.2998046875
76.7600021362305	8511.201171875
76.7699966430664	8278.2392578125
76.7799987792969	8158.6337890625
76.7900009155273	7804.28857421875
76.8000030517578	7880.83544921875
76.8099975585938	7666.1591796875
76.8199996948242	7455.625
76.8300018310547	7367.32666015625
76.8399963378906	7547.31201171875
76.8499984741211	7875.57666015625
76.8600006103516	7658.51513671875
76.870002746582	7377.4765625
76.879997253418	7686.27001953125
76.8899993896484	7742.763671875
76.9000015258789	7581.2109375
76.9100036621094	7594.88916015625
76.9199981689453	7296.654296875
76.9300003051758	7207.94384765625
76.9400024414063	7450.408203125
76.9499969482422	7348.84521484375
76.9599990844727	7246.44482421875
76.9700012207031	7577.54248046875
76.9800033569336	7650.83935546875
76.9899978637695	7657.90771484375
77	7629.81396484375
77.0100021362305	7886.85205078125
77.0199966430664	7529.0419921875
77.0299987792969	7428.04248046875
77.0400009155273	7535.90478515625
77.0500030517578	7505.3212890625
77.0599975585938	7262.5439453125
77.0699996948242	7404.068359375
77.0800018310547	7667.2333984375
77.0899963378906	7463.6796875
77.0999984741211	7329.90478515625
77.1100006103516	7610.6884765625
77.120002746582	7741.16259765625
77.129997253418	7284.6962890625
77.1399993896484	6908.55615234375
77.1500015258789	7053.630859375
77.1600036621094	7439.22607421875
77.1699981689453	7439.90625
77.1800003051758	7375.541015625
77.1900024414063	7232.1748046875
77.1999969482422	7183.33349609375
77.2099990844727	7427.74169921875
77.2200012207031	7308.97119140625
77.2300033569336	7123.40478515625
77.2399978637695	7290.92431640625
77.25	7024.837890625
77.2600021362305	6900
77.2699966430664	6997.6162109375
77.2799987792969	7289.51123046875
77.2900009155273	7102.82861328125
77.3000030517578	7085.349609375
77.3099975585938	7092.287109375
77.3199996948242	6985.84033203125
77.3300018310547	6889.08251953125
77.3399963378906	6976.29052734375
77.3499984741211	7114.08544921875
77.3600006103516	6894.3408203125
77.370002746582	6800
77.379997253418	6921.6806640625
77.3899993896484	7076.1513671875
77.4000015258789	7116.66650390625
77.4100036621094	7189.619140625
77.4199981689453	7107.26611328125
77.4300003051758	7103.1240234375
77.4400024414063	7262.45947265625
77.4499969482422	6879.400390625
77.4599990844727	6947.38671875
77.4700012207031	7081.8935546875
77.4800033569336	6990.767578125
77.4899978637695	6865.0634765625
77.5	7197.25341796875
77.5100021362305	7030.14453125
77.5199966430664	6734.80029296875
77.5299987792969	6727.27294921875
77.5400009155273	6822.708984375
77.5500030517578	6777.31005859375
77.5599975585938	6762.11181640625
77.5699996948242	6730.34033203125
77.5800018310547	6631.927734375
77.5899963378906	6878.35595703125
77.5999984741211	6862.34033203125
77.6100006103516	6659.4169921875
77.620002746582	6696.74365234375
77.629997253418	6805.8720703125
77.6399993896484	6797.0732421875
77.6500015258789	6734.99951171875
77.6600036621094	6571.70263671875
77.6699981689453	6202.66064453125
77.6800003051758	6167.85107421875
77.6900024414063	6405.2041015625
77.6999969482422	6893.63330078125
77.7099990844727	7098.2578125
77.7200012207031	6682.4599609375
77.7300033569336	6902.5263671875
77.7399978637695	7122.32958984375
77.75	6993.3271484375
77.7600021362305	7150.20751953125
77.7699966430664	7076.74365234375
77.7799987792969	6715.61181640625
77.7900009155273	6455.5322265625
77.8000030517578	6737.00244140625
77.8099975585938	6830.56884765625
77.8199996948242	6852.7548828125
77.8300018310547	7023.00732421875
77.8399963378906	6927.0341796875
77.8499984741211	6806.56787109375
77.8600006103516	6999.6318359375
77.870002746582	6831.052734375
77.879997253418	6601.2216796875
77.8899993896484	6694.08349609375
77.9000015258789	6918.05224609375
77.9100036621094	6887.3291015625
77.9199981689453	6718.02978515625
77.9300003051758	6654.67236328125
77.9400024414063	6661.99072265625
77.9499969482422	6354.98876953125
77.9599990844727	6568.89599609375
77.9700012207031	6628.11328125
77.9800033569336	6372.419921875
77.9899978637695	6462.95361328125
78	6665.01904296875
78.0100021362305	6800.44384765625
78.0199966430664	6677.7890625
78.0299987792969	6652.5517578125
78.0400009155273	6869.96044921875
78.0500030517578	6615.25390625
78.0599975585938	6423.57373046875
78.0699996948242	6591.17919921875
78.0800018310547	6869.7392578125
78.0899963378906	6794.75146484375
78.0999984741211	6697.5166015625
78.1100006103516	6647.5263671875
78.120002746582	7015.17041015625
78.129997253418	7214.38330078125
78.1399993896484	7173.7041015625
78.1500015258789	6756.55419921875
78.1600036621094	6504.6455078125
78.1699981689453	6526.2470703125
78.1800003051758	6681.04052734375
78.1900024414063	6721.423828125
78.1999969482422	6669.0419921875
78.2099990844727	6626.1943359375
78.2200012207031	6450.07177734375
78.2300033569336	6502.296875
78.2399978637695	6775.96826171875
78.25	6926.11572265625
78.2600021362305	7021.31884765625
78.2699966430664	6705.3876953125
78.2799987792969	6899.3037109375
78.2900009155273	6736.41845703125
78.3000030517578	6842.25927734375
78.3099975585938	6767.1533203125
78.3199996948242	6450.7998046875
78.3300018310547	6326.2734375
78.3399963378906	6767.34912109375
78.3499984741211	6701.00830078125
78.3600006103516	6303.6640625
78.370002746582	6289.984375
78.379997253418	6771.6650390625
78.3899993896484	6831.5654296875
78.4000015258789	6534.68994140625
78.4100036621094	6528.02783203125
78.4199981689453	6732.3359375
78.4300003051758	6527.90576171875
78.4400024414063	6156.47607421875
78.4499969482422	6262.8232421875
78.4599990844727	6302.71923828125
78.4700012207031	6306.966796875
78.4800033569336	6741.953125
78.4899978637695	6715.89404296875
78.5	6668.75390625
78.5100021362305	6671.52978515625
78.5199966430664	6997.0703125
78.5299987792969	6838.41357421875
78.5400009155273	6575.1455078125
78.5500030517578	6398.765625
78.5599975585938	6444.2939453125
78.5699996948242	6412.63330078125
78.5800018310547	6230.193359375
78.5899963378906	6543.51953125
78.5999984741211	6888.37255859375
78.6100006103516	6848.96728515625
78.620002746582	7094.1640625
78.629997253418	7146.08740234375
78.6399993896484	6869.71044921875
78.6500015258789	6943.013671875
78.6600036621094	6840.37060546875
78.6699981689453	6578.67138671875
78.6800003051758	6323.80517578125
78.6900024414063	6567.0595703125
78.6999969482422	6606.08349609375
78.7099990844727	6425.83251953125
78.7200012207031	6601.32275390625
78.7300033569336	6477.14111328125
78.7399978637695	6312.97705078125
78.75	6470.8955078125
78.7600021362305	6479.6845703125
78.7699966430664	6297.69384765625
78.7799987792969	6701.8310546875
78.7900009155273	6724.3642578125
78.8000030517578	6380.77001953125
78.8099975585938	6535.818359375
78.8199996948242	6907.37451171875
78.8300018310547	6712.58544921875
78.8399963378906	6571.64111328125
78.8499984741211	6952.390625
78.8600006103516	6660.94384765625
78.870002746582	6233.03076171875
78.879997253418	6413.6142578125
78.8899993896484	6568.3583984375
78.9000015258789	6548.31884765625
78.9100036621094	6836.7041015625
78.9199981689453	6733.373046875
78.9300003051758	6586.6884765625
78.9400024414063	6706.560546875
78.9499969482422	6615.1591796875
78.9599990844727	6456.7919921875
78.9700012207031	6684.56005859375
78.9800033569336	6753.42333984375
78.9899978637695	6896.302734375
79	6605.91259765625
79.0100021362305	6473.267578125
79.0199966430664	6669.4189453125
79.0299987792969	6936.0302734375
79.0400009155273	6946.92578125
79.0500030517578	6509.96630859375
79.0599975585938	6414.6494140625
79.0699996948242	6647.4228515625
79.0800018310547	6547.57861328125
79.0899963378906	6385.42333984375
79.0999984741211	6396.4111328125
79.1100006103516	6555.85791015625
79.120002746582	6384.75
79.129997253418	6283.33349609375
79.1399993896484	6387.63330078125
79.1500015258789	6375.40625
79.1600036621094	6488.9833984375
79.1699981689453	6607.892578125
79.1800003051758	6378.6826171875
79.1900024414063	6486.5263671875
79.1999969482422	6375.10791015625
79.2099990844727	6398.9794921875
79.2200012207031	6380.63330078125
79.2300033569336	6315.3271484375
79.2399978637695	6438.64990234375
79.25	6754.115234375
79.2600021362305	6508.70361328125
79.2699966430664	6107.58203125
79.2799987792969	6057.701171875
79.2900009155273	6348.67822265625
79.3000030517578	6316.734375
79.3099975585938	6319.1787109375
79.3199996948242	6430.68359375
79.3300018310547	6351.43896484375
79.3399963378906	6265.4423828125
79.3499984741211	6169.3896484375
79.3600006103516	6110.30859375
79.370002746582	5996.42138671875
79.379997253418	6053.54736328125
79.3899993896484	6353.0380859375
79.4000015258789	6558.65234375
79.4100036621094	6565.51611328125
79.4199981689453	6435.087890625
79.4300003051758	6417.79638671875
79.4400024414063	6663.0166015625
79.4499969482422	6789.6279296875
79.4599990844727	6696.7060546875
79.4700012207031	6409.05419921875
79.4800033569336	6322.93994140625
79.4899978637695	6677.330078125
79.5	6638.4619140625
79.5100021362305	6469.78369140625
79.5199966430664	6616.62890625
79.5299987792969	6734.357421875
79.5400009155273	6566.8173828125
79.5500030517578	6036.9638671875
79.5599975585938	6004.9609375
79.5699996948242	6426.482421875
79.5800018310547	6526.15966796875
79.5899963378906	6328.53173828125
79.5999984741211	6295.71044921875
79.6100006103516	6476.6044921875
79.620002746582	6481.4765625
79.629997253418	6678.3408203125
79.6399993896484	6543.650390625
79.6500015258789	6364.87353515625
79.6600036621094	6185.05029296875
79.6699981689453	6264.9033203125
79.6800003051758	6276.3369140625
79.6900024414063	6306.978515625
79.6999969482422	6549.7841796875
79.7099990844727	6456.39404296875
79.7200012207031	6298.3564453125
79.7300033569336	6346.3369140625
79.7399978637695	6519.8681640625
79.75	6446.84130859375
79.7600021362305	6553.89453125
79.7699966430664	6656.06787109375
79.7799987792969	6541.6669921875
79.7900009155273	6926.37451171875
79.8000030517578	6769.9267578125
79.8099975585938	6236.7080078125
79.8199996948242	6100.71435546875
79.8300018310547	6275.5068359375
79.8399963378906	6293.28955078125
79.8499984741211	6255.328125
79.8600006103516	6329.3447265625
79.870002746582	6445.986328125
79.879997253418	6698.5615234375
79.8899993896484	6618.81298828125
79.9000015258789	6205.03564453125
79.9100036621094	6163.169921875
79.9199981689453	6239.29345703125
79.9300003051758	6182.14111328125
79.9400024414063	6195.22509765625
79.9499969482422	6352.29833984375
79.9599990844727	6755.63720703125
79.9700012207031	6532.62255859375
79.9800033569336	6293.541015625
79.9899978637695	6334.39599609375
80	6581.07421875
80.0100021362305	6694.6142578125
80.0199966430664	6621.05810546875
80.0299987792969	6493.14306640625
80.0400009155273	6573.9716796875
80.0500030517578	6723.4658203125
80.0599975585938	6755.40380859375
80.0699996948242	6952.66748046875
80.0800018310547	6858.6533203125
80.0899963378906	6631.64208984375
80.0999984741211	6656.654296875
80.1100006103516	6947.38623046875
80.120002746582	6751.9130859375
80.129997253418	6510.099609375
80.1399993896484	6758.7490234375
80.1500015258789	6821.3876953125
80.1600036621094	6592.47998046875
80.1699981689453	6814.2451171875
80.1800003051758	6854.47265625
80.1900024414063	6463.52685546875
80.1999969482422	6356.060546875
80.2099990844727	6607.50341796875
80.2200012207031	6839.919921875
80.2300033569336	6877.59765625
80.2399978637695	6844.271484375
80.25	6967.66064453125
80.2600021362305	6809.52783203125
80.2699966430664	6632.88037109375
80.2799987792969	6644.73193359375
80.2900009155273	6901.4326171875
80.3000030517578	7005.4912109375
80.3099975585938	6776.5595703125
80.3199996948242	6633.16162109375
80.3300018310547	6951.60791015625
80.3399963378906	7027.37841796875
80.3499984741211	6849.44482421875
80.3600006103516	6995.25439453125
80.370002746582	7189.20068359375
80.379997253418	6976.9658203125
80.3899993896484	6682.85888671875
80.4000015258789	6934.17236328125
80.4100036621094	7255.8955078125
80.4199981689453	7400.12353515625
80.4300003051758	7622.51025390625
80.4400024414063	7516.427734375
80.4499969482422	7394.42529296875
80.4599990844727	7450.03564453125
80.4700012207031	7372.19970703125
80.4800033569336	7394.4345703125
80.4899978637695	7477.75732421875
80.5	7355.669921875
80.5100021362305	7216.7412109375
80.5199966430664	7305.3779296875
80.5299987792969	7355.5751953125
80.5400009155273	7372.17529296875
80.5500030517578	7516.34033203125
80.5599975585938	7106.8837890625
80.5699996948242	6944.2021484375
80.5800018310547	7559.12060546875
80.5899963378906	7650.75537109375
80.5999984741211	7937.29052734375
80.6100006103516	8277.1357421875
80.620002746582	7830.271484375
80.629997253418	7478.23193359375
80.6399993896484	7698.54931640625
80.6500015258789	7656.58203125
80.6600036621094	7809.6181640625
80.6699981689453	8441.15234375
80.6800003051758	8435.1396484375
80.6900024414063	8211.7431640625
80.6999969482422	8254.89453125
80.7099990844727	8355.1240234375
80.7200012207031	8251.0810546875
80.7300033569336	8161.298828125
80.7399978637695	8282.1630859375
80.75	8691.3056640625
80.7600021362305	8635.537109375
80.7699966430664	8494.662109375
80.7799987792969	8934.28125
80.7900009155273	9232.63671875
80.8000030517578	9200.71875
80.8099975585938	9485.3056640625
80.8199996948242	9210.646484375
80.8300018310547	9191.955078125
80.8399963378906	9508.55078125
80.8499984741211	9748.3388671875
80.8600006103516	9728.9150390625
80.870002746582	9628.5078125
80.879997253418	9906.9208984375
80.8899993896484	9825.5966796875
80.9000015258789	9765.7236328125
80.9100036621094	9734.298828125
80.9199981689453	9601.4814453125
80.9300003051758	9571.8857421875
80.9400024414063	9988.078125
80.9499969482422	10189.064453125
80.9599990844727	10030.291015625
80.9700012207031	9764.2265625
80.9800033569336	9699.4384765625
80.9899978637695	9662.0654296875
81	9633.3330078125
81.0100021362305	9851.58984375
81.0199966430664	9999.3935546875
81.0299987792969	9940.3291015625
81.0400009155273	9747.3779296875
81.0500030517578	9971.806640625
81.0599975585938	9555.9462890625
81.0699996948242	9271.7802734375
81.0800018310547	9305.1064453125
81.0899963378906	9469.0263671875
81.0999984741211	9626.1533203125
81.1100006103516	9818.9208984375
81.120002746582	10019.5869140625
81.129997253418	9670.357421875
81.1399993896484	9080.623046875
81.1500015258789	9057.09765625
81.1600036621094	9160.8564453125
81.1699981689453	9535.6591796875
81.1800003051758	9440.412109375
81.1900024414063	9283.3330078125
81.1999969482422	9272.4921875
81.2099990844727	9353.3681640625
81.2200012207031	9302.4951171875
81.2300033569336	9087.548828125
81.2399978637695	8794.2998046875
81.25	9083.767578125
81.2600021362305	9538.0126953125
81.2699966430664	9309.7724609375
81.2799987792969	9246.4013671875
81.2900009155273	9154.5556640625
81.3000030517578	9153.095703125
81.3099975585938	8854.404296875
81.3199996948242	8547.91015625
81.3300018310547	8321.44921875
81.3399963378906	8244.1220703125
81.3499984741211	8185.29150390625
81.3600006103516	8322.4951171875
81.370002746582	8352.00390625
81.379997253418	8230.4794921875
81.3899993896484	8054.0986328125
81.4000015258789	8004.86474609375
81.4100036621094	8005.90478515625
81.4199981689453	8290.470703125
81.4300003051758	8385.4736328125
81.4400024414063	8070.48486328125
81.4499969482422	7669.49072265625
81.4599990844727	7715.9638671875
81.4700012207031	7945.53662109375
81.4800033569336	7801.958984375
81.4899978637695	7511.62841796875
81.5	7684.86083984375
81.5100021362305	7811.88525390625
81.5199966430664	7703.5185546875
81.5299987792969	7574.9853515625
81.5400009155273	7458.345703125
81.5500030517578	7609.423828125
81.5599975585938	7641.732421875
81.5699996948242	7653.50537109375
81.5800018310547	7608.4521484375
81.5899963378906	7363.49072265625
81.5999984741211	7388.9658203125
81.6100006103516	7317.06494140625
81.620002746582	7201.287109375
81.629997253418	7161.97705078125
81.6399993896484	6968.53515625
81.6500015258789	6877.33740234375
81.6600036621094	7086.00146484375
81.6699981689453	7008.0673828125
81.6800003051758	6942.63623046875
81.6900024414063	6870.76904296875
81.6999969482422	6550.38037109375
81.7099990844727	6559.71435546875
81.7200012207031	6479.69921875
81.7300033569336	6670.61279296875
81.7399978637695	6982.2392578125
81.75	6949.71142578125
81.7600021362305	6713.27783203125
81.7699966430664	6648.54052734375
81.7799987792969	6656.0458984375
81.7900009155273	6798.6376953125
81.8000030517578	6904.5595703125
81.8099975585938	6842.4013671875
81.8199996948242	6524.2578125
81.8300018310547	6568.09765625
81.8399963378906	6683.33349609375
81.8499984741211	6365.5146484375
81.8600006103516	6395.1357421875
81.870002746582	6326.11376953125
81.879997253418	6301.326171875
81.8899993896484	6275.94970703125
81.9000015258789	6518.85107421875
81.9100036621094	6736.18798828125
81.9199981689453	6513.0576171875
81.9300003051758	6599.05712890625
81.9400024414063	6490.46826171875
81.9499969482422	6518.88818359375
81.9599990844727	6437.28857421875
81.9700012207031	6333.33349609375
81.9800033569336	6354.42138671875
81.9899978637695	6577.46826171875
82	6552.49267578125
82.0100021362305	6340.2783203125
82.0199966430664	6529.8798828125
82.0299987792969	6441.26611328125
82.0400009155273	6163.2294921875
82.0500030517578	6461.943359375
82.0599975585938	6336.4013671875
82.0699996948242	6311.990234375
82.0800018310547	6322.1181640625
82.0899963378906	6235.162109375
82.0999984741211	6153.6806640625
82.1100006103516	6211.11083984375
82.120002746582	6256.1767578125
82.129997253418	6291.9443359375
82.1399993896484	6379.5595703125
82.1500015258789	6238.53564453125
82.1600036621094	6070.48681640625
82.1699981689453	6064.7451171875
82.1800003051758	6198.466796875
82.1900024414063	6214.3525390625
82.1999969482422	6172.87451171875
82.2099990844727	6271.21728515625
82.2200012207031	6333.33349609375
82.2300033569336	6427.359375
82.2399978637695	6399.78564453125
82.25	6256.0439453125
82.2600021362305	6471.328125
82.2699966430664	6685.4921875
82.2799987792969	6247.40966796875
82.2900009155273	5914.54638671875
82.3000030517578	5945.8544921875
82.3099975585938	6139.57763671875
82.3199996948242	6004.26025390625
82.3300018310547	5991.56884765625
82.3399963378906	6066.66650390625
82.3499984741211	6170.67431640625
82.3600006103516	6378.8896484375
82.370002746582	6300.37890625
82.379997253418	6179.2216796875
82.3899993896484	6363.9853515625
82.4000015258789	6618.29052734375
82.4100036621094	6513.20654296875
82.4199981689453	6140.66162109375
82.4300003051758	6252.94384765625
82.4400024414063	6364.837890625
82.4499969482422	6053.56298828125
82.4599990844727	6100.8505859375
82.4700012207031	6502.5390625
82.4800033569336	6697.71728515625
82.4899978637695	6695.97412109375
82.5	6476.48583984375
82.5100021362305	6598.12353515625
82.5199966430664	6729.3310546875
82.5299987792969	6696.00537109375
82.5400009155273	6714.3134765625
82.5500030517578	6557.84423828125
82.5599975585938	6233.30126953125
82.5699996948242	6326.931640625
82.5800018310547	6497.60009765625
82.5899963378906	6362.0576171875
82.5999984741211	6555.16064453125
82.6100006103516	6620.03955078125
82.620002746582	6550
82.629997253418	6580.875
82.6399993896484	6435.396484375
82.6500015258789	6230.4951171875
82.6600036621094	6423.66455078125
82.6699981689453	6377.8134765625
82.6800003051758	6424.62548828125
82.6900024414063	6471.72412109375
82.6999969482422	6412.8046875
82.7099990844727	6112.7099609375
82.7200012207031	6158.97509765625
82.7300033569336	6382.02001953125
82.7399978637695	6494.8251953125
82.75	6021.0986328125
82.7600021362305	5986.74169921875
82.7699966430664	6228.087890625
82.7799987792969	6123.4052734375
82.7900009155273	6043.5625
82.8000030517578	6019.32470703125
82.8099975585938	5928.45166015625
82.8199996948242	6026.375
82.8300018310547	5983.89306640625
82.8399963378906	5879.5810546875
82.8499984741211	5968.7216796875
82.8600006103516	6278.1708984375
82.870002746582	6341.5546875
82.879997253418	6191.58984375
82.8899993896484	5949.9169921875
82.9000015258789	5812.96142578125
82.9100036621094	6034.1845703125
82.9199981689453	6122.26513671875
82.9300003051758	6062.9853515625
82.9400024414063	5785.57568359375
82.9499969482422	5718.3291015625
82.9599990844727	5834.14501953125
82.9700012207031	5754.9248046875
82.9800033569336	6018.4296875
82.9899978637695	6050.6240234375
83	5913.0400390625
83.0100021362305	5940.57080078125
83.0199966430664	6301.244140625
83.0299987792969	6465.99267578125
83.0400009155273	6139.5390625
83.0500030517578	6091.77685546875
83.0599975585938	6294.68603515625
83.0699996948242	6154.1669921875
83.0800018310547	6178.50830078125
83.0899963378906	6232.77734375
83.0999984741211	6018.0703125
83.1100006103516	5778.7607421875
83.120002746582	5861.58935546875
83.129997253418	6087.8115234375
83.1399993896484	5974.92919921875
83.1500015258789	6041.66259765625
83.1600036621094	6267.50244140625
83.1699981689453	6141.8203125
83.1800003051758	6036.81787109375
83.1900024414063	6050
83.1999969482422	6160.74560546875
83.2099990844727	6213.20556640625
83.2200012207031	6260.359375
83.2300033569336	6179.32861328125
83.2399978637695	6100
83.25	6381.345703125
83.2600021362305	6486.31396484375
83.2699966430664	6383.13232421875
83.2799987792969	6209.4931640625
83.2900009155273	6287.21533203125
83.3000030517578	6440.11328125
83.3099975585938	6456.64208984375
83.3199996948242	6399.89794921875
83.3300018310547	6446.79833984375
83.3399963378906	6439.9248046875
83.3499984741211	6279.8974609375
83.3600006103516	6159.9814453125
83.370002746582	6203.337890625
83.379997253418	6279.990234375
83.3899993896484	6150.10888671875
83.4000015258789	6239.787109375
83.4100036621094	6236.86376953125
83.4199981689453	6339.63671875
83.4300003051758	6486.62060546875
83.4400024414063	6450.13525390625
83.4499969482422	6316.9765625
83.4599990844727	6479.19580078125
83.4700012207031	6673.177734375
83.4800033569336	6670.12841796875
83.4899978637695	6540.51513671875
83.5	6675.60009765625
83.5100021362305	6548.14501953125
83.5199966430664	6138.01708984375
83.5299987792969	6033.02001953125
83.5400009155273	6156.06689453125
83.5500030517578	6147.1611328125
83.5599975585938	6169.47802734375
83.5699996948242	6236.509765625
83.5800018310547	6061.5673828125
83.5899963378906	6022.55517578125
83.5999984741211	6638.26953125
83.6100006103516	6808.64892578125
83.620002746582	6369.6171875
83.629997253418	6087.4853515625
83.6399993896484	6270.7822265625
83.6500015258789	6215.7587890625
83.6600036621094	5997.46630859375
83.6699981689453	6048.81787109375
83.6800003051758	6274.7119140625
83.6900024414063	6412.955078125
83.6999969482422	6314.89453125
83.7099990844727	6233.33349609375
83.7200012207031	6479.88232421875
83.7300033569336	6482.4140625
83.7399978637695	6189.29443359375
83.75	6273.517578125
83.7600021362305	6436.35888671875
83.7699966430664	6666.5263671875
83.7799987792969	6895.37158203125
83.7900009155273	6645.14111328125
83.8000030517578	6688.91845703125
83.8099975585938	6905.9716796875
83.8199996948242	6707.421875
83.8300018310547	6569.63671875
83.8399963378906	6269.27587890625
83.8499984741211	6108.86181640625
83.8600006103516	6306.9013671875
83.870002746582	6308.8408203125
83.879997253418	6301.921875
83.8899993896484	6350
83.9000015258789	6379.37109375
83.9100036621094	6400
83.9199981689453	6556.51953125
83.9300003051758	6529.767578125
83.9400024414063	6306.2646484375
83.9499969482422	6294.8310546875
83.9599990844727	6389.06640625
83.9700012207031	6338.56591796875
83.9800033569336	6224.78173828125
83.9899978637695	6358.91650390625
84	6532.08642578125
84.0100021362305	6839.5732421875
84.0199966430664	6984.6201171875
84.0299987792969	6803.91943359375
84.0400009155273	6709.73486328125
84.0500030517578	6648.55126953125
84.0599975585938	6668.08740234375
84.0699996948242	6570.8251953125
84.0800018310547	6515.2607421875
84.0899963378906	6666.57763671875
84.0999984741211	6895.66259765625
84.1100006103516	7135.89599609375
84.120002746582	7398.28173828125
84.129997253418	7380.88232421875
84.1399993896484	7040.9609375
84.1500015258789	6934.5029296875
84.1600036621094	6847.71630859375
84.1699981689453	7050.1708984375
84.1800003051758	7315.0615234375
84.1900024414063	7253.25048828125
84.1999969482422	6854.52001953125
84.2099990844727	6723.00341796875
84.2200012207031	7041.5751953125
84.2300033569336	6975.19140625
84.2399978637695	6809.6552734375
84.25	6835.96875
84.2600021362305	6695.64697265625
84.2699966430664	6843.6962890625
84.2799987792969	7197.19775390625
84.2900009155273	7615.3544921875
84.3000030517578	7496.24462890625
84.3099975585938	7182.6103515625
84.3199996948242	7239.1875
84.3300018310547	7537.90673828125
84.3399963378906	7921.1484375
84.3499984741211	8006.44384765625
84.3600006103516	7815.49951171875
84.370002746582	7841.5078125
84.379997253418	7808.5439453125
84.3899993896484	7822.2138671875
84.4000015258789	8015.09423828125
84.4100036621094	8119.17431640625
84.4199981689453	7912.91943359375
84.4300003051758	7788.31689453125
84.4400024414063	7989.02099609375
84.4499969482422	8107.09521484375
84.4599990844727	8214.806640625
84.4700012207031	8376.505859375
84.4800033569336	8356.859375
84.4899978637695	8233.11328125
84.5	8364.8076171875
84.5100021362305	8423.6220703125
84.5199966430664	8366.6669921875
84.5299987792969	8404.82421875
84.5400009155273	8652.6455078125
84.5500030517578	8816.6669921875
84.5599975585938	8911.939453125
84.5699996948242	9259.509765625
84.5800018310547	9333.3955078125
84.5899963378906	9518.7939453125
84.5999984741211	9799.9130859375
84.6100006103516	9754.9267578125
84.620002746582	9607.306640625
84.629997253418	9417.0087890625
84.6399993896484	9867.3984375
84.6500015258789	10207.40234375
84.6600036621094	9884.353515625
84.6699981689453	9787.650390625
84.6800003051758	10179.486328125
84.6900024414063	10492.4697265625
84.6999969482422	10559.4716796875
84.7099990844727	10566.6669921875
84.7200012207031	10689.69140625
84.7300033569336	10963.0625
84.7399978637695	10863.6142578125
84.75	10390.3388671875
84.7600021362305	10128.876953125
84.7699966430664	10166.103515625
84.7799987792969	10433.7734375
84.7900009155273	10864.1923828125
84.8000030517578	11094.9609375
84.8099975585938	11201.513671875
84.8199996948242	11313.7841796875
84.8300018310547	11086.255859375
84.8399963378906	10958.6572265625
84.8499984741211	11139.015625
84.8600006103516	11270.962890625
84.870002746582	11488.0693359375
84.879997253418	11605.134765625
84.8899993896484	11555.146484375
84.9000015258789	11242.1982421875
84.9100036621094	11119.9287109375
84.9199981689453	11265.6845703125
84.9300003051758	11194.7333984375
84.9400024414063	10959.3681640625
84.9499969482422	10737.5419921875
84.9599990844727	10874.8193359375
84.9700012207031	11040.63671875
84.9800033569336	10977.1767578125
84.9899978637695	10942.6884765625
85	10903.2421875
85.0100021362305	11006.87890625
85.0199966430664	11154.041015625
85.0299987792969	11015.22265625
85.0400009155273	11116.720703125
85.0500030517578	11206.6845703125
85.0599975585938	10881.490234375
85.0699996948242	10524.833984375
85.0800018310547	10632.98828125
85.0899963378906	10714.1962890625
85.0999984741211	10493.66015625
85.1100006103516	10318.1806640625
85.120002746582	10275.9697265625
85.129997253418	10292.6328125
85.1399993896484	10058.31640625
85.1500015258789	9606.50390625
85.1600036621094	9511.4501953125
85.1699981689453	9377.1953125
85.1800003051758	9339.193359375
85.1900024414063	9468.55078125
85.1999969482422	9640.94921875
85.2099990844727	9785.2021484375
85.2200012207031	9549.8837890625
85.2300033569336	9405.5576171875
85.2399978637695	9329.677734375
85.25	9196.3271484375
85.2600021362305	9222.15234375
85.2699966430664	8970.873046875
85.2799987792969	8825.7294921875
85.2900009155273	8678.3466796875
85.3000030517578	8352.294921875
85.3099975585938	8270.2431640625
85.3199996948242	8438.353515625
85.3300018310547	8540.7802734375
85.3399963378906	8127.84765625
85.3499984741211	8177.67529296875
85.3600006103516	8630.6552734375
85.370002746582	8400.263671875
85.379997253418	8107.46728515625
85.3899993896484	7989.65283203125
85.4000015258789	7615.06005859375
85.4100036621094	7346.5830078125
85.4199981689453	7436.0537109375
85.4300003051758	7413.998046875
85.4400024414063	7426.7744140625
85.4499969482422	7608.3828125
85.4599990844727	7683.33349609375
85.4700012207031	7445.07861328125
85.4800033569336	7625.54541015625
85.4899978637695	7869.24365234375
85.5	7651.93701171875
85.5100021362305	7461.78076171875
85.5199966430664	7608.68359375
85.5299987792969	7455.91748046875
85.5400009155273	7209.1357421875
85.5500030517578	7152.74462890625
85.5599975585938	7364.703125
85.5699996948242	7592.45703125
85.5800018310547	7609.11962890625
85.5899963378906	7552.8564453125
85.5999984741211	7381.5478515625
85.6100006103516	7246.90234375
85.620002746582	7289.49658203125
85.629997253418	7177.10498046875
85.6399993896484	6996.9501953125
85.6500015258789	7084.859375
85.6600036621094	6901.61279296875
85.6699981689453	6902.8447265625
85.6800003051758	7063.6806640625
85.6900024414063	6697.529296875
85.6999969482422	6697.892578125
85.7099990844727	6724.77392578125
85.7200012207031	6785.6591796875
85.7300033569336	6802.13671875
85.7399978637695	6758.669921875
85.75	6705.17041015625
85.7600021362305	6682.85986328125
85.7699966430664	6450.13134765625
85.7799987792969	6499.72900390625
85.7900009155273	6640.16455078125
85.8000030517578	6560.42919921875
85.8099975585938	6438.88671875
85.8199996948242	6316.66650390625
85.8300018310547	6361.76611328125
85.8399963378906	6481.1435546875
85.8499984741211	6559.01171875
85.8600006103516	6566.66650390625
85.870002746582	6512.64306640625
85.879997253418	6574.66650390625
85.8899993896484	6657.6708984375
85.9000015258789	6587.05615234375
85.9100036621094	6479.4052734375
85.9199981689453	6424.34912109375
85.9300003051758	6461.56689453125
85.9400024414063	6401.26318359375
85.9499969482422	6343.5830078125
85.9599990844727	6483.251953125
85.9700012207031	6547.47705078125
85.9800033569336	6391.22509765625
85.9899978637695	6372.89453125
86	6476.8564453125
86.0100021362305	6500
86.0199966430664	6580.49755859375
86.0299987792969	6533.77734375
86.0400009155273	6352.9072265625
86.0500030517578	6354.791015625
86.0599975585938	6577.37548828125
86.0699996948242	6511.408203125
86.0800018310547	6422.5361328125
86.0899963378906	6562.4140625
86.0999984741211	6491.89404296875
86.1100006103516	6418.966796875
86.120002746582	6316.4345703125
86.129997253418	6395.80859375
86.1399993896484	6504.3916015625
86.1500015258789	6263.25927734375
86.1600036621094	6082.22314453125
86.1699981689453	6244.35595703125
86.1800003051758	6222.39013671875
86.1900024414063	6208.69091796875
86.1999969482422	6226.86279296875
86.2099990844727	6071.25341796875
86.2200012207031	6105.3125
86.2300033569336	6130.169921875
86.2399978637695	6198.46923828125
86.25	6406.23193359375
86.2600021362305	6287.6318359375
86.2699966430664	5914.26123046875
86.2799987792969	6138.99169921875
86.2900009155273	6341.9453125
86.3000030517578	6022.345703125
86.3099975585938	5885.3154296875
86.3199996948242	6181.41162109375
86.3300018310547	6399.02490234375
86.3399963378906	6277.53076171875
86.3499984741211	6156.89453125
86.3600006103516	6150.951171875
86.370002746582	6078.6171875
86.379997253418	6167.21875
86.3899993896484	5999.97412109375
86.4000015258789	5734.2529296875
86.4100036621094	5750
86.4199981689453	5829.06591796875
86.4300003051758	5829.7509765625
86.4400024414063	5863.21533203125
86.4499969482422	6037.73193359375
86.4599990844727	6125.43603515625
86.4700012207031	6159.62890625
86.4800033569336	6279.70751953125
86.4899978637695	6305.365234375
86.5	6083.68603515625
86.5100021362305	5880.8369140625
86.5199966430664	6086.951171875
86.5299987792969	6141.83740234375
86.5400009155273	5922.1708984375
86.5500030517578	5840.4658203125
86.5599975585938	6104.74267578125
86.5699996948242	6366.66650390625
86.5800018310547	6279.4501953125
86.5899963378906	6016.9287109375
86.5999984741211	5850
86.6100006103516	5971.9365234375
86.620002746582	5978.86376953125
86.629997253418	5778.9111328125
86.6399993896484	5752.91650390625
86.6500015258789	5799.27880859375
86.6600036621094	5844.1630859375
86.6699981689453	5926.05810546875
86.6800003051758	6036.8203125
86.6900024414063	6055.919921875
86.6999969482422	6078.0673828125
86.7099990844727	6106.64892578125
86.7200012207031	5962.671875
86.7300033569336	6083.22314453125
86.7399978637695	6266.0166015625
86.75	6215.3828125
86.7600021362305	6183.33349609375
86.7699966430664	6105.51513671875
86.7799987792969	5981.478515625
86.7900009155273	6140.658203125
86.8000030517578	6203.814453125
86.8099975585938	6178.2705078125
86.8199996948242	6206.27978515625
86.8300018310547	6029.28173828125
86.8399963378906	5985.6171875
86.8499984741211	6170.60791015625
86.8600006103516	6283.33349609375
86.870002746582	6154.22900390625
86.879997253418	6033.33349609375
86.8899993896484	6213.91357421875
86.9000015258789	6340.35791015625
86.9100036621094	6162.54150390625
86.9199981689453	6016.15869140625
86.9300003051758	6077.24951171875
86.9400024414063	6227.2138671875
86.9499969482422	6179.94482421875
86.9599990844727	5809.5234375
86.9700012207031	5643.77392578125
86.9800033569336	5690.97607421875
86.9899978637695	5589.63037109375
87	5645.00146484375
87.0100021362305	5758.11474609375
87.0199966430664	5929.50341796875
87.0299987792969	6065.82470703125
87.0400009155273	5802.755859375
87.0500030517578	5472.36572265625
87.0599975585938	5537.3076171875
87.0699996948242	5580.6064453125
87.0800018310547	5586.0048828125
87.0899963378906	5887.44482421875
87.0999984741211	5972.9873046875
87.1100006103516	6036.5556640625
87.120002746582	6327.9765625
87.129997253418	6211.53173828125
87.1399993896484	5754.15283203125
87.1500015258789	5855.87890625
87.1600036621094	6319.85400390625
87.1699981689453	6440.8896484375
87.1800003051758	6179.39404296875
87.1900024414063	5966.66650390625
87.1999969482422	6017.5283203125
87.2099990844727	5948.0439453125
87.2200012207031	5875.67919921875
87.2300033569336	5882.8056640625
87.2399978637695	5756.92578125
87.25	5607.46533203125
87.2600021362305	5558.45361328125
87.2699966430664	5701.85888671875
87.2799987792969	5816.4423828125
87.2900009155273	5724.02490234375
87.3000030517578	5666.87548828125
87.3099975585938	5776.10546875
87.3199996948242	5841.376953125
87.3300018310547	5656.5732421875
87.3399963378906	5702.12939453125
87.3499984741211	5908.41796875
87.3600006103516	5748.38232421875
87.370002746582	5734.71875
87.379997253418	5866.5205078125
87.3899993896484	5749.17041015625
87.4000015258789	5725.5869140625
87.4100036621094	5875.5517578125
87.4199981689453	6084.25146484375
87.4300003051758	6183.11962890625
87.4400024414063	6007.49072265625
87.4499969482422	5740.98193359375
87.4599990844727	5558.041015625
87.4700012207031	5742.76416015625
87.4800033569336	6150.6787109375
87.4899978637695	6258.123046875
87.5	6183.28125
87.5100021362305	5899.28955078125
87.5199966430664	5641.68505859375
87.5299987792969	5741.8251953125
87.5400009155273	5866.70849609375
87.5500030517578	5941.69970703125
87.5599975585938	6000.00537109375
87.5699996948242	5883.35302734375
87.5800018310547	5675.0458984375
87.5899963378906	5641.62158203125
87.5999984741211	5791.49853515625
87.6100006103516	5875.05029296875
87.620002746582	5908.1884765625
87.629997253418	5933.431640625
87.6399993896484	5816.95166015625
87.6500015258789	5708.4306640625
87.6600036621094	5716.521484375
87.6699981689453	5808.0517578125
87.6800003051758	5908.11279296875
87.6900024414063	5875.43212890625
87.6999969482422	5924.2216796875
87.7099990844727	6016.8896484375
87.7200012207031	5834.4072265625
87.7300033569336	5542.7470703125
87.7399978637695	5400
87.75	5507.40625
87.7600021362305	5748.79638671875
87.7699966430664	5932.85888671875
87.7799987792969	5991.58349609375
87.7900009155273	5851.5634765625
87.8000030517578	5815.39599609375
87.8099975585938	6098.107421875
87.8199996948242	6085.5009765625
87.8300018310547	5891.76904296875
87.8399963378906	5776.3818359375
87.8499984741211	5691.3359375
87.8600006103516	5831.73681640625
87.870002746582	5884.27685546875
87.879997253418	5619.58984375
87.8899993896484	5244.3056640625
87.9000015258789	5288.1689453125
87.9100036621094	5541.2666015625
87.9199981689453	5755.17529296875
87.9300003051758	5818.92529296875
87.9400024414063	5675.14501953125
87.9499969482422	5830.35498046875
87.9599990844727	5910.01416015625
87.9700012207031	5677.6630859375
87.9800033569336	5525.16064453125
87.9899978637695	5614.69384765625
88	5732.99658203125
88.0100021362305	5815.28955078125
88.0199966430664	5581.51171875
88.0299987792969	5609.11279296875
88.0400009155273	5966.66650390625
88.0500030517578	5868.91748046875
88.0599975585938	5750.3828125
88.0699996948242	5847.265625
88.0800018310547	5893.458984375
88.0899963378906	5832.92724609375
88.0999984741211	6053.16162109375
88.1100006103516	6087.96923828125
88.120002746582	5737.625
88.129997253418	5574.78173828125
88.1399993896484	5721.22119140625
88.1500015258789	5850.4521484375
88.1600036621094	5736.09326171875
88.1699981689453	5665.7314453125
88.1800003051758	5732.38232421875
88.1900024414063	5742.39111328125
88.1999969482422	5554.90771484375
88.2099990844727	5585.435546875
88.2200012207031	5880.80224609375
88.2300033569336	5740.52734375
88.2399978637695	5346.62158203125
88.25	5288.2265625
88.2600021362305	5537.10302734375
88.2699966430664	5699.45556640625
88.2799987792969	5684.43798828125
88.2900009155273	5561.4130859375
88.3000030517578	5611.55810546875
88.3099975585938	5887.35205078125
88.3199996948242	5968.41552734375
88.3300018310547	5956.85693359375
88.3399963378906	5686.6669921875
88.3499984741211	5317.87841796875
88.3600006103516	5363.5986328125
88.370002746582	5482.0908203125
88.379997253418	5588.83642578125
88.3899993896484	5746.81689453125
88.4000015258789	5833.33349609375
88.4100036621094	5905.39990234375
88.4199981689453	5775.24072265625
88.4300003051758	5757.9931640625
88.4400024414063	5967.34130859375
88.4499969482422	5862.0869140625
88.4599990844727	5670.80712890625
88.4700012207031	5758.2939453125
88.4800033569336	5886.8603515625
88.4899978637695	5608.55615234375
88.5	5567.43310546875
88.5100021362305	5829.69189453125
88.5199966430664	5821.08203125
88.5299987792969	5589.28125
88.5400009155273	5593.23974609375
88.5500030517578	5606.82861328125
88.5599975585938	5338.69775390625
88.5699996948242	5216.66650390625
88.5800018310547	5256.37939453125
88.5899963378906	5323.81640625
88.5999984741211	5326.1953125
88.6100006103516	5490.34765625
88.620002746582	5779.2734375
88.629997253418	5858.7431640625
88.6399993896484	5652.00634765625
88.6500015258789	5631.232421875
88.6600036621094	5913.29736328125
88.6699981689453	6030.78369140625
88.6800003051758	6004.28759765625
88.6900024414063	5877.16259765625
88.6999969482422	5975.4794921875
88.7099990844727	6038.61474609375
88.7200012207031	5830.7705078125
88.7300033569336	5495.86865234375
88.7399978637695	5486.4560546875
88.75	5647.5849609375
88.7600021362305	5454.59033203125
88.7699966430664	5374.537109375
88.7799987792969	5359.73291015625
88.7900009155273	5577.08544921875
88.8000030517578	5944.310546875
88.8099975585938	5932.16845703125
88.8199996948242	5768.59326171875
88.8300018310547	5898.13916015625
88.8399963378906	5879.38623046875
88.8499984741211	5783.2861328125
88.8600006103516	5862.80419921875
88.870002746582	5822.49755859375
88.879997253418	5764.888671875
88.8899993896484	5610.87353515625
88.9000015258789	5762.205078125
88.9100036621094	6006.78662109375
88.9199981689453	5900.4951171875
88.9300003051758	5609.4150390625
88.9400024414063	5606.13037109375
88.9499969482422	5783.33349609375
88.9599990844727	5845.7255859375
88.9700012207031	5854.3046875
88.9800033569336	5549.587890625
88.9899978637695	5431.30078125
89	5763.46435546875
89.0100021362305	6012.2421875
89.0199966430664	6060.00390625
89.0299987792969	5955.60546875
89.0400009155273	5820.05224609375
89.0500030517578	5898.67724609375
89.0599975585938	5832.67529296875
89.0699996948242	5707.458984375
89.0800018310547	6036.09912109375
89.0899963378906	6195.7470703125
89.0999984741211	5823.466796875
89.1100006103516	5698.95458984375
89.120002746582	6191.10400390625
89.129997253418	6194.72900390625
89.1399993896484	5652.58349609375
89.1500015258789	5544.41162109375
89.1600036621094	5703.65380859375
89.1699981689453	5665.44140625
89.1800003051758	5567.580078125
89.1900024414063	5402.48046875
89.1999969482422	5382.08544921875
89.2099990844727	5654.2900390625
89.2200012207031	6027.0205078125
89.2300033569336	6070.4765625
89.2399978637695	5855.0791015625
89.25	5674.357421875
89.2600021362305	5775.580078125
89.2699966430664	5944.8017578125
89.2799987792969	5985.947265625
89.2900009155273	5857.88623046875
89.3000030517578	5765.3447265625
89.3099975585938	5721.9833984375
89.3199996948242	5910.61181640625
89.3300018310547	5979.1640625
89.3399963378906	5654.0537109375
89.3499984741211	5607.65380859375
89.3600006103516	5570.7646484375
89.370002746582	5661.95263671875
89.379997253418	5917.40576171875
89.3899993896484	6108.337890625
89.4000015258789	5979.96337890625
89.4100036621094	5577.88916015625
89.4199981689453	5547.7568359375
89.4300003051758	5698.58251953125
89.4400024414063	5648.07861328125
89.4499969482422	5589.5185546875
89.4599990844727	5616.66650390625
89.4700012207031	5525.34765625
89.4800033569336	5454.69775390625
89.4899978637695	5522.8076171875
89.5	5869.15478515625
89.5100021362305	6022.14208984375
89.5199966430664	5575.39306640625
89.5299987792969	5548.77734375
89.5400009155273	5948.68994140625
89.5500030517578	6196.9892578125
89.5599975585938	6028.75439453125
89.5699996948242	5859.06689453125
89.5800018310547	5851.59375
89.5899963378906	5778.72998046875
89.5999984741211	5719.89697265625
89.6100006103516	5575.7744140625
89.620002746582	5483.56005859375
89.629997253418	5519.2607421875
89.6399993896484	5758.8125
89.6500015258789	5782.1015625
89.6600036621094	5692.45947265625
89.6699981689453	5841.61083984375
89.6800003051758	6025.7998046875
89.6900024414063	6016.66650390625
89.6999969482422	5994.08837890625
89.7099990844727	6011.8017578125
89.7200012207031	6021.55322265625
89.7300033569336	6154.54931640625
89.7399978637695	6240.611328125
89.75	5886.47265625
89.7600021362305	5756.72021484375
89.7699966430664	5979.1796875
89.7799987792969	6161.650390625
89.7900009155273	6209.1728515625
89.8000030517578	5997.76806640625
89.8099975585938	5809.8916015625
89.8199996948242	5995.576171875
89.8300018310547	6103.416015625
89.8399963378906	5954.53125
89.8499984741211	5794.25048828125
89.8600006103516	5848.8203125
89.870002746582	5957.46484375
89.879997253418	5974.1279296875
89.8899993896484	5953.50244140625
89.9000015258789	5961.3916015625
89.9100036621094	6098.62353515625
89.9199981689453	6214.89404296875
89.9300003051758	6121.68115234375
89.9400024414063	5923.81396484375
89.9499969482422	6095.39892578125
89.9599990844727	6132.42041015625
89.9700012207031	5866.86279296875
89.9800033569336	5898.0205078125
89.9899978637695	5833.33349609375
90	5833.33349609375
