M28/1	
θ/2θ, °	Intensity, cps
3	102536.90625
3.00999999046326	101900.6328125
3.01999998092651	101608.171875
3.02999997138977	100120.1640625
3.03999996185303	99938.4765625
3.04999995231628	99157.859375
3.05999994277954	98029.9609375
3.0699999332428	97791.1328125
3.07999992370605	97041.15625
3.08999991416931	97999.578125
3.09999990463257	98106.578125
3.10999989509583	96735.8203125
3.11999988555908	97719.859375
3.13000011444092	98082.84375
3.14000010490417	94845.2734375
3.15000009536743	92042.6328125
3.16000008583069	93879.7109375
3.17000007629395	95783.296875
3.1800000667572	95650.9765625
3.19000005722046	96914.171875
3.20000004768372	95331.6640625
3.21000003814697	95633.078125
3.22000002861023	94771.7421875
3.23000001907349	92046.8828125
3.24000000953674	91778.0859375
3.25	89698.484375
3.25999999046326	92599.1953125
3.26999998092651	91301.296875
3.27999997138977	91451.53125
3.28999996185303	90278.5703125
3.29999995231628	89879.03125
3.30999994277954	90582.3671875
3.3199999332428	89527.78125
3.32999992370605	88365.375
3.33999991416931	88220.171875
3.34999990463257	88206.421875
3.35999989509583	88337.1796875
3.36999988555908	88801.9140625
3.38000011444092	89199.3046875
3.39000010490417	88327.9140625
3.40000009536743	86545.3125
3.41000008583069	87146.546875
3.42000007629395	88018.9765625
3.4300000667572	89238.6796875
3.44000005722046	88763.65625
3.45000004768372	85397.8515625
3.46000003814697	85143.640625
3.47000002861023	85407.875
3.48000001907349	82631.46875
3.49000000953674	82575.5
3.5	82021.3828125
3.50999999046326	82019.28125
3.51999998092651	82806.3671875
3.52999997138977	83118.4375
3.53999996185303	82474.484375
3.54999995231628	83241.53125
3.55999994277954	83519.953125
3.5699999332428	83301.1875
3.57999992370605	81966.5234375
3.58999991416931	80568.421875
3.59999990463257	79766.921875
3.60999989509583	81059.0546875
3.61999988555908	80142.890625
3.63000011444092	80526.1640625
3.64000010490417	80562.3515625
3.65000009536743	80338.25
3.66000008583069	81831.234375
3.67000007629395	80820.9609375
3.6800000667572	80140.03125
3.69000005722046	78608.1953125
3.70000004768372	79727.1796875
3.71000003814697	78863.328125
3.72000002861023	77632.5390625
3.73000001907349	78276.0625
3.74000000953674	77744.3359375
3.75	78911.1328125
3.75999999046326	77607.7265625
3.76999998092651	75027.28125
3.77999997138977	75259.9296875
3.78999996185303	77089.9296875
3.79999995231628	77012.078125
3.80999994277954	76630.0390625
3.8199999332428	76731.421875
3.82999992370605	77510.765625
3.83999991416931	77223.9375
3.84999990463257	75592.0625
3.85999989509583	74591.5703125
3.86999988555908	73110.9375
3.88000011444092	74288.4609375
3.89000010490417	74071.2890625
3.90000009536743	74979.8671875
3.91000008583069	74648.0234375
3.92000007629395	74378.453125
3.9300000667572	74731.4140625
3.94000005722046	74113.421875
3.95000004768372	72166.34375
3.96000003814697	71801.375
3.97000002861023	71726.4375
3.98000001907349	72678.3125
3.99000000953674	73082.6796875
4	72098.796875
4.01000022888184	72540.890625
4.01999998092651	73020.4921875
4.03000020980835	72788.609375
4.03999996185303	72580.234375
4.05000019073486	72250.0859375
4.05999994277954	73136.9765625
4.07000017166138	70674.1328125
4.07999992370605	68058.21875
4.09000015258789	68540.546875
4.09999990463257	71208.8203125
4.1100001335144	72138
4.11999988555908	70556.609375
4.13000011444092	70216.1640625
4.1399998664856	69549.8515625
4.15000009536743	68173.65625
4.15999984741211	69044.6875
4.17000007629395	70109.6953125
4.17999982833862	70350.796875
4.19000005722046	69539.6328125
4.19999980926514	69880.3828125
4.21000003814697	69475.2265625
4.21999979019165	67736.921875
4.23000001907349	67525.5703125
4.23999977111816	68775.2421875
4.25	68424.4609375
4.26000022888184	68297.46875
4.26999998092651	69125.53125
4.28000020980835	68303.9609375
4.28999996185303	67479.6796875
4.30000019073486	66987.296875
4.30999994277954	67624.4453125
4.32000017166138	68015.8359375
4.32999992370605	65886.765625
4.34000015258789	66505.796875
4.34999990463257	66225.21875
4.3600001335144	67131.1171875
4.36999988555908	66519.828125
4.38000011444092	67525.4765625
4.3899998664856	66334.7890625
4.40000009536743	65614.1015625
4.40999984741211	64796.796875
4.42000007629395	64629.109375
4.42999982833862	64691.69140625
4.44000005722046	63964.44921875
4.44999980926514	64802.01171875
4.46000003814697	64505.203125
4.46999979019165	63622.73046875
4.48000001907349	65369.8984375
4.48999977111816	64813.89453125
4.5	65395.83203125
4.51000022888184	65465.9296875
4.51999998092651	63148.87109375
4.53000020980835	62940.125
4.53999996185303	63842.57421875
4.55000019073486	63279.94921875
4.55999994277954	65071.39453125
4.57000017166138	64897.40234375
4.57999992370605	64315.3984375
4.59000015258789	62813.52734375
4.59999990463257	63147.50390625
4.6100001335144	62979.4140625
4.61999988555908	64949.375
4.63000011444092	64971.05859375
4.6399998664856	62997.14453125
4.65000009536743	61767.98046875
4.65999984741211	62259.55859375
4.67000007629395	62353.71484375
4.67999982833862	60996.78515625
4.69000005722046	62149.0859375
4.69999980926514	63340.9609375
4.71000003814697	63165.671875
4.71999979019165	63384.26171875
4.73000001907349	62105.6015625
4.73999977111816	62088.17578125
4.75	61924.47265625
4.76000022888184	63245.25390625
4.76999998092651	62540.52734375
4.78000020980835	62371.359375
4.78999996185303	60972.15234375
4.80000019073486	62148.59765625
4.80999994277954	61871.140625
4.82000017166138	60752.33984375
4.82999992370605	60918.81640625
4.84000015258789	61552.86328125
4.84999990463257	61367.5234375
4.8600001335144	60316.9140625
4.86999988555908	60636.12890625
4.88000011444092	61237.35546875
4.8899998664856	62250.11328125
4.90000009536743	61556.52734375
4.90999984741211	60805.53125
4.92000007629395	58808.3359375
4.92999982833862	59333.58203125
4.94000005722046	60379.0234375
4.94999980926514	60580.8515625
4.96000003814697	60079.62890625
4.96999979019165	58619.78515625
4.98000001907349	58570.42578125
4.98999977111816	59650.4921875
5	58994.60546875
5.01000022888184	57030.7734375
5.01999998092651	57786.3359375
5.03000020980835	58398.5078125
5.03999996185303	60276.2109375
5.05000019073486	60839.171875
5.05999994277954	59755.4375
5.07000017166138	59136.84375
5.07999992370605	59347.171875
5.09000015258789	59020.63671875
5.09999990463257	58508.5859375
5.1100001335144	59856.45703125
5.11999988555908	58633.1484375
5.13000011444092	59278.453125
5.1399998664856	58859.58203125
5.15000009536743	58732.87890625
5.15999984741211	57253.21875
5.17000007629395	58602.15234375
5.17999982833862	58509.1171875
5.19000005722046	58546.31640625
5.19999980926514	58333.60546875
5.21000003814697	56896.43359375
5.21999979019165	58034.23828125
5.23000001907349	58313.52734375
5.23999977111816	57110.69140625
5.25	56485.5546875
5.26000022888184	56766.53515625
5.26999998092651	57041.48046875
5.28000020980835	57095.04296875
5.28999996185303	57110.46875
5.30000019073486	57530.2421875
5.30999994277954	57665.3671875
5.32000017166138	57272.13671875
5.32999992370605	57046.51171875
5.34000015258789	57532.08203125
5.34999990463257	57445.98046875
5.3600001335144	57033.5078125
5.36999988555908	56451.37890625
5.38000011444092	57888.96484375
5.3899998664856	57233.27734375
5.40000009536743	57051.48046875
5.40999984741211	57163.1171875
5.42000007629395	56201.40625
5.42999982833862	56967.1796875
5.44000005722046	58051.91015625
5.44999980926514	57817.953125
5.46000003814697	56233.55859375
5.46999979019165	55948.28515625
5.48000001907349	55902.2109375
5.48999977111816	55425.3828125
5.5	56240.75390625
5.51000022888184	56494.32421875
5.51999998092651	57804.6328125
5.53000020980835	56906.55859375
5.53999996185303	56389.4140625
5.55000019073486	55946.7265625
5.55999994277954	55836.484375
5.57000017166138	56630.69140625
5.57999992370605	55509.84375
5.59000015258789	55657.02734375
5.59999990463257	55234.55078125
5.6100001335144	55412.15625
5.61999988555908	54777.02734375
5.63000011444092	54435.6796875
5.6399998664856	53868.84375
5.65000009536743	54534.37109375
5.65999984741211	54802.4296875
5.67000007629395	54366.109375
5.67999982833862	54542.19140625
5.69000005722046	53628.265625
5.69999980926514	54404.21484375
5.71000003814697	54611.58984375
5.71999979019165	54062.69140625
5.73000001907349	54096.10546875
5.73999977111816	53067.453125
5.75	52798.12109375
5.76000022888184	52568.4375
5.76999998092651	53502.02734375
5.78000020980835	53398.6328125
5.78999996185303	53835.96484375
5.80000019073486	53941.4765625
5.80999994277954	53668.0703125
5.82000017166138	53117.6796875
5.82999992370605	51706.9765625
5.84000015258789	51060.78125
5.84999990463257	52069.1953125
5.8600001335144	53589.76953125
5.86999988555908	54825.84375
5.88000011444092	52442.0703125
5.8899998664856	50653.875
5.90000009536743	52821.78515625
5.90999984741211	52133.0625
5.92000007629395	51777.8671875
5.92999982833862	51816.15625
5.94000005722046	51680.07421875
5.94999980926514	52303.79296875
5.96000003814697	51216.28515625
5.96999979019165	51374.61328125
5.98000001907349	52560.84375
5.98999977111816	51654.125
6	51502.38671875
6.01000022888184	52836.58984375
6.01999998092651	53352.51171875
6.03000020980835	51230.7421875
6.03999996185303	50573.00390625
6.05000019073486	49600.546875
6.05999994277954	48743.4375
6.07000017166138	50248.62109375
6.07999992370605	51376.953125
6.09000015258789	51493.92578125
6.09999990463257	50707.609375
6.1100001335144	50918.7734375
6.11999988555908	50078.53515625
6.13000011444092	49887.01953125
6.1399998664856	50464.0078125
6.15000009536743	49510.56640625
6.15999984741211	48609.53125
6.17000007629395	49231.54296875
6.17999982833862	48596.84375
6.19000005722046	48587.8046875
6.19999980926514	47615.42578125
6.21000003814697	50307.58203125
6.21999979019165	49738.50390625
6.23000001907349	48999.83203125
6.23999977111816	48019.8046875
6.25	48243.76171875
6.26000022888184	47828.21875
6.26999998092651	48795.24609375
6.28000020980835	49125.00390625
6.28999996185303	48276.46875
6.30000019073486	47940.65625
6.30999994277954	47792.54296875
6.32000017166138	48184.9609375
6.32999992370605	48251.23046875
6.34000015258789	47776.8515625
6.34999990463257	48084.9921875
6.3600001335144	48479.71484375
6.36999988555908	47840.9765625
6.38000011444092	47446.41796875
6.3899998664856	46846.68359375
6.40000009536743	47460.90234375
6.40999984741211	47603.7265625
6.42000007629395	47911.34375
6.42999982833862	47040.2734375
6.44000005722046	46807.19921875
6.44999980926514	46939.37890625
6.46000003814697	46692.96875
6.46999979019165	47144.40625
6.48000001907349	46117.76953125
6.48999977111816	46038.99609375
6.5	45690.83984375
6.51000022888184	47007.0625
6.51999998092651	48395.265625
6.53000020980835	46755.73046875
6.53999996185303	45160.42578125
6.55000019073486	46879.08984375
6.55999994277954	47301.5234375
6.57000017166138	46040.4921875
6.57999992370605	44308.90234375
6.59000015258789	45667.171875
6.59999990463257	46735.7734375
6.6100001335144	46570.7890625
6.61999988555908	46047.734375
6.63000011444092	45175.48046875
6.6399998664856	45201.578125
6.65000009536743	44942.43359375
6.65999984741211	45284.90625
6.67000007629395	45491.578125
6.67999982833862	45877.7890625
6.69000005722046	45151.62890625
6.69999980926514	45677.859375
6.71000003814697	45658.09765625
6.71999979019165	44965.203125
6.73000001907349	44354.51953125
6.73999977111816	44971.46875
6.75	45366.14453125
6.76000022888184	44726.82421875
6.76999998092651	44842.0390625
6.78000020980835	44511.87109375
6.78999996185303	43646.66015625
6.80000019073486	43284.92578125
6.80999994277954	44393.46484375
6.82000017166138	44749.796875
6.82999992370605	43504.50390625
6.84000015258789	44615.53515625
6.84999990463257	44775.66015625
6.8600001335144	44569.68359375
6.86999988555908	45325.80078125
6.88000011444092	43411.76953125
6.8899998664856	42467.74609375
6.90000009536743	42296.87890625
6.90999984741211	41543.33203125
6.92000007629395	44152.32421875
6.92999982833862	44880.28125
6.94000005722046	44415.875
6.94999980926514	43631.28515625
6.96000003814697	43675.48828125
6.96999979019165	44431.46484375
6.98000001907349	43723.32421875
6.98999977111816	43482.359375
7	42782.953125
7.01000022888184	42342.1796875
7.01999998092651	44122.4375
7.03000020980835	44487.703125
7.03999996185303	44467.76953125
7.05000019073486	42996.9921875
7.05999994277954	42187.15234375
7.07000017166138	42827.87890625
7.07999992370605	42416.328125
7.09000015258789	43031.43359375
7.09999990463257	43494.984375
7.1100001335144	43378.90234375
7.11999988555908	42981.81640625
7.13000011444092	42370.28515625
7.1399998664856	41707.51953125
7.15000009536743	43363.90234375
7.15999984741211	43183.9375
7.17000007629395	42172.39453125
7.17999982833862	41848.93359375
7.19000005722046	41991.56640625
7.19999980926514	42278.46484375
7.21000003814697	41910.37890625
7.21999979019165	40789.4296875
7.23000001907349	41964.34375
7.23999977111816	42591.86328125
7.25	41840.50390625
7.26000022888184	40960.8984375
7.26999998092651	41867.59375
7.28000020980835	42708.8046875
7.28999996185303	41466.71875
7.30000019073486	39944.51953125
7.30999994277954	40074.9375
7.32000017166138	40726.22265625
7.32999992370605	41493.140625
7.34000015258789	40526.6015625
7.34999990463257	40433.7265625
7.3600001335144	41293.54296875
7.36999988555908	40717.4921875
7.38000011444092	40458.02734375
7.3899998664856	40466.99609375
7.40000009536743	40508.18359375
7.40999984741211	41067.90625
7.42000007629395	41827.27734375
7.42999982833862	40520.33203125
7.44000005722046	40488.93359375
7.44999980926514	40556.34765625
7.46000003814697	40448.80859375
7.46999979019165	40820.484375
7.48000001907349	40538.859375
7.48999977111816	39200.25390625
7.5	39280.89453125
7.51000022888184	39881.140625
7.51999998092651	41108.109375
7.53000020980835	40792.9765625
7.53999996185303	41026.6953125
7.55000019073486	41170.703125
7.55999994277954	40726.09765625
7.57000017166138	40343.55078125
7.57999992370605	39954.90625
7.59000015258789	38956.69140625
7.59999990463257	39621.77734375
7.6100001335144	40257.46484375
7.61999988555908	40096.078125
7.63000011444092	39194.6015625
7.6399998664856	39208.6953125
7.65000009536743	39786.72265625
7.65999984741211	40178.44140625
7.67000007629395	40041.30859375
7.67999982833862	39243.38671875
7.69000005722046	39193.46875
7.69999980926514	39384.2265625
7.71000003814697	39329.01171875
7.71999979019165	37872.5234375
7.73000001907349	38569.3203125
7.73999977111816	39864.80078125
7.75	39752.91796875
7.76000022888184	38939.9140625
7.76999998092651	38669.51171875
7.78000020980835	38619.69921875
7.78999996185303	39068.75
7.80000019073486	38800.8671875
7.80999994277954	39684.32421875
7.82000017166138	39577.37890625
7.82999992370605	38141.4453125
7.84000015258789	38580.09765625
7.84999990463257	38080.2890625
7.8600001335144	37537.30859375
7.86999988555908	38684.26953125
7.88000011444092	37918.87890625
7.8899998664856	39058.36328125
7.90000009536743	38824.10546875
7.90999984741211	38597.90234375
7.92000007629395	37399.98046875
7.92999982833862	37864.78125
7.94000005722046	37493.7421875
7.94999980926514	37481.37890625
7.96000003814697	38284.078125
7.96999979019165	38536.4140625
7.98000001907349	38492.2578125
7.98999977111816	38175.5078125
8	37491.69921875
8.01000022888184	36421.671875
8.02000045776367	37160.6875
8.02999973297119	37014.20703125
8.03999996185303	37099.21875
8.05000019073486	37112.625
8.0600004196167	37067.76953125
8.06999969482422	37928.96875
8.07999992370605	37712.453125
8.09000015258789	38358.3515625
8.10000038146973	38007.19921875
8.10999965667725	37821.8046875
8.11999988555908	37341.71484375
8.13000011444092	36855.70703125
8.14000034332275	37489.5859375
8.14999961853027	36270.48828125
8.15999984741211	36658.8671875
8.17000007629395	37071.62890625
8.18000030517578	36428.24609375
8.1899995803833	37252.75390625
8.19999980926514	36993.8359375
8.21000003814697	36702.49609375
8.22000026702881	36485.3046875
8.22999954223633	36692.3984375
8.23999977111816	36308.70703125
8.25	34902.390625
8.26000022888184	36345.18359375
8.27000045776367	37517.94140625
8.27999973297119	37840.390625
8.28999996185303	37100.03515625
8.30000019073486	37391.140625
8.3100004196167	37269.51953125
8.31999969482422	37167.328125
8.32999992370605	36653.265625
8.34000015258789	37488.03515625
8.35000038146973	37389.91015625
8.35999965667725	37144.96484375
8.36999988555908	36468.015625
8.38000011444092	36878.72265625
8.39000034332275	36766.8515625
8.39999961853027	35495.3125
8.40999984741211	36637.49609375
8.42000007629395	37269.12890625
8.43000030517578	36583.54296875
8.4399995803833	36420.62890625
8.44999980926514	35758.4765625
8.46000003814697	35949.33984375
8.47000026702881	36567.55859375
8.47999954223633	35526.47265625
8.48999977111816	36059.71875
8.5	35371.2734375
8.51000022888184	34738.30078125
8.52000045776367	34927.9375
8.52999973297119	35835.43359375
8.53999996185303	35275.07421875
8.55000019073486	35546.8125
8.5600004196167	36883.82421875
8.56999969482422	36335.07421875
8.57999992370605	35813.3203125
8.59000015258789	34924.484375
8.60000038146973	35739.62890625
8.60999965667725	36247.0859375
8.61999988555908	34756
8.63000011444092	34505.015625
8.64000034332275	36066.96484375
8.64999961853027	37412.9765625
8.65999984741211	36102.87890625
8.67000007629395	34827.703125
8.68000030517578	36022.9921875
8.6899995803833	35431.98828125
8.69999980926514	34879.1796875
8.71000003814697	34589.71875
8.72000026702881	34785.24609375
8.72999954223633	35012.83203125
8.73999977111816	35306.3671875
8.75	34708.34375
8.76000022888184	34179.546875
8.77000045776367	34140.75
8.77999973297119	34417.72265625
8.78999996185303	35373.328125
8.80000019073486	34881.5859375
8.8100004196167	34194.91796875
8.81999969482422	34632.59375
8.82999992370605	35369.671875
8.84000015258789	34605.83203125
8.85000038146973	34536.35546875
8.85999965667725	34353.95703125
8.86999988555908	35016.40625
8.88000011444092	35376.00390625
8.89000034332275	35025.7734375
8.89999961853027	35376.69921875
8.90999984741211	34858.33203125
8.92000007629395	35882.35546875
8.93000030517578	35810.953125
8.9399995803833	34528.421875
8.94999980926514	33949.1796875
8.96000003814697	34477.828125
8.97000026702881	33938.12109375
8.97999954223633	33278.06640625
8.98999977111816	33948.296875
9	34961.83203125
9.01000022888184	34542.5078125
9.02000045776367	34915.7265625
9.02999973297119	34936.859375
9.03999996185303	34993.9296875
9.05000019073486	34213.1796875
9.0600004196167	32741.759765625
9.06999969482422	33942.08203125
9.07999992370605	34619.109375
9.09000015258789	33676.65234375
9.10000038146973	34300.45703125
9.10999965667725	33908.375
9.11999988555908	34598.15234375
9.13000011444092	34148.57421875
9.14000034332275	35104.91015625
9.14999961853027	34979.35546875
9.15999984741211	34505.86328125
9.17000007629395	33780.72265625
9.18000030517578	33963.26171875
9.1899995803833	34248.1015625
9.19999980926514	33741.59375
9.21000003814697	34209.8671875
9.22000026702881	33358.29296875
9.22999954223633	33568.9765625
9.23999977111816	33557.93359375
9.25	33339.2578125
9.26000022888184	33191.86328125
9.27000045776367	34120.5078125
9.27999973297119	34455.109375
9.28999996185303	34030.42578125
9.30000019073486	34554.48046875
9.3100004196167	34145.90234375
9.31999969482422	33638.16015625
9.32999992370605	33698.625
9.34000015258789	33592.4609375
9.35000038146973	34165.703125
9.35999965667725	33338.70703125
9.36999988555908	33264.94921875
9.38000011444092	34120.1171875
9.39000034332275	34008.3828125
9.39999961853027	32294.419921875
9.40999984741211	32289.23046875
9.42000007629395	33366.3359375
9.43000030517578	33417.9765625
9.4399995803833	33766.62109375
9.44999980926514	33639.66015625
9.46000003814697	33989.0234375
9.47000026702881	33547.64453125
9.47999954223633	33663.84765625
9.48999977111816	33486.390625
9.5	33068.1875
9.51000022888184	33383.140625
9.52000045776367	34020.171875
9.52999973297119	33417.59765625
9.53999996185303	32504.20703125
9.55000019073486	32468.875
9.5600004196167	32962.15234375
9.56999969482422	32706.728515625
9.57999992370605	32712.802734375
9.59000015258789	32945.25390625
9.60000038146973	32682.384765625
9.60999965667725	32088.1015625
9.61999988555908	31834.56640625
9.63000011444092	32409.04296875
9.64000034332275	32725.15625
9.64999961853027	31950.9375
9.65999984741211	32697.759765625
9.67000007629395	32933.1875
9.68000030517578	32863.94140625
9.6899995803833	32351.306640625
9.69999980926514	32434.55078125
9.71000003814697	33341.35546875
9.72000026702881	32893.94921875
9.72999954223633	31916.5546875
9.73999977111816	31837.384765625
9.75	31930.19921875
9.76000022888184	31997.8671875
9.77000045776367	32087.974609375
9.77999973297119	31340.869140625
9.78999996185303	30653.767578125
9.80000019073486	31233.734375
9.8100004196167	31662.53125
9.81999969482422	31986.16015625
9.82999992370605	32409.53515625
9.84000015258789	32193.806640625
9.85000038146973	31218.359375
9.85999965667725	31345.2265625
9.86999988555908	31865.3359375
9.88000011444092	32069.943359375
9.89000034332275	32077.865234375
9.89999961853027	31915.447265625
9.90999984741211	32057.03515625
9.92000007629395	31943.236328125
9.93000030517578	31954.583984375
9.9399995803833	32618.91796875
9.94999980926514	32297.04296875
9.96000003814697	31686.091796875
9.97000026702881	32172.423828125
9.97999954223633	32012.1015625
9.98999977111816	32009.669921875
10	31499.345703125
10.0100002288818	31927.64453125
10.0200004577637	33172.0703125
10.0299997329712	32326.72265625
10.039999961853	31567.56640625
10.0500001907349	31817.40625
10.0600004196167	31864.77734375
10.0699996948242	32127.9453125
10.0799999237061	31440.97265625
10.0900001525879	31809.66015625
10.1000003814697	32326.2109375
10.1099996566772	31457.548828125
10.1199998855591	31445.6640625
10.1300001144409	31587.263671875
10.1400003433228	31583.326171875
10.1499996185303	31400.97265625
10.1599998474121	31098.236328125
10.1700000762939	31417.5078125
10.1800003051758	31725.546875
10.1899995803833	31524.62890625
10.1999998092651	31693.53515625
10.210000038147	31905.15625
10.2200002670288	31393.75
10.2299995422363	31245.314453125
10.2399997711182	30930.072265625
10.25	31143.9375
10.2600002288818	31344.904296875
10.2700004577637	31929.958984375
10.2799997329712	31308.5234375
10.289999961853	30839.357421875
10.3000001907349	30623.87109375
10.3100004196167	31004.8984375
10.3199996948242	30896.478515625
10.3299999237061	30762.24609375
10.3400001525879	30778.6640625
10.3500003814697	30715.208984375
10.3599996566772	30903.515625
10.3699998855591	31219.26953125
10.3800001144409	31031.583984375
10.3900003433228	30428.900390625
10.3999996185303	30607.30078125
10.4099998474121	31630.646484375
10.4200000762939	31270.21484375
10.4300003051758	30667
10.4399995803833	31075.962890625
10.4499998092651	30473.7109375
10.460000038147	30439.94921875
10.4700002670288	30102.185546875
10.4799995422363	30465.275390625
10.4899997711182	31468.318359375
10.5	31475.865234375
10.5100002288818	30936.400390625
10.5200004577637	30505.5078125
10.5299997329712	31370.79296875
10.539999961853	31029.23828125
10.5500001907349	30346.75
10.5600004196167	30635.52734375
10.5699996948242	30115.89453125
10.5799999237061	30463.052734375
10.5900001525879	30594.841796875
10.6000003814697	31213.515625
10.6099996566772	31420.166015625
10.6199998855591	30467.158203125
10.6300001144409	30255.498046875
10.6400003433228	30637.6171875
10.6499996185303	30946.4375
10.6599998474121	30686.83203125
10.6700000762939	30426.2890625
10.6800003051758	30083.94921875
10.6899995803833	30067.791015625
10.6999998092651	30111.07421875
10.710000038147	30332.34765625
10.7200002670288	29711.3046875
10.7299995422363	29936.478515625
10.7399997711182	30019.044921875
10.75	29549.62890625
10.7600002288818	29247.419921875
10.7700004577637	29965.310546875
10.7799997329712	30187.03125
10.789999961853	30427.919921875
10.8000001907349	30458.80078125
10.8100004196167	30225.7109375
10.8199996948242	29752.09375
10.8299999237061	30022.21875
10.8400001525879	30190.07421875
10.8500003814697	30128.287109375
10.8599996566772	30039.86328125
10.8699998855591	29965.908203125
10.8800001144409	30155.97265625
10.8900003433228	30266.1015625
10.8999996185303	29978.3125
10.9099998474121	30129.908203125
10.9200000762939	29856.181640625
10.9300003051758	29816.97265625
10.9399995803833	29671.416015625
10.9499998092651	30097.6171875
10.960000038147	30022.896484375
10.9700002670288	29796.998046875
10.9799995422363	29854.8125
10.9899997711182	29881.078125
11	29603.66796875
11.0100002288818	30293.23046875
11.0200004577637	30285.923828125
11.0299997329712	29667.56640625
11.039999961853	29540.908203125
11.0500001907349	30000.15234375
11.0600004196167	30268.6015625
11.0699996948242	29277.68359375
11.0799999237061	29438.203125
11.0900001525879	29508.58984375
11.1000003814697	29252.3203125
11.1099996566772	28639.52734375
11.1199998855591	28738.822265625
11.1300001144409	29441.33984375
11.1400003433228	30068.607421875
11.1499996185303	29552.3828125
11.1599998474121	29485.49609375
11.1700000762939	30111.6015625
11.1800003051758	29931.783203125
11.1899995803833	29901.998046875
11.1999998092651	29762.1640625
11.210000038147	29017.984375
11.2200002670288	28948.123046875
11.2299995422363	29773.611328125
11.2399997711182	29055.341796875
11.25	29357.8359375
11.2600002288818	29719.384765625
11.2700004577637	29060.294921875
11.2799997329712	29102.16796875
11.289999961853	29958.853515625
11.3000001907349	29878.642578125
11.3100004196167	28925.283203125
11.3199996948242	29359.705078125
11.3299999237061	29223.333984375
11.3400001525879	29122.443359375
11.3500003814697	29161.458984375
11.3599996566772	29079.111328125
11.3699998855591	29231.23046875
11.3800001144409	29473.4140625
11.3900003433228	29882.328125
11.3999996185303	29556.21484375
11.4099998474121	29183.521484375
11.4200000762939	29206.427734375
11.4300003051758	29479.330078125
11.4399995803833	29653.595703125
11.4499998092651	28756.24609375
11.460000038147	29326.80859375
11.4700002670288	29835.52734375
11.4799995422363	29185.259765625
11.4899997711182	28511.81640625
11.5	28617.97265625
11.5100002288818	29055.76953125
11.5200004577637	29195.927734375
11.5299997329712	29065.732421875
11.539999961853	29104.470703125
11.5500001907349	28518.525390625
11.5600004196167	28245.912109375
11.5699996948242	29126.669921875
11.5799999237061	29571.9453125
11.5900001525879	28807.634765625
11.6000003814697	28281.4140625
11.6099996566772	28640.263671875
11.6199998855591	28930.390625
11.6300001144409	28743.63671875
11.6400003433228	28632.125
11.6499996185303	28666.876953125
11.6599998474121	28566.85546875
11.6700000762939	28185.62890625
11.6800003051758	28820.26171875
11.6899995803833	29203.845703125
11.6999998092651	28633.41796875
11.710000038147	29305.47265625
11.7200002670288	28828.1875
11.7299995422363	28575.767578125
11.7399997711182	28897.203125
11.75	28535.08203125
11.7600002288818	28292.1484375
11.7700004577637	28446.77734375
11.7799997329712	28829.580078125
11.789999961853	28347.34375
11.8000001907349	28157.921875
11.8100004196167	28234.5859375
11.8199996948242	28484.154296875
11.8299999237061	28251.759765625
11.8400001525879	28088.556640625
11.8500003814697	28647.875
11.8599996566772	28532.498046875
11.8699998855591	28424.478515625
11.8800001144409	28749.43359375
11.8900003433228	28449.63671875
11.8999996185303	28192.015625
11.9099998474121	28868.515625
11.9200000762939	28794.1171875
11.9300003051758	28289.935546875
11.9399995803833	28360.056640625
11.9499998092651	28756.71484375
11.960000038147	28453.4765625
11.9700002670288	28056.30078125
11.9799995422363	28858.23046875
11.9899997711182	28971.79296875
12	28479.546875
12.0100002288818	27837.783203125
12.0200004577637	26942.1875
12.0299997329712	26777.560546875
12.039999961853	27413.4609375
12.0500001907349	27616.068359375
12.0600004196167	27435.326171875
12.0699996948242	27415.29296875
12.0799999237061	27828.109375
12.0900001525879	28224.427734375
12.1000003814697	28046.982421875
12.1099996566772	27868.197265625
12.1199998855591	27593.794921875
12.1300001144409	27695.05859375
12.1400003433228	27722.380859375
12.1499996185303	28199.52734375
12.1599998474121	28305.375
12.1700000762939	28337.607421875
12.1800003051758	28545.767578125
12.1899995803833	28423.962890625
12.1999998092651	28257.2265625
12.210000038147	27912.68359375
12.2200002670288	28069.29296875
12.2299995422363	28037.525390625
12.2399997711182	27679.236328125
12.25	27756.99609375
12.2600002288818	28082.09765625
12.2700004577637	27846.2578125
12.2799997329712	27801.095703125
12.289999961853	27864.568359375
12.3000001907349	27630.65234375
12.3100004196167	27653.69921875
12.3199996948242	27614.43359375
12.3299999237061	27707.802734375
12.3400001525879	28003.88671875
12.3500003814697	28184.552734375
12.3599996566772	28093.669921875
12.3699998855591	27843.5
12.3800001144409	28071.86328125
12.3900003433228	27905.611328125
12.3999996185303	27900.509765625
12.4099998474121	27650.60546875
12.4200000762939	27690.26171875
12.4300003051758	28024.1328125
12.4399995803833	28013.283203125
12.4499998092651	28023.080078125
12.460000038147	28021.84375
12.4700002670288	27612.041015625
12.4799995422363	27586.6875
12.4899997711182	27424.75390625
12.5	27509.693359375
12.5100002288818	27574.1328125
12.5200004577637	27462.671875
12.5299997329712	27438.326171875
12.539999961853	27822.572265625
12.5500001907349	27966.763671875
12.5600004196167	28022.26171875
12.5699996948242	28218.33984375
12.5799999237061	28202.89453125
12.5900001525879	27939.560546875
12.6000003814697	27735.142578125
12.6099996566772	27692.466796875
12.6199998855591	27768.076171875
12.6300001144409	27712.642578125
12.6400003433228	27342.380859375
12.6499996185303	27252.466796875
12.6599998474121	27329.9609375
12.6700000762939	27399.818359375
12.6800003051758	27726.3671875
12.6899995803833	28123.97265625
12.6999998092651	27927.822265625
12.710000038147	27619.73828125
12.7200002670288	28009.0234375
12.7299995422363	28531.35546875
12.7399997711182	28062.21484375
12.75	27567.15625
12.7600002288818	27265.123046875
12.7700004577637	26890.701171875
12.7799997329712	27092.41015625
12.789999961853	27333.521484375
12.8000001907349	27324.42578125
12.8100004196167	26968.814453125
12.8199996948242	26795.048828125
12.8299999237061	26453.029296875
12.8400001525879	25845.9609375
12.8500003814697	25905.15234375
12.8599996566772	26316.890625
12.8699998855591	26222.912109375
12.8800001144409	25941.244140625
12.8900003433228	26061.255859375
12.8999996185303	26362.69921875
12.9099998474121	26010.830078125
12.9200000762939	25494.302734375
12.9300003051758	25455.373046875
12.9399995803833	25813.2421875
12.9499998092651	25892.408203125
12.960000038147	25861.279296875
12.9700002670288	25801.025390625
12.9799995422363	26202.587890625
12.9899997711182	26614.21484375
13	26474.009765625
13.0100002288818	25969.986328125
13.0200004577637	25865.95703125
13.0299997329712	26414.875
13.039999961853	26415.916015625
13.0500001907349	26086.29296875
13.0600004196167	25804.509765625
13.0699996948242	25907.93359375
13.0799999237061	26087.685546875
13.0900001525879	25741.138671875
13.1000003814697	25589.716796875
13.1099996566772	25842.595703125
13.1199998855591	25925.73046875
13.1300001144409	25703.04296875
13.1400003433228	25418.974609375
13.1499996185303	25561.4140625
13.1599998474121	25552.572265625
13.1700000762939	25459.8515625
13.1800003051758	25193.861328125
13.1899995803833	24814.6328125
13.1999998092651	25106.3984375
13.210000038147	25430.404296875
13.2200002670288	25321.25390625
13.2299995422363	24849.6015625
13.2399997711182	24548.53515625
13.25	24638.087890625
13.2600002288818	24956.34765625
13.2700004577637	25283.244140625
13.2799997329712	25475.873046875
13.289999961853	25490.86328125
13.3000001907349	25349.4609375
13.3100004196167	25237.287109375
13.3199996948242	24991.8046875
13.3299999237061	25128.2265625
13.3400001525879	25613.6796875
13.3500003814697	25543.28125
13.3599996566772	25337.955078125
13.3699998855591	24960.826171875
13.3800001144409	24511.958984375
13.3900003433228	24791.107421875
13.3999996185303	24945.560546875
13.4099998474121	24960.42578125
13.4200000762939	25207.6875
13.4300003051758	24977.404296875
13.4399995803833	24641.640625
13.4499998092651	24786.357421875
13.460000038147	25022.41796875
13.4700002670288	24692.064453125
13.4799995422363	24233.859375
13.4899997711182	24272.697265625
13.5	24634.615234375
13.5100002288818	24889.65625
13.5200004577637	24911.591796875
13.5299997329712	24893.908203125
13.539999961853	24750.3671875
13.5500001907349	24621.197265625
13.5600004196167	24546.634765625
13.5699996948242	24341.19140625
13.5799999237061	24322.099609375
13.5900001525879	25014.58203125
13.6000003814697	25491.525390625
13.6099996566772	24768.06640625
13.6199998855591	23967.947265625
13.6300001144409	24077.521484375
13.6400003433228	24417.16796875
13.6499996185303	24535.384765625
13.6599998474121	24906.447265625
13.6700000762939	24715.443359375
13.6800003051758	24083.48046875
13.6899995803833	24297.859375
13.6999998092651	24430.947265625
13.710000038147	24075.919921875
13.7200002670288	23961.6015625
13.7299995422363	24127.81640625
13.7399997711182	24056.08984375
13.75	23716.53125
13.7600002288818	23493.41796875
13.7700004577637	23206.46875
13.7799997329712	22942.1796875
13.789999961853	23223.427734375
13.8000001907349	23983.05859375
13.8100004196167	24324.396484375
13.8199996948242	23675.314453125
13.8299999237061	23465.95703125
13.8400001525879	23698.3203125
13.8500003814697	23405.3046875
13.8599996566772	23611.837890625
13.8699998855591	23915.375
13.8800001144409	23951.37109375
13.8900003433228	23795.439453125
13.8999996185303	23820.486328125
13.9099998474121	24045.435546875
13.9200000762939	23775.4921875
13.9300003051758	23283.123046875
13.9399995803833	23213.501953125
13.9499998092651	23444.693359375
13.960000038147	24077.36328125
13.9700002670288	24249.89453125
13.9799995422363	24295.169921875
13.9899997711182	24000.33984375
14	23257.51953125
14.0100002288818	23220.37890625
14.0200004577637	23357.4921875
14.0299997329712	23542.88671875
14.039999961853	23722.87890625
14.0500001907349	23320.87890625
14.0600004196167	23279.23046875
14.0699996948242	23513.544921875
14.0799999237061	23261.5390625
14.0900001525879	23130.10546875
14.1000003814697	23304.322265625
14.1099996566772	23232.6875
14.1199998855591	23213.01953125
14.1300001144409	23328.619140625
14.1400003433228	23481.041015625
14.1499996185303	23549.619140625
14.1599998474121	23278.11328125
14.1700000762939	23000.283203125
14.1800003051758	23249.0625
14.1899995803833	23251.87109375
14.1999998092651	23198.712890625
14.210000038147	23570.076171875
14.2200002670288	23542.822265625
14.2299995422363	22821.8125
14.2399997711182	22774.498046875
14.25	22987.205078125
14.2600002288818	22953.814453125
14.2700004577637	23038.8828125
14.2799997329712	23048.095703125
14.289999961853	23009.46484375
14.3000001907349	22833.62109375
14.3100004196167	22699.23828125
14.3199996948242	23328.45703125
14.3299999237061	23308.625
14.3400001525879	23311.4453125
14.3500003814697	22964.66796875
14.3599996566772	22571.189453125
14.3699998855591	22581.513671875
14.3800001144409	22561.962890625
14.3900003433228	22442.392578125
14.3999996185303	22509.189453125
14.4099998474121	22654.375
14.4200000762939	22638.447265625
14.4300003051758	22673.74609375
14.4399995803833	22339.283203125
14.4499998092651	22092.59375
14.460000038147	22340.1015625
14.4700002670288	22274.47265625
14.4799995422363	22106.7734375
14.4899997711182	22491.529296875
14.5	22149.83203125
14.5100002288818	21782.01953125
14.5200004577637	21860.412109375
14.5299997329712	22222.86328125
14.539999961853	22229.896484375
14.5500001907349	22007.861328125
14.5600004196167	22258.052734375
14.5699996948242	22318.435546875
14.5799999237061	22097.244140625
14.5900001525879	22367.41796875
14.6000003814697	22544.900390625
14.6099996566772	22178.615234375
14.6199998855591	21849.10546875
14.6300001144409	21894.830078125
14.6400003433228	21988.111328125
14.6499996185303	21794.3046875
14.6599998474121	21512.484375
14.6700000762939	21520.66015625
14.6800003051758	21298.9765625
14.6899995803833	21952.185546875
14.6999998092651	22622.0390625
14.710000038147	22275.546875
14.7200002670288	22016.291015625
14.7299995422363	21968.962890625
14.7399997711182	21795.3984375
14.75	21908.8828125
14.7600002288818	21767.67578125
14.7700004577637	21836.2109375
14.7799997329712	21722.9765625
14.789999961853	21423.9296875
14.8000001907349	21364.9921875
14.8100004196167	21457.705078125
14.8199996948242	21649.75
14.8299999237061	21946.115234375
14.8400001525879	21830.3671875
14.8500003814697	21810.685546875
14.8599996566772	21943.435546875
14.8699998855591	21881.779296875
14.8800001144409	21272.064453125
14.8900003433228	21032.201171875
14.8999996185303	21569.12109375
14.9099998474121	21477.7421875
14.9200000762939	21562.04296875
14.9300003051758	21881.462890625
14.9399995803833	21626.9765625
14.9499998092651	21573.2265625
14.960000038147	21778.66796875
14.9700002670288	21713
14.9799995422363	21627.41015625
14.9899997711182	21565.154296875
15	21124.421875
15.0100002288818	20833.974609375
15.0200004577637	20929.12109375
15.0299997329712	21257.703125
15.039999961853	21304.88671875
15.0500001907349	21191.87890625
15.0600004196167	21220.20703125
15.0699996948242	21491.2734375
15.0799999237061	21425.978515625
15.0900001525879	21314.638671875
15.1000003814697	20898.87890625
15.1099996566772	20781.796875
15.1199998855591	20955.0859375
15.1300001144409	20877.908203125
15.1400003433228	21055.83203125
15.1499996185303	21203.474609375
15.1599998474121	21298.46875
15.1700000762939	21274.62890625
15.1800003051758	20996.017578125
15.1899995803833	21270.21875
15.1999998092651	21219.3203125
15.210000038147	20920.84375
15.2200002670288	21186.046875
15.2299995422363	21082.96875
15.2399997711182	20848.939453125
15.25	20600.08984375
15.2600002288818	20091.86328125
15.2700004577637	20572.416015625
15.2799997329712	20610.90625
15.289999961853	20738.55078125
15.3000001907349	20660.23828125
15.3100004196167	20394.484375
15.3199996948242	20512.48046875
15.3299999237061	20179.70703125
15.3400001525879	20326.916015625
15.3500003814697	20857.419921875
15.3599996566772	20838.89453125
15.3699998855591	20568.5625
15.3800001144409	20751.90625
15.3900003433228	20839.919921875
15.3999996185303	20750.474609375
15.4099998474121	20100.17578125
15.4200000762939	20042.759765625
15.4300003051758	20014.775390625
15.4399995803833	20334.119140625
15.4499998092651	20356.8671875
15.460000038147	19945.392578125
15.4700002670288	20038.705078125
15.4799995422363	20720.77734375
15.4899997711182	20619.576171875
15.5	20577.849609375
15.5100002288818	20432.103515625
15.5200004577637	20272.328125
15.5299997329712	19903.19921875
15.539999961853	20315.693359375
15.5500001907349	20565.2109375
15.5600004196167	20370.91015625
15.5699996948242	19927.806640625
15.5799999237061	20107.353515625
15.5900001525879	19877.3359375
15.6000003814697	20399.73046875
15.6099996566772	20217.916015625
15.6199998855591	19609.369140625
15.6300001144409	19713.958984375
15.6400003433228	19960.546875
15.6499996185303	20199.4453125
15.6599998474121	20371.533203125
15.6700000762939	20281.896484375
15.6800003051758	19944.505859375
15.6899995803833	20031.853515625
15.6999998092651	20142.5625
15.710000038147	20288.580078125
15.7200002670288	19857.103515625
15.7299995422363	19872.9609375
15.7399997711182	19755.396484375
15.75	19598.09765625
15.7600002288818	20038.080078125
15.7700004577637	20435.78515625
15.7799997329712	20244.314453125
15.789999961853	19822.56640625
15.8000001907349	19420.76953125
15.8100004196167	19753.642578125
15.8199996948242	19987.63671875
15.8299999237061	20382.328125
15.8400001525879	20319.1484375
15.8500003814697	19730.626953125
15.8599996566772	19801.880859375
15.8699998855591	20059.490234375
15.8800001144409	19738.390625
15.8900003433228	19404.451171875
15.8999996185303	19882.54296875
15.9099998474121	19884.26953125
15.9200000762939	19355.919921875
15.9300003051758	19522.16796875
15.9399995803833	19691.90625
15.9499998092651	19055.779296875
15.960000038147	19047.234375
15.9700002670288	19166.33203125
15.9799995422363	19208.203125
15.9899997711182	19043.93359375
16	19343.681640625
16.0100002288818	19315.759765625
16.0200004577637	19676.677734375
16.0300006866455	19567.240234375
16.0400009155273	19479.666015625
16.0499992370605	19183.783203125
16.0599994659424	19080.298828125
16.0699996948242	19432.423828125
16.0799999237061	19493.783203125
16.0900001525879	19222.91015625
16.1000003814697	19395.54296875
16.1100006103516	19260.31640625
16.1200008392334	19466.091796875
16.1299991607666	19333.298828125
16.1399993896484	19322.822265625
16.1499996185303	19612.6484375
16.1599998474121	20047.48828125
16.1700000762939	20109.7265625
16.1800003051758	19361.150390625
16.1900005340576	19248.1640625
16.2000007629395	19008.572265625
16.2099990844727	18994.087890625
16.2199993133545	18570.23046875
16.2299995422363	18606.64453125
16.2399997711182	19577.935546875
16.25	19700.568359375
16.2600002288818	19231.26171875
16.2700004577637	18943.572265625
16.2800006866455	18393.21484375
16.2900009155273	18242.23046875
16.2999992370605	18774.57421875
16.3099994659424	19458.58203125
16.3199996948242	19697.544921875
16.3299999237061	19579.072265625
16.3400001525879	18910.26953125
16.3500003814697	18793.474609375
16.3600006103516	18950.712890625
16.3700008392334	19145.076171875
16.3799991607666	18789.052734375
16.3899993896484	18410.908203125
16.3999996185303	18460.576171875
16.4099998474121	18241.06640625
16.4200000762939	18461.330078125
16.4300003051758	18701.25390625
16.4400005340576	18686.197265625
16.4500007629395	18808.318359375
16.4599990844727	18381.072265625
16.4699993133545	18514.001953125
16.4799995422363	18397.71875
16.4899997711182	18657.13671875
16.5	18492.056640625
16.5100002288818	18351.8203125
16.5200004577637	18400.81640625
16.5300006866455	18128.150390625
16.5400009155273	18242.1484375
16.5499992370605	18078.650390625
16.5599994659424	18055.826171875
16.5699996948242	18530.30859375
16.5799999237061	18365.490234375
16.5900001525879	18285.505859375
16.6000003814697	18474.72265625
16.6100006103516	18497.796875
16.6200008392334	18548.83984375
16.6299991607666	18529.455078125
16.6399993896484	18641.515625
16.6499996185303	18646.923828125
16.6599998474121	18296.625
16.6700000762939	17980.462890625
16.6800003051758	18027.482421875
16.6900005340576	18002.59375
16.7000007629395	17895.287109375
16.7099990844727	17983.29296875
16.7199993133545	18108.296875
16.7299995422363	18142.912109375
16.7399997711182	17793.150390625
16.75	17988.96875
16.7600002288818	17982.03125
16.7700004577637	18063.185546875
16.7800006866455	18016.24609375
16.7900009155273	18227.94140625
16.7999992370605	17927.98828125
16.8099994659424	18079.44921875
16.8199996948242	17993.701171875
16.8299999237061	17729.982421875
16.8400001525879	18154.158203125
16.8500003814697	18092.779296875
16.8600006103516	17588.255859375
16.8700008392334	17441.17578125
16.8799991607666	17659.18359375
16.8899993896484	17703.353515625
16.8999996185303	17261.55078125
16.9099998474121	17612.1796875
16.9200000762939	18114.3046875
16.9300003051758	18095.263671875
16.9400005340576	18099.435546875
16.9500007629395	18200.896484375
16.9599990844727	17665.931640625
16.9699993133545	17771.19140625
16.9799995422363	18118.86328125
16.9899997711182	18107.052734375
17	17672.3203125
17.0100002288818	17547.6640625
17.0200004577637	17489.92578125
17.0300006866455	17552.85546875
17.0400009155273	17938.751953125
17.0499992370605	17981.576171875
17.0599994659424	17731.892578125
17.0699996948242	17164.708984375
17.0799999237061	17611.873046875
17.0900001525879	18044.494140625
17.1000003814697	18131.66796875
17.1100006103516	17914.357421875
17.1200008392334	17756.146484375
17.1299991607666	17815.517578125
17.1399993896484	17415.44921875
17.1499996185303	17357.587890625
17.1599998474121	17668.92578125
17.1700000762939	17257.73046875
17.1800003051758	16692.900390625
17.1900005340576	16641.578125
17.2000007629395	17433.314453125
17.2099990844727	17277.2578125
17.2199993133545	17279.40625
17.2299995422363	17307.173828125
17.2399997711182	16670.11328125
17.25	16890.802734375
17.2600002288818	16465.525390625
17.2700004577637	17050.9765625
17.2800006866455	17564.8125
17.2900009155273	17021.673828125
17.2999992370605	16904.40625
17.3099994659424	16803.634765625
17.3199996948242	16686.07421875
17.3299999237061	16819.306640625
17.3400001525879	16928.9609375
17.3500003814697	17375.79296875
17.3600006103516	17736.359375
17.3700008392334	17292.619140625
17.3799991607666	17069.556640625
17.3899993896484	16918.35546875
17.3999996185303	16523.517578125
17.4099998474121	16850.599609375
17.4200000762939	17001.9453125
17.4300003051758	16744.09375
17.4400005340576	16605.732421875
17.4500007629395	16739.9453125
17.4599990844727	16912.64453125
17.4699993133545	17286.64453125
17.4799995422363	17061.44140625
17.4899997711182	16751.017578125
17.5	16642.890625
17.5100002288818	17254.16015625
17.5200004577637	16693.869140625
17.5300006866455	16309.2060546875
17.5400009155273	16927.5546875
17.5499992370605	16907.162109375
17.5599994659424	16473.18359375
17.5699996948242	16623.453125
17.5799999237061	16658.318359375
17.5900001525879	16518.728515625
17.6000003814697	16195.28515625
17.6100006103516	16783.12890625
17.6200008392334	16657.0078125
17.6299991607666	16722.59375
17.6399993896484	16868.2890625
17.6499996185303	17198.98828125
17.6599998474121	16837.51953125
17.6700000762939	16698.0390625
17.6800003051758	16770.8828125
17.6900005340576	17282.798828125
17.7000007629395	16875.671875
17.7099990844727	16647.234375
17.7199993133545	16187.1982421875
17.7299995422363	15983.7861328125
17.7399997711182	16027.8271484375
17.75	16128.5078125
17.7600002288818	16230.2265625
17.7700004577637	16702.634765625
17.7800006866455	16615.501953125
17.7900009155273	16471.123046875
17.7999992370605	16420.0546875
17.8099994659424	16020.4619140625
17.8199996948242	16542.8828125
17.8299999237061	16205.8623046875
17.8400001525879	15678.4130859375
17.8500003814697	16081.8505859375
17.8600006103516	16314.0615234375
17.8700008392334	16801.62890625
17.8799991607666	16545.30859375
17.8899993896484	16496.09765625
17.8999996185303	16819.5
17.9099998474121	16290.2548828125
17.9200000762939	15967.2109375
17.9300003051758	16125.6494140625
17.9400005340576	15828.1103515625
17.9500007629395	16319.5556640625
17.9599990844727	16784.23046875
17.9699993133545	16586.244140625
17.9799995422363	16836.677734375
17.9899997711182	16506.220703125
18	16308.1708984375
18.0100002288818	16525.716796875
18.0200004577637	16204.4638671875
18.0300006866455	16303.7373046875
18.0400009155273	16092.95703125
18.0499992370605	16198.3671875
18.0599994659424	16128.3671875
18.0699996948242	16110.9609375
18.0799999237061	15901.4921875
18.0900001525879	15940.0927734375
18.1000003814697	15899.279296875
18.1100006103516	15655.8828125
18.1200008392334	15877.9755859375
18.1299991607666	15990.0458984375
18.1399993896484	16017.853515625
18.1499996185303	15821.4609375
18.1599998474121	15825.72265625
18.1700000762939	16033.2666015625
18.1800003051758	16570.076171875
18.1900005340576	16514.572265625
18.2000007629395	16413.56640625
18.2099990844727	16313.318359375
18.2199993133545	15957.3330078125
18.2299995422363	15889.36328125
18.2399997711182	16041.5419921875
18.25	16012.9345703125
18.2600002288818	16131.9072265625
18.2700004577637	15950.1708984375
18.2800006866455	15547.146484375
18.2900009155273	15440.9814453125
18.2999992370605	15919.107421875
18.3099994659424	15888.0791015625
18.3199996948242	16260.3828125
18.3299999237061	16368.802734375
18.3400001525879	16411.53515625
18.3500003814697	16208.5595703125
18.3600006103516	15978.369140625
18.3700008392334	15787.2255859375
18.3799991607666	16059.2275390625
18.3899993896484	16090.3408203125
18.3999996185303	16326.25
18.4099998474121	16189.1875
18.4200000762939	15856.1455078125
18.4300003051758	15674.443359375
18.4400005340576	15283.603515625
18.4500007629395	15385.28515625
18.4599990844727	15593.0244140625
18.4699993133545	15369.8115234375
18.4799995422363	15813.728515625
18.4899997711182	15547.7666015625
18.5	15445.1484375
18.5100002288818	15486.849609375
18.5200004577637	15914.7919921875
18.5300006866455	15941.4775390625
18.5400009155273	15653.6005859375
18.5499992370605	15751.59375
18.5599994659424	15881.7578125
18.5699996948242	15684.4609375
18.5799999237061	15303.50390625
18.5900001525879	15380.919921875
18.6000003814697	15681.828125
18.6100006103516	15499.1064453125
18.6200008392334	15451.873046875
18.6299991607666	15461.5576171875
18.6399993896484	15593.458984375
18.6499996185303	16048.1240234375
18.6599998474121	15999.005859375
18.6700000762939	15901.1640625
18.6800003051758	15965.3974609375
18.6900005340576	15233.56640625
18.7000007629395	15173.0712890625
18.7099990844727	15321.1826171875
18.7199993133545	15940.982421875
18.7299995422363	15374.5859375
18.7399997711182	15466.3583984375
18.75	15662.4755859375
18.7600002288818	15354.873046875
18.7700004577637	15266.376953125
18.7800006866455	15222.23828125
18.7900009155273	15384.3701171875
18.7999992370605	15140.7255859375
18.8099994659424	14853.4287109375
18.8199996948242	15040.5380859375
18.8299999237061	15205.6669921875
18.8400001525879	15062.205078125
18.8500003814697	15081.8125
18.8600006103516	14954.6171875
18.8700008392334	14901.361328125
18.8799991607666	15098.515625
18.8899993896484	15032.251953125
18.8999996185303	15118.5859375
18.9099998474121	15188.478515625
18.9200000762939	15209.4443359375
18.9300003051758	15054.333984375
18.9400005340576	15149.1748046875
18.9500007629395	15126.30078125
18.9599990844727	15508.91015625
18.9699993133545	15220.07421875
18.9799995422363	15337.7998046875
18.9899997711182	15119.00390625
19	14790.2333984375
19.0100002288818	15097.017578125
19.0200004577637	15023.951171875
19.0300006866455	14768.5869140625
19.0400009155273	14754.05859375
19.0499992370605	15000.2607421875
19.0599994659424	15083.2919921875
19.0699996948242	14820.1494140625
19.0799999237061	14980.7978515625
19.0900001525879	15287.4580078125
19.1000003814697	15076.8037109375
19.1100006103516	14718.3671875
19.1200008392334	15234.9697265625
19.1299991607666	15225.876953125
19.1399993896484	15037.7216796875
19.1499996185303	14626.6904296875
19.1599998474121	14570.1494140625
19.1700000762939	14840.1044921875
19.1800003051758	14867.9306640625
19.1900005340576	14726.513671875
19.2000007629395	14694.111328125
19.2099990844727	14619.2919921875
19.2199993133545	14522.064453125
19.2299995422363	14543.8203125
19.2399997711182	14685.3623046875
19.25	14634.4423828125
19.2600002288818	14789.55859375
19.2700004577637	14846.6806640625
19.2800006866455	14949.5234375
19.2900009155273	14892.30859375
19.2999992370605	14634.958984375
19.3099994659424	14769.775390625
19.3199996948242	14661.3095703125
19.3299999237061	14657.197265625
19.3400001525879	14695.494140625
19.3500003814697	14938.3828125
19.3600006103516	14617.845703125
19.3700008392334	14739.2333984375
19.3799991607666	14687.9501953125
19.3899993896484	14898.3828125
19.3999996185303	14659.25
19.4099998474121	14741.560546875
19.4200000762939	14782.103515625
19.4300003051758	14512.2080078125
19.4400005340576	14598.1875
19.4500007629395	14805.9970703125
19.4599990844727	14558.068359375
19.4699993133545	14364.6201171875
19.4799995422363	14449.6494140625
19.4899997711182	14625.2607421875
19.5	14657.5244140625
19.5100002288818	14749.095703125
19.5200004577637	14930.1552734375
19.5300006866455	15172.322265625
19.5400009155273	14941.08203125
19.5499992370605	14748.70703125
19.5599994659424	14444.392578125
19.5699996948242	14451.1328125
19.5799999237061	14654.412109375
19.5900001525879	14645.580078125
19.6000003814697	14445.4326171875
19.6100006103516	14620.509765625
19.6200008392334	14734.646484375
19.6299991607666	14345.93359375
19.6399993896484	14237.4384765625
19.6499996185303	14277.013671875
19.6599998474121	14590.396484375
19.6700000762939	14889.2392578125
19.6800003051758	14873.642578125
19.6900005340576	14500.8056640625
19.7000007629395	14522.5810546875
19.7099990844727	14519.2255859375
19.7199993133545	14506.5048828125
19.7299995422363	14581.482421875
19.7399997711182	14246.3525390625
19.75	14174.017578125
19.7600002288818	14040.3837890625
19.7700004577637	14284.2734375
19.7800006866455	14451.8564453125
19.7900009155273	14486.84765625
19.7999992370605	14277.3056640625
19.8099994659424	14721.291015625
19.8199996948242	14461.7578125
19.8299999237061	14053.791015625
19.8400001525879	14065.96484375
19.8500003814697	14141.248046875
19.8600006103516	14308.9130859375
19.8700008392334	14232.3876953125
19.8799991607666	14260.58203125
19.8899993896484	14559.3642578125
19.8999996185303	14652.28125
19.9099998474121	14484.2607421875
19.9200000762939	14198.26953125
19.9300003051758	14254.0458984375
19.9400005340576	14196.0009765625
19.9500007629395	14248.638671875
19.9599990844727	14161.5439453125
19.9699993133545	14173.9716796875
19.9799995422363	14144.388671875
19.9899997711182	14236.3564453125
20	13967.5517578125
20.0100002288818	13972.7021484375
20.0200004577637	13889.22265625
20.0300006866455	14194.7705078125
20.0400009155273	14622.623046875
20.0499992370605	14594.283203125
20.0599994659424	14517.0458984375
20.0699996948242	14464.130859375
20.0799999237061	14456.7421875
20.0900001525879	14483.033203125
20.1000003814697	14366.4658203125
20.1100006103516	14175.0732421875
20.1200008392334	14238.40625
20.1299991607666	14108.24609375
20.1399993896484	13870.5
20.1499996185303	13708.4736328125
20.1599998474121	14125.6962890625
20.1700000762939	13917.0087890625
20.1800003051758	13701.1181640625
20.1900005340576	13671.638671875
20.2000007629395	13849.3115234375
20.2099990844727	14317.2783203125
20.2199993133545	14490.1650390625
20.2299995422363	14406.2509765625
20.2399997711182	14524.9599609375
20.25	14153.3916015625
20.2600002288818	13337.0703125
20.2700004577637	13273.4541015625
20.2800006866455	13953.087890625
20.2900009155273	14167.55078125
20.2999992370605	13723.1884765625
20.3099994659424	13637.0615234375
20.3199996948242	14051.384765625
20.3299999237061	14172.46875
20.3400001525879	14197.1943359375
20.3500003814697	14509.1943359375
20.3600006103516	14572.3447265625
20.3700008392334	14155
20.3799991607666	13907.7890625
20.3899993896484	14080.2470703125
20.3999996185303	13915.2529296875
20.4099998474121	13941.3173828125
20.4200000762939	14257.1875
20.4300003051758	14006.4404296875
20.4400005340576	13585.34375
20.4500007629395	13858.595703125
20.4599990844727	13991.3486328125
20.4699993133545	13808.3193359375
20.4799995422363	13636.904296875
20.4899997711182	13656.24609375
20.5	13830.8525390625
20.5100002288818	13809.2822265625
20.5200004577637	13736.7265625
20.5300006866455	13713.619140625
20.5400009155273	13758.9970703125
20.5499992370605	14035.4111328125
20.5599994659424	14053.2294921875
20.5699996948242	13901.197265625
20.5799999237061	14032.1875
20.5900001525879	14276.2607421875
20.6000003814697	14318.2255859375
20.6100006103516	14007.9052734375
20.6200008392334	13798.693359375
20.6299991607666	13594.541015625
20.6399993896484	13680.2021484375
20.6499996185303	13768.67578125
20.6599998474121	13569.953125
20.6700000762939	13699.8896484375
20.6800003051758	13875
20.6900005340576	14130.7158203125
20.7000007629395	14192.7451171875
20.7099990844727	13794.8544921875
20.7199993133545	13858.017578125
20.7299995422363	14383.30859375
20.7399997711182	14420.31640625
20.75	13963.578125
20.7600002288818	13850.5712890625
20.7700004577637	14149.4638671875
20.7800006866455	14359.2255859375
20.7900009155273	14718.3984375
20.7999992370605	14970.3974609375
20.8099994659424	14755.515625
20.8199996948242	14734.4111328125
20.8299999237061	15013.5771484375
20.8400001525879	15296.498046875
20.8500003814697	15266.0390625
20.8600006103516	15146.921875
20.8700008392334	15334.5146484375
20.8799991607666	15339.1630859375
20.8899993896484	15382.9150390625
20.8999996185303	15439.8603515625
20.9099998474121	15085.1259765625
20.9200000762939	15091.244140625
20.9300003051758	15526.1181640625
20.9400005340576	15503.9091796875
20.9500007629395	15285.724609375
20.9599990844727	15223.068359375
20.9699993133545	15187.2705078125
20.9799995422363	14876.4677734375
20.9899997711182	14508.1962890625
21	14538.345703125
21.0100002288818	14324.3154296875
21.0200004577637	13942.2958984375
21.0300006866455	14243.0732421875
21.0400009155273	14522.40625
21.0499992370605	14359.73046875
21.0599994659424	14120.6904296875
21.0699996948242	13705.7265625
21.0799999237061	13744.0771484375
21.0900001525879	14207.7412109375
21.1000003814697	14374.8583984375
21.1100006103516	14142.720703125
21.1200008392334	13777.5380859375
21.1299991607666	13738.3583984375
21.1399993896484	14051.10546875
21.1499996185303	14099.6240234375
21.1599998474121	13729.28515625
21.1700000762939	13437.7763671875
21.1800003051758	13602.587890625
21.1900005340576	13689.0205078125
21.2000007629395	13529.115234375
21.2099990844727	13537.4365234375
21.2199993133545	13586.66796875
21.2299995422363	13837.2724609375
21.2399997711182	14070.3330078125
21.25	14079.50390625
21.2600002288818	13779.6806640625
21.2700004577637	13825.5947265625
21.2800006866455	14087.5078125
21.2900009155273	13934.6240234375
21.2999992370605	13963.8896484375
21.3099994659424	14152.7578125
21.3199996948242	13894.4140625
21.3299999237061	13549.7490234375
21.3400001525879	13815.205078125
21.3500003814697	13776.3583984375
21.3600006103516	13355.966796875
21.3700008392334	13319.568359375
21.3799991607666	13701.4521484375
21.3899993896484	13899.525390625
21.3999996185303	13702.3310546875
21.4099998474121	13622.6875
21.4200000762939	13785.892578125
21.4300003051758	13908.8359375
21.4400005340576	13954.51171875
21.4500007629395	14041.416015625
21.4599990844727	14058.87890625
21.4699993133545	13817.5458984375
21.4799995422363	13650.7890625
21.4899997711182	13622.8671875
21.5	13637.4755859375
21.5100002288818	13821.5361328125
21.5200004577637	13969.3291015625
21.5300006866455	13719.03125
21.5400009155273	13508.2353515625
21.5499992370605	13624.83984375
21.5599994659424	13685.03515625
21.5699996948242	13635.1064453125
21.5799999237061	13563.560546875
21.5900001525879	13577.1201171875
21.6000003814697	13551.0849609375
21.6100006103516	13523.6064453125
21.6200008392334	13589.9921875
21.6299991607666	13794.4296875
21.6399993896484	13922.6337890625
21.6499996185303	14116.2373046875
21.6599998474121	14193.78515625
21.6700000762939	13778.1298828125
21.6800003051758	13602.2431640625
21.6900005340576	13710.046875
21.7000007629395	13873.2216796875
21.7099990844727	13959.484375
21.7199993133545	13971.859375
21.7299995422363	14125.6015625
21.7399997711182	13781.9033203125
21.75	13905.158203125
21.7600002288818	14059.8134765625
21.7700004577637	13875.865234375
21.7800006866455	13791.69921875
21.7900009155273	14009.60546875
21.7999992370605	13883.8134765625
21.8099994659424	13827.392578125
21.8199996948242	13981.896484375
21.8299999237061	14078.408203125
21.8400001525879	14299.720703125
21.8500003814697	14675.9833984375
21.8600006103516	14817.1220703125
21.8700008392334	14731.794921875
21.8799991607666	14919.9130859375
21.8899993896484	15138.6259765625
21.8999996185303	15024.2001953125
21.9099998474121	15058.794921875
21.9200000762939	14984.9052734375
21.9300003051758	15078.7900390625
21.9400005340576	15442.908203125
21.9500007629395	15607.623046875
21.9599990844727	15747.7744140625
21.9699993133545	15996.6630859375
21.9799995422363	15980.14453125
21.9899997711182	15952.982421875
22	16396.052734375
22.0100002288818	16797.572265625
22.0200004577637	17088.06640625
22.0300006866455	17245.4375
22.0400009155273	17416.115234375
22.0499992370605	17603.06640625
22.0599994659424	17678.58984375
22.0699996948242	17915.603515625
22.0799999237061	18510.53515625
22.0900001525879	19184.9140625
22.1000003814697	19329.609375
22.1100006103516	19414.88671875
22.1200008392334	19165.05859375
22.1299991607666	19410.732421875
22.1399993896484	19391.134765625
22.1499996185303	19439.736328125
22.1599998474121	19429.408203125
22.1700000762939	19107.0546875
22.1800003051758	18999.388671875
22.1900005340576	18975.95703125
22.2000007629395	18657.525390625
22.2099990844727	18518.287109375
22.2199993133545	18536.71875
22.2299995422363	18261.091796875
22.2399997711182	17908.955078125
22.25	17567.80078125
22.2600002288818	17274.337890625
22.2700004577637	17166.802734375
22.2800006866455	17225.0078125
22.2900009155273	16931.66015625
22.2999992370605	16360.6865234375
22.3099994659424	16400.8359375
22.3199996948242	16332.197265625
22.3299999237061	16309.02734375
22.3400001525879	16021.208984375
22.3500003814697	16180.787109375
22.3600006103516	16309.7939453125
22.3700008392334	16230.3359375
22.3799991607666	16252.2880859375
22.3899993896484	16309.357421875
22.3999996185303	16364.9208984375
22.4099998474121	16209.8154296875
22.4200000762939	16057.3359375
22.4300003051758	16280.185546875
22.4400005340576	16214.2587890625
22.4500007629395	15944.0927734375
22.4599990844727	15745.44140625
22.4699993133545	15804.3798828125
22.4799995422363	15808.0322265625
22.4899997711182	15810.4228515625
22.5	15884.8681640625
22.5100002288818	15698.4375
22.5200004577637	15490.1865234375
22.5300006866455	15162.0576171875
22.5400009155273	15084.3017578125
22.5499992370605	14917.6826171875
22.5599994659424	14636.0869140625
22.5699996948242	14752.482421875
22.5799999237061	14678.40234375
22.5900001525879	14856.78515625
22.6000003814697	14602.41796875
22.6100006103516	14486.6396484375
22.6200008392334	14519.9482421875
22.6299991607666	14283.8798828125
22.6399993896484	14127.791015625
22.6499996185303	14110.7900390625
22.6599998474121	14543.087890625
22.6700000762939	14458.54296875
22.6800003051758	14255.9853515625
22.6900005340576	14040.546875
22.7000007629395	13692.1416015625
22.7099990844727	13745.2314453125
22.7199993133545	13724.12890625
22.7299995422363	13916.7578125
22.7399997711182	13862.4599609375
22.75	13916.275390625
22.7600002288818	13755.39453125
22.7700004577637	13836.4423828125
22.7800006866455	14233.6123046875
22.7900009155273	14162.0078125
22.7999992370605	13842.90234375
22.8099994659424	13733.4619140625
22.8199996948242	13693.1484375
22.8299999237061	13583.60546875
22.8400001525879	13789.705078125
22.8500003814697	13687.2421875
22.8600006103516	13701.1171875
22.8700008392334	13625.9375
22.8799991607666	14097.748046875
22.8899993896484	14092.4931640625
22.8999996185303	14090.734375
22.9099998474121	14267.3125
22.9200000762939	14010.19921875
22.9300003051758	13723.9365234375
22.9400005340576	13573.9443359375
22.9500007629395	13621.123046875
22.9599990844727	13702.7109375
22.9699993133545	14083.63671875
22.9799995422363	14125.8564453125
22.9899997711182	13546.0966796875
23	13723.763671875
23.0100002288818	13887.94140625
23.0200004577637	13893.501953125
23.0300006866455	13949.1455078125
23.0400009155273	13911.19140625
23.0499992370605	13975.03125
23.0599994659424	14273.2001953125
23.0699996948242	14204.123046875
23.0799999237061	13978.548828125
23.0900001525879	13977.5732421875
23.1000003814697	14008.9521484375
23.1100006103516	14417.025390625
23.1200008392334	14720.1279296875
23.1299991607666	14474.9375
23.1399993896484	14318.56640625
23.1499996185303	14723.4091796875
23.1599998474121	14704.8291015625
23.1700000762939	14593.0732421875
23.1800003051758	14932.572265625
23.1900005340576	15208.1748046875
23.2000007629395	15222.19921875
23.2099990844727	15164.201171875
23.2199993133545	15242.3642578125
23.2299995422363	15155.9892578125
23.2399997711182	15068.7138671875
23.25	15046.3427734375
23.2600002288818	15063.57421875
23.2700004577637	15152.7421875
23.2800006866455	15567.2724609375
23.2900009155273	15473.8173828125
23.2999992370605	15934.17578125
23.3099994659424	16132.5654296875
23.3199996948242	15932.37109375
23.3299999237061	15728.9619140625
23.3400001525879	15782.005859375
23.3500003814697	16156.2431640625
23.3600006103516	16285.115234375
23.3700008392334	16404.53515625
23.3799991607666	16480.314453125
23.3899993896484	16136.095703125
23.3999996185303	16119.8974609375
23.4099998474121	15981.578125
23.4200000762939	16035.5048828125
23.4300003051758	15907.35546875
23.4400005340576	15878.09375
23.4500007629395	16000.2939453125
23.4599990844727	16139.4677734375
23.4699993133545	16406.396484375
23.4799995422363	16422.669921875
23.4899997711182	16398.16015625
23.5	16865.779296875
23.5100002288818	16886.224609375
23.5200004577637	16774.134765625
23.5300006866455	16854.638671875
23.5400009155273	16727.40234375
23.5499992370605	16510.572265625
23.5599994659424	17318.345703125
23.5699996948242	17824.390625
23.5799999237061	17613.013671875
23.5900001525879	17015.7734375
23.6000003814697	17440.123046875
23.6100006103516	17829.248046875
23.6200008392334	17913.353515625
23.6299991607666	17470.162109375
23.6399993896484	16880.3125
23.6499996185303	16922.96484375
23.6599998474121	16915.85546875
23.6700000762939	16533.751953125
23.6800003051758	16285.5087890625
23.6900005340576	15708.3994140625
23.7000007629395	15362.37109375
23.7099990844727	15513.7470703125
23.7199993133545	15446.529296875
23.7299995422363	15058.306640625
23.7399997711182	14730.529296875
23.75	14681.5947265625
23.7600002288818	14425.7509765625
23.7700004577637	14085.3916015625
23.7800006866455	14014.7763671875
23.7900009155273	13852.2373046875
23.7999992370605	13787.12890625
23.8099994659424	13669.0830078125
23.8199996948242	13575.873046875
23.8299999237061	13228.0068359375
23.8400001525879	13413.1748046875
23.8500003814697	13402.744140625
23.8600006103516	12871.875
23.8700008392334	12877.7880859375
23.8799991607666	13227.287109375
23.8899993896484	13165.923828125
23.8999996185303	13168.5546875
23.9099998474121	13265.6748046875
23.9200000762939	13157.5078125
23.9300003051758	13023.056640625
23.9400005340576	12636.048828125
23.9500007629395	12648.0166015625
23.9599990844727	12448.3583984375
23.9699993133545	12626.9208984375
23.9799995422363	12682.0087890625
23.9899997711182	13038.111328125
24	12588.244140625
24.0100002288818	12767.1708984375
24.0200004577637	12886.21484375
24.0300006866455	12901.33203125
24.0400009155273	12562.884765625
24.0499992370605	12402.9619140625
24.0599994659424	12558.791015625
24.0699996948242	12433.9833984375
24.0799999237061	12335.642578125
24.0900001525879	12619.2236328125
24.1000003814697	12379.82421875
24.1100006103516	12184.2548828125
24.1200008392334	12220.6083984375
24.1299991607666	12588.5556640625
24.1399993896484	12661.794921875
24.1499996185303	12255.0576171875
24.1599998474121	12193.2529296875
24.1700000762939	12211.18359375
24.1800003051758	11929.080078125
24.1900005340576	12023.828125
24.2000007629395	12191.9638671875
24.2099990844727	12390.669921875
24.2199993133545	12362.83203125
24.2299995422363	12265.4404296875
24.2399997711182	12222.755859375
24.25	11935.0185546875
24.2600002288818	11984.4052734375
24.2700004577637	12018.453125
24.2800006866455	12079.6044921875
24.2900009155273	12237.4638671875
24.2999992370605	12380.30078125
24.3099994659424	12269.51953125
24.3199996948242	12388.2958984375
24.3299999237061	12593.0576171875
24.3400001525879	12275.8251953125
24.3500003814697	12313.3173828125
24.3600006103516	12129.5703125
24.3700008392334	11911.2431640625
24.3799991607666	12100.4541015625
24.3899993896484	12130.0087890625
24.3999996185303	11857.71875
24.4099998474121	11802.8486328125
24.4200000762939	12114.18359375
24.4300003051758	11783.5302734375
24.4400005340576	11818.6279296875
24.4500007629395	12265.26171875
24.4599990844727	11767.1513671875
24.4699993133545	12149.8916015625
24.4799995422363	12532.6318359375
24.4899997711182	12525.0283203125
24.5	12251.3544921875
24.5100002288818	11860.869140625
24.5200004577637	11684.7373046875
24.5300006866455	12277.5908203125
24.5400009155273	11945.4658203125
24.5499992370605	11859.388671875
24.5599994659424	12269.0771484375
24.5699996948242	12283.2021484375
24.5799999237061	12307.900390625
24.5900001525879	12087.5771484375
24.6000003814697	12393.5361328125
24.6100006103516	12228.84375
24.6200008392334	11744.8935546875
24.6299991607666	11668.337890625
24.6399993896484	11520.658203125
24.6499996185303	11864.9091796875
24.6599998474121	11689.0283203125
24.6700000762939	11933.5908203125
24.6800003051758	12038.3857421875
24.6900005340576	11808.3046875
24.7000007629395	12153.498046875
24.7099990844727	12190.73046875
24.7199993133545	12087.560546875
24.7299995422363	11803.4990234375
24.7399997711182	11967.2783203125
24.75	11911.2451171875
24.7600002288818	11550.29296875
24.7700004577637	11565.107421875
24.7800006866455	12050.4326171875
24.7900009155273	11710.7880859375
24.7999992370605	11667.9521484375
24.8099994659424	11840.2861328125
24.8199996948242	11936.6669921875
24.8299999237061	11910.203125
24.8400001525879	11963.3037109375
24.8500003814697	11786.3466796875
24.8600006103516	11947.1953125
24.8700008392334	12044.2880859375
24.8799991607666	12010.994140625
24.8899993896484	11875.93359375
24.8999996185303	11820.0146484375
24.9099998474121	11933.1015625
24.9200000762939	12484.12109375
24.9300003051758	12370.2724609375
24.9400005340576	11964.4375
24.9500007629395	12133.8056640625
24.9599990844727	12126.9072265625
24.9699993133545	12017.416015625
24.9799995422363	12016.0048828125
24.9899997711182	11817.5419921875
25	12128.763671875
25.0100002288818	12394.947265625
25.0200004577637	11715.650390625
25.0300006866455	11840.1689453125
25.0400009155273	11926.677734375
25.0499992370605	12092.53125
25.0599994659424	12123.46875
25.0699996948242	12072.1162109375
25.0799999237061	12300.4658203125
25.0900001525879	12046.4296875
25.1000003814697	11971.5712890625
25.1100006103516	12154.2412109375
25.1200008392334	12369.740234375
25.1299991607666	12623.4541015625
25.1399993896484	12642.5361328125
25.1499996185303	12358.5263671875
25.1599998474121	12406.8193359375
25.1700000762939	12572.59375
25.1800003051758	12473.0732421875
25.1900005340576	12384.341796875
25.2000007629395	12323.296875
25.2099990844727	12537.861328125
25.2199993133545	12993.5556640625
25.2299995422363	12631.2119140625
25.2399997711182	12905.037109375
25.25	12620.546875
25.2600002288818	12640.7734375
25.2700004577637	12722.9521484375
25.2800006866455	13446.9873046875
25.2900009155273	13404.6162109375
25.2999992370605	13499.4326171875
25.3099994659424	12973.427734375
25.3199996948242	13253.17578125
25.3299999237061	13344.4189453125
25.3400001525879	13645.37109375
25.3500003814697	13662.90234375
25.3600006103516	13643.9765625
25.3700008392334	13799.2998046875
25.3799991607666	13925.1298828125
25.3899993896484	14298.623046875
25.3999996185303	14187.306640625
25.4099998474121	14136.994140625
25.4200000762939	14310.8359375
25.4300003051758	14781.0654296875
25.4400005340576	15028.111328125
25.4500007629395	14860.6240234375
25.4599990844727	15128.0654296875
25.4699993133545	15302.9287109375
25.4799995422363	15367.1318359375
25.4899997711182	15599.287109375
25.5	15249.8935546875
25.5100002288818	15258.794921875
25.5200004577637	15748.953125
25.5300006866455	15890.365234375
25.5400009155273	15788.8984375
25.5499992370605	15565.6728515625
25.5599994659424	15421.2333984375
25.5699996948242	15517.380859375
25.5799999237061	15748.4189453125
25.5900001525879	16121.8447265625
25.6000003814697	15910.173828125
25.6100006103516	15493.662109375
25.6200008392334	15382.46875
25.6299991607666	15470.572265625
25.6399993896484	15771.021484375
25.6499996185303	15602.1162109375
25.6599998474121	15740.048828125
25.6700000762939	15735.912109375
25.6800003051758	15758.806640625
25.6900005340576	15827.4013671875
25.7000007629395	15754.107421875
25.7099990844727	15491.33203125
25.7199993133545	15379.6591796875
25.7299995422363	15701.474609375
25.7399997711182	16037.2919921875
25.75	15793.1767578125
25.7600002288818	15923.0341796875
25.7700004577637	16234.115234375
25.7800006866455	16280.107421875
25.7900009155273	16361.0322265625
25.7999992370605	16389.9375
25.8099994659424	16404.849609375
25.8199996948242	16618.8515625
25.8299999237061	17325
25.8400001525879	17631.052734375
25.8500003814697	17718.982421875
25.8600006103516	18040.078125
25.8700008392334	18483.23828125
25.8799991607666	19109.86328125
25.8899993896484	19667.033203125
25.8999996185303	19919.29296875
25.9099998474121	20417.078125
25.9200000762939	20678.962890625
25.9300003051758	20742.40625
25.9400005340576	21289.447265625
25.9500007629395	21815.30859375
25.9599990844727	22142.458984375
25.9699993133545	22527.47265625
25.9799995422363	22593.15234375
25.9899997711182	21954.025390625
26	22475.158203125
26.0100002288818	22965.880859375
26.0200004577637	22550.921875
26.0300006866455	22290.796875
26.0400009155273	22101.05078125
26.0499992370605	22150.451171875
26.0599994659424	22202.12890625
26.0699996948242	21376.80859375
26.0799999237061	21081.283203125
26.0900001525879	20302.986328125
26.1000003814697	19370.681640625
26.1100006103516	18986.673828125
26.1200008392334	18419.83984375
26.1299991607666	17926.814453125
26.1399993896484	17527.123046875
26.1499996185303	16896.322265625
26.1599998474121	16536.572265625
26.1700000762939	16297.4833984375
26.1800003051758	16068.4130859375
26.1900005340576	15740.1494140625
26.2000007629395	15331.4853515625
26.2099990844727	15119.564453125
26.2199993133545	14798.7099609375
26.2299995422363	14244.5048828125
26.2399997711182	13960.4365234375
26.25	14307.7421875
26.2600002288818	14158.16015625
26.2700004577637	13484.5625
26.2800006866455	13338.3935546875
26.2900009155273	13271.240234375
26.2999992370605	12971.4853515625
26.3099994659424	12688.52734375
26.3199996948242	12646.291015625
26.3299999237061	12676.068359375
26.3400001525879	12724.6240234375
26.3500003814697	12512.12890625
26.3600006103516	12211.12890625
26.3700008392334	12289.0634765625
26.3799991607666	12305.716796875
26.3899993896484	12050.005859375
26.3999996185303	11955.8203125
26.4099998474121	11836.38671875
26.4200000762939	11748.5703125
26.4300003051758	11831.6064453125
26.4400005340576	12053.7978515625
26.4500007629395	11891.6416015625
26.4599990844727	11628.3134765625
26.4699993133545	11575.5185546875
26.4799995422363	11554.7568359375
26.4899997711182	11570.177734375
26.5	11384.2177734375
26.5100002288818	11195.17578125
26.5200004577637	11370.849609375
26.5300006866455	11441.1015625
26.5400009155273	11346.087890625
26.5499992370605	11398.30859375
26.5599994659424	11194.8115234375
26.5699996948242	10901.4853515625
26.5799999237061	11062.3681640625
26.5900001525879	11278.0400390625
26.6000003814697	11013.7578125
26.6100006103516	10991.408203125
26.6200008392334	11030.6748046875
26.6299991607666	11000.111328125
26.6399993896484	11090.7646484375
26.6499996185303	10867.0517578125
26.6599998474121	10796.2294921875
26.6700000762939	10800.537109375
26.6800003051758	10603.38671875
26.6900005340576	10758.564453125
26.7000007629395	11049.041015625
26.7099990844727	11041.302734375
26.7199993133545	11002.4677734375
26.7299995422363	10997.55859375
26.7399997711182	10894.931640625
26.75	10884.5556640625
26.7600002288818	10865.5498046875
26.7700004577637	10868.3408203125
26.7800006866455	10782.2216796875
26.7900009155273	10549.8173828125
26.7999992370605	10608.86328125
26.8099994659424	10668.306640625
26.8199996948242	10892.3818359375
26.8299999237061	10849.3720703125
26.8400001525879	10510.978515625
26.8500003814697	10401.1484375
26.8600006103516	10489.69921875
26.8700008392334	10548.9443359375
26.8799991607666	10418.193359375
26.8899993896484	10266.029296875
26.8999996185303	10235.328125
26.9099998474121	10303.478515625
26.9200000762939	10660.212890625
26.9300003051758	10822.4599609375
26.9400005340576	10641.541015625
26.9500007629395	10347.9267578125
26.9599990844727	10057.185546875
26.9699993133545	10213.751953125
26.9799995422363	10514.8681640625
26.9899997711182	10519.265625
27	10768.630859375
27.0100002288818	10685.5693359375
27.0200004577637	10750.3232421875
27.0300006866455	10766.8671875
27.0400009155273	10591.9638671875
27.0499992370605	10511.8642578125
27.0599994659424	10521.3896484375
27.0699996948242	10576.251953125
27.0799999237061	10718.2626953125
27.0900001525879	10834.4013671875
27.1000003814697	10701.4912109375
27.1100006103516	10572.1142578125
27.1200008392334	10811.833984375
27.1299991607666	11113.2138671875
27.1399993896484	11020.5966796875
27.1499996185303	10867.48828125
27.1599998474121	11115.2333984375
27.1700000762939	11452.6123046875
27.1800003051758	11582.314453125
27.1900005340576	11776.970703125
27.2000007629395	12003.73046875
27.2099990844727	11937.0556640625
27.2199993133545	11923.4609375
27.2299995422363	12024.779296875
27.2399997711182	12016.9794921875
27.25	12410.330078125
27.2600002288818	12930.3525390625
27.2700004577637	13158.177734375
27.2800006866455	13263.3125
27.2900009155273	13276.7421875
27.2999992370605	13170.205078125
27.3099994659424	13086.1240234375
27.3199996948242	13181.076171875
27.3299999237061	13551.7958984375
27.3400001525879	13599.9052734375
27.3500003814697	13116.2041015625
27.3600006103516	12859.904296875
27.3700008392334	12729.5205078125
27.3799991607666	12621.9326171875
27.3899993896484	12212.98046875
27.3999996185303	11763.69140625
27.4099998474121	11800.1669921875
27.4200000762939	11631.1728515625
27.4300003051758	11127.4951171875
27.4400005340576	11216.818359375
27.4500007629395	11397.857421875
27.4599990844727	11188.7822265625
27.4699993133545	10796.3798828125
27.4799995422363	10466.8408203125
27.4899997711182	10263.9619140625
27.5	10312.298828125
27.5100002288818	10423.046875
27.5200004577637	10378.984375
27.5300006866455	10253.6005859375
27.5400009155273	10007.66796875
27.5499992370605	9866.095703125
27.5599994659424	9923.03515625
27.5699996948242	10137.2900390625
27.5799999237061	10108.474609375
27.5900001525879	10133.0390625
27.6000003814697	10376.23046875
27.6100006103516	10145.5390625
27.6200008392334	9862.55078125
27.6299991607666	10026.4208984375
27.6399993896484	10166.5693359375
27.6499996185303	10129.111328125
27.6599998474121	10162.47265625
27.6700000762939	10241.5751953125
27.6800003051758	10221.146484375
27.6900005340576	10067.748046875
27.7000007629395	10106.3623046875
27.7099990844727	10192.75390625
27.7199993133545	10149.513671875
27.7299995422363	10101.6962890625
27.7399997711182	9960.0517578125
27.75	9980.6806640625
27.7600002288818	10111.2958984375
27.7700004577637	10093.7236328125
27.7800006866455	10165.5498046875
27.7900009155273	10152.5908203125
27.7999992370605	9991.2939453125
27.8099994659424	10007.9345703125
27.8199996948242	9866.4189453125
27.8299999237061	9656.65234375
27.8400001525879	9639.75390625
27.8500003814697	9584.96875
27.8600006103516	9526.2470703125
27.8700008392334	9586.6640625
27.8799991607666	9658.123046875
27.8899993896484	9740.447265625
27.8999996185303	9900.7294921875
27.9099998474121	10197.0693359375
27.9200000762939	10220.0458984375
27.9300003051758	9982.8681640625
27.9400005340576	9887.12890625
27.9500007629395	9884.1015625
27.9599990844727	9833.53515625
27.9699993133545	9911.048828125
27.9799995422363	10021.7490234375
27.9899997711182	10011.4267578125
28	9936.578125
28.0100002288818	9715.7412109375
28.0200004577637	9778.2138671875
28.0300006866455	9935.291015625
28.0400009155273	9989.94921875
28.0499992370605	10035.87109375
28.0599994659424	10022.291015625
28.0699996948242	10021.71484375
28.0799999237061	10172.798828125
28.0900001525879	10377.8466796875
28.1000003814697	10228.4892578125
28.1100006103516	10300.013671875
28.1200008392334	10209.1328125
28.1299991607666	9858.6953125
28.1399993896484	9766.939453125
28.1499996185303	9655.91015625
28.1599998474121	9697.25390625
28.1700000762939	10011.771484375
28.1800003051758	10027.478515625
28.1900005340576	9784.8017578125
28.2000007629395	9633.7861328125
28.2099990844727	9633.6328125
28.2199993133545	9844.55078125
28.2299995422363	9836.642578125
28.2399997711182	9682.3232421875
28.25	9693.0205078125
28.2600002288818	9833.5380859375
28.2700004577637	9744.0546875
28.2800006866455	9692.1787109375
28.2900009155273	9906.68359375
28.2999992370605	9916.8427734375
28.3099994659424	9960.7705078125
28.3199996948242	10115.3046875
28.3299999237061	9960.126953125
28.3400001525879	9757.181640625
28.3500003814697	9661.3193359375
28.3600006103516	9633.3662109375
28.3700008392334	9818.65234375
28.3799991607666	9969.8828125
28.3899993896484	9914.142578125
28.3999996185303	9784.7685546875
28.4099998474121	9701.56640625
28.4200000762939	9570.912109375
28.4300003051758	9583.431640625
28.4400005340576	9741.375
28.4500007629395	9551.0634765625
28.4599990844727	9653.201171875
28.4699993133545	9952.576171875
28.4799995422363	9775.052734375
28.4899997711182	9743.8994140625
28.5	9948.6240234375
28.5100002288818	9892.787109375
28.5200004577637	9616.6025390625
28.5300006866455	9371.2587890625
28.5400009155273	9319.9462890625
28.5499992370605	9455.177734375
28.5599994659424	9901.8916015625
28.5699996948242	9939.841796875
28.5799999237061	9587.9931640625
28.5900001525879	9513.2138671875
28.6000003814697	9694.53515625
28.6100006103516	9888.34765625
28.6200008392334	9736.166015625
28.6299991607666	9503.2138671875
28.6399993896484	9487.642578125
28.6499996185303	9419.52734375
28.6599998474121	9516.1142578125
28.6700000762939	9739.8466796875
28.6800003051758	9836.154296875
28.6900005340576	9706.892578125
28.7000007629395	9508.7373046875
28.7099990844727	9591.6005859375
28.7199993133545	9549.80078125
28.7299995422363	9614.3193359375
28.7399997711182	9489.1396484375
28.75	9534.591796875
28.7600002288818	9746.3515625
28.7700004577637	9725.0107421875
28.7800006866455	9527.423828125
28.7900009155273	9555.3525390625
28.7999992370605	9614.5986328125
28.8099994659424	9592.12890625
28.8199996948242	9348.7294921875
28.8299999237061	9410.4931640625
28.8400001525879	9472.486328125
28.8500003814697	9560.9306640625
28.8600006103516	9538.244140625
28.8700008392334	9449.29296875
28.8799991607666	9355.861328125
28.8899993896484	9285.177734375
28.8999996185303	9232.3974609375
28.9099998474121	9118.765625
28.9200000762939	9293.4013671875
28.9300003051758	9292.7744140625
28.9400005340576	9191.705078125
28.9500007629395	9425.5908203125
28.9599990844727	9371.03125
28.9699993133545	9161.1787109375
28.9799995422363	9322.34765625
28.9899997711182	9638.6025390625
29	9620.556640625
29.0100002288818	9258.14453125
29.0200004577637	9078.478515625
29.0300006866455	9175.9599609375
29.0400009155273	9305.03125
29.0499992370605	9433.9951171875
29.0599994659424	9359.2822265625
29.0699996948242	9510.2373046875
29.0799999237061	9694.83984375
29.0900001525879	9150.9443359375
29.1000003814697	8862.6005859375
29.1100006103516	9188.041015625
29.1200008392334	9193.8544921875
29.1299991607666	9333.8212890625
29.1399993896484	9262.236328125
29.1499996185303	9316.060546875
29.1599998474121	9364.291015625
29.1700000762939	9011.6171875
29.1800003051758	9152.2177734375
29.1900005340576	9288.4609375
29.2000007629395	9121.3837890625
29.2099990844727	8986.2509765625
29.2199993133545	9120.88671875
29.2299995422363	9118.65625
29.2399997711182	9133.33984375
29.25	9202.7431640625
29.2600002288818	8889.5048828125
29.2700004577637	8973.7431640625
29.2800006866455	9195.3095703125
29.2900009155273	9173.587890625
29.2999992370605	8914.3466796875
29.3099994659424	8965.1962890625
29.3199996948242	9187.341796875
29.3299999237061	9569.1044921875
29.3400001525879	9510.9609375
29.3500003814697	9342.6181640625
29.3600006103516	9246.8466796875
29.3700008392334	9353.962890625
29.3799991607666	9281.43359375
29.3899993896484	9263.6826171875
29.3999996185303	9286.8095703125
29.4099998474121	9457.2236328125
29.4200000762939	9310.1796875
29.4300003051758	9290.9970703125
29.4400005340576	9214.5634765625
29.4500007629395	9322.69140625
29.4599990844727	9630.8515625
29.4699993133545	9956.115234375
29.4799995422363	9616.6591796875
29.4899997711182	9151.75
29.5	9163.9443359375
29.5100002288818	9551.1767578125
29.5200004577637	9143.3818359375
29.5300006866455	9160.2119140625
29.5400009155273	9259.1103515625
29.5499992370605	9506.748046875
29.5599994659424	9486.86328125
29.5699996948242	9219.4482421875
29.5799999237061	9425.15234375
29.5900001525879	9427.3759765625
29.6000003814697	9581.439453125
29.6100006103516	9504.5390625
29.6200008392334	9041.3271484375
29.6299991607666	8994.5849609375
29.6399993896484	9219.3984375
29.6499996185303	8974.33203125
29.6599998474121	8643.1982421875
29.6700000762939	8742.595703125
29.6800003051758	9146.294921875
29.6900005340576	9097.6337890625
29.7000007629395	9126.478515625
29.7099990844727	9079.1142578125
29.7199993133545	8836.6181640625
29.7299995422363	8847.0546875
29.7399997711182	8680.390625
29.75	8967.671875
29.7600002288818	9191.1484375
29.7700004577637	8818.123046875
29.7800006866455	8664.736328125
29.7900009155273	8897.451171875
29.7999992370605	8814.7236328125
29.8099994659424	8676.333984375
29.8199996948242	8670.125
29.8299999237061	8564.69140625
29.8400001525879	8389.240234375
29.8500003814697	8506.3916015625
29.8600006103516	8716.1220703125
29.8700008392334	8635.287109375
29.8799991607666	8471.99609375
29.8899993896484	8534.0244140625
29.8999996185303	8470.845703125
29.9099998474121	8672.935546875
29.9200000762939	8876.17578125
29.9300003051758	8959.8056640625
29.9400005340576	8806.197265625
29.9500007629395	8765.8193359375
29.9599990844727	8884.8310546875
29.9699993133545	8661.9794921875
29.9799995422363	8529.443359375
29.9899997711182	8557.2353515625
30	8559.7607421875
30.0100002288818	8566.0751953125
30.0200004577637	8200.5302734375
30.0300006866455	8445.875
30.0400009155273	8536.4296875
30.0499992370605	8547.1259765625
30.0599994659424	8463.6494140625
30.0699996948242	8462.51171875
30.0799999237061	8613.728515625
30.0900001525879	8576.205078125
30.1000003814697	8455.4736328125
30.1100006103516	8438.0341796875
30.1200008392334	8441.626953125
30.1299991607666	8204.2451171875
30.1399993896484	8469.5908203125
30.1499996185303	8678.6962890625
30.1599998474121	8474.638671875
30.1700000762939	8279.869140625
30.1800003051758	8452.2451171875
30.1900005340576	8345.044921875
30.2000007629395	8509.380859375
30.2099990844727	8368.2841796875
30.2199993133545	8400.0458984375
30.2299995422363	8537.9814453125
30.2399997711182	8343.9755859375
30.25	8369.6923828125
30.2600002288818	8388.10546875
30.2700004577637	8271.7783203125
30.2800006866455	8342.9296875
30.2900009155273	8527.7001953125
30.2999992370605	8455.611328125
30.3099994659424	8329.9443359375
30.3199996948242	8314.93359375
30.3299999237061	8585.9404296875
30.3400001525879	8586.654296875
30.3500003814697	8217.494140625
30.3600006103516	8131.12353515625
30.3700008392334	8219.71875
30.3799991607666	8381.90625
30.3899993896484	8578.17578125
30.3999996185303	8507.7734375
30.4099998474121	8462.267578125
30.4200000762939	7946.35009765625
30.4300003051758	8233.341796875
30.4400005340576	7859.3486328125
30.4500007629395	7875.49462890625
30.4599990844727	7915.5849609375
30.4699993133545	8460.8662109375
30.4799995422363	8751.92578125
30.4899997711182	8190.64990234375
30.5	7880.57666015625
30.5100002288818	8012.4462890625
30.5200004577637	8551.7626953125
30.5300006866455	8238.068359375
30.5400009155273	7830.27294921875
30.5499992370605	7948.9375
30.5599994659424	8109.0341796875
30.5699996948242	8125
30.5799999237061	8129.8642578125
30.5900001525879	8243.7763671875
30.6000003814697	8094.95947265625
30.6100006103516	8414.888671875
30.6200008392334	8586.6748046875
30.6299991607666	8197.87890625
30.6399993896484	8386.259765625
30.6499996185303	8211.1259765625
30.6599998474121	8307.455078125
30.6700000762939	8274.5869140625
30.6800003051758	8260.4619140625
30.6900005340576	8348.556640625
30.7000007629395	8285.5087890625
30.7099990844727	8392.74609375
30.7199993133545	8445.6240234375
30.7299995422363	8188.2080078125
30.7399997711182	7964.94140625
30.75	7846.76416015625
30.7600002288818	8257.7998046875
30.7700004577637	8208.4091796875
30.7800006866455	8217.419921875
30.7900009155273	8314.4814453125
30.7999992370605	7951.35400390625
30.8099994659424	8257.603515625
30.8199996948242	7999.97900390625
30.8299999237061	7983.33837890625
30.8400001525879	8149.68701171875
30.8500003814697	8042.0400390625
30.8600006103516	8248.955078125
30.8700008392334	8258.2783203125
30.8799991607666	8332.72265625
30.8899993896484	8036.248046875
30.8999996185303	8239.31640625
30.9099998474121	7846.806640625
30.9200000762939	8096.27587890625
30.9300003051758	8280.4033203125
30.9400005340576	7980.4111328125
30.9500007629395	8032.21826171875
30.9599990844727	8327.12890625
30.9699993133545	8357.77734375
30.9799995422363	8333.9287109375
30.9899997711182	8333.3330078125
31	8049.52587890625
31.0100002288818	8244.0595703125
31.0200004577637	7975.1884765625
31.0300006866455	8362.0791015625
31.0400009155273	8060.79296875
31.0499992370605	8041.95654296875
31.0599994659424	8226.3681640625
31.0699996948242	8137.12353515625
31.0799999237061	8053.2890625
31.0900001525879	8073.97412109375
31.1000003814697	8067.021484375
31.1100006103516	8050.73583984375
31.1200008392334	8177.236328125
31.1299991607666	7873.703125
31.1399993896484	8040.6357421875
31.1499996185303	8097.47900390625
31.1599998474121	8265.90234375
31.1700000762939	8267.11328125
31.1800003051758	8140.681640625
31.1900005340576	8196.2216796875
31.2000007629395	8074.431640625
31.2099990844727	8090.17138671875
31.2199993133545	8318.50390625
31.2299995422363	8130.30126953125
31.2399997711182	7859.40185546875
31.25	8098.501953125
31.2600002288818	8520.69921875
31.2700004577637	8410.376953125
31.2800006866455	8159.94140625
31.2900009155273	8118.47412109375
31.2999992370605	8193.8447265625
31.3099994659424	8269.3427734375
31.3199996948242	7936.56298828125
31.3299999237061	7701.00732421875
31.3400001525879	7675.66748046875
31.3500003814697	8141.8154296875
31.3600006103516	8236.8115234375
31.3700008392334	8234.0400390625
31.3799991607666	8119.1279296875
31.3899993896484	8039.92724609375
31.3999996185303	8291.3134765625
31.4099998474121	8210.62109375
31.4200000762939	8389.041015625
31.4300003051758	8385.6875
31.4400005340576	8503.9033203125
31.4500007629395	8448.962890625
31.4599990844727	8238.90625
31.4699993133545	8044.24365234375
31.4799995422363	8436.6005859375
31.4899997711182	8378.744140625
31.5	8142.93701171875
31.5100002288818	8131.55615234375
31.5200004577637	8378.578125
31.5300006866455	8475.1015625
31.5400009155273	8320.408203125
31.5499992370605	8292.607421875
31.5599994659424	8454.0205078125
31.5699996948242	8489.7333984375
31.5799999237061	8351.9462890625
31.5900001525879	8245.244140625
31.6000003814697	8218.677734375
31.6100006103516	8114.259765625
31.6200008392334	8231.4326171875
31.6299991607666	8060.49072265625
31.6399993896484	8135.19482421875
31.6499996185303	8404.2001953125
31.6599998474121	8463.416015625
31.6700000762939	8220.6123046875
31.6800003051758	8176.109375
31.6900005340576	8066.8359375
31.7000007629395	8229.94921875
31.7099990844727	8358.923828125
31.7199993133545	8138.32275390625
31.7299995422363	8200.2265625
31.7399997711182	8438.1962890625
31.75	8410.8017578125
31.7600002288818	8321.677734375
31.7700004577637	8379.4052734375
31.7800006866455	8370.3837890625
31.7900009155273	8246.28515625
31.7999992370605	8323.95703125
31.8099994659424	8496.884765625
31.8199996948242	8525
31.8299999237061	8539.05859375
31.8400001525879	8436.4189453125
31.8500003814697	8703.8115234375
31.8600006103516	8751.3427734375
31.8700008392334	8456.939453125
31.8799991607666	8344.2822265625
31.8899993896484	8653.11328125
31.8999996185303	8966.462890625
31.9099998474121	8815.8173828125
31.9200000762939	9321.119140625
31.9300003051758	9433.3330078125
31.9400005340576	9281.8193359375
31.9500007629395	9256.8740234375
31.9599990844727	9519.056640625
31.9699993133545	9807.8388671875
31.9799995422363	9578.0869140625
31.9899997711182	9455.265625
32	9407.6201171875
32.0099983215332	9461.16796875
32.0200004577637	9719.20703125
32.0299987792969	9849.4765625
32.0400009155273	9886.939453125
32.0499992370605	9817.474609375
32.060001373291	9719.2177734375
32.0699996948242	9700
32.0800018310547	9646.3525390625
32.0900001525879	9419.1552734375
32.0999984741211	9500.26953125
32.1100006103516	9533.3330078125
32.1199989318848	9473.4443359375
32.1300010681152	9219.244140625
32.1399993896484	9032.392578125
32.1500015258789	8794.91796875
32.1599998474121	8735.064453125
32.1699981689453	8838.7685546875
32.1800003051758	8978.47265625
32.189998626709	8883.619140625
32.2000007629395	8889.3056640625
32.2099990844727	8762.7001953125
32.2200012207031	8692.3740234375
32.2299995422363	8514.013671875
32.2400016784668	8427.669921875
32.25	8740.9912109375
32.2599983215332	8677.966796875
32.2700004577637	8323.2197265625
32.2799987792969	8291.36328125
32.2900009155273	8424.162109375
32.2999992370605	8201.453125
32.310001373291	8035.2724609375
32.3199996948242	8078.69189453125
32.3300018310547	7959.56640625
32.3400001525879	8445.4150390625
32.3499984741211	8538.400390625
32.3600006103516	8415.1513671875
32.3699989318848	8282.0244140625
32.3800010681152	8281.5947265625
32.3899993896484	8171.8515625
32.4000015258789	7982.29736328125
32.4099998474121	8128.0224609375
32.4199981689453	8542.642578125
32.4300003051758	8526.9873046875
32.439998626709	8570.716796875
32.4500007629395	8244.9580078125
32.4599990844727	8174.7275390625
32.4700012207031	8135.8388671875
32.4799995422363	8091.90576171875
32.4900016784668	8256.298828125
32.5	8076.251953125
32.5099983215332	8305.3994140625
32.5200004577637	8379.833984375
32.5299987792969	8244.1484375
32.5400009155273	8077.7392578125
32.5499992370605	8283.44140625
32.560001373291	8381.0869140625
32.5699996948242	8176.80078125
32.5800018310547	8257.6025390625
32.5900001525879	8522.3251953125
32.5999984741211	8533.6044921875
32.6100006103516	8436.056640625
32.6199989318848	8462.42578125
32.6300010681152	8513.3203125
32.6399993896484	8507.0458984375
32.6500015258789	8673.1796875
32.6599998474121	9021.734375
32.6699981689453	8919.275390625
32.6800003051758	8981.6640625
32.689998626709	9213.357421875
32.7000007629395	9324.6865234375
32.7099990844727	9441.876953125
32.7200012207031	9577.443359375
32.7299995422363	9927.7275390625
32.7400016784668	10245.7333984375
32.75	10249.03515625
32.7599983215332	10164.19140625
32.7700004577637	10322.017578125
32.7799987792969	10550.9287109375
32.7900009155273	10825.18359375
32.7999992370605	11061.1494140625
32.810001373291	11424.8583984375
32.8199996948242	11495.04296875
32.8300018310547	11265.7353515625
32.8400001525879	11318.2021484375
32.8499984741211	11371.90234375
32.8600006103516	11566.2529296875
32.8699989318848	11345.40234375
32.8800010681152	11018.3408203125
32.8899993896484	10938.9970703125
32.9000015258789	10902.107421875
32.9099998474121	10894.6103515625
32.9199981689453	10956.2568359375
32.9300003051758	10747.5927734375
32.939998626709	10599.732421875
32.9500007629395	10343.080078125
32.9599990844727	10146.95703125
32.9700012207031	10113.8955078125
32.9799995422363	10000.1396484375
32.9900016784668	9891.841796875
33	9513.171875
33.0099983215332	9465.5869140625
33.0200004577637	9868.69921875
33.0299987792969	10140.3974609375
33.0400009155273	10082.2216796875
33.0499992370605	9921.2705078125
33.060001373291	9784.9658203125
33.0699996948242	9953.58984375
33.0800018310547	9996.19140625
33.0900001525879	9839.3486328125
33.0999984741211	9850.5390625
33.1100006103516	9719.4150390625
33.1199989318848	9603.51953125
33.1300010681152	9613.095703125
33.1399993896484	9502.07421875
33.1500015258789	9428.001953125
33.1599998474121	9536.7001953125
33.1699981689453	9435.50390625
33.1800003051758	9394.6025390625
33.189998626709	9324.6640625
33.2000007629395	9092.8203125
33.2099990844727	9117.794921875
33.2200012207031	9212.63671875
33.2299995422363	9157.01171875
33.2400016784668	8881.8974609375
33.25	8746.87109375
33.2599983215332	8656.55078125
33.2700004577637	8522.31640625
33.2799987792969	8650.6494140625
33.2900009155273	8732.56640625
33.2999992370605	8768.0732421875
33.310001373291	8635.9052734375
33.3199996948242	8497.5263671875
33.3300018310547	8500.5126953125
33.3400001525879	8649.0009765625
33.3499984741211	8494.7109375
33.3600006103516	8529.0478515625
33.3699989318848	8675.2578125
33.3800010681152	8777.328125
33.3899993896484	8727.783203125
33.4000015258789	8883.94140625
33.4099998474121	9013.330078125
33.4199981689453	9069.8330078125
33.4300003051758	9251.001953125
33.439998626709	9361.517578125
33.4500007629395	9384.900390625
33.4599990844727	9534.84765625
33.4700012207031	10012.525390625
33.4799995422363	10353.58984375
33.4900016784668	10447.5263671875
33.5	10773.076171875
33.5099983215332	11129.5478515625
33.5200004577637	11247.9169921875
33.5299987792969	11529.8447265625
33.5400009155273	11744.3427734375
33.5499992370605	11734.2177734375
33.560001373291	11630.080078125
33.5699996948242	11840.1357421875
33.5800018310547	12012.95703125
33.5900001525879	12120.51953125
33.5999984741211	11916.8076171875
33.6100006103516	11715.4013671875
33.6199989318848	11349.8525390625
33.6300010681152	10935.5703125
33.6399993896484	10982.9365234375
33.6500015258789	11162.111328125
33.6599998474121	11085.5234375
33.6699981689453	10703.0732421875
33.6800003051758	10460.0419921875
33.689998626709	10469.541015625
33.7000007629395	10510.19921875
33.7099990844727	10437.212890625
33.7200012207031	10269.904296875
33.7299995422363	9952.7216796875
33.7400016784668	9698.76171875
33.75	9554.0341796875
33.7599983215332	9680.072265625
33.7700004577637	9863.6337890625
33.7799987792969	9675.59765625
33.7900009155273	9508.3330078125
33.7999992370605	9368.62890625
33.810001373291	9137.650390625
33.8199996948242	9162.6630859375
33.8300018310547	9221.9794921875
33.8400001525879	9005.08984375
33.8499984741211	9023.294921875
33.8600006103516	9033.212890625
33.8699989318848	8992.279296875
33.8800010681152	9247.296875
33.8899993896484	9320.4736328125
33.9000015258789	9105.875
33.9099998474121	8961.494140625
33.9199981689453	8776.1708984375
33.9300003051758	8785.673828125
33.939998626709	9102.201171875
33.9500007629395	9154.7177734375
33.9599990844727	8920.58203125
33.9700012207031	8920.4306640625
33.9799995422363	9131.537109375
33.9900016784668	9075.857421875
34	9188.4189453125
34.0099983215332	9458.93359375
34.0200004577637	9369.0205078125
34.0299987792969	9351.1982421875
34.0400009155273	9471.01953125
34.0499992370605	9692.8544921875
34.060001373291	9937.6337890625
34.0699996948242	9904.1748046875
34.0800018310547	10103.2958984375
34.0900001525879	10644.22265625
34.0999984741211	10858.791015625
34.1100006103516	10833.029296875
34.1199989318848	11223.5341796875
34.1300010681152	11689.998046875
34.1399993896484	11995.40234375
34.1500015258789	12371.1630859375
34.1599998474121	12873.7958984375
34.1699981689453	13302.0234375
34.1800003051758	13608.625
34.189998626709	14504.822265625
34.2000007629395	15744.3955078125
34.2099990844727	16828.138671875
34.2200012207031	17744.55859375
34.2299995422363	18542.96484375
34.2400016784668	19717.68359375
34.25	20932.197265625
34.2599983215332	22053.52734375
34.2700004577637	23534.13671875
34.2799987792969	25156.248046875
34.2900009155273	26586.255859375
34.2999992370605	27750.435546875
34.310001373291	29277.107421875
34.3199996948242	31046.201171875
34.3300018310547	32487.017578125
34.3400001525879	33525.95703125
34.3499984741211	34833.4609375
34.3600006103516	35677.02734375
34.3699989318848	36085.1015625
34.3800010681152	36742.21484375
34.3899993896484	37420.6484375
34.4000015258789	37949.46875
34.4099998474121	37347.27734375
34.4199981689453	36726.78515625
34.4300003051758	36399.6015625
34.439998626709	35977.875
34.4500007629395	34968.3359375
34.4599990844727	33581.49609375
34.4700012207031	32697.779296875
34.4799995422363	32054.0546875
34.4900016784668	30730.07421875
34.5	28745.017578125
34.5099983215332	27176.75390625
34.5200004577637	25993.666015625
34.5299987792969	24641.125
34.5400009155273	23530.34375
34.5499992370605	22451.083984375
34.560001373291	21017.654296875
34.5699996948242	19536.5390625
34.5800018310547	18295.30078125
34.5900001525879	17443.27734375
34.5999984741211	16768.826171875
34.6100006103516	16324.353515625
34.6199989318848	15524.009765625
34.6300010681152	14306.9384765625
34.6399993896484	13648.90625
34.6500015258789	13355.275390625
34.6599998474121	12976.298828125
34.6699981689453	12408.8740234375
34.6800003051758	12146.3818359375
34.689998626709	11933.740234375
34.7000007629395	11666.2275390625
34.7099990844727	11349.1904296875
34.7200012207031	11147.875
34.7299995422363	10772.748046875
34.7400016784668	10293.466796875
34.75	10141.75390625
34.7599983215332	10007.6494140625
34.7700004577637	9828.501953125
34.7799987792969	9667.3486328125
34.7900009155273	9430.40234375
34.7999992370605	9409.76171875
34.810001373291	9379.619140625
34.8199996948242	9246.9814453125
34.8300018310547	9053.5009765625
34.8400001525879	8759.013671875
34.8499984741211	8495.03125
34.8600006103516	8465.1279296875
34.8699989318848	8538.8359375
34.8800010681152	8609.701171875
34.8899993896484	8713.7998046875
34.9000015258789	8691.51171875
34.9099998474121	8406.537109375
34.9199981689453	8254.9091796875
34.9300003051758	8367.3525390625
34.939998626709	8397.27734375
34.9500007629395	8282.505859375
34.9599990844727	8218.6103515625
34.9700012207031	8387.455078125
34.9799995422363	8455.2919921875
34.9900016784668	8239.7626953125
35	8017.88525390625
35.0099983215332	7976.5400390625
35.0200004577637	7904.45458984375
35.0299987792969	7737.71875
35.0400009155273	7969.361328125
35.0499992370605	7833.28125
35.060001373291	7785.64501953125
35.0699996948242	7884.18408203125
35.0800018310547	7951.552734375
35.0900001525879	7993.5078125
35.0999984741211	7926.93994140625
35.1100006103516	7825.93017578125
35.1199989318848	7733.8134765625
35.1300010681152	7760.9755859375
35.1399993896484	7628.1748046875
35.1500015258789	7425.5166015625
35.1599998474121	7623.66552734375
35.1699981689453	7855.37158203125
35.1800003051758	7696.998046875
35.189998626709	7497.20947265625
35.2000007629395	7613.1826171875
35.2099990844727	7868.9501953125
35.2200012207031	7868.0927734375
35.2299995422363	7683.33349609375
35.2400016784668	7694.17333984375
35.25	7716.66650390625
35.2599983215332	7697.869140625
35.2700004577637	7655.66015625
35.2799987792969	7591.4638671875
35.2900009155273	7596.43994140625
35.2999992370605	7851.27490234375
35.310001373291	7865.59619140625
35.3199996948242	7888.20166015625
35.3300018310547	7604.20556640625
35.3400001525879	7589.37744140625
35.3499984741211	7727.8505859375
35.3600006103516	7783.3984375
35.3699989318848	7540.482421875
35.3800010681152	7545.68212890625
35.3899993896484	7652.525390625
35.4000015258789	7675.9267578125
35.4099998474121	7779.19384765625
35.4199981689453	7915.044921875
35.4300003051758	7943.67431640625
35.439998626709	7950.8447265625
35.4500007629395	7748.5615234375
35.4599990844727	7917.6806640625
35.4700012207031	8028.65966796875
35.4799995422363	8303.021484375
35.4900016784668	8129.03271484375
35.5	7997.88525390625
35.5099983215332	8258.2333984375
35.5200004577637	8326.1259765625
35.5299987792969	7767.79443359375
35.5400009155273	7586.9228515625
35.5499992370605	7764.3369140625
35.560001373291	7756.01611328125
35.5699996948242	7832.98681640625
35.5800018310547	7992.67578125
35.5900001525879	7782.3671875
35.5999984741211	7663.56494140625
35.6100006103516	7850.15087890625
35.6199989318848	8081.732421875
35.6300010681152	8010.7236328125
35.6399993896484	7751.12890625
35.6500015258789	7730.408203125
35.6599998474121	7745.5654296875
35.6699981689453	7682.15966796875
35.6800003051758	7786.34326171875
35.689998626709	7603.66650390625
35.7000007629395	7806.3154296875
35.7099990844727	7880.06884765625
35.7200012207031	7493.9443359375
35.7299995422363	7630.4990234375
35.7400016784668	7897.61279296875
35.75	7681.15576171875
35.7599983215332	7398.044921875
35.7700004577637	7331.095703125
35.7799987792969	7424.1787109375
35.7900009155273	7560.7412109375
35.7999992370605	7516.66650390625
35.810001373291	7500.5654296875
35.8199996948242	7447.99951171875
35.8300018310547	7433.71337890625
35.8400001525879	7430.0712890625
35.8499984741211	7517.67626953125
35.8600006103516	7600.37451171875
35.8699989318848	7718.24853515625
35.8800010681152	7812.1298828125
35.8899993896484	7741.66650390625
35.9000015258789	7791.1533203125
35.9099998474121	7903.48876953125
35.9199981689453	7697.8759765625
35.9300003051758	7581.05908203125
35.939998626709	7453.78955078125
35.9500007629395	7617.71142578125
35.9599990844727	7482.0771484375
35.9700012207031	7340.00634765625
35.9799995422363	7506.81591796875
35.9900016784668	7613.19775390625
36	7704.1416015625
36.0099983215332	7680.96875
36.0200004577637	7382.8095703125
36.0299987792969	7284.3583984375
36.0400009155273	7515.26806640625
36.0499992370605	7522.728515625
36.060001373291	7479.0625
36.0699996948242	7578.0869140625
36.0800018310547	7540.16845703125
36.0900001525879	7610.0400390625
36.0999984741211	7605.146484375
36.1100006103516	7457.9833984375
36.1199989318848	7599.85205078125
36.1300010681152	7742.20947265625
36.1399993896484	8138.439453125
36.1500015258789	7923.0703125
36.1599998474121	7932.52294921875
36.1699981689453	7818.9140625
36.1800003051758	7645.3056640625
36.189998626709	7637.42138671875
36.2000007629395	7693.20751953125
36.2099990844727	7706.1142578125
36.2200012207031	7778.8291015625
36.2299995422363	7989.35107421875
36.2400016784668	8016.66650390625
36.25	8022.58837890625
36.2599983215332	8027.97412109375
36.2700004577637	7914.8056640625
36.2799987792969	7889.77587890625
36.2900009155273	8002.86474609375
36.2999992370605	8064.9560546875
36.310001373291	8297.18359375
36.3199996948242	8262.3896484375
36.3300018310547	8116.80615234375
36.3400001525879	7944.01123046875
36.3499984741211	8108.67724609375
36.3600006103516	8056.0087890625
36.3699989318848	8168.56298828125
36.3800010681152	7868.99462890625
36.3899993896484	7694.087890625
36.4000015258789	8108.33349609375
36.4099998474121	8137.962890625
36.4199981689453	8308.93359375
36.4300003051758	8381.0908203125
36.439998626709	8508.3330078125
36.4500007629395	8504.6123046875
36.4599990844727	8474.7353515625
36.4700012207031	8407.970703125
36.4799995422363	8270.99609375
36.4900016784668	8090.54345703125
36.5	8315.6259765625
36.5099983215332	8274.939453125
36.5200004577637	8734.22265625
36.5299987792969	9009.9384765625
36.5400009155273	8760.5986328125
36.5499992370605	8775
36.560001373291	8808.263671875
36.5699996948242	9031.5810546875
36.5800018310547	9040.283203125
36.5900001525879	8884.5146484375
36.5999984741211	9389.3896484375
36.6100006103516	9292.537109375
36.6199989318848	9147.818359375
36.6300010681152	9348.318359375
36.6399993896484	9681.9736328125
36.6500015258789	10017.310546875
36.6599998474121	9926.716796875
36.6699981689453	10122.0673828125
36.6800003051758	10110.623046875
36.689998626709	10188.8056640625
36.7000007629395	10159.1318359375
36.7099990844727	10179.98046875
36.7200012207031	10814.830078125
36.7299995422363	10835.3427734375
36.7400016784668	11133.048828125
36.75	11169.9970703125
36.7599983215332	10886.197265625
36.7700004577637	10631.869140625
36.7799987792969	10760.2578125
36.7900009155273	11420.9375
36.7999992370605	11903.39453125
36.810001373291	11873.74609375
36.8199996948242	11983.0947265625
36.8300018310547	11683.203125
36.8400001525879	11835.4619140625
36.8499984741211	11791.0390625
36.8600006103516	11966.5419921875
36.8699989318848	12128.892578125
36.8800010681152	12073.138671875
36.8899993896484	11988.158203125
36.9000015258789	12233.5751953125
36.9099998474121	12429.134765625
36.9199981689453	12561.900390625
36.9300003051758	12542.4541015625
36.939998626709	12918.2177734375
36.9500007629395	12767.482421875
36.9599990844727	13061.0615234375
36.9700012207031	12928.349609375
36.9799995422363	13361.3759765625
36.9900016784668	13122.8095703125
37	13587.013671875
37.0099983215332	12971.552734375
37.0200004577637	12976.76953125
37.0299987792969	13685.6064453125
37.0400009155273	13584.904296875
37.0499992370605	13357.7021484375
37.060001373291	13216.7509765625
37.0699996948242	13079.072265625
37.0800018310547	12880.3818359375
37.0900001525879	12826.6103515625
37.0999984741211	12720.8828125
37.1100006103516	12778.8798828125
37.1199989318848	12545.431640625
37.1300010681152	12317.9658203125
37.1399993896484	12349.6728515625
37.1500015258789	12486.0732421875
37.1599998474121	12220.6455078125
37.1699981689453	12309.2666015625
37.1800003051758	12476.4169921875
37.189998626709	11988.7783203125
37.2000007629395	12288.5087890625
37.2099990844727	12225.822265625
37.2200012207031	12437.4111328125
37.2299995422363	12323.8642578125
37.2400016784668	12076.6474609375
37.25	11897.662109375
37.2599983215332	11831.3701171875
37.2700004577637	11778.7626953125
37.2799987792969	11896.29296875
37.2900009155273	12041.6669921875
37.2999992370605	12040.2646484375
37.310001373291	11996.326171875
37.3199996948242	12161.201171875
37.3300018310547	11951.587890625
37.3400001525879	12018.34765625
37.3499984741211	12094.818359375
37.3600006103516	12241.9931640625
37.3699989318848	12253.1748046875
37.3800010681152	11974.439453125
37.3899993896484	11940.51171875
37.4000015258789	11865.3828125
37.4099998474121	11776.365234375
37.4199981689453	11881.83984375
37.4300003051758	11752.205078125
37.439998626709	11973.25
37.4500007629395	11762.9326171875
37.4599990844727	11232.072265625
37.4700012207031	11009.6298828125
37.4799995422363	11318.0927734375
37.4900016784668	11825.0234375
37.5	11841.6640625
37.5099983215332	11650.265625
37.5200004577637	11583.5185546875
37.5299987792969	12131.03515625
37.5400009155273	11884.7265625
37.5499992370605	12057.1142578125
37.560001373291	12504.5693359375
37.5699996948242	12434.0654296875
37.5800018310547	12037.7939453125
37.5900001525879	12337.798828125
37.5999984741211	12415.62109375
37.6100006103516	12621.8056640625
37.6199989318848	12551.25390625
37.6300010681152	13016.3955078125
37.6399993896484	13711.3447265625
37.6500015258789	13977.9345703125
37.6599998474121	13885.5625
37.6699981689453	14119.27734375
37.6800003051758	14766.8291015625
37.689998626709	15010.4931640625
37.7000007629395	15397.42578125
37.7099990844727	15861.3564453125
37.7200012207031	16537.40625
37.7299995422363	17122.9921875
37.7400016784668	17955.220703125
37.75	18811.80859375
37.7599983215332	20166.927734375
37.7700004577637	20930.4765625
37.7799987792969	22239.73828125
37.7900009155273	23603.21484375
37.7999992370605	24448.91796875
37.810001373291	26373.208984375
37.8199996948242	28257.88671875
37.8300018310547	29653.59765625
37.8400001525879	30899.662109375
37.8499984741211	32948.2734375
37.8600006103516	34696.63671875
37.8699989318848	37099.5
37.8800010681152	39585.15625
37.8899993896484	41379.765625
37.9000015258789	42427.328125
37.9099998474121	43174.921875
37.9199981689453	45139.296875
37.9300003051758	47366.2109375
37.939998626709	48689.3203125
37.9500007629395	48805.73046875
37.9599990844727	48379.25
37.9700012207031	48614.859375
37.9799995422363	48236.62890625
37.9900016784668	47361.72265625
38	46997.53125
38.0099983215332	46247.05078125
38.0200004577637	44799.78515625
38.0299987792969	43240.078125
38.0400009155273	41405.72265625
38.0499992370605	40358.265625
38.060001373291	37677.48828125
38.0699996948242	35723.69140625
38.0800018310547	33229.82421875
38.0900001525879	30920.5546875
38.0999984741211	29633.015625
38.1100006103516	28243.919921875
38.1199989318848	26289.005859375
38.1300010681152	24306.24609375
38.1399993896484	23047.193359375
38.1500015258789	21273.193359375
38.1599998474121	19790.708984375
38.1699981689453	18554.40625
38.1800003051758	17799.939453125
38.189998626709	16889.0390625
38.2000007629395	16145.15625
38.2099990844727	15248.2900390625
38.2200012207031	14640.546875
38.2299995422363	14088.8115234375
38.2400016784668	13427.341796875
38.25	13186.5234375
38.2599983215332	12681.8564453125
38.2700004577637	12602.658203125
38.2799987792969	12726.41015625
38.2900009155273	12273.9228515625
38.2999992370605	12157.361328125
38.310001373291	11831.7236328125
38.3199996948242	11510.830078125
38.3300018310547	11253.6279296875
38.3400001525879	11431.2958984375
38.3499984741211	11377.4130859375
38.3600006103516	11278.5263671875
38.3699989318848	11112.6591796875
38.3800010681152	10762.16015625
38.3899993896484	10541.2021484375
38.4000015258789	10867.052734375
38.4099998474121	11047.857421875
38.4199981689453	10775.583984375
38.4300003051758	10566.220703125
38.439998626709	10773.80859375
38.4500007629395	10945.953125
38.4599990844727	10409.8154296875
38.4700012207031	10281.6767578125
38.4799995422363	9770.353515625
38.4900016784668	10145.13671875
38.5	10719.732421875
38.5099983215332	10484.2841796875
38.5200004577637	10404.6767578125
38.5299987792969	10528.7509765625
38.5400009155273	10578.56640625
38.5499992370605	10626.115234375
38.560001373291	10718.76171875
38.5699996948242	10747.548828125
38.5800018310547	10508.7197265625
38.5900001525879	10254.1103515625
38.5999984741211	10301.5546875
38.6100006103516	10747.4921875
38.6199989318848	10895.5146484375
38.6300010681152	10683.0458984375
38.6399993896484	10444.8544921875
38.6500015258789	10801.328125
38.6599998474121	10727.8623046875
38.6699981689453	10609.060546875
38.6800003051758	10884.998046875
38.689998626709	11067.1787109375
38.7000007629395	11015.0888671875
38.7099990844727	10986.0986328125
38.7200012207031	11462.140625
38.7299995422363	11149.5791015625
38.7400016784668	11087.4169921875
38.75	11409.326171875
38.7599983215332	11344.0048828125
38.7700004577637	11440.5654296875
38.7799987792969	11830.88671875
38.7900009155273	12532.67578125
38.7999992370605	12276.232421875
38.810001373291	12266.890625
38.8199996948242	12583.73828125
38.8300018310547	12738.611328125
38.8400001525879	12785.5537109375
38.8499984741211	12961.5146484375
38.8600006103516	13040.6962890625
38.8699989318848	13110.9443359375
38.8800010681152	13158.802734375
38.8899993896484	13497.3837890625
38.9000015258789	13905.1708984375
38.9099998474121	14434.0458984375
38.9199981689453	14689.4169921875
38.9300003051758	14932.8486328125
38.939998626709	15565.6826171875
38.9500007629395	16109.287109375
38.9599990844727	16375.119140625
38.9700012207031	16363.3837890625
38.9799995422363	16735.654296875
38.9900016784668	16820.056640625
39	17055.240234375
39.0099983215332	17963.505859375
39.0200004577637	18625.857421875
39.0299987792969	19150.48046875
39.0400009155273	19626.962890625
39.0499992370605	20165.296875
39.060001373291	21182.125
39.0699996948242	21601.8359375
39.0800018310547	21852.689453125
39.0900001525879	22149.84375
39.0999984741211	23259.267578125
39.1100006103516	24200.521484375
39.1199989318848	25104.185546875
39.1300010681152	26358.59765625
39.1399993896484	27687.392578125
39.1500015258789	28790.9609375
39.1599998474121	30198.8984375
39.1699981689453	31462.4375
39.1800003051758	33700.28125
39.189998626709	36131.40234375
39.2000007629395	37926.07421875
39.2099990844727	40813.1875
39.2200012207031	44900.9921875
39.2299995422363	47968.7265625
39.2400016784668	51074.76171875
39.25	55201.26953125
39.2599983215332	59965.15625
39.2700004577637	65398.9921875
39.2799987792969	71128.2890625
39.2900009155273	77173.1875
39.2999992370605	83331.9453125
39.310001373291	90787.2265625
39.3199996948242	98384.125
39.3300018310547	105972.3203125
39.3400001525879	114493.8359375
39.3499984741211	122485.484375
39.3600006103516	130268.859375
39.3699989318848	138467.0625
39.3800010681152	145369.875
39.3899993896484	151550.953125
39.4000015258789	157719.3125
39.4099998474121	163713.5625
39.4199981689453	168079.5
39.4300003051758	169770.359375
39.439998626709	170114.953125
39.4500007629395	170487.25
39.4599990844727	169928.921875
39.4700012207031	167221.046875
39.4799995422363	164501.40625
39.4900016784668	160813.640625
39.5	155944.296875
39.5099983215332	151025.484375
39.5200004577637	145614.875
39.5299987792969	139003.65625
39.5400009155273	132190.046875
39.5499992370605	124705.765625
39.560001373291	116405.8515625
39.5699996948242	109160.5078125
39.5800018310547	102366.71875
39.5900001525879	95188.2265625
39.5999984741211	87661.515625
39.6100006103516	80972.234375
39.6199989318848	75146.671875
39.6300010681152	70221.109375
39.6399993896484	64362.51953125
39.6500015258789	59307.66796875
39.6599998474121	55417.79296875
39.6699981689453	51394.37890625
39.6800003051758	47666.9296875
39.689998626709	43560.3828125
39.7000007629395	39796.1796875
39.7099990844727	36708.59765625
39.7200012207031	34948.37890625
39.7299995422363	33535.16796875
39.7400016784668	31573.4609375
39.75	29714.806640625
39.7599983215332	27563.189453125
39.7700004577637	25681.529296875
39.7799987792969	24450.724609375
39.7900009155273	23960.4453125
39.7999992370605	22962.984375
39.810001373291	21378.75390625
39.8199996948242	20546.275390625
39.8300018310547	20173.818359375
39.8400001525879	19392.990234375
39.8499984741211	18502.099609375
39.8600006103516	17738.509765625
39.8699989318848	17156.3671875
39.8800010681152	16459.048828125
39.8899993896484	15976.4619140625
39.9000015258789	15623.9453125
39.9099998474121	14984.3759765625
39.9199981689453	14733.3330078125
39.9300003051758	14733.3330078125
39.939998626709	13904.267578125
39.9500007629395	13376.99609375
39.9599990844727	13506.3994140625
39.9700012207031	13104.298828125
39.9799995422363	12824.9794921875
39.9900016784668	12675.1748046875
40	12480.96875
40.0099983215332	12145.84765625
40.0200004577637	11886.9765625
40.0299987792969	11588.2607421875
40.0400009155273	11466.6669921875
40.0499992370605	11603.7724609375
40.060001373291	11713.314453125
40.0699996948242	11225.283203125
40.0800018310547	10920.16796875
40.0900001525879	11036.0400390625
40.0999984741211	10874.802734375
40.1100006103516	10809.623046875
40.1199989318848	10598.2314453125
40.1300010681152	10466.6669921875
40.1399993896484	10574.4345703125
40.1500015258789	10703.244140625
40.1599998474121	10317.66015625
40.1699981689453	10313.6650390625
40.1800003051758	10409.5908203125
40.189998626709	10482.3671875
40.2000007629395	10245.7978515625
40.2099990844727	10008.935546875
40.2200012207031	9903.0244140625
40.2299995422363	9930.1826171875
40.2400016784668	10162.1142578125
40.25	10427.8818359375
40.2599983215332	10390.3974609375
40.2700004577637	10153.896484375
40.2799987792969	9979.732421875
40.2900009155273	9650.939453125
40.2999992370605	9535.5224609375
40.310001373291	9524.9990234375
40.3199996948242	9567.572265625
40.3300018310547	9473.462890625
40.3400001525879	9215.65625
40.3499984741211	9118.666015625
40.3600006103516	9166.24609375
40.3699989318848	9418.0546875
40.3800010681152	9671.2958984375
40.3899993896484	9582.818359375
40.4000015258789	9064.0166015625
40.4099998474121	8902.0625
40.4199981689453	8981.9443359375
40.4300003051758	8834.12109375
40.439998626709	8768.8349609375
40.4500007629395	8999.171875
40.4599990844727	8981.814453125
40.4700012207031	8621.24609375
40.4799995422363	8621.0087890625
40.4900016784668	8648.0068359375
40.5	8511.52734375
40.5099983215332	8473.328125
40.5200004577637	8627.9794921875
40.5299987792969	8675.2265625
40.5400009155273	8532.3955078125
40.5499992370605	8274.9453125
40.560001373291	8273.650390625
40.5699996948242	8318.8486328125
40.5800018310547	8271.9658203125
40.5900001525879	8032.25732421875
40.5999984741211	7791.62744140625
40.6100006103516	7684.39501953125
40.6199989318848	7718.3681640625
40.6300010681152	7922.603515625
40.6399993896484	8062.50927734375
40.6500015258789	8204.638671875
40.6599998474121	8127.044921875
40.6699981689453	7877.884765625
40.6800003051758	7768.8701171875
40.689998626709	7897.84228515625
40.7000007629395	7865.59228515625
40.7099990844727	7824.1455078125
40.7200012207031	7943.13916015625
40.7299995422363	8023.845703125
40.7400016784668	8184.4306640625
40.75	8158.71044921875
40.7599983215332	8153.09521484375
40.7700004577637	8144.62841796875
40.7799987792969	7908.78955078125
40.7900009155273	7662.0302734375
40.7999992370605	7650.1474609375
40.810001373291	7731.76513671875
40.8199996948242	7745.32373046875
40.8300018310547	7732.3349609375
40.8400001525879	7720.3447265625
40.8499984741211	7679.505859375
40.8600006103516	7506.3203125
40.8699989318848	7539.6513671875
40.8800010681152	7852.130859375
40.8899993896484	7824.17626953125
40.9000015258789	7665.8125
40.9099998474121	7768.333984375
40.9199981689453	7808.029296875
40.9300003051758	7675.41064453125
40.939998626709	7691.05078125
40.9500007629395	7594.060546875
40.9599990844727	7382.02001953125
40.9700012207031	7343.0869140625
40.9799995422363	7475.63232421875
40.9900016784668	7471.47119140625
41	7338.42333984375
41.0099983215332	7291.03857421875
41.0200004577637	7310.15673828125
41.0299987792969	7440.380859375
41.0400009155273	7560.03369140625
41.0499992370605	7498.9755859375
41.060001373291	7429.4296875
41.0699996948242	7274.23291015625
41.0800018310547	7084.83154296875
41.0900001525879	7063.662109375
41.0999984741211	7122.8330078125
41.1100006103516	7219.634765625
41.1199989318848	7161.41943359375
41.1300010681152	7093.19970703125
41.1399993896484	7194.56982421875
41.1500015258789	7223.6298828125
41.1599998474121	7174.35546875
41.1699981689453	7244.68603515625
41.1800003051758	7350.8447265625
41.189998626709	7435.16259765625
41.2000007629395	7676.01513671875
41.2099990844727	7743.07421875
41.2200012207031	7449.65673828125
41.2299995422363	7202.8154296875
41.2400016784668	7443.17724609375
41.25	7792.64453125
41.2599983215332	7735.8876953125
41.2700004577637	7591.27001953125
41.2799987792969	7495.2412109375
41.2900009155273	7416.54931640625
41.2999992370605	7521.392578125
41.310001373291	7499.6875
41.3199996948242	7362.4990234375
41.3300018310547	7370.822265625
41.3400001525879	7428.892578125
41.3499984741211	7508.146484375
41.3600006103516	7549.8349609375
41.3699989318848	7636.6279296875
41.3800010681152	7654.96435546875
41.3899993896484	7296.95068359375
41.4000015258789	7069.12255859375
41.4099998474121	7321.33984375
41.4199981689453	7426.62451171875
41.4300003051758	7329.94775390625
41.439998626709	7263.5947265625
41.4500007629395	7172.544921875
41.4599990844727	7020.06689453125
41.4700012207031	7265.9697265625
41.4799995422363	7445.42333984375
41.4900016784668	7105.49462890625
41.5	6986.59130859375
41.5099983215332	7147.45654296875
41.5200004577637	7339.6494140625
41.5299987792969	7367.513671875
41.5400009155273	7397.33984375
41.5499992370605	7324.080078125
41.560001373291	7183.33349609375
41.5699996948242	7253.80419921875
41.5800018310547	7278.662109375
41.5900001525879	7189.40087890625
41.5999984741211	7259.34765625
41.6100006103516	7324.6220703125
41.6199989318848	7142.97802734375
41.6300010681152	7258.3076171875
41.6399993896484	7435.28076171875
41.6500015258789	7230.29931640625
41.6599998474121	7127.72900390625
41.6699981689453	7240.47607421875
41.6800003051758	7481.36376953125
41.689998626709	7372.33935546875
41.7000007629395	7271.1484375
41.7099990844727	7390.23486328125
41.7200012207031	7320.67236328125
41.7299995422363	7218.6572265625
41.7400016784668	7224.92626953125
41.75	7342.82177734375
41.7599983215332	7278.10986328125
41.7700004577637	7098.86669921875
41.7799987792969	7128.79052734375
41.7900009155273	7402.51416015625
41.7999992370605	7480.0947265625
41.810001373291	7261.74658203125
41.8199996948242	7194.0087890625
41.8300018310547	7176.84912109375
41.8400001525879	7119.810546875
41.8499984741211	7173.9423828125
41.8600006103516	7179.705078125
41.8699989318848	7366.765625
41.8800010681152	7526.45654296875
41.8899993896484	7426.326171875
41.9000015258789	7503.83154296875
41.9099998474121	7560.68408203125
41.9199981689453	7480.99072265625
41.9300003051758	7400
41.939998626709	7545.53369140625
41.9500007629395	7614.2333984375
41.9599990844727	7346.35546875
41.9700012207031	7227.2275390625
41.9799995422363	7410.1708984375
41.9900016784668	7603.15869140625
42	7480.18017578125
42.0099983215332	7306.74658203125
42.0200004577637	7227.77197265625
42.0299987792969	7332.439453125
42.0400009155273	7345.60400390625
42.0499992370605	7271.1982421875
42.060001373291	7469.16650390625
42.0699996948242	7709.22802734375
42.0800018310547	7594.5048828125
42.0900001525879	7320.89599609375
42.0999984741211	7405.8076171875
42.1100006103516	7581.26171875
42.1199989318848	7372.95263671875
42.1300010681152	7087.98974609375
42.1399993896484	7036.68798828125
42.1500015258789	7202.23681640625
42.1599998474121	7398.3046875
42.1699981689453	7276.79345703125
42.1800003051758	7284.5205078125
42.189998626709	7266.2861328125
42.2000007629395	6873.34326171875
42.2099990844727	6677.826171875
42.2200012207031	6707.11279296875
42.2299995422363	6872.546875
42.2400016784668	7168.8583984375
42.25	7165.8203125
42.2599983215332	7203.71044921875
42.2700004577637	7138.12109375
42.2799987792969	7137.50244140625
42.2900009155273	7179.37548828125
42.2999992370605	7146.681640625
42.310001373291	7195.22509765625
42.3199996948242	6968.04345703125
42.3300018310547	6878.11328125
42.3400001525879	6922.09765625
42.3499984741211	6808.33349609375
42.3600006103516	6946.62841796875
42.3699989318848	7153.0654296875
42.3800010681152	6991.708984375
42.3899993896484	6745.9609375
42.4000015258789	6875.83251953125
42.4099998474121	7128.80859375
42.4199981689453	7094.73388671875
42.4300003051758	7180.142578125
42.439998626709	7075
42.4500007629395	7044.4287109375
42.4599990844727	6900.23828125
42.4700012207031	6796.3525390625
42.4799995422363	6906.8095703125
42.4900016784668	6894.08544921875
42.5	6815.97119140625
42.5099983215332	6830.00048828125
42.5200004577637	6811.5595703125
42.5299987792969	6683.33349609375
42.5400009155273	6742.765625
42.5499992370605	6891.4697265625
42.560001373291	6943.04541015625
42.5699996948242	6811.7041015625
42.5800018310547	6667.6025390625
42.5900001525879	6673.681640625
42.5999984741211	6645.40380859375
42.6100006103516	6770.4951171875
42.6199989318848	6886.998046875
42.6300010681152	6693.19873046875
42.6399993896484	6572.22509765625
42.6500015258789	6790.9560546875
42.6599998474121	6868.07666015625
42.6699981689453	6783.54638671875
42.6800003051758	6782.96337890625
42.689998626709	6755.66015625
42.7000007629395	6682.0478515625
42.7099990844727	6556.02392578125
42.7200012207031	6650.14453125
42.7299995422363	6783.86181640625
42.7400016784668	7094.65673828125
42.75	7161.33837890625
42.7599983215332	6722.83984375
42.7700004577637	6538.29638671875
42.7799987792969	6776.68505859375
42.7900009155273	6928.3583984375
42.7999992370605	6874.54248046875
42.810001373291	6925
42.8199996948242	6943.9580078125
42.8300018310547	6937.451171875
42.8400001525879	6734.08203125
42.8499984741211	6610.1845703125
42.8600006103516	6782.26416015625
42.8699989318848	6768.85546875
42.8800010681152	6874.98095703125
42.8899993896484	6895.36962890625
42.9000015258789	7097.7138671875
42.9099998474121	6776.9736328125
42.9199981689453	6490.16064453125
42.9300003051758	6408.96337890625
42.939998626709	6732.36669921875
42.9500007629395	6646.53857421875
42.9599990844727	6606.53662109375
42.9700012207031	6601.8173828125
42.9799995422363	6523.63330078125
42.9900016784668	6646.08544921875
43	6669.91748046875
43.0099983215332	6622.88623046875
43.0200004577637	6526.5302734375
43.0299987792969	6401.1806640625
43.0400009155273	6276.8125
43.0499992370605	6557.33740234375
43.060001373291	6623.220703125
43.0699996948242	6260.6064453125
43.0800018310547	6187.29248046875
43.0900001525879	6522.4970703125
43.0999984741211	6828.466796875
43.1100006103516	6550.75146484375
43.1199989318848	6290.98388671875
43.1300010681152	6582.47998046875
43.1399993896484	6472.80810546875
43.1500015258789	6448.25146484375
43.1599998474121	6340.7001953125
43.1699981689453	6448.82177734375
43.1800003051758	6476.169921875
43.189998626709	6535.50048828125
43.2000007629395	6658.005859375
43.2099990844727	6729.92431640625
43.2200012207031	6606.4267578125
43.2299995422363	6357.345703125
43.2400016784668	6398.32470703125
43.25	6511.17822265625
43.2599983215332	6279.15576171875
43.2700004577637	6123.40234375
43.2799987792969	6426.33447265625
43.2900009155273	6666.60205078125
43.2999992370605	6524.26708984375
43.310001373291	6481.93994140625
43.3199996948242	6415.345703125
43.3300018310547	6427.13037109375
43.3400001525879	6593.89697265625
43.3499984741211	6595.5576171875
43.3600006103516	6508.1162109375
43.3699989318848	6306.60986328125
43.3800010681152	6353.5244140625
43.3899993896484	6446.4443359375
43.4000015258789	6439.81005859375
43.4099998474121	6334.00390625
43.4199981689453	6409.23095703125
43.4300003051758	6526.31591796875
43.439998626709	6598.63671875
43.4500007629395	6420.1640625
43.4599990844727	6278.1572265625
43.4700012207031	6097.64794921875
43.4799995422363	6098.48046875
43.4900016784668	6302.28564453125
43.5	6389.556640625
43.5099983215332	6223.2353515625
43.5200004577637	5993.0166015625
43.5299987792969	6300
43.5400009155273	6252.8388671875
43.5499992370605	6081.79345703125
43.560001373291	6132.1201171875
43.5699996948242	6501.19287109375
43.5800018310547	6471.708984375
43.5900001525879	6716.830078125
43.5999984741211	6421.50390625
43.6100006103516	6136.24853515625
43.6199989318848	6364.27099609375
43.6300010681152	6355.74951171875
43.6399993896484	6247.052734375
43.6500015258789	6234.0986328125
43.6599998474121	6330.029296875
43.6699981689453	6156.10791015625
43.6800003051758	6366.703125
43.689998626709	6438.49755859375
43.7000007629395	6354.203125
43.7099990844727	6215.19482421875
43.7200012207031	6272.33837890625
43.7299995422363	6338.70849609375
43.7400016784668	6441.94189453125
43.75	6273.35498046875
43.7599983215332	6366.63623046875
43.7700004577637	6312.0263671875
43.7799987792969	6288.248046875
43.7900009155273	6204.05322265625
43.7999992370605	6288.40673828125
43.810001373291	6035.50146484375
43.8199996948242	6153.16015625
43.8300018310547	6239.34912109375
43.8400001525879	6309.515625
43.8499984741211	6353.6865234375
43.8600006103516	6271.46533203125
43.8699989318848	6258.33349609375
43.8800010681152	6246.08447265625
43.8899993896484	6217.4111328125
43.9000015258789	6233.0947265625
43.9099998474121	6057.17919921875
43.9199981689453	6157.82470703125
43.9300003051758	6314.96044921875
43.939998626709	6281.173828125
43.9500007629395	6193.57666015625
43.9599990844727	6251.5458984375
43.9700012207031	6193.337890625
43.9799995422363	6259.8564453125
43.9900016784668	6485.1142578125
44	6378.93115234375
44.0099983215332	6230.9462890625
44.0200004577637	6396.55078125
44.0299987792969	6445.814453125
44.0400009155273	6521.568359375
44.0499992370605	6355.76123046875
44.060001373291	6504.17431640625
44.0699996948242	6696.884765625
44.0800018310547	6525.90576171875
44.0900001525879	6433.25390625
44.0999984741211	6320.3232421875
44.1100006103516	6287.59814453125
44.1199989318848	6228.70849609375
44.1300010681152	6182.27197265625
44.1399993896484	6132.21630859375
44.1500015258789	6415.9052734375
44.1599998474121	6352.3916015625
44.1699981689453	6263.48779296875
44.1800003051758	6356.29150390625
44.189998626709	6468.88818359375
44.2000007629395	6297.01416015625
44.2099990844727	6200.34765625
44.2200012207031	6399.0966796875
44.2299995422363	6582.98291015625
44.2400016784668	6491.310546875
44.25	6272.88330078125
44.2599983215332	6407.501953125
44.2700004577637	6500.97607421875
44.2799987792969	6384.73779296875
44.2900009155273	6377.705078125
44.2999992370605	6297.232421875
44.310001373291	6256.8369140625
44.3199996948242	6299.0673828125
44.3300018310547	6144.0703125
44.3400001525879	6306.64306640625
44.3499984741211	6598.62060546875
44.3600006103516	6360.2958984375
44.3699989318848	6210.27880859375
44.3800010681152	5860.634765625
44.3899993896484	6044.75439453125
44.4000015258789	6036.21044921875
44.4099998474121	6132.60546875
44.4199981689453	6107.76806640625
44.4300003051758	6232.7236328125
44.439998626709	6187.14111328125
44.4500007629395	6186.900390625
44.4599990844727	6049.1337890625
44.4700012207031	5981.0986328125
44.4799995422363	6207.75537109375
44.4900016784668	6474.486328125
44.5	6334.78076171875
44.5099983215332	6110.8935546875
44.5200004577637	6206.25244140625
44.5299987792969	6398.82861328125
44.5400009155273	6452.333984375
44.5499992370605	6502.54345703125
44.560001373291	6415.498046875
44.5699996948242	6409.49365234375
44.5800018310547	6409.75537109375
44.5900001525879	6326.64208984375
44.5999984741211	6098.83984375
44.6100006103516	6211.68505859375
44.6199989318848	5967.78515625
44.6300010681152	6008.30859375
44.6399993896484	6187.53271484375
44.6500015258789	5969.0087890625
44.6599998474121	6180.39111328125
44.6699981689453	6339.171875
44.6800003051758	6052.35498046875
44.689998626709	6133.484375
44.7000007629395	6191.66650390625
44.7099990844727	6198.97509765625
44.7200012207031	6238.6064453125
44.7299995422363	6170.66357421875
44.7400016784668	6259.3525390625
44.75	6243.41259765625
44.7599983215332	6090.0419921875
44.7700004577637	6203.978515625
44.7799987792969	6257.99267578125
44.7900009155273	6425.0380859375
44.7999992370605	6283.5107421875
44.810001373291	6148.7158203125
44.8199996948242	6075.95361328125
44.8300018310547	6068.20751953125
44.8400001525879	5994.98486328125
44.8499984741211	6314.69775390625
44.8600006103516	6033.33349609375
44.8699989318848	6042.4599609375
44.8800010681152	6113.953125
44.8899993896484	6090.7705078125
44.9000015258789	6079.7802734375
44.9099998474121	6027.998046875
44.9199981689453	5861.72119140625
44.9300003051758	6033.33349609375
44.939998626709	6029.0546875
44.9500007629395	6004.38037109375
44.9599990844727	6107.4326171875
44.9700012207031	6042.458984375
44.9799995422363	6186.00439453125
44.9900016784668	6064.03955078125
45	6107.78857421875
45.0099983215332	6043.37744140625
45.0200004577637	6196.10205078125
45.0299987792969	6023.486328125
45.0400009155273	6246.1259765625
45.0499992370605	6193.7646484375
45.060001373291	6057.58740234375
45.0699996948242	6125.82666015625
45.0800018310547	6038.11767578125
45.0900001525879	5929.1552734375
45.0999984741211	6072.865234375
45.1100006103516	6237.93408203125
45.1199989318848	6344.44580078125
45.1300010681152	5999.80517578125
45.1399993896484	5831.94677734375
45.1500015258789	6025.40283203125
45.1599998474121	6316.47607421875
45.1699981689453	6368.09765625
45.1800003051758	5905.6826171875
45.189998626709	5899.22216796875
45.2000007629395	6189.15380859375
45.2099990844727	6260.24951171875
45.2200012207031	6275.763671875
45.2299995422363	6187.0703125
45.2400016784668	6225.33935546875
45.25	6129.85595703125
45.2599983215332	6201.8505859375
45.2700004577637	6316.78125
45.2799987792969	6097.083984375
45.2900009155273	6064.08642578125
45.2999992370605	6136.56005859375
45.310001373291	6050.4404296875
45.3199996948242	5837.68798828125
45.3300018310547	6027.5419921875
45.3400001525879	6177.974609375
45.3499984741211	6092.07958984375
45.3600006103516	5995.2861328125
45.3699989318848	6302.04931640625
45.3800010681152	6325.7666015625
45.3899993896484	6215.78271484375
45.4000015258789	6338.22119140625
45.4099998474121	6413.78076171875
45.4199981689453	6357.2041015625
45.4300003051758	6192.55517578125
45.439998626709	6072.6142578125
45.4500007629395	6173.201171875
45.4599990844727	6136.8056640625
45.4700012207031	6054.3408203125
45.4799995422363	6134.18603515625
45.4900016784668	6157.115234375
45.5	6311.38330078125
45.5099983215332	6678.77099609375
45.5200004577637	6418.67626953125
45.5299987792969	6299.8037109375
45.5400009155273	6471.2236328125
45.5499992370605	6565.1787109375
45.560001373291	6532.60498046875
45.5699996948242	6516.31005859375
45.5800018310547	6497.5205078125
45.5900001525879	6247.6123046875
45.5999984741211	6192
45.6100006103516	6214.6552734375
45.6199989318848	6567.6865234375
45.6300010681152	6394.8134765625
45.6399993896484	6678.6552734375
45.6500015258789	6335.98779296875
45.6599998474121	6423.8447265625
45.6699981689453	6856.0966796875
45.6800003051758	6778.61474609375
45.689998626709	6394.57373046875
45.7000007629395	6484.35986328125
45.7099990844727	6517.91162109375
45.7200012207031	6562.677734375
45.7299995422363	6704.82763671875
45.7400016784668	6585.59423828125
45.75	6663.38916015625
45.7599983215332	6546.09521484375
45.7700004577637	6726.220703125
45.7799987792969	7111.2685546875
45.7900009155273	7228.630859375
45.7999992370605	7019.94580078125
45.810001373291	6799.27587890625
45.8199996948242	7155.85302734375
45.8300018310547	7030.3349609375
45.8400001525879	6871.24365234375
45.8499984741211	6669.09228515625
45.8600006103516	6804.4140625
45.8699989318848	6569.7294921875
45.8800010681152	6770.26904296875
45.8899993896484	7012.3896484375
45.9000015258789	6703.88671875
45.9099998474121	7006.9677734375
45.9199981689453	6885.72509765625
45.9300003051758	6345.21533203125
45.939998626709	6701.3505859375
45.9500007629395	6849.45947265625
45.9599990844727	6781.59130859375
45.9700012207031	6539.40478515625
45.9799995422363	6185.18359375
45.9900016784668	6525.4521484375
46	6625.30224609375
46.0099983215332	6708.447265625
46.0200004577637	6749.67822265625
46.0299987792969	6575.2841796875
46.0400009155273	6874.9814453125
46.0499992370605	6550.27099609375
46.060001373291	6483.4482421875
46.0699996948242	6666.1875
46.0800018310547	6508.8876953125
46.0900001525879	6433.66259765625
46.0999984741211	6250.966796875
46.1100006103516	6341.10205078125
46.1199989318848	6424.4130859375
46.1300010681152	6582.078125
46.1399993896484	6252.9375
46.1500015258789	6357.283203125
46.1599998474121	6449.0302734375
46.1699981689453	6482.951171875
46.1800003051758	6656.17431640625
46.189998626709	6296.51318359375
46.2000007629395	6316.314453125
46.2099990844727	6694.259765625
46.2200012207031	6675.396484375
46.2299995422363	6535.703125
46.2400016784668	6492.39990234375
46.25	6647.07421875
46.2599983215332	6560.107421875
46.2700004577637	6688.97021484375
46.2799987792969	6585.61865234375
46.2900009155273	6477.3798828125
46.2999992370605	6711.14697265625
46.310001373291	6708.53076171875
46.3199996948242	6667.69091796875
46.3300018310547	6707.27294921875
46.3400001525879	6813.81591796875
46.3499984741211	6638.31640625
46.3600006103516	6617.13427734375
46.3699989318848	6802.7919921875
46.3800010681152	6848.75927734375
46.3899993896484	6712.673828125
46.4000015258789	7095.73193359375
46.4099998474121	6995.4423828125
46.4199981689453	6629.12646484375
46.4300003051758	6318.84326171875
46.439998626709	6404.8388671875
46.4500007629395	6440.47314453125
46.4599990844727	6385.47216796875
46.4700012207031	6503.6435546875
46.4799995422363	6716.68505859375
46.4900016784668	6821.07666015625
46.5	6657.01513671875
46.5099983215332	6713.9375
46.5200004577637	6317.4140625
46.5299987792969	6523.38232421875
46.5400009155273	6716.6630859375
46.5499992370605	7139.11572265625
46.560001373291	6672.97607421875
46.5699996948242	6467.1591796875
46.5800018310547	6577.47119140625
46.5900001525879	6988.04248046875
46.5999984741211	7135.18798828125
46.6100006103516	6967.396484375
46.6199989318848	6720.90380859375
46.6300010681152	6795.3134765625
46.6399993896484	6823.70068359375
46.6500015258789	6998.6513671875
46.6599998474121	7237.03369140625
46.6699981689453	7021.5029296875
46.6800003051758	6976.8447265625
46.689998626709	6967.134765625
46.7000007629395	6966.66650390625
46.7099990844727	6464.18701171875
46.7200012207031	6707.8828125
46.7299995422363	7046.3291015625
46.7400016784668	7262.42529296875
46.75	7079.41552734375
46.7599983215332	6949.42041015625
46.7700004577637	6933.85693359375
46.7799987792969	7042.5693359375
46.7900009155273	6878.49609375
46.7999992370605	7186.00390625
46.810001373291	6795.89794921875
46.8199996948242	6665.59326171875
46.8300018310547	6720.47705078125
46.8400001525879	6802.61083984375
46.8499984741211	6606.72412109375
46.8600006103516	6428.97265625
46.8699989318848	6509.55224609375
46.8800010681152	6439.33056640625
46.8899993896484	6340.61279296875
46.9000015258789	6441.41162109375
46.9099998474121	6442.287109375
46.9199981689453	6472.4912109375
46.9300003051758	6436.50341796875
46.939998626709	6125.6318359375
46.9500007629395	5992.39990234375
46.9599990844727	6244.416015625
46.9700012207031	6143.9130859375
46.9799995422363	6202.32080078125
46.9900016784668	6369.162109375
47	6322.11962890625
47.0099983215332	6140.8330078125
47.0200004577637	6300.67822265625
47.0299987792969	6408.24365234375
47.0400009155273	6370.9189453125
47.0499992370605	6305.7236328125
47.060001373291	6360.88916015625
47.0699996948242	6244.99560546875
47.0800018310547	6081.37939453125
47.0900001525879	6294.39599609375
47.0999984741211	6445.59912109375
47.1100006103516	6359.8251953125
47.1199989318848	6244.0078125
47.1300010681152	6528.33544921875
47.1399993896484	6286.26416015625
47.1500015258789	5722.22705078125
47.1599998474121	6089.13720703125
47.1699981689453	6314.23193359375
47.1800003051758	6355.92578125
47.189998626709	6252.99560546875
47.2000007629395	6068.76416015625
47.2099990844727	6034.978515625
47.2200012207031	6303.4853515625
47.2299995422363	6130.8984375
47.2400016784668	5943.53173828125
47.25	5895.0625
47.2599983215332	5996.35546875
47.2700004577637	6157.7568359375
47.2799987792969	6100.35400390625
47.2900009155273	6196.07861328125
47.2999992370605	6223.236328125
47.310001373291	6076.10302734375
47.3199996948242	6088.08642578125
47.3300018310547	6262.5966796875
47.3400001525879	6313.0341796875
47.3499984741211	6094.107421875
47.3600006103516	6074.07861328125
47.3699989318848	6060.18896484375
47.3800010681152	5984.3427734375
47.3899993896484	5997.177734375
47.4000015258789	6088.63232421875
47.4099998474121	6181.1748046875
47.4199981689453	6169.54736328125
47.4300003051758	6277.1650390625
47.439998626709	6225.42578125
47.4500007629395	6260.7880859375
47.4599990844727	6134.41845703125
47.4700012207031	6168.05126953125
47.4799995422363	6116.326171875
47.4900016784668	5991.0888671875
47.5	6209.28271484375
47.5099983215332	6029.53466796875
47.5200004577637	6080.39306640625
47.5299987792969	5887.208984375
47.5400009155273	6026.13330078125
47.5499992370605	5824.03369140625
47.560001373291	6228.63720703125
47.5699996948242	6357.15478515625
47.5800018310547	6126.75439453125
47.5900001525879	6157.0400390625
47.5999984741211	6377.12890625
47.6100006103516	6422.83544921875
47.6199989318848	6294.59765625
47.6300010681152	6195.37939453125
47.6399993896484	6002.5361328125
47.6500015258789	6047.25537109375
47.6599998474121	6152.18310546875
47.6699981689453	6159.45361328125
47.6800003051758	6079.06103515625
47.689998626709	6196.271484375
47.7000007629395	6504.4248046875
47.7099990844727	6542.8125
47.7200012207031	6606.298828125
47.7299995422363	6250.73779296875
47.7400016784668	6213.1728515625
47.75	6087.7412109375
47.7599983215332	6209.7919921875
47.7700004577637	6390.63330078125
47.7799987792969	6280.935546875
47.7900009155273	6058.4833984375
47.7999992370605	6124.83740234375
47.810001373291	6234.2919921875
47.8199996948242	6413.732421875
47.8300018310547	6384.76611328125
47.8400001525879	6303.9365234375
47.8499984741211	6092.8623046875
47.8600006103516	5717.82373046875
47.8699989318848	6048.15966796875
47.8800010681152	6449.50048828125
47.8899993896484	6218.24267578125
47.9000015258789	6138.3896484375
47.9099998474121	6267.53125
47.9199981689453	6235.21142578125
47.9300003051758	5935.92041015625
47.939998626709	6038.31396484375
47.9500007629395	6256.7041015625
47.9599990844727	6284.63427734375
47.9700012207031	6297.3857421875
47.9799995422363	6370.2001953125
47.9900016784668	6418.40283203125
48	6179.72705078125
48.0099983215332	6189.3466796875
48.0200004577637	6276.95166015625
48.0299987792969	6305.6455078125
48.0400009155273	6259.44921875
48.0499992370605	6312.7958984375
48.060001373291	6527.16650390625
48.0699996948242	6538.8056640625
48.0800018310547	6345.43701171875
48.0900001525879	6238.802734375
48.0999984741211	6148.58251953125
48.1100006103516	6133.33349609375
48.1199989318848	6070.9189453125
48.1300010681152	6148.4091796875
48.1399993896484	6353.58447265625
48.1500015258789	6357.08251953125
48.1599998474121	6184.13916015625
48.1699981689453	6350.24072265625
48.1800003051758	6439.95849609375
48.189998626709	6422.4287109375
48.2000007629395	6650.8203125
48.2099990844727	6658.71484375
48.2200012207031	6601.87548828125
48.2299995422363	6749.65234375
48.2400016784668	6872.55224609375
48.25	6802.525390625
48.2599983215332	6762.7802734375
48.2700004577637	6621.4306640625
48.2799987792969	6755.8076171875
48.2900009155273	6784.83349609375
48.2999992370605	7042.7724609375
48.310001373291	7093.1787109375
48.3199996948242	6921.27880859375
48.3300018310547	6767.5703125
48.3400001525879	6802.89990234375
48.3499984741211	6809.86865234375
48.3600006103516	7032.46630859375
48.3699989318848	7069.76123046875
48.3800010681152	7025.98583984375
48.3899993896484	7043.763671875
48.4000015258789	6962.0107421875
48.4099998474121	6934.904296875
48.4199981689453	6933.33349609375
48.4300003051758	6811.81787109375
48.439998626709	6877.763671875
48.4500007629395	6738.259765625
48.4599990844727	6868.33349609375
48.4700012207031	6827.60302734375
48.4799995422363	6546.18701171875
48.4900016784668	6503.48095703125
48.5	6535.173828125
48.5099983215332	6709.2734375
48.5200004577637	6723.2060546875
48.5299987792969	6515.8857421875
48.5400009155273	6553.5966796875
48.5499992370605	6494.826171875
48.560001373291	6475
48.5699996948242	6388.29541015625
48.5800018310547	6386.658203125
48.5900001525879	6404.98291015625
48.5999984741211	6488.16162109375
48.6100006103516	6581.44580078125
48.6199989318848	6453.90087890625
48.6300010681152	6403.396484375
48.6399993896484	6777.8759765625
48.6500015258789	6583.5576171875
48.6599998474121	6587.7490234375
48.6699981689453	6482.7001953125
48.6800003051758	6258.40966796875
48.689998626709	6221.53515625
48.7000007629395	6330.52294921875
48.7099990844727	6338.56494140625
48.7200012207031	6195.0732421875
48.7299995422363	6072.8173828125
48.7400016784668	6102.57958984375
48.75	6399.03955078125
48.7599983215332	6330.654296875
48.7700004577637	6265.44482421875
48.7799987792969	6435.1796875
48.7900009155273	6555.31982421875
48.7999992370605	6418.07373046875
48.810001373291	6277.00537109375
48.8199996948242	6210.8359375
48.8300018310547	6154.34814453125
48.8400001525879	6161.21484375
48.8499984741211	6082.02978515625
48.8600006103516	6142.89697265625
48.8699989318848	6316.15087890625
48.8800010681152	6592.107421875
48.8899993896484	6379.34326171875
48.9000015258789	6468.546875
48.9099998474121	6464.8505859375
48.9199981689453	6398.228515625
48.9300003051758	6247.55029296875
48.939998626709	6305.23828125
48.9500007629395	6604.43359375
48.9599990844727	6451.1611328125
48.9700012207031	6293.12158203125
48.9799995422363	6350.36279296875
48.9900016784668	6452.19140625
49	6455.71875
49.0099983215332	6360.09765625
49.0200004577637	6519.3994140625
49.0299987792969	6427.55712890625
49.0400009155273	6396.1435546875
49.0499992370605	6425.59814453125
49.060001373291	6599.57958984375
49.0699996948242	6745.8291015625
49.0800018310547	6896.279296875
49.0900001525879	6831.291015625
49.0999984741211	6768.13916015625
49.1100006103516	6580.0654296875
49.1199989318848	6614.0576171875
49.1300010681152	6667.08984375
49.1399993896484	6636.89794921875
49.1500015258789	6783.623046875
49.1599998474121	6941.1044921875
49.1699981689453	6765.97607421875
49.1800003051758	6624.056640625
49.189998626709	6764.4033203125
49.2000007629395	7006.20068359375
49.2099990844727	6833.1083984375
49.2200012207031	7029.53369140625
49.2299995422363	7085.15869140625
49.2400016784668	7005.74169921875
49.25	6945.58837890625
49.2599983215332	7077.89794921875
49.2700004577637	7024.51953125
49.2799987792969	7085.78662109375
49.2900009155273	7053.9736328125
49.2999992370605	7027.0693359375
49.310001373291	6987.44873046875
49.3199996948242	7275.1552734375
49.3300018310547	7100.0927734375
49.3400001525879	6902.2099609375
49.3499984741211	6916.564453125
49.3600006103516	6858.55078125
49.3699989318848	7032.5830078125
49.3800010681152	7174.65478515625
49.3899993896484	6976.22705078125
49.4000015258789	6819.26220703125
49.4099998474121	6946.79931640625
49.4199981689453	7142.60009765625
49.4300003051758	7080.162109375
49.439998626709	6825.037109375
49.4500007629395	6805.6572265625
49.4599990844727	6880.60986328125
49.4700012207031	6887.65283203125
49.4799995422363	6914.1748046875
49.4900016784668	6746.271484375
49.5	6818.8046875
49.5099983215332	6737.46337890625
49.5200004577637	6439.6279296875
49.5299987792969	6423.70458984375
49.5400009155273	6327.26416015625
49.5499992370605	6540.85888671875
49.560001373291	6565.94384765625
49.5699996948242	6535.54541015625
49.5800018310547	6649.53515625
49.5900001525879	6642.78125
49.5999984741211	6435.73046875
49.6100006103516	6391.06787109375
49.6199989318848	6588.94677734375
49.6300010681152	6694.87255859375
49.6399993896484	6665.74072265625
49.6500015258789	6491.93310546875
49.6599998474121	6251.10400390625
49.6699981689453	6438.2373046875
49.6800003051758	6757.7001953125
49.689998626709	6435.7265625
49.7000007629395	6337.81591796875
49.7099990844727	6424.86669921875
49.7200012207031	6323.08984375
49.7299995422363	6347.45849609375
49.7400016784668	6272.43798828125
49.75	6287.58447265625
49.7599983215332	6266.173828125
49.7700004577637	6262.03515625
49.7799987792969	6314.76708984375
49.7900009155273	6255.23681640625
49.7999992370605	6315.03466796875
49.810001373291	6284.03076171875
49.8199996948242	6186.42822265625
49.8300018310547	6146.359375
49.8400001525879	6183.5400390625
49.8499984741211	6176.0927734375
49.8600006103516	5993.486328125
49.8699989318848	6044.3330078125
49.8800010681152	6193.013671875
49.8899993896484	6132.07275390625
49.9000015258789	5996.443359375
49.9099998474121	6077.26123046875
49.9199981689453	5839.81591796875
49.9300003051758	5825.9169921875
49.939998626709	5920.0478515625
49.9500007629395	5959.4453125
49.9599990844727	6144.30126953125
49.9700012207031	6080.595703125
49.9799995422363	6048.64453125
49.9900016784668	6194.17333984375
50	6261.80224609375
50.0099983215332	6290.2509765625
50.0200004577637	6276.43603515625
50.0299987792969	6231.3505859375
50.0400009155273	6316.64404296875
50.0499992370605	6387.71337890625
50.060001373291	6129.931640625
50.0699996948242	6163.318359375
50.0800018310547	6230.86083984375
50.0900001525879	6391.4482421875
50.0999984741211	6458.33349609375
50.1100006103516	6429.1025390625
50.1199989318848	6369.93701171875
50.1300010681152	6589.28564453125
50.1399993896484	6598.3662109375
50.1500015258789	6395.19580078125
50.1599998474121	6435.6064453125
50.1699981689453	6524.04833984375
50.1800003051758	6495.17431640625
50.189998626709	6666.6171875
50.2000007629395	6610.76025390625
50.2099990844727	6474.642578125
50.2200012207031	6308.455078125
50.2299995422363	6307.869140625
50.2400016784668	6547.26708984375
50.25	6687.88330078125
50.2599983215332	6656.3837890625
50.2700004577637	6691.00634765625
50.2799987792969	6526.5078125
50.2900009155273	6263.18408203125
50.2999992370605	6367.4169921875
50.310001373291	6645.42333984375
50.3199996948242	6647.1904296875
50.3300018310547	6642.76123046875
50.3400001525879	6721.39794921875
50.3499984741211	6727.0869140625
50.3600006103516	6670.87939453125
50.3699989318848	6638.56298828125
50.3800010681152	6313.36572265625
50.3899993896484	6355.05908203125
50.4000015258789	6396.03466796875
50.4099998474121	6346.50390625
50.4199981689453	6407.35986328125
50.4300003051758	6418.90869140625
50.439998626709	6408.33349609375
50.4500007629395	6493.53173828125
50.4599990844727	6357.40625
50.4700012207031	6235.30810546875
50.4799995422363	6363.96826171875
50.4900016784668	6422.01220703125
50.5	6207.400390625
50.5099983215332	6198.75
50.5200004577637	6309.421875
50.5299987792969	6330.3837890625
50.5400009155273	6375.73046875
50.5499992370605	6450.6875
50.560001373291	6311.81298828125
50.5699996948242	6283.9345703125
50.5800018310547	6184.74609375
50.5900001525879	6439.3193359375
50.5999984741211	6367.3427734375
50.6100006103516	6168.6796875
50.6199989318848	6253.767578125
50.6300010681152	6322.2607421875
50.6399993896484	6123.7919921875
50.6500015258789	5946.81884765625
50.6599998474121	5997.607421875
50.6699981689453	6119.71533203125
50.6800003051758	6241.88623046875
50.689998626709	6300.02978515625
50.7000007629395	6208.23974609375
50.7099990844727	6180.5576171875
50.7200012207031	6580.25927734375
50.7299995422363	6275.80419921875
50.7400016784668	5880.91015625
50.75	6096.26904296875
50.7599983215332	5920.77978515625
50.7700004577637	6051.30908203125
50.7799987792969	6293.8935546875
50.7900009155273	6258.8896484375
50.7999992370605	6189.09765625
50.810001373291	6224.58203125
50.8199996948242	6073.857421875
50.8300018310547	6115.328125
50.8400001525879	6287.74072265625
50.8499984741211	6171.4619140625
50.8600006103516	6061.39013671875
50.8699989318848	5940.37646484375
50.8800010681152	6075.01171875
50.8899993896484	6251.6064453125
50.9000015258789	6395.54443359375
50.9099998474121	6340.748046875
50.9199981689453	6376.119140625
50.9300003051758	6365.01318359375
50.939998626709	6562.18017578125
50.9500007629395	6596.2275390625
50.9599990844727	6511.92333984375
50.9700012207031	6502.53662109375
50.9799995422363	6589.78759765625
50.9900016784668	6562.7998046875
51	6595.47412109375
51.0099983215332	6822.91015625
51.0200004577637	6849.2333984375
51.0299987792969	6759.66748046875
51.0400009155273	6938.63623046875
51.0499992370605	6893.4541015625
51.060001373291	6781.36572265625
51.0699996948242	6944.5029296875
51.0800018310547	7122.4326171875
51.0900001525879	7053.68994140625
51.0999984741211	7029.29345703125
51.1100006103516	7017.77587890625
51.1199989318848	7123.421875
51.1300010681152	7089.7958984375
51.1399993896484	7129.76025390625
51.1500015258789	7065.578125
51.1599998474121	7112.3076171875
51.1699981689453	7148.28271484375
51.1800003051758	6946.4716796875
51.189998626709	6911.013671875
51.2000007629395	7040.607421875
51.2099990844727	7128.94384765625
51.2200012207031	7102.11279296875
51.2299995422363	6952.7255859375
51.2400016784668	6989.56884765625
51.25	7182.681640625
51.2599983215332	7290.14990234375
51.2700004577637	7191.77197265625
51.2799987792969	7109.11865234375
51.2900009155273	6946.611328125
51.2999992370605	6779.06201171875
51.310001373291	6965.66552734375
51.3199996948242	7094.72412109375
51.3300018310547	6949.34130859375
51.3400001525879	6819.26513671875
51.3499984741211	6865.33984375
51.3600006103516	6813.69140625
51.3699989318848	6774.09375
51.3800010681152	6820.076171875
51.3899993896484	6757.7548828125
51.4000015258789	6844.57421875
51.4099998474121	6888.35107421875
51.4199981689453	6908.515625
51.4300003051758	6907.19970703125
51.439998626709	6755.88818359375
51.4500007629395	6758.48486328125
51.4599990844727	6829.18701171875
51.4700012207031	6810.4130859375
51.4799995422363	6833.302734375
51.4900016784668	6894.73388671875
51.5	6906.275390625
51.5099983215332	6874.0439453125
51.5200004577637	7024.3115234375
51.5299987792969	7187.18896484375
51.5400009155273	7209.4658203125
51.5499992370605	7148.26416015625
51.560001373291	7152.85107421875
51.5699996948242	7138.8466796875
51.5800018310547	7106.345703125
51.5900001525879	7476.3876953125
51.5999984741211	7713.48486328125
51.6100006103516	7711.51953125
51.6199989318848	7775.18994140625
51.6300010681152	7796.11279296875
51.6399993896484	7865.478515625
51.6500015258789	8044.9091796875
51.6599998474121	8253.1328125
51.6699981689453	8159.220703125
51.6800003051758	8055.11669921875
51.689998626709	8109.45556640625
51.7000007629395	8264.255859375
51.7099990844727	8561.1181640625
51.7200012207031	8664.3056640625
51.7299995422363	8580.529296875
51.7400016784668	8597.662109375
51.75	8826.6064453125
51.7599983215332	9112.6171875
51.7700004577637	9272.5185546875
51.7799987792969	9181.505859375
51.7900009155273	9292.61328125
51.7999992370605	9345.7646484375
51.810001373291	9659.26953125
51.8199996948242	9911.8896484375
51.8300018310547	10091.69921875
51.8400001525879	10411.9814453125
51.8499984741211	10449.142578125
51.8600006103516	10630.22265625
51.8699989318848	11219.5771484375
51.8800010681152	11645.8681640625
51.8899993896484	11952.7431640625
51.9000015258789	12543.5869140625
51.9099998474121	13167.7744140625
51.9199981689453	13508.65234375
51.9300003051758	13786.9970703125
51.939998626709	14186.892578125
51.9500007629395	14791.658203125
51.9599990844727	15634.5087890625
51.9700012207031	16402.6484375
51.9799995422363	17115.501953125
51.9900016784668	18198.96484375
52	19038.646484375
52.0099983215332	19986.19140625
52.0200004577637	20895.84375
52.0299987792969	22044.00390625
52.0400009155273	23402.36328125
52.0499992370605	24693.37109375
52.060001373291	25602.998046875
52.0699996948242	26470.412109375
52.0800018310547	27867.28515625
52.0900001525879	29341.986328125
52.0999984741211	30947.970703125
52.1100006103516	31961.04296875
52.1199989318848	32281.521484375
52.1300010681152	32923
52.1399993896484	33819.91796875
52.1500015258789	34037.3828125
52.1599998474121	34030.05859375
52.1699981689453	34018.0703125
52.1800003051758	33746.0703125
52.189998626709	32901.0546875
52.2000007629395	32866.890625
52.2099990844727	32630.814453125
52.2200012207031	31767.7890625
52.2299995422363	31482.14453125
52.2400016784668	31111.880859375
52.25	30396.19921875
52.2599983215332	29755.73828125
52.2700004577637	28981.58984375
52.2799987792969	28298.669921875
52.2900009155273	27403.498046875
52.2999992370605	25956.015625
52.310001373291	24898.25
52.3199996948242	23974.62890625
52.3300018310547	23001.55859375
52.3400001525879	22027.61328125
52.3499984741211	20974.642578125
52.3600006103516	20320.95703125
52.3699989318848	19689.234375
52.3800010681152	18739.369140625
52.3899993896484	17650.080078125
52.4000015258789	16910.447265625
52.4099998474121	16154.3759765625
52.4199981689453	15674.4423828125
52.4300003051758	15015.705078125
52.439998626709	14154.4296875
52.4500007629395	13845.2109375
52.4599990844727	13468.4248046875
52.4700012207031	13139.0751953125
52.4799995422363	12713.0732421875
52.4900016784668	12028.86328125
52.5	11757.1767578125
52.5099983215332	11765.470703125
52.5200004577637	11577.4404296875
52.5299987792969	11218.125
52.5400009155273	11011.9833984375
52.5499992370605	11140.0166015625
52.560001373291	11025.884765625
52.5699996948242	10613.013671875
52.5800018310547	10333.8857421875
52.5900001525879	10064.341796875
52.5999984741211	9921.39453125
52.6100006103516	9910.830078125
52.6199989318848	9984.9453125
52.6300010681152	10040.5703125
52.6399993896484	9863.73828125
52.6500015258789	9827.470703125
52.6599998474121	9815.3505859375
52.6699981689453	9468.0791015625
52.6800003051758	9296.9462890625
52.689998626709	9516.2626953125
52.7000007629395	9339.6572265625
52.7099990844727	9246.18359375
52.7200012207031	9525.7265625
52.7299995422363	9626.62890625
52.7400016784668	9785.796875
52.75	9906.3359375
52.7599983215332	9737.8232421875
52.7700004577637	9514.193359375
52.7799987792969	9526.4091796875
52.7900009155273	9758.0908203125
52.7999992370605	10134.19921875
52.810001373291	10319.408203125
52.8199996948242	10512.384765625
52.8300018310547	10457.2265625
52.8400001525879	10334.2568359375
52.8499984741211	10597.017578125
52.8600006103516	10904.396484375
52.8699989318848	10911.37109375
52.8800010681152	10796.427734375
52.8899993896484	10591.5185546875
52.9000015258789	10468.4208984375
52.9099998474121	10349.9013671875
52.9199981689453	10384.1748046875
52.9300003051758	10646.9765625
52.939998626709	10592.28515625
52.9500007629395	10385.810546875
52.9599990844727	10369.98046875
52.9700012207031	10486.9609375
52.9799995422363	10608.634765625
52.9900016784668	10558.623046875
53	10670.490234375
53.0099983215332	10761.1494140625
53.0200004577637	10612.6416015625
53.0299987792969	10583.4140625
53.0400009155273	10506.732421875
53.0499992370605	10349.251953125
53.060001373291	10431.6806640625
53.0699996948242	10659.62109375
53.0800018310547	10604.2216796875
53.0900001525879	10751.25
53.0999984741211	10874.7412109375
53.1100006103516	10652.2333984375
53.1199989318848	10645.55078125
53.1300010681152	10949.9423828125
53.1399993896484	11218.9990234375
53.1500015258789	11084.4501953125
53.1599998474121	10827.3203125
53.1699981689453	10911.2216796875
53.1800003051758	11064.1298828125
53.189998626709	11150.6650390625
53.2000007629395	11253.1806640625
53.2099990844727	11251.33984375
53.2200012207031	11315.15625
53.2299995422363	11534.1845703125
53.2400016784668	11614.2490234375
53.25	11592.2626953125
53.2599983215332	11492.9384765625
53.2700004577637	11457.9404296875
53.2799987792969	11508.3330078125
53.2900009155273	11744.1298828125
53.2999992370605	11652.18359375
53.310001373291	11493.8115234375
53.3199996948242	11481.2802734375
53.3300018310547	11422.6982421875
53.3400001525879	11560.7294921875
53.3499984741211	11768.9638671875
53.3600006103516	11742.87109375
53.3699989318848	11611.2470703125
53.3800010681152	11613.7333984375
53.3899993896484	11668.6083984375
53.4000015258789	11682.3779296875
53.4099998474121	11789.9091796875
53.4199981689453	11961.56640625
53.4300003051758	11867.283203125
53.439998626709	11838.685546875
53.4500007629395	12069.291015625
53.4599990844727	12134.703125
53.4700012207031	12192.7802734375
53.4799995422363	12287.29296875
53.4900016784668	12287.703125
53.5	12095.193359375
53.5099983215332	12235.1025390625
53.5200004577637	12341.955078125
53.5299987792969	12092.2685546875
53.5400009155273	11934.009765625
53.5499992370605	11758.365234375
53.560001373291	11866.421875
53.5699996948242	12006.6142578125
53.5800018310547	11866.9697265625
53.5900001525879	11839.9609375
53.5999984741211	11848.078125
53.6100006103516	11441.1982421875
53.6199989318848	11332.9208984375
53.6300010681152	11671.119140625
53.6399993896484	11632.1533203125
53.6500015258789	11526.40625
53.6599998474121	11407.4423828125
53.6699981689453	11180.943359375
53.6800003051758	11009.5361328125
53.689998626709	10594.79296875
53.7000007629395	10454.6005859375
53.7099990844727	10659.7392578125
53.7200012207031	10622.734375
53.7299995422363	10400.5576171875
53.7400016784668	10330.7490234375
53.75	10250.814453125
53.7599983215332	10146.517578125
53.7700004577637	10251.6884765625
53.7799987792969	10359.052734375
53.7900009155273	10128
53.7999992370605	9815.5166015625
53.810001373291	9715.8837890625
53.8199996948242	9607.1435546875
53.8300018310547	9609.4609375
53.8400001525879	9696.166015625
53.8499984741211	9577.09765625
53.8600006103516	9331.8037109375
53.8699989318848	9296.767578125
53.8800010681152	9265.44140625
53.8899993896484	9073.9619140625
53.9000015258789	8831.7734375
53.9099998474121	8843.166015625
53.9199981689453	8995.7978515625
53.9300003051758	9109.220703125
53.939998626709	9153.693359375
53.9500007629395	9079.142578125
53.9599990844727	9129.427734375
53.9700012207031	9108.041015625
53.9799995422363	9004.080078125
53.9900016784668	8841.39453125
54	8495.5966796875
54.0099983215332	8408.3564453125
54.0200004577637	8633.2587890625
54.0299987792969	8733.3330078125
54.0400009155273	8695.9306640625
54.0499992370605	8650.029296875
54.060001373291	8583.5927734375
54.0699996948242	8471.1240234375
54.0800018310547	8416.6669921875
54.0900001525879	8354.6181640625
54.0999984741211	8481.7724609375
54.1100006103516	8369.462890625
54.1199989318848	8173.833984375
54.1300010681152	8196.8798828125
54.1399993896484	7918.83740234375
54.1500015258789	7786.80859375
54.1599998474121	7788.2412109375
54.1699981689453	7889.353515625
54.1800003051758	7943.349609375
54.189998626709	7796.4501953125
54.2000007629395	7778.8046875
54.2099990844727	7861.3564453125
54.2200012207031	7994.4716796875
54.2299995422363	7838.033203125
54.2400016784668	7514.3427734375
54.25	7388.32421875
54.2599983215332	7272.646484375
54.2700004577637	7159.12744140625
54.2799987792969	7320.05078125
54.2900009155273	7403.2080078125
54.2999992370605	7246.60888671875
54.310001373291	7095.1044921875
54.3199996948242	7108.35498046875
54.3300018310547	7197.66748046875
54.3400001525879	7181.8203125
54.3499984741211	7140.48828125
54.3600006103516	6892.44873046875
54.3699989318848	6821.9736328125
54.3800010681152	7077.67724609375
54.3899993896484	7081.09912109375
54.4000015258789	6891.96484375
54.4099998474121	6791.01611328125
54.4199981689453	6691.66650390625
54.4300003051758	6699.67919921875
54.439998626709	6692.32421875
54.4500007629395	6722.982421875
54.4599990844727	6794.9736328125
54.4700012207031	6792.72119140625
54.4799995422363	6647.0546875
54.4900016784668	6508.7001953125
54.5	6643.25927734375
54.5099983215332	6724.46337890625
54.5200004577637	6605.92041015625
54.5299987792969	6646.0263671875
54.5400009155273	6725.40478515625
54.5499992370605	6700.8251953125
54.560001373291	6608.1591796875
54.5699996948242	6457.8037109375
54.5800018310547	6430.72021484375
54.5900001525879	6459.66259765625
54.5999984741211	6559.455078125
54.6100006103516	6696.0625
54.6199989318848	6530.38525390625
54.6300010681152	6495.40576171875
54.6399993896484	6603.3681640625
54.6500015258789	6494.599609375
54.6599998474121	6504.3623046875
54.6699981689453	6633.7197265625
54.6800003051758	6656.98046875
54.689998626709	6549.7275390625
54.7000007629395	6537.97900390625
54.7099990844727	6615.59765625
54.7200012207031	6461.9248046875
54.7299995422363	6200.50537109375
54.7400016784668	6338.84228515625
54.75	6451.26904296875
54.7599983215332	6435.8154296875
54.7700004577637	6440.4775390625
54.7799987792969	6355.7421875
54.7900009155273	6481.5478515625
54.7999992370605	6454.2197265625
54.810001373291	6341.4677734375
54.8199996948242	6252.47216796875
54.8300018310547	6366.96728515625
54.8400001525879	6618.66796875
54.8499984741211	6658.33203125
54.8600006103516	6550.0478515625
54.8699989318848	6503.1826171875
54.8800010681152	6528.17138671875
54.8899993896484	6610.62646484375
54.9000015258789	6546.2294921875
54.9099998474121	6275.5888671875
54.9199981689453	6250.00634765625
54.9300003051758	6545.31298828125
54.939998626709	6583.6845703125
54.9500007629395	6199.10009765625
54.9599990844727	6232.0771484375
54.9700012207031	6477.92724609375
54.9799995422363	6525.19970703125
54.9900016784668	6659.138671875
55	6688.6318359375
55.0099983215332	6648.5009765625
55.0200004577637	6586.412109375
55.0299987792969	6614.22607421875
55.0400009155273	6638.82763671875
55.0499992370605	6492.05029296875
55.060001373291	6433.099609375
55.0699996948242	6441.94189453125
55.0800018310547	6448.052734375
55.0900001525879	6501.6455078125
55.0999984741211	6475.83056640625
55.1100006103516	6545.36865234375
55.1199989318848	6604.2275390625
55.1300010681152	6505.9716796875
55.1399993896484	6325.83984375
55.1500015258789	6310.240234375
55.1599998474121	6448.02294921875
55.1699981689453	6454.7998046875
55.1800003051758	6380.03076171875
55.189998626709	6408.9501953125
55.2000007629395	6560.96240234375
55.2099990844727	6547.314453125
55.2200012207031	6650.02099609375
55.2299995422363	6699.0712890625
55.2400016784668	6837.7802734375
55.25	6833.73876953125
55.2599983215332	6706.2001953125
55.2700004577637	6764.087890625
55.2799987792969	6686.2333984375
55.2900009155273	6713.52685546875
55.2999992370605	6798.03662109375
55.310001373291	6857.05859375
55.3199996948242	6878.98779296875
55.3300018310547	6852.66015625
55.3400001525879	6687.29541015625
55.3499984741211	6659.4599609375
55.3600006103516	6956.8505859375
55.3699989318848	6942.646484375
55.3800010681152	6861.97900390625
55.3899993896484	6979.5595703125
55.4000015258789	7008.58642578125
55.4099998474121	7036.40625
55.4199981689453	7190.42919921875
55.4300003051758	7193.21044921875
55.439998626709	7332.24560546875
55.4500007629395	7236.7158203125
55.4599990844727	6969.8525390625
55.4700012207031	7023.90869140625
55.4799995422363	7363.56591796875
55.4900016784668	7425
55.5	7497.00146484375
55.5099983215332	7739.1142578125
55.5200004577637	7933.33349609375
55.5299987792969	7936.921875
55.5400009155273	7873.55322265625
55.5499992370605	7829.88818359375
55.560001373291	7855.89306640625
55.5699996948242	7965.5703125
55.5800018310547	7982.23193359375
55.5900001525879	7646.54833984375
55.5999984741211	7701.9658203125
55.6100006103516	7866.8486328125
55.6199989318848	8052.37841796875
55.6300010681152	8288.6923828125
55.6399993896484	8213.8466796875
55.6500015258789	8275.197265625
55.6599998474121	8039.9169921875
55.6699981689453	7632.310546875
55.6800003051758	7492.3828125
55.689998626709	7655.84326171875
55.7000007629395	7856.38916015625
55.7099990844727	7806.5947265625
55.7200012207031	7468.046875
55.7299995422363	7350.56787109375
55.7400016784668	7394.7255859375
55.75	7169.376953125
55.7599983215332	7075.84130859375
55.7700004577637	7051.03125
55.7799987792969	7007.791015625
55.7900009155273	7006.7646484375
55.7999992370605	6947.8740234375
55.810001373291	6940.29833984375
55.8199996948242	6859.55126953125
55.8300018310547	6750.70849609375
55.8400001525879	6656.978515625
55.8499984741211	6515.9384765625
55.8600006103516	6428.7734375
55.8699989318848	6223.73486328125
55.8800010681152	6230.29638671875
55.8899993896484	6363.56884765625
55.9000015258789	6334.76513671875
55.9099998474121	6276.33837890625
55.9199981689453	6404.892578125
55.9300003051758	6300.326171875
55.939998626709	6055.33642578125
55.9500007629395	5966.6337890625
55.9599990844727	6125.36376953125
55.9700012207031	6151.20947265625
55.9799995422363	6060.677734375
55.9900016784668	6154.62744140625
56	6171.94580078125
56.0099983215332	6113.9931640625
56.0200004577637	6080.068359375
56.0299987792969	5891.88818359375
56.0400009155273	5861.42333984375
56.0499992370605	6066.56787109375
56.060001373291	6230.48828125
56.0699996948242	6085.5078125
56.0800018310547	5804.953125
56.0900001525879	5928.29443359375
56.0999984741211	6177.369140625
56.1100006103516	6216.13818359375
56.1199989318848	6185.408203125
56.1300010681152	6283.609375
56.1399993896484	6343.40478515625
56.1500015258789	6284.560546875
56.1599998474121	6191.74755859375
56.1699981689453	6189.9013671875
56.1800003051758	6066.453125
56.189998626709	5955.01904296875
56.2000007629395	5981.66845703125
56.2099990844727	6004.98828125
56.2200012207031	6021.67333984375
56.2299995422363	6053.21728515625
56.2400016784668	6134.88525390625
56.25	6115.3271484375
56.2599983215332	6064.73583984375
56.2700004577637	6072.07958984375
56.2799987792969	5952.0224609375
56.2900009155273	5904.8662109375
56.2999992370605	6030.4736328125
56.310001373291	6086.3154296875
56.3199996948242	5836.212890625
56.3300018310547	5778.830078125
56.3400001525879	6067.31884765625
56.3499984741211	6298.78466796875
56.3600006103516	6245.24072265625
56.3699989318848	6238.0771484375
56.3800010681152	6339.97021484375
56.3899993896484	6518.85302734375
56.4000015258789	6437.109375
56.4099998474121	6128.015625
56.4199981689453	6106.669921875
56.4300003051758	6179.1162109375
56.439998626709	6185.21337890625
56.4500007629395	6312.00830078125
56.4599990844727	6283.05322265625
56.4700012207031	6212.2373046875
56.4799995422363	6337.09130859375
56.4900016784668	6252.19970703125
56.5	6153.2197265625
56.5099983215332	6158.33349609375
56.5200004577637	6078.037109375
56.5299987792969	6014.16064453125
56.5400009155273	6305.7138671875
56.5499992370605	6601.9326171875
56.560001373291	6524.53955078125
56.5699996948242	6352.81298828125
56.5800018310547	6278.69970703125
56.5900001525879	6379.14501953125
56.5999984741211	6498.478515625
56.6100006103516	6502.33984375
56.6199989318848	6469.42919921875
56.6300010681152	6519.47900390625
56.6399993896484	6416.85107421875
56.6500015258789	6302.00927734375
56.6599998474121	6294.82470703125
56.6699981689453	6205.37060546875
56.6800003051758	6005.8935546875
56.689998626709	6011.9990234375
56.7000007629395	6254.80712890625
56.7099990844727	6397.7216796875
56.7200012207031	6284.24365234375
56.7299995422363	6229.19189453125
56.7400016784668	6331.31298828125
56.75	6451.048828125
56.7599983215332	6359.48583984375
56.7700004577637	6271.81103515625
56.7799987792969	6367.4619140625
56.7900009155273	6485.31591796875
56.7999992370605	6417.32763671875
56.810001373291	6122.87939453125
56.8199996948242	6050.77978515625
56.8300018310547	6350.43017578125
56.8400001525879	6487.0673828125
56.8499984741211	6506.80859375
56.8600006103516	6430.251953125
56.8699989318848	6440.38720703125
56.8800010681152	6303.76708984375
56.8899993896484	6141.6494140625
56.9000015258789	6304.8759765625
56.9099998474121	6238.6044921875
56.9199981689453	6352.60205078125
56.9300003051758	6460.59521484375
56.939998626709	6352.67626953125
56.9500007629395	6427.8671875
56.9599990844727	6435.85546875
56.9700012207031	6502.16064453125
56.9799995422363	6445.4736328125
56.9900016784668	6421.1982421875
57	6359.8310546875
57.0099983215332	6464.23095703125
57.0200004577637	6482.958984375
57.0299987792969	6252.46142578125
57.0400009155273	6225.50048828125
57.0499992370605	6315.04052734375
57.060001373291	6332.65380859375
57.0699996948242	6328.66796875
57.0800018310547	6352.99658203125
57.0900001525879	6325.4140625
57.0999984741211	6239.767578125
57.1100006103516	6361.80908203125
57.1199989318848	6562.328125
57.1300010681152	6348.205078125
57.1399993896484	6353.52099609375
57.1500015258789	6411.39599609375
57.1599998474121	6433.60205078125
57.1699981689453	6502.26025390625
57.1800003051758	6319.083984375
57.189998626709	6396.9560546875
57.2000007629395	6611.4375
57.2099990844727	6675.92333984375
57.2200012207031	6501.90869140625
57.2299995422363	6194.69140625
57.2400016784668	6204.4931640625
57.25	6485.51953125
57.2599983215332	6299.34423828125
57.2700004577637	6157.4609375
57.2799987792969	6119.1611328125
57.2900009155273	6070.43212890625
57.2999992370605	6133.93408203125
57.310001373291	6261.20751953125
57.3199996948242	6137.87353515625
57.3300018310547	6255.03271484375
57.3400001525879	6125.71044921875
57.3499984741211	6135.19482421875
57.3600006103516	6103.22021484375
57.3699989318848	6096.154296875
57.3800010681152	6030.14404296875
57.3899993896484	6071.6240234375
57.4000015258789	6260.6181640625
57.4099998474121	6368.7138671875
57.4199981689453	6333.595703125
57.4300003051758	6332.83154296875
57.439998626709	6271.4248046875
57.4500007629395	6296.56884765625
57.4599990844727	6495.5966796875
57.4700012207031	6517.87744140625
57.4799995422363	6309.2470703125
57.4900016784668	6223.79296875
57.5	6375.16943359375
57.5099983215332	6383.17529296875
57.5200004577637	6409.0654296875
57.5299987792969	6505.7802734375
57.5400009155273	6561.52197265625
57.5499992370605	6512.5126953125
57.560001373291	6274.60009765625
57.5699996948242	6270.0927734375
57.5800018310547	6436.5205078125
57.5900001525879	6432.6162109375
57.5999984741211	6303.1171875
57.6100006103516	6422.2919921875
57.6199989318848	6491.818359375
57.6300010681152	6583.35205078125
57.6399993896484	6502.6943359375
57.6500015258789	6330.54345703125
57.6599998474121	6391.63427734375
57.6699981689453	6452.685546875
57.6800003051758	6483.451171875
57.689998626709	6430.57275390625
57.7000007629395	6496.68017578125
57.7099990844727	6578.34619140625
57.7200012207031	6548.970703125
57.7299995422363	6733.5283203125
57.7400016784668	6705.48291015625
57.75	6670.1279296875
57.7599983215332	6536.72802734375
57.7700004577637	6444.68408203125
57.7799987792969	6443.92626953125
57.7900009155273	6491.83349609375
57.7999992370605	6455.97265625
57.810001373291	6430.23828125
57.8199996948242	6501.701171875
57.8300018310547	6588.9599609375
57.8400001525879	6553.603515625
57.8499984741211	6545.64404296875
57.8600006103516	6636.7734375
57.8699989318848	6532.46240234375
57.8800010681152	6435.20556640625
57.8899993896484	6561.43408203125
57.9000015258789	6694.93603515625
57.9099998474121	6685.39599609375
57.9199981689453	6810.49609375
57.9300003051758	6863.60888671875
57.939998626709	6591.66650390625
57.9500007629395	6559.7451171875
57.9599990844727	6584.6357421875
57.9700012207031	6693.15234375
57.9799995422363	6560.91552734375
57.9900016784668	6649.3525390625
58	6640.19677734375
58.0099983215332	6840.3984375
58.0200004577637	6883.767578125
58.0299987792969	6824.6005859375
58.0400009155273	6838.34375
58.0499992370605	7082.39501953125
58.060001373291	7009.3486328125
58.0699996948242	6780.22705078125
58.0800018310547	6922.15478515625
58.0900001525879	7184.88037109375
58.0999984741211	7099.50732421875
58.1100006103516	6996.42041015625
58.1199989318848	6972.24755859375
58.1300010681152	7094.59912109375
58.1399993896484	7146.54833984375
58.1500015258789	7122.0732421875
58.1599998474121	7187.703125
58.1699981689453	7110.76806640625
58.1800003051758	7090.51611328125
58.189998626709	7156.3583984375
58.2000007629395	7030.13720703125
58.2099990844727	6912.91943359375
58.2200012207031	6824.888671875
58.2299995422363	6912.75830078125
58.2400016784668	6877.97216796875
58.25	6718.06982421875
58.2599983215332	6729.0537109375
58.2700004577637	6742.03173828125
58.2799987792969	6568.78515625
58.2900009155273	6708.1533203125
58.2999992370605	6776.02880859375
58.310001373291	6738.4296875
58.3199996948242	6939.59716796875
58.3300018310547	6867.8486328125
58.3400001525879	6984.85546875
58.3499984741211	6864.10986328125
58.3600006103516	6797.49853515625
58.3699989318848	6781.67724609375
58.3800010681152	6671.0595703125
58.3899993896484	6501.52197265625
58.4000015258789	6551.01806640625
58.4099998474121	6502.30126953125
58.4199981689453	6559.232421875
58.4300003051758	6645.58203125
58.439998626709	6876.8447265625
58.4500007629395	6784.93896484375
58.4599990844727	6566.27294921875
58.4700012207031	6388.794921875
58.4799995422363	6449.03125
58.4900016784668	6515.685546875
58.5	6613.7568359375
58.5099983215332	6537.3486328125
58.5200004577637	6395.92626953125
58.5299987792969	6237.17724609375
58.5400009155273	6254.5087890625
58.5499992370605	6302.6865234375
58.560001373291	6530.44775390625
58.5699996948242	6569.34130859375
58.5800018310547	6414.0048828125
58.5900001525879	6395.61328125
58.5999984741211	6541.3251953125
58.6100006103516	6761.06689453125
58.6199989318848	6871.60546875
58.6300010681152	6797.9736328125
58.6399993896484	6447.4404296875
58.6500015258789	6432.3916015625
58.6599998474121	6592.8154296875
58.6699981689453	6550.001953125
58.6800003051758	6539.36474609375
58.689998626709	6420.20068359375
58.7000007629395	6523.45849609375
58.7099990844727	6748.55126953125
58.7200012207031	6814.57177734375
58.7299995422363	6750.93798828125
58.7400016784668	6776.64599609375
58.75	6705.5537109375
58.7599983215332	6750.48388671875
58.7700004577637	6687.74951171875
58.7799987792969	6809.48779296875
58.7900009155273	6938.97216796875
58.7999992370605	6692.13720703125
58.810001373291	6380.251953125
58.8199996948242	6465.302734375
58.8300018310547	6587.703125
58.8400001525879	6869.91064453125
58.8499984741211	6883.81884765625
58.8600006103516	6813.97412109375
58.8699989318848	6826.9091796875
58.8800010681152	7008.60009765625
58.8899993896484	6808.1552734375
58.9000015258789	6589.58935546875
58.9099998474121	6684.32568359375
58.9199981689453	6727.02490234375
58.9300003051758	6620.52587890625
58.939998626709	6665.89306640625
58.9500007629395	6559.841796875
58.9599990844727	6418.814453125
58.9700012207031	6652.18212890625
58.9799995422363	6593.84326171875
58.9900016784668	6331.96484375
59	6692.18701171875
59.0099983215332	6961.0888671875
59.0200004577637	6788.416015625
59.0299987792969	6691.32861328125
59.0400009155273	6865.76416015625
59.0499992370605	7118.1162109375
59.060001373291	6936.9599609375
59.0699996948242	6821.822265625
59.0800018310547	7130.57421875
59.0900001525879	7341.7177734375
59.0999984741211	7168.04638671875
59.1100006103516	6965.98876953125
59.1199989318848	7046.57666015625
59.1300010681152	7030.4521484375
59.1399993896484	6881.1337890625
59.1500015258789	6932.0869140625
59.1599998474121	7100.43408203125
59.1699981689453	7096.556640625
59.1800003051758	7049.427734375
59.189998626709	7087.1611328125
59.2000007629395	6979.03662109375
59.2099990844727	7071.40087890625
59.2200012207031	6916.7880859375
59.2299995422363	6794.48291015625
59.2400016784668	6888.896484375
59.25	7015.099609375
59.2599983215332	6937.75390625
59.2700004577637	6613.16015625
59.2799987792969	6786.5654296875
59.2900009155273	7091.2001953125
59.2999992370605	6939.05322265625
59.310001373291	6688.61279296875
59.3199996948242	6852.69091796875
59.3300018310547	6971.60498046875
59.3400001525879	7045.130859375
59.3499984741211	6869.7783203125
59.3600006103516	6679.10400390625
59.3699989318848	6616.0078125
59.3800010681152	6519.34033203125
59.3899993896484	6725.47412109375
59.4000015258789	6818.32080078125
59.4099998474121	6670.95361328125
59.4199981689453	6689.4111328125
59.4300003051758	6629.314453125
59.439998626709	6802.07373046875
59.4500007629395	6654.2138671875
59.4599990844727	6471.1650390625
59.4700012207031	6235.14013671875
59.4799995422363	6404.0771484375
59.4900016784668	6454.05419921875
59.5	6460.755859375
59.5099983215332	6395.462890625
59.5200004577637	6448.431640625
59.5299987792969	6333.4697265625
59.5400009155273	6271.51708984375
59.5499992370605	6213.45361328125
59.560001373291	6403.7099609375
59.5699996948242	6468.70068359375
59.5800018310547	6489.20947265625
59.5900001525879	6488.75927734375
59.5999984741211	6307.53271484375
59.6100006103516	6225.46044921875
59.6199989318848	6421.6103515625
59.6300010681152	6577.85986328125
59.6399993896484	6583.294921875
59.6500015258789	6219.63330078125
59.6599998474121	6195.9814453125
59.6699981689453	6361.6201171875
59.6800003051758	6486.73681640625
59.689998626709	6627.6787109375
59.7000007629395	6455.95166015625
59.7099990844727	6488.85986328125
59.7200012207031	6497.7626953125
59.7299995422363	6399.11181640625
59.7400016784668	6436.220703125
59.75	6385.77294921875
59.7599983215332	6403.921875
59.7700004577637	6587.62255859375
59.7799987792969	6801.43212890625
59.7900009155273	6819.6884765625
59.7999992370605	6732.2001953125
59.810001373291	6647.9736328125
59.8199996948242	6796.515625
59.8300018310547	6707.876953125
59.8400001525879	6749.11279296875
59.8499984741211	6615.53515625
59.8600006103516	6889.75244140625
59.8699989318848	6771.220703125
59.8800010681152	6738.1875
59.8899993896484	6875.47314453125
59.9000015258789	6617.37158203125
59.9099998474121	6595.47314453125
59.9199981689453	6720.4013671875
59.9300003051758	6974.888671875
59.939998626709	6563.24267578125
59.9500007629395	6674.412109375
59.9599990844727	6916.95703125
59.9700012207031	6892.26611328125
59.9799995422363	6535.150390625
59.9900016784668	6380.71142578125
60	6724.14208984375
60.0099983215332	6792.89501953125
60.0200004577637	6904.44287109375
60.0299987792969	6851.15185546875
60.0400009155273	7101.83837890625
60.0499992370605	7042.60107421875
60.060001373291	6968.67333984375
60.0699996948242	6862.63037109375
60.0800018310547	7068.62744140625
60.0900001525879	6998.322265625
60.0999984741211	6920.51904296875
60.1100006103516	6924.3232421875
60.1199989318848	7141.92822265625
60.1300010681152	7282.57080078125
60.1399993896484	7266.337890625
60.1500015258789	7230.80126953125
60.1599998474121	6911.55126953125
60.1699981689453	6997.76416015625
60.1800003051758	7077.0009765625
60.189998626709	7216.3134765625
60.2000007629395	7370.25146484375
60.2099990844727	7433.41455078125
60.2200012207031	7584.5400390625
60.2299995422363	7475.57177734375
60.2400016784668	7494.11572265625
60.25	7521.46826171875
60.2599983215332	7765.349609375
60.2700004577637	7596.18896484375
60.2799987792969	7641.5234375
60.2900009155273	7525.45751953125
60.2999992370605	7546.05322265625
60.310001373291	7601.52978515625
60.3199996948242	7902.98486328125
60.3300018310547	7641.82958984375
60.3400001525879	7808.6953125
60.3499984741211	7800.02001953125
60.3600006103516	7584.52783203125
60.3699989318848	7385.6708984375
60.3800010681152	7523.84033203125
60.3899993896484	7826.60205078125
60.4000015258789	8000.97216796875
60.4099998474121	7928.8828125
60.4199981689453	7987.82958984375
60.4300003051758	7858.89208984375
60.439998626709	7724.5029296875
60.4500007629395	7900.779296875
60.4599990844727	7733.7353515625
60.4700012207031	7872.19580078125
60.4799995422363	7954.193359375
60.4900016784668	7754.0576171875
60.5	8070.0234375
60.5099983215332	8031.42431640625
60.5200004577637	7813.30517578125
60.5299987792969	7778.3349609375
60.5400009155273	7821.673828125
60.5499992370605	7805.0146484375
60.560001373291	7834.71044921875
60.5699996948242	7965.38818359375
60.5800018310547	7753.76416015625
60.5900001525879	7646.0361328125
60.5999984741211	7859.5791015625
60.6100006103516	7888.11083984375
60.6199989318848	7530.7451171875
60.6300010681152	7430.57470703125
60.6399993896484	7607.12255859375
60.6500015258789	7556.033203125
60.6599998474121	7690.44140625
60.6699981689453	7832.51123046875
60.6800003051758	7681.52783203125
60.689998626709	7435.748046875
60.7000007629395	7221.15234375
60.7099990844727	7501.15966796875
60.7200012207031	7694.33740234375
60.7299995422363	7623.86767578125
60.7400016784668	7659.91650390625
60.75	7386.50048828125
60.7599983215332	7384.20166015625
60.7700004577637	7329.275390625
60.7799987792969	7427.35791015625
60.7900009155273	7630.783203125
60.7999992370605	7655.67724609375
60.810001373291	7432.8779296875
60.8199996948242	7169.6962890625
60.8300018310547	7373.99853515625
60.8400001525879	7645.00244140625
60.8499984741211	7190.31396484375
60.8600006103516	6885.498046875
60.8699989318848	6881.40869140625
60.8800010681152	7078.47802734375
60.8899993896484	7444.89013671875
60.9000015258789	7215.2705078125
60.9099998474121	7300.08935546875
60.9199981689453	7379.55859375
60.9300003051758	7380.294921875
60.939998626709	7279.57080078125
60.9500007629395	7223.49169921875
60.9599990844727	7203.12646484375
60.9700012207031	7131.16162109375
60.9799995422363	7174.64794921875
60.9900016784668	7530.4453125
61	7229.14794921875
61.0099983215332	7168.98974609375
61.0200004577637	7355.5625
61.0299987792969	7439.1171875
61.0400009155273	7370.64208984375
61.0499992370605	7518.14013671875
61.060001373291	7790.60546875
61.0699996948242	7932.8876953125
61.0800018310547	7884.36962890625
61.0900001525879	7832.5322265625
61.0999984741211	7821.14404296875
61.1100006103516	8164.1259765625
61.1199989318848	8188.77783203125
61.1300010681152	8219.6611328125
61.1399993896484	8440.517578125
61.1500015258789	8463.5341796875
61.1599998474121	8422.6279296875
61.1699981689453	8544.41796875
61.1800003051758	8852.6123046875
61.189998626709	9084.2236328125
61.2000007629395	8955.3505859375
61.2099990844727	8892.9462890625
61.2200012207031	8980.7421875
61.2299995422363	9629.640625
61.2400016784668	9847.13671875
61.25	9816.791015625
61.2599983215332	10002.9169921875
61.2700004577637	10319.439453125
61.2799987792969	10431.767578125
61.2900009155273	10820.23046875
61.2999992370605	11402.259765625
61.310001373291	11664.384765625
61.3199996948242	11573.154296875
61.3300018310547	12352.3076171875
61.3400001525879	12900.3203125
61.3499984741211	12932.1376953125
61.3600006103516	13618.478515625
61.3699989318848	14172.9560546875
61.3800010681152	14672.6044921875
61.3899993896484	15376.8564453125
61.4000015258789	15773.529296875
61.4099998474121	16157.03125
61.4199981689453	17177.2578125
61.4300003051758	17860.642578125
61.439998626709	18560.322265625
61.4500007629395	19516.677734375
61.4599990844727	20169.40234375
61.4700012207031	20695.009765625
61.4799995422363	21456.7421875
61.4900016784668	22430.501953125
61.5	23050.328125
61.5099983215332	23954.359375
61.5200004577637	24832.1171875
61.5299987792969	25747.609375
61.5400009155273	26949.921875
61.5499992370605	27697.541015625
61.560001373291	28245.908203125
61.5699996948242	29448.84375
61.5800018310547	30098.9609375
61.5900001525879	30078.423828125
61.5999984741211	31189.53125
61.6100006103516	31992.236328125
61.6199989318848	31371.86328125
61.6300010681152	31630.73828125
61.6399993896484	32163.353515625
61.6500015258789	32257.2578125
61.6599998474121	31792.669921875
61.6699981689453	31655.443359375
61.6800003051758	31885.447265625
61.689998626709	31579.462890625
61.7000007629395	31035.306640625
61.7099990844727	30383.14453125
61.7200012207031	29652.298828125
61.7299995422363	29748.828125
61.7400016784668	28696.490234375
61.75	27869.43359375
61.7599983215332	27157.23828125
61.7700004577637	27141.060546875
61.7799987792969	26698.130859375
61.7900009155273	26020.921875
61.7999992370605	25216.57421875
61.810001373291	24555.08203125
61.8199996948242	23585.703125
61.8300018310547	23433.51171875
61.8400001525879	22330.83203125
61.8499984741211	21595.228515625
61.8600006103516	20461.970703125
61.8699989318848	19586.349609375
61.8800010681152	19310.49609375
61.8899993896484	18656.365234375
61.9000015258789	17901.41015625
61.9099998474121	17034.314453125
61.9199981689453	16297.3046875
61.9300003051758	15553.4326171875
61.939998626709	15551.0517578125
61.9500007629395	15268.1416015625
61.9599990844727	14271.3076171875
61.9700012207031	13176.162109375
61.9799995422363	12690.7900390625
61.9900016784668	12184.27734375
62	11696.03125
62.0099983215332	11568.732421875
62.0200004577637	11215.0009765625
62.0299987792969	10927.7958984375
62.0400009155273	10829.85546875
62.0499992370605	10357.892578125
62.060001373291	9948.4638671875
62.0699996948242	10137.5693359375
62.0800018310547	9905.2421875
62.0900001525879	9316.25
62.0999984741211	9585.17578125
62.1100006103516	9523.3369140625
62.1199989318848	9367.7626953125
62.1300010681152	9131.7939453125
62.1399993896484	8953.9013671875
62.1500015258789	8562.060546875
62.1599998474121	8409.2470703125
62.1699981689453	8366.7841796875
62.1800003051758	8378.6796875
62.189998626709	8037.3515625
62.2000007629395	7910.48486328125
62.2099990844727	8001.03564453125
62.2200012207031	7707.32275390625
62.2299995422363	7661.3232421875
62.2400016784668	7732.98974609375
62.25	7292.23388671875
62.2599983215332	7513.8837890625
62.2700004577637	7389.28076171875
62.2799987792969	7468.2890625
62.2900009155273	7297.974609375
62.2999992370605	7262.14111328125
62.310001373291	7092.24462890625
62.3199996948242	6977.00390625
62.3300018310547	6962.7158203125
62.3400001525879	6746.021484375
62.3499984741211	6745.4072265625
62.3600006103516	6957.345703125
62.3699989318848	6942.12939453125
62.3800010681152	6857.84765625
62.3899993896484	6668.61962890625
62.4000015258789	6695.982421875
62.4099998474121	6812.9931640625
62.4199981689453	6948.92431640625
62.4300003051758	6739.416015625
62.439998626709	6656.416015625
62.4500007629395	6644.53173828125
62.4599990844727	6629.564453125
62.4700012207031	6350.1962890625
62.4799995422363	6412.89013671875
62.4900016784668	6388.0361328125
62.5	6399.70263671875
62.5099983215332	6191.60009765625
62.5200004577637	6136.15673828125
62.5299987792969	6248.15380859375
62.5400009155273	6415.8046875
62.5499992370605	6269.486328125
62.560001373291	6254.2919921875
62.5699996948242	6474.3427734375
62.5800018310547	6316.07763671875
62.5900001525879	6168.66796875
62.5999984741211	6114.86474609375
62.6100006103516	6109.87158203125
62.6199989318848	6169.3203125
62.6300010681152	5996.6875
62.6399993896484	6125.18017578125
62.6500015258789	6263.13427734375
62.6599998474121	6210.46533203125
62.6699981689453	6058.71240234375
62.6800003051758	6420.15625
62.689998626709	6452.6064453125
62.7000007629395	6455.96484375
62.7099990844727	6281.32666015625
62.7200012207031	6181.36962890625
62.7299995422363	6077.994140625
62.7400016784668	5965.14111328125
62.75	6047.87939453125
62.7599983215332	6268.56396484375
62.7700004577637	6413.1669921875
62.7799987792969	6244.21044921875
62.7900009155273	6315.00634765625
62.7999992370605	6050.11279296875
62.810001373291	5848.95458984375
62.8199996948242	6080.6484375
62.8300018310547	6208.33349609375
62.8400001525879	6183.0576171875
62.8499984741211	5988.96630859375
62.8600006103516	6333.02685546875
62.8699989318848	6173.390625
62.8800010681152	6163.94140625
62.8899993896484	6204.70263671875
62.9000015258789	6092.4609375
62.9099998474121	6106.32421875
62.9199981689453	6149.353515625
62.9300003051758	5984.900390625
62.939998626709	6028.85595703125
62.9500007629395	6277.279296875
62.9599990844727	5975.77294921875
62.9700012207031	5991.02587890625
62.9799995422363	6083.51318359375
62.9900016784668	6258.38427734375
63	6299.1806640625
63.0099983215332	5881.041015625
63.0200004577637	5955.19580078125
63.0299987792969	6103.63623046875
63.0400009155273	6224.25537109375
63.0499992370605	6195.1767578125
63.060001373291	5949.18701171875
63.0699996948242	5714.1611328125
63.0800018310547	6063.28271484375
63.0900001525879	6371.365234375
63.0999984741211	6325.37548828125
63.1100006103516	6231.587890625
63.1199989318848	6125.71630859375
63.1300010681152	6137.61083984375
63.1399993896484	6193.2646484375
63.1500015258789	6262.58837890625
63.1599998474121	5828.833984375
63.1699981689453	5558.6513671875
63.1800003051758	6106.9423828125
63.189998626709	6098.5849609375
63.2000007629395	6157.10302734375
63.2099990844727	5967.236328125
63.2200012207031	6088.4697265625
63.2299995422363	6340.11181640625
63.2400016784668	6349.2314453125
63.25	5590.712890625
63.2599983215332	5712.37255859375
63.2700004577637	6145.64990234375
63.2799987792969	6174.49658203125
63.2900009155273	5980.912109375
63.2999992370605	6049.3466796875
63.310001373291	6055.96484375
63.3199996948242	6205.60693359375
63.3300018310547	5980.78662109375
63.3400001525879	6076.21826171875
63.3499984741211	6381.49072265625
63.3600006103516	6236.1953125
63.3699989318848	5976.7314453125
63.3800010681152	6102.50244140625
63.3899993896484	6127.1123046875
63.4000015258789	6059.89794921875
63.4099998474121	6190.71533203125
63.4199981689453	6272.3232421875
63.4300003051758	6126.64306640625
63.439998626709	6042.8759765625
63.4500007629395	6061.94091796875
63.4599990844727	6115.50732421875
63.4700012207031	6210.1162109375
63.4799995422363	6241.60595703125
63.4900016784668	6327.08984375
63.5	6023.248046875
63.5099983215332	5993.03369140625
63.5200004577637	5912.11865234375
63.5299987792969	6062.38037109375
63.5400009155273	5903.64013671875
63.5499992370605	6076.86767578125
63.560001373291	6218.919921875
63.5699996948242	6236.00439453125
63.5800018310547	6034.990234375
63.5900001525879	5940.560546875
63.5999984741211	5923.3515625
63.6100006103516	5879.24951171875
63.6199989318848	5606.66650390625
63.6300010681152	5933.03955078125
63.6399993896484	5819.04833984375
63.6500015258789	5970.208984375
63.6599998474121	5894.7109375
63.6699981689453	5820.87060546875
63.6800003051758	5881.2451171875
63.689998626709	5861.92822265625
63.7000007629395	6029.30224609375
63.7099990844727	5839.10791015625
63.7200012207031	5813.72509765625
63.7299995422363	6018.94091796875
63.7400016784668	5917.4775390625
63.75	5798.505859375
63.7599983215332	5779.94677734375
63.7700004577637	5855.876953125
63.7799987792969	5827.3994140625
63.7900009155273	6001.453125
63.7999992370605	6019.2275390625
63.810001373291	5918.791015625
63.8199996948242	5822.83154296875
63.8300018310547	5929.7080078125
63.8400001525879	5984.96240234375
63.8499984741211	5622.755859375
63.8600006103516	6140.78759765625
63.8699989318848	5978.3037109375
63.8800010681152	5895.7509765625
63.8899993896484	5954.05419921875
63.9000015258789	5738.2509765625
63.9099998474121	5823.6689453125
63.9199981689453	5798.67919921875
63.9300003051758	5777.1845703125
63.939998626709	5821.86865234375
63.9500007629395	5914.9462890625
63.9599990844727	5881.62646484375
63.9700012207031	5853.81005859375
63.9799995422363	5912.8203125
63.9900016784668	5684.16650390625
64	5701.65283203125
64.0100021362305	5736.6123046875
64.0199966430664	5805.2841796875
64.0299987792969	5912.36474609375
64.0400009155273	5980.07373046875
64.0500030517578	5750.79296875
64.0599975585938	5768.6318359375
64.0699996948242	5804.4365234375
64.0800018310547	5726.931640625
64.0899963378906	5778.5380859375
64.0999984741211	6012.4736328125
64.1100006103516	5742.09912109375
64.120002746582	5586.55908203125
64.129997253418	5821.8779296875
64.1399993896484	5572.07080078125
64.1500015258789	5512.6875
64.1600036621094	5601.86279296875
64.1699981689453	5467.23681640625
64.1800003051758	5663.84423828125
64.1900024414063	5606.2900390625
64.1999969482422	5746.19287109375
64.2099990844727	5660.04736328125
64.2200012207031	5702.71533203125
64.2300033569336	5760.61669921875
64.2399978637695	5614.33740234375
64.25	5567.88720703125
64.2600021362305	5798.04345703125
64.2699966430664	5746.12646484375
64.2799987792969	5655.111328125
64.2900009155273	5787.75927734375
64.3000030517578	5897.49755859375
64.3099975585938	5828.69091796875
64.3199996948242	5709.251953125
64.3300018310547	5748.47705078125
64.3399963378906	6143.10986328125
64.3499984741211	5955.07470703125
64.3600006103516	5857.87841796875
64.370002746582	5621.59033203125
64.379997253418	5751.748046875
64.3899993896484	5579.11962890625
64.4000015258789	5925.78076171875
64.4100036621094	5702.251953125
64.4199981689453	5527.73095703125
64.4300003051758	5615.3486328125
64.4400024414063	5828.46484375
64.4499969482422	5927.8056640625
64.4599990844727	5754.6943359375
64.4700012207031	5654.49951171875
64.4800033569336	6061.88037109375
64.4899978637695	6173.99951171875
64.5	6129.57373046875
64.5100021362305	5731.8720703125
64.5199966430664	5688.85888671875
64.5299987792969	5877.6064453125
64.5400009155273	5964.330078125
64.5500030517578	5886.32861328125
64.5599975585938	5987.8056640625
64.5699996948242	5850.2236328125
64.5800018310547	5855.2451171875
64.5899963378906	5744.708984375
64.5999984741211	5861.1162109375
64.6100006103516	5953.80810546875
64.620002746582	5466.2197265625
64.629997253418	5776.4296875
64.6399993896484	5828.5087890625
64.6500015258789	5634.12451171875
64.6600036621094	5668.61181640625
64.6699981689453	5749.42626953125
64.6800003051758	5725.751953125
64.6900024414063	5758.8876953125
64.6999969482422	5782.97021484375
64.7099990844727	5772.90625
64.7200012207031	6054.8330078125
64.7300033569336	5888.05908203125
64.7399978637695	5714.9814453125
64.75	5636.6396484375
64.7600021362305	5798.70361328125
64.7699966430664	5734.7626953125
64.7799987792969	5807.08837890625
64.7900009155273	5743.7998046875
64.8000030517578	5861.9130859375
64.8099975585938	6054.97705078125
64.8199996948242	5865.810546875
64.8300018310547	5820.99072265625
64.8399963378906	6071.32080078125
64.8499984741211	5848.802734375
64.8600006103516	5775.90869140625
64.870002746582	5832.44677734375
64.879997253418	5773.025390625
64.8899993896484	5644.671875
64.9000015258789	5850.35107421875
64.9100036621094	5877.04833984375
64.9199981689453	6025.66357421875
64.9300003051758	6071.9931640625
64.9400024414063	5842.39599609375
64.9499969482422	5902.423828125
64.9599990844727	6099.2177734375
64.9700012207031	6033.7119140625
64.9800033569336	6064.6552734375
64.9899978637695	5881.03955078125
65	5669.9833984375
65.0100021362305	5992.15771484375
65.0199966430664	6041.11572265625
65.0299987792969	5983.86181640625
65.0400009155273	6041.59423828125
65.0500030517578	6032.50341796875
65.0599975585938	5933.59716796875
65.0699996948242	5966.98046875
65.0800018310547	6008.03515625
65.0899963378906	5965.87646484375
65.0999984741211	5850.90576171875
65.1100006103516	5992.16796875
65.120002746582	6075.4228515625
65.129997253418	6148.248046875
65.1399993896484	5817.8046875
65.1500015258789	6049.36279296875
65.1600036621094	5906.82275390625
65.1699981689453	5543.00732421875
65.1800003051758	5899.8037109375
65.1900024414063	5841.4677734375
65.1999969482422	5774.45654296875
65.2099990844727	5567.2431640625
65.2200012207031	5825.32470703125
65.2300033569336	6000.07373046875
65.2399978637695	6049.9814453125
65.25	6033.21875
65.2600021362305	5875.0029296875
65.2699966430664	5883.3330078125
65.2799987792969	5825.0234375
65.2900009155273	5783.36572265625
65.3000030517578	5816.62841796875
65.3099975585938	5949.79638671875
65.3199996948242	5950
65.3300018310547	5908.42822265625
65.3399963378906	5767.0419921875
65.3499984741211	5725.1259765625
65.3600006103516	5916.015625
65.370002746582	5908.36474609375
65.379997253418	5825.34521484375
65.3899993896484	5841.59130859375
65.4000015258789	5733.86279296875
65.4100036621094	5741.623046875
65.4199981689453	5832.81689453125
65.4300003051758	5427.45166015625
65.4400024414063	5557.4833984375
65.4499969482422	5682.490234375
65.4599990844727	5832.265625
65.4700012207031	5816.79150390625
65.4800033569336	5626.50634765625
65.4899978637695	5616.7353515625
65.5	5691.02197265625
65.5100021362305	5584.3046875
65.5199966430664	5731.9326171875
65.5299987792969	5857.1201171875
65.5400009155273	5594.353515625
65.5500030517578	5707.11474609375
65.5599975585938	5658.8740234375
65.5699996948242	5683.0537109375
65.5800018310547	5543.302734375
65.5899963378906	5821.6240234375
65.5999984741211	5874.3857421875
65.6100006103516	5595.25048828125
65.620002746582	5517.64306640625
65.629997253418	5467.3359375
65.6399993896484	5721.4482421875
65.6500015258789	5946.82421875
65.6600036621094	5646.13134765625
65.6699981689453	5805.85888671875
65.6800003051758	5931.43212890625
65.6900024414063	5728.24462890625
65.6999969482422	5733.20068359375
65.7099990844727	6069.4296875
65.7200012207031	5943.88916015625
65.7300033569336	5999.00634765625
65.7399978637695	5991.8115234375
65.75	5787.033203125
65.7600021362305	5971.52685546875
65.7699966430664	5885.02783203125
65.7799987792969	5801.5703125
65.7900009155273	6110.583984375
65.8000030517578	5977.7724609375
65.8099975585938	5787.15380859375
65.8199996948242	5677.1982421875
65.8300018310547	6017.77099609375
65.8399963378906	5976.05078125
65.8499984741211	5942.37939453125
65.8600006103516	5933.5146484375
65.870002746582	5827.3935546875
65.879997253418	5939.046875
65.8899993896484	5957.953125
65.9000015258789	5950.193359375
65.9100036621094	5998.8232421875
65.9199981689453	5821.046875
65.9300003051758	5621.5166015625
65.9400024414063	5933.6689453125
65.9499969482422	6104.17236328125
65.9599990844727	6027.1103515625
65.9700012207031	5748.94287109375
65.9800033569336	5887.76123046875
65.9899978637695	6045.82080078125
66	6155.435546875
66.0100021362305	5923.21728515625
66.0199966430664	5884.24853515625
66.0299987792969	5486.35888671875
66.0400009155273	5628.87255859375
66.0500030517578	5908.583984375
66.0599975585938	5827.6474609375
66.0699996948242	5501.412109375
66.0800018310547	5823.22314453125
66.0899963378906	6294.109375
66.0999984741211	6267.92919921875
66.1100006103516	6113.1865234375
66.120002746582	5987.208984375
66.129997253418	6088.26953125
66.1399993896484	6075.5283203125
66.1500015258789	6002.40478515625
66.1600036621094	5959.68408203125
66.1699981689453	5934.15234375
66.1800003051758	5731.8994140625
66.1900024414063	6023.01416015625
66.1999969482422	6033.33349609375
66.2099990844727	6073.576171875
66.2200012207031	6227.86767578125
66.2300033569336	5871.4091796875
66.2399978637695	6236.2060546875
66.25	6386.6279296875
66.2600021362305	6367.564453125
66.2699966430664	6310.44873046875
66.2799987792969	6348.474609375
66.2900009155273	6309.87353515625
66.3000030517578	6380.53515625
66.3099975585938	6431.45068359375
66.3199996948242	6425.31689453125
66.3300018310547	6569.2470703125
66.3399963378906	6510.9130859375
66.3499984741211	6516.34130859375
66.3600006103516	6300.52978515625
66.370002746582	6507.7255859375
66.379997253418	6924.63134765625
66.3899993896484	6821.72021484375
66.4000015258789	6824.66015625
66.4100036621094	6793.037109375
66.4199981689453	7103.19140625
66.4300003051758	6805.25341796875
66.4400024414063	6727.81005859375
66.4499969482422	6852.66748046875
66.4599990844727	6842.38037109375
66.4700012207031	6722.06396484375
66.4800033569336	6740.57861328125
66.4899978637695	6717.76318359375
66.5	6605.1572265625
66.5100021362305	6695.54541015625
66.5199966430664	6668.1630859375
66.5299987792969	6650.75390625
66.5400009155273	6801.11767578125
66.5500030517578	6712.92431640625
66.5599975585938	6930.87451171875
66.5699996948242	7124.4033203125
66.5800018310547	7117.44873046875
66.5899963378906	6862.60546875
66.5999984741211	6754.76123046875
66.6100006103516	6980.0791015625
66.620002746582	7174.078125
66.629997253418	7080.267578125
66.6399993896484	7178.02880859375
66.6500015258789	7278.4033203125
66.6600036621094	7085.34130859375
66.6699981689453	6940.4130859375
66.6800003051758	7036.21630859375
66.6900024414063	6843.884765625
66.6999969482422	6872.87548828125
66.7099990844727	7207.0380859375
66.7200012207031	7319.83447265625
66.7300033569336	7317.10009765625
66.7399978637695	7245.5908203125
66.75	7154.8271484375
66.7600021362305	7150
66.7699966430664	7355.1123046875
66.7799987792969	7579.5927734375
66.7900009155273	7307.86474609375
66.8000030517578	7204.97998046875
66.8099975585938	7239.38916015625
66.8199996948242	6879.41357421875
66.8300018310547	6574.9306640625
66.8399963378906	6715.72412109375
66.8499984741211	6850.8681640625
66.8600006103516	7047.06982421875
66.870002746582	6916.83056640625
66.879997253418	6908.33349609375
66.8899993896484	6876.91015625
66.9000015258789	6953.52978515625
66.9100036621094	6919.08203125
66.9199981689453	7159.939453125
66.9300003051758	6986.7255859375
66.9400024414063	7210.2607421875
66.9499969482422	7177.96435546875
66.9599990844727	6908.55712890625
66.9700012207031	6680.1533203125
66.9800033569336	6666.66650390625
66.9899978637695	6744.9501953125
67	6773.47705078125
67.0100021362305	6861.05224609375
67.0199966430664	6765.00390625
67.0299987792969	6922.5009765625
67.0400009155273	6988.03662109375
67.0500030517578	6702.61962890625
67.0599975585938	6574.001953125
67.0699996948242	6644.7333984375
67.0800018310547	6532.9404296875
67.0899963378906	6610.81396484375
67.0999984741211	6437.2998046875
67.1100006103516	6409.408203125
67.120002746582	6361.57421875
67.129997253418	6669.953125
67.1399993896484	6761.7568359375
67.1500015258789	6385.19580078125
67.1600036621094	6288.29150390625
67.1699981689453	6563.40478515625
67.1800003051758	6583.33349609375
67.1900024414063	6404.52197265625
67.1999969482422	6469.38427734375
67.2099990844727	6653.68896484375
67.2200012207031	6581.236328125
67.2300033569336	6450.77978515625
67.2399978637695	6193.3115234375
67.25	6268.10107421875
67.2600021362305	6484.40625
67.2699966430664	6461.234375
67.2799987792969	6349.82666015625
67.2900009155273	6271.93603515625
67.3000030517578	6514.5126953125
67.3099975585938	6517.84814453125
67.3199996948242	6423.78759765625
67.3300018310547	6524.98876953125
67.3399963378906	6664.822265625
67.3499984741211	6388.91552734375
67.3600006103516	6451.68994140625
67.370002746582	6427.42626953125
67.379997253418	6185.5517578125
67.3899993896484	6128.05908203125
67.4000015258789	6364.2861328125
67.4100036621094	6298.4541015625
67.4199981689453	6438.2265625
67.4300003051758	6411.44482421875
67.4400024414063	6223.330078125
67.4499969482422	6085.03955078125
67.4599990844727	6259.87841796875
67.4700012207031	6259.5986328125
67.4800033569336	6427.69091796875
67.4899978637695	6233.888671875
67.5	6524.3828125
67.5100021362305	6596.14208984375
67.5199966430664	6623.06298828125
67.5299987792969	6532.7783203125
67.5400009155273	6717.064453125
67.5500030517578	6357.01318359375
67.5599975585938	6509.25830078125
67.5699996948242	6379.177734375
67.5800018310547	6389.68359375
67.5899963378906	6230.6025390625
67.5999984741211	6178.3310546875
67.6100006103516	6458.59033203125
67.620002746582	6406.712890625
67.629997253418	6024.6845703125
67.6399993896484	6282.630859375
67.6500015258789	6606.85498046875
67.6600036621094	6725.15576171875
67.6699981689453	6618.59375
67.6800003051758	6264.22802734375
67.6900024414063	6470.30517578125
67.6999969482422	6652.142578125
67.7099990844727	6277.068359375
67.7200012207031	6134.75341796875
67.7300033569336	6674.65771484375
67.7399978637695	6625.7890625
67.75	6517.48828125
67.7600021362305	6454.947265625
67.7699966430664	6556.73681640625
67.7799987792969	6581.90966796875
67.7900009155273	6583.33349609375
67.8000030517578	6362.45361328125
67.8099975585938	6410.19287109375
67.8199996948242	6424.2783203125
67.8300018310547	6303.25537109375
67.8399963378906	6375.3388671875
67.8499984741211	6352.9169921875
67.8600006103516	6562.84423828125
67.870002746582	6575.734375
67.879997253418	6666.1591796875
67.8899993896484	6492.74072265625
67.9000015258789	6361.125
67.9100036621094	6774.99462890625
67.9199981689453	6642.17236328125
67.9300003051758	6480.8994140625
67.9400024414063	6527.32080078125
67.9499969482422	6563.650390625
67.9599990844727	6422.7060546875
67.9700012207031	6355.3125
67.9800033569336	6266.70849609375
67.9899978637695	6515.69677734375
68	6450.86181640625
68.0100021362305	6381.14990234375
68.0199966430664	6254.00537109375
68.0299987792969	6438.2197265625
68.0400009155273	6526.34912109375
68.0500030517578	6359.5712890625
68.0599975585938	6507.8203125
68.0699996948242	6328.69970703125
68.0800018310547	6451.73779296875
68.0899963378906	6527.02783203125
68.0999984741211	6337.2216796875
68.1100006103516	6655.98193359375
68.120002746582	6473.06689453125
68.129997253418	6487.677734375
68.1399993896484	6551.931640625
68.1500015258789	6633.640625
68.1600036621094	6370.6474609375
68.1699981689453	6590.02197265625
68.1800003051758	6368.39013671875
68.1900024414063	6469.52587890625
68.1999969482422	6310.40234375
68.2099990844727	6524.673828125
68.2200012207031	6587.56982421875
68.2300033569336	6584.1552734375
68.2399978637695	6493.22265625
68.25	6340.703125
68.2600021362305	6415.0537109375
68.2699966430664	6409.99560546875
68.2799987792969	6258.33837890625
68.2900009155273	6384.1171875
68.3000030517578	6145.1689453125
68.3099975585938	6229.056640625
68.3199996948242	6264.1376953125
68.3300018310547	6206.7626953125
68.3399963378906	6102.68701171875
68.3499984741211	6323.6484375
68.3600006103516	6432.29052734375
68.370002746582	6404.2734375
68.379997253418	6385.04736328125
68.3899993896484	6405.75537109375
68.4000015258789	6453.1630859375
68.4100036621094	6234.25439453125
68.4199981689453	6185.9326171875
68.4300003051758	6131.08056640625
68.4400024414063	6311.55859375
68.4499969482422	6228.89306640625
68.4599990844727	6231.58203125
68.4700012207031	6434.62939453125
68.4800033569336	6331.63037109375
68.4899978637695	6219.80615234375
68.5	6223.23046875
68.5100021362305	6329.2470703125
68.5199966430664	6230.0078125
68.5299987792969	6439.916015625
68.5400009155273	6712.16552734375
68.5500030517578	6592.92529296875
68.5599975585938	6404
68.5699996948242	6591.44384765625
68.5800018310547	6534.93408203125
68.5899963378906	6257.5927734375
68.5999984741211	6017.080078125
68.6100006103516	6251.4873046875
68.620002746582	6491.12646484375
68.629997253418	6427.6396484375
68.6399993896484	6335.08349609375
68.6500015258789	6606.748046875
68.6600036621094	6849.20751953125
68.6699981689453	6682.341796875
68.6800003051758	6502.77197265625
68.6900024414063	6483.33349609375
68.6999969482422	6742.44580078125
68.7099990844727	6997.029296875
68.7200012207031	6928.81640625
68.7300033569336	7478.802734375
68.7399978637695	7165.49609375
68.75	7234.93994140625
68.7600021362305	7213.05078125
68.7699966430664	7356.08642578125
68.7799987792969	7175.59326171875
68.7900009155273	7076.16748046875
68.8000030517578	7361.90771484375
68.8099975585938	7628.74365234375
68.8199996948242	7451.78759765625
68.8300018310547	7380.75341796875
68.8399963378906	7588.79541015625
68.8499984741211	7616.66650390625
68.8600006103516	7749.28857421875
68.870002746582	7906.61474609375
68.879997253418	7733.548828125
68.8899993896484	7870.28271484375
68.9000015258789	8075.64599609375
68.9100036621094	8151.4990234375
68.9199981689453	8246.5908203125
68.9300003051758	7817.17333984375
68.9400024414063	7839.18896484375
68.9499969482422	8129.2373046875
68.9599990844727	8218.08984375
68.9700012207031	8276.408203125
68.9800033569336	8099.78564453125
68.9899978637695	8097.01904296875
69	8261.427734375
69.0100021362305	8540.0751953125
69.0199966430664	8670.333984375
69.0299987792969	8851.951171875
69.0400009155273	8853.0126953125
69.0500030517578	8901.2890625
69.0599975585938	8864.3837890625
69.0699996948242	8836.365234375
69.0800018310547	8796.73046875
69.0899963378906	8981.947265625
69.0999984741211	9118.0791015625
69.1100006103516	9520.990234375
69.120002746582	9808.990234375
69.129997253418	9834.3564453125
69.1399993896484	9847.94921875
69.1500015258789	10120.318359375
69.1600036621094	10172.94140625
69.1699981689453	10379.4482421875
69.1800003051758	10904.708984375
69.1900024414063	10785.263671875
69.1999969482422	11363.8583984375
69.2099990844727	11099.916015625
69.2200012207031	11042.708984375
69.2300033569336	11231.1875
69.2399978637695	11965.193359375
69.25	12197.7998046875
69.2600021362305	12253.08203125
69.2699966430664	12957.3134765625
69.2799987792969	13524.1884765625
69.2900009155273	14137.4375
69.3000030517578	14514.9375
69.3099975585938	15191.0712890625
69.3199996948242	15792.2900390625
69.3300018310547	15793.978515625
69.3399963378906	15826.93359375
69.3499984741211	16821.3359375
69.3600006103516	18092.384765625
69.370002746582	18911.79296875
69.379997253418	19668.87109375
69.3899993896484	20477.81640625
69.4000015258789	21410.359375
69.4100036621094	22671.9921875
69.4199981689453	23051.93359375
69.4300003051758	23684.966796875
69.4400024414063	25448.962890625
69.4499969482422	26236.099609375
69.4599990844727	27692.759765625
69.4700012207031	28609.580078125
69.4800033569336	28579.1328125
69.4899978637695	30085.26171875
69.5	31387.39453125
69.5100021362305	31499.37109375
69.5199966430664	32294.2734375
69.5299987792969	33074.48046875
69.5400009155273	33240.0390625
69.5500030517578	33777.40625
69.5599975585938	33973.8984375
69.5699996948242	34540.44921875
69.5800018310547	34870.44140625
69.5899963378906	34598.00390625
69.5999984741211	34586.07421875
69.6100006103516	33920.85546875
69.620002746582	32915.28515625
69.629997253418	32674.072265625
69.6399993896484	31952.029296875
69.6500015258789	31733.587890625
69.6600036621094	31493.365234375
69.6699981689453	30867.822265625
69.6800003051758	30163.048828125
69.6900024414063	29181.373046875
69.6999969482422	28271.740234375
69.7099990844727	27495.376953125
69.7200012207031	27434.81640625
69.7300033569336	27132.50390625
69.7399978637695	26084.21484375
69.75	24868.658203125
69.7600021362305	25123.861328125
69.7699966430664	24717.642578125
69.7799987792969	23995.44140625
69.7900009155273	22800.552734375
69.8000030517578	22079.587890625
69.8099975585938	21238.3359375
69.8199996948242	20714.99609375
69.8300018310547	20269.947265625
69.8399963378906	19699.33984375
69.8499984741211	18620.44921875
69.8600006103516	17913.78125
69.870002746582	16686.0390625
69.879997253418	16256.5126953125
69.8899993896484	15343.2041015625
69.9000015258789	14555.810546875
69.9100036621094	14414.220703125
69.9199981689453	13478.3232421875
69.9300003051758	12910.1806640625
69.9400024414063	12884.568359375
69.9499969482422	12019.568359375
69.9599990844727	11424.7705078125
69.9700012207031	11342.85546875
69.9800033569336	11127.3828125
69.9899978637695	11127.37109375
70	10683.5693359375
70.0100021362305	10230.05859375
70.0199966430664	9831.3017578125
70.0299987792969	9525.32421875
70.0400009155273	9383.48828125
70.0500030517578	9487.875
70.0599975585938	8788.39453125
70.0699996948242	8559.7724609375
70.0800018310547	8591.5380859375
70.0899963378906	8265.236328125
70.0999984741211	8571.4951171875
70.1100006103516	8718.76171875
70.120002746582	8334.7705078125
70.129997253418	8081.66650390625
70.1399993896484	7921.95556640625
70.1500015258789	7828.88232421875
70.1600036621094	7759.78662109375
70.1699981689453	7614.94482421875
70.1800003051758	7193.70947265625
70.1900024414063	7345.2421875
70.1999969482422	7354.92236328125
70.2099990844727	7484.9189453125
70.2200012207031	7458.638671875
70.2300033569336	7286.7587890625
70.2399978637695	7300.9072265625
70.25	7251.58251953125
70.2600021362305	6943.79833984375
70.2699966430664	7005.11181640625
70.2799987792969	6989.55712890625
70.2900009155273	6898.2919921875
70.3000030517578	6904.58837890625
70.3099975585938	7149.1640625
70.3199996948242	7347.45947265625
70.3300018310547	6999.7734375
70.3399963378906	6869.63134765625
70.3499984741211	7205.06884765625
70.3600006103516	7167.6240234375
70.370002746582	7036.83642578125
70.379997253418	7242.9384765625
70.3899993896484	7035.90966796875
70.4000015258789	6913.92431640625
70.4100036621094	6666.830078125
70.4199981689453	6829.85693359375
70.4300003051758	6767.79443359375
70.4400024414063	6855.908203125
70.4499969482422	6564.41162109375
70.4599990844727	6698.875
70.4700012207031	6592.2255859375
70.4800033569336	6623.095703125
70.4899978637695	6950.67041015625
70.5	6634.671875
70.5100021362305	6425.69677734375
70.5199966430664	6632.5439453125
70.5299987792969	6829.99169921875
70.5400009155273	7048.50439453125
70.5500030517578	6794.625
70.5599975585938	6797.986328125
70.5699996948242	6850.56298828125
70.5800018310547	6450.212890625
70.5899963378906	6255.4072265625
70.5999984741211	6479.494140625
70.6100006103516	6658.59814453125
70.620002746582	6627.09521484375
70.629997253418	6546.3857421875
70.6399993896484	6849.52197265625
70.6500015258789	6507.923828125
70.6600036621094	6461.42529296875
70.6699981689453	6726.45751953125
70.6800003051758	6536.33056640625
70.6900024414063	6210.94580078125
70.6999969482422	6460.0361328125
70.7099990844727	6706.06298828125
70.7200012207031	6461.14599609375
70.7300033569336	6106.845703125
70.7399978637695	6260.29052734375
70.75	6433.15234375
70.7600021362305	6486.35888671875
70.7699966430664	6554.708984375
70.7799987792969	6510.64208984375
70.7900009155273	6380.97607421875
70.8000030517578	6274.33642578125
70.8099975585938	6167.35791015625
70.8199996948242	6191.978515625
70.8300018310547	6011.14013671875
70.8399963378906	6107.8701171875
70.8499984741211	6378.037109375
70.8600006103516	6110.45458984375
70.870002746582	6126.87109375
70.879997253418	6057.8271484375
70.8899993896484	5783.2216796875
70.9000015258789	5921.88427734375
70.9100036621094	6028.15087890625
70.9199981689453	5999.7861328125
70.9300003051758	5893.9677734375
70.9400024414063	5930.81494140625
70.9499969482422	6150.92431640625
70.9599990844727	5891.80029296875
70.9700012207031	5979.74560546875
70.9800033569336	6078.03759765625
70.9899978637695	6056.82275390625
71	5994.2626953125
71.0100021362305	6025.126953125
71.0199966430664	5789.59375
71.0299987792969	5832.177734375
71.0400009155273	5947.451171875
71.0500030517578	5959.70751953125
71.0599975585938	5937.46044921875
71.0699996948242	5926.37744140625
71.0800018310547	6154.4951171875
71.0899963378906	6220.8583984375
71.0999984741211	5953.90234375
71.1100006103516	5830.50341796875
71.120002746582	5934.78369140625
71.129997253418	5826.3505859375
71.1399993896484	5952.78759765625
71.1500015258789	5775.0341796875
71.1600036621094	5802.75048828125
71.1699981689453	5761.1455078125
71.1800003051758	5847.14013671875
71.1900024414063	5609.9970703125
71.1999969482422	5717.8486328125
71.2099990844727	5860.94189453125
71.2200012207031	6021.9794921875
71.2300033569336	5814.3544921875
71.2399978637695	5586.5078125
71.25	5723.19091796875
71.2600021362305	5959.189453125
71.2699966430664	5944.60400390625
71.2799987792969	6092.5615234375
71.2900009155273	5903.5146484375
71.3000030517578	5858.33349609375
71.3099975585938	5747.64013671875
71.3199996948242	5780.333984375
71.3300018310547	5694.853515625
71.3399963378906	5840.92822265625
71.3499984741211	5792.05419921875
71.3600006103516	5968.4970703125
71.370002746582	6146.5146484375
71.379997253418	5974.681640625
71.3899993896484	6030.01708984375
71.4000015258789	5967.146484375
71.4100036621094	5853.35888671875
71.4199981689453	5702.20654296875
71.4300003051758	5633.6005859375
71.4400024414063	5838.84912109375
71.4499969482422	5890.22998046875
71.4599990844727	5919.248046875
71.4700012207031	5828.48681640625
71.4800033569336	5863.4716796875
71.4899978637695	5799.20166015625
71.5	5790.22265625
71.5100021362305	5853.65625
71.5199966430664	5963.07373046875
71.5299987792969	5611.55908203125
71.5400009155273	5698.5302734375
71.5500030517578	5850.322265625
71.5599975585938	5861.23974609375
71.5699996948242	5844.576171875
71.5800018310547	5965.4560546875
71.5899963378906	6115.42919921875
71.5999984741211	6148.541015625
71.6100006103516	5985.05517578125
71.620002746582	5936.2578125
71.629997253418	5617.32666015625
71.6399993896484	5453.8447265625
71.6500015258789	5556.9345703125
71.6600036621094	5514.6806640625
71.6699981689453	5554.91015625
71.6800003051758	5731.361328125
71.6900024414063	5752.9453125
71.6999969482422	5708.84423828125
71.7099990844727	5830.298828125
71.7200012207031	5625.21728515625
71.7300033569336	5725.80712890625
71.7399978637695	5751.47998046875
71.75	6010.373046875
71.7600021362305	6032.41455078125
71.7699966430664	5853.775390625
71.7799987792969	5686.56396484375
71.7900009155273	5911.63720703125
71.8000030517578	5905.0654296875
71.8099975585938	5912.19580078125
71.8199996948242	6032.97509765625
71.8300018310547	6345.62158203125
71.8399963378906	6360.46240234375
71.8499984741211	6035.4853515625
71.8600006103516	6110.21875
71.870002746582	6223.67919921875
71.879997253418	6200.6689453125
71.8899993896484	6164.3408203125
71.9000015258789	6021.73291015625
71.9100036621094	6182.8662109375
71.9199981689453	6047.4951171875
71.9300003051758	6090.2412109375
71.9400024414063	6128.80615234375
71.9499969482422	6044.63720703125
71.9599990844727	6243.28271484375
71.9700012207031	6462.1640625
71.9800033569336	6513.63671875
71.9899978637695	6291.705078125
72	6193.95751953125
72.0100021362305	6340.05859375
72.0199966430664	6368.1875
72.0299987792969	6502.892578125
72.0400009155273	6587.81201171875
72.0500030517578	6620.42529296875
72.0599975585938	6870.0517578125
72.0699996948242	6959.02783203125
72.0800018310547	6599.24267578125
72.0899963378906	6747.958984375
72.0999984741211	6677.57666015625
72.1100006103516	6677.19970703125
72.120002746582	6690.1318359375
72.129997253418	6718.85498046875
72.1399993896484	6908.48193359375
72.1500015258789	7045.11865234375
72.1600036621094	6957.98193359375
72.1699981689453	7116.70068359375
72.1800003051758	6961.42431640625
72.1900024414063	7052.43798828125
72.1999969482422	7253.01220703125
72.2099990844727	7176.30908203125
72.2200012207031	7211.05908203125
72.2300033569336	7326.74365234375
72.2399978637695	7594.134765625
72.25	7758.48193359375
72.2600021362305	7654.53759765625
72.2699966430664	7882.5380859375
72.2799987792969	8138.16845703125
72.2900009155273	8068.16650390625
72.3000030517578	8075.5322265625
72.3099975585938	7859.8662109375
72.3199996948242	8349.9599609375
72.3300018310547	8447.923828125
72.3399963378906	8373.9912109375
72.3499984741211	8466.591796875
72.3600006103516	8802.845703125
72.370002746582	8942.6337890625
72.379997253418	8971.857421875
72.3899993896484	9042.6064453125
72.4000015258789	8983.982421875
72.4100036621094	9081.5498046875
72.4199981689453	9290.7578125
72.4300003051758	9137.4365234375
72.4400024414063	9071.4052734375
72.4499969482422	9215.2177734375
72.4599990844727	9682.0595703125
72.4700012207031	9513.3515625
72.4800033569336	9396.0146484375
72.4899978637695	9349.599609375
72.5	9125.8125
72.5100021362305	9115.4638671875
72.5199966430664	9340.765625
72.5299987792969	9148.9794921875
72.5400009155273	9401.7041015625
72.5500030517578	9481.73828125
72.5599975585938	9335.115234375
72.5699996948242	9347.1513671875
72.5800018310547	9668.119140625
72.5899963378906	9176.0849609375
72.5999984741211	9270.5458984375
72.6100006103516	9250.9658203125
72.620002746582	9018.0048828125
72.629997253418	9208.8623046875
72.6399993896484	9185.951171875
72.6500015258789	9274.265625
72.6600036621094	9044.50390625
72.6699981689453	8822
72.6800003051758	8783.3330078125
72.6900024414063	8803.4921875
72.6999969482422	8680.6884765625
72.7099990844727	8414.9111328125
72.7200012207031	8358.3330078125
72.7300033569336	8687.3251953125
72.7399978637695	8659.2626953125
72.75	8452.125
72.7600021362305	8529.1142578125
72.7699966430664	8437.576171875
72.7799987792969	7985.7685546875
72.7900009155273	7782.74267578125
72.8000030517578	8395.2783203125
72.8099975585938	8208.1298828125
72.8199996948242	7897.1318359375
72.8300018310547	7875.169921875
72.8399963378906	8037.41748046875
72.8499984741211	7807.08056640625
72.8600006103516	7654.6103515625
72.870002746582	7318.65380859375
72.879997253418	7409.015625
72.8899993896484	7503.541015625
72.9000015258789	7469.82763671875
72.9100036621094	7217.49462890625
72.9199981689453	7178.3994140625
72.9300003051758	7169.958984375
72.9400024414063	7133.23681640625
72.9499969482422	7091.57666015625
72.9599990844727	7083.33349609375
72.9700012207031	7116.7431640625
72.9800033569336	6951.30322265625
72.9899978637695	6915.0126953125
73	6990.12451171875
73.0100021362305	7128.51318359375
73.0199966430664	7245.11279296875
73.0299987792969	7300.03662109375
73.0400009155273	7228.26123046875
73.0500030517578	6928.13623046875
73.0599975585938	7058.4345703125
73.0699996948242	7181.689453125
73.0800018310547	6973.30859375
73.0899963378906	6643.357421875
73.0999984741211	6688.30078125
73.1100006103516	6896.57958984375
73.120002746582	6908.35595703125
73.129997253418	6959.947265625
73.1399993896484	7014.95703125
73.1500015258789	6971.73486328125
73.1600036621094	6964.990234375
73.1699981689453	6999.9443359375
73.1800003051758	6775.435546875
73.1900024414063	6703.36083984375
73.1999969482422	6833.03173828125
73.2099990844727	6993.02197265625
73.2200012207031	6719.1474609375
73.2300033569336	6515.361328125
73.2399978637695	6589.6748046875
73.25	6563.50634765625
73.2600021362305	6430.4130859375
73.2699966430664	6639.126953125
73.2799987792969	6806.2578125
73.2900009155273	6893.091796875
73.3000030517578	6828.67138671875
73.3099975585938	6649.041015625
73.3199996948242	6754.32275390625
73.3300018310547	6785.0322265625
73.3399963378906	6650.66796875
73.3499984741211	6689.6181640625
73.3600006103516	6807.79345703125
73.370002746582	6906.25634765625
73.379997253418	6785.810546875
73.3899993896484	6537.94384765625
73.4000015258789	6642.34423828125
73.4100036621094	6689.95751953125
73.4199981689453	6837.36962890625
73.4300003051758	6888.2431640625
73.4400024414063	6971.10986328125
73.4499969482422	6859.28759765625
73.4599990844727	6752.20556640625
73.4700012207031	6574.54052734375
73.4800033569336	6566.40869140625
73.4899978637695	6614.6826171875
73.5	6638.22509765625
73.5100021362305	6615.22216796875
73.5199966430664	6793.41015625
73.5299987792969	6696.27783203125
73.5400009155273	6394.0419921875
73.5500030517578	6516.57373046875
73.5599975585938	6672.341796875
73.5699996948242	6554.72509765625
73.5800018310547	6543.0751953125
73.5899963378906	6807.43212890625
73.5999984741211	6578.02099609375
73.6100006103516	6638.56298828125
73.620002746582	6714.58154296875
73.629997253418	6632.66064453125
73.6399993896484	6555.57861328125
73.6500015258789	6759.23828125
73.6600036621094	6585.9541015625
73.6699981689453	6729.30517578125
73.6800003051758	6750.38720703125
73.6900024414063	6695.55126953125
73.6999969482422	6663.5732421875
73.7099990844727	6427.84619140625
73.7200012207031	6485.1796875
73.7300033569336	6793.142578125
73.7399978637695	6840.3408203125
73.75	6708.3095703125
73.7600021362305	6628.94775390625
73.7699966430664	6840.3056640625
73.7799987792969	6814.5078125
73.7900009155273	6771.94140625
73.8000030517578	6832.404296875
73.8099975585938	6928.86962890625
73.8199996948242	6890.859375
73.8300018310547	6855.29052734375
73.8399963378906	6797.451171875
73.8499984741211	6947.5166015625
73.8600006103516	6952.2705078125
73.870002746582	7027.0087890625
73.879997253418	6925.2939453125
73.8899993896484	6957.28857421875
73.9000015258789	6870.025390625
73.9100036621094	6881.0244140625
73.9199981689453	7016.275390625
73.9300003051758	6984.42919921875
73.9400024414063	6973.22265625
73.9499969482422	7027.43603515625
73.9599990844727	7100.6455078125
73.9700012207031	7195.2900390625
73.9800033569336	7439.38916015625
73.9899978637695	7539.29638671875
74	7425.5859375
74.0100021362305	7502.96240234375
74.0199966430664	7526.78759765625
74.0299987792969	7335.216796875
74.0400009155273	7257.16162109375
74.0500030517578	7459.333984375
74.0599975585938	7451.2626953125
74.0699996948242	7433.33349609375
74.0800018310547	7557.55224609375
74.0899963378906	7768.15380859375
74.0999984741211	7829.7373046875
74.1100006103516	7872.53759765625
74.120002746582	7889.8662109375
74.129997253418	7917.79248046875
74.1399993896484	7970.7109375
74.1500015258789	8185.72900390625
74.1600036621094	8215.556640625
74.1699981689453	8358.4384765625
74.1800003051758	8471.775390625
74.1900024414063	8511.23828125
74.1999969482422	8699.2958984375
74.2099990844727	8665.224609375
74.2200012207031	8759.025390625
74.2300033569336	8967.669921875
74.2399978637695	9277.361328125
74.25	9545.482421875
74.2600021362305	9586.970703125
74.2699966430664	9648.46875
74.2799987792969	9686.203125
74.2900009155273	9652.6005859375
74.3000030517578	9954.1318359375
74.3099975585938	10373.595703125
74.3199996948242	10525.23046875
74.3300018310547	10775.876953125
74.3399963378906	10952.244140625
74.3499984741211	10840.2607421875
74.3600006103516	11073.083984375
74.370002746582	11767.5693359375
74.379997253418	12084.654296875
74.3899993896484	12664.34765625
74.4000015258789	12940.107421875
74.4100036621094	13007.478515625
74.4199981689453	13438.7978515625
74.4300003051758	14168.6796875
74.4400024414063	14672.7470703125
74.4499969482422	15006.814453125
74.4599990844727	15444.884765625
74.4700012207031	15952.2509765625
74.4800033569336	16514.244140625
74.4899978637695	17744.177734375
74.5	17798.970703125
74.5100021362305	18470.521484375
74.5199966430664	19182.41015625
74.5299987792969	19953.58203125
74.5400009155273	21137.5703125
74.5500030517578	22053.333984375
74.5599975585938	22874.494140625
74.5699996948242	24036.072265625
74.5800018310547	24698.62109375
74.5899963378906	25209.630859375
74.5999984741211	25667.9765625
74.6100006103516	26581.880859375
74.620002746582	27761.09375
74.629997253418	28557.19140625
74.6399993896484	29083.3671875
74.6500015258789	29527.837890625
74.6600036621094	30491.11328125
74.6699981689453	30651.1953125
74.6800003051758	30967.431640625
74.6900024414063	31447.787109375
74.6999969482422	31416.248046875
74.7099990844727	31755.96875
74.7200012207031	31711.7265625
74.7300033569336	31460.12109375
74.7399978637695	31787.193359375
74.75	31583.85546875
74.7600021362305	31130.4296875
74.7699966430664	30889.5625
74.7799987792969	30540.4921875
74.7900009155273	29798.873046875
74.8000030517578	29460.0859375
74.8099975585938	29732.43359375
74.8199996948242	29528.625
74.8300018310547	28849.037109375
74.8399963378906	28726.5234375
74.8499984741211	27556.8828125
74.8600006103516	26564.55859375
74.870002746582	26220.525390625
74.879997253418	25628.009765625
74.8899993896484	25151.40625
74.9000015258789	25264.17578125
74.9100036621094	24714.02734375
74.9199981689453	24006.07421875
74.9300003051758	23387.134765625
74.9400024414063	23269.28125
74.9499969482422	22876.58203125
74.9599990844727	21974.505859375
74.9700012207031	21459.03125
74.9800033569336	20919.0234375
74.9899978637695	20032.0859375
75	19898.20703125
75.0100021362305	19193.3125
75.0199966430664	18333.298828125
75.0299987792969	17692.56640625
75.0400009155273	17006.693359375
75.0500030517578	16052.853515625
75.0599975585938	15464.0166015625
75.0699996948242	15460.9013671875
75.0800018310547	14978.9296875
75.0899963378906	14767.3291015625
75.0999984741211	14455.2958984375
75.1100006103516	14078.427734375
75.120002746582	13396.0947265625
75.129997253418	13613.6337890625
75.1399993896484	13323.64453125
75.1500015258789	12476.791015625
75.1600036621094	12066.3701171875
75.1699981689453	12091.5
75.1800003051758	12250.986328125
75.1900024414063	11959.134765625
75.1999969482422	11538.65625
75.2099990844727	11595.080078125
75.2200012207031	11596.9306640625
75.2300033569336	11500.2685546875
75.2399978637695	11436.669921875
75.25	11469.708984375
75.2600021362305	11457.791015625
75.2699966430664	11756.44921875
75.2799987792969	11696.806640625
75.2900009155273	11624.47265625
75.3000030517578	11623.046875
75.3099975585938	11892.921875
75.3199996948242	12038.77734375
75.3300018310547	12096.591796875
75.3399963378906	12427.08984375
75.3499984741211	13034.9052734375
75.3600006103516	13268.13671875
75.370002746582	13170.6142578125
75.379997253418	13305.3193359375
75.3899993896484	13613.07421875
75.4000015258789	14251.9814453125
75.4100036621094	14622.3427734375
75.4199981689453	14842.447265625
75.4300003051758	15260.734375
75.4400024414063	15724.9052734375
75.4499969482422	16151.3623046875
75.4599990844727	16631.5546875
75.4700012207031	16896.232421875
75.4800033569336	17081.51171875
75.4899978637695	17862.2109375
75.5	18707.998046875
75.5100021362305	19344.681640625
75.5199966430664	20029.54296875
75.5299987792969	20549.24609375
75.5400009155273	21172.5703125
75.5500030517578	21415.84765625
75.5599975585938	21911.265625
75.5699996948242	22210.603515625
75.5800018310547	22435.9453125
75.5899963378906	22478.982421875
75.5999984741211	22354.529296875
75.6100006103516	22551.21875
75.620002746582	22815.13671875
75.629997253418	22735.595703125
75.6399993896484	22869.052734375
75.6500015258789	22741.318359375
75.6600036621094	22651.669921875
75.6699981689453	23369.75390625
75.6800003051758	23713.9375
75.6900024414063	23376.619140625
75.6999969482422	22922.994140625
75.7099990844727	23297.427734375
75.7200012207031	23544.8671875
75.7300033569336	23378.984375
75.7399978637695	23316.666015625
75.75	23070.171875
75.7600021362305	23320.255859375
75.7699966430664	23563.98828125
75.7799987792969	23627.283203125
75.7900009155273	23064.986328125
75.8000030517578	22334.048828125
75.8099975585938	21975.27734375
75.8199996948242	21512.76953125
75.8300018310547	21326.546875
75.8399963378906	20948.767578125
75.8499984741211	20738.73046875
75.8600006103516	20468.7265625
75.870002746582	20070.158203125
75.879997253418	19582.201171875
75.8899993896484	19055.046875
75.9000015258789	18635.201171875
75.9100036621094	18484.978515625
75.9199981689453	17899.9140625
75.9300003051758	17112.26171875
75.9400024414063	16935.55078125
75.9499969482422	17036.064453125
75.9599990844727	16531.8671875
75.9700012207031	15924.296875
75.9800033569336	15380.8369140625
75.9899978637695	14872.7421875
76	14523.6953125
76.0100021362305	14368.296875
76.0199966430664	14084.0439453125
76.0299987792969	13792.6904296875
76.0400009155273	13718.7197265625
76.0500030517578	13616.197265625
76.0599975585938	12892.7587890625
76.0699996948242	12296.349609375
76.0800018310547	12049.49609375
76.0899963378906	11751.107421875
76.0999984741211	11484.7666015625
76.1100006103516	11525.3359375
76.120002746582	10994.0673828125
76.129997253418	10714.3095703125
76.1399993896484	10463.994140625
76.1500015258789	10397.931640625
76.1600036621094	10011.6298828125
76.1699981689453	9607.77734375
76.1800003051758	9366.396484375
76.1900024414063	9385.5244140625
76.1999969482422	9383.2998046875
76.2099990844727	9174.775390625
76.2200012207031	9095.822265625
76.2300033569336	9285.5478515625
76.2399978637695	8856.02734375
76.25	8547.884765625
76.2600021362305	8275
76.2699966430664	8050.0341796875
76.2799987792969	7881.3037109375
76.2900009155273	7885.38720703125
76.3000030517578	7781.357421875
76.3099975585938	7448.2490234375
76.3199996948242	7231.4111328125
76.3300018310547	7366.38916015625
76.3399963378906	7443.7158203125
76.3499984741211	7425.05078125
76.3600006103516	7242.0634765625
76.370002746582	7264.38037109375
76.379997253418	7360.2294921875
76.3899993896484	6934.66162109375
76.4000015258789	7007.61767578125
76.4100036621094	7239.05078125
76.4199981689453	6992.7578125
76.4300003051758	6960.15087890625
76.4400024414063	7020.6796875
76.4499969482422	6890.205078125
76.4599990844727	6773.22998046875
76.4700012207031	6787.3203125
76.4800033569336	6706.72021484375
76.4899978637695	6873.95068359375
76.5	6860.86181640625
76.5100021362305	6653.11767578125
76.5199966430664	6666.22119140625
76.5299987792969	6697.8779296875
76.5400009155273	6550.9599609375
76.5500030517578	6642.79638671875
76.5599975585938	6679.25244140625
76.5699996948242	6699.82275390625
76.5800018310547	6491.1865234375
76.5899963378906	6460.0859375
76.5999984741211	6437.79248046875
76.6100006103516	6220.4052734375
76.620002746582	6125.20654296875
76.629997253418	6290.18017578125
76.6399993896484	6294.24072265625
76.6500015258789	6244.02978515625
76.6600036621094	6177.6005859375
76.6699981689453	6418.3583984375
76.6800003051758	6675.45263671875
76.6900024414063	6696.20458984375
76.6999969482422	6534.85302734375
76.7099990844727	6353.44384765625
76.7200012207031	6363.98681640625
76.7300033569336	6315.32861328125
76.7399978637695	6260.7626953125
76.75	6256.17919921875
76.7600021362305	6202.73291015625
76.7699966430664	6442.7412109375
76.7799987792969	6619.78173828125
76.7900009155273	6162.2998046875
76.8000030517578	6022.5263671875
76.8099975585938	6206.10595703125
76.8199996948242	6260.49755859375
76.8300018310547	6338.5107421875
76.8399963378906	6113.8603515625
76.8499984741211	6135.96142578125
76.8600006103516	6094.88037109375
76.870002746582	6097.474609375
76.879997253418	6176.09375
76.8899993896484	6249.2685546875
76.9000015258789	6211.2529296875
76.9100036621094	6160.888671875
76.9199981689453	6211.541015625
76.9300003051758	6171.8076171875
76.9400024414063	6008.52490234375
76.9499969482422	6056.72705078125
76.9599990844727	5937.96435546875
76.9700012207031	5840.30712890625
76.9800033569336	5745.11376953125
76.9899978637695	5950.123046875
77	6113.1806640625
77.0100021362305	5908.32470703125
77.0199966430664	6027.58935546875
77.0299987792969	5977.24853515625
77.0400009155273	5908.7890625
77.0500030517578	5906.134765625
77.0599975585938	5914.46630859375
77.0699996948242	5959.58740234375
77.0800018310547	5975
77.0899963378906	6030.15625
77.0999984741211	5768.1591796875
77.1100006103516	5691.16845703125
77.120002746582	5993.94921875
77.129997253418	6167.3466796875
77.1399993896484	6099.85302734375
77.1500015258789	5895.32421875
77.1600036621094	5778.2724609375
77.1699981689453	5795.03125
77.1800003051758	5985.66259765625
77.1900024414063	5946.07421875
77.1999969482422	5951.11572265625
77.2099990844727	5758.91943359375
77.2200012207031	5719.9853515625
77.2300033569336	6032.583984375
77.2399978637695	5946.287109375
77.25	5685.7734375
77.2600021362305	5683.794921875
77.2699966430664	5702.232421875
77.2799987792969	5578.0107421875
77.2900009155273	5661.39013671875
77.3000030517578	5732.71875
77.3099975585938	5772.14111328125
77.3199996948242	5844.2666015625
77.3300018310547	5866.66650390625
77.3399963378906	5939.74951171875
77.3499984741211	6064.08544921875
77.3600006103516	5923.47314453125
77.370002746582	5760.9638671875
77.379997253418	5658.07568359375
77.3899993896484	5748.900390625
77.4000015258789	5840.31396484375
77.4100036621094	5797.53955078125
77.4199981689453	5939.10107421875
77.4300003051758	5817.71240234375
77.4400024414063	5865.41943359375
77.4499969482422	5896.18701171875
77.4599990844727	6049.52783203125
77.4700012207031	5744.1318359375
77.4800033569336	5553.71728515625
77.4899978637695	5685.005859375
77.5	5869.03857421875
77.5100021362305	5892.41162109375
77.5199966430664	5768.1513671875
77.5299987792969	5894.69775390625
77.5400009155273	5849.27001953125
77.5500030517578	5741.70068359375
77.5599975585938	5765.1142578125
77.5699996948242	5971.0185546875
77.5800018310547	5872.1884765625
77.5899963378906	5548.13134765625
77.5999984741211	5643.58837890625
77.6100006103516	5825.53173828125
77.620002746582	5751.78369140625
77.629997253418	5702.28857421875
77.6399993896484	5881.2998046875
77.6500015258789	6155.41943359375
77.6600036621094	6064.208984375
77.6699981689453	5661.83935546875
77.6800003051758	5593.703125
77.6900024414063	5459.74609375
77.6999969482422	5520.67626953125
77.7099990844727	6013.05224609375
77.7200012207031	5954.1689453125
77.7300033569336	5734.02734375
77.7399978637695	5695.38818359375
77.75	5772.310546875
77.7600021362305	5902.41259765625
77.7699966430664	5899.5078125
77.7799987792969	5853.22802734375
77.7900009155273	5799.5302734375
77.8000030517578	5771.29736328125
77.8099975585938	5899.025390625
77.8199996948242	6100.36767578125
77.8300018310547	6098.2021484375
77.8399963378906	5942.7470703125
77.8499984741211	6041.9140625
77.8600006103516	6124.033203125
77.870002746582	5929.10595703125
77.879997253418	5892.03564453125
77.8899993896484	6064.42333984375
77.9000015258789	6070.9833984375
77.9100036621094	5965.99658203125
77.9199981689453	6083.29931640625
77.9300003051758	6051.71142578125
77.9400024414063	5896.75830078125
77.9499969482422	5993.85107421875
77.9599990844727	6061.984375
77.9700012207031	5874.96826171875
77.9800033569336	5907.80126953125
77.9899978637695	6051.78466796875
78	6031.8095703125
78.0100021362305	5751.01708984375
78.0199966430664	5745.7197265625
78.0299987792969	5795.294921875
78.0400009155273	5871.7509765625
78.0500030517578	5900
78.0599975585938	5941.83203125
78.0699996948242	6006.1279296875
78.0800018310547	6090.7001953125
78.0899963378906	5877.82275390625
78.0999984741211	5962.41748046875
78.1100006103516	6051.23681640625
78.120002746582	6088.16455078125
78.129997253418	5974.744140625
78.1399993896484	6193.33203125
78.1500015258789	6222.5029296875
78.1600036621094	5983.07861328125
78.1699981689453	5917.8740234375
78.1800003051758	5930.95654296875
78.1900024414063	5921.423828125
78.1999969482422	6017.86962890625
78.2099990844727	6159.50830078125
78.2200012207031	6063.154296875
78.2300033569336	6168.93408203125
78.2399978637695	6037.09765625
78.25	5982.11279296875
78.2600021362305	6051.09912109375
78.2699966430664	6069.05859375
78.2799987792969	5823.12890625
78.2900009155273	5772.50634765625
78.3000030517578	5856.9697265625
78.3099975585938	6019.83837890625
78.3199996948242	5920.7333984375
78.3300018310547	5953.240234375
78.3399963378906	5819.69580078125
78.3499984741211	5856.7109375
78.3600006103516	6054.0947265625
78.370002746582	6087.04150390625
78.379997253418	6009.8427734375
78.3899993896484	6018.86376953125
78.4000015258789	6193.17529296875
78.4100036621094	6240.578125
78.4199981689453	6114.998046875
78.4300003051758	6273.69482421875
78.4400024414063	6370.16015625
78.4499969482422	6185.82373046875
78.4599990844727	6167.43408203125
78.4700012207031	6368.91943359375
78.4800033569336	6335.34521484375
78.4899978637695	6220.8056640625
78.5	6256.60400390625
78.5100021362305	6613.8310546875
78.5199966430664	6484.4970703125
78.5299987792969	6162.65771484375
78.5400009155273	6340.3525390625
78.5500030517578	6544.32080078125
78.5599975585938	6736.56103515625
78.5699996948242	6593.791015625
78.5800018310547	6608.46337890625
78.5899963378906	6720.66015625
78.5999984741211	6579.287109375
78.6100006103516	6337.66943359375
78.620002746582	6390.2158203125
78.629997253418	6712.22021484375
78.6399993896484	6836.759765625
78.6500015258789	6559.51171875
78.6600036621094	6435.7900390625
78.6699981689453	6674.2021484375
78.6800003051758	6792.61962890625
78.6900024414063	6711.927734375
78.6999969482422	6721.95849609375
78.7099990844727	6917.70947265625
78.7200012207031	6698.3466796875
78.7300033569336	6662.970703125
78.7399978637695	6969.6982421875
78.75	6819.57421875
78.7600021362305	6819.666015625
78.7699966430664	6667.49755859375
78.7799987792969	6917.13818359375
78.7900009155273	7075.89697265625
78.8000030517578	7141.861328125
78.8099975585938	6956.0263671875
78.8199996948242	6737.9794921875
78.8300018310547	6858.7646484375
78.8399963378906	7021.0234375
78.8499984741211	7216.12939453125
78.8600006103516	7184.00927734375
78.870002746582	7024.8486328125
78.879997253418	7249.44189453125
78.8899993896484	7261.59228515625
78.9000015258789	7041.59375
78.9100036621094	6896.658203125
78.9199981689453	7018.3076171875
78.9300003051758	6943.3984375
78.9400024414063	6755.09716796875
78.9499969482422	6700
78.9599990844727	6647.57080078125
78.9700012207031	6747.29931640625
78.9800033569336	6776.7119140625
78.9899978637695	6749.20556640625
79	6561.28955078125
79.0100021362305	6570.5869140625
79.0199966430664	6631.59423828125
79.0299987792969	6973.03369140625
79.0400009155273	6959.75
79.0500030517578	6589.54638671875
79.0599975585938	6504.7998046875
79.0699996948242	6513.38671875
79.0800018310547	6560.57666015625
79.0899963378906	6740.01708984375
79.0999984741211	6709.7099609375
79.1100006103516	6689.865234375
79.120002746582	6682.6064453125
79.129997253418	6576.46484375
79.1399993896484	6672.400390625
79.1500015258789	6675.40625
79.1600036621094	6586.29931640625
79.1699981689453	6402.0234375
79.1800003051758	6495.3837890625
79.1900024414063	6705.525390625
79.1999969482422	6720.39453125
79.2099990844727	6497.61962890625
79.2200012207031	6674.2392578125
79.2300033569336	6612.52294921875
79.2399978637695	6400.46044921875
79.25	6330.1162109375
79.2600021362305	6296.1318359375
79.2699966430664	6450.71728515625
79.2799987792969	6444.21826171875
79.2900009155273	6269.892578125
79.3000030517578	6415.931640625
79.3099975585938	6554.4521484375
79.3199996948242	6713.31494140625
79.3300018310547	6567.59033203125
79.3399963378906	6342.52880859375
79.3499984741211	6248.7861328125
79.3600006103516	6095.1865234375
79.370002746582	6349.82373046875
79.379997253418	6687.255859375
79.3899993896484	6665.7333984375
79.4000015258789	6599.41943359375
79.4100036621094	6436.48828125
79.4199981689453	6355.17529296875
79.4300003051758	6252.3544921875
79.4400024414063	6133.68603515625
79.4499969482422	6260.72900390625
79.4599990844727	6373.50341796875
79.4700012207031	6334.298828125
79.4800033569336	6371.4189453125
79.4899978637695	6250.9345703125
79.5	5902.4892578125
79.5100021362305	6015.6494140625
79.5199966430664	6159.36767578125
79.5299987792969	6255.1669921875
79.5400009155273	6291.66650390625
79.5500030517578	6297.38916015625
79.5599975585938	6254.232421875
79.5699996948242	6279.08642578125
79.5800018310547	6534.41259765625
79.5899963378906	6504.4921875
79.5999984741211	6241.6826171875
79.6100006103516	6104.3037109375
79.620002746582	6163.27734375
79.629997253418	6194.29150390625
79.6399993896484	6374.2822265625
79.6500015258789	6327.119140625
79.6600036621094	5958.6943359375
79.6699981689453	6118.84130859375
79.6800003051758	6360.9267578125
79.6900024414063	6271.5849609375
79.6999969482422	6179.85302734375
79.7099990844727	6223.609375
79.7200012207031	6255.6923828125
79.7300033569336	6281.09619140625
79.7399978637695	6240.46630859375
79.75	6267.85107421875
79.7600021362305	6098.36376953125
79.7699966430664	6019.70068359375
79.7799987792969	6292.044921875
79.7900009155273	6365.54638671875
79.8000030517578	6228.10205078125
79.8099975585938	6061.47119140625
79.8199996948242	5928.88818359375
79.8300018310547	6135.599609375
79.8399963378906	6210.302734375
79.8499984741211	6129.3046875
79.8600006103516	5941.310546875
79.870002746582	5917.65771484375
79.879997253418	6009.63330078125
79.8899993896484	6126.59814453125
79.9000015258789	5985.537109375
79.9100036621094	5803.80517578125
79.9199981689453	5928.03466796875
79.9300003051758	6042.2626953125
79.9400024414063	5900.04638671875
79.9499969482422	5864.55908203125
79.9599990844727	6018.92138671875
79.9700012207031	5851.77734375
79.9800033569336	5752.95849609375
79.9899978637695	5933.30078125
80	5869.966796875
80.0100021362305	5845.1240234375
80.0199966430664	5872.30517578125
80.0299987792969	5801.720703125
80.0400009155273	5682.140625
80.0500030517578	5714.8994140625
80.0599975585938	5817.57763671875
80.0699996948242	5776.814453125
80.0800018310547	5707.8994140625
80.0899963378906	5708.544921875
80.0999984741211	5694.169921875
80.1100006103516	5750.80224609375
80.120002746582	5760.85107421875
80.129997253418	5688.193359375
80.1399993896484	5652.71630859375
80.1500015258789	5672.46044921875
80.1600036621094	5464.4130859375
80.1699981689453	5330.27587890625
80.1800003051758	5563.49365234375
80.1900024414063	5632.8623046875
80.1999969482422	5602.72705078125
80.2099990844727	5600
80.2200012207031	5650.421875
80.2300033569336	5607.79248046875
80.2399978637695	5597.39501953125
80.25	5496.39404296875
80.2600021362305	5519.99853515625
80.2699966430664	5519.18017578125
80.2799987792969	5639.787109375
80.2900009155273	5736.28173828125
80.3000030517578	5777.93896484375
80.3099975585938	5763.73681640625
80.3199996948242	5727.6630859375
80.3300018310547	5655.2607421875
80.3399963378906	5703.12744140625
80.3499984741211	5657.986328125
80.3600006103516	5694.74267578125
80.370002746582	5683.158203125
80.379997253418	5708.4921875
80.3899993896484	5688.76220703125
80.4000015258789	5655.52783203125
80.4100036621094	5655.56787109375
80.4199981689453	5842.0068359375
80.4300003051758	5833.1806640625
80.4400024414063	5655.40283203125
80.4499969482422	5497.140625
80.4599990844727	5750.16015625
80.4700012207031	5900
80.4800033569336	5722.2451171875
80.4899978637695	5616.67431640625
80.5	5880.34033203125
80.5100021362305	5827.98974609375
80.5199966430664	5683.40576171875
80.5299987792969	5713.78955078125
80.5400009155273	5680.68505859375
80.5500030517578	5827.34228515625
80.5599975585938	5955.447265625
80.5699996948242	5880.849609375
80.5800018310547	5650.63134765625
80.5899963378906	5613.67919921875
80.5999984741211	5724.65771484375
80.6100006103516	5783.25927734375
80.620002746582	5830.36962890625
80.629997253418	6043.451171875
80.6399993896484	5959.3310546875
80.6500015258789	5971.61279296875
80.6600036621094	6174.083984375
80.6699981689453	6095.4462890625
80.6800003051758	6066.328125
80.6900024414063	6025.4736328125
80.6999969482422	5942.03857421875
80.7099990844727	6082.03759765625
80.7200012207031	6326.47119140625
80.7300033569336	6402.82470703125
80.7399978637695	6388.986328125
80.75	6377.82861328125
80.7600021362305	6341.9814453125
80.7699966430664	6275.4892578125
80.7799987792969	6409.4814453125
80.7900009155273	6585.1240234375
80.8000030517578	6715.76806640625
80.8099975585938	6664.93896484375
80.8199996948242	6704.537109375
80.8300018310547	6914.70166015625
80.8399963378906	7038.41748046875
80.8499984741211	6981.52490234375
80.8600006103516	7023.93359375
80.870002746582	7011.8408203125
80.879997253418	6786.02685546875
80.8899993896484	6809.34716796875
80.9000015258789	6984.5400390625
80.9100036621094	7134.744140625
80.9199981689453	7276.37890625
80.9300003051758	7330.47119140625
80.9400024414063	7448.193359375
80.9499969482422	7776.24853515625
80.9599990844727	7927.59814453125
80.9700012207031	7998.900390625
80.9800033569336	8006.02294921875
80.9899978637695	8150.01171875
81	8462.58203125
81.0100021362305	8163.18896484375
81.0199966430664	8274.39453125
81.0299987792969	8722.6337890625
81.0400009155273	8719.4951171875
81.0500030517578	8647.115234375
81.0599975585938	8949.587890625
81.0699996948242	9168.23046875
81.0800018310547	9292.5361328125
81.0899963378906	9488.5849609375
81.0999984741211	9495.953125
81.1100006103516	9556.2109375
81.120002746582	9744.2275390625
81.129997253418	9789.4970703125
81.1399993896484	9758.7041015625
81.1500015258789	9717.4189453125
81.1600036621094	9689.1435546875
81.1699981689453	9677.9072265625
81.1800003051758	9550.2373046875
81.1900024414063	9705.6591796875
81.1999969482422	9971.359375
81.2099990844727	9795.3154296875
81.2200012207031	9658.3330078125
81.2300033569336	9642.087890625
81.2399978637695	9324.783203125
81.25	8941.8828125
81.2600021362305	8841.228515625
81.2699966430664	8866.22265625
81.2799987792969	9020.951171875
81.2900009155273	8981.1181640625
81.3000030517578	8700.59375
81.3099975585938	8691.33203125
81.3199996948242	8615.048828125
81.3300018310547	8628.0048828125
81.3399963378906	8675
81.3499984741211	8588.72265625
81.3600006103516	8385.3427734375
81.370002746582	8391.60546875
81.379997253418	8522.466796875
81.3899993896484	8292.04296875
81.4000015258789	8066.30615234375
81.4100036621094	8041.14306640625
81.4199981689453	8055.37890625
81.4300003051758	7907.77197265625
81.4400024414063	7776.62255859375
81.4499969482422	7857.4677734375
81.4599990844727	7819.97998046875
81.4700012207031	7648.53564453125
81.4800033569336	7390.0966796875
81.4899978637695	7358.4541015625
81.5	7400
81.5100021362305	7400
81.5199966430664	7260.63818359375
81.5299987792969	7135.10986328125
81.5400009155273	7177.96484375
81.5500030517578	7136.35107421875
81.5599975585938	6957.85498046875
81.5699996948242	6776.322265625
81.5800018310547	6647.13427734375
81.5899963378906	6629.72021484375
81.5999984741211	6518.7353515625
81.6100006103516	6412.599609375
81.620002746582	6359.62060546875
81.629997253418	6192.171875
81.6399993896484	5921.53125
81.6500015258789	6003.40185546875
81.6600036621094	6172.333984375
81.6699981689453	6096.37255859375
81.6800003051758	6022.67431640625
81.6900024414063	6176.49609375
81.6999969482422	6271.9921875
81.7099990844727	6141.90478515625
81.7200012207031	5981.51611328125
81.7300033569336	5699.25390625
81.7399978637695	5811.2978515625
81.75	6008.4775390625
81.7600021362305	6052.294921875
81.7699966430664	6122.0810546875
81.7799987792969	6142.40234375
81.7900009155273	6016.54638671875
81.8000030517578	5806.72265625
81.8099975585938	5725
81.8199996948242	5857.568359375
81.8300018310547	5975.73974609375
81.8399963378906	6132.47265625
81.8499984741211	6118.28466796875
81.8600006103516	5992.53564453125
81.870002746582	5801.7919921875
81.879997253418	5875.4033203125
81.8899993896484	5813.27734375
81.9000015258789	5878.33349609375
81.9100036621094	5834.5302734375
81.9199981689453	5821.73583984375
81.9300003051758	5747.419921875
81.9400024414063	5577.73974609375
81.9499969482422	5606.38818359375
81.9599990844727	5653.0576171875
81.9700012207031	5708.0126953125
81.9800033569336	5768.0263671875
81.9899978637695	5778.0634765625
82	5854.02197265625
82.0100021362305	5905.26611328125
82.0199966430664	5750.4052734375
82.0299987792969	5632.021484375
82.0400009155273	5695.57275390625
82.0500030517578	5820.5439453125
82.0599975585938	5651.1484375
82.0699996948242	5477.70849609375
82.0800018310547	5444.74755859375
82.0899963378906	5525.6787109375
82.0999984741211	5590.74658203125
82.1100006103516	5652.46875
82.120002746582	5604.6591796875
82.129997253418	5626.49267578125
82.1399993896484	5640.46142578125
82.1500015258789	5556.89111328125
82.1600036621094	5589.98779296875
82.1699981689453	5701.39208984375
82.1800003051758	5678.86669921875
82.1900024414063	5657.36083984375
82.1999969482422	5661.43701171875
82.2099990844727	5559.01025390625
82.2200012207031	5536.5791015625
82.2300033569336	5589.67529296875
82.2399978637695	5503.89892578125
82.25	5561.7216796875
82.2600021362305	5622.8974609375
82.2699966430664	5642.74609375
82.2799987792969	5731.3291015625
82.2900009155273	5717.66748046875
82.3000030517578	5704.173828125
82.3099975585938	5737.4990234375
82.3199996948242	5661.49462890625
82.3300018310547	5603.12890625
82.3399963378906	5620.80908203125
82.3499984741211	5784.14453125
82.3600006103516	5609.8798828125
82.370002746582	5413.62451171875
82.379997253418	5396.861328125
82.3899993896484	5540.2001953125
82.4000015258789	5562.7119140625
82.4100036621094	5540.56591796875
82.4199981689453	5441.07763671875
82.4300003051758	5530.54443359375
82.4400024414063	5599.08544921875
82.4499969482422	5645.50439453125
82.4599990844727	5776.55517578125
82.4700012207031	5776.3857421875
82.4800033569336	5591.58935546875
82.4899978637695	5515.51953125
82.5	5602.56787109375
82.5100021362305	5810.24658203125
82.5199966430664	5887.6640625
82.5299987792969	5942.1494140625
82.5400009155273	5874.90234375
82.5500030517578	5560.58447265625
82.5599975585938	5289.6650390625
82.5699996948242	5355.919921875
82.5800018310547	5482.9111328125
82.5899963378906	5374.3388671875
82.5999984741211	5296.818359375
82.6100006103516	5248.5029296875
82.620002746582	5407.13427734375
82.629997253418	5653.6455078125
82.6399993896484	5470.99609375
82.6500015258789	5256.9140625
82.6600036621094	5312.37939453125
82.6699981689453	5330.70068359375
82.6800003051758	5298.06103515625
82.6900024414063	5260.8623046875
82.6999969482422	5308.38427734375
82.7099990844727	5278.177734375
82.7200012207031	5407.69287109375
82.7300033569336	5542.2978515625
82.7399978637695	5496.841796875
82.75	5627.37060546875
82.7600021362305	5595.0830078125
82.7699966430664	5436.67529296875
82.7799987792969	5376.3173828125
82.7900009155273	5571.2470703125
82.8000030517578	5556.8486328125
82.8099975585938	5584.21044921875
82.8199996948242	5678.76806640625
82.8300018310547	5615.06640625
82.8399963378906	5581.98095703125
82.8499984741211	5642.6943359375
82.8600006103516	5527.0771484375
82.870002746582	5397.6416015625
82.879997253418	5512.615234375
82.8899993896484	5487.912109375
82.9000015258789	5289.34326171875
82.9100036621094	5478.15478515625
82.9199981689453	5578.75390625
82.9300003051758	5334.9384765625
82.9400024414063	5126.97216796875
82.9499969482422	5044.50146484375
82.9599990844727	5334.9501953125
82.9700012207031	5523.1748046875
82.9800033569336	5465.89453125
82.9899978637695	5489.1611328125
83	5545.29296875
83.0100021362305	5634.4033203125
83.0199966430664	5713.74951171875
83.0299987792969	5672.52490234375
83.0400009155273	5613.07177734375
83.0500030517578	5655.69775390625
83.0599975585938	5499.33056640625
83.0699996948242	5405.35693359375
83.0800018310547	5465.46044921875
83.0899963378906	5516.9443359375
83.0999984741211	5482.79736328125
83.1100006103516	5359.0703125
83.120002746582	5264.65234375
83.129997253418	5393.09765625
83.1399993896484	5471.48388671875
83.1500015258789	5539.033203125
83.1600036621094	5435.37158203125
83.1699981689453	5313.17431640625
83.1800003051758	5380.60546875
83.1900024414063	5498.7998046875
83.1999969482422	5345.3447265625
83.2099990844727	5307.2412109375
83.2200012207031	5291.21728515625
83.2300033569336	5337.1982421875
83.2399978637695	5530.67626953125
83.25	5511.162109375
83.2600021362305	5225.71826171875
83.2699966430664	5053.212890625
83.2799987792969	5173.84033203125
83.2900009155273	5356.95703125
83.3000030517578	5622.2470703125
83.3099975585938	5713.2236328125
83.3199996948242	5648.26171875
83.3300018310547	5539.85986328125
83.3399963378906	5458.30224609375
83.3499984741211	5401.63232421875
83.3600006103516	5420.0205078125
83.370002746582	5470.00146484375
83.379997253418	5318.3876953125
83.3899993896484	5368.21728515625
83.4000015258789	5295.20166015625
83.4100036621094	5179.9921875
83.4199981689453	5362.9892578125
83.4300003051758	5458.39111328125
83.4400024414063	5461.61279296875
83.4499969482422	5524.84521484375
83.4599990844727	5478.61279296875
83.4700012207031	5350.2919921875
83.4800033569336	5414.5068359375
83.4899978637695	5526.5029296875
83.5	5485.330078125
83.5100021362305	5381.9951171875
83.5199966430664	5341.66650390625
83.5299987792969	5535.4443359375
83.5400009155273	5582.23291015625
83.5500030517578	5336.34130859375
83.5599975585938	5193.4453125
83.5699996948242	5218.05859375
83.5800018310547	5286.29541015625
83.5899963378906	5341.45068359375
83.5999984741211	5274.10205078125
83.6100006103516	5211.7138671875
83.620002746582	5233.08740234375
83.629997253418	5259.8974609375
83.6399993896484	5256.77294921875
83.6500015258789	5299.44873046875
83.6600036621094	5392.64794921875
83.6699981689453	5398.7470703125
83.6800003051758	5597.25146484375
83.6900024414063	5656.1982421875
83.6999969482422	5532.447265625
83.7099990844727	5570.59423828125
83.7200012207031	5546.1044921875
83.7300033569336	5471.95068359375
83.7399978637695	5527.3115234375
83.75	5584.85009765625
83.7600021362305	5404.59130859375
83.7699966430664	5402.947265625
83.7799987792969	5501.5048828125
83.7900009155273	5439.494140625
83.8000030517578	5504.7138671875
83.8099975585938	5455.5927734375
83.8199996948242	5297.9111328125
83.8300018310547	5456.18359375
83.8399963378906	5546.021484375
83.8499984741211	5459.28173828125
83.8600006103516	5380.87158203125
83.870002746582	5541.14599609375
83.879997253418	5635.806640625
83.8899993896484	5476.10888671875
83.9000015258789	5437.1806640625
83.9100036621094	5651.15625
83.9199981689453	5726.08740234375
83.9300003051758	5696.55615234375
83.9400024414063	5484.96044921875
83.9499969482422	5264.939453125
83.9599990844727	5426.64794921875
83.9700012207031	5550.59375
83.9800033569336	5416.22998046875
83.9899978637695	5543.0576171875
84	5730.66943359375
84.0100021362305	5660.86669921875
84.0199966430664	5455.26904296875
84.0299987792969	5674.84130859375
84.0400009155273	5856.19384765625
84.0500030517578	5601.19287109375
84.0599975585938	5524.34423828125
84.0699996948242	5466.66015625
84.0800018310547	5441.64599609375
84.0899963378906	5541.6220703125
84.0999984741211	5607.6103515625
84.1100006103516	5581.3193359375
84.120002746582	5680.98876953125
84.129997253418	5770.150390625
84.1399993896484	5655.17529296875
84.1500015258789	5604.07275390625
84.1600036621094	5765.46044921875
84.1699981689453	5750.4716796875
84.1800003051758	5719.90087890625
84.1900024414063	5719.63330078125
84.1999969482422	5725.51513671875
84.2099990844727	5885.337890625
84.2200012207031	5867.37744140625
84.2300033569336	5865.43505859375
84.2399978637695	5939.482421875
84.25	5945.17431640625
84.2600021362305	5883.7841796875
84.2699966430664	5967.0263671875
84.2799987792969	6048.6943359375
84.2900009155273	6065.75439453125
84.3000030517578	6179.64453125
84.3099975585938	6201.8642578125
84.3199996948242	6113.7392578125
84.3300018310547	6002.8564453125
84.3399963378906	5998.07568359375
84.3499984741211	6163.083984375
84.3600006103516	6219.90478515625
84.370002746582	6167.65869140625
84.379997253418	6183.59716796875
84.3899993896484	6261.10693359375
84.4000015258789	6347.9560546875
84.4100036621094	6378.53955078125
84.4199981689453	6408.54150390625
84.4300003051758	6644.076171875
84.4400024414063	6665.94677734375
84.4499969482422	6638.451171875
84.4599990844727	6586.4267578125
84.4700012207031	6881.30078125
84.4800033569336	7067.5205078125
84.4899978637695	6976.11181640625
84.5	6896.25
84.5100021362305	6864.32080078125
84.5199966430664	6727.0791015625
84.5299987792969	6683.44189453125
84.5400009155273	6876.36279296875
84.5500030517578	6873.72314453125
84.5599975585938	6905.99462890625
84.5699996948242	7296.4130859375
84.5800018310547	7472.6435546875
84.5899963378906	7504.6982421875
84.5999984741211	7586.8671875
84.6100006103516	7817.4951171875
84.620002746582	8174.5703125
84.629997253418	8315.5009765625
84.6399993896484	8317.8291015625
84.6500015258789	8543.3017578125
84.6600036621094	8770.0009765625
84.6699981689453	8816.6669921875
84.6800003051758	8826.146484375
84.6900024414063	9013.3662109375
84.6999969482422	9050.55078125
84.7099990844727	9159.6142578125
84.7200012207031	9427.755859375
84.7300033569336	9515.541015625
84.7399978637695	9583.9765625
84.75	9816.517578125
84.7600021362305	9898.0390625
84.7699966430664	9735.568359375
84.7799987792969	9731.3408203125
84.7900009155273	9889.63671875
84.8000030517578	10165.8251953125
84.8099975585938	10565.3994140625
84.8199996948242	10712.306640625
84.8300018310547	10753.9794921875
84.8399963378906	10911.9033203125
84.8499984741211	10963.4326171875
84.8600006103516	10993.4072265625
84.870002746582	10976.912109375
84.879997253418	10811.140625
84.8899993896484	10655.595703125
84.9000015258789	10711.6396484375
84.9100036621094	10805.748046875
84.9199981689453	10741.5986328125
84.9300003051758	10716.1611328125
84.9400024414063	10596.3466796875
84.9499969482422	10394.3046875
84.9599990844727	10221.9580078125
84.9700012207031	10277.4375
84.9800033569336	10238.26171875
84.9899978637695	10026.767578125
85	10062.2177734375
85.0100021362305	10332.2763671875
85.0199966430664	10512.3740234375
85.0299987792969	10364.2158203125
85.0400009155273	10323.0224609375
85.0500030517578	10246.0302734375
85.0599975585938	10162.3095703125
85.0699996948242	9883.9912109375
85.0800018310547	9669.625
85.0899963378906	9356.3076171875
85.0999984741211	9147.5361328125
85.1100006103516	9200.974609375
85.120002746582	9208.3330078125
85.129997253418	9040.94140625
85.1399993896484	8852.560546875
85.1500015258789	8687.54296875
85.1600036621094	8628.81640625
85.1699981689453	8584.0654296875
85.1800003051758	8497.1611328125
85.1900024414063	8354.41796875
85.1999969482422	8128.53173828125
85.2099990844727	8173.28076171875
85.2200012207031	8375.0390625
85.2300033569336	8196.2880859375
85.2399978637695	7805.63330078125
85.25	7705.50927734375
85.2600021362305	7676.01953125
85.2699966430664	7505.74365234375
85.2799987792969	7495.203125
85.2900009155273	7516.7734375
85.3000030517578	7164.84423828125
85.3099975585938	6972.92626953125
85.3199996948242	7006.552734375
85.3300018310547	7037.7646484375
85.3399963378906	7084.2158203125
85.3499984741211	6870.58837890625
85.3600006103516	6622.60986328125
85.370002746582	6598.87939453125
85.379997253418	6712.39599609375
85.3899993896484	6709.7685546875
85.4000015258789	6672.97900390625
85.4100036621094	6544.6650390625
85.4199981689453	6250.51123046875
85.4300003051758	6195.53955078125
85.4400024414063	6243.7275390625
85.4499969482422	6380.91796875
85.4599990844727	6522.0849609375
85.4700012207031	6354.64208984375
85.4800033569336	6075.5185546875
85.4899978637695	6044.48974609375
85.5	6085.4541015625
85.5100021362305	6107.8310546875
85.5199966430664	5986.22412109375
85.5299987792969	5766.9365234375
85.5400009155273	5636.8525390625
85.5500030517578	5774.30029296875
85.5599975585938	5979.76611328125
85.5699996948242	5983.943359375
85.5800018310547	6032.0771484375
85.5899963378906	5881.22265625
85.5999984741211	5645.32958984375
85.6100006103516	5732.06201171875
85.620002746582	5841.66650390625
85.629997253418	5818.91748046875
85.6399993896484	5763.6171875
85.6500015258789	5856.072265625
85.6600036621094	5835.6484375
85.6699981689453	5692.45654296875
85.6800003051758	5830.84912109375
85.6900024414063	5906.931640625
85.6999969482422	5745.67431640625
85.7099990844727	5594.85888671875
85.7200012207031	5682.15576171875
85.7300033569336	5609.74365234375
85.7399978637695	5766.9541015625
85.75	5807.037109375
85.7600021362305	5603.0947265625
85.7699966430664	5401.74560546875
85.7799987792969	5399.8642578125
85.7900009155273	5537.85107421875
85.8000030517578	5415.22021484375
85.8099975585938	5421.18212890625
85.8199996948242	5448.9873046875
85.8300018310547	5409.70654296875
85.8399963378906	5375.412109375
85.8499984741211	5270.24951171875
85.8600006103516	5450.87353515625
85.870002746582	5735.53759765625
85.879997253418	5529.333984375
85.8899993896484	5255.6826171875
85.9000015258789	5296.93603515625
85.9100036621094	5466.189453125
85.9199981689453	5517.9052734375
85.9300003051758	5393.53271484375
85.9400024414063	5401.939453125
85.9499969482422	5412.1953125
85.9599990844727	5385.23779296875
85.9700012207031	5538.31298828125
85.9800033569336	5537.99853515625
85.9899978637695	5428.232421875
86	5197.3388671875
86.0100021362305	5035.177734375
86.0199966430664	5241.68896484375
86.0299987792969	5359.76904296875
86.0400009155273	5284.787109375
86.0500030517578	5178.5419921875
86.0599975585938	5161.30810546875
86.0699996948242	5101.8330078125
86.0800018310547	5056.80810546875
86.0899963378906	5189.74609375
86.0999984741211	5306.193359375
86.1100006103516	5262.06640625
86.120002746582	5222.2607421875
86.129997253418	5375.17236328125
86.1399993896484	5522.80419921875
86.1500015258789	5461.07568359375
86.1600036621094	5307.78173828125
86.1699981689453	5188.35986328125
86.1800003051758	5106.14453125
86.1900024414063	5137.1357421875
86.1999969482422	5160.61279296875
86.2099990844727	5133.33349609375
86.2200012207031	5142.19775390625
86.2300033569336	5167.72119140625
86.2399978637695	5285.1845703125
86.25	5202.37353515625
86.2600021362305	5080.97021484375
86.2699966430664	5099.48876953125
86.2799987792969	5122.609375
86.2900009155273	5145.58154296875
86.3000030517578	5097.5029296875
86.3099975585938	5190.76513671875
86.3199996948242	5281.85888671875
86.3300018310547	5245.10205078125
86.3399963378906	5255.37548828125
86.3499984741211	5349.90966796875
86.3600006103516	5469.5205078125
86.370002746582	5358.17724609375
86.379997253418	5313.4775390625
86.3899993896484	5452.7822265625
86.4000015258789	5363.70751953125
86.4100036621094	5202.11572265625
86.4199981689453	5144.7041015625
86.4300003051758	5155.73388671875
86.4400024414063	5231.60791015625
86.4499969482422	5305.7060546875
86.4599990844727	5359.64111328125
86.4700012207031	5317.59375
86.4800033569336	5372.22998046875
86.4899978637695	5418.0771484375
86.5	5524.22705078125
86.5100021362305	5592.296875
86.5199966430664	5406.9365234375
86.5299987792969	5466.087890625
86.5400009155273	5555.50390625
86.5500030517578	5443.23193359375
86.5599975585938	5400.396484375
86.5699996948242	5395.2451171875
86.5800018310547	5400.77685546875
86.5899963378906	5442.81982421875
86.5999984741211	5444.88232421875
86.6100006103516	5477.2587890625
86.620002746582	5551.1171875
86.629997253418	5444.47216796875
86.6399993896484	5216.2763671875
86.6500015258789	5081.89111328125
86.6600036621094	5232.4892578125
86.6699981689453	5434.744140625
86.6800003051758	5488.37158203125
86.6900024414063	5642.84375
86.6999969482422	5710.28466796875
86.7099990844727	5584.63671875
86.7200012207031	5334.67578125
86.7300033569336	5331.24951171875
86.7399978637695	5517.966796875
86.75	5545.6728515625
86.7600021362305	5299.45556640625
86.7699966430664	5126.87890625
86.7799987792969	5149.072265625
86.7900009155273	5211.38525390625
86.8000030517578	5239.85888671875
86.8099975585938	5467.84716796875
86.8199996948242	5539.5263671875
86.8300018310547	5388.2236328125
86.8399963378906	5481.59326171875
86.8499984741211	5683.5302734375
86.8600006103516	5812.638671875
86.870002746582	5648.8310546875
86.879997253418	5366.92333984375
86.8899993896484	5404.78271484375
86.9000015258789	5494.1318359375
86.9100036621094	5415.89306640625
86.9199981689453	5473.2451171875
86.9300003051758	5515.6669921875
86.9400024414063	5371.80224609375
86.9499969482422	5223.78955078125
86.9599990844727	5333.33349609375
86.9700012207031	5436.4462890625
86.9800033569336	5340.05517578125
86.9899978637695	5480.20458984375
87	5499.8310546875
87.0100021362305	5410.08056640625
87.0199966430664	5440.80908203125
87.0299987792969	5523.67529296875
87.0400009155273	5458.26513671875
87.0500030517578	5214.8427734375
87.0599975585938	5180.06103515625
87.0699996948242	5340.32421875
87.0800018310547	5377.35400390625
87.0899963378906	5295.73974609375
87.0999984741211	5295.9248046875
87.1100006103516	5334.04931640625
87.120002746582	5336.88720703125
87.129997253418	5333.8466796875
87.1399993896484	5354.0830078125
87.1500015258789	5388.23486328125
87.1600036621094	5497.18798828125
87.1699981689453	5426.60205078125
87.1800003051758	5486.81787109375
87.1900024414063	5700.44287109375
87.1999969482422	5576.65283203125
87.2099990844727	5390.96826171875
87.2200012207031	5405.04931640625
87.2300033569336	5445.6357421875
87.2399978637695	5310.64501953125
87.25	5343.89892578125
87.2600021362305	5462.07958984375
87.2699966430664	5272.79296875
87.2799987792969	5061.7705078125
87.2900009155273	5092.75
87.3000030517578	5255.15869140625
87.3099975585938	5371.28564453125
87.3199996948242	5399.9033203125
87.3300018310547	5438.00927734375
87.3399963378906	5386.4794921875
87.3499984741211	5304.2939453125
87.3600006103516	5400.80908203125
87.370002746582	5403.435546875
87.379997253418	5362.82861328125
87.3899993896484	5463.0185546875
87.4000015258789	5361.22802734375
87.4100036621094	5166.42138671875
87.4199981689453	5150.11474609375
87.4300003051758	5183.4404296875
87.4400024414063	5036.533203125
87.4499969482422	4967.1689453125
87.4599990844727	5008.0830078125
87.4700012207031	5125.7568359375
87.4800033569336	5304.2177734375
87.4899978637695	5304.12158203125
87.5	5308.3857421875
87.5100021362305	5316.64453125
87.5199966430664	5387.673828125
87.5299987792969	5454.14501953125
87.5400009155273	5391.603515625
87.5500030517578	5400.0458984375
87.5599975585938	5383.30908203125
87.5699996948242	5291.6689453125
87.5800018310547	5362.4462890625
87.5899963378906	5416.70263671875
87.5999984741211	5112.919921875
87.6100006103516	4941.46484375
87.620002746582	5203.7626953125
87.629997253418	5399.9013671875
87.6399993896484	5304.60888671875
87.6500015258789	5365.92138671875
87.6600036621094	5446.3232421875
87.6699981689453	5358.212890625
87.6800003051758	5346.03173828125
87.6900024414063	5345.6171875
87.6999969482422	5379.1923828125
87.7099990844727	5416.3876953125
87.7200012207031	5483.154296875
87.7300033569336	5429.7705078125
87.7399978637695	5230.14453125
87.75	5215.7392578125
87.7600021362305	5428.2265625
87.7699966430664	5516.82470703125
87.7799987792969	5450.498046875
87.7900009155273	5338.1513671875
87.8000030517578	5402.759765625
87.8099975585938	5591.00439453125
87.8199996948242	5633.5302734375
87.8300018310547	5394.431640625
87.8399963378906	5314.75341796875
87.8499984741211	5479.00146484375
87.8600006103516	5339.60986328125
87.870002746582	5240.84130859375
87.879997253418	5427.27880859375
87.8899993896484	5418.80322265625
87.9000015258789	5172.45263671875
87.9100036621094	5062.56689453125
87.9199981689453	5291.92041015625
87.9300003051758	5566.10205078125
87.9400024414063	5493.55224609375
87.9499969482422	5428.34765625
87.9599990844727	5380.923828125
87.9700012207031	5361.01171875
87.9800033569336	5462.0986328125
87.9899978637695	5520.09375
88	5607.32373046875
88.0100021362305	5731.7841796875
88.0199966430664	5706.36669921875
88.0299987792969	5555.15576171875
88.0400009155273	5455.36083984375
88.0500030517578	5432.5830078125
88.0599975585938	5470.73779296875
88.0699996948242	5243.06591796875
88.0800018310547	5280.62890625
88.0899963378906	5424.58935546875
88.0999984741211	5335.74169921875
88.1100006103516	5367.72021484375
88.120002746582	5377.77197265625
88.129997253418	5494.19482421875
88.1399993896484	5538.0556640625
88.1500015258789	5630.16748046875
88.1600036621094	5721.63818359375
88.1699981689453	5590.42333984375
88.1800003051758	5487.38134765625
88.1900024414063	5463.34521484375
88.1999969482422	5473.77294921875
88.2099990844727	5549.0029296875
88.2200012207031	5502.53076171875
88.2300033569336	5372.24658203125
88.2399978637695	5518.7412109375
88.25	5688.69091796875
88.2600021362305	5500.7998046875
88.2699966430664	5454.52099609375
88.2799987792969	5591.1142578125
88.2900009155273	5676.78662109375
88.3000030517578	5665.47998046875
88.3099975585938	5607.1826171875
88.3199996948242	5541.1435546875
88.3300018310547	5413.23828125
88.3399963378906	5399.70068359375
88.3499984741211	5400.30322265625
88.3600006103516	5479.95849609375
88.370002746582	5570.98876953125
88.379997253418	5526.572265625
88.3899993896484	5391.16064453125
88.4000015258789	5387.80126953125
88.4100036621094	5483.6591796875
88.4199981689453	5322.93212890625
88.4300003051758	5198.33203125
88.4400024414063	5341.61572265625
88.4499969482422	5418.03173828125
88.4599990844727	5403.30419921875
88.4700012207031	5413.0234375
88.4800033569336	5380.04833984375
88.4899978637695	5505.90478515625
88.5	5495.24658203125
88.5100021362305	5168.8720703125
88.5199966430664	5160.0439453125
88.5299987792969	5300.74365234375
88.5400009155273	5378.82666015625
88.5500030517578	5451.517578125
88.5599975585938	5289.46435546875
88.5699996948242	5193.705078125
88.5800018310547	5281.37939453125
88.5899963378906	5305.1533203125
88.5999984741211	5303.1708984375
88.6100006103516	5317.06884765625
88.620002746582	5308.33349609375
88.629997253418	5185.51806640625
88.6399993896484	5244.0341796875
88.6500015258789	5430.62744140625
88.6600036621094	5427.6923828125
88.6699981689453	5454.37890625
88.6800003051758	5552.759765625
88.6900024414063	5477.0478515625
88.6999969482422	5239.02734375
88.7099990844727	5326.7314453125
88.7200012207031	5438.60986328125
88.7300033569336	5282.61083984375
88.7399978637695	5223.974609375
88.75	5356.51220703125
88.7600021362305	5356.232421875
88.7699966430664	5363.8896484375
88.7799987792969	5467.80078125
88.7900009155273	5450.3017578125
88.8000030517578	5315.58203125
88.8099975585938	5301.5380859375
88.8199996948242	5397.10986328125
88.8300018310547	5501.01123046875
88.8399963378906	5432.82763671875
88.8499984741211	5385.7509765625
88.8600006103516	5432.89208984375
88.870002746582	5315.75341796875
88.879997253418	5352.2822265625
88.8899993896484	5391.818359375
88.9000015258789	5226.71875
88.9100036621094	5152.3623046875
88.9199981689453	5449.01025390625
88.9300003051758	5543.02783203125
88.9400024414063	5413.72119140625
88.9499969482422	5576.24853515625
88.9599990844727	5648.39697265625
88.9700012207031	5628.228515625
88.9800033569336	5524.35498046875
88.9899978637695	5466.66650390625
89	5451.0986328125
89.0100021362305	5390.5419921875
89.0199966430664	5349.443359375
89.0299987792969	5261.17333984375
89.0400009155273	5169.4228515625
89.0500030517578	5218.84521484375
89.0599975585938	5331.49658203125
89.0699996948242	5413.36328125
89.0800018310547	5601.607421875
89.0899963378906	5713.2021484375
89.0999984741211	5416.193359375
89.1100006103516	5264.30517578125
89.120002746582	5257.4345703125
89.129997253418	5239.275390625
89.1399993896484	5332.98828125
89.1500015258789	5392.27197265625
89.1600036621094	5352.43603515625
89.1699981689453	5278.0634765625
89.1800003051758	5221.7578125
89.1900024414063	5462.8681640625
89.1999969482422	5677.3837890625
89.2099990844727	5367.572265625
89.2200012207031	5185.9853515625
89.2300033569336	5389.84033203125
89.2399978637695	5464.08154296875
89.25	5306.423828125
89.2600021362305	5351.193359375
89.2699966430664	5619.74462890625
89.2799987792969	5654.001953125
89.2900009155273	5514.80029296875
89.3000030517578	5540.87646484375
89.3099975585938	5654.345703125
89.3199996948242	5639.34765625
89.3300018310547	5497.04248046875
89.3399963378906	5394.369140625
89.3499984741211	5369.814453125
89.3600006103516	5478.96240234375
89.370002746582	5599.3134765625
89.379997253418	5631.26220703125
89.3899993896484	5490.26953125
89.4000015258789	5333.66259765625
89.4100036621094	5444.388671875
89.4199981689453	5459.455078125
89.4300003051758	5433.6015625
89.4400024414063	5513.81689453125
89.4499969482422	5470.01904296875
89.4599990844727	5466.36279296875
89.4700012207031	5571.19482421875
89.4800033569336	5570.4697265625
89.4899978637695	5525.5830078125
89.5	5500.86181640625
89.5100021362305	5518.880859375
89.5199966430664	5423.34228515625
89.5299987792969	5356.8427734375
89.5400009155273	5412.92138671875
89.5500030517578	5393.89794921875
89.5599975585938	5418.9560546875
89.5699996948242	5450.7861328125
89.5800018310547	5341.66650390625
89.5899963378906	5398.412109375
89.5999984741211	5519.603515625
89.6100006103516	5632.46533203125
89.620002746582	5691.66650390625
89.629997253418	5752.0791015625
89.6399993896484	5794.80859375
89.6500015258789	5660.2578125
89.6600036621094	5447.40869140625
89.6699981689453	5416.24072265625
89.6800003051758	5603.30078125
89.6900024414063	5697.03857421875
89.6999969482422	5649.4658203125
89.7099990844727	5770.06787109375
89.7200012207031	6045.615234375
89.7300033569336	5983.84521484375
89.7399978637695	5836.73681640625
89.75	5936.71533203125
89.7600021362305	5882.85205078125
89.7699966430664	5731.248046875
89.7799987792969	5757.0654296875
89.7900009155273	5895.35009765625
89.8000030517578	5950.47119140625
89.8099975585938	5971.12158203125
89.8199996948242	5972.2802734375
89.8300018310547	5919.021484375
89.8399963378906	5923.52783203125
89.8499984741211	5782.7509765625
89.8600006103516	5722.40576171875
89.870002746582	5779.85986328125
89.879997253418	5839.05078125
89.8899993896484	5784.63134765625
89.9000015258789	5716.876953125
89.9100036621094	5691.27783203125
89.9199981689453	5597.16259765625
89.9300003051758	5713.59375
89.9400024414063	5953.11865234375
89.9499969482422	6023.97265625
89.9599990844727	6021.39794921875
89.9700012207031	5972.8974609375
89.9800033569336	5833.25146484375
89.9899978637695	5791.66650390625
90	5791.66650390625
