[PowderGraph 1]
2thetadeg	d-value	intx	sigx	count
   0.00100  88267.70067    0.00000    0.00000          0
   0.01100   8025.66499    0.00000    0.00000          0
   0.02100   4203.95292    0.00000    0.00000          0
   0.03099   2847.84706    0.00000    0.00000          0
   0.04099   2153.25332    0.00000    0.00000          0
   0.05099   1731.04832    0.00000    0.00000          0
   0.06099   1447.27077    0.00000    0.00000          0
   0.07099   1243.43036    0.00000    0.00000          0
   0.08099   1089.92081    0.00000    0.00000          0
   0.09098    970.14955    0.00000    0.00000          0
   0.10098    874.09533    0.00000    0.00000          0
   0.11098    795.34816    0.00000    0.00000          0
   0.12098    729.61702    0.00000    0.00000          0
   0.13098    673.92117    0.00000    0.00000          0
   0.14097    626.12542    0.00000    0.00000          0
   0.15097    584.66024    0.00000    0.00000          0
   0.16097    548.34600    0.00000    0.00000          0
   0.17097    516.27904    0.00000    0.00000          0
   0.18097    487.75538    0.00000    0.00000          0
   0.19097    462.21850    0.00000    0.00000          0
   0.20096    439.22260    0.00000    0.00000          0
   0.21096    418.40640    0.00000    0.00000          0
   0.22096    399.47402    0.00000    0.00000          0
   0.23096    382.18081    0.00000    0.00000          0
   0.24096    366.32272    0.00000    0.00000          0
   0.25095    351.72822    0.00000    0.00000          0
   0.26095    338.25207    0.00000    0.00000          0
   0.27095    325.77048    0.00000    0.00000          0
   0.28095    314.17725    0.00000    0.00000          0
   0.29095    303.38081    0.00000    0.00000          0
   0.30095    293.30174    0.00000    0.00000          0
   0.31094    283.87085    0.00000    0.00000          0
   0.32094    275.02754    0.00000    0.00000          0
   0.33094    266.71858    0.00000    0.00000          0
   0.34094    258.89695    0.00000    0.00000          0
   0.35094    251.52099    0.00000    0.00000          0
   0.36093    244.55368    0.00000    0.00000          0
   0.37093    237.96196    0.00000    0.00000          0
   0.38093    231.71626    0.00000    0.00000          0
   0.39093    225.79004    0.00000    0.00000          0
   0.40093    220.15939    0.00000    0.00000          0
   0.41093    214.80274    0.00000    0.00000          0
   0.42092    209.70056    0.00000    0.00000          0
   0.43092    204.83514    0.00000    0.00000          0
   0.44092    200.19038    0.00000    0.00000          0
   0.45092    195.75159    0.00000    0.00000          0
   0.46092    191.50538    0.00000    0.00000          0
   0.47091    187.43947    0.00000    0.00000          0
   0.48091    183.54262    0.00000    0.00000          0
   0.49091    179.80451    0.00000    0.00000          0
   0.50091    176.21562    0.00000    0.00000          0
   0.51091    172.76720    0.00000    0.00000          0
   0.52091    169.45115    0.00000    0.00000          0
   0.53090    166.26000    0.00000    0.00000          0
   0.54090    163.18683    0.00000    0.00000          0
   0.55090    160.22520    0.00000    0.00000          0
   0.56090    157.36916    0.00000    0.00000          0
   0.57090    154.61316    0.00000    0.00000          0
   0.58089    151.95203    0.00000    0.00000          0
   0.59089    149.38095    0.00000    0.00000          0
   0.60089    146.89543    0.00000    0.00000          0
   0.61089    144.49127    0.00000    0.00000          0
   0.62089    142.16455    0.00000    0.00000          0
   0.63089    139.91156    0.00000    0.00000          0
   0.64088    137.72888    0.00000    0.00000          0
   0.65088    135.61325    0.00000    0.00000          0
   0.66088    133.56164    0.00000    0.00000          0
   0.67088    131.57117    0.00000    0.00000          0
   0.68088    129.63917    0.00000    0.00000          0
   0.69087    127.76308    0.00000    0.00000          0
   0.70087    125.94052    0.00000    0.00000          0
   0.71087    124.16923    0.00000    0.00000          0
   0.72087    122.44707    0.00000    0.00000          0
   0.73087    120.77203    0.00000    0.00000          0
   0.74087    119.14220    0.00000    0.00000          0
   0.75086    117.55577    0.00000    0.00000          0
   0.76086    116.01104    0.00000    0.00000          0
   0.77086    114.50638    0.00000    0.00000          0
   0.78086    113.04025    0.00000    0.00000          0
   0.79086    111.61120    0.00000    0.00000          0
   0.80085    110.21782    0.00000    0.00000          0
   0.81085    108.85881    0.00000    0.00000          0
   0.82085    107.53290    0.00000    0.00000          0
   0.83085    106.23891    0.00000    0.00000          0
   0.84085    104.97568    0.00000    0.00000          0
   0.85085    103.74215    0.00000    0.00000          0
   0.86084    102.53727    0.00000    0.00000          0
   0.87084    101.36005    0.00000    0.00000          0
   0.88084    100.20957    0.00000    0.00000          0
   0.89084     99.08490    0.00000    0.00000          0
   0.90084     97.98520    0.00000    0.00000          0
   0.91083     96.90965    0.00000    0.00000          0
   0.92083     95.85745    0.00000    0.00000          0
   0.93083     94.82785    0.00000    0.00000          0
   0.94083     93.82014    0.00000    0.00000          0
   0.95083     92.83362    0.00000    0.00000          0
   0.96083     91.86763    0.00000    0.00000          0
   0.97082     90.92154    0.00000    0.00000          0
   0.98082     89.99474    0.00000    0.00000          0
   0.99082     89.08664    0.00000    0.00000          0
   1.00082     88.19669    0.00000    0.00000          0
   1.01082     87.32434    0.00000    0.00000          0
   1.02081     86.46908    0.00000    0.00000          0
   1.03081     85.63041    0.00000    0.00000          0
   1.04081     84.80785    0.00000    0.00000          0
   1.05081     84.00095    0.00000    0.00000          0
   1.06081     83.20926    0.00000    0.00000          0
   1.07081     82.43235    0.00000    0.00000          0
   1.08080     81.66982    0.00000    0.00000          0
   1.09080     80.92126    0.00000    0.00000          0
   1.10080     80.18630    0.00000    0.00000          0
   1.11080     79.46458    0.00000    0.00000          0
   1.12080     78.75573    0.00000    0.00000          0
   1.13079     78.05941    0.00000    0.00000          0
   1.14079     77.37530    0.00000    0.00000          0
   1.15079     76.70308    0.00000    0.00000          0
   1.16079     76.04244    0.00000    0.00000          0
   1.17079     75.39308    0.00000    0.00000          0
   1.18079     74.75472    0.00000    0.00000          0
   1.19078     74.12708    0.00000    0.00000          0
   1.20078     73.50989    0.00000    0.00000          0
   1.21078     72.90290    0.00000    0.00000          0
   1.22078     72.30584    0.00000    0.00000          0
   1.23078     71.71849    0.00000    0.00000          0
   1.24077     71.14060    0.00000    0.00000          0
   1.25077     70.57196    0.00000    0.00000          0
   1.26077     70.01233    0.00000    0.00000          0
   1.27077     69.46151    0.00000    0.00000          0
   1.28077     68.91928    0.00000    0.00000          0
   1.29077     68.38546    0.00000    0.00000          0
   1.30076     67.85985    0.00000    0.00000          0
   1.31076     67.34225    0.00000    0.00000          0
   1.32076     66.83249    0.00000    0.00000          0
   1.33076     66.33039    0.00000    0.00000          0
   1.34076     65.83578    0.00000    0.00000          0
   1.35075     65.34849    0.00000    0.00000          0
   1.36075     64.86836    0.00000    0.00000          0
   1.37075     64.39524    0.00000    0.00000          0
   1.38075     63.92897    0.00000    0.00000          0
   1.39075     63.46940    0.00000    0.00000          0
   1.40075     63.01639    0.00000    0.00000          0
   1.41074     62.56981    0.00000    0.00000          0
   1.42074     62.12951    0.00000    0.00000          0
   1.43074     61.69536    0.00000    0.00000          0
   1.44074     61.26724    0.00000    0.00000          0
   1.45074     60.84502    0.00000    0.00000          0
   1.46073     60.42858    0.00000    0.00000          0
   1.47073     60.01780    0.00000    0.00000          0
   1.48073     59.61257    0.00000    0.00000          0
   1.49073     59.21278    0.00000    0.00000          0
   1.50073     58.81831    0.00000    0.00000          0
   1.51073     58.42907    0.00000    0.00000          0
   1.52072     58.04494    0.00000    0.00000          0
   1.53072     57.66583    0.00000    0.00000          0
   1.54072     57.29165    0.00000    0.00000          0
   1.55072     56.92228    0.00000    0.00000          0
   1.56072     56.55765    0.00000    0.00000          0
   1.57071     56.19766    0.00000    0.00000          0
   1.58071     55.84223    0.00000    0.00000          0
   1.59071     55.49126    0.00000    0.00000          0
   1.60071     55.14468    0.00000    0.00000          0
   1.61071     54.80240    0.00000    0.00000          0
   1.62071     54.46435    0.00000    0.00000          0
   1.63070     54.13044    0.00000    0.00000          0
   1.64070     53.80060    0.00000    0.00000          0
   1.65070     53.47475    0.00000    0.00000          0
   1.66070     53.15283    0.00000    0.00000          0
   1.67070     52.83477    0.00000    0.00000          0
   1.68069     52.52048    0.00000    0.00000          0
   1.69069     52.20992    0.00000    0.00000          0
   1.70069     51.90300    0.00000    0.00000          0
   1.71069     51.59968    0.00000    0.00000          0
   1.72069     51.29987    0.00000    0.00000          0
   1.73068     51.00354    0.00000    0.00000          0
   1.74068     50.71060    0.00000    0.00000          0
   1.75068     50.42102    0.00000    0.00000          0
   1.76068     50.13472    0.00000    0.00000          0
   1.77068     49.85165    0.00000    0.00000          0
   1.78068     49.57177    0.00000    0.00000          0
   1.79067     49.29501    0.00000    0.00000          0
   1.80067     49.02132    0.00000    0.00000          0
   1.81067     48.75066    0.00000    0.00000          0
   1.82067     48.48297    0.00000    0.00000          0
   1.83067     48.21820    0.00000    0.00000          0
   1.84066     47.95631    0.00000    0.00000          0
   1.85066     47.69725    0.00000    0.00000          0
   1.86066     47.44097    0.00000    0.00000          0
   1.87066     47.18743    0.00000    0.00000          0
   1.88066     46.93659    0.00000    0.00000          0
   1.89066     46.68840    0.00000    0.00000          0
   1.90065     46.44283    0.00000    0.00000          0
   1.91065     46.19982    0.00000    0.00000          0
   1.92065     45.95935    0.00000    0.00000          0
   1.93065     45.72136    0.00000    0.00000          0
   1.94065     45.48583    0.00000    0.00000          0
   1.95064     45.25271    0.00000    0.00000          0
   1.96064     45.02197    0.00000    0.00000          0
   1.97064     44.79357    0.00000    0.00000          0
   1.98064     44.56747    0.00000    0.00000          0
   1.99064     44.34365    0.00000    0.00000          0
   2.00064     44.12207    0.00000    0.00000          0
   2.01063     43.90268    0.00000    0.00000          0
   2.02063     43.68547    0.00000    0.00000          0
   2.03063     43.47040    0.00000    0.00000          0
   2.04063     43.25744    0.00000    0.00000          0
   2.05063     43.04655    0.00000    0.00000          0
   2.06062     42.83771    0.00000    0.00000          0
   2.07062     42.63089    0.00000    0.00000          0
   2.08062     42.42605    0.00000    0.00000          0
   2.09062     42.22318    0.00000    0.00000          0
   2.10062     42.02223    0.00000    0.00000          0
   2.11062     41.82319    0.00000    0.00000          0
   2.12061     41.62603    0.00000    0.00000          0
   2.13061     41.43072    0.00000    0.00000          0
   2.14061     41.23723    0.00000    0.00000          0
   2.15061     41.04554    0.00000    0.00000          0
   2.16061     40.85562    0.00000    0.00000          0
   2.17060     40.66746    0.00000    0.00000          0
   2.18060     40.48102    0.00000    0.00000          0
   2.19060     40.29628    0.00000    0.00000          0
   2.20060     40.11322    0.00000    0.00000          0
   2.21060     39.93182    0.00000    0.00000          0
   2.22060     39.75205    0.00000    0.00000          0
   2.23059     39.57389    0.00000    0.00000          0
   2.24059     39.39732    0.00000    0.00000          0
   2.25059     39.22232    0.00000    0.00000          0
   2.26059     39.04887    0.00000    0.00000          0
   2.27059     38.87695    0.00000    0.00000          0
   2.28058     38.70653    0.00000    0.00000          0
   2.29058     38.53760    0.00000    0.00000          0
   2.30058     38.37014    0.00000    0.00000          0
   2.31058     38.20413    0.00000    0.00000          0
   2.32058     38.03955    0.00000    0.00000          0
   2.33058     37.87639    0.00000    0.00000          0
   2.34057     37.71461    0.00000    0.00000          0
   2.35057     37.55422    0.00000    0.00000          0
   2.36057     37.39518    0.00000    0.00000          0
   2.37057     37.23748    0.00000    0.00000          0
   2.38057     37.08111    0.00000    0.00000          0
   2.39056     36.92605    0.00000    0.00000          0
   2.40056     36.77227    0.00000    0.00000          0
   2.41056     36.61978    0.00000    0.00000          0
   2.42056     36.46854    0.00000    0.00000          0
   2.43056     36.31855    0.00000    0.00000          0
   2.44056     36.16978    0.00000    0.00000          0
   2.45055     36.02224    0.00000    0.00000          0
   2.46055     35.87589    0.00000    0.00000          0
   2.47055     35.73072    0.00000    0.00000          0
   2.48055     35.58673    0.00000    0.00000          0
   2.49055     35.44389    0.00000    0.00000          0
   2.50054     35.30219    0.00000    0.00000          0
   2.51054     35.16162    0.00000    0.00000          0
   2.52054     35.02217    0.00000    0.00000          0
   2.53054     34.88382    0.00000    0.00000          0
   2.54054     34.74656    0.00000    0.00000          0
   2.55054     34.61037    0.00000    0.00000          0
   2.56053     34.47525    0.00000    0.00000          0
   2.57053     34.34118    0.00000    0.00000          0
   2.58053     34.20815    0.00000    0.00000          0
   2.59053     34.07614    0.00000    0.00000          0
   2.60053     33.94516    0.00000    0.00000          0
   2.61052     33.81517    0.00000    0.00000          0
   2.62052     33.68618    0.00000    0.00000          0
   2.63052     33.55816    0.00000    0.00000          0
   2.64052     33.43112    0.00000    0.00000          0
   2.65052     33.30503    0.00000    0.00000          0
   2.66052     33.17990    0.00000    0.00000          0
   2.67051     33.05570    0.00000    0.00000          0
   2.68051     32.93242    0.00000    0.00000          0
   2.69051     32.81006    0.00000    0.00000          0
   2.70051     32.68861    0.00000    0.00000          0
   2.71051     32.56806    0.00000    0.00000          0
   2.72050     32.44839    0.00000    0.00000          0
   2.73050     32.32960    0.00000    0.00000          0
   2.74050     32.21167    0.00000    0.00000          0
   2.75050     32.09460    0.00000    0.00000          0
   2.76050     31.97838    0.00000    0.00000          0
   2.77050     31.86300    0.00000    0.00000          0
   2.78049     31.74845    0.00000    0.00000          0
   2.79049     31.63472    0.00000    0.00000          0
   2.80049     31.52180    0.00000    0.00000          0
   2.81049     31.40968    0.00000    0.00000          0
   2.82049     31.29836    0.00000    0.00000          0
   2.83048     31.18783    0.00000    0.00000          0
   2.84048     31.07808    0.00000    0.00000          0
   2.85048     30.96909    0.00000    0.00000          0
   2.86048     30.86087    0.00000    0.00000          0
   2.87048     30.75340    0.00000    0.00000          0
   2.88048     30.64667    0.00000    0.00000          0
   2.89047     30.54069    0.00000    0.00000          0
   2.90047     30.43544    0.00000    0.00000          0
   2.91047     30.33090    0.00000    0.00000          0
   2.92047     30.22709    0.00000    0.00000          0
   2.93047     30.12398    0.00000    0.00000          0
   2.94046     30.02158    0.00000    0.00000          0
   2.95046     29.91987    0.00000    0.00000          0
   2.96046     29.81884    0.00000    0.00000          0
   2.97046     29.71850    0.00000    0.00000          0
   2.98046     29.61883    0.00000    0.00000          0
   2.99046     29.51982    0.00000    0.00000          0
   3.00045     29.42148    0.00000    0.00000          0
   3.01045     29.32379    0.00000    0.00000          0
   3.02045     29.22674    0.00000    0.00000          0
   3.03045     29.13034    0.00000    0.00000          0
   3.04045     29.03457    0.00000    0.00000          0
   3.05044     28.93943 1208.87436   14.10348          1
   3.06044     28.84491    0.00000    0.00000          0
   3.07044     28.75100    0.00000    0.00000          0
   3.08044     28.65771    0.00000    0.00000          0
   3.09044     28.56502    0.00000    0.00000          0
   3.10044     28.47293    0.00000    0.00000          0
   3.11043     28.38142 1150.04980   13.95461          1
   3.12043     28.29051 1079.46023   13.33073          1
   3.13043     28.20018 1077.88514    8.47697          1
   3.14043     28.11042 1076.31005    8.47077          1
   3.15043     28.02123 1074.73495    8.46457          1
   3.16042     27.93261 1073.15986   13.57886          1
   3.17042     27.84454 1057.60001    8.39682          1
   3.18042     27.75703 1042.04016   13.25425          1
   3.19042     27.67007 1022.77228    7.15113          1
   3.20042     27.58365 1011.21155    6.35991          2
   3.21042     27.49776 1003.50440    9.24899          2
   3.22041     27.41242  978.07215    5.10705          3
   3.23041     27.32760  961.11731   12.65834          3
   3.24041     27.24330  946.31330    3.97138          4
   3.25041     27.15952  938.18239    3.22866          6
   3.26041     27.07626  930.78131    2.97735          7
   3.27040     26.99351  928.42179    6.30501         13
   3.28040     26.91126  916.43451    2.01818         15
   3.29040     26.82951  906.73355   12.47733         25
   3.30040     26.74825  900.55166    8.76722         37
   3.31040     26.66749  891.47091    8.83164         47
   3.32040     26.58721  882.72231    6.16941         66
   3.33039     26.50742  874.74734   12.54384         84
   3.34039     26.42810  866.67287    8.61221        108
   3.35039     26.34925  857.18641    8.72548        137
   3.36039     26.27088  850.59713    8.62274        170
   3.37039     26.19297  842.53614   12.28443        206
   3.38038     26.11552  833.96066   12.12849        249
   3.39038     26.03853  826.48652    5.40291        277
   3.40038     25.96199  818.19193    7.01130        317
   3.41038     25.88590  810.44892   12.17929        355
   3.42038     25.81025  802.43925    8.38563        404
   3.43038     25.73505  794.14059    6.93923        447
   3.44037     25.66028  786.17886    8.35793        478
   3.45037     25.58595  778.07596   11.94780        544
   3.46037     25.51205  769.91032    6.72212        562
   3.47037     25.43857  761.88888    6.72712        616
   3.48037     25.36551  753.70461    5.06630        614
   3.49036     25.29287  745.65584    9.96158        632
   3.50036     25.22065  737.64257    5.52514        680
   3.51036     25.14884  729.64588    6.25942        674
   3.52036     25.07744  722.24715    6.28160        745
   3.53036     25.00644  714.28676    5.44433        750
   3.54036     24.93584  707.00188    5.21833        776
   3.55035     24.86564  699.51191    4.92248        802
   3.56035     24.79584  692.38309    6.06957        820
   3.57035     24.72642  685.05004    5.36902        887
   3.58035     24.65740  678.21935    5.83179        849
   3.59035     24.58875  671.45524    4.96571        960
   3.60034     24.52049  664.83663    4.06904        922
   3.61034     24.45261  658.63812    5.06645       1007
   3.62034     24.38510  652.53163   11.10622        983
   3.63034     24.31797  646.18750    4.33215       1046
   3.64034     24.25120  639.69320    4.42178       1089
   3.65034     24.18480  633.10405    6.30305       1122
   3.66033     24.11876  627.08565    9.46875       1186
   3.67033     24.05308  621.18696    3.52475       1175
   3.68033     23.98776  615.39449    3.47775       1244
   3.69033     23.92279  609.37594    7.46647       1256
   3.70033     23.85818  603.93003    4.73398       1270
   3.71032     23.79391  597.99197    6.09720       1296
   3.72032     23.72999  591.75060    4.40881       1323
   3.73032     23.66641  585.62019    5.02757       1407
   3.74032     23.60317  579.69545    3.96355       1377
   3.75032     23.54027  573.41200    4.46658       1404
   3.76032     23.47770  567.78231    5.95820       1377
   3.77031     23.41546  562.46133    3.65613       1450
   3.78031     23.35355  556.72550    4.52353       1434
   3.79031     23.29197  551.19488    4.24562       1435
   3.80031     23.23072  545.56146    4.22903       1457
   3.81031     23.16978  539.15370    3.82090       1512
   3.82030     23.10917  533.27386    3.82799       1539
   3.83030     23.04887  528.22224    3.72728       1502
   3.84030     22.98888  522.66905    5.38091       1521
   3.85030     22.92921  517.52635    6.97452       1512
   3.86030     22.86985  511.59819    8.41859       1548
   3.87030     22.81079  506.45149    3.95255       1515
   3.88029     22.75203  502.35921    2.98553       1533
   3.89029     22.69358  496.85272    3.03360       1612
   3.90029     22.63543  491.85404    3.57677       1603
   3.91029     22.57758  486.35347    4.80714       1684
   3.92029     22.52002  481.25376    3.46675       1678
   3.93028     22.46275  476.33928    5.21564       1673
   3.94028     22.40578  471.56494    6.11700       1662
   3.95028     22.34909  466.70020    3.69120       1649
   3.96028     22.29269  462.03367    5.35154       1667
   3.97028     22.23657  457.00559    3.47938       1565
   3.98028     22.18074  452.30831    2.67101       1671
   3.99027     22.12519  447.97243    3.52603       1687
   4.00027     22.06991  443.43794    4.99381       1746
   4.01027     22.01491  439.02358    3.42580       1730
   4.02027     21.96018  434.47879    2.92222       1803
   4.03027     21.90572  429.90028    4.27915       1804
   4.04026     21.85154  425.84187    3.46064       1823
   4.05026     21.79762  421.98398    7.40323       1727
   4.06026     21.74397  417.69636    3.29847       1723
   4.07026     21.69058  413.27997    2.93379       1776
   4.08026     21.63745  408.42821    3.67298       1762
   4.09026     21.58458  404.55655    3.04496       1826
   4.10025     21.53197  400.80831    2.96578       1821
   4.11025     21.47962  396.93303    2.95898       1864
   4.12025     21.42752  393.24338    4.34955       1871
   4.13025     21.37567  389.27992    3.60367       1920
   4.14025     21.32407  385.87631    3.25974       1844
   4.15024     21.27272  381.98186    2.58669       1926
   4.16024     21.22162  378.27395    3.04525       1926
   4.17024     21.17077  374.49467    2.28832       1953
   4.18024     21.12015  370.28733    4.01020       1963
   4.19024     21.06978  366.53025    2.50643       2059
   4.20024     21.01965  363.08881    2.50073       2074
   4.21023     20.96976  359.55539    2.48188       2133
   4.22023     20.92010  356.27505    2.83770       2123
   4.23023     20.87068  352.46237    1.88023       2264
   4.24023     20.82149  349.08731    3.86565       2365
   4.25023     20.77253  345.74808    2.41117       2419
   4.26022     20.72380  342.68530    2.46645       2476
   4.27022     20.67530  339.36815    2.03455       2571
   4.28022     20.62703  336.18863    3.47103       2597
   4.29022     20.57898  332.73787    2.30690       2729
   4.30022     20.53115  330.26127    2.22946       2744
   4.31022     20.48355  327.34725    1.81792       2822
   4.32021     20.43617  323.99903    2.24766       2969
   4.33021     20.38901  321.63962    2.32779       2979
   4.34021     20.34206  318.25387    2.62073       3184
   4.35021     20.29533  315.96393    2.03080       3147
   4.36021     20.24881  312.83338    2.20909       3275
   4.37020     20.20251  310.49619    2.74625       3232
   4.38020     20.15642  307.40243    2.23461       3380
   4.39020     20.11054  304.70941    2.23370       3275
   4.40020     20.06487  301.82768    2.13601       3392
   4.41020     20.01940  299.38731    1.64182       3419
   4.42020     19.97414  296.58119    2.20850       3443
   4.43019     19.92908  293.92498    2.32929       3498
   4.44019     19.88423  291.35818    2.11994       3553
   4.45019     19.83958  288.57446    2.57944       3604
   4.46019     19.79513  286.20272    2.03550       3520
   4.47019     19.75088  283.57801    1.86759       3598
   4.48018     19.70682  281.04990    1.75246       3537
   4.49018     19.66296  278.06487    2.51521       3663
   4.50018     19.61930  275.87988    1.97380       3595
   4.51018     19.57583  273.19261    1.70237       3679
   4.52018     19.53255  270.91238    2.25588       3661
   4.53018     19.48947  268.27328    2.05352       3692
   4.54017     19.44657  266.13219    2.22668       3804
   4.55017     19.40386  263.85748    1.64933       3769
   4.56017     19.36134  261.44580    1.76159       3753
   4.57017     19.31901  258.97539    1.81284       3773
   4.58017     19.27686  256.84747    2.07962       3829
   4.59016     19.23489  254.40889    2.42250       3937
   4.60016     19.19311  252.21313    2.16582       3784
   4.61016     19.15151  249.95669    1.47363       3942
   4.62016     19.11008  247.82923    1.77292       3878
   4.63016     19.06884  245.62617    1.84410       3937
   4.64016     19.02778  243.78719    1.67719       3939
   4.65015     18.98689  241.64346    1.56241       3960
   4.66015     18.94617  239.24985    1.93492       3989
   4.67015     18.90563  237.63908    1.90337       3943
   4.68015     18.86527  235.29451    2.16505       4170
   4.69015     18.82507  233.62775    1.77830       4052
   4.70014     18.78505  231.42006    1.52561       4130
   4.71014     18.74520  229.69367    1.85775       4010
   4.72014     18.70552  227.63941    1.59068       4095
   4.73014     18.66600  225.99974    1.62552       4143
   4.74014     18.62665  224.06835    1.48409       4268
   4.75014     18.58747  222.39735    1.70616       4189
   4.76013     18.54845  220.34070    1.50289       4234
   4.77013     18.50959  218.78473    2.00965       4294
   4.78013     18.47090  217.12900    1.88063       4388
   4.79013     18.43237  215.49694    1.64978       4390
   4.80013     18.39400  213.62673    1.61876       4313
   4.81012     18.35579  212.01723    1.54293       4266
   4.82012     18.31774  210.21949    1.16625       4456
   4.83012     18.27984  208.80233    1.95819       4401
   4.84012     18.24210  207.05621    1.69947       4538
   4.85012     18.20452  205.53711    1.41662       4437
   4.86012     18.16709  203.75495    1.59569       4545
   4.87011     18.12982  202.42829    2.22328       4618
   4.88011     18.09270  200.89502    1.46354       4539
   4.89011     18.05573  199.37755    1.38147       4589
   4.90011     18.01891  197.79547    1.25778       4615
   4.91011     17.98224  196.22338    1.97192       4670
   4.92010     17.94572  194.79167    1.66059       4630
   4.93010     17.90935  193.24321    1.40881       4664
   4.94010     17.87313  191.79808    1.74557       4698
   4.95010     17.83705  190.43182    1.20990       4760
   4.96010     17.80112  188.84963    1.36351       4798
   4.97010     17.76533  187.61833    1.37524       4785
   4.98009     17.72969  186.09826    1.38002       4809
   4.99009     17.69419  184.80468    2.05516       4823
   5.00009     17.65883  183.19909    1.12339       4933
   5.01009     17.62361  182.02049    1.78434       4954
   5.02009     17.58853  180.67942    1.49850       4952
   5.03008     17.55359  179.28618    1.48976       4930
   5.04008     17.51879  177.86175    1.37753       4998
   5.05008     17.48413  176.77090    1.09389       4986
   5.06008     17.44961  175.49819    1.25619       5088
   5.07008     17.41522  174.28635    1.43471       5109
   5.08007     17.38097  172.99083    1.56497       5173
   5.09007     17.34685  171.69602    1.28353       5297
   5.10007     17.31287  170.54769    1.17773       5236
   5.11007     17.27901  169.38398    1.47090       5291
   5.12007     17.24529  168.36411    1.48208       5309
   5.13007     17.21171  167.01310    1.31388       5274
   5.14006     17.17825  165.82069    1.29996       5323
   5.15006     17.14492  164.69686    1.00620       5371
   5.16006     17.11173  163.73968    1.13779       5415
   5.17006     17.07866  162.61432    1.59610       5543
   5.18006     17.04571  161.45211    1.56551       5531
   5.19005     17.01290  160.41412    1.16743       5524
   5.20005     16.98021  159.29605    1.20379       5593
   5.21005     16.94765  158.48065    1.28427       5546
   5.22005     16.91521  157.29962    1.17202       5717
   5.23005     16.88290  156.37220    1.29909       5644
   5.24005     16.85071  155.16893    1.20482       5652
   5.25004     16.81864  154.33705    1.02866       5682
   5.26004     16.78669  153.35444    1.07881       5857
   5.27004     16.75487  152.47625    1.26791       5817
   5.28004     16.72316  151.46013    1.44261       5863
   5.29004     16.69158  150.48211    1.08974       5795
   5.30003     16.66011  149.58709    0.95105       5932
   5.31003     16.62877  148.78238    1.23104       6013
   5.32003     16.59754  147.88805    1.02851       6040
   5.33003     16.56643  146.97174    1.21130       6103
   5.34003     16.53543  146.06004    1.30442       6218
   5.35003     16.50455  145.18905    1.15038       6138
   5.36002     16.47379  144.37663    0.96671       6240
   5.37002     16.44314  143.62560    1.15733       6175
   5.38002     16.41260  142.74353    0.94414       6364
   5.39002     16.38218  142.02202    1.00122       6348
   5.40002     16.35187  141.02519    1.10002       6479
   5.41001     16.32167  140.46091    1.14313       6472
   5.42001     16.29159  139.55018    1.14539       6622
   5.43001     16.26161  138.84446    0.88136       6767
   5.44001     16.23175  137.99655    1.18821       6767
   5.45001     16.20199  137.33976    0.93615       6742
   5.46001     16.17235  136.49634    0.95203       6871
   5.47000     16.14281  135.91986    0.91314       6988
   5.48000     16.11338  134.97644    0.88976       7095
   5.49000     16.08406  134.43718    1.07605       7191
   5.50000     16.05484  133.50873    0.98499       7311
   5.51000     16.02573  133.01731    0.94317       7354
   5.51999     15.99673  132.08734    1.23695       7479
   5.52999     15.96783  131.54029    1.02750       7423
   5.53999     15.93903  130.68403    0.92177       7584
   5.54999     15.91034  130.04490    0.83905       7738
   5.55999     15.88175  129.28452    0.83884       7791
   5.56999     15.85327  128.61975    0.90973       7851
   5.57998     15.82488  127.92977    0.84470       8042
   5.58998     15.79660  127.25643    1.15721       8146
   5.59998     15.76842  126.62503    0.96408       8255
   5.60998     15.74034  125.88841    0.81649       8205
   5.61998     15.71236  125.20003    0.97427       8250
   5.62997     15.68448  124.62589    0.92229       8548
   5.63997     15.65670  123.89335    0.92414       8515
   5.64997     15.62901  123.12412    0.94142       8532
   5.65997     15.60143  122.53130    0.87927       8598
   5.66997     15.57394  121.79331    1.05891       8569
   5.67997     15.54655  121.26121    0.72760       8780
   5.68996     15.51925  120.55528    0.85563       8761
   5.69996     15.49205  120.00953    0.84945       8873
   5.70996     15.46495  119.32249    0.89139       8957
   5.71996     15.43794  118.72658    0.75293       8881
   5.72996     15.41102  118.08932    0.85186       9207
   5.73995     15.38420  117.45879    1.03917       9178
   5.74995     15.35747  116.81390    0.90597       9215
   5.75995     15.33084  116.19307    0.98860       9121
   5.76995     15.30430  115.56964    0.82588       9018
   5.77995     15.27784  115.04276    0.95083       9208
   5.78995     15.25148  114.54534    0.79246       9320
   5.79994     15.22522  113.87981    0.70039       9289
   5.80994     15.19904  113.38610    0.80893       9323
   5.81994     15.17295  112.71105    0.73839       9451
   5.82994     15.14695  112.30647    0.79258       9495
   5.83994     15.12104  111.67844    0.93127       9628
   5.84993     15.09522  111.17101    0.83973       9571
   5.85993     15.06949  110.55622    0.82647       9650
   5.86993     15.04384  110.08395    0.79608       9606
   5.87993     15.01828  109.47880    0.80980       9649
   5.88993     14.99281  109.06764    0.85434       9833
   5.89993     14.96743  108.35936    0.74038       9839
   5.90992     14.94213  108.04533    0.77365       9912
   5.91992     14.91692  107.45712    0.72898       9860
   5.92992     14.89179  106.93238    0.69192       9852
   5.93992     14.86674  106.53562    0.79161       9955
   5.94992     14.84178  106.02839    0.74813      10225
   5.95991     14.81691  105.60214    0.74316      10180
   5.96991     14.79212  105.06062    0.76461      10351
   5.97991     14.76741  104.61226    0.84168      10264
   5.98991     14.74278  104.11097    0.77349      10404
   5.99991     14.71823  103.68217    0.77353      10395
   6.00991     14.69377  103.23169    0.70328      10529
   6.01990     14.66939  102.75892    0.83125      10346
   6.02990     14.64509  102.29373    0.75277      10478
   6.03990     14.62087  101.86392    0.64775      10556
   6.04990     14.59673  101.44107    0.64026      10650
   6.05990     14.57267  101.01127    0.86300      10770
   6.06989     14.54869  100.65608    0.63953      10827
   6.07989     14.52478  100.18274    0.72707      10867
   6.08989     14.50096   99.76800    0.79298      10859
   6.09989     14.47721   99.31980    0.70383      11047
   6.10989     14.45355   98.97937    0.74564      11003
   6.11989     14.42996   98.44980    0.69784      11185
   6.12988     14.40644   98.09670    0.80556      11040
   6.13988     14.38300   97.69209    0.69460      11202
   6.14988     14.35964   97.25338    0.65689      11315
   6.15988     14.33636   96.82802    0.66519      11081
   6.16988     14.31315   96.47195    0.64431      11317
   6.17987     14.29001   96.13686    0.58317      11288
   6.18987     14.26696   95.76410    0.85041      11474
   6.19987     14.24397   95.36419    0.67243      11611
   6.20987     14.22106   94.92115    0.73251      11636
   6.21987     14.19822   94.65768    0.68954      11560
   6.22987     14.17546   94.25996    0.62233      11737
   6.23986     14.15277   93.89504    0.78607      11648
   6.24986     14.13015   93.60215    0.57549      11924
   6.25986     14.10760   93.04612    0.71309      11865
   6.26986     14.08513   92.78056    0.73265      11774
   6.27986     14.06273   92.42442    0.56896      11976
   6.28985     14.04039   92.17612    0.69075      11930
   6.29985     14.01813   91.71494    0.65258      12218
   6.30985     13.99594   91.46221    0.77258      12138
   6.31985     13.97382   90.98798    0.53222      12192
   6.32985     13.95177   90.68823    0.65744      12235
   6.33985     13.92979   90.46736    0.65209      12243
   6.34984     13.90788   90.06589    0.61685      12522
   6.35984     13.88604   89.82831    0.65565      12585
   6.36984     13.86427   89.44963    0.71448      12497
   6.37984     13.84256   89.05230    0.73394      12438
   6.38984     13.82093   88.66316    0.63957      12561
   6.39983     13.79936   88.46448    0.55612      12677
   6.40983     13.77786   88.14084    0.61828      12733
   6.41983     13.75642   87.81354    0.57981      12713
   6.42983     13.73505   87.52656    0.66430      12860
   6.43983     13.71375   87.08271    0.68815      12662
   6.44983     13.69251   86.96236    0.55836      12953
   6.45982     13.67134   86.61580    0.63384      13124
   6.46982     13.65024   86.33789    0.62130      13035
   6.47982     13.62920   85.98222    0.64390      13029
   6.48982     13.60822   85.69371    0.62397      12965
   6.49982     13.58731   85.45943    0.59386      13168
   6.50981     13.56647   85.11796    0.63795      13239
   6.51981     13.54569   84.89187    0.58140      13317
   6.52981     13.52497   84.54962    0.63923      13209
   6.53981     13.50431   84.29923    0.59658      13341
   6.54981     13.48372   83.97391    0.63058      13089
   6.55981     13.46319   83.80040    0.53439      13423
   6.56980     13.44273   83.48023    0.58742      13519
   6.57980     13.42232   83.19373    0.59409      13548
   6.58980     13.40198   82.94137    0.60876      13425
   6.59980     13.38170   82.66896    0.57024      13629
   6.60980     13.36148   82.50255    0.69596      13464
   6.61979     13.34132   82.18807    0.60132      13899
   6.62979     13.32123   81.86462    0.64129      13713
   6.63979     13.30119   81.67228    0.55794      13758
   6.64979     13.28121   81.37410    0.56948      13700
   6.65979     13.26130   81.17377    0.56222      13599
   6.66979     13.24144   80.80684    0.52144      13846
   6.67978     13.22164   80.70910    0.54258      13921
   6.68978     13.20190   80.43413    0.60082      14004
   6.69978     13.18223   80.18915    0.57467      14195
   6.70978     13.16260   79.92917    0.57246      14043
   6.71978     13.14304   79.77165    0.59074      14156
   6.72977     13.12354   79.57215    0.54183      14266
   6.73977     13.10409   79.34203    0.58788      14437
   6.74977     13.08471   79.06881    0.62822      14250
   6.75977     13.06537   78.87038    0.60507      14415
   6.76977     13.04610   78.69398    0.52784      14487
   6.77977     13.02688   78.40519    0.51167      14097
   6.78976     13.00772   78.20194    0.49165      14492
   6.79976     12.98862   78.10703    0.54576      14658
   6.80976     12.96957   77.74825    0.60426      14699
   6.81976     12.95058   77.64781    0.53729      14843
   6.82976     12.93164   77.44649    0.57835      14818
   6.83975     12.91276   77.20776    0.51488      14965
   6.84975     12.89394   77.09605    0.60559      14938
   6.85975     12.87517   76.83607    0.55282      15064
   6.86975     12.85645   76.62386    0.54589      14975
   6.87975     12.83779   76.40935    0.61137      15173
   6.88975     12.81918   76.26262    0.52993      15117
   6.89974     12.80063   76.10947    0.47872      15087
   6.90974     12.78213   75.89724    0.49336      15224
   6.91974     12.76368   75.71996    0.52978      15389
   6.92974     12.74529   75.45402    0.58038      15416
   6.93974     12.72695   75.32351    0.50235      15356
   6.94973     12.70866   75.14698    0.55910      15449
   6.95973     12.69043   74.91746    0.50427      15642
   6.96973     12.67225   74.82422    0.53652      15414
   6.97973     12.65412   74.57080    0.59512      15922
   6.98973     12.63604   74.40519    0.58302      15834
   6.99973     12.61801   74.21967    0.51647      15621
   7.00972     12.60004   73.98114    0.54935      15577
   7.01972     12.58211   73.75899    0.47379      15696
   7.02972     12.56424   73.64861    0.47875      15522
   7.03972     12.54642   73.39046    0.47690      15716
   7.04972     12.52865   73.22769    0.53706      15622
   7.05971     12.51093   73.09194    0.55098      15674
   7.06971     12.49325   72.86719    0.52719      15752
   7.07971     12.47563   72.63932    0.51738      15791
   7.08971     12.45806   72.51490    0.47658      15609
   7.09971     12.44054   72.32067    0.58918      15691
   7.10971     12.42307   72.13775    0.51314      15445
   7.11970     12.40565   72.00350    0.52317      15373
   7.12970     12.38827   71.74766    0.46328      15423
   7.13970     12.37095   71.61309    0.49233      15458
   7.14970     12.35367   71.51414    0.48517      15371
   7.15970     12.33644   71.26972    0.52617      15427
   7.16969     12.31926   71.19795    0.51756      15438
   7.17969     12.30213   70.92764    0.46528      15556
   7.18969     12.28504   70.78026    0.52907      15377
   7.19969     12.26800   70.64658    0.54712      15584
   7.20969     12.25101   70.50451    0.48761      15601
   7.21969     12.23407   70.40080    0.54288      15456
   7.22968     12.21717   70.08770    0.54963      15440
   7.23968     12.20032   69.95592    0.48244      15333
   7.24968     12.18352   69.84082    0.46095      15560
   7.25968     12.16676   69.69113    0.48277      15508
   7.26968     12.15005   69.54142    0.52209      15456
   7.27967     12.13339   69.40360    0.53658      15495
   7.28967     12.11677   69.15608    0.44350      15446
   7.29967     12.10019   69.02874    0.48679      15311
   7.30967     12.08366   68.90645    0.49410      15801
   7.31967     12.06718   68.77637    0.58648      15614
   7.32967     12.05074   68.66190    0.50124      15683
   7.33966     12.03435   68.43236    0.49985      15594
   7.34966     12.01800   68.30563    0.49017      15496
   7.35966     12.00170   68.12734    0.45621      15535
   7.36966     11.98544   68.05832    0.50469      15758
   7.37966     11.96922   67.94777    0.51762      15740
   7.38965     11.95305   67.75975    0.47347      15813
   7.39965     11.93692   67.65032    0.45952      15569
   7.40965     11.92084   67.44409    0.52367      15801
   7.41965     11.90480   67.32970    0.47872      15759
   7.42965     11.88880   67.27597    0.45934      16020
   7.43965     11.87284   67.16399    0.51753      15926
   7.44964     11.85693   66.97444    0.54453      15945
   7.45964     11.84106   66.78647    0.47116      15992
   7.46964     11.82523   66.68110    0.46975      16056
   7.47964     11.80945   66.60777    0.50590      15854
   7.48964     11.79371   66.50610    0.47434      16098
   7.49963     11.77801   66.35637    0.51092      16228
   7.50963     11.76235   66.20681    0.46680      16167
   7.51963     11.74673   66.10891    0.43368      16221
   7.52963     11.73116   65.99472    0.46325      16147
   7.53963     11.71562   65.85517    0.53812      16196
   7.54963     11.70013   65.83708    0.46293      16380
   7.55962     11.68468   65.61378    0.48580      16528
   7.56962     11.66927   65.51947    0.51319      16336
   7.57962     11.65390   65.46339    0.46536      16429
   7.58962     11.63857   65.30800    0.47817      16519
   7.59962     11.62328   65.19019    0.45270      16410
   7.60961     11.60803   65.13146    0.46584      16568
   7.61961     11.59282   64.93974    0.49814      16630
   7.62961     11.57765   64.91958    0.46422      16788
   7.63961     11.56252   64.79631    0.49224      16548
   7.64961     11.54743   64.68126    0.42544      16644
   7.65961     11.53238   64.60865    0.45537      16777
   7.66960     11.51737   64.45745    0.49745      16826
   7.67960     11.50239   64.31280    0.52634      16814
   7.68960     11.48746   64.27433    0.41479      16824
   7.69960     11.47257   64.14942    0.47993      17037
   7.70960     11.45771   64.10267    0.44909      16928
   7.71959     11.44289   63.95550    0.53847      16844
   7.72959     11.42812   63.82302    0.43948      17044
   7.73959     11.41337   63.76792    0.44648      17207
   7.74959     11.39867   63.65449    0.47193      17190
   7.75959     11.38401   63.61415    0.44041      17108
   7.76959     11.36938   63.50933    0.45709      17030
   7.77958     11.35479   63.33262    0.45642      17252
   7.78958     11.34024   63.25314    0.46337      17209
   7.79958     11.32572   63.20713    0.46270      17246
   7.80958     11.31125   63.08783    0.46487      17408
   7.81958     11.29681   63.04111    0.45861      17430
   7.82957     11.28240   62.86675    0.43939      17364
   7.83957     11.26804   62.81455    0.48033      17275
   7.84957     11.25371   62.69857    0.43836      17486
   7.85957     11.23941   62.65769    0.44973      17676
   7.86957     11.22516   62.55832    0.42678      17474
   7.87957     11.21094   62.44065    0.49929      17424
   7.88956     11.19675   62.37722    0.40592      17449
   7.89956     11.18260   62.21902    0.51429      17598
   7.90956     11.16849   62.16936    0.47426      17624
   7.91956     11.15441   62.10032    0.39458      17735
   7.92956     11.14037   62.00638    0.41858      17621
   7.93955     11.12636   61.89181    0.51641      17752
   7.94955     11.11239   61.75884    0.42403      17697
   7.95955     11.09846   61.68414    0.48002      17637
   7.96955     11.08455   61.65617    0.42482      17775
   7.97955     11.07069   61.55041    0.46982      17889
   7.98955     11.05686   61.42691    0.44481      18065
   7.99954     11.04306   61.31920    0.44215      17848
   8.00954     11.02930   61.26216    0.46182      17599
   8.01954     11.01557   61.12823    0.43890      17947
   8.02954     11.00188   61.05522    0.39956      17933
   8.03954     10.98822   61.02199    0.41418      17859
   8.04953     10.97459   60.90585    0.44305      18054
   8.05953     10.96100   60.74728    0.46561      18204
   8.06953     10.94744   60.71896    0.46893      18003
   8.07953     10.93391   60.67353    0.46960      17899
   8.08953     10.92042   60.57076    0.41231      18228
   8.09953     10.90697   60.49763    0.39954      18322
   8.10952     10.89354   60.46770    0.49448      18078
   8.11952     10.88015   60.30612    0.44220      18330
   8.12952     10.86679   60.27487    0.40453      18151
   8.13952     10.85346   60.20460    0.43307      17983
   8.14952     10.84017   60.14371    0.43017      18298
   8.15951     10.82691   60.05025    0.39046      18351
   8.16951     10.81368   60.01626    0.47757      18384
   8.17951     10.80049   59.89181    0.46259      18371
   8.18951     10.78732   59.85120    0.44118      18466
   8.19951     10.77419   59.80446    0.42929      18169
   8.20951     10.76109   59.69079    0.39219      18666
   8.21950     10.74803   59.65027    0.43827      18560
   8.22950     10.73499   59.57911    0.46417      18519
   8.23950     10.72199   59.49447    0.41233      18692
   8.24950     10.70901   59.40905    0.45690      18303
   8.25950     10.69607   59.39556    0.41981      18386
   8.26949     10.68316   59.29271    0.38378      18746
   8.27949     10.67029   59.20394    0.43216      18742
   8.28949     10.65744   59.14975    0.44310      18597
   8.29949     10.64462   59.07123    0.40909      18839
   8.30949     10.63184   59.02153    0.44193      18668
   8.31948     10.61908   58.87381    0.41699      18568
   8.32948     10.60636   58.85142    0.40878      18891
   8.33948     10.59366   58.77631    0.46376      18990
   8.34948     10.58100   58.71819    0.44028      18874
   8.35948     10.56837   58.62262    0.43267      18978
   8.36948     10.55577   58.56369    0.42113      18812
   8.37947     10.54319   58.50929    0.39062      18718
   8.38947     10.53065   58.36891    0.37865      18903
   8.39947     10.51814   58.31320    0.40246      19034
   8.40947     10.50566   58.27997    0.44552      19071
   8.41947     10.49320   58.21250    0.43996      19082
   8.42946     10.48078   58.10381    0.42603      19114
   8.43946     10.46838   58.02761    0.43309      19091
   8.44946     10.45602   57.94646    0.40804      19162
   8.45946     10.44368   57.94050    0.43179      19161
   8.46946     10.43138   57.88196    0.42739      19238
   8.47946     10.41910   57.80959    0.43474      19325
   8.48945     10.40685   57.73514    0.39836      19195
   8.49945     10.39463   57.67671    0.36822      19168
   8.50945     10.38244   57.59909    0.37743      19291
   8.51945     10.37028   57.55242    0.47907      19288
   8.52945     10.35815   57.56378    0.41762      19356
   8.53944     10.34604   57.47122    0.43513      19463
   8.54944     10.33396   57.39534    0.43006      19437
   8.55944     10.32192   57.36117    0.36949      19551
   8.56944     10.30990   57.31584    0.39910      19465
   8.57944     10.29790   57.27551    0.42538      19563
   8.58944     10.28594   57.26777    0.41404      19607
   8.59943     10.27400   57.20321    0.46008      19657
   8.60943     10.26209   57.11396    0.41225      19465
   8.61943     10.25021   57.10024    0.35651      19541
   8.62943     10.23836   57.02554    0.40728      19411
   8.63943     10.22653   57.04654    0.41350      19830
   8.64942     10.21473   56.96345    0.41174      19794
   8.65942     10.20296   56.91012    0.38043      19904
   8.66942     10.19122   56.89714    0.42902      19770
   8.67942     10.17950   56.79253    0.40336      19833
   8.68942     10.16781   56.78749    0.40038      19702
   8.69942     10.15615   56.77381    0.43801      19883
   8.70941     10.14451   56.70937    0.44362      19902
   8.71941     10.13290   56.65675    0.41960      20096
   8.72941     10.12132   56.59257    0.37065      19937
   8.73941     10.10976   56.60849    0.34810      19864
   8.74941     10.09823   56.52282    0.41174      19921
   8.75940     10.08673   56.43456    0.38781      19905
   8.76940     10.07525   56.44160    0.42566      20220
   8.77940     10.06380   56.38349    0.41212      20210
   8.78940     10.05237   56.29449    0.40713      20187
   8.79940     10.04097   56.27074    0.38715      20083
   8.80940     10.02960   56.22185    0.43806      20161
   8.81939     10.01825   56.15444    0.44550      20122
   8.82939     10.00693   56.13551    0.37474      20356
   8.83939      9.99563   56.07696    0.38866      20351
   8.84939      9.98436   56.03813    0.38402      20437
   8.85939      9.97312   55.99198    0.37696      19928
   8.86938      9.96190   55.90738    0.39908      20146
   8.87938      9.95070   55.86004    0.38629      20269
   8.88938      9.93953   55.81058    0.42481      20458
   8.89938      9.92839   55.76760    0.40820      20497
   8.90938      9.91727   55.70729    0.40844      20415
   8.91938      9.90617   55.67154    0.38229      20362
   8.92937      9.89510   55.61027    0.39156      20353
   8.93937      9.88406   55.57625    0.40372      20496
   8.94937      9.87304   55.52548    0.39212      20531
   8.95937      9.86204   55.47319    0.44099      20502
   8.96937      9.85107   55.44408    0.34865      20535
   8.97936      9.84013   55.37121    0.39451      20440
   8.98936      9.82921   55.37176    0.38903      20299
   8.99936      9.81831   55.25182    0.39906      20563
   9.00936      9.80743   55.23468    0.37676      20467
   9.01936      9.79659   55.22764    0.39013      20829
   9.02936      9.78576   55.13122    0.40957      20520
   9.03935      9.77496   55.12655    0.37206      20791
   9.04935      9.76418   55.07820    0.40505      20678
   9.05935      9.75343   55.03269    0.43558      20633
   9.06935      9.74270   55.03287    0.39009      20768
   9.07935      9.73199   54.94720    0.40159      20637
   9.08934      9.72131   54.94308    0.39601      20772
   9.09934      9.71065   54.83559    0.34119      20540
   9.10934      9.70001   54.85953    0.38670      20745
   9.11934      9.68940   54.84180    0.37820      20856
   9.12934      9.67881   54.75833    0.38819      20860
   9.13934      9.66825   54.74537    0.40447      20826
   9.14933      9.65770   54.73893    0.41062      20752
   9.15933      9.64718   54.63804    0.35016      20863
   9.16933      9.63669   54.63329    0.47858      20917
   9.17933      9.62621   54.62429    0.40931      21087
   9.18933      9.61576   54.62207    0.35717      21000
   9.19932      9.60533   54.54159    0.36191      20887
   9.20932      9.59493   54.52326    0.37435      20952
   9.21932      9.58454   54.48394    0.41433      20723
   9.22932      9.57418   54.43443    0.34828      20953
   9.23932      9.56385   54.42263    0.38902      21113
   9.24932      9.55353   54.40189    0.39681      21125
   9.25931      9.54324   54.34151    0.43143      21121
   9.26931      9.53297   54.32351    0.39654      20889
   9.27931      9.52272   54.27755    0.35726      21140
   9.28931      9.51249   54.21229    0.38724      21113
   9.29931      9.50228   54.24785    0.38328      21358
   9.30930      9.49210   54.17061    0.37693      21234
   9.31930      9.48194   54.13638    0.38461      21157
   9.32930      9.47180   54.08304    0.36225      21044
   9.33930      9.46168   54.05729    0.40360      20863
   9.34930      9.45159   54.00711    0.36733      21110
   9.35930      9.44151   53.98914    0.39950      21273
   9.36929      9.43146   53.96140    0.34241      21466
   9.37929      9.42143   53.85701    0.41586      21177
   9.38929      9.41142   53.87395    0.37748      21229
   9.39929      9.40143   53.79586    0.38638      21156
   9.40929      9.39146   53.77849    0.36863      21175
   9.41928      9.38152   53.78094    0.39855      21511
   9.42928      9.37159   53.66826    0.41280      21323
   9.43928      9.36169   53.67930    0.38541      21324
   9.44928      9.35180   53.62888    0.34051      21263
   9.45928      9.34194   53.57110    0.37852      21112
   9.46928      9.33210   53.54034    0.40145      20999
   9.47927      9.32228   53.54341    0.32190      21604
   9.48927      9.31248   53.47585    0.40316      21506
   9.49927      9.30270   53.41430    0.43826      21220
   9.50927      9.29294   53.41737    0.38830      21400
   9.51927      9.28321   53.33843    0.37164      21308
   9.52926      9.27349   53.32683    0.36952      21304
   9.53926      9.26379   53.33032    0.41381      21413
   9.54926      9.25411   53.24241    0.35439      21624
   9.55926      9.24446   53.25323    0.39323      21414
   9.56926      9.23482   53.18622    0.35031      21464
   9.57926      9.22520   53.16019    0.36903      21289
   9.58925      9.21561   53.10581    0.34524      21144
   9.59925      9.20603   53.13107    0.40696      21537
   9.60925      9.19648   53.07765    0.37596      21568
   9.61925      9.18694   53.00528    0.40943      21448
   9.62925      9.17742   53.01630    0.38954      21514
   9.63924      9.16793   52.94134    0.35638      21588
   9.64924      9.15845   52.92122    0.35399      21425
   9.65924      9.14899   52.89932    0.35736      21669
   9.66924      9.13955   52.86861    0.42934      21426
   9.67924      9.13014   52.88262    0.36207      21690
   9.68924      9.12074   52.77108    0.37093      21475
   9.69923      9.11136   52.79653    0.36527      21502
   9.70923      9.10200   52.73454    0.35372      21308
   9.71923      9.09266   52.71262    0.38459      21753
   9.72923      9.08333   52.68077    0.40043      21561
   9.73923      9.07403   52.65535    0.35952      21587
   9.74922      9.06475   52.63718    0.35852      21710
   9.75922      9.05548   52.59629    0.38402      21655
   9.76922      9.04624   52.56516    0.35413      21523
   9.77922      9.03701   52.53691    0.41504      21789
   9.78922      9.02781   52.55682    0.36758      21642
   9.79922      9.01862   52.49317    0.39099      21789
   9.80921      9.00945   52.48336    0.35962      21532
   9.81921      9.00030   52.45512    0.34111      21716
   9.82921      8.99116   52.42668    0.35048      21439
   9.83921      8.98205   52.44366    0.38849      21794
   9.84921      8.97295   52.37431    0.37982      21883
   9.85920      8.96388   52.37838    0.38194      21745
   9.86920      8.95482   52.34038    0.36797      21786
   9.87920      8.94578   52.33995    0.36354      21698
   9.88920      8.93676   52.28947    0.36868      21677
   9.89920      8.92775   52.28260    0.40760      21799
   9.90920      8.91877   52.27746    0.35566      21990
   9.91919      8.90980   52.25653    0.37510      21908
   9.92919      8.90085   52.20612    0.34250      21736
   9.93919      8.89192   52.19749    0.36164      21748
   9.94919      8.88301   52.19089    0.34009      21506
   9.95919      8.87411   52.14315    0.41547      21977
   9.96918      8.86523   52.15041    0.38460      21758
   9.97918      8.85637   52.09105    0.33886      22034
   9.98918      8.84753   52.07102    0.41614      21921
   9.99918      8.83871   52.05968    0.32266      21955
  10.00918      8.82990   52.00585    0.39483      21733
  10.01918      8.82111   51.97875    0.37612      21938
  10.02917      8.81234   51.98516    0.35844      22088
  10.03917      8.80359   51.93605    0.40068      22068
  10.04917      8.79485   51.91593    0.34557      21936
  10.05917      8.78613   51.88848    0.34685      21811
  10.06917      8.77743   51.82331    0.35979      22010
  10.07916      8.76874   51.83683    0.37094      21750
  10.08916      8.76008   51.76992    0.38064      21821
  10.09916      8.75143   51.77905    0.34703      22182
  10.10916      8.74279   51.69877    0.35042      22173
  10.11916      8.73418   51.70779    0.38335      22017
  10.12916      8.72558   51.65183    0.36440      22117
  10.13915      8.71700   51.59859    0.36091      22138
  10.14915      8.70843   51.59121    0.38733      21902
  10.15915      8.69988   51.58457    0.38554      22162
  10.16915      8.69135   51.52688    0.34527      22147
  10.17915      8.68284   51.50311    0.33347      21961
  10.18914      8.67434   51.47190    0.38551      22072
  10.19914      8.66586   51.44377    0.35712      21989
  10.20914      8.65740   51.41532    0.34905      21991
  10.21914      8.64895   51.35750    0.34866      22205
  10.22914      8.64052   51.38537    0.38478      22199
  10.23914      8.63210   51.29483    0.35528      22357
  10.24913      8.62370   51.29465    0.34612      22234
  10.25913      8.61532   51.23062    0.39720      22348
  10.26913      8.60696   51.23857    0.37045      22020
  10.27913      8.59861   51.19775    0.39689      22335
  10.28913      8.59027   51.15656    0.33624      22083
  10.29912      8.58196   51.12720    0.31925      22145
  10.30912      8.57366   51.11805    0.36684      22271
  10.31912      8.56537   51.06029    0.37014      22116
  10.32912      8.55710   51.09058    0.35687      22209
  10.33912      8.54885   50.98906    0.34803      22337
  10.34912      8.54061   51.03588    0.39264      22198
  10.35911      8.53239   50.95913    0.33375      22472
  10.36911      8.52419   50.94671    0.35438      22468
  10.37911      8.51600   50.92996    0.40662      22355
  10.38911      8.50783   50.89765    0.36601      22388
  10.39911      8.49967   50.86958    0.39353      22300
  10.40910      8.49153   50.84927    0.32546      22292
  10.41910      8.48340   50.82183    0.31505      22329
  10.42910      8.47529   50.80573    0.36732      22402
  10.43910      8.46720   50.75213    0.41329      22152
  10.44910      8.45912   50.77981    0.30431      22398
  10.45910      8.45105   50.71497    0.37040      22381
  10.46909      8.44301   50.70912    0.37750      22466
  10.47909      8.43497   50.67204    0.34022      22595
  10.48909      8.42695   50.67262    0.37339      22587
  10.49909      8.41895   50.63687    0.38840      22549
  10.50909      8.41096   50.61203    0.36784      22450
  10.51908      8.40299   50.58051    0.37281      22429
  10.52908      8.39504   50.53840    0.30929      22550
  10.53908      8.38709   50.51772    0.34841      22413
  10.54908      8.37917   50.51058    0.35721      22420
  10.55908      8.37126   50.48493    0.36274      22629
  10.56908      8.36336   50.47434    0.32651      22342
  10.57907      8.35548   50.43147    0.35946      22306
  10.58907      8.34761   50.41154    0.34537      22673
  10.59907      8.33976   50.36796    0.38575      22794
  10.60907      8.33192   50.36432    0.34914      22775
  10.61907      8.32410   50.33231    0.40397      22737
  10.62906      8.31629   50.31538    0.35765      22691
  10.63906      8.30850   50.29068    0.33270      22482
  10.64906      8.30072   50.25293    0.35823      22558
  10.65906      8.29296   50.23013    0.32916      22504
  10.66906      8.28521   50.22186    0.34339      22540
  10.67906      8.27747   50.19711    0.35923      22800
  10.68905      8.26975   50.18530    0.34344      22600
  10.69905      8.26205   50.14183    0.32687      22697
  10.70905      8.25436   50.10467    0.34585      22729
  10.71905      8.24668   50.10828    0.39841      22801
  10.72905      8.23902   50.08783    0.36737      22662
  10.73904      8.23137   50.07492    0.37321      22791
  10.74904      8.22374   50.04016    0.36180      23193
  10.75904      8.21612   50.02194    0.34856      22696
  10.76904      8.20851   49.98964    0.32401      22824
  10.77904      8.20092   49.96595    0.34170      22531
  10.78904      8.19334   49.95566    0.34257      22634
  10.79903      8.18578   49.93824    0.32930      22563
  10.80903      8.17823   49.92116    0.34511      22784
  10.81903      8.17069   49.88823    0.32176      23025
  10.82903      8.16317   49.85976    0.39577      22858
  10.83903      8.15566   49.83244    0.37044      22956
  10.84902      8.14817   49.81289    0.37181      23059
  10.85902      8.14069   49.78600    0.34956      23075
  10.86902      8.13322   49.77810    0.36214      22954
  10.87902      8.12577   49.74643    0.34652      22753
  10.88902      8.11833   49.72214    0.32298      22856
  10.89902      8.11091   49.71024    0.34675      22649
  10.90901      8.10350   49.66447    0.32258      22948
  10.91901      8.09610   49.64764    0.33245      22963
  10.92901      8.08872   49.63688    0.32491      23014
  10.93901      8.08135   49.60927    0.37825      22992
  10.94901      8.07399   49.59252    0.35779      22852
  10.95900      8.06664   49.55983    0.34788      23170
  10.96900      8.05931   49.53174    0.40644      23133
  10.97900      8.05200   49.49974    0.34890      23183
  10.98900      8.04469   49.50491    0.36050      23174
  10.99900      8.03740   49.48013    0.31286      23118
  11.00900      8.03013   49.45125    0.37648      22731
  11.01899      8.02286   49.43863    0.30794      22904
  11.02899      8.01561   49.41169    0.33310      22994
  11.03899      8.00838   49.39779    0.32362      23061
  11.04899      8.00115   49.38945    0.34591      23031
  11.05899      7.99394   49.37423    0.35951      23236
  11.06898      7.98674   49.33304    0.33548      23231
  11.07898      7.97956   49.32044    0.39402      23243
  11.08898      7.97238   49.30359    0.36937      23358
  11.09898      7.96522   49.27160    0.33656      23296
  11.10898      7.95808   49.26961    0.36365      23003
  11.11898      7.95095   49.27060    0.32449      23422
  11.12897      7.94382   49.24273    0.36454      22790
  11.13897      7.93672   49.21878    0.29419      23134
  11.14897      7.92962   49.21045    0.33549      23174
  11.15897      7.92254   49.18924    0.33324      23255
  11.16897      7.91547   49.17270    0.34626      23203
  11.17896      7.90841   49.15782    0.32471      23205
  11.18896      7.90137   49.13735    0.38030      23436
  11.19896      7.89434   49.12262    0.38252      23495
  11.20896      7.88732   49.09101    0.36174      23324
  11.21896      7.88031   49.09060    0.32570      23398
  11.22896      7.87332   49.04469    0.35869      23324
  11.23895      7.86634   49.04502    0.33583      23464
  11.24895      7.85937   49.02254    0.32824      23089
  11.25895      7.85241   49.02506    0.30766      23147
  11.26895      7.84546   49.00516    0.33448      23361
  11.27895      7.83853   48.95918    0.33777      23324
  11.28894      7.83161   48.95886    0.33276      23480
  11.29894      7.82471   48.93460    0.35032      23384
  11.30894      7.81781   48.90490    0.36494      23443
  11.31894      7.81093   48.90084    0.38546      23559
  11.32894      7.80406   48.85728    0.34943      23654
  11.33894      7.79720   48.83380    0.32666      23561
  11.34893      7.79035   48.80526    0.34437      23582
  11.35893      7.78352   48.78944    0.32826      23235
  11.36893      7.77669   48.77310    0.31007      23356
  11.37893      7.76988   48.77154    0.34649      23150
  11.38893      7.76308   48.73873    0.31482      23540
  11.39892      7.75630   48.72643    0.33250      23667
  11.40892      7.74952   48.69106    0.32751      23594
  11.41892      7.74276   48.68649    0.37388      23531
  11.42892      7.73601   48.65817    0.35202      23632
  11.43892      7.72927   48.61815    0.32853      23750
  11.44892      7.72254   48.58758    0.39892      23802
  11.45891      7.71583   48.57754    0.32553      23660
  11.46891      7.70912   48.57011    0.33190      23479
  11.47891      7.70243   48.50903    0.31575      23549
  11.48891      7.69575   48.49936    0.32139      23397
  11.49891      7.68908   48.48570    0.34766      23503
  11.50890      7.68242   48.46273    0.31334      23746
  11.51890      7.67578   48.44442    0.31846      23588
  11.52890      7.66914   48.43811    0.37743      23748
  11.53890      7.66252   48.40848    0.33821      23888
  11.54890      7.65591   48.37965    0.32936      23887
  11.55890      7.64931   48.34994    0.37530      23692
  11.56889      7.64272   48.30681    0.36236      23783
  11.57889      7.63614   48.29324    0.33458      23724
  11.58889      7.62958   48.25442    0.31027      23713
  11.59889      7.62302   48.24475    0.30500      23588
  11.60889      7.61648   48.23138    0.34121      23814
  11.61888      7.60995   48.21007    0.33328      23832
  11.62888      7.60343   48.19523    0.32083      23705
  11.63888      7.59692   48.14908    0.32529      23603
  11.64888      7.59042   48.14246    0.34588      24007
  11.65888      7.58394   48.11122    0.34551      23811
  11.66887      7.57746   48.10892    0.34750      24000
  11.67887      7.57100   48.08069    0.36987      24105
  11.68887      7.56454   48.04871    0.34099      23987
  11.69887      7.55810   48.02321    0.30425      23808
  11.70887      7.55167   47.98888    0.30956      23703
  11.71887      7.54525   48.00295    0.31781      23725
  11.72886      7.53884   47.97607    0.33675      23636
  11.73886      7.53244   47.95113    0.33706      24027
  11.74886      7.52605   47.95261    0.34192      24083
  11.75886      7.51968   47.94726    0.31144      24167
  11.76886      7.51331   47.93197    0.36324      24092
  11.77885      7.50695   47.91878    0.34019      24009
  11.78885      7.50061   47.88672    0.33902      24167
  11.79885      7.49428   47.87176    0.36386      24030
  11.80885      7.48795   47.86337    0.31325      23868
  11.81885      7.48164   47.85928    0.31968      23864
  11.82885      7.47534   47.84366    0.28971      23852
  11.83884      7.46905   47.83146    0.33690      24094
  11.84884      7.46277   47.81356    0.33434      24143
  11.85884      7.45650   47.80623    0.36320      24049
  11.86884      7.45024   47.80070    0.31468      24272
  11.87884      7.44399   47.81503    0.34389      23987
  11.88883      7.43776   47.79128    0.35336      24255
  11.89883      7.43153   47.78628    0.31784      24323
  11.90883      7.42531   47.78307    0.34860      24166
  11.91883      7.41911   47.75623    0.32063      24167
  11.92883      7.41291   47.72155    0.31860      24054
  11.93883      7.40672   47.72862    0.29057      23952
  11.94882      7.40055   47.70311    0.33672      24097
  11.95882      7.39438   47.70316    0.33299      24275
  11.96882      7.38823   47.69783    0.33416      24256
  11.97882      7.38209   47.68341    0.34563      24288
  11.98882      7.37595   47.67086    0.31508      24298
  11.99881      7.36983   47.66134    0.32376      24258
  12.00881      7.36371   47.64261    0.34037      24308
  12.01881      7.35761   47.63782    0.34164      24309
  12.02881      7.35152   47.61029    0.32743      24518
  12.03881      7.34544   47.60197    0.34634      24322
  12.04881      7.33936   47.60379    0.30542      24182
  12.05880      7.33330   47.55084    0.29816      24134
  12.06880      7.32725   47.53671    0.32648      24033
  12.07880      7.32120   47.52140    0.33521      24404
  12.08880      7.31517   47.50095    0.32987      24261
  12.09880      7.30915   47.49104    0.32494      24549
  12.10879      7.30314   47.48077    0.31873      24571
  12.11879      7.29713   47.48109    0.32538      24510
  12.12879      7.29114   47.45639    0.36958      24745
  12.13879      7.28516   47.43040    0.35379      24522
  12.14879      7.27918   47.40748    0.32182      24363
  12.15879      7.27322   47.38946    0.31855      23961
  12.16878      7.26727   47.36704    0.29884      24377
  12.17878      7.26132   47.33220    0.30150      24414
  12.18878      7.25539   47.32426    0.30755      24424
  12.19878      7.24947   47.28760    0.32376      24598
  12.20878      7.24355   47.28457    0.32821      24678
  12.21877      7.23765   47.27288    0.35223      24465
  12.22877      7.23175   47.23190    0.35004      24738
  12.23877      7.22587   47.21044    0.33080      24457
  12.24877      7.21999   47.21995    0.36716      24704
  12.25877      7.21413   47.20791    0.34635      24703
  12.26877      7.20827   47.17025    0.29451      24427
  12.27876      7.20242   47.14599    0.28584      24435
  12.28876      7.19658   47.10790    0.29911      24554
  12.29876      7.19076   47.08379    0.30848      24546
  12.30876      7.18494   47.05992    0.32289      24486
  12.31876      7.17913   47.03620    0.35291      24658
  12.32875      7.17333   47.03469    0.32659      24732
  12.33875      7.16754   47.01854    0.33878      24878
  12.34875      7.16176   46.99749    0.33028      24909
  12.35875      7.15599   46.98840    0.34269      24778
  12.36875      7.15023   46.95621    0.33556      25015
  12.37875      7.14447   46.95280    0.33129      24369
  12.38874      7.13873   46.91146    0.29055      24420
  12.39874      7.13299   46.91099    0.27065      24626
  12.40874      7.12727   46.86084    0.31759      24658
  12.41874      7.12155   46.85810    0.34316      24740
  12.42874      7.11585   46.83686    0.33405      24884
  12.43873      7.11015   46.83471    0.33450      24960
  12.44873      7.10446   46.83226    0.33321      24877
  12.45873      7.09878   46.80449    0.31385      24944
  12.46873      7.09311   46.77557    0.31908      24746
  12.47873      7.08745   46.79261    0.35326      25077
  12.48873      7.08180   46.77129    0.29945      24942
  12.49872      7.07616   46.76569    0.36362      24448
  12.50872      7.07053   46.75508    0.29276      24739
  12.51872      7.06490   46.71494    0.28457      24938
  12.52872      7.05929   46.68413    0.32240      24907
  12.53872      7.05368   46.68139    0.34081      24822
  12.54871      7.04808   46.68558    0.30691      24915
  12.55871      7.04249   46.67785    0.30494      25081
  12.56871      7.03691   46.66363    0.33808      25194
  12.57871      7.03134   46.65607    0.31728      25068
  12.58871      7.02578   46.63841    0.33916      24986
  12.59871      7.02023   46.61784    0.31730      25134
  12.60870      7.01468   46.60179    0.35079      24735
  12.61870      7.00915   46.58429    0.31978      24822
  12.62870      7.00362   46.59585    0.29021      24946
  12.63870      6.99810   46.56293    0.30994      24849
  12.64870      6.99259   46.54304    0.28815      25117
  12.65869      6.98709   46.54080    0.33173      25211
  12.66869      6.98160   46.52380    0.31213      25184
  12.67869      6.97612   46.50780    0.32095      25134
  12.68869      6.97064   46.50537    0.32540      25072
  12.69869      6.96518   46.46008    0.33497      25187
  12.70869      6.95972   46.46325    0.31004      25359
  12.71868      6.95427   46.45042    0.36566      24948
  12.72868      6.94883   46.45838    0.30637      25064
  12.73868      6.94340   46.44193    0.28924      25191
  12.74868      6.93798   46.40219    0.29650      25217
  12.75868      6.93256   46.39390    0.31109      25178
  12.76867      6.92716   46.38276    0.29588      25132
  12.77867      6.92176   46.37052    0.33240      24962
  12.78867      6.91637   46.35732    0.33422      25091
  12.79867      6.91099   46.33762    0.33145      25546
  12.80867      6.90562   46.34193    0.34569      25430
  12.81867      6.90025   46.32946    0.30827      25521
  12.82866      6.89490   46.32849    0.31664      25117
  12.83866      6.88955   46.29216    0.32488      25125
  12.84866      6.88421   46.30281    0.28093      25216
  12.85866      6.87888   46.26558    0.29817      25366
  12.86866      6.87356   46.24380    0.29733      25115
  12.87865      6.86825   46.22944    0.32609      25252
  12.88865      6.86294   46.25456    0.33169      25436
  12.89865      6.85765   46.22795    0.32248      25464
  12.90865      6.85236   46.21938    0.35193      25418
  12.91865      6.84708   46.21536    0.30394      25680
  12.92865      6.84180   46.19720    0.29511      25481
  12.93864      6.83654   46.18240    0.32419      25253
  12.94864      6.83128   46.17746    0.29583      25329
  12.95864      6.82603   46.17626    0.32379      25109
  12.96864      6.82079   46.14450    0.28788      25443
  12.97864      6.81556   46.12839    0.30899      25465
  12.98863      6.81034   46.11123    0.31867      25624
  12.99863      6.80512   46.10092    0.33666      25410
  13.00863      6.79991   46.08812    0.33157      25620
  13.01863      6.79471   46.06925    0.33712      25566
  13.02863      6.78952   46.06040    0.30481      25704
  13.03863      6.78434   46.06379    0.27964      25757
  13.04862      6.77916   46.05714    0.29302      25279
  13.05862      6.77399   46.03861    0.32770      25426
  13.06862      6.76883   46.02611    0.33665      25561
  13.07862      6.76368   46.00872    0.28779      25457
  13.08862      6.75854   45.97182    0.30930      25569
  13.09861      6.75340   45.96177    0.32476      25451
  13.10861      6.74827   45.93032    0.30276      25617
  13.11861      6.74315   45.93747    0.30911      25722
  13.12861      6.73804   45.92254    0.33653      25865
  13.13861      6.73294   45.92038    0.31855      25770
  13.14861      6.72784   45.90663    0.29596      25803
  13.15860      6.72275   45.90049    0.29831      25541
  13.16860      6.71767   45.88566    0.30066      25730
  13.17860      6.71259   45.87407    0.34349      25466
  13.18860      6.70753   45.83789    0.29389      25569
  13.19860      6.70247   45.84305    0.35084      25788
  13.20859      6.69742   45.79715    0.26406      25722
  13.21859      6.69237   45.80989    0.32815      25785
  13.22859      6.68734   45.80895    0.29401      25754
  13.23859      6.68231   45.76767    0.30348      26068
  13.24859      6.67729   45.75715    0.35063      25920
  13.25859      6.67228   45.75269    0.32614      25979
  13.26858      6.66727   45.75162    0.31542      25680
  13.27858      6.66227   45.73225    0.32788      25452
  13.28858      6.65728   45.73255    0.29508      25938
  13.29858      6.65230   45.72048    0.29955      25697
  13.30858      6.64733   45.70734    0.27829      25869
  13.31857      6.64236   45.66508    0.31917      25769
  13.32857      6.63740   45.67503    0.27463      25944
  13.33857      6.63245   45.65453    0.30602      25969
  13.34857      6.62750   45.62778    0.33195      26063
  13.35857      6.62256   45.61927    0.31840      26009
  13.36857      6.61763   45.60647    0.32195      26094
  13.37856      6.61271   45.61460    0.31327      26047
  13.38856      6.60779   45.58139    0.35171      25815
  13.39856      6.60288   45.59185    0.28472      25870
  13.40856      6.59798   45.56268    0.32109      25794
  13.41856      6.59309   45.54936    0.26411      26137
  13.42855      6.58820   45.52480    0.28722      25961
  13.43855      6.58332   45.49909    0.31422      25992
  13.44855      6.57845   45.49835    0.29528      26072
  13.45855      6.57359   45.48748    0.31871      25899
  13.46855      6.56873   45.46300    0.33209      26310
  13.47855      6.56388   45.43636    0.30990      26288
  13.48854      6.55904   45.42057    0.33536      25874
  13.49854      6.55420   45.41413    0.29061      25935
  13.50854      6.54937   45.39153    0.30802      26395
  13.51854      6.54455   45.36722    0.28199      26130
  13.52854      6.53974   45.35937    0.29601      26052
  13.53853      6.53493   45.34777    0.29902      26118
  13.54853      6.53013   45.30177    0.31241      26126
  13.55853      6.52534   45.31132    0.30476      26174
  13.56853      6.52055   45.29171    0.30502      26266
  13.57853      6.51577   45.28266    0.33173      26146
  13.58853      6.51100   45.26538    0.29885      26218
  13.59852      6.50624   45.25692    0.29427      26204
  13.60852      6.50148   45.23327    0.32254      26220
  13.61852      6.49673   45.22277    0.28294      26213
  13.62852      6.49198   45.22545    0.30161      26202
  13.63852      6.48725   45.19771    0.30427      26334
  13.64851      6.48252   45.18545    0.28895      26560
  13.65851      6.47780   45.18442    0.34201      26068
  13.66851      6.47308   45.18014    0.31797      26284
  13.67851      6.46837   45.14944    0.29199      26278
  13.68851      6.46367   45.15743    0.28624      26556
  13.69851      6.45897   45.15385    0.31138      26279
  13.70850      6.45428   45.14586    0.28024      26250
  13.71850      6.44960   45.15315    0.31460      26311
  13.72850      6.44493   45.12235    0.29745      26452
  13.73850      6.44026   45.10741    0.31992      26455
  13.74850      6.43560   45.10832    0.28814      26556
  13.75849      6.43095   45.10763    0.29358      26394
  13.76849      6.42630   45.06938    0.33503      26281
  13.77849      6.42166   45.07858    0.29891      26659
  13.78849      6.41702   45.08611    0.31159      26477
  13.79849      6.41240   45.08206    0.28784      26310
  13.80849      6.40778   45.07113    0.27142      26558
  13.81848      6.40316   45.05947    0.31834      26504
  13.82848      6.39856   45.05256    0.30050      26313
  13.83848      6.39395   45.04637    0.30503      26501
  13.84848      6.38936   45.02325    0.32922      26594
  13.85848      6.38477   44.98627    0.29835      26492
  13.86847      6.38019   44.99029    0.28362      26651
  13.87847      6.37562   44.98272    0.29024      26712
  13.88847      6.37105   44.96731    0.31124      26440
  13.89847      6.36649   44.96117    0.31280      26679
  13.90847      6.36194   44.94473    0.27071      26888
  13.91847      6.35739   44.95917    0.31318      26538
  13.92846      6.35285   44.95973    0.30168      26411
  13.93846      6.34831   44.92315    0.31163      26661
  13.94846      6.34379   44.91149    0.30600      26695
  13.95846      6.33926   44.89352    0.31583      26650
  13.96846      6.33475   44.87277    0.30640      26423
  13.97845      6.33024   44.86736    0.27195      26814
  13.98845      6.32574   44.85571    0.27496      26779
  13.99845      6.32124   44.83591    0.30909      26700
  14.00845      6.31675   44.83934    0.29474      26928
  14.01845      6.31227   44.82650    0.29924      26874
  14.02845      6.30780   44.82399    0.30404      26791
  14.03844      6.30333   44.80317    0.30924      26654
  14.04844      6.29886   44.79160    0.32386      26574
  14.05844      6.29440   44.78382    0.31675      26764
  14.06844      6.28995   44.75125    0.30482      26867
  14.07844      6.28551   44.73119    0.27596      26642
  14.08843      6.28107   44.72553    0.27288      27053
  14.09843      6.27664   44.72854    0.26693      26953
  14.10843      6.27221   44.69788    0.30196      26672
  14.11843      6.26779   44.68113    0.31234      27157
  14.12843      6.26338   44.67106    0.29711      27064
  14.13843      6.25897   44.68388    0.32671      26577
  14.14842      6.25457   44.63712    0.29942      27114
  14.15842      6.25018   44.61795    0.30172      26775
  14.16842      6.24579   44.58774    0.29073      26727
  14.17842      6.24141   44.58785    0.31264      27013
  14.18842      6.23703   44.55940    0.32119      26809
  14.19841      6.23266   44.54853    0.25623      27098
  14.20841      6.22830   44.52462    0.27981      27228
  14.21841      6.22394   44.49533    0.29970      26940
  14.22841      6.21959   44.49132    0.29132      26990
  14.23841      6.21525   44.46880    0.29855      27022
  14.24841      6.21091   44.44646    0.32525      26981
  14.25840      6.20658   44.41850    0.30898      26805
  14.26840      6.20225   44.39604    0.27536      26946
  14.27840      6.19793   44.36648    0.28808      27134
  14.28840      6.19362   44.35307    0.28892      27205
  14.29840      6.18931   44.31829    0.32429      27094
  14.30839      6.18500   44.31548    0.30632      27235
  14.31839      6.18071   44.29378    0.27260      27244
  14.32839      6.17642   44.26213    0.28725      27192
  14.33839      6.17213   44.26020    0.29227      27185
  14.34839      6.16786   44.23934    0.28520      27111
  14.35839      6.16358   44.22333    0.31513      27147
  14.36838      6.15932   44.20586    0.28571      27068
  14.37838      6.15506   44.15379    0.28885      26955
  14.38838      6.15080   44.17459    0.28385      27272
  14.39838      6.14655   44.16366    0.29530      27330
  14.40838      6.14231   44.09899    0.30812      27083
  14.41837      6.13807   44.10811    0.29362      27387
  14.42837      6.13384   44.10088    0.31102      27419
  14.43837      6.12962   44.06350    0.29665      27293
  14.44837      6.12540   44.07143    0.28427      27333
  14.45837      6.12118   44.06356    0.28452      27203
  14.46837      6.11698   44.04119    0.27039      27275
  14.47836      6.11278   44.02886    0.30498      27052
  14.48836      6.10858   44.00846    0.28786      27349
  14.49836      6.10439   44.01311    0.27741      27508
  14.50836      6.10021   44.00401    0.29341      27495
  14.51836      6.09603   43.96890    0.32370      27382
  14.52835      6.09185   43.96531    0.28476      27443
  14.53835      6.08769   43.93752    0.29679      27550
  14.54835      6.08353   43.94180    0.30072      27261
  14.55835      6.07937   43.92990    0.26653      27349
  14.56835      6.07522   43.91235    0.29035      27343
  14.57835      6.07108   43.92636    0.29930      27482
  14.58834      6.06694   43.91130    0.28883      27218
  14.59834      6.06281   43.89599    0.27848      27316
  14.60834      6.05868   43.88014    0.31613      27717
  14.61834      6.05456   43.86294    0.28103      27683
  14.62834      6.05044   43.84495    0.31893      27397
  14.63833      6.04633   43.84409    0.26835      27657
  14.64833      6.04223   43.82352    0.29786      27702
  14.65833      6.03813   43.80986    0.27643      27542
  14.66833      6.03404   43.79750    0.27986      27437
  14.67833      6.02995   43.80142    0.28453      27430
  14.68833      6.02587   43.77634    0.28117      27456
  14.69832      6.02179   43.75567    0.31407      27559
  14.70832      6.01772   43.76643    0.28577      27591
  14.71832      6.01365   43.76185    0.31231      27582
  14.72832      6.00959   43.74525    0.30443      27621
  14.73832      6.00554   43.71518    0.28425      27769
  14.74831      6.00149   43.71108    0.28109      27831
  14.75831      5.99745   43.70958    0.26339      27765
  14.76831      5.99341   43.67827    0.27423      27836
  14.77831      5.98938   43.67011    0.29568      27566
  14.78831      5.98535   43.66710    0.28282      27600
  14.79831      5.98133   43.64534    0.29644      27695
  14.80830      5.97731   43.62920    0.28130      27655
  14.81830      5.97330   43.61679    0.31296      27769
  14.82830      5.96930   43.60287    0.29458      27799
  14.83830      5.96530   43.60830    0.31052      27894
  14.84830      5.96130   43.59165    0.31142      27617
  14.85829      5.95731   43.57631    0.24975      27989
  14.86829      5.95333   43.56821    0.28302      27881
  14.87829      5.94935   43.54875    0.26275      27774
  14.88829      5.94538   43.55405    0.28235      27670
  14.89829      5.94141   43.51657    0.29143      27834
  14.90829      5.93745   43.47815    0.31693      27674
  14.91828      5.93349   43.48122    0.29336      27738
  14.92828      5.92954   43.45610    0.26798      27990
  14.93828      5.92560   43.44316    0.29555      28082
  14.94828      5.92165   43.43359    0.29846      28101
  14.95828      5.91772   43.41956    0.28865      27794
  14.96827      5.91379   43.40845    0.28945      27953
  14.97827      5.90986   43.40957    0.27167      28095
  14.98827      5.90594   43.38389    0.27528      27742
  14.99827      5.90203   43.38119    0.28206      27943
  15.00827      5.89812   43.35103    0.29104      28027
  15.01826      5.89422   43.33087    0.27812      27784
  15.02826      5.89032   43.29658    0.29636      27995
  15.03826      5.88642   43.30701    0.29002      28257
  15.04826      5.88253   43.29807    0.26933      28040
  15.05826      5.87865   43.26956    0.29603      28149
  15.06826      5.87477   43.24936    0.29060      28030
  15.07825      5.87090   43.25821    0.28261      28219
  15.08825      5.86703   43.25827    0.26445      28056
  15.09825      5.86317   43.24745    0.29801      27987
  15.10825      5.85931   43.23571    0.31827      27944
  15.11825      5.85546   43.21225    0.27059      27976
  15.12824      5.85161   43.19813    0.26905      27963
  15.13824      5.84777   43.17894    0.29860      28204
  15.14824      5.84393   43.17317    0.27331      28239
  15.15824      5.84010   43.17228    0.27156      28297
  15.16824      5.83627   43.14927    0.29910      28280
  15.17824      5.83245   43.11746    0.28790      28246
  15.18823      5.82863   43.12503    0.26982      28270
  15.19823      5.82482   43.12160    0.27301      28249
  15.20823      5.82102   43.11102    0.28372      28134
  15.21823      5.81721   43.09565    0.29259      28231
  15.22823      5.81342   43.07935    0.31673      28237
  15.23822      5.80963   43.05547    0.26986      28228
  15.24822      5.80584   43.06621    0.27204      28259
  15.25822      5.80206   43.03674    0.28336      28337
  15.26822      5.79828   43.01388    0.26924      28516
  15.27822      5.79451   42.99965    0.29918      28323
  15.28822      5.79074   42.99325    0.28236      28236
  15.29821      5.78698   42.97541    0.27879      28356
  15.30821      5.78322   42.98298    0.27180      28284
  15.31821      5.77947   42.94010    0.26996      28205
  15.32821      5.77572   42.93495    0.29318      28376
  15.33821      5.77198   42.92348    0.28771      28438
  15.34820      5.76824   42.90289    0.27509      28427
  15.35820      5.76451   42.89456    0.28221      28507
  15.36820      5.76078   42.86828    0.28887      28612
  15.37820      5.75706   42.86733    0.28380      28523
  15.38820      5.75334   42.81995    0.28803      28337
  15.39820      5.74963   42.82902    0.27571      28516
  15.40819      5.74592   42.81827    0.26919      28464
  15.41819      5.74222   42.80737    0.28417      28541
  15.42819      5.73852   42.77377    0.26604      28380
  15.43819      5.73482   42.77491    0.27246      28378
  15.44819      5.73113   42.74933    0.28824      28513
  15.45818      5.72745   42.72438    0.26468      28497
  15.46818      5.72377   42.72059    0.29755      28598
  15.47818      5.72010   42.70737    0.30458      28655
  15.48818      5.71643   42.68828    0.27285      28872
  15.49818      5.71276   42.66345    0.29462      28541
  15.50818      5.70910   42.65231    0.27363      28591
  15.51817      5.70544   42.67462    0.29087      28349
  15.52817      5.70179   42.65243    0.25401      28765
  15.53817      5.69815   42.62047    0.27394      28601
  15.54817      5.69450   42.61721    0.27115      28566
  15.55817      5.69087   42.59645    0.27252      28589
  15.56816      5.68724   42.56683    0.27401      28735
  15.57816      5.68361   42.55073    0.27897      28863
  15.58816      5.67998   42.54832    0.30648      28838
  15.59816      5.67637   42.51537    0.30046      28691
  15.60816      5.67275   42.49465    0.26652      28873
  15.61816      5.66914   42.49885    0.26267      28716
  15.62815      5.66554   42.48743    0.28549      28759
  15.63815      5.66194   42.47804    0.26965      28828
  15.64815      5.65834   42.45056    0.27870      28416
  15.65815      5.65475   42.44519    0.28322      28611
  15.66815      5.65117   42.43120    0.25606      28852
  15.67814      5.64759   42.39920    0.27115      28826
  15.68814      5.64401   42.38288    0.29216      29105
  15.69814      5.64044   42.36550    0.28623      29028
  15.70814      5.63687   42.32716    0.26727      28942
  15.71814      5.63331   42.33304    0.28919      28758
  15.72814      5.62975   42.30064    0.26552      28894
  15.73813      5.62619   42.28588    0.26224      28931
  15.74813      5.62265   42.26734    0.27651      28861
  15.75813      5.61910   42.25184    0.29183      28658
  15.76813      5.61556   42.22295    0.26790      29000
  15.77813      5.61202   42.21017    0.28917      28799
  15.78812      5.60849   42.19940    0.27366      28960
  15.79812      5.60497   42.17739    0.27253      29216
  15.80812      5.60144   42.16092    0.27769      29022
  15.81812      5.59793   42.11374    0.26379      29052
  15.82812      5.59441   42.13241    0.29085      28838
  15.83812      5.59090   42.08161    0.26567      29115
  15.84811      5.58740   42.06830    0.27208      29168
  15.85811      5.58390   42.05623    0.25868      29025
  15.86811      5.58040   42.04072    0.27967      28698
  15.87811      5.57691   42.01075    0.28026      29102
  15.88811      5.57342   42.01066    0.28558      29243
  15.89810      5.56994   41.99676    0.27119      29272
  15.90810      5.56646   41.99143    0.29236      29168
  15.91810      5.56299   41.98237    0.28212      29137
  15.92810      5.55952   41.96164    0.26944      28910
  15.93810      5.55605   41.95960    0.24671      29176
  15.94810      5.55259   41.96401    0.28849      29120
  15.95809      5.54914   41.92850    0.26799      29483
  15.96809      5.54569   41.91492    0.27111      29112
  15.97809      5.54224   41.92748    0.25654      29042
  15.98809      5.53879   41.90090    0.26958      29257
  15.99809      5.53536   41.91339    0.29086      29379
  16.00808      5.53192   41.90881    0.28908      29365
  16.01808      5.52849   41.91093    0.25864      29349
  16.02808      5.52506   41.88767    0.29008      29128
  16.03808      5.52164   41.89327    0.26645      29272
  16.04808      5.51822   41.87995    0.28794      29097
  16.05808      5.51481   41.87790    0.26523      29110
  16.06807      5.51140   41.86566    0.24924      29394
  16.07807      5.50800   41.83956    0.27821      29007
  16.08807      5.50460   41.84706    0.26497      29294
  16.09807      5.50120   41.85085    0.27605      29578
  16.10807      5.49781   41.84799    0.26486      29361
  16.11806      5.49442   41.81868    0.26666      29660
  16.12806      5.49104   41.83688    0.28193      29572
  16.13806      5.48766   41.82077    0.27831      29098
  16.14806      5.48428   41.80446    0.27865      29369
  16.15806      5.48091   41.78063    0.25739      29663
  16.16806      5.47754   41.77170    0.27762      29535
  16.17805      5.47418   41.75145    0.27468      29291
  16.18805      5.47082   41.73397    0.28038      29319
  16.19805      5.46747   41.71938    0.25429      29561
  16.20805      5.46412   41.72805    0.25607      29414
  16.21805      5.46077   41.69248    0.29742      29466
  16.22804      5.45743   41.66816    0.25931      29738
  16.23804      5.45409   41.69414    0.27427      29389
  16.24804      5.45076   41.65207    0.26926      29299
  16.25804      5.44743   41.62925    0.27101      29796
  16.26804      5.44410   41.62334    0.26398      29764
  16.27804      5.44078   41.59433    0.28760      29497
  16.28803      5.43747   41.58801    0.26124      29490
  16.29803      5.43415   41.54783    0.25544      29631
  16.30803      5.43084   41.53124    0.28924      29705
  16.31803      5.42754   41.53990    0.26666      29658
  16.32803      5.42424   41.51720    0.27175      29660
  16.33802      5.42094   41.49454    0.25916      29499
  16.34802      5.41765   41.48173    0.27398      29634
  16.35802      5.41436   41.45908    0.26804      29537
  16.36802      5.41107   41.44930    0.26647      29896
  16.37802      5.40779   41.42207    0.26434      29824
  16.38802      5.40452   41.41268    0.27140      29617
  16.39801      5.40124   41.38893    0.25688      29415
  16.40801      5.39798   41.35661    0.26866      29848
  16.41801      5.39471   41.32533    0.28596      29793
  16.42801      5.39145   41.32772    0.24356      29903
  16.43801      5.38819   41.32673    0.28994      29858
  16.44800      5.38494   41.30752    0.28845      29983
  16.45800      5.38169   41.27219    0.27207      29534
  16.46800      5.37845   41.28039    0.25332      29905
  16.47800      5.37521   41.24429    0.27521      29899
  16.48800      5.37197   41.22243    0.25348      29849
  16.49800      5.36874   41.20932    0.25288      29806
  16.50799      5.36551   41.21161    0.25180      29809
  16.51799      5.36228   41.17216    0.31713      29898
  16.52799      5.35906   41.15295    0.24775      30024
  16.53799      5.35584   41.14731    0.27099      30066
  16.54799      5.35263   41.14847    0.26354      29843
  16.55798      5.34942   41.11843    0.28010      29831
  16.56798      5.34621   41.09738    0.26746      29979
  16.57798      5.34301   41.07956    0.26767      30087
  16.58798      5.33981   41.08780    0.28283      29894
  16.59798      5.33662   41.08262    0.25454      29862
  16.60798      5.33343   41.04061    0.25197      29930
  16.61797      5.33024   41.03241    0.26444      29685
  16.62797      5.32706   41.02729    0.25676      30209
  16.63797      5.32388   41.00778    0.26772      30134
  16.64797      5.32071   41.01309    0.25920      29843
  16.65797      5.31754   41.01293    0.27965      30173
  16.66796      5.31437   40.97531    0.26881      30033
  16.67796      5.31121   40.96277    0.26168      30132
  16.68796      5.30805   40.96256    0.26317      30289
  16.69796      5.30489   40.95173    0.25881      29927
  16.70796      5.30174   40.92701    0.27355      30137
  16.71796      5.29859   40.91949    0.28469      30109
  16.72795      5.29545   40.92971    0.25101      30267
  16.73795      5.29231   40.89473    0.25871      30129
  16.74795      5.28917   40.92270    0.25182      30019
  16.75795      5.28604   40.87578    0.28017      30231
  16.76795      5.28291   40.86873    0.25609      29975
  16.77794      5.27978   40.84256    0.25326      30434
  16.78794      5.27666   40.83076    0.27318      30341
  16.79794      5.27354   40.82666    0.27138      30160
  16.80794      5.27043   40.81155    0.24894      30322
  16.81794      5.26732   40.79729    0.27288      30193
  16.82794      5.26421   40.77207    0.25905      30398
  16.83793      5.26110   40.77129    0.26239      30175
  16.84793      5.25801   40.77502    0.27132      30236
  16.85793      5.25491   40.74808    0.25038      30552
  16.86793      5.25182   40.74256    0.27612      30248
  16.87793      5.24873   40.70700    0.28839      30267
  16.88792      5.24564   40.69369    0.24109      30487
  16.89792      5.24256   40.66143    0.25872      30267
  16.90792      5.23948   40.66679    0.26117      30537
  16.91792      5.23641   40.64454    0.25225      30260
  16.92792      5.23334   40.64473    0.26299      30376
  16.93792      5.23027   40.61154    0.27185      30628
  16.94791      5.22721   40.64914    0.25896      30196
  16.95791      5.22415   40.57812    0.25720      30478
  16.96791      5.22110   40.58102    0.26065      30553
  16.97791      5.21804   40.52507    0.27169      30518
  16.98791      5.21499   40.53791    0.26082      30389
  16.99790      5.21195   40.49919    0.26751      30650
  17.00790      5.20891   40.48959    0.27434      30524
  17.01790      5.20587   40.47113    0.24552      30478
  17.02790      5.20284   40.47070    0.25380      30365
  17.03790      5.19981   40.44220    0.24935      30699
  17.04790      5.19678   40.46438    0.26612      30256
  17.05789      5.19376   40.42614    0.25669      30563
  17.06789      5.19074   40.41204    0.26415      30714
  17.07789      5.18772   40.37706    0.27822      30636
  17.08789      5.18471   40.36821    0.23931      30510
  17.09789      5.18170   40.35217    0.27349      30760
  17.10788      5.17869   40.31299    0.28463      30455
  17.11788      5.17569   40.32383    0.26314      30700
  17.12788      5.17269   40.31017    0.24145      30736
  17.13788      5.16970   40.30834    0.25155      30727
  17.14788      5.16670   40.30183    0.26471      30420
  17.15788      5.16372   40.29967    0.24599      30750
  17.16787      5.16073   40.28602    0.26104      30712
  17.17787      5.15775   40.27102    0.25812      30837
  17.18787      5.15477   40.21725    0.27240      30552
  17.19787      5.15180   40.22498    0.25443      30891
  17.20787      5.14883   40.19491    0.27100      30545
  17.21786      5.14586   40.18902    0.25039      30807
  17.22786      5.14290   40.18863    0.26095      31096
  17.23786      5.13993   40.17584    0.26838      30621
  17.24786      5.13698   40.18429    0.23563      30673
  17.25786      5.13402   40.18255    0.26030      31021
  17.26786      5.13107   40.12768    0.25490      30902
  17.27785      5.12813   40.14711    0.26054      30983
  17.28785      5.12518   40.10426    0.28206      30772
  17.29785      5.12224   40.11626    0.27504      30926
  17.30785      5.11931   40.05048    0.24000      30685
  17.31785      5.11637   40.07148    0.24252      30994
  17.32784      5.11345   40.04147    0.25558      31015
  17.33784      5.11052   40.03531    0.25139      30898
  17.34784      5.10760   40.05723    0.24908      30694
  17.35784      5.10468   40.03992    0.27165      30971
  17.36784      5.10176   39.98700    0.25852      31125
  17.37784      5.09885   39.97843    0.26832      31095
  17.38783      5.09594   39.96948    0.24821      31057
  17.39783      5.09303   39.93687    0.26910      30939
  17.40783      5.09013   39.88073    0.28015      30865
  17.41783      5.08723   39.91450    0.25971      31001
  17.42783      5.08433   39.88679    0.24661      30917
  17.43782      5.08144   39.86610    0.23518      31140
  17.44782      5.07855   39.87591    0.23481      30881
  17.45782      5.07567   39.85307    0.25776      30865
  17.46782      5.07278   39.81817    0.26483      31315
  17.47782      5.06990   39.80261    0.25726      31163
  17.48782      5.06703   39.78444    0.27302      31207
  17.49781      5.06416   39.75336    0.25887      31146
  17.50781      5.06129   39.72650    0.24731      31050
  17.51781      5.05842   39.71834    0.27192      31188
  17.52781      5.05556   39.70013    0.25812      31225
  17.53781      5.05270   39.68196    0.23965      31395
  17.54780      5.04984   39.68810    0.25719      30937
  17.55780      5.04699   39.66285    0.23796      31188
  17.56780      5.04414   39.63905    0.27326      31213
  17.57780      5.04129   39.62945    0.23207      31292
  17.58780      5.03845   39.58627    0.26894      31474
  17.59780      5.03561   39.56434    0.27140      31098
  17.60779      5.03277   39.54278    0.27469      31209
  17.61779      5.02994   39.50639    0.23353      31278
  17.62779      5.02711   39.50698    0.25882      31448
  17.63779      5.02428   39.51807    0.24554      31328
  17.64779      5.02146   39.49226    0.24286      31287
  17.65778      5.01864   39.47875    0.25246      31235
  17.66778      5.01582   39.44615    0.25637      31409
  17.67778      5.01300   39.43529    0.25515      31538
  17.68778      5.01019   39.39395    0.25628      31572
  17.69778      5.00738   39.39412    0.28101      31293
  17.70778      5.00458   39.37362    0.25096      31126
  17.71777      5.00178   39.33521    0.25602      31432
  17.72777      4.99898   39.33137    0.24417      31435
  17.73777      4.99618   39.34949    0.24075      31538
  17.74777      4.99339   39.33838    0.22614      31182
  17.75777      4.99060   39.31997    0.27215      31402
  17.76776      4.98782   39.29235    0.23811      31625
  17.77776      4.98504   39.28774    0.24797      31417
  17.78776      4.98226   39.25264    0.28364      31742
  17.79776      4.97948   39.23852    0.26584      31572
  17.80776      4.97671   39.21499    0.26557      31322
  17.81776      4.97394   39.21245    0.24745      31471
  17.82775      4.97117   39.19362    0.24718      31648
  17.83775      4.96841   39.21682    0.25877      31628
  17.84775      4.96564   39.22077    0.23168      31279
  17.85775      4.96289   39.20217    0.22876      31413
  17.86775      4.96013   39.17509    0.26314      31643
  17.87774      4.95738   39.16374    0.25119      31691
  17.88774      4.95463   39.17002    0.25161      31768
  17.89774      4.95189   39.12752    0.25707      31813
  17.90774      4.94915   39.09230    0.27074      31510
  17.91774      4.94641   39.10774    0.24878      31577
  17.92774      4.94367   39.10016    0.24938      31827
  17.93773      4.94094   39.10838    0.26090      31662
  17.94773      4.93821   39.10018    0.22190      31733
  17.95773      4.93548   39.09194    0.25274      31515
  17.96773      4.93276   39.07354    0.23677      31835
  17.97773      4.93004   39.06173    0.25886      31820
  17.98772      4.92732   39.06688    0.28130      31637
  17.99772      4.92460   39.01842    0.25857      31903
  18.00772      4.92189   38.96794    0.25251      31564
  18.01772      4.91918   38.96337    0.24018      31857
  18.02772      4.91648   38.96867    0.23047      31863
  18.03772      4.91377   38.99043    0.25529      31727
  18.04771      4.91107   38.94536    0.23357      31827
  18.05771      4.90838   38.96163    0.25778      31651
  18.06771      4.90568   38.93150    0.25880      31875
  18.07771      4.90299   38.90654    0.25514      31921
  18.08771      4.90031   38.90558    0.23385      32038
  18.09770      4.89762   38.88038    0.26285      32053
  18.10770      4.89494   38.81804    0.29058      31759
  18.11770      4.89226   38.81662    0.24865      31845
  18.12770      4.88959   38.84433    0.24406      31913
  18.13770      4.88691   38.83980    0.22754      31734
  18.14770      4.88424   38.80277    0.22309      32053
  18.15769      4.88158   38.82691    0.25287      31903
  18.16769      4.87891   38.79234    0.23549      31908
  18.17769      4.87625   38.78645    0.26000      32024
  18.18769      4.87359   38.78273    0.28048      32185
  18.19769      4.87094   38.77684    0.26059      32216
  18.20768      4.86829   38.72591    0.25431      31752
  18.21768      4.86564   38.74312    0.22837      31946
  18.22768      4.86299   38.75196    0.25745      32042
  18.23768      4.86035   38.74795    0.24633      31841
  18.24768      4.85771   38.73714    0.23911      32253
  18.25767      4.85507   38.73560    0.24619      31999
  18.26767      4.85243   38.75028    0.24038      31971
  18.27767      4.84980   38.72106    0.22756      32049
  18.28767      4.84717   38.73278    0.25706      32280
  18.29767      4.84455   38.71628    0.26824      32237
  18.30767      4.84192   38.69440    0.29254      31745
  18.31766      4.83930   38.68695    0.22375      32353
  18.32766      4.83669   38.72334    0.23291      31842
  18.33766      4.83407   38.70017    0.24967      31991
  18.34766      4.83146   38.68941    0.24993      32304
  18.35766      4.82885   38.68735    0.23128      32311
  18.36765      4.82624   38.67744    0.24480      31942
  18.37765      4.82364   38.68077    0.27489      32315
  18.38765      4.82104   38.66267    0.24828      32534
  18.39765      4.81844   38.66111    0.24357      32329
  18.40765      4.81585   38.62270    0.27639      31717
  18.41765      4.81326   38.61628    0.22417      32344
  18.42764      4.81067   38.63132    0.26311      32067
  18.43764      4.80808   38.62007    0.22893      32070
  18.44764      4.80550   38.59058    0.23786      32572
  18.45764      4.80292   38.57736    0.22496      32568
  18.46764      4.80034   38.57714    0.24541      32213
  18.47763      4.79777   38.55497    0.25628      32475
  18.48763      4.79519   38.52933    0.27821      32539
  18.49763      4.79262   38.50214    0.24940      32510
  18.50763      4.79006   38.47749    0.27492      32067
  18.51763      4.78749   38.45957    0.23000      32273
  18.52763      4.78493   38.45856    0.21985      32402
  18.53762      4.78238   38.45061    0.26472      32307
  18.54762      4.77982   38.42607    0.24709      32434
  18.55762      4.77727   38.38967    0.21974      32572
  18.56762      4.77472   38.39017    0.24318      32424
  18.57762      4.77217   38.36359    0.25023      32467
  18.58761      4.76963   38.32200    0.25796      32627
  18.59761      4.76708   38.27362    0.24554      32521
  18.60761      4.76455   38.24395    0.25921      32159
  18.61761      4.76201   38.26140    0.23183      32198
  18.62761      4.75948   38.21980    0.24877      32426
  18.63761      4.75694   38.21288    0.23393      32588
  18.64760      4.75442   38.18927    0.24811      32509
  18.65760      4.75189   38.13861    0.23565      32797
  18.66760      4.74937   38.13255    0.23377      32597
  18.67760      4.74685   38.10150    0.24894      32679
  18.68760      4.74433   38.08744    0.27492      32663
  18.69759      4.74182   38.02014    0.26025      32530
  18.70759      4.73931   38.00251    0.23213      32238
  18.71759      4.73680   38.01505    0.23375      32459
  18.72759      4.73429   37.97198    0.22608      32416
  18.73759      4.73179   37.95807    0.23967      32792
  18.74759      4.72929   37.92886    0.26548      32752
  18.75758      4.72679   37.91162    0.21630      32751
  18.76758      4.72429   37.90907    0.26100      32671
  18.77758      4.72180   37.88583    0.24611      32712
  18.78758      4.71931   37.85189    0.25404      32837
  18.79758      4.71682   37.81040    0.24003      32656
  18.80757      4.71434   37.79960    0.24888      32260
  18.81757      4.71185   37.78955    0.24792      32533
  18.82757      4.70937   37.76899    0.25124      32493
  18.83757      4.70690   37.74804    0.22578      32825
  18.84757      4.70442   37.74123    0.21607      32853
  18.85757      4.70195   37.73260    0.23587      33128
  18.86756      4.69948   37.72208    0.23669      32666
  18.87756      4.69702   37.69023    0.25319      33019
  18.88756      4.69455   37.66121    0.26715      32918
  18.89756      4.69209   37.63100    0.23932      32606
  18.90756      4.68963   37.64104    0.23735      32551
  18.91755      4.68718   37.60956    0.23101      32537
  18.92755      4.68472   37.60161    0.23504      33105
  18.93755      4.68227   37.59127    0.26128      33049
  18.94755      4.67982   37.58038    0.23873      32891
  18.95755      4.67738   37.55155    0.24484      33125
  18.96755      4.67494   37.55164    0.24068      32883
  18.97754      4.67249   37.54816    0.23084      32961
  18.98754      4.67006   37.51515    0.22828      32751
  18.99754      4.66762   37.50307    0.23969      32689
  19.00754      4.66519   37.45474    0.25986      32627
  19.01754      4.66276   37.47298    0.25407      32752
  19.02753      4.66033   37.43186    0.22474      33020
  19.03753      4.65791   37.42814    0.22222      33163
  19.04753      4.65548   37.42656    0.24815      33122
  19.05753      4.65306   37.39775    0.23968      33169
  19.06753      4.65065   37.39363    0.24541      33169
  19.07753      4.64823   37.36574    0.24485      33088
  19.08752      4.64582   37.37757    0.24374      32806
  19.09752      4.64341   37.33940    0.24208      32930
  19.10752      4.64100   37.30882    0.23529      32749
  19.11752      4.63860   37.32018    0.24161      32983
  19.12752      4.63620   37.29060    0.23673      33260
  19.13751      4.63380   37.30248    0.24019      33365
  19.14751      4.63140   37.26800    0.23591      33424
  19.15751      4.62901   37.25420    0.21715      33294
  19.16751      4.62661   37.25659    0.22912      33157
  19.17751      4.62422   37.22305    0.24315      33164
  19.18751      4.62184   37.21881    0.24956      32743
  19.19750      4.61945   37.17574    0.24286      33046
  19.20750      4.61707   37.17392    0.24778      33175
  19.21750      4.61469   37.15409    0.24919      32967
  19.22750      4.61231   37.12849    0.21606      33493
  19.23750      4.60994   37.12209    0.25740      33461
  19.24749      4.60757   37.10363    0.23657      33386
  19.25749      4.60520   37.08770    0.23229      33339
  19.26749      4.60283   37.08059    0.23590      33243
  19.27749      4.60047   37.07271    0.22768      32951
  19.28749      4.59810   37.03097    0.23125      33045
  19.29749      4.59574   37.00966    0.23868      33185
  19.30748      4.59339   36.97331    0.23245      33322
  19.31748      4.59103   36.99054    0.24582      33151
  19.32748      4.58868   36.96138    0.24471      33583
  19.33748      4.58633   36.94307    0.23717      33538
  19.34748      4.58398   36.94172    0.24316      33381
  19.35747      4.58164   36.91530    0.21777      33297
  19.36747      4.57929   36.89775    0.22425      33496
  19.37747      4.57695   36.92645    0.25680      32950
  19.38747      4.57462   36.87222    0.22912      33448
  19.39747      4.57228   36.80677    0.25559      33219
  19.40747      4.56995   36.83329    0.24447      33438
  19.41746      4.56762   36.82533    0.22756      33483
  19.42746      4.56529   36.80791    0.22734      33486
  19.43746      4.56296   36.81423    0.23708      33683
  19.44746      4.56064   36.80643    0.22372      33679
  19.45746      4.55832   36.78956    0.23257      33379
  19.46745      4.55600   36.79820    0.24307      33030
  19.47745      4.55368   36.76009    0.23395      33298
  19.48745      4.55137   36.75819    0.23548      33556
  19.49745      4.54906   36.71205    0.23699      33367
  19.50745      4.54675   36.74416    0.23459      33551
  19.51745      4.54444   36.73142    0.25036      33652
  19.52744      4.54214   36.70496    0.25895      33808
  19.53744      4.53984   36.70000    0.23427      33582
  19.54744      4.53754   36.70358    0.22814      33754
  19.55744      4.53524   36.71910    0.19178      33441
  19.56744      4.53295   36.68237    0.24384      33330
  19.57743      4.53065   36.68192    0.23299      33602
  19.58743      4.52836   36.64278    0.24546      33593
  19.59743      4.52608   36.61777    0.24846      33543
  19.60743      4.52379   36.63040    0.25375      33707
  19.61743      4.52151   36.62774    0.22599      33617
  19.62743      4.51923   36.60126    0.22287      34000
  19.63742      4.51695   36.59222    0.23823      33725
  19.64742      4.51467   36.58616    0.23080      33844
  19.65742      4.51240   36.59321    0.24732      33161
  19.66742      4.51013   36.53160    0.21833      33737
  19.67742      4.50786   36.55039    0.23042      33783
  19.68741      4.50559   36.49992    0.23555      33545
  19.69741      4.50333   36.49300    0.22718      33731
  19.70741      4.50106   36.48161    0.24152      33853
  19.71741      4.49880   36.47649    0.25435      33773
  19.72741      4.49655   36.46263    0.24692      34019
  19.73741      4.49429   36.44623    0.21668      33904
  19.74740      4.49204   36.47049    0.22755      33558
  19.75740      4.48979   36.42496    0.20884      33730
  19.76740      4.48754   36.42037    0.24454      33756
  19.77740      4.48529   36.40231    0.24284      33852
  19.78740      4.48305   36.31946    0.24082      33851
  19.79739      4.48081   36.36664    0.22954      34186
  19.80739      4.47857   36.34707    0.23686      33917
  19.81739      4.47633   36.32182    0.24063      34017
  19.82739      4.47410   36.31641    0.24700      34069
  19.83739      4.47187   36.32102    0.21213      33823
  19.84739      4.46963   36.29866    0.23426      33503
  19.85738      4.46741   36.27866    0.21221      33871
  19.86738      4.46518   36.26087    0.22969      34093
  19.87738      4.46296   36.25554    0.24688      33565
  19.88738      4.46074   36.20612    0.22216      34090
  19.89738      4.45852   36.21357    0.24646      34115
  19.90737      4.45630   36.20082    0.23435      34119
  19.91737      4.45409   36.19492    0.23655      34353
  19.92737      4.45187   36.17134    0.24646      34009
  19.93737      4.44966   36.16060    0.21966      34079
  19.94737      4.44746   36.16621    0.22066      33715
  19.95737      4.44525   36.13151    0.22603      34062
  19.96736      4.44305   36.13015    0.23487      34067
  19.97736      4.44085   36.09337    0.23672      33675
  19.98736      4.43865   36.05853    0.21854      34213
  19.99736      4.43645   36.10001    0.24346      34265
  20.00736      4.43426   36.03935    0.22878      33966
  20.01735      4.43206   36.03840    0.24330      34398
  20.02735      4.42987   36.04010    0.22779      34380
  20.03735      4.42769   35.99996    0.22473      33783
  20.04735      4.42550   36.00242    0.22293      34225
  20.05735      4.42332   35.98665    0.22479      34408
  20.06735      4.42114   35.95395    0.23319      34282
  20.07734      4.41896   35.94664    0.23136      33971
  20.08734      4.41678   35.90623    0.21626      34524
  20.09734      4.41461   35.91139    0.24364      34388
  20.10734      4.41243   35.88881    0.25721      34208
  20.11734      4.41026   35.88884    0.22990      34049
  20.12733      4.40809   35.84663    0.22553      34206
  20.13733      4.40593   35.83522    0.22046      33936
  20.14733      4.40376   35.81750    0.20616      34243
  20.15733      4.40160   35.79060    0.21986      34495
  20.16733      4.39944   35.77355    0.24137      34030
  20.17733      4.39729   35.76421    0.24393      34297
  20.18732      4.39513   35.74326    0.23493      34420
  20.19732      4.39298   35.74035    0.22412      34577
  20.20732      4.39083   35.74386    0.24762      34265
  20.21732      4.38868   35.69200    0.22195      34342
  20.22732      4.38653   35.70022    0.23112      34473
  20.23731      4.38439   35.70042    0.22758      34282
  20.24731      4.38224   35.64540    0.23196      34575
  20.25731      4.38010   35.62853    0.22117      34481
  20.26731      4.37797   35.63721    0.20993      34317
  20.27731      4.37583   35.61416    0.22572      34610
  20.28731      4.37370   35.58936    0.23571      34405
  20.29730      4.37156   35.61017    0.23994      34424
  20.30730      4.36943   35.58838    0.23242      34508
  20.31730      4.36731   35.56414    0.22490      34414
  20.32730      4.36518   35.58209    0.22041      34420
  20.33730      4.36306   35.55328    0.23457      34462
  20.34729      4.36094   35.54680    0.21627      34754
  20.35729      4.35882   35.51066    0.23616      34381
  20.36729      4.35670   35.50144    0.22391      34415
  20.37729      4.35458   35.49494    0.22393      34903
  20.38729      4.35247   35.50848    0.22574      34411
  20.39729      4.35036   35.48496    0.23751      34656
  20.40728      4.34825   35.47273    0.24146      34456
  20.41728      4.34614   35.46529    0.21388      34598
  20.42728      4.34404   35.46708    0.23539      34313
  20.43728      4.34194   35.44603    0.21401      34745
  20.44728      4.33984   35.42438    0.22276      34940
  20.45727      4.33774   35.40764    0.22610      34678
  20.46727      4.33564   35.41264    0.21637      34754
  20.47727      4.33355   35.39264    0.23060      34849
  20.48727      4.33146   35.38211    0.23224      34734
  20.49727      4.32937   35.36418    0.23779      34562
  20.50727      4.32728   35.36391    0.23037      34876
  20.51726      4.32519   35.34727    0.23754      34519
  20.52726      4.32311   35.32426    0.22663      34766
  20.53726      4.32102   35.33710    0.23248      34897
  20.54726      4.31894   35.30201    0.21253      34595
  20.55726      4.31687   35.30002    0.22860      34653
  20.56725      4.31479   35.29581    0.20943      34990
  20.57725      4.31272   35.28432    0.22351      35010
  20.58725      4.31064   35.27176    0.22210      34638
  20.59725      4.30858   35.23100    0.24375      34893
  20.60725      4.30651   35.23048    0.21431      34953
  20.61725      4.30444   35.23400    0.22014      34706
  20.62724      4.30238   35.21365    0.24870      34902
  20.63724      4.30032   35.16112    0.22561      34798
  20.64724      4.29826   35.18303    0.22422      35136
  20.65724      4.29620   35.16925    0.21798      34954
  20.66724      4.29414   35.16721    0.22203      34753
  20.67723      4.29209   35.13624    0.21324      35183
  20.68723      4.29004   35.13647    0.24493      34955
  20.69723      4.28799   35.11095    0.23170      34758
  20.70723      4.28594   35.11140    0.21738      34999
  20.71723      4.28389   35.10152    0.22122      34862
  20.72723      4.28185   35.08239    0.22665      35162
  20.73722      4.27981   35.07165    0.21961      35057
  20.74722      4.27777   35.05399    0.22357      34859
  20.75722      4.27573   35.05391    0.22735      35192
  20.76722      4.27369   35.04938    0.21024      35198
  20.77722      4.27166   35.01915    0.23621      34944
  20.78721      4.26963   35.00018    0.21780      35060
  20.79721      4.26760   35.01645    0.22850      35272
  20.80721      4.26557   34.97902    0.23188      35141
  20.81721      4.26354   34.97447    0.22142      35122
  20.82721      4.26152   34.97603    0.23751      35192
  20.83721      4.25950   34.94049    0.22982      35159
  20.84720      4.25748   34.96211    0.21548      34944
  20.85720      4.25546   34.94213    0.20587      35263
  20.86720      4.25344   34.93187    0.22237      35139
  20.87720      4.25143   34.91644    0.21520      35196
  20.88720      4.24942   34.89473    0.23514      35325
  20.89719      4.24740   34.90047    0.21270      35166
  20.90719      4.24540   34.90762    0.22586      35206
  20.91719      4.24339   34.86238    0.23530      35372
  20.92719      4.24138   34.83837    0.23247      35262
  20.93719      4.23938   34.84934    0.21994      35235
  20.94719      4.23738   34.83754    0.21483      35400
  20.95718      4.23538   34.81921    0.22438      35279
  20.96718      4.23339   34.79398    0.21612      35438
  20.97718      4.23139   34.79425    0.22564      35221
  20.98718      4.22940   34.77534    0.22551      35415
  20.99718      4.22741   34.78826    0.22131      35247
  21.00717      4.22542   34.75281    0.21769      35177
  21.01717      4.22343   34.72837    0.22283      35595
  21.02717      4.22144   34.72450    0.22646      35345
  21.03717      4.21946   34.72153    0.21930      35319
  21.04717      4.21748   34.71110    0.22234      35532
  21.05717      4.21550   34.69362    0.22114      35412
  21.06716      4.21352   34.68279    0.21267      35355
  21.07716      4.21154   34.66591    0.21687      35651
  21.08716      4.20957   34.64652    0.22761      35482
  21.09716      4.20760   34.66518    0.23135      35384
  21.10716      4.20563   34.63440    0.23084      35488
  21.11715      4.20366   34.62535    0.22372      35579
  21.12715      4.20169   34.61271    0.23386      35390
  21.13715      4.19973   34.60185    0.21761      35568
  21.14715      4.19776   34.58213    0.20247      35601
  21.15715      4.19580   34.59543    0.22491      35355
  21.16715      4.19384   34.56465    0.20942      35685
  21.17714      4.19188   34.55451    0.21229      35668
  21.18714      4.18993   34.56705    0.22265      35564
  21.19714      4.18798   34.54103    0.23145      35536
  21.20714      4.18602   34.51091    0.22587      35633
  21.21714      4.18407   34.51689    0.21448      35688
  21.22713      4.18213   34.50976    0.21943      35679
  21.23713      4.18018   34.46917    0.23453      35607
  21.24713      4.17823   34.46255    0.22786      35699
  21.25713      4.17629   34.44951    0.21506      35684
  21.26713      4.17435   34.43540    0.21176      35826
  21.27713      4.17241   34.42709    0.22502      35683
  21.28712      4.17048   34.40969    0.22162      35589
  21.29712      4.16854   34.39867    0.20597      35732
  21.30712      4.16661   34.36103    0.22769      35880
  21.31712      4.16467   34.34461    0.21112      35567
  21.32712      4.16274   34.34254    0.22032      35731
  21.33711      4.16082   34.29160    0.22802      35843
  21.34711      4.15889   34.28051    0.22770      35802
  21.35711      4.15697   34.26081    0.21067      35876
  21.36711      4.15504   34.24709    0.20870      35842
  21.37711      4.15312   34.22664    0.21628      35872
  21.38711      4.15120   34.19990    0.23430      35935
  21.39710      4.14929   34.17442    0.22306      35852
  21.40710      4.14737   34.18635    0.21179      35808
  21.41710      4.14546   34.13020    0.22537      36067
  21.42710      4.14355   34.11403    0.22049      35725
  21.43710      4.14164   34.11418    0.21031      35929
  21.44709      4.13973   34.07651    0.24989      35839
  21.45709      4.13782   34.06118    0.19094      36169
  21.46709      4.13592   34.04984    0.21700      35959
  21.47709      4.13401   34.03961    0.22469      35914
  21.48709      4.13211   34.02094    0.20512      36061
  21.49709      4.13021   34.00219    0.22014      36103
  21.50708      4.12832   33.98695    0.22348      35759
  21.51708      4.12642   33.97045    0.22671      36067
  21.52708      4.12453   33.95462    0.22424      36188
  21.53708      4.12263   33.94106    0.22448      35953
  21.54708      4.12074   33.93322    0.21664      36052
  21.55707      4.11886   33.92171    0.20633      36340
  21.56707      4.11697   33.90683    0.21979      35991
  21.57707      4.11508   33.91913    0.21794      36016
  21.58707      4.11320   33.89124    0.22148      36157
  21.59707      4.11132   33.88189    0.19991      35889
  21.60706      4.10944   33.88854    0.21875      36364
  21.61706      4.10756   33.88289    0.21502      36099
  21.62706      4.10568   33.85230    0.22239      35940
  21.63706      4.10381   33.85794    0.21542      36471
  21.64706      4.10194   33.85553    0.23227      36392
  21.65706      4.10007   33.85258    0.21059      35905
  21.66705      4.09820   33.84921    0.21778      36364
  21.67705      4.09633   33.83459    0.19881      36329
  21.68705      4.09446   33.82916    0.22027      36166
  21.69705      4.09260   33.82254    0.21456      36200
  21.70705      4.09074   33.81263    0.23518      36345
  21.71704      4.08888   33.80705    0.22854      36143
  21.72704      4.08702   33.80618    0.21535      36446
  21.73704      4.08516   33.80531    0.20652      36324
  21.74704      4.08330   33.79814    0.21274      36238
  21.75704      4.08145   33.79439    0.19911      36441
  21.76704      4.07960   33.77663    0.22961      36320
  21.77703      4.07775   33.77378    0.20950      36348
  21.78703      4.07590   33.76459    0.21978      36128
  21.79703      4.07405   33.76113    0.20285      36555
  21.80703      4.07221   33.72866    0.23061      36358
  21.81703      4.07036   33.72425    0.21806      36530
  21.82702      4.06852   33.72949    0.20977      36576
  21.83702      4.06668   33.72230    0.22944      36395
  21.84702      4.06484   33.71787    0.23170      36306
  21.85702      4.06301   33.68580    0.21278      36647
  21.86702      4.06117   33.67344    0.21262      36302
  21.87702      4.05934   33.69126    0.21177      36338
  21.88701      4.05751   33.65145    0.19130      36449
  21.89701      4.05568   33.63441    0.22411      36683
  21.90701      4.05385   33.62731    0.21085      36331
  21.91701      4.05202   33.62313    0.21874      36726
  21.92701      4.05020   33.60073    0.21875      36532
  21.93700      4.04837   33.60383    0.21447      36609
  21.94700      4.04655   33.58115    0.21465      36493
  21.95700      4.04473   33.56316    0.21786      36604
  21.96700      4.04291   33.55596    0.20130      36435
  21.97700      4.04110   33.52825    0.22377      36680
  21.98700      4.03928   33.52197    0.21207      36724
  21.99699      4.03747   33.49436    0.22463      36671
  22.00699      4.03566   33.49861    0.21231      36723
  22.01699      4.03384   33.48227    0.20668      36822
  22.02699      4.03204   33.45913    0.20088      36507
  22.03699      4.03023   33.46699    0.23023      36625
  22.04698      4.02842   33.44079    0.22282      36767
  22.05698      4.02662   33.41847    0.21790      36677
  22.06698      4.02482   33.40342    0.19977      36579
  22.07698      4.02302   33.39412    0.20061      36911
  22.08698      4.02122   33.36730    0.20760      36866
  22.09698      4.01942   33.37302    0.22611      36875
  22.10697      4.01763   33.34705    0.22613      36898
  22.11697      4.01584   33.33497    0.21417      36624
  22.12697      4.01404   33.33993    0.21470      36859
  22.13697      4.01225   33.32250    0.20735      36910
  22.14697      4.01046   33.28998    0.22119      36898
  22.15696      4.00868   33.29947    0.21442      36780
  22.16696      4.00689   33.28285    0.20818      36871
  22.17696      4.00511   33.26925    0.21890      36942
  22.18696      4.00333   33.27577    0.19856      36845
  22.19696      4.00154   33.24356    0.21404      37004
  22.20696      3.99977   33.25441    0.19699      36862
  22.21695      3.99799   33.25200    0.22463      36894
  22.22695      3.99621   33.23026    0.21335      37156
  22.23695      3.99444   33.20997    0.22327      36883
  22.24695      3.99267   33.21465    0.20866      36875
  22.25695      3.99089   33.19941    0.21923      37169
  22.26694      3.98913   33.19828    0.20642      37141
  22.27694      3.98736   33.20416    0.21180      36726
  22.28694      3.98559   33.19264    0.20590      37309
  22.29694      3.98383   33.18511    0.21298      37103
  22.30694      3.98206   33.19669    0.21321      36988
  22.31694      3.98030   33.17712    0.21829      37021
  22.32693      3.97854   33.16998    0.21292      37119
  22.33693      3.97678   33.16260    0.20104      37042
  22.34693      3.97503   33.13494    0.21473      37106
  22.35693      3.97327   33.14206    0.20158      37216
  22.36693      3.97152   33.14818    0.20209      36979
  22.37692      3.96977   33.12973    0.22183      37369
  22.38692      3.96802   33.12345    0.21666      37169
  22.39692      3.96627   33.12715    0.21619      37113
  22.40692      3.96452   33.12934    0.20115      37303
  22.41692      3.96278   33.10271    0.20695      37271
  22.42692      3.96103   33.07756    0.20354      37100
  22.43691      3.95929   33.08005    0.22419      37329
  22.44691      3.95755   33.06535    0.23705      37224
  22.45691      3.95581   33.07669    0.20840      37304
  22.46691      3.95407   33.05140    0.20952      37301
  22.47691      3.95233   33.03966    0.19630      37310
  22.48690      3.95060   33.05092    0.19367      37214
  22.49690      3.94887   33.04713    0.20838      37457
  22.50690      3.94714   33.01329    0.22961      37256
  22.51690      3.94541   33.01708    0.21135      37237
  22.52690      3.94368   32.98451    0.21498      37355
  22.53690      3.94195   32.98055    0.19730      37638
  22.54689      3.94022   32.95853    0.21228      37131
  22.55689      3.93850   32.95451    0.22212      37570
  22.56689      3.93678   32.94361    0.21427      37542
  22.57689      3.93506   32.93152    0.20464      37401
  22.58689      3.93334   32.93193    0.22118      37454
  22.59688      3.93162   32.90422    0.20184      37515
  22.60688      3.92990   32.88890    0.20364      37356
  22.61688      3.92819   32.88007    0.19910      37564
  22.62688      3.92648   32.86787    0.21751      37330
  22.63688      3.92476   32.85091    0.19914      37676
  22.64688      3.92305   32.80449    0.21648      37444
  22.65687      3.92135   32.81979    0.20412      37827
  22.66687      3.91964   32.81167    0.20870      37412
  22.67687      3.91793   32.79755    0.21658      37613
  22.68687      3.91623   32.78207    0.20174      37524
  22.69687      3.91453   32.75028    0.19837      37670
  22.70686      3.91283   32.75158    0.22103      37517
  22.71686      3.91113   32.71791    0.20742      37802
  22.72686      3.90943   32.73386    0.21798      37715
  22.73686      3.90773   32.70126    0.20599      37730
  22.74686      3.90604   32.68903    0.20573      37823
  22.75686      3.90434   32.67656    0.20253      37625
  22.76685      3.90265   32.68220    0.21475      37664
  22.77685      3.90096   32.65936    0.20459      37651
  22.78685      3.89927   32.63617    0.22366      37509
  22.79685      3.89758   32.63400    0.19461      37944
  22.80685      3.89590   32.62527    0.19373      37872
  22.81684      3.89421   32.62150    0.19892      37601
  22.82684      3.89253   32.59633    0.20869      37850
  22.83684      3.89085   32.57963    0.22140      37909
  22.84684      3.88917   32.57287    0.22239      37855
  22.85684      3.88749   32.56861    0.22625      37781
  22.86684      3.88581   32.54325    0.19104      37990
  22.87683      3.88414   32.54659    0.19867      37705
  22.88683      3.88246   32.51885    0.20614      38065
  22.89683      3.88079   32.50945    0.20729      37903
  22.90683      3.87912   32.49970    0.22080      37783
  22.91683      3.87745   32.49807    0.20513      37928
  22.92682      3.87578   32.46988    0.19662      38011
  22.93682      3.87411   32.46938    0.19385      37964
  22.94682      3.87245   32.44890    0.21334      37911
  22.95682      3.87078   32.42541    0.20242      38069
  22.96682      3.86912   32.42456    0.22809      37943
  22.97682      3.86746   32.41770    0.20428      38054
  22.98681      3.86580   32.38274    0.19981      38052
  22.99681      3.86414   32.37190    0.20327      38095
  23.00681      3.86249   32.36943    0.19615      38143
  23.01681      3.86083   32.37486    0.20577      38094
  23.02681      3.85918   32.32966    0.20894      38080
  23.03680      3.85753   32.31879    0.20763      38162
  23.04680      3.85587   32.31284    0.20921      38238
  23.05680      3.85423   32.32980    0.23398      38050
  23.06680      3.85258   32.28950    0.19039      38046
  23.07680      3.85093   32.26118    0.19721      38143
  23.08680      3.84929   32.26336    0.20460      38314
  23.09679      3.84764   32.27144    0.19826      38226
  23.10679      3.84600   32.25624    0.19521      38201
  23.11679      3.84436   32.22875    0.22764      38114
  23.12679      3.84272   32.21102    0.20112      38318
  23.13679      3.84108   32.22402    0.19633      38346
  23.14678      3.83945   32.19345    0.20582      38322
  23.15678      3.83781   32.19822    0.20621      38346
  23.16678      3.83618   32.18105    0.21303      38336
  23.17678      3.83454   32.16513    0.21233      38331
  23.18678      3.83291   32.16095    0.20712      38367
  23.19678      3.83128   32.14441    0.21798      38546
  23.20677      3.82966   32.13728    0.18708      38393
  23.21677      3.82803   32.13928    0.19724      38217
  23.22677      3.82640   32.13131    0.19140      38551
  23.23677      3.82478   32.09454    0.21301      38367
  23.24677      3.82316   32.08749    0.20875      38455
  23.25676      3.82154   32.09397    0.22076      38411
  23.26676      3.81992   32.09420    0.18667      38454
  23.27676      3.81830   32.05091    0.20274      38487
  23.28676      3.81668   32.05353    0.19800      38638
  23.29676      3.81507   32.04493    0.21548      38439
  23.30676      3.81345   32.04178    0.20537      38693
  23.31675      3.81184   32.04004    0.21734      38510
  23.32675      3.81023   31.99711    0.18263      38602
  23.33675      3.80862   31.98625    0.21356      38661
  23.34675      3.80701   31.98946    0.19580      38600
  23.35675      3.80540   31.98030    0.22346      38546
  23.36674      3.80380   31.97620    0.19596      38589
  23.37674      3.80219   31.94755    0.20692      38552
  23.38674      3.80059   31.94100    0.19345      38659
  23.39674      3.79899   31.93117    0.20976      38570
  23.40674      3.79739   31.93169    0.19195      38861
  23.41674      3.79579   31.90705    0.19972      38558
  23.42673      3.79419   31.89782    0.19307      38871
  23.43673      3.79260   31.88582    0.20338      38673
  23.44673      3.79100   31.88197    0.20909      38779
  23.45673      3.78941   31.85324    0.21497      38693
  23.46673      3.78782   31.86778    0.21253      38772
  23.47672      3.78623   31.84510    0.18409      38739
  23.48672      3.78464   31.83932    0.22060      39002
  23.49672      3.78305   31.82733    0.19556      38836
  23.50672      3.78146   31.81501    0.19462      38765
  23.51672      3.77988   31.80657    0.21409      38723
  23.52672      3.77830   31.77536    0.18948      38999
  23.53671      3.77671   31.79600    0.19921      38788
  23.54671      3.77513   31.78125    0.19438      38813
  23.55671      3.77355   31.78009    0.20209      39137
  23.56671      3.77197   31.76590    0.19578      38867
  23.57671      3.77040   31.74746    0.22218      39047
  23.58670      3.76882   31.74320    0.21069      38932
  23.59670      3.76725   31.75019    0.20460      38925
  23.60670      3.76567   31.72396    0.18148      39108
  23.61670      3.76410   31.71711    0.19652      38953
  23.62670      3.76253   31.70951    0.19107      39074
  23.63670      3.76096   31.71267    0.21954      38986
  23.64669      3.75940   31.70149    0.20166      39265
  23.65669      3.75783   31.70133    0.22060      39144
  23.66669      3.75626   31.70159    0.19828      38842
  23.67669      3.75470   31.66784    0.18552      39137
  23.68669      3.75314   31.67495    0.20786      39070
  23.69668      3.75158   31.66400    0.19455      39175
  23.70668      3.75002   31.65461    0.20339      39166
  23.71668      3.74846   31.65988    0.20017      38990
  23.72668      3.74690   31.65412    0.19453      39297
  23.73668      3.74535   31.61926    0.19554      39356
  23.74668      3.74379   31.63949    0.20067      39287
  23.75667      3.74224   31.61453    0.19955      39162
  23.76667      3.74069   31.61688    0.20988      39287
  23.77667      3.73914   31.60047    0.19377      39353
  23.78667      3.73759   31.59952    0.21284      39271
  23.79667      3.73604   31.58045    0.20636      39259
  23.80666      3.73449   31.55981    0.19277      39172
  23.81666      3.73295   31.56739    0.19345      39305
  23.82666      3.73141   31.56148    0.19208      39474
  23.83666      3.72986   31.53356    0.19232      39337
  23.84666      3.72832   31.54396    0.19927      39362
  23.85666      3.72678   31.51407    0.20548      39491
  23.86665      3.72524   31.51411    0.20833      39320
  23.87665      3.72371   31.49152    0.20184      39472
  23.88665      3.72217   31.47773    0.19899      39380
  23.89665      3.72064   31.46252    0.18380      39406
  23.90665      3.71910   31.46262    0.21299      39626
  23.91664      3.71757   31.45678    0.19713      39473
  23.92664      3.71604   31.44001    0.19396      39450
  23.93664      3.71451   31.42027    0.20061      39590
  23.94664      3.71298   31.39319    0.18973      39519
  23.95664      3.71145   31.39899    0.19486      39769
  23.96664      3.70993   31.39354    0.21471      39459
  23.97663      3.70840   31.37948    0.20298      39391
  23.98663      3.70688   31.36251    0.19349      39578
  23.99663      3.70536   31.35992    0.19587      39680
  24.00663      3.70384   31.34143    0.19016      39596
  24.01663      3.70232   31.32818    0.19741      39688
  24.02662      3.70080   31.30674    0.18617      39736
  24.03662      3.69929   31.31555    0.19783      39591
  24.04662      3.69777   31.30993    0.20702      39779
  24.05662      3.69626   31.28859    0.20441      39885
  24.06662      3.69474   31.28372    0.19732      39494
  24.07662      3.69323   31.25322    0.20316      39807
  24.08661      3.69172   31.24219    0.18880      39692
  24.09661      3.69021   31.25279    0.20356      39842
  24.10661      3.68870   31.23664    0.19709      39832
  24.11661      3.68720   31.20830    0.19943      39806
  24.12661      3.68569   31.21706    0.19442      39704
  24.13660      3.68419   31.20358    0.19193      39797
  24.14660      3.68268   31.21377    0.18259      39814
  24.15660      3.68118   31.17577    0.20388      39898
  24.16660      3.67968   31.16436    0.20741      39865
  24.17660      3.67818   31.15890    0.18749      39905
  24.18660      3.67669   31.15398    0.19747      39788
  24.19659      3.67519   31.14162    0.21092      39896
  24.20659      3.67369   31.14763    0.19635      40055
  24.21659      3.67220   31.11930    0.19566      39899
  24.22659      3.67071   31.11403    0.18066      40175
  24.23659      3.66922   31.11213    0.19471      39853
  24.24658      3.66772   31.08528    0.20169      39980
  24.25658      3.66624   31.09208    0.21035      40193
  24.26658      3.66475   31.07300    0.19908      39903
  24.27658      3.66326   31.05874    0.19918      39942
  24.28658      3.66178   31.06049    0.18618      40093
  24.29658      3.66029   31.05303    0.18871      40060
  24.30657      3.65881   31.04224    0.19825      40085
  24.31657      3.65733   31.02932    0.19883      40189
  24.32657      3.65585   31.02172    0.19207      40001
  24.33657      3.65437   30.99733    0.18886      40237
  24.34657      3.65289   30.99481    0.19243      40297
  24.35656      3.65141   30.98557    0.20219      40043
  24.36656      3.64994   30.97441    0.19088      40248
  24.37656      3.64846   30.98410    0.20584      40253
  24.38656      3.64699   30.96163    0.19439      40170
  24.39656      3.64552   30.94824    0.20351      40369
  24.40656      3.64405   30.93116    0.20206      40222
  24.41655      3.64258   30.93633    0.19799      40100
  24.42655      3.64111   30.93216    0.18018      40388
  24.43655      3.63964   30.89384    0.18725      40154
  24.44655      3.63817   30.90897    0.18431      40354
  24.45655      3.63671   30.89810    0.20774      40376
  24.46654      3.63525   30.88545    0.19948      40345
  24.47654      3.63378   30.87849    0.18809      40364
  24.48654      3.63232   30.87284    0.19512      40550
  24.49654      3.63086   30.84656    0.19498      40232
  24.50654      3.62940   30.85618    0.20576      40504
  24.51654      3.62795   30.83365    0.18724      40558
  24.52653      3.62649   30.81698    0.18401      40391
  24.53653      3.62504   30.80800    0.20329      40444
  24.54653      3.62358   30.81442    0.20430      40517
  24.55653      3.62213   30.80177    0.18641      40504
  24.56653      3.62068   30.78755    0.19181      40614
  24.57652      3.61923   30.75125    0.19773      40474
  24.58652      3.61778   30.75413    0.19423      40447
  24.59652      3.61633   30.74328    0.19165      40559
  24.60652      3.61488   30.73769    0.20020      40502
  24.61652      3.61344   30.71687    0.19272      40584
  24.62652      3.61199   30.69966    0.17394      40744
  24.63651      3.61055   30.69576    0.18425      40583
  24.64651      3.60911   30.67326    0.20420      40451
  24.65651      3.60767   30.67517    0.20949      40821
  24.66651      3.60623   30.63931    0.18469      40670
  24.67651      3.60479   30.64272    0.20272      40626
  24.68650      3.60335   30.60839    0.19162      40692
  24.69650      3.60192   30.61126    0.19159      40740
  24.70650      3.60048   30.59251    0.20045      40665
  24.71650      3.59905   30.58167    0.19100      40990
  24.72650      3.59761   30.58062    0.19648      40582
  24.73650      3.59618   30.55527    0.17838      40620
  24.74649      3.59475   30.53056    0.18680      40852
  24.75649      3.59332   30.52728    0.20204      40748
  24.76649      3.59190   30.52224    0.18413      40890
  24.77649      3.59047   30.50479    0.18432      40893
  24.78649      3.58904   30.50556    0.20501      40762
  24.79648      3.58762   30.46626    0.18835      40872
  24.80648      3.58620   30.46963    0.20612      40902
  24.81648      3.58477   30.46321    0.18953      40900
  24.82648      3.58335   30.45135    0.19065      41018
  24.83648      3.58193   30.44408    0.18500      40939
  24.84648      3.58051   30.42647    0.18786      40853
  24.85647      3.57910   30.41128    0.18149      41006
  24.86647      3.57768   30.40475    0.20863      41135
  24.87647      3.57626   30.40839    0.21502      40665
  24.88647      3.57485   30.37836    0.17570      41071
  24.89647      3.57344   30.37003    0.19593      40893
  24.90646      3.57203   30.37439    0.19158      41009
  24.91646      3.57061   30.35504    0.18574      41183
  24.92646      3.56921   30.34770    0.18794      41027
  24.93646      3.56780   30.32597    0.18775      41187
  24.94646      3.56639   30.31732    0.19206      41026
  24.95645      3.56498   30.32583    0.18381      41310
  24.96645      3.56358   30.30891    0.18356      40987
  24.97645      3.56217   30.30319    0.19265      41373
  24.98645      3.56077   30.27100    0.20256      41163
  24.99645      3.55937   30.27000    0.19622      41256
  25.00645      3.55797   30.26523    0.18420      41282
  25.01644      3.55657   30.26198    0.20947      41378
  25.02644      3.55517   30.23925    0.19080      41182
  25.03644      3.55378   30.22793    0.17600      41227
  25.04644      3.55238   30.23277    0.18936      41162
  25.05644      3.55098   30.20587    0.18254      41350
  25.06643      3.54959   30.21925    0.18621      41323
  25.07643      3.54820   30.20954    0.18670      41338
  25.08643      3.54681   30.18331    0.19781      41457
  25.09643      3.54542   30.16391    0.19342      41392
  25.10643      3.54403   30.17345    0.18253      41366
  25.11643      3.54264   30.15500    0.19114      41542
  25.12642      3.54125   30.15496    0.19507      41617
  25.13642      3.53987   30.14854    0.18451      41300
  25.14642      3.53848   30.13642    0.18801      41684
  25.15642      3.53710   30.12983    0.18975      41454
  25.16642      3.53571   30.12102    0.19903      41349
  25.17641      3.53433   30.10828    0.18573      41822
  25.18641      3.53295   30.10396    0.18502      41634
  25.19641      3.53157   30.09394    0.19750      41481
  25.20641      3.53020   30.09157    0.19197      41469
  25.21641      3.52882   30.09979    0.18287      41774
  25.22641      3.52744   30.07891    0.18727      41412
  25.23640      3.52607   30.07446    0.17402      41878
  25.24640      3.52469   30.05146    0.18353      41635
  25.25640      3.52332   30.07436    0.19609      41658
  25.26640      3.52195   30.05051    0.18593      41957
  25.27640      3.52058   30.05395    0.19498      41563
  25.28639      3.51921   30.06243    0.19940      41782
  25.29639      3.51784   30.04712    0.17413      41958
  25.30639      3.51647   30.04517    0.19935      41665
  25.31639      3.51511   30.05803    0.20784      41854
  25.32639      3.51374   30.05967    0.18157      41912
  25.33639      3.51238   30.04804    0.17911      41777
  25.34638      3.51102   30.07509    0.18250      41955
  25.35638      3.50965   30.07393    0.18962      41609
  25.36638      3.50829   30.10121    0.18325      41997
  25.37638      3.50693   30.09334    0.18532      41958
  25.38638      3.50558   30.11725    0.18422      42116
  25.39637      3.50422   30.13374    0.18464      41935
  25.40637      3.50286   30.17267    0.19421      41982
  25.41637      3.50151   30.19918    0.19299      41943
  25.42637      3.50015   30.22977    0.20844      42076
  25.43637      3.49880   30.25207    0.18519      42236
  25.44637      3.49745   30.29247    0.16958      41973
  25.45636      3.49610   30.35020    0.19188      42326
  25.46636      3.49475   30.40401    0.19997      42082
  25.47636      3.49340   30.46365    0.18882      42177
  25.48636      3.49205   30.53069    0.19009      42266
  25.49636      3.49070   30.60367    0.19139      42212
  25.50635      3.48936   30.66345    0.19143      42040
  25.51635      3.48801   30.76263    0.17867      42247
  25.52635      3.48667   30.87919    0.20135      42377
  25.53635      3.48533   30.97097    0.19566      42269
  25.54635      3.48399   31.09742    0.17392      42381
  25.55635      3.48265   31.22112    0.19123      42385
  25.56634      3.48131   31.37267    0.18887      42232
  25.57634      3.47997   31.52446    0.20917      42488
  25.58634      3.47863   31.69678    0.20014      42432
  25.59634      3.47729   31.87615    0.18815      42489
  25.60634      3.47596   32.07306    0.19660      42603
  25.61633      3.47463   32.27744    0.20861      42340
  25.62633      3.47329   32.51629    0.21131      42515
  25.63633      3.47196   32.76242    0.18227      42640
  25.64633      3.47063   33.02878    0.20829      42592
  25.65633      3.46930   33.30114    0.18796      42563
  25.66633      3.46797   33.59737    0.19505      42534
  25.67632      3.46664   33.91008    0.20295      42641
  25.68632      3.46532   34.25717    0.20300      42610
  25.69632      3.46399   34.59229    0.20713      42707
  25.70632      3.46267   34.96966    0.20432      42731
  25.71632      3.46134   35.36161    0.20989      42736
  25.72631      3.46002   35.77564    0.21200      42769
  25.73631      3.45870   36.19209    0.20973      42701
  25.74631      3.45738   36.62744    0.19839      42817
  25.75631      3.45606   37.08090    0.21356      42977
  25.76631      3.45474   37.56284    0.21152      42956
  25.77631      3.45342   38.03519    0.21525      42735
  25.78630      3.45211   38.52809    0.20755      42959
  25.79630      3.45079   39.04270    0.22305      42843
  25.80630      3.44948   39.56497    0.21806      42999
  25.81630      3.44816   40.05531    0.22001      42675
  25.82630      3.44685   40.61355    0.20474      43202
  25.83629      3.44554   41.13069    0.22076      42959
  25.84629      3.44423   41.67463    0.20562      42798
  25.85629      3.44292   42.19971    0.21677      43292
  25.86629      3.44161   42.71833    0.21837      43167
  25.87629      3.44031   43.28010    0.22892      43031
  25.88629      3.43900   43.78293    0.22050      43104
  25.89628      3.43769   44.27812    0.22267      43203
  25.90628      3.43639   44.79338    0.22481      43128
  25.91628      3.43509   45.26872    0.24683      43322
  25.92628      3.43379   45.72138    0.22364      43013
  25.93628      3.43248   46.18217    0.22006      43480
  25.94627      3.43118   46.61643    0.22287      43323
  25.95627      3.42989   46.99742    0.20802      43226
  25.96627      3.42859   47.35353    0.23653      43237
  25.97627      3.42729   47.72101    0.21403      43341
  25.98627      3.42599   48.00966    0.21875      43176
  25.99627      3.42470   48.29463    0.22189      43504
  26.00626      3.42341   48.54693    0.23030      43540
  26.01626      3.42211   48.76776    0.23227      43234
  26.02626      3.42082   48.90724    0.23345      43687
  26.03626      3.41953   49.03479    0.22451      43381
  26.04626      3.41824   49.12840    0.21431      43570
  26.05625      3.41695   49.17198    0.23203      43454
  26.06625      3.41566   49.22216    0.21229      43636
  26.07625      3.41438   49.13483    0.24508      43639
  26.08625      3.41309   49.09386    0.22898      43773
  26.09625      3.41180   48.99368    0.21315      43449
  26.10625      3.41052   48.84127    0.22786      43753
  26.11624      3.40924   48.58859    0.22524      43599
  26.12624      3.40796   48.46427    0.22631      43391
  26.13624      3.40667   48.14129    0.21598      43888
  26.14624      3.40539   47.86857    0.22023      43716
  26.15624      3.40412   47.48232    0.20593      43571
  26.16623      3.40284   47.14909    0.22916      43981
  26.17623      3.40156   46.71904    0.23094      43701
  26.18623      3.40028   46.28336    0.22925      43807
  26.19623      3.39901   45.87196    0.21170      44082
  26.20623      3.39774   45.39218    0.21009      43690
  26.21623      3.39646   44.89347    0.23736      44029
  26.22622      3.39519   44.34491    0.23294      43873
  26.23622      3.39392   43.82313    0.21454      43808
  26.24622      3.39265   43.26189    0.22119      44193
  26.25622      3.39138   42.75100    0.21197      44001
  26.26622      3.39011   42.16149    0.20819      43984
  26.27621      3.38884   41.63685    0.21909      43755
  26.28621      3.38758   41.04834    0.21183      43904
  26.29621      3.38631   40.46126    0.20932      44005
  26.30621      3.38505   39.89374    0.20591      44203
  26.31621      3.38378   39.34477    0.20934      43944
  26.32621      3.38252   38.78257    0.22226      44020
  26.33620      3.38126   38.23744    0.21117      44355
  26.34620      3.38000   37.67728    0.21403      44016
  26.35620      3.37874   37.15211    0.19892      44399
  26.36620      3.37748   36.65652    0.19503      44282
  26.37620      3.37622   36.14289    0.22230      44133
  26.38619      3.37497   35.67391    0.21551      44455
  26.39619      3.37371   35.22510    0.19950      44148
  26.40619      3.37246   34.74959    0.21287      44311
  26.41619      3.37120   34.32908    0.19662      44517
  26.42619      3.36995   33.92848    0.19123      44291
  26.43619      3.36870   33.51128    0.20551      44101
  26.44618      3.36745   33.14289    0.18742      44294
  26.45618      3.36620   32.80135    0.19132      44273
  26.46618      3.36495   32.47342    0.19177      44489
  26.47618      3.36370   32.15422    0.19059      44301
  26.48618      3.36245   31.86955    0.18124      44519
  26.49617      3.36121   31.59011    0.19795      44516
  26.50617      3.35996   31.32206    0.18685      44336
  26.51617      3.35872   31.09186    0.20345      44471
  26.52617      3.35748   30.85927    0.17996      44609
  26.53617      3.35623   30.63987    0.19464      44684
  26.54617      3.35499   30.45221    0.19790      44564
  26.55616      3.35375   30.28653    0.18789      44820
  26.56616      3.35251   30.10010    0.16990      44583
  26.57616      3.35127   29.97497    0.18017      44642
  26.58616      3.35004   29.79773    0.18311      44479
  26.59616      3.34880   29.67659    0.18246      44366
  26.60615      3.34756   29.54995    0.17989      44702
  26.61615      3.34633   29.44307    0.16893      44761
  26.62615      3.34509   29.33720    0.19059      44699
  26.63615      3.34386   29.23907    0.17344      44540
  26.64615      3.34263   29.15871    0.18131      44806
  26.65615      3.34140   29.06792    0.18084      44557
  26.66614      3.34017   29.00948    0.17129      44922
  26.67614      3.33894   28.92470    0.19653      44581
  26.68614      3.33771   28.86722    0.16899      45041
  26.69614      3.33648   28.80350    0.18440      44719
  26.70614      3.33526   28.75294    0.17485      44979
  26.71613      3.33403   28.68100    0.18651      44878
  26.72613      3.33281   28.63699    0.19191      44873
  26.73613      3.33158   28.59541    0.15912      44900
  26.74613      3.33036   28.56098    0.19132      44711
  26.75613      3.32914   28.53279    0.16341      44742
  26.76613      3.32792   28.47291    0.17180      44747
  26.77612      3.32670   28.44431    0.16622      45024
  26.78612      3.32548   28.39322    0.17964      44999
  26.79612      3.32426   28.37023    0.17441      44916
  26.80612      3.32304   28.33582    0.17134      44749
  26.81612      3.32183   28.30717    0.20416      45229
  26.82611      3.32061   28.28816    0.16795      44937
  26.83611      3.31940   28.24621    0.17746      45029
  26.84611      3.31818   28.21572    0.17800      45185
  26.85611      3.31697   28.19713    0.17620      44971
  26.86611      3.31576   28.17568    0.16887      45101
  26.87611      3.31455   28.13117    0.17931      45025
  26.88610      3.31334   28.12395    0.18325      45070
  26.89610      3.31213   28.09307    0.17176      45260
  26.90610      3.31092   28.07815    0.15888      44799
  26.91610      3.30971   28.05381    0.17242      45168
  26.92610      3.30851   28.01206    0.16973      45234
  26.93609      3.30730   28.01367    0.17696      44867
  26.94609      3.30610   27.98406    0.17352      45203
  26.95609      3.30490   27.95799    0.17805      45121
  26.96609      3.30369   27.95266    0.16429      45186
  26.97609      3.30249   27.91039    0.17233      45327
  26.98609      3.30129   27.89324    0.17134      45415
  26.99608      3.30009   27.88038    0.17943      45007
  27.00608      3.29889   27.85064    0.18134      45531
  27.01608      3.29769   27.84100    0.17513      45152
  27.02608      3.29650   27.81451    0.18678      45410
  27.03608      3.29530   27.79040    0.16825      45547
  27.04607      3.29410   27.78022    0.17041      45257
  27.05607      3.29291   27.75674    0.18251      45274
  27.06607      3.29172   27.74708    0.15998      45241
  27.07607      3.29052   27.72365    0.15693      45179
  27.08607      3.28933   27.69619    0.17907      45406
  27.09607      3.28814   27.68445    0.17551      45466
  27.10606      3.28695   27.65825    0.16857      45179
  27.11606      3.28576   27.65380    0.16497      45832
  27.12606      3.28457   27.63617    0.17395      45165
  27.13606      3.28338   27.61416    0.17825      45599
  27.14606      3.28220   27.59701    0.17450      45615
  27.15605      3.28101   27.58450    0.17888      45278
  27.16605      3.27983   27.56261    0.17941      45743
  27.17605      3.27864   27.55496    0.15799      45487
  27.18605      3.27746   27.53726    0.17999      45530
  27.19605      3.27628   27.51979    0.17574      45786
  27.20605      3.27510   27.51866    0.16451      45507
  27.21604      3.27392   27.50508    0.18396      45362
  27.22604      3.27274   27.49929    0.15903      45653
  27.23604      3.27156   27.46676    0.17181      45305
  27.24604      3.27038   27.46823    0.16407      45841
  27.25604      3.26920   27.45775    0.17186      45714
  27.26603      3.26803   27.44561    0.18247      45379
  27.27603      3.26685   27.43154    0.15660      45838
  27.28603      3.26568   27.42801    0.16635      45779
  27.29603      3.26450   27.42403    0.18778      45589
  27.30603      3.26333   27.39703    0.17874      45870
  27.31603      3.26216   27.40247    0.17099      45737
  27.32602      3.26099   27.37612    0.16662      45718
  27.33602      3.25982   27.37167    0.16591      46198
  27.34602      3.25865   27.36440    0.18723      45464
  27.35602      3.25748   27.34977    0.17498      45937
  27.36602      3.25631   27.35627    0.17732      45850
  27.37601      3.25515   27.32417    0.15209      45606
  27.38601      3.25398   27.32098    0.15822      45924
  27.39601      3.25282   27.32182    0.16740      45841
  27.40601      3.25165   27.30130    0.16824      45768
  27.41601      3.25049   27.29823    0.17527      45975
  27.42601      3.24933   27.28649    0.17309      45819
  27.43600      3.24817   27.26786    0.17288      45901
  27.44600      3.24701   27.25306    0.16981      46223
  27.45600      3.24585   27.25254    0.16671      45707
  27.46600      3.24469   27.22486    0.18422      46111
  27.47600      3.24353   27.23096    0.16476      45983
  27.48599      3.24237   27.21674    0.16904      45873
  27.49599      3.24122   27.22759    0.16764      46413
  27.50599      3.24006   27.19286    0.19249      45747
  27.51599      3.23891   27.17989    0.16770      46296
  27.52599      3.23775   27.19431    0.16528      45986
  27.53599      3.23660   27.16632    0.15719      45782
  27.54598      3.23545   27.15868    0.15965      46086
  27.55598      3.23430   27.14143    0.17885      46028
  27.56598      3.23314   27.15059    0.17515      46002
  27.57598      3.23200   27.13055    0.16043      46209
  27.58598      3.23085   27.11044    0.16641      46137
  27.59597      3.22970   27.11809    0.16841      46241
  27.60597      3.22855   27.08500    0.17504      46317
  27.61597      3.22741   27.09230    0.16525      46114
  27.62597      3.22626   27.06742    0.16144      46284
  27.63597      3.22512   27.06478    0.19224      46350
  27.64597      3.22397   27.05407    0.17108      46043
  27.65596      3.22283   27.04964    0.16614      46479
  27.66596      3.22169   27.04169    0.17529      46317
  27.67596      3.22055   27.01442    0.17114      46433
  27.68596      3.21941   27.00004    0.15759      46402
  27.69596      3.21827   26.99181    0.15990      46151
  27.70595      3.21713   27.00309    0.17155      46174
  27.71595      3.21599   26.97538    0.16579      46226
  27.72595      3.21485   26.95920    0.16694      46287
  27.73595      3.21372   26.96654    0.16846      46409
  27.74595      3.21258   26.94065    0.15990      46479
  27.75595      3.21145   26.93724    0.17630      46401
  27.76594      3.21031   26.93342    0.18281      46657
  27.77594      3.20918   26.90893    0.15902      46452
  27.78594      3.20805   26.89233    0.16886      46387
  27.79594      3.20692   26.89236    0.16952      46656
  27.80594      3.20579   26.88277    0.16884      46328
  27.81593      3.20466   26.86738    0.17526      46494
  27.82593      3.20353   26.85896    0.15513      46711
  27.83593      3.20240   26.84119    0.18280      46417
  27.84593      3.20127   26.82635    0.17311      46617
  27.85593      3.20015   26.83055    0.16801      46580
  27.86593      3.19902   26.79930    0.14803      46445
  27.87592      3.19790   26.81231    0.16223      46624
  27.88592      3.19677   26.79147    0.16829      46624
  27.89592      3.19565   26.76652    0.16909      46645
  27.90592      3.19453   26.76747    0.17598      46676
  27.91592      3.19341   26.73713    0.16497      46607
  27.92591      3.19229   26.74253    0.17141      46853
  27.93591      3.19117   26.73202    0.15899      46608
  27.94591      3.19005   26.72586    0.17499      46895
  27.95591      3.18893   26.71466    0.16926      46901
  27.96591      3.18781   26.70943    0.17466      46567
  27.97591      3.18669   26.69720    0.16681      46777
  27.98590      3.18558   26.67812    0.16396      47000
  27.99590      3.18446   26.67411    0.18382      46736
  28.00590      3.18335   26.67242    0.15588      46836
  28.01590      3.18224   26.64102    0.15577      46660
  28.02590      3.18112   26.64802    0.15598      46906
  28.03589      3.18001   26.63258    0.16432      46928
  28.04589      3.17890   26.62361    0.16362      46770
  28.05589      3.17779   26.62095    0.18605      46876
  28.06589      3.17668   26.60182    0.17435      46899
  28.07589      3.17557   26.60676    0.15368      47008
  28.08589      3.17447   26.57722    0.15458      47142
  28.09588      3.17336   26.58400    0.17486      46885
  28.10588      3.17225   26.55834    0.18070      47055
  28.11588      3.17115   26.54903    0.15889      47077
  28.12588      3.17004   26.54301    0.16842      46988
  28.13588      3.16894   26.53919    0.17370      46991
  28.14587      3.16784   26.51947    0.15925      47124
  28.15587      3.16673   26.51870    0.18627      47075
  28.16587      3.16563   26.49683    0.16288      46964
  28.17587      3.16453   26.49485    0.15543      47068
  28.18587      3.16343   26.49207    0.15628      47246
  28.19586      3.16233   26.46785    0.16431      47005
  28.20586      3.16123   26.45672    0.17120      47128
  28.21586      3.16014   26.45248    0.15680      47217
  28.22586      3.15904   26.43879    0.16655      47106
  28.23586      3.15794   26.43495    0.15733      47206
  28.24586      3.15685   26.40933    0.17173      47299
  28.25585      3.15575   26.41058    0.17293      47201
  28.26585      3.15466   26.39276    0.18518      47347
  28.27585      3.15357   26.38399    0.16569      47322
  28.28585      3.15248   26.36814    0.15231      47446
  28.29585      3.15139   26.35332    0.16135      47429
  28.30584      3.15030   26.34849    0.17811      47112
  28.31584      3.14921   26.33721    0.17548      47431
  28.32584      3.14812   26.32883    0.15432      47117
  28.33584      3.14703   26.31549    0.15209      47475
  28.34584      3.14594   26.29299    0.16393      47286
  28.35584      3.14485   26.28096    0.16461      47257
  28.36583      3.14377   26.26677    0.16744      47439
  28.37583      3.14268   26.25407    0.16044      47478
  28.38583      3.14160   26.24544    0.15807      47457
  28.39583      3.14052   26.22771    0.16385      47402
  28.40583      3.13943   26.21086    0.18046      47582
  28.41582      3.13835   26.20588    0.16061      47421
  28.42582      3.13727   26.19126    0.16343      47657
  28.43582      3.13619   26.16895    0.16150      47548
  28.44582      3.13511   26.16635    0.16743      47660
  28.45582      3.13403   26.13791    0.17080      47644
  28.46582      3.13295   26.14061    0.17601      47480
  28.47581      3.13188   26.11275    0.18005      47641
  28.48581      3.13080   26.11667    0.14759      47577
  28.49581      3.12972   26.10735    0.15107      47479
  28.50581      3.12865   26.08524    0.15180      47676
  28.51581      3.12757   26.08517    0.16918      47560
  28.52580      3.12650   26.08194    0.16585      47568
  28.53580      3.12543   26.04669    0.15971      47776
  28.54580      3.12436   26.04239    0.16622      47579
  28.55580      3.12329   26.03443    0.16196      47746
  28.56580      3.12222   26.02190    0.16772      47850
  28.57580      3.12115   26.02224    0.16927      47724
  28.58579      3.12008   26.01530    0.15475      47988
  28.59579      3.11901   26.00479    0.16804      47682
  28.60579      3.11794   25.99668    0.17494      47875
  28.61579      3.11687   25.97433    0.16766      47813
  28.62579      3.11581   25.98006    0.15859      47837
  28.63578      3.11474   25.95908    0.16547      47810
  28.64578      3.11368   25.94692    0.15023      47993
  28.65578      3.11262   25.94042    0.15739      47657
  28.66578      3.11155   25.94210    0.16178      47944
  28.67578      3.11049   25.92550    0.16879      47722
  28.68578      3.10943   25.92257    0.16117      48048
  28.69577      3.10837   25.91913    0.15407      48066
  28.70577      3.10731   25.90810    0.16283      47645
  28.71577      3.10625   25.89096    0.16169      48260
  28.72577      3.10519   25.88633    0.16730      47873
  28.73577      3.10413   25.87277    0.16215      47956
  28.74576      3.10308   25.86399    0.16332      48372
  28.75576      3.10202   25.85378    0.16666      48069
  28.76576      3.10096   25.84193    0.17152      47935
  28.77576      3.09991   25.83402    0.16144      48294
  28.78576      3.09886   25.82136    0.16478      47814
  28.79576      3.09780   25.80958    0.16020      48168
  28.80575      3.09675   25.80850    0.15327      48262
  28.81575      3.09570   25.80783    0.16306      47938
  28.82575      3.09465   25.79702    0.15284      48339
  28.83575      3.09360   25.78082    0.15492      47960
  28.84575      3.09255   25.76505    0.16067      48119
  28.85574      3.09150   25.76528    0.16160      48254
  28.86574      3.09045   25.75760    0.16663      48070
  28.87574      3.08940   25.74291    0.16569      48427
  28.88574      3.08836   25.75559    0.16931      48424
  28.89574      3.08731   25.72668    0.16535      48132
  28.90574      3.08627   25.72659    0.15719      48243
  28.91573      3.08522   25.72300    0.16098      48475
  28.92573      3.08418   25.69240    0.15279      48325
  28.93573      3.08313   25.69637    0.16923      48529
  28.94573      3.08209   25.68577    0.17527      47967
  28.95573      3.08105   25.68178    0.16657      48471
  28.96572      3.08001   25.68147    0.15189      48397
  28.97572      3.07897   25.67252    0.15669      48159
  28.98572      3.07793   25.67297    0.15666      48574
  28.99572      3.07689   25.64360    0.15187      48261
  29.00572      3.07585   25.63409    0.16221      48570
  29.01572      3.07482   25.63121    0.15358      48434
  29.02571      3.07378   25.63286    0.17559      48464
  29.03571      3.07275   25.61690    0.15843      48687
  29.04571      3.07171   25.60576    0.16005      48729
  29.05571      3.07068   25.59680    0.15709      48169
  29.06571      3.06964   25.58570    0.17434      48793
  29.07570      3.06861   25.59399    0.15920      48504
  29.08570      3.06758   25.57316    0.16925      48601
  29.09570      3.06655   25.55703    0.16225      48751
  29.10570      3.06552   25.55266    0.16700      48380
  29.11570      3.06449   25.54798    0.15690      48686
  29.12570      3.06346   25.54913    0.15186      48674
  29.13569      3.06243   25.54214    0.14175      48643
  29.14569      3.06140   25.53160    0.16170      48666
  29.15569      3.06037   25.52417    0.16721      48533
  29.16569      3.05935   25.50945    0.16386      48762
  29.17569      3.05832   25.51991    0.16057      48786
  29.18568      3.05730   25.50729    0.17039      48753
  29.19568      3.05627   25.49696    0.14741      48765
  29.20568      3.05525   25.50635    0.16794      48786
  29.21568      3.05423   25.49758    0.15850      48739
  29.22568      3.05320   25.48303    0.15531      49049
  29.23568      3.05218   25.47174    0.16621      48878
  29.24567      3.05116   25.47469    0.16334      48814
  29.25567      3.05014   25.47044    0.16189      49039
  29.26567      3.04912   25.45591    0.17194      48748
  29.27567      3.04810   25.44453    0.15628      48843
  29.28567      3.04709   25.45301    0.16033      48737
  29.29566      3.04607   25.44588    0.14569      49111
  29.30566      3.04505   25.42387    0.16064      49046
  29.31566      3.04404   25.42284    0.16161      48768
  29.32566      3.04302   25.42249    0.14424      48887
  29.33566      3.04201   25.41873    0.16251      49013
  29.34566      3.04099   25.41163    0.15328      49112
  29.35565      3.03998   25.38738    0.16306      49107
  29.36565      3.03897   25.39164    0.17419      49089
  29.37565      3.03796   25.37377    0.16299      49040
  29.38565      3.03694   25.36141    0.15749      49087
  29.39565      3.03593   25.36848    0.16378      49280
  29.40564      3.03493   25.35469    0.15249      49251
  29.41564      3.03392   25.34340    0.17146      49145
  29.42564      3.03291   25.32986    0.15066      49102
  29.43564      3.03190   25.33097    0.15903      49226
  29.44564      3.03089   25.31893    0.16573      49070
  29.45564      3.02989   25.31198    0.14979      49231
  29.46563      3.02888   25.29320    0.15466      49125
  29.47563      3.02788   25.29670    0.15539      49183
  29.48563      3.02687   25.29524    0.15982      49241
  29.49563      3.02587   25.27964    0.15892      49182
  29.50563      3.02487   25.27765    0.15660      49416
  29.51562      3.02387   25.26860    0.16535      49331
  29.52562      3.02287   25.27768    0.16452      49243
  29.53562      3.02186   25.26327    0.14357      49239
  29.54562      3.02086   25.24845    0.16268      49602
  29.55562      3.01987   25.24842    0.15660      49412
  29.56562      3.01887   25.24947    0.17780      49398
  29.57561      3.01787   25.23510    0.16600      49390
  29.58561      3.01687   25.22200    0.16384      49536
  29.59561      3.01588   25.22712    0.15317      49324
  29.60561      3.01488   25.21891    0.15992      49462
  29.61561      3.01389   25.22163    0.14065      49536
  29.62560      3.01289   25.21392    0.14935      49346
  29.63560      3.01190   25.21058    0.15673      49517
  29.64560      3.01090   25.19013    0.15723      49571
  29.65560      3.00991   25.19902    0.16038      49334
  29.66560      3.00892   25.17612    0.16960      49665
  29.67560      3.00793   25.17673    0.15503      49554
  29.68559      3.00694   25.18796    0.16070      49629
  29.69559      3.00595   25.14550    0.15352      49638
  29.70559      3.00496   25.16227    0.15777      49547
  29.71559      3.00397   25.16138    0.17110      49877
  29.72559      3.00298   25.13981    0.15642      49709
  29.73558      3.00200   25.13595    0.15813      49492
  29.74558      3.00101   25.12072    0.15175      49729
  29.75558      3.00003   25.11374    0.17192      49729
  29.76558      2.99904   25.11344    0.14895      49794
  29.77558      2.99806   25.10512    0.15373      49562
  29.78558      2.99707   25.10081    0.15728      49837
  29.79557      2.99609   25.09047    0.15658      49697
  29.80557      2.99511   25.07835    0.14928      49756
  29.81557      2.99413   25.07774    0.16676      49831
  29.82557      2.99314   25.08043    0.13998      49808
  29.83557      2.99216   25.05116    0.16173      49753
  29.84556      2.99118   25.05944    0.16032      50037
  29.85556      2.99021   25.06286    0.16184      49818
  29.86556      2.98923   25.04485    0.16305      49904
  29.87556      2.98825   25.05648    0.17172      49933
  29.88556      2.98727   25.03135    0.15873      49869
  29.89556      2.98630   25.03059    0.14918      50159
  29.90555      2.98532   25.02889    0.15989      49749
  29.91555      2.98435   25.01866    0.16444      49792
  29.92555      2.98337   25.01611    0.15796      50098
  29.93555      2.98240   25.00766    0.14063      49996
  29.94555      2.98143   25.00463    0.15565      50030
  29.95554      2.98045   25.00732    0.15224      49824
  29.96554      2.97948   24.99520    0.15501      50074
  29.97554      2.97851   24.99217    0.15897      49988
  29.98554      2.97754   24.98553    0.16100      50078
  29.99554      2.97657   24.97598    0.15785      50083
  30.00554      2.97560   24.98200    0.15432      50114
  30.01553      2.97463   24.98064    0.16175      50166
  30.02553      2.97366   24.96632    0.15648      50108
  30.03553      2.97270   24.97379    0.14783      50349
  30.04553      2.97173   24.95730    0.15876      50010
  30.05553      2.97077   24.95645    0.15910      50448
  30.06552      2.96980   24.94166    0.17352      49978
  30.07552      2.96884   24.95278    0.16641      50176
  30.08552      2.96787   24.94230    0.15900      50175
  30.09552      2.96691   24.92723    0.13854      50046
  30.10552      2.96595   24.93427    0.15067      50415
  30.11552      2.96498   24.91458    0.14896      50315
  30.12551      2.96402   24.91859    0.15014      49999
  30.13551      2.96306   24.90890    0.16575      50388
  30.14551      2.96210   24.88119    0.14846      50286
  30.15551      2.96114   24.89957    0.15615      50401
  30.16551      2.96018   24.87390    0.16858      50347
  30.17550      2.95923   24.88781    0.15197      50230
  30.18550      2.95827   24.87686    0.16522      50647
  30.19550      2.95731   24.86124    0.15751      50512
  30.20550      2.95636   24.85564    0.15171      50263
  30.21550      2.95540   24.85536    0.16484      50632
  30.22550      2.95445   24.84111    0.15471      50425
  30.23549      2.95349   24.83281    0.14997      50431
  30.24549      2.95254   24.83611    0.14891      50473
  30.25549      2.95158   24.82910    0.15852      50379
  30.26549      2.95063   24.81401    0.15413      50786
  30.27549      2.94968   24.80793    0.15505      50385
  30.28548      2.94873   24.81675    0.15643      50547
  30.29548      2.94778   24.80547    0.15148      50654
  30.30548      2.94683   24.78670    0.14859      50386
  30.31548      2.94588   24.80847    0.16004      50869
  30.32548      2.94493   24.79730    0.14467      50736
  30.33548      2.94398   24.78703    0.15759      50578
  30.34547      2.94304   24.78660    0.16471      50776
  30.35547      2.94209   24.77255    0.15277      50627
  30.36547      2.94114   24.77298    0.16710      50893
  30.37547      2.94020   24.78019    0.17557      50793
  30.38547      2.93925   24.75569    0.14877      50713
  30.39546      2.93831   24.76782    0.15434      50886
  30.40546      2.93737   24.75752    0.15427      50666
  30.41546      2.93642   24.75272    0.15317      50813
  30.42546      2.93548   24.74865    0.14239      51014
  30.43546      2.93454   24.75006    0.15303      50714
  30.44546      2.93360   24.74047    0.14375      50849
  30.45545      2.93266   24.74066    0.15480      50992
  30.46545      2.93172   24.73714    0.15694      50874
  30.47545      2.93078   24.73334    0.16828      50941
  30.48545      2.92984   24.73236    0.15874      50972
  30.49545      2.92890   24.71708    0.15317      50956
  30.50544      2.92797   24.73157    0.15089      51038
  30.51544      2.92703   24.72190    0.15647      51007
  30.52544      2.92609   24.72376    0.15301      51307
  30.53544      2.92516   24.70476    0.14864      51008
  30.54544      2.92422   24.73418    0.16087      51093
  30.55544      2.92329   24.72052    0.16128      51174
  30.56543      2.92236   24.70853    0.15628      50730
  30.57543      2.92142   24.72338    0.16768      51452
  30.58543      2.92049   24.72273    0.15033      50996
  30.59543      2.91956   24.72536    0.13784      51109
  30.60543      2.91863   24.71155    0.15346      51235
  30.61542      2.91770   24.72217    0.15324      51015
  30.62542      2.91677   24.72726    0.14777      51334
  30.63542      2.91584   24.71764    0.15105      51132
  30.64542      2.91491   24.72234    0.16797      51284
  30.65542      2.91398   24.72711    0.14303      51317
  30.66542      2.91306   24.72490    0.16111      51413
  30.67541      2.91213   24.70980    0.15711      51064
  30.68541      2.91120   24.72818    0.17305      51519
  30.69541      2.91028   24.71233    0.15320      51212
  30.70541      2.90935   24.70939    0.14973      51340
  30.71541      2.90843   24.71899    0.15647      51500
  30.72540      2.90751   24.70518    0.16071      51184
  30.73540      2.90658   24.71153    0.14020      51684
  30.74540      2.90566   24.71419    0.14771      51218
  30.75540      2.90474   24.71098    0.15063      51583
  30.76540      2.90382   24.69813    0.15390      51402
  30.77540      2.90290   24.70133    0.15940      51132
  30.78539      2.90198   24.70282    0.16981      51722
  30.79539      2.90106   24.69117    0.14467      51390
  30.80539      2.90014   24.70472    0.14830      51570
  30.81539      2.89922   24.69656    0.14774      51462
  30.82539      2.89830   24.68781    0.15594      51485
  30.83538      2.89739   24.70481    0.15468      51690
  30.84538      2.89647   24.69102    0.15456      51589
  30.85538      2.89555   24.68496    0.17377      51566
  30.86538      2.89464   24.69168    0.14767      51757
  30.87538      2.89372   24.69482    0.15825      51533
  30.88538      2.89281   24.68251    0.16563      51569
  30.89537      2.89190   24.69485    0.15631      51804
  30.90537      2.89098   24.69024    0.14051      51498
  30.91537      2.89007   24.68671    0.13876      51690
  30.92537      2.88916   24.68744    0.16287      51704
  30.93537      2.88825   24.68711    0.14013      51465
  30.94536      2.88734   24.69117    0.15070      51939
  30.95536      2.88643   24.69192    0.15876      51501
  30.96536      2.88552   24.68514    0.15934      51922
  30.97536      2.88461   24.69096    0.16334      51854
  30.98536      2.88370   24.66403    0.15633      51574
  30.99536      2.88280   24.70098    0.16365      51958
  31.00535      2.88189   24.68162    0.13916      51875
  31.01535      2.88098   24.68081    0.15764      51842
  31.02535      2.88008   24.69070    0.14710      51964
  31.03535      2.87917   24.67938    0.16636      51841
  31.04535      2.87827   24.67784    0.15167      51898
  31.05534      2.87736   24.70592    0.15632      51646
  31.06534      2.87646   24.68401    0.15501      51960
  31.07534      2.87556   24.70373    0.15122      52004
  31.08534      2.87466   24.69748    0.14270      51945
  31.09534      2.87375   24.70146    0.15344      51904
  31.10534      2.87285   24.70868    0.15311      51989
  31.11533      2.87195   24.70408    0.13808      51888
  31.12533      2.87105   24.70643    0.16551      52132
  31.13533      2.87015   24.71553    0.16105      52014
  31.14533      2.86926   24.72550    0.14513      52091
  31.15533      2.86836   24.71902    0.15552      52216
  31.16532      2.86746   24.72931    0.16014      52008
  31.17532      2.86656   24.72087    0.15942      52276
  31.18532      2.86567   24.73941    0.16172      52013
  31.19532      2.86477   24.73538    0.16124      52180
  31.20532      2.86388   24.73809    0.14637      52218
  31.21532      2.86298   24.73384    0.14360      52160
  31.22531      2.86209   24.73688    0.14983      52322
  31.23531      2.86119   24.73706    0.15157      52225
  31.24531      2.86030   24.74641    0.15022      52344
  31.25531      2.85941   24.74692    0.14038      52241
  31.26531      2.85852   24.73638    0.16351      52238
  31.27530      2.85763   24.76633    0.16968      52294
  31.28530      2.85674   24.74853    0.15133      52247
  31.29530      2.85585   24.75468    0.15158      52339
  31.30530      2.85496   24.76145    0.13895      52412
  31.31530      2.85407   24.74741    0.16316      52483
  31.32530      2.85318   24.76496    0.14596      52517
  31.33529      2.85229   24.74735    0.16720      52342
  31.34529      2.85141   24.77748    0.16036      52513
  31.35529      2.85052   24.76936    0.14778      52598
  31.36529      2.84963   24.77736    0.16278      52263
  31.37529      2.84875   24.78935    0.15908      52541
  31.38528      2.84786   24.80317    0.14648      52549
  31.39528      2.84698   24.80323    0.15961      52537
  31.40528      2.84610   24.80957    0.13648      52628
  31.41528      2.84521   24.82890    0.14598      52728
  31.42528      2.84433   24.82466    0.15054      52605
  31.43528      2.84345   24.84548    0.15362      52442
  31.44527      2.84257   24.85316    0.15493      52619
  31.45527      2.84169   24.86270    0.14989      52452
  31.46527      2.84081   24.88207    0.15397      52849
  31.47527      2.83993   24.87765    0.17854      52770
  31.48527      2.83905   24.91542    0.16114      52556
  31.49526      2.83817   24.90518    0.14166      52796
  31.50526      2.83729   24.92508    0.14769      52810
  31.51526      2.83641   24.93019    0.15026      52860
  31.52526      2.83554   24.94803    0.16749      52606
  31.53526      2.83466   24.96632    0.15048      52645
  31.54525      2.83379   24.97775    0.15140      52847
  31.55525      2.83291   24.99017    0.15506      52944
  31.56525      2.83204   25.00407    0.15411      52810
  31.57525      2.83116   25.02081    0.15083      52899
  31.58525      2.83029   25.03139    0.15524      52599
  31.59525      2.82942   25.03149    0.14404      53134
  31.60524      2.82854   25.04878    0.15110      52900
  31.61524      2.82767   25.06633    0.15377      52967
  31.62524      2.82680   25.07894    0.15083      52996
  31.63524      2.82593   25.09553    0.15655      52990
  31.64524      2.82506   25.09678    0.15024      52884
  31.65523      2.82419   25.12230    0.15786      53130
  31.66523      2.82332   25.12813    0.15724      53062
  31.67523      2.82245   25.13401    0.16735      52971
  31.68523      2.82159   25.15662    0.15945      53280
  31.69523      2.82072   25.16477    0.15959      52948
  31.70523      2.81985   25.18726    0.13923      53181
  31.71522      2.81899   25.18318    0.13993      53132
  31.72522      2.81812   25.21120    0.15674      53185
  31.73522      2.81725   25.21277    0.14878      53429
  31.74522      2.81639   25.23190    0.15276      53014
  31.75522      2.81553   25.22921    0.15437      53261
  31.76521      2.81466   25.24430    0.16135      53203
  31.77521      2.81380   25.25766    0.15522      53095
  31.78521      2.81294   25.27052    0.15434      53443
  31.79521      2.81208   25.29340    0.14667      53147
  31.80521      2.81121   25.29406    0.14631      53334
  31.81521      2.81035   25.30313    0.15544      53339
  31.82520      2.80949   25.31888    0.16273      53205
  31.83520      2.80863   25.32254    0.16186      53398
  31.84520      2.80778   25.33936    0.15047      53545
  31.85520      2.80692   25.33625    0.16252      53012
  31.86520      2.80606   25.36569    0.15018      53632
  31.87519      2.80520   25.35540    0.16182      53347
  31.88519      2.80434   25.38475    0.14409      53322
  31.89519      2.80349   25.38272    0.15004      53570
  31.90519      2.80263   25.38401    0.14773      53433
  31.91519      2.80178   25.39209    0.14096      53531
  31.92519      2.80092   25.38971    0.15135      53304
  31.93518      2.80007   25.39999    0.16061      53621
  31.94518      2.79922   25.40901    0.15403      53577
  31.95518      2.79836   25.40980    0.16530      53333
  31.96518      2.79751   25.42255    0.15169      53746
  31.97518      2.79666   25.42155    0.16380      53480
  31.98517      2.79581   25.42341    0.15651      53795
  31.99517      2.79496   25.44392    0.14613      53911
  32.00517      2.79411   25.43864    0.14915      53520
  32.01517      2.79326   25.44452    0.15174      53720
  32.02517      2.79241   25.44070    0.15987      53574
  32.03517      2.79156   25.44747    0.15524      53567
  32.04516      2.79071   25.45421    0.15965      53999
  32.05516      2.78986   25.44923    0.15013      53559
  32.06516      2.78901   25.46100    0.14593      53867
  32.07516      2.78817   25.46121    0.15778      53729
  32.08516      2.78732   25.47149    0.14913      53671
  32.09515      2.78648   25.47355    0.14701      53796
  32.10515      2.78563   25.46688    0.14754      53905
  32.11515      2.78479   25.47413    0.16789      53713
  32.12515      2.78394   25.48729    0.14120      54209
  32.13515      2.78310   25.47260    0.15656      53680
  32.14515      2.78226   25.49083    0.16797      54025
  32.15514      2.78141   25.50037    0.15591      53832
  32.16514      2.78057   25.49743    0.16226      53953
  32.17514      2.77973   25.49787    0.15660      54106
  32.18514      2.77889   25.49802    0.15934      53745
  32.19514      2.77805   25.51958    0.14607      54190
  32.20513      2.77721   25.51296    0.14285      53990
  32.21513      2.77637   25.52758    0.14880      54043
  32.22513      2.77553   25.53571    0.14636      54104
  32.23513      2.77470   25.53945    0.15752      53910
  32.24513      2.77386   25.52253    0.15566      54182
  32.25513      2.77302   25.55723    0.16718      54166
  32.26512      2.77218   25.55306    0.14807      54113
  32.27512      2.77135   25.55786    0.14670      54310
  32.28512      2.77051   25.57132    0.16107      54005
  32.29512      2.76968   25.58124    0.14922      54256
  32.30512      2.76884   25.58805    0.15237      54315
  32.31511      2.76801   25.57942    0.14876      54274
  32.32511      2.76718   25.60647    0.16852      54262
  32.33511      2.76634   25.59618    0.15588      54222
  32.34511      2.76551   25.60490    0.14699      54292
  32.35511      2.76468   25.62680    0.16725      54393
  32.36511      2.76385   25.62220    0.14684      54190
  32.37510      2.76302   25.62170    0.15683      54640
  32.38510      2.76219   25.63926    0.15231      54439
  32.39510      2.76136   25.65695    0.14004      54338
  32.40510      2.76053   25.65346    0.15139      54483
  32.41510      2.75970   25.66543    0.14741      54204
  32.42509      2.75887   25.68919    0.14887      54784
  32.43509      2.75804   25.69365    0.16071      54432
  32.44509      2.75722   25.71011    0.15778      54510
  32.45509      2.75639   25.72323    0.16667      54675
  32.46509      2.75556   25.73142    0.15811      54191
  32.47509      2.75474   25.76387    0.14515      54724
  32.48508      2.75391   25.76329    0.16247      54668
  32.49508      2.75309   25.77586    0.15333      54542
  32.50508      2.75227   25.79843    0.14640      54605
  32.51508      2.75144   25.81786    0.16126      54418
  32.52508      2.75062   25.84261    0.14479      54697
  32.53507      2.74980   25.86555    0.16328      54770
  32.54507      2.74898   25.87197    0.15601      54490
  32.55507      2.74815   25.89859    0.14614      54778
  32.56507      2.74733   25.91462    0.15396      54598
  32.57507      2.74651   25.92595    0.14727      54653
  32.58507      2.74569   25.94990    0.15340      54641
  32.59506      2.74487   25.96959    0.14775      54424
  32.60506      2.74405   25.98571    0.15834      55168
  32.61506      2.74324   26.00339    0.15509      54873
  32.62506      2.74242   26.02599    0.15349      54705
  32.63506      2.74160   26.05706    0.15620      55050
  32.64505      2.74078   26.05000    0.16087      54407
  32.65505      2.73997   26.08089    0.16822      55062
  32.66505      2.73915   26.09486    0.15624      54816
  32.67505      2.73834   26.11151    0.14922      54555
  32.68505      2.73752   26.14872    0.15801      55256
  32.69505      2.73671   26.14983    0.14254      54459
  32.70504      2.73589   26.16926    0.14966      55364
  32.71504      2.73508   26.18585    0.14888      55030
  32.72504      2.73427   26.19008    0.15260      54804
  32.73504      2.73345   26.23498    0.15910      55085
  32.74504      2.73264   26.24056    0.16269      54688
  32.75503      2.73183   26.26647    0.15977      55086
  32.76503      2.73102   26.29309    0.14919      55228
  32.77503      2.73021   26.30472    0.14526      55030
  32.78503      2.72940   26.33398    0.16077      55100
  32.79503      2.72859   26.35977    0.14848      55219
  32.80503      2.72778   26.36223    0.15870      55111
  32.81502      2.72697   26.40191    0.16440      55334
  32.82502      2.72617   26.40588    0.15917      54986
  32.83502      2.72536   26.45552    0.15417      55081
  32.84502      2.72455   26.46573    0.15976      55211
  32.85502      2.72375   26.47899    0.15251      55126
  32.86501      2.72294   26.51622    0.15187      55436
  32.87501      2.72214   26.52790    0.15872      55051
  32.88501      2.72133   26.56273    0.15011      55323
  32.89501      2.72053   26.58622    0.13957      55448
  32.90501      2.71972   26.59797    0.15539      55151
  32.91501      2.71892   26.63028    0.16170      55373
  32.92500      2.71812   26.64921    0.14720      55462
  32.93500      2.71731   26.67452    0.15764      55429
  32.94500      2.71651   26.70999    0.17200      55376
  32.95500      2.71571   26.70871    0.16342      55293
  32.96500      2.71491   26.75107    0.16151      55623
  32.97499      2.71411   26.76928    0.14539      55518
  32.98499      2.71331   26.80079    0.15171      55629
  32.99499      2.71251   26.83639    0.16126      55501
  33.00499      2.71171   26.85906    0.15700      55285
  33.01499      2.71091   26.87090    0.15732      55772
  33.02499      2.71012   26.89532    0.15206      55543
  33.03498      2.70932   26.95076    0.15787      55646
  33.04498      2.70852   26.96577    0.15339      55779
  33.05498      2.70772   27.00314    0.15365      55338
  33.06498      2.70693   27.01669    0.15322      55919
  33.07498      2.70613   27.05011    0.15318      55693
  33.08497      2.70534   27.07852    0.15089      55737
  33.09497      2.70454   27.11050    0.15677      55675
  33.10497      2.70375   27.14294    0.16350      55709
  33.11497      2.70296   27.17819    0.15308      55860
  33.12497      2.70216   27.20206    0.16292      55739
  33.13497      2.70137   27.23933    0.15410      55862
  33.14496      2.70058   27.25796    0.16823      55886
  33.15496      2.69979   27.28313    0.15754      55738
  33.16496      2.69900   27.32038    0.17118      55807
  33.17496      2.69821   27.35074    0.14590      55844
  33.18496      2.69742   27.37871    0.14727      55700
  33.19495      2.69663   27.43152    0.15715      56021
  33.20495      2.69584   27.42960    0.14965      55898
  33.21495      2.69505   27.47263    0.15829      55985
  33.22495      2.69426   27.50904    0.15576      55987
  33.23495      2.69347   27.52963    0.16255      55667
  33.24495      2.69269   27.55704    0.16154      56234
  33.25494      2.69190   27.59941    0.15325      55911
  33.26494      2.69111   27.64233    0.16067      56015
  33.27494      2.69033   27.66479    0.15444      56107
  33.28494      2.68954   27.68736    0.14814      55935
  33.29494      2.68876   27.73198    0.16666      56517
  33.30493      2.68797   27.75388    0.16677      56073
  33.31493      2.68719   27.80649    0.16061      56098
  33.32493      2.68641   27.83471    0.16101      56201
  33.33493      2.68562   27.85897    0.15796      56003
  33.34493      2.68484   27.91417    0.15119      56446
  33.35493      2.68406   27.93104    0.15822      55935
  33.36492      2.68328   27.97749    0.16513      56222
  33.37492      2.68250   28.00960    0.15215      56541
  33.38492      2.68172   28.04193    0.15142      56204
  33.39492      2.68094   28.08378    0.15284      56183
  33.40492      2.68016   28.11763    0.15508      56111
  33.41491      2.67938   28.14930    0.16342      56401
  33.42491      2.67860   28.18142    0.15794      56324
  33.43491      2.67782   28.22813    0.16870      56550
  33.44491      2.67704   28.24756    0.15518      56473
  33.45491      2.67626   28.29311    0.17370      56303
  33.46491      2.67549   28.32627    0.16478      56545
  33.47490      2.67471   28.36490    0.14360      56647
  33.48490      2.67394   28.40007    0.15747      56355
  33.49490      2.67316   28.42859    0.16533      56186
  33.50490      2.67239   28.45952    0.15938      56541
  33.51490      2.67161   28.50031    0.16768      56557
  33.52489      2.67084   28.53781    0.15707      56710
  33.53489      2.67006   28.56479    0.16071      56502
  33.54489      2.66929   28.59081    0.15409      56498
  33.55489      2.66852   28.65245    0.15000      56780
  33.56489      2.66775   28.66730    0.16644      56483
  33.57489      2.66698   28.70901    0.14890      56751
  33.58488      2.66620   28.74841    0.16684      56722
  33.59488      2.66543   28.77855    0.16320      56611
  33.60488      2.66466   28.82505    0.15255      56772
  33.61488      2.66389   28.85000    0.17272      56733
  33.62488      2.66312   28.89839    0.16530      56955
  33.63487      2.66236   28.91836    0.15957      56654
  33.64487      2.66159   28.96410    0.16662      56823
  33.65487      2.66082   28.99802    0.16431      56601
  33.66487      2.66005   29.02853    0.16219      56818
  33.67487      2.65928   29.08910    0.14983      57037
  33.68487      2.65852   29.12337    0.15206      56813
  33.69486      2.65775   29.15386    0.16132      56997
  33.70486      2.65699   29.19180    0.15859      57072
  33.71486      2.65622   29.24216    0.16699      56959
  33.72486      2.65546   29.30326    0.17279      56830
  33.73486      2.65469   29.32284    0.15867      56855
  33.74485      2.65393   29.37515    0.14901      57155
  33.75485      2.65317   29.42457    0.16221      56991
  33.76485      2.65240   29.47309    0.15458      57170
  33.77485      2.65164   29.51965    0.16827      57138
  33.78485      2.65088   29.57376    0.16905      57184
  33.79485      2.65012   29.62299    0.16134      57065
  33.80484      2.64936   29.67778    0.17881      57088
  33.81484      2.64860   29.69978    0.16134      57261
  33.82484      2.64784   29.76560    0.16298      57130
  33.83484      2.64708   29.82648    0.15337      57112
  33.84484      2.64632   29.86235    0.15716      57082
  33.85483      2.64556   29.91612    0.16991      57315
  33.86483      2.64480   29.96742    0.16816      57219
  33.87483      2.64404   30.02081    0.15114      57333
  33.88483      2.64329   30.06004    0.15653      57427
  33.89483      2.64253   30.10625    0.15652      57166
  33.90483      2.64177   30.16028    0.17026      57106
  33.91482      2.64102   30.21196    0.16290      57278
  33.92482      2.64026   30.24761    0.16641      57327
  33.93482      2.63951   30.30609    0.17413      57634
  33.94482      2.63875   30.35117    0.16736      57487
  33.95482      2.63800   30.40171    0.15909      57378
  33.96481      2.63724   30.44904    0.15831      57519
  33.97481      2.63649   30.50370    0.16223      57326
  33.98481      2.63574   30.54140    0.17224      57384
  33.99481      2.63499   30.58513    0.16451      57717
  34.00481      2.63423   30.64561    0.17036      57332
  34.01481      2.63348   30.69313    0.16845      57715
  34.02480      2.63273   30.74582    0.16234      57478
  34.03480      2.63198   30.79618    0.15370      57778
  34.04480      2.63123   30.83590    0.16347      57576
  34.05480      2.63048   30.89424    0.16349      57553
  34.06480      2.62973   30.93000    0.16005      57643
  34.07479      2.62898   31.00111    0.16428      57681
  34.08479      2.62823   31.04215    0.16983      57562
  34.09479      2.62749   31.09242    0.17468      57848
  34.10479      2.62674   31.15764    0.15888      57761
  34.11479      2.62599   31.20251    0.16648      57702
  34.12479      2.62525   31.25555    0.17308      57769
  34.13478      2.62450   31.30072    0.17667      57748
  34.14478      2.62375   31.35839    0.16592      57902
  34.15478      2.62301   31.42415    0.16720      57667
  34.16478      2.62226   31.46231    0.15513      57805
  34.17478      2.62152   31.52618    0.16186      57889
  34.18477      2.62078   31.58087    0.17271      57589
  34.19477      2.62003   31.62733    0.16624      58086
  34.20477      2.61929   31.69299    0.15895      58093
  34.21477      2.61855   31.73382    0.16950      58038
  34.22477      2.61781   31.80146    0.16639      57776
  34.23477      2.61706   31.84854    0.17071      57782
  34.24476      2.61632   31.91743    0.15379      58312
  34.25476      2.61558   31.97108    0.16655      57871
  34.26476      2.61484   32.01745    0.16540      58070
  34.27476      2.61410   32.09089    0.17642      58113
  34.28476      2.61336   32.15107    0.18418      57980
  34.29475      2.61262   32.21114    0.17142      58167
  34.30475      2.61188   32.24855    0.16989      58229
  34.31475      2.61115   32.32937    0.16825      58041
  34.32475      2.61041   32.39060    0.16269      58134
  34.33475      2.60967   32.45036    0.16318      58247
  34.34475      2.60893   32.50365    0.16883      58240
  34.35474      2.60820   32.57759    0.16291      58258
  34.36474      2.60746   32.62718    0.18167      58197
  34.37474      2.60673   32.70196    0.16427      58447
  34.38474      2.60599   32.75939    0.16285      58077
  34.39474      2.60526   32.80486    0.16264      58501
  34.40473      2.60452   32.88765    0.17082      58350
  34.41473      2.60379   32.95551    0.17664      58296
  34.42473      2.60306   33.01494    0.17303      58527
  34.43473      2.60232   33.08790    0.17574      58429
  34.44473      2.60159   33.13086    0.16641      58356
  34.45473      2.60086   33.22073    0.16549      58578
  34.46472      2.60013   33.26987    0.17093      58274
  34.47472      2.59939   33.36249    0.17333      58457
  34.48472      2.59866   33.40176    0.17917      58328
  34.49472      2.59793   33.47103    0.17574      58630
  34.50472      2.59720   33.53695    0.17184      58439
  34.51471      2.59647   33.61893    0.16226      58346
  34.52471      2.59575   33.66401    0.17373      58895
  34.53471      2.59502   33.73433    0.16418      58447
  34.54471      2.59429   33.80376    0.17034      58455
  34.55471      2.59356   33.86219    0.16252      58894
  34.56471      2.59283   33.92875    0.16944      58400
  34.57470      2.59211   34.00241    0.18333      58776
  34.58470      2.59138   34.04498    0.17492      58792
  34.59470      2.59065   34.13801    0.16974      58796
  34.60470      2.58993   34.18681    0.17436      58860
  34.61470      2.58920   34.25198    0.17070      58819
  34.62469      2.58848   34.33930    0.18108      58993
  34.63469      2.58775   34.39427    0.17741      58732
  34.64469      2.58703   34.45072    0.18350      58916
  34.65469      2.58631   34.53060    0.15714      58723
  34.66469      2.58558   34.61255    0.16436      58676
  34.67469      2.58486   34.67746    0.18275      59088
  34.68468      2.58414   34.72923    0.17489      58669
  34.69468      2.58342   34.82629    0.18474      58957
  34.70468      2.58270   34.89242    0.16319      59214
  34.71468      2.58197   34.95878    0.17875      58600
  34.72468      2.58125   35.03171    0.17716      58968
  34.73467      2.58053   35.09375    0.15988      58899
  34.74467      2.57981   35.19322    0.16709      59080
  34.75467      2.57909   35.24735    0.17926      59049
  34.76467      2.57838   35.30459    0.19484      58874
  34.77467      2.57766   35.41620    0.16927      59431
  34.78467      2.57694   35.46910    0.19036      58967
  34.79466      2.57622   35.54400    0.17276      59102
  34.80466      2.57550   35.62577    0.18017      59203
  34.81466      2.57479   35.70362    0.17613      59039
  34.82466      2.57407   35.76714    0.16090      59344
  34.83466      2.57336   35.85470    0.17236      59088
  34.84465      2.57264   35.91924    0.18915      59370
  34.85465      2.57193   36.01161    0.18502      59268
  34.86465      2.57121   36.07053    0.16699      59017
  34.87465      2.57050   36.14565    0.16356      59641
  34.88465      2.56978   36.22852    0.17579      59443
  34.89464      2.56907   36.31784    0.18818      58941
  34.90464      2.56836   36.37634    0.17036      59640
  34.91464      2.56764   36.45358    0.17729      59173
  34.92464      2.56693   36.55307    0.18763      59505
  34.93464      2.56622   36.59497    0.18222      59411
  34.94464      2.56551   36.70196    0.17386      59292
  34.95463      2.56480   36.75737    0.17173      59991
  34.96463      2.56409   36.81973    0.18940      59172
  34.97463      2.56338   36.94771    0.18717      59364
  34.98463      2.56267   36.98146    0.18305      59578
  34.99463      2.56196   37.06223    0.17435      59438
  35.00462      2.56125   37.17659    0.17617      59663
  35.01462      2.56054   37.21711    0.17569      59339
  35.02462      2.55983   37.34169    0.17451      59862
  35.03462      2.55912   37.38030    0.16999      59823
  35.04462      2.55842   37.48750    0.17258      59584
  35.05462      2.55771   37.58518    0.20299      59723
  35.06461      2.55700   37.63107    0.17504      59300
  35.07461      2.55630   37.74395    0.18051      60156
  35.08461      2.55559   37.84650    0.17277      59677
  35.09461      2.55489   37.89329    0.18355      59842
  35.10461      2.55418   37.99919    0.18463      59816
  35.11460      2.55348   38.07478    0.18375      59745
  35.12460      2.55277   38.19049    0.18584      60182
  35.13460      2.55207   38.28394    0.18550      59766
  35.14460      2.55137   38.32209    0.18963      59675
  35.15460      2.55067   38.44761    0.16531      60030
  35.16460      2.54996   38.53578    0.18583      59594
  35.17459      2.54926   38.59507    0.18478      60030
  35.18459      2.54856   38.71129    0.18000      59950
  35.19459      2.54786   38.75782    0.18226      60079
  35.20459      2.54716   38.88728    0.18504      60115
  35.21459      2.54646   38.96274    0.17992      59660
  35.22458      2.54576   39.01065    0.16733      60179
  35.23458      2.54506   39.13098    0.18282      60145
  35.24458      2.54436   39.17996    0.18564      59858
  35.25458      2.54366   39.29665    0.18916      60383
  35.26458      2.54296   39.37118    0.19291      59994
  35.27458      2.54226   39.42523    0.18996      60359
  35.28457      2.54157   39.54986    0.18075      60425
  35.29457      2.54087   39.59346    0.19224      59968
  35.30457      2.54017   39.70566    0.17960      60426
  35.31457      2.53948   39.78471    0.17707      59863
  35.32457      2.53878   39.83063    0.18327      60405
  35.33456      2.53809   39.95611    0.19432      60332
  35.34456      2.53739   40.00368    0.18343      60262
  35.35456      2.53670   40.08754    0.18390      60464
  35.36456      2.53600   40.18138    0.17770      60312
  35.37456      2.53531   40.24243    0.17946      60390
  35.38456      2.53461   40.32946    0.18881      60393
  35.39455      2.53392   40.39835    0.19036      60201
  35.40455      2.53323   40.48162    0.17961      60683
  35.41455      2.53254   40.55872    0.18867      60280
  35.42455      2.53184   40.62441    0.19115      60596
  35.43455      2.53115   40.72672    0.18210      60663
  35.44454      2.53046   40.78945    0.17989      60490
  35.45454      2.52977   40.87435    0.19207      60738
  35.46454      2.52908   40.96612    0.19498      60473
  35.47454      2.52839   41.02236    0.19592      60517
  35.48454      2.52770   41.13675    0.19940      60677
  35.49454      2.52701   41.20133    0.17419      60451
  35.50453      2.52632   41.29075    0.17626      60863
  35.51453      2.52564   41.39167    0.18524      60298
  35.52453      2.52495   41.44213    0.20268      60920
  35.53453      2.52426   41.56143    0.17086      60792
  35.54453      2.52357   41.62954    0.20231      60617
  35.55452      2.52289   41.71949    0.18715      60686
  35.56452      2.52220   41.80925    0.18627      60582
  35.57452      2.52151   41.87393    0.18368      60904
  35.58452      2.52083   41.99745    0.19282      61004
  35.59452      2.52014   42.05524    0.19319      60625
  35.60452      2.51946   42.16351    0.18763      61016
  35.61451      2.51877   42.24450    0.19716      60718
  35.62451      2.51809   42.33772    0.19134      60894
  35.63451      2.51741   42.43711    0.19537      61032
  35.64451      2.51672   42.49941    0.18824      60783
  35.65451      2.51604   42.60638    0.17849      60839
  35.66450      2.51536   42.69370    0.18501      61111
  35.67450      2.51468   42.78153    0.21058      61024
  35.68450      2.51399   42.89142    0.19387      61001
  35.69450      2.51331   42.94592    0.18183      61053
  35.70450      2.51263   43.05717    0.18588      61106
  35.71450      2.51195   43.12064    0.18232      61101
  35.72449      2.51127   43.22942    0.18860      61094
  35.73449      2.51059   43.31015    0.18705      61263
  35.74449      2.50991   43.39727    0.20190      60922
  35.75449      2.50923   43.50396    0.19584      61240
  35.76449      2.50855   43.56615    0.20620      61036
  35.77448      2.50788   43.68022    0.19139      61312
  35.78448      2.50720   43.74736    0.18105      61449
  35.79448      2.50652   43.83056    0.19926      60930
  35.80448      2.50584   43.93257    0.20170      61438
  35.81448      2.50517   43.99003    0.18415      61080
  35.82448      2.50449   44.09116    0.18657      61235
  35.83447      2.50382   44.16205    0.21290      61799
  35.84447      2.50314   44.24355    0.18842      60949
  35.85447      2.50246   44.33045    0.18821      61807
  35.86447      2.50179   44.40757    0.19127      61576
  35.87447      2.50112   44.48692    0.19112      61394
  35.88446      2.50044   44.56866    0.18956      61637
  35.89446      2.49977   44.64639    0.18694      61206
  35.90446      2.49910   44.73289    0.20075      61538
  35.91446      2.49842   44.83294    0.19216      61478
  35.92446      2.49775   44.90232    0.19135      61594
  35.93446      2.49708   45.01385    0.20422      61618
  35.94445      2.49641   45.07188    0.18835      61416
  35.95445      2.49573   45.17508    0.20446      61547
  35.96445      2.49506   45.24475    0.21403      61408
  35.97445      2.49439   45.33527    0.20443      61581
  35.98445      2.49372   45.42737    0.17487      61619
  35.99444      2.49305   45.48896    0.19394      61498
  36.00444      2.49238   45.58908    0.19106      61653
  36.01444      2.49172   45.66274    0.20078      61462
  36.02444      2.49105   45.77021    0.19352      61811
  36.03444      2.49038   45.83183    0.19583      61434
  36.04444      2.48971   45.93934    0.20282      61618
  36.05443      2.48904   46.00398    0.19590      61421
  36.06443      2.48838   46.07215    0.18981      61482
  36.07443      2.48771   46.19228    0.18286      61315
  36.08443      2.48704   46.24480    0.21421      61464
  36.09443      2.48638   46.33641    0.19190      61236
  36.10442      2.48571   46.41850    0.20764      61733
  36.11442      2.48505   46.47669    0.20212      61161
  36.12442      2.48438   46.58302    0.20459      61468
  36.13442      2.48372   46.63977    0.19195      61499
  36.14442      2.48305   46.73679    0.20461      61003
  36.15442      2.48239   46.79411    0.18840      61645
  36.16441      2.48173   46.89526    0.20354      61223
  36.17441      2.48106   46.95938    0.20164      61233
  36.18441      2.48040   47.04025    0.19645      61515
  36.19441      2.47974   47.11605    0.19929      61107
  36.20441      2.47908   47.19601    0.18988      61579
  36.21440      2.47841   47.26879    0.19584      61254
  36.22440      2.47775   47.33201    0.19734      61009
  36.23440      2.47709   47.44535    0.19739      61277
  36.24440      2.47643   47.49545    0.21118      61127
  36.25440      2.47577   47.60571    0.20939      61356
  36.26440      2.47511   47.66407    0.19206      61154
  36.27439      2.47445   47.75548    0.18895      61070
  36.28439      2.47379   47.85417    0.20776      61402
  36.29439      2.47314   47.93575    0.20552      61016
  36.30439      2.47248   48.01937    0.21493      61092
  36.31439      2.47182   48.10390    0.20343      60932
  36.32438      2.47116   48.20146    0.19714      61128
  36.33438      2.47051   48.29467    0.19850      61115
  36.34438      2.46985   48.37517    0.20267      60900
  36.35438      2.46919   48.47742    0.20445      61326
  36.36438      2.46854   48.55932    0.18901      61047
  36.37438      2.46788   48.65025    0.19625      61111
  36.38437      2.46723   48.73545    0.20769      61152
  36.39437      2.46657   48.82284    0.20935      60842
  36.40437      2.46592   48.93354    0.19450      61280
  36.41437      2.46526   49.01553    0.19383      60754
  36.42437      2.46461   49.13664    0.21556      60938
  36.43436      2.46395   49.24687    0.21107      61307
  36.44436      2.46330   49.35065    0.20444      60720
  36.45436      2.46265   49.46967    0.20508      61302
  36.46436      2.46200   49.57740    0.22239      60802
  36.47436      2.46134   49.71923    0.19601      60784
  36.48436      2.46069   49.82590    0.19142      60888
  36.49435      2.46004   49.96765    0.20383      60816
  36.50435      2.45939   50.11415    0.20903      61132
  36.51435      2.45874   50.23904    0.21492      60916
  36.52435      2.45809   50.38782    0.22439      61004
  36.53435      2.45744   50.54669    0.19997      61063
  36.54434      2.45679   50.69436    0.19209      60564
  36.55434      2.45614   50.83722    0.21050      60893
  36.56434      2.45549   51.00440    0.18976      60786
  36.57434      2.45485   51.18877    0.20683      60904
  36.58434      2.45420   51.34704    0.23023      60814
  36.59434      2.45355   51.52565    0.21211      60701
  36.60433      2.45290   51.72921    0.21697      61104
  36.61433      2.45226   51.87868    0.21409      60485
  36.62433      2.45161   52.09299    0.21865      60949
  36.63433      2.45096   52.28981    0.20490      60694
  36.64433      2.45032   52.46658    0.20629      60623
  36.65432      2.44967   52.69821    0.18940      60848
  36.66432      2.44903   52.88768    0.23290      60711
  36.67432      2.44838   53.12792    0.22689      60928
  36.68432      2.44774   53.33380    0.19829      60701
  36.69432      2.44709   53.54941    0.21558      60610
  36.70432      2.44645   53.79101    0.19910      60802
  36.71431      2.44581   53.99173    0.22622      60690
  36.72431      2.44516   54.23235    0.21345      60636
  36.73431      2.44452   54.47182    0.21033      60694
  36.74431      2.44388   54.68904    0.21260      60654
  36.75431      2.44324   54.94533    0.22873      60841
  36.76430      2.44260   55.16801    0.20692      60425
  36.77430      2.44195   55.41190    0.21517      60641
  36.78430      2.44131   55.63656    0.21953      60705
  36.79430      2.44067   55.89651    0.22944      60542
  36.80430      2.44003   56.11538    0.24298      60518
  36.81430      2.43939   56.36049    0.21231      60593
  36.82429      2.43875   56.60808    0.20397      60723
  36.83429      2.43812   56.82286    0.21145      60441
  36.84429      2.43748   57.06970    0.21227      60707
  36.85429      2.43684   57.29614    0.21508      60692
  36.86429      2.43620   57.51511    0.23077      60656
  36.87428      2.43556   57.73372    0.22007      60577
  36.88428      2.43493   57.94898    0.21816      60717
  36.89428      2.43429   58.15372    0.21727      60343
  36.90428      2.43365   58.36645    0.21884      60566
  36.91428      2.43302   58.54432    0.22982      60563
  36.92428      2.43238   58.76433    0.20834      60380
  36.93427      2.43174   58.90618    0.22676      60493
  36.94427      2.43111   59.11143    0.22617      60496
  36.95427      2.43047   59.24003    0.24255      60560
  36.96427      2.42984   59.42505    0.21664      60367
  36.97427      2.42921   59.55378    0.22822      60453
  36.98426      2.42857   59.69191    0.20969      60619
  36.99426      2.42794   59.80653    0.22150      60564
  37.00426      2.42731   59.94083    0.23861      60646
  37.01426      2.42667   60.03707    0.21288      60395
  37.02426      2.42604   60.10716    0.22971      60477
  37.03426      2.42541   60.24049    0.22482      60414
  37.04425      2.42478   60.26831    0.20161      60463
  37.05425      2.42415   60.36534    0.22591      60448
  37.06425      2.42351   60.40621    0.21547      60198
  37.07425      2.42288   60.43717    0.23713      60389
  37.08425      2.42225   60.47148    0.23456      60420
  37.09424      2.42162   60.48360    0.23891      60242
  37.10424      2.42099   60.50199    0.20764      60613
  37.11424      2.42037   60.50249    0.21721      60494
  37.12424      2.41974   60.44471    0.22931      60389
  37.13424      2.41911   60.44813    0.22641      60297
  37.14424      2.41848   60.37970    0.22719      60177
  37.15423      2.41785   60.37540    0.22201      60488
  37.16423      2.41722   60.26452    0.23412      60160
  37.17423      2.41660   60.23537    0.21047      60369
  37.18423      2.41597   60.12774    0.23582      60315
  37.19423      2.41534   60.03609    0.21423      60090
  37.20422      2.41472   59.93668    0.21042      60470
  37.21422      2.41409   59.82870    0.21516      60290
  37.22422      2.41347   59.70593    0.22872      60186
  37.23422      2.41284   59.59946    0.24555      60114
  37.24422      2.41222   59.44393    0.20860      60151
  37.25422      2.41159   59.33340    0.22081      60538
  37.26421      2.41097   59.16349    0.22481      60299
  37.27421      2.41034   59.01847    0.24172      60178
  37.28421      2.40972   58.83862    0.22506      60093
  37.29421      2.40910   58.69507    0.22062      60401
  37.30421      2.40847   58.49299    0.22495      59965
  37.31420      2.40785   58.35165    0.20572      60354
  37.32420      2.40723   58.16761    0.21684      60077
  37.33420      2.40661   57.97213    0.21809      60148
  37.34420      2.40599   57.79456    0.21599      60023
  37.35420      2.40537   57.60282    0.23098      60293
  37.36420      2.40475   57.44643    0.23662      60098
  37.37419      2.40413   57.23149    0.20640      60329
  37.38419      2.40351   57.03262    0.21154      60309
  37.39419      2.40289   56.83234    0.20674      59949
  37.40419      2.40227   56.61198    0.20588      60299
  37.41419      2.40165   56.42501    0.22174      60237
  37.42418      2.40103   56.20903    0.22245      60053
  37.43418      2.40041   55.99597    0.23479      59957
  37.44418      2.39979   55.81194    0.22679      60176
  37.45418      2.39917   55.55861    0.20531      60124
  37.46418      2.39856   55.36080    0.22221      60050
  37.47418      2.39794   55.10021    0.21807      59696
  37.48417      2.39732   54.89787    0.20099      60088
  37.49417      2.39671   54.67061    0.21246      60037
  37.50417      2.39609   54.43271    0.20766      60379
  37.51417      2.39548   54.18707    0.22937      60131
  37.52417      2.39486   53.95235    0.20087      60112
  37.53416      2.39425   53.73065    0.22298      60157
  37.54416      2.39363   53.49532    0.19909      60209
  37.55416      2.39302   53.26545    0.21177      59909
  37.56416      2.39240   53.02319    0.20993      60206
  37.57416      2.39179   52.82560    0.20312      59854
  37.58416      2.39118   52.56806    0.21882      60022
  37.59415      2.39056   52.38241    0.21065      59918
  37.60415      2.38995   52.12801    0.19906      60219
  37.61415      2.38934   51.96091    0.21980      60453
  37.62415      2.38873   51.73983    0.21032      60053
  37.63415      2.38811   51.49823    0.22175      59954
  37.64414      2.38750   51.31847    0.21802      59838
  37.65414      2.38689   51.08745    0.19586      60078
  37.66414      2.38628   50.92914    0.19551      60148
  37.67414      2.38567   50.69207    0.20315      59904
  37.68414      2.38506   50.50921    0.20113      60009
  37.69414      2.38445   50.31973    0.21132      59916
  37.70413      2.38384   50.11732    0.21443      60094
  37.71413      2.38323   49.95115    0.19718      60097
  37.72413      2.38262   49.74286    0.20751      60078
  37.73413      2.38202   49.57718    0.19450      59850
  37.74413      2.38141   49.39960    0.20217      60030
  37.75412      2.38080   49.21252    0.20986      59893
  37.76412      2.38019   49.08066    0.18768      60192
  37.77412      2.37959   48.89119    0.21467      59792
  37.78412      2.37898   48.73187    0.21207      60177
  37.79412      2.37837   48.56644    0.21930      59888
  37.80412      2.37777   48.42156    0.19566      59948
  37.81411      2.37716   48.27574    0.19367      59962
  37.82411      2.37656   48.14784    0.19366      59924
  37.83411      2.37595   47.98802    0.20830      59982
  37.84411      2.37535   47.87943    0.19832      59855
  37.85411      2.37474   47.71218    0.20228      59989
  37.86410      2.37414   47.62450    0.19478      59990
  37.87410      2.37353   47.46947    0.19330      60098
  37.88410      2.37293   47.36122    0.19454      59777
  37.89410      2.37233   47.22388    0.19429      59974
  37.90410      2.37172   47.11163    0.20181      59878
  37.91410      2.37112   47.02860    0.20321      60107
  37.92409      2.37052   46.89411    0.20391      59823
  37.93409      2.36992   46.79531    0.20439      59856
  37.94409      2.36932   46.69377    0.18555      60152
  37.95409      2.36872   46.58289    0.20290      59653
  37.96409      2.36811   46.48548    0.18994      60073
  37.97408      2.36751   46.38036    0.20915      59708
  37.98408      2.36691   46.28866    0.19780      60079
  37.99408      2.36631   46.18782    0.19279      59810
  38.00408      2.36571   46.06949    0.20060      59814
  38.01408      2.36512   45.99950    0.18655      60049
  38.02408      2.36452   45.88267    0.20026      59754
  38.03407      2.36392   45.79588    0.19053      60105
  38.04407      2.36332   45.69920    0.18742      59894
  38.05407      2.36272   45.59238    0.19887      59798
  38.06407      2.36212   45.52112    0.19889      59879
  38.07407      2.36153   45.36554    0.18346      59667
  38.08406      2.36093   45.32211    0.19994      60280
  38.09406      2.36033   45.21685    0.19379      59714
  38.10406      2.35974   45.10422    0.19757      59952
  38.11406      2.35914   45.02841    0.19373      59837
  38.12406      2.35855   44.92135    0.19551      59707
  38.13405      2.35795   44.83094    0.19897      60070
  38.14405      2.35735   44.72010    0.19486      59713
  38.15405      2.35676   44.62854    0.18355      59838
  38.16405      2.35617   44.54410    0.19156      59794
  38.17405      2.35557   44.41716    0.18466      59817
  38.18405      2.35498   44.35740    0.19632      60022
  38.19404      2.35438   44.25635    0.19967      60038
  38.20404      2.35379   44.16951    0.19952      59781
  38.21404      2.35320   44.04291    0.18301      59903
  38.22404      2.35261   43.96903    0.17297      59786
  38.23404      2.35201   43.87089    0.18658      59603
  38.24403      2.35142   43.76643    0.19640      60074
  38.25403      2.35083   43.68276    0.20237      59695
  38.26403      2.35024   43.58836    0.18654      60083
  38.27403      2.34965   43.47688    0.20204      59684
  38.28403      2.34906   43.39616    0.18927      60109
  38.29403      2.34847   43.30217    0.18765      59645
  38.30402      2.34788   43.23042    0.18859      59790
  38.31402      2.34729   43.12565    0.18900      59800
  38.32402      2.34670   43.02883    0.17126      59616
  38.33402      2.34611   42.93232    0.20693      60033
  38.34402      2.34552   42.83757    0.19560      59588
  38.35401      2.34493   42.75368    0.17861      60231
  38.36401      2.34434   42.65677    0.19861      59843
  38.37401      2.34376   42.57975    0.18336      59748
  38.38401      2.34317   42.49349    0.17629      60156
  38.39401      2.34258   42.38935    0.19282      59543
  38.40401      2.34199   42.30378    0.17673      60005
  38.41400      2.34141   42.20437    0.20015      59489
  38.42400      2.34082   42.15857    0.18988      59812
  38.43400      2.34024   42.00461    0.18073      59996
  38.44400      2.33965   41.95497    0.18379      59809
  38.45400      2.33906   41.83400    0.19401      59935
  38.46399      2.33848   41.75405    0.19782      59841
  38.47399      2.33789   41.68263    0.18859      59743
  38.48399      2.33731   41.55102    0.17790      59896
  38.49399      2.33673   41.51282    0.17862      59646
  38.50399      2.33614   41.37332    0.17971      59816
  38.51399      2.33556   41.30108    0.18707      59832
  38.52398      2.33498   41.21897    0.18153      59903
  38.53398      2.33439   41.10214    0.18935      59893
  38.54398      2.33381   41.05817    0.19144      59566
  38.55398      2.33323   40.94496    0.17561      60076
  38.56398      2.33265   40.83141    0.17827      59827
  38.57397      2.33206   40.76877    0.18607      59894
  38.58397      2.33148   40.67143    0.17253      59864
  38.59397      2.33090   40.58982    0.18860      59262
  38.60397      2.33032   40.47064    0.18292      60170
  38.61397      2.32974   40.38393    0.19760      59891
  38.62397      2.32916   40.32551    0.18813      59746
  38.63396      2.32858   40.21332    0.17706      59891
  38.64396      2.32800   40.13487    0.17828      59374
  38.65396      2.32742   40.03738    0.17801      60147
  38.66396      2.32684   39.92067    0.18070      59710
  38.67396      2.32627   39.87825    0.17749      59794
  38.68395      2.32569   39.74826    0.18143      59853
  38.69395      2.32511   39.66595    0.18594      59698
  38.70395      2.32453   39.59253    0.18802      60049
  38.71395      2.32395   39.47328    0.16999      59790
  38.72395      2.32338   39.44505    0.17432      59707
  38.73395      2.32280   39.30380    0.17794      59805
  38.74394      2.32222   39.21300    0.19039      59596
  38.75394      2.32165   39.15540    0.17644      59980
  38.76394      2.32107   39.00623    0.18752      59700
  38.77394      2.32050   38.97342    0.17223      60063
  38.78394      2.31992   38.84084    0.18469      59450
  38.79393      2.31935   38.75401    0.17681      59966
  38.80393      2.31877   38.66508    0.17890      59548
  38.81393      2.31820   38.58503    0.18719      59870
  38.82393      2.31762   38.48902    0.18345      59878
  38.83393      2.31705   38.41186    0.16905      59720
  38.84393      2.31648   38.29100    0.16651      59922
  38.85392      2.31590   38.22311    0.19184      59826
  38.86392      2.31533   38.12613    0.17467      59886
  38.87392      2.31476   38.04754    0.17263      59694
  38.88392      2.31419   37.99203    0.17328      59903
  38.89392      2.31361   37.87463    0.17406      59750
  38.90391      2.31304   37.81211    0.18314      59847
  38.91391      2.31247   37.71267    0.17189      59450
  38.92391      2.31190   37.63145    0.17196      60229
  38.93391      2.31133   37.57472    0.17785      59709
  38.94391      2.31076   37.47129    0.17666      59710
  38.95391      2.31019   37.40704    0.17938      59907
  38.96390      2.30962   37.29889    0.18319      59492
  38.97390      2.30905   37.26656    0.18298      59794
  38.98390      2.30848   37.14206    0.17313      59694
  38.99390      2.30791   37.08517    0.16332      59620
  39.00390      2.30734   37.00845    0.16983      60028
  39.01389      2.30678   36.91687    0.17203      59724
  39.02389      2.30621   36.86324    0.19203      59951
  39.03389      2.30564   36.76313    0.17058      59614
  39.04389      2.30507   36.69286    0.17399      59959
  39.05389      2.30450   36.62534    0.16543      59826
  39.06389      2.30394   36.55848    0.17062      59693
  39.07388      2.30337   36.47728    0.17270      59672
  39.08388      2.30281   36.38526    0.17228      59595
  39.09388      2.30224   36.33418    0.17299      60118
  39.10388      2.30167   36.26434    0.18442      59850
  39.11388      2.30111   36.17938    0.17506      59690
  39.12387      2.30054   36.11422    0.16636      59712
  39.13387      2.29998   36.04830    0.17984      59876
  39.14387      2.29941   35.96836    0.16928      59296
  39.15387      2.29885   35.88660    0.17050      59847
  39.16387      2.29829   35.80613    0.16851      59722
  39.17387      2.29772   35.73997    0.16700      59943
  39.18386      2.29716   35.71036    0.18214      59777
  39.19386      2.29660   35.59771    0.16551      59906
  39.20386      2.29603   35.54858    0.16613      60019
  39.21386      2.29547   35.45784    0.17630      59117
  39.22386      2.29491   35.40030    0.16475      60253
  39.23385      2.29435   35.29170    0.17697      59600
  39.24385      2.29379   35.23730    0.16145      59648
  39.25385      2.29322   35.16124    0.16956      59953
  39.26385      2.29266   35.08402    0.17210      59792
  39.27385      2.29210   35.04110    0.16851      60062
  39.28385      2.29154   34.95184    0.17035      59712
  39.29384      2.29098   34.88397    0.17077      59989
  39.30384      2.29042   34.80841    0.18270      59608
  39.31384      2.28986   34.72447    0.16637      59750
  39.32384      2.28930   34.67575    0.16179      59715
  39.33384      2.28875   34.58346    0.16486      59749
  39.34383      2.28819   34.54365    0.17223      59715
  39.35383      2.28763   34.46798    0.15952      60020
  39.36383      2.28707   34.41584    0.17347      59899
  39.37383      2.28651   34.34469    0.17320      60098
  39.38383      2.28596   34.26465    0.17753      59657
  39.39383      2.28540   34.22347    0.15838      60043
  39.40382      2.28484   34.13175    0.15293      59640
  39.41382      2.28428   34.07850    0.17271      59475
  39.42382      2.28373   34.01202    0.17356      59985
  39.43382      2.28317   33.94155    0.16620      59608
  39.44382      2.28262   33.90123    0.16292      60245
  39.45381      2.28206   33.83871    0.16840      60050
  39.46381      2.28151   33.76914    0.17660      59861
  39.47381      2.28095   33.71270    0.16349      59903
  39.48381      2.28040   33.64780    0.16966      59373
  39.49381      2.27984   33.59384    0.15595      59997
  39.50381      2.27929   33.54371    0.16494      59502
  39.51380      2.27874   33.49300    0.17017      59898
  39.52380      2.27818   33.41796    0.16479      60208
  39.53380      2.27763   33.36178    0.16714      59783
  39.54380      2.27708   33.33733    0.15916      60209
  39.55380      2.27652   33.27573    0.16682      59701
  39.56379      2.27597   33.20381    0.15654      59958
  39.57379      2.27542   33.15627    0.16913      59929
  39.58379      2.27487   33.09020    0.16407      59381
  39.59379      2.27432   33.05921    0.18043      60150
  39.60379      2.27376   32.98756    0.15280      59809
  39.61379      2.27321   32.93950    0.16521      60206
  39.62378      2.27266   32.91086    0.16601      60103
  39.63378      2.27211   32.84127    0.16622      59579
  39.64378      2.27156   32.78925    0.17008      60009
  39.65378      2.27101   32.73305    0.16632      59443
  39.66378      2.27046   32.66652    0.15539      60052
  39.67377      2.26991   32.65071    0.16001      60020
  39.68377      2.26937   32.55593    0.15980      59812
  39.69377      2.26882   32.53665    0.16204      60246
  39.70377      2.26827   32.48241    0.16342      59803
  39.71377      2.26772   32.43169    0.16379      59980
  39.72377      2.26717   32.37670    0.16277      59967
  39.73376      2.26663   32.32364    0.16665      60196
  39.74376      2.26608   32.26186    0.15725      59780
  39.75376      2.26553   32.23293    0.15947      59846
  39.76376      2.26499   32.17897    0.15932      59947
  39.77376      2.26444   32.13580    0.16189      60030
  39.78375      2.26389   32.09487    0.16953      60044
  39.79375      2.26335   32.05460    0.16082      60083
  39.80375      2.26280   31.97673    0.15854      59767
  39.81375      2.26226   31.97254    0.16590      60122
  39.82375      2.26171   31.91025    0.16157      59905
  39.83375      2.26117   31.87771    0.16545      59692
  39.84374      2.26062   31.84275    0.15502      60199
  39.85374      2.26008   31.77561    0.15526      59550
  39.86374      2.25953   31.78628    0.16555      60516
  39.87374      2.25899   31.71487    0.16183      59829
  39.88374      2.25845   31.68290    0.15976      60084
  39.89373      2.25790   31.65911    0.15513      60090
  39.90373      2.25736   31.62158    0.16052      59981
  39.91373      2.25682   31.57926    0.15573      59879
  39.92373      2.25628   31.54333    0.16147      59543
  39.93373      2.25574   31.50281    0.16609      60242
  39.94373      2.25519   31.48358    0.16267      60148
  39.95372      2.25465   31.42929    0.16045      59899
  39.96372      2.25411   31.42726    0.15524      59963
  39.97372      2.25357   31.38388    0.15577      59805
  39.98372      2.25303   31.33134    0.16385      59759
  39.99372      2.25249   31.31059    0.16899      59983
  40.00371      2.25195   31.27430    0.15738      59649
  40.01371      2.25141   31.24881    0.15486      59964
  40.02371      2.25087   31.24037    0.15673      59747
  40.03371      2.25033   31.18273    0.15950      60003
  40.04371      2.24979   31.17020    0.16797      60009
  40.05371      2.24925   31.10783    0.14610      59678
  40.06370      2.24872   31.11174    0.15718      60255
  40.07370      2.24818   31.05080    0.16022      59338
  40.08370      2.24764   31.02300    0.16267      59848
  40.09370      2.24710   31.00065    0.15545      59784
  40.10370      2.24657   30.96284    0.15899      59715
  40.11369      2.24603   30.96221    0.15839      59962
  40.12369      2.24549   30.91309    0.15976      59412
  40.13369      2.24496   30.89931    0.16765      60246
  40.14369      2.24442   30.86314    0.15320      59609
  40.15369      2.24388   30.83228    0.16714      59426
  40.16369      2.24335   30.81603    0.14794      59574
  40.17368      2.24281   30.78415    0.15841      59294
  40.18368      2.24228   30.79935    0.15440      59921
  40.19368      2.24174   30.73364    0.16786      59639
  40.20368      2.24121   30.72970    0.16411      59623
  40.21368      2.24068   30.71799    0.15703      59832
  40.22367      2.24014   30.68294    0.15466      59402
  40.23367      2.23961   30.67638    0.14743      59396
  40.24367      2.23907   30.64992    0.15447      59341
  40.25367      2.23854   30.63050    0.16342      59611
  40.26367      2.23801   30.62453    0.16333      59862
  40.27367      2.23748   30.59483    0.15633      59241
  40.28366      2.23694   30.58589    0.15951      59518
  40.29366      2.23641   30.57940    0.16942      59202
  40.30366      2.23588   30.53552    0.15772      59339
  40.31366      2.23535   30.54513    0.14996      59594
  40.32366      2.23482   30.50677    0.16161      59102
  40.33365      2.23429   30.52700    0.15161      59755
  40.34365      2.23376   30.49671    0.15187      59322
  40.35365      2.23323   30.51126    0.17435      59387
  40.36365      2.23270   30.50538    0.15484      59241
  40.37365      2.23217   30.45371    0.15379      58991
  40.38365      2.23164   30.46028    0.16528      59366
  40.39364      2.23111   30.43461    0.14944      58960
  40.40364      2.23058   30.47991    0.14905      60007
  40.41364      2.23005   30.42405    0.15622      59188
  40.42364      2.22952   30.43294    0.16006      58947
  40.43364      2.22899   30.41835    0.15504      59064
  40.44363      2.22846   30.37982    0.16545      59266
  40.45363      2.22794   30.38499    0.15968      59273
  40.46363      2.22741   30.37562    0.15614      58920
  40.47363      2.22688   30.37070    0.15748      59321
  40.48363      2.22636   30.37059    0.15861      59232
  40.49363      2.22583   30.35203    0.16250      58935
  40.50362      2.22530   30.33457    0.14342      58962
  40.51362      2.22478   30.34536    0.15968      59205
  40.52362      2.22425   30.30474    0.16168      58792
  40.53362      2.22372   30.33683    0.16002      59166
  40.54362      2.22320   30.30531    0.15491      59002
  40.55361      2.22267   30.32492    0.16338      59344
  40.56361      2.22215   30.30196    0.15459      59260
  40.57361      2.22162   30.29546    0.15005      58987
  40.58361      2.22110   30.28805    0.14862      59109
  40.59361      2.22058   30.27212    0.15644      58329
  40.60361      2.22005   30.30295    0.16374      59318
  40.61360      2.21953   30.28989    0.16413      58724
  40.62360      2.21901   30.29663    0.15810      59457
  40.63360      2.21848   30.28293    0.15990      59022
  40.64360      2.21796   30.27770    0.16343      58635
  40.65360      2.21744   30.29389    0.15396      58919
  40.66359      2.21692   30.28606    0.15184      58713
  40.67359      2.21639   30.30190    0.15027      58899
  40.68359      2.21587   30.30463    0.16001      58915
  40.69359      2.21535   30.29827    0.15935      58972
  40.70359      2.21483   30.32061    0.16300      59053
  40.71359      2.21431   30.32359    0.15599      58844
  40.72358      2.21379   30.32132    0.15925      58690
  40.73358      2.21327   30.34816    0.14838      59113
  40.74358      2.21275   30.32578    0.15086      58751
  40.75358      2.21223   30.36722    0.15234      58891
  40.76358      2.21171   30.37406    0.15744      58733
  40.77357      2.21119   30.38259    0.17868      58915
  40.78357      2.21067   30.38883    0.14764      58673
  40.79357      2.21015   30.40465    0.16446      58434
  40.80357      2.20963   30.41886    0.16197      59086
  40.81357      2.20912   30.41059    0.16521      58416
  40.82357      2.20860   30.45107    0.15111      58998
  40.83356      2.20808   30.43622    0.15141      58587
  40.84356      2.20756   30.46286    0.15005      58540
  40.85356      2.20705   30.45702    0.15815      58729
  40.86356      2.20653   30.45975    0.16343      58707
  40.87356      2.20601   30.51008    0.15776      58917
  40.88355      2.20550   30.49641    0.16809      58545
  40.89355      2.20498   30.51306    0.15694      58630
  40.90355      2.20446   30.53608    0.15107      58780
  40.91355      2.20395   30.51945    0.15566      58590
  40.92355      2.20343   30.55306    0.14820      58701
  40.93355      2.20292   30.56290    0.16033      58759
  40.94354      2.20240   30.57592    0.16225      58343
  40.95354      2.20189   30.59360    0.14899      58639
  40.96354      2.20137   30.60214    0.17845      58382
  40.97354      2.20086   30.64075    0.16952      59078
  40.98354      2.20035   30.64126    0.15534      58399
  40.99353      2.19983   30.66084    0.15172      58479
  41.00353      2.19932   30.69089    0.15894      58557
  41.01353      2.19881   30.68447    0.14940      58133
  41.02353      2.19829   30.73744    0.15442      58759
  41.03353      2.19778   30.72859    0.16631      58410
  41.04353      2.19727   30.75932    0.16402      58733
  41.05352      2.19676   30.79436    0.16817      58694
  41.06352      2.19624   30.81167    0.15743      58223
  41.07352      2.19573   30.84303    0.15053      58550
  41.08352      2.19522   30.83936    0.15008      58395
  41.09352      2.19471   30.88418    0.15554      58368
  41.10351      2.19420   30.92683    0.15806      58760
  41.11351      2.19369   30.93888    0.15749      58153
  41.12351      2.19318   31.01265    0.16869      58588
  41.13351      2.19267   31.00893    0.16791      58107
  41.14351      2.19216   31.04901    0.16364      58639
  41.15351      2.19165   31.09059    0.15662      58037
  41.16350      2.19114   31.12534    0.17272      58125
  41.17350      2.19063   31.18936    0.14401      58554
  41.18350      2.19012   31.21022    0.15788      57963
  41.19350      2.18961   31.24861    0.14882      58601
  41.20350      2.18911   31.29521    0.17073      58203
  41.21349      2.18860   31.31762    0.16560      57725
  41.22349      2.18809   31.39490    0.16264      58502
  41.23349      2.18758   31.41179    0.16039      57930
  41.24349      2.18708   31.46819    0.16141      58291
  41.25349      2.18657   31.47593    0.15034      58320
  41.26349      2.18606   31.51152    0.15940      57744
  41.27348      2.18555   31.57340    0.15866      57998
  41.28348      2.18505   31.59520    0.15946      57621
  41.29348      2.18454   31.67008    0.17380      58135
  41.30348      2.18404   31.67511    0.15882      58188
  41.31348      2.18353   31.71750    0.16924      57943
  41.32347      2.18303   31.75871    0.16668      57694
  41.33347      2.18252   31.77711    0.16906      57224
  41.34347      2.18202   31.86038    0.14403      57982
  41.35347      2.18151   31.88107    0.15365      57673
  41.36347      2.18101   31.92125    0.17224      57868
  41.37347      2.18050   31.96894    0.15463      57742
  41.38346      2.18000   32.00104    0.16989      57434
  41.39346      2.17950   32.04973    0.16654      57585
  41.40346      2.17899   32.09170    0.16445      57556
  41.41346      2.17849   32.11839    0.15793      57604
  41.42346      2.17799   32.16124    0.15577      57674
  41.43345      2.17749   32.16874    0.15759      57146
  41.44345      2.17698   32.23751    0.16298      57624
  41.45345      2.17648   32.24262    0.16646      56994
  41.46345      2.17598   32.28356    0.16134      57540
  41.47345      2.17548   32.33472    0.16833      57627
  41.48344      2.17498   32.35460    0.17250      57042
  41.49344      2.17448   32.39697    0.16829      57431
  41.50344      2.17398   32.40647    0.15961      56823
  41.51344      2.17347   32.43872    0.15046      57429
  41.52344      2.17297   32.47106    0.16483      57155
  41.53344      2.17247   32.51700    0.16307      57247
  41.54343      2.17197   32.55157    0.15667      57280
  41.55343      2.17148   32.56044    0.17567      57055
  41.56343      2.17098   32.59189    0.17414      57201
  41.57343      2.17048   32.62732    0.15743      57175
  41.58343      2.16998   32.63742    0.15593      56910
  41.59342      2.16948   32.67596    0.16503      57331
  41.60342      2.16898   32.69781    0.15886      56651
  41.61342      2.16848   32.72920    0.16183      57314
  41.62342      2.16799   32.75210    0.16959      56978
  41.63342      2.16749   32.78119    0.16431      56882
  41.64342      2.16699   32.81544    0.17083      56874
  41.65341      2.16649   32.84836    0.17594      56796
  41.66341      2.16600   32.86815    0.16040      56987
  41.67341      2.16550   32.88661    0.16200      56800
  41.68341      2.16500   32.90739    0.16820      56810
  41.69341      2.16451   32.95585    0.15205      56823
  41.70340      2.16401   32.97290    0.15937      56457
  41.71340      2.16352   33.03576    0.17327      57253
  41.72340      2.16302   33.02238    0.17267      56657
  41.73340      2.16253   33.06081    0.16436      56888
  41.74340      2.16203   33.09075    0.17124      56763
  41.75340      2.16154   33.11532    0.15113      56536
  41.76339      2.16104   33.13972    0.17616      56756
  41.77339      2.16055   33.17077    0.15622      56781
  41.78339      2.16005   33.18925    0.15772      56498
  41.79339      2.15956   33.23993    0.17009      56788
  41.80339      2.15907   33.24014    0.17883      56033
  41.81338      2.15857   33.30910    0.16875      56968
  41.82338      2.15808   33.29748    0.16618      56413
  41.83338      2.15759   33.35831    0.17408      56433
  41.84338      2.15710   33.38301    0.16089      56383
  41.85338      2.15660   33.40817    0.16312      56239
  41.86338      2.15611   33.45090    0.15574      56610
  41.87337      2.15562   33.45642    0.16363      56371
  41.88337      2.15513   33.52093    0.17996      56450
  41.89337      2.15464   33.51732    0.16384      56488
  41.90337      2.15415   33.55330    0.16837      56026
  41.91337      2.15366   33.58890    0.16627      56683
  41.92336      2.15317   33.59773    0.16287      56189
  41.93336      2.15268   33.61699    0.16298      56187
  41.94336      2.15219   33.66241    0.16272      56300
  41.95336      2.15170   33.65752    0.16241      55935
  41.96336      2.15121   33.70350    0.17647      56450
  41.97336      2.15072   33.69939    0.16702      56075
  41.98335      2.15023   33.75195    0.16727      56366
  41.99335      2.14974   33.76262    0.17751      55880
  42.00335      2.14925   33.78393    0.17657      55897
  42.01335      2.14876   33.80227    0.15369      56158
  42.02335      2.14827   33.81853    0.15784      55889
  42.03334      2.14779   33.84741    0.16732      56247
  42.04334      2.14730   33.87675    0.17219      56019
  42.05334      2.14681   33.87340    0.15772      55585
  42.06334      2.14632   33.91452    0.18144      56233
  42.07334      2.14584   33.90415    0.17374      55541
  42.08334      2.14535   33.94924    0.16776      56312
  42.09333      2.14486   33.94391    0.15567      55530
  42.10333      2.14438   33.94101    0.17712      55500
  42.11333      2.14389   33.97901    0.15872      56202
  42.12333      2.14341   33.95839    0.17246      55423
  42.13333      2.14292   34.01971    0.16553      56143
  42.14332      2.14243   34.02559    0.16993      55590
  42.15332      2.14195   34.01763    0.17739      55628
  42.16332      2.14146   34.04180    0.17611      55801
  42.17332      2.14098   34.04846    0.16187      55381
  42.18332      2.14050   34.08635    0.16439      55577
  42.19332      2.14001   34.10591    0.15887      55654
  42.20331      2.13953   34.10989    0.17308      55701
  42.21331      2.13904   34.13468    0.17015      55577
  42.22331      2.13856   34.15704    0.16140      55478
  42.23331      2.13808   34.19981    0.18635      55806
  42.24331      2.13759   34.20789    0.17037      55407
  42.25330      2.13711   34.20156    0.15369      56000
  42.26330      2.13663   34.22997    0.17385      55585
  42.27330      2.13615   34.24557    0.16993      55030
  42.28330      2.13567   34.29215    0.16269      55698
  42.29330      2.13518   34.28832    0.17125      55321
  42.30330      2.13470   34.31223    0.17158      55955
  42.31329      2.13422   34.33203    0.17053      55369
  42.32329      2.13374   34.36519    0.18038      55294
  42.33329      2.13326   34.38383    0.16621      55532
  42.34329      2.13278   34.38892    0.16927      55258
  42.35329      2.13230   34.42698    0.16664      55739
  42.36328      2.13182   34.44500    0.16237      55411
  42.37328      2.13134   34.45193    0.16727      55248
  42.38328      2.13086   34.50010    0.16519      55561
  42.39328      2.13038   34.49022    0.17314      55534
  42.40328      2.12990   34.53226    0.18611      55529
  42.41328      2.12942   34.54821    0.15945      55635
  42.42327      2.12894   34.54443    0.16765      55087
  42.43327      2.12846   34.59019    0.17182      55677
  42.44327      2.12799   34.57911    0.17278      54997
  42.45327      2.12751   34.62967    0.15667      55775
  42.46327      2.12703   34.62691    0.17117      55339
  42.47326      2.12655   34.66400    0.18016      55150
  42.48326      2.12607   34.66970    0.16696      55680
  42.49326      2.12560   34.69026    0.17017      55458
  42.50326      2.12512   34.72355    0.18754      55219
  42.51326      2.12464   34.73707    0.16850      55216
  42.52326      2.12417   34.74454    0.15885      55282
  42.53325      2.12369   34.79019    0.16614      55585
  42.54325      2.12322   34.80272    0.16362      55285
  42.55325      2.12274   34.83708    0.17147      55425
  42.56325      2.12226   34.85629    0.19377      55053
  42.57325      2.12179   34.85758    0.15916      55426
  42.58324      2.12131   34.91175    0.16831      55645
  42.59324      2.12084   34.92255    0.17281      55108
  42.60324      2.12036   34.95878    0.16497      55470
  42.61324      2.11989   34.95101    0.16942      54679
  42.62324      2.11942   34.98982    0.16602      55670
  42.63324      2.11894   35.02118    0.17375      55075
  42.64323      2.11847   35.07330    0.17587      55114
  42.65323      2.11800   35.06365    0.17198      55356
  42.66323      2.11752   35.07743    0.17729      55135
  42.67323      2.11705   35.11639    0.17298      55008
  42.68323      2.11658   35.14078    0.16838      55253
  42.69322      2.11610   35.17075    0.15951      55045
  42.70322      2.11563   35.18794    0.18041      55468
  42.71322      2.11516   35.18877    0.16068      54844
  42.72322      2.11469   35.24210    0.17870      55381
  42.73322      2.11422   35.26296    0.17009      55228
  42.74322      2.11374   35.26792    0.17075      55164
  42.75321      2.11327   35.31370    0.17443      55438
  42.76321      2.11280   35.32263    0.16721      54820
  42.77321      2.11233   35.34808    0.16856      55143
  42.78321      2.11186   35.37656    0.17136      55074
  42.79321      2.11139   35.40853    0.16477      55321
  42.80320      2.11092   35.43588    0.16777      55246
  42.81320      2.11045   35.44064    0.18291      54646
  42.82320      2.10998   35.49644    0.17881      55279
  42.83320      2.10951   35.49316    0.18023      55265
  42.84320      2.10904   35.54044    0.16760      55027
  42.85320      2.10857   35.55742    0.17398      55107
  42.86319      2.10811   35.56762    0.16430      54475
  42.87319      2.10764   35.60951    0.16330      55629
  42.88319      2.10717   35.61319    0.17801      54970
  42.89319      2.10670   35.65103    0.17257      55149
  42.90319      2.10623   35.68713    0.17720      55165
  42.91318      2.10577   35.66394    0.18263      54651
  42.92318      2.10530   35.71933    0.16316      55560
  42.93318      2.10483   35.72207    0.16146      54742
  42.94318      2.10436   35.75512    0.17434      55241
  42.95318      2.10390   35.77310    0.17041      54805
  42.96318      2.10343   35.75718    0.16818      54959
  42.97317      2.10296   35.80675    0.19072      55318
  42.98317      2.10250   35.81731    0.16789      54795
  42.99317      2.10203   35.84567    0.17679      55239
  43.00317      2.10157   35.84941    0.16761      54833
  43.01317      2.10110   35.85973    0.18719      54791
  43.02316      2.10064   35.90916    0.16457      55085
  43.03316      2.10017   35.91643    0.17005      54907
  43.04316      2.09971   35.92343    0.16637      55156
  43.05316      2.09924   35.96590    0.18292      55070
  43.06316      2.09878   35.97093    0.17009      54723
  43.07316      2.09831   36.00911    0.17285      55145
  43.08315      2.09785   36.01340    0.18039      55008
  43.09315      2.09739   36.04450    0.15965      55108
  43.10315      2.09692   36.06127    0.18083      54885
  43.11315      2.09646   36.06266    0.17227      54541
  43.12315      2.09600   36.10175    0.17058      55263
  43.13314      2.09553   36.10805    0.16609      54771
  43.14314      2.09507   36.14185    0.17445      55159
  43.15314      2.09461   36.15458    0.17497      54765
  43.16314      2.09415   36.16322    0.18236      54914
  43.17314      2.09369   36.17483    0.19240      54902
  43.18314      2.09322   36.20442    0.17856      54532
  43.19313      2.09276   36.23107    0.15260      55153
  43.20313      2.09230   36.23169    0.17677      54792
  43.21313      2.09184   36.23326    0.16704      54770
  43.22313      2.09138   36.26735    0.17615      55237
  43.23313      2.09092   36.27451    0.17726      54502
  43.24312      2.09046   36.29629    0.18322      55303
  43.25312      2.09000   36.27602    0.16229      54515
  43.26312      2.08954   36.31622    0.17931      55132
  43.27312      2.08908   36.32032    0.16054      54680
  43.28312      2.08862   36.31049    0.17557      54726
  43.29312      2.08816   36.32075    0.17120      54936
  43.30311      2.08770   36.33707    0.17631      54555
  43.31311      2.08724   36.34030    0.18845      54809
  43.32311      2.08679   36.35410    0.17534      55190
  43.33311      2.08633   36.33934    0.17380      54819
  43.34311      2.08587   36.36404    0.18699      54561
  43.35310      2.08541   36.36595    0.16547      54440
  43.36310      2.08495   36.37985    0.16339      54877
  43.37310      2.08450   36.37972    0.17618      55208
  43.38310      2.08404   36.38476    0.17498      54305
  43.39310      2.08358   36.40773    0.17000      54881
  43.40310      2.08313   36.39094    0.18040      54433
  43.41309      2.08267   36.41953    0.17041      55468
  43.42309      2.08221   36.42415    0.17507      54522
  43.43309      2.08176   36.41943    0.17233      54483
  43.44309      2.08130   36.42191    0.16702      54596
  43.45309      2.08084   36.45102    0.17142      54841
  43.46308      2.08039   36.44044    0.17880      54678
  43.47308      2.07993   36.45509    0.17336      54612
  43.48308      2.07948   36.45295    0.17379      54260
  43.49308      2.07902   36.47647    0.17938      54974
  43.50308      2.07857   36.50289    0.18466      54421
  43.51308      2.07811   36.48880    0.17483      54677
  43.52307      2.07766   36.50874    0.16984      54294
  43.53307      2.07721   36.49850    0.17121      54276
  43.54307      2.07675   36.53937    0.16502      54935
  43.55307      2.07630   36.54407    0.18181      54385
  43.56307      2.07585   36.52525    0.17207      54507
  43.57306      2.07539   36.56828    0.18883      54387
  43.58306      2.07494   36.55634    0.18430      54396
  43.59306      2.07449   36.60553    0.16638      54883
  43.60306      2.07403   36.55495    0.15967      54099
  43.61306      2.07358   36.58635    0.17051      54488
  43.62306      2.07313   36.58836    0.17830      54120
  43.63305      2.07268   36.60669    0.18410      54456
  43.64305      2.07223   36.59081    0.17236      54566
  43.65305      2.07177   36.59387    0.18184      54073
  43.66305      2.07132   36.61474    0.18627      54453
  43.67305      2.07087   36.59535    0.17046      54347
  43.68304      2.07042   36.59843    0.17180      54158
  43.69304      2.06997   36.60106    0.17230      54312
  43.70304      2.06952   36.58887    0.16723      54050
  43.71304      2.06907   36.57717    0.17449      54479
  43.72304      2.06862   36.59354    0.17916      54350
  43.73304      2.06817   36.56716    0.18300      54385
  43.74303      2.06772   36.58460    0.16561      54193
  43.75303      2.06727   36.52650    0.18091      54121
  43.76303      2.06682   36.56277    0.16565      54829
  43.77303      2.06637   36.53328    0.17525      54061
  43.78303      2.06593   36.52563    0.16883      54005
  43.79302      2.06548   36.49744    0.17944      54444
  43.80302      2.06503   36.48489    0.17092      54085
  43.81302      2.06458   36.50382    0.17716      54445
  43.82302      2.06413   36.47710    0.19129      54023
  43.83302      2.06369   36.44897    0.17245      54477
  43.84302      2.06324   36.45287    0.17311      54106
  43.85301      2.06279   36.44340    0.17924      54058
  43.86301      2.06234   36.41474    0.16442      54384
  43.87301      2.06190   36.41348    0.16696      54219
  43.88301      2.06145   36.39942    0.17577      54070
  43.89301      2.06100   36.40423    0.18147      54342
  43.90300      2.06056   36.34824    0.17420      54224
  43.91300      2.06011   36.37478    0.17887      54416
  43.92300      2.05967   36.34726    0.17920      53997
  43.93300      2.05922   36.34146    0.16299      54483
  43.94300      2.05877   36.30997    0.16206      54306
  43.95300      2.05833   36.30036    0.17819      54117
  43.96299      2.05788   36.30349    0.17402      53891
  43.97299      2.05744   36.26963    0.18025      54292
  43.98299      2.05700   36.26419    0.18884      54410
  43.99299      2.05655   36.26692    0.18038      54344
  44.00299      2.05611   36.23354    0.16716      53860
  44.01298      2.05566   36.21204    0.17202      54298
  44.02298      2.05522   36.19926    0.17894      53954
  44.03298      2.05478   36.20079    0.15729      54397
  44.04298      2.05433   36.17627    0.17761      54093
  44.05298      2.05389   36.14334    0.18768      53923
  44.06298      2.05345   36.15224    0.17304      54591
  44.07297      2.05300   36.12349    0.18307      53921
  44.08297      2.05256   36.11546    0.16741      54453
  44.09297      2.05212   36.07136    0.16526      53896
  44.10297      2.05168   36.07795    0.15915      54588
  44.11297      2.05124   36.04390    0.17878      54009
  44.12296      2.05079   36.00295    0.17702      54173
  44.13296      2.05035   36.01187    0.17609      53929
  44.14296      2.04991   35.98169    0.18305      54267
  44.15296      2.04947   35.95019    0.17267      54337
  44.16296      2.04903   35.94993    0.16415      54134
  44.17296      2.04859   35.89204    0.18592      53557
  44.18295      2.04815   35.91581    0.17665      54574
  44.19295      2.04771   35.85074    0.17458      54113
  44.20295      2.04727   35.84377    0.16112      54053
  44.21295      2.04683   35.83698    0.17610      53947
  44.22295      2.04639   35.78798    0.17124      54169
  44.23294      2.04595   35.78298    0.17569      54624
  44.24294      2.04551   35.76197    0.17552      53867
  44.25294      2.04507   35.73206    0.16976      53879
  44.26294      2.04463   35.70347    0.16494      54599
  44.27294      2.04419   35.67505    0.17054      54154
  44.28294      2.04376   35.66400    0.17117      53837
  44.29293      2.04332   35.61299    0.18019      53818
  44.30293      2.04288   35.62423    0.17332      54419
  44.31293      2.04244   35.58996    0.17405      54353
  44.32293      2.04201   35.56552    0.16953      53619
  44.33293      2.04157   35.52659    0.17246      54306
  44.34292      2.04113   35.50466    0.18229      54233
  44.35292      2.04069   35.48522    0.15925      54067
  44.36292      2.04026   35.44994    0.17261      53905
  44.37292      2.03982   35.41992    0.17505      53889
  44.38292      2.03938   35.42355    0.17968      54288
  44.39292      2.03895   35.38677    0.17904      54015
  44.40291      2.03851   35.33950    0.16038      54166
  44.41291      2.03808   35.32431    0.17006      54223
  44.42291      2.03764   35.30439    0.17322      53966
  44.43291      2.03721   35.26542    0.16117      54543
  44.44291      2.03677   35.23812    0.17337      53663
  44.45290      2.03634   35.19813    0.17145      53998
  44.46290      2.03590   35.18803    0.18668      54206
  44.47290      2.03547   35.13933    0.16673      54049
  44.48290      2.03503   35.12589    0.15835      54139
  44.49290      2.03460   35.08474    0.18462      53828
  44.50290      2.03416   35.06526    0.16890      54478
  44.51289      2.03373   35.03461    0.16501      53944
  44.52289      2.03330   34.98364    0.18423      53802
  44.53289      2.03286   34.96208    0.17602      54066
  44.54289      2.03243   34.93010    0.17451      54074
  44.55289      2.03200   34.89464    0.15459      54030
  44.56288      2.03156   34.86861    0.16353      54069
  44.57288      2.03113   34.82132    0.18533      54124
  44.58288      2.03070   34.80919    0.16999      54273
  44.59288      2.03027   34.75550    0.16570      53943
  44.60288      2.02984   34.71938    0.16909      54237
  44.61288      2.02940   34.69145    0.17279      53619
  44.62287      2.02897   34.64376    0.16616      54090
  44.63287      2.02854   34.60005    0.17190      54249
  44.64287      2.02811   34.56596    0.16321      53874
  44.65287      2.02768   34.54868    0.18002      54043
  44.66287      2.02725   34.49162    0.16694      54105
  44.67286      2.02682   34.43510    0.16666      54259
  44.68286      2.02639   34.43468    0.17383      53816
  44.69286      2.02596   34.36984    0.20059      53694
  44.70286      2.02553   34.32934    0.15361      54388
  44.71286      2.02510   34.28230    0.15564      53907
  44.72286      2.02467   34.25879    0.17625      53832
  44.73285      2.02424   34.20884    0.18104      54328
  44.74285      2.02381   34.16099    0.15630      54058
  44.75285      2.02338   34.12673    0.17166      53963
  44.76285      2.02295   34.09287    0.17063      53907
  44.77285      2.02252   34.01527    0.16481      54289
  44.78284      2.02210   34.00962    0.17136      54005
  44.79284      2.02167   33.92778    0.16918      53574
  44.80284      2.02124   33.91232    0.16257      54301
  44.81284      2.02081   33.84799    0.16944      54048
  44.82284      2.02038   33.82417    0.16289      53974
  44.83283      2.01996   33.75189    0.17107      53933
  44.84283      2.01953   33.73680    0.17119      54116
  44.85283      2.01910   33.67341    0.18409      53932
  44.86283      2.01868   33.62957    0.16701      53945
  44.87283      2.01825   33.58893    0.15399      53826
  44.88283      2.01782   33.56373    0.16656      54209
  44.89282      2.01740   33.47890    0.17126      53904
  44.90282      2.01697   33.46790    0.15658      54244
  44.91282      2.01655   33.42503    0.17231      53676
  44.92282      2.01612   33.37108    0.18273      54441
  44.93282      2.01569   33.31090    0.16912      53775
  44.94281      2.01527   33.29286    0.14973      53930
  44.95281      2.01484   33.26041    0.15912      53959
  44.96281      2.01442   33.16957    0.17007      54332
  44.97281      2.01400   33.15623    0.16395      53457
  44.98281      2.01357   33.12972    0.17592      54000
  44.99281      2.01315   33.04372    0.17388      54002
  45.00280      2.01272   33.04941    0.16325      54334
  45.01280      2.01230   32.98911    0.17350      53331
  45.02280      2.01187   32.95126    0.15982      54359
  45.03280      2.01145   32.90021    0.16600      53538
  45.04280      2.01103   32.87734    0.16102      53829
  45.05279      2.01061   32.82800    0.16486      53985
  45.06279      2.01018   32.79972    0.15819      53879
  45.07279      2.00976   32.74679    0.17776      53878
  45.08279      2.00934   32.69906    0.16920      53686
  45.09279      2.00891   32.66483    0.16618      53820
  45.10279      2.00849   32.63639    0.14728      54248
  45.11278      2.00807   32.55978    0.16220      53589
  45.12278      2.00765   32.53139    0.17113      53733
  45.13278      2.00723   32.50955    0.16193      53642
  45.14278      2.00681   32.42840    0.16499      53875
  45.15278      2.00639   32.40170    0.17319      53730
  45.16277      2.00596   32.37405    0.15913      53760
  45.17277      2.00554   32.30158    0.16707      53710
  45.18277      2.00512   32.25844    0.17458      53727
  45.19277      2.00470   32.20457    0.15997      53400
  45.20277      2.00428   32.19742    0.16745      53767
  45.21277      2.00386   32.10346    0.15008      53605
  45.22276      2.00344   32.08441    0.16688      53624
  45.23276      2.00302   32.04879    0.16564      53474
  45.24276      2.00260   31.96608    0.17081      53902
  45.25276      2.00218   31.93851    0.16874      53784
  45.26276      2.00177   31.89679    0.14946      53388
  45.27275      2.00135   31.84856    0.15812      53786
  45.28275      2.00093   31.78535    0.15860      53375
  45.29275      2.00051   31.74135    0.16537      53371
  45.30275      2.00009   31.70996    0.16401      53941
  45.31275      1.99967   31.65797    0.16657      53128
  45.32275      1.99926   31.60917    0.16502      53652
  45.33274      1.99884   31.54695    0.17340      53570
  45.34274      1.99842   31.53919    0.15200      53369
  45.35274      1.99800   31.47240    0.16374      53559
  45.36274      1.99759   31.40268    0.16366      53447
  45.37274      1.99717   31.39560    0.15934      53355
  45.38273      1.99675   31.34660    0.16752      53214
  45.39273      1.99634   31.26081    0.15594      53715
  45.40273      1.99592   31.25666    0.17114      53328
  45.41273      1.99550   31.22199    0.15176      53274
  45.42273      1.99509   31.12836    0.15385      53790
  45.43273      1.99467   31.10903    0.16026      53353
  45.44272      1.99426   31.08397    0.16747      53188
  45.45272      1.99384   30.97101    0.16103      53475
  45.46272      1.99342   30.96881    0.15707      53234
  45.47272      1.99301   30.92426    0.16609      53226
  45.48272      1.99259   30.85905    0.15767      53574
  45.49271      1.99218   30.79936    0.15968      53307
  45.50271      1.99177   30.78116    0.15388      53032
  45.51271      1.99135   30.71725    0.17436      53587
  45.52271      1.99094   30.67416    0.16032      53272
  45.53271      1.99052   30.61130    0.18499      52928
  45.54271      1.99011   30.57893    0.13885      53290
  45.55270      1.98970   30.53341    0.16104      53210
  45.56270      1.98928   30.47042    0.16668      53187
  45.57270      1.98887   30.43772    0.14574      53345
  45.58270      1.98846   30.40897    0.17710      53115
  45.59270      1.98804   30.30847    0.16325      53362
  45.60269      1.98763   30.29418    0.15390      53016
  45.61269      1.98722   30.25225    0.14410      53242
  45.62269      1.98681   30.17276    0.15876      53347
  45.63269      1.98639   30.12606    0.16298      52848
  45.64269      1.98598   30.11184    0.16634      53204
  45.65269      1.98557   30.04294    0.14986      53087
  45.66268      1.98516   29.97683    0.16577      53061
  45.67268      1.98475   29.96322    0.16123      53032
  45.68268      1.98434   29.89163    0.15735      53310
  45.69268      1.98393   29.81973    0.16634      52728
  45.70268      1.98351   29.81820    0.15569      53045
  45.71267      1.98310   29.72739    0.14957      53159
  45.72267      1.98269   29.69409    0.15692      53075
  45.73267      1.98228   29.65500    0.16120      52741
  45.74267      1.98187   29.59263    0.15367      53359
  45.75267      1.98146   29.53770    0.16228      52826
  45.76267      1.98105   29.48039    0.15435      52872
  45.77266      1.98064   29.43780    0.14408      53401
  45.78266      1.98024   29.38729    0.16554      52591
  45.79266      1.97983   29.29177    0.16522      52988
  45.80266      1.97942   29.28968    0.15130      53007
  45.81266      1.97901   29.22450    0.14474      52783
  45.82265      1.97860   29.15454    0.16275      52945
  45.83265      1.97819   29.13133    0.16152      53262
  45.84265      1.97778   29.06944    0.16321      52471
  45.85265      1.97738   28.99418    0.15526      53054
  45.86265      1.97697   28.95431    0.15928      52640
  45.87265      1.97656   28.93639    0.14896      52833
  45.88264      1.97615   28.83424    0.15320      52729
  45.89264      1.97575   28.81692    0.15477      52960
  45.90264      1.97534   28.77593    0.15509      52743
  45.91264      1.97493   28.69288    0.16076      52604
  45.92264      1.97452   28.66242    0.15729      53183
  45.93263      1.97412   28.60305    0.15110      52953
  45.94263      1.97371   28.56518    0.14396      52633
  45.95263      1.97331   28.48770    0.15737      52623
  45.96263      1.97290   28.44830    0.14324      52831
  45.97263      1.97249   28.40843    0.16686      52434
  45.98263      1.97209   28.36297    0.15909      52999
  45.99262      1.97168   28.28419    0.15890      52751
  46.00262      1.97128   28.26339    0.14857      52616
  46.01262      1.97087   28.19357    0.15083      52524
  46.02262      1.97047   28.14952    0.15763      53089
  46.03262      1.97006   28.11516    0.15600      52212
  46.04261      1.96966   28.04557    0.15554      52939
  46.05261      1.96925   27.99601    0.14636      52295
  46.06261      1.96885   27.97044    0.15234      52595
  46.07261      1.96845   27.89741    0.15577      52874
  46.08261      1.96804   27.86534    0.14714      52741
  46.09261      1.96764   27.82230    0.16021      52336
  46.10260      1.96723   27.77090    0.14473      52910
  46.11260      1.96683   27.69683    0.15316      52318
  46.12260      1.96643   27.68471    0.15400      52513
  46.13260      1.96603   27.61566    0.15563      52699
  46.14260      1.96562   27.56458    0.14490      52425
  46.15259      1.96522   27.53147    0.15440      52742
  46.16259      1.96482   27.48417    0.14771      52305
  46.17259      1.96442   27.43835    0.15759      52472
  46.18259      1.96401   27.39194    0.15712      52806
  46.19259      1.96361   27.35390    0.15853      52290
  46.20259      1.96321   27.29730    0.15048      52228
  46.21258      1.96281   27.24455    0.13630      52687
  46.22258      1.96241   27.21435    0.15281      52133
  46.23258      1.96201   27.15255    0.15239      52702
  46.24258      1.96161   27.12923    0.15947      52613
  46.25258      1.96120   27.08444    0.14295      52245
  46.26257      1.96080   26.98403    0.16579      52322
  46.27257      1.96040   27.01574    0.14407      52725
  46.28257      1.96000   26.91894    0.13306      52313
  46.29257      1.95960   26.85524    0.15007      52332
  46.30257      1.95920   26.84599    0.16029      52267
  46.31257      1.95880   26.77493    0.15040      52454
  46.32256      1.95840   26.72248    0.14917      52089
  46.33256      1.95801   26.72383    0.15143      52692
  46.34256      1.95761   26.61315    0.15006      52172
  46.35256      1.95721   26.58230    0.15079      52208
  46.36256      1.95681   26.53113    0.14824      52316
  46.37255      1.95641   26.49020    0.15765      52095
  46.38255      1.95601   26.44736    0.14337      52149
  46.39255      1.95561   26.38228    0.15361      52703
  46.40255      1.95521   26.36518    0.13604      52020
  46.41255      1.95482   26.28813    0.14957      52147
  46.42255      1.95442   26.24242    0.15406      52624
  46.43254      1.95402   26.21673    0.14664      52085
  46.44254      1.95362   26.12135    0.13919      52367
  46.45254      1.95323   26.11291    0.15229      52373
  46.46254      1.95283   26.06281    0.14691      51634
  46.47254      1.95243   25.98244    0.14755      52342
  46.48253      1.95204   25.97739    0.14487      52434
  46.49253      1.95164   25.91104    0.14887      51981
  46.50253      1.95124   25.86454    0.16045      52341
  46.51253      1.95085   25.83553    0.13555      52013
  46.52253      1.95045   25.75971    0.15860      52018
  46.53253      1.95006   25.74241    0.15368      52260
  46.54252      1.94966   25.69050    0.14201      51982
  46.55252      1.94926   25.64337    0.13399      52023
  46.56252      1.94887   25.60613    0.14999      52096
  46.57252      1.94847   25.54745    0.15187      52101
  46.58252      1.94808   25.52996    0.14950      52180
  46.59251      1.94768   25.47135    0.15544      51991
  46.60251      1.94729   25.42636    0.12818      52339
  46.61251      1.94690   25.39454    0.14178      51753
  46.62251      1.94650   25.32468    0.15411      52238
  46.63251      1.94611   25.29936    0.14136      51878
  46.64251      1.94571   25.26183    0.15105      51742
  46.65250      1.94532   25.18748    0.14808      52320
  46.66250      1.94493   25.17404    0.14737      51830
  46.67250      1.94453   25.10955    0.13982      51966
  46.68250      1.94414   25.09728    0.14501      52214
  46.69250      1.94375   25.03784    0.15955      51564
  46.70249      1.94335   24.98418    0.14089      52097
  46.71249      1.94296   24.95087    0.13987      51830
  46.72249      1.94257   24.90754    0.15221      51902
  46.73249      1.94218   24.87144    0.13531      52088
  46.74249      1.94178   24.82741    0.14606      51711
  46.75249      1.94139   24.78484    0.13976      52276
  46.76248      1.94100   24.73490    0.14943      51616
  46.77248      1.94061   24.71429    0.13986      52181
  46.78248      1.94022   24.64934    0.14409      51775
  46.79248      1.93983   24.60645    0.13712      51759
  46.80248      1.93944   24.56121    0.14032      51884
  46.81247      1.93904   24.54807    0.14520      51495
  46.82247      1.93865   24.46569    0.14978      51960
  46.83247      1.93826   24.47597    0.14199      52111
  46.84247      1.93787   24.40617    0.15265      51300
  46.85247      1.93748   24.37214    0.14835      52311
  46.86247      1.93709   24.32842    0.13734      51429
  46.87246      1.93670   24.27591    0.14295      51709
  46.88246      1.93631   24.25667    0.13732      52174
  46.89246      1.93592   24.19653    0.14382      51250
  46.90246      1.93553   24.17337    0.14110      52039
  46.91246      1.93514   24.13350    0.14604      51651
  46.92245      1.93476   24.07698    0.14374      51653
  46.93245      1.93437   24.06134    0.13258      52123
  46.94245      1.93398   24.00182    0.13905      51562
  46.95245      1.93359   23.96637    0.13788      51475
  46.96245      1.93320   23.91593    0.14045      51760
  46.97245      1.93281   23.87821    0.15150      51668
  46.98244      1.93242   23.87793    0.14418      51562
  46.99244      1.93204   23.76746    0.13464      51937
  47.00244      1.93165   23.77736    0.14252      51408
  47.01244      1.93126   23.72384    0.14512      51913
  47.02244      1.93087   23.68051    0.14373      51652
  47.03243      1.93049   23.65913    0.14126      51058
  47.04243      1.93010   23.58454    0.15043      51896
  47.05243      1.92971   23.58509    0.13526      51730
  47.06243      1.92933   23.51763    0.13733      51349
  47.07243      1.92894   23.49390    0.13152      51785
  47.08243      1.92855   23.46026    0.15422      51557
  47.09242      1.92817   23.41047    0.14172      51379
  47.10242      1.92778   23.38368    0.12984      51888
  47.11242      1.92740   23.32185    0.14058      51428
  47.12242      1.92701   23.30597    0.14082      51565
  47.13242      1.92662   23.24698    0.13959      51566
  47.14241      1.92624   23.22539    0.12848      51324
  47.15241      1.92585   23.20197    0.14973      51552
  47.16241      1.92547   23.13794    0.14518      51452
  47.17241      1.92508   23.14232    0.14478      51465
  47.18241      1.92470   23.06410    0.14020      51864
  47.19241      1.92432   23.04384    0.13688      51103
  47.20240      1.92393   23.01757    0.14240      51573
  47.21240      1.92355   22.97338    0.13375      51377
  47.22240      1.92316   22.94393    0.13772      51097
  47.23240      1.92278   22.90444    0.14276      51990
  47.24240      1.92240   22.86371    0.13947      50954
  47.25239      1.92201   22.84763    0.13600      51788
  47.26239      1.92163   22.79063    0.12979      51242
  47.27239      1.92125   22.76182    0.13641      51554
  47.28239      1.92086   22.72646    0.13838      51448
  47.29239      1.92048   22.67906    0.13743      51118
  47.30239      1.92010   22.65461    0.13992      51267
  47.31238      1.91972   22.62069    0.13941      51390
  47.32238      1.91933   22.56564    0.13657      51500
  47.33238      1.91895   22.56433    0.13480      51270
  47.34238      1.91857   22.48393    0.14429      51406
  47.35238      1.91819   22.47229    0.13524      51226
  47.36237      1.91781   22.43793    0.14196      51413
  47.37237      1.91742   22.38452    0.15076      51068
  47.38237      1.91704   22.39532    0.12328      51175
  47.39237      1.91666   22.29530    0.13683      51333
  47.40237      1.91628   22.30960    0.13814      51393
  47.41237      1.91590   22.25310    0.13545      51331
  47.42236      1.91552   22.20975    0.14028      51316
  47.43236      1.91514   22.19207    0.13012      51363
  47.44236      1.91476   22.15281    0.13928      51154
  47.45236      1.91438   22.11640    0.12702      51226
  47.46236      1.91400   22.08783    0.13640      51102
  47.47235      1.91362   22.05089    0.14166      51073
  47.48235      1.91324   22.00419    0.14479      51437
  47.49235      1.91286   21.99407    0.12804      50972
  47.50235      1.91248   21.93472    0.14125      51556
  47.51235      1.91210   21.94701    0.14235      51033
  47.52235      1.91172   21.86225    0.13473      51299
  47.53234      1.91134   21.85875    0.13595      50860
  47.54234      1.91096   21.81270    0.13622      50853
  47.55234      1.91059   21.78690    0.13352      51483
  47.56234      1.91021   21.77694    0.13408      51091
  47.57234      1.90983   21.70124    0.13727      51279
  47.58233      1.90945   21.69694    0.12694      50881
  47.59233      1.90907   21.65344    0.14053      51002
  47.60233      1.90870   21.63582    0.12943      51481
  47.61233      1.90832   21.58621    0.12415      51165
  47.62233      1.90794   21.54363    0.14180      50783
  47.63233      1.90756   21.52224    0.13982      51065
  47.64232      1.90719   21.50905    0.12705      50828
  47.65232      1.90681   21.44863    0.13086      51368
  47.66232      1.90643   21.45289    0.14190      51117
  47.67232      1.90606   21.39583    0.13828      50820
  47.68232      1.90568   21.37346    0.13459      51263
  47.69231      1.90531   21.34544    0.14153      50596
  47.70231      1.90493   21.28674    0.13429      51324
  47.71231      1.90455   21.30229    0.12855      50943
  47.72231      1.90418   21.22982    0.13064      51057
  47.73231      1.90380   21.23754    0.13215      50947
  47.74231      1.90343   21.19154    0.14670      50600
  47.75230      1.90305   21.17149    0.12785      51455
  47.76230      1.90268   21.13754    0.13606      51080
  47.77230      1.90230   21.10179    0.11756      50880
  47.78230      1.90193   21.07938    0.14022      50961
  47.79230      1.90155   21.06029    0.13191      50363
  47.80229      1.90118   21.03214    0.12808      51206
  47.81229      1.90080   21.00435    0.14622      51049
  47.82229      1.90043   20.96872    0.13266      50676
  47.83229      1.90006   20.93574    0.13070      51229
  47.84229      1.89968   20.93009    0.12919      50355
  47.85229      1.89931   20.88081    0.13767      51470
  47.86228      1.89893   20.90342    0.13496      50670
  47.87228      1.89856   20.80647    0.13873      50840
  47.88228      1.89819   20.84356    0.13016      50846
  47.89228      1.89782   20.76452    0.12660      50561
  47.90228      1.89744   20.77680    0.13348      51255
  47.91227      1.89707   20.74212    0.12865      50726
  47.92227      1.89670   20.68453    0.13100      50799
  47.93227      1.89633   20.70527    0.12749      51018
  47.94227      1.89595   20.63829    0.13282      50512
  47.95227      1.89558   20.62931    0.13923      50858
  47.96227      1.89521   20.60506    0.12230      50745
  47.97226      1.89484   20.55580    0.12662      50770
  47.98226      1.89447   20.54332    0.13527      50859
  47.99226      1.89410   20.52041    0.13499      50726
  48.00226      1.89372   20.47926    0.13074      50969
  48.01226      1.89335   20.47605    0.14382      50632
  48.02225      1.89298   20.40167    0.13974      50664
  48.03225      1.89261   20.41656    0.11965      50574
  48.04225      1.89224   20.34866    0.13291      50828
  48.05225      1.89187   20.36549    0.12864      50610
  48.06225      1.89150   20.29990    0.13314      51047
  48.07224      1.89113   20.29807    0.13063      50303
  48.08224      1.89076   20.27056    0.13504      50865
  48.09224      1.89039   20.23659    0.12747      50682
  48.10224      1.89002   20.20499    0.11951      50899
  48.11224      1.88965   20.17611    0.13185      50691
  48.12224      1.88928   20.13781    0.12040      50270
  48.13223      1.88891   20.14422    0.14385      50856
  48.14223      1.88854   20.09813    0.12967      50633
  48.15223      1.88818   20.08909    0.13568      50371
  48.16223      1.88781   20.04254    0.12960      51019
  48.17223      1.88744   20.02293    0.12932      50235
  48.18222      1.88707   20.00115    0.12549      51208
  48.19222      1.88670   19.97619    0.14198      50316
  48.20222      1.88633   19.94578    0.13140      50345
  48.21222      1.88597   19.92726    0.13362      50689
  48.22222      1.88560   19.90611    0.12280      50380
  48.23222      1.88523   19.87658    0.12516      50948
  48.24221      1.88486   19.84716    0.13132      50390
  48.25221      1.88450   19.82239    0.12870      50677
  48.26221      1.88413   19.79896    0.12318      50629
  48.27221      1.88376   19.78523    0.13326      50401
  48.28221      1.88340   19.74591    0.11942      50630
  48.29220      1.88303   19.73422    0.13334      50327
  48.30220      1.88266   19.68437    0.13238      50527
  48.31220      1.88230   19.69145    0.11978      50618
  48.32220      1.88193   19.63425    0.13460      50320
  48.33220      1.88156   19.64352    0.13982      50622
  48.34220      1.88120   19.61094    0.12437      50601
  48.35219      1.88083   19.56957    0.14002      50214
  48.36219      1.88047   19.57873    0.12132      50738
  48.37219      1.88010   19.50350    0.13582      50014
  48.38219      1.87974   19.52738    0.11774      50656
  48.39219      1.87937   19.47970    0.13143      50527
  48.40218      1.87901   19.45773    0.13530      50181
  48.41218      1.87864   19.45551    0.12567      50941
  48.42218      1.87828   19.40141    0.11985      50130
  48.43218      1.87791   19.40321    0.12086      50730
  48.44218      1.87755   19.35738    0.13385      50308
  48.45218      1.87719   19.34908    0.12184      50121
  48.46217      1.87682   19.30605    0.13075      50675
  48.47217      1.87646   19.30956    0.12675      49954
  48.48217      1.87609   19.26337    0.13035      50786
  48.49217      1.87573   19.26313    0.13051      50187
  48.50217      1.87537   19.21222    0.12423      50518
  48.51216      1.87500   19.22333    0.12868      50420
  48.52216      1.87464   19.17934    0.13386      50190
  48.53216      1.87428   19.15592    0.13201      50245
  48.54216      1.87392   19.14873    0.12970      50287
  48.55216      1.87355   19.11523    0.12240      50064
  48.56216      1.87319   19.10242    0.12229      50646
  48.57215      1.87283   19.07442    0.12412      50188
  48.58215      1.87247   19.04897    0.13599      50584
  48.59215      1.87210   19.05027    0.11740      50255
  48.60215      1.87174   18.99458    0.12749      50250
  48.61215      1.87138   19.00912    0.11648      50156
  48.62214      1.87102   18.94365    0.13205      50283
  48.63214      1.87066   18.98252    0.12447      50054
  48.64214      1.87030   18.89596    0.12832      50676
  48.65214      1.86994   18.92582    0.13871      49837
  48.66214      1.86958   18.86440    0.11771      50588
  48.67214      1.86921   18.88280    0.13014      50047
  48.68213      1.86885   18.84162    0.13005      50403
  48.69213      1.86849   18.82911    0.13025      50212
  48.70213      1.86813   18.79276    0.12223      50130
  48.71213      1.86777   18.78935    0.12810      50130
  48.72213      1.86741   18.76128    0.13149      50147
  48.73212      1.86705   18.74167    0.11451      50256
  48.74212      1.86669   18.74883    0.13566      50082
  48.75212      1.86633   18.68118    0.11837      50472
  48.76212      1.86598   18.71607    0.11955      50000
  48.77212      1.86562   18.63419    0.12338      50330
  48.78212      1.86526   18.66834    0.13178      49662
  48.79211      1.86490   18.60936    0.12440      50625
  48.80211      1.86454   18.63205    0.12180      49569
  48.81211      1.86418   18.56984    0.12790      50695
  48.82211      1.86382   18.59801    0.12341      49764
  48.83211      1.86346   18.53260    0.13541      50251
  48.84210      1.86311   18.56061    0.12695      50407
  48.85210      1.86275   18.51672    0.12663      49950
  48.86210      1.86239   18.50119    0.12254      50166
  48.87210      1.86203   18.50044    0.12828      49782
  48.88210      1.86168   18.46227    0.12227      50197
  48.89210      1.86132   18.48801    0.11821      49954
  48.90209      1.86096   18.41298    0.12921      50242
  48.91209      1.86060   18.46506    0.12735      49991
  48.92209      1.86025   18.38883    0.11709      50293
  48.93209      1.85989   18.43028    0.12114      49840
  48.94209      1.85953   18.34390    0.12786      50153
  48.95208      1.85918   18.38357    0.11894      49669
  48.96208      1.85882   18.34547    0.12167      50378
  48.97208      1.85847   18.34153    0.13749      49851
  48.98208      1.85811   18.31577    0.11927      50036
  48.99208      1.85775   18.31705    0.13606      50172
  49.00208      1.85740   18.29845    0.11620      49887
  49.01207      1.85704   18.27894    0.12417      50189
  49.02207      1.85669   18.27917    0.13919      49667
  49.03207      1.85633   18.23431    0.12686      50026
  49.04207      1.85598   18.27576    0.12285      50059
  49.05207      1.85562   18.20195    0.11651      49934
  49.06206      1.85527   18.22348    0.12920      49990
  49.07206      1.85491   18.21056    0.11630      49821
  49.08206      1.85456   18.19013    0.13114      50086
  49.09206      1.85420   18.19661    0.11221      50196
  49.10206      1.85385   18.17028    0.12654      49610
  49.11206      1.85350   18.15760    0.12285      49882
  49.12205      1.85314   18.15739    0.12600      49776
  49.13205      1.85279   18.15623    0.13333      50023
  49.14205      1.85243   18.13075    0.11329      49876
  49.15205      1.85208   18.11618    0.12637      50050
  49.16205      1.85173   18.13707    0.12866      49827
  49.17204      1.85137   18.10700    0.12228      50072
  49.18204      1.85102   18.13539    0.13911      49667
  49.19204      1.85067   18.09248    0.11933      50108
  49.20204      1.85032   18.13794    0.12773      49319
  49.21204      1.84996   18.07329    0.11640      50193
  49.22204      1.84961   18.12186    0.13043      49676
  49.23203      1.84926   18.08907    0.12087      50080
  49.24203      1.84891   18.10300    0.12234      49758
  49.25203      1.84855   18.10916    0.11819      49900
  49.26203      1.84820   18.09863    0.11718      49854
  49.27203      1.84785   18.11169    0.13114      49660
  49.28202      1.84750   18.09506    0.12210      49865
  49.29202      1.84715   18.10013    0.12776      49721
  49.30202      1.84680   18.12212    0.11627      49881
  49.31202      1.84645   18.09489    0.13048      49756
  49.32202      1.84610   18.15153    0.12840      49790
  49.33202      1.84574   18.10504    0.12487      49830
  49.34201      1.84539   18.14868    0.12756      49561
  49.35201      1.84504   18.11612    0.12119      50187
  49.36201      1.84469   18.14895    0.13376      49308
  49.37201      1.84434   18.13456    0.13096      49917
  49.38201      1.84399   18.16453    0.11458      49680
  49.39200      1.84364   18.16364    0.12504      49738
  49.40200      1.84329   18.16611    0.12110      49760
  49.41200      1.84294   18.17848    0.12629      49826
  49.42200      1.84259   18.17705    0.11573      49804
  49.43200      1.84225   18.17237    0.12452      49686
  49.44200      1.84190   18.21019    0.12235      49404
  49.45199      1.84155   18.18043    0.12287      49803
  49.46199      1.84120   18.23474    0.12669      49526
  49.47199      1.84085   18.18122    0.13181      49932
  49.48199      1.84050   18.23757    0.12372      49675
  49.49199      1.84015   18.20116    0.11920      49578
  49.50198      1.83980   18.24712    0.12873      49629
  49.51198      1.83946   18.23561    0.12909      50009
  49.52198      1.83911   18.23696    0.13458      49327
  49.53198      1.83876   18.24429    0.12053      49610
  49.54198      1.83841   18.23506    0.11917      49432
  49.55198      1.83807   18.23411    0.12216      49918
  49.56197      1.83772   18.26558    0.12671      49481
  49.57197      1.83737   18.22028    0.12235      49832
  49.58197      1.83702   18.29229    0.11822      49417
  49.59197      1.83668   18.19296    0.11626      49775
  49.60197      1.83633   18.24752    0.12865      49411
  49.61196      1.83598   18.22948    0.12512      49793
  49.62196      1.83564   18.21115    0.12439      49484
  49.63196      1.83529   18.23071    0.11901      49538
  49.64196      1.83494   18.18143    0.12556      49636
  49.65196      1.83460   18.19427    0.12843      49734
  49.66196      1.83425   18.17737    0.13153      49504
  49.67195      1.83391   18.15256    0.12379      49368
  49.68195      1.83356   18.16482    0.12218      49872
  49.69195      1.83322   18.11382    0.12284      49425
  49.70195      1.83287   18.09279    0.12756      49512
  49.71195      1.83252   18.10362    0.12381      49418
  49.72194      1.83218   18.03739    0.12118      49523
  49.73194      1.83183   18.06764    0.12153      49427
  49.74194      1.83149   17.99113    0.11754      49815
  49.75194      1.83115   17.98010    0.12065      49488
  49.76194      1.83080   17.95706    0.11925      49363
  49.77194      1.83046   17.91808    0.12396      49204
  49.78193      1.83011   17.88560    0.12774      49679
  49.79193      1.82977   17.87551    0.12465      49497
  49.80193      1.82942   17.80524    0.11451      49530
  49.81193      1.82908   17.81174    0.13107      49461
  49.82193      1.82874   17.73937    0.12328      49371
  49.83192      1.82839   17.73955    0.12109      49650
  49.84192      1.82805   17.71301    0.12632      49692
  49.85192      1.82771   17.64121    0.13961      49211
  49.86192      1.82736   17.65640    0.12265      49327
  49.87192      1.82702   17.56765    0.11180      49580
  49.88192      1.82668   17.57280    0.11963      49172
  49.89191      1.82634   17.54276    0.12101      49829
  49.90191      1.82599   17.49146    0.12813      49028
  49.91191      1.82565   17.46906    0.11494      49691
  49.92191      1.82531   17.43849    0.12062      49284
  49.93191      1.82497   17.38028    0.11390      49241
  49.94190      1.82462   17.38542    0.12078      49499
  49.95190      1.82428   17.31815    0.12810      49317
  49.96190      1.82394   17.31149    0.12156      49455
  49.97190      1.82360   17.28366    0.11948      49347
  49.98190      1.82326   17.24214    0.12579      49253
  49.99190      1.82292   17.23276    0.12046      49514
  50.00189      1.82258   17.17072    0.12529      49421
  50.01189      1.82223   17.19116    0.12484      49562
  50.02189      1.82189   17.11540    0.12387      49173
  50.03189      1.82155   17.11582    0.11937      49004
  50.04189      1.82121   17.07723    0.11684      49692
  50.05188      1.82087   17.04991    0.12744      49121
  50.06188      1.82053   17.03205    0.11462      49431
  50.07188      1.82019   17.00782    0.10988      49505
  50.08188      1.81985   16.97619    0.11536      49196
  50.09188      1.81951   16.95135    0.12809      49534
  50.10188      1.81917   16.93194    0.12105      49074
  50.11187      1.81883   16.89728    0.11646      49164
  50.12187      1.81849   16.89800    0.11859      49182
  50.13187      1.81815   16.84274    0.12015      49329
  50.14187      1.81782   16.86756    0.12460      49441
  50.15187      1.81748   16.80653    0.12065      49314
  50.16186      1.81714   16.80036    0.12533      49185
  50.17186      1.81680   16.78690    0.12603      49237
  50.18186      1.81646   16.75227    0.11204      49299
  50.19186      1.81612   16.76987    0.13198      49267
  50.20186      1.81578   16.71498    0.11892      49395
  50.21186      1.81545   16.72013    0.11082      48761
  50.22185      1.81511   16.68545    0.11453      49615
  50.23185      1.81477   16.66741    0.12686      49146
  50.24185      1.81443   16.67752    0.11140      49316
  50.25185      1.81409   16.63724    0.11698      49401
  50.26185      1.81376   16.62593    0.11417      48614
  50.27184      1.81342   16.61273    0.12024      49484
  50.28184      1.81308   16.60725    0.12459      49029
  50.29184      1.81275   16.57077    0.11965      49116
  50.30184      1.81241   16.58955    0.12289      49518
  50.31184      1.81207   16.55545    0.11176      49019
  50.32184      1.81174   16.54487    0.12408      49381
  50.33183      1.81140   16.54548    0.12244      49295
  50.34183      1.81106   16.50859    0.12070      48973
  50.35183      1.81073   16.52823    0.12486      49053
  50.36183      1.81039   16.47699    0.12057      49037
  50.37183      1.81005   16.49537    0.11358      49257
  50.38182      1.80972   16.47894    0.11215      49278
  50.39182      1.80938   16.44622    0.12636      48838
  50.40182      1.80905   16.47005    0.11065      49418
  50.41182      1.80871   16.42529    0.10950      49175
  50.42182      1.80838   16.44076    0.12112      48827
  50.43182      1.80804   16.39822    0.12084      49409
  50.44181      1.80771   16.39812    0.12044      48768
  50.45181      1.80737   16.39660    0.11046      49273
  50.46181      1.80704   16.37291    0.11997      49153
  50.47181      1.80670   16.38701    0.12750      48918
  50.48181      1.80637   16.35402    0.11741      49326
  50.49180      1.80603   16.34541    0.12446      48671
  50.50180      1.80570   16.34556    0.11719      49472
  50.51180      1.80537   16.33091    0.12207      49076
  50.52180      1.80503   16.32670    0.11842      48885
  50.53180      1.80470   16.31059    0.11560      49290
  50.54180      1.80437   16.30939    0.12046      48559
  50.55179      1.80403   16.28901    0.11426      49520
  50.56179      1.80370   16.29093    0.10912      49150
  50.57179      1.80337   16.27861    0.11491      48979
  50.58179      1.80303   16.25848    0.11721      49053
  50.59179      1.80270   16.26438    0.11575      48469
  50.60178      1.80237   16.24635    0.11736      49571
  50.61178      1.80203   16.23648    0.11682      48836
  50.62178      1.80170   16.23820    0.12590      48741
  50.63178      1.80137   16.23262    0.11697      49465
  50.64178      1.80104   16.23133    0.11696      48555
  50.65178      1.80071   16.20696    0.11982      49464
  50.66177      1.80037   16.21195    0.11990      49049
  50.67177      1.80004   16.20090    0.13040      48737
  50.68177      1.79971   16.19383    0.11664      49285
  50.69177      1.79938   16.19163    0.11432      48559
  50.70177      1.79905   16.17037    0.11023      49178
  50.71176      1.79872   16.17132    0.12299      49098
  50.72176      1.79838   16.15249    0.11345      48464
  50.73176      1.79805   16.16711    0.11335      49574
  50.74176      1.79772   16.15566    0.11283      48560
  50.75176      1.79739   16.12800    0.10909      49033
  50.76176      1.79706   16.13490    0.12600      49134
  50.77175      1.79673   16.11929    0.11971      48489
  50.78175      1.79640   16.11786    0.11685      49203
  50.79175      1.79607   16.12184    0.11480      48769
  50.80175      1.79574   16.07968    0.11669      48830
  50.81175      1.79541   16.09901    0.12487      49367
  50.82174      1.79508   16.08746    0.11937      48437
  50.83174      1.79475   16.07058    0.11751      49315
  50.84174      1.79442   16.08006    0.11773      48827
  50.85174      1.79409   16.04142    0.12695      48520
  50.86174      1.79376   16.05382    0.10601      49413
  50.87174      1.79343   16.04948    0.12007      48533
  50.88173      1.79311   16.01795    0.12121      49045
  50.89173      1.79278   16.02970    0.10755      49125
  50.90173      1.79245   16.00809    0.11244      48412
  50.91173      1.79212   15.99329    0.11969      49076
  50.92173      1.79179   16.00389    0.11395      48616
  50.93172      1.79146   15.96595    0.11912      48846
  50.94172      1.79113   15.98760    0.11574      49220
  50.95172      1.79081   15.96196    0.11899      48346
  50.96172      1.79048   15.95986    0.11714      49242
  50.97172      1.79015   15.94622    0.12414      48931
  50.98172      1.78982   15.94079    0.11304      48617
  50.99171      1.78950   15.93649    0.11613      49264
  51.00171      1.78917   15.92847    0.12853      48443
  51.01171      1.78884   15.91071    0.11738      48777
  51.02171      1.78851   15.90867    0.11292      49020
  51.03171      1.78819   15.88774    0.11411      48243
  51.04170      1.78786   15.90167    0.11372      49365
  51.05170      1.78753   15.87740    0.11634      48466
  51.06170      1.78721   15.88308    0.10236      48912
  51.07170      1.78688   15.85951    0.12750      48947
  51.08170      1.78655   15.85315    0.11037      48437
  51.09170      1.78623   15.84997    0.11858      48977
  51.10169      1.78590   15.84007    0.11413      48820
  51.11169      1.78558   15.82988    0.12014      48428
  51.12169      1.78525   15.83490    0.12237      49126
  51.13169      1.78493   15.80848    0.11485      48505
  51.14169      1.78460   15.81499    0.11595      49043
  51.15168      1.78427   15.80544    0.12700      48784
  51.16168      1.78395   15.79165    0.11347      48463
  51.17168      1.78362   15.78897    0.11829      49063
  51.18168      1.78330   15.76697    0.12221      48434
  51.19168      1.78297   15.77075    0.11100      48698
  51.20168      1.78265   15.76102    0.11321      48939
  51.21167      1.78233   15.75109    0.11353      48534
  51.22167      1.78200   15.74899    0.10636      49008
  51.23167      1.78168   15.72332    0.11450      48435
  51.24167      1.78135   15.72785    0.11685      48732
  51.25167      1.78103   15.70870    0.11256      48832
  51.26166      1.78070   15.70684    0.12251      48397
  51.27166      1.78038   15.69757    0.11520      48944
  51.28166      1.78006   15.69553    0.11952      48551
  51.29166      1.77973   15.68370    0.11170      48654
  51.30166      1.77941   15.67878    0.11992      48903
  51.31166      1.77909   15.66180    0.12571      48749
  51.32165      1.77876   15.66366    0.10953      48778
  51.33165      1.77844   15.65374    0.11950      48669
  51.34165      1.77812   15.62945    0.13107      48214
  51.35165      1.77780   15.65023    0.10722      48872
  51.36165      1.77747   15.62641    0.11394      48563
  51.37164      1.77715   15.62435    0.11630      48712
  51.38164      1.77683   15.62516    0.10831      48870
  51.39164      1.77651   15.60246    0.11411      48410
  51.40164      1.77618   15.60578    0.11200      48671
  51.41164      1.77586   15.59517    0.11188      48457
  51.42163      1.77554   15.57585    0.11622      48480
  51.43163      1.77522   15.59976    0.11852      48819
  51.44163      1.77490   15.56861    0.11474      48654
  51.45163      1.77458   15.56932    0.11985      48607
  51.46163      1.77425   15.58119    0.11693      48532
  51.47163      1.77393   15.55355    0.11371      48664
  51.48162      1.77361   15.56344    0.11471      48891
  51.49162      1.77329   15.55515    0.13004      48553
  51.50162      1.77297   15.53618    0.11780      48286
  51.51162      1.77265   15.54052    0.11116      48752
  51.52162      1.77233   15.54308    0.11795      48536
  51.53161      1.77201   15.51819    0.10947      48425
  51.54161      1.77169   15.52925    0.11046      48831
  51.55161      1.77137   15.50839    0.11425      48436
  51.56161      1.77105   15.50404    0.11105      48448
  51.57161      1.77073   15.50630    0.11419      48633
  51.58161      1.77041   15.49093    0.11627      48522
  51.59160      1.77009   15.49767    0.10846      48443
  51.60160      1.76977   15.48168    0.12368      48686
  51.61160      1.76945   15.48039    0.11757      48473
  51.62160      1.76913   15.47530    0.12417      48561
  51.63160      1.76881   15.46297    0.10978      48668
  51.64159      1.76849   15.45784    0.12127      48432
  51.65159      1.76817   15.45521    0.11813      48818
  51.66159      1.76786   15.43695    0.11259      48430
  51.67159      1.76754   15.43458    0.11930      48338
  51.68159      1.76722   15.41995    0.11999      48513
  51.69159      1.76690   15.42522    0.10598      48522
  51.70158      1.76658   15.40972    0.10945      48569
  51.71158      1.76626   15.40505    0.10825      48596
  51.72158      1.76595   15.38809    0.11141      48202
  51.73158      1.76563   15.37819    0.12191      48348
  51.74158      1.76531   15.38101    0.11199      48676
  51.75157      1.76499   15.37131    0.11271      48502
  51.76157      1.76468   15.36215    0.11743      48519
  51.77157      1.76436   15.34633    0.11220      48230
  51.78157      1.76404   15.35239    0.12056      48661
  51.79157      1.76372   15.34800    0.11710      48594
  51.80157      1.76341   15.32745    0.12054      48372
  51.81156      1.76309   15.33226    0.12032      48421
  51.82156      1.76277   15.32456    0.11312      48615
  51.83156      1.76246   15.30880    0.12056      48260
  51.84156      1.76214   15.30947    0.11005      48461
  51.85156      1.76182   15.30792    0.11169      48549
  51.86155      1.76151   15.28883    0.11562      48277
  51.87155      1.76119   15.29959    0.10906      48560
  51.88155      1.76088   15.29034    0.11023      48381
  51.89155      1.76056   15.28019    0.11046      48317
  51.90155      1.76024   15.27910    0.10742      48409
  51.91155      1.75993   15.27520    0.12535      48540
  51.92154      1.75961   15.26969    0.12069      48281
  51.93154      1.75930   15.26955    0.10730      48596
  51.94154      1.75898   15.25723    0.11736      48165
  51.95154      1.75867   15.26421    0.11804      48361
  51.96154      1.75835   15.26594    0.11558      48752
  51.97153      1.75804   15.24973    0.11916      48356
  51.98153      1.75772   15.25383    0.12230      48360
  51.99153      1.75741   15.24187    0.11610      48334
  52.00153      1.75710   15.24473    0.11901      48047
  52.01153      1.75678   15.24827    0.10376      48722
  52.02153      1.75647   15.23349    0.11891      48198
  52.03152      1.75615   15.23822    0.10132      48525
  52.04152      1.75584   15.24078    0.11542      48243
  52.05152      1.75553   15.22035    0.11389      48249
  52.06152      1.75521   15.23091    0.11122      48582
  52.07152      1.75490   15.21393    0.11659      47950
  52.08151      1.75458   15.23030    0.11372      48477
  52.09151      1.75427   15.23734    0.11402      48548
  52.10151      1.75396   15.20921    0.11933      48115
  52.11151      1.75365   15.22984    0.12328      48430
  52.12151      1.75333   15.21681    0.11050      48508
  52.13151      1.75302   15.20604    0.11971      47986
  52.14150      1.75271   15.21990    0.11484      48881
  52.15150      1.75239   15.20419    0.12116      48186
  52.16150      1.75208   15.20481    0.11529      48127
  52.17150      1.75177   15.21837    0.10998      48414
  52.18150      1.75146   15.20271    0.11109      48238
  52.19149      1.75115   15.20017    0.10741      48284
  52.20149      1.75083   15.19355    0.10838      48384
  52.21149      1.75052   15.19633    0.11446      48169
  52.22149      1.75021   15.19598    0.11536      48283
  52.23149      1.74990   15.18368    0.11364      48102
  52.24149      1.74959   15.18662    0.11875      48520
  52.25148      1.74928   15.19072    0.10752      48132
  52.26148      1.74897   15.17343    0.11706      48162
  52.27148      1.74865   15.19103    0.11945      48632
  52.28148      1.74834   15.17006    0.11769      47958
  52.29148      1.74803   15.18348    0.12205      48566
  52.30147      1.74772   15.17646    0.11854      48506
  52.31147      1.74741   15.16428    0.11078      47854
  52.32147      1.74710   15.16598    0.11793      48371
  52.33147      1.74679   15.15892    0.10780      48402
  52.34147      1.74648   15.15566    0.11635      47954
  52.35147      1.74617   15.16122    0.10663      48467
  52.36146      1.74586   15.14744    0.10969      48176
  52.37146      1.74555   15.14560    0.11551      48062
  52.38146      1.74524   15.14964    0.10513      48233
  52.39146      1.74493   15.12337    0.12597      47978
  52.40146      1.74462   15.15537    0.11609      48428
  52.41145      1.74431   15.13416    0.11491      48104
  52.42145      1.74400   15.13112    0.10831      48387
  52.43145      1.74370   15.14092    0.12567      48327
  52.44145      1.74339   15.12989    0.11228      47994
  52.45145      1.74308   15.12910    0.12332      48465
  52.46145      1.74277   15.13454    0.11639      48229
  52.47144      1.74246   15.13246    0.11331      48160
  52.48144      1.74215   15.12533    0.12140      48279
  52.49144      1.74184   15.11666    0.11112      47882
  52.50144      1.74154   15.13964    0.11045      48382
  52.51144      1.74123   15.12985    0.10923      48222
  52.52143      1.74092   15.13722    0.10892      48030
  52.53143      1.74061   15.13420    0.11295      48401
  52.54143      1.74030   15.13148    0.11436      47874
  52.55143      1.74000   15.14263    0.11164      48096
  52.56143      1.73969   15.15873    0.11871      48347
  52.57143      1.73938   15.15484    0.10965      47708
  52.58142      1.73907   15.17840    0.12427      48657
  52.59142      1.73877   15.17415    0.11813      48221
  52.60142      1.73846   15.18669    0.11249      48040
  52.61142      1.73815   15.20400    0.11643      48255
  52.62142      1.73785   15.21890    0.12136      48022
  52.63141      1.73754   15.24900    0.11713      48402
  52.64141      1.73723   15.25560    0.12214      48044
  52.65141      1.73693   15.26865    0.11871      47847
  52.66141      1.73662   15.30620    0.10774      48554
  52.67141      1.73632   15.32258    0.10966      47976
  52.68141      1.73601   15.35575    0.10803      48010
  52.69140      1.73570   15.38469    0.11382      48286
  52.70140      1.73540   15.40340    0.11612      47632
  52.71140      1.73509   15.46112    0.11591      48254
  52.72140      1.73479   15.49793    0.11810      48371
  52.73140      1.73448   15.53644    0.11140      47921
  52.74139      1.73418   15.58055    0.12407      48034
  52.75139      1.73387   15.62694    0.12055      48198
  52.76139      1.73357   15.68859    0.11559      48299
  52.77139      1.73326   15.73858    0.13037      47958
  52.78139      1.73296   15.79392    0.11417      47918
  52.79139      1.73265   15.86442    0.12175      48605
  52.80138      1.73235   15.92083    0.11937      48012
  52.81138      1.73204   15.98375    0.13064      47646
  52.82138      1.73174   16.07267    0.11425      48424
  52.83138      1.73143   16.13544    0.11631      47904
  52.84138      1.73113   16.21882    0.10827      48106
  52.85137      1.73083   16.30007    0.11939      48132
  52.86137      1.73052   16.38041    0.11721      47716
  52.87137      1.73022   16.47575    0.12492      48180
  52.88137      1.72991   16.56211    0.11801      48098
  52.89137      1.72961   16.66532    0.12879      48085
  52.90137      1.72931   16.76791    0.11879      48065
  52.91136      1.72900   16.86002    0.12329      47808
  52.92136      1.72870   16.97526    0.12412      48410
  52.93136      1.72840   17.07895    0.13251      47848
  52.94136      1.72810   17.18067    0.12195      48079
  52.95136      1.72779   17.30779    0.13094      48477
  52.96135      1.72749   17.40628    0.12715      47897
  52.97135      1.72719   17.52395    0.12466      47810
  52.98135      1.72689   17.64543    0.12593      48010
  52.99135      1.72658   17.76046    0.12141      47667
  53.00135      1.72628   17.88938    0.12297      48464
  53.01135      1.72598   18.00875    0.11416      47957
  53.02134      1.72568   18.13133    0.12778      47899
  53.03134      1.72538   18.26259    0.12267      48117
  53.04134      1.72507   18.37563    0.12984      47655
  53.05134      1.72477   18.50922    0.13362      47991
  53.06134      1.72447   18.64122    0.12688      48308
  53.07133      1.72417   18.76172    0.12788      47870
  53.08133      1.72387   18.90106    0.13730      48119
  53.09133      1.72357   19.00245    0.12574      47940
  53.10133      1.72327   19.14887    0.13272      48209
  53.11133      1.72297   19.26448    0.13565      47919
  53.12133      1.72266   19.38865    0.13738      48055
  53.13132      1.72236   19.50539    0.13164      48063
  53.14132      1.72206   19.62239    0.13521      47836
  53.15132      1.72176   19.75247    0.11843      47679
  53.16132      1.72146   19.87019    0.12689      48277
  53.17132      1.72116   19.96715    0.12298      47791
  53.18131      1.72086   20.11047    0.13209      47715
  53.19131      1.72056   20.21288    0.13591      48147
  53.20131      1.72026   20.30955    0.12834      47889
  53.21131      1.71996   20.42815    0.13351      48115
  53.22131      1.71966   20.51873    0.13072      47714
  53.23131      1.71936   20.62947    0.13609      47822
  53.24130      1.71907   20.73206    0.14376      48272
  53.25130      1.71877   20.83123    0.13161      47877
  53.26130      1.71847   20.92031    0.14785      48079
  53.27130      1.71817   21.01467    0.13180      48139
  53.28130      1.71787   21.11012    0.14105      47857
  53.29129      1.71757   21.19756    0.13841      47668
  53.30129      1.71727   21.26528    0.14058      47932
  53.31129      1.71697   21.38656    0.13043      47965
  53.32129      1.71667   21.45815    0.12529      47975
  53.33129      1.71638   21.52550    0.12909      47803
  53.34129      1.71608   21.63115    0.13509      47970
  53.35128      1.71578   21.69787    0.13860      47789
  53.36128      1.71548   21.77302    0.13785      47597
  53.37128      1.71518   21.86379    0.14824      48226
  53.38128      1.71489   21.91990    0.12638      47931
  53.39128      1.71459   22.00791    0.15417      47722
  53.40127      1.71429   22.06844    0.14125      48107
  53.41127      1.71399   22.13812    0.14236      47872
  53.42127      1.71370   22.20866    0.14439      48078
  53.43127      1.71340   22.26953    0.14021      47766
  53.44127      1.71310   22.34542    0.14325      47915
  53.45127      1.71281   22.38893    0.15056      48112
  53.46126      1.71251   22.43736    0.14202      47548
  53.47126      1.71221   22.51359    0.13364      47884
  53.48126      1.71192   22.56360    0.12965      48053
  53.49126      1.71162   22.60747    0.13612      47762
  53.50126      1.71132   22.66223    0.13332      47723
  53.51125      1.71103   22.69210    0.14399      47753
  53.52125      1.71073   22.73255    0.13629      47770
  53.53125      1.71044   22.77966    0.14480      47986
  53.54125      1.71014   22.79638    0.14410      47918
  53.55125      1.70984   22.82605    0.14634      47839
  53.56125      1.70955   22.84090    0.13382      47885
  53.57124      1.70925   22.86636    0.15221      47919
  53.58124      1.70896   22.87359    0.14277      47819
  53.59124      1.70866   22.87490    0.14182      48012
  53.60124      1.70837   22.89121    0.14980      47902
  53.61124      1.70807   22.86383    0.14163      47844
  53.62123      1.70778   22.84679    0.14144      47616
  53.63123      1.70748   22.86070    0.14117      47937
  53.64123      1.70719   22.82484    0.12481      47829
  53.65123      1.70689   22.80172    0.13634      47740
  53.66123      1.70660   22.76875    0.13449      47776
  53.67123      1.70630   22.73476    0.13806      47698
  53.68122      1.70601   22.69992    0.13973      47707
  53.69122      1.70572   22.62963    0.13607      47931
  53.70122      1.70542   22.59229    0.14104      47892
  53.71122      1.70513   22.53394    0.14017      47635
  53.72122      1.70483   22.43675    0.13918      47884
  53.73121      1.70454   22.40315    0.14938      48009
  53.74121      1.70425   22.33122    0.13953      47797
  53.75121      1.70395   22.22825    0.13968      47767
  53.76121      1.70366   22.15587    0.14620      47940
  53.77121      1.70337   22.06957    0.13384      47706
  53.78121      1.70307   21.97867    0.15892      47874
  53.79120      1.70278   21.87125    0.12930      47796
  53.80120      1.70249   21.78088    0.12291      47637
  53.81120      1.70220   21.69441    0.13028      47728
  53.82120      1.70190   21.56821    0.13387      47626
  53.83120      1.70161   21.48276    0.13954      47971
  53.84119      1.70132   21.36886    0.13756      47504
  53.85119      1.70103   21.24000    0.13325      47578
  53.86119      1.70073   21.15514    0.13762      48125
  53.87119      1.70044   21.02902    0.13497      47891
  53.88119      1.70015   20.91447    0.14130      47555
  53.89119      1.69986   20.80109    0.13730      48001
  53.90118      1.69957   20.67669    0.14019      47811
  53.91118      1.69928   20.57667    0.13661      47889
  53.92118      1.69898   20.43624    0.13596      47600
  53.93118      1.69869   20.33319    0.13465      47832
  53.94118      1.69840   20.21186    0.14172      47911
  53.95117      1.69811   20.09069    0.13262      47469
  53.96117      1.69782   19.98746    0.12510      47753
  53.97117      1.69753   19.85843    0.12126      47772
  53.98117      1.69724   19.73516    0.12128      47406
  53.99117      1.69695   19.63656    0.13473      47914
  54.00117      1.69666   19.52345    0.13378      47632
  54.01116      1.69637   19.40101    0.13247      47681
  54.02116      1.69608   19.28582    0.13707      47795
  54.03116      1.69578   19.18480    0.12411      47540
  54.04116      1.69549   19.06533    0.13441      47957
  54.05116      1.69520   18.95515    0.12659      48055
  54.06115      1.69491   18.83235    0.13799      47460
  54.07115      1.69462   18.73795    0.13308      47932
  54.08115      1.69434   18.61614    0.13346      47698
  54.09115      1.69405   18.50723    0.12234      47699
  54.10115      1.69376   18.39372    0.13501      47706
  54.11115      1.69347   18.28530    0.13146      47529
  54.12114      1.69318   18.18062    0.11059      47894
  54.13114      1.69289   18.06569    0.12089      47599
  54.14114      1.69260   17.95735    0.12541      47269
  54.15114      1.69231   17.86148    0.11855      48141
  54.16114      1.69202   17.73814    0.11797      47541
  54.17113      1.69173   17.64809    0.12740      47477
  54.18113      1.69144   17.52720    0.12780      47930
  54.19113      1.69116   17.41881    0.12756      47395
  54.20113      1.69087   17.31824    0.12819      47872
  54.21113      1.69058   17.22034    0.11828      47891
  54.22113      1.69029   17.11244    0.13036      47411
  54.23112      1.69000   17.00351    0.11817      48106
  54.24112      1.68972   16.90205    0.13493      47770
  54.25112      1.68943   16.80526    0.13169      47606
  54.26112      1.68914   16.69986    0.11485      47796
  54.27112      1.68885   16.59093    0.12158      47184
  54.28111      1.68856   16.50375    0.10490      48008
  54.29111      1.68828   16.40687    0.12118      47530
  54.30111      1.68799   16.29189    0.11766      47299
  54.31111      1.68770   16.21666    0.11481      47893
  54.32111      1.68742   16.12002    0.12114      47596
  54.33111      1.68713   16.02768    0.11894      47506
  54.34110      1.68684   15.94431    0.11617      47765
  54.35110      1.68656   15.85095    0.12112      47319
  54.36110      1.68627   15.77499    0.12146      48186
  54.37110      1.68598   15.69128    0.13048      47621
  54.38110      1.68570   15.60027    0.11391      47575
  54.39109      1.68541   15.53997    0.11382      47990
  54.40109      1.68512   15.44526    0.12547      47533
  54.41109      1.68484   15.37465    0.11823      47746
  54.42109      1.68455   15.32427    0.13281      47631
  54.43109      1.68427   15.22359    0.11754      47190
  54.44109      1.68398   15.17948    0.09929      47876
  54.45108      1.68370   15.10797    0.10756      47654
  54.46108      1.68341   15.04902    0.11417      47185
  54.47108      1.68312   14.99280    0.11758      47837
  54.48108      1.68284   14.92698    0.12017      47599
  54.49108      1.68255   14.88797    0.10522      47560
  54.50107      1.68227   14.83403    0.11522      47844
  54.51107      1.68198   14.77596    0.11786      47367
  54.52107      1.68170   14.73713    0.12118      47699
  54.53107      1.68141   14.69250    0.11466      47775
  54.54107      1.68113   14.64494    0.11741      47463
  54.55107      1.68085   14.62381    0.11926      47989
  54.56106      1.68056   14.56781    0.11148      47495
  54.57106      1.68028   14.52091    0.11788      47698
  54.58106      1.67999   14.50772    0.12238      47724
  54.59106      1.67971   14.46481    0.11141      47156
  54.60106      1.67942   14.43123    0.10295      47747
  54.61105      1.67914   14.40665    0.10676      47565
  54.62105      1.67886   14.35763    0.10431      47256
  54.63105      1.67857   14.34682    0.10993      47719
  54.64105      1.67829   14.32309    0.10917      47567
  54.65105      1.67801   14.29584    0.12693      47471
  54.66105      1.67772   14.27444    0.11261      47839
  54.67104      1.67744   14.25227    0.10562      47553
  54.68104      1.67716   14.23409    0.11188      47493
  54.69104      1.67687   14.21408    0.12338      47887
  54.70104      1.67659   14.19527    0.12128      47335
  54.71104      1.67631   14.18242    0.11194      47820
  54.72103      1.67603   14.16593    0.11147      47725
  54.73103      1.67574   14.14372    0.11462      47541
  54.74103      1.67546   14.14233    0.11263      47530
  54.75103      1.67518   14.11377    0.11373      47522
  54.76103      1.67490   14.10802    0.10011      47578
  54.77102      1.67461   14.08977    0.10490      47422
  54.78102      1.67433   14.08298    0.10622      47325
  54.79102      1.67405   14.07982    0.10750      47696
  54.80102      1.67377   14.05964    0.11768      47523
  54.81102      1.67349   14.05176    0.10877      47296
  54.82102      1.67320   14.03977    0.11275      47787
  54.83101      1.67292   14.03975    0.11582      47430
  54.84101      1.67264   14.03088    0.11723      47769
  54.85101      1.67236   14.03137    0.10396      47717
  54.86101      1.67208   14.01129    0.11803      47421
  54.87101      1.67180   14.01310    0.11858      47706
  54.88100      1.67152   13.99264    0.11881      47652
  54.89100      1.67124   13.99663    0.10762      47458
  54.90100      1.67096   13.99056    0.11024      47616
  54.91100      1.67068   13.98928    0.10727      47428
  54.92100      1.67040   13.97503    0.10411      47448
  54.93100      1.67011   13.96541    0.11032      47407
  54.94099      1.66983   13.96373    0.10317      47414
  54.95099      1.66955   13.95869    0.10862      47626
  54.96099      1.66927   13.96063    0.10551      47423
  54.97099      1.66899   13.94133    0.11155      47429
  54.98099      1.66871   13.94083    0.12322      47591
  54.99098      1.66843   13.93684    0.11053      47577
  55.00098      1.66816   13.93238    0.10632      47553
  55.01098      1.66788   13.92325    0.11604      47652
  55.02098      1.66760   13.92397    0.11977      47505
  55.03098      1.66732   13.90933    0.10434      47779
  55.04098      1.66704   13.91005    0.11791      47530
  55.05097      1.66676   13.90074    0.11802      47604
  55.06097      1.66648   13.88672    0.12211      47222
  55.07097      1.66620   13.88477    0.10054      47623
  55.08097      1.66592   13.87690    0.09618      47451
  55.09097      1.66564   13.85330    0.10615      47347
  55.10096      1.66536   13.86565    0.11803      47199
  55.11096      1.66509   13.84572    0.10318      47679
  55.12096      1.66481   13.85020    0.10914      47594
  55.13096      1.66453   13.82865    0.11080      47439
  55.14096      1.66425   13.82381    0.10872      47408
  55.15096      1.66397   13.82217    0.11608      47424
  55.16095      1.66370   13.81339    0.12571      47639
  55.17095      1.66342   13.80583    0.10534      47662
  55.18095      1.66314   13.79988    0.10286      47570
  55.19095      1.66286   13.78305    0.12123      47360
  55.20095      1.66258   13.79104    0.11850      47788
  55.21094      1.66231   13.78144    0.11363      47559
  55.22094      1.66203   13.76280    0.10986      47330
  55.23094      1.66175   13.76629    0.10222      47399
  55.24094      1.66148   13.75541    0.10218      47481
  55.25094      1.66120   13.74621    0.10613      47261
  55.26094      1.66092   13.74020    0.10089      47198
  55.27093      1.66064   13.73899    0.11551      47593
  55.28093      1.66037   13.73090    0.11367      47511
  55.29093      1.66009   13.74036    0.10633      47618
  55.30093      1.65982   13.71196    0.11044      47204
  55.31093      1.65954   13.72979    0.11370      47520
  55.32092      1.65926   13.71634    0.11066      47724
  55.33092      1.65899   13.71273    0.11864      47464
  55.34092      1.65871   13.71788    0.11135      47598
  55.35092      1.65843   13.70502    0.11102      47604
  55.36092      1.65816   13.70606    0.11005      47342
  55.37092      1.65788   13.70407    0.12121      47712
  55.38091      1.65761   13.69773    0.11887      47138
  55.39091      1.65733   13.69129    0.10007      47544
  55.40091      1.65706   13.69222    0.09510      47291
  55.41091      1.65678   13.67808    0.10148      47298
  55.42091      1.65651   13.68541    0.11351      47392
  55.43090      1.65623   13.67589    0.11154      47642
  55.44090      1.65596   13.67628    0.10434      47284
  55.45090      1.65568   13.67441    0.11036      47502
  55.46090      1.65541   13.66646    0.11734      47511
  55.47090      1.65513   13.66250    0.10684      47090
  55.48090      1.65486   13.66722    0.11552      47939
  55.49089      1.65458   13.65611    0.11794      47365
  55.50089      1.65431   13.65309    0.10768      47509
  55.51089      1.65403   13.65832    0.10906      47531
  55.52089      1.65376   13.63519    0.12187      47471
  55.53089      1.65348   13.64555    0.11034      47744
  55.54088      1.65321   13.63783    0.10362      47401
  55.55088      1.65294   13.62254    0.11344      47149
  55.56088      1.65266   13.62231    0.09750      47157
  55.57088      1.65239   13.60711    0.10457      47323
  55.58088      1.65212   13.62164    0.10409      47309
  55.59088      1.65184   13.61017    0.10545      47725
  55.60087      1.65157   13.59738    0.11824      47253
  55.61087      1.65130   13.60153    0.11547      47346
  55.62087      1.65102   13.59549    0.10179      47656
  55.63087      1.65075   13.59319    0.11360      47334
  55.64087      1.65048   13.58796    0.11814      47691
  55.65086      1.65020   13.57731    0.11229      47465
  55.66086      1.64993   13.57576    0.11486      47199
  55.67086      1.64966   13.57836    0.10886      47778
  55.68086      1.64939   13.57551    0.11049      47397
  55.69086      1.64911   13.56041    0.11585      47436
  55.70086      1.64884   13.56381    0.10410      47505
  55.71085      1.64857   13.55015    0.10978      47055
  55.72085      1.64830   13.54672    0.09657      47367
  55.73085      1.64803   13.55559    0.10841      47309
  55.74085      1.64775   13.53112    0.10787      47012
  55.75085      1.64748   13.55242    0.10558      47749
  55.76084      1.64721   13.53833    0.10941      47526
  55.77084      1.64694   13.52625    0.10945      47137
  55.78084      1.64667   13.54462    0.11918      47609
  55.79084      1.64640   13.52588    0.10732      47334
  55.80084      1.64612   13.53084    0.10511      47512
  55.81084      1.64585   13.53025    0.12037      47590
  55.82083      1.64558   13.51654    0.11798      47134
  55.83083      1.64531   13.53159    0.11289      47681
  55.84083      1.64504   13.51718    0.10584      47647
  55.85083      1.64477   13.51266    0.11706      47186
  55.86083      1.64450   13.52020    0.10261      47469
  55.87082      1.64423   13.50861    0.10326      47184
  55.88082      1.64396   13.49938    0.10605      47088
  55.89082      1.64369   13.51385    0.10494      47501
  55.90082      1.64342   13.49659    0.10192      47170
  55.91082      1.64315   13.50860    0.11429      47382
  55.92082      1.64288   13.50242    0.10804      47472
  55.93081      1.64261   13.49314    0.10921      47130
  55.94081      1.64234   13.51306    0.11327      47829
  55.95081      1.64207   13.49798    0.10484      47524
  55.96081      1.64180   13.49334    0.11932      47119
  55.97081      1.64153   13.50713    0.11013      47480
  55.98080      1.64126   13.49629    0.10923      47683
  55.99080      1.64099   13.49937    0.11625      47286
  56.00080      1.64072   13.50036    0.11599      47723
  56.01080      1.64045   13.49089    0.10976      47011
  56.02080      1.64018   13.49492    0.10112      47314
  56.03080      1.63991   13.49447    0.10308      47363
  56.04079      1.63964   13.47550    0.10178      46927
  56.05079      1.63937   13.50331    0.10947      47489
  56.06079      1.63911   13.48484    0.10499      47454
  56.07079      1.63884   13.48223    0.11083      47207
  56.08079      1.63857   13.49626    0.10865      47550
  56.09078      1.63830   13.48455    0.10859      47253
  56.10078      1.63803   13.48333    0.11691      47433
  56.11078      1.63776   13.49246    0.11225      47567
  56.12078      1.63750   13.47712    0.10713      47260
  56.13078      1.63723   13.48511    0.11574      47531
  56.14078      1.63696   13.48257    0.11696      47457
  56.15077      1.63669   13.47047    0.10820      47227
  56.16077      1.63642   13.47583    0.11466      47573
  56.17077      1.63616   13.48259    0.10115      47512
  56.18077      1.63589   13.45892    0.11830      47053
  56.19077      1.63562   13.46352    0.09597      47310
  56.20076      1.63535   13.45437    0.10501      46954
  56.21076      1.63509   13.45289    0.10816      47395
  56.22076      1.63482   13.45559    0.10152      47591
  56.23076      1.63455   13.45540    0.11576      46975
  56.24076      1.63429   13.44010    0.10650      47579
  56.25076      1.63402   13.44678    0.11266      47502
  56.26075      1.63375   13.42990    0.11787      47108
  56.27075      1.63349   13.44224    0.10916      47617
  56.28075      1.63322   13.42337    0.11051      47260
  56.29075      1.63295   13.42383    0.11117      47442
  56.30075      1.63269   13.43278    0.11262      47635
  56.31074      1.63242   13.41061    0.11759      47173
  56.32074      1.63215   13.41580    0.11711      47479
  56.33074      1.63189   13.41486    0.09566      47467
  56.34074      1.63162   13.40095    0.10641      47026
  56.35074      1.63136   13.38646    0.10642      47116
  56.36074      1.63109   13.40155    0.10391      47277
  56.37073      1.63083   13.39179    0.10070      47180
  56.38073      1.63056   13.38974    0.11505      47517
  56.39073      1.63030   13.38559    0.10526      47292
  56.40073      1.63003   13.38236    0.11227      47344
  56.41073      1.62976   13.38392    0.11629      47427
  56.42072      1.62950   13.37721    0.10708      47266
  56.43072      1.62923   13.38062    0.10866      47404
  56.44072      1.62897   13.38392    0.11817      47560
  56.45072      1.62870   13.37592    0.10840      47475
  56.46072      1.62844   13.37020    0.12127      47187
  56.47072      1.62818   13.37133    0.10755      47298
  56.48071      1.62791   13.37168    0.10961      47520
  56.49071      1.62765   13.35981    0.10599      47409
  56.50071      1.62738   13.36298    0.10748      47065
  56.51071      1.62712   13.36645    0.09482      47007
  56.52071      1.62685   13.35653    0.11154      47421
  56.53070      1.62659   13.36296    0.10914      47112
  56.54070      1.62633   13.36570    0.10732      47238
  56.55070      1.62606   13.36274    0.10054      47598
  56.56070      1.62580   13.36496    0.11921      47284
  56.57070      1.62554   13.35408    0.11353      47352
  56.58070      1.62527   13.36454    0.10894      47161
  56.59069      1.62501   13.36834    0.11192      47599
  56.60069      1.62474   13.35240    0.11060      47355
  56.61069      1.62448   13.36005    0.11221      47449
  56.62069      1.62422   13.36401    0.11566      47418
  56.63069      1.62396   13.35246    0.11629      47413
  56.64068      1.62369   13.36181    0.10244      47280
  56.65068      1.62343   13.34827    0.10137      47305
  56.66068      1.62317   13.35485    0.10497      46901
  56.67068      1.62290   13.35444    0.10334      47303
  56.68068      1.62264   13.34642    0.10797      47144
  56.69068      1.62238   13.35246    0.10223      47105
  56.70067      1.62212   13.36109    0.11292      47626
  56.71067      1.62185   13.35308    0.11026      47242
  56.72067      1.62159   13.35582    0.10979      47373
  56.73067      1.62133   13.36141    0.11615      47541
  56.74067      1.62107   13.34959    0.11476      47245
  56.75066      1.62081   13.36217    0.11052      47217
  56.76066      1.62054   13.35480    0.11256      47512
  56.77066      1.62028   13.35453    0.10090      47183
  56.78066      1.62002   13.35954    0.13048      47675
  56.79066      1.61976   13.35700    0.11118      47163
  56.80066      1.61950   13.36853    0.10020      47374
  56.81065      1.61924   13.35221    0.10813      47137
  56.82065      1.61898   13.35122    0.10007      47071
  56.83065      1.61872   13.37161    0.10363      47168
  56.84065      1.61845   13.36519    0.11474      47428
  56.85065      1.61819   13.36105    0.10878      47055
  56.86064      1.61793   13.37254    0.10131      47322
  56.87064      1.61767   13.36562    0.11120      47495
  56.88064      1.61741   13.36709    0.11465      47063
  56.89064      1.61715   13.37953    0.10894      47585
  56.90064      1.61689   13.37109    0.11736      47404
  56.91064      1.61663   13.37055    0.10794      47175
  56.92063      1.61637   13.37783    0.11208      47615
  56.93063      1.61611   13.36079    0.11451      47025
  56.94063      1.61585   13.38241    0.11083      47519
  56.95063      1.61559   13.38009    0.10552      47559
  56.96063      1.61533   13.36690    0.11026      47138
  56.97062      1.61507   13.36766    0.10458      47098
  56.98062      1.61481   13.37128    0.10574      47242
  56.99062      1.61455   13.36208    0.10019      46908
  57.00062      1.61429   13.38004    0.10481      47414
  57.01062      1.61403   13.37344    0.11550      47188
  57.02062      1.61377   13.36701    0.11040      47059
  57.03061      1.61351   13.37754    0.11053      47768
  57.04061      1.61325   13.36606    0.10507      47318
  57.05061      1.61300   13.36061    0.11857      47200
  57.06061      1.61274   13.37826    0.12038      47618
  57.07061      1.61248   13.36023    0.10648      46989
  57.08060      1.61222   13.37086    0.10947      47537
  57.09060      1.61196   13.37223    0.11579      47678
  57.10060      1.61170   13.35675    0.11442      46910
  57.11060      1.61144   13.37685    0.10659      47487
  57.12060      1.61119   13.35523    0.10038      47181
  57.13060      1.61093   13.36484    0.10714      46729
  57.14059      1.61067   13.36372    0.10355      47374
  57.15059      1.61041   13.36373    0.10454      47317
  57.16059      1.61015   13.36288    0.10927      47098
  57.17059      1.60990   13.37371    0.11096      47477
  57.18059      1.60964   13.36448    0.10575      47275
  57.19058      1.60938   13.37856    0.11825      47284
  57.20058      1.60912   13.38273    0.10891      47460
  57.21058      1.60887   13.37285    0.11061      46963
  57.22058      1.60861   13.38602    0.11355      47592
  57.23058      1.60835   13.38569    0.12058      47432
  57.24058      1.60809   13.37858    0.10962      47051
  57.25057      1.60784   13.39382    0.10701      47558
  57.26057      1.60758   13.39912    0.10533      47687
  57.27057      1.60732   13.39369    0.11012      47097
  57.28057      1.60707   13.40845    0.11300      46911
  57.29057      1.60681   13.40185    0.09944      47232
  57.30056      1.60655   13.40270    0.10186      47038
  57.31056      1.60630   13.41603    0.10933      47177
  57.32056      1.60604   13.41593    0.10811      47113
  57.33056      1.60578   13.41993    0.11494      47497
  57.34056      1.60553   13.43365    0.10487      47473
  57.35056      1.60527   13.43056    0.11066      47078
  57.36055      1.60501   13.43287    0.11414      47515
  57.37055      1.60476   13.44769    0.11736      47569
  57.38055      1.60450   13.43225    0.11496      46819
  57.39055      1.60425   13.45263    0.10374      47677
  57.40055      1.60399   13.44810    0.12055      47446
  57.41054      1.60374   13.44894    0.11407      46967
  57.42054      1.60348   13.45851    0.10233      47702
  57.43054      1.60322   13.45764    0.10618      47127
  57.44054      1.60297   13.45228    0.10750      46773
  57.45054      1.60271   13.46362    0.10584      47333
  57.46054      1.60246   13.46613    0.10605      47001
  57.47053      1.60220   13.47080    0.09978      47318
  57.48053      1.60195   13.47324    0.12057      47275
  57.49053      1.60169   13.47514    0.11140      47239
  57.50053      1.60144   13.47347    0.11294      47545
  57.51053      1.60119   13.48777    0.10796      47360
  57.52052      1.60093   13.47615    0.11169      47143
  57.53052      1.60068   13.48652    0.11468      47447
  57.54052      1.60042   13.48874    0.11530      47434
  57.55052      1.60017   13.48616    0.11735      46985
  57.56052      1.59991   13.50274    0.10383      47757
  57.57052      1.59966   13.48962    0.10492      47134
  57.58051      1.59941   13.49502    0.11340      47255
  57.59051      1.59915   13.49293    0.11263      47093
  57.60051      1.59890   13.50005    0.10462      47067
  57.61051      1.59864   13.49428    0.10177      47073
  57.62051      1.59839   13.50479    0.10639      47415
  57.63050      1.59814   13.50823    0.11492      47128
  57.64050      1.59788   13.50305    0.10644      47346
  57.65050      1.59763   13.51636    0.10823      47281
  57.66050      1.59738   13.50655    0.12073      47349
  57.67050      1.59712   13.51123    0.11138      47160
  57.68050      1.59687   13.50897    0.10706      47322
  57.69049      1.59662   13.50954    0.11905      47417
  57.70049      1.59636   13.51442    0.11262      47444
  57.71049      1.59611   13.51616    0.10989      47244
  57.72049      1.59586   13.51446    0.11393      47423
  57.73049      1.59561   13.51305    0.10251      47508
  57.74048      1.59535   13.50773    0.10783      47032
  57.75048      1.59510   13.50300    0.11033      46925
  57.76048      1.59485   13.51176    0.11304      47266
  57.77048      1.59460   13.50308    0.09939      46992
  57.78048      1.59434   13.50952    0.10527      47285
  57.79048      1.59409   13.51166    0.11744      47320
  57.80047      1.59384   13.51238    0.11194      47343
  57.81047      1.59359   13.50585    0.11705      47235
  57.82047      1.59334   13.51173    0.10172      47439
  57.83047      1.59309   13.50411    0.11705      47431
  57.84047      1.59283   13.50327    0.11909      47254
  57.85046      1.59258   13.50759    0.10834      47264
  57.86046      1.59233   13.50827    0.11066      47486
  57.87046      1.59208   13.50172    0.11917      47168
  57.88046      1.59183   13.50635    0.10296      47269
  57.89046      1.59158   13.50043    0.11048      47583
  57.90046      1.59133   13.49926    0.10466      46898
  57.91045      1.59108   13.49488    0.10973      47095
  57.92045      1.59082   13.49769    0.10299      47018
  57.93045      1.59057   13.50128    0.11556      47163
  57.94045      1.59032   13.49792    0.10368      47341
  57.95045      1.59007   13.49417    0.11264      47102
  57.96044      1.58982   13.50153    0.10778      47255
  57.97044      1.58957   13.50554    0.11514      47774
  57.98044      1.58932   13.49717    0.11930      47182
  57.99044      1.58907   13.50483    0.10526      47212
  58.00044      1.58882   13.49911    0.11541      47608
  58.01044      1.58857   13.49451    0.11668      47212
  58.02043      1.58832   13.50417    0.10871      47358
  58.03043      1.58807   13.50084    0.10924      47424
  58.04043      1.58782   13.50346    0.10560      47336
  58.05043      1.58757   13.50403    0.11137      47061
  58.06043      1.58732   13.50295    0.10902      47038
  58.07042      1.58707   13.50007    0.10687      47026
  58.08042      1.58682   13.51149    0.10442      47297
  58.09042      1.58657   13.51202    0.10737      47266
  58.10042      1.58632   13.51596    0.11493      46967
  58.11042      1.58608   13.52208    0.11117      47631
  58.12041      1.58583   13.51742    0.10644      47198
  58.13041      1.58558   13.52501    0.11777      47134
  58.14041      1.58533   13.53859    0.11605      47452
  58.15041      1.58508   13.53201    0.11326      47261
  58.16041      1.58483   13.54024    0.10958      47419
  58.17041      1.58458   13.54394    0.10747      47673
  58.18040      1.58433   13.54353    0.12573      47073
  58.19040      1.58409   13.55831    0.10397      47430
  58.20040      1.58384   13.56049    0.10823      47443
  58.21040      1.58359   13.54844    0.10541      46759
  58.22040      1.58334   13.56757    0.11216      47202
  58.23039      1.58309   13.57090    0.10582      47248
  58.24039      1.58285   13.57384    0.10605      46718
  58.25039      1.58260   13.59236    0.10843      47619
  58.26039      1.58235   13.58233    0.11079      47357
  58.27039      1.58210   13.58759    0.10903      47032
  58.28039      1.58185   13.60230    0.11746      47619
  58.29038      1.58161   13.60219    0.11367      47408
  58.30038      1.58136   13.60963    0.11490      47235
  58.31038      1.58111   13.61906    0.11118      47637
  58.32038      1.58086   13.61480    0.11163      47152
  58.33038      1.58062   13.62378    0.11661      47235
  58.34037      1.58037   13.63462    0.10669      47549
  58.35037      1.58012   13.62870    0.10951      47099
  58.36037      1.57988   13.63550    0.11029      47051
  58.37037      1.57963   13.64872    0.10759      47295
  58.38037      1.57938   13.63657    0.11052      46680
  58.39037      1.57914   13.66127    0.10595      47465
  58.40036      1.57889   13.66487    0.11078      47346
  58.41036      1.57864   13.66053    0.10543      46899
  58.42036      1.57840   13.67612    0.11226      47630
  58.43036      1.57815   13.67871    0.11374      47353
  58.44036      1.57790   13.67471    0.11721      46981
  58.45035      1.57766   13.69504    0.11851      47549
  58.46035      1.57741   13.69940    0.11004      47496
  58.47035      1.57717   13.69297    0.10742      46999
  58.48035      1.57692   13.71538    0.12089      47710
  58.49035      1.57667   13.71560    0.11250      47349
  58.50035      1.57643   13.71586    0.10556      47246
  58.51034      1.57618   13.72032    0.10838      47223
  58.52034      1.57594   13.72450    0.10697      47146
  58.53034      1.57569   13.72906    0.11593      46984
  58.54034      1.57545   13.74401    0.10796      47354
  58.55034      1.57520   13.73890    0.10795      46900
  58.56033      1.57496   13.75711    0.10964      47432
  58.57033      1.57471   13.76361    0.10717      47571
  58.58033      1.57447   13.75776    0.11423      47000
  58.59033      1.57422   13.77283    0.11892      47425
  58.60033      1.57398   13.77934    0.12018      47417
  58.61033      1.57373   13.78045    0.10976      47095
  58.62032      1.57349   13.79387    0.10979      47638
  58.63032      1.57324   13.80077    0.11413      47469
  58.64032      1.57300   13.79282    0.12119      47001
  58.65032      1.57276   13.82212    0.10801      47574
  58.66032      1.57251   13.81947    0.10836      47305
  58.67031      1.57227   13.81480    0.10396      46942
  58.68031      1.57202   13.83634    0.11616      47196
  58.69031      1.57178   13.84128    0.11033      47131
  58.70031      1.57153   13.84472    0.10664      47044
  58.71031      1.57129   13.86532    0.11272      47374
  58.72031      1.57105   13.87095    0.10799      47294
  58.73030      1.57080   13.87863    0.10960      47374
  58.74030      1.57056   13.89022    0.12324      47474
  58.75030      1.57032   13.89685    0.11794      47325
  58.76030      1.57007   13.89790    0.11567      47108
  58.77030      1.56983   13.92572    0.10765      47718
  58.78029      1.56959   13.92621    0.11466      47204
  58.79029      1.56934   13.92842    0.11643      47367
  58.80029      1.56910   13.95484    0.10693      47564
  58.81029      1.56886   13.94442    0.11692      47031
  58.82029      1.56862   13.95669    0.10228      47275
  58.83029      1.56837   13.97432    0.11376      47368
  58.84028      1.56813   13.97718    0.11621      46895
  58.85028      1.56789   13.99373    0.10987      47307
  58.86028      1.56764   14.00308    0.11175      47196
  58.87028      1.56740   14.00659    0.10413      47263
  58.88028      1.56716   14.02570    0.11663      47497
  58.89027      1.56692   14.03015    0.12452      47126
  58.90027      1.56668   14.03825    0.11063      47366
  58.91027      1.56643   14.05376    0.12301      47528
  58.92027      1.56619   14.05277    0.10953      47236
  58.93027      1.56595   14.06773    0.11160      47441
  58.94027      1.56571   14.08677    0.11978      47477
  58.95026      1.56547   14.08678    0.11104      47202
  58.96026      1.56522   14.10009    0.10862      47342
  58.97026      1.56498   14.10848    0.10697      47201
  58.98026      1.56474   14.11836    0.11254      47213
  58.99026      1.56450   14.12582    0.11825      46949
  59.00025      1.56426   14.15022    0.11230      47316
  59.01025      1.56402   14.15145    0.10833      47253
  59.02025      1.56378   14.16527    0.10928      47351
  59.03025      1.56354   14.17951    0.11680      47315
  59.04025      1.56329   14.19011    0.11309      47552
  59.05025      1.56305   14.19206    0.12138      47127
  59.06024      1.56281   14.21155    0.12334      47297
  59.07024      1.56257   14.22456    0.10945      47642
  59.08024      1.56233   14.22928    0.11385      47312
  59.09024      1.56209   14.24938    0.11687      47334
  59.10024      1.56185   14.25432    0.11798      47487
  59.11023      1.56161   14.26111    0.10780      47250
  59.12023      1.56137   14.26867    0.10886      47171
  59.13023      1.56113   14.28477    0.10812      47414
  59.14023      1.56089   14.28919    0.12083      46962
  59.15023      1.56065   14.30999    0.11797      47142
  59.16023      1.56041   14.31851    0.10703      47295
  59.17022      1.56017   14.31876    0.10718      47164
  59.18022      1.55993   14.33586    0.11229      47338
  59.19022      1.55969   14.35129    0.11907      47376
  59.20022      1.55945   14.35762    0.11989      47191
  59.21022      1.55921   14.37654    0.11663      47641
  59.22021      1.55897   14.37834    0.11055      47394
  59.23021      1.55873   14.38853    0.12113      47159
  59.24021      1.55849   14.41243    0.11912      47580
  59.25021      1.55826   14.41685    0.11535      47430
  59.26021      1.55802   14.42379    0.11017      47159
  59.27021      1.55778   14.44277    0.11448      47492
  59.28020      1.55754   14.45154    0.10836      47278
  59.29020      1.55730   14.46950    0.12144      47074
  59.30020      1.55706   14.48883    0.11540      47256
  59.31020      1.55682   14.49727    0.11291      47212
  59.32020      1.55658   14.52035    0.10842      47150
  59.33019      1.55635   14.54211    0.11481      47596
  59.34019      1.55611   14.55245    0.11212      47311
  59.35019      1.55587   14.56999    0.12518      47231
  59.36019      1.55563   14.59468    0.11918      47677
  59.37019      1.55539   14.60682    0.11234      47231
  59.38019      1.55515   14.62988    0.12192      47348
  59.39018      1.55492   14.64995    0.11792      47660
  59.40018      1.55468   14.66067    0.12816      47036
  59.41018      1.55444   14.69662    0.10457      47510
  59.42018      1.55420   14.70545    0.10986      47561
  59.43018      1.55397   14.72071    0.11051      46800
  59.44017      1.55373   14.75563    0.12227      47369
  59.45017      1.55349   14.76990    0.12128      47285
  59.46017      1.55325   14.78487    0.11471      46849
  59.47017      1.55302   14.81842    0.10652      47460
  59.48017      1.55278   14.83757    0.11640      47576
  59.49017      1.55254   14.84517    0.12067      46915
  59.50016      1.55230   14.88815    0.11804      47789
  59.51016      1.55207   14.90491    0.11860      47460
  59.52016      1.55183   14.91739    0.11574      47001
  59.53016      1.55159   14.95353    0.11842      47928
  59.54016      1.55136   14.96847    0.12516      47384
  59.55015      1.55112   14.98874    0.11789      47191
  59.56015      1.55088   15.02439    0.11127      47605
  59.57015      1.55065   15.03772    0.11741      47263
  59.58015      1.55041   15.05396    0.11300      46934
  59.59015      1.55018   15.09615    0.11565      47617
  59.60015      1.54994   15.11812    0.12382      47221
  59.61014      1.54970   15.12742    0.11821      46979
  59.62014      1.54947   15.17564    0.10906      47585
  59.63014      1.54923   15.19622    0.11786      47422
  59.64014      1.54900   15.21562    0.11575      47075
  59.65014      1.54876   15.26066    0.12546      47667
  59.66013      1.54852   15.28386    0.12277      47293
  59.67013      1.54829   15.30989    0.11519      47209
  59.68013      1.54805   15.35213    0.12226      47659
  59.69013      1.54782   15.37567    0.12335      47305
  59.70013      1.54758   15.41134    0.12278      47407
  59.71013      1.54735   15.44967    0.11272      47688
  59.72012      1.54711   15.47049    0.11428      47146
  59.73012      1.54688   15.51372    0.12462      47171
  59.74012      1.54664   15.55458    0.11924      47655
  59.75012      1.54641   15.57688    0.11813      47095
  59.76012      1.54617   15.61632    0.11871      47060
  59.77011      1.54594   15.66858    0.11834      47567
  59.78011      1.54570   15.69892    0.11646      47085
  59.79011      1.54547   15.73578    0.12235      47444
  59.80011      1.54523   15.78217    0.12064      47580
  59.81011      1.54500   15.81650    0.11895      47277
  59.82011      1.54476   15.85600    0.12504      47442
  59.83010      1.54453   15.90381    0.12663      47439
  59.84010      1.54430   15.93920    0.12291      47391
  59.85010      1.54406   15.98044    0.12110      47443
  59.86010      1.54383   16.02535    0.11397      47668
  59.87010      1.54359   16.05658    0.12701      47183
  59.88009      1.54336   16.10632    0.11602      47286
  59.89009      1.54313   16.14930    0.11860      47501
  59.90009      1.54289   16.19020    0.12530      47226
  59.91009      1.54266   16.23799    0.12679      47202
  59.92009      1.54243   16.28072    0.11597      47149
  59.93009      1.54219   16.32467    0.12214      47493
  59.94008      1.54196   16.37085    0.11940      47332
  59.95008      1.54173   16.41675    0.12294      47429
  59.96008      1.54149   16.46189    0.12331      47507
  59.97008      1.54126   16.50071    0.12864      47478
  59.98008      1.54103   16.55512    0.12596      47383
  59.99007      1.54079   16.60334    0.12512      47602
  60.00007      1.54056   16.64229    0.13434      47430
  60.01007      1.54033   16.70015    0.11096      47327
  60.02007      1.54009   16.74064    0.12603      47486
  60.03007      1.53986   16.78808    0.12360      47112
  60.04007      1.53963   16.84028    0.12407      47379
  60.05006      1.53940   16.89076    0.12294      47460
  60.06006      1.53916   16.93275    0.12650      47230
  60.07006      1.53893   16.98701    0.13549      47025
  60.08006      1.53870   17.04082    0.11684      47549
  60.09006      1.53847   17.08924    0.11717      47470
  60.10005      1.53824   17.14083    0.13287      47471
  60.11005      1.53800   17.19300    0.12699      47495
  60.12005      1.53777   17.24556    0.13235      47387
  60.13005      1.53754   17.29687    0.12420      47481
  60.14005      1.53731   17.35190    0.13248      47642
  60.15005      1.53708   17.40038    0.12779      47333
  60.16004      1.53685   17.45481    0.12451      47436
  60.17004      1.53661   17.50547    0.12177      47708
  60.18004      1.53638   17.55263    0.12539      47016
  60.19004      1.53615   17.61302    0.12262      47327
  60.20004      1.53592   17.66017    0.13304      47723
  60.21003      1.53569   17.71007    0.12986      46952
  60.22003      1.53546   17.76687    0.13076      47358
  60.23003      1.53523   17.81757    0.11711      47427
  60.24003      1.53500   17.86812    0.13140      47484
  60.25003      1.53477   17.92076    0.12498      47473
  60.26003      1.53453   17.97219    0.12827      47529
  60.27002      1.53430   18.01915    0.13618      47290
  60.28002      1.53407   18.07107    0.13173      47572
  60.29002      1.53384   18.12392    0.12990      47577
  60.30002      1.53361   18.16641    0.13745      47241
  60.31002      1.53338   18.21993    0.12133      47738
  60.32001      1.53315   18.26138    0.12660      47458
  60.33001      1.53292   18.30684    0.12820      47031
  60.34001      1.53269   18.35534    0.13288      47610
  60.35001      1.53246   18.40671    0.12852      47348
  60.36001      1.53223   18.44530    0.13198      47039
  60.37001      1.53200   18.49293    0.13660      47604
  60.38000      1.53177   18.53270    0.12242      47471
  60.39000      1.53154   18.57394    0.12828      47195
  60.40000      1.53131   18.61499    0.12676      47803
  60.41000      1.53108   18.65603    0.14211      47559
  60.42000      1.53085   18.69520    0.12687      47187
  60.42999      1.53062   18.73098    0.13732      47667
  60.43999      1.53040   18.76622    0.13369      47551
  60.44999      1.53017   18.79893    0.13524      47204
  60.45999      1.52994   18.83909    0.12630      47841
  60.46999      1.52971   18.85870    0.12681      47464
  60.47999      1.52948   18.88582    0.12806      46973
  60.48998      1.52925   18.92824    0.13432      47735
  60.49998      1.52902   18.95342    0.13132      47487
  60.50998      1.52879   18.97340    0.13897      47064
  60.51998      1.52856   19.01063    0.12891      47588
  60.52998      1.52834   19.02412    0.12896      47301
  60.53997      1.52811   19.04291    0.13182      47369
  60.54997      1.52788   19.07697    0.12873      47713
  60.55997      1.52765   19.08518    0.13525      47560
  60.56997      1.52742   19.10788    0.13065      47210
  60.57997      1.52719   19.12439    0.14737      47701
  60.58997      1.52697   19.13985    0.12490      47716
  60.59996      1.52674   19.14152    0.14036      47233
  60.60996      1.52651   19.15685    0.12458      47971
  60.61996      1.52628   19.16679    0.12709      47309
  60.62996      1.52605   19.16377    0.13723      47066
  60.63996      1.52583   19.18655    0.12918      47620
  60.64995      1.52560   19.18666    0.13986      47619
  60.65995      1.52537   19.18207    0.12746      46888
  60.66995      1.52514   19.19690    0.14031      47666
  60.67995      1.52492   19.18720    0.13140      47409
  60.68995      1.52469   19.18483    0.12168      47478
  60.69995      1.52446   19.19400    0.14155      47675
  60.70994      1.52424   19.19024    0.12918      47606
  60.71994      1.52401   19.17565    0.13858      47209
  60.72994      1.52378   19.16937    0.13259      47876
  60.73994      1.52355   19.17001    0.14018      47513
  60.74994      1.52333   19.14630    0.14184      47286
  60.75993      1.52310   19.15441    0.11719      47905
  60.76993      1.52287   19.13206    0.13248      47104
  60.77993      1.52265   19.10737    0.13057      47358
  60.78993      1.52242   19.10902    0.13253      47608
  60.79993      1.52219   19.09686    0.12900      47583
  60.80993      1.52197   19.07800    0.13977      47301
  60.81992      1.52174   19.07070    0.13884      47599
  60.82992      1.52152   19.04501    0.13215      47294
  60.83992      1.52129   19.02175    0.12471      47346
  60.84992      1.52106   19.01649    0.12680      47905
  60.85992      1.52084   18.99305    0.13645      47366
  60.86991      1.52061   18.97156    0.14163      47452
  60.87991      1.52039   18.95662    0.12618      47787
  60.88991      1.52016   18.93814    0.14281      47454
  60.89991      1.51993   18.89930    0.12825      47660
  60.90991      1.51971   18.89633    0.12951      47738
  60.91991      1.51948   18.86230    0.12730      47126
  60.92990      1.51926   18.84598    0.13118      47524
  60.93990      1.51903   18.82588    0.13248      47601
  60.94990      1.51881   18.80178    0.13286      47501
  60.95990      1.51858   18.77481    0.13294      47610
  60.96990      1.51836   18.76288    0.13279      47379
  60.97989      1.51813   18.73999    0.14399      47222
  60.98989      1.51791   18.72675    0.12130      47467
  60.99989      1.51768   18.70356    0.12822      47597
  61.00989      1.51746   18.68158    0.13506      47652
  61.01989      1.51723   18.67079    0.12926      47784
  61.02989      1.51701   18.65289    0.14172      47645
  61.03988      1.51678   18.64904    0.13349      47241
  61.04988      1.51656   18.62028    0.12803      47979
  61.05988      1.51634   18.59600    0.12536      47476
  61.06988      1.51611   18.59271    0.13187      47252
  61.07988      1.51589   18.58168    0.12761      47575
  61.08987      1.51566   18.58058    0.13595      47477
  61.09987      1.51544   18.56664    0.13129      47480
  61.10987      1.51521   18.55360    0.13508      47837
  61.11987      1.51499   18.55011    0.13292      47354
  61.12987      1.51477   18.56070    0.13285      47369
  61.13987      1.51454   18.55292    0.12832      47589
  61.14986      1.51432   18.53615    0.13141      47427
  61.15986      1.51410   18.54593    0.12625      47636
  61.16986      1.51387   18.55196    0.13890      47879
  61.17986      1.51365   18.54649    0.13632      47505
  61.18986      1.51343   18.56852    0.13079      47617
  61.19985      1.51320   18.55537    0.12959      47867
  61.20985      1.51298   18.55551    0.11816      47361
  61.21985      1.51276   18.57125    0.13934      47386
  61.22985      1.51253   18.58300    0.13563      47786
  61.23985      1.51231   18.58091    0.12572      47191
  61.24985      1.51209   18.59212    0.13245      47692
  61.25984      1.51186   18.61119    0.13668      47729
  61.26984      1.51164   18.61594    0.13809      47392
  61.27984      1.51142   18.64356    0.13000      47420
  61.28984      1.51120   18.64914    0.12808      47893
  61.29984      1.51097   18.65178    0.12121      47559
  61.30983      1.51075   18.68314    0.14393      47368
  61.31983      1.51053   18.69921    0.13141      47788
  61.32983      1.51031   18.70356    0.13190      47634
  61.33983      1.51008   18.71400    0.13889      47404
  61.34983      1.50986   18.74965    0.12384      48092
  61.35982      1.50964   18.75827    0.13129      47544
  61.36982      1.50942   18.76570    0.13133      47286
  61.37982      1.50920   18.78677    0.12557      47815
  61.38982      1.50897   18.80355    0.13548      47598
  61.39982      1.50875   18.82812    0.13702      47078
  61.40982      1.50853   18.85251    0.13858      47934
  61.41981      1.50831   18.86428    0.13111      47647
  61.42981      1.50809   18.87202    0.14256      47168
  61.43981      1.50787   18.91242    0.11920      47955
  61.44981      1.50765   18.92674    0.13612      47535
  61.45981      1.50742   18.93805    0.13088      47236
  61.46980      1.50720   18.95956    0.13984      48230
  61.47980      1.50698   18.98235    0.12913      47696
  61.48980      1.50676   19.00206    0.14072      47400
  61.49980      1.50654   19.03818    0.12854      47959
  61.50980      1.50632   19.02572    0.12608      47639
  61.51980      1.50610   19.05227    0.12609      47212
  61.52979      1.50588   19.08989    0.14292      47710
  61.53979      1.50566   19.11073    0.13135      47717
  61.54979      1.50544   19.10517    0.13925      47317
  61.55979      1.50522   19.15778    0.13690      48016
  61.56979      1.50499   19.17497    0.13218      47517
  61.57978      1.50477   19.19051    0.13612      47101
  61.58978      1.50455   19.20924    0.13380      47934
  61.59978      1.50433   19.24243    0.12888      47978
  61.60978      1.50411   19.25788    0.13738      47191
  61.61978      1.50389   19.29560    0.12652      47910
  61.62978      1.50367   19.30220    0.14696      47895
  61.63977      1.50345   19.33606    0.13128      47722
  61.64977      1.50323   19.35822    0.12818      47603
  61.65977      1.50301   19.37711    0.13045      47575
  61.66977      1.50279   19.39433    0.13487      47321
  61.67977      1.50257   19.41951    0.13292      47754
  61.68976      1.50236   19.46185    0.14375      47982
  61.69976      1.50214   19.47673    0.12900      47354
  61.70976      1.50192   19.49958    0.13590      47789
  61.71976      1.50170   19.53322    0.14081      47728
  61.72976      1.50148   19.55771    0.14629      47281
  61.73976      1.50126   19.56792    0.12424      47771
  61.74975      1.50104   19.60807    0.13042      48025
  61.75975      1.50082   19.63341    0.13816      47397
  61.76975      1.50060   19.65421    0.13861      47638
  61.77975      1.50038   19.67337    0.13943      48001
  61.78975      1.50016   19.70306    0.13174      47670
  61.79974      1.49995   19.72634    0.12595      47584
  61.80974      1.49973   19.74680    0.13737      47717
  61.81974      1.49951   19.76603    0.13767      47495
  61.82974      1.49929   19.78918    0.13684      47653
  61.83974      1.49907   19.82490    0.13460      47747
  61.84974      1.49885   19.83836    0.14381      47777
  61.85973      1.49863   19.85631    0.14100      47822
  61.86973      1.49842   19.89525    0.13259      47521
  61.87973      1.49820   19.91332    0.14045      47555
  61.88973      1.49798   19.91715    0.13006      47881
  61.89973      1.49776   19.94820    0.12943      47717
  61.90972      1.49754   19.98117    0.13821      47526
  61.91972      1.49733   19.98448    0.14764      48085
  61.92972      1.49711   20.01193    0.13390      47691
  61.93972      1.49689   20.04797    0.13001      47768
  61.94972      1.49667   20.04656    0.12980      47688
  61.95972      1.49646   20.06490    0.13675      47594
  61.96971      1.49624   20.10635    0.14946      47653
  61.97971      1.49602   20.12616    0.12778      47692
  61.98971      1.49580   20.12569    0.14478      47746
  61.99971      1.49559   20.17240    0.13495      47761
  62.00971      1.49537   20.19066    0.15177      47760
  62.01970      1.49515   20.19693    0.13713      47596
  62.02970      1.49494   20.23340    0.13515      47673
  62.03970      1.49472   20.25336    0.12958      47850
  62.04970      1.49450   20.26675    0.14807      47485
  62.05970      1.49429   20.30005    0.13767      48028
  62.06970      1.49407   20.32318    0.13144      47941
  62.07969      1.49385   20.34265    0.14891      47749
  62.08969      1.49364   20.35731    0.12726      47648
  62.09969      1.49342   20.38000    0.14447      47806
  62.10969      1.49320   20.40919    0.12649      47667
  62.11969      1.49299   20.41895    0.14372      47566
  62.12968      1.49277   20.45424    0.14009      47879
  62.13968      1.49255   20.47434    0.14007      47808
  62.14968      1.49234   20.48860    0.14516      47718
  62.15968      1.49212   20.52046    0.13837      47894
  62.16968      1.49191   20.54260    0.14098      47667
  62.17968      1.49169   20.55183    0.13809      47535
  62.18967      1.49147   20.58539    0.13418      47756
  62.19967      1.49126   20.60989    0.13549      48115
  62.20967      1.49104   20.61400    0.14192      47378
  62.21967      1.49083   20.64869    0.14125      48165
  62.22967      1.49061   20.67283    0.13291      47939
  62.23966      1.49040   20.68599    0.14094      47647
  62.24966      1.49018   20.69435    0.13399      47414
  62.25966      1.48997   20.73157    0.13765      48081
  62.26966      1.48975   20.74300    0.14042      47670
  62.27966      1.48954   20.75831    0.14298      47590
  62.28966      1.48932   20.78673    0.14118      48002
  62.29965      1.48911   20.80035    0.13630      48012
  62.30965      1.48889   20.80952    0.14836      47732
  62.31965      1.48868   20.84652    0.14446      47706
  62.32965      1.48846   20.84417    0.13982      47666
  62.33965      1.48825   20.85294    0.12846      47678
  62.34964      1.48803   20.88816    0.14280      48090
  62.35964      1.48782   20.89664    0.14322      48042
  62.36964      1.48760   20.90105    0.15300      47322
  62.37964      1.48739   20.93192    0.12198      48247
  62.38964      1.48717   20.92768    0.13593      47898
  62.39964      1.48696   20.94008    0.14580      47243
  62.40963      1.48675   20.97425    0.13954      47975
  62.41963      1.48653   20.97326    0.14197      48091
  62.42963      1.48632   20.98826    0.13511      47509
  62.43963      1.48610   21.00667    0.15134      47841
  62.44963      1.48589   21.01489    0.14737      48306
  62.45962      1.48568   21.02754    0.14195      47638
  62.46962      1.48546   21.04510    0.13892      47489
  62.47962      1.48525   21.05195    0.14308      47972
  62.48962      1.48503   21.06916    0.13703      47903
  62.49962      1.48482   21.08300    0.13938      47664
  62.50962      1.48461   21.08617    0.14210      48320
  62.51961      1.48439   21.11211    0.13554      47853
  62.52961      1.48418   21.11505    0.13880      47633
  62.53961      1.48397   21.12783    0.13402      47971
  62.54961      1.48375   21.15187    0.14030      47685
  62.55961      1.48354   21.14109    0.14273      47652
  62.56960      1.48333   21.17749    0.13898      48093
  62.57960      1.48311   21.19743    0.14803      47832
  62.58960      1.48290   21.18820    0.14215      47875
  62.59960      1.48269   21.21042    0.14658      48052
  62.60960      1.48248   21.23773    0.14469      47800
  62.61960      1.48226   21.23212    0.14948      47660
  62.62959      1.48205   21.25086    0.12865      47852
  62.63959      1.48184   21.27238    0.13933      48073
  62.64959      1.48163   21.28314    0.14905      47759
  62.65959      1.48141   21.29952    0.13939      47958
  62.66959      1.48120   21.30236    0.13469      48214
  62.67958      1.48099   21.32416    0.13511      47559
  62.68958      1.48078   21.32574    0.14850      47697
  62.69958      1.48057   21.34862    0.13632      48103
  62.70958      1.48035   21.36924    0.14105      47693
  62.71958      1.48014   21.35386    0.15178      47727
  62.72958      1.47993   21.38915    0.13989      48376
  62.73957      1.47972   21.40735    0.14531      47726
  62.74957      1.47951   21.39846    0.14372      48094
  62.75957      1.47929   21.42404    0.14399      47875
  62.76957      1.47908   21.42417    0.14556      47727
  62.77957      1.47887   21.43981    0.13626      47953
  62.78956      1.47866   21.45256    0.13678      47907
  62.79956      1.47845   21.45284    0.14689      48130
  62.80956      1.47824   21.47642    0.14262      47930
  62.81956      1.47803   21.46653    0.12869      47943
  62.82956      1.47781   21.48364    0.14562      47819
  62.83956      1.47760   21.49622    0.14329      47678
  62.84955      1.47739   21.48534    0.14259      47961
  62.85955      1.47718   21.51652    0.13664      48158
  62.86955      1.47697   21.51618    0.14425      47845
  62.87955      1.47676   21.52359    0.15586      48012
  62.88955      1.47655   21.53790    0.14194      47956
  62.89954      1.47634   21.53828    0.14641      48130
  62.90954      1.47613   21.55723    0.15011      47696
  62.91954      1.47592   21.54578    0.13707      47927
  62.92954      1.47571   21.57495    0.13861      48024
  62.93954      1.47550   21.58610    0.14124      48111
  62.94954      1.47529   21.57050    0.14117      47840
  62.95953      1.47508   21.60736    0.13798      47957
  62.96953      1.47487   21.59522    0.14116      48049
  62.97953      1.47466   21.59812    0.13688      47765
  62.98953      1.47445   21.62282    0.13966      47809
  62.99953      1.47424   21.63762    0.15030      48130
  63.00952      1.47403   21.64712    0.14335      48019
  63.01952      1.47382   21.63950    0.14281      47746
  63.02952      1.47361   21.67994    0.14261      48238
  63.03952      1.47340   21.66111    0.16061      48304
  63.04952      1.47319   21.68979    0.14173      47654
  63.05952      1.47298   21.69368    0.14902      48001
  63.06951      1.47277   21.70667    0.13547      48163
  63.07951      1.47256   21.71657    0.14205      47715
  63.08951      1.47235   21.71963    0.14111      48134
  63.09951      1.47214   21.74693    0.13729      48302
  63.10951      1.47193   21.73316    0.13897      47850
  63.11950      1.47172   21.75088    0.14181      47713
  63.12950      1.47151   21.76404    0.13872      48362
  63.13950      1.47130   21.76930    0.14302      47687
  63.14950      1.47110   21.78031    0.14763      47915
  63.15950      1.47089   21.80560    0.15066      48309
  63.16950      1.47068   21.80711    0.14271      47929
  63.17949      1.47047   21.80347    0.14270      48065
  63.18949      1.47026   21.83747    0.15881      48277
  63.19949      1.47005   21.82735    0.14609      47929
  63.20949      1.46984   21.83301    0.14475      47505
  63.21949      1.46964   21.85139    0.13400      48498
  63.22948      1.46943   21.86556    0.14791      48088
  63.23948      1.46922   21.85440    0.14626      47813
  63.24948      1.46901   21.87609    0.12456      48307
  63.25948      1.46880   21.87486    0.15027      48147
  63.26948      1.46859   21.87572    0.14844      47726
  63.27948      1.46839   21.89769    0.13618      47852
  63.28947      1.46818   21.88658    0.14384      48435
  63.29947      1.46797   21.90830    0.14806      47775
  63.30947      1.46776   21.90227    0.14716      48015
  63.31947      1.46756   21.92154    0.14939      48421
  63.32947      1.46735   21.90890    0.14314      48180
  63.33946      1.46714   21.91703    0.15171      47879
  63.34946      1.46693   21.92692    0.15507      48096
  63.35946      1.46673   21.93847    0.13701      47966
  63.36946      1.46652   21.91509    0.13213      48030
  63.37946      1.46631   21.93422    0.15609      48335
  63.38946      1.46610   21.93158    0.13591      48274
  63.39945      1.46590   21.93212    0.13744      47830
  63.40945      1.46569   21.92705    0.14150      47866
  63.41945      1.46548   21.92910    0.14549      48248
  63.42945      1.46528   21.93341    0.14395      48019
  63.43945      1.46507   21.92802    0.14282      47836
  63.44944      1.46486   21.93519    0.14954      48505
  63.45944      1.46466   21.92893    0.14881      48098
  63.46944      1.46445   21.91895    0.14264      47940
  63.47944      1.46424   21.92798    0.15107      48439
  63.48944      1.46404   21.91894    0.14905      48159
  63.49944      1.46383   21.90250    0.14550      47882
  63.50943      1.46362   21.90799    0.13683      48078
  63.51943      1.46342   21.89702    0.14594      48369
  63.52943      1.46321   21.88841    0.13402      47978
  63.53943      1.46300   21.87514    0.13988      48137
  63.54943      1.46280   21.85833    0.13463      48258
  63.55942      1.46259   21.85528    0.14456      47774
  63.56942      1.46239   21.83290    0.14811      48150
  63.57942      1.46218   21.83759    0.13761      48211
  63.58942      1.46197   21.81149    0.14966      47980
  63.59942      1.46177   21.80167    0.14766      48459
  63.60942      1.46156   21.77831    0.15118      48138
  63.61941      1.46136   21.76913    0.14429      48127
  63.62941      1.46115   21.75211    0.14308      48492
  63.63941      1.46095   21.72794    0.15120      47801
  63.64941      1.46074   21.71545    0.14856      48167
  63.65941      1.46054   21.69429    0.13204      48099
  63.66940      1.46033   21.66334    0.14136      48376
  63.67940      1.46012   21.66278    0.13416      48256
  63.68940      1.45992   21.61880    0.14299      47962
  63.69940      1.45971   21.60555    0.13267      48173
  63.70940      1.45951   21.57871    0.14898      48039
  63.71940      1.45930   21.56690    0.14224      48175
  63.72939      1.45910   21.53820    0.14900      48290
  63.73939      1.45890   21.51618    0.14138      48200
  63.74939      1.45869   21.50021    0.14613      48143
  63.75939      1.45849   21.47605    0.15535      48421
  63.76939      1.45828   21.44263    0.14353      48302
  63.77938      1.45808   21.43762    0.14231      48116
  63.78938      1.45787   21.40364    0.14883      48130
  63.79938      1.45767   21.38801    0.13642      48153
  63.80938      1.45746   21.35935    0.14116      48264
  63.81938      1.45726   21.34981    0.12708      48340
  63.82938      1.45706   21.31404    0.14282      48309
  63.83937      1.45685   21.28467    0.14134      47735
  63.84937      1.45665   21.27776    0.14029      48149
  63.85937      1.45644   21.25401    0.13894      48509
  63.86937      1.45624   21.22526    0.14457      47913
  63.87937      1.45604   21.21683    0.14559      48408
  63.88936      1.45583   21.19661    0.14448      48394
  63.89936      1.45563   21.16561    0.14660      48383
  63.90936      1.45542   21.15130    0.14477      48045
  63.91936      1.45522   21.12863    0.14319      48673
  63.92936      1.45502   21.11311    0.14986      48131
  63.93936      1.45481   21.08203    0.14927      47829
  63.94935      1.45461   21.07190    0.13045      48444
  63.95935      1.45441   21.05212    0.12982      48604
  63.96935      1.45420   21.02044    0.14397      47979
  63.97935      1.45400   21.00645    0.13914      48031
  63.98935      1.45380   20.98293    0.13206      48366
  63.99934      1.45360   20.96170    0.14118      48146
  64.00934      1.45339   20.94466    0.14183      48291
  64.01934      1.45319   20.93682    0.14763      48542
  64.02934      1.45299   20.89852    0.13976      48228
  64.03934      1.45278   20.88891    0.15300      47993
  64.04934      1.45258   20.87182    0.14117      48775
  64.05933      1.45238   20.85209    0.14851      48510
  64.06933      1.45218   20.81928    0.13719      47923
  64.07933      1.45197   20.81295    0.14772      48331
  64.08933      1.45177   20.79296    0.14039      48469
  64.09933      1.45157   20.76950    0.13654      48053
  64.10932      1.45137   20.74252    0.12387      48457
  64.11932      1.45116   20.73333    0.14011      48269
  64.12932      1.45096   20.69892    0.14481      48199
  64.13932      1.45076   20.68085    0.13124      48008
  64.14932      1.45056   20.66653    0.14011      48655
  64.15932      1.45036   20.64080    0.15324      48433
  64.16931      1.45015   20.62048    0.13749      47962
  64.17931      1.44995   20.60292    0.14636      48674
  64.18931      1.44975   20.58246    0.14088      48499
  64.19931      1.44955   20.55686    0.14465      48325
  64.20931      1.44935   20.53723    0.14292      48354
  64.21930      1.44915   20.51772    0.14139      48394
  64.22930      1.44894   20.49756    0.14409      47911
  64.23930      1.44874   20.46316    0.13477      48463
  64.24930      1.44854   20.46342    0.12133      48701
  64.25930      1.44834   20.42245    0.13937      48329
  64.26930      1.44814   20.39780    0.13853      47989
  64.27929      1.44794   20.37893    0.13917      48421
  64.28929      1.44774   20.36142    0.13751      48399
  64.29929      1.44754   20.33954    0.13913      48374
  64.30929      1.44734   20.31513    0.15186      48298
  64.31929      1.44713   20.30039    0.13754      48675
  64.32928      1.44693   20.27456    0.13763      48295
  64.33928      1.44673   20.24799    0.14704      48397
  64.34928      1.44653   20.22882    0.15184      48612
  64.35928      1.44633   20.21058    0.13245      48329
  64.36928      1.44613   20.18786    0.14779      48275
  64.37928      1.44593   20.16168    0.13689      48418
  64.38927      1.44573   20.14049    0.12331      48498
  64.39927      1.44553   20.10937    0.13068      48289
  64.40927      1.44533   20.08021    0.13663      48167
  64.41927      1.44513   20.07267    0.14504      48412
  64.42927      1.44493   20.04634    0.12805      48473
  64.43926      1.44473   20.01884    0.13838      48411
  64.44926      1.44453   19.98981    0.14794      48527
  64.45926      1.44433   19.98396    0.14694      48332
  64.46926      1.44413   19.94448    0.12903      48743
  64.47926      1.44393   19.91924    0.14594      48333
  64.48926      1.44373   19.90315    0.14218      48527
  64.49925      1.44353   19.88089    0.14882      48669
  64.50925      1.44333   19.83637    0.13341      48156
  64.51925      1.44313   19.82498    0.14267      48555
  64.52925      1.44293   19.80738    0.12591      48391
  64.53925      1.44273   19.76035    0.12552      48477
  64.54924      1.44253   19.73841    0.13817      48295
  64.55924      1.44233   19.71789    0.13376      48442
  64.56924      1.44214   19.69777    0.13939      48435
  64.57924      1.44194   19.64819    0.13597      48159
  64.58924      1.44174   19.65067    0.13432      48566
  64.59924      1.44154   19.61254    0.15197      48859
  64.60923      1.44134   19.58561    0.13621      48644
  64.61923      1.44114   19.55839    0.14055      48195
  64.62923      1.44094   19.53438    0.13605      48651
  64.63923      1.44074   19.51012    0.15361      48789
  64.64923      1.44054   19.47099    0.13428      48291
  64.65922      1.44035   19.45746    0.14158      48214
  64.66922      1.44015   19.42747    0.11837      48966
  64.67922      1.43995   19.39621    0.13595      48279
  64.68922      1.43975   19.35629    0.12540      48120
  64.69922      1.43955   19.34117    0.13735      48630
  64.70921      1.43935   19.31496    0.13131      48628
  64.71921      1.43916   19.27365    0.13938      48187
  64.72921      1.43896   19.26669    0.13559      48673
  64.73921      1.43876   19.23659    0.13866      48855
  64.74921      1.43856   19.20545    0.14511      48439
  64.75921      1.43836   19.17687    0.13803      48550
  64.76920      1.43817   19.15523    0.13296      48792
  64.77920      1.43797   19.12629    0.14604      48731
  64.78920      1.43777   19.09308    0.13838      48296
  64.79920      1.43757   19.07756    0.13773      48556
  64.80920      1.43737   19.04648    0.12347      48545
  64.81919      1.43718   19.01606    0.12560      48217
  64.82919      1.43698   18.98797    0.12685      48681
  64.83919      1.43678   18.96812    0.13546      48590
  64.84919      1.43658   18.94056    0.13326      48411
  64.85919      1.43639   18.90773    0.13661      48439
  64.86919      1.43619   18.89942    0.13530      48952
  64.87918      1.43599   18.86587    0.13661      48659
  64.88918      1.43580   18.83934    0.14396      48015
  64.89918      1.43560   18.82243    0.13354      49100
  64.90918      1.43540   18.79859    0.13821      48918
  64.91918      1.43520   18.77043    0.14326      48374
  64.92917      1.43501   18.73987    0.14225      48652
  64.93917      1.43481   18.72465    0.13100      48606
  64.94917      1.43461   18.69811    0.12691      48535
  64.95917      1.43442   18.66302    0.12079      48504
  64.96917      1.43422   18.64511    0.12966      48649
  64.97917      1.43402   18.62364    0.13034      48553
  64.98916      1.43383   18.59498    0.12731      48425
  64.99916      1.43363   18.57227    0.13857      48543
  65.00916      1.43344   18.55388    0.14045      48940
  65.01916      1.43324   18.52744    0.12850      48410
  65.02916      1.43304   18.49834    0.13562      48581
  65.03915      1.43285   18.48253    0.14144      49041
  65.04915      1.43265   18.45454    0.13345      48782
  65.05915      1.43245   18.42412    0.14115      48567
  65.06915      1.43226   18.39587    0.13640      48742
  65.07915      1.43206   18.38219    0.14265      48793
  65.08915      1.43187   18.34797    0.11966      48420
  65.09914      1.43167   18.31470    0.12339      48482
  65.10914      1.43148   18.28966    0.12863      48625
  65.11914      1.43128   18.27530    0.12508      48472
  65.12914      1.43108   18.24034    0.13089      48811
  65.13914      1.43089   18.21168    0.13213      48592
  65.14913      1.43069   18.19318    0.13444      48854
  65.15913      1.43050   18.16443    0.14393      48577
  65.16913      1.43030   18.12433    0.12700      48707
  65.17913      1.43011   18.11423    0.13459      49020
  65.18913      1.42991   18.08405    0.13922      48632
  65.19913      1.42972   18.04676    0.13366      48896
  65.20912      1.42952   18.01309    0.13969      48686
  65.21912      1.42933   17.99378    0.13211      48743
  65.22912      1.42913   17.96714    0.12975      48752
  65.23912      1.42894   17.91969    0.11662      48372
  65.24912      1.42874   17.89507    0.13031      48598
  65.25911      1.42855   17.87538    0.12423      48724
  65.26911      1.42835   17.84300    0.12680      48880
  65.27911      1.42816   17.80619    0.13346      48420
  65.28911      1.42796   17.79149    0.13523      48754
  65.29911      1.42777   17.75674    0.12485      49031
  65.30911      1.42758   17.72175    0.14226      48685
  65.31910      1.42738   17.69840    0.13219      48681
  65.32910      1.42719   17.67593    0.13065      49067
  65.33910      1.42699   17.64370    0.13641      48885
  65.34910      1.42680   17.60508    0.13627      48740
  65.35910      1.42661   17.58625    0.13195      48754
  65.36909      1.42641   17.56221    0.12422      48851
  65.37909      1.42622   17.52399    0.12011      48711
  65.38909      1.42602   17.48991    0.12507      48213
  65.39909      1.42583   17.47421    0.12573      48778
  65.40909      1.42564   17.45442    0.12332      49007
  65.41909      1.42544   17.41732    0.13530      48499
  65.42908      1.42525   17.40317    0.13087      48918
  65.43908      1.42505   17.37883    0.13131      49087
  65.44908      1.42486   17.34629    0.13091      48693
  65.45908      1.42467   17.32248    0.13869      48869
  65.46908      1.42447   17.29781    0.12581      49031
  65.47907      1.42428   17.27917    0.13058      48971
  65.48907      1.42409   17.24369    0.14246      48518
  65.49907      1.42389   17.22747    0.12932      49193
  65.50907      1.42370   17.19877    0.12500      48864
  65.51907      1.42351   17.17017    0.12153      48523
  65.52907      1.42332   17.13789    0.11760      48475
  65.53906      1.42312   17.12379    0.12405      48928
  65.54906      1.42293   17.10401    0.12326      48973
  65.55906      1.42274   17.06449    0.13215      48287
  65.56906      1.42254   17.05468    0.12746      49196
  65.57906      1.42235   17.02923    0.13460      49164
  65.58905      1.42216   17.00169    0.12704      48758
  65.59905      1.42197   16.96471    0.13384      48747
  65.60905      1.42177   16.95505    0.13240      49052
  65.61905      1.42158   16.92632    0.13127      49188
  65.62905      1.42139   16.89339    0.13131      48421
  65.63905      1.42120   16.87130    0.13457      49334
  65.64904      1.42100   16.85377    0.11601      49073
  65.65904      1.42081   16.81608    0.12757      48356
  65.66904      1.42062   16.78290    0.11946      48724
  65.67904      1.42043   16.76539    0.11677      48866
  65.68904      1.42024   16.74416    0.13338      48834
  65.69903      1.42004   16.70891    0.11993      48877
  65.70903      1.41985   16.68479    0.13200      48915
  65.71903      1.41966   16.66392    0.12863      49131
  65.72903      1.41947   16.63738    0.12894      48907
  65.73903      1.41928   16.59914    0.13087      48891
  65.74903      1.41909   16.58855    0.12616      49242
  65.75902      1.41889   16.55841    0.13109      49023
  65.76902      1.41870   16.53089    0.13340      48883
  65.77902      1.41851   16.50257    0.13428      49086
  65.78902      1.41832   16.48309    0.11774      48897
  65.79902      1.41813   16.45073    0.12111      48583
  65.80901      1.41794   16.42186    0.11873      48667
  65.81901      1.41775   16.40360    0.11618      49095
  65.82901      1.41756   16.38324    0.12147      48884
  65.83901      1.41736   16.35557    0.13263      49077
  65.84901      1.41717   16.32840    0.12246      48980
  65.85901      1.41698   16.31424    0.12831      48919
  65.86900      1.41679   16.29443    0.13305      48997
  65.87900      1.41660   16.26625    0.12824      49146
  65.88900      1.41641   16.23989    0.12925      49122
  65.89900      1.41622   16.22763    0.12644      49001
  65.90900      1.41603   16.20061    0.13093      49283
  65.91899      1.41584   16.17298    0.13206      48883
  65.92899      1.41565   16.15792    0.11543      49128
  65.93899      1.41546   16.13172    0.12330      48544
  65.94899      1.41527   16.11274    0.11239      49025
  65.95899      1.41508   16.08730    0.12102      48831
  65.96899      1.41489   16.07193    0.11822      48790
  65.97898      1.41470   16.05107    0.13014      49326
  65.98898      1.41451   16.02522    0.12698      48890
  65.99898      1.41432   16.01306    0.12453      49100
  66.00898      1.41413   15.99004    0.12836      49181
  66.01898      1.41394   15.97239    0.12715      49152
  66.02897      1.41375   15.94690    0.13006      49004
  66.03897      1.41356   15.93620    0.12551      49277
  66.04897      1.41337   15.91863    0.12907      49307
  66.05897      1.41318   15.89101    0.12097      49163
  66.06897      1.41299   15.88363    0.12079      48862
  66.07897      1.41280   15.85373    0.12178      48610
  66.08896      1.41261   15.84298    0.11428      49117
  66.09896      1.41242   15.82188    0.11495      48790
  66.10896      1.41223   15.81137    0.12993      49084
  66.11896      1.41204   15.80390    0.12763      49229
  66.12896      1.41185   15.78569    0.12044      49214
  66.13895      1.41166   15.76751    0.13707      48742
  66.14895      1.41147   15.76667    0.11572      49532
  66.15895      1.41128   15.74849    0.13126      49265
  66.16895      1.41109   15.72969    0.12702      49097
  66.17895      1.41091   15.73251    0.12607      48977
  66.18895      1.41072   15.72416    0.13424      49534
  66.19894      1.41053   15.71517    0.11494      49228
  66.20894      1.41034   15.70208    0.12131      48775
  66.21894      1.41015   15.69412    0.12416      48791
  66.22894      1.40996   15.69546    0.11172      49127
  66.23894      1.40977   15.69110    0.12062      49077
  66.24893      1.40958   15.68448    0.12367      48788
  66.25893      1.40940   15.69237    0.12212      49552
  66.26893      1.40921   15.69559    0.12951      49224
  66.27893      1.40902   15.68870    0.12379      48868
  66.28893      1.40883   15.69919    0.12732      49402
  66.29893      1.40864   15.70830    0.12376      49430
  66.30892      1.40845   15.70897    0.13305      49409
  66.31892      1.40827   15.71481    0.12720      48734
  66.32892      1.40808   15.73240    0.12522      49662
  66.33892      1.40789   15.73911    0.11528      49386
  66.34892      1.40770   15.74716    0.12683      48789
  66.35891      1.40751   15.76220    0.12147      48715
  66.36891      1.40733   15.78224    0.11563      49248
  66.37891      1.40714   15.79607    0.11982      49276
  66.38891      1.40695   15.82360    0.12665      48976
  66.39891      1.40676   15.84060    0.12066      49226
  66.40891      1.40658   15.86702    0.12506      49454
  66.41890      1.40639   15.89157    0.13277      48994
  66.42890      1.40620   15.91731    0.12115      49366
  66.43890      1.40601   15.94565    0.13296      49432
  66.44890      1.40583   15.97678    0.12644      49398
  66.45890      1.40564   16.00009    0.13584      49365
  66.46889      1.40545   16.03798    0.12280      49122
  66.47889      1.40527   16.07149    0.11936      49636
  66.48889      1.40508   16.09804    0.12840      48927
  66.49889      1.40489   16.13009    0.11902      48924
  66.50889      1.40470   16.17245    0.11743      49232
  66.51889      1.40452   16.20655    0.12655      49209
  66.52888      1.40433   16.23879    0.12422      49240
  66.53888      1.40414   16.28512    0.12317      49175
  66.54888      1.40396   16.31799    0.13407      49408
  66.55888      1.40377   16.35326    0.12736      49222
  66.56888      1.40358   16.39103    0.12529      49531
  66.57887      1.40340   16.42941    0.12727      49223
  66.58887      1.40321   16.46362    0.14509      49483
  66.59887      1.40302   16.49854    0.12711      49487
  66.60887      1.40284   16.52891    0.12046      49374
  66.61887      1.40265   16.56938    0.12220      49512
  66.62887      1.40247   16.59613    0.12868      48918
  66.63886      1.40228   16.62353    0.12342      49041
  66.64886      1.40209   16.65643    0.11720      49304
  66.65886      1.40191   16.68466    0.12609      49178
  66.66886      1.40172   16.70793    0.12255      49336
  66.67886      1.40154   16.73595    0.13043      49612
  66.68885      1.40135   16.75643    0.13211      49003
  66.69885      1.40116   16.77678    0.12897      49499
  66.70885      1.40098   16.79678    0.12870      49499
  66.71885      1.40079   16.81122    0.13191      49605
  66.72885      1.40061   16.82248    0.13128      49207
  66.73885      1.40042   16.83614    0.13398      49577
  66.74884      1.40024   16.84145    0.11854      49550
  66.75884      1.40005   16.84152    0.12917      49407
  66.76884      1.39987   16.84192    0.12556      48861
  66.77884      1.39968   16.83959    0.12235      49321
  66.78884      1.39949   16.83310    0.12316      49336
  66.79883      1.39931   16.83067    0.12059      49441
  66.80883      1.39912   16.81456    0.12219      49008
  66.81883      1.39894   16.80439    0.13213      49851
  66.82883      1.39875   16.78173    0.13649      49552
  66.83883      1.39857   16.75678    0.12070      49268
  66.84883      1.39838   16.73435    0.13123      49466
  66.85882      1.39820   16.70651    0.13626      49544
  66.86882      1.39801   16.67159    0.12466      49714
  66.87882      1.39783   16.63013    0.13139      49094
  66.88882      1.39765   16.59571    0.12059      49896
  66.89882      1.39746   16.54860    0.11866      49511
  66.90881      1.39728   16.50093    0.12936      49101
  66.91881      1.39709   16.44373    0.12764      48894
  66.92881      1.39691   16.40033    0.11750      49653
  66.93881      1.39672   16.34333    0.11702      49600
  66.94881      1.39654   16.28143    0.13220      49233
  66.95881      1.39635   16.22333    0.12689      49354
  66.96880      1.39617   16.16136    0.11880      49753
  66.97880      1.39599   16.09645    0.13967      49646
  66.98880      1.39580   16.02509    0.12391      49295
  66.99880      1.39562   15.95505    0.12731      49711
  67.00880      1.39543   15.88609    0.13002      49831
  67.01879      1.39525   15.81468    0.12089      49636
  67.02879      1.39507   15.73147    0.12048      49255
  67.03879      1.39488   15.65992    0.11945      49520
  67.04879      1.39470   15.58908    0.12173      49362
  67.05879      1.39452   15.50948    0.13057      49016
  67.06879      1.39433   15.42808    0.10737      49426
  67.07878      1.39415   15.35905    0.12265      49789
  67.08878      1.39396   15.28927    0.12421      49648
  67.09878      1.39378   15.20563    0.11994      49470
  67.10878      1.39360   15.12747    0.12656      49515
  67.11878      1.39341   15.05959    0.12577      49830
  67.12877      1.39323   14.98868    0.12253      49647
  67.13877      1.39305   14.91024    0.12392      49618
  67.14877      1.39287   14.83914    0.12984      49527
  67.15877      1.39268   14.77331    0.11022      50025
  67.16877      1.39250   14.69671    0.11349      49182
  67.17877      1.39232   14.62439    0.12330      49673
  67.18876      1.39213   14.56138    0.12236      49222
  67.19876      1.39195   14.50021    0.11584      49375
  67.20876      1.39177   14.43891    0.11031      49611
  67.21876      1.39158   14.37042    0.12596      49591
  67.22876      1.39140   14.31924    0.11590      49691
  67.23875      1.39122   14.26731    0.11735      49509
  67.24875      1.39104   14.20848    0.12584      49881
  67.25875      1.39085   14.14498    0.12103      49645
  67.26875      1.39067   14.10949    0.11874      49804
  67.27875      1.39049   14.05895    0.12234      49699
  67.28875      1.39031   14.01292    0.11962      49884
  67.29874      1.39013   13.96191    0.10860      49591
  67.30874      1.38994   13.92136    0.11736      49395
  67.31874      1.38976   13.88631    0.11465      49654
  67.32874      1.38958   13.84981    0.12165      49478
  67.33874      1.38940   13.80878    0.10641      49339
  67.34873      1.38921   13.79230    0.11901      49454
  67.35873      1.38903   13.76106    0.11233      49972
  67.36873      1.38885   13.73275    0.11794      49810
  67.37873      1.38867   13.70633    0.12313      49666
  67.38873      1.38849   13.69305    0.12029      49540
  67.39873      1.38831   13.66659    0.11737      50090
  67.40872      1.38812   13.64607    0.11964      49839
  67.41872      1.38794   13.62912    0.13055      49475
  67.42872      1.38776   13.61802    0.10267      50047
  67.43872      1.38758   13.59893    0.11161      49685
  67.44872      1.38740   13.58606    0.11344      49666
  67.45871      1.38722   13.57863    0.11638      49313
  67.46871      1.38704   13.57642    0.11501      49615
  67.47871      1.38685   13.56659    0.11376      49797
  67.48871      1.38667   13.56100    0.10999      49699
  67.49871      1.38649   13.55557    0.11929      49550
  67.50871      1.38631   13.55391    0.11680      50028
  67.51870      1.38613   13.55197    0.12057      49936
  67.52870      1.38595   13.54591    0.11211      49565
  67.53870      1.38577   13.54271    0.12194      49857
  67.54870      1.38559   13.54498    0.12042      50161
  67.55870      1.38541   13.54370    0.11112      49950
  67.56869      1.38523   13.53757    0.11209      49433
  67.57869      1.38505   13.53765    0.10978      49691
  67.58869      1.38487   13.53954    0.11647      49933
  67.59869      1.38468   13.53968    0.11889      49624
  67.60869      1.38450   13.53792    0.11645      49243
  67.61869      1.38432   13.54151    0.10906      49951
  67.62868      1.38414   13.54517    0.11217      50049
  67.63868      1.38396   13.54238    0.11463      49659
  67.64868      1.38378   13.54062    0.12060      49633
  67.65868      1.38360   13.54443    0.11420      50273
  67.66868      1.38342   13.54365    0.12003      49860
  67.67867      1.38324   13.53336    0.11717      49820
  67.68867      1.38306   13.53357    0.12220      49872
  67.69867      1.38288   13.53663    0.10350      50203
  67.70867      1.38270   13.52711    0.11367      49774
  67.71867      1.38252   13.52120    0.11591      49728
  67.72867      1.38234   13.51735    0.11288      49658
  67.73866      1.38216   13.50658    0.12133      49810
  67.74866      1.38198   13.50355    0.11007      49738
  67.75866      1.38180   13.49820    0.11230      49821
  67.76866      1.38163   13.48720    0.11139      49888
  67.77866      1.38145   13.47815    0.11497      49998
  67.78865      1.38127   13.46345    0.12041      49829
  67.79865      1.38109   13.45420    0.11715      50029
  67.80865      1.38091   13.44124    0.11362      49929
  67.81865      1.38073   13.42643    0.12480      50070
  67.82865      1.38055   13.40818    0.10655      50038
  67.83865      1.38037   13.39169    0.10848      50068
  67.84864      1.38019   13.36823    0.11456      49643
  67.85864      1.38001   13.35667    0.11501      50040
  67.86864      1.37983   13.33576    0.11583      49808
  67.87864      1.37965   13.31261    0.11773      49658
  67.88864      1.37948   13.29228    0.10803      49961
  67.89863      1.37930   13.26970    0.10693      49970
  67.90863      1.37912   13.25015    0.12102      50015
  67.91863      1.37894   13.22270    0.11190      50086
  67.92863      1.37876   13.19673    0.12158      49810
  67.93863      1.37858   13.17194    0.11264      50002
  67.94863      1.37840   13.14991    0.11851      50261
  67.95862      1.37822   13.12238    0.11362      50233
  67.96862      1.37805   13.09091    0.10279      50005
  67.97862      1.37787   13.05864    0.11357      49618
  67.98862      1.37769   13.03308    0.11134      50124
  67.99862      1.37751   13.00285    0.11677      50079
  68.00861      1.37733   12.96979    0.11164      49656
  68.01861      1.37716   12.94434    0.11838      49865
  68.02861      1.37698   12.91980    0.10529      50203
  68.03861      1.37680   12.88954    0.10554      50054
  68.04861      1.37662   12.84952    0.12126      49803
  68.05860      1.37644   12.82673    0.11413      50326
  68.06860      1.37627   12.80228    0.11532      50201
  68.07860      1.37609   12.76922    0.11213      50203
  68.08860      1.37591   12.73744    0.12016      49721
  68.09860      1.37573   12.71079    0.09961      50583
  68.10860      1.37556   12.68474    0.11013      50006
  68.11859      1.37538   12.64659    0.11598      49822
  68.12859      1.37520   12.62614    0.10810      49730
  68.13859      1.37502   12.59960    0.11557      50384
  68.14859      1.37485   12.57389    0.11609      49907
  68.15859      1.37467   12.54324    0.10830      50103
  68.16858      1.37449   12.52185    0.10680      49599
  68.17858      1.37431   12.49791    0.11300      50589
  68.18858      1.37414   12.47467    0.10827      50215
  68.19858      1.37396   12.44581    0.11331      50000
  68.20858      1.37378   12.42414    0.11652      50076
  68.21858      1.37361   12.40505    0.11281      50568
  68.22857      1.37343   12.37997    0.09997      50310
  68.23857      1.37325   12.35562    0.11384      49803
  68.24857      1.37307   12.33089    0.11033      49942
  68.25857      1.37290   12.31445    0.10755      50494
  68.26857      1.37272   12.29174    0.10980      50059
  68.27856      1.37254   12.26993    0.11750      49971
  68.28856      1.37237   12.25643    0.11228      49838
  68.29856      1.37219   12.23445    0.10060      50479
  68.30856      1.37201   12.21477    0.11263      50230
  68.31856      1.37184   12.19467    0.10659      50002
  68.32856      1.37166   12.17686    0.11034      50274
  68.33855      1.37149   12.16708    0.11755      50381
  68.34855      1.37131   12.14432    0.10717      50289
  68.35855      1.37113   12.13092    0.11133      50221
  68.36855      1.37096   12.11229    0.10562      50186
  68.37855      1.37078   12.10188    0.10339      50219
  68.38854      1.37061   12.08796    0.10972      50231
  68.39854      1.37043   12.07075    0.11895      50076
  68.40854      1.37025   12.05626    0.10794      50126
  68.41854      1.37008   12.05494    0.11073      50271
  68.42854      1.36990   12.04266    0.11496      49997
  68.43854      1.36973   12.02726    0.09662      50542
  68.44853      1.36955   12.01260    0.11275      50112
  68.45853      1.36937   12.01398    0.11436      50242
  68.46853      1.36920   12.00555    0.10532      50218
  68.47853      1.36902   11.98893    0.11684      50696
  68.48853      1.36885   11.98120    0.10844      50245
  68.49852      1.36867   11.98114    0.10247      50488
  68.50852      1.36850   11.96731    0.10328      49822
  68.51852      1.36832   11.96051    0.11340      50639
  68.52852      1.36815   11.95454    0.10747      50124
  68.53852      1.36797   11.94927    0.11128      50201
  68.54852      1.36780   11.94644    0.11036      50298
  68.55851      1.36762   11.93967    0.11236      50271
  68.56851      1.36745   11.92946    0.10371      50262
  68.57851      1.36727   11.92888    0.10330      50308
  68.58851      1.36710   11.92517    0.11477      50222
  68.59851      1.36692   11.91935    0.10744      50768
  68.60850      1.36675   11.91142    0.11182      50504
  68.61850      1.36657   11.90894    0.11876      50172
  68.62850      1.36640   11.90409    0.09491      50420
  68.63850      1.36622   11.89404    0.10591      50525
  68.64850      1.36605   11.88737    0.11160      50098
  68.65850      1.36587   11.88286    0.10583      50142
  68.66849      1.36570   11.88013    0.10965      50483
  68.67849      1.36552   11.87687    0.11673      50741
  68.68849      1.36535   11.87221    0.10403      50136
  68.69849      1.36518   11.86490    0.11336      49942
  68.70849      1.36500   11.86143    0.10435      50789
  68.71848      1.36483   11.85631    0.10167      50569
  68.72848      1.36465   11.85404    0.11394      50394
  68.73848      1.36448   11.84438    0.11757      49855
  68.74848      1.36430   11.84310    0.10553      51051
  68.75848      1.36413   11.83933    0.10057      50833
  68.76848      1.36396   11.82890    0.10803      50198
  68.77847      1.36378   11.81115    0.10477      49872
  68.78847      1.36361   11.81893    0.10991      50686
  68.79847      1.36344   11.81372    0.10938      50623
  68.80847      1.36326   11.80719    0.11061      50523
  68.81847      1.36309   11.79612    0.11016      50266
  68.82846      1.36291   11.79471    0.11339      50259
  68.83846      1.36274   11.79383    0.09943      50784
  68.84846      1.36257   11.77823    0.10817      50577
  68.85846      1.36239   11.77244    0.11142      50169
  68.86846      1.36222   11.77368    0.11170      50707
  68.87846      1.36205   11.76489    0.10391      50731
  68.88845      1.36187   11.75906    0.10614      50774
  68.89845      1.36170   11.75083    0.10307      50208
  68.90845      1.36153   11.74072    0.10371      50308
  68.91845      1.36135   11.74175    0.11055      50687
  68.92845      1.36118   11.73496    0.11209      50616
  68.93844      1.36101   11.72910    0.10552      50337
  68.94844      1.36084   11.72778    0.11639      50545
  68.95844      1.36066   11.72688    0.10870      50597
  68.96844      1.36049   11.72043    0.10500      50458
  68.97844      1.36032   11.71287    0.10495      50614
  68.98844      1.36014   11.71157    0.11396      50471
  68.99843      1.35997   11.71205    0.10308      50775
  69.00843      1.35980   11.70477    0.11490      50563
  69.01843      1.35963   11.70783    0.10059      50814
  69.02843      1.35945   11.70318    0.10093      50681
  69.03843      1.35928   11.70011    0.11179      50290
  69.04842      1.35911   11.70009    0.10469      50554
  69.05842      1.35894   11.69929    0.11163      50687
  69.06842      1.35876   11.70406    0.11369      50558
  69.07842      1.35859   11.70477    0.10938      50621
  69.08842      1.35842   11.70216    0.11217      50720
  69.09842      1.35825   11.70633    0.11372      50402
  69.10841      1.35808   11.71065    0.09789      50799
  69.11841      1.35790   11.70479    0.10979      50491
  69.12841      1.35773   11.71479    0.10995      50891
  69.13841      1.35756   11.71687    0.10549      50735
  69.14841      1.35739   11.71689    0.10563      50864
  69.15840      1.35722   11.72307    0.10104      50676
  69.16840      1.35704   11.72309    0.10883      50246
  69.17840      1.35687   11.73034    0.10758      50651
  69.18840      1.35670   11.73353    0.10742      50917
  69.19840      1.35653   11.73934    0.11350      50765
  69.20840      1.35636   11.74207    0.11281      50500
  69.21839      1.35619   11.74908    0.11204      50809
  69.22839      1.35601   11.75258    0.10703      50686
  69.23839      1.35584   11.75654    0.10534      50712
  69.24839      1.35567   11.75844    0.10979      50490
  69.25839      1.35550   11.76588    0.10209      50896
  69.26838      1.35533   11.77005    0.11435      50969
  69.27838      1.35516   11.77211    0.10633      51022
  69.28838      1.35499   11.77399    0.09741      50372
  69.29838      1.35482   11.77890    0.11131      50676
  69.30838      1.35465   11.78384    0.11002      50740
  69.31838      1.35447   11.78528    0.10663      50911
  69.32837      1.35430   11.78838    0.11142      50723
  69.33837      1.35413   11.78996    0.10997      50798
  69.34837      1.35396   11.79531    0.11311      50955
  69.35837      1.35379   11.79133    0.11333      50667
  69.36837      1.35362   11.79532    0.11005      50588
  69.37836      1.35345   11.79606    0.10002      50803
  69.38836      1.35328   11.79861    0.11067      50986
  69.39836      1.35311   11.79879    0.10773      50896
  69.40836      1.35294   11.79748    0.10666      51034
  69.41836      1.35277   11.79333    0.10251      50583
  69.42836      1.35260   11.78950    0.10498      50930
  69.43835      1.35243   11.79504    0.10815      50783
  69.44835      1.35226   11.79200    0.11060      50603
  69.45835      1.35209   11.78608    0.11498      50968
  69.46835      1.35192   11.78994    0.10660      51042
  69.47835      1.35175   11.78593    0.11388      50928
  69.48834      1.35158   11.78555    0.11410      50925
  69.49834      1.35141   11.77767    0.10448      50661
  69.50834      1.35124   11.77512    0.10547      50787
  69.51834      1.35107   11.78117    0.10853      51152
  69.52834      1.35090   11.77069    0.10649      50981
  69.53834      1.35073   11.77205    0.10510      50772
  69.54833      1.35056   11.76093    0.10444      50998
  69.55833      1.35039   11.76106    0.10245      50746
  69.56833      1.35022   11.76154    0.11407      50839
  69.57833      1.35005   11.75866    0.10665      50966
  69.58833      1.34988   11.75691    0.10927      51014
  69.59832      1.34971   11.75378    0.11769      50987
  69.60832      1.34954   11.76005    0.10736      51153
  69.61832      1.34937   11.74955    0.11214      50902
  69.62832      1.34920   11.75145    0.11428      50751
  69.63832      1.34903   11.74464    0.10257      50954
  69.64832      1.34886   11.75280    0.10997      51171
  69.65831      1.34869   11.74732    0.10670      50896
  69.66831      1.34852   11.75001    0.10149      51189
  69.67831      1.34836   11.74183    0.10225      51010
  69.68831      1.34819   11.74198    0.10951      50780
  69.69831      1.34802   11.74321    0.10415      50920
  69.70830      1.34785   11.74413    0.11032      51182
  69.71830      1.34768   11.74624    0.11051      51003
  69.72830      1.34751   11.74512    0.11471      50853
  69.73830      1.34734   11.74788    0.10885      51054
  69.74830      1.34717   11.74672    0.11813      51401
  69.75830      1.34700   11.74940    0.10966      50922
  69.76829      1.34684   11.74495    0.10426      50665
  69.77829      1.34667   11.75134    0.10853      50992
  69.78829      1.34650   11.74642    0.10573      51632
  69.79829      1.34633   11.75042    0.10559      51168
  69.80829      1.34616   11.74284    0.10111      51005
  69.81828      1.34599   11.74566    0.10274      50411
  69.82828      1.34583   11.74522    0.11479      51379
  69.83828      1.34566   11.74911    0.10579      51175
  69.84828      1.34549   11.74865    0.11320      51318
  69.85828      1.34532   11.75129    0.11365      50709
  69.86828      1.34515   11.74791    0.11043      51373
  69.87827      1.34499   11.75373    0.10933      51445
  69.88827      1.34482   11.74944    0.11989      51082
  69.89827      1.34465   11.75023    0.10056      50814
  69.90827      1.34448   11.74810    0.10902      50987
  69.91827      1.34431   11.75230    0.11143      51619
  69.92826      1.34415   11.75364    0.09892      51395
  69.93826      1.34398   11.75002    0.10609      50820
  69.94826      1.34381   11.74799    0.10425      50680
  69.95826      1.34364   11.75260    0.10992      51465
  69.96826      1.34348   11.75644    0.10752      51194
  69.97826      1.34331   11.75466    0.11271      51355
  69.98825      1.34314   11.75889    0.11323      50953
  69.99825      1.34297   11.75507    0.10960      51391
  70.00825      1.34281   11.76234    0.11321      51551
  70.01825      1.34264   11.76299    0.10957      51105
  70.02825      1.34247   11.76694    0.11819      50779
  70.03824      1.34230   11.76062    0.09832      51416
  70.04824      1.34214   11.77023    0.11106      51367
  70.05824      1.34197   11.76931    0.09793      51455
  70.06824      1.34180   11.76669    0.10870      50954
  70.07824      1.34164   11.76806    0.10233      51128
  70.08824      1.34147   11.76965    0.11434      51188
  70.09823      1.34130   11.77949    0.10881      51428
  70.10823      1.34114   11.77682    0.10885      51170
  70.11823      1.34097   11.78250    0.11335      51381
  70.12823      1.34080   11.77461    0.10995      51333
  70.13823      1.34064   11.78877    0.11312      51478
  70.14822      1.34047   11.78443    0.11271      51336
  70.15822      1.34030   11.78886    0.11278      51145
  70.16822      1.34014   11.79087    0.10004      51350
  70.17822      1.33997   11.78755    0.11151      51392
  70.18822      1.33980   11.79518    0.09760      51381
  70.19822      1.33964   11.78880    0.10627      51106
  70.20821      1.33947   11.79284    0.10637      51454
  70.21821      1.33930   11.79225    0.11087      51104
  70.22821      1.33914   11.79535    0.11035      51410
  70.23821      1.33897   11.79785    0.11334      51289
  70.24821      1.33881   11.79545    0.11311      51677
  70.25820      1.33864   11.79833    0.10965      51512
  70.26820      1.33847   11.79111    0.11428      51253
  70.27820      1.33831   11.79657    0.11305      51423
  70.28820      1.33814   11.79715    0.10687      51276
  70.29820      1.33798   11.79268    0.10729      51708
  70.30820      1.33781   11.79518    0.09920      51353
  70.31819      1.33764   11.78865    0.10814      51227
  70.32819      1.33748   11.78790    0.10258      51346
  70.33819      1.33731   11.78962    0.10792      51405
  70.34819      1.33715   11.78179    0.10785      51524
  70.35819      1.33698   11.78241    0.11556      50945
  70.36818      1.33682   11.78647    0.10915      51737
  70.37818      1.33665   11.78166    0.11174      51697
  70.38818      1.33649   11.78512    0.11417      51642
  70.39818      1.33632   11.77776    0.11581      51474
  70.40818      1.33616   11.77855    0.10792      51281
  70.41818      1.33599   11.78202    0.11481      51451
  70.42817      1.33582   11.77511    0.10225      51911
  70.43817      1.33566   11.77544    0.10078      51383
  70.44817      1.33549   11.77830    0.10461      51170
  70.45817      1.33533   11.76830    0.10492      51334
  70.46817      1.33516   11.77633    0.10952      51685
  70.47816      1.33500   11.77444    0.10972      51656
  70.48816      1.33484   11.77534    0.10942      51385
  70.49816      1.33467   11.77583    0.11467      51228
  70.50816      1.33451   11.77721    0.11253      52079
  70.51816      1.33434   11.77800    0.11150      51750
  70.52816      1.33418   11.78012    0.11350      51563
  70.53815      1.33401   11.77798    0.11279      51536
  70.54815      1.33385   11.77400    0.11082      51290
  70.55815      1.33368   11.78318    0.10436      51849
  70.56815      1.33352   11.77684    0.09726      51642
  70.57815      1.33335   11.77436    0.10393      51279
  70.58814      1.33319   11.77151    0.10651      51262
  70.59814      1.33302   11.77272    0.10642      51791
  70.60814      1.33286   11.77540    0.11552      51747
  70.61814      1.33270   11.77486    0.10596      51547
  70.62814      1.33253   11.77498    0.11487      51654
  70.63814      1.33237   11.76642    0.11334      51572
  70.64813      1.33220   11.77371    0.11337      51995
  70.65813      1.33204   11.77636    0.11222      51756
  70.66813      1.33188   11.76946    0.11294      51777
  70.67813      1.33171   11.76792    0.11070      51323
  70.68813      1.33155   11.76659    0.10604      51729
  70.69812      1.33138   11.76366    0.09497      51748
  70.70812      1.33122   11.76391    0.10592      51381
  70.71812      1.33106   11.76302    0.10680      51787
  70.72812      1.33089   11.76430    0.10728      51549
  70.73812      1.33073   11.75985    0.11262      51700
  70.74812      1.33057   11.76967    0.11189      51558
  70.75811      1.33040   11.77240    0.11364      52058
  70.76811      1.33024   11.76529    0.11148      52028
  70.77811      1.33008   11.76399    0.11666      51589
  70.78811      1.32991   11.77142    0.10902      51901
  70.79811      1.32975   11.77850    0.11543      51646
  70.80810      1.32959   11.77210    0.10853      51885
  70.81810      1.32942   11.77242    0.09917      51755
  70.82810      1.32926   11.77105    0.10530      51501
  70.83810      1.32910   11.77847    0.10212      51364
  70.84810      1.32893   11.77745    0.10978      51843
  70.85810      1.32877   11.77851    0.10635      52179
  70.86809      1.32861   11.78310    0.11238      51574
  70.87809      1.32845   11.78506    0.11278      51616
  70.88809      1.32828   11.78906    0.11149      52080
  70.89809      1.32812   11.79149    0.11404      52166
  70.90809      1.32796   11.79367    0.11068      52039
  70.91808      1.32779   11.79465    0.11465      51805
  70.92808      1.32763   11.79889    0.11029      51579
  70.93808      1.32747   11.80368    0.11245      51900
  70.94808      1.32731   11.80875    0.09741      52004
  70.95808      1.32714   11.81078    0.10087      51805
  70.96808      1.32698   11.81023    0.11392      51226
  70.97807      1.32682   11.81515    0.10512      51739
  70.98807      1.32666   11.82318    0.11137      52239
  70.99807      1.32649   11.82964    0.11187      51960
  71.00807      1.32633   11.83259    0.11096      51925
  71.01807      1.32617   11.83790    0.11323      51778
  71.02806      1.32601   11.84390    0.11295      52110
  71.03806      1.32585   11.85393    0.11313      52256
  71.04806      1.32568   11.86351    0.11239      52075
  71.05806      1.32552   11.86685    0.11491      51697
  71.06806      1.32536   11.87048    0.11220      51576
  71.07806      1.32520   11.88139    0.09352      52322
  71.08805      1.32504   11.88549    0.10479      51636
  71.09805      1.32487   11.89922    0.10845      51885
  71.10805      1.32471   11.90115    0.11135      51821
  71.11805      1.32455   11.90560    0.11100      51839
  71.12805      1.32439   11.91742    0.11165      52366
  71.13804      1.32423   11.92663    0.11219      52097
  71.14804      1.32407   11.93465    0.11120      51908
  71.15804      1.32390   11.93895    0.11567      52379
  71.16804      1.32374   11.94497    0.11303      51913
  71.17804      1.32358   11.95628    0.11182      52240
  71.18804      1.32342   11.96331    0.11717      52108
  71.19803      1.32326   11.96733    0.10252      51738
  71.20803      1.32310   11.97115    0.09967      52042
  71.21803      1.32294   11.97433    0.10680      51686
  71.22803      1.32278   11.98696    0.10826      52051
  71.23803      1.32261   11.99209    0.10813      51818
  71.24802      1.32245   11.99831    0.11532      52241
  71.25802      1.32229   12.00273    0.11138      52284
  71.26802      1.32213   12.00825    0.11562      52103
  71.27802      1.32197   12.01728    0.11465      52150
  71.28802      1.32181   12.02420    0.11489      52297
  71.29801      1.32165   12.02997    0.11086      52438
  71.30801      1.32149   12.03724    0.11401      52244
  71.31801      1.32133   12.04038    0.11627      51620
  71.32801      1.32117   12.04990    0.09997      52000
  71.33801      1.32101   12.05679    0.10035      52174
  71.34801      1.32085   12.06473    0.10220      52021
  71.35800      1.32068   12.07370    0.11289      52185
  71.36800      1.32052   12.08185    0.11444      51875
  71.37800      1.32036   12.09480    0.11322      52124
  71.38800      1.32020   12.10174    0.11481      52631
  71.39800      1.32004   12.11191    0.11694      52463
  71.40799      1.31988   12.12180    0.11070      52244
  71.41799      1.31972   12.12775    0.11849      51722
  71.42799      1.31956   12.13996    0.11025      52547
  71.43799      1.31940   12.15439    0.11905      52599
  71.44799      1.31924   12.16244    0.10448      52150
  71.45799      1.31908   12.17467    0.10430      51851
  71.46798      1.31892   12.17688    0.10294      51610
  71.47798      1.31876   12.19206    0.10803      52343
  71.48798      1.31860   12.20277    0.11776      52481
  71.49798      1.31844   12.21448    0.10843      52342
  71.50798      1.31828   12.22642    0.11567      52070
  71.51797      1.31812   12.23297    0.11708      52256
  71.52797      1.31796   12.24799    0.11271      52634
  71.53797      1.31780   12.25765    0.11913      52589
  71.54797      1.31764   12.26612    0.11329      52396
  71.55797      1.31749   12.27601    0.11560      52141
  71.56797      1.31733   12.28378    0.11933      52262
  71.57796      1.31717   12.29826    0.09793      52483
  71.58796      1.31701   12.30183    0.10669      51946
  71.59796      1.31685   12.31727    0.10267      52265
  71.60796      1.31669   12.32205    0.11632      52050
  71.61796      1.31653   12.33081    0.11535      52258
  71.62795      1.31637   12.34909    0.10843      52637
  71.63795      1.31621   12.36105    0.11799      52426
  71.64795      1.31605   12.37223    0.11245      52318
  71.65795      1.31589   12.38345    0.12099      52690
  71.66795      1.31573   12.38927    0.11332      52359
  71.67795      1.31557   12.40594    0.11969      52662
  71.68794      1.31542   12.41901    0.11569      52545
  71.69794      1.31526   12.43171    0.10727      52375
  71.70794      1.31510   12.44056    0.10879      52089
  71.71794      1.31494   12.44991    0.10257      52131
  71.72794      1.31478   12.46786    0.11125      52305
  71.73793      1.31462   12.48457    0.11219      52364
  71.74793      1.31446   12.49802    0.11393      52531
  71.75793      1.31430   12.51148    0.11934      52602
  71.76793      1.31415   12.52785    0.11608      52586
  71.77793      1.31399   12.54318    0.12056      52544
  71.78793      1.31383   12.56174    0.11443      52453
  71.79792      1.31367   12.57382    0.11306      52818
  71.80792      1.31351   12.58504    0.12367      52646
  71.81792      1.31335   12.60115    0.10771      52622
  71.82792      1.31320   12.61972    0.10738      52300
  71.83792      1.31304   12.63479    0.11152      51872
  71.84791      1.31288   12.64789    0.10510      52561
  71.85791      1.31272   12.66220    0.11345      52596
  71.86791      1.31256   12.67971    0.11481      52544
  71.87791      1.31241   12.69754    0.11807      52282
  71.88791      1.31225   12.71400    0.11133      52678
  71.89791      1.31209   12.72897    0.12008      52941
  71.90790      1.31193   12.74268    0.11971      52906
  71.91790      1.31177   12.75840    0.11617      52595
  71.92790      1.31162   12.77320    0.11953      52103
  71.93790      1.31146   12.78581    0.11654      52954
  71.94790      1.31130   12.80282    0.10527      52929
  71.95789      1.31114   12.81692    0.11291      52204
  71.96789      1.31099   12.82953    0.10736      52290
  71.97789      1.31083   12.84315    0.10898      52076
  71.98789      1.31067   12.85708    0.11601      52869
  71.99789      1.31051   12.87356    0.11749      52907
  72.00789      1.31036   12.88839    0.11757      52848
  72.01788      1.31020   12.90347    0.11711      52741
  72.02788      1.31004   12.91951    0.11609      52424
  72.03788      1.30988   12.93051    0.12389      52874
  72.04788      1.30973   12.94788    0.11597      52960
  72.05788      1.30957   12.96529    0.11912      52941
  72.06787      1.30941   12.98280    0.10850      52660
  72.07787      1.30926   12.99512    0.11230      52521
  72.08787      1.30910   13.01224    0.11358      52039
  72.09787      1.30894   13.03036    0.11140      52890
  72.10787      1.30879   13.05169    0.10994      52699
  72.11787      1.30863   13.07298    0.12386      52605
  72.12786      1.30847   13.08479    0.11481      52824
  72.13786      1.30831   13.10105    0.12310      52715
  72.14786      1.30816   13.12906    0.11655      53058
  72.15786      1.30800   13.14970    0.11991      53059
  72.16786      1.30784   13.17000    0.12443      52708
  72.17785      1.30769   13.18985    0.11401      52939
  72.18785      1.30753   13.21173    0.12026      52842
  72.19785      1.30738   13.23357    0.10833      52957
  72.20785      1.30722   13.25964    0.11254      52319
  72.21785      1.30706   13.28623    0.11771      52385
  72.22785      1.30691   13.30634    0.10891      52856
  72.23784      1.30675   13.33039    0.11574      53001
  72.24784      1.30659   13.35400    0.12420      52728
  72.25784      1.30644   13.38457    0.11645      52945
  72.26784      1.30628   13.40879    0.12296      52822
  72.27784      1.30613   13.42865    0.11597      53262
  72.28783      1.30597   13.45577    0.12497      53020
  72.29783      1.30581   13.48347    0.12136      52815
  72.30783      1.30566   13.51131    0.11950      52843
  72.31783      1.30550   13.54168    0.11146      53108
  72.32783      1.30535   13.56375    0.11406      52767
  72.33783      1.30519   13.59367    0.11899      52535
  72.34782      1.30503   13.62194    0.11290      52876
  72.35782      1.30488   13.65132    0.11561      52551
  72.36782      1.30472   13.68282    0.11974      53003
  72.37782      1.30457   13.71024    0.12663      53258
  72.38782      1.30441   13.73767    0.11937      53260
  72.39781      1.30426   13.77274    0.12174      53024
  72.40781      1.30410   13.79622    0.12206      52563
  72.41781      1.30395   13.83370    0.12295      53199
  72.42781      1.30379   13.86305    0.12569      53375
  72.43781      1.30363   13.89152    0.11002      53249
  72.44781      1.30348   13.92053    0.11976      52803
  72.45780      1.30332   13.95394    0.11781      52410
  72.46780      1.30317   13.98552    0.11730      52601
  72.47780      1.30301   14.01748    0.11555      53300
  72.48780      1.30286   14.05033    0.11827      53180
  72.49780      1.30270   14.08123    0.12329      53155
  72.50779      1.30255   14.11165    0.12074      52782
  72.51779      1.30239   14.14160    0.12692      53014
  72.52779      1.30224   14.17337    0.12271      53419
  72.53779      1.30208   14.20299    0.12413      53386
  72.54779      1.30193   14.23067    0.12444      53175
  72.55779      1.30177   14.25903    0.11653      53006
  72.56778      1.30162   14.28835    0.11808      53084
  72.57778      1.30146   14.31460    0.11966      52851
  72.58778      1.30131   14.34391    0.12116      52829
  72.59778      1.30116   14.36973    0.11626      53171
  72.60778      1.30100   14.39954    0.12231      52907
  72.61777      1.30085   14.42499    0.11887      53293
  72.62777      1.30069   14.44581    0.12488      53146
  72.63777      1.30054   14.47344    0.12494      53409
  72.64777      1.30038   14.49508    0.12571      53299
  72.65777      1.30023   14.51679    0.12595      53063
  72.66777      1.30007   14.53520    0.12739      53494
  72.67776      1.29992   14.55437    0.11940      53273
  72.68776      1.29977   14.57279    0.11634      53120
  72.69776      1.29961   14.59357    0.12081      53031
  72.70776      1.29946   14.61405    0.12157      53038
  72.71776      1.29930   14.62707    0.12585      52923
  72.72775      1.29915   14.64568    0.11551      53379
  72.73775      1.29900   14.66007    0.12286      53347
  72.74775      1.29884   14.67387    0.12751      53018
  72.75775      1.29869   14.69184    0.12042      53087
  72.76775      1.29854   14.70397    0.12886      53771
  72.77775      1.29838   14.71515    0.12811      53548
  72.78774      1.29823   14.72696    0.12540      53472
  72.79774      1.29807   14.73758    0.12789      53087
  72.80774      1.29792   14.75556    0.11171      53069
  72.81774      1.29777   14.76181    0.11600      53258
  72.82774      1.29761   14.77501    0.12937      53415
  72.83773      1.29746   14.79025    0.12392      53161
  72.84773      1.29731   14.80539    0.12373      53210
  72.85773      1.29715   14.81070    0.11812      52794
  72.86773      1.29700   14.83312    0.13299      53725
  72.87773      1.29685   14.84307    0.12084      53641
  72.88773      1.29669   14.85489    0.12660      53621
  72.89772      1.29654   14.87068    0.12715      53418
  72.90772      1.29639   14.87937    0.12721      53291
  72.91772      1.29623   14.89680    0.13238      53286
  72.92772      1.29608   14.91615    0.11386      53764
  72.93772      1.29593   14.92592    0.12107      53296
  72.94771      1.29577   14.94642    0.12459      53249
  72.95771      1.29562   14.96212    0.12571      53331
  72.96771      1.29547   14.98096    0.12738      52833
  72.97771      1.29532   14.99751    0.11474      53492
  72.98771      1.29516   15.02112    0.12609      53774
  72.99771      1.29501   15.03876    0.12918      53722
  73.00770      1.29486   15.05933    0.12712      53521
  73.01770      1.29471   15.07852    0.12934      53391
  73.02770      1.29455   15.10076    0.12969      53477
  73.03770      1.29440   15.12819    0.13303      53729
  73.04770      1.29425   15.15164    0.11261      53713
  73.05769      1.29410   15.17200    0.12497      53334
  73.06769      1.29394   15.19939    0.12201      53288
  73.07769      1.29379   15.22676    0.12968      53480
  73.08769      1.29364   15.25148    0.13119      52941
  73.09769      1.29349   15.28548    0.11860      53860
  73.10769      1.29333   15.31700    0.12731      53746
  73.11768      1.29318   15.34579    0.12784      53365
  73.12768      1.29303   15.37410    0.13052      53877
  73.13768      1.29288   15.40808    0.12835      53647
  73.14768      1.29273   15.43993    0.12792      53637
  73.15768      1.29257   15.47954    0.13368      53701
  73.16767      1.29242   15.51129    0.11469      53459
  73.17767      1.29227   15.54251    0.12749      53547
  73.18767      1.29212   15.58152    0.12541      53771
  73.19767      1.29197   15.61678    0.13091      53531
  73.20767      1.29181   15.65011    0.12930      53259
  73.21767      1.29166   15.68883    0.13386      53456
  73.22766      1.29151   15.72513    0.11916      53833
  73.23766      1.29136   15.76025    0.12984      53738
  73.24766      1.29121   15.79660    0.12916      54034
  73.25766      1.29106   15.83073    0.13316      53613
  73.26766      1.29090   15.86410    0.12992      53559
  73.27765      1.29075   15.90577    0.13478      53808
  73.28765      1.29060   15.93864    0.11995      54010
  73.29765      1.29045   15.97236    0.12431      53735
  73.30765      1.29030   16.00439    0.12630      53640
  73.31765      1.29015   16.03730    0.13642      53587
  73.32765      1.29000   16.06885    0.12979      53243
  73.33764      1.28985   16.10111    0.13125      53756
  73.34764      1.28969   16.13504    0.12035      53971
  73.35764      1.28954   16.16681    0.13124      54010
  73.36764      1.28939   16.19776    0.13319      53783
  73.37764      1.28924   16.22273    0.12822      53650
  73.38763      1.28909   16.25192    0.13741      53664
  73.39763      1.28894   16.28287    0.13296      54164
  73.40763      1.28879   16.31105    0.11892      54203
  73.41763      1.28864   16.33143    0.13130      53447
  73.42763      1.28849   16.35782    0.12357      53739
  73.43763      1.28834   16.38525    0.13842      53481
  73.44762      1.28819   16.40558    0.13036      53896
  73.45762      1.28803   16.43154    0.14388      53693
  73.46762      1.28788   16.45101    0.12036      54171
  73.47762      1.28773   16.47469    0.12921      53946
  73.48762      1.28758   16.49624    0.13282      53668
  73.49761      1.28743   16.51403    0.13154      54146
  73.50761      1.28728   16.52667    0.13481      53641
  73.51761      1.28713   16.54590    0.13383      54364
  73.52761      1.28698   16.56221    0.12292      54123
  73.53761      1.28683   16.57539    0.12704      53478
  73.54761      1.28668   16.59292    0.12972      53873
  73.55760      1.28653   16.60561    0.13310      53936
  73.56760      1.28638   16.61399    0.13778      53915
  73.57760      1.28623   16.62879    0.13717      53931
  73.58760      1.28608   16.63749    0.12483      53890
  73.59760      1.28593   16.64932    0.13292      53924
  73.60759      1.28578   16.66072    0.12734      54172
  73.61759      1.28563   16.67013    0.13793      54334
  73.62759      1.28548   16.67694    0.13204      53937
  73.63759      1.28533   16.68402    0.13979      54032
  73.64759      1.28518   16.69623    0.12160      53986
  73.65759      1.28503   16.70002    0.12628      53909
  73.66758      1.28488   16.71274    0.13304      54095
  73.67758      1.28473   16.71863    0.13485      54076
  73.68758      1.28458   16.72847    0.13587      54114
  73.69758      1.28443   16.73807    0.13216      53726
  73.70758      1.28428   16.74995    0.14510      53770
  73.71757      1.28413   16.75573    0.12085      54360
  73.72757      1.28398   16.76854    0.13123      54283
  73.73757      1.28383   16.77889    0.13904      54439
  73.74757      1.28369   16.78476    0.13412      54049
  73.75757      1.28354   16.79815    0.14040      53638
  73.76757      1.28339   16.81171    0.12095      54491
  73.77756      1.28324   16.81723    0.12875      53942
  73.78756      1.28309   16.83593    0.13092      54317
  73.79756      1.28294   16.84699    0.13327      54139
  73.80756      1.28279   16.85927    0.13658      54099
  73.81756      1.28264   16.87579    0.13718      53992
  73.82755      1.28249   16.89285    0.13489      54085
  73.83755      1.28234   16.90962    0.12686      54317
  73.84755      1.28219   16.92263    0.13361      54432
  73.85755      1.28205   16.93788    0.13492      54362
  73.86755      1.28190   16.95547    0.14006      54134
  73.87755      1.28175   16.96889    0.12900      54218
  73.88754      1.28160   16.98616    0.12658      54272
  73.89754      1.28145   16.99574    0.12681      54117
  73.90754      1.28130   17.01787    0.13877      54249
  73.91754      1.28115   17.03570    0.13240      54451
  73.92754      1.28101   17.05225    0.14090      53970
  73.93753      1.28086   17.06651    0.13425      54560
  73.94753      1.28071   17.08145    0.13990      53717
  73.95753      1.28056   17.09797    0.12351      54550
  73.96753      1.28041   17.11447    0.13403      54429
  73.97753      1.28026   17.13035    0.13818      54470
  73.98753      1.28011   17.14622    0.13551      54257
  73.99752      1.27997   17.16059    0.13090      54684
  74.00752      1.27982   17.17261    0.12831      54324
  74.01752      1.27967   17.18486    0.13614      53994
  74.02752      1.27952   17.20579    0.12948      54300
  74.03752      1.27937   17.22145    0.13918      54048
  74.04751      1.27923   17.23791    0.13810      54771
  74.05751      1.27908   17.25161    0.13836      54604
  74.06751      1.27893   17.27172    0.14002      54356
  74.07751      1.27878   17.28109    0.12830      54248
  74.08751      1.27863   17.30251    0.13539      54385
  74.09751      1.27849   17.32213    0.13681      54359
  74.10750      1.27834   17.33688    0.14045      54719
  74.11750      1.27819   17.35184    0.12430      54759
  74.12750      1.27804   17.36876    0.13403      54424
  74.13750      1.27790   17.38884    0.13170      54172
  74.14750      1.27775   17.40693    0.13607      53953
  74.15749      1.27760   17.43579    0.13563      54560
  74.16749      1.27745   17.45159    0.14385      54786
  74.17749      1.27731   17.47806    0.13732      54841
  74.18749      1.27716   17.50005    0.14145      54402
  74.19749      1.27701   17.51625    0.12882      54541
  74.20749      1.27686   17.54485    0.13735      54250
  74.21748      1.27672   17.56210    0.13375      54401
  74.22748      1.27657   17.58496    0.14383      54834
  74.23748      1.27642   17.61301    0.12192      54913
  74.24748      1.27628   17.63478    0.13805      54540
  74.25748      1.27613   17.66038    0.13006      54378
  74.26747      1.27598   17.68796    0.14309      54169
  74.27747      1.27583   17.70610    0.13765      54604
  74.28747      1.27569   17.73246    0.13858      54797
  74.29747      1.27554   17.75898    0.13921      54843
  74.30747      1.27539   17.78298    0.14253      54735
  74.31747      1.27525   17.80624    0.13621      54534
  74.32746      1.27510   17.83618    0.13373      54394
  74.33746      1.27495   17.85548    0.13640      54803
  74.34746      1.27481   17.87869    0.13986      54660
  74.35746      1.27466   17.91174    0.12749      54933
  74.36746      1.27451   17.92602    0.13291      54450
  74.37745      1.27437   17.95174    0.14148      54665
  74.38745      1.27422   17.97642    0.13566      54458
  74.39745      1.27407   18.00348    0.14371      54915
  74.40745      1.27393   18.02453    0.14294      54825
  74.41745      1.27378   18.05018    0.13931      54677
  74.42745      1.27363   18.07803    0.14599      54783
  74.43744      1.27349   18.09938    0.13513      54679
  74.44744      1.27334   18.12884    0.13653      54716
  74.45744      1.27320   18.14571    0.13721      55005
  74.46744      1.27305   18.17416    0.13433      54992
  74.47744      1.27290   18.19355    0.13073      54806
  74.48743      1.27276   18.21231    0.13688      54342
  74.49743      1.27261   18.23827    0.13684      54740
  74.50743      1.27246   18.26226    0.14303      54552
  74.51743      1.27232   18.28403    0.14158      55122
  74.52743      1.27217   18.30785    0.14261      55109
  74.53743      1.27203   18.32899    0.13652      55051
  74.54742      1.27188   18.34738    0.14969      54720
  74.55742      1.27174   18.36995    0.13697      54499
  74.56742      1.27159   18.39362    0.13725      54844
  74.57742      1.27144   18.41009    0.13749      55157
  74.58742      1.27130   18.43045    0.13312      55091
  74.59741      1.27115   18.44698    0.13421      54850
  74.60741      1.27101   18.46603    0.13444      54774
  74.61741      1.27086   18.48413    0.14309      54768
  74.62741      1.27072   18.50356    0.14380      54474
  74.63741      1.27057   18.52431    0.13938      55187
  74.64740      1.27043   18.54326    0.14461      55369
  74.65740      1.27028   18.56054    0.14621      55269
  74.66740      1.27013   18.57684    0.14408      54813
  74.67740      1.26999   18.59545    0.13893      54885
  74.68740      1.26984   18.61324    0.13422      54719
  74.69740      1.26970   18.63172    0.14381      54949
  74.70739      1.26955   18.65449    0.13146      55359
  74.71739      1.26941   18.66489    0.13486      54738
  74.72739      1.26926   18.68819    0.13831      55145
  74.73739      1.26912   18.70381    0.14553      54952
  74.74739      1.26897   18.72522    0.14431      54819
  74.75738      1.26883   18.73860    0.14132      55306
  74.76738      1.26868   18.75533    0.14921      55018
  74.77738      1.26854   18.77913    0.13817      55340
  74.78738      1.26839   18.80096    0.14637      55050
  74.79738      1.26825   18.82271    0.14239      55129
  74.80738      1.26810   18.84374    0.13501      54894
  74.81737      1.26796   18.86204    0.13239      55401
  74.82737      1.26782   18.87203    0.13854      55115
  74.83737      1.26767   18.89071    0.13631      54801
  74.84737      1.26753   18.91088    0.14256      55049
  74.85737      1.26738   18.93324    0.14512      55288
  74.86736      1.26724   18.95468    0.14574      54952
  74.87736      1.26709   18.97158    0.14426      55360
  74.88736      1.26695   18.98847    0.14175      55516
  74.89736      1.26680   19.00674    0.15317      55361
  74.90736      1.26666   19.02408    0.13974      55040
  74.91736      1.26652   19.03816    0.14123      54954
  74.92735      1.26637   19.06291    0.13602      55342
  74.93735      1.26623   19.08227    0.13403      55228
  74.94735      1.26608   19.08855    0.14065      55133
  74.95735      1.26594   19.11127    0.13887      55269
  74.96735      1.26580   19.12472    0.14619      55289
  74.97734      1.26565   19.14465    0.14362      55293
  74.98734      1.26551   19.15542    0.14592      55042
  74.99734      1.26536   19.17544    0.14521      55203
  75.00734      1.26522   19.19366    0.14756      55548
  75.01734      1.26508   19.20769    0.14716      55761
  75.02734      1.26493   19.22997    0.14780      55205
  75.03733      1.26479   19.24815    0.13901      55347
  75.04733      1.26464   19.26311    0.13902      55498
  75.05733      1.26450   19.27921    0.13134      54902
  75.06733      1.26436   19.28532    0.14188      54849
  75.07733      1.26421   19.31156    0.14069      55480
  75.08732      1.26407   19.32880    0.14868      55535
  75.09732      1.26393   19.34691    0.14449      55730
  75.10732      1.26378   19.36760    0.14684      55503
  75.11732      1.26364   19.37937    0.14860      55379
  75.12732      1.26350   19.39906    0.14312      55357
  75.13732      1.26335   19.41127    0.15048      55468
  75.14731      1.26321   19.42876    0.14706      55271
  75.15731      1.26307   19.45650    0.13908      55741
  75.16731      1.26292   19.47002    0.12955      55628
  75.17731      1.26278   19.48221    0.13668      55225
  75.18731      1.26264   19.50080    0.14499      55104
  75.19730      1.26249   19.50955    0.14873      55620
  75.20730      1.26235   19.52176    0.14677      55512
  75.21730      1.26221   19.53397    0.14035      55418
  75.22730      1.26206   19.55496    0.15640      55846
  75.23730      1.26192   19.56906    0.14017      55694
  75.24730      1.26178   19.58315    0.15330      55491
  75.25729      1.26164   19.59622    0.14676      55674
  75.26729      1.26149   19.61277    0.15448      55326
  75.27729      1.26135   19.62108    0.12792      55800
  75.28729      1.26121   19.62725    0.13787      55507
  75.29729      1.26107   19.63594    0.13901      55212
  75.30728      1.26092   19.65497    0.14817      55535
  75.31728      1.26078   19.67019    0.14299      55333
  75.32728      1.26064   19.67779    0.14595      55830
  75.33728      1.26050   19.68770    0.14975      55975
  75.34728      1.26035   19.69784    0.14864      55793
  75.35728      1.26021   19.70788    0.14570      55727
  75.36727      1.26007   19.71975    0.15214      55778
  75.37727      1.25993   19.73432    0.14922      55387
  75.38727      1.25978   19.75013    0.15326      55507
  75.39727      1.25964   19.75713    0.12670      55905
  75.40727      1.25950   19.76128    0.13700      55559
  75.41726      1.25936   19.77545    0.14361      55723
  75.42726      1.25921   19.78368    0.14803      55811
  75.43726      1.25907   19.79772    0.14832      55731
  75.44726      1.25893   19.80717    0.14491      55367
  75.45726      1.25879   19.81117    0.15076      55818
  75.46726      1.25865   19.82731    0.14781      55997
  75.47725      1.25851   19.83710    0.14941      56040
  75.48725      1.25836   19.84797    0.14867      55968
  75.49725      1.25822   19.86044    0.15317      55870
  75.50725      1.25808   19.86457    0.13479      55722
  75.51725      1.25794   19.87122    0.13497      55318
  75.52724      1.25780   19.87332    0.13725      55708
  75.53724      1.25765   19.88936    0.14668      55587
  75.54724      1.25751   19.90471    0.15098      56156
  75.55724      1.25737   19.91115    0.14529      56104
  75.56724      1.25723   19.92169    0.15587      55942
  75.57724      1.25709   19.93195    0.14398      55953
  75.58723      1.25695   19.94403    0.15120      55819
  75.59723      1.25681   19.95276    0.15332      56082
  75.60723      1.25666   19.96091    0.14739      56029
  75.61723      1.25652   19.96928    0.15248      55574
  75.62723      1.25638   19.97998    0.12670      56114
  75.63722      1.25624   19.98041    0.14092      55668
  75.64722      1.25610   19.99906    0.14343      55637
  75.65722      1.25596   20.00897    0.14904      55954
  75.66722      1.25582   20.01558    0.14673      56145
  75.67722      1.25568   20.02713    0.15069      56191
  75.68722      1.25553   20.03877    0.14758      56141
  75.69721      1.25539   20.04668    0.14780      55978
  75.70721      1.25525   20.05626    0.15369      55993
  75.71721      1.25511   20.07001    0.15127      56029
  75.72721      1.25497   20.07022    0.15529      56302
  75.73721      1.25483   20.08193    0.13622      55952
  75.74720      1.25469   20.08287    0.12988      55883
  75.75720      1.25455   20.08968    0.14832      55920
  75.76720      1.25441   20.09770    0.14085      56129
  75.77720      1.25427   20.10424    0.15554      56010
  75.78720      1.25413   20.11268    0.14238      55665
  75.79720      1.25399   20.11642    0.15726      56287
  75.80719      1.25385   20.12630    0.14844      56353
  75.81719      1.25371   20.13292    0.15216      56261
  75.82719      1.25356   20.13777    0.15088      56518
  75.83719      1.25342   20.13645    0.15265      56411
  75.84719      1.25328   20.13832    0.14121      56014
  75.85718      1.25314   20.14315    0.13736      55654
  75.86718      1.25300   20.13990    0.13761      55827
  75.87718      1.25286   20.14642    0.13950      56078
  75.88718      1.25272   20.15516    0.15949      56445
  75.89718      1.25258   20.15916    0.14423      56293
  75.90718      1.25244   20.15656    0.14884      56501
  75.91717      1.25230   20.15987    0.15013      56381
  75.92717      1.25216   20.16297    0.15559      56091
  75.93717      1.25202   20.16154    0.15041      56264
  75.94717      1.25188   20.16084    0.14881      56492
  75.95717      1.25174   20.16225    0.15556      56331
  75.96716      1.25160   20.16406    0.13258      56179
  75.97716      1.25146   20.16209    0.13742      55928
  75.98716      1.25132   20.16079    0.14630      56233
  75.99716      1.25118   20.16269    0.14293      56288
  76.00716      1.25104   20.15968    0.15034      56277
  76.01716      1.25090   20.16613    0.14789      56518
  76.02715      1.25076   20.16396    0.14929      56501
  76.03715      1.25062   20.15942    0.15168      56444
  76.04715      1.25049   20.16350    0.14897      56323
  76.05715      1.25035   20.16270    0.15426      56571
  76.06715      1.25021   20.16444    0.15218      56585
  76.07714      1.25007   20.16366    0.13815      56417
  76.08714      1.24993   20.15633    0.14301      55844
  76.09714      1.24979   20.15892    0.13779      56360
  76.10714      1.24965   20.16429    0.14407      56543
  76.11714      1.24951   20.16319    0.15190      56515
  76.12714      1.24937   20.16282    0.14855      56578
  76.13713      1.24923   20.16098    0.14787      56203
  76.14713      1.24909   20.16154    0.15528      56315
  76.15713      1.24895   20.16402    0.14699      56806
  76.16713      1.24881   20.16261    0.15251      56599
  76.17713      1.24867   20.16845    0.15193      56849
  76.18712      1.24854   20.16715    0.13900      56831
  76.19712      1.24840   20.16246    0.14400      56169
  76.20712      1.24826   20.16127    0.13747      56287
  76.21712      1.24812   20.16243    0.14378      56263
  76.22712      1.24798   20.16437    0.15013      56280
  76.23712      1.24784   20.16830    0.15085      56665
  76.24711      1.24770   20.17071    0.14811      56818
  76.25711      1.24756   20.17059    0.15021      56793
  76.26711      1.24743   20.16902    0.14681      56814
  76.27711      1.24729   20.16812    0.15231      56864
  76.28711      1.24715   20.16856    0.15435      56765
  76.29710      1.24701   20.16615    0.14243      56624
  76.30710      1.24687   20.16262    0.14195      56569
  76.31710      1.24673   20.15852    0.14454      56064
  76.32710      1.24659   20.15693    0.13917      56333
  76.33710      1.24646   20.16137    0.14530      56932
  76.34710      1.24632   20.16242    0.14849      56908
  76.35709      1.24618   20.15826    0.15080      56824
  76.36709      1.24604   20.15246    0.15337      56627
  76.37709      1.24590   20.14655    0.14680      56741
  76.38709      1.24576   20.14345    0.15315      56913
  76.39709      1.24563   20.14282    0.15310      56979
  76.40708      1.24549   20.13189    0.13802      56933
  76.41708      1.24535   20.12880    0.14234      56753
  76.42708      1.24521   20.11532    0.14720      56171
  76.43708      1.24507   20.11968    0.14132      56663
  76.44708      1.24494   20.11699    0.14522      56498
  76.45708      1.24480   20.10823    0.14650      57121
  76.46707      1.24466   20.10559    0.15141      56978
  76.47707      1.24452   20.09640    0.15099      57070
  76.48707      1.24439   20.09101    0.15091      56901
  76.49707      1.24425   20.08594    0.14913      57064
  76.50707      1.24411   20.07913    0.15112      56952
  76.51706      1.24397   20.07108    0.15647      56754
  76.52706      1.24383   20.07011    0.13165      56982
  76.53706      1.24370   20.05643    0.14389      56569
  76.54706      1.24356   20.05756    0.15227      56628
  76.55706      1.24342   20.05233    0.13826      56992
  76.56706      1.24328   20.04921    0.14800      57102
  76.57705      1.24315   20.04952    0.14687      57054
  76.58705      1.24301   20.03800    0.14744      57137
  76.59705      1.24287   20.03435    0.15670      56920
  76.60705      1.24273   20.02891    0.14371      56729
  76.61705      1.24260   20.02393    0.15379      56942
  76.62704      1.24246   20.02751    0.15309      57321
  76.63704      1.24232   20.02359    0.13582      57366
  76.64704      1.24219   20.00885    0.14377      56774
  76.65704      1.24205   20.00563    0.14636      56812
  76.66704      1.24191   20.00141    0.14685      56921
  76.67704      1.24177   19.99564    0.13971      57149
  76.68703      1.24164   19.99011    0.15160      56868
  76.69703      1.24150   19.98801    0.14739      57162
  76.70703      1.24136   19.97908    0.15440      57326
  76.71703      1.24123   19.97356    0.15127      57042
  76.72703      1.24109   19.96790    0.14776      57171
  76.73702      1.24095   19.95981    0.15465      57516
  76.74702      1.24082   19.95053    0.13271      57289
  76.75702      1.24068   19.93246    0.14616      56868
  76.76702      1.24054   19.92919    0.14451      56972
  76.77702      1.24041   19.91890    0.14903      56854
  76.78702      1.24027   19.91491    0.13909      57334
  76.79701      1.24013   19.90884    0.14651      57265
  76.80701      1.24000   19.90343    0.15282      57314
  76.81701      1.23986   19.89711    0.14992      57301
  76.82701      1.23972   19.88122    0.14631      56974
  76.83701      1.23959   19.87502    0.15160      57466
  76.84700      1.23945   19.87041    0.15280      57214
  76.85700      1.23932   19.86329    0.13386      57598
  76.86700      1.23918   19.85305    0.14587      57065
  76.87700      1.23904   19.84916    0.14909      57374
  76.88700      1.23891   19.84403    0.14724      57070
  76.89700      1.23877   19.83919    0.14402      57353
  76.90699      1.23863   19.83163    0.14310      57386
  76.91699      1.23850   19.82640    0.14669      57328
  76.92699      1.23836   19.81725    0.14984      57136
  76.93699      1.23823   19.81303    0.14734      57240
  76.94699      1.23809   19.80939    0.15219      57561
  76.95698      1.23795   19.80389    0.15089      57726
  76.96698      1.23782   19.79619    0.13747      57553
  76.97698      1.23768   19.78644    0.13872      57212
  76.98698      1.23755   19.77815    0.15184      57401
  76.99698      1.23741   19.77155    0.14554      57240
  77.00698      1.23728   19.76314    0.14757      57406
  77.01697      1.23714   19.75045    0.13894      57277
  77.02697      1.23700   19.74367    0.15119      57488
  77.03697      1.23687   19.73530    0.14942      57527
  77.04697      1.23673   19.72673    0.14480      57371
  77.05697      1.23660   19.71978    0.15221      57760
  77.06696      1.23646   19.70711    0.15053      57758
  77.07696      1.23633   19.69614    0.13311      57780
  77.08696      1.23619   19.68303    0.14433      57196
  77.09696      1.23606   19.66405    0.14562      57299
  77.10696      1.23592   19.66000    0.15409      57556
  77.11696      1.23579   19.65088    0.14636      57452
  77.12695      1.23565   19.64214    0.13723      57612
  77.13695      1.23551   19.62932    0.15280      57784
  77.14695      1.23538   19.62092    0.14466      57647
  77.15695      1.23524   19.60713    0.15031      57321
  77.16695      1.23511   19.60274    0.14927      57917
  77.17694      1.23497   19.59077    0.15094      57781
  77.18694      1.23484   19.58295    0.13382      57625
  77.19694      1.23470   19.57031    0.14010      57441
  77.20694      1.23457   19.55903    0.15075      57709
  77.21694      1.23443   19.55208    0.14748      57790
  77.22694      1.23430   19.54379    0.14820      57472
  77.23693      1.23416   19.52785    0.14006      57858
  77.24693      1.23403   19.52039    0.14707      57744
  77.25693      1.23390   19.51051    0.14778      57773
  77.26693      1.23376   19.49505    0.14564      57701
  77.27693      1.23363   19.48609    0.14976      57338
  77.28692      1.23349   19.47868    0.14911      57996
  77.29692      1.23336   19.46248    0.13337      58165
  77.30692      1.23322   19.44333    0.14277      57588
  77.31692      1.23309   19.43902    0.14832      57681
  77.32692      1.23295   19.42435    0.14978      57991
  77.33692      1.23282   19.41271    0.14832      57807
  77.34691      1.23268   19.39667    0.13956      57856
  77.35691      1.23255   19.38296    0.14400      57811
  77.36691      1.23242   19.37150    0.14462      57675
  77.37691      1.23228   19.35641    0.15126      57980
  77.38691      1.23215   19.34623    0.14897      57830
  77.39690      1.23201   19.32752    0.15128      57900
  77.40690      1.23188   19.31920    0.12995      58163
  77.41690      1.23174   19.29646    0.14117      57664
  77.42690      1.23161   19.28821    0.14847      58045
  77.43690      1.23148   19.27099    0.14834      57944
  77.44690      1.23134   19.26142    0.14587      58018
  77.45689      1.23121   19.25396    0.15147      57620
  77.46689      1.23107   19.23800    0.13628      58010
  77.47689      1.23094   19.22965    0.15014      58142
  77.48689      1.23081   19.21447    0.14486      58125
  77.49689      1.23067   19.20454    0.15053      58197
  77.50688      1.23054   19.18949    0.13935      58175
  77.51688      1.23041   19.17759    0.13470      58065
  77.52688      1.23027   19.15846    0.14297      57532
  77.53688      1.23014   19.15507    0.14352      58011
  77.54688      1.23000   19.14548    0.15214      58071
  77.55688      1.22987   19.13598    0.14806      58123
  77.56687      1.22974   19.12801    0.14821      57906
  77.57687      1.22960   19.11569    0.13955      58267
  77.58687      1.22947   19.10233    0.14562      58306
  77.59687      1.22934   19.09274    0.14437      58308
  77.60687      1.22920   19.08041    0.15071      58307
  77.61686      1.22907   19.06946    0.13804      58248
  77.62686      1.22894   19.06191    0.13647      58066
  77.63686      1.22880   19.05172    0.14015      57825
  77.64686      1.22867   19.03753    0.14741      57788
  77.65686      1.22854   19.03063    0.14325      58140
  77.66686      1.22840   19.02425    0.15213      58502
  77.67685      1.22827   19.01960    0.15124      58205
  77.68685      1.22814   19.00670    0.13802      58224
  77.69685      1.22800   18.99839    0.14538      58509
  77.70685      1.22787   18.99144    0.14806      58370
  77.71685      1.22774   18.98073    0.14477      58414
  77.72684      1.22761   18.97035    0.13482      58495
  77.73684      1.22747   18.95335    0.13768      57966
  77.74684      1.22734   18.94484    0.14053      58009
  77.75684      1.22721   18.93843    0.14997      58376
  77.76684      1.22707   18.92872    0.14251      58509
  77.77684      1.22694   18.91843    0.15188      58383
  77.78683      1.22681   18.90541    0.14837      58140
  77.79683      1.22668   18.89532    0.13838      58288
  77.80683      1.22654   18.88542    0.14643      58512
  77.81683      1.22641   18.87916    0.14607      58574
  77.82683      1.22628   18.86079    0.14550      58528
  77.83682      1.22615   18.85038    0.13043      58537
  77.84682      1.22601   18.83336    0.13901      57810
  77.85682      1.22588   18.82576    0.14090      58558
  77.86682      1.22575   18.81614    0.15100      58617
  77.87682      1.22562   18.80731    0.14723      58586
  77.88682      1.22548   18.79279    0.14703      58657
  77.89681      1.22535   18.77740    0.14796      58354
  77.90681      1.22522   18.76490    0.14150      58567
  77.91681      1.22509   18.75220    0.14403      58524
  77.92681      1.22496   18.74305    0.14494      58500
  77.93681      1.22482   18.73206    0.14812      58447
  77.94680      1.22469   18.72188    0.13056      58487
  77.95680      1.22456   18.70717    0.13692      58301
  77.96680      1.22443   18.69890    0.14232      58638
  77.97680      1.22429   18.68477    0.14442      58694
  77.98680      1.22416   18.67706    0.14750      58752
  77.99679      1.22403   18.66429    0.14956      58870
  78.00679      1.22390   18.65259    0.14813      58617
  78.01679      1.22377   18.64150    0.14261      58597
  78.02679      1.22364   18.63249    0.14096      58754
  78.03679      1.22350   18.61956    0.14300      58777
  78.04679      1.22337   18.60808    0.13627      58470
  78.05678      1.22324   18.59484    0.13421      58559
  78.06678      1.22311   18.58272    0.13992      58575
  78.07678      1.22298   18.57863    0.14355      58608
  78.08678      1.22285   18.56630    0.14758      58569
  78.09678      1.22271   18.56149    0.14465      58984
  78.10677      1.22258   18.55113    0.14492      58985
  78.11677      1.22245   18.54157    0.15002      58664
  78.12677      1.22232   18.53123    0.14388      58919
  78.13677      1.22219   18.52607    0.13952      58854
  78.14677      1.22206   18.51527    0.14724      58925
  78.15677      1.22193   18.51240    0.13429      58587
  78.16676      1.22179   18.49814    0.13406      58709
  78.17676      1.22166   18.49703    0.14104      58708
  78.18676      1.22153   18.49421    0.14453      59043
  78.19676      1.22140   18.48856    0.14746      58956
  78.20676      1.22127   18.48285    0.14601      58991
  78.21675      1.22114   18.48126    0.14557      59032
  78.22675      1.22101   18.47962    0.15228      58687
  78.23675      1.22088   18.47888    0.13800      58961
  78.24675      1.22075   18.47543    0.14285      58807
  78.25675      1.22061   18.47829    0.14773      59024
  78.26675      1.22048   18.48296    0.12716      58840
  78.27674      1.22035   18.47756    0.13730      58677
  78.28674      1.22022   18.48371    0.14246      58997
  78.29674      1.22009   18.49220    0.14743      59089
  78.30674      1.21996   18.49577    0.14625      59081
  78.31674      1.21983   18.50182    0.14501      59385
  78.32673      1.21970   18.50640    0.14946      59138
  78.33673      1.21957   18.51122    0.14857      58929
  78.34673      1.21944   18.51971    0.13914      59090
  78.35673      1.21931   18.52736    0.14321      59194
  78.36673      1.21918   18.53591    0.13728      59188
  78.37673      1.21905   18.54219    0.13618      58566
  78.38672      1.21892   18.55588    0.13823      59011
  78.39672      1.21879   18.56420    0.14218      59047
  78.40672      1.21865   18.57789    0.14221      59175
  78.41672      1.21852   18.59239    0.15085      58983
  78.42672      1.21839   18.60019    0.14863      59325
  78.43671      1.21826   18.61590    0.14741      59419
  78.44671      1.21813   18.63035    0.14904      59154
  78.45671      1.21800   18.63936    0.14148      59204
  78.46671      1.21787   18.65904    0.14589      59344
  78.47671      1.21774   18.67645    0.13038      59442
  78.48671      1.21761   18.68775    0.13842      58905
  78.49670      1.21748   18.70759    0.13940      58823
  78.50670      1.21735   18.72312    0.14918      59368
  78.51670      1.21722   18.74447    0.14384      59399
  78.52670      1.21709   18.76176    0.14966      59391
  78.53670      1.21696   18.78084    0.14838      59555
  78.54669      1.21683   18.80502    0.14649      59427
  78.55669      1.21670   18.82172    0.15609      59295
  78.56669      1.21657   18.84271    0.14106      59395
  78.57669      1.21644   18.86827    0.13923      59402
  78.58669      1.21631   18.89432    0.13281      59241
  78.59669      1.21618   18.91094    0.13982      58955
  78.60668      1.21606   18.93266    0.14900      58980
  78.61668      1.21593   18.95551    0.14047      59399
  78.62668      1.21580   18.98261    0.14805      59558
  78.63668      1.21567   19.00371    0.14838      59641
  78.64668      1.21554   19.02743    0.15498      59602
  78.65667      1.21541   19.04609    0.14520      59799
  78.66667      1.21528   19.06476    0.15599      59405
  78.67667      1.21515   19.09040    0.14489      59577
  78.68667      1.21502   19.10303    0.13242      59618
  78.69667      1.21489   19.12051    0.13490      59229
  78.70667      1.21476   19.13737    0.14411      59286
  78.71666      1.21463   19.15205    0.14693      59509
  78.72666      1.21450   19.17283    0.14559      59520
  78.73666      1.21437   19.17906    0.14924      59402
  78.74666      1.21424   19.19594    0.14701      59697
  78.75666      1.21412   19.20618    0.15258      59811
  78.76665      1.21399   19.22111    0.15266      59856
  78.77665      1.21386   19.21906    0.15340      59540
  78.78665      1.21373   19.23240    0.13508      59726
  78.79665      1.21360   19.23176    0.13399      59530
  78.80665      1.21347   19.24285    0.13966      59166
  78.81665      1.21334   19.24570    0.14469      59445
  78.82664      1.21321   19.25291    0.14832      59691
  78.83664      1.21308   19.24576    0.14896      59825
  78.84664      1.21296   19.24312    0.15008      59893
  78.85664      1.21283   19.24300    0.14651      59735
  78.86664      1.21270   19.23318    0.15065      59832
  78.87663      1.21257   19.23262    0.15588      59941
  78.88663      1.21244   19.21897    0.15526      59625
  78.89663      1.21231   19.21519    0.12591      60021
  78.90663      1.21218   19.20419    0.13885      59346
  78.91663      1.21205   19.19019    0.14173      59658
  78.92663      1.21193   19.17540    0.14636      59887
  78.93662      1.21180   19.16645    0.14764      59863
  78.94662      1.21167   19.14581    0.14546      60038
  78.95662      1.21154   19.12751    0.14626      59967
  78.96662      1.21141   19.10876    0.15669      59933
  78.97662      1.21128   19.08815    0.15094      60144
  78.98661      1.21116   19.06708    0.14931      59821
  78.99661      1.21103   19.03992    0.13876      59743
  79.00661      1.21090   19.02317    0.13433      59705
  79.01661      1.21077   18.99984    0.13759      59494
  79.02661      1.21064   18.97854    0.14450      59825
  79.03661      1.21052   18.95504    0.14613      59943
  79.04660      1.21039   18.92059    0.14778      59771
  79.05660      1.21026   18.89825    0.14734      60224
  79.06660      1.21013   18.87514    0.14580      60239
  79.07660      1.21000   18.84683    0.14854      60237
  79.08660      1.20988   18.81864    0.15234      60225
  79.09659      1.20975   18.79431    0.15555      60094
  79.10659      1.20962   18.76764    0.12682      60159
  79.11659      1.20949   18.73651    0.13649      59594
  79.12659      1.20936   18.71340    0.14198      59846
  79.13659      1.20924   18.68813    0.14640      59968
  79.14659      1.20911   18.66297    0.14645      59992
  79.15658      1.20898   18.63232    0.14297      60338
  79.16658      1.20885   18.60494    0.14828      60296
  79.17658      1.20873   18.57893    0.14715      60309
  79.18658      1.20860   18.55690    0.15049      60396
  79.19658      1.20847   18.53695    0.15142      60392
  79.20657      1.20834   18.51432    0.13828      60165
  79.21657      1.20822   18.48677    0.13355      59890
  79.22657      1.20809   18.46788    0.13793      59932
  79.23657      1.20796   18.44466    0.14150      60147
  79.24657      1.20783   18.42861    0.14232      60292
  79.25657      1.20771   18.41147    0.14430      60243
  79.26656      1.20758   18.39547    0.14747      60320
  79.27656      1.20745   18.37941    0.14697      60417
  79.28656      1.20733   18.36384    0.15137      60334
  79.29656      1.20720   18.35285    0.14768      60357
  79.30656      1.20707   18.34125    0.14381      60529
  79.31655      1.20694   18.32446    0.13513      60076
  79.32655      1.20682   18.30880    0.13372      59680
  79.33655      1.20669   18.30357    0.13802      60190
  79.34655      1.20656   18.28599    0.14237      60504
  79.35655      1.20644   18.27816    0.14120      60447
  79.36655      1.20631   18.26868    0.14397      60553
  79.37654      1.20618   18.25982    0.14760      60601
  79.38654      1.20606   18.24567    0.14412      60481
  79.39654      1.20593   18.23529    0.15420      60699
  79.40654      1.20580   18.22813    0.14978      60798
  79.41654      1.20568   18.21539    0.13339      60520
  79.42653      1.20555   18.20041    0.13383      59883
  79.43653      1.20542   18.19342    0.13585      60315
  79.44653      1.20530   18.18153    0.13903      60440
  79.45653      1.20517   18.17492    0.14476      60333
  79.46653      1.20504   18.16691    0.14237      60676
  79.47653      1.20492   18.15808    0.14592      60635
  79.48652      1.20479   18.14739    0.14707      60885
  79.49652      1.20466   18.14029    0.14647      60747
  79.50652      1.20454   18.13191    0.15232      60739
  79.51652      1.20441   18.12288    0.13357      60797
  79.52652      1.20428   18.11278    0.13731      60180
  79.53651      1.20416   18.10500    0.13591      60450
  79.54651      1.20403   18.09730    0.14329      60412
  79.55651      1.20391   18.09102    0.13776      60725
  79.56651      1.20378   18.08195    0.14343      60746
  79.57651      1.20365   18.07341    0.14257      60750
  79.58651      1.20353   18.06869    0.14878      60758
  79.59650      1.20340   18.05837    0.14709      60775
  79.60650      1.20328   18.05007    0.14654      60998
  79.61650      1.20315   18.03482    0.13833      60863
  79.62650      1.20302   18.02316    0.13515      60628
  79.63650      1.20290   18.00777    0.14255      60237
  79.64649      1.20277   17.99925    0.13461      60579
  79.65649      1.20265   17.98860    0.13980      60806
  79.66649      1.20252   17.97117    0.14127      60791
  79.67649      1.20239   17.95199    0.14362      60898
  79.68649      1.20227   17.93009    0.14468      60895
  79.69649      1.20214   17.91604    0.14711      60883
  79.70648      1.20202   17.89609    0.14599      61065
  79.71648      1.20189   17.87117    0.14715      61168
  79.72648      1.20177   17.85060    0.12801      61147
  79.73648      1.20164   17.82371    0.13644      60174
  79.74648      1.20152   17.79874    0.13779      60777
  79.75647      1.20139   17.77552    0.13919      60849
  79.76647      1.20126   17.74842    0.13732      60939
  79.77647      1.20114   17.72006    0.14181      61124
  79.78647      1.20101   17.68662    0.14628      61093
  79.79647      1.20089   17.66181    0.14493      61098
  79.80647      1.20076   17.63023    0.14363      61020
  79.81646      1.20064   17.59711    0.14633      61225
  79.82646      1.20051   17.56697    0.12940      61251
  79.83646      1.20039   17.52717    0.13849      60802
  79.84646      1.20026   17.49001    0.14115      60735
  79.85646      1.20014   17.46058    0.13610      60935
  79.86645      1.20001   17.42638    0.13551      61172
  79.87645      1.19989   17.39305    0.14209      61130
  79.88645      1.19976   17.35661    0.14005      61268
  79.89645      1.19964   17.32076    0.14337      61207
  79.90645      1.19951   17.28447    0.14378      61339
  79.91645      1.19939   17.24675    0.14551      61350
  79.92644      1.19926   17.20931    0.12841      61518
  79.93644      1.19914   17.16387    0.13441      60797
  79.94644      1.19901   17.12640    0.13857      60817
  79.95644      1.19889   17.09320    0.13821      61177
  79.96644      1.19876   17.05932    0.13332      61164
  79.97643      1.19864   17.02652    0.13627      61306
  79.98643      1.19851   16.98948    0.13976      61281
  79.99643      1.19839   16.94866    0.14050      61292
  80.00643      1.19826   16.90775    0.14389      61345
  80.01643      1.19814   16.87009    0.14286      61564
  80.02643      1.19802   16.83509    0.13211      61540
  80.03642      1.19789   16.78401    0.12977      61169
  80.04642      1.19777   16.74623    0.13359      61177
  80.05642      1.19764   16.70718    0.14220      61137
  80.06642      1.19752   16.67446    0.13262      61217
  80.07642      1.19739   16.63581    0.13486      61471
  80.08641      1.19727   16.59218    0.13929      61451
  80.09641      1.19714   16.55204    0.13798      61653
  80.10641      1.19702   16.51211    0.14136      61573
  80.11641      1.19690   16.47380    0.14067      61569
  80.12641      1.19677   16.43331    0.13122      61677
  80.13641      1.19665   16.38199    0.12741      61366
  80.14640      1.19652   16.33943    0.13337      61295
  80.15640      1.19640   16.29876    0.13980      61279
  80.16640      1.19628   16.26393    0.13694      61497
  80.17640      1.19615   16.22482    0.13180      61483
  80.18640      1.19603   16.17820    0.13557      61452
  80.19639      1.19590   16.13894    0.13726      61689
  80.20639      1.19578   16.09671    0.13521      61586
  80.21639      1.19566   16.06337    0.13868      61781
  80.22639      1.19553   16.02518    0.13004      61775
  80.23639      1.19541   15.98135    0.12895      61415
  80.24639      1.19528   15.93795    0.13015      61438
  80.25638      1.19516   15.90853    0.13923      61759
  80.26638      1.19504   15.87400    0.13763      61394
  80.27638      1.19491   15.83859    0.12794      61676
  80.28638      1.19479   15.80559    0.13651      61789
  80.29638      1.19467   15.77499    0.13389      61721
  80.30637      1.19454   15.74705    0.13544      61841
  80.31637      1.19442   15.71625    0.13819      61970
  80.32637      1.19430   15.68769    0.13293      61963
  80.33637      1.19417   15.66236    0.12217      61665
  80.34637      1.19405   15.62680    0.13527      61437
  80.35637      1.19393   15.60716    0.13452      61806
  80.36636      1.19380   15.58380    0.13543      61749
  80.37636      1.19368   15.56168    0.13252      61739
  80.38636      1.19356   15.54242    0.12934      61883
  80.39636      1.19343   15.51903    0.13455      61830
  80.40636      1.19331   15.50051    0.13656      62015
  80.41635      1.19319   15.47752    0.13578      62033
  80.42635      1.19306   15.45659    0.12965      62033
  80.43635      1.19294   15.44041    0.11984      61901
  80.44635      1.19282   15.41434    0.13254      61567
  80.45635      1.19269   15.40094    0.13391      61979
  80.46635      1.19257   15.38230    0.13341      61978
  80.47634      1.19245   15.36217    0.13741      61775
  80.48634      1.19232   15.34410    0.12772      61938
  80.49634      1.19220   15.32595    0.13087      61825
  80.50634      1.19208   15.31442    0.13198      62296
  80.51634      1.19196   15.29124    0.13448      62107
  80.52633      1.19183   15.27653    0.12749      62266
  80.53633      1.19171   15.25734    0.12584      62005
  80.54633      1.19159   15.23930    0.12809      61762
  80.55633      1.19146   15.22152    0.13296      62111
  80.56633      1.19134   15.20571    0.13664      62371
  80.57633      1.19122   15.18146    0.13913      61821
  80.58632      1.19110   15.16652    0.12748      62122
  80.59632      1.19097   15.15051    0.12794      62210
  80.60632      1.19085   15.13131    0.13329      62192
  80.61632      1.19073   15.11520    0.13504      62395
  80.62632      1.19061   15.09994    0.12578      62392
  80.63631      1.19048   15.08022    0.12061      62175
  80.64631      1.19036   15.06436    0.13050      61993
  80.65631      1.19024   15.04704    0.13374      62125
  80.66631      1.19012   15.03086    0.13470      62463
  80.67631      1.19000   15.01193    0.13652      62117
  80.68631      1.18987   14.99680    0.12702      62259
  80.69630      1.18975   14.97888    0.13111      62267
  80.70630      1.18963   14.96217    0.12939      62425
  80.71630      1.18951   14.94552    0.13340      62546
  80.72630      1.18938   14.93100    0.12615      62443
  80.73630      1.18926   14.91462    0.12311      62304
  80.74629      1.18914   14.89996    0.12849      61985
  80.75629      1.18902   14.88341    0.13137      62442
  80.76629      1.18890   14.86889    0.13804      62446
  80.77629      1.18877   14.85271    0.13368      62450
  80.78629      1.18865   14.83405    0.13458      62332
  80.79629      1.18853   14.82440    0.12489      62510
  80.80628      1.18841   14.80205    0.12994      62553
  80.81628      1.18829   14.78911    0.13276      62466
  80.82628      1.18817   14.77963    0.12315      62706
  80.83628      1.18804   14.76929    0.12119      62110
  80.84628      1.18792   14.75243    0.12775      62386
  80.85627      1.18780   14.74536    0.13320      62539
  80.86627      1.18768   14.72852    0.13345      62683
  80.87627      1.18756   14.71504    0.13424      62672
  80.88627      1.18744   14.70134    0.14036      62549
  80.89627      1.18731   14.69482    0.12377      62609
  80.90627      1.18719   14.68082    0.12773      62696
  80.91626      1.18707   14.67025    0.13148      62619
  80.92626      1.18695   14.66261    0.12255      62906
  80.93626      1.18683   14.64744    0.12104      62384
  80.94626      1.18671   14.63403    0.12842      62502
  80.95626      1.18659   14.62912    0.12988      62709
  80.96625      1.18646   14.61654    0.13346      62788
  80.97625      1.18634   14.60368    0.13518      62824
  80.98625      1.18622   14.59554    0.13722      62649
  80.99625      1.18610   14.59311    0.12578      62728
  81.00625      1.18598   14.58341    0.12832      62847
  81.01625      1.18586   14.57745    0.13333      62916
  81.02624      1.18574   14.56851    0.11731      62998
  81.03624      1.18562   14.55862    0.12241      62408
  81.04624      1.18549   14.55050    0.12766      62584
  81.05624      1.18537   14.54876    0.13217      62811
  81.06624      1.18525   14.53994    0.13518      63033
  81.07623      1.18513   14.53445    0.13433      63086
  81.08623      1.18501   14.53464    0.13420      62863
  81.09623      1.18489   14.52611    0.13017      62810
  81.10623      1.18477   14.51585    0.12636      62941
  81.11623      1.18465   14.51302    0.12830      63021
  81.12623      1.18453   14.50657    0.11572      63150
  81.13622      1.18441   14.49944    0.12521      62555
  81.14622      1.18429   14.49753    0.13012      62765
  81.15622      1.18417   14.49483    0.13015      63077
  81.16622      1.18405   14.48963    0.13683      62968
  81.17622      1.18392   14.48233    0.13105      63271
  81.18621      1.18380   14.47081    0.13640      63002
  81.19621      1.18368   14.46186    0.12753      63019
  81.20621      1.18356   14.45499    0.12930      63040
  81.21621      1.18344   14.45194    0.12809      63196
  81.22621      1.18332   14.44425    0.11403      63259
  81.23620      1.18320   14.43797    0.12423      62546
  81.24620      1.18308   14.43250    0.12970      62991
  81.25620      1.18296   14.42667    0.12750      63248
  81.26620      1.18284   14.41359    0.13400      63451
  81.27620      1.18272   14.40239    0.13341      63400
  81.28620      1.18260   14.39465    0.13438      63283
  81.29619      1.18248   14.39147    0.13419      63203
  81.30619      1.18236   14.38283    0.12582      63293
  81.31619      1.18224   14.37157    0.12113      63379
  81.32619      1.18212   14.36152    0.11810      63113
  81.33619      1.18200   14.35485    0.12401      62894
  81.34618      1.18188   14.34466    0.12959      63392
  81.35618      1.18176   14.33826    0.13302      63386
  81.36618      1.18164   14.32690    0.13389      63400
  81.37618      1.18152   14.31617    0.13392      63497
  81.38618      1.18140   14.31154    0.13307      63496
  81.39618      1.18128   14.30213    0.13454      63183
  81.40617      1.18116   14.29016    0.12275      63397
  81.41617      1.18104   14.28252    0.11620      63545
  81.42617      1.18092   14.27082    0.11967      63128
  81.43617      1.18080   14.26827    0.12647      63151
  81.44617      1.18068   14.25946    0.13067      63329
  81.45616      1.18056   14.24557    0.12866      63607
  81.46616      1.18044   14.23604    0.13321      63577
  81.47616      1.18032   14.22724    0.13207      63771
  81.48616      1.18020   14.21517    0.13599      63751
  81.49616      1.18008   14.20272    0.13459      63307
  81.50616      1.17996   14.18759    0.12371      63523
  81.51615      1.17984   14.17930    0.11207      63769
  81.52615      1.17973   14.16065    0.12111      62999
  81.53615      1.17961   14.14766    0.12761      63265
  81.54615      1.17949   14.13375    0.12649      63616
  81.55615      1.17937   14.12052    0.13055      63774
  81.56614      1.17925   14.10185    0.13177      63791
  81.57614      1.17913   14.08469    0.13404      63792
  81.58614      1.17901   14.07282    0.13479      63908
  81.59614      1.17889   14.05111    0.13416      63427
  81.60614      1.17877   14.03022    0.12481      63763
  81.61614      1.17865   14.02067    0.10865      63938
  81.62613      1.17853   13.99783    0.11996      63275
  81.63613      1.17841   13.98012    0.12929      63643
  81.64613      1.17829   13.96424    0.12775      63923
  81.65613      1.17818   13.94850    0.13079      63916
  81.66613      1.17806   13.92989    0.13040      64034
  81.67612      1.17794   13.91202    0.13565      64011
  81.68612      1.17782   13.89624    0.13214      64133
  81.69612      1.17770   13.88018    0.13548      63691
  81.70612      1.17758   13.86441    0.11196      63892
  81.71612      1.17746   13.84729    0.11572      63533
  81.72612      1.17734   13.83004    0.11956      63541
  81.73611      1.17722   13.81538    0.12867      63885
  81.74611      1.17711   13.80442    0.12798      63961
  81.75611      1.17699   13.79288    0.12989      64130
  81.76611      1.17687   13.78047    0.13313      64057
  81.77611      1.17675   13.76950    0.13113      64268
  81.78610      1.17663   13.75259    0.13254      64095
  81.79610      1.17651   13.73482    0.13107      63847
  81.80610      1.17639   13.72274    0.10947      64125
  81.81610      1.17628   13.70553    0.11789      63444
  81.82610      1.17616   13.69487    0.12419      63700
  81.83610      1.17604   13.68309    0.12531      64097
  81.84609      1.17592   13.67517    0.12925      64084
  81.85609      1.17580   13.66193    0.12833      64247
  81.86609      1.17568   13.65047    0.13415      64197
  81.87609      1.17557   13.63542    0.13124      64564
  81.88609      1.17545   13.62111    0.13098      64561
  81.89608      1.17533   13.60742    0.12717      64078
  81.90608      1.17521   13.59103    0.10754      64084
  81.91608      1.17509   13.57978    0.11892      63701
  81.92608      1.17498   13.56533    0.12352      64059
  81.93608      1.17486   13.54847    0.12848      64312
  81.94608      1.17474   13.53946    0.12851      64340
  81.95607      1.17462   13.52446    0.12900      64520
  81.96607      1.17450   13.50838    0.12891      64510
  81.97607      1.17439   13.49621    0.13316      64496
  81.98607      1.17427   13.48060    0.13197      64577
  81.99607      1.17415   13.46106    0.11672      64193
  82.00606      1.17403   13.45015    0.11154      63673
  82.01606      1.17391   13.43530    0.11796      64028
  82.02606      1.17380   13.41990    0.12616      64381
  82.03606      1.17368   13.40747    0.12568      64326
  82.04606      1.17356   13.39662    0.12434      64598
  82.05606      1.17344   13.38478    0.13513      64586
  82.06605      1.17333   13.37052    0.13120      64654
  82.07605      1.17321   13.35889    0.13086      64573
  82.08605      1.17309   13.34484    0.13262      64606
  82.09605      1.17297   13.33394    0.10903      64572
  82.10605      1.17286   13.31292    0.11531      64052
  82.11604      1.17274   13.30430    0.11906      64394
  82.12604      1.17262   13.29322    0.12716      64526
  82.13604      1.17250   13.28382    0.12419      64756
  82.14604      1.17239   13.27201    0.12947      64762
  82.15604      1.17227   13.25555    0.12923      64814
  82.16604      1.17215   13.24167    0.12864      64806
  82.17603      1.17203   13.22528    0.13133      64943
  82.18603      1.17192   13.20686    0.11577      64819
  82.19603      1.17180   13.18371    0.11446      63908
  82.20603      1.17168   13.17687    0.11752      64191
  82.21603      1.17156   13.16301    0.12043      64682
  82.22602      1.17145   13.14643    0.12643      64721
  82.23602      1.17133   13.12926    0.12509      64773
  82.24602      1.17121   13.10904    0.13015      64837
  82.25602      1.17110   13.08879    0.12593      65001
  82.26602      1.17098   13.07254    0.12979      64974
  82.27602      1.17086   13.05496    0.13005      65055
  82.28601      1.17075   13.03513    0.11206      64963
  82.29601      1.17063   13.01491    0.11500      64162
  82.30601      1.17051   13.00204    0.11913      64621
  82.31601      1.17039   12.98818    0.12112      64860
  82.32601      1.17028   12.97052    0.12518      65077
  82.33600      1.17016   12.94959    0.12599      65023
  82.34600      1.17004   12.93394    0.12810      65085
  82.35600      1.16993   12.91801    0.12852      65138
  82.36600      1.16981   12.90090    0.13150      65177
  82.37600      1.16969   12.88192    0.11067      65305
  82.38600      1.16958   12.86148    0.11851      64188
  82.39599      1.16946   12.85190    0.11763      64573
  82.40599      1.16934   12.84401    0.11633      64939
  82.41599      1.16923   12.82897    0.12582      64947
  82.42599      1.16911   12.81541    0.12305      65096
  82.43599      1.16900   12.79561    0.12660      65096
  82.44598      1.16888   12.77963    0.12767      65268
  82.45598      1.16876   12.76700    0.12747      65348
  82.46598      1.16865   12.75387    0.12097      65723
  82.47598      1.16853   12.74132    0.11311      65190
  82.48598      1.16841   12.72859    0.11893      64397
  82.49598      1.16830   12.71520    0.11602      65009
  82.50597      1.16818   12.69825    0.12182      65153
  82.51597      1.16806   12.68585    0.12300      65246
  82.52597      1.16795   12.67360    0.12485      65329
  82.53597      1.16783   12.65675    0.12363      65382
  82.54597      1.16772   12.64805    0.12635      65319
  82.55596      1.16760   12.63389    0.12779      65589
  82.56596      1.16748   12.62118    0.11294      65627
  82.57596      1.16737   12.59920    0.11751      64660
  82.58596      1.16725   12.59239    0.11961      64598
  82.59596      1.16714   12.58185    0.11804      65241
  82.60596      1.16702   12.56902    0.11968      65342
  82.61595      1.16690   12.55699    0.12184      65635
  82.62595      1.16679   12.54569    0.12437      65708
  82.63595      1.16667   12.53748    0.12660      65687
  82.64595      1.16656   12.52437    0.12781      65737
  82.65595      1.16644   12.50990    0.11344      65727
  82.66594      1.16633   12.49612    0.11462      65236
  82.67594      1.16621   12.48519    0.12246      65077
  82.68594      1.16609   12.48101    0.11863      65141
  82.69594      1.16598   12.47042    0.11856      65454
  82.70594      1.16586   12.45811    0.12107      65579
  82.71594      1.16575   12.45239    0.12746      65599
  82.72593      1.16563   12.44383    0.12190      65701
  82.73593      1.16552   12.43139    0.12387      65729
  82.74593      1.16540   12.42083    0.12532      65773
  82.75593      1.16529   12.41342    0.10957      65869
  82.76593      1.16517   12.40371    0.11831      65269
  82.77592      1.16505   12.39562    0.12541      65457
  82.78592      1.16494   12.38886    0.11607      65588
  82.79592      1.16482   12.37939    0.11720      65684
  82.80592      1.16471   12.37323    0.12182      65773
  82.81592      1.16459   12.36766    0.12246      65860
  82.82592      1.16448   12.35633    0.12760      65938
  82.83591      1.16436   12.35186    0.12592      65927
  82.84591      1.16425   12.34517    0.10988      66052
  82.85591      1.16413   12.33313    0.11574      65225
  82.86591      1.16402   12.32585    0.12280      65635
  82.87591      1.16390   12.31652    0.12008      65327
  82.88590      1.16379   12.30592    0.11610      65730
  82.89590      1.16367   12.29696    0.12063      65947
  82.90590      1.16356   12.28841    0.12173      66279
  82.91590      1.16344   12.27927    0.12354      66120
  82.92590      1.16333   12.26396    0.12469      66172
  82.93590      1.16321   12.25545    0.11288      66206
  82.94589      1.16310   12.24431    0.11499      65662
  82.95589      1.16298   12.23093    0.12147      65766
  82.96589      1.16287   12.21925    0.12188      65768
  82.97589      1.16275   12.20669    0.11962      65853
  82.98589      1.16264   12.19585    0.11662      65911
  82.99588      1.16252   12.18512    0.11939      66066
  83.00588      1.16241   12.17547    0.12334      66138
  83.01588      1.16230   12.15857    0.12467      66198
  83.02588      1.16218   12.15183    0.12135      66465
  83.03588      1.16207   12.13891    0.10738      66437
  83.04588      1.16195   12.12467    0.11790      65702
  83.05587      1.16184   12.11628    0.12294      66132
  83.06587      1.16172   12.10753    0.12495      66004
  83.07587      1.16161   12.09081    0.11365      66103
  83.08587      1.16149   12.08675    0.12092      66213
  83.09587      1.16138   12.07695    0.12337      66311
  83.10586      1.16127   12.06689    0.12129      66277
  83.11586      1.16115   12.05515    0.12419      66466
  83.12586      1.16104   12.04856    0.10613      66417
  83.13586      1.16092   12.03567    0.11457      65503
  83.14586      1.16081   12.03051    0.12462      66223
  83.15586      1.16069   12.02192    0.12376      66582
  83.16585      1.16058   12.00335    0.11949      66306
  83.17585      1.16047   11.99549    0.11537      66293
  83.18585      1.16035   11.98547    0.12158      66504
  83.19585      1.16024   11.97958    0.12037      66527
  83.20585      1.16012   11.96999    0.12114      66681
  83.21584      1.16001   11.95845    0.10994      66680
  83.22584      1.15990   11.94471    0.11238      65916
  83.23584      1.15978   11.93875    0.12179      66271
  83.24584      1.15967   11.92335    0.12345      66476
  83.25584      1.15955   11.91325    0.12142      66253
  83.26584      1.15944   11.90376    0.11673      66686
  83.27583      1.15933   11.89268    0.11842      66731
  83.28583      1.15921   11.88402    0.11982      66758
  83.29583      1.15910   11.87143    0.12273      66770
  83.30583      1.15899   11.86032    0.10996      66816
  83.31583      1.15887   11.84494    0.11273      66286
  83.32582      1.15876   11.83715    0.11979      66281
  83.33582      1.15864   11.82740    0.12086      66660
  83.34582      1.15853   11.81547    0.12282      66628
  83.35582      1.15842   11.80205    0.12132      66421
  83.36582      1.15830   11.79327    0.11588      66570
  83.37582      1.15819   11.78388    0.11771      66895
  83.38581      1.15808   11.77937    0.12012      67138
  83.39581      1.15796   11.76839    0.11371      67130
  83.40581      1.15785   11.75534    0.10879      66489
  83.41581      1.15774   11.74335    0.11613      66429
  83.42581      1.15762   11.73650    0.12349      66941
  83.43580      1.15751   11.72769    0.12314      66951
  83.44580      1.15740   11.71754    0.12029      66681
  83.45580      1.15728   11.71269    0.11828      66671
  83.46580      1.15717   11.70545    0.11537      66893
  83.47580      1.15706   11.69987    0.12113      66912
  83.48580      1.15694   11.69416    0.11613      67467
  83.49579      1.15683   11.68963    0.10643      66914
  83.50579      1.15672   11.67831    0.11615      66578
  83.51579      1.15661   11.67173    0.11872      66975
  83.52579      1.15649   11.66932    0.12099      67114
  83.53579      1.15638   11.66244    0.12641      67020
  83.54578      1.15627   11.65804    0.11830      66812
  83.55578      1.15615   11.65021    0.11575      66993
  83.56578      1.15604   11.65164    0.11702      67015
  83.57578      1.15593   11.64580    0.12333      67248
  83.58578      1.15581   11.63906    0.10212      67274
  83.59578      1.15570   11.62605    0.11256      66805
  83.60577      1.15559   11.62443    0.12138      67205
  83.61577      1.15548   11.61815    0.12119      67357
  83.62577      1.15536   11.61353    0.12333      67296
  83.63577      1.15525   11.60061    0.12124      67200
  83.64577      1.15514   11.59811    0.11731      67022
  83.65576      1.15503   11.59198    0.11889      67152
  83.66576      1.15491   11.58509    0.11736      67310
  83.67576      1.15480   11.57637    0.10338      67326
  83.68576      1.15469   11.56243    0.11378      66859
  83.69576      1.15458   11.55773    0.12089      67413
  83.70576      1.15446   11.54783    0.11925      67590
  83.71575      1.15435   11.53780    0.12197      67464
  83.72575      1.15424   11.53938    0.12237      67340
  83.73575      1.15413   11.52626    0.12211      67283
  83.74575      1.15401   11.52320    0.11326      67284
  83.75575      1.15390   11.51666    0.11695      67522
  83.76574      1.15379   11.50495    0.10341      67595
  83.77574      1.15368   11.48772    0.11132      66593
  83.78574      1.15356   11.49081    0.12003      67742
  83.79574      1.15345   11.48072    0.12088      67720
  83.80574      1.15334   11.47136    0.12156      67797
  83.81574      1.15323   11.46720    0.12293      67619
  83.82573      1.15312   11.45747    0.12077      67513
  83.83573      1.15300   11.45130    0.11850      67480
  83.84573      1.15289   11.44093    0.11495      67576
  83.85573      1.15278   11.43413    0.10350      67646
  83.86573      1.15267   11.41185    0.10987      66659
  83.87572      1.15256   11.41358    0.11909      67942
  83.88572      1.15244   11.40370    0.12005      67981
  83.89572      1.15233   11.39272    0.12040      67903
  83.90572      1.15222   11.37917    0.12399      67852
  83.91572      1.15211   11.37457    0.12085      67787
  83.92572      1.15200   11.36748    0.11888      67562
  83.93571      1.15188   11.35928    0.11176      67739
  83.94571      1.15177   11.34878    0.10167      67819
  83.95571      1.15166   11.33540    0.11163      66867
  83.96571      1.15155   11.33062    0.11748      68142
  83.97571      1.15144   11.32036    0.12125      68019
  83.98570      1.15133   11.31827    0.12103      68066
  83.99570      1.15121   11.30822    0.12470      68123
  84.00570      1.15110   11.31072    0.12119      67898
  84.01570      1.15099   11.30203    0.11937      67741
  84.02570      1.15088   11.29359    0.11289      67948
  84.03570      1.15077   11.28920    0.10103      67875
  84.04569      1.15066   11.28173    0.11021      67029
  84.05569      1.15055   11.28548    0.11747      68320
  84.06569      1.15043   11.28119    0.11829      68294
  84.07569      1.15032   11.27930    0.12100      68171
  84.08569      1.15021   11.28426    0.12396      68329
  84.09568      1.15010   11.28946    0.12361      68073
  84.10568      1.14999   11.27675    0.12042      68002
  84.11568      1.14988   11.28284    0.11415      68046
  84.12568      1.14977   11.28690    0.09848      67987
  84.13568      1.14966   11.28500    0.11096      67639
  84.14568      1.14954   11.29056    0.11802      68206
  84.15567      1.14943   11.29036    0.11926      68299
  84.16567      1.14932   11.28909    0.12021      68424
  84.17567      1.14921   11.29778    0.12475      68355
  84.18567      1.14910   11.30580    0.12347      68240
  84.19567      1.14899   11.30035    0.11862      68298
  84.20566      1.14888   11.30375    0.11940      68059
  84.21566      1.14877   11.31200    0.09713      68412
  84.22566      1.14866   11.31026    0.11251      67796
  84.23566      1.14855   11.31635    0.11660      68292
  84.24566      1.14844   11.31332    0.11779      68515
  84.25566      1.14832   11.31863    0.12317      68481
  84.26565      1.14821   11.32384    0.12256      68621
  84.27565      1.14810   11.32393    0.12266      68462
  84.28565      1.14799   11.32285    0.12076      68354
  84.29565      1.14788   11.32549    0.11919      68380
  84.30565      1.14777   11.32053    0.09708      68447
  84.31564      1.14766   11.32297    0.10952      67998
  84.32564      1.14755   11.32344    0.11612      68452
  84.33564      1.14744   11.31748    0.12203      68494
  84.34564      1.14733   11.31901    0.12113      68756
  84.35564      1.14722   11.32254    0.12103      68729
  84.36564      1.14711   11.31505    0.12539      68692
  84.37563      1.14700   11.31599    0.12091      68834
  84.38563      1.14689   11.31134    0.11052      68897
  84.39563      1.14678   11.30886    0.10277      68186
  84.40563      1.14667   11.30010    0.11073      68147
  84.41563      1.14656   11.29878    0.11711      68566
  84.42562      1.14645   11.29279    0.12121      68650
  84.43562      1.14634   11.29719    0.12131      68727
  84.44562      1.14623   11.29613    0.12325      68776
  84.45562      1.14611   11.29370    0.12518      69475
  84.46562      1.14600   11.29234    0.12095      69028
  84.47562      1.14589   11.28220    0.10751      68939
  84.48561      1.14578   11.27425    0.10493      68204
  84.49561      1.14567   11.27087    0.11056      68233
  84.50561      1.14556   11.27159    0.11478      68733
  84.51561      1.14545   11.26617    0.11937      68755
  84.52561      1.14534   11.26968    0.12285      68908
  84.53560      1.14523   11.26864    0.12144      69638
  84.54560      1.14512   11.26223    0.12630      69295
  84.55560      1.14501   11.26138    0.12218      69047
  84.56560      1.14490   11.25749    0.10397      69075
  84.57560      1.14479   11.24792    0.10626      68119
  84.58559      1.14469   11.24685    0.11363      68504
  84.59559      1.14458   11.24318    0.11584      68854
  84.60559      1.14447   11.24126    0.11778      69509
  84.61559      1.14436   11.24356    0.12368      69432
  84.62559      1.14425   11.23547    0.12166      69354
  84.63559      1.14414   11.23621    0.12398      69403
  84.64558      1.14403   11.23600    0.12072      69096
  84.65558      1.14392   11.23549    0.10295      69077
  84.66558      1.14381   11.22578    0.10920      67939
  84.67558      1.14370   11.22726    0.11262      69308
  84.68558      1.14359   11.21951    0.11646      69408
  84.69557      1.14348   11.22276    0.12030      69498
  84.70557      1.14337   11.22260    0.12024      69402
  84.71557      1.14326   11.21836    0.12202      69425
  84.72557      1.14315   11.22151    0.12258      69514
  84.73557      1.14304   11.22251    0.12496      69117
  84.74557      1.14293   11.22056    0.10047      69508
  84.75556      1.14282   11.21830    0.11248      68595
  84.76556      1.14271   11.21758    0.11266      69174
  84.77556      1.14260   11.21661    0.11705      69476
  84.78556      1.14250   11.21737    0.11646      69535
  84.79556      1.14239   11.22332    0.12281      69484
  84.80555      1.14228   11.22707    0.12127      69521
  84.81555      1.14217   11.23213    0.12529      70049
  84.82555      1.14206   11.23363    0.11267      69824
  84.83555      1.14195   11.23377    0.10489      69088
  84.84555      1.14184   11.24334    0.11638      68740
  84.85555      1.14173   11.24896    0.11422      69341
  84.86554      1.14162   11.25199    0.11557      69421
  84.87554      1.14151   11.25552    0.12108      69646
  84.88554      1.14140   11.26691    0.11960      70196
  84.89554      1.14130   11.27507    0.12250      70072
  84.90554      1.14119   11.27940    0.12394      70115
  84.91553      1.14108   11.29282    0.10810      69676
  84.92553      1.14097   11.29439    0.10923      68844
  84.93553      1.14086   11.30592    0.11614      68976
  84.94553      1.14075   11.31422    0.11444      69370
  84.95553      1.14064   11.33073    0.11834      70309
  84.96553      1.14053   11.34183    0.12090      70070
  84.97552      1.14043   11.35100    0.12167      70132
  84.98552      1.14032   11.35670    0.12237      70007
  84.99552      1.14021   11.36684    0.12186      70055
  85.00552      1.14010   11.37760    0.10736      69760
  85.01552      1.13999   11.39297    0.11072      69065
  85.02551      1.13988   11.39740    0.11733      69795
  85.03551      1.13977   11.41047    0.11498      69843
  85.04551      1.13967   11.41359    0.11809      69985
  85.05551      1.13956   11.41879    0.11954      70044
  85.06551      1.13945   11.42038    0.12321      70061
  85.07551      1.13934   11.43182    0.12066      70141
  85.08550      1.13923   11.44245    0.11573      70800
  85.09550      1.13912   11.44004    0.10989      69758
  85.10550      1.13902   11.44750    0.11288      69436
  85.11550      1.13891   11.44255    0.11842      69806
  85.12550      1.13880   11.44241    0.11570      69827
  85.13549      1.13869   11.43925    0.11888      70003
  85.14549      1.13858   11.43833    0.12286      70574
  85.15549      1.13848   11.43009    0.12381      70712
  85.16549      1.13837   11.42835    0.12152      70528
  85.17549      1.13826   11.41858    0.10882      70483
  85.18549      1.13815   11.41133    0.11258      69315
  85.19548      1.13804   11.40505    0.11344      69604
  85.20548      1.13794   11.39215    0.11873      70002
  85.21548      1.13783   11.37623    0.11740      70722
  85.22548      1.13772   11.36858    0.11805      70561
  85.23548      1.13761   11.35380    0.11975      70534
  85.24547      1.13750   11.33834    0.12244      70493
  85.25547      1.13740   11.31627    0.12257      70469
  85.26547      1.13729   11.30630    0.10504      70462
  85.27547      1.13718   11.28926    0.11689      69830
  85.28547      1.13707   11.26816    0.11486      70372
  85.29547      1.13696   11.24484    0.11721      70327
  85.30546      1.13686   11.22272    0.11718      70373
  85.31546      1.13675   11.20566    0.11708      70439
  85.32546      1.13664   11.18368    0.12068      70484
  85.33546      1.13653   11.16542    0.12122      71344
  85.34546      1.13643   11.13759    0.10959      70996
  85.35545      1.13632   11.11643    0.10951      70171
  85.36545      1.13621   11.09808    0.11990      69883
  85.37545      1.13610   11.07416    0.11323      70303
  85.38545      1.13600   11.05639    0.11853      70361
  85.39545      1.13589   11.03382    0.11494      71282
  85.40545      1.13578   11.01697    0.12053      70923
  85.41544      1.13567   11.00358    0.11898      70941
  85.42544      1.13557   10.97615    0.12020      70891
  85.43544      1.13546   10.95194    0.10340      70811
  85.44544      1.13535   10.92686    0.11278      69699
  85.45544      1.13525   10.91703    0.11964      70896
  85.46543      1.13514   10.89794    0.11204      71046
  85.47543      1.13503   10.87857    0.12164      70839
  85.48543      1.13492   10.85225    0.11368      70755
  85.49543      1.13482   10.84193    0.11718      70832
  85.50543      1.13471   10.82378    0.11903      70910
  85.51543      1.13460   10.81081    0.10895      71665
  85.52542      1.13450   10.77533    0.10504      70670
  85.53542      1.13439   10.76264    0.11694      70518
  85.54542      1.13428   10.74623    0.11738      70725
  85.55542      1.13417   10.73139    0.11538      70820
  85.56542      1.13407   10.71076    0.12043      71160
  85.57541      1.13396   10.69597    0.11401      71395
  85.58541      1.13385   10.68599    0.11664      71233
  85.59541      1.13375   10.66638    0.11781      71185
  85.60541      1.13364   10.64245    0.10081      71205
  85.61541      1.13353   10.62183    0.10983      70279
  85.62541      1.13343   10.61899    0.11903      71370
  85.63540      1.13332   10.60729    0.11494      71180
  85.64540      1.13321   10.58555    0.11425      71324
  85.65540      1.13311   10.57369    0.11927      70971
  85.66540      1.13300   10.56710    0.11301      71094
  85.67540      1.13289   10.54894    0.11641      71239
  85.68539      1.13279   10.54085    0.11041      72196
  85.69539      1.13268   10.52575    0.10442      71037
  85.70539      1.13257   10.51049    0.11350      70916
  85.71539      1.13247   10.49826    0.11754      71030
  85.72539      1.13236   10.49451    0.11315      71055
  85.73539      1.13225   10.48212    0.11618      71741
  85.74538      1.13215   10.47250    0.11697      71654
  85.75538      1.13204   10.46870    0.11276      71608
  85.76538      1.13193   10.46323    0.11534      71629
  85.77538      1.13183   10.45842    0.10066      71493
  85.78538      1.13172   10.44392    0.10942      70386
  85.79537      1.13162   10.43966    0.11665      72099
  85.80537      1.13151   10.43543    0.11882      71396
  85.81537      1.13140   10.43224    0.11250      71515
  85.82537      1.13130   10.42945    0.11701      71501
  85.83537      1.13119   10.43298    0.11579      71486
  85.84537      1.13108   10.42901    0.11472      72270
  85.85536      1.13098   10.41973    0.10550      72014
  85.86536      1.13087   10.41116    0.10344      71082
  85.87536      1.13077   10.41143    0.11541      71157
  85.88536      1.13066   10.40839    0.11850      71561
  85.89536      1.13055   10.41072    0.11863      71627
  85.90535      1.13045   10.40007    0.11148      72394
  85.91535      1.13034   10.40091    0.11857      71966
  85.92535      1.13024   10.39793    0.11248      71752
  85.93535      1.13013   10.38940    0.11250      71682
  85.94535      1.13003   10.38826    0.09800      71757
  85.95535      1.12992   10.38469    0.11258      71464
  85.96534      1.12981   10.37869    0.11454      71959
  85.97534      1.12971   10.37357    0.11789      72075
  85.98534      1.12960   10.36943    0.11898      71734
  85.99534      1.12950   10.36899    0.11397      71822
  86.00534      1.12939   10.36605    0.11536      72535
  86.01533      1.12928   10.35123    0.11407      72037
  86.02533      1.12918   10.35204    0.10150      72069
  86.03533      1.12907   10.34868    0.10445      71238
  86.04533      1.12897   10.33919    0.11549      71702
  86.05533      1.12886   10.33063    0.11697      72832
  86.06533      1.12876   10.33100    0.11961      72077
  86.07532      1.12865   10.32646    0.11404      72038
  86.08532      1.12855   10.32776    0.11501      72138
  86.09532      1.12844   10.31860    0.11710      71812
  86.10532      1.12834   10.30997    0.10794      72987
  86.11532      1.12823   10.31224    0.10017      72055
  86.12531      1.12812   10.30421    0.11089      71662
  86.13531      1.12802   10.30120    0.11565      72138
  86.14531      1.12791   10.30214    0.12066      72147
  86.15531      1.12781   10.30016    0.12041      72434
  86.16531      1.12770   10.29663    0.11025      72712
  86.17531      1.12760   10.30100    0.11562      72736
  86.18530      1.12749   10.29257    0.11434      72269
  86.19530      1.12739   10.29195    0.09656      72239
  86.20530      1.12728   10.29971    0.10832      71667
  86.21530      1.12718   10.28952    0.11474      72407
  86.22530      1.12707   10.29933    0.11941      72515
  86.23529      1.12697   10.29529    0.11894      72801
  86.24529      1.12686   10.29077    0.11620      72179
  86.25529      1.12676   10.29545    0.11203      73217
  86.26529      1.12665   10.29169    0.11626      72658
  86.27529      1.12655   10.29348    0.10145      72491
  86.28529      1.12644   10.29801    0.10284      71525
  86.29528      1.12634   10.28974    0.11302      72213
  86.30528      1.12623   10.29001    0.11975      73443
  86.31528      1.12613   10.28818    0.12024      73081
  86.32528      1.12602   10.28849    0.12028      72423
  86.33528      1.12592   10.28434    0.10825      72481
  86.34527      1.12581   10.28352    0.11491      72508
  86.35527      1.12571   10.28460    0.11026      73552
  86.36527      1.12561   10.28322    0.09940      72462
  86.37527      1.12550   10.27712    0.11170      72238
  86.38527      1.12540   10.27946    0.11490      72577
  86.39527      1.12529   10.28009    0.12098      72852
  86.40526      1.12519   10.27928    0.12052      73557
  86.41526      1.12508   10.26779    0.12084      72677
  86.42526      1.12498   10.27447    0.10909      73262
  86.43526      1.12487   10.26330    0.11567      72881
  86.44526      1.12477   10.27101    0.09588      72949
  86.45525      1.12466   10.26420    0.10835      72221
  86.46525      1.12456   10.25929    0.11368      72719
  86.47525      1.12446   10.25337    0.11664      73132
  86.48525      1.12435   10.25167    0.12093      73263
  86.49525      1.12425   10.24831    0.12298      73561
  86.50525      1.12414   10.24539    0.10815      73288
  86.51524      1.12404   10.22803    0.11352      73075
  86.52524      1.12393   10.23075    0.10092      72890
  86.53524      1.12383   10.21647    0.10536      71869
  86.54524      1.12373   10.22401    0.11265      73815
  86.55524      1.12362   10.21774    0.11900      73391
  86.56523      1.12352   10.20529    0.11807      73379
  86.57523      1.12341   10.19305    0.12165      73151
  86.58523      1.12331   10.19148    0.12155      73219
  86.59523      1.12321   10.19018    0.10686      73885
  86.60523      1.12310   10.18317    0.10175      73595
  86.61523      1.12300   10.18082    0.10415      72185
  86.62522      1.12289   10.18201    0.11139      72541
  86.63522      1.12279   10.17939    0.11534      74021
  86.64522      1.12269   10.17485    0.11792      73486
  86.65522      1.12258   10.16574    0.11938      74032
  86.66522      1.12248   10.17401    0.12172      73193
  86.67521      1.12237   10.17009    0.10963      73717
  86.68521      1.12227   10.16840    0.10296      73849
  86.69521      1.12217   10.17620    0.10380      72701
  86.70521      1.12206   10.17175    0.11048      72510
  86.71521      1.12196   10.16935    0.11305      73762
  86.72521      1.12186   10.16686    0.11706      74374
  86.73520      1.12175   10.16440    0.11952      73998
  86.74520      1.12165   10.16923    0.12077      73783
  86.75520      1.12155   10.16573    0.12059      72860
  86.76520      1.12144   10.17186    0.10133      74521
  86.77520      1.12134   10.16925    0.09877      73569
  86.78519      1.12123   10.17054    0.11149      72823
  86.79519      1.12113   10.16690    0.11264      73395
  86.80519      1.12103   10.15839    0.11735      73576
  86.81519      1.12092   10.17007    0.12094      74504
  86.82519      1.12082   10.17020    0.11980      74772
  86.83519      1.12072   10.16265    0.11948      73482
  86.84518      1.12061   10.16910    0.10954      73398
  86.85518      1.12051   10.16960    0.09457      74138
  86.86518      1.12041   10.16201    0.11002      73064
  86.87518      1.12030   10.17286    0.11513      74185
  86.88518      1.12020   10.16896    0.11488      73773
  86.89517      1.12010   10.16894    0.11958      74391
  86.90517      1.11999   10.16771    0.11992      74510
  86.91517      1.11989   10.16703    0.12021      74177
  86.92517      1.11979   10.16191    0.12004      73420
  86.93517      1.11969   10.16672    0.09027      74550
  86.94517      1.11958   10.16321    0.10951      73513
  86.95516      1.11948   10.16459    0.11442      73690
  86.96516      1.11938   10.16608    0.11353      73891
  86.97516      1.11927   10.16116    0.11939      73758
  86.98516      1.11917   10.16832    0.12129      75896
  86.99516      1.11907   10.15838    0.12084      74688
  87.00515      1.11896   10.15454    0.12409      73549
  87.01515      1.11886   10.15214    0.09060      73924
  87.02515      1.11876   10.16007    0.10555      73429
  87.03515      1.11866   10.15032    0.11574      74832
  87.04515      1.11855   10.15317    0.11477      74281
  87.05515      1.11845   10.15356    0.11772      74068
  87.06514      1.11835   10.16179    0.12073      74902
  87.07514      1.11825   10.15413    0.12061      74849
  87.08514      1.11814   10.15423    0.12267      74817
  87.09514      1.11804   10.14493    0.09273      74162
  87.10514      1.11794   10.13573    0.10092      73358
  87.11513      1.11783   10.14639    0.11600      74455
  87.12513      1.11773   10.14883    0.11813      74228
  87.13513      1.11763   10.14468    0.11689      74933
  87.14513      1.11753   10.14391    0.12148      75213
  87.15513      1.11742   10.14870    0.11931      75183
  87.16513      1.11732   10.13740    0.12107      74609
  87.17512      1.11722   10.12877    0.09970      73727
  87.18512      1.11712   10.11578    0.09466      73865
  87.19512      1.11702   10.13131    0.11625      75311
  87.20512      1.11691   10.12842    0.12101      74650
  87.21512      1.11681   10.11364    0.11581      74373
  87.22511      1.11671   10.12287    0.11914      74487
  87.23511      1.11661   10.13885    0.11903      76277
  87.24511      1.11650   10.11783    0.11957      75385
  87.25511      1.11640   10.10257    0.10220      74165
  87.26511      1.11630   10.09633    0.09451      72992
  87.27511      1.11620   10.12134    0.11441      75102
  87.28510      1.11610   10.11206    0.11983      75561
  87.29510      1.11599   10.10761    0.11811      75004
  87.30510      1.11589   10.10559    0.11807      74818
  87.31510      1.11579   10.11704    0.11932      75744
  87.32510      1.11569   10.10147    0.12278      75011
  87.33509      1.11558   10.10307    0.09970      75464
  87.34509      1.11548   10.09165    0.09736      73520
  87.35509      1.11538   10.10192    0.11189      75069
  87.36509      1.11528   10.09983    0.11760      74896
  87.37509      1.11518   10.09562    0.12356      74656
  87.38509      1.11508   10.09891    0.11841      76394
  87.39508      1.11497   10.10531    0.11652      76022
  87.40508      1.11487   10.09504    0.12224      75166
  87.41508      1.11477   10.10017    0.09886      75089
  87.42508      1.11467   10.07634    0.10474      73415
  87.43508      1.11457   10.09545    0.10216      75805
  87.44507      1.11446   10.09581    0.11723      75387
  87.45507      1.11436   10.08905    0.12415      74936
  87.46507      1.11426   10.09172    0.11954      75616
  87.47507      1.11416   10.09434    0.11741      76441
  87.48507      1.11406   10.09599    0.12063      75762
  87.49507      1.11396   10.09722    0.09919      75394
  87.50506      1.11386   10.06931    0.10996      73504
  87.51506      1.11375   10.08021    0.09945      74920
  87.52506      1.11365   10.10055    0.11863      76299
  87.53506      1.11355   10.09035    0.12200      75514
  87.54506      1.11345   10.08541    0.11936      76264
  87.55505      1.11335   10.08605    0.11752      75477
  87.56505      1.11325   10.09861    0.12277      75998
  87.57505      1.11315   10.09951    0.09734      75998
  87.58505      1.11304   10.06775    0.11149      74301
  87.59505      1.11294   10.09304    0.09878      74899
  87.60505      1.11284   10.09974    0.11675      75098
  87.61504      1.11274   10.10641    0.12234      77081
  87.62504      1.11264   10.11026    0.12177      76430
  87.63504      1.11254   10.11691    0.11804      75716
  87.64504      1.11244   10.11322    0.12343      75308
  87.65504      1.11234   10.12617    0.09656      76771
  87.66503      1.11223   10.11582    0.11219      74685
  87.67503      1.11213   10.12491    0.10189      75083
  87.68503      1.11203   10.13742    0.11502      75241
  87.69503      1.11193   10.14103    0.12264      76627
  87.70503      1.11183   10.15083    0.12401      77185
  87.71503      1.11173   10.14856    0.11718      75837
  87.72502      1.11163   10.14196    0.11764      75982
  87.73502      1.11153   10.15416    0.09799      75936
  87.74502      1.11143   10.15012    0.11557      75466
  87.75502      1.11133   10.16233    0.10388      75041
  87.76502      1.11123   10.15886    0.11199      76570
  87.77501      1.11112   10.17277    0.12047      76201
  87.78501      1.11102   10.16902    0.12226      76752
  87.79501      1.11092   10.16817    0.12252      76237
  87.80501      1.11082   10.18326    0.10864      77303
  87.81501      1.11072   10.17698    0.10254      75235
  87.82501      1.11062   10.16973    0.11593      75149
  87.83500      1.11052   10.17991    0.10767      75884
  87.84500      1.11042   10.18675    0.10805      76853
  87.85500      1.11032   10.18847    0.12382      76281
  87.86500      1.11022   10.19261    0.12189      75865
  87.87500      1.11012   10.19530    0.12437      78202
  87.88499      1.11002   10.18966    0.10089      76725
  87.89499      1.10992   10.18450    0.10648      74960
  87.90499      1.10982   10.19224    0.11921      75504
  87.91499      1.10972   10.19245    0.11011      76832
  87.92499      1.10962   10.18585    0.10684      76563
  87.93498      1.10952   10.18840    0.12249      76172
  87.94498      1.10941   10.18862    0.12174      77225
  87.95498      1.10931   10.17792    0.12488      77528
  87.96498      1.10921   10.17309    0.09919      76783
  87.97498      1.10911   10.16999    0.10758      74901
  87.98498      1.10901   10.16162    0.12207      77137
  87.99497      1.10891   10.15141    0.11147      75843
  88.00497      1.10881   10.14721    0.10507      76457
  88.01497      1.10871   10.14179    0.12101      77510
  88.02497      1.10861   10.13715    0.12115      76841
  88.03497      1.10851   10.12362    0.12810      77553
  88.04496      1.10841   10.13168    0.09658      77040
  88.05496      1.10831   10.10742    0.10957      76155
  88.06496      1.10821   10.10051    0.12259      76134
  88.07496      1.10811   10.10076    0.11090      75637
  88.08496      1.10801   10.09105    0.10508      77980
  88.09496      1.10791   10.07891    0.12142      77189
  88.10495      1.10781   10.07458    0.12361      76529
  88.11495      1.10771   10.07107    0.11986      78488
  88.12495      1.10761   10.05056    0.09702      76933
  88.13495      1.10751   10.03638    0.11185      75634
  88.14495      1.10741   10.03379    0.12295      76197
  88.15494      1.10731   10.01796    0.10927      77722
  88.16494      1.10721   10.01096    0.10385      77234
  88.17494      1.10711   10.00679    0.12086      76719
  88.18494      1.10701    9.99891    0.12271      77592
  88.19494      1.10691    9.97270    0.10614      78859
  88.20494      1.10682    9.96460    0.10467      75789
  88.21493      1.10672    9.95461    0.11669      76234
  88.22493      1.10662    9.94278    0.12201      78247
  88.23493      1.10652    9.94159    0.10797      76472
  88.24493      1.10642    9.92746    0.10541      76773
  88.25493      1.10632    9.92778    0.11802      78074
  88.26492      1.10622    9.90627    0.12724      78370
  88.27492      1.10612    9.91009    0.10005      77752
  88.28492      1.10602    9.90300    0.10788      76447
  88.29492      1.10592    9.88551    0.11860      76862
  88.30492      1.10582    9.89495    0.12334      77492
  88.31492      1.10572    9.88381    0.10424      76708
  88.32491      1.10562    9.88940    0.10564      78059
  88.33491      1.10552    9.88896    0.12195      77741
  88.34491      1.10542    9.88275    0.12731      78019
  88.35491      1.10532    9.89267    0.09592      78353
  88.36491      1.10522    9.87826    0.11158      76180
  88.37490      1.10512    9.88107    0.12131      77644
  88.38490      1.10503    9.89306    0.12689      77825
  88.39490      1.10493    9.89288    0.10135      77086
  88.40490      1.10483    9.89616    0.10923      76979
  88.41490      1.10473    9.90251    0.12151      79802
  88.42490      1.10463    9.89402    0.10280      78381
  88.43489      1.10453    9.90438    0.10614      75982
  88.44489      1.10443    9.90224    0.11692      78015
  88.45489      1.10433    9.90658    0.12500      79024
  88.46489      1.10423    9.90531    0.12905      76214
  88.47489      1.10413    9.89968    0.09868      76221
  88.48488      1.10404    9.91975    0.10775      80670
  88.49488      1.10394    9.90673    0.12285      77997
  88.50488      1.10384    9.90602    0.09685      77319
  88.51488      1.10374    9.90409    0.11224      78572
  88.52488      1.10364    9.89014    0.12406      78019
  88.53488      1.10354    9.89856    0.12646      77473
  88.54487      1.10344    9.88887    0.12135      77380
  88.55487      1.10334    9.90096    0.09632      78720
  88.56487      1.10324    9.88220    0.11182      77590
  88.57487      1.10315    9.88431    0.11223      78852
  88.58487      1.10305    9.87351    0.10225      78914
  88.59486      1.10295    9.85829    0.11647      77204
  88.60486      1.10285    9.86737    0.12732      78309
  88.61486      1.10275    9.85230    0.12720      78882
  88.62486      1.10265    9.85026    0.10571      76906
  88.63486      1.10255    9.84583    0.10541      78364
  88.64486      1.10246    9.83213    0.11524      79474
  88.65485      1.10236    9.82460    0.09841      79153
  88.66485      1.10226    9.81508    0.10787      76857
  88.67485      1.10216    9.81813    0.12363      77955
  88.68485      1.10206    9.80540    0.12764      79826
  88.69485      1.10196    9.80312    0.13114      77219
  88.70484      1.10187    9.79188    0.09837      78082
  88.71484      1.10177    9.78646    0.10901      79507
  88.72484      1.10167    9.78606    0.11178      78888
  88.73484      1.10157    9.77591    0.09720      77890
  88.74484      1.10147    9.78930    0.11197      78729
  88.75484      1.10137    9.78663    0.13038      78859
  88.76483      1.10128    9.78068    0.13666      79287
  88.77483      1.10118    9.78489    0.11423      77706
  88.78483      1.10108    9.78636    0.10120      78661
  88.79483      1.10098    9.78686    0.11303      78649
  88.80483      1.10088    9.80619    0.09327      80004
  88.81482      1.10079    9.79349    0.10874      77556
  88.82482      1.10069    9.81616    0.12433      78623
  88.83482      1.10059    9.81382    0.13552      80249
  88.84482      1.10049    9.82245    0.13939      78011
  88.85482      1.10039    9.83115    0.09854      77898
  88.86482      1.10030    9.83322    0.10659      79619
  88.87481      1.10020    9.84387    0.10598      79536
  88.88481      1.10010    9.84378    0.09756      77895
  88.89481      1.10000    9.83585    0.11622      79450
  88.90481      1.09990    9.84842    0.13337      79718
  88.91481      1.09981    9.85065    0.13752      79266
  88.92480      1.09971    9.84980    0.10877      77715
  88.93480      1.09961    9.84139    0.10358      79410
  88.94480      1.09951    9.85239    0.11631      79863
  88.95480      1.09942    9.83709    0.09345      79525
  88.96480      1.09932    9.83216    0.10697      77999
  88.97480      1.09922    9.84034    0.12139      80074
  88.98479      1.09912    9.82661    0.13702      78911
  88.99479      1.09902    9.83867    0.14623      78053
  89.00479      1.09893    9.82194    0.09651      80382
  89.01479      1.09883    9.81998    0.11373      78194
  89.02479      1.09873    9.81479    0.09975      81841
  89.03478      1.09863    9.81104    0.09867      77938
  89.04478      1.09854    9.80785    0.11198      78328
  89.05478      1.09844    9.80284    0.13657      81824
  89.06478      1.09834    9.81220    0.15007      77235
  89.07478      1.09824    9.79077    0.10299      80295
  89.08478      1.09815    9.80037    0.11120      80293
  89.09477      1.09805    9.78870    0.11892      77935
  89.10477      1.09795    9.79256    0.08852      81799
  89.11477      1.09786    9.78661    0.10954      77908
  89.12477      1.09776    9.79525    0.12928      79700
  89.13477      1.09766    9.78318    0.14823      80137
  89.14476      1.09756    9.78437    0.10258      78140
  89.15476      1.09747    9.78704    0.11710      81125
  89.16476      1.09737    9.79360    0.11547      79704
  89.17476      1.09727    9.78010    0.09467      81330
  89.18476      1.09718    9.78862    0.10890      78019
  89.19476      1.09708    9.79075    0.11746      81381
  89.20475      1.09698    9.78766    0.14283      76240
  89.21475      1.09688    9.80712    0.09890      81600
  89.22475      1.09679    9.80057    0.12127      79705
  89.23475      1.09669    9.79787    0.12788      81822
  89.24475      1.09659    9.80976    0.10136      80751
  89.25474      1.09650    9.80264    0.10308      78513
  89.26474      1.09640    9.80807    0.11312      80819
  89.27474      1.09630    9.80929    0.10932      77140
  89.28474      1.09621    9.83542    0.10603      79275
  89.29474      1.09611    9.81125    0.13307      82909
  89.30474      1.09601    9.82578    0.13953      79508
  89.31473      1.09592    9.80927    0.11218      83680
  89.32473      1.09582    9.83839    0.09706      77229
  89.33473      1.09572    9.82383    0.11178      77800
  89.34473      1.09562    9.83399    0.09353      80705
  89.35473      1.09553    9.82278    0.12036      79154
  89.36472      1.09543    9.82658    0.13936      83587
  89.37472      1.09533    9.83728    0.14498      79505
  89.38472      1.09524    9.82596    0.12749      82772
  89.39472      1.09514    9.83437    0.09098      79861
  89.40472      1.09505    9.84963    0.09599      75496
  89.41472      1.09495    9.81765    0.10575      82057
  89.42471      1.09485    9.83635    0.12202      80247
  89.43471      1.09476    9.82794    0.13871      82230
  89.44471      1.09466    9.83653    0.14444      81954
  89.45471      1.09456    9.83973    0.13835      80169
  89.46471      1.09447    9.83062    0.08316      80536
  89.47470      1.09437    9.84559    0.09987      77109
  89.48470      1.09427    9.82938    0.11064      81888
  89.49470      1.09418    9.83507    0.12223      80385
  89.50470      1.09408    9.84070    0.13273      82559
  89.51470      1.09398    9.83632    0.14531      81140
  89.52470      1.09389    9.83379    0.11128      82208
  89.53469      1.09379    9.87138    0.08982      78786
  89.54469      1.09370    9.84690    0.10974      78888
  89.55469      1.09360    9.85889    0.11527      81663
  89.56469      1.09350    9.86496    0.11926      80426
  89.57469      1.09341    9.86470    0.13119      82035
  89.58468      1.09331    9.89503    0.13003      80829
  89.59468      1.09322    9.87111    0.09843      83521
  89.60468      1.09312    9.92669    0.10272      77419
  89.61468      1.09302    9.90453    0.11540      81637
  89.62468      1.09293    9.91701    0.11716      81246
  89.63468      1.09283    9.93169    0.11823      80695
  89.64467      1.09274    9.94933    0.12146      82349
  89.65467      1.09264    9.96672    0.13167      80257
  89.66467      1.09254    9.97706    0.09412      81882
  89.67467      1.09245   10.01411    0.11282      78513
  89.68467      1.09235   10.01789    0.11627      82870
  89.69466      1.09226   10.01087    0.12136      81775
  89.70466      1.09216   10.07264    0.11647      80162
  89.71466      1.09206   10.05492    0.12028      82638
  89.72466      1.09197   10.09613    0.10453      81270
  89.73466      1.09187   10.14416    0.11309      80003
  89.74466      1.09178   10.13127    0.12027      82080
  89.75465      1.09168   10.17018    0.11627      81482
  89.76465      1.09159   10.19164    0.11716      81483
  89.77465      1.09149   10.20953    0.12191      81947
  89.78465      1.09139   10.25500    0.10453      81551
  89.79465      1.09130   10.28443    0.11427      80290
  89.80464      1.09120   10.30978    0.11982      81561
  89.81464      1.09111   10.33217    0.11694      82176
  89.82464      1.09101   10.35572    0.11808      81774
  89.83464      1.09092   10.38582    0.12162      81949
  89.84464      1.09082   10.42379    0.11225      81951
  89.85464      1.09073   10.44598    0.11212      80744
  89.86463      1.09063   10.48007    0.11888      81279
  89.87463      1.09054   10.49255    0.12058      81168
  89.88463      1.09044   10.52516    0.11955      80794
  89.89463      1.09034   10.54054    0.11681      80620
  89.90463      1.09025   10.57173    0.11262      79257
  89.91462      1.09015   10.60045    0.11781      78562
  89.92462      1.09006   10.62191    0.11710      77744
  89.93462      1.08996   10.65086    0.11598      76593
  89.94462      1.08987   10.66212    0.12300      76279
  89.95462      1.08977   10.70168    0.12263      75396
  89.96462      1.08968   10.73237    0.11390      74425
  89.97461      1.08958   10.72656    0.11964      73336
  89.98461      1.08949   10.77990    0.11728      72250
  89.99461      1.08939   10.77050    0.11864      71698
  90.00461      1.08930   10.81154    0.12189      70668
  90.01461      1.08920   10.85081    0.12615      70192
  90.02460      1.08911   10.87527    0.12960      69725
  90.03460      1.08901   10.91132    0.12111      68335
  90.04460      1.08892   10.95272    0.12220      66484
  90.05460      1.08882   10.99298    0.12307      64671
  90.06460      1.08873   11.04228    0.12481      62913
  90.07460      1.08863   11.06315    0.12527      61767
  90.08459      1.08854   11.11267    0.13724      60129
  90.09459      1.08844   11.15979    0.13476      58213
  90.10459      1.08835   11.17380    0.12892      55781
  90.11459      1.08825   11.23590    0.12230      52751
  90.12459      1.08816   11.27526    0.12549      49706
  90.13458      1.08806   11.31956    0.13638      46902
  90.14458      1.08797   11.34926    0.13984      44794
  90.15458      1.08788   11.37048    0.15325      41535
  90.16458      1.08778   11.40179    0.14712      38310
  90.17458      1.08769   11.45159    0.14121      34817
  90.18458      1.08759   11.53199    0.13606      30420
  90.19457      1.08750   11.57433    0.15337      26444
  90.20457      1.08740   11.70739    0.16133      23757
  90.21457      1.08731   11.72306    0.16051      20656
  90.22457      1.08721   11.83906    0.17056      16872
  90.23457      1.08712   11.89743    0.16810      13188
  90.24456      1.08702   12.19117    0.23076       8408
  90.25456      1.08693   12.39271    0.25751       6343
  90.26456      1.08684   12.36233    0.29392       5425
  90.27456      1.08674   12.50584    0.32301       4431
  90.28456      1.08665   12.59792    0.31815       3472
  90.29456      1.08655   12.40754    0.31324       2398
  90.30455      1.08646   12.81581    0.31569       1239
  90.31455      1.08636   12.56418    0.31479        162
  90.32455      1.08627   12.97568    0.45012         22
