2thetadeg,intx,d-value,sigx,count
0.001,0.0,88267.70067,0.0,0
0.011,0.0,8025.58304,0.0,0
0.021,0.0,4203.90795,0.0,0
0.03099,0.0,2847.8161,0.0,0
0.04099,0.0,2153.22972,0.0,0
0.05099,0.0,1731.02925,0.0,0
0.06099,0.0,1447.25478,0.0,0
0.07099,0.0,1243.41659,0.0,0
0.08099,0.0,1089.90871,0.0,0
0.09098,0.0,970.13877,0.0,0
0.10098,0.0,874.08561,0.0,0
0.11098,0.0,795.3393,0.0,0
0.12098,0.0,729.6089,0.0,0
0.13098,0.0,673.91366,0.0,0
0.14098,0.0,626.11844,0.0,0
0.15097,0.0,584.65371,0.0,0
0.16097,0.0,548.33988,0.0,0
0.17097,0.0,516.27327,0.0,0
0.18097,0.0,487.74993,0.0,0
0.19097,0.0,462.21333,0.0,0
0.20097,0.0,439.21769,0.0,0
0.21096,0.0,418.40172,0.0,0
0.22096,0.0,399.46955,0.0,0
0.23096,0.0,382.17653,0.0,0
0.24096,0.0,366.31862,0.0,0
0.25096,0.0,351.72428,0.0,0
0.26096,0.0,338.24829,0.0,0
0.27095,0.0,325.76683,0.0,0
0.28095,0.0,314.17373,0.0,0
0.29095,0.0,303.37742,0.0,0
0.30095,0.0,293.29846,0.0,0
0.31095,0.0,283.86767,0.0,0
0.32095,0.0,275.02446,0.0,0
0.33094,0.0,266.71559,0.0,0
0.34094,0.0,258.89405,0.0,0
0.35094,0.0,251.51818,0.0,0
0.36094,0.0,244.55094,0.0,0
0.37094,0.0,237.95929,0.0,0
0.38094,0.0,231.71367,0.0,0
0.39093,0.0,225.78751,0.0,0
0.40093,0.0,220.15693,0.0,0
0.41093,0.0,214.80033,0.0,0
0.42093,0.0,209.69821,0.0,0
0.43093,0.0,204.83285,0.0,0
0.44092,0.0,200.18814,0.0,0
0.45092,0.0,195.7494,0.0,0
0.46092,0.0,191.50323,0.0,0
0.47092,0.0,187.43737,0.0,0
0.48092,0.0,183.54057,0.0,0
0.49092,0.0,179.80249,0.0,0
0.50091,0.0,176.21364,0.0,0
0.51091,0.0,172.76526,0.0,0
0.52091,0.0,169.44925,0.0,0
0.53091,0.0,166.25814,0.0,0
0.54091,0.0,163.185,0.0,0
0.55091,0.0,160.22341,0.0,0
0.5609,0.0,157.3674,0.0,0
0.5709,0.0,154.61142,0.0,0
0.5809,0.0,151.95032,0.0,0
0.5909,0.0,149.37927,0.0,0
0.6009,0.0,146.89378,0.0,0
0.6109,0.0,144.48965,0.0,0
0.62089,0.0,142.16295,0.0,0
0.63089,0.0,139.91,0.0,0
0.64089,0.0,137.72733,0.0,0
0.65089,0.0,135.61173,0.0,0
0.66089,0.0,133.56014,0.0,0
0.67089,0.0,131.5697,0.0,0
0.68088,0.0,129.63771,0.0,0
0.69088,0.0,127.76165,0.0,0
0.70088,0.0,125.93911,0.0,0
0.71088,0.0,124.16783,0.0,0
0.72088,0.0,122.4457,0.0,0
0.73088,0.0,120.77067,0.0,0
0.74087,0.0,119.14086,0.0,0
0.75087,0.0,117.55446,0.0,0
0.76087,0.0,116.00974,0.0,0
0.77087,0.0,114.5051,0.0,0
0.78087,0.0,113.03899,0.0,0
0.79087,0.0,111.60995,0.0,0
0.80086,0.0,110.21659,0.0,0
0.81086,0.0,108.85759,0.0,0
0.82086,0.0,107.53169,0.0,0
0.83086,0.0,106.23771,0.0,0
0.84086,0.0,104.97451,0.0,0
0.85085,0.0,103.74099,0.0,0
0.86085,0.0,102.53612,0.0,0
0.87085,0.0,101.35892,0.0,0
0.88085,0.0,100.20844,0.0,0
0.89085,0.0,99.08379,0.0,0
0.90085,0.0,97.9841,0.0,0
0.91084,0.0,96.90856,0.0,0
0.92084,0.0,95.85637,0.0,0
0.93084,0.0,94.82679,0.0,0
0.94084,0.0,93.81909,0.0,0
0.95084,0.0,92.83258,0.0,0
0.96084,0.0,91.8666,0.0,0
0.97083,0.0,90.92052,0.0,0
0.98083,0.0,89.99373,0.0,0
0.99083,0.0,89.08564,0.0,0
1.00083,0.0,88.1957,0.0,0
1.01083,0.0,87.32336,0.0,0
1.02083,0.0,86.46811,0.0,0
1.03082,0.0,85.62945,0.0,0
1.04082,0.0,84.8069,0.0,0
1.05082,0.0,84.00001,0.0,0
1.06082,0.0,83.20832,0.0,0
1.07082,0.0,82.43142,0.0,0
1.08082,0.0,81.6689,0.0,0
1.09081,0.0,80.92035,0.0,0
1.10081,0.0,80.1854,0.0,0
1.11081,0.0,79.46368,0.0,0
1.12081,0.0,78.75484,0.0,0
1.13081,0.0,78.05854,0.0,0
1.14081,0.0,77.37443,0.0,0
1.1508,0.0,76.70222,0.0,0
1.1608,0.0,76.04159,0.0,0
1.1708,0.0,75.39224,0.0,0
1.1808,0.0,74.75388,0.0,0
1.1908,0.0,74.12625,0.0,0
1.20079,0.0,73.50907,0.0,0
1.21079,0.0,72.90208,0.0,0
1.22079,0.0,72.30503,0.0,0
1.23079,0.0,71.71768,0.0,0
1.24079,0.0,71.1398,0.0,0
1.25079,0.0,70.57116,0.0,0
1.26078,0.0,70.01154,0.0,0
1.27078,0.0,69.46073,0.0,0
1.28078,0.0,68.91851,0.0,0
1.29078,0.0,68.38469,0.0,0
1.30078,0.0,67.85908,0.0,0
1.31078,0.0,67.34149,0.0,0
1.32077,0.0,66.83174,0.0,0
1.33077,0.0,66.32965,0.0,0
1.34077,0.0,65.83504,0.0,0
1.35077,0.0,65.34776,0.0,0
1.36077,0.0,64.86763,0.0,0
1.37077,0.0,64.39451,0.0,0
1.38076,0.0,63.92825,0.0,0
1.39076,0.0,63.46869,0.0,0
1.40076,0.0,63.01568,0.0,0
1.41076,0.0,62.5691,0.0,0
1.42076,0.0,62.12881,0.0,0
1.43076,0.0,61.69467,0.0,0
1.44075,0.0,61.26655,0.0,0
1.45075,0.0,60.84434,0.0,0
1.46075,0.0,60.4279,0.0,0
1.47075,0.0,60.01713,0.0,0
1.48075,0.0,59.61191,0.0,0
1.49075,0.0,59.21212,0.0,0
1.50074,0.0,58.81765,0.0,0
1.51074,0.0,58.42841,0.0,0
1.52074,0.0,58.04429,0.0,0
1.53074,0.0,57.66519,0.0,0
1.54074,0.0,57.291,0.0,0
1.55074,0.0,56.92164,0.0,0
1.56073,0.0,56.55702,0.0,0
1.57073,0.0,56.19703,0.0,0
1.58073,0.0,55.8416,0.0,0
1.59073,0.0,55.49064,0.0,0
1.60073,0.0,55.14406,0.0,0
1.61072,0.0,54.80179,0.0,0
1.62072,0.0,54.46374,0.0,0
1.63072,0.0,54.12983,0.0,0
1.64072,0.0,53.8,0.0,0
1.65072,0.0,53.47415,0.0,0
1.66072,0.0,53.15224,0.0,0
1.67071,0.0,52.83417,0.0,0
1.68071,0.0,52.51989,0.0,0
1.69071,0.0,52.20933,0.0,0
1.70071,0.0,51.90242,0.0,0
1.71071,0.0,51.5991,0.0,0
1.72071,0.0,51.2993,0.0,0
1.7307,0.0,51.00297,0.0,0
1.7407,0.0,50.71004,0.0,0
1.7507,0.0,50.42045,0.0,0
1.7607,0.0,50.13416,0.0,0
1.7707,0.0,49.8511,0.0,0
1.7807,0.0,49.57121,0.0,0
1.79069,0.0,49.29446,0.0,0
1.80069,0.0,49.02077,0.0,0
1.81069,0.0,48.75011,0.0,0
1.82069,0.0,48.48242,0.0,0
1.83069,0.0,48.21766,0.0,0
1.84069,0.0,47.95577,0.0,0
1.85068,0.0,47.69671,0.0,0
1.86068,0.0,47.44044,0.0,0
1.87068,0.0,47.1869,0.0,0
1.88068,0.0,46.93607,0.0,0
1.89068,0.0,46.68788,0.0,0
1.90068,0.0,46.44231,0.0,0
1.91067,0.0,46.1993,0.0,0
1.92067,0.0,45.95883,0.0,0
1.93067,0.0,45.72085,0.0,0
1.94067,0.0,45.48532,0.0,0
1.95067,0.0,45.2522,0.0,0
1.96067,0.0,45.02146,0.0,0
1.97066,0.0,44.79306,0.0,0
1.98066,0.0,44.56697,0.0,0
1.99066,0.0,44.34315,0.0,0
2.00066,0.0,44.12157,0.0,0
2.01066,0.0,43.90219,0.0,0
2.02065,0.0,43.68498,0.0,0
2.03065,0.0,43.46992,0.0,0
2.04065,0.0,43.25695,0.0,0
2.05065,0.0,43.04607,0.0,0
2.06065,0.0,42.83723,0.0,0
2.07065,0.0,42.63041,0.0,0
2.08064,0.0,42.42558,0.0,0
2.09064,0.0,42.2227,0.0,0
2.10064,0.0,42.02176,0.0,0
2.11064,0.0,41.82272,0.0,0
2.12064,0.0,41.62556,0.0,0
2.13064,0.0,41.43025,0.0,0
2.14063,0.0,41.23676,0.0,0
2.15063,0.0,41.04508,0.0,0
2.16063,0.0,40.85516,0.0,0
2.17063,0.0,40.667,0.0,0
2.18063,0.0,40.48056,0.0,0
2.19063,0.0,40.29583,0.0,0
2.20062,0.0,40.11277,0.0,0
2.21062,0.0,39.93137,0.0,0
2.22062,0.0,39.7516,0.0,0
2.23062,0.0,39.57344,0.0,0
2.24062,0.0,39.39688,0.0,0
2.25062,0.0,39.22188,0.0,0
2.26061,0.0,39.04843,0.0,0
2.27061,0.0,38.87651,0.0,0
2.28061,0.0,38.7061,0.0,0
2.29061,0.0,38.53717,0.0,0
2.30061,0.0,38.36971,0.0,0
2.31061,0.0,38.2037,0.0,0
2.3206,0.0,38.03913,0.0,0
2.3306,0.0,37.87596,0.0,0
2.3406,0.0,37.71419,0.0,0
2.3506,0.0,37.55379,0.0,0
2.3606,0.0,37.39476,0.0,0
2.3706,0.0,37.23706,0.0,0
2.38059,0.0,37.08069,0.0,0
2.39059,0.0,36.92563,0.0,0
2.40059,0.0,36.77186,0.0,0
2.41059,0.0,36.61937,0.0,0
2.42059,0.0,36.46813,0.0,0
2.43058,0.0,36.31814,0.0,0
2.44058,0.0,36.16938,0.0,0
2.45058,0.0,36.02183,0.0,0
2.46058,0.0,35.87548,0.0,0
2.47058,0.0,35.73032,0.0,0
2.48058,0.0,35.58633,0.0,0
2.49057,0.0,35.44349,0.0,0
2.50057,0.0,35.30179,0.0,0
2.51057,0.0,35.16123,0.0,0
2.52057,0.0,35.02178,0.0,0
2.53057,0.0,34.88343,0.0,0
2.54057,0.0,34.74617,0.0,0
2.55056,0.0,34.60998,0.0,0
2.56056,0.0,34.47486,0.0,0
2.57056,0.0,34.34079,0.0,0
2.58056,0.0,34.20776,0.0,0
2.59056,0.0,34.07576,0.0,0
2.60056,0.0,33.94477,0.0,0
2.61055,0.0,33.81479,0.0,0
2.62055,0.0,33.6858,0.0,0
2.63055,0.0,33.55779,0.0,0
2.64055,0.0,33.43074,0.0,0
2.65055,0.0,33.30466,0.0,0
2.66055,0.0,33.17952,0.0,0
2.67054,0.0,33.05532,0.0,0
2.68054,0.0,32.93205,0.0,0
2.69054,0.0,32.8097,0.0,0
2.70054,0.0,32.68825,0.0,0
2.71054,0.0,32.56769,0.0,0
2.72054,0.0,32.44802,0.0,0
2.73053,0.0,32.32923,0.0,0
2.74053,0.0,32.21131,0.0,0
2.75053,0.0,32.09424,0.0,0
2.76053,0.0,31.97802,0.0,0
2.77053,0.0,31.86264,0.0,0
2.78053,0.0,31.74809,0.0,0
2.79052,0.0,31.63436,0.0,0
2.80052,0.0,31.52145,0.0,0
2.81052,0.0,31.40933,0.0,0
2.82052,0.0,31.29801,0.0,0
2.83052,0.0,31.18748,0.0,0
2.84051,0.0,31.07773,0.0,0
2.85051,0.0,30.96874,0.0,0
2.86051,0.0,30.86052,0.0,0
2.87051,0.0,30.75305,0.0,0
2.88051,0.0,30.64633,0.0,0
2.89051,0.0,30.54035,0.0,0
2.9005,0.0,30.43509,0.0,0
2.9105,0.0,30.33056,0.0,0
2.9205,0.0,30.22675,0.0,0
2.9305,0.0,30.12364,0.0,0
2.9405,0.0,30.02124,0.0,0
2.9505,0.0,29.91953,0.0,0
2.96049,0.0,29.81851,0.0,0
2.97049,0.0,29.71816,0.0,0
2.98049,0.0,29.6185,0.0,0
2.99049,0.0,29.51949,0.0,0
3.00049,0.0,29.42115,0.0,0
3.01049,0.0,29.32346,0.0,0
3.02048,0.0,29.22642,0.0,0
3.03048,0.0,29.13001,0.0,0
3.04048,0.0,29.03425,0.0,0
3.05048,0.0,28.9391,0.0,0
3.06048,0.0,28.84459,0.0,0
3.07048,0.0,28.75068,0.0,0
3.08047,243.11816,28.65739,6.34317,1
3.09047,0.0,28.5647,0.0,0
3.10047,0.0,28.47261,0.0,0
3.11047,0.0,28.38111,0.0,0
3.12047,0.0,28.29019,0.0,0
3.13047,232.06696,28.19986,6.24025,1
3.14046,223.93284,28.1101,6.01067,1
3.15046,221.83378,28.02091,3.84564,1
3.16046,219.73472,27.93229,3.8274,1
3.17046,217.63566,27.84423,3.80907,1
3.18046,215.53659,27.75672,6.09874,1
3.19045,216.42223,27.66975,3.79844,1
3.20045,217.30787,27.58334,6.08823,1
3.21045,210.46152,27.49746,3.74577,1
3.22045,203.61518,27.41211,3.68434,1
3.23045,196.76883,27.32729,5.79988,1
3.24045,212.48078,27.243,6.15951,1
3.25044,195.2643,27.15922,3.60799,1
3.26044,195.6666,27.07596,5.65785,5
3.27044,193.11935,26.9932,1.60466,5
3.28044,191.94208,26.91095,4.09688,9
3.29044,192.55558,26.8292,3.98742,13
3.30044,189.86488,26.74795,5.686,19
3.31043,188.74105,26.66719,0.69567,26
3.32043,187.48839,26.58691,3.31695,39
3.33043,186.18451,26.50712,5.82396,53
3.34043,184.83854,26.4278,2.826,74
3.35043,183.60378,26.34896,5.61293,95
3.36043,182.26525,26.27058,2.80874,117
3.37042,180.74562,26.19268,0.27882,155
3.38042,179.74421,26.11523,3.22052,187
3.39042,178.20885,26.03824,0.2303,224
3.40042,177.15385,25.9617,5.53066,254
3.41042,175.8964,25.88561,2.27632,301
3.42042,174.3538,25.80997,3.2194,348
3.43041,173.17031,25.73476,5.5065,376
3.44041,171.70563,25.66,2.78251,437
3.45041,170.53418,25.58566,3.43064,462
3.46041,169.28217,25.51176,3.93679,516
3.47041,167.90981,25.43828,2.84063,570
3.48041,166.75099,25.36523,2.46829,598
3.4904,165.3616,25.29259,2.73185,649
3.5004,164.26373,25.22037,2.54987,664
3.5104,162.87132,25.14856,2.84212,716
3.5204,161.75284,25.07716,2.29258,759
3.5304,160.56754,25.00616,3.79835,785
3.5404,159.50366,24.93556,3.32516,847
3.55039,158.33289,24.86536,1.92831,831
3.56039,157.29265,24.79556,3.08476,918
3.57039,156.16408,24.72615,1.90077,927
3.58039,154.9824,24.65712,4.71596,978
3.59039,154.01437,24.58848,2.23069,1005
3.60038,152.99599,24.52022,2.72859,1032
3.61038,152.0239,24.45234,2.24832,1078
3.62038,151.07233,24.38483,2.50572,1092
3.63038,150.14927,24.31769,2.29109,1143
3.64038,149.05771,24.25093,1.88469,1170
3.65038,148.01751,24.18453,3.36317,1223
3.66037,147.12628,24.11849,2.54309,1229
3.67037,146.21413,24.05281,2.31649,1282
3.68037,145.37301,23.98749,2.74631,1313
3.69037,144.46269,23.92253,1.54217,1343
3.70037,143.61398,23.85791,2.82412,1374
3.71037,142.69442,23.79364,2.78723,1352
3.72036,141.73772,23.72972,1.74586,1387
3.73036,140.77123,23.66614,5.35132,1411
3.74036,139.92567,23.6029,1.92786,1433
3.75036,139.02377,23.54,4.36156,1437
3.76036,138.31541,23.47743,1.85412,1400
3.77036,137.5121,23.4152,1.89478,1492
3.78035,136.78602,23.35329,1.8805,1451
3.79035,135.95956,23.29171,2.2015,1528
3.80035,135.1587,23.23046,2.00043,1470
3.81035,134.11602,23.16952,2.10587,1586
3.82035,133.42383,23.10891,2.40218,1552
3.83035,132.71249,23.04861,2.12157,1527
3.84034,132.0206,22.98863,1.91094,1577
3.85034,131.2533,22.92895,2.07738,1570
3.86034,130.41296,22.86959,4.95041,1598
3.87034,129.65699,22.81053,2.56558,1542
3.88034,129.0602,22.75178,1.46906,1587
3.89034,128.059,22.69333,1.77671,1613
3.90033,127.2267,22.63518,1.7519,1659
3.91033,126.37198,22.57732,1.73881,1704
3.92033,125.59015,22.51977,2.34758,1701
3.93033,124.96413,22.4625,2.21497,1739
3.94033,124.26844,22.40553,2.10353,1668
3.95033,123.54108,22.34884,3.18346,1721
3.96032,122.84189,22.29244,2.60776,1674
3.97032,122.18962,22.23633,1.6707,1630
3.98032,121.27998,22.18049,1.31423,1688
3.99032,120.615,22.12494,1.92498,1728
4.00032,119.87999,22.06966,1.8305,1752
4.01031,119.15653,22.01466,2.21306,1777
4.02031,118.44218,21.95993,2.62235,1830
4.03031,117.79193,21.90548,1.60295,1848
4.04031,117.2116,21.85129,1.80518,1858
4.05031,116.74144,21.79737,2.2442,1750
4.06031,116.12744,21.74372,1.69896,1783
4.0703,115.43337,21.69033,2.37465,1796
4.0803,114.74854,21.63721,1.40418,1816
4.0903,114.16143,21.58434,1.70542,1866
4.1003,113.66126,21.53173,2.16311,1828
4.1103,113.07573,21.47938,1.43088,1916
4.1203,112.53346,21.42728,2.09367,1885
4.13029,112.00721,21.37543,1.38196,1977
4.14029,111.49383,21.32383,1.77153,1890
4.15029,111.00542,21.27248,1.57411,1974
4.16029,110.44121,21.22138,2.0601,1965
4.17029,109.92919,21.17053,1.54265,2032
4.18029,109.27683,21.11992,1.51264,2014
4.19028,108.63695,21.06954,1.2881,2092
4.20028,108.11356,21.01941,1.23111,2150
4.21028,107.5018,20.96952,1.34461,2170
4.22028,106.96188,20.91986,1.95057,2180
4.23028,106.30533,20.87044,1.23989,2286
4.24028,105.79953,20.82125,1.41646,2403
4.25027,105.2543,20.7723,1.22117,2432
4.26027,104.55697,20.72357,1.33631,2542
4.27027,104.07218,20.67507,1.60644,2586
4.28027,103.3447,20.6268,1.26901,2683
4.29027,102.8218,20.57875,1.47643,2738
4.30027,102.14815,20.53092,1.09881,2807
4.31026,101.7245,20.48332,1.19231,2872
4.32026,101.10067,20.43594,1.10979,3015
4.33026,100.69999,20.38878,1.28013,3025
4.34026,100.20317,20.34183,1.36867,3168
4.35026,99.67039,20.2951,1.44953,3239
4.36026,99.21707,20.24859,1.45766,3227
4.37025,98.64163,20.20228,1.16428,3347
4.38025,98.28312,20.15619,1.29175,3384
4.39025,97.54782,20.11031,1.24227,3338
4.40025,97.33375,20.06464,0.91354,3403
4.41025,96.79838,20.01917,1.17265,3486
4.42024,96.55391,19.97392,1.43409,3455
4.43024,95.94566,19.92886,1.2908,3574
4.44024,95.68947,19.88401,1.36923,3605
4.45024,95.18744,19.83936,1.05484,3659
4.46024,94.87201,19.79491,1.22408,3625
4.47024,94.32441,19.75065,1.47113,3601
4.48023,94.08213,19.7066,0.98902,3651
4.49023,93.6207,19.66274,1.16391,3712
4.50023,93.30893,19.61908,1.23041,3644
4.51023,92.88855,19.57561,1.23676,3710
4.52023,92.68093,19.53233,1.04077,3740
4.53023,92.20089,19.48925,1.10209,3819
4.54022,91.9539,19.44635,1.08474,3866
4.55022,91.59135,19.40364,1.26529,3778
4.56022,91.11366,19.36112,1.00374,3848
4.57022,90.89331,19.31879,1.15528,3828
4.58022,90.45859,19.27664,1.53851,3926
4.59022,90.29156,19.23468,1.0562,3950
4.60021,89.68565,19.19289,1.14596,3894
4.61021,89.50642,19.15129,0.9659,3904
4.62021,89.0735,19.10987,1.00934,4005
4.63021,88.86137,19.06863,1.42861,3980
4.64021,88.34604,19.02756,0.87881,3974
4.65021,88.15874,18.98667,1.01913,4008
4.6602,87.75295,18.94596,1.20289,4070
4.6702,87.53379,18.90542,1.12085,4058
4.6802,87.18148,18.86506,1.05229,4150
4.6902,86.88036,18.82486,1.20795,4141
4.7002,86.54462,18.78484,1.19341,4132
4.7102,86.22327,18.74499,0.96352,4130
4.72019,85.86487,18.70531,0.86963,4143
4.73019,85.62566,18.66579,0.93626,4200
4.74019,85.27176,18.62644,1.10501,4210
4.75019,85.01556,18.58726,0.916,4288
4.76019,84.7629,18.54824,1.11695,4301
4.77018,84.4628,18.50939,1.1952,4359
4.78018,84.18116,18.47069,1.0906,4389
4.79018,83.83516,18.43216,0.98392,4391
4.80018,83.58239,18.39379,1.0165,4386
4.81018,83.16341,18.35558,0.89966,4371
4.82018,83.05132,18.31753,1.07533,4444
4.83017,82.68886,18.27964,0.81153,4463
4.84017,82.5898,18.2419,1.12778,4478
4.85017,82.17418,18.20432,1.11056,4585
4.86017,82.04985,18.16689,0.96436,4579
4.87017,81.68313,18.12962,0.9038,4633
4.88017,81.52589,18.0925,1.05285,4544
4.89016,81.18159,18.05553,0.92491,4663
4.90016,81.08704,18.01871,1.00965,4649
4.91016,80.74331,17.98204,0.88756,4791
4.92016,80.54417,17.94552,1.39892,4691
4.93016,80.25466,17.90915,0.81465,4750
4.94016,80.15809,17.87293,0.92769,4804
4.95015,79.84542,17.83685,0.8416,4866
4.96015,79.72349,17.80092,0.94521,4873
4.97015,79.39418,17.76513,0.92275,4851
4.98015,79.26619,17.72949,0.93979,4870
4.99015,79.00365,17.69399,0.90827,4987
5.00015,78.89719,17.65863,0.99678,5000
5.01014,78.56945,17.62341,0.81635,5092
5.02014,78.47922,17.58833,1.13476,5019
5.03014,78.0605,17.5534,0.8126,5088
5.04014,78.05396,17.5186,0.9413,5122
5.05014,77.6779,17.48394,0.81424,5151
5.06014,77.60445,17.44941,0.85632,5181
5.07013,77.29318,17.41503,0.80136,5267
5.08013,77.20124,17.38077,0.9462,5228
5.09013,76.88712,17.34665,0.92987,5423
5.10013,76.83632,17.31267,1.02925,5341
5.11013,76.41715,17.27882,0.81956,5488
5.12013,76.36901,17.2451,0.97653,5386
5.13012,75.89911,17.21151,0.88669,5407
5.14012,75.94634,17.17806,0.77666,5488
5.15012,75.52138,17.14473,0.8036,5534
5.16012,75.50327,17.11153,0.82781,5502
5.17012,75.19622,17.07846,0.87681,5599
5.18011,75.11074,17.04552,0.8863,5591
5.19011,74.81762,17.01271,0.97937,5720
5.20011,74.66522,16.98002,0.83353,5649
5.21011,74.38561,16.94746,0.77824,5649
5.22011,74.35022,16.91502,0.84445,5755
5.23011,73.99428,16.88271,0.81838,5727
5.2401,73.96407,16.85052,1.23479,5710
5.2501,73.59032,16.81845,0.7376,5803
5.2601,73.67248,16.7865,0.7602,5809
5.2701,73.29949,16.75468,0.76856,5883
5.2801,73.27083,16.72297,0.82099,5860
5.2901,72.89305,16.69139,0.78195,5918
5.30009,72.94994,16.65993,0.75338,5990
5.31009,72.61717,16.62858,0.71372,6036
5.32009,72.61521,16.59735,1.00535,6004
5.33009,72.33932,16.56624,0.77811,6123
5.34009,72.33493,16.53524,0.8316,6189
5.35009,72.06736,16.50437,0.95919,6203
5.36008,71.98304,16.4736,0.69553,6189
5.37008,71.7465,16.44295,0.67803,6204
5.38008,71.7273,16.41242,0.7206,6276
5.39008,71.53,16.382,0.87564,6415
5.40008,71.43263,16.35169,0.72269,6462
5.41008,71.25804,16.32149,0.6538,6490
5.42007,71.11487,16.29141,0.93597,6554
5.43007,71.00902,16.26143,0.78948,6686
5.44007,70.82614,16.23157,0.76876,6695
5.45007,70.61022,16.20181,0.8136,6601
5.46007,70.47105,16.17217,0.61743,6740
5.47007,70.38817,16.14263,0.65498,6857
5.48006,70.19496,16.1132,0.71228,6913
5.49006,70.07264,16.08388,0.82864,6975
5.50006,69.83682,16.05466,0.73253,7081
5.51006,69.75736,16.02555,0.83281,7145
5.52006,69.44852,15.99655,0.64999,7316
5.53006,69.20465,15.96765,0.63822,7291
5.54005,69.06227,15.93885,0.61256,7463
5.55005,68.93932,15.91016,0.77597,7563
5.56005,68.62226,15.88157,0.68732,7634
5.57005,68.49217,15.85309,0.63621,7644
5.58005,68.22895,15.82471,0.74193,7775
5.59004,68.17624,15.79642,0.64334,7846
5.60004,67.90156,15.76824,0.7111,7988
5.61004,67.74307,15.74016,0.76174,8004
5.62004,67.48874,15.71218,0.58169,8155
5.63004,67.3854,15.6843,0.7328,8183
5.64004,67.18601,15.65652,0.60182,8317
5.65003,67.03001,15.62884,0.67559,8383
5.66003,66.85431,15.60125,0.64375,8660
5.67003,66.62728,15.57376,0.68875,8635
5.68003,66.5001,15.54637,0.67302,8676
5.69003,66.27722,15.51908,0.56747,8689
5.70003,66.17512,15.49188,0.61213,8833
5.71002,66.01597,15.46477,0.72288,8939
5.72002,65.90345,15.43777,0.66671,8985
5.73002,65.72253,15.41085,0.67647,9078
5.74002,65.69574,15.38403,0.67134,9052
5.75002,65.48267,15.3573,0.61639,9160
5.76002,65.426,15.33067,0.73494,9102
5.77001,65.20902,15.30412,0.6517,9233
5.78001,65.16467,15.27767,0.54208,9382
5.79001,64.9964,15.25131,0.52099,9393
5.80001,64.92619,15.22505,0.62711,9409
5.81001,64.785,15.19887,0.62135,9476
5.82001,64.76389,15.17278,0.70234,9613
5.83,64.60951,15.14678,0.63098,9623
5.84,64.5179,15.12087,0.65931,9644
5.85,64.38598,15.09505,0.65297,9542
5.86,64.31451,15.06932,0.55503,9780
5.87,64.22173,15.04367,0.67688,9790
5.88,64.04765,15.01812,0.53066,9869
5.88999,64.05307,14.99264,0.58541,9867
5.89999,63.87974,14.96726,0.52404,9980
5.90999,63.81864,14.94196,0.64728,9953
5.91999,63.62486,14.91675,0.58244,10131
5.92999,63.62685,14.89162,0.62554,10159
5.93999,63.42301,14.86658,0.54671,10282
5.94998,63.36746,14.84162,0.60515,10233
5.95998,63.22682,14.81674,0.61075,10270
5.96998,63.18718,14.79195,0.57703,10572
5.97998,63.05854,14.76724,0.63379,10488
5.98998,62.87549,14.74261,0.68126,10505
5.99997,62.78997,14.71807,0.60161,10338
6.00997,62.6875,14.69361,0.50446,10464
6.01997,62.56137,14.66922,0.48226,10681
6.02997,62.41209,14.64492,0.64956,10641
6.03997,62.39163,14.6207,0.53031,10855
6.04997,62.26891,14.59656,0.54332,10901
6.05996,62.1705,14.5725,0.5741,10808
6.06996,62.03172,14.54852,0.68511,11003
6.07996,61.95621,14.52462,0.57911,11102
6.08996,61.81514,14.5008,0.55525,10920
6.09996,61.73327,14.47705,0.70439,11167
6.10996,61.65539,14.45338,0.62894,10912
6.11995,61.52489,14.42979,0.46974,11217
6.12995,61.48156,14.40628,0.4901,11060
6.13995,61.35503,14.38284,0.50493,11123
6.14995,61.34478,14.35948,0.54959,11316
6.15995,61.16905,14.3362,0.58536,11271
6.16995,61.10228,14.31299,0.55667,11344
6.17994,61.06334,14.28985,0.58679,11445
6.18994,60.98478,14.2668,0.53115,11611
6.19994,60.91494,14.24381,0.53309,11508
6.20994,60.83282,14.2209,0.58588,11695
6.21994,60.76909,14.19806,0.59883,11592
6.22994,60.65631,14.1753,0.52725,11685
6.23993,60.56669,14.15261,0.52657,11706
6.24993,60.45856,14.12999,0.46478,11733
6.25993,60.5182,14.10744,0.51531,11736
6.26993,60.34429,14.08497,0.49434,11781
6.27993,60.30269,14.06257,0.67837,12051
6.28993,60.34172,14.04024,0.47983,12132
6.29992,60.15265,14.01798,0.52157,12208
6.30992,60.11797,13.99579,0.52491,12130
6.31992,59.99626,13.97367,0.59382,12228
6.32992,59.9522,13.95162,0.52935,12317
6.33992,59.90685,13.92964,0.50472,12400
6.34992,59.82601,13.90773,0.58149,12243
6.35991,59.76231,13.88589,0.51234,12493
6.36991,59.65838,13.86411,0.51219,12364
6.37991,59.62135,13.84241,0.51061,12478
6.38991,59.54208,13.82077,0.48176,12696
6.39991,59.49927,13.7992,0.49437,12595
6.4099,59.34605,13.7777,0.48538,12679
6.4199,59.38134,13.75627,0.55035,12721
6.4299,59.26569,13.7349,0.56492,12953
6.4399,59.17638,13.7136,0.56848,12927
6.4499,59.1159,13.69236,0.52303,12848
6.4599,59.01993,13.67119,0.46408,13168
6.46989,59.00084,13.65009,0.55235,12835
6.47989,58.78123,13.62905,0.49349,12838
6.48989,58.85011,13.60807,0.47051,13028
6.49989,58.76719,13.58716,0.53815,13241
6.50989,58.64631,13.56632,0.47667,13231
6.51989,58.60236,13.54553,0.50663,13133
6.52988,58.57504,13.52482,0.503,13239
6.53988,58.51122,13.50416,0.52596,13434
6.54988,58.33306,13.48357,0.53871,13364
6.55988,58.33384,13.46304,0.50609,13376
6.56988,58.25512,13.44258,0.44211,13461
6.57988,58.22016,13.42217,0.51518,13321
6.58987,58.11181,13.40183,0.51939,13566
6.59987,58.10769,13.38155,0.51925,13582
6.60987,58.06555,13.36133,0.48746,13647
6.61987,57.93945,13.34117,0.58284,13673
6.62987,57.90592,13.32108,0.42322,13549
6.63987,57.85914,13.30104,0.48986,13578
6.64986,57.80706,13.28106,0.46104,13767
6.65986,57.75736,13.26115,0.51371,13923
6.66986,57.67138,13.24129,0.44529,13874
6.67986,57.63514,13.22149,0.57432,13798
6.68986,57.59813,13.20176,0.48515,13896
6.69986,57.55757,13.18208,0.46353,14080
6.70985,57.48304,13.16246,0.50166,13974
6.71985,57.40869,13.1429,0.51158,14010
6.72985,57.42625,13.12339,0.47847,14383
6.73985,57.35745,13.10395,0.45084,14211
6.74985,57.33928,13.08456,0.53254,14079
6.75984,57.20757,13.06523,0.41576,14353
6.76984,57.2444,13.04595,0.51099,14474
6.77984,57.08805,13.02674,0.49995,14303
6.78984,57.07783,13.00758,0.44014,14488
6.79984,57.09014,12.98847,0.53538,14437
6.80984,56.96563,12.96943,0.41159,14766
6.81983,56.9469,12.95044,0.46228,14595
6.82983,56.89858,12.9315,0.4919,14907
6.83983,56.81623,12.91262,0.53352,14725
6.84983,56.76699,12.89379,0.47005,14862
6.85983,56.71997,12.87502,0.44945,14994
6.86983,56.6699,12.85631,0.50474,14798
6.87982,56.59773,12.83765,0.43599,14867
6.88982,56.55293,12.81904,0.44695,15259
6.89982,56.49308,12.80049,0.45121,15187
6.90982,56.46103,12.78199,0.46017,15266
6.91982,56.44081,12.76354,0.45907,15286
6.92982,56.27241,12.74515,0.46071,15417
6.93981,56.28969,12.72681,0.42913,15195
6.94981,56.25932,12.70852,0.53438,15463
6.95981,56.16457,12.69029,0.44953,15563
6.96981,56.12178,12.6721,0.46989,15470
6.97981,56.06682,12.65397,0.48861,15670
6.98981,56.0848,12.6359,0.44396,15650
6.9998,55.9688,12.61787,0.51703,15600
7.0098,55.84468,12.5999,0.37846,15626
7.0198,55.84372,12.58197,0.43631,15687
7.0298,55.781,12.5641,0.44147,15643
7.0398,55.68508,12.54628,0.47081,15729
7.0498,55.59054,12.52851,0.48225,15606
7.05979,55.57282,12.51079,0.41713,15581
7.06979,55.49847,12.49311,0.50957,15736
7.07979,55.46134,12.47549,0.46168,15688
7.08979,55.35045,12.45792,0.49408,15538
7.09979,55.21055,12.4404,0.38819,15610
7.10979,55.15251,12.42293,0.46556,15316
7.11978,55.06592,12.40551,0.43018,15336
7.12978,54.96981,12.38813,0.47048,15451
7.13978,54.95852,12.37081,0.40647,15428
7.14978,54.92213,12.35353,0.40763,15534
7.15978,54.82727,12.3363,0.51332,15501
7.16977,54.78824,12.31912,0.44107,15246
7.17977,54.72185,12.30199,0.45103,15535
7.18977,54.67707,12.2849,0.41725,15467
7.19977,54.58995,12.26786,0.53384,15471
7.20977,54.55269,12.25087,0.45645,15442
7.21977,54.50682,12.23393,0.42477,15281
7.22976,54.43837,12.21703,0.41218,15295
7.23976,54.41311,12.20019,0.45003,15311
7.24976,54.3335,12.18338,0.45865,15567
7.25976,54.33291,12.16663,0.43035,15379
7.26976,54.27539,12.14991,0.39831,15508
7.27976,54.18561,12.13325,0.46687,15432
7.28975,54.15851,12.11663,0.47424,15421
7.29975,54.11396,12.10006,0.42388,15482
7.30975,54.02019,12.08353,0.48133,15512
7.31975,54.03063,12.06705,0.43124,15354
7.32975,53.94454,12.05061,0.45946,15434
7.33975,53.93221,12.03422,0.4207,15393
7.34974,53.86338,12.01787,0.44271,15601
7.35974,53.81922,12.00156,0.44978,15534
7.36974,53.81222,11.9853,0.41661,15551
7.37974,53.70616,11.96909,0.41976,15569
7.38974,53.69673,11.95292,0.42374,15639
7.39974,53.6537,11.93679,0.43773,15587
7.40973,53.64697,11.9207,0.485,15862
7.41973,53.60456,11.90466,0.43106,15762
7.42973,53.49622,11.88866,0.45608,15899
7.43973,53.46867,11.87271,0.44898,15686
7.44973,53.46417,11.8568,0.42709,15682
7.45973,53.33872,11.84093,0.41052,15782
7.46972,53.36094,11.8251,0.42587,16044
7.47972,53.29352,11.80932,0.48055,15846
7.48972,53.23371,11.79358,0.41295,16047
7.49972,53.23954,11.77787,0.4035,15988
7.50972,53.19358,11.76222,0.43341,15951
7.51972,53.12904,11.7466,0.46478,16097
7.52971,53.11,11.73102,0.46265,16417
7.53971,53.07828,11.71549,0.41414,16307
7.54971,53.0571,11.7,0.4018,16109
7.55971,52.96215,11.68455,0.49654,16096
7.56971,52.93356,11.66914,0.42316,16310
7.5797,52.94431,11.65376,0.39102,16227
7.5897,52.87812,11.63844,0.42887,16481
7.5997,52.87089,11.62315,0.43113,16503
7.6097,52.80483,11.6079,0.45437,16338
7.6197,52.78389,11.59269,0.40461,16499
7.6297,52.75779,11.57752,0.42213,16563
7.63969,52.73799,11.56239,0.40131,16487
7.64969,52.69726,11.5473,0.49188,16711
7.65969,52.67645,11.53225,0.4083,16676
7.66969,52.63468,11.51724,0.40122,16744
7.67969,52.54058,11.50227,0.44427,16730
7.68969,52.59556,11.48733,0.43742,16739
7.69968,52.50914,11.47244,0.39138,16743
7.70968,52.48914,11.45758,0.45179,16777
7.71968,52.42894,11.44277,0.3835,16894
7.72968,52.40636,11.42799,0.46127,16808
7.73968,52.43071,11.41325,0.43665,17077
7.74968,52.31701,11.39854,0.36943,17093
7.75967,52.33911,11.38388,0.43819,17049
7.76967,52.29936,11.36925,0.41961,17031
7.77967,52.21312,11.35466,0.45346,17265
7.78967,52.20143,11.34011,0.40717,17260
7.79967,52.15358,11.3256,0.42717,17032
7.80967,52.10262,11.31112,0.40187,17211
7.81966,52.07626,11.29668,0.38819,17207
7.82966,52.04399,11.28228,0.41647,17260
7.83966,51.99904,11.26791,0.38204,17425
7.84966,51.99144,11.25358,0.44899,17396
7.85966,51.9408,11.23929,0.39381,17444
7.86966,51.86377,11.22503,0.43008,17411
7.87965,51.83223,11.21081,0.46294,17299
7.88965,51.832,11.19663,0.39692,17689
7.89965,51.79142,11.18248,0.39428,17676
7.90965,51.74796,11.16836,0.44599,17553
7.91965,51.66991,11.15429,0.3944,17499
7.92965,51.61927,11.14024,0.38283,17475
7.93964,51.62252,11.12624,0.40239,17420
7.94964,51.57967,11.11227,0.40536,17811
7.95964,51.56178,11.09833,0.40991,17781
7.96964,51.52786,11.08443,0.4241,17725
7.97964,51.50464,11.07056,0.39932,17711
7.98963,51.44757,11.05673,0.43119,17703
7.99963,51.40822,11.04294,0.41501,17768
8.00963,51.44774,11.02917,0.37952,17983
8.01963,51.42318,11.01545,0.42441,17901
8.02963,51.35538,11.00175,0.39746,18057
8.03963,51.34348,10.98809,0.39715,17733
8.04962,51.31168,10.97447,0.40635,17717
8.05962,51.2628,10.96087,0.40996,18029
8.06962,51.29235,10.94732,0.37102,18153
8.07962,51.31245,10.93379,0.4292,17938
8.08962,51.24891,10.9203,0.41403,18245
8.09962,51.22581,10.90684,0.41384,18012
8.10961,51.21728,10.89342,0.3932,17814
8.11961,51.19073,10.88003,0.38502,18239
8.12961,51.20911,10.86667,0.3951,18419
8.13961,51.19393,10.85334,0.42981,18225
8.14961,51.15409,10.84005,0.40163,18293
8.15961,51.09508,10.82679,0.42892,18040
8.1696,51.13109,10.81356,0.3642,18166
8.1796,51.06944,10.80037,0.36898,18280
8.1896,51.06583,10.7872,0.3735,18376
8.1996,51.08898,10.77407,0.44714,18484
8.2096,51.02728,10.76097,0.40933,18425
8.2196,51.01428,10.74791,0.41686,18158
8.22959,50.97914,10.73487,0.40456,18631
8.23959,50.98795,10.72187,0.36015,18569
8.24959,50.96784,10.70889,0.45325,18486
8.25959,50.9704,10.69595,0.41225,18605
8.26959,50.89374,10.68304,0.36579,18520
8.27959,50.87274,10.67017,0.41792,18408
8.28958,50.87403,10.65732,0.36613,18621
8.29958,50.85657,10.6445,0.35726,18800
8.30958,50.80932,10.63172,0.3901,18725
8.31958,50.81952,10.61896,0.43246,18704
8.32958,50.77544,10.60624,0.41504,18602
8.33958,50.77721,10.59355,0.43488,18751
8.34957,50.75628,10.58088,0.36311,18884
8.35957,50.72355,10.56825,0.4036,18882
8.36957,50.67516,10.55565,0.39819,18907
8.37957,50.68457,10.54308,0.37038,18878
8.38957,50.65439,10.53053,0.38718,18690
8.39956,50.6455,10.51802,0.40127,19089
8.40956,50.59832,10.50554,0.3691,18994
8.41956,50.5709,10.49308,0.38794,18962
8.42956,50.56574,10.48066,0.39347,18947
8.43956,50.56605,10.46827,0.37746,19057
8.44956,50.51109,10.4559,0.40321,19202
8.45955,50.52858,10.44357,0.4204,19033
8.46955,50.53395,10.43126,0.34708,19183
8.47955,50.49041,10.41898,0.41552,19352
8.48955,50.44847,10.40674,0.40978,19066
8.49955,50.43893,10.39452,0.38849,19036
8.50955,50.45773,10.38233,0.39045,19517
8.51954,50.41039,10.37016,0.39144,19256
8.52954,50.43008,10.35803,0.35797,19298
8.53954,50.37604,10.34593,0.359,19296
8.54954,50.36558,10.33385,0.381,19291
8.55954,50.35453,10.3218,0.41423,19311
8.56954,50.35073,10.30978,0.39363,19661
8.57953,50.33113,10.29779,0.40993,19468
8.58953,50.31546,10.28582,0.3796,19576
8.59953,50.3319,10.27389,0.35865,19538
8.60953,50.25424,10.26198,0.49326,19421
8.61953,50.23741,10.2501,0.34143,19513
8.62953,50.25975,10.23824,0.40733,19807
8.63952,50.27112,10.22642,0.33404,19681
8.64952,50.20809,10.21462,0.36568,19585
8.65952,50.20576,10.20285,0.3878,19699
8.66952,50.18641,10.1911,0.39708,19508
8.67952,50.16561,10.17939,0.39319,19702
8.68952,50.18864,10.1677,0.40475,20027
8.69951,50.16303,10.15603,0.40186,19839
8.70951,50.13212,10.1444,0.37325,19997
8.71951,50.13709,10.13279,0.3446,19831
8.72951,50.08439,10.1212,0.41639,19797
8.73951,50.09827,10.10965,0.38961,19898
8.7495,50.09732,10.09812,0.35218,20093
8.7595,50.05365,10.08661,0.38722,19924
8.7695,50.06551,10.07514,0.34153,20034
8.7795,50.01006,10.06368,0.40748,19891
8.7895,49.98162,10.05226,0.38626,20140
8.7995,50.02058,10.04086,0.38497,20182
8.80949,49.986,10.02949,0.38981,20178
8.81949,49.94541,10.01814,0.35128,20209
8.82949,49.96639,10.00682,0.36839,20166
8.83949,49.91891,9.99552,0.41891,20087
8.84949,49.90794,9.98425,0.35835,20215
8.85949,49.91109,9.973,0.43606,20349
8.86948,49.87405,9.96178,0.33623,20408
8.87948,49.84386,9.95059,0.37509,20065
8.88948,49.8088,9.93942,0.38166,20297
8.89948,49.74761,9.92828,0.35871,20242
8.90948,49.77345,9.91716,0.33979,20354
8.91948,49.74772,9.90606,0.40964,20629
8.92947,49.71853,9.89499,0.38703,20332
8.93947,49.72325,9.88395,0.40236,20412
8.94947,49.62175,9.87293,0.35809,20394
8.95947,49.65278,9.86193,0.40193,20366
8.96947,49.63929,9.85096,0.40364,20452
8.97947,49.60523,9.84002,0.3651,20667
8.98946,49.59742,9.8291,0.33014,20513
8.99946,49.55168,9.8182,0.35159,20406
9.00946,49.54257,9.80732,0.35305,20525
9.01946,49.52469,9.79648,0.40328,20541
9.02946,49.49295,9.78565,0.36614,20513
9.03946,49.50938,9.77485,0.37448,20742
9.04945,49.49125,9.76407,0.3962,20811
9.05945,49.46255,9.75332,0.42414,20483
9.06945,49.47638,9.74259,0.37219,20538
9.07945,49.40059,9.73188,0.34678,20684
9.08945,49.46451,9.7212,0.35121,20738
9.09945,49.44179,9.71054,0.35343,20891
9.10944,49.39992,9.69991,0.40975,20765
9.11944,49.40493,9.68929,0.34195,20733
9.12944,49.40057,9.6787,0.36559,20602
9.13944,49.37812,9.66814,0.36503,20712
9.14944,49.35746,9.6576,0.41497,20800
9.15943,49.35981,9.64708,0.35389,20924
9.16943,49.38153,9.63658,0.35396,21088
9.17943,49.3082,9.62611,0.3903,20897
9.18943,49.3312,9.61565,0.37848,20680
9.19943,49.29919,9.60523,0.35288,20898
9.20943,49.31298,9.59482,0.34896,20973
9.21942,49.30335,9.58444,0.37499,21073
9.22942,49.2598,9.57408,0.41344,20940
9.23942,49.25644,9.56374,0.3285,21060
9.24942,49.24695,9.55342,0.35811,20957
9.25942,49.2281,9.54313,0.36174,20895
9.26942,49.22936,9.53286,0.36873,20993
9.27941,49.22042,9.52261,0.3975,21142
9.28941,49.18163,9.51238,0.3566,21311
9.29941,49.18373,9.50218,0.38171,21039
9.30941,49.15251,9.492,0.39806,21031
9.31941,49.1619,9.48183,0.34575,21151
9.32941,49.13125,9.4717,0.35002,21145
9.3394,49.13499,9.46158,0.3673,21190
9.3494,49.11177,9.45148,0.39947,21278
9.3594,49.07956,9.44141,0.30879,21260
9.3694,49.09463,9.43135,0.36652,21074
9.3794,49.04211,9.42132,0.36062,21133
9.3894,49.07933,9.41131,0.36563,21054
9.39939,49.04848,9.40133,0.39489,21235
9.40939,49.00707,9.39136,0.38655,21476
9.41939,49.0078,9.38141,0.38249,21350
9.42939,48.98753,9.37149,0.37298,21204
9.43939,48.98535,9.36158,0.33654,21253
9.44939,48.95545,9.3517,0.33055,21337
9.45938,48.96962,9.34184,0.38427,21128
9.46938,48.91841,9.332,0.36847,21291
9.47938,48.924,9.32218,0.33216,21446
9.48938,48.91329,9.31238,0.36722,21286
9.49938,48.86423,9.3026,0.38109,21265
9.50938,48.89368,9.29284,0.38049,21342
9.51937,48.82955,9.2831,0.3443,21445
9.52937,48.83057,9.27338,0.37852,21425
9.53937,48.83007,9.26369,0.39123,21423
9.54937,48.76845,9.25401,0.3475,21379
9.55937,48.79303,9.24435,0.32262,21402
9.56936,48.76784,9.23472,0.37192,21399
9.57936,48.74119,9.2251,0.36342,21439
9.58936,48.73296,9.2155,0.39155,21259
9.59936,48.71781,9.20593,0.3377,21519
9.60936,48.68606,9.19637,0.3593,21513
9.61936,48.66985,9.18684,0.34989,21490
9.62935,48.68435,9.17732,0.35276,21355
9.63935,48.63802,9.16782,0.362,21591
9.64935,48.63087,9.15835,0.35919,21584
9.65935,48.61225,9.14889,0.44555,21409
9.66935,48.59132,9.13945,0.33792,21418
9.67935,48.59378,9.13003,0.32523,21681
9.68934,48.58723,9.12063,0.36596,21623
9.69934,48.56892,9.11126,0.38151,21372
9.70934,48.53343,9.1019,0.35396,21627
9.71934,48.53829,9.09255,0.34394,21543
9.72934,48.5122,9.08323,0.34508,21620
9.73934,48.5086,9.07393,0.31714,21530
9.74933,48.48733,9.06465,0.41292,21647
9.75933,48.48311,9.05538,0.38368,21596
9.76933,48.47058,9.04614,0.35388,21756
9.77933,48.43869,9.03691,0.40559,21705
9.78933,48.44233,9.0277,0.37356,21481
9.79933,48.4016,9.01852,0.30999,21765
9.80932,48.45085,9.00935,0.35585,21704
9.81932,48.3823,9.0002,0.33636,21549
9.82932,48.40591,8.99106,0.37838,21770
9.83932,48.37124,8.98195,0.35864,21699
9.84932,48.36691,8.97285,0.32602,21772
9.85932,48.34642,8.96378,0.35422,21510
9.86931,48.34308,8.95472,0.41349,21850
9.87931,48.34692,8.94568,0.35395,21837
9.88931,48.31397,8.93666,0.37121,21827
9.89931,48.32987,8.92765,0.36821,21823
9.90931,48.27007,8.91867,0.33511,21719
9.91931,48.3176,8.9097,0.3063,21877
9.9293,48.28433,8.90075,0.38864,21725
9.9393,48.27673,8.89182,0.3799,21650
9.9493,48.27641,8.88291,0.34032,21767
9.9593,48.27169,8.87401,0.36323,21967
9.9693,48.24128,8.86513,0.33649,21886
9.97929,48.22487,8.85627,0.33415,21821
9.98929,48.23931,8.84743,0.40426,21991
9.99929,48.22399,8.83861,0.33792,21823
10.00929,48.22409,8.8298,0.39055,22005
10.01929,48.17938,8.82101,0.35084,21937
10.02929,48.19942,8.81224,0.33624,21785
10.03928,48.17696,8.80349,0.34544,22024
10.04928,48.17626,8.79475,0.36269,21874
10.05928,48.13582,8.78603,0.3603,21864
10.06928,48.13341,8.77733,0.33206,21857
10.07928,48.12527,8.76865,0.35678,22147
10.08928,48.09629,8.75998,0.31171,22069
10.09927,48.08802,8.75133,0.36166,21951
10.10927,48.04735,8.7427,0.3693,22093
10.11927,48.07732,8.73408,0.38494,21990
10.12927,48.0278,8.72548,0.35273,22046
10.13927,48.01111,8.7169,0.37339,21876
10.14927,47.9848,8.70834,0.34807,22067
10.15926,47.98895,8.69979,0.32751,22202
10.16926,47.95349,8.69126,0.36893,22070
10.17926,47.95284,8.68274,0.32682,22070
10.18926,47.90461,8.67424,0.34045,22101
10.19926,47.90397,8.66576,0.34304,22202
10.20926,47.86366,8.6573,0.32723,21932
10.21925,47.84074,8.64885,0.38813,22065
10.22925,47.84092,8.64042,0.36159,22298
10.23925,47.81659,8.63201,0.35125,22297
10.24925,47.79568,8.62361,0.38409,22184
10.25925,47.77756,8.61523,0.36254,22115
10.26925,47.75154,8.60686,0.31502,22160
10.27924,47.74202,8.59851,0.35969,22068
10.28924,47.72175,8.59018,0.32882,22134
10.29924,47.70562,8.58186,0.34997,22389
10.30924,47.67438,8.57356,0.333,22294
10.31924,47.65096,8.56528,0.33897,22344
10.32924,47.65372,8.55701,0.33929,22148
10.33923,47.59391,8.54876,0.37011,22258
10.34923,47.6257,8.54052,0.36118,22124
10.35923,47.59312,8.5323,0.34231,22470
10.36923,47.58025,8.52409,0.33981,22448
10.37923,47.58724,8.51591,0.37004,22273
10.38922,47.54071,8.50773,0.34261,22251
10.39922,47.53534,8.49957,0.34305,22288
10.40922,47.52769,8.49143,0.34266,22284
10.41922,47.49753,8.48331,0.33593,22289
10.42922,47.51729,8.4752,0.35183,22526
10.43922,47.46809,8.4671,0.33961,22482
10.44921,47.48864,8.45902,0.30711,22390
10.45921,47.42249,8.45096,0.38698,22378
10.46921,47.44189,8.44291,0.36591,22299
10.47921,47.42918,8.43488,0.31842,22755
10.48921,47.43574,8.42686,0.37759,22353
10.49921,47.41085,8.41886,0.34648,22468
10.5092,47.40903,8.41087,0.38124,22372
10.5192,47.3626,8.4029,0.32854,22280
10.5292,47.36821,8.39494,0.31596,22517
10.5392,47.34139,8.387,0.34528,22480
10.5492,47.35107,8.37907,0.32885,22741
10.5592,47.31623,8.37116,0.32122,22710
10.56919,47.31424,8.36327,0.35448,22351
10.57919,47.28866,8.35538,0.35088,22533
10.58919,47.30033,8.34752,0.37475,22574
10.59919,47.25624,8.33967,0.34685,22658
10.60919,47.27274,8.33183,0.35421,22495
10.61919,47.24988,8.32401,0.34969,22751
10.62918,47.22619,8.3162,0.32625,22518
10.63918,47.19887,8.30841,0.34901,22359
10.64918,47.1968,8.30063,0.30996,22700
10.65918,47.17646,8.29286,0.35513,22510
10.66918,47.17907,8.28512,0.34719,22768
10.67918,47.15163,8.27738,0.32574,22867
10.68917,47.12809,8.26966,0.33372,22730
10.69917,47.11405,8.26196,0.34681,22783
10.70917,47.09125,8.25426,0.36389,22727
10.71917,47.08127,8.24659,0.33732,22606
10.72917,47.06482,8.23892,0.35299,22556
10.73916,47.06769,8.23128,0.32421,22828
10.74916,47.02588,8.22364,0.33777,22788
10.75916,47.00209,8.21602,0.3608,22709
10.76916,46.99745,8.20842,0.31476,22773
10.77916,46.96859,8.20083,0.36154,22822
10.78916,46.95122,8.19325,0.32679,22637
10.79915,46.94515,8.18569,0.32493,22934
10.80915,46.91031,8.17814,0.32947,22900
10.81915,46.90099,8.1706,0.37774,23008
10.82915,46.87855,8.16308,0.34208,22917
10.83915,46.87305,8.15557,0.33752,22614
10.84915,46.83335,8.14808,0.34122,22805
10.85914,46.80827,8.1406,0.31195,22810
10.86914,46.78221,8.13313,0.36731,22892
10.87914,46.77881,8.12568,0.36951,22980
10.88914,46.76689,8.11824,0.30453,23004
10.89914,46.75104,8.11082,0.34841,22770
10.90914,46.72147,8.10341,0.32556,23176
10.91913,46.70841,8.09601,0.31585,22831
10.92913,46.67732,8.08863,0.33835,22913
10.93913,46.66833,8.08126,0.35358,23033
10.94913,46.65954,8.0739,0.33717,23017
10.95913,46.63679,8.06655,0.33488,22953
10.96913,46.61189,8.05922,0.37022,23087
10.97912,46.58966,8.05191,0.31382,22900
10.98912,46.56875,8.0446,0.35933,22891
10.99912,46.55433,8.03731,0.33271,23132
11.00912,46.54311,8.03004,0.34389,22962
11.01912,46.52994,8.02277,0.29355,23284
11.02912,46.51512,8.01552,0.34226,23382
11.03911,46.494,8.00829,0.32773,23064
11.04911,46.45741,8.00106,0.34639,22996
11.05911,46.44634,7.99385,0.3449,22998
11.06911,46.45052,7.98665,0.32317,23127
11.07911,46.41772,7.97947,0.35795,23120
11.08911,46.41224,7.97229,0.33475,23018
11.0991,46.38871,7.96514,0.32175,23286
11.1091,46.36611,7.95799,0.32876,23066
11.1191,46.35604,7.95086,0.3668,23251
11.1291,46.34238,7.94374,0.33308,23219
11.1391,46.33384,7.93663,0.3006,23329
11.14909,46.33189,7.92953,0.33593,23295
11.15909,46.29379,7.92245,0.32294,23200
11.16909,46.2772,7.91538,0.33857,23271
11.17909,46.29621,7.90832,0.33618,23277
11.18909,46.25296,7.90128,0.3293,23185
11.19909,46.24026,7.89425,0.36219,23192
11.20908,46.24423,7.88723,0.31469,23258
11.21908,46.23647,7.88022,0.3355,23302
11.22908,46.22442,7.87323,0.31953,23342
11.23908,46.20803,7.86625,0.3948,23477
11.24908,46.19772,7.85928,0.31037,23254
11.25908,46.17998,7.85232,0.33728,23332
11.26907,46.17455,7.84538,0.3122,23462
11.27907,46.16819,7.83844,0.30224,23467
11.28907,46.16465,7.83152,0.36764,23559
11.29907,46.1492,7.82462,0.32112,23362
11.30907,46.13227,7.81772,0.32557,23263
11.31907,46.13281,7.81084,0.34611,23194
11.32906,46.10831,7.80397,0.32286,23274
11.33906,46.09769,7.79711,0.31883,23567
11.34906,46.09776,7.79026,0.33884,23629
11.35906,46.08317,7.78343,0.3683,23633
11.36906,46.07055,7.77661,0.31134,23531
11.37906,46.05808,7.7698,0.34501,23745
11.38905,46.047,7.763,0.3001,23401
11.39905,46.03173,7.75621,0.32149,23203
11.40905,46.0143,7.74944,0.3714,23445
11.41905,46.00699,7.74267,0.30089,23674
11.42905,45.99875,7.73592,0.34117,23585
11.43905,45.97118,7.72918,0.32458,23481
11.44904,45.94861,7.72246,0.32308,23691
11.45904,45.95541,7.71574,0.33695,23636
11.46904,45.93374,7.70904,0.32053,23431
11.47904,45.93234,7.70234,0.37157,23479
11.48904,45.90909,7.69566,0.32875,23854
11.49904,45.90416,7.68899,0.31495,23943
11.50903,45.88103,7.68234,0.30699,23782
11.51903,45.86952,7.67569,0.32505,23594
11.52903,45.85416,7.66906,0.32802,23553
11.53903,45.84506,7.66243,0.32145,23663
11.54903,45.83579,7.65582,0.32048,23560
11.55902,45.81702,7.64922,0.34868,23493
11.56902,45.81096,7.64264,0.31385,23648
11.57902,45.79281,7.63606,0.34421,23828
11.58902,45.78364,7.62949,0.32727,24061
11.59902,45.76982,7.62294,0.34676,23753
11.60902,45.74935,7.6164,0.32253,23912
11.61901,45.74118,7.60986,0.30533,23976
11.62901,45.72607,7.60334,0.31953,23499
11.63901,45.71573,7.59684,0.31319,23787
11.64901,45.68569,7.59034,0.34239,24005
11.65901,45.66919,7.58385,0.33018,23784
11.66901,45.65697,7.57738,0.31542,23583
11.679,45.63638,7.57091,0.31004,23807
11.689,45.63184,7.56446,0.34605,23968
11.699,45.60838,7.55801,0.33525,23938
11.709,45.59814,7.55158,0.29649,24033
11.719,45.56635,7.54516,0.36943,24018
11.729,45.54872,7.53875,0.30721,23994
11.73899,45.53213,7.53236,0.32045,23925
11.74899,45.52209,7.52597,0.32986,23574
11.75899,45.48544,7.51959,0.3092,24168
11.76899,45.46948,7.51323,0.36984,23952
11.77899,45.45306,7.50687,0.31284,23701
11.78899,45.42846,7.50053,0.2913,24077
11.79898,45.41783,7.49419,0.33094,24070
11.80898,45.39998,7.48787,0.32008,24010
11.81898,45.37596,7.48156,0.32427,24067
11.82898,45.36421,7.47526,0.32565,24097
11.83898,45.33627,7.46897,0.34304,24185
11.84898,45.31883,7.46269,0.30957,24282
11.85897,45.31486,7.45642,0.32639,23990
11.86897,45.2828,7.45016,0.33365,24149
11.87897,45.27621,7.44391,0.33344,23974
11.88897,45.23688,7.43767,0.30261,24009
11.89897,45.24207,7.43145,0.31294,24073
11.90897,45.24108,7.42523,0.2899,24024
11.91896,45.2136,7.41902,0.33391,23995
11.92896,45.21253,7.41283,0.31335,24330
11.93896,45.19348,7.40664,0.33683,24392
11.94896,45.17928,7.40047,0.34999,24238
11.95896,45.15125,7.3943,0.31508,24323
11.96895,45.16276,7.38815,0.30817,24161
11.97895,45.13109,7.382,0.34455,24160
11.98895,45.11925,7.37587,0.308,24373
11.99895,45.11501,7.36975,0.31468,24332
12.00895,45.09836,7.36363,0.34301,23899
12.01895,45.10849,7.35753,0.28236,24143
12.02894,45.08491,7.35144,0.30607,24385
12.03894,45.0744,7.34535,0.33104,24413
12.04894,45.07944,7.33928,0.33136,24185
12.05894,45.04558,7.33322,0.34038,24519
12.06894,45.04405,7.32717,0.32771,24364
12.07894,45.05087,7.32112,0.27742,24507
12.08893,45.03498,7.31509,0.34243,24319
12.09893,45.00294,7.30907,0.32916,24485
12.10893,45.00753,7.30305,0.30197,24234
12.11893,44.99319,7.29705,0.33423,24275
12.12893,44.99202,7.29106,0.32925,24281
12.13893,44.98297,7.28508,0.29442,24321
12.14892,44.96626,7.2791,0.3332,24336
12.15892,44.96896,7.27314,0.30262,24655
12.16892,44.95435,7.26719,0.34668,24544
12.17892,44.95122,7.26124,0.29264,24539
12.18892,44.93794,7.25531,0.31189,24662
12.19892,44.93968,7.24939,0.31367,24537
12.20891,44.90603,7.24347,0.30861,24393
12.21891,44.88661,7.23757,0.32382,24490
12.22891,44.86366,7.23167,0.33933,24639
12.23891,44.86092,7.22579,0.33982,24395
12.24891,44.85606,7.21991,0.3151,24458
12.25891,44.83853,7.21404,0.29425,24489
12.2689,44.83435,7.20819,0.2988,24673
12.2789,44.82586,7.20234,0.30835,24629
12.2889,44.80489,7.1965,0.32339,24762
12.2989,44.78096,7.19068,0.30364,24624
12.3089,44.78795,7.18486,0.31106,24591
12.31889,44.73923,7.17905,0.31839,24501
12.32889,44.72047,7.17325,0.32519,24654
12.33889,44.7241,7.16746,0.34081,24872
12.34889,44.68368,7.16168,0.33786,24603
12.35889,44.67244,7.15591,0.28967,24566
12.36889,44.66515,7.15015,0.30561,24868
12.37888,44.65182,7.14439,0.31631,24628
12.38888,44.64014,7.13865,0.29714,24643
12.39888,44.61277,7.13292,0.32666,24817
12.40888,44.59067,7.12719,0.29502,24733
12.41888,44.59479,7.12147,0.33144,24834
12.42888,44.58001,7.11577,0.31048,24914
12.43887,44.54113,7.11007,0.33551,24858
12.44887,44.53481,7.10438,0.31037,24868
12.45887,44.50048,7.0987,0.29745,24633
12.46887,44.4925,7.09303,0.3521,24622
12.47887,44.48196,7.08737,0.27106,24923
12.48887,44.4708,7.08172,0.3109,24825
12.49886,44.45918,7.07608,0.32905,24718
12.50886,44.44823,7.07045,0.33058,25052
12.51886,44.42843,7.06482,0.29371,25088
12.52886,44.42371,7.05921,0.3249,24797
12.53886,44.41264,7.0536,0.31023,24861
12.54886,44.38694,7.048,0.30484,25046
12.55885,44.35463,7.04241,0.29809,24789
12.56885,44.35075,7.03683,0.32272,25008
12.57885,44.3398,7.03126,0.31021,24856
12.58885,44.33695,7.0257,0.29345,24835
12.59885,44.32646,7.02015,0.31575,24976
12.60885,44.29877,7.0146,0.33591,25168
12.61884,44.2923,7.00907,0.3203,25151
12.62884,44.29147,7.00354,0.31186,25080
12.63884,44.28277,6.99802,0.31684,24924
12.64884,44.27389,6.99252,0.28528,25220
12.65884,44.26245,6.98702,0.30153,25165
12.66884,44.22366,6.98152,0.30396,25078
12.67883,44.22684,6.97604,0.29937,25060
12.68883,44.22717,6.97057,0.34686,24746
12.69883,44.20257,6.9651,0.29805,24972
12.70883,44.19384,6.95964,0.31473,25156
12.71883,44.18497,6.95419,0.32338,25088
12.72882,44.18994,6.94875,0.32323,25293
12.73882,44.1698,6.94332,0.29193,25470
12.74882,44.17356,6.9379,0.29895,25214
12.75882,44.15963,6.93249,0.30959,25151
12.76882,44.1457,6.92708,0.2878,25177
12.77882,44.13633,6.92168,0.30825,25008
12.78881,44.12096,6.91629,0.30976,25132
12.79881,44.10513,6.91091,0.32906,25145
12.80881,44.10415,6.90554,0.33418,25187
12.81881,44.0931,6.90018,0.29081,25444
12.82881,44.08542,6.89482,0.28759,25322
12.83881,44.07702,6.88948,0.32837,25411
12.8488,44.06449,6.88414,0.30588,25448
12.8588,44.06023,6.87881,0.27412,25269
12.8688,44.04317,6.87348,0.31778,25112
12.8788,44.02744,6.86817,0.33346,25382
12.8888,44.03846,6.86287,0.30076,25550
12.8988,44.00043,6.85757,0.32502,25312
12.90879,43.99541,6.85228,0.30371,25186
12.91879,43.99416,6.847,0.31087,25342
12.92879,43.97687,6.84173,0.29537,25343
12.93879,43.95904,6.83646,0.27649,25478
12.94879,43.95314,6.83121,0.31176,25376
12.95879,43.93829,6.82596,0.29734,25462
12.96878,43.94008,6.82072,0.31958,25253
12.97878,43.92101,6.81549,0.29001,25706
12.98878,43.91287,6.81026,0.36057,25654
12.99878,43.90762,6.80505,0.30425,25497
13.00878,43.86807,6.79984,0.32175,25496
13.01878,43.85994,6.79464,0.31317,25262
13.02877,43.85471,6.78945,0.29396,25429
13.03877,43.82921,6.78426,0.27728,25261
13.04877,43.82401,6.77909,0.29008,25706
13.05877,43.81217,6.77392,0.31282,25676
13.06877,43.79507,6.76876,0.29044,25668
13.07877,43.78504,6.76361,0.29918,25678
13.08876,43.77072,6.75846,0.33082,25592
13.09876,43.76196,6.75333,0.3375,25665
13.10876,43.74755,6.7482,0.31331,25712
13.11876,43.71477,6.74308,0.27,25631
13.12876,43.70435,6.73796,0.31914,25419
13.13875,43.7065,6.73286,0.30447,25729
13.14875,43.69676,6.72776,0.32046,25477
13.15875,43.66958,6.72267,0.26478,25773
13.16875,43.65729,6.71759,0.32101,25643
13.17875,43.64276,6.71252,0.30406,25745
13.18875,43.63378,6.70745,0.28464,25781
13.19874,43.61957,6.70239,0.33713,25592
13.20874,43.60616,6.69734,0.28874,25695
13.21874,43.60236,6.6923,0.32796,25865
13.22874,43.59352,6.68726,0.29361,25987
13.23874,43.56666,6.68224,0.27573,25565
13.24874,43.55581,6.67721,0.30951,25831
13.25873,43.52605,6.6722,0.33955,25796
13.26873,43.53321,6.6672,0.28574,25668
13.27873,43.50779,6.6622,0.31599,25818
13.28873,43.49033,6.65721,0.29209,25839
13.29873,43.48781,6.65223,0.29323,25763
13.30873,43.4653,6.64725,0.2787,26039
13.31872,43.46399,6.64228,0.31874,26022
13.32872,43.43794,6.63732,0.28903,25960
13.33872,43.43657,6.63237,0.30961,26025
13.34872,43.40816,6.62743,0.29182,25824
13.35872,43.39472,6.62249,0.30063,25820
13.36872,43.37777,6.61756,0.32241,25728
13.37871,43.35385,6.61263,0.30965,25922
13.38871,43.35745,6.60772,0.30634,26048
13.39871,43.34753,6.60281,0.28634,26047
13.40871,43.3431,6.59791,0.30605,25941
13.41871,43.30969,6.59302,0.26875,26086
13.42871,43.30231,6.58813,0.29322,26114
13.4387,43.28362,6.58325,0.30589,26150
13.4487,43.28545,6.57838,0.30746,26072
13.4587,43.26641,6.57351,0.31675,25940
13.4687,43.24172,6.56866,0.3017,25785
13.4787,43.23603,6.56381,0.29425,26033
13.4887,43.22356,6.55896,0.31532,26035
13.49869,43.22695,6.55413,0.28971,26132
13.50869,43.20233,6.5493,0.28962,26329
13.51869,43.1906,6.54448,0.28626,26080
13.52869,43.18976,6.53966,0.2917,26196
13.53869,43.19249,6.53486,0.29142,26108
13.54868,43.15969,6.53006,0.30726,26183
13.55868,43.16862,6.52526,0.33053,26283
13.56868,43.15259,6.52048,0.27918,26315
13.57868,43.13447,6.5157,0.33065,25912
13.58868,43.13879,6.51093,0.28058,26091
13.59868,43.1149,6.50616,0.29534,26249
13.60867,43.11318,6.50141,0.28547,26400
13.61867,43.10476,6.49666,0.27762,26318
13.62867,43.1025,6.49191,0.30483,26115
13.63867,43.077,6.48718,0.30016,26352
13.64867,43.07132,6.48245,0.28986,26428
13.65867,43.07002,6.47772,0.32969,26341
13.66866,43.06727,6.47301,0.31994,26272
13.67866,43.04487,6.4683,0.28643,26457
13.68866,43.01297,6.4636,0.27473,26217
13.69866,43.01992,6.4589,0.31285,26148
13.70866,42.99191,6.45421,0.27384,26259
13.71866,42.99849,6.44953,0.27471,26275
13.72865,42.97119,6.44486,0.28024,26446
13.73865,42.96246,6.44019,0.30455,26379
13.74865,42.93798,6.43553,0.32144,26532
13.75865,42.91074,6.43087,0.30971,26347
13.76865,42.91343,6.42623,0.29564,26538
13.77865,42.88663,6.42159,0.31065,26846
13.78864,42.87537,6.41695,0.29873,26377
13.79864,42.86434,6.41232,0.30723,26162
13.80864,42.82262,6.4077,0.25569,26491
13.81864,42.80305,6.40309,0.29603,26446
13.82864,42.80537,6.39848,0.28537,26388
13.83864,42.78417,6.39388,0.27199,26608
13.84863,42.7655,6.38929,0.30081,26488
13.85863,42.7317,6.3847,0.33885,26475
13.86863,42.71942,6.38012,0.29269,26777
13.87863,42.69744,6.37555,0.29656,26830
13.88863,42.69264,6.37098,0.31098,26633
13.89863,42.66805,6.36642,0.27025,26604
13.90862,42.63613,6.36187,0.28965,26713
13.91862,42.64345,6.35732,0.29552,26388
13.92862,42.61318,6.35278,0.31098,26337
13.93862,42.58996,6.34824,0.26276,26736
13.94862,42.58478,6.34372,0.29343,26674
13.95861,42.57028,6.33919,0.28412,26546
13.96861,42.55843,6.33468,0.3056,26623
13.97861,42.53627,6.33017,0.29353,26822
13.98861,42.52162,6.32567,0.29369,26817
13.99861,42.50877,6.32117,0.28312,26842
14.00861,42.49315,6.31668,0.28401,26799
14.0186,42.48397,6.3122,0.28584,26850
14.0286,42.46786,6.30773,0.30304,26702
14.0386,42.44761,6.30326,0.31431,26673
14.0486,42.44785,6.29879,0.30713,26761
14.0586,42.43488,6.29433,0.26846,26414
14.0686,42.41697,6.28988,0.27629,26964
14.07859,42.41155,6.28544,0.28865,26792
14.08859,42.40053,6.281,0.28221,26898
14.09859,42.38451,6.27657,0.29212,26776
14.10859,42.36709,6.27214,0.29029,27095
14.11859,42.36474,6.26772,0.32803,26889
14.12859,42.33997,6.26331,0.26207,26987
14.13858,42.34193,6.2589,0.29417,26699
14.14858,42.31878,6.2545,0.32408,27001
14.15858,42.29981,6.25011,0.29325,26786
14.16858,42.30703,6.24572,0.27598,26686
14.17858,42.29796,6.24134,0.26976,27070
14.18858,42.29244,6.23696,0.28206,26876
14.19857,42.2698,6.2326,0.28449,26953
14.20857,42.26239,6.22823,0.27785,27395
14.21857,42.24989,6.22387,0.32747,27111
14.22857,42.23234,6.21952,0.29702,26961
14.23857,42.21641,6.21518,0.27304,27210
14.24857,42.21421,6.21084,0.28257,26960
14.25856,42.20116,6.20651,0.2996,26763
14.26856,42.17814,6.20218,0.28048,27029
14.27856,42.18523,6.19786,0.29139,26867
14.28856,42.17281,6.19355,0.25736,27060
14.29856,42.16433,6.18924,0.29138,27140
14.30855,42.14117,6.18494,0.30991,27218
14.31855,42.1393,6.18064,0.30318,27190
14.32855,42.11636,6.17635,0.28805,27371
14.33855,42.1051,6.17206,0.31029,27090
14.34855,42.09696,6.16779,0.28225,27202
14.35855,42.0811,6.16351,0.27519,27201
14.36854,42.06835,6.15925,0.27535,27100
14.37854,42.05767,6.15499,0.26695,26953
14.38854,42.05826,6.15073,0.27294,26999
14.39854,42.05044,6.14648,0.27984,27221
14.40854,42.03272,6.14224,0.29719,27207
14.41854,42.01942,6.138,0.31009,27314
14.42853,42.01495,6.13377,0.29045,27498
14.43853,41.99582,6.12955,0.3251,27422
14.44853,41.98591,6.12533,0.29071,27237
14.45853,41.97412,6.12112,0.29607,27395
14.46853,41.96935,6.11691,0.25257,27270
14.47853,41.95366,6.11271,0.2701,27171
14.48852,41.9342,6.10851,0.28093,27201
14.49852,41.93542,6.10432,0.26098,27238
14.50852,41.92031,6.10014,0.28942,27415
14.51852,41.91452,6.09596,0.31915,27415
14.52852,41.90254,6.09179,0.27013,27505
14.53852,41.8824,6.08762,0.33668,27463
14.54851,41.86119,6.08346,0.26303,27479
14.55851,41.85457,6.0793,0.34389,27366
14.56851,41.84297,6.07515,0.25867,27520
14.57851,41.83973,6.07101,0.29392,27426
14.58851,41.82143,6.06687,0.24599,27422
14.59851,41.80991,6.06274,0.29252,27011
14.6085,41.80317,6.05861,0.27229,27441
14.6185,41.77002,6.05449,0.28567,27718
14.6285,41.77229,6.05037,0.28946,27641
14.6385,41.76073,6.04626,0.31659,27489
14.6485,41.73912,6.04216,0.27829,27804
14.6585,41.72424,6.03806,0.2813,27694
14.66849,41.71367,6.03397,0.27608,27462
14.67849,41.71031,6.02988,0.28457,27679
14.68849,41.68676,6.0258,0.28556,27537
14.69849,41.67248,6.02172,0.26342,27382
14.70849,41.65822,6.01765,0.30474,27252
14.71848,41.66173,6.01359,0.27635,27465
14.72848,41.63599,6.00953,0.27794,27679
14.73848,41.62138,6.00547,0.2754,27766
14.74848,41.60801,6.00142,0.30073,27774
14.75848,41.59687,5.99738,0.27548,27857
14.76848,41.57898,5.99334,0.28969,27725
14.77847,41.55556,5.98931,0.27134,27766
14.78847,41.56427,5.98528,0.27125,27836
14.79847,41.53323,5.98126,0.28318,27705
14.80847,41.51203,5.97725,0.28159,27353
14.81847,41.48656,5.97324,0.30989,27563
14.82847,41.49195,5.96923,0.25056,27723
14.83846,41.48806,5.96523,0.31524,27817
14.84846,41.4725,5.96124,0.28984,27824
14.85846,41.4491,5.95725,0.25462,27982
14.86846,41.43328,5.95326,0.29354,28017
14.87846,41.41716,5.94929,0.28445,27659
14.88846,41.39302,5.94531,0.25423,27988
14.89845,41.38739,5.94135,0.29481,27943
14.90845,41.3745,5.93738,0.27458,27900
14.91845,41.35706,5.93343,0.27827,27466
14.92845,41.33424,5.92948,0.2869,27573
14.93845,41.33019,5.92553,0.28466,27947
14.94845,41.31841,5.92159,0.26889,28106
14.95844,41.31117,5.91765,0.27568,28047
14.96844,41.30264,5.91372,0.30103,28065
14.97844,41.29386,5.9098,0.27979,27992
14.98844,41.26256,5.90588,0.29502,27890
14.99844,41.27083,5.90196,0.26471,28005
15.00844,41.25757,5.89805,0.26964,28147
15.01843,41.25358,5.89415,0.26811,27908
15.02843,41.24009,5.89025,0.28299,27794
15.03843,41.23372,5.88636,0.28986,27859
15.04843,41.21808,5.88247,0.24719,27988
15.05843,41.1952,5.87859,0.29695,28043
15.06843,41.20742,5.87471,0.274,28295
15.07842,41.20598,5.87083,0.28324,28181
15.08842,41.18766,5.86697,0.30506,28108
15.09842,41.18033,5.8631,0.28429,28136
15.10842,41.17742,5.85925,0.28507,28127
15.11842,41.17608,5.85539,0.26369,28289
15.12841,41.16807,5.85155,0.26198,27751
15.13841,41.14741,5.8477,0.27942,27880
15.14841,41.13802,5.84387,0.25791,28169
15.15841,41.12723,5.84004,0.27739,28128
15.16841,41.11573,5.83621,0.27306,28214
15.17841,41.10563,5.83239,0.26977,28443
15.1884,41.09238,5.82857,0.28604,28347
15.1984,41.07724,5.82476,0.32266,28096
15.2084,41.07673,5.82095,0.27405,28452
15.2184,41.0647,5.81715,0.27938,28453
15.2284,41.05441,5.81335,0.26972,28209
15.2384,41.04316,5.80956,0.27034,28252
15.24839,41.02057,5.80577,0.2734,27908
15.25839,40.99829,5.80199,0.25443,28164
15.26839,40.9893,5.79822,0.25636,28321
15.27839,40.9756,5.79444,0.30655,28215
15.28839,40.9522,5.79068,0.27645,28416
15.29839,40.93185,5.78691,0.29095,28487
15.30838,40.93153,5.78316,0.26667,28177
15.31838,40.90857,5.77941,0.2964,28402
15.32838,40.89539,5.77566,0.27312,28563
15.33838,40.88999,5.77192,0.2744,28511
15.34838,40.88828,5.76818,0.24565,28364
15.35838,40.83831,5.76445,0.28612,28141
15.36837,40.83171,5.76072,0.27469,28603
15.37837,40.82786,5.75699,0.26528,28406
15.38837,40.79832,5.75328,0.29693,28413
15.39837,40.79523,5.74956,0.27325,28577
15.40837,40.77002,5.74586,0.27669,28554
15.41837,40.75011,5.74215,0.26637,28561
15.42836,40.74352,5.73845,0.27109,28630
15.43836,40.73353,5.73476,0.26704,28553
15.44836,40.72939,5.73107,0.2729,28485
15.45836,40.72485,5.72739,0.27252,28387
15.46836,40.69272,5.72371,0.26215,28501
15.47836,40.68609,5.72003,0.27693,28360
15.48835,40.67895,5.71636,0.28009,28676
15.49835,40.67473,5.7127,0.26661,28796
15.50835,40.65824,5.70904,0.31489,28700
15.51835,40.65338,5.70538,0.30107,28294
15.52835,40.62039,5.70173,0.24514,28792
15.53834,40.61696,5.69808,0.24812,28754
15.54834,40.63663,5.69444,0.26974,28648
15.55834,40.60621,5.6908,0.29245,28601
15.56834,40.59033,5.68717,0.24973,28702
15.57834,40.57387,5.68354,0.29029,28662
15.58834,40.56936,5.67992,0.26806,28576
15.59833,40.55821,5.6763,0.26246,28691
15.60833,40.55543,5.67269,0.29255,29030
15.61833,40.52602,5.66908,0.27576,28828
15.62833,40.51253,5.66548,0.27856,28753
15.63833,40.50173,5.66188,0.27124,28861
15.64833,40.51556,5.65828,0.27072,28631
15.65832,40.48976,5.65469,0.26032,28694
15.66832,40.4793,5.65111,0.25565,28873
15.67832,40.45712,5.64752,0.25972,28669
15.68832,40.4427,5.64395,0.28503,28691
15.69832,40.42918,5.64037,0.26845,28999
15.70832,40.41996,5.63681,0.27826,29058
15.71831,40.40611,5.63324,0.26395,28929
15.72831,40.37422,5.62969,0.26331,28856
15.73831,40.36736,5.62613,0.28293,28866
15.74831,40.36925,5.62258,0.2674,28855
15.75831,40.36927,5.61904,0.27028,28978
15.76831,40.35005,5.6155,0.26817,29150
15.7783,40.3421,5.61196,0.28984,28943
15.7883,40.3208,5.60843,0.26556,28420
15.7983,40.3029,5.6049,0.24859,28959
15.8083,40.28148,5.60138,0.27147,29083
15.8183,40.26955,5.59786,0.26218,29086
15.8283,40.2449,5.59435,0.3093,28967
15.83829,40.23175,5.59084,0.25339,29075
15.84829,40.21089,5.58734,0.24817,29325
15.85829,40.24143,5.58384,0.26729,28864
15.86829,40.20613,5.58034,0.29156,28886
15.87829,40.19401,5.57685,0.25895,29365
15.88829,40.18292,5.57336,0.27009,28998
15.89828,40.16567,5.56988,0.28212,28867
15.90828,40.15905,5.5664,0.25645,29059
15.91828,40.14499,5.56293,0.29196,29149
15.92828,40.13851,5.55946,0.2483,29242
15.93828,40.10405,5.55599,0.27049,29118
15.94827,40.10666,5.55253,0.26357,29202
15.95827,40.10245,5.54908,0.24641,29138
15.96827,40.09289,5.54562,0.28051,29246
15.97827,40.08339,5.54218,0.27751,29371
15.98827,40.04973,5.53873,0.25664,29353
15.99827,40.03309,5.53529,0.27412,29156
16.00826,40.03631,5.53186,0.26373,29195
16.01826,40.01877,5.52843,0.27767,29210
16.02826,39.99949,5.525,0.25781,29405
16.03826,39.97727,5.52158,0.28239,29358
16.04826,39.97725,5.51816,0.27334,29199
16.05826,39.96315,5.51475,0.24514,28927
16.06825,39.97538,5.51134,0.25654,29268
16.07825,39.94874,5.50794,0.27652,29430
16.08825,39.9325,5.50454,0.27162,29305
16.09825,39.9205,5.50114,0.25453,29492
16.10825,39.91398,5.49775,0.2653,29216
16.11825,39.90109,5.49436,0.2575,29320
16.12824,39.89891,5.49098,0.28938,29459
16.13824,39.88834,5.4876,0.27357,29530
16.14824,39.84487,5.48422,0.2625,29298
16.15824,39.8505,5.48085,0.25439,29755
16.16824,39.87518,5.47748,0.26389,29289
16.17824,39.84581,5.47412,0.26384,29496
16.18823,39.84202,5.47076,0.26792,29452
16.19823,39.8335,5.46741,0.27531,29638
16.20823,39.82544,5.46406,0.25007,29385
16.21823,39.78881,5.46071,0.2667,29312
16.22823,39.78754,5.45737,0.25499,29533
16.23823,39.77759,5.45403,0.2676,29556
16.24822,39.7545,5.4507,0.28362,29448
16.25822,39.74019,5.44737,0.24947,29717
16.26822,39.75939,5.44404,0.25771,29552
16.27822,39.74664,5.44072,0.27762,29441
16.28822,39.73024,5.43741,0.24639,29774
16.29821,39.73375,5.43409,0.27373,29831
16.30821,39.7062,5.43078,0.28667,29805
16.31821,39.69342,5.42748,0.28173,29435
16.32821,39.67125,5.42418,0.252,29539
16.33821,39.67034,5.42088,0.23496,29624
16.34821,39.65198,5.41759,0.28292,29791
16.3582,39.64303,5.4143,0.24978,29300
16.3682,39.644,5.41101,0.24502,29588
16.3782,39.63679,5.40773,0.2719,29832
16.3882,39.62713,5.40446,0.26904,29741
16.3982,39.62149,5.40118,0.28306,29674
16.4082,39.61314,5.39792,0.25452,29985
16.41819,39.59476,5.39465,0.26233,29952
16.42819,39.56827,5.39139,0.27765,29502
16.43819,39.58374,5.38813,0.27173,29822
16.44819,39.57392,5.38488,0.25584,29873
16.45819,39.56692,5.38163,0.25643,29682
16.46819,39.57704,5.37839,0.25286,29732
16.47818,39.58543,5.37515,0.23932,29777
16.48818,39.56932,5.37191,0.26176,29884
16.49818,39.57248,5.36868,0.28397,29983
16.50818,39.5616,5.36545,0.26628,30039
16.51818,39.55775,5.36222,0.26536,29946
16.52818,39.53886,5.359,0.26238,30009
16.53817,39.54021,5.35578,0.24552,29766
16.54817,39.53836,5.35257,0.28564,29817
16.55817,39.5207,5.34936,0.25399,29840
16.56817,39.54874,5.34615,0.25222,29908
16.57817,39.54875,5.34295,0.25971,29858
16.58817,39.54698,5.33975,0.25564,29906
16.59816,39.51973,5.33656,0.25471,30091
16.60816,39.51768,5.33337,0.27789,29991
16.61816,39.50571,5.33018,0.29379,30019
16.62816,39.50131,5.327,0.24799,30196
16.63816,39.47504,5.32382,0.25356,29858
16.64816,39.48011,5.32065,0.24876,30080
16.65815,39.46862,5.31748,0.26214,29909
16.66815,39.44978,5.31431,0.25,30223
16.67815,39.46422,5.31115,0.25491,29827
16.68815,39.44045,5.30799,0.25749,30040
16.69815,39.44365,5.30483,0.27844,30224
16.70814,39.42723,5.30168,0.2675,30313
16.71814,39.41628,5.29853,0.26178,30336
16.72814,39.39831,5.29539,0.26129,30150
16.73814,39.36855,5.29225,0.2821,30093
16.74814,39.37844,5.28911,0.25087,29989
16.75814,39.35387,5.28598,0.23711,30163
16.76813,39.32918,5.28285,0.24279,29987
16.77813,39.31998,5.27972,0.25369,30174
16.78813,39.31359,5.2766,0.25916,30288
16.79813,39.29752,5.27348,0.26043,30343
16.80813,39.28847,5.27037,0.27619,30222
16.81813,39.27618,5.26726,0.27046,30609
16.82812,39.26922,5.26415,0.26986,30265
16.83812,39.24056,5.26105,0.24653,30574
16.84812,39.22924,5.25795,0.27483,30100
16.85812,39.22754,5.25485,0.25558,30223
16.86812,39.2087,5.25176,0.2477,30335
16.87812,39.21076,5.24867,0.25908,29954
16.88811,39.20307,5.24559,0.23379,30325
16.89811,39.18993,5.2425,0.25202,30370
16.90811,39.17997,5.23943,0.27554,30486
16.91811,39.16626,5.23635,0.26755,30553
16.92811,39.16482,5.23328,0.25623,30586
16.93811,39.15566,5.23022,0.27428,30600
16.9481,39.12809,5.22715,0.24541,30401
16.9581,39.1429,5.22409,0.25722,30219
16.9681,39.11311,5.22104,0.25964,30271
16.9781,39.11404,5.21799,0.2469,30505
16.9881,39.10206,5.21494,0.24569,30165
16.9981,39.10639,5.21189,0.26178,30701
17.00809,39.08589,5.20885,0.25766,30509
17.01809,39.08582,5.20581,0.27884,30651
17.02809,39.05788,5.20278,0.24866,30574
17.03809,39.06189,5.19975,0.26947,30752
17.04809,39.0268,5.19672,0.24966,30782
17.05809,39.04256,5.1937,0.24023,30379
17.06808,39.01948,5.19068,0.26067,30556
17.07808,39.01419,5.18766,0.25307,30349
17.08808,39.00742,5.18465,0.2516,30492
17.09808,38.99582,5.18164,0.24515,30553
17.10808,38.98723,5.17863,0.2729,30669
17.11807,38.97904,5.17563,0.25476,30781
17.12807,38.97032,5.17263,0.25646,30716
17.13807,38.96053,5.16964,0.29531,30777
17.14807,38.9444,5.16665,0.26145,30877
17.15807,38.92426,5.16366,0.24896,30395
17.16807,38.93697,5.16067,0.22331,30662
17.17806,38.91613,5.15769,0.25495,30423
17.18806,38.91525,5.15471,0.23357,30502
17.19806,38.90923,5.15174,0.26827,30773
17.20806,38.8945,5.14877,0.26112,30730
17.21806,38.89024,5.1458,0.28298,31014
17.22806,38.87478,5.14284,0.2484,30884
17.23805,38.86121,5.13988,0.25904,31074
17.24805,38.86824,5.13692,0.27513,30974
17.25805,38.82494,5.13397,0.23945,30978
17.26805,38.8599,5.13102,0.25441,30777
17.27805,38.83847,5.12807,0.24187,30505
17.28805,38.83517,5.12513,0.2364,30533
17.29804,38.81236,5.12219,0.25671,30945
17.30804,38.82297,5.11925,0.25194,30933
17.31804,38.8082,5.11632,0.26688,30902
17.32804,38.80479,5.11339,0.27456,31077
17.33804,38.78307,5.11046,0.25311,31171
17.34804,38.79264,5.10754,0.25267,31043
17.35803,38.76418,5.10462,0.24253,31070
17.36803,38.7548,5.1017,0.25237,31009
17.37803,38.75647,5.09879,0.25267,30621
17.38803,38.75543,5.09588,0.24379,30575
17.39803,38.7399,5.09298,0.23704,31144
17.40803,38.7416,5.09007,0.3011,31097
17.41802,38.71658,5.08717,0.2395,30819
17.42802,38.72966,5.08428,0.27614,31137
17.43802,38.70135,5.08139,0.26564,31264
17.44802,38.70357,5.0785,0.2425,31057
17.45802,38.70079,5.07561,0.25658,31243
17.46802,38.65141,5.07273,0.22344,31053
17.47801,38.66573,5.06985,0.23809,30674
17.48801,38.667,5.06697,0.25672,30946
17.49801,38.65391,5.0641,0.26861,31107
17.50801,38.63412,5.06123,0.24082,31216
17.51801,38.6286,5.05836,0.27526,31320
17.528,38.63411,5.0555,0.23848,31283
17.538,38.60399,5.05264,0.29306,31361
17.548,38.60195,5.04978,0.24252,31557
17.558,38.59964,5.04693,0.28483,31295
17.568,38.55334,5.04408,0.23557,31049
17.578,38.5642,5.04124,0.2279,30834
17.58799,38.5547,5.03839,0.22638,31012
17.59799,38.55593,5.03555,0.25737,31045
17.60799,38.526,5.03272,0.25461,31385
17.61799,38.52391,5.02988,0.26679,31459
17.62799,38.51361,5.02705,0.26103,31445
17.63799,38.51476,5.02422,0.2555,31331
17.64798,38.48484,5.0214,0.24332,31648
17.65798,38.48077,5.01858,0.25767,31640
17.66798,38.45909,5.01576,0.25404,31143
17.67798,38.46159,5.01295,0.24072,30947
17.68798,38.45016,5.01014,0.25016,31266
17.69798,38.46145,5.00733,0.24384,31272
17.70797,38.45036,5.00452,0.24444,31252
17.71797,38.43427,5.00172,0.25376,31471
17.72797,38.42156,4.99892,0.25182,31761
17.73797,38.42592,4.99613,0.28918,31230
17.74797,38.40864,4.99334,0.23435,31853
17.75797,38.3887,4.99055,0.2553,31765
17.76796,38.37867,4.98776,0.23485,31364
17.77796,38.37468,4.98498,0.232,31032
17.78796,38.3802,4.9822,0.26464,31227
17.79796,38.36513,4.97942,0.24848,31477
17.80796,38.37087,4.97665,0.26208,31548
17.81796,38.3512,4.97388,0.23657,31663
17.82795,38.34248,4.97111,0.26041,31662
17.83795,38.34638,4.96835,0.25688,31669
17.84795,38.3342,4.96559,0.25899,31644
17.85795,38.32862,4.96283,0.24642,31790
17.86795,38.31068,4.96008,0.23682,31691
17.87795,38.29171,4.95733,0.23473,31313
17.88794,38.29779,4.95458,0.23389,31254
17.89794,38.28452,4.95183,0.23099,31696
17.90794,38.28522,4.94909,0.2766,31649
17.91794,38.26216,4.94635,0.26723,31623
17.92794,38.25509,4.94362,0.2531,31801
17.93793,38.22937,4.94088,0.25779,31911
17.94793,38.24136,4.93815,0.23689,31773
17.95793,38.23479,4.93543,0.26223,31918
17.96793,38.23213,4.9327,0.23551,31919
17.97793,38.1969,4.92998,0.25106,31289
17.98793,38.20085,4.92726,0.24491,31277
17.99792,38.20173,4.92455,0.22701,31829
18.00792,38.18403,4.92184,0.25704,31649
18.01792,38.17874,4.91913,0.24188,31833
18.02792,38.17071,4.91642,0.26328,31840
18.03792,38.14625,4.91372,0.25067,32097
18.04792,38.1569,4.91102,0.26014,31983
18.05791,38.13602,4.90832,0.23055,31917
18.06791,38.16248,4.90563,0.2532,32095
18.07791,38.09542,4.90294,0.24071,31471
18.08791,38.11708,4.90025,0.23403,31613
18.09791,38.11635,4.89757,0.25042,31756
18.10791,38.12254,4.89489,0.27656,31941
18.1179,38.11323,4.89221,0.23332,31928
18.1279,38.11473,4.88953,0.26536,31794
18.1379,38.10802,4.88686,0.23846,32140
18.1479,38.09319,4.88419,0.24833,32072
18.1579,38.08897,4.88152,0.23843,32182
18.1679,38.12339,4.87886,0.2369,31969
18.17789,38.04571,4.8762,0.25321,31489
18.18789,38.04706,4.87354,0.23433,31996
18.19789,38.07404,4.87088,0.24726,31802
18.20789,38.04054,4.86823,0.24922,32007
18.21789,38.05041,4.86558,0.25056,32105
18.22789,38.03595,4.86294,0.27454,32152
18.23788,38.0283,4.86029,0.22903,32167
18.24788,38.01339,4.85765,0.25246,32243
18.25788,38.01664,4.85501,0.23866,32197
18.26788,38.0126,4.85238,0.26042,32047
18.27788,37.95355,4.84975,0.235,31645
18.28787,37.95847,4.84712,0.21886,32091
18.29787,37.9732,4.84449,0.24849,31715
18.30787,37.94632,4.84187,0.25518,32116
18.31787,37.93191,4.83925,0.24486,32167
18.32787,37.91482,4.83663,0.2545,32411
18.33787,37.90171,4.83402,0.26887,32218
18.34786,37.90701,4.83141,0.21901,32488
18.35786,37.89586,4.8288,0.23977,32252
18.36786,37.87317,4.82619,0.26947,32103
18.37786,37.82015,4.82359,0.25189,31981
18.38786,37.83483,4.82099,0.22705,32285
18.39786,37.82843,4.81839,0.25559,31886
18.40785,37.803,4.8158,0.24991,32198
18.41785,37.80491,4.8132,0.22994,32355
18.42785,37.78615,4.81062,0.25572,32314
18.43785,37.7905,4.80803,0.24071,32569
18.44785,37.77034,4.80545,0.24191,32328
18.45785,37.80009,4.80287,0.23501,32324
18.46784,37.75723,4.80029,0.24181,32227
18.47784,37.70473,4.79771,0.24083,32101
18.48784,37.71135,4.79514,0.2319,32420
18.49784,37.7434,4.79257,0.25959,32207
18.50784,37.71315,4.79,0.25745,32370
18.51784,37.7063,4.78744,0.24134,32507
18.52783,37.71041,4.78488,0.25344,32536
18.53783,37.70024,4.78232,0.22173,32467
18.54783,37.7093,4.77977,0.25497,32516
18.55783,37.69975,4.77721,0.23112,32377
18.56783,37.68139,4.77466,0.25587,32395
18.57783,37.63765,4.77212,0.23598,32212
18.58782,37.65438,4.76957,0.22717,32466
18.59782,37.67787,4.76703,0.24197,32230
18.60782,37.65303,4.76449,0.26586,32275
18.61782,37.63781,4.76196,0.23025,32756
18.62782,37.64157,4.75942,0.27029,32468
18.63782,37.63482,4.75689,0.23767,32783
18.64781,37.65158,4.75436,0.23721,32473
18.65781,37.62716,4.75184,0.22523,32705
18.66781,37.57731,4.74932,0.24769,32298
18.67781,37.54915,4.7468,0.26344,32393
18.68781,37.56922,4.74428,0.23935,32418
18.6978,37.57364,4.74176,0.23009,32504
18.7078,37.55833,4.73925,0.2361,32455
18.7178,37.55653,4.73674,0.24907,32596
18.7278,37.53878,4.73424,0.22911,32910
18.7378,37.53145,4.73173,0.25343,32778
18.7478,37.54406,4.72923,0.24315,32531
18.75779,37.52188,4.72674,0.24084,32810
18.76779,37.4834,4.72424,0.23127,32703
18.77779,37.46217,4.72175,0.25963,32398
18.78779,37.45918,4.71926,0.22374,32903
18.79779,37.47024,4.71677,0.23896,32445
18.80779,37.45764,4.71428,0.26723,32704
18.81778,37.46274,4.7118,0.2587,32792
18.82778,37.44856,4.70932,0.24313,32927
18.83778,37.44311,4.70685,0.22179,32589
18.84778,37.44008,4.70437,0.22928,32711
18.85778,37.40686,4.7019,0.23922,32865
18.86778,37.39464,4.69943,0.25427,32758
18.87777,37.35133,4.69696,0.23858,32586
18.88777,37.38272,4.6945,0.21878,32674
18.89777,37.39091,4.69204,0.26869,32851
18.90777,37.3752,4.68958,0.23934,32700
18.91777,37.37378,4.68712,0.23479,32973
18.92777,37.36679,4.68467,0.24229,32991
18.93776,37.36761,4.68222,0.24137,32864
18.94776,37.34829,4.67977,0.25334,32886
18.95776,37.33649,4.67733,0.22444,33003
18.96776,37.30657,4.67488,0.25626,32898
18.97776,37.30318,4.67244,0.23554,32646
18.98776,37.3,4.67001,0.22022,33007
18.99775,37.32414,4.66757,0.23659,32906
19.00775,37.30606,4.66514,0.24636,32839
19.01775,37.3005,4.66271,0.25798,33094
19.02775,37.30567,4.66028,0.21739,32996
19.03775,37.29545,4.65785,0.24864,32884
19.04775,37.27987,4.65543,0.2439,33058
19.05774,37.23101,4.65301,0.24132,32909
19.06774,37.24485,4.6506,0.22138,33120
19.07774,37.21652,4.64818,0.2504,33022
19.08774,37.22187,4.64577,0.23717,33036
19.09774,37.23012,4.64336,0.25906,33055
19.10773,37.21503,4.64095,0.23228,32989
19.11773,37.20588,4.63855,0.22982,33110
19.12773,37.19426,4.63614,0.24658,33091
19.13773,37.17865,4.63375,0.22664,33407
19.14773,37.16272,4.63135,0.24448,32864
19.15773,37.1482,4.62895,0.23202,33293
19.16772,37.12034,4.62656,0.23206,33054
19.17772,37.12417,4.62417,0.22838,33074
19.18772,37.11471,4.62179,0.23459,33190
19.19772,37.12667,4.6194,0.25304,33100
19.20772,37.10322,4.61702,0.25571,33222
19.21772,37.11732,4.61464,0.24569,32979
19.22771,37.11151,4.61226,0.22324,33220
19.23771,37.07307,4.60989,0.24341,33264
19.24771,37.0467,4.60752,0.25617,33129
19.25771,37.04124,4.60515,0.21563,33148
19.26771,37.03039,4.60278,0.24449,33149
19.27771,37.01669,4.60041,0.22897,33373
19.2877,37.02691,4.59805,0.23833,33487
19.2977,37.03467,4.59569,0.22457,33194
19.3077,37.04557,4.59333,0.22726,33343
19.3177,37.02864,4.59098,0.27567,33226
19.3277,37.00678,4.58863,0.24584,33551
19.3377,37.00049,4.58628,0.22649,33303
19.34769,36.97732,4.58393,0.23463,33281
19.35769,36.98527,4.58159,0.22597,33468
19.36769,36.95168,4.57924,0.24011,33282
19.37769,36.961,4.5769,0.22543,33322
19.38769,36.98498,4.57456,0.25373,33411
19.39769,36.96429,4.57223,0.25348,33218
19.40768,36.98806,4.5699,0.23114,33101
19.41768,36.96431,4.56757,0.23039,33368
19.42768,36.94094,4.56524,0.23062,33908
19.43768,36.89331,4.56291,0.24496,33357
19.44768,36.92203,4.56059,0.22731,33542
19.45768,36.9012,4.55827,0.23388,33484
19.46767,36.87652,4.55595,0.2348,33468
19.47767,36.86793,4.55363,0.23222,33555
19.48767,36.89653,4.55132,0.22312,33469
19.49767,36.9129,4.54901,0.23241,33267
19.50767,36.8777,4.5467,0.27513,33567
19.51766,36.86893,4.54439,0.24981,33625
19.52766,36.84102,4.54209,0.23105,33690
19.53766,36.80938,4.53979,0.23232,33381
19.54766,36.81123,4.53749,0.23893,33507
19.55766,36.78872,4.53519,0.2132,33488
19.56766,36.77406,4.53289,0.23068,33658
19.57765,36.7535,4.5306,0.22769,33750
19.58765,36.79098,4.52831,0.24571,33420
19.59765,36.77268,4.52602,0.238,33659
19.60765,36.75002,4.52374,0.22888,33601
19.61765,36.71598,4.52146,0.2683,33796
19.62765,36.70065,4.51918,0.22713,33572
19.63764,36.71908,4.5169,0.23618,33551
19.64764,36.68028,4.51462,0.22977,33724
19.65764,36.65292,4.51235,0.22875,33692
19.66764,36.67588,4.51008,0.23563,33577
19.67764,36.64189,4.50781,0.22267,33893
19.68764,36.71512,4.50554,0.23698,33278
19.69763,36.67278,4.50328,0.2279,33861
19.70763,36.63806,4.50101,0.25402,33772
19.71763,36.60672,4.49875,0.23037,33905
19.72763,36.62582,4.4965,0.23036,33803
19.73763,36.62577,4.49424,0.25784,34021
19.74763,36.60301,4.49199,0.21702,33864
19.75762,36.59029,4.48974,0.23181,33844
19.76762,36.6012,4.48749,0.20984,34046
19.77762,36.6252,4.48524,0.23848,33653
19.78762,36.60869,4.483,0.2412,33680
19.79762,36.61221,4.48076,0.27263,33924
19.80762,36.58973,4.47852,0.21951,33907
19.81761,36.54666,4.47628,0.27939,33752
19.82761,36.56811,4.47405,0.20978,33969
19.83761,36.55758,4.47182,0.22392,34007
19.84761,36.53493,4.46959,0.25607,33877
19.85761,36.55924,4.46736,0.20319,34116
19.8676,36.56783,4.46513,0.22833,33962
19.8776,36.55672,4.46291,0.23651,33816
19.8876,36.55155,4.46069,0.22163,33995
19.8976,36.5432,4.45847,0.2519,34022
19.9076,36.5174,4.45625,0.25316,33944
19.9176,36.5067,4.45404,0.23839,33814
19.92759,36.50811,4.45183,0.2471,34340
19.93759,36.50526,4.44962,0.22986,33992
19.94759,36.45187,4.44741,0.21015,33917
19.95759,36.47553,4.4452,0.23345,34053
19.96759,36.49566,4.443,0.20913,34270
19.97759,36.50229,4.4408,0.25251,33670
19.98758,36.47776,4.4386,0.23453,34189
19.99758,36.47165,4.4364,0.23613,34174
20.00758,36.45779,4.43421,0.22481,33971
20.01758,36.44754,4.43202,0.24617,34234
20.02758,36.44755,4.42983,0.23952,34281
20.03758,36.43383,4.42764,0.23044,34110
20.04757,36.40433,4.42545,0.2265,34309
20.05757,36.42135,4.42327,0.21028,34271
20.06757,36.42742,4.42109,0.23003,34116
20.07757,36.42112,4.41891,0.23115,34195
20.08757,36.4121,4.41673,0.24491,34328
20.09757,36.38092,4.41456,0.24735,33980
20.10756,36.39494,4.41238,0.24826,34158
20.11756,36.37085,4.41021,0.22351,34409
20.12756,36.37444,4.40805,0.22493,34180
20.13756,36.35228,4.40588,0.22178,33940
20.14756,36.3735,4.40372,0.21565,34539
20.15756,36.36496,4.40155,0.22968,34206
20.16755,36.37343,4.39939,0.22417,34244
20.17755,36.36496,4.39724,0.24191,34459
20.18755,36.33668,4.39508,0.2337,34340
20.19755,36.31443,4.39293,0.23371,34368
20.20755,36.32464,4.39078,0.24588,34357
20.21755,36.31466,4.38863,0.2464,34559
20.22754,36.27506,4.38648,0.22889,34318
20.23754,36.29131,4.38434,0.21354,34181
20.24754,36.28807,4.3822,0.23533,34496
20.25754,36.2778,4.38005,0.22701,34291
20.26754,36.27644,4.37792,0.22269,34135
20.27753,36.25935,4.37578,0.23072,34467
20.28753,36.22754,4.37365,0.20906,34641
20.29753,36.21034,4.37151,0.23614,34561
20.30753,36.21726,4.36939,0.26044,34529
20.31753,36.20856,4.36726,0.23835,34703
20.32753,36.1766,4.36513,0.22439,34358
20.33752,36.18538,4.36301,0.23138,34252
20.34752,36.17906,4.36089,0.21222,34767
20.35752,36.20782,4.35877,0.22136,34563
20.36752,36.17335,4.35665,0.22822,34531
20.37752,36.1553,4.35454,0.24779,34420
20.38752,36.13774,4.35242,0.23627,34711
20.39751,36.14808,4.35031,0.22465,34771
20.40751,36.13808,4.3482,0.25192,34473
20.41751,36.10805,4.3461,0.22306,34650
20.42751,36.12394,4.34399,0.22944,34353
20.43751,36.10616,4.34189,0.21579,34896
20.44751,36.11368,4.33979,0.22983,34433
20.4575,36.13214,4.33769,0.22299,34676
20.4675,36.08003,4.33559,0.21364,34495
20.4775,36.09652,4.3335,0.23141,34755
20.4875,36.08587,4.33141,0.2349,34614
20.4975,36.05568,4.32932,0.24571,34927
20.5075,36.07355,4.32723,0.24742,34863
20.51749,36.07979,4.32514,0.22828,34910
20.52749,36.06574,4.32306,0.2288,34687
20.53749,36.04786,4.32098,0.21534,35005
20.54749,36.0783,4.3189,0.22487,34675
20.55749,36.03985,4.31682,0.22692,34643
20.56749,36.05338,4.31474,0.21401,34770
20.57748,36.04175,4.31267,0.22455,34793
20.58748,36.02188,4.3106,0.23032,34868
20.59748,36.02434,4.30853,0.22921,34975
20.60748,36.0225,4.30646,0.24136,34820
20.61748,35.99927,4.30439,0.23221,34688
20.62748,36.00363,4.30233,0.23546,34987
20.63747,36.00762,4.30027,0.22236,35109
20.64747,36.019,4.29821,0.22026,34713
20.65747,35.98322,4.29615,0.21473,34831
20.66747,35.98816,4.29409,0.23602,35029
20.67747,35.97957,4.29204,0.2315,35320
20.68746,35.97477,4.28999,0.23346,34762
20.69746,35.97466,4.28794,0.23137,35010
20.70746,35.97488,4.28589,0.22241,35025
20.71746,35.94901,4.28385,0.22791,34886
20.72746,35.96399,4.2818,0.23695,35023
20.73746,35.97438,4.27976,0.22069,35117
20.74745,35.93416,4.27772,0.21892,34832
20.75745,35.96067,4.27568,0.22156,35072
20.76745,35.95662,4.27365,0.22153,35197
20.77745,35.92242,4.27161,0.2388,34993
20.78745,35.96296,4.26958,0.21633,35205
20.79745,35.91789,4.26755,0.26222,34920
20.80744,35.93942,4.26552,0.22024,35175
20.81744,35.92133,4.2635,0.23837,35146
20.82744,35.91828,4.26147,0.23551,35469
20.83744,35.91933,4.25945,0.22043,34694
20.84744,35.90743,4.25743,0.21497,35321
20.85744,35.90711,4.25541,0.20501,35073
20.86743,35.89831,4.2534,0.2477,35293
20.87743,35.89394,4.25138,0.20822,35176
20.88743,35.89231,4.24937,0.22905,35389
20.89743,35.87091,4.24736,0.2172,35201
20.90743,35.86258,4.24535,0.25694,35142
20.91743,35.85325,4.24334,0.23504,35312
20.92742,35.856,4.24134,0.21746,35301
20.93742,35.84028,4.23933,0.22398,35035
20.94742,35.82428,4.23733,0.22394,35305
20.95742,35.81128,4.23534,0.23156,35493
20.96742,35.82816,4.23334,0.21973,35283
20.97742,35.79845,4.23134,0.22577,35324
20.98741,35.78893,4.22935,0.23582,35339
20.99741,35.79272,4.22736,0.22012,35335
21.00741,35.77007,4.22537,0.21975,35308
21.01741,35.7718,4.22338,0.2302,35493
21.02741,35.7612,4.2214,0.23673,35185
21.03741,35.75648,4.21941,0.21032,35409
21.0474,35.74347,4.21743,0.22164,35551
21.0574,35.73808,4.21545,0.21775,35476
21.0674,35.7422,4.21347,0.23578,35325
21.0774,35.71199,4.2115,0.21906,35520
21.0874,35.713,4.20952,0.21664,35537
21.09739,35.72641,4.20755,0.2638,35328
21.10739,35.69204,4.20558,0.22839,35634
21.11739,35.70902,4.20361,0.22198,35520
21.12739,35.70649,4.20164,0.2295,35400
21.13739,35.69597,4.19968,0.24186,35409
21.14739,35.68555,4.19772,0.1947,35643
21.15738,35.67648,4.19575,0.22031,35617
21.16738,35.68175,4.1938,0.22679,35462
21.17738,35.67857,4.19184,0.21423,35700
21.18738,35.66259,4.18988,0.2267,35657
21.19738,35.66136,4.18793,0.22732,35622
21.20738,35.67803,4.18598,0.23094,35624
21.21737,35.662,4.18403,0.24326,35557
21.22737,35.64475,4.18208,0.21824,35554
21.23737,35.65828,4.18013,0.22539,35931
21.24737,35.63998,4.17819,0.22415,35661
21.25737,35.64704,4.17625,0.22034,35548
21.26737,35.63625,4.1743,0.21977,35817
21.27736,35.6439,4.17237,0.23275,35760
21.28736,35.61462,4.17043,0.22658,35529
21.29736,35.61982,4.16849,0.21461,35952
21.30736,35.62155,4.16656,0.22685,35533
21.31736,35.6167,4.16463,0.21709,35876
21.32736,35.60007,4.1627,0.23981,35818
21.33735,35.60426,4.16077,0.21757,35849
21.34735,35.5991,4.15884,0.20743,35633
21.35735,35.58758,4.15692,0.22914,36063
21.36735,35.58206,4.155,0.2229,35838
21.37735,35.56498,4.15308,0.22189,35857
21.38735,35.5768,4.15116,0.2296,35764
21.39734,35.57298,4.14924,0.22661,35980
21.40734,35.55029,4.14733,0.23191,35911
21.41734,35.5528,4.14541,0.21997,35811
21.42734,35.56995,4.1435,0.22867,35948
21.43734,35.53964,4.14159,0.23072,35892
21.44734,35.5446,4.13968,0.20826,35842
21.45733,35.53507,4.13778,0.21312,36010
21.46733,35.5292,4.13587,0.22784,35972
21.47733,35.51996,4.13397,0.2193,35887
21.48733,35.49772,4.13207,0.21222,36072
21.49733,35.52075,4.13017,0.22077,36021
21.50732,35.50988,4.12827,0.23333,35926
21.51732,35.51007,4.12638,0.23767,36204
21.52732,35.49681,4.12448,0.22396,35967
21.53732,35.48191,4.12259,0.21479,36037
21.54732,35.49643,4.1207,0.21963,36275
21.55732,35.48282,4.11881,0.22271,36055
21.56731,35.46563,4.11692,0.22686,35848
21.57731,35.45658,4.11504,0.22602,36131
21.58731,35.47171,4.11316,0.20949,36059
21.59731,35.44941,4.11127,0.21984,35995
21.60731,35.44837,4.10939,0.20646,36195
21.61731,35.45031,4.10752,0.25744,36185
21.6273,35.42714,4.10564,0.22047,36137
21.6373,35.44302,4.10376,0.21895,36269
21.6473,35.41916,4.10189,0.2122,36202
21.6573,35.40154,4.10002,0.22705,36230
21.6673,35.41256,4.09815,0.23265,36190
21.6773,35.41295,4.09628,0.20487,36231
21.68729,35.38406,4.09442,0.22847,36100
21.69729,35.41338,4.09255,0.21633,36369
21.70729,35.3867,4.09069,0.23772,36381
21.71729,35.37839,4.08883,0.22605,36182
21.72729,35.36991,4.08697,0.22785,36198
21.73729,35.36785,4.08511,0.21487,36394
21.74728,35.36197,4.08326,0.21634,36347
21.75728,35.3428,4.08141,0.20153,36246
21.76728,35.35532,4.07955,0.22057,36439
21.77728,35.33427,4.0777,0.22961,36397
21.78728,35.3541,4.07585,0.2123,36287
21.79728,35.33184,4.07401,0.22902,36443
21.80727,35.33569,4.07216,0.22811,36347
21.81727,35.3381,4.07032,0.22345,36499
21.82727,35.30531,4.06848,0.21406,36429
21.83727,35.31943,4.06664,0.23651,36552
21.84727,35.31823,4.0648,0.223,36391
21.85726,35.30113,4.06296,0.20857,36500
21.86726,35.29559,4.06113,0.22556,36468
21.87726,35.31019,4.05929,0.21735,36338
21.88726,35.30916,4.05746,0.20253,36448
21.89726,35.30077,4.05563,0.23556,36598
21.90726,35.29375,4.0538,0.22439,36438
21.91725,35.29812,4.05198,0.22099,36681
21.92725,35.2932,4.05015,0.23066,36521
21.93725,35.29331,4.04833,0.21016,36480
21.94725,35.27531,4.04651,0.21853,36721
21.95725,35.2768,4.04469,0.20466,36636
21.96725,35.29959,4.04287,0.23337,36468
21.97724,35.28157,4.04105,0.22631,36780
21.98724,35.27657,4.03924,0.21908,36620
21.99724,35.28528,4.03742,0.21916,36645
22.00724,35.28152,4.03561,0.22276,36770
22.01724,35.27387,4.0338,0.21651,36623
22.02724,35.26077,4.03199,0.225,36507
22.03723,35.27047,4.03019,0.22278,36767
22.04723,35.27444,4.02838,0.2063,36672
22.05723,35.25619,4.02658,0.21141,36715
22.06723,35.27386,4.02477,0.21705,36804
22.07723,35.28108,4.02297,0.23026,36824
22.08723,35.25885,4.02118,0.21805,36720
22.09722,35.24519,4.01938,0.21716,36814
22.10722,35.25547,4.01758,0.2227,36783
22.11722,35.26409,4.01579,0.2252,36789
22.12722,35.23406,4.014,0.23286,36846
22.13722,35.24754,4.01221,0.21769,36836
22.14722,35.24638,4.01042,0.21309,36924
22.15721,35.25616,4.00863,0.20534,36831
22.16721,35.24682,4.00685,0.22014,36848
22.17721,35.22204,4.00506,0.22538,36786
22.18721,35.23122,4.00328,0.22185,36917
22.19721,35.26323,4.0015,0.21774,36946
22.20721,35.22577,3.99972,0.20876,36909
22.2172,35.20717,3.99794,0.21955,36942
22.2272,35.23228,3.99617,0.2244,36988
22.2372,35.2249,3.99439,0.21686,36927
22.2472,35.21885,3.99262,0.22536,36883
22.2572,35.2113,3.99085,0.20865,37074
22.26719,35.20986,3.98908,0.22752,36980
22.27719,35.20609,3.98731,0.20423,37199
22.28719,35.19607,3.98555,0.21914,37053
22.29719,35.1946,3.98378,0.22597,37100
22.30719,35.18779,3.98202,0.22745,36955
22.31719,35.18345,3.98026,0.2273,37206
22.32718,35.17366,3.9785,0.22493,37006
22.33718,35.18659,3.97674,0.19249,36943
22.34718,35.17467,3.97498,0.21224,37170
22.35718,35.16503,3.97323,0.22283,37313
22.36718,35.14833,3.97148,0.20887,37093
22.37718,35.14611,3.96972,0.24442,37187
22.38717,35.14763,3.96797,0.20148,37174
22.39717,35.1307,3.96622,0.22498,37275
22.40717,35.11954,3.96448,0.21345,37252
22.41717,35.1396,3.96273,0.22635,37227
22.42717,35.12352,3.96099,0.21735,37138
22.43717,35.12051,3.95924,0.22567,37347
22.44716,35.1177,3.9575,0.21446,37429
22.45716,35.11329,3.95576,0.21663,37154
22.46716,35.09023,3.95403,0.21406,37333
22.47716,35.09902,3.95229,0.21726,37212
22.48716,35.07581,3.95056,0.2055,37227
22.49716,35.10095,3.94882,0.20998,37521
22.50715,35.08639,3.94709,0.22011,37311
22.51715,35.08682,3.94536,0.22074,37272
22.52715,35.08037,3.94363,0.23373,37445
22.53715,35.09979,3.94191,0.20777,37365
22.54715,35.05725,3.94018,0.22006,37337
22.55715,35.07022,3.93846,0.2224,37697
22.56714,35.07654,3.93673,0.19432,37378
22.57714,35.05083,3.93501,0.23743,37406
22.58714,35.05063,3.93329,0.22139,37598
22.59714,35.05621,3.93158,0.21428,37491
22.60714,35.06947,3.92986,0.21869,37387
22.61714,35.05584,3.92815,0.21202,37344
22.62713,35.06011,3.92643,0.20891,37674
22.63713,35.05575,3.92472,0.21429,37423
22.64713,35.04731,3.92301,0.23113,37515
22.65713,35.04216,3.9213,0.22136,37524
22.66713,35.03652,3.9196,0.19975,37643
22.67712,35.02243,3.91789,0.20573,37567
22.68712,35.03857,3.91619,0.20779,37682
22.69712,35.03373,3.91448,0.23934,37591
22.70712,35.04265,3.91278,0.21562,37682
22.71712,35.03236,3.91108,0.22815,37540
22.72712,35.03416,3.90938,0.21216,37828
22.73711,35.0502,3.90769,0.21577,37594
22.74711,35.02136,3.90599,0.20307,37816
22.75711,35.02364,3.9043,0.21747,37527
22.76711,35.03867,3.90261,0.22651,37660
22.77711,35.02113,3.90092,0.21355,37734
22.78711,35.02721,3.89923,0.20095,37817
22.7971,35.04546,3.89754,0.21318,37700
22.8071,35.04774,3.89585,0.22382,37762
22.8171,35.0308,3.89417,0.20351,37798
22.8271,35.03688,3.89249,0.22542,37923
22.8371,35.0298,3.89081,0.22116,37777
22.8471,35.04577,3.88913,0.20961,37781
22.85709,35.03689,3.88745,0.22002,37789
22.86709,35.0356,3.88577,0.20652,38002
22.87709,35.03837,3.88409,0.2239,37922
22.88709,35.04584,3.88242,0.21637,37854
22.89709,35.04665,3.88075,0.2044,38007
22.90709,35.04696,3.87908,0.22165,37984
22.91708,35.03924,3.87741,0.23992,37811
22.92708,35.03933,3.87574,0.19899,38071
22.93708,35.03281,3.87407,0.22028,37794
22.94708,35.04027,3.87241,0.19426,37997
22.95708,35.03928,3.87074,0.20911,38090
22.96708,35.03876,3.86908,0.21934,37916
22.97707,35.02405,3.86742,0.20919,37992
22.98707,35.03969,3.86576,0.23786,38132
22.99707,35.0386,3.8641,0.20969,38043
23.00707,35.03547,3.86244,0.21174,38114
23.01707,35.0152,3.86079,0.20657,38204
23.02707,35.01309,3.85914,0.23173,38069
23.03706,35.02069,3.85748,0.21288,38272
23.04706,35.01796,3.85583,0.2186,38082
23.05706,35.00903,3.85418,0.21622,38209
23.06706,34.99711,3.85253,0.20597,38006
23.07706,35.01436,3.85089,0.19678,38196
23.08705,35.008,3.84924,0.20449,38123
23.09705,34.99668,3.8476,0.23316,38268
23.10705,34.98508,3.84596,0.22126,38360
23.11705,34.98401,3.84432,0.21082,38105
23.12705,34.99762,3.84268,0.20931,38329
23.13705,34.98264,3.84104,0.21985,38511
23.14704,34.9679,3.8394,0.20529,38115
23.15704,34.97578,3.83777,0.20408,38264
23.16704,34.98211,3.83613,0.24358,38392
23.17704,34.9792,3.8345,0.20251,38421
23.18704,34.9577,3.83287,0.21482,38250
23.19704,34.97089,3.83124,0.22249,38590
23.20703,34.97427,3.82961,0.21698,38162
23.21703,34.95905,3.82799,0.21129,38451
23.22703,34.97386,3.82636,0.19986,38308
23.23703,34.94733,3.82474,0.20969,38330
23.24703,34.95309,3.82312,0.21147,38561
23.25703,34.97668,3.82149,0.21227,38538
23.26702,34.96103,3.81988,0.21622,38474
23.27702,34.96963,3.81826,0.21811,38505
23.28702,34.94745,3.81664,0.20536,38504
23.29702,34.96949,3.81502,0.20551,38406
23.30702,34.95122,3.81341,0.22343,38705
23.31702,34.95821,3.8118,0.22661,38537
23.32701,34.96633,3.81019,0.2093,38433
23.33701,34.95178,3.80858,0.22253,38707
23.34701,34.95833,3.80697,0.19355,38694
23.35701,34.94704,3.80536,0.20843,38541
23.36701,34.95336,3.80376,0.22063,38539
23.37701,34.94796,3.80215,0.20239,38614
23.387,34.93493,3.80055,0.23098,38617
23.397,34.9341,3.79895,0.20327,38743
23.407,34.94804,3.79735,0.20857,38743
23.417,34.92731,3.79575,0.20619,38491
23.427,34.93541,3.79415,0.2079,38775
23.437,34.92782,3.79256,0.23841,38817
23.44699,34.92214,3.79096,0.20335,38678
23.45699,34.90597,3.78937,0.21244,38837
23.46699,34.90305,3.78778,0.2081,38895
23.47699,34.9112,3.78619,0.21188,38587
23.48699,34.89741,3.7846,0.20548,38984
23.49698,34.87093,3.78301,0.23118,38869
23.50698,34.88077,3.78142,0.20842,38822
23.51698,34.87631,3.77984,0.21934,38844
23.52698,34.88554,3.77825,0.20047,38833
23.53698,34.86012,3.77667,0.20148,38756
23.54698,34.84912,3.77509,0.21491,39093
23.55697,34.83684,3.77351,0.20843,38880
23.56697,34.85799,3.77193,0.20247,38891
23.57697,34.84439,3.77036,0.2206,39030
23.58697,34.8319,3.76878,0.21352,38967
23.59697,34.82417,3.76721,0.1973,39002
23.60697,34.82379,3.76563,0.24304,38948
23.61696,34.82049,3.76406,0.20413,39052
23.62696,34.83171,3.76249,0.20468,39046
23.63696,34.81583,3.76092,0.21241,39181
23.64696,34.8072,3.75935,0.21468,39099
23.65696,34.80053,3.75779,0.21057,39075
23.66696,34.80323,3.75622,0.2109,39055
23.67695,34.80891,3.75466,0.20315,39063
23.68695,34.79463,3.7531,0.19824,39045
23.69695,34.7863,3.75154,0.21138,39203
23.70695,34.79571,3.74998,0.21027,39066
23.71695,34.79914,3.74842,0.21435,39106
23.72695,34.7874,3.74686,0.22836,39363
23.73694,34.7784,3.74531,0.20866,39078
23.74694,34.76236,3.74375,0.19059,39265
23.75694,34.76883,3.7422,0.20821,39355
23.76694,34.77262,3.74065,0.21481,39278
23.77694,34.77607,3.7391,0.21708,39123
23.78694,34.75267,3.73755,0.22337,39427
23.79693,34.73928,3.736,0.19587,39298
23.80693,34.7462,3.73445,0.21976,39447
23.81693,34.75633,3.73291,0.20776,39329
23.82693,34.74246,3.73136,0.21041,39293
23.83693,34.73225,3.72982,0.20698,39151
23.84692,34.73148,3.72828,0.21207,39569
23.85692,34.72649,3.72674,0.19385,39316
23.86692,34.71672,3.7252,0.20903,39443
23.87692,34.71507,3.72367,0.21112,39530
23.88692,34.70817,3.72213,0.21307,39276
23.89692,34.72891,3.72059,0.20458,39424
23.90691,34.72657,3.71906,0.21791,39656
23.91691,34.71809,3.71753,0.21936,39481
23.92691,34.70636,3.716,0.1948,39565
23.93691,34.70154,3.71447,0.23556,39504
23.94691,34.72133,3.71294,0.19179,39373
23.95691,34.71887,3.71141,0.20756,39816
23.9669,34.70365,3.70989,0.2105,39417
23.9769,34.70846,3.70836,0.20944,39395
23.9869,34.70897,3.70684,0.21058,39663
23.9969,34.73129,3.70532,0.20984,39604
24.0069,34.70618,3.7038,0.20268,39571
24.0169,34.71464,3.70228,0.21431,39731
24.02689,34.71347,3.70076,0.20153,39625
24.03689,34.73282,3.69924,0.20071,39508
24.04689,34.71506,3.69773,0.22306,39886
24.05689,34.70573,3.69621,0.20462,39855
24.06689,34.71412,3.6947,0.21463,39569
24.07689,34.72703,3.69319,0.18967,39873
24.08688,34.71395,3.69168,0.22409,39752
24.09688,34.71519,3.69017,0.19968,39820
24.10688,34.72056,3.68866,0.21724,39850
24.11688,34.72284,3.68716,0.22005,39677
24.12688,34.69868,3.68565,0.2125,39595
24.13688,34.71027,3.68415,0.1928,39919
24.14687,34.70604,3.68264,0.20486,39972
24.15687,34.71395,3.68114,0.19655,39628
24.16687,34.70687,3.67964,0.21347,40061
24.17687,34.7051,3.67814,0.21113,39870
24.18687,34.71473,3.67664,0.21289,39738
24.19687,34.69743,3.67515,0.20089,40060
24.20686,34.70737,3.67365,0.2157,39868
24.21686,34.69838,3.67216,0.21281,39855
24.22686,34.68761,3.67067,0.20722,40015
24.23686,34.70031,3.66917,0.20952,40114
24.24686,34.69947,3.66768,0.20712,39959
24.25685,34.70844,3.66619,0.20574,40186
24.26685,34.69004,3.66471,0.20826,39877
24.27685,34.68943,3.66322,0.20411,40020
24.28685,34.67991,3.66173,0.20169,40100
24.29685,34.68787,3.66025,0.20351,39982
24.30685,34.68291,3.65877,0.20231,40191
24.31684,34.68183,3.65729,0.21173,40064
24.32684,34.67506,3.65581,0.22968,39912
24.33684,34.67375,3.65433,0.19379,40304
24.34684,34.6827,3.65285,0.21567,40190
24.35684,34.66837,3.65137,0.19008,40274
24.36684,34.65844,3.6499,0.20278,40342
24.37683,34.65192,3.64842,0.20627,40190
24.38683,34.65439,3.64695,0.22469,40035
24.39683,34.63824,3.64548,0.20753,40427
24.40683,34.62753,3.64401,0.21621,40305
24.41683,34.63396,3.64254,0.19213,40295
24.42683,34.61847,3.64107,0.23017,40164
24.43682,34.62263,3.6396,0.20351,40173
24.44682,34.58995,3.63813,0.19366,40310
24.45682,34.58887,3.63667,0.20644,40520
24.46682,34.58263,3.63521,0.1978,40462
24.47682,34.56762,3.63374,0.20468,40151
24.48682,34.57122,3.63228,0.20371,40413
24.49681,34.56397,3.63082,0.21176,40477
24.50681,34.5574,3.62936,0.20038,40334
24.51681,34.53715,3.62791,0.21225,40488
24.52681,34.54222,3.62645,0.21605,40400
24.53681,34.52563,3.625,0.2131,40447
24.54681,34.5224,3.62354,0.20004,40636
24.5568,34.52826,3.62209,0.19685,40537
24.5668,34.51739,3.62064,0.1948,40465
24.5768,34.49905,3.61919,0.21109,40499
24.5868,34.50498,3.61774,0.21248,40509
24.5968,34.50281,3.61629,0.20643,40554
24.6068,34.51029,3.61484,0.2024,40680
24.61679,34.50195,3.6134,0.20643,40328
24.62679,34.47731,3.61195,0.20693,40808
24.63679,34.48716,3.61051,0.19911,40491
24.64679,34.48823,3.60907,0.21764,40693
24.65679,34.48553,3.60763,0.18752,40710
24.66678,34.48585,3.60619,0.21165,40662
24.67678,34.47412,3.60475,0.20583,40553
24.68678,34.4743,3.60331,0.20555,40850
24.69678,34.48295,3.60188,0.21084,40742
24.70678,34.46934,3.60044,0.19915,40762
24.71678,34.47352,3.59901,0.20074,40833
24.72677,34.46887,3.59757,0.23604,40663
24.73677,34.45505,3.59614,0.21553,40674
24.74677,34.47487,3.59471,0.1925,40797
24.75677,34.46234,3.59328,0.18559,40762
24.76677,34.4527,3.59186,0.1897,40957
24.77677,34.45388,3.59043,0.20959,40836
24.78676,34.45903,3.589,0.20947,40839
24.79676,34.47466,3.58758,0.22645,40922
24.80676,34.44885,3.58616,0.19296,40859
24.81676,34.44933,3.58473,0.20109,41015
24.82676,34.42811,3.58331,0.20702,40862
24.83676,34.45191,3.58189,0.22777,40907
24.84675,34.44243,3.58047,0.19445,40934
24.85675,34.44618,3.57906,0.19217,41181
24.86675,34.4331,3.57764,0.211,40986
24.87675,34.429,3.57622,0.2087,40983
24.88675,34.42022,3.57481,0.20108,40834
24.89675,34.4242,3.5734,0.20117,41110
24.90674,34.42496,3.57199,0.20017,40856
24.91674,34.42116,3.57058,0.1911,41104
24.92674,34.41686,3.56917,0.22259,41177
24.93674,34.39506,3.56776,0.21075,40999
24.94674,34.40281,3.56635,0.20861,41021
24.95674,34.40605,3.56494,0.1845,41408
24.96673,34.38446,3.56354,0.19171,41204
24.97673,34.39616,3.56214,0.22002,41166
24.98673,34.38067,3.56073,0.20093,41108
24.99673,34.36867,3.55933,0.20892,41165
25.00673,34.36601,3.55793,0.2068,41316
25.01673,34.36517,3.55653,0.20349,41365
25.02672,34.35406,3.55513,0.20307,41232
25.03672,34.35233,3.55374,0.21858,41062
25.04672,34.32699,3.55234,0.19587,41306
25.05672,34.32768,3.55095,0.18934,41319
25.06672,34.30775,3.54955,0.19384,41389
25.07671,34.32907,3.54816,0.19956,41122
25.08671,34.31728,3.54677,0.20689,41394
25.09671,34.29966,3.54538,0.19862,41404
25.10671,34.29808,3.54399,0.20078,41382
25.11671,34.27372,3.5426,0.19864,41564
25.12671,34.28553,3.54121,0.23379,41543
25.1367,34.26624,3.53983,0.19933,41309
25.1467,34.25877,3.53844,0.20726,41667
25.1567,34.24861,3.53706,0.19528,41417
25.1667,34.25975,3.53568,0.1869,41621
25.1767,34.24504,3.53429,0.21539,41589
25.1867,34.24239,3.53291,0.20338,41533
25.19669,34.22437,3.53153,0.20493,41530
25.20669,34.21783,3.53016,0.19704,41725
25.21669,34.19595,3.52878,0.20015,41465
25.22669,34.21678,3.5274,0.19737,41677
25.23669,34.20053,3.52603,0.20577,41691
25.24669,34.19017,3.52466,0.1946,41845
25.25668,34.18316,3.52328,0.19689,41713
25.26668,34.1672,3.52191,0.19932,41746
25.27668,34.18387,3.52054,0.20347,41593
25.28668,34.14705,3.51917,0.20104,41886
25.29668,34.16349,3.5178,0.19398,41924
25.30668,34.13521,3.51644,0.20997,41672
25.31667,34.13772,3.51507,0.20544,42011
25.32667,34.12203,3.5137,0.20045,41717
25.33667,34.12226,3.51234,0.20411,41964
25.34667,34.08985,3.51098,0.21398,41738
25.35667,34.1017,3.50962,0.19087,41918
25.36667,34.08869,3.50826,0.17899,41823
25.37666,34.0745,3.5069,0.20069,42111
25.38666,34.06224,3.50554,0.19114,41902
25.39666,34.06155,3.50418,0.21389,42070
25.40666,34.02914,3.50282,0.19815,41999
25.41666,34.03649,3.50147,0.20513,42129
25.42666,34.02219,3.50011,0.20816,42021
25.43665,34.02088,3.49876,0.18863,42137
25.44665,33.99455,3.49741,0.21839,41916
25.45665,33.99406,3.49606,0.20436,42350
25.46665,33.98387,3.49471,0.18748,42261
25.47665,33.98665,3.49336,0.19031,41994
25.48664,33.95958,3.49201,0.20092,42399
25.49664,33.95243,3.49066,0.19726,42049
25.50664,33.943,3.48932,0.20687,42010
25.51664,33.93745,3.48797,0.18907,42325
25.52664,33.94483,3.48663,0.19296,42295
25.53664,33.91858,3.48529,0.20579,42282
25.54663,33.92476,3.48395,0.19521,42536
25.55663,33.89746,3.48261,0.19885,42320
25.56663,33.91789,3.48127,0.19501,42246
25.57663,33.90374,3.47993,0.19849,42421
25.58663,33.88798,3.47859,0.18712,42489
25.59663,33.87386,3.47726,0.20542,42515
25.60662,33.88219,3.47592,0.20928,42563
25.61662,33.86817,3.47459,0.20761,42262
25.62662,33.87292,3.47325,0.19278,42541
25.63662,33.87484,3.47192,0.19191,42500
25.64662,33.84247,3.47059,0.19894,42689
25.65662,33.8392,3.46926,0.21042,42465
25.66661,33.83819,3.46793,0.18404,42656
25.67661,33.82691,3.4666,0.18357,42498
25.68661,33.84443,3.46528,0.18961,42632
25.69661,33.80585,3.46395,0.19663,42779
25.70661,33.8263,3.46263,0.20838,42685
25.71661,33.80774,3.4613,0.19727,42869
25.7266,33.79465,3.45998,0.21179,42735
25.7366,33.7867,3.45866,0.18432,42693
25.7466,33.76269,3.45734,0.20826,42845
25.7566,33.77173,3.45602,0.20645,42982
25.7666,33.75702,3.4547,0.18871,42811
25.7766,33.7606,3.45338,0.19201,43116
25.78659,33.72936,3.45207,0.18757,42617
25.79659,33.72216,3.45075,0.19938,42946
25.80659,33.72647,3.44944,0.20531,43050
25.81659,33.70643,3.44813,0.19376,42675
25.82659,33.69098,3.44681,0.1869,43147
25.83658,33.67478,3.4455,0.1923,43094
25.84658,33.66902,3.44419,0.19439,42764
25.85658,33.65166,3.44288,0.20367,43202
25.86658,33.62962,3.44157,0.19153,43176
25.87658,33.63252,3.44027,0.19174,43007
25.88658,33.62054,3.43896,0.1942,43410
25.89657,33.59568,3.43766,0.19584,43100
25.90657,33.60053,3.43635,0.20007,43049
25.91657,33.57383,3.43505,0.19681,43296
25.92657,33.5608,3.43375,0.18856,43157
25.93657,33.54669,3.43245,0.21167,43344
25.94657,33.54602,3.43115,0.20097,43432
25.95656,33.50925,3.42985,0.18497,43125
25.96656,33.4969,3.42855,0.18229,43269
25.97656,33.48308,3.42725,0.18645,43338
25.98656,33.48665,3.42596,0.18851,43175
25.99656,33.44973,3.42466,0.19375,43592
26.00656,33.44226,3.42337,0.19817,43335
26.01655,33.43307,3.42207,0.2028,43499
26.02655,33.40162,3.42078,0.19381,43398
26.03655,33.39592,3.41949,0.18816,43645
26.04655,33.38406,3.4182,0.20876,43425
26.05655,33.36575,3.41691,0.19168,43686
26.06655,33.36798,3.41562,0.18899,43270
26.07654,33.33552,3.41434,0.18833,43754
26.08654,33.33048,3.41305,0.19542,43648
26.09654,33.31282,3.41177,0.2034,43516
26.10654,33.29517,3.41048,0.18723,43851
26.11654,33.28151,3.4092,0.18694,43520
26.12654,33.29106,3.40792,0.19283,43226
26.13653,33.26043,3.40664,0.18728,44010
26.14653,33.25174,3.40536,0.19497,43755
26.15653,33.24961,3.40408,0.20543,43529
26.16653,33.24933,3.4028,0.18967,44023
26.17653,33.22835,3.40152,0.1726,43549
26.18653,33.21106,3.40025,0.18843,44000
26.19652,33.21301,3.39897,0.20178,44038
26.20652,33.20137,3.3977,0.20289,43627
26.21652,33.18356,3.39642,0.19858,43990
26.22652,33.19324,3.39515,0.189,44025
26.23652,33.17402,3.39388,0.18867,43642
26.24651,33.16621,3.39261,0.21622,44279
26.25651,33.16507,3.39134,0.19052,43856
26.26651,33.15073,3.39007,0.18263,44085
26.27651,33.1568,3.38881,0.18571,43877
26.28651,33.15254,3.38754,0.17908,43880
26.29651,33.11831,3.38627,0.18343,44082
26.3065,33.12491,3.38501,0.18527,44106
26.3165,33.11368,3.38375,0.20266,44050
26.3265,33.10874,3.38248,0.19036,44155
26.3365,33.08461,3.38122,0.19372,44207
26.3465,33.09056,3.37996,0.19745,44095
26.3565,33.06231,3.3787,0.20607,44284
26.36649,33.04466,3.37744,0.18307,44437
26.37649,33.03981,3.37619,0.18351,44074
26.38649,33.02431,3.37493,0.2032,44574
26.39649,33.04003,3.37368,0.17745,44197
26.40649,33.00783,3.37242,0.20219,44129
26.41649,32.99664,3.37117,0.19641,44527
26.42648,32.99068,3.36991,0.19244,44366
26.43648,32.96562,3.36866,0.1823,44231
26.44648,32.96799,3.36741,0.17763,44174
26.45648,32.94823,3.36616,0.19759,44368
26.46648,32.921,3.36491,0.18958,44344
26.47648,32.93512,3.36366,0.18308,44604
26.48647,32.91472,3.36242,0.19483,44299
26.49647,32.87708,3.36117,0.18341,44600
26.50647,32.89614,3.35993,0.18786,44403
26.51647,32.85232,3.35868,0.18778,44537
26.52647,32.85801,3.35744,0.21178,44661
26.53647,32.83817,3.3562,0.19667,44485
26.54646,32.82291,3.35495,0.18642,44722
26.55646,32.8121,3.35371,0.19104,44606
26.56646,32.80204,3.35247,0.19948,44763
26.57646,32.78212,3.35124,0.17495,44591
26.58646,32.78212,3.35,0.19279,44337
26.59646,32.76031,3.34876,0.18438,44436
26.60645,32.73278,3.34753,0.17014,44726
26.61645,32.74346,3.34629,0.19547,44709
26.62645,32.72014,3.34506,0.2055,44565
26.63645,32.70263,3.34382,0.1903,44770
26.64645,32.69047,3.34259,0.18747,44701
26.65644,32.67269,3.34136,0.1871,44558
26.66644,32.66903,3.34013,0.1843,44905
26.67644,32.65741,3.3389,0.19372,44942
26.68644,32.63961,3.33767,0.19256,44644
26.69644,32.63063,3.33645,0.18802,44887
26.70644,32.61827,3.33522,0.1907,44753
26.71643,32.60307,3.33399,0.18817,45065
26.72643,32.58814,3.33277,0.19004,44931
26.73643,32.56381,3.33155,0.19716,44641
26.74643,32.5719,3.33032,0.18749,44878
26.75643,32.56412,3.3291,0.18532,44702
26.76643,32.54111,3.32788,0.17274,44838
26.77642,32.54172,3.32666,0.19329,44911
26.78642,32.51796,3.32544,0.18134,45128
26.79642,32.48838,3.32422,0.17995,44792
26.80642,32.50165,3.32301,0.1901,44912
26.81642,32.47116,3.32179,0.19018,45045
26.82642,32.47224,3.32058,0.20365,44988
26.83641,32.47129,3.31936,0.19017,45027
26.84641,32.43273,3.31815,0.18598,45108
26.85641,32.43081,3.31693,0.20103,44992
26.86641,32.41162,3.31572,0.18863,45131
26.87641,32.38488,3.31451,0.18378,45115
26.88641,32.39987,3.3133,0.18154,44953
26.8964,32.37615,3.31209,0.18115,45225
26.9064,32.34906,3.31089,0.19503,44944
26.9164,32.35992,3.30968,0.1704,44904
26.9264,32.33985,3.30847,0.18495,45308
26.9364,32.31195,3.30727,0.18987,45050
26.9464,32.32494,3.30606,0.18496,45203
26.95639,32.28973,3.30486,0.19492,45090
26.96639,32.30173,3.30366,0.20067,45106
26.97639,32.27473,3.30245,0.17864,45488
26.98639,32.24753,3.30125,0.18115,45245
26.99639,32.24467,3.30005,0.18182,45205
27.00639,32.23241,3.29885,0.1936,45396
27.01638,32.21769,3.29766,0.19118,45266
27.02638,32.22798,3.29646,0.19789,45226
27.03638,32.18797,3.29526,0.19009,45590
27.04638,32.19348,3.29407,0.1801,45211
27.05638,32.16603,3.29287,0.19086,45233
27.06637,32.1534,3.29168,0.17573,45408
27.07637,32.15655,3.29049,0.18738,44982
27.08637,32.12637,3.28929,0.17058,45556
27.09637,32.10788,3.2881,0.17882,45330
27.10637,32.10424,3.28691,0.1951,45329
27.11637,32.08214,3.28572,0.18621,45626
27.12636,32.06666,3.28454,0.1932,45449
27.13636,32.06898,3.28335,0.18474,45376
27.14636,32.03704,3.28216,0.18452,45812
27.15636,32.04211,3.28098,0.19059,45096
27.16636,31.99615,3.27979,0.20313,45714
27.17636,31.98864,3.27861,0.18421,45617
27.18635,31.9784,3.27742,0.17954,45453
27.19635,31.95585,3.27624,0.17345,45943
27.20635,31.93832,3.27506,0.18688,45389
27.21635,31.92081,3.27388,0.1862,45609
27.22635,31.91923,3.2727,0.18262,45503
27.23635,31.89586,3.27152,0.18485,45336
27.24634,31.87438,3.27034,0.18792,45678
27.25634,31.85048,3.26917,0.1803,45872
27.26634,31.83688,3.26799,0.17266,45406
27.27634,31.81721,3.26682,0.19774,45863
27.28634,31.79718,3.26564,0.1845,45630
27.29634,31.79153,3.26447,0.1745,45606
27.30633,31.77101,3.2633,0.18724,46000
27.31633,31.73145,3.26212,0.19984,45835
27.32633,31.73711,3.26095,0.18162,45682
27.33633,31.70629,3.25978,0.1911,46015
27.34633,31.71087,3.25861,0.1824,45463
27.35633,31.67657,3.25745,0.19237,46129
27.36632,31.65461,3.25628,0.18113,45752
27.37632,31.65442,3.25511,0.2015,45630
27.38632,31.64703,3.25395,0.16023,45894
27.39632,31.62661,3.25278,0.1753,45731
27.40632,31.59715,3.25162,0.18061,45790
27.41631,31.59033,3.25045,0.17608,46297
27.42631,31.58569,3.24929,0.19719,45623
27.43631,31.55876,3.24813,0.18466,45988
27.44631,31.54825,3.24697,0.18333,46097
27.45631,31.50306,3.24581,0.19996,45725
27.46631,31.52859,3.24465,0.17072,46275
27.4763,31.48739,3.24349,0.18547,46138
27.4863,31.47705,3.24234,0.18521,45774
27.4963,31.47719,3.24118,0.18922,46257
27.5063,31.46563,3.24002,0.17888,45934
27.5163,31.42622,3.23887,0.19098,46115
27.5263,31.43263,3.23772,0.18323,46204
27.53629,31.39427,3.23656,0.17688,45940
27.54629,31.38344,3.23541,0.17291,45903
27.55629,31.38809,3.23426,0.17424,46317
27.56629,31.35276,3.23311,0.1829,45695
27.57629,31.35617,3.23196,0.19572,46391
27.58629,31.32174,3.23081,0.17504,46151
27.59628,31.31858,3.22966,0.17664,46189
27.60628,31.30411,3.22852,0.18347,46419
27.61628,31.27628,3.22737,0.18881,46077
27.62628,31.24874,3.22622,0.18059,46330
27.63628,31.25251,3.22508,0.18622,46270
27.64628,31.23212,3.22394,0.18987,46162
27.65627,31.21366,3.22279,0.18581,46285
27.66627,31.20129,3.22165,0.18951,46470
27.67627,31.16208,3.22051,0.17628,46083
27.68627,31.17402,3.21937,0.16661,46548
27.69627,31.14107,3.21823,0.1835,46203
27.70627,31.11764,3.21709,0.16958,46335
27.71626,31.12521,3.21595,0.18066,46336
27.72626,31.10905,3.21482,0.18723,46255
27.73626,31.08062,3.21368,0.17706,46467
27.74626,31.06845,3.21255,0.18544,46267
27.75626,31.05145,3.21141,0.17679,46614
27.76626,31.03229,3.21028,0.18932,46400
27.77625,31.02381,3.20914,0.18344,46475
27.78625,31.00136,3.20801,0.17805,46428
27.79625,30.99206,3.20688,0.18387,46750
27.80625,30.97244,3.20575,0.1826,46493
27.81625,30.95349,3.20462,0.16868,46579
27.82624,30.94549,3.20349,0.20318,46502
27.83624,30.90326,3.20236,0.17988,46591
27.84624,30.91585,3.20124,0.18309,46586
27.85624,30.89781,3.20011,0.16927,46504
27.86624,30.8704,3.19899,0.18088,46443
27.87624,30.85682,3.19786,0.17906,46809
27.88623,30.85399,3.19674,0.16533,46612
27.89623,30.82923,3.19561,0.17275,46556
27.90623,30.82659,3.19449,0.18258,46785
27.91623,30.79474,3.19337,0.19082,46711
27.92623,30.77241,3.19225,0.17783,46593
27.93623,30.76322,3.19113,0.18662,46609
27.94622,30.74079,3.19001,0.18513,46819
27.95622,30.73824,3.18889,0.18006,46946
27.96622,30.722,3.18778,0.17933,46816
27.97622,30.70071,3.18666,0.18765,46817
27.98622,30.67737,3.18554,0.17822,47027
27.99622,30.66591,3.18443,0.18443,46657
28.00621,30.63708,3.18331,0.17576,46833
28.01621,30.6365,3.1822,0.16111,46813
28.02621,30.60505,3.18109,0.17529,46773
28.03621,30.6008,3.17998,0.18672,46783
28.04621,30.57909,3.17887,0.17062,46834
28.05621,30.56815,3.17776,0.18891,46959
28.0662,30.55445,3.17665,0.1786,47090
28.0762,30.53555,3.17554,0.17001,46879
28.0862,30.51329,3.17443,0.18616,47001
28.0962,30.51599,3.17332,0.1771,46848
28.1062,30.48606,3.17222,0.16361,47209
28.1162,30.46017,3.17111,0.19959,47028
28.12619,30.45828,3.17001,0.18982,46948
28.13619,30.43143,3.1689,0.17331,47180
28.14619,30.42974,3.1678,0.20196,47078
28.15619,30.40951,3.1667,0.17037,46988
28.16619,30.38509,3.1656,0.1753,46990
28.17619,30.39241,3.1645,0.16811,47170
28.18618,30.35982,3.1634,0.16388,47249
28.19618,30.35314,3.1623,0.18483,47012
28.20618,30.32772,3.1612,0.17816,47011
28.21618,30.32233,3.1601,0.17561,47296
28.22618,30.2996,3.15901,0.16329,47106
28.23617,30.29921,3.15791,0.18968,47239
28.24617,30.26521,3.15681,0.19333,47118
28.25617,30.26619,3.15572,0.17499,47324
28.26617,30.22094,3.15463,0.17187,47404
28.27617,30.21664,3.15353,0.18875,47174
28.28617,30.22051,3.15244,0.17032,47251
28.29616,30.18347,3.15135,0.19156,47331
28.30616,30.18516,3.15026,0.17106,47529
28.31616,30.15713,3.14917,0.17294,47146
28.32616,30.13361,3.14808,0.17491,47524
28.33616,30.11854,3.14699,0.17577,47071
28.34616,30.10776,3.14591,0.17557,47483
28.35615,30.07852,3.14482,0.18476,47051
28.36615,30.07352,3.14373,0.15545,47500
28.37615,30.04954,3.14265,0.18392,47571
28.38615,30.03603,3.14157,0.17534,47341
28.39615,30.02987,3.14048,0.17327,47512
28.40615,29.9987,3.1394,0.18316,47426
28.41614,29.99911,3.13832,0.18388,47532
28.42614,29.97168,3.13724,0.16601,47559
28.43614,29.94193,3.13616,0.17568,47526
28.44614,29.94142,3.13508,0.18721,47646
28.45614,29.91591,3.134,0.18423,47539
28.46614,29.90673,3.13292,0.17451,47635
28.47613,29.89438,3.13184,0.18106,47536
28.48613,29.87559,3.13077,0.16935,47658
28.49613,29.86624,3.12969,0.16522,47462
28.50613,29.84979,3.12861,0.17091,47678
28.51613,29.83869,3.12754,0.17089,47390
28.52613,29.81458,3.12647,0.16991,47611
28.53612,29.80352,3.12539,0.1786,47904
28.54612,29.77872,3.12432,0.18638,47585
28.55612,29.77446,3.12325,0.17892,47904
28.56612,29.75064,3.12218,0.17176,47836
28.57612,29.74227,3.12111,0.16029,47490
28.58612,29.71517,3.12004,0.18657,48064
28.59611,29.70336,3.11897,0.17847,47862
28.60611,29.68734,3.11791,0.17862,47658
28.61611,29.67266,3.11684,0.17923,47935
28.62611,29.64816,3.11577,0.18212,47767
28.63611,29.63452,3.11471,0.17562,47873
28.6461,29.61423,3.11364,0.15812,48074
28.6561,29.58131,3.11258,0.17377,47553
28.6661,29.58607,3.11152,0.17412,48016
28.6761,29.55957,3.11046,0.17152,47884
28.6861,29.55022,3.10939,0.1642,47828
28.6961,29.5275,3.10833,0.18265,47889
28.70609,29.51866,3.10727,0.17171,47776
28.71609,29.49004,3.10621,0.1662,48201
28.72609,29.48673,3.10516,0.17868,47980
28.73609,29.46482,3.1041,0.1749,48066
28.74609,29.44197,3.10304,0.1952,48146
28.75609,29.42804,3.10199,0.17923,48020
28.76608,29.41338,3.10093,0.16363,48069
28.77608,29.40346,3.09988,0.17351,48296
28.78608,29.38812,3.09882,0.17206,47992
28.79608,29.37297,3.09777,0.18442,48184
28.80608,29.35612,3.09672,0.16381,48153
28.81608,29.34886,3.09566,0.16787,47994
28.82607,29.3241,3.09461,0.1721,47979
28.83607,29.31638,3.09356,0.16621,48164
28.84607,29.29504,3.09251,0.1719,47885
28.85607,29.28934,3.09146,0.17543,48511
28.86607,29.26561,3.09042,0.16962,48066
28.87607,29.2449,3.08937,0.17135,48451
28.88606,29.25131,3.08832,0.18393,48327
28.89606,29.21934,3.08728,0.16932,48143
28.90606,29.19913,3.08623,0.18086,48695
28.91606,29.20538,3.08519,0.16244,48198
28.92606,29.1701,3.08414,0.17774,48328
28.93606,29.15897,3.0831,0.17411,48591
28.94605,29.12366,3.08206,0.18788,48073
28.95605,29.1107,3.08102,0.18575,48445
28.96605,29.08944,3.07998,0.15483,48439
28.97605,29.08844,3.07894,0.16432,48201
28.98605,29.06443,3.0779,0.16651,48446
28.99605,29.04115,3.07686,0.16546,48365
29.00604,29.02512,3.07582,0.16687,48237
29.01604,29.00593,3.07478,0.18332,48686
29.02604,28.98314,3.07375,0.16162,48349
29.03604,28.96817,3.07271,0.17574,48644
29.04604,28.95128,3.07168,0.18679,48634
29.05603,28.93473,3.07064,0.17515,48509
29.06603,28.92102,3.06961,0.15652,48713
29.07603,28.8983,3.06858,0.18004,48533
29.08603,28.89461,3.06754,0.18065,48555
29.09603,28.85617,3.06651,0.17717,48927
29.10603,28.85165,3.06548,0.17317,48463
29.11602,28.82536,3.06445,0.16474,48594
29.12602,28.81067,3.06342,0.1633,48725
29.13602,28.79753,3.06239,0.16112,48445
29.14602,28.80555,3.06137,0.16747,48892
29.15602,28.7759,3.06034,0.18509,48534
29.16602,28.76795,3.05931,0.16081,48601
29.17601,28.7558,3.05829,0.17079,48935
29.18601,28.73741,3.05726,0.17436,48510
29.19601,28.72769,3.05624,0.16071,48853
29.20601,28.71918,3.05521,0.17995,48726
29.21601,28.71857,3.05419,0.17414,48916
29.22601,28.68107,3.05317,0.16689,48950
29.236,28.69528,3.05215,0.17199,48803
29.246,28.66838,3.05113,0.18599,48912
29.256,28.65646,3.05011,0.17717,48932
29.266,28.63844,3.04909,0.16734,48870
29.276,28.63334,3.04807,0.15779,49026
29.286,28.62734,3.04705,0.17496,48794
29.29599,28.59488,3.04603,0.15713,48812
29.30599,28.59177,3.04502,0.17362,48995
29.31599,28.59335,3.044,0.16167,48929
29.32599,28.57582,3.04299,0.16535,49012
29.33599,28.54914,3.04197,0.16889,48987
29.34599,28.54133,3.04096,0.17448,48829
29.35598,28.51847,3.03995,0.17607,49126
29.36598,28.51036,3.03893,0.16546,49044
29.37598,28.49263,3.03792,0.16695,49187
29.38598,28.4672,3.03691,0.17794,49221
29.39598,28.46251,3.0359,0.17213,49024
29.40597,28.46392,3.03489,0.16458,49200
29.41597,28.44333,3.03388,0.17485,49219
29.42597,28.41105,3.03288,0.16856,49167
29.43597,28.39016,3.03187,0.17629,49185
29.44597,28.3963,3.03086,0.17266,49142
29.45597,28.36658,3.02985,0.15985,49079
29.46596,28.38177,3.02885,0.1547,49264
29.47596,28.35669,3.02784,0.16073,49123
29.48596,28.33203,3.02684,0.17794,49132
29.49596,28.33404,3.02584,0.16682,49482
29.50596,28.31041,3.02484,0.17306,49236
29.51596,28.29351,3.02383,0.17063,49346
29.52595,28.2947,3.02283,0.16452,49435
29.53595,28.27854,3.02183,0.16551,49177
29.54595,28.24532,3.02083,0.17655,49562
29.55595,28.24817,3.01983,0.17354,49414
29.56595,28.2279,3.01883,0.16312,49441
29.57595,28.22397,3.01784,0.16509,49510
29.58594,28.19789,3.01684,0.18304,49458
29.59594,28.17701,3.01584,0.17491,49258
29.60594,28.166,3.01485,0.16217,49612
29.61594,28.15097,3.01385,0.14927,49468
29.62594,28.14742,3.01286,0.17201,49336
29.63594,28.12019,3.01186,0.15557,49478
29.64593,28.1086,3.01087,0.17883,49423
29.65593,28.08401,3.00988,0.17857,49487
29.66593,28.0593,3.00889,0.15791,49766
29.67593,28.04464,3.0079,0.16347,49526
29.68593,28.04223,3.00691,0.16643,49715
29.69593,28.00363,3.00592,0.1619,49626
29.70592,27.99146,3.00493,0.17704,49433
29.71592,27.97267,3.00394,0.1788,49901
29.72592,27.94939,3.00295,0.15877,49722
29.73592,27.9545,3.00196,0.17933,49691
29.74592,27.91058,3.00098,0.16711,49826
29.75592,27.89418,2.99999,0.18003,49430
29.76591,27.88072,2.99901,0.15118,49880
29.77591,27.85833,2.99802,0.15603,49764
29.78591,27.84477,2.99704,0.16458,49555
29.79591,27.8486,2.99606,0.16185,49890
29.80591,27.80992,2.99507,0.17113,49709
29.8159,27.80034,2.99409,0.15989,49839
29.8259,27.7885,2.99311,0.16602,49768
29.8359,27.77114,2.99213,0.17178,49847
29.8459,27.74935,2.99115,0.1616,49953
29.8559,27.73398,2.99017,0.17767,49810
29.8659,27.7245,2.98919,0.16014,50001
29.87589,27.69845,2.98822,0.16745,50006
29.88589,27.67206,2.98724,0.16858,49951
29.89589,27.6883,2.98626,0.16534,50078
29.90589,27.65214,2.98529,0.17723,49939
29.91589,27.62667,2.98431,0.17213,49716
29.92589,27.61396,2.98334,0.15564,50200
29.93588,27.61679,2.98237,0.15945,49966
29.94588,27.58588,2.98139,0.16872,49989
29.95588,27.57606,2.98042,0.15204,50054
29.96588,27.5661,2.97945,0.16705,50003
29.97588,27.54058,2.97848,0.1613,50189
29.98588,27.52971,2.97751,0.16315,49917
29.99587,27.51499,2.97654,0.17005,50214
30.00587,27.50346,2.97557,0.16726,50255
30.01587,27.49755,2.9746,0.16486,50109
30.02587,27.47335,2.97363,0.16075,50221
30.03587,27.46872,2.97266,0.17165,50355
30.04587,27.45835,2.9717,0.16312,50208
30.05586,27.44356,2.97073,0.17553,50315
30.06586,27.42584,2.96977,0.1713,50158
30.07586,27.42382,2.9688,0.16244,50209
30.08586,27.42197,2.96784,0.1569,50417
30.09586,27.39746,2.96688,0.16484,50151
30.10586,27.40192,2.96591,0.15164,50363
30.11585,27.38595,2.96495,0.15803,50325
30.12585,27.3773,2.96399,0.16587,50040
30.13585,27.37187,2.96303,0.1654,50540
30.14585,27.34701,2.96207,0.17041,50141
30.15585,27.368,2.96111,0.1675,50485
30.16585,27.33801,2.96015,0.14839,50616
30.17584,27.32509,2.95919,0.17142,50357
30.18584,27.32217,2.95824,0.17058,50509
30.19584,27.30661,2.95728,0.16143,50557
30.20584,27.29578,2.95632,0.17766,50505
30.21584,27.28454,2.95537,0.16323,50639
30.22583,27.27789,2.95441,0.16011,50539
30.23583,27.2599,2.95346,0.16505,50345
30.24583,27.2407,2.95251,0.16921,50572
30.25583,27.23333,2.95155,0.1649,50420
30.26583,27.21903,2.9506,0.14463,50809
30.27583,27.21506,2.94965,0.16145,50475
30.28582,27.19059,2.9487,0.16452,50640
30.29582,27.17446,2.94775,0.16162,50693
30.30582,27.16058,2.9468,0.16236,50393
30.31582,27.15511,2.94585,0.16307,50920
30.32582,27.12643,2.9449,0.15939,50687
30.33582,27.10559,2.94395,0.16465,50686
30.34581,27.11891,2.943,0.18238,50822
30.35581,27.0799,2.94206,0.15642,50686
30.36581,27.07318,2.94111,0.16211,50906
30.37581,27.05882,2.94017,0.16402,50816
30.38581,27.03458,2.93922,0.1691,50760
30.39581,27.01853,2.93828,0.15328,50868
30.4058,26.99849,2.93733,0.17672,50864
30.4158,26.98066,2.93639,0.16154,50758
30.4258,26.9661,2.93545,0.14528,51037
30.4358,26.96093,2.93451,0.15966,50573
30.4458,26.93897,2.93357,0.16488,50859
30.4558,26.9262,2.93263,0.15439,51112
30.46579,26.90893,2.93169,0.16128,50670
30.47579,26.87487,2.93075,0.1625,51068
30.48579,26.86847,2.92981,0.17153,50964
30.49579,26.85323,2.92887,0.16258,51039
30.50579,26.84147,2.92794,0.15985,51141
30.51579,26.81505,2.927,0.16241,50883
30.52578,26.80166,2.92606,0.16778,51245
30.53578,26.79747,2.92513,0.15623,51198
30.54578,26.77706,2.92419,0.16744,50956
30.55578,26.75625,2.92326,0.18261,51115
30.56578,26.73885,2.92233,0.15358,50831
30.57578,26.74417,2.92139,0.15238,51192
30.58577,26.71666,2.92046,0.14749,51433
30.59577,26.70784,2.91953,0.16039,50846
30.60577,26.69947,2.9186,0.1558,51347
30.61577,26.68817,2.91767,0.16919,50964
30.62577,26.66544,2.91674,0.15892,51098
30.63576,26.66407,2.91581,0.15522,51469
30.64576,26.64664,2.91488,0.1632,50958
30.65576,26.63904,2.91395,0.16543,51673
30.66576,26.62656,2.91302,0.15549,51221
30.67576,26.62103,2.9121,0.16661,51385
30.68576,26.60494,2.91117,0.16219,51469
30.69575,26.58657,2.91025,0.16746,51164
30.70575,26.59106,2.90932,0.1673,51572
30.71575,26.57344,2.9084,0.16039,51341
30.72575,26.5616,2.90747,0.15571,51237
30.73575,26.54312,2.90655,0.15928,51453
30.74575,26.54442,2.90563,0.14972,51461
30.75574,26.51913,2.90471,0.16428,51458
30.76574,26.52827,2.90379,0.15434,51412
30.77574,26.50504,2.90286,0.15489,51270
30.78574,26.50215,2.90194,0.15784,51604
30.79574,26.47937,2.90103,0.15926,51686
30.80574,26.46884,2.90011,0.16086,51208
30.81573,26.45077,2.89919,0.15757,51897
30.82573,26.4528,2.89827,0.17109,51314
30.83573,26.4375,2.89735,0.16218,51793
30.84573,26.42395,2.89644,0.16045,51648
30.85573,26.39563,2.89552,0.16343,51451
30.86573,26.4193,2.89461,0.15137,51953
30.87572,26.38057,2.89369,0.16751,51513
30.88572,26.37767,2.89278,0.16274,51632
30.89572,26.36276,2.89186,0.15476,51902
30.90572,26.35675,2.89095,0.16067,51464
30.91572,26.33808,2.89004,0.16172,51954
30.92572,26.32965,2.88913,0.14276,51607
30.93571,26.32672,2.88822,0.15149,51573
30.94571,26.29691,2.88731,0.17588,51848
30.95571,26.28319,2.8864,0.15239,51781
30.96571,26.28712,2.88549,0.16022,51802
30.97571,26.26796,2.88458,0.16002,52085
30.98571,26.26167,2.88367,0.15973,51535
30.9957,26.2473,2.88276,0.15521,52121
31.0057,26.25267,2.88186,0.16822,51939
31.0157,26.2176,2.88095,0.15746,51860
31.0257,26.22525,2.88005,0.1586,52153
31.0357,26.20171,2.87914,0.17222,51743
31.04569,26.20215,2.87824,0.16602,51937
31.05569,26.18498,2.87733,0.14976,52038
31.06569,26.17387,2.87643,0.15143,51920
31.07569,26.16139,2.87553,0.14516,52296
31.08569,26.16718,2.87462,0.15993,51961
31.09569,26.14648,2.87372,0.15676,51984
31.10568,26.15477,2.87282,0.15728,51989
31.11568,26.13907,2.87192,0.16679,51970
31.12568,26.12371,2.87102,0.1617,52241
31.13568,26.12343,2.87012,0.14639,52012
31.14568,26.10087,2.86922,0.1572,52323
31.15568,26.11091,2.86833,0.16842,52119
31.16567,26.10368,2.86743,0.15447,52175
31.17567,26.08751,2.86653,0.16257,52198
31.18567,26.06088,2.86564,0.15798,52175
31.19567,26.05637,2.86474,0.15929,52344
31.20567,26.04125,2.86384,0.16089,52270
31.21567,26.04586,2.86295,0.16809,52243
31.22566,26.02848,2.86206,0.14647,52254
31.23566,26.00677,2.86116,0.14674,52382
31.24566,26.00953,2.86027,0.15029,52254
31.25566,25.98079,2.85938,0.16865,52304
31.26566,25.9909,2.85849,0.15619,52376
31.27566,25.95527,2.8576,0.14811,52275
31.28565,25.95519,2.8567,0.15173,52504
31.29565,25.92693,2.85582,0.16619,52576
31.30565,25.91692,2.85493,0.1622,52403
31.31565,25.91374,2.85404,0.15919,52508
31.32565,25.89206,2.85315,0.15831,52342
31.33565,25.89773,2.85226,0.16612,52650
31.34564,25.85108,2.85137,0.14725,52491
31.35564,25.87905,2.85049,0.16607,52547
31.36564,25.84523,2.8496,0.15643,52405
31.37564,25.83783,2.84872,0.16404,52503
31.38564,25.82681,2.84783,0.14717,52643
31.39563,25.8144,2.84695,0.16092,52694
31.40563,25.806,2.84606,0.14386,52459
31.41563,25.79936,2.84518,0.158,52678
31.42563,25.80271,2.8443,0.15219,52645
31.43563,25.77807,2.84342,0.14882,52705
31.44563,25.77808,2.84254,0.15755,52676
31.45562,25.7672,2.84166,0.16253,52591
31.46562,25.75594,2.84078,0.15855,52860
31.47562,25.75984,2.8399,0.15733,52865
31.48562,25.73455,2.83902,0.14431,52609
31.49562,25.7362,2.83814,0.16185,52910
31.50562,25.71978,2.83726,0.17213,52832
31.51561,25.71027,2.83638,0.16345,52793
31.52561,25.70808,2.83551,0.15497,52824
31.53561,25.69566,2.83463,0.15421,52628
31.54561,25.69541,2.83375,0.15843,52894
31.55561,25.67811,2.83288,0.14584,52850
31.56561,25.67313,2.832,0.14862,52953
31.5756,25.66101,2.83113,0.14543,52952
31.5856,25.65718,2.83026,0.16083,52783
31.5956,25.6533,2.82938,0.15405,53109
31.6056,25.63265,2.82851,0.16648,53006
31.6156,25.63728,2.82764,0.15386,52956
31.6256,25.6316,2.82677,0.15055,53057
31.63559,25.60789,2.8259,0.15499,53097
31.64559,25.61279,2.82503,0.15875,53122
31.65559,25.60205,2.82416,0.15872,53116
31.66559,25.57998,2.82329,0.1552,53035
31.67559,25.58401,2.82242,0.16765,53185
31.68559,25.56737,2.82155,0.14969,53165
31.69558,25.57921,2.82069,0.15314,53005
31.70558,25.5699,2.81982,0.15168,53012
31.71558,25.54371,2.81895,0.16416,53050
31.72558,25.55523,2.81809,0.14704,53146
31.73558,25.55147,2.81722,0.14374,53536
31.74558,25.52421,2.81636,0.16495,53126
31.75557,25.54938,2.8155,0.14819,53305
31.76557,25.51671,2.81463,0.1529,53326
31.77557,25.53111,2.81377,0.15069,53078
31.78557,25.51076,2.81291,0.14965,53447
31.79557,25.51164,2.81204,0.16723,53240
31.80556,25.5045,2.81118,0.15673,53226
31.81556,25.50314,2.81032,0.17545,53564
31.82556,25.47851,2.80946,0.14406,53268
31.83556,25.48758,2.8086,0.15085,53551
31.84556,25.47384,2.80774,0.17221,53274
31.85556,25.4692,2.80689,0.14777,53366
31.86555,25.45315,2.80603,0.15399,53498
31.87555,25.4523,2.80517,0.15492,53555
31.88555,25.45361,2.80431,0.15309,53511
31.89555,25.44529,2.80346,0.14439,53553
31.90555,25.42295,2.8026,0.14714,53636
31.91555,25.41534,2.80175,0.16059,53405
31.92554,25.40279,2.80089,0.15751,53506
31.93554,25.40123,2.80004,0.14259,53613
31.94554,25.39096,2.79918,0.1618,53588
31.95554,25.38869,2.79833,0.15635,53539
31.96554,25.36565,2.79748,0.1559,53738
31.97554,25.36694,2.79663,0.14688,53743
31.98553,25.35056,2.79578,0.16042,53633
31.99553,25.35364,2.79493,0.15008,53952
32.00553,25.33121,2.79407,0.16937,53467
32.01553,25.33629,2.79322,0.1663,53693
32.02553,25.31297,2.79238,0.1534,53726
32.03553,25.32347,2.79153,0.1423,53667
32.04552,25.2963,2.79068,0.15095,54020
32.05552,25.29001,2.78983,0.14782,53809
32.06552,25.30552,2.78898,0.14912,53977
32.07552,25.27717,2.78814,0.15008,53828
32.08552,25.29838,2.78729,0.15238,53627
32.09552,25.27219,2.78645,0.15716,53978
32.10551,25.27197,2.7856,0.15756,53620
32.11551,25.26548,2.78476,0.15013,54303
32.12551,25.26565,2.78391,0.15002,53834
32.13551,25.2551,2.78307,0.15572,53951
32.14551,25.24236,2.78223,0.15601,54040
32.15551,25.24613,2.78138,0.1536,53917
32.1655,25.24524,2.78054,0.16904,54041
32.1755,25.23284,2.7797,0.15188,54124
32.1855,25.23054,2.77886,0.14887,53974
32.1955,25.2082,2.77802,0.14362,54100
32.2055,25.20426,2.77718,0.16207,54223
32.21549,25.18329,2.77634,0.1529,53849
32.22549,25.21576,2.7755,0.14558,54327
32.23549,25.18553,2.77467,0.14655,54122
32.24549,25.17614,2.77383,0.15279,53942
32.25549,25.17265,2.77299,0.14548,54420
32.26549,25.15521,2.77215,0.16246,53873
32.27548,25.15777,2.77132,0.14183,54707
32.28548,25.14123,2.77048,0.15741,53990
32.29548,25.14208,2.76965,0.16339,54136
32.30548,25.12428,2.76881,0.1572,54452
32.31548,25.10538,2.76798,0.15865,54128
32.32548,25.11682,2.76715,0.14591,54654
32.33547,25.08369,2.76631,0.15038,54186
32.34547,25.08946,2.76548,0.1613,54336
32.35547,25.07221,2.76465,0.14907,54523
32.36547,25.08772,2.76382,0.15048,54215
32.37547,25.0528,2.76299,0.1505,54635
32.38547,25.05945,2.76216,0.14871,54524
32.39546,25.05734,2.76133,0.14626,54199
32.40546,25.0552,2.7605,0.14936,54422
32.41546,25.04365,2.75967,0.15219,54219
32.42546,25.04392,2.75884,0.15541,54516
32.43546,25.04439,2.75801,0.15278,54757
32.44546,25.0388,2.75719,0.15349,54345
32.45545,25.02286,2.75636,0.1513,54863
32.46545,25.04193,2.75553,0.15234,54493
32.47545,25.02965,2.75471,0.14697,54607
32.48545,25.04108,2.75388,0.16269,54854
32.49545,25.01535,2.75306,0.15625,54487
32.50545,25.02067,2.75224,0.15318,54786
32.51544,25.03931,2.75141,0.15536,54577
32.52544,25.03158,2.75059,0.14559,54760
32.53544,25.03622,2.74977,0.14739,54731
32.54544,25.0283,2.74895,0.14623,54532
32.55544,25.0256,2.74812,0.14856,54971
32.56544,25.03085,2.7473,0.14977,54749
32.57543,25.02122,2.74648,0.1533,54627
32.58543,25.02078,2.74566,0.15458,54802
32.59543,25.02669,2.74484,0.15247,54437
32.60543,25.02726,2.74402,0.14111,55380
32.61543,25.01599,2.74321,0.15962,54750
32.62542,25.02412,2.74239,0.15079,54868
32.63542,25.02679,2.74157,0.16108,54916
32.64542,25.00318,2.74075,0.14998,54614
32.65542,25.01783,2.73994,0.15533,55284
32.66542,24.99406,2.73912,0.1524,54869
32.67542,24.99974,2.73831,0.15228,54871
32.68541,25.01305,2.73749,0.14718,55315
32.69541,24.99689,2.73668,0.14749,54835
32.70541,25.00217,2.73586,0.14882,55211
32.71541,25.00767,2.73505,0.14828,55334
32.72541,24.98861,2.73424,0.15624,54685
32.73541,25.00142,2.73343,0.14677,55119
32.7454,24.9985,2.73261,0.13747,54976
32.7554,25.0016,2.7318,0.15329,55200
32.7654,25.0101,2.73099,0.15711,55306
32.7754,24.9984,2.73018,0.16284,54808
32.7854,25.00337,2.72937,0.15059,55691
32.7954,25.00024,2.72856,0.14701,55076
32.80539,25.0065,2.72775,0.15784,55105
32.81539,25.01055,2.72694,0.15279,55423
32.82539,24.99515,2.72614,0.15106,55080
32.83539,25.01271,2.72533,0.15234,55478
32.84539,25.01147,2.72452,0.14446,55244
32.85539,25.00168,2.72372,0.15701,55260
32.86538,25.02468,2.72291,0.1455,55168
32.87538,24.99648,2.72211,0.15961,55356
32.88538,25.00621,2.7213,0.13812,55574
32.89538,25.01505,2.7205,0.14619,55333
32.90538,25.0089,2.71969,0.15121,55244
32.91538,25.02332,2.71889,0.15122,55452
32.92537,25.00286,2.71809,0.15274,55323
32.93537,25.01415,2.71728,0.15844,55725
32.94537,25.01245,2.71648,0.14837,55292
32.95537,25.01658,2.71568,0.14322,55419
32.96537,25.03054,2.71488,0.15669,55960
32.97537,25.00739,2.71408,0.15581,55433
32.98536,25.02075,2.71328,0.15786,55864
32.99536,25.02956,2.71248,0.15244,55502
33.00536,25.00666,2.71168,0.15896,55426
33.01536,25.03906,2.71088,0.14213,55783
33.02536,25.02755,2.71009,0.1497,55438
33.03535,25.04254,2.70929,0.1444,55899
33.04535,25.04644,2.70849,0.14276,55822
33.05535,25.0298,2.7077,0.15368,55555
33.06535,25.04602,2.7069,0.15105,55801
33.07535,25.05426,2.7061,0.14498,55692
33.08535,25.0452,2.70531,0.16034,55672
33.09534,25.07858,2.70451,0.14106,55846
33.10534,25.06409,2.70372,0.15779,55692
33.11534,25.07678,2.70293,0.15352,56141
33.12534,25.06324,2.70213,0.15716,55691
33.13534,25.06062,2.70134,0.15283,55883
33.14534,25.08743,2.70055,0.15295,56179
33.15533,25.07315,2.69976,0.15527,55700
33.16533,25.08189,2.69897,0.14263,56092
33.17533,25.08611,2.69818,0.15,55817
33.18533,25.08172,2.69739,0.15314,55890
33.19533,25.07674,2.6966,0.15358,56081
33.20533,25.10439,2.69581,0.14779,55871
33.21532,25.07911,2.69502,0.14437,56175
33.22532,25.09581,2.69423,0.14991,56081
33.23532,25.11321,2.69344,0.14735,55748
33.24532,25.11683,2.69266,0.14584,56257
33.25532,25.09886,2.69187,0.15051,56037
33.26532,25.11867,2.69108,0.15417,56180
33.27531,25.13233,2.6903,0.15528,56337
33.28531,25.13049,2.68951,0.15789,55972
33.29531,25.13356,2.68873,0.1546,56259
33.30531,25.15116,2.68794,0.14021,56325
33.31531,25.17457,2.68716,0.15942,56024
33.32531,25.18007,2.68638,0.15628,56214
33.3353,25.19031,2.68559,0.15489,56124
33.3453,25.19747,2.68481,0.14997,56258
33.3553,25.22363,2.68403,0.1401,56430
33.3653,25.21525,2.68325,0.15092,56190
33.3753,25.26149,2.68247,0.1395,56708
33.38529,25.26187,2.68169,0.15479,56147
33.39529,25.28218,2.68091,0.15692,56307
33.40529,25.3099,2.68013,0.14437,56273
33.41529,25.32578,2.67935,0.15334,56259
33.42529,25.34363,2.67857,0.14763,56786
33.43529,25.34172,2.67779,0.16233,56218
33.44528,25.38251,2.67701,0.14361,56794
33.45528,25.40608,2.67624,0.14994,56591
33.46528,25.41456,2.67546,0.1539,56220
33.47528,25.41647,2.67468,0.16246,56779
33.48528,25.45128,2.67391,0.16301,56335
33.49528,25.47288,2.67313,0.1507,56664
33.50527,25.47726,2.67236,0.14237,56760
33.51527,25.47949,2.67158,0.14626,56689
33.52527,25.5191,2.67081,0.14737,56649
33.53527,25.54046,2.67003,0.15756,56537
33.54527,25.54906,2.66926,0.14468,56658
33.55527,25.55387,2.66849,0.14484,56775
33.56526,25.57308,2.66772,0.15738,56794
33.57526,25.58679,2.66695,0.15199,56552
33.58526,25.62249,2.66617,0.14186,56760
33.59526,25.61272,2.6654,0.15657,56859
33.60526,25.64976,2.66463,0.15634,56977
33.61526,25.66928,2.66386,0.15901,56797
33.62525,25.68921,2.6631,0.15118,56664
33.63525,25.67926,2.66233,0.15053,56950
33.64525,25.71867,2.66156,0.16089,56794
33.65525,25.74276,2.66079,0.14215,57003
33.66525,25.77398,2.66002,0.1555,56828
33.67525,25.76242,2.65926,0.14546,57003
33.68524,25.80827,2.65849,0.15997,56680
33.69524,25.82113,2.65772,0.15431,56809
33.70524,25.86751,2.65696,0.15153,57218
33.71524,25.88882,2.65619,0.1411,57183
33.72524,25.90525,2.65543,0.14548,56878
33.73524,25.94094,2.65466,0.1547,57013
33.74523,25.96127,2.6539,0.15796,56860
33.75523,26.01022,2.65314,0.14906,57491
33.76523,26.02885,2.65237,0.15304,57063
33.77523,26.05943,2.65161,0.15327,57128
33.78523,26.09053,2.65085,0.16048,56969
33.79522,26.13071,2.65009,0.15327,57247
33.80522,26.18147,2.64933,0.15808,57440
33.81522,26.18957,2.64857,0.14649,57075
33.82522,26.21812,2.64781,0.16104,57264
33.83522,26.27673,2.64705,0.15568,57204
33.84522,26.31649,2.64629,0.14308,57206
33.85521,26.35072,2.64553,0.1597,57211
33.86521,26.38374,2.64477,0.14112,57418
33.87521,26.40475,2.64401,0.15573,57303
33.88521,26.45193,2.64326,0.15502,57234
33.89521,26.49221,2.6425,0.15426,57299
33.90521,26.54623,2.64174,0.1501,57487
33.9152,26.5861,2.64099,0.15377,57382
33.9252,26.61032,2.64023,0.1609,57125
33.9352,26.64732,2.63948,0.14745,57704
33.9452,26.69665,2.63872,0.15514,57533
33.9552,26.74749,2.63797,0.15597,57570
33.9652,26.7811,2.63721,0.15832,57421
33.97519,26.80242,2.63646,0.16124,57485
33.98519,26.86169,2.63571,0.168,57332
33.99519,26.91942,2.63496,0.15023,57675
34.00519,26.9537,2.6342,0.14594,57509
34.01519,27.00392,2.63345,0.14671,57712
34.02519,27.05586,2.6327,0.17056,57567
34.03518,27.10683,2.63195,0.14952,57584
34.04518,27.13137,2.6312,0.14902,57855
34.05518,27.18028,2.63045,0.15558,57502
34.06518,27.24363,2.6297,0.15365,57596
34.07518,27.27882,2.62895,0.15534,57716
34.08518,27.33705,2.62821,0.15251,57726
34.09517,27.38939,2.62746,0.16088,57930
34.10517,27.41903,2.62671,0.16234,57728
34.11517,27.47184,2.62596,0.15553,57888
34.12517,27.53321,2.62522,0.15894,57936
34.13517,27.5949,2.62447,0.15717,57845
34.14517,27.63019,2.62373,0.15159,57871
34.15516,27.67668,2.62298,0.17394,57774
34.16516,27.74404,2.62224,0.14671,57797
34.17516,27.79803,2.62149,0.15783,57755
34.18516,27.84901,2.62075,0.15384,58100
34.19516,27.91049,2.62,0.16661,57925
34.20515,27.9712,2.61926,0.14808,58092
34.21515,28.02261,2.61852,0.15058,58124
34.22515,28.09638,2.61778,0.14851,57922
34.23515,28.14385,2.61703,0.16572,58032
34.24515,28.19792,2.61629,0.15588,57870
34.25515,28.25097,2.61555,0.15969,58296
34.26514,28.30878,2.61481,0.16246,58074
34.27514,28.38653,2.61407,0.1643,58276
34.28514,28.41477,2.61333,0.16151,57912
34.29514,28.49531,2.61259,0.15119,58406
34.30514,28.53125,2.61186,0.1613,58165
34.31514,28.5846,2.61112,0.18249,58088
34.32513,28.65247,2.61038,0.14762,58275
34.33513,28.70943,2.60964,0.15101,58073
34.34513,28.75205,2.60891,0.16369,58472
34.35513,28.80454,2.60817,0.15541,58396
34.36513,28.84552,2.60743,0.16492,58279
34.37513,28.89736,2.6067,0.15052,58543
34.38512,28.94105,2.60596,0.15978,58241
34.39512,29.00744,2.60523,0.1606,58407
34.40512,29.03498,2.60449,0.15566,58456
34.41512,29.07747,2.60376,0.16761,58424
34.42512,29.13562,2.60303,0.14785,58636
34.43512,29.17182,2.60229,0.15852,58232
34.44511,29.21308,2.60156,0.16976,58586
34.45511,29.25946,2.60083,0.16486,58634
34.46511,29.30302,2.6001,0.1835,58446
34.47511,29.32938,2.59937,0.15152,58652
34.48511,29.38658,2.59864,0.16319,58373
34.49511,29.41308,2.59791,0.14949,58672
34.5051,29.439,2.59718,0.1637,58602
34.5151,29.48758,2.59645,0.16063,58524
34.5251,29.51577,2.59572,0.15216,58714
34.5351,29.5626,2.59499,0.16887,58733
34.5451,29.58097,2.59426,0.15268,58826
34.5551,29.60967,2.59353,0.16147,58597
34.56509,29.63804,2.59281,0.15753,58557
34.57509,29.68261,2.59208,0.16643,58938
34.58509,29.70059,2.59135,0.15559,58767
34.59509,29.73864,2.59063,0.1681,59011
34.60509,29.77043,2.5899,0.16846,59038
34.61508,29.80013,2.58917,0.1537,58692
34.62508,29.81956,2.58845,0.16915,58930
34.63508,29.83865,2.58773,0.15843,59081
34.64508,29.87148,2.587,0.15858,58752
34.65508,29.90107,2.58628,0.16923,58958
34.66508,29.91775,2.58556,0.16841,58432
34.67507,29.93681,2.58483,0.15932,59205
34.68507,29.97018,2.58411,0.15506,59003
34.69507,29.98855,2.58339,0.16089,59065
34.70507,30.01041,2.58267,0.15691,59091
34.71507,30.0377,2.58195,0.14833,58992
34.72507,30.04243,2.58123,0.16368,59116
34.73506,30.08369,2.58051,0.17275,58790
34.74506,30.08204,2.57979,0.16021,59025
34.75506,30.11905,2.57907,0.17289,59353
34.76506,30.11987,2.57835,0.15473,59092
34.77506,30.12863,2.57763,0.1609,59176
34.78506,30.17189,2.57691,0.16533,59288
34.79505,30.18628,2.57619,0.16997,59074
34.80505,30.18083,2.57548,0.16026,59405
34.81505,30.19946,2.57476,0.1674,58843
34.82505,30.24563,2.57404,0.15636,59619
34.83505,30.24799,2.57333,0.16521,59335
34.84505,30.25157,2.57261,0.15496,59296
34.85504,30.2766,2.5719,0.16241,59386
34.86504,30.28885,2.57118,0.17115,59369
34.87504,30.30881,2.57047,0.15136,59447
34.88504,30.31745,2.56975,0.16882,59122
34.89504,30.329,2.56904,0.15603,59562
34.90504,30.32731,2.56833,0.15897,59411
34.91503,30.35744,2.56762,0.15781,59180
34.92503,30.32321,2.5669,0.16495,59763
34.93503,30.36108,2.56619,0.16381,59693
34.94503,30.37557,2.56548,0.18158,59356
34.95503,30.36323,2.56477,0.17167,59540
34.96502,30.38867,2.56406,0.15102,59766
34.97502,30.38625,2.56335,0.16427,59507
34.98502,30.38584,2.56264,0.16436,59435
34.99502,30.41634,2.56193,0.15215,59398
35.00502,30.3966,2.56122,0.15986,59979
35.01502,30.41577,2.56051,0.16202,59450
35.02501,30.42644,2.5598,0.18409,59647
35.03501,30.43555,2.5591,0.1476,60002
35.04501,30.44315,2.55839,0.17458,59606
35.05501,30.45522,2.55768,0.14541,59710
35.06501,30.47259,2.55698,0.15948,59663
35.07501,30.48921,2.55627,0.17667,59789
35.085,30.45312,2.55557,0.16277,60152
35.095,30.47602,2.55486,0.16262,59685
35.105,30.51747,2.55416,0.15517,60231
35.115,30.50167,2.55345,0.17119,59650
35.125,30.52393,2.55275,0.16644,60052
35.135,30.54018,2.55204,0.16389,60126
35.14499,30.55144,2.55134,0.16824,59610
35.15499,30.57024,2.55064,0.15799,59972
35.16499,30.55136,2.54994,0.16375,60011
35.17499,30.61399,2.54923,0.16525,60104
35.18499,30.61742,2.54853,0.15544,60161
35.19499,30.61955,2.54783,0.15478,59801
35.20498,30.65928,2.54713,0.16126,60332
35.21498,30.64345,2.54643,0.16456,59691
35.22498,30.70321,2.54573,0.16161,60134
35.23498,30.69933,2.54503,0.17337,60354
35.24498,30.71055,2.54433,0.16017,59942
35.25498,30.74607,2.54363,0.16118,60446
35.26497,30.76046,2.54293,0.16406,60162
35.27497,30.79132,2.54224,0.16161,60442
35.28497,30.80756,2.54154,0.16032,60483
35.29497,30.82291,2.54084,0.17071,60011
35.30497,30.85322,2.54015,0.17748,60261
35.31497,30.87672,2.53945,0.15518,60093
35.32496,30.89635,2.53875,0.16272,60248
35.33496,30.93825,2.53806,0.17068,60494
35.34496,30.93394,2.53736,0.15267,60225
35.35496,30.97246,2.53667,0.16235,60472
35.36496,31.00032,2.53597,0.17047,60382
35.37495,31.01415,2.53528,0.15286,60615
35.38495,31.06093,2.53459,0.16366,60262
35.39495,31.06466,2.53389,0.15706,60329
35.40495,31.10649,2.5332,0.15988,60488
35.41495,31.11237,2.53251,0.17515,60561
35.42495,31.16277,2.53182,0.16921,60544
35.43494,31.20651,2.53113,0.16875,60773
35.44494,31.20376,2.53043,0.15874,60421
35.45494,31.26757,2.52974,0.17274,60733
35.46494,31.2743,2.52905,0.16608,60588
35.47494,31.3247,2.52836,0.15645,60631
35.48494,31.36823,2.52767,0.15292,60808
35.49493,31.39278,2.52698,0.17043,60519
35.50493,31.42536,2.5263,0.16972,60671
35.51493,31.45269,2.52561,0.17158,60841
35.52493,31.51459,2.52492,0.17008,60776
35.53493,31.54974,2.52423,0.15262,60812
35.54493,31.56129,2.52355,0.16582,60528
35.55492,31.63072,2.52286,0.15717,60941
35.56492,31.66032,2.52217,0.15714,60673
35.57492,31.69732,2.52149,0.16725,60945
35.58492,31.74232,2.5208,0.17949,61277
35.59492,31.7756,2.52012,0.16338,60560
35.60492,31.83216,2.51943,0.17113,60975
35.61491,31.87942,2.51875,0.16596,61188
35.62491,31.93019,2.51806,0.17422,60737
35.63491,31.96516,2.51738,0.15601,61280
35.64491,32.01806,2.5167,0.18395,60545
35.65491,32.06926,2.51601,0.15289,61328
35.66491,32.12677,2.51533,0.16007,61130
35.6749,32.19074,2.51465,0.16837,60988
35.6849,32.21014,2.51397,0.16506,61237
35.6949,32.28179,2.51329,0.16304,60836
35.7049,32.35057,2.5126,0.17527,61475
35.7149,32.37845,2.51192,0.16303,61001
35.7249,32.46034,2.51124,0.16239,61184
35.73489,32.49661,2.51056,0.17047,61228
35.74489,32.56012,2.50988,0.16742,60885
35.75489,32.63615,2.50921,0.1559,61685
35.76489,32.67676,2.50853,0.1715,61099
35.77489,32.75159,2.50785,0.17588,61321
35.78488,32.8065,2.50717,0.16204,61664
35.79488,32.87475,2.50649,0.18881,61092
35.80488,32.94136,2.50582,0.17126,61504
35.81488,32.98807,2.50514,0.16514,61351
35.82488,33.05321,2.50446,0.15881,61231
35.83488,33.15601,2.50379,0.16467,61601
35.84487,33.19159,2.50311,0.16352,61509
35.85487,33.27207,2.50244,0.17529,61618
35.86487,33.34917,2.50176,0.16497,61626
35.87487,33.38854,2.50109,0.16072,61499
35.88487,33.48618,2.50041,0.17108,61553
35.89487,33.53992,2.49974,0.17032,61351
35.90486,33.61762,2.49907,0.17275,61425
35.91486,33.70162,2.4984,0.16719,61739
35.92486,33.76407,2.49772,0.16626,61399
35.93486,33.84478,2.49705,0.1828,61602
35.94486,33.91844,2.49638,0.16766,61343
35.95486,34.00888,2.49571,0.17141,61893
35.96485,34.06557,2.49504,0.16567,61561
35.97485,34.16134,2.49437,0.17436,61499
35.98485,34.22274,2.4937,0.17837,61449
35.99485,34.32771,2.49303,0.17347,61461
36.00485,34.40099,2.49236,0.1662,61744
36.01485,34.47354,2.49169,0.16851,61379
36.02484,34.59256,2.49102,0.1789,61532
36.03484,34.65565,2.49035,0.15676,61806
36.04484,34.76291,2.48968,0.16117,61265
36.05484,34.84182,2.48902,0.17737,61692
36.06484,34.93477,2.48835,0.1808,61092
36.07484,35.03556,2.48768,0.17522,61630
36.08483,35.13067,2.48702,0.17302,61280
36.09483,35.21173,2.48635,0.18747,61094
36.10483,35.32322,2.48568,0.16485,61669
36.11483,35.42298,2.48502,0.17528,61201
36.12483,35.51834,2.48435,0.17502,61575
36.13483,35.59622,2.48369,0.16954,61341
36.14482,35.70709,2.48303,0.18511,61226
36.15482,35.80756,2.48236,0.1665,61477
36.16482,35.89603,2.4817,0.18307,61011
36.17482,36.00721,2.48104,0.16928,61375
36.18482,36.11861,2.48037,0.18149,61466
36.19481,36.23197,2.47971,0.17591,61136
36.20481,36.32478,2.47905,0.16724,61517
36.21481,36.4235,2.47839,0.17041,61184
36.22481,36.53208,2.47773,0.17833,60985
36.23481,36.64018,2.47707,0.17208,61286
36.24481,36.75255,2.47641,0.16853,60963
36.2548,36.85075,2.47575,0.18643,61266
36.2648,36.95336,2.47509,0.18311,61264
36.2748,37.07875,2.47443,0.19224,61136
36.2848,37.18681,2.47377,0.17957,61200
36.2948,37.31072,2.47311,0.17249,61097
36.3048,37.41728,2.47245,0.18874,61156
36.31479,37.53067,2.47179,0.17036,60885
36.32479,37.65525,2.47114,0.16661,61071
36.33479,37.78712,2.47048,0.17992,61207
36.34479,37.88022,2.46982,0.18536,61022
36.35479,38.03221,2.46917,0.19423,61119
36.36479,38.15768,2.46851,0.18295,61074
36.37478,38.27015,2.46785,0.1776,60943
36.38478,38.41068,2.4672,0.17134,61132
36.39478,38.51619,2.46654,0.17583,60662
36.40478,38.64584,2.46589,0.17591,61135
36.41478,38.7925,2.46524,0.18782,60922
36.42478,38.90663,2.46458,0.17881,60999
36.43477,39.0538,2.46393,0.1927,61149
36.44477,39.1932,2.46327,0.18413,60707
36.45477,39.30526,2.46262,0.18683,60994
36.46477,39.44869,2.46197,0.19079,60748
36.47477,39.57985,2.46132,0.19052,60703
36.48477,39.71906,2.46067,0.17713,61016
36.49476,39.83986,2.46002,0.17582,60512
36.50476,39.99458,2.45936,0.18412,61098
36.51476,40.11915,2.45871,0.1805,60842
36.52476,40.27505,2.45806,0.19257,61039
36.53476,40.38774,2.45741,0.17708,61019
36.54476,40.55205,2.45676,0.18932,60651
36.55475,40.68635,2.45612,0.18453,60779
36.56475,40.81084,2.45547,0.19729,60482
36.57475,40.98901,2.45482,0.17872,61029
36.58475,41.09515,2.45417,0.18873,60763
36.59475,41.26234,2.45352,0.1788,60763
36.60474,41.38579,2.45288,0.18939,60780
36.61474,41.5373,2.45223,0.18787,60745
36.62474,41.68674,2.45158,0.20044,60666
36.63474,41.79775,2.45094,0.19401,60539
36.64474,41.97459,2.45029,0.19493,60586
36.65474,42.10251,2.44965,0.1833,60666
36.66473,42.2672,2.449,0.18758,60990
36.67473,42.39325,2.44836,0.18144,60476
36.68473,42.55171,2.44771,0.19311,60944
36.69473,42.67999,2.44707,0.18595,60593
36.70473,42.83977,2.44642,0.18362,60717
36.71473,42.98789,2.44578,0.18978,60729
36.72472,43.14697,2.44514,0.19524,60305
36.73472,43.27654,2.44449,0.19003,61029
36.74472,43.43353,2.44385,0.20184,60206
36.75472,43.58119,2.44321,0.18932,60827
36.76472,43.71298,2.44257,0.19581,60464
36.77472,43.88058,2.44193,0.19604,60640
36.78471,44.01993,2.44129,0.19414,60590
36.79471,44.18092,2.44065,0.19287,60419
36.80471,44.32472,2.44001,0.19384,60535
36.81471,44.48318,2.43937,0.19831,60482
36.82471,44.63054,2.43873,0.18715,60507
36.83471,44.77996,2.43809,0.20634,60609
36.8447,44.94902,2.43745,0.19511,60450
36.8547,45.09675,2.43681,0.2022,60668
36.8647,45.25138,2.43617,0.19484,60434
36.8747,45.3865,2.43554,0.17491,60698
36.8847,45.53992,2.4349,0.19282,60478
36.8947,45.69356,2.43426,0.19927,60034
36.90469,45.85107,2.43363,0.20387,60724
36.91469,45.97966,2.43299,0.19459,60247
36.92469,46.15601,2.43235,0.21293,60304
36.93469,46.28264,2.43172,0.20888,60387
36.94469,46.43486,2.43108,0.19451,60334
36.95468,46.58598,2.43045,0.18834,60633
36.96468,46.73419,2.42981,0.20375,60236
36.97468,46.85368,2.42918,0.21438,60509
36.98468,46.99561,2.42855,0.18476,60463
36.99468,47.14583,2.42791,0.19871,60392
37.00468,47.27546,2.42728,0.20479,60572
37.01467,47.41848,2.42665,0.20686,60167
37.02467,47.53467,2.42601,0.20695,60348
37.03467,47.67933,2.42538,0.19752,60225
37.04467,47.79717,2.42475,0.19011,60494
37.05467,47.9267,2.42412,0.19068,60182
37.06467,48.0567,2.42349,0.21327,60235
37.07466,48.16928,2.42286,0.19203,60292
37.08466,48.29815,2.42223,0.20233,60105
37.09466,48.414,2.4216,0.21242,60459
37.10466,48.50946,2.42097,0.21209,60472
37.11466,48.64451,2.42034,0.20457,60519
37.12466,48.75304,2.41971,0.2131,60324
37.13465,48.84077,2.41908,0.20788,60124
37.14465,48.96667,2.41845,0.19845,60336
37.15465,49.05974,2.41783,0.18527,60221
37.16465,49.16935,2.4172,0.20197,60525
37.17465,49.28589,2.41657,0.20237,59945
37.18465,49.38084,2.41594,0.21732,60259
37.19464,49.45887,2.41532,0.21056,60173
37.20464,49.57231,2.41469,0.20488,60613
37.21464,49.65928,2.41407,0.20559,60105
37.22464,49.7581,2.41344,0.19497,60314
37.23464,49.86914,2.41282,0.18907,60227
37.24464,49.94419,2.41219,0.2239,60211
37.25463,50.03197,2.41157,0.20668,60346
37.26463,50.11299,2.41094,0.20243,60416
37.27463,50.1936,2.41032,0.20471,60030
37.28463,50.28363,2.40969,0.22412,60428
37.29463,50.3321,2.40907,0.20678,59816
37.30463,50.43263,2.40845,0.22212,60302
37.31462,50.44364,2.40783,0.19477,59930
37.32462,50.55818,2.4072,0.19562,60341
37.33462,50.59927,2.40658,0.20283,60120
37.34462,50.66094,2.40596,0.22067,60086
37.35462,50.73474,2.40534,0.20126,60379
37.36461,50.78973,2.40472,0.20199,60202
37.37461,50.82961,2.4041,0.20521,60155
37.38461,50.86736,2.40348,0.20122,60206
37.39461,50.91531,2.40286,0.22288,59888
37.40461,50.95121,2.40224,0.20341,60230
37.41461,50.96079,2.40162,0.2089,60152
37.4246,51.01799,2.401,0.20809,60136
37.4346,51.03499,2.40038,0.19983,60002
37.4446,51.05458,2.39977,0.20595,60164
37.4546,51.08894,2.39915,0.22184,60083
37.4646,51.08101,2.39853,0.21112,60057
37.4746,51.14172,2.39791,0.21052,60095
37.48459,51.14367,2.3973,0.21771,59864
37.49459,51.14159,2.39668,0.20274,60187
37.50459,51.12677,2.39607,0.20207,59932
37.51459,51.15004,2.39545,0.19475,60196
37.52459,51.09217,2.39483,0.21482,60083
37.53459,51.11241,2.39422,0.21448,60175
37.54458,51.07293,2.39361,0.19224,59957
37.55458,51.07377,2.39299,0.20836,60297
37.56458,51.06023,2.39238,0.20684,59729
37.57458,51.0091,2.39176,0.20774,59892
37.58458,51.01643,2.39115,0.21681,60019
37.59458,50.95737,2.39054,0.2031,59951
37.60457,50.96311,2.38992,0.208,60304
37.61457,50.89375,2.38931,0.22052,59986
37.62457,50.86656,2.3887,0.20434,60100
37.63457,50.81774,2.38809,0.20336,59849
37.64457,50.77163,2.38748,0.21408,60008
37.65457,50.73373,2.38687,0.19956,59851
37.66456,50.66361,2.38626,0.21022,60101
37.67456,50.63606,2.38565,0.20981,60062
37.68456,50.55832,2.38504,0.21,59843
37.69456,50.5244,2.38443,0.19845,60007
37.70456,50.47118,2.38382,0.21526,59936
37.71456,50.38527,2.38321,0.19291,60217
37.72455,50.34788,2.3826,0.18998,60140
37.73455,50.27676,2.38199,0.21231,59782
37.74455,50.18818,2.38138,0.20933,60042
37.75455,50.11814,2.38077,0.21432,59765
37.76455,50.03818,2.38017,0.21172,60110
37.77454,49.97458,2.37956,0.2055,59851
37.78454,49.85848,2.37895,0.19886,59992
37.79454,49.79975,2.37835,0.20196,59948
37.80454,49.68952,2.37774,0.21477,59561
37.81454,49.6284,2.37714,0.19849,60379
37.82454,49.50052,2.37653,0.20157,59826
37.83453,49.45006,2.37593,0.19964,60037
37.84453,49.34484,2.37532,0.22208,59878
37.85453,49.22672,2.37472,0.19317,59881
37.86453,49.13393,2.37411,0.20864,60038
37.87453,49.0123,2.37351,0.19989,59723
37.88453,48.94137,2.3729,0.18579,60253
37.89452,48.80002,2.3723,0.21175,59521
37.90452,48.71374,2.3717,0.20301,59932
37.91452,48.57627,2.3711,0.20898,60084
37.92452,48.48057,2.37049,0.18896,59924
37.93452,48.37779,2.36989,0.21027,60039
37.94452,48.23487,2.36929,0.21406,59663
37.95451,48.15453,2.36869,0.20334,60077
37.96451,48.03095,2.36809,0.20921,59769
37.97451,47.90487,2.36749,0.1934,59866
37.98451,47.79689,2.36689,0.19462,59889
37.99451,47.66432,2.36629,0.19579,59597
38.00451,47.55897,2.36569,0.19661,60101
38.0145,47.41507,2.36509,0.20322,59809
38.0245,47.31086,2.36449,0.20616,60231
38.0345,47.19967,2.36389,0.20658,59756
38.0445,47.06873,2.36329,0.19365,59901
38.0545,46.94922,2.3627,0.19464,59941
38.0645,46.86176,2.3621,0.18908,59659
38.07449,46.71059,2.3615,0.19584,59904
38.08449,46.59542,2.3609,0.19517,59926
38.09449,46.4493,2.36031,0.19689,59754
38.10449,46.34256,2.35971,0.2205,59928
38.11449,46.21372,2.35912,0.19921,59834
38.12449,46.07892,2.35852,0.2027,59762
38.13448,45.98352,2.35792,0.19107,59919
38.14448,45.81929,2.35733,0.19957,59922
38.15448,45.72759,2.35673,0.1884,59738
38.16448,45.58485,2.35614,0.19058,59811
38.17448,45.47341,2.35555,0.20241,59788
38.18447,45.34596,2.35495,0.1857,60212
38.19447,45.19356,2.35436,0.19884,59786
38.20447,45.12624,2.35377,0.20316,59922
38.21447,44.94705,2.35317,0.18432,59724
38.22447,44.85188,2.35258,0.20561,59715
38.23447,44.75312,2.35199,0.17962,59965
38.24446,44.60854,2.3514,0.19416,59647
38.25446,44.49803,2.3508,0.19736,60039
38.26446,44.33566,2.35021,0.21285,59564
38.27446,44.30635,2.34962,0.17538,59963
38.28446,44.13129,2.34903,0.19731,60137
38.29446,44.0541,2.34844,0.19473,59792
38.30445,43.9091,2.34785,0.2068,59610
38.31445,43.81276,2.34726,0.20292,59652
38.32445,43.70729,2.34667,0.17938,59661
38.33445,43.59715,2.34608,0.18954,59959
38.34445,43.5182,2.34549,0.17885,59688
38.35445,43.38334,2.34491,0.19798,59617
38.36444,43.28096,2.34432,0.1878,60067
38.37444,43.16663,2.34373,0.19067,59905
38.38444,43.09033,2.34314,0.18912,59929
38.39444,42.98712,2.34256,0.19672,59910
38.40444,42.87906,2.34197,0.18886,59554
38.41444,42.79816,2.34138,0.17968,59918
38.42443,42.70302,2.3408,0.20522,59541
38.43443,42.66737,2.34021,0.18056,59989
38.44443,42.48922,2.33962,0.19084,59811
38.45443,42.45585,2.33904,0.18876,60017
38.46443,42.36326,2.33845,0.20397,59600
38.47443,42.26602,2.33787,0.19023,59649
38.48442,42.21687,2.33728,0.18212,59956
38.49442,42.12281,2.3367,0.1872,59787
38.50442,42.077,2.33612,0.18174,59830
38.51442,41.98986,2.33553,0.18883,59481
38.52442,41.94264,2.33495,0.19355,59999
38.53442,41.86047,2.33437,0.18963,59976
38.54441,41.79397,2.33379,0.17998,59800
38.55441,41.74696,2.3332,0.17755,59830
38.56441,41.68466,2.33262,0.18541,59542
38.57441,41.6246,2.33204,0.19682,59823
38.58441,41.57736,2.33146,0.18923,59643
38.5944,41.55265,2.33088,0.18955,59830
38.6044,41.48293,2.3303,0.18216,59822
38.6144,41.44073,2.32972,0.18977,59868
38.6244,41.39563,2.32914,0.19339,59913
38.6344,41.39583,2.32856,0.1826,59815
38.6444,41.31745,2.32798,0.19071,59548
38.65439,41.31727,2.3274,0.1879,59738
38.66439,41.27539,2.32682,0.18549,59578
38.67439,41.25253,2.32624,0.18614,59768
38.68439,41.25813,2.32566,0.18519,59700
38.69439,41.22007,2.32508,0.17924,59711
38.70439,41.21348,2.32451,0.1834,60273
38.71438,41.22052,2.32393,0.18641,59759
38.72438,41.18866,2.32335,0.18218,59977
38.73438,41.2458,2.32278,0.18829,59518
38.74438,41.16661,2.3222,0.18614,59728
38.75438,41.20486,2.32162,0.18537,59840
38.76438,41.20676,2.32105,0.18957,59492
38.77437,41.20702,2.32047,0.18678,59877
38.78437,41.22802,2.3199,0.18731,59891
38.79437,41.23954,2.31932,0.19081,59789
38.80437,41.25052,2.31875,0.18556,60195
38.81437,41.28865,2.31817,0.19419,59512
38.82437,41.30348,2.3176,0.17593,59761
38.83436,41.3272,2.31703,0.18113,59708
38.84436,41.36172,2.31645,0.18676,59621
38.85436,41.38242,2.31588,0.19416,60024
38.86436,41.41042,2.31531,0.18028,59770
38.87436,41.44515,2.31473,0.19245,59783
38.88436,41.4946,2.31416,0.19611,59845
38.89435,41.55692,2.31359,0.17235,59999
38.90435,41.57107,2.31302,0.18352,59896
38.91435,41.63605,2.31245,0.18145,59626
38.92435,41.67659,2.31188,0.19628,59805
38.93435,41.72674,2.3113,0.19265,59512
38.94434,41.76041,2.31073,0.19469,59956
38.95434,41.84921,2.31016,0.17917,59928
38.96434,41.8731,2.30959,0.19081,59596
38.97434,41.95973,2.30903,0.19931,59739
38.98434,42.03298,2.30846,0.18484,59749
38.99434,42.08991,2.30789,0.18146,59901
39.00433,42.16314,2.30732,0.17895,59876
39.01433,42.24142,2.30675,0.19879,59566
39.02433,42.28872,2.30618,0.18896,60044
39.03433,42.37981,2.30561,0.1869,59731
39.04433,42.48295,2.30505,0.19608,59690
39.05433,42.55632,2.30448,0.17469,59918
39.06432,42.65668,2.30391,0.18448,59548
39.07432,42.78743,2.30335,0.19667,59747
39.08432,42.84524,2.30278,0.18993,60146
39.09432,42.9501,2.30221,0.19918,59725
39.10432,43.05672,2.30165,0.18227,60051
39.11432,43.16327,2.30108,0.18778,59491
39.12431,43.27207,2.30052,0.20179,60061
39.13431,43.40088,2.29995,0.1926,59583
39.14431,43.49215,2.29939,0.20223,59710
39.15431,43.6452,2.29883,0.18389,59793
39.16431,43.78013,2.29826,0.19184,59572
39.17431,43.85083,2.2977,0.1866,60295
39.1843,43.9975,2.29713,0.18889,59569
39.1943,44.11528,2.29657,0.19466,59960
39.2043,44.24515,2.29601,0.18704,59862
39.2143,44.36468,2.29545,0.20806,59745
39.2243,44.49672,2.29488,0.18252,59863
39.2343,44.62566,2.29432,0.18531,59734
39.24429,44.76599,2.29376,0.20121,59820
39.25429,44.8977,2.2932,0.18686,59893
39.26429,45.01041,2.29264,0.18639,59939
39.27429,45.14742,2.29208,0.20455,59804
39.28429,45.27488,2.29152,0.20279,59833
39.29429,45.40368,2.29096,0.21191,59834
39.30428,45.52231,2.2904,0.19794,59759
39.31428,45.6807,2.28984,0.18007,59478
39.32428,45.79534,2.28928,0.19365,60096
39.33428,45.9308,2.28872,0.19875,59759
39.34428,46.0842,2.28816,0.19373,60122
39.35427,46.19111,2.2876,0.19265,59637
39.36427,46.32983,2.28705,0.2017,59915
39.37427,46.45071,2.28649,0.20397,60061
39.38427,46.57816,2.28593,0.18861,59485
39.39427,46.70467,2.28537,0.19235,60184
39.40427,46.84825,2.28482,0.19321,59646
39.41426,46.96899,2.28426,0.19713,59853
39.42426,47.12946,2.2837,0.21922,60008
39.43426,47.20593,2.28315,0.193,59686
39.44426,47.36365,2.28259,0.20319,60019
39.45426,47.47005,2.28204,0.19304,59697
39.46426,47.58647,2.28148,0.21041,59854
39.47425,47.7064,2.28093,0.18925,59981
39.48425,47.82158,2.28037,0.21334,59756
39.49425,47.95003,2.27982,0.19952,59959
39.50425,48.06422,2.27926,0.20479,59744
39.51425,48.19583,2.27871,0.18611,60041
39.52425,48.30389,2.27816,0.20004,59801
39.53424,48.39663,2.2776,0.21006,59747
39.54424,48.49297,2.27705,0.19627,60179
39.55424,48.6136,2.2765,0.19778,59834
39.56424,48.73721,2.27595,0.19582,60118
39.57424,48.82107,2.27539,0.2082,59858
39.58424,48.94584,2.27484,0.20091,59660
39.59423,49.03035,2.27429,0.20222,59812
39.60423,49.14753,2.27374,0.2014,59922
39.61423,49.20958,2.27319,0.19989,60148
39.62423,49.33186,2.27264,0.20614,60194
39.63423,49.3957,2.27209,0.20546,59626
39.64423,49.53997,2.27154,0.215,60075
39.65422,49.606,2.27099,0.21625,59776
39.66422,49.71086,2.27044,0.18045,59714
39.67422,49.84914,2.26989,0.19431,60187
39.68422,49.87742,2.26934,0.20714,59794
39.69422,50.00486,2.26879,0.22299,60250
39.70422,50.07408,2.26824,0.20597,59699
39.71421,50.1841,2.2677,0.19694,60219
39.72421,50.25988,2.26715,0.19977,59975
39.73421,50.36192,2.2666,0.20104,60058
39.74421,50.42657,2.26605,0.20085,59801
39.75421,50.51481,2.26551,0.20204,59725
39.7642,50.60633,2.26496,0.20985,60307
39.7742,50.65892,2.26441,0.21251,59892
39.7842,50.75348,2.26387,0.22082,59911
39.7942,50.82143,2.26332,0.2003,60210
39.8042,50.89306,2.26278,0.20182,59828
39.8142,50.95098,2.26223,0.21742,59944
39.82419,51.01086,2.26169,0.19483,60020
39.83419,51.06915,2.26114,0.19956,59848
39.84419,51.18334,2.2606,0.2128,60245
39.85419,51.21759,2.26005,0.21174,59615
39.86419,51.27572,2.25951,0.20415,60071
39.87419,51.36962,2.25897,0.20106,60204
39.88418,51.40212,2.25842,0.20896,60047
39.89418,51.45566,2.25788,0.20678,60268
39.90418,51.49357,2.25734,0.20183,59756
39.91418,51.58767,2.2568,0.20503,60169
39.92418,51.64361,2.25625,0.20834,59705
39.93418,51.6858,2.25571,0.20258,59935
39.94417,51.75025,2.25517,0.22079,60263
39.95417,51.78313,2.25463,0.20451,59786
39.96417,51.83497,2.25409,0.21251,60456
39.97417,51.87542,2.25355,0.21395,59551
39.98417,51.94942,2.25301,0.20593,59956
39.99417,51.96831,2.25247,0.20488,59864
40.00416,52.05917,2.25193,0.19631,59668
40.01416,52.09893,2.25139,0.21686,60116
40.02416,52.14946,2.25085,0.19959,59968
40.03416,52.18787,2.25031,0.20323,59965
40.04416,52.23137,2.24977,0.2211,59922
40.05416,52.26024,2.24923,0.22796,59621
40.06415,52.315,2.24869,0.20434,59786
40.07415,52.40209,2.24815,0.18865,59685
40.08415,52.37844,2.24762,0.20055,59894
40.09415,52.44016,2.24708,0.21452,59901
40.10415,52.44104,2.24654,0.21683,59479
40.11415,52.49277,2.24601,0.20523,59969
40.12414,52.49109,2.24547,0.2185,59528
40.13414,52.50036,2.24493,0.22159,59558
40.14414,52.51995,2.2444,0.20387,59723
40.15414,52.52777,2.24386,0.20465,59580
40.16414,52.55243,2.24332,0.20276,59995
40.17413,52.53357,2.24279,0.20065,59232
40.18413,52.53931,2.24225,0.20931,59767
40.19413,52.49388,2.24172,0.21966,59571
40.20413,52.50709,2.24119,0.20538,59513
40.21413,52.44872,2.24065,0.22356,59738
40.22413,52.47449,2.24012,0.20708,59420
40.23412,52.44487,2.23958,0.18667,59943
40.24412,52.40916,2.23905,0.20967,59328
40.25412,52.37477,2.23852,0.22489,59306
40.26412,52.31819,2.23798,0.2026,59559
40.27412,52.27567,2.23745,0.21068,59253
40.28412,52.20349,2.23692,0.19593,59753
40.29411,52.16581,2.23639,0.21653,59469
40.30411,52.14981,2.23586,0.21885,59671
40.31411,52.04418,2.23532,0.21606,59529
40.32411,51.97626,2.23479,0.21571,59028
40.33411,51.89823,2.23426,0.19369,59464
40.34411,51.80869,2.23373,0.20589,59378
40.3541,51.7021,2.2332,0.19778,59356
40.3641,51.64507,2.23267,0.20376,59432
40.3741,51.54587,2.23214,0.21298,59494
40.3841,51.46881,2.23161,0.21154,59710
40.3941,51.31643,2.23108,0.19843,59036
40.4041,51.22618,2.23055,0.21845,59553
40.41409,51.06859,2.23002,0.2029,59209
40.42409,50.94377,2.2295,0.19206,59090
40.43409,50.8096,2.22897,0.18923,59707
40.44409,50.68197,2.22844,0.20512,59204
40.45409,50.55407,2.22791,0.22517,59499
40.46409,50.35551,2.22739,0.20557,59392
40.47408,50.241,2.22686,0.21506,59202
40.48408,50.06509,2.22633,0.19995,59011
40.49408,49.90437,2.2258,0.21762,58803
40.50408,49.73683,2.22528,0.19282,59483
40.51408,49.58312,2.22475,0.18385,59426
40.52407,49.41471,2.22423,0.20537,59164
40.53407,49.22206,2.2237,0.21078,59401
40.54407,49.04329,2.22318,0.20467,58977
40.55407,48.88121,2.22265,0.19839,59426
40.56407,48.68869,2.22213,0.19426,58825
40.57407,48.49266,2.2216,0.20149,59219
40.58406,48.32207,2.22108,0.19709,59355
40.59406,48.08942,2.22055,0.19239,58893
40.60406,47.93187,2.22003,0.21009,59425
40.61406,47.69818,2.21951,0.19689,58987
40.62406,47.5192,2.21898,0.2164,59041
40.63406,47.31088,2.21846,0.18326,59047
40.64405,47.10302,2.21794,0.19382,58980
40.65405,46.8814,2.21741,0.20938,59213
40.66405,46.66627,2.21689,0.21756,59088
40.67405,46.47855,2.21637,0.18299,58967
40.68405,46.25194,2.21585,0.18286,59121
40.69405,46.04092,2.21533,0.19758,58514
40.70404,45.83277,2.21481,0.19322,59296
40.71404,45.58367,2.21429,0.18855,59106
40.72404,45.42396,2.21376,0.19947,59148
40.73404,45.18009,2.21324,0.19609,59096
40.74404,44.96028,2.21272,0.1845,58696
40.75404,44.73396,2.2122,0.20092,58886
40.76403,44.49911,2.21169,0.19276,58550
40.77403,44.28238,2.21117,0.18679,59318
40.78403,44.05383,2.21065,0.18739,59070
40.79403,43.82951,2.21013,0.19092,58653
40.80403,43.6312,2.20961,0.19429,59219
40.81403,43.35645,2.20909,0.20245,58680
40.82402,43.13386,2.20857,0.19038,58674
40.83402,42.93343,2.20806,0.18499,58800
40.84402,42.68733,2.20754,0.17354,58596
40.85402,42.47446,2.20702,0.18808,58944
40.86402,42.25635,2.2065,0.1892,58714
40.87402,42.01841,2.20599,0.18436,58740
40.88401,41.78917,2.20547,0.19688,59011
40.89401,41.54829,2.20496,0.17536,58570
40.90401,41.36178,2.20444,0.18412,59204
40.91401,41.10436,2.20392,0.17553,58276
40.92401,40.91517,2.20341,0.19094,58866
40.934,40.68121,2.20289,0.20256,58620
40.944,40.45394,2.20238,0.16821,58777
40.954,40.22919,2.20186,0.18582,58820
40.964,40.02567,2.20135,0.18575,58434
40.974,39.78938,2.20084,0.18489,58862
40.984,39.57637,2.20032,0.17478,58466
40.99399,39.34586,2.19981,0.18231,58705
41.00399,39.14158,2.19929,0.17866,58724
41.01399,38.9219,2.19878,0.18933,58329
41.02399,38.7264,2.19827,0.18548,58851
41.03399,38.49998,2.19776,0.16331,58464
41.04399,38.30063,2.19724,0.17064,58517
41.05398,38.09314,2.19673,0.1858,58811
41.06398,37.87459,2.19622,0.17597,58555
41.07398,37.68443,2.19571,0.169,58774
41.08398,37.48638,2.1952,0.18444,58526
41.09398,37.28042,2.19469,0.17874,58525
41.10398,37.0898,2.19418,0.18215,58482
41.11397,36.86269,2.19367,0.16026,58300
41.12397,36.7086,2.19315,0.17784,59001
41.13397,36.47789,2.19264,0.17423,58353
41.14397,36.33217,2.19214,0.18022,58742
41.15397,36.11421,2.19163,0.16321,58345
41.16397,35.92353,2.19112,0.20119,58176
41.17396,35.7509,2.19061,0.16011,58505
41.18396,35.57157,2.1901,0.17163,58159
41.19396,35.40183,2.18959,0.17025,58756
41.20396,35.23472,2.18908,0.15957,58406
41.21396,35.04077,2.18857,0.17768,58258
41.22396,34.87439,2.18807,0.18088,58607
41.23395,34.69582,2.18756,0.16328,58150
41.24395,34.54245,2.18705,0.16128,58036
41.25395,34.39866,2.18654,0.16482,58406
41.26395,34.20673,2.18604,0.16822,57984
41.27395,34.05205,2.18553,0.17742,58517
41.28395,33.86754,2.18503,0.17218,57824
41.29394,33.72728,2.18452,0.16918,58135
41.30394,33.5732,2.18401,0.16048,58003
41.31394,33.43087,2.18351,0.17202,57775
41.32394,33.27865,2.183,0.15694,58324
41.33394,33.11329,2.1825,0.17671,57722
41.34393,32.99621,2.18199,0.16112,58234
41.35393,32.83052,2.18149,0.16175,57536
41.36393,32.72009,2.18098,0.16929,57877
41.37393,32.58831,2.18048,0.17185,57846
41.38393,32.45273,2.17998,0.15726,58013
41.39393,32.3306,2.17947,0.16032,58064
41.40392,32.19972,2.17897,0.15003,57747
41.41392,32.08132,2.17847,0.16355,57649
41.42392,31.95502,2.17796,0.17013,57603
41.43392,31.81033,2.17746,0.17138,57221
41.44392,31.74073,2.17696,0.16379,58187
41.45392,31.57591,2.17646,0.15586,57624
41.46391,31.48341,2.17596,0.15723,57623
41.47391,31.35988,2.17545,0.15823,57672
41.48391,31.22554,2.17495,0.17193,57328
41.49391,31.11747,2.17445,0.16547,57675
41.50391,31.03504,2.17395,0.15975,57512
41.51391,30.93125,2.17345,0.15108,57692
41.5239,30.81486,2.17295,0.15927,57377
41.5339,30.7082,2.17245,0.16334,57160
41.5439,30.59845,2.17195,0.16191,57792
41.5539,30.51089,2.17145,0.15053,57139
41.5639,30.44722,2.17095,0.16044,57798
41.5739,30.33638,2.17045,0.16313,57488
41.58389,30.2399,2.16995,0.15118,57157
41.59389,30.1487,2.16946,0.14847,57384
41.60389,30.04258,2.16896,0.16239,56951
41.61389,30.00237,2.16846,0.16284,57383
41.62389,29.93132,2.16796,0.16412,57249
41.63389,29.82033,2.16746,0.15565,57244
41.64388,29.73596,2.16697,0.16191,57406
41.65388,29.6569,2.16647,0.14883,56931
41.66388,29.57795,2.16597,0.16027,56930
41.67388,29.54243,2.16548,0.14911,57105
41.68388,29.46079,2.16498,0.15953,56821
41.69388,29.39657,2.16448,0.16282,57425
41.70387,29.30724,2.16399,0.1559,56714
41.71387,29.27002,2.16349,0.15614,57187
41.72387,29.21422,2.163,0.1514,56926
41.73387,29.16966,2.1625,0.15547,56957
41.74387,29.11395,2.16201,0.14755,57103
41.75386,29.05038,2.16151,0.14993,56752
41.76386,28.99878,2.16102,0.15499,56703
41.77386,28.97562,2.16053,0.17029,56584
41.78386,28.91749,2.16003,0.1537,56788
41.79386,28.89601,2.15954,0.15842,57019
41.80386,28.82011,2.15904,0.14957,56384
41.81385,28.79822,2.15855,0.14795,56771
41.82385,28.73637,2.15806,0.15885,56537
41.83385,28.7234,2.15757,0.15487,56403
41.84385,28.66083,2.15707,0.16479,56678
41.85385,28.63565,2.15658,0.14959,56533
41.86385,28.60506,2.15609,0.14674,56643
41.87384,28.55475,2.1556,0.15382,56213
41.88384,28.53436,2.15511,0.15455,56540
41.89384,28.49357,2.15461,0.15803,56732
41.90384,28.45086,2.15412,0.15901,56123
41.91384,28.47728,2.15363,0.14325,56766
41.92384,28.41915,2.15314,0.1482,56109
41.93383,28.37965,2.15265,0.16143,56261
41.94383,28.35615,2.15216,0.14563,56483
41.95383,28.3191,2.15167,0.16052,56263
41.96383,28.32723,2.15118,0.15545,56379
41.97383,28.29926,2.15069,0.15767,55913
41.98383,28.26443,2.1502,0.1509,56296
41.99382,28.22755,2.14972,0.16888,56312
42.00382,28.2161,2.14923,0.13962,56159
42.01382,28.19187,2.14874,0.14904,56052
42.02382,28.19879,2.14825,0.14786,55849
42.03382,28.16805,2.14776,0.1594,56118
42.04382,28.12748,2.14728,0.16349,56356
42.05381,28.11513,2.14679,0.15715,56014
42.06381,28.11164,2.1463,0.14077,56157
42.07381,28.08761,2.14581,0.15508,55720
42.08381,28.09728,2.14533,0.13802,56299
42.09381,28.04073,2.14484,0.16758,55821
42.10381,28.04391,2.14435,0.1496,55911
42.1138,28.02188,2.14387,0.15351,55981
42.1238,28.00517,2.14338,0.15403,55508
42.1338,28.02229,2.1429,0.17294,56031
42.1438,27.97556,2.14241,0.13979,55850
42.1538,27.99166,2.14193,0.15402,55942
42.16379,27.9549,2.14144,0.15365,55814
42.17379,27.95409,2.14096,0.15127,55383
42.18379,27.92797,2.14047,0.15259,55841
42.19379,27.9154,2.13999,0.15146,55751
42.20379,27.91765,2.13951,0.15139,55809
42.21379,27.91167,2.13902,0.14745,55829
42.22378,27.88682,2.13854,0.15561,55512
42.23378,27.86129,2.13805,0.14321,56009
42.24378,27.86056,2.13757,0.16406,55570
42.25378,27.87395,2.13709,0.15074,55860
42.26378,27.85749,2.13661,0.14283,55664
42.27378,27.81772,2.13612,0.14841,55286
42.28377,27.80583,2.13564,0.15576,56077
42.29377,27.8006,2.13516,0.1606,55440
42.30377,27.82968,2.13468,0.15011,55899
42.31377,27.79825,2.1342,0.15067,55528
42.32377,27.77817,2.13372,0.16058,55652
42.33377,27.75701,2.13324,0.14762,55623
42.34376,27.76244,2.13276,0.16003,55437
42.35376,27.79937,2.13228,0.13389,55657
42.36376,27.76565,2.1318,0.15748,55668
42.37376,27.73824,2.13132,0.15617,55575
42.38376,27.74568,2.13084,0.15585,55692
42.39376,27.72646,2.13036,0.15627,55251
42.40375,27.75408,2.12988,0.15848,55799
42.41375,27.74737,2.1294,0.13264,55866
42.42375,27.70818,2.12892,0.14651,55457
42.43375,27.70587,2.12844,0.14612,55657
42.44375,27.67204,2.12796,0.16687,54914
42.45375,27.72867,2.12748,0.16251,56003
42.46374,27.68032,2.12701,0.15033,55349
42.47374,27.68687,2.12653,0.14454,55601
42.48374,27.66264,2.12605,0.15592,55346
42.49374,27.65245,2.12558,0.15831,55351
42.50374,27.68099,2.1251,0.144,55564
42.51373,27.63839,2.12462,0.16088,55601
42.52373,27.63928,2.12415,0.14229,55372
42.53373,27.64539,2.12367,0.1545,55249
42.54373,27.61896,2.12319,0.14475,55236
42.55373,27.63157,2.12272,0.16029,55913
42.56373,27.62857,2.12224,0.14668,55517
42.57372,27.61243,2.12177,0.155,55230
42.58372,27.61417,2.12129,0.13976,55630
42.59372,27.58671,2.12082,0.15758,54910
42.60372,27.58845,2.12034,0.14997,55871
42.61372,27.58147,2.11987,0.1517,55178
42.62372,27.57605,2.11939,0.14012,55639
42.63371,27.55022,2.11892,0.15782,54909
42.64371,27.5456,2.11845,0.16481,55339
42.65371,27.53007,2.11797,0.15484,55832
42.66371,27.55184,2.1175,0.14639,55411
42.67371,27.52497,2.11703,0.1527,55104
42.68371,27.50938,2.11655,0.14314,55276
42.6937,27.48062,2.11608,0.14997,55242
42.7037,27.49785,2.11561,0.15037,55622
42.7137,27.5056,2.11514,0.15469,55288
42.7237,27.48392,2.11466,0.16084,55152
42.7337,27.46585,2.11419,0.14843,55539
42.7437,27.45593,2.11372,0.14479,55078
42.75369,27.46205,2.11325,0.1465,55587
42.76369,27.462,2.11278,0.13894,55120
42.77369,27.43257,2.11231,0.15539,55484
42.78369,27.39317,2.11184,0.15416,55014
42.79369,27.42572,2.11137,0.15695,55132
42.80369,27.40386,2.1109,0.16747,55363
42.81368,27.39011,2.11043,0.14407,55330
42.82368,27.37639,2.10996,0.1409,55348
42.83368,27.34903,2.10949,0.15291,55294
42.84368,27.3702,2.10902,0.15872,54786
42.85368,27.34205,2.10855,0.14326,55466
42.86368,27.32478,2.10808,0.15238,55032
42.87367,27.34124,2.10761,0.14755,55473
42.88367,27.3166,2.10715,0.1501,54961
42.89367,27.32188,2.10668,0.15971,55050
42.90367,27.28169,2.10621,0.14807,55615
42.91367,27.28129,2.10574,0.14693,55116
42.92366,27.27423,2.10528,0.14567,55359
42.93366,27.27742,2.10481,0.14281,54879
42.94366,27.2363,2.10434,0.15378,55080
42.95366,27.23462,2.10387,0.15468,55501
42.96366,27.20496,2.10341,0.15204,54840
42.97366,27.21016,2.10294,0.15097,55269
42.98365,27.19293,2.10248,0.1483,54962
42.99365,27.13667,2.10201,0.15556,55088
43.00365,27.14476,2.10154,0.15974,55446
43.01365,27.11719,2.10108,0.14197,54602
43.02365,27.11642,2.10061,0.13776,55346
43.03365,27.07484,2.10015,0.14993,54792
43.04364,27.05306,2.09968,0.15483,54997
43.05364,27.04969,2.09922,0.15854,55305
43.06364,27.00027,2.09876,0.14807,54855
43.07364,26.99748,2.09829,0.15344,55407
43.08364,26.95293,2.09783,0.13495,54924
43.09364,26.94195,2.09736,0.14086,54880
43.10363,26.90522,2.0969,0.15224,55222
43.11363,26.85801,2.09644,0.15192,54900
43.12363,26.85379,2.09598,0.15851,55235
43.13363,26.81499,2.09551,0.15568,54390
43.14363,26.79292,2.09505,0.14958,55278
43.15363,26.75949,2.09459,0.14769,55140
43.16362,26.72074,2.09413,0.14536,55222
43.17362,26.70683,2.09366,0.14266,54753
43.18362,26.66115,2.0932,0.15121,54671
43.19362,26.63149,2.09274,0.14695,55095
43.20362,26.62281,2.09228,0.15506,55259
43.21362,26.58208,2.09182,0.1517,54707
43.22361,26.56609,2.09136,0.1472,55062
43.23361,26.50333,2.0909,0.14091,54501
43.24361,26.5177,2.09044,0.14534,55595
43.25361,26.44871,2.08998,0.14308,54966
43.26361,26.44255,2.08952,0.14885,54810
43.27361,26.39906,2.08906,0.1475,54738
43.2836,26.35878,2.0886,0.1474,54638
43.2936,26.35386,2.08814,0.14913,55235
43.3036,26.3066,2.08768,0.15513,54894
43.3136,26.25184,2.08722,0.15093,54710
43.3236,26.23362,2.08676,0.14413,55104
43.33359,26.19362,2.0863,0.14538,54645
43.34359,26.17073,2.08585,0.14254,55113
43.35359,26.08397,2.08539,0.15997,54449
43.36359,26.08249,2.08493,0.13995,54969
43.37359,26.04677,2.08447,0.14035,54755
43.38359,26.01863,2.08402,0.15352,54827
43.39358,25.96859,2.08356,0.15045,55021
43.40358,25.91183,2.0831,0.14358,54653
43.41358,25.9004,2.08265,0.14813,54803
43.42358,25.8838,2.08219,0.13502,55133
43.43358,25.80881,2.08173,0.13952,54705
43.44358,25.77557,2.08128,0.15003,54816
43.45357,25.7464,2.08082,0.1465,54329
43.46357,25.73345,2.08037,0.15768,54832
43.47357,25.6858,2.07991,0.14961,54920
43.48357,25.63189,2.07946,0.14362,54472
43.49357,25.61223,2.079,0.13559,54968
43.50357,25.57756,2.07855,0.14282,54327
43.51356,25.56187,2.07809,0.15923,54801
43.52356,25.4786,2.07764,0.14478,54614
43.53356,25.46967,2.07718,0.14415,54376
43.54356,25.43469,2.07673,0.14426,54606
43.55356,25.40796,2.07628,0.15132,54626
43.56356,25.3501,2.07582,0.13938,54568
43.57355,25.32328,2.07537,0.14018,54759
43.58355,25.27099,2.07492,0.13688,54167
43.59355,25.25581,2.07446,0.14494,54859
43.60355,25.21254,2.07401,0.15186,54247
43.61355,25.16285,2.07356,0.14119,54695
43.62355,25.12349,2.07311,0.15178,54155
43.63354,25.07613,2.07266,0.14268,54593
43.64354,25.07279,2.0722,0.136,54532
43.65354,24.99273,2.07175,0.14337,54307
43.66354,24.95698,2.0713,0.14663,54457
43.67354,24.91322,2.07085,0.15631,54463
43.68354,24.87713,2.0704,0.14939,53979
43.69353,24.85317,2.06995,0.13022,54481
43.70353,24.76854,2.0695,0.14972,53957
43.71353,24.74747,2.06905,0.151,54651
43.72353,24.69706,2.0686,0.13478,54094
43.73353,24.69342,2.06815,0.13713,54327
43.74352,24.59135,2.0677,0.14347,54512
43.75352,24.56456,2.06725,0.142,54182
43.76352,24.53772,2.0668,0.14007,54572
43.77352,24.48562,2.06635,0.13735,53909
43.78352,24.44535,2.0659,0.14637,54186
43.79352,24.36163,2.06545,0.15429,54410
43.80351,24.33979,2.06501,0.14213,53940
43.81351,24.32631,2.06456,0.13667,54470
43.82351,24.22754,2.06411,0.14133,54182
43.83351,24.2039,2.06366,0.13849,54387
43.84351,24.15636,2.06322,0.14128,54165
43.85351,24.10313,2.06277,0.15278,53801
43.8635,24.06519,2.06232,0.14046,54430
43.8735,24.01518,2.06187,0.15077,54184
43.8835,23.98159,2.06143,0.13394,54195
43.8935,23.91551,2.06098,0.12612,54331
43.9035,23.86958,2.06054,0.1466,54052
43.9135,23.86004,2.06009,0.14006,54461
43.92349,23.7609,2.05964,0.14101,54229
43.93349,23.72382,2.0592,0.13413,54380
43.94349,23.70243,2.05875,0.14862,54095
43.95349,23.6475,2.05831,0.14387,53733
43.96349,23.59215,2.05786,0.13666,54454
43.97349,23.51858,2.05742,0.13467,54238
43.98348,23.48979,2.05697,0.13066,54219
43.99348,23.47089,2.05653,0.14384,54122
44.00348,23.37865,2.05609,0.152,54238
44.01348,23.32396,2.05564,0.13941,54213
44.02348,23.29949,2.0552,0.15681,53833
44.03348,23.26985,2.05475,0.13197,54129
44.04347,23.17709,2.05431,0.12754,54451
44.05347,23.13654,2.05387,0.12694,54000
44.06347,23.09954,2.05343,0.14964,54181
44.07347,23.05799,2.05298,0.14495,54123
44.08347,23.00915,2.05254,0.13474,54286
44.09347,22.91595,2.0521,0.13028,54174
44.10346,22.90707,2.05166,0.14401,53985
44.11346,22.85353,2.05121,0.13679,54323
44.12346,22.80804,2.05077,0.13861,53955
44.13346,22.72503,2.05033,0.12754,54176
44.14346,22.70676,2.04989,0.13932,53858
44.15345,22.65863,2.04945,0.13877,54595
44.16345,22.62414,2.04901,0.13835,54231
44.17345,22.52885,2.04857,0.14782,53885
44.18345,22.49574,2.04813,0.13575,53834
44.19345,22.48722,2.04769,0.14407,54367
44.20345,22.41775,2.04725,0.12821,54029
44.21344,22.35571,2.04681,0.12639,54002
44.22344,22.29364,2.04637,0.13948,54164
44.23344,22.30317,2.04593,0.13306,54347
44.24344,22.24461,2.04549,0.1318,53713
44.25344,22.16307,2.04505,0.14214,54299
44.26344,22.13501,2.04461,0.13405,54392
44.27343,22.11764,2.04417,0.14268,53980
44.28343,22.05747,2.04373,0.13015,53995
44.29343,21.9839,2.0433,0.12507,54024
44.30343,21.94936,2.04286,0.12892,54191
44.31343,21.94793,2.04242,0.14286,54233
44.32343,21.8665,2.04198,0.13729,53850
44.33342,21.82243,2.04155,0.14264,54180
44.34342,21.78337,2.04111,0.13778,54105
44.35342,21.76396,2.04067,0.14084,53874
44.36342,21.70788,2.04024,0.12483,54231
44.37342,21.63761,2.0398,0.12353,53841
44.38342,21.62999,2.03936,0.13099,54285
44.39341,21.57141,2.03893,0.13487,54214
44.40341,21.51928,2.03849,0.14039,53722
44.41341,21.48933,2.03805,0.1396,54337
44.42341,21.44562,2.03762,0.13438,53872
44.43341,21.39082,2.03718,0.12597,54451
44.44341,21.35387,2.03675,0.12875,53718
44.4534,21.31423,2.03631,0.11917,54177
44.4634,21.24326,2.03588,0.141,54110
44.4734,21.23199,2.03544,0.14164,54045
44.4834,21.1734,2.03501,0.13257,53858
44.4934,21.13758,2.03458,0.13478,54204
44.50339,21.0838,2.03414,0.13095,54204
44.51339,21.03323,2.03371,0.14169,53796
44.52339,21.02488,2.03328,0.13121,53773
44.53339,20.91798,2.03284,0.11862,54284
44.54339,20.91702,2.03241,0.13033,54043
44.55339,20.87495,2.03198,0.13055,53980
44.56338,20.82888,2.03154,0.13572,54038
44.57338,20.75238,2.03111,0.13035,54091
44.58338,20.7575,2.03068,0.13772,54140
44.59338,20.7069,2.03025,0.12533,53983
44.60338,20.66378,2.02981,0.12576,54148
44.61338,20.58206,2.02938,0.12663,53818
44.62337,20.59115,2.02895,0.12849,54037
44.63337,20.52569,2.02852,0.13162,54158
44.64337,20.49892,2.02809,0.13173,53874
44.65337,20.44018,2.02766,0.13014,54107
44.66337,20.39467,2.02723,0.13983,53846
44.67337,20.3901,2.0268,0.13474,54235
44.68336,20.34008,2.02637,0.12764,53790
44.69336,20.27279,2.02594,0.12078,53939
44.70336,20.24134,2.02551,0.12438,54297
44.71336,20.21794,2.02508,0.12839,53762
44.72336,20.18118,2.02465,0.13279,53797
44.73336,20.10889,2.02422,0.13089,54297
44.74335,20.1116,2.02379,0.13395,53987
44.75335,20.06709,2.02336,0.12761,54075
44.76335,19.99123,2.02293,0.11971,53811
44.77335,19.99296,2.0225,0.123,54428
44.78335,19.94657,2.02207,0.12943,53817
44.79335,19.90267,2.02165,0.12322,53834
44.80334,19.8547,2.02122,0.13167,54141
44.81334,19.84172,2.02079,0.13783,54020
44.82334,19.80347,2.02036,0.12884,53700
44.83334,19.75374,2.01994,0.12663,54075
44.84334,19.71248,2.01951,0.11864,54181
44.85334,19.70016,2.01908,0.13118,54062
44.86333,19.63768,2.01865,0.13541,53684
44.87333,19.6165,2.01823,0.12124,53743
44.88333,19.5935,2.0178,0.12766,54367
44.89333,19.53358,2.01738,0.1266,53920
44.90333,19.51877,2.01695,0.13053,53945
44.91332,19.49113,2.01652,0.11953,54018
44.92332,19.45901,2.0161,0.12641,54203
44.93332,19.40215,2.01567,0.1236,53788
44.94332,19.3909,2.01525,0.12588,53969
44.95332,19.36701,2.01482,0.11954,54045
44.96332,19.29615,2.0144,0.1271,54159
44.97331,19.29134,2.01397,0.13747,53523
44.98331,19.27899,2.01355,0.12556,53980
44.99331,19.20087,2.01312,0.11947,54205
45.00331,19.19415,2.0127,0.12576,54066
45.01331,19.16991,2.01228,0.12847,53413
45.02331,19.1252,2.01185,0.12585,54316
45.0333,19.08165,2.01143,0.13096,53689
45.0433,19.07585,2.01101,0.11692,53636
45.0533,19.02796,2.01058,0.12283,53966
45.0633,19.00932,2.01016,0.13135,54152
45.0733,18.97796,2.00974,0.12266,53759
45.0833,18.92819,2.00932,0.12274,53787
45.09329,18.94002,2.00889,0.12646,53844
45.10329,18.87646,2.00847,0.11251,54225
45.11329,18.8273,2.00805,0.12831,53379
45.12329,18.83058,2.00763,0.13018,53971
45.13329,18.80006,2.00721,0.12605,53656
45.14329,18.75106,2.00678,0.12194,53801
45.15328,18.74227,2.00636,0.12005,53858
45.16328,18.71513,2.00594,0.12352,53758
45.17328,18.66633,2.00552,0.13071,53642
45.18328,18.62388,2.0051,0.12323,53894
45.19328,18.62198,2.00468,0.12872,53278
45.20328,18.59449,2.00426,0.12963,53758
45.21327,18.52776,2.00384,0.11583,53736
45.22327,18.53663,2.00342,0.12071,53735
45.23327,18.51531,2.003,0.12061,53350
45.24327,18.44029,2.00258,0.11982,54037
45.25327,18.44359,2.00216,0.12191,53567
45.26327,18.41228,2.00174,0.12518,53431
45.27326,18.37607,2.00133,0.12334,53964
45.28326,18.33853,2.00091,0.12176,53460
45.29326,18.33174,2.00049,0.1202,53287
45.30326,18.29765,2.00007,0.11863,53686
45.31326,18.2444,1.99965,0.127,53614
45.32325,18.25677,1.99923,0.12314,53618
45.33325,18.18909,1.99882,0.12045,53360
45.34325,18.18929,1.9984,0.13075,53619
45.35325,18.15463,1.99798,0.12193,53577
45.36325,18.10489,1.99756,0.12541,53336
45.37325,18.10678,1.99715,0.11818,53325
45.38324,18.08133,1.99673,0.1208,53456
45.39324,18.00907,1.99631,0.12156,53539
45.40324,18.04162,1.9959,0.11345,53473
45.41324,17.98824,1.99548,0.1277,53259
45.42324,17.95666,1.99507,0.12319,53840
45.43324,17.91937,1.99465,0.11999,53136
45.44323,17.93588,1.99423,0.1159,53276
45.45323,17.87369,1.99382,0.12039,53666
45.46323,17.86346,1.9934,0.12246,53224
45.47323,17.85315,1.99299,0.11655,53220
45.48323,17.81717,1.99257,0.12118,53614
45.49323,17.7775,1.99216,0.1254,53123
45.50322,17.7856,1.99174,0.11971,53166
45.51322,17.75307,1.99133,0.12849,53442
45.52322,17.71518,1.99092,0.12145,53352
45.53322,17.70297,1.9905,0.12407,52755
45.54322,17.69377,1.99009,0.11599,53507
45.55322,17.66157,1.98967,0.11084,53302
45.56321,17.64404,1.98926,0.11931,53094
45.57321,17.61746,1.98885,0.1263,53606
45.58321,17.61818,1.98844,0.12403,53036
45.59321,17.57471,1.98802,0.11831,53141
45.60321,17.55563,1.98761,0.11161,53283
45.61321,17.57525,1.9872,0.12141,53357
45.6232,17.50503,1.98678,0.11705,53011
45.6332,17.48475,1.98637,0.1211,52932
45.6432,17.51452,1.98596,0.11591,53426
45.6532,17.44567,1.98555,0.12446,53023
45.6632,17.42477,1.98514,0.12684,52973
45.6732,17.46159,1.98473,0.12163,53345
45.68319,17.40186,1.98432,0.11854,53040
45.69319,17.35322,1.9839,0.12525,52815
45.70319,17.39381,1.98349,0.11349,53186
45.71319,17.35326,1.98308,0.11622,52960
45.72319,17.29162,1.98267,0.11866,53048
45.73318,17.32642,1.98226,0.1188,53153
45.74318,17.28588,1.98185,0.1214,52939
45.75318,17.25385,1.98144,0.11623,52894
45.76318,17.25924,1.98103,0.12234,53064
45.77318,17.24187,1.98062,0.11421,53416
45.78318,17.18735,1.98021,0.11161,52644
45.79317,17.19043,1.97981,0.12377,52853
45.80317,17.16345,1.9794,0.12021,53089
45.81317,17.15436,1.97899,0.11663,52869
45.82317,17.12767,1.97858,0.12242,52904
45.83317,17.11435,1.97817,0.12369,53137
45.84317,17.10239,1.97776,0.11599,52522
45.85316,17.07032,1.97735,0.11705,53172
45.86316,17.05772,1.97695,0.12492,52755
45.87316,17.04533,1.97654,0.11621,52791
45.88316,17.0128,1.97613,0.11236,52919
45.89316,17.00755,1.97572,0.11862,52887
45.90316,16.99539,1.97532,0.11913,52579
45.91315,16.98301,1.97491,0.12107,52993
45.92315,16.94463,1.9745,0.1173,52909
45.93315,16.96965,1.9741,0.11104,52877
45.94315,16.92867,1.97369,0.1142,52758
45.95315,16.8869,1.97328,0.11782,52572
45.96315,16.91558,1.97288,0.11884,52751
45.97314,16.88777,1.97247,0.11819,52834
45.98314,16.86155,1.97207,0.12351,52750
45.99314,16.8604,1.97166,0.11585,52843
46.00314,16.85582,1.97126,0.12191,52693
46.01314,16.83325,1.97085,0.11064,52518
46.02314,16.79292,1.97045,0.12607,52939
46.03313,16.81472,1.97004,0.12133,52498
46.04313,16.78624,1.96964,0.11708,52469
46.05313,16.74866,1.96923,0.11287,52663
46.06313,16.7819,1.96883,0.12382,52860
46.07313,16.75522,1.96842,0.11348,52341
46.08313,16.71229,1.96802,0.1119,53003
46.09312,16.73346,1.96762,0.12967,52505
46.10312,16.68948,1.96721,0.10265,52696
46.11312,16.68071,1.96681,0.11798,52658
46.12312,16.68248,1.96641,0.12304,52288
46.13312,16.6578,1.966,0.11017,52664
46.14311,16.63561,1.9656,0.12662,52510
46.15311,16.65305,1.9652,0.1116,52606
46.16311,16.60306,1.9648,0.11563,52400
46.17311,16.58899,1.96439,0.12507,52523
46.18311,16.6056,1.96399,0.11921,52983
46.19311,16.5592,1.96359,0.11689,52062
46.2031,16.56012,1.96319,0.12007,52358
46.2131,16.55352,1.96279,0.11385,52770
46.2231,16.52143,1.96239,0.11311,52063
46.2331,16.52812,1.96199,0.11471,52529
46.2431,16.499,1.96158,0.11564,52760
46.2531,16.49893,1.96118,0.12008,52207
46.26309,16.47339,1.96078,0.11475,52531
46.27309,16.47153,1.96038,0.10986,52720
46.28309,16.46179,1.95998,0.11986,52006
46.29309,16.42735,1.95958,0.11639,52526
46.30309,16.43644,1.95918,0.11005,52476
46.31309,16.43128,1.95878,0.12165,52107
46.32308,16.38862,1.95838,0.11308,52461
46.33308,16.39967,1.95798,0.12069,52650
46.34308,16.3804,1.95759,0.1197,51967
46.35308,16.3817,1.95719,0.11341,52729
46.36308,16.34971,1.95679,0.12491,51978
46.37308,16.34222,1.95639,0.12168,52040
46.38307,16.35547,1.95599,0.10376,52718
46.39307,16.32431,1.95559,0.11519,51909
46.40307,16.29941,1.95519,0.11907,52229
46.41307,16.32615,1.9548,0.11537,52582
46.42307,16.27805,1.9544,0.12001,52139
46.43307,16.29914,1.954,0.10901,52424
46.44306,16.29375,1.9536,0.11696,52379
46.45306,16.24622,1.95321,0.11083,52077
46.46306,16.26348,1.95281,0.1129,51998
46.47306,16.25017,1.95241,0.11741,52302
46.48306,16.22806,1.95202,0.12054,52310
46.49305,16.24345,1.95162,0.11643,51786
46.50305,16.21471,1.95122,0.11635,52702
46.51305,16.20172,1.95083,0.12503,51920
46.52305,16.22541,1.95043,0.10878,51872
46.53305,16.17367,1.95003,0.11515,52451
46.54305,16.18169,1.94964,0.11506,51921
46.55304,16.16746,1.94924,0.10925,51954
46.56304,16.16954,1.94885,0.12096,52404
46.57304,16.16959,1.94845,0.11806,51721
46.58304,16.15026,1.94806,0.11034,52454
46.59304,16.13952,1.94766,0.11969,51822
46.60304,16.13924,1.94727,0.10842,52576
46.61303,16.1336,1.94687,0.11211,51855
46.62303,16.11075,1.94648,0.1122,51801
46.63303,16.10971,1.94609,0.12235,52282
46.64303,16.1144,1.94569,0.11425,51874
46.65303,16.07733,1.9453,0.11497,52107
46.66303,16.08659,1.94491,0.11944,51961
46.67302,16.10572,1.94451,0.11132,51784
46.68302,16.04504,1.94412,0.11822,52439
46.69302,16.06059,1.94373,0.12113,51634
46.70302,16.05962,1.94333,0.11725,51858
46.71302,16.03085,1.94294,0.11104,52212
46.72302,16.04843,1.94255,0.10978,51347
46.73301,16.03264,1.94216,0.11415,52347
46.74301,16.00405,1.94176,0.12601,51810
46.75301,16.02344,1.94137,0.10919,52012
46.76301,16.00748,1.94098,0.1159,51943
46.77301,15.9946,1.94059,0.10905,51915
46.78301,15.98274,1.9402,0.11316,51808
46.793,15.99418,1.93981,0.11546,51956
46.803,15.96661,1.93941,0.11274,51762
46.813,15.96678,1.93902,0.11775,51834
46.823,15.97041,1.93863,0.117,51781
46.833,15.93339,1.93824,0.11668,51962
46.843,15.97514,1.93785,0.11234,51791
46.85299,15.91457,1.93746,0.11555,51954
46.86299,15.92428,1.93707,0.1188,51587
46.87299,15.95818,1.93668,0.11137,51517
46.88299,15.8793,1.93629,0.11972,52299
46.89299,15.91217,1.9359,0.11285,51265
46.90298,15.91546,1.93551,0.11269,52127
46.91298,15.86569,1.93512,0.11235,51450
46.92298,15.90562,1.93473,0.11587,51870
46.93298,15.87276,1.93435,0.10745,52009
46.94298,15.85512,1.93396,0.11522,51491
46.95298,15.87034,1.93357,0.1142,51845
46.96297,15.8522,1.93318,0.11802,51627
46.97297,15.83216,1.93279,0.10671,51526
46.98297,15.85603,1.9324,0.12126,51933
46.99297,15.81129,1.93202,0.11313,51348
47.00297,15.82969,1.93163,0.11396,52099
47.01297,15.82895,1.93124,0.12154,51474
47.02296,15.77456,1.93085,0.11798,51527
47.03296,15.81068,1.93047,0.11684,51860
47.04296,15.79536,1.93008,0.112,51081
47.05296,15.75122,1.92969,0.10366,52060
47.06296,15.80096,1.92931,0.11529,51552
47.07296,15.74051,1.92892,0.11646,51393
47.08295,15.77025,1.92853,0.11864,51954
47.09295,15.75731,1.92815,0.11484,51147
47.10295,15.72535,1.92776,0.11032,52117
47.11295,15.76524,1.92738,0.10945,51535
47.12295,15.70276,1.92699,0.10765,51148
47.13295,15.71462,1.9266,0.11577,51685
47.14294,15.71168,1.92622,0.1191,51409
47.15294,15.71511,1.92583,0.11345,51652
47.16294,15.6981,1.92545,0.12475,51507
47.17294,15.69092,1.92506,0.10348,51439
47.18294,15.69305,1.92468,0.12081,51584
47.19294,15.67197,1.9243,0.11557,51546
47.20293,15.67915,1.92391,0.11477,51210
47.21293,15.64132,1.92353,0.11404,51501
47.22293,15.67551,1.92314,0.11263,51261
47.23293,15.68165,1.92276,0.11171,51587
47.24293,15.61306,1.92238,0.11017,51417
47.25293,15.66799,1.92199,0.11623,51455
47.26292,15.61583,1.92161,0.11082,51769
47.27292,15.6374,1.92123,0.1071,51171
47.28292,15.64008,1.92084,0.11793,51573
47.29292,15.58958,1.92046,0.11738,50830
47.30292,15.63609,1.92008,0.10652,51741
47.31291,15.61556,1.91969,0.11651,51239
47.32291,15.60099,1.91931,0.10992,51300
47.33291,15.60302,1.91893,0.12469,51727
47.34291,15.58594,1.91855,0.11285,50715
47.35291,15.60371,1.91817,0.1186,51981
47.36291,15.59336,1.91779,0.11502,50964
47.3729,15.57424,1.9174,0.11329,51344
47.3829,15.5887,1.91702,0.10505,51384
47.3929,15.5775,1.91664,0.1222,50781
47.4029,15.58176,1.91626,0.11148,52018
47.4129,15.58661,1.91588,0.11221,51047
47.4229,15.54316,1.9155,0.11439,51192
47.43289,15.58914,1.91512,0.10851,51552
47.44289,15.54809,1.91474,0.10965,50818
47.45289,15.55727,1.91436,0.11159,51635
47.46289,15.56507,1.91398,0.1192,51105
47.47289,15.53821,1.9136,0.1128,51034
47.48289,15.56779,1.91322,0.11614,51319
47.49288,15.53322,1.91284,0.11512,50796
47.50288,15.56098,1.91246,0.11352,51704
47.51288,15.52798,1.91208,0.11058,51258
47.52288,15.53655,1.9117,0.11904,50844
47.53288,15.52498,1.91132,0.11959,51595
47.54288,15.52184,1.91094,0.11085,50406
47.55287,15.53408,1.91057,0.11228,51760
47.56287,15.5083,1.91019,0.10911,51046
47.57287,15.54061,1.90981,0.10962,50727
47.58287,15.48796,1.90943,0.12008,51589
47.59287,15.50331,1.90905,0.11176,50720
47.60287,15.50496,1.90868,0.1062,51738
47.61286,15.49736,1.9083,0.11556,50903
47.62286,15.4937,1.90792,0.1079,50826
47.63286,15.48429,1.90754,0.11764,51223
47.64286,15.47492,1.90717,0.11205,50769
47.65286,15.48153,1.90679,0.1178,51330
47.66286,15.47702,1.90641,0.10854,51219
47.67285,15.46097,1.90604,0.12092,50671
47.68285,15.47489,1.90566,0.11669,51487
47.69285,15.44173,1.90528,0.11204,50791
47.70285,15.45471,1.90491,0.11666,50866
47.71285,15.43377,1.90453,0.1068,51251
47.72284,15.44697,1.90416,0.11496,50623
47.73284,15.43579,1.90378,0.11071,51588
47.74284,15.41425,1.90341,0.11405,50326
47.75284,15.43405,1.90303,0.11427,51396
47.76284,15.43242,1.90266,0.10449,51158
47.77284,15.42217,1.90228,0.11154,50646
47.78283,15.41296,1.90191,0.11768,51225
47.79283,15.41233,1.90153,0.10877,50366
47.80283,15.39169,1.90116,0.11919,51481
47.81283,15.41494,1.90078,0.11148,50823
47.82283,15.38643,1.90041,0.11098,50778
47.83283,15.40183,1.90004,0.12123,51123
47.84282,15.38314,1.89966,0.1144,50711
47.85282,15.39461,1.89929,0.11087,50942
47.86282,15.37051,1.89891,0.11419,51234
47.87282,15.38406,1.89854,0.1234,50212
47.88282,15.36428,1.89817,0.10551,51264
47.89282,15.38461,1.8978,0.10837,50572
47.90281,15.35891,1.89742,0.11193,50997
47.91281,15.38051,1.89705,0.12274,51059
47.92281,15.36144,1.89668,0.11091,50316
47.93281,15.35992,1.89631,0.10479,51556
47.94281,15.36261,1.89593,0.11628,50296
47.95281,15.33891,1.89556,0.10309,51020
47.9628,15.3753,1.89519,0.11328,50640
47.9728,15.33182,1.89482,0.12352,50620
47.9828,15.3683,1.89445,0.11907,51055
47.9928,15.33624,1.89408,0.10841,50661
48.0028,15.35164,1.8937,0.11446,50842
48.0128,15.34175,1.89333,0.11034,51015
48.02279,15.35287,1.89296,0.11653,50427
48.03279,15.33154,1.89259,0.1226,51035
48.04279,15.35112,1.89222,0.11086,50264
48.05279,15.33298,1.89185,0.10896,51043
48.06279,15.35064,1.89148,0.11029,50551
48.07278,15.3221,1.89111,0.11477,50558
48.08278,15.35433,1.89074,0.10754,51055
48.09278,15.33392,1.89037,0.11138,50580
48.10278,15.33113,1.89,0.10906,50871
48.11278,15.35023,1.88963,0.11167,50538
48.12278,15.31056,1.88926,0.11954,50429
48.13277,15.34795,1.88889,0.11198,50827
48.14277,15.32079,1.88852,0.10829,50695
48.15277,15.3322,1.88816,0.11058,50742
48.16277,15.33608,1.88779,0.12152,50592
48.17277,15.31286,1.88742,0.11251,50503
48.18277,15.33356,1.88705,0.11942,50700
48.19276,15.32824,1.88668,0.11875,50744
48.20276,15.30185,1.88631,0.10885,50338
48.21276,15.33705,1.88595,0.10557,50622
48.22276,15.29613,1.88558,0.11343,50539
48.23276,15.34923,1.88521,0.12112,50449
48.24276,15.29433,1.88484,0.10767,51008
48.25275,15.33934,1.88448,0.11554,50115
48.26275,15.30584,1.88411,0.10957,51265
48.27275,15.32892,1.88374,0.10531,49998
48.28275,15.30195,1.88338,0.11303,50826
48.29275,15.32408,1.88301,0.1153,50334
48.30275,15.321,1.88264,0.10982,50438
48.31274,15.32674,1.88228,0.1208,50700
48.32274,15.30539,1.88191,0.11343,50336
48.33274,15.33312,1.88154,0.11272,50699
48.34274,15.30007,1.88118,0.11324,50455
48.35274,15.33835,1.88081,0.1121,50471
48.36274,15.30293,1.88045,0.11956,50708
48.37273,15.34174,1.88008,0.12325,49883
48.38273,15.28461,1.87972,0.10797,50855
48.39273,15.34564,1.87935,0.10777,50154
48.40273,15.28419,1.87899,0.11028,50705
48.41273,15.33787,1.87862,0.11245,50375
48.42273,15.29212,1.87826,0.11769,50585
48.43272,15.33034,1.87789,0.10327,50388
48.44272,15.29173,1.87753,0.1125,50451
48.45272,15.31037,1.87717,0.11779,50077
48.46272,15.30161,1.8768,0.10489,50516
48.47272,15.30149,1.87644,0.11738,50425
48.48271,15.28473,1.87607,0.12009,50438
48.49271,15.2971,1.87571,0.11205,50437
48.50271,15.27857,1.87535,0.11277,50225
48.51271,15.29511,1.87498,0.1218,50597
48.52271,15.26618,1.87462,0.11271,50425
48.53271,15.29048,1.87426,0.11789,50022
48.5427,15.25551,1.8739,0.10689,50611
48.5527,15.28315,1.87353,0.10827,49918
48.5627,15.24713,1.87317,0.11734,50710
48.5727,15.27424,1.87281,0.11234,50121
48.5827,15.2456,1.87245,0.11706,50462
48.5927,15.25751,1.87208,0.10319,50462
48.60269,15.24318,1.87172,0.10633,50106
48.61269,15.25047,1.87136,0.12244,50351
48.62269,15.24788,1.871,0.10854,50112
48.63269,15.21896,1.87064,0.11502,50380
48.64269,15.26427,1.87028,0.11332,50102
48.65269,15.20765,1.86992,0.11848,50283
48.66268,15.26499,1.86956,0.10926,50551
48.67268,15.20825,1.8692,0.11951,50200
48.68268,15.24577,1.86883,0.11194,50171
48.69268,15.21084,1.86847,0.11808,50439
48.70268,15.23138,1.86811,0.11757,49685
48.71268,15.20966,1.86775,0.10408,50609
48.72267,15.23291,1.86739,0.11492,49856
48.73267,15.21065,1.86703,0.1104,50450
48.74267,15.23311,1.86667,0.11028,50236
48.75267,15.21375,1.86632,0.1119,50104
48.76267,15.20838,1.86596,0.11308,50352
48.77267,15.21152,1.8656,0.11006,49935
48.78266,15.20231,1.86524,0.10722,50229
48.79266,15.22145,1.86488,0.11218,50090
48.80266,15.19404,1.86452,0.11852,50290
48.81266,15.22193,1.86416,0.11551,49950
48.82266,15.19603,1.8638,0.11522,50219
48.83266,15.21423,1.86345,0.10833,50094
48.84265,15.19572,1.86309,0.11354,50488
48.85265,15.21839,1.86273,0.115,49942
48.86265,15.18184,1.86237,0.12046,50010
48.87265,15.20063,1.86201,0.11559,49856
48.88265,15.20325,1.86166,0.10858,50083
48.89264,15.20678,1.8613,0.10948,50207
48.90264,15.18828,1.86094,0.11274,50129
48.91264,15.186,1.86058,0.11111,50313
48.92264,15.19836,1.86023,0.10746,49929
48.93264,15.17464,1.85987,0.10643,50197
48.94264,15.20171,1.85951,0.11269,49885
48.95263,15.17052,1.85916,0.1201,50035
48.96263,15.20466,1.8588,0.11033,49842
48.97263,15.16002,1.85845,0.11435,50134
48.98263,15.20679,1.85809,0.10887,49812
48.99263,15.16288,1.85773,0.11893,50355
49.00263,15.20421,1.85738,0.1142,50026
49.01262,15.15165,1.85702,0.127,49943
49.02262,15.19081,1.85667,0.10731,49912
49.03262,15.1724,1.85631,0.11095,49952
49.04262,15.16123,1.85596,0.1166,50031
49.05262,15.19762,1.8556,0.10532,49883
49.06262,15.14045,1.85525,0.11672,49910
49.07261,15.20462,1.85489,0.11189,50089
49.08261,15.13949,1.85454,0.10913,50234
49.09261,15.20266,1.85418,0.10703,49636
49.10261,15.13462,1.85383,0.10788,50211
49.11261,15.19302,1.85348,0.12476,49364
49.12261,15.13293,1.85312,0.10953,50463
49.1326,15.17832,1.85277,0.10526,49721
49.1426,15.15334,1.85241,0.12242,49985
49.1526,15.17319,1.85206,0.11946,49884
49.1626,15.15462,1.85171,0.11249,49747
49.1726,15.17359,1.85136,0.10785,50198
49.1826,15.15991,1.851,0.1166,49676
49.19259,15.16016,1.85065,0.11628,50013
49.20259,15.1544,1.8503,0.12057,49689
49.21259,15.1572,1.84994,0.10489,49679
49.22259,15.17302,1.84959,0.11273,50316
49.23259,15.17578,1.84924,0.11273,49645
49.24259,15.15001,1.84889,0.11119,50137
49.25258,15.18721,1.84854,0.11186,49590
49.26258,15.13751,1.84818,0.11242,49976
49.27258,15.18858,1.84783,0.1068,49579
49.28258,15.14818,1.84748,0.1086,49847
49.29258,15.16979,1.84713,0.11938,49757
49.30257,15.16969,1.84678,0.11471,49863
49.31257,15.16107,1.84643,0.11974,49834
49.32257,15.1752,1.84608,0.10379,49919
49.33257,15.17049,1.84573,0.12045,49820
49.34257,15.18579,1.84537,0.11597,49540
49.35257,15.16102,1.84502,0.11333,49949
49.36256,15.16609,1.84467,0.12256,49738
49.37256,15.18274,1.84432,0.10407,49627
49.38256,15.15568,1.84397,0.11252,49869
49.39256,15.18873,1.84362,0.11402,49555
49.40256,15.16801,1.84327,0.11279,49859
49.41256,15.19829,1.84292,0.10729,49742
49.42255,15.16324,1.84258,0.10722,49978
49.43255,15.18022,1.84223,0.1173,49604
49.44255,15.17143,1.84188,0.11046,49542
49.45255,15.17582,1.84153,0.11474,49753
49.46255,15.18809,1.84118,0.11118,49610
49.47255,15.17373,1.84083,0.11303,49820
49.48254,15.17079,1.84048,0.1128,49488
49.49254,15.1982,1.84013,0.12309,49691
49.50254,15.16016,1.83979,0.11638,49883
49.51254,15.19851,1.83944,0.10766,49603
49.52254,15.16728,1.83909,0.11603,49807
49.53254,15.19908,1.83874,0.11827,49218
49.54253,15.15928,1.83839,0.11359,49768
49.55253,15.1868,1.83805,0.11022,49637
49.56253,15.1771,1.8377,0.1101,49837
49.57253,15.19253,1.83735,0.11362,49639
49.58253,15.17974,1.837,0.10476,49544
49.59253,15.18739,1.83666,0.10852,49831
49.60252,15.16123,1.83631,0.1184,49417
49.61252,15.21002,1.83596,0.11195,49525
49.62252,15.15885,1.83562,0.11394,49663
49.63252,15.21239,1.83527,0.11032,49288
49.64252,15.16297,1.83492,0.11899,49991
49.65252,15.20703,1.83458,0.1168,49443
49.66251,15.17634,1.83423,0.10798,49719
49.67251,15.20624,1.83389,0.11704,49523
49.68251,15.18518,1.83354,0.11976,49439
49.69251,15.19097,1.8332,0.12299,49467
49.70251,15.18045,1.83285,0.10378,49680
49.7125,15.21443,1.83251,0.10585,49348
49.7225,15.17459,1.83216,0.11399,49759
49.7325,15.21989,1.83182,0.11862,49260
49.7425,15.19278,1.83147,0.11083,49890
49.7525,15.1969,1.83113,0.10494,49612
49.7625,15.20697,1.83078,0.11371,49277
49.77249,15.18766,1.83044,0.10726,49696
49.78249,15.22869,1.83009,0.11825,49062
49.79249,15.17931,1.82975,0.11929,49742
49.80249,15.20988,1.8294,0.11074,49515
49.81249,15.19617,1.82906,0.11677,49315
49.82249,15.20726,1.82872,0.1146,49593
49.83248,15.19545,1.82837,0.11286,49576
49.84248,15.20695,1.82803,0.11875,49461
49.85248,15.17448,1.82769,0.10995,49485
49.86248,15.21695,1.82734,0.11607,49021
49.87248,15.17784,1.827,0.11176,49851
49.88248,15.19614,1.82666,0.11781,49105
49.89247,15.18661,1.82632,0.11088,49691
49.90247,15.18678,1.82597,0.1051,49515
49.91247,15.19548,1.82563,0.10915,49324
49.92247,15.17521,1.82529,0.1163,49574
49.93247,15.17336,1.82495,0.10977,49184
49.94247,15.18101,1.8246,0.11431,49447
49.95246,15.18435,1.82426,0.10878,49292
49.96246,15.17024,1.82392,0.11688,49399
49.97246,15.18978,1.82358,0.11114,49495
49.98246,15.15948,1.82324,0.11873,49411
49.99246,15.19628,1.8229,0.11856,49123
50.00246,15.15059,1.82256,0.11923,49664
50.01245,15.18673,1.82222,0.10647,49228
50.02245,15.16901,1.82187,0.12106,49502
50.03245,15.16471,1.82153,0.114,49220
50.04245,15.18188,1.82119,0.10701,49207
50.05245,15.16557,1.82085,0.11027,49589
50.06244,15.17798,1.82051,0.11855,49048
50.07244,15.17371,1.82017,0.11159,49691
50.08244,15.19209,1.81983,0.10666,49115
50.09244,15.15912,1.81949,0.1037,49426
50.10244,15.1908,1.81915,0.11871,49138
50.11244,15.16464,1.81881,0.11707,49197
50.12243,15.18929,1.81847,0.11529,49490
50.13243,15.18084,1.81814,0.11632,49165
50.14243,15.1856,1.8178,0.10965,49363
50.15243,15.19719,1.81746,0.113,49462
50.16243,15.17739,1.81712,0.11508,49157
50.17243,15.21147,1.81678,0.1244,49348
50.18242,15.17811,1.81644,0.11572,49249
50.19242,15.21059,1.8161,0.11708,49003
50.20242,15.18534,1.81576,0.10254,49523
50.21242,15.19248,1.81543,0.11301,48982
50.22242,15.21221,1.81509,0.11681,49531
50.23242,15.18743,1.81475,0.11471,49226
50.24241,15.21624,1.81441,0.10314,49115
50.25241,15.18432,1.81408,0.10927,49372
50.26241,15.21037,1.81374,0.12494,48604
50.27241,15.20587,1.8134,0.10822,49667
50.28241,15.21297,1.81306,0.10806,49133
50.29241,15.20234,1.81273,0.11731,49188
50.3024,15.20695,1.81239,0.12091,49464
50.3124,15.21096,1.81205,0.11233,48804
50.3224,15.21165,1.81172,0.1137,49709
50.3324,15.22153,1.81138,0.11518,48838
50.3424,15.20408,1.81104,0.11872,49277
50.3524,15.23764,1.81071,0.11294,49294
50.36239,15.18331,1.81037,0.1169,48729
50.37239,15.23064,1.81004,0.11349,49490
50.38239,15.21595,1.8097,0.11225,49161
50.39239,15.20722,1.80936,0.1049,48790
50.40239,15.24448,1.80903,0.10946,49664
50.41239,15.19862,1.80869,0.11584,48862
50.42238,15.23021,1.80836,0.11698,49050
50.43238,15.20897,1.80802,0.10809,49218
50.44238,15.21434,1.80769,0.117,48848
50.45238,15.23993,1.80735,0.11193,49211
50.46238,15.21382,1.80702,0.11226,49353
50.47237,15.24338,1.80668,0.11129,48795
50.48237,15.21214,1.80635,0.1226,49584
50.49237,15.21556,1.80602,0.12071,48504
50.50237,15.23664,1.80568,0.11493,49474
50.51237,15.22189,1.80535,0.11333,49180
50.52237,15.23444,1.80501,0.11234,48661
50.53236,15.22176,1.80468,0.11201,49376
50.54236,15.24659,1.80435,0.11014,48574
50.55236,15.21679,1.80401,0.11655,49424
50.56236,15.23346,1.80368,0.11083,49306
50.57236,15.24486,1.80335,0.1071,48650
50.58236,15.22913,1.80301,0.1078,49371
50.59235,15.25729,1.80268,0.10977,48633
50.60235,15.2213,1.80235,0.12582,49209
50.61235,15.25294,1.80202,0.1232,49096
50.62235,15.24778,1.80168,0.10632,48830
50.63235,15.25128,1.80135,0.11153,49265
50.64235,15.2803,1.80102,0.12132,48955
50.65234,15.24932,1.80069,0.11906,49009
50.66234,15.26956,1.80035,0.10777,49248
50.67234,15.27744,1.80002,0.12738,48725
50.68234,15.27281,1.79969,0.12075,49037
50.69234,15.30191,1.79936,0.10919,48971
50.70234,15.28355,1.79903,0.10916,49029
50.71233,15.28813,1.7987,0.10958,48996
50.72233,15.30248,1.79837,0.11839,48787
50.73233,15.30468,1.79803,0.10361,49244
50.74233,15.3276,1.7977,0.11533,48828
50.75233,15.29564,1.79737,0.11402,48819
50.76233,15.32846,1.79704,0.11224,49010
50.77232,15.3278,1.79671,0.11015,48920
50.78232,15.32973,1.79638,0.11464,49011
50.79232,15.35127,1.79605,0.12345,48927
50.80232,15.32447,1.79572,0.1192,48834
50.81232,15.34281,1.79539,0.11314,49159
50.82232,15.34832,1.79506,0.10929,48769
50.83231,15.35239,1.79473,0.1219,49120
50.84231,15.37387,1.7944,0.12179,48751
50.85231,15.3321,1.79407,0.11219,48660
50.86231,15.35507,1.79374,0.11492,49084
50.87231,15.38734,1.79342,0.11475,48810
50.8823,15.34822,1.79309,0.10966,48939
50.8923,15.3913,1.79276,0.1033,49127
50.9023,15.36046,1.79243,0.11036,48622
50.9123,15.36951,1.7921,0.1203,49113
50.9223,15.39407,1.79177,0.11999,48710
50.9323,15.36312,1.79144,0.10935,48782
50.94229,15.37974,1.79112,0.11527,48952
50.95229,15.39076,1.79079,0.11288,48762
50.96229,15.38706,1.79046,0.11241,48884
50.97229,15.40821,1.79013,0.12401,48811
50.98229,15.37549,1.7898,0.11974,48808
50.99229,15.39042,1.78948,0.12331,49039
51.00228,15.41109,1.78915,0.10677,48785
51.01228,15.38783,1.78882,0.1161,48770
51.02228,15.40348,1.7885,0.11425,48911
51.03228,15.4062,1.78817,0.11143,48541
51.04228,15.40948,1.78784,0.11898,49030
51.05228,15.4128,1.78752,0.10726,48658
51.06227,15.41571,1.78719,0.10899,49042
51.07227,15.40401,1.78686,0.11084,48559
51.08227,15.42957,1.78654,0.11709,48746
51.09227,15.40755,1.78621,0.11231,48942
51.10227,15.42603,1.78588,0.12108,48605
51.11227,15.42249,1.78556,0.11986,48794
51.12226,15.43528,1.78523,0.10837,49043
51.13226,15.43667,1.78491,0.11757,48430
51.14226,15.43551,1.78458,0.11851,49082
51.15226,15.43699,1.78426,0.11413,48811
51.16226,15.44446,1.78393,0.11897,48590
51.17226,15.44236,1.78361,0.12534,48940
51.18225,15.44889,1.78328,0.11822,48293
51.19225,15.45271,1.78296,0.10207,49003
51.20225,15.44077,1.78263,0.11956,48778
51.21225,15.46428,1.78231,0.11435,48636
51.22225,15.44943,1.78198,0.11006,48996
51.23225,15.45854,1.78166,0.11271,48425
51.24224,15.45532,1.78133,0.11124,48583
51.25224,15.4647,1.78101,0.11172,48930
51.26224,15.47106,1.78069,0.11206,48538
51.27224,15.46278,1.78036,0.12116,48666
51.28224,15.46651,1.78004,0.11598,48720
51.29223,15.47438,1.77971,0.12573,48593
51.30223,15.47464,1.77939,0.11058,49027
51.31223,15.47438,1.77907,0.11526,48586
51.32223,15.47566,1.77875,0.11821,48849
51.33223,15.48438,1.77842,0.12094,48699
51.34223,15.48247,1.7781,0.11863,48487
51.35222,15.47207,1.77778,0.11383,48749
51.36222,15.47753,1.77745,0.1148,48405
51.37222,15.4864,1.77713,0.10873,48809
51.38222,15.49472,1.77681,0.10318,48748
51.39222,15.48335,1.77649,0.11757,48532
51.40222,15.48601,1.77616,0.11857,48670
51.41221,15.49364,1.77584,0.11557,48371
51.42221,15.49668,1.77552,0.11548,48689
51.43221,15.50385,1.7752,0.10492,48844
51.44221,15.49514,1.77488,0.12463,48427
51.45221,15.5107,1.77456,0.11797,48772
51.46221,15.50786,1.77424,0.11599,48478
51.4722,15.49757,1.77391,0.1252,48628
51.4822,15.51498,1.77359,0.11547,48957
51.4922,15.51288,1.77327,0.11415,48565
51.5022,15.51674,1.77295,0.1177,48336
51.5122,15.5207,1.77263,0.11578,48705
51.5222,15.51653,1.77231,0.11463,48602
51.53219,15.53389,1.77199,0.11238,48570
51.54219,15.5339,1.77167,0.11324,48664
51.55219,15.51988,1.77135,0.10689,48522
51.56219,15.5387,1.77103,0.10745,48301
51.57219,15.53648,1.77071,0.11564,48699
51.58219,15.53517,1.77039,0.1191,48462
51.59218,15.5461,1.77007,0.12341,48556
51.60218,15.54247,1.76975,0.11807,48589
51.61218,15.55394,1.76943,0.10952,48757
51.62218,15.55378,1.76911,0.11104,48308
51.63218,15.56145,1.76879,0.12799,48702
51.64218,15.56539,1.76847,0.11774,48575
51.65217,15.57304,1.76816,0.12604,48500
51.66217,15.57065,1.76784,0.11793,48621
51.67217,15.57663,1.76752,0.1106,48478
51.68217,15.5757,1.7672,0.10957,48286
51.69217,15.58865,1.76688,0.11451,48726
51.70216,15.58725,1.76656,0.11577,48632
51.71216,15.58407,1.76625,0.10777,48354
51.72216,15.60113,1.76593,0.11564,48465
51.73216,15.60012,1.76561,0.1154,48423
51.74216,15.60095,1.76529,0.11416,48340
51.75216,15.61668,1.76497,0.11098,48718
51.76215,15.6196,1.76466,0.11842,48239
51.77215,15.61992,1.76434,0.1189,48548
51.78215,15.63571,1.76402,0.12733,48742
51.79215,15.6385,1.76371,0.11357,48410
51.80215,15.63106,1.76339,0.10974,48555
51.81215,15.64737,1.76307,0.12021,48529
51.82214,15.64799,1.76276,0.12534,48187
51.83214,15.66065,1.76244,0.12045,48580
51.84214,15.66972,1.76212,0.11671,48478
51.85214,15.65462,1.76181,0.10805,48345
51.86214,15.68379,1.76149,0.10779,48596
51.87214,15.686,1.76117,0.11079,48485
51.88213,15.67499,1.76086,0.11696,48361
51.89213,15.68937,1.76054,0.12479,48255
51.90213,15.7039,1.76023,0.10998,48355
51.91213,15.70142,1.75991,0.11367,48501
51.92213,15.71733,1.7596,0.11797,48388
51.93213,15.71904,1.75928,0.11755,48453
51.94212,15.72638,1.75897,0.11587,48323
51.95212,15.73025,1.75865,0.12293,48444
51.96212,15.73711,1.75834,0.11872,48704
51.97212,15.75329,1.75802,0.12095,48226
51.98212,15.75376,1.75771,0.11539,48539
51.99212,15.7608,1.75739,0.11748,48304
52.00211,15.75765,1.75708,0.12179,48124
52.01211,15.78271,1.75676,0.11183,48544
52.02211,15.76832,1.75645,0.11958,48292
52.03211,15.79142,1.75613,0.10303,48525
52.04211,15.77721,1.75582,0.11152,48288
52.0521,15.79992,1.75551,0.11136,48277
52.0621,15.79846,1.75519,0.12258,48423
52.0721,15.80114,1.75488,0.12187,48201
52.0821,15.81968,1.75457,0.11818,48387
52.0921,15.81926,1.75425,0.111,48618
52.1021,15.80341,1.75394,0.11323,48088
52.11209,15.82761,1.75363,0.12566,48491
52.12209,15.83631,1.75331,0.12101,48484
52.13209,15.81683,1.753,0.11898,47965
52.14209,15.84642,1.75269,0.11982,48672
52.15209,15.82847,1.75238,0.12234,48222
52.16209,15.84304,1.75206,0.11397,48171
52.17208,15.83561,1.75175,0.1137,48571
52.18208,15.84344,1.75144,0.11475,48224
52.19208,15.83395,1.75113,0.10931,48437
52.20208,15.84853,1.75082,0.11445,48184
52.21208,15.83273,1.7505,0.11731,48085
52.22208,15.84642,1.75019,0.11059,48418
52.23207,15.83926,1.74988,0.11544,48064
52.24207,15.84142,1.74957,0.11704,48529
52.25207,15.8452,1.74926,0.13252,48371
52.26207,15.83171,1.74895,0.11645,47978
52.27207,15.84834,1.74864,0.11372,48620
52.28207,15.84191,1.74833,0.1124,48176
52.29206,15.83418,1.74801,0.1245,48239
52.30206,15.83434,1.7477,0.12477,48602
52.31206,15.83333,1.74739,0.12042,48050
52.32206,15.83543,1.74708,0.11878,48087
52.33206,15.82576,1.74677,0.11329,48432
52.34206,15.8389,1.74646,0.11357,48236
52.35205,15.82326,1.74615,0.10424,48223
52.36205,15.8169,1.74584,0.11717,48205
52.37205,15.83023,1.74553,0.11422,48345
52.38205,15.81196,1.74522,0.11878,48126
52.39205,15.81652,1.74491,0.11792,47813
52.40205,15.81362,1.7446,0.11203,48685
52.41204,15.81325,1.7443,0.11816,48140
52.42204,15.79573,1.74399,0.1154,47998
52.43204,15.81411,1.74368,0.12597,48647
52.44204,15.78495,1.74337,0.12006,47887
52.45204,15.80238,1.74306,0.12185,48385
52.46203,15.79359,1.74275,0.11072,48628
52.47203,15.7766,1.74244,0.1213,47919
52.48203,15.76935,1.74213,0.12023,48196
52.49203,15.76901,1.74183,0.13129,47981
52.50203,15.76739,1.74152,0.10438,48313
52.51203,15.75318,1.74121,0.11139,48221
52.52202,15.75178,1.7409,0.10778,48171
52.53202,15.72934,1.74059,0.11382,48300
52.54202,15.72482,1.74029,0.12147,47933
52.55202,15.71987,1.73998,0.11888,47960
52.56202,15.72681,1.73967,0.11099,48479
52.57202,15.69349,1.73936,0.11847,47834
52.58201,15.70529,1.73906,0.11413,48509
52.59201,15.67951,1.73875,0.12064,48279
52.60201,15.67842,1.73844,0.12161,48043
52.61201,15.66846,1.73814,0.11476,48264
52.62201,15.65751,1.73783,0.12065,48157
52.63201,15.65438,1.73752,0.12736,48310
52.642,15.63412,1.73722,0.11157,48083
52.652,15.61771,1.73691,0.12134,47683
52.662,15.64523,1.7366,0.11064,48632
52.672,15.60736,1.7363,0.1129,47983
52.682,15.59074,1.73599,0.11187,47984
52.692,15.60106,1.73569,0.11101,48316
52.70199,15.58848,1.73538,0.10871,47832
52.71199,15.57471,1.73507,0.11827,48210
52.72199,15.57961,1.73477,0.11769,48076
52.73199,15.55756,1.73446,0.1229,48002
52.74199,15.55158,1.73416,0.11541,48126
52.75199,15.54745,1.73385,0.11328,48258
52.76198,15.54698,1.73355,0.11396,48231
52.77198,15.53422,1.73324,0.12258,48230
52.78198,15.50987,1.73294,0.12323,47762
52.79198,15.53221,1.73263,0.11752,48524
52.80198,15.50185,1.73233,0.11521,48051
52.81198,15.4916,1.73202,0.12804,47617
52.82197,15.49818,1.73172,0.10629,48425
52.83197,15.47134,1.73142,0.10999,47840
52.84197,15.47645,1.73111,0.10758,48232
52.85197,15.46977,1.73081,0.11603,48152
52.86197,15.44374,1.7305,0.11739,47696
52.87196,15.45565,1.7302,0.11188,48261
52.88196,15.43903,1.7299,0.11028,48001
52.89196,15.42257,1.72959,0.12383,47955
52.90196,15.43544,1.72929,0.11342,48341
52.91196,15.40498,1.72899,0.12023,47744
52.92196,15.40181,1.72868,0.11378,48467
52.93195,15.39498,1.72838,0.11777,48133
52.94195,15.37748,1.72808,0.11804,47614
52.95195,15.38013,1.72777,0.11784,48443
52.96195,15.36548,1.72747,0.12501,47959
52.97195,15.34799,1.72717,0.11819,48004
52.98195,15.34981,1.72687,0.10645,48099
52.99194,15.33724,1.72657,0.11402,47833
53.00194,15.33107,1.72626,0.11251,48267
53.01194,15.31362,1.72596,0.10819,47596
53.02194,15.30809,1.72566,0.11656,47931
53.03194,15.31074,1.72536,0.105,48304
53.04194,15.29375,1.72506,0.12666,47668
53.05193,15.2814,1.72475,0.11399,48248
53.06193,15.28623,1.72445,0.11492,48180
53.07193,15.26074,1.72415,0.1147,47677
53.08193,15.26545,1.72385,0.1194,48023
53.09193,15.25478,1.72355,0.11577,48151
53.10193,15.24866,1.72325,0.11847,48098
53.11192,15.24848,1.72295,0.11768,48102
53.12192,15.23183,1.72265,0.1149,48034
53.13192,15.22281,1.72235,0.11926,47922
53.14192,15.22226,1.72205,0.1172,47886
53.15192,15.21245,1.72175,0.11346,47784
53.16192,15.21131,1.72144,0.10428,48379
53.17191,15.19039,1.72114,0.10588,47699
53.18191,15.19191,1.72084,0.11527,47832
53.19191,15.19609,1.72054,0.11867,48055
53.20191,15.17337,1.72025,0.11538,47759
53.21191,15.17556,1.71995,0.10865,48187
53.22191,15.16117,1.71965,0.12215,47721
53.2319,15.1653,1.71935,0.11252,47991
53.2419,15.16877,1.71905,0.11759,48229
53.2519,15.13888,1.71875,0.11879,47956
53.2619,15.1429,1.71845,0.11746,47910
53.2719,15.14328,1.71815,0.11694,48169
53.28189,15.133,1.71785,0.11963,48005
53.29189,15.11983,1.71755,0.11931,47753
53.30189,15.12053,1.71725,0.11287,47699
53.31189,15.11307,1.71696,0.11114,47986
53.32189,15.11307,1.71666,0.09989,48208
53.33189,15.09912,1.71636,0.11378,47592
53.34188,15.09136,1.71606,0.1192,47982
53.35188,15.08897,1.71576,0.10607,47753
53.36188,15.08076,1.71546,0.11364,47871
53.37188,15.08768,1.71517,0.11842,47975
53.38188,15.07488,1.71487,0.11649,48021
53.39188,15.06313,1.71457,0.11053,47790
53.40187,15.06529,1.71427,0.12097,47920
53.41187,15.06319,1.71398,0.1179,48025
53.42187,15.06307,1.71368,0.11556,48072
53.43187,15.04589,1.71338,0.11785,47764
53.44187,15.05055,1.71309,0.11466,48159
53.45187,15.04582,1.71279,0.11749,47872
53.46186,15.03519,1.71249,0.12321,47697
53.47186,15.03118,1.7122,0.10748,47549
53.48186,15.03512,1.7119,0.10478,48203
53.49186,15.03057,1.7116,0.11108,47746
53.50186,15.02238,1.71131,0.10948,47885
53.51186,15.02042,1.71101,0.11107,47697
53.52185,15.02367,1.71071,0.11945,47886
53.53185,15.01533,1.71042,0.11374,48008
53.54185,15.01132,1.71012,0.1081,47785
53.55185,15.00337,1.70983,0.1165,47776
53.56185,15.01607,1.70953,0.12717,47795
53.57185,15.00896,1.70924,0.11132,48168
53.58184,14.99316,1.70894,0.11586,47870
53.59184,15.00353,1.70864,0.1172,47830
53.60184,14.99085,1.70835,0.12244,47941
53.61184,14.98512,1.70805,0.11287,47910
53.62184,14.98823,1.70776,0.11939,47611
53.63184,14.98204,1.70747,0.11115,47878
53.64183,14.97926,1.70717,0.10201,47850
53.65183,14.97461,1.70688,0.11495,47796
53.66183,14.96687,1.70658,0.11129,47548
53.67183,14.96513,1.70629,0.11295,47989
53.68183,14.96032,1.70599,0.10778,47814
53.69182,14.95254,1.7057,0.11611,47700
53.70182,14.95253,1.7054,0.1128,47892
53.71182,14.93729,1.70511,0.12686,47792
53.72182,14.94717,1.70482,0.10627,47835
53.73182,14.93786,1.70452,0.11343,48096
53.74182,14.93495,1.70423,0.12799,47725
53.75181,14.92907,1.70394,0.11686,47886
53.76181,14.92321,1.70364,0.11475,47941
53.77181,14.91377,1.70335,0.1165,47562
53.78181,14.91581,1.70306,0.11789,47825
53.79181,14.8987,1.70276,0.11109,47710
53.80181,14.91323,1.70247,0.10146,47990
53.8118,14.89929,1.70218,0.11245,47601
53.8218,14.88045,1.70189,0.10575,47586
53.8318,14.89403,1.70159,0.11976,47812
53.8418,14.90345,1.7013,0.10979,47733
53.8518,14.86771,1.70101,0.11648,47677
53.8618,14.89215,1.70072,0.11045,48134
53.87179,14.87309,1.70042,0.12128,47584
53.88179,14.8767,1.70013,0.11061,47873
53.89179,14.86131,1.69984,0.12343,47632
53.90179,14.87841,1.69955,0.11698,47923
53.91179,14.87442,1.69926,0.10627,48073
53.92179,14.85484,1.69897,0.12578,47585
53.93178,14.85233,1.69867,0.11755,47705
53.94178,14.86029,1.69838,0.12221,47950
53.95178,14.84982,1.69809,0.10538,47498
53.96178,14.84442,1.6978,0.10377,47674
53.97178,14.84118,1.69751,0.10964,47986
53.98178,14.84052,1.69722,0.11157,47411
53.99177,14.84344,1.69693,0.11573,47663
54.00177,14.8166,1.69664,0.10812,47735
54.01177,14.82958,1.69635,0.11513,47631
54.02177,14.82735,1.69606,0.11216,48063
54.03177,14.81288,1.69577,0.11396,47494
54.04176,14.81893,1.69548,0.12316,47798
54.05176,14.81841,1.69519,0.11863,47952
54.06176,14.80301,1.6949,0.10896,47594
54.07176,14.81728,1.69461,0.11669,48099
54.08176,14.79439,1.69432,0.12208,47624
54.09176,14.79334,1.69403,0.11256,47688
54.10175,14.79356,1.69374,0.1183,47750
54.11175,14.77984,1.69345,0.11616,47490
54.12175,14.78073,1.69316,0.10506,47744
54.13175,14.78012,1.69287,0.10121,47774
54.14175,14.76365,1.69258,0.10835,47363
54.15175,14.77784,1.69229,0.11223,48009
54.16174,14.7546,1.692,0.11873,47436
54.17174,14.75188,1.69172,0.12066,47568
54.18174,14.77429,1.69143,0.10716,48075
54.19174,14.73561,1.69114,0.10686,47596
54.20174,14.74246,1.69085,0.12612,47644
54.21174,14.75609,1.69056,0.1175,48000
54.22173,14.72229,1.69027,0.11716,47476
54.23173,14.73992,1.68999,0.12064,47832
54.24173,14.72472,1.6897,0.10949,47697
54.25173,14.72602,1.68941,0.11633,47702
54.26173,14.72727,1.68912,0.11816,47904
54.27173,14.69306,1.68883,0.1196,47294
54.28172,14.71211,1.68855,0.09703,47726
54.29172,14.70779,1.68826,0.11302,47626
54.30172,14.68755,1.68797,0.10611,47367
54.31172,14.69931,1.68769,0.10914,47946
54.32172,14.68581,1.6874,0.11387,47738
54.33172,14.67916,1.68711,0.11594,47284
54.34171,14.69082,1.68683,0.11843,47863
54.35171,14.66473,1.68654,0.11341,47486
54.36171,14.68134,1.68625,0.11058,48012
54.37171,14.66817,1.68597,0.11518,47707
54.38171,14.65644,1.68568,0.1187,47326
54.39171,14.67116,1.68539,0.11849,47986
54.4017,14.65536,1.68511,0.11979,47861
54.4117,14.64779,1.68482,0.1159,47317
54.4217,14.64186,1.68453,0.11112,47847
54.4317,14.64453,1.68425,0.1108,47526
54.4417,14.64858,1.68396,0.10048,47703
54.45169,14.62447,1.68368,0.11937,47375
54.46169,14.62689,1.68339,0.10484,47345
54.47169,14.63538,1.68311,0.10859,48024
54.48169,14.63711,1.68282,0.11329,47511
54.49169,14.62346,1.68254,0.11665,47353
54.50169,14.62625,1.68225,0.11087,47945
54.51168,14.6245,1.68197,0.12233,47548
54.52168,14.6176,1.68168,0.11089,47722
54.53168,14.61674,1.6814,0.1147,47695
54.54168,14.61428,1.68111,0.11523,47426
54.55168,14.62854,1.68083,0.12178,48057
54.56168,14.61273,1.68054,0.11762,47628
54.57167,14.60967,1.68026,0.11828,47526
54.58167,14.61232,1.67997,0.11281,47667
54.59167,14.59944,1.67969,0.10629,47396
54.60167,14.60545,1.67941,0.10574,47523
54.61167,14.60711,1.67912,0.10559,47794
54.62167,14.60653,1.67884,0.10919,47207
54.63166,14.60185,1.67856,0.12033,47673
54.64166,14.59768,1.67827,0.10472,47585
54.65166,14.61302,1.67799,0.10999,47437
54.66166,14.58955,1.67771,0.12028,47942
54.67166,14.59893,1.67742,0.11887,47289
54.68166,14.5915,1.67714,0.11179,47587
54.69165,14.59419,1.67686,0.11776,47918
54.70165,14.5952,1.67657,0.10952,47582
54.71165,14.58667,1.67629,0.1194,47543
54.72165,14.59342,1.67601,0.11682,47666
54.73165,14.58415,1.67573,0.12023,47634
54.74165,14.58996,1.67544,0.11698,47687
54.75164,14.56839,1.67516,0.11155,47466
54.76164,14.57429,1.67488,0.09586,47386
54.77164,14.58208,1.6746,0.10847,47580
54.78164,14.57083,1.67431,0.12316,47332
54.79164,14.57287,1.67403,0.10452,47676
54.80164,14.56843,1.67375,0.11765,47487
54.81163,14.57176,1.67347,0.11307,47308
54.82163,14.57629,1.67319,0.10843,48054
54.83163,14.54628,1.67291,0.11179,47314
54.84163,14.56975,1.67262,0.12477,47628
54.85163,14.56744,1.67234,0.1142,47667
54.86162,14.55401,1.67206,0.12255,47677
54.87162,14.55548,1.67178,0.11161,47518
54.88162,14.54527,1.6715,0.1099,47730
54.89162,14.55855,1.67122,0.12174,47522
54.90162,14.54182,1.67094,0.12614,47508
54.91162,14.53357,1.67066,0.10694,47462
54.92161,14.5446,1.67038,0.09934,47499
54.93161,14.53179,1.6701,0.10636,47541
54.94161,14.51783,1.66982,0.10905,47234
54.95161,14.52635,1.66954,0.1077,47399
54.96161,14.52085,1.66926,0.13036,47761
54.97161,14.52263,1.66898,0.10565,47452
54.9816,14.51232,1.6687,0.1115,47663
54.9916,14.50277,1.66842,0.12037,47239
55.0016,14.5063,1.66814,0.1106,47708
55.0116,14.50463,1.66786,0.1179,47808
55.0216,14.49962,1.66758,0.11837,47507
55.0316,14.48381,1.6673,0.11183,47572
55.04159,14.49316,1.66702,0.12202,47638
55.05159,14.47419,1.66674,0.11441,47603
55.06159,14.47171,1.66646,0.11432,47340
55.07159,14.47084,1.66618,0.11184,47497
55.08159,14.46757,1.6659,0.10236,47311
55.09159,14.46435,1.66563,0.10394,47574
55.10158,14.45067,1.66535,0.10851,47299
55.11158,14.45362,1.66507,0.1132,47513
55.12158,14.46248,1.66479,0.11115,47510
55.13158,14.44429,1.66451,0.11587,47506
55.14158,14.44426,1.66423,0.11247,47568
55.15158,14.44377,1.66396,0.1139,47370
55.16157,14.45363,1.66368,0.11104,47818
55.17157,14.43617,1.6634,0.12284,47483
55.18157,14.43387,1.66312,0.11472,47457
55.19157,14.43323,1.66284,0.12461,47521
55.20157,14.45179,1.66257,0.10724,47678
55.21157,14.43612,1.66229,0.11512,47752
55.22156,14.42973,1.66201,0.118,47284
55.23156,14.42162,1.66174,0.10719,47075
55.24156,14.44523,1.66146,0.10703,47674
55.25156,14.42865,1.66118,0.10114,47311
55.26156,14.43406,1.6609,0.11528,47632
55.27155,14.41867,1.66063,0.10951,47344
55.28155,14.42979,1.66035,0.11019,47276
55.29155,14.4445,1.66007,0.11914,47713
55.30155,14.42297,1.6598,0.11132,47370
55.31155,14.42588,1.65952,0.11148,47417
55.32155,14.43369,1.65925,0.12204,47762
55.33154,14.42996,1.65897,0.11216,47287
55.34154,14.42668,1.65869,0.1131,47662
55.35154,14.42875,1.65842,0.12355,47614
55.36154,14.41511,1.65814,0.11793,47501
55.37154,14.42753,1.65787,0.11179,47494
55.38154,14.40901,1.65759,0.10709,47464
55.39153,14.42056,1.65731,0.11065,47172
55.40153,14.41333,1.65704,0.10883,47589
55.41153,14.4107,1.65676,0.10413,47179
55.42153,14.41237,1.65649,0.10832,47487
55.43153,14.41613,1.65621,0.1067,47658
55.44153,14.40605,1.65594,0.11993,46982
55.45152,14.40504,1.65566,0.11105,47702
55.46152,14.4113,1.65539,0.12269,47537
55.47152,14.39622,1.65511,0.11211,47249
55.48152,14.40337,1.65484,0.11274,47669
55.49152,14.39844,1.65456,0.11483,47481
55.50152,14.3949,1.65429,0.11802,47459
55.51151,14.40694,1.65402,0.11597,47674
55.52151,14.38483,1.65374,0.1185,47371
55.53151,14.39293,1.65347,0.11356,47608
55.54151,14.38316,1.65319,0.10909,47530
55.55151,14.38763,1.65292,0.10757,47060
55.56151,14.37946,1.65265,0.09983,47378
55.5715,14.37234,1.65237,0.11383,47393
55.5815,14.37616,1.6521,0.1094,47181
55.5915,14.37589,1.65183,0.11279,47580
55.6015,14.37358,1.65155,0.11144,47280
55.6115,14.37246,1.65128,0.10755,47454
55.62149,14.37831,1.65101,0.124,47690
55.63149,14.35463,1.65073,0.11656,47247
55.64149,14.37899,1.65046,0.11255,47757
55.65149,14.36838,1.65019,0.11501,47343
55.66149,14.35379,1.64991,0.11708,47247
55.67149,14.37583,1.64964,0.11522,48007
55.68148,14.35749,1.64937,0.11592,47428
55.69148,14.35284,1.6491,0.12029,47281
55.70148,14.36366,1.64882,0.10165,47378
55.71148,14.34603,1.64855,0.10877,47157
55.72148,14.35214,1.64828,0.10807,47246
55.73148,14.35431,1.64801,0.10379,47628
55.74147,14.3445,1.64774,0.11808,46938
55.75147,14.35218,1.64746,0.1075,47680
55.76147,14.34709,1.64719,0.11196,47510
55.77147,14.35108,1.64692,0.11658,47125
55.78147,14.3569,1.64665,0.11217,47704
55.79147,14.35019,1.64638,0.11621,47432
55.80146,14.3471,1.64611,0.1263,47330
55.81146,14.35402,1.64584,0.10667,47716
55.82146,14.3431,1.64556,0.11576,46966
55.83146,14.36077,1.64529,0.12059,47819
55.84146,14.34514,1.64502,0.11527,47667
55.85146,14.34754,1.64475,0.11626,47080
55.86145,14.35629,1.64448,0.10485,47651
55.87145,14.34316,1.64421,0.10597,47090
55.88145,14.34025,1.64394,0.10663,47004
55.89145,14.3534,1.64367,0.10862,47524
55.90145,14.35438,1.6434,0.11593,47281
55.91145,14.35118,1.64313,0.10788,47368
55.92144,14.3582,1.64286,0.11317,47678
55.93144,14.34682,1.64259,0.1115,47025
55.94144,14.35511,1.64232,0.11951,47629
55.95144,14.36859,1.64205,0.11458,47325
55.96144,14.35017,1.64178,0.11607,47350
55.97144,14.36635,1.64151,0.10945,47756
55.98143,14.36322,1.64124,0.12158,47614
55.99143,14.34481,1.64097,0.11132,47178
56.00143,14.36983,1.6407,0.11927,47527
56.01143,14.36074,1.64043,0.11785,47262
56.02143,14.36212,1.64016,0.10693,47475
56.03142,14.35401,1.63989,0.10152,47198
56.04142,14.35566,1.63963,0.11061,46939
56.05142,14.36002,1.63936,0.10969,47507
56.06142,14.36919,1.63909,0.10788,47332
56.07142,14.3543,1.63882,0.11756,47302
56.08142,14.37264,1.63855,0.11021,47467
56.09141,14.36169,1.63828,0.11109,47288
56.10141,14.36859,1.63801,0.12008,47403
56.11141,14.36367,1.63775,0.1157,47711
56.12141,14.37322,1.63748,0.11856,47020
56.13141,14.36431,1.63721,0.11349,47711
56.14141,14.36781,1.63694,0.11397,47504
56.1514,14.36545,1.63667,0.11926,47238
56.1614,14.3745,1.63641,0.1239,47574
56.1714,14.36705,1.63614,0.10185,47643
56.1814,14.36113,1.63587,0.11629,46720
56.1914,14.37088,1.6356,0.10213,47333
56.2014,14.3694,1.63534,0.10416,47117
56.21139,14.37674,1.63507,0.1087,47429
56.22139,14.37728,1.6348,0.11758,47555
56.23139,14.36773,1.63454,0.11314,47205
56.24139,14.38428,1.63427,0.1116,47204
56.25139,14.37097,1.634,0.11312,47625
56.26139,14.38229,1.63374,0.1202,47303
56.27138,14.3869,1.63347,0.11074,47453
56.28138,14.38352,1.6332,0.11992,47297
56.29138,14.3749,1.63294,0.11931,47405
56.30138,14.38937,1.63267,0.11485,47673
56.31138,14.38047,1.6324,0.11131,47335
56.32138,14.39162,1.63214,0.12175,47316
56.33137,14.38921,1.63187,0.10911,47441
56.34137,14.38773,1.63161,0.11115,46891
56.35137,14.39069,1.63134,0.09767,47358
56.36137,14.39012,1.63107,0.10956,47475
56.37137,14.39771,1.63081,0.11595,47173
56.38137,14.38384,1.63054,0.11132,47308
56.39136,14.40443,1.63028,0.11488,47099
56.40136,14.40777,1.63001,0.11031,47382
56.41136,14.40511,1.62975,0.11576,47614
56.42136,14.39818,1.62948,0.11471,47376
56.43136,14.40912,1.62922,0.12013,47303
56.44135,14.41896,1.62895,0.11786,47471
56.45135,14.39852,1.62869,0.11902,47305
56.46135,14.42647,1.62842,0.11497,47377
56.47135,14.42225,1.62816,0.11351,47470
56.48135,14.42843,1.62789,0.11156,47519
56.49135,14.41822,1.62763,0.10633,47354
56.50134,14.41966,1.62737,0.12017,46861
56.51134,14.44436,1.6271,0.10145,47282
56.52134,14.42963,1.62684,0.10301,47309
56.53134,14.44057,1.62657,0.11007,47231
56.54134,14.44516,1.62631,0.12111,47242
56.55134,14.45527,1.62605,0.11731,47258
56.56133,14.45374,1.62578,0.11366,47478
56.57133,14.46639,1.62552,0.11423,47465
56.58133,14.46635,1.62525,0.11135,47216
56.59133,14.47424,1.62499,0.11768,47541
56.60133,14.46409,1.62473,0.13067,47322
56.61133,14.48166,1.62446,0.11185,47258
56.62132,14.49978,1.6242,0.11736,47674
56.63132,14.49348,1.62394,0.11125,47280
56.64132,14.49655,1.62368,0.10934,47466
56.65132,14.49325,1.62341,0.12003,47090
56.66132,14.49905,1.62315,0.10608,46974
56.67132,14.50398,1.62289,0.10357,47293
56.68131,14.52037,1.62263,0.1138,47170
56.69131,14.51757,1.62236,0.11203,47252
56.70131,14.53099,1.6221,0.10869,47471
56.71131,14.53892,1.62184,0.11619,47211
56.72131,14.52746,1.62158,0.1239,47372
56.73131,14.54752,1.62131,0.10926,47570
56.7413,14.54963,1.62105,0.11572,47233
56.7513,14.54989,1.62079,0.1185,47390
56.7613,14.56798,1.62053,0.12197,47434
56.7713,14.55713,1.62027,0.12029,47192
56.7813,14.57627,1.62001,0.11411,47506
56.7913,14.58001,1.61974,0.11062,47455
56.80129,14.58016,1.61948,0.11249,47294
56.81129,14.59558,1.61922,0.10889,47290
56.82129,14.59247,1.61896,0.11787,46958
56.83129,14.59649,1.6187,0.10265,46988
56.84129,14.61909,1.61844,0.10556,47430
56.85128,14.62474,1.61818,0.11153,47173
56.86128,14.63084,1.61792,0.12523,47410
56.87128,14.64214,1.61766,0.12139,47464
56.88128,14.64721,1.61739,0.10586,47235
56.89128,14.66224,1.61713,0.12238,47432
56.90128,14.67595,1.61687,0.11713,47298
56.91127,14.67356,1.61661,0.11778,47210
56.92127,14.69455,1.61635,0.12172,47706
56.93127,14.70557,1.61609,0.11797,47205
56.94127,14.72241,1.61583,0.11517,47375
56.95127,14.723,1.61557,0.11199,47595
56.96127,14.73565,1.61531,0.10433,46888
56.97126,14.73452,1.61505,0.12392,46892
56.98126,14.76597,1.61479,0.10627,47551
56.99126,14.77764,1.61453,0.10849,46949
57.00126,14.77762,1.61427,0.11674,47447
57.01126,14.79268,1.61402,0.10701,47347
57.02126,14.80213,1.61376,0.11116,46988
57.03125,14.8266,1.6135,0.12626,47655
57.04125,14.84008,1.61324,0.13407,47116
57.05125,14.84861,1.61298,0.10315,47307
57.06125,14.86276,1.61272,0.11547,47754
57.07125,14.86336,1.61246,0.12896,47131
57.08125,14.88076,1.6122,0.12089,47473
57.09124,14.89632,1.61194,0.11932,47326
57.10124,14.90092,1.61169,0.1128,47228
57.11124,14.93229,1.61143,0.10837,47610
57.12124,14.93317,1.61117,0.11797,46996
57.13124,14.92899,1.61091,0.11283,46718
57.14124,14.95681,1.61065,0.10786,47477
57.15123,14.97784,1.61039,0.11538,47339
57.16123,14.97639,1.61014,0.10691,47047
57.17123,15.00453,1.60988,0.1204,47558
57.18123,15.0221,1.60962,0.11426,47167
57.19123,15.0199,1.60936,0.12197,47125
57.20123,15.04554,1.60911,0.11647,47589
57.21122,15.05254,1.60885,0.1263,47263
57.22122,15.07353,1.60859,0.11616,47332
57.23122,15.09433,1.60833,0.11246,47609
57.24122,15.11408,1.60808,0.12761,46962
57.25122,15.13206,1.60782,0.12381,47535
57.26121,15.14398,1.60756,0.11356,47577
57.27121,15.14625,1.60731,0.10711,47024
57.28121,15.17796,1.60705,0.11215,47154
57.29121,15.18316,1.60679,0.11864,47081
57.30121,15.1959,1.60654,0.11647,46946
57.31121,15.2387,1.60628,0.10386,47585
57.3212,15.25995,1.60602,0.11533,47220
57.3312,15.2673,1.60577,0.12018,47271
57.3412,15.29107,1.60551,0.11707,47474
57.3512,15.3152,1.60525,0.13047,46992
57.3612,15.31567,1.605,0.1191,47234
57.3712,15.34843,1.60474,0.10834,47754
57.38119,15.36477,1.60449,0.12649,47125
57.39119,15.37872,1.60423,0.13144,47522
57.40119,15.41832,1.60397,0.11749,47500
57.41119,15.41483,1.60372,0.11586,46993
57.42119,15.4545,1.60346,0.11259,47718
57.43119,15.45583,1.60321,0.12097,46912
57.44118,15.483,1.60295,0.11055,46767
57.45118,15.50317,1.6027,0.11144,47519
57.46118,15.52242,1.60244,0.11385,47002
57.47118,15.55057,1.60219,0.12139,47208
57.48118,15.5833,1.60193,0.11549,47495
57.49118,15.57604,1.60168,0.11121,47214
57.50117,15.61183,1.60142,0.13594,47425
57.51117,15.63621,1.60117,0.11742,47337
57.52117,15.65714,1.60091,0.12476,47165
57.53117,15.68181,1.60066,0.11762,47395
57.54117,15.70652,1.60041,0.12298,47360
57.55117,15.72796,1.60015,0.11746,47224
57.56116,15.74959,1.5999,0.1357,47659
57.57116,15.76715,1.59964,0.11117,47242
57.58116,15.78874,1.59939,0.11412,47249
57.59116,15.8255,1.59913,0.11504,47094
57.60116,15.83888,1.59888,0.12616,46890
57.61115,15.8588,1.59863,0.11228,47083
57.62115,15.90085,1.59837,0.1122,47398
57.63115,15.9176,1.59812,0.11408,47423
57.64115,15.93584,1.59787,0.12522,47198
57.65115,15.97246,1.59761,0.12458,47329
57.66115,15.98443,1.59736,0.11654,47313
57.67114,16.0165,1.59711,0.12347,47233
57.68114,16.0426,1.59685,0.12464,47422
57.69114,16.05694,1.5966,0.12397,47437
57.70114,16.09706,1.59635,0.12212,47398
57.71114,16.11214,1.5961,0.1269,47147
57.72114,16.13401,1.59584,0.11495,47553
57.73113,16.16391,1.59559,0.11596,47421
57.74113,16.17637,1.59534,0.12383,46867
57.75113,16.20308,1.59509,0.11567,46976
57.76113,16.22923,1.59483,0.11436,47144
57.77113,16.24878,1.59458,0.11885,47317
57.78113,16.27419,1.59433,0.11979,47156
57.79112,16.29683,1.59408,0.11914,47388
57.80112,16.33161,1.59382,0.11689,47231
57.81112,16.34742,1.59357,0.12855,47178
57.82112,16.37057,1.59332,0.13195,47310
57.83112,16.40105,1.59307,0.11759,47608
57.84112,16.42064,1.59282,0.12359,47145
57.85111,16.45643,1.59257,0.13535,47468
57.86111,16.47427,1.59231,0.12365,47514
57.87111,16.49305,1.59206,0.12363,47224
57.88111,16.52881,1.59181,0.1123,47471
57.89111,16.54829,1.59156,0.12233,47442
57.90111,16.5541,1.59131,0.12,46712
57.9111,16.59998,1.59106,0.12548,47027
57.9211,16.61931,1.59081,0.11605,47165
57.9311,16.63713,1.59056,0.11096,47105
57.9411,16.66434,1.59031,0.12395,47333
57.9511,16.69819,1.59006,0.1304,47365
57.9611,16.70895,1.58981,0.11798,47093
57.97109,16.74681,1.58956,0.12536,47615
57.98109,16.75906,1.58931,0.12268,47241
57.99109,16.7898,1.58905,0.13101,47332
58.00109,16.81505,1.5888,0.13084,47559
58.01109,16.82156,1.58855,0.11897,47175
58.02108,16.85807,1.5883,0.1263,47363
58.03108,16.88355,1.58805,0.12271,47546
58.04108,16.89731,1.58781,0.11948,47137
58.05108,16.91587,1.58756,0.12051,47197
58.06108,16.93601,1.58731,0.12727,47089
58.07108,16.95283,1.58706,0.1179,46961
58.08107,16.98379,1.58681,0.11869,47340
58.09107,16.99351,1.58656,0.11819,47325
58.10107,17.01817,1.58631,0.12224,46979
58.11107,17.03844,1.58606,0.1294,47513
58.12107,17.04953,1.58581,0.12533,47236
58.13107,17.05744,1.58556,0.12546,47167
58.14106,17.08579,1.58531,0.12441,47603
58.15106,17.10256,1.58506,0.13019,47319
58.16106,17.12028,1.58481,0.13388,47254
58.17106,17.13453,1.58457,0.12346,47462
58.18106,17.14252,1.58432,0.12742,47137
58.19106,17.16702,1.58407,0.11401,47523
58.20105,17.17254,1.58382,0.12755,47363
58.21105,17.18108,1.58357,0.13032,46740
58.22105,17.20354,1.58332,0.11733,47241
58.23105,17.21293,1.58308,0.12024,47252
58.24105,17.22165,1.58283,0.11435,46913
58.25105,17.23963,1.58258,0.12967,47582
58.26104,17.24721,1.58233,0.12159,47378
58.27104,17.26308,1.58209,0.13072,46918
58.28104,17.27592,1.58184,0.12417,47722
58.29104,17.28889,1.58159,0.12508,47455
58.30104,17.28447,1.58134,0.13085,47025
58.31104,17.3039,1.5811,0.12751,47594
58.32103,17.31232,1.58085,0.13198,47274
58.33103,17.31152,1.5806,0.13097,47186
58.34103,17.312,1.58035,0.11294,47512
58.35103,17.32946,1.58011,0.12373,47369
58.36103,17.32691,1.57986,0.12452,47014
58.37103,17.32164,1.57961,0.1364,47144
58.38102,17.33232,1.57937,0.122,46817
58.39102,17.33853,1.57912,0.10698,47472
58.40102,17.33376,1.57887,0.12754,47433
58.41102,17.34068,1.57863,0.12691,46861
58.42102,17.34451,1.57838,0.13232,47581
58.43101,17.34223,1.57813,0.12275,47443
58.44101,17.32782,1.57789,0.12673,46869
58.45101,17.33874,1.57764,0.12431,47636
58.46101,17.32663,1.5774,0.1364,47477
58.47101,17.31384,1.57715,0.13023,46982
58.48101,17.32302,1.5769,0.12635,47553
58.491,17.31681,1.57666,0.11578,47413
58.501,17.30837,1.57641,0.12476,47145
58.511,17.28859,1.57617,0.11884,47263
58.521,17.29563,1.57592,0.12938,47227
58.531,17.27852,1.57568,0.12667,46929
58.541,17.27693,1.57543,0.11612,47298
58.55099,17.26584,1.57519,0.11995,47152
58.56099,17.24918,1.57494,0.12347,47379
58.57099,17.24545,1.5747,0.12913,47441
58.58099,17.23415,1.57445,0.1296,47129
58.59099,17.21916,1.57421,0.12238,47414
58.60099,17.21047,1.57396,0.12166,47447
58.61098,17.20032,1.57372,0.13121,47240
58.62098,17.18913,1.57347,0.13324,47519
58.63098,17.17893,1.57323,0.13729,47390
58.64098,17.1584,1.57298,0.11421,47295
58.65098,17.15201,1.57274,0.11929,47488
58.66098,17.13038,1.57249,0.12135,47179
58.67097,17.10894,1.57225,0.13296,46993
58.68097,17.10696,1.57201,0.12639,47165
58.69097,17.08255,1.57176,0.11558,47012
58.70097,17.06903,1.57152,0.11553,47180
58.71097,17.06092,1.57128,0.12772,47518
58.72097,17.02789,1.57103,0.1264,47118
58.73096,17.01077,1.57079,0.12765,47290
58.74096,17.00899,1.57054,0.12051,47564
58.75096,16.97897,1.5703,0.12484,47249
58.76096,16.96266,1.57006,0.12558,47273
58.77096,16.95225,1.56981,0.13019,47553
58.78096,16.92732,1.56957,0.1348,47402
58.79095,16.90528,1.56933,0.11803,47263
58.80095,16.88476,1.56908,0.1181,47588
58.81095,16.87002,1.56884,0.12217,47190
58.82095,16.8425,1.5686,0.12419,47097
58.83095,16.82431,1.56836,0.1323,47194
58.84094,16.80218,1.56811,0.1185,47182
58.85094,16.77464,1.56787,0.11113,46988
58.86094,16.75586,1.56763,0.11704,47352
58.87094,16.73901,1.56739,0.12538,47415
58.88094,16.71213,1.56714,0.13773,47176
58.89094,16.68893,1.5669,0.11594,47392
58.90093,16.66851,1.56666,0.12176,47548
58.91093,16.64786,1.56642,0.12728,47158
58.92093,16.62229,1.56618,0.12884,47396
58.93093,16.59569,1.56593,0.1348,47507
58.94093,16.56631,1.56569,0.11934,47253
58.95093,16.54597,1.56545,0.11444,47404
58.96092,16.51934,1.56521,0.11995,47263
58.97092,16.49884,1.56497,0.12376,47122
58.98092,16.46695,1.56473,0.13026,47214
58.99092,16.43811,1.56448,0.11664,47146
59.00092,16.40877,1.56424,0.11634,47211
59.01092,16.3953,1.564,0.11578,47212
59.02091,16.36403,1.56376,0.12276,47227
59.03091,16.33078,1.56352,0.12294,47391
59.04091,16.31179,1.56328,0.12202,47448
59.05091,16.2815,1.56304,0.12419,47310
59.06091,16.25354,1.5628,0.12123,47356
59.07091,16.23501,1.56256,0.1258,47603
59.0809,16.19434,1.56232,0.1299,47257
59.0909,16.17519,1.56208,0.12635,47277
59.1009,16.15387,1.56184,0.10824,47656
59.1109,16.11289,1.56159,0.11826,47279
59.1209,16.09108,1.56135,0.12705,47042
59.1309,16.06771,1.56111,0.12309,47529
59.14089,16.03788,1.56087,0.12005,47012
59.15089,16.00729,1.56063,0.11497,47098
59.16089,15.97787,1.56039,0.11549,47473
59.17089,15.96083,1.56015,0.12096,47047
59.18089,15.92611,1.55991,0.1177,47325
59.19089,15.91436,1.55968,0.12503,47637
59.20088,15.87919,1.55944,0.11496,46979
59.21088,15.84547,1.5592,0.12351,47598
59.22088,15.83671,1.55896,0.13059,47414
59.23088,15.80272,1.55872,0.1243,47141
59.24088,15.77679,1.55848,0.11938,47653
59.25087,15.763,1.55824,0.1152,47475
59.26087,15.72618,1.558,0.12151,47016
59.27087,15.70865,1.55776,0.1147,47546
59.28087,15.68786,1.55752,0.12184,47270
59.29087,15.65494,1.55728,0.11851,47024
59.30087,15.64604,1.55704,0.12075,47255
59.31086,15.61621,1.55681,0.1135,47297
59.32086,15.59399,1.55657,0.11243,47073
59.33086,15.57447,1.55633,0.12425,47483
59.34086,15.56287,1.55609,0.11908,47417
59.35086,15.53455,1.55585,0.11561,47176
59.36086,15.5207,1.55561,0.1218,47665
59.37085,15.49826,1.55538,0.12318,47352
59.38085,15.47641,1.55514,0.12833,47227
59.39085,15.47533,1.5549,0.11883,47749
59.40085,15.44587,1.55466,0.11245,47327
59.41085,15.42106,1.55442,0.11458,47253
59.42085,15.41716,1.55419,0.11944,47473
59.43084,15.39545,1.55395,0.12247,46983
59.44084,15.37983,1.55371,0.1135,47515
59.45084,15.3632,1.55347,0.11608,47193
59.46084,15.34246,1.55324,0.12377,46920
59.47084,15.32859,1.553,0.11462,47366
59.48084,15.32369,1.55276,0.10758,47493
59.49083,15.28771,1.55253,0.12094,47073
59.50083,15.28731,1.55229,0.11756,47662
59.51083,15.2699,1.55205,0.12176,47527
59.52083,15.24106,1.55181,0.12605,47086
59.53083,15.24038,1.55158,0.12142,47717
59.54083,15.22574,1.55134,0.11815,47599
59.55082,15.19459,1.5511,0.12155,46920
59.56082,15.19248,1.55087,0.1093,47858
59.57082,15.17844,1.55063,0.117,47159
59.58082,15.15079,1.5504,0.11432,46835
59.59082,15.14388,1.55016,0.12004,47701
59.60081,15.12849,1.54992,0.11774,47251
59.61081,15.11175,1.54969,0.11969,46779
59.62081,15.10359,1.54945,0.11142,47570
59.63081,15.08502,1.54922,0.11392,47442
59.64081,15.0669,1.54898,0.1194,47128
59.65081,15.07032,1.54874,0.11515,47743
59.6608,15.04383,1.54851,0.11995,47391
59.6708,15.02694,1.54827,0.12384,47257
59.6808,15.02554,1.54804,0.12065,47784
59.6908,15.01045,1.5478,0.11373,47230
59.7008,14.99905,1.54757,0.1201,47526
59.7108,14.98618,1.54733,0.11108,47578
59.72079,14.9763,1.5471,0.12039,46908
59.73079,14.96118,1.54686,0.11423,47378
59.74079,14.95582,1.54663,0.11425,47484
59.75079,14.95156,1.54639,0.1192,47149
59.76079,14.93045,1.54616,0.11685,47090
59.77079,14.94565,1.54592,0.1179,47504
59.78078,14.92482,1.54569,0.10622,47134
59.79078,14.91919,1.54545,0.11894,47455
59.80078,14.91645,1.54522,0.11789,47563
59.81078,14.89653,1.54498,0.12259,47435
59.82078,14.90244,1.54475,0.11275,47514
59.83078,14.89454,1.54451,0.12513,47349
59.84077,14.89387,1.54428,0.11769,47386
59.85077,14.88405,1.54405,0.12411,47444
59.86077,14.88739,1.54381,0.10724,47600
59.87077,14.87053,1.54358,0.1126,47104
59.88077,14.86302,1.54334,0.1157,47355
59.89077,14.88189,1.54311,0.1191,47315
59.90076,14.85747,1.54288,0.11571,47372
59.91076,14.86397,1.54264,0.11463,47112
59.92076,14.86156,1.54241,0.12302,47431
59.93076,14.8538,1.54218,0.10633,47409
59.94076,14.85348,1.54194,0.11962,47326
59.95076,14.86199,1.54171,0.11322,47606
59.96075,14.8512,1.54148,0.12335,47232
59.97075,14.85372,1.54124,0.11313,47538
59.98075,14.86051,1.54101,0.12864,47383
59.99075,14.84279,1.54078,0.11409,47547
60.00075,14.85311,1.54054,0.12215,47364
60.01074,14.85293,1.54031,0.10752,47327
60.02074,14.84633,1.54008,0.11622,47699
60.03074,14.83708,1.53985,0.11372,47193
60.04074,14.85039,1.53961,0.11936,47365
60.05074,14.84958,1.53938,0.11858,47622
60.06074,14.84159,1.53915,0.1163,46946
60.07073,14.85497,1.53892,0.11703,47275
60.08073,14.84211,1.53868,0.10492,47434
60.09073,14.85241,1.53845,0.13346,47291
60.10073,14.85857,1.53822,0.10901,47329
60.11073,14.85536,1.53799,0.11722,47682
60.12073,14.84527,1.53776,0.12004,47449
60.13072,14.86802,1.53753,0.12037,47641
60.14072,14.86384,1.53729,0.1202,47589
60.15072,14.86058,1.53706,0.12506,47322
60.16072,14.86816,1.53683,0.10278,47659
60.17072,14.8692,1.5366,0.11617,47227
60.18072,14.87067,1.53637,0.12112,47120
60.19071,14.88118,1.53614,0.1201,47284
60.20071,14.88047,1.5359,0.11028,47679
60.21071,14.87441,1.53567,0.11748,47125
60.22071,14.91039,1.53544,0.12071,47300
60.23071,14.89519,1.53521,0.11307,47559
60.24071,14.90239,1.53498,0.11219,47169
60.2507,14.91551,1.53475,0.11349,47540
60.2607,14.9258,1.53452,0.12356,47613
60.2707,14.92127,1.53429,0.11697,47122
60.2807,14.93814,1.53406,0.11761,47909
60.2907,14.93917,1.53383,0.12679,47425
60.3007,14.94153,1.5336,0.11378,47471
60.31069,14.96596,1.53337,0.11353,47717
60.32069,14.96007,1.53314,0.11513,47531
60.33069,14.97744,1.53291,0.12007,46813
60.34069,14.97617,1.53268,0.11369,47675
60.35069,14.99259,1.53245,0.11773,47562
60.36069,14.99812,1.53222,0.11984,47019
60.37068,15.00609,1.53199,0.11339,47425
60.38068,15.02606,1.53176,0.12127,47417
60.39068,15.02651,1.53153,0.1117,47177
60.40068,15.04776,1.5313,0.12044,47770
60.41068,15.06295,1.53107,0.11407,47702
60.42067,15.0661,1.53084,0.12245,47004
60.43067,15.08118,1.53061,0.12696,47843
60.44067,15.08521,1.53038,0.11527,47668
60.45067,15.09891,1.53015,0.12095,47081
60.46067,15.12298,1.52992,0.10916,47952
60.47067,15.1211,1.52969,0.11663,47361
60.48066,15.14094,1.52946,0.1194,47075
60.49066,15.15287,1.52923,0.11376,47693
60.50066,15.17466,1.52901,0.12073,47440
60.51066,15.17258,1.52878,0.11724,47076
60.52066,15.1964,1.52855,0.13249,47579
60.53066,15.20335,1.52832,0.11207,47453
60.54065,15.22288,1.52809,0.109,47130
60.55065,15.24777,1.52786,0.11553,47885
60.56065,15.26209,1.52763,0.12682,47444
60.57065,15.26949,1.52741,0.11961,47218
60.58065,15.28575,1.52718,0.11853,47942
60.59065,15.30249,1.52695,0.12501,47494
60.60064,15.32001,1.52672,0.12361,47243
60.61064,15.34249,1.52649,0.10849,47732
60.62064,15.36038,1.52627,0.12231,47497
60.63064,15.36535,1.52604,0.11473,47151
60.64064,15.39378,1.52581,0.11861,47718
60.65064,15.4046,1.52558,0.12539,47564
60.66063,15.43168,1.52536,0.11651,47018
60.67063,15.45256,1.52513,0.12411,47624
60.68063,15.46654,1.5249,0.1133,47281
60.69063,15.49856,1.52467,0.11964,47308
60.70063,15.52324,1.52445,0.1173,47684
60.71063,15.53124,1.52422,0.11974,47681
60.72062,15.55279,1.52399,0.1211,47279
60.73062,15.58725,1.52377,0.12032,47868
60.74062,15.60828,1.52354,0.12791,47516
60.75062,15.63009,1.52331,0.1199,47472
60.76062,15.65798,1.52309,0.11558,47758
60.77062,15.67497,1.52286,0.11641,47491
60.78061,15.70083,1.52263,0.11796,47108
60.79061,15.73577,1.52241,0.12221,47647
60.80061,15.75256,1.52218,0.12578,47316
60.81061,15.7831,1.52195,0.12317,47375
60.82061,15.8207,1.52173,0.11365,47644
60.8306,15.83395,1.5215,0.13656,47175
60.8406,15.87043,1.52127,0.1105,47696
60.8506,15.90845,1.52105,0.12258,47637
60.8606,15.93518,1.52082,0.11633,47467
60.8706,15.97166,1.5206,0.1236,47622
60.8806,16.00314,1.52037,0.12663,47574
60.89059,16.03093,1.52014,0.1294,47446
60.90059,16.05299,1.51992,0.11708,47706
60.91059,16.10606,1.51969,0.11365,47700
60.92059,16.11091,1.51947,0.12399,47113
60.93059,16.17518,1.51924,0.12189,47508
60.94059,16.19131,1.51902,0.12275,47672
60.95058,16.24205,1.51879,0.11664,47461
60.96058,16.2725,1.51857,0.12748,47687
60.97058,16.30665,1.51834,0.12781,47281
60.98058,16.34799,1.51812,0.12533,47295
60.99058,16.38488,1.51789,0.11542,47632
61.00058,16.42465,1.51767,0.11933,47734
61.01057,16.46381,1.51744,0.12859,47464
61.02057,16.51189,1.51722,0.12386,47673
61.03057,16.53806,1.51699,0.12624,47432
61.04057,16.58681,1.51677,0.12536,47380
61.05057,16.62597,1.51654,0.12479,48118
61.06057,16.66724,1.51632,0.11213,47501
61.07056,16.70684,1.5161,0.12866,47378
61.08056,16.75809,1.51587,0.12466,47513
61.09056,16.79225,1.51565,0.12581,47291
61.10056,16.83416,1.51542,0.12409,47496
61.11056,16.89682,1.5152,0.1289,47995
61.12056,16.93301,1.51498,0.12767,47145
61.13055,16.98538,1.51475,0.13454,47438
61.14055,17.03467,1.51453,0.11279,47636
61.15055,17.06255,1.5143,0.12383,47604
61.16055,17.13051,1.51408,0.13369,47572
61.17055,17.18425,1.51386,0.12723,47905
61.18055,17.22515,1.51363,0.1282,47142
61.19054,17.28749,1.51341,0.12823,47703
61.20054,17.32081,1.51319,0.12126,47901
61.21054,17.38528,1.51296,0.13051,47666
61.22054,17.43855,1.51274,0.12218,47193
61.23054,17.5075,1.51252,0.12142,47804
61.24053,17.53235,1.51229,0.13356,47382
61.25053,17.59477,1.51207,0.13047,47363
61.26053,17.66771,1.51185,0.12646,47932
61.27053,17.71152,1.51163,0.13257,47500
61.28053,17.7847,1.5114,0.12799,47116
61.29053,17.8254,1.51118,0.12765,47947
61.30052,17.89104,1.51096,0.1252,47664
61.31052,17.94556,1.51074,0.13032,47336
61.32052,18.02197,1.51051,0.12558,47851
61.33052,18.0573,1.51029,0.13821,47740
61.34052,18.10709,1.51007,0.12944,47398
61.35052,18.17667,1.50985,0.12459,47870
61.36051,18.26166,1.50962,0.12503,47660
61.37051,18.29286,1.5094,0.13176,47174
61.38051,18.35881,1.50918,0.13092,47806
61.39051,18.41071,1.50896,0.12888,47652
61.40051,18.46696,1.50874,0.13176,47315
61.41051,18.55404,1.50852,0.13338,47925
61.4205,18.59614,1.50829,0.1323,47416
61.4305,18.64851,1.50807,0.14114,47343
61.4405,18.72677,1.50785,0.12456,47733
61.4505,18.77773,1.50763,0.12995,47811
61.4605,18.85152,1.50741,0.13246,47324
61.4705,18.89043,1.50719,0.1333,48121
61.48049,18.96121,1.50697,0.14136,47606
61.49049,19.0161,1.50675,0.13687,47207
61.50049,19.10369,1.50652,0.11753,48124
61.51049,19.13232,1.5063,0.13398,47790
61.52049,19.19491,1.50608,0.13587,47040
61.53049,19.27242,1.50586,0.13069,47839
61.54048,19.34107,1.50564,0.13762,47691
61.55048,19.37866,1.50542,0.13444,47253
61.56048,19.45329,1.5052,0.13854,48050
61.57048,19.52418,1.50498,0.1398,47593
61.58048,19.59179,1.50476,0.14262,47302
61.59047,19.63791,1.50454,0.1202,47837
61.60047,19.71599,1.50432,0.13421,47717
61.61047,19.76504,1.5041,0.13904,47331
61.62047,19.83373,1.50388,0.1399,47928
61.63047,19.8973,1.50366,0.14026,47994
61.64047,19.96315,1.50344,0.12868,47603
61.65046,20.01588,1.50322,0.13474,47520
61.66046,20.08519,1.503,0.12896,47680
61.67046,20.11171,1.50278,0.14618,47368
61.68046,20.21134,1.50256,0.13295,47832
61.69046,20.26409,1.50234,0.13454,47735
61.70046,20.32532,1.50212,0.14262,47341
61.71045,20.36659,1.5019,0.14931,47954
61.72045,20.43803,1.50168,0.13508,47647
61.73045,20.50373,1.50146,0.13522,47481
61.74045,20.55334,1.50124,0.13404,47431
61.75045,20.60545,1.50102,0.1388,48132
61.76045,20.65911,1.50081,0.14066,47478
61.77044,20.71728,1.50059,0.13411,47759
61.78044,20.77208,1.50037,0.1472,47802
61.79044,20.81829,1.50015,0.13634,47731
61.80044,20.87989,1.49993,0.13702,47574
61.81044,20.92761,1.49971,0.13233,47776
61.82044,20.96053,1.49949,0.13827,47590
61.83043,21.0152,1.49927,0.13934,47747
61.84043,21.06824,1.49906,0.14704,47688
61.85043,21.12523,1.49884,0.13571,47513
61.86043,21.1567,1.49862,0.14437,47925
61.87043,21.19868,1.4984,0.14711,47627
61.88043,21.25655,1.49818,0.14929,47420
61.89042,21.28382,1.49797,0.1249,47835
61.90042,21.33268,1.49775,0.14707,47799
61.91042,21.39212,1.49753,0.13844,47657
61.92042,21.41293,1.49731,0.14661,47848
61.93042,21.44565,1.49709,0.14195,47890
61.94042,21.49632,1.49688,0.13494,47631
61.95041,21.53965,1.49666,0.13898,47574
61.96041,21.55597,1.49644,0.13694,47669
61.97041,21.59913,1.49622,0.14445,47791
61.98041,21.65016,1.49601,0.13841,47804
61.99041,21.66669,1.49579,0.1461,47374
62.0004,21.69703,1.49557,0.14844,47859
62.0104,21.74236,1.49535,0.144,48103
62.0204,21.78281,1.49514,0.14413,47535
62.0304,21.78386,1.49492,0.14877,47548
62.0404,21.83652,1.4947,0.13195,47835
62.0504,21.8606,1.49449,0.1407,47823
62.06039,21.87768,1.49427,0.14476,47786
62.07039,21.90595,1.49405,0.1448,47924
62.08039,21.94326,1.49384,0.14109,47760
62.09039,21.96268,1.49362,0.13387,47580
62.10039,21.9525,1.4934,0.14026,47724
62.11039,21.99352,1.49319,0.14388,47771
62.12038,22.02131,1.49297,0.14697,47590
62.13038,22.0158,1.49275,0.14009,47800
62.14038,22.04492,1.49254,0.15153,48029
62.15038,22.05196,1.49232,0.14251,47587
62.16038,22.06899,1.49211,0.14813,47960
62.17038,22.09533,1.49189,0.14359,47611
62.18037,22.08889,1.49167,0.14423,47495
62.19037,22.0977,1.49146,0.13687,47911
62.20037,22.11318,1.49124,0.14227,47943
62.21037,22.13064,1.49103,0.14748,47615
62.22037,22.11134,1.49081,0.14954,47852
62.23037,22.12412,1.4906,0.13506,48193
62.24036,22.13393,1.49038,0.1352,47600
62.25036,22.13534,1.49017,0.14806,47384
62.26036,22.12433,1.48995,0.14118,48193
62.27036,22.13246,1.48974,0.15044,47600
62.28036,22.14611,1.48952,0.13982,47526
62.29036,22.12566,1.48931,0.14411,48132
62.30035,22.14224,1.48909,0.14918,47916
62.31035,22.13242,1.48888,0.15176,47562
62.32035,22.11523,1.48866,0.13717,47777
62.33035,22.13386,1.48845,0.14792,47835
62.34035,22.11795,1.48823,0.13622,47339
62.35035,22.10326,1.48802,0.14899,48387
62.36034,22.11093,1.4878,0.14146,47989
62.37034,22.10765,1.48759,0.14675,47222
62.38034,22.07786,1.48737,0.13376,48514
62.39034,22.08772,1.48716,0.1437,47634
62.40034,22.06322,1.48694,0.13738,47434
62.41033,22.04829,1.48673,0.1433,48042
62.42033,22.04135,1.48652,0.14487,47893
62.43033,22.03729,1.4863,0.15254,47557
62.44033,22.0116,1.48609,0.14224,47851
62.45033,22.00749,1.48587,0.14271,48351
62.46033,21.97534,1.48566,0.14845,47683
62.47032,21.96495,1.48545,0.15228,47510
62.48032,21.96174,1.48523,0.13315,47907
62.49032,21.91488,1.48502,0.14092,48019
62.50032,21.91301,1.48481,0.14386,47561
62.51032,21.90376,1.48459,0.14346,48089
62.52032,21.86329,1.48438,0.13899,48047
62.53031,21.84075,1.48417,0.13859,47710
62.54031,21.81921,1.48395,0.13873,47746
62.55031,21.7994,1.48374,0.15005,47976
62.56031,21.76625,1.48353,0.13719,47614
62.57031,21.74645,1.48331,0.15229,47950
62.58031,21.72814,1.4831,0.14023,48064
62.5903,21.70193,1.48289,0.14828,47759
62.6003,21.66925,1.48267,0.14337,48067
62.6103,21.64767,1.48246,0.14906,47875
62.6203,21.63054,1.48225,0.14203,47382
62.6303,21.5808,1.48204,0.13918,47919
62.6403,21.57615,1.48182,0.1324,48366
62.65029,21.54717,1.48161,0.14757,47515
62.66029,21.5066,1.4814,0.14871,48095
62.67029,21.48763,1.48119,0.12663,48047
62.68029,21.45658,1.48097,0.14221,47715
62.69029,21.42239,1.48076,0.14041,47715
62.70029,21.39963,1.48055,0.14244,47905
62.71028,21.36422,1.48034,0.14354,47950
62.72028,21.34731,1.48013,0.13911,47887
62.73028,21.32312,1.47991,0.15109,48074
62.74028,21.25897,1.4797,0.13786,47894
62.75028,21.25028,1.47949,0.14721,48027
62.76028,21.21528,1.47928,0.15073,47795
62.77027,21.18306,1.47907,0.13882,47757
62.78027,21.15604,1.47886,0.1335,47812
62.79027,21.11431,1.47864,0.1415,48016
62.80027,21.07237,1.47843,0.13778,48099
62.81027,21.03778,1.47822,0.13169,48143
62.82026,21.00976,1.47801,0.14372,47906
62.83026,20.96623,1.4778,0.13239,47579
62.84026,20.91565,1.47759,0.14,47976
62.85026,20.89302,1.47738,0.13864,47942
62.86026,20.84828,1.47717,0.14609,47930
62.87026,20.79877,1.47696,0.14167,47933
62.88025,20.79207,1.47675,0.13982,48023
62.89025,20.70224,1.47653,0.14833,47967
62.90025,20.69059,1.47632,0.14026,48209
62.91025,20.63666,1.47611,0.14203,47692
62.92025,20.59913,1.4759,0.13429,47817
62.93025,20.56214,1.47569,0.13539,48013
62.94024,20.50451,1.47548,0.13547,48196
62.95024,20.47646,1.47527,0.14432,47810
62.96024,20.41309,1.47506,0.12848,47960
62.97024,20.38196,1.47485,0.13298,48084
62.98024,20.34093,1.47464,0.14357,47745
62.99024,20.26893,1.47443,0.13711,47826
63.00023,20.26017,1.47422,0.13338,48249
63.01023,20.19509,1.47401,0.14088,48092
63.02023,20.15396,1.4738,0.14153,47540
63.03023,20.11254,1.47359,0.14203,48359
63.04023,20.06656,1.47338,0.13563,48171
63.05023,20.01569,1.47317,0.14593,47659
63.06022,19.97372,1.47296,0.13849,48151
63.07022,19.93675,1.47275,0.1371,47897
63.08022,19.86333,1.47254,0.12686,47877
63.09022,19.85791,1.47233,0.14609,48053
63.10022,19.79915,1.47213,0.12584,48444
63.11022,19.7438,1.47192,0.13575,47926
63.12021,19.71401,1.47171,0.13258,47484
63.13021,19.65868,1.4715,0.13126,48463
63.14021,19.63139,1.47129,0.14229,47826
63.15021,19.56921,1.47108,0.1337,47740
63.16021,19.5445,1.47087,0.1362,48462
63.1702,19.49421,1.47066,0.14322,48051
63.1802,19.45204,1.47045,0.13788,47729
63.1902,19.40274,1.47025,0.13459,48416
63.2002,19.37572,1.47004,0.13602,48037
63.2102,19.33813,1.46983,0.15116,47212
63.2202,19.27659,1.46962,0.12392,48617
63.23019,19.26269,1.46941,0.1309,48186
63.24019,19.19303,1.4692,0.13141,47754
63.25019,19.16583,1.469,0.13105,48327
63.26019,19.12881,1.46879,0.12923,48071
63.27019,19.08214,1.46858,0.13192,47852
63.28019,19.02299,1.46837,0.13556,47802
63.29018,19.02057,1.46816,0.13167,48324
63.30018,18.96086,1.46796,0.13747,48027
63.31018,18.90749,1.46775,0.13311,47914
63.32018,18.89967,1.46754,0.13466,48299
63.33018,18.82374,1.46733,0.14313,48406
63.34018,18.79774,1.46713,0.13705,47665
63.35017,18.74376,1.46692,0.1317,48223
63.36017,18.71291,1.46671,0.12755,48121
63.37017,18.65666,1.4665,0.13661,47810
63.38017,18.62374,1.4663,0.1276,48194
63.39017,18.57888,1.46609,0.12301,48479
63.40017,18.53946,1.46588,0.13043,47592
63.41016,18.4806,1.46567,0.12979,48118
63.42016,18.46847,1.46547,0.12888,48168
63.43016,18.39621,1.46526,0.13369,47900
63.44016,18.36231,1.46505,0.13704,48099
63.45016,18.32696,1.46485,0.13083,48321
63.46016,18.27972,1.46464,0.13356,48173
63.47015,18.23473,1.46443,0.1375,48138
63.48015,18.18308,1.46423,0.13309,48292
63.49015,18.14508,1.46402,0.12958,48067
63.50015,18.1026,1.46381,0.13527,47854
63.51015,18.06138,1.46361,0.13,48193
63.52015,18.01929,1.4634,0.12958,48181
63.53014,17.96706,1.4632,0.11627,48168
63.54014,17.92184,1.46299,0.1306,48326
63.55014,17.89601,1.46278,0.12795,47715
63.56014,17.82994,1.46258,0.12741,48239
63.57014,17.8031,1.46237,0.12453,48196
63.58013,17.76212,1.46217,0.13707,47960
63.59013,17.70442,1.46196,0.13027,48180
63.60013,17.68478,1.46175,0.13549,48227
63.61013,17.62865,1.46155,0.12693,48368
63.62013,17.58978,1.46134,0.13565,48011
63.63013,17.54662,1.46114,0.13201,48465
63.64012,17.50575,1.46093,0.13318,47928
63.65012,17.46499,1.46073,0.12689,47838
63.66012,17.42599,1.46052,0.12366,48455
63.67012,17.39179,1.46032,0.12749,48247
63.68012,17.34873,1.46011,0.11784,48334
63.69012,17.30186,1.45991,0.11976,47949
63.70011,17.27966,1.4597,0.13113,48010
63.71011,17.2198,1.4595,0.12933,48299
63.72011,17.1986,1.45929,0.12841,47894
63.73011,17.14766,1.45909,0.1222,48527
63.74011,17.1287,1.45888,0.13875,48106
63.75011,17.07722,1.45868,0.12139,48136
63.7601,17.05472,1.45847,0.13305,48610
63.7701,17.01592,1.45827,0.13466,48178
63.7801,16.96588,1.45806,0.12967,48031
63.7901,16.9378,1.45786,0.13077,48203
63.8001,16.90441,1.45765,0.12127,48257
63.8101,16.86723,1.45745,0.12097,48092
63.82009,16.8355,1.45724,0.11756,48335
63.83009,16.79437,1.45704,0.11982,48369
63.84009,16.77099,1.45684,0.12529,47810
63.85009,16.72263,1.45663,0.12984,48201
63.86009,16.71159,1.45643,0.12126,48354
63.87009,16.6552,1.45622,0.1287,48263
63.88008,16.62908,1.45602,0.12633,48019
63.89008,16.60452,1.45582,0.1296,48608
63.90008,16.57171,1.45561,0.12384,48343
63.91008,16.52349,1.45541,0.13486,48118
63.92008,16.50174,1.45521,0.12744,48541
63.93008,16.47701,1.455,0.13778,48181
63.94007,16.42087,1.4548,0.12002,47768
63.95007,16.41353,1.4546,0.11523,48538
63.96007,16.36682,1.45439,0.11942,48421
63.97007,16.34249,1.45419,0.11406,48214
63.98007,16.29523,1.45399,0.12641,48174
63.99006,16.28124,1.45378,0.12438,48068
64.00006,16.24358,1.45358,0.12155,48447
64.01006,16.20737,1.45338,0.12723,47994
64.02006,16.18133,1.45317,0.12638,48419
64.03006,16.15547,1.45297,0.12535,48496
64.04006,16.11363,1.45277,0.12552,47966
64.05005,16.09248,1.45257,0.1279,48765
64.06005,16.06257,1.45236,0.12037,48415
64.07005,16.0108,1.45216,0.13691,48066
64.08005,16.00505,1.45196,0.1231,48131
64.09005,15.96117,1.45176,0.11525,48672
64.10005,15.93705,1.45155,0.11706,48013
64.11004,15.9025,1.45135,0.11784,48330
64.12004,15.88884,1.45115,0.1174,48324
64.13004,15.84132,1.45095,0.11935,48267
64.14004,15.80749,1.45075,0.12496,47896
64.15004,15.78854,1.45054,0.12774,48608
64.16004,15.76896,1.45034,0.11866,48613
64.17003,15.72518,1.45014,0.12677,48100
64.18003,15.70038,1.44994,0.12115,48428
64.19003,15.66995,1.44974,0.13008,48655
64.20003,15.64524,1.44953,0.12117,48173
64.21003,15.60406,1.44933,0.12809,48241
64.22003,15.59118,1.44913,0.12652,48630
64.23002,15.55649,1.44893,0.12117,48130
64.24002,15.53226,1.44873,0.11251,48242
64.25002,15.4972,1.44853,0.11449,48607
64.26002,15.47249,1.44833,0.11549,48256
64.27002,15.44226,1.44813,0.12252,48204
64.28002,15.41665,1.44792,0.11807,48192
64.29001,15.3855,1.44772,0.12247,48555
64.30001,15.35741,1.44752,0.12269,48295
64.31001,15.326,1.44732,0.11814,48347
64.32001,15.30759,1.44712,0.12678,48673
64.33001,15.26711,1.44692,0.12659,48265
64.34001,15.25052,1.44672,0.11667,48639
64.35,15.21711,1.44652,0.12637,48451
64.36,15.19301,1.44632,0.12821,48432
64.37,15.14951,1.44612,0.11748,48240
64.38,15.14134,1.44592,0.11558,48215
64.39,15.1024,1.44572,0.10639,48665
64.39999,15.08037,1.44552,0.12223,48292
64.40999,15.03921,1.44532,0.11686,48283
64.41999,15.03067,1.44512,0.11193,48292
64.42999,14.98798,1.44492,0.12433,48477
64.43999,14.97127,1.44472,0.12029,48565
64.44999,14.92499,1.44452,0.11725,48297
64.45998,14.92179,1.44432,0.11999,48350
64.46998,14.87658,1.44412,0.12619,48856
64.47998,14.86663,1.44392,0.1245,48266
64.48998,14.82085,1.44372,0.11717,48609
64.49998,14.81569,1.44352,0.12306,48421
64.50998,14.77499,1.44332,0.12636,48495
64.51997,14.74822,1.44312,0.1171,48334
64.52997,14.73456,1.44292,0.09965,48601
64.53997,14.69555,1.44272,0.1174,48269
64.54997,14.67603,1.44252,0.12052,48209
64.55997,14.65162,1.44232,0.11341,48411
64.56997,14.63548,1.44212,0.11639,48651
64.57996,14.59594,1.44192,0.12221,48544
64.58996,14.58945,1.44172,0.12375,48090
64.59996,14.55445,1.44152,0.11012,48849
64.60996,14.55098,1.44132,0.1282,48634
64.61996,14.50982,1.44113,0.12263,48399
64.62996,14.49198,1.44093,0.12112,48608
64.63995,14.47751,1.44073,0.11726,48890
64.64995,14.44679,1.44053,0.12705,48359
64.65995,14.43439,1.44033,0.12125,48047
64.66995,14.40913,1.44013,0.10101,48805
64.67995,14.39036,1.43993,0.11113,48444
64.68995,14.35408,1.43974,0.11724,47990
64.69994,14.35752,1.43954,0.11278,48753
64.70994,14.32134,1.43934,0.1173,48594
64.71994,14.29448,1.43914,0.11544,48185
64.72994,14.29029,1.43894,0.12174,48749
64.73994,14.26506,1.43874,0.11804,48848
64.74994,14.24104,1.43855,0.1142,48418
64.75993,14.21039,1.43835,0.12047,48430
64.76993,14.20533,1.43815,0.12071,48843
64.77993,14.17918,1.43795,0.1187,48788
64.78993,14.1437,1.43776,0.11801,48172
64.79993,14.14066,1.43756,0.12487,48637
64.80992,14.10656,1.43736,0.10409,48765
64.81992,14.08254,1.43716,0.10234,48177
64.82992,14.06753,1.43696,0.11837,48484
64.83992,14.05375,1.43677,0.11646,48684
64.84992,14.01823,1.43657,0.11003,48498
64.85992,13.99199,1.43637,0.12041,48192
64.86991,13.98496,1.43618,0.11734,48979
64.87991,13.96469,1.43598,0.11875,48776
64.88991,13.93793,1.43578,0.11232,48315
64.89991,13.91567,1.43558,0.12025,48777
64.90991,13.90899,1.43539,0.11991,48795
64.91991,13.87649,1.43519,0.12119,48507
64.9299,13.86498,1.43499,0.11539,48685
64.9399,13.84508,1.4348,0.11897,48727
64.9499,13.82623,1.4346,0.1053,48477
64.9599,13.80224,1.4344,0.1065,48480
64.9699,13.78805,1.43421,0.10694,48507
64.9799,13.77708,1.43401,0.11736,48613
64.98989,13.74672,1.43381,0.11368,48368
64.99989,13.73305,1.43362,0.10828,48662
65.00989,13.72616,1.43342,0.12194,48901
65.01989,13.70225,1.43322,0.11868,48496
65.02989,13.69646,1.43303,0.11279,48786
65.03989,13.67599,1.43283,0.1193,48660
65.04988,13.66386,1.43264,0.12017,48981
65.05988,13.64321,1.43244,0.11495,48495
65.06988,13.63448,1.43224,0.12235,48677
65.07988,13.61879,1.43205,0.11311,48802
65.08988,13.60263,1.43185,0.11297,48464
65.09988,13.58869,1.43166,0.0997,48716
65.10987,13.57353,1.43146,0.11102,48523
65.11987,13.56142,1.43127,0.10932,48435
65.12987,13.54905,1.43107,0.11051,48651
65.13987,13.5363,1.43088,0.1168,48683
65.14987,13.51762,1.43068,0.11411,48817
65.15986,13.51077,1.43048,0.10987,48773
65.16986,13.49587,1.43029,0.12381,48738
65.17986,13.48254,1.43009,0.11581,48814
65.18986,13.46934,1.4299,0.11791,48670
65.19986,13.4618,1.4297,0.11723,48996
65.20986,13.43497,1.42951,0.11109,48601
65.21985,13.42985,1.42931,0.12677,48792
65.22985,13.42063,1.42912,0.10206,48658
65.23985,13.39404,1.42892,0.11029,48542
65.24985,13.38533,1.42873,0.10241,48510
65.25985,13.37447,1.42853,0.11455,48621
65.26985,13.3623,1.42834,0.10963,48942
65.27984,13.34603,1.42815,0.11364,48441
65.28984,13.32824,1.42795,0.1149,48727
65.29984,13.32451,1.42776,0.11841,49027
65.30984,13.30461,1.42756,0.11014,48870
65.31984,13.28932,1.42737,0.1195,48627
65.32984,13.28206,1.42717,0.11262,48916
65.33983,13.26689,1.42698,0.11471,49121
65.34983,13.25277,1.42678,0.12268,48556
65.35983,13.23369,1.42659,0.11057,48790
65.36983,13.22545,1.4264,0.11353,48847
65.37983,13.21099,1.4262,0.10103,48622
65.38983,13.19376,1.42601,0.10525,48316
65.39982,13.19009,1.42582,0.11135,48933
65.40982,13.17485,1.42562,0.11032,48887
65.41982,13.15041,1.42543,0.11407,48393
65.42982,13.15188,1.42523,0.11221,49047
65.43982,13.12799,1.42504,0.11659,48999
65.44982,13.1255,1.42485,0.11009,48878
65.45981,13.11437,1.42465,0.11655,48621
65.46981,13.10135,1.42446,0.11739,49084
65.47981,13.09051,1.42427,0.1149,48970
65.48981,13.07109,1.42407,0.11139,48497
65.49981,13.06663,1.42388,0.12024,49138
65.50981,13.05387,1.42369,0.10466,48962
65.5198,13.04181,1.42349,0.1037,48615
65.5298,13.0245,1.4233,0.10805,48413
65.5398,13.02405,1.42311,0.10342,48877
65.5498,13.01334,1.42292,0.11319,49066
65.5598,12.98998,1.42272,0.11269,48446
65.56979,12.98288,1.42253,0.11194,49048
65.57979,12.97308,1.42234,0.11232,48981
65.58979,12.96773,1.42214,0.11471,48958
65.59979,12.9497,1.42195,0.1162,48662
65.60979,12.9414,1.42176,0.1181,49135
65.61979,12.9344,1.42157,0.10941,49093
65.62978,12.91729,1.42137,0.11367,48834
65.63978,12.90524,1.42118,0.11912,49058
65.64978,12.89525,1.42099,0.10676,48908
65.65978,12.8784,1.4208,0.10397,48431
65.66978,12.87382,1.42061,0.10352,48611
65.67978,12.86467,1.42041,0.10822,49053
65.68977,12.85249,1.42022,0.10554,48876
65.69977,12.83799,1.42003,0.11675,48885
65.70977,12.83285,1.41984,0.1115,48962
65.71977,12.82267,1.41965,0.11308,49130
65.72977,12.80828,1.41945,0.11383,48790
65.73977,12.80079,1.41926,0.10987,48858
65.74976,12.79578,1.41907,0.11707,49121
65.75976,12.78298,1.41888,0.11615,49064
65.76976,12.77181,1.41869,0.11095,49068
65.77976,12.7588,1.4185,0.11192,49036
65.78976,12.76216,1.41831,0.10561,48978
65.79976,12.74057,1.41811,0.10913,48480
65.80975,12.73119,1.41792,0.09937,48824
65.81975,12.73128,1.41773,0.11322,49064
65.82975,12.71309,1.41754,0.10526,48603
65.83975,12.71099,1.41735,0.10811,49165
65.84975,12.70485,1.41716,0.11772,48844
65.85975,12.70427,1.41697,0.11035,49181
65.86974,12.68283,1.41678,0.11225,49081
65.87974,12.68001,1.41659,0.11628,49149
65.88974,12.67356,1.4164,0.11017,48836
65.89974,12.66614,1.4162,0.118,49085
65.90974,12.66092,1.41601,0.11214,49469
65.91974,12.6555,1.41582,0.11259,48869
65.92973,12.64126,1.41563,0.10279,48983
65.93973,12.63177,1.41544,0.11076,48542
65.94973,12.63262,1.41525,0.10166,49140
65.95973,12.61757,1.41506,0.10188,48777
65.96973,12.61809,1.41487,0.11536,48849
65.97972,12.60637,1.41468,0.10845,49245
65.98972,12.60791,1.41449,0.10852,48941
65.99972,12.59133,1.4143,0.11522,49011
66.00972,12.58869,1.41411,0.11172,49334
66.01972,12.58748,1.41392,0.11332,49239
66.02972,12.56701,1.41373,0.11588,48815
66.03971,12.57637,1.41354,0.10963,49121
66.04971,12.56151,1.41335,0.11288,49516
66.05971,12.55504,1.41316,0.11499,49073
66.06971,12.54634,1.41297,0.10083,48837
66.07971,12.52906,1.41278,0.10897,48668
66.08971,12.53642,1.41259,0.10433,49130
66.0997,12.51837,1.4124,0.10349,49023
66.1097,12.51807,1.41222,0.10468,48781
66.1197,12.50646,1.41203,0.11287,49413
66.1297,12.50716,1.41184,0.113,49189
66.1397,12.49063,1.41165,0.1112,48629
66.1497,12.49053,1.41146,0.11647,49339
66.15969,12.48286,1.41127,0.10687,49585
66.16969,12.47455,1.41108,0.11388,49176
66.17969,12.46034,1.41089,0.11413,48868
66.18969,12.46321,1.4107,0.11883,49379
66.19969,12.45008,1.41051,0.10285,49386
66.20969,12.4476,1.41032,0.1061,48866
66.21968,12.43447,1.41014,0.10679,48775
66.22968,12.42736,1.40995,0.10433,49187
66.23968,12.42465,1.40976,0.10106,49033
66.24968,12.41187,1.40957,0.11006,48686
66.25968,12.41157,1.40938,0.11295,49445
66.26968,12.40752,1.40919,0.10736,49363
66.27967,12.40065,1.40901,0.11425,49016
66.28967,12.39204,1.40882,0.10958,49182
66.29967,12.39257,1.40863,0.11611,49605
66.30967,12.38301,1.40844,0.10724,49215
66.31967,12.37344,1.40825,0.11495,48998
66.32967,12.37363,1.40806,0.11716,49433
66.33966,12.36882,1.40788,0.09989,49479
66.34966,12.35689,1.40769,0.10659,48823
66.35966,12.35006,1.4075,0.11033,48614
66.36966,12.34816,1.40731,0.10249,49419
66.37966,12.34263,1.40713,0.10564,49115
66.38965,12.33614,1.40694,0.10595,49034
66.39965,12.33649,1.40675,0.1116,49261
66.40965,12.33211,1.40656,0.11372,49402
66.41965,12.32869,1.40637,0.1073,49134
66.42965,12.32491,1.40619,0.11441,49395
66.43965,12.3152,1.406,0.10817,49143
66.44964,12.31529,1.40581,0.11244,49582
66.45964,12.31121,1.40563,0.11308,49295
66.46964,12.30314,1.40544,0.1215,49187
66.47964,12.3049,1.40525,0.09722,49656
66.48964,12.29411,1.40506,0.10628,48885
66.49964,12.29404,1.40488,0.10998,48887
66.50963,12.28948,1.40469,0.09918,49052
66.51963,12.28799,1.4045,0.10342,49342
66.52963,12.28524,1.40432,0.11242,49183
66.53963,12.28615,1.40413,0.11284,49449
66.54963,12.28202,1.40394,0.10559,49317
66.55963,12.27809,1.40376,0.11508,49208
66.56962,12.2751,1.40357,0.11158,49608
66.57962,12.27255,1.40338,0.11222,49234
66.58962,12.2746,1.4032,0.10877,49409
66.59962,12.26688,1.40301,0.11583,49442
66.60962,12.2653,1.40282,0.10783,49643
66.61962,12.26347,1.40264,0.10097,49212
66.62961,12.25993,1.40245,0.10956,48977
66.63961,12.24923,1.40227,0.11309,49021
66.64961,12.25126,1.40208,0.09763,49419
66.65961,12.2498,1.40189,0.10415,48960
66.66961,12.25111,1.40171,0.11208,49285
66.67961,12.24034,1.40152,0.11004,49608
66.6896,12.24299,1.40134,0.11094,49470
66.6996,12.23481,1.40115,0.11039,49068
66.7096,12.23632,1.40096,0.11518,49726
66.7196,12.22869,1.40078,0.10907,49614
66.7296,12.22531,1.40059,0.11641,49176
66.7396,12.21783,1.40041,0.10755,49377
66.74959,12.22029,1.40022,0.10656,49772
66.75959,12.21344,1.40004,0.10057,49441
66.76959,12.2035,1.39985,0.11042,48843
66.77959,12.20822,1.39967,0.11533,49122
66.78959,12.20205,1.39948,0.09535,49583
66.79958,12.19525,1.3993,0.10777,49477
66.80958,12.1908,1.39911,0.11289,48907
66.81958,12.19594,1.39893,0.10768,49726
66.82958,12.18374,1.39874,0.10553,49625
66.83958,12.18788,1.39856,0.12052,49352
66.84958,12.17729,1.39837,0.10973,49415
66.85957,12.18079,1.39819,0.10887,49608
66.86957,12.17324,1.398,0.11416,49726
66.87957,12.16525,1.39782,0.11248,49113
66.88957,12.16724,1.39763,0.10163,49696
66.89957,12.16487,1.39745,0.10915,49432
66.90957,12.16043,1.39726,0.10588,49265
66.91956,12.14949,1.39708,0.11022,48740
66.92956,12.15566,1.39689,0.09905,49721
66.93956,12.15226,1.39671,0.10468,49619
66.94956,12.14783,1.39652,0.11519,49323
66.95956,12.14591,1.39634,0.10548,49405
66.96956,12.1452,1.39616,0.11129,49778
66.97955,12.14493,1.39597,0.11387,49669
66.98955,12.13911,1.39579,0.10616,49338
66.99955,12.13596,1.3956,0.11287,49662
67.00955,12.13684,1.39542,0.11448,49711
67.01955,12.13412,1.39524,0.10504,49578
67.02955,12.1282,1.39505,0.1036,49376
67.03954,12.12023,1.39487,0.10976,49426
67.04954,12.13102,1.39469,0.11049,49334
67.05954,12.12117,1.3945,0.10548,49216
67.06954,12.12152,1.39432,0.10096,49455
67.07954,12.12445,1.39413,0.10694,49635
67.08954,12.12672,1.39395,0.11041,49762
67.09953,12.12336,1.39377,0.11063,49481
67.10953,12.12144,1.39358,0.10921,49433
67.11953,12.12377,1.3934,0.1147,49799
67.12953,12.12018,1.39322,0.10849,49648
67.13953,12.1182,1.39303,0.10915,49712
67.14952,12.11824,1.39285,0.11579,49616
67.15952,12.12152,1.39267,0.10052,49798
67.16952,12.10714,1.39249,0.10957,49180
67.17952,12.11534,1.3923,0.10378,49672
67.18952,12.10507,1.39212,0.10916,49220
67.19952,12.11786,1.39194,0.10866,49480
67.20951,12.11272,1.39175,0.10185,49603
67.21951,12.10999,1.39157,0.10805,49650
67.22951,12.11041,1.39139,0.10863,49558
67.23951,12.1126,1.39121,0.1085,49484
67.24951,12.11418,1.39102,0.11151,49934
67.25951,12.11039,1.39084,0.11476,49693
67.2695,12.11025,1.39066,0.11107,49707
67.2795,12.11374,1.39048,0.11128,49774
67.2895,12.10981,1.39029,0.10423,50033
67.2995,12.10746,1.39011,0.10567,49486
67.3095,12.10257,1.38993,0.1081,49435
67.3195,12.10922,1.38975,0.11454,49646
67.32949,12.10377,1.38957,0.10259,49489
67.33949,12.10121,1.38938,0.10829,49155
67.34949,12.10631,1.3892,0.09951,49703
67.35949,12.10618,1.38902,0.11253,49855
67.36949,12.10821,1.38884,0.11046,49957
67.37949,12.09473,1.38866,0.10912,49334
67.38948,12.10302,1.38847,0.11201,49855
67.39948,12.11105,1.38829,0.11063,49988
67.40948,12.10338,1.38811,0.11017,49912
67.41948,12.09507,1.38793,0.11144,49472
67.42948,12.10287,1.38775,0.10352,49999
67.43948,12.09851,1.38757,0.10615,49761
67.44947,12.09782,1.38738,0.1064,49596
67.45947,12.08682,1.3872,0.11055,49363
67.46947,12.09249,1.38702,0.11213,49616
67.47947,12.09854,1.38684,0.09899,49862
67.48947,12.09279,1.38666,0.10955,49694
67.49947,12.09021,1.38648,0.10458,49394
67.50946,12.10181,1.3863,0.11764,50093
67.51946,12.09408,1.38612,0.10788,49899
67.52946,12.09036,1.38594,0.11023,49675
67.53946,12.08973,1.38576,0.11156,49761
67.54946,12.09262,1.38557,0.11854,50091
67.55945,12.09313,1.38539,0.10131,49952
67.56945,12.08228,1.38521,0.10167,49545
67.57945,12.08444,1.38503,0.11222,49747
67.58945,12.08682,1.38485,0.10547,49763
67.59945,12.09109,1.38467,0.10947,49693
67.60945,12.0816,1.38449,0.1176,49291
67.61944,12.08597,1.38431,0.09745,49965
67.62944,12.09101,1.38413,0.11021,49961
67.63944,12.0841,1.38395,0.10772,49677
67.64944,12.07854,1.38377,0.10729,49861
67.65944,12.07805,1.38359,0.11258,50002
67.66944,12.0902,1.38341,0.11228,50122
67.67943,12.08032,1.38323,0.11687,49631
67.68943,12.08294,1.38305,0.10498,49986
67.69943,12.0871,1.38287,0.10322,50133
67.70943,12.07982,1.38269,0.10905,49731
67.71943,12.08156,1.38251,0.10737,49708
67.72943,12.07875,1.38233,0.10977,49700
67.73942,12.08257,1.38215,0.10971,49860
67.74942,12.0834,1.38197,0.11174,49715
67.75942,12.08693,1.38179,0.09765,49835
67.76942,12.07786,1.38161,0.11663,49632
67.77942,12.08753,1.38143,0.10832,50165
67.78942,12.08893,1.38125,0.10719,49811
67.79941,12.09217,1.38107,0.11815,50208
67.80941,12.08368,1.38089,0.10793,49823
67.81941,12.09213,1.38071,0.11102,50238
67.82941,12.09031,1.38054,0.10551,49844
67.83941,12.09373,1.38036,0.10363,50102
67.84941,12.08889,1.38018,0.10321,49633
67.8594,12.09811,1.38,0.11486,49972
67.8694,12.10379,1.37982,0.10988,49979
67.8794,12.09781,1.37964,0.1086,49808
67.8894,12.10223,1.37946,0.10448,49663
67.8994,12.11079,1.37928,0.10884,49898
67.9094,12.11319,1.3791,0.10705,50152
67.91939,12.11551,1.37893,0.11355,50147
67.92939,12.11835,1.37875,0.108,49746
67.93939,12.12286,1.37857,0.11438,50130
67.94939,12.12565,1.37839,0.11226,50288
67.95939,12.12873,1.37821,0.10391,50150
67.96938,12.13308,1.37803,0.10837,49984
67.97938,12.13551,1.37785,0.10444,49639
67.98938,12.13847,1.37768,0.1118,50230
67.99938,12.14432,1.3775,0.10922,49992
68.00938,12.14987,1.37732,0.10833,49599
68.01938,12.15365,1.37714,0.1176,49736
68.02937,12.16074,1.37696,0.09977,50357
68.03937,12.16065,1.37679,0.1097,50071
68.04937,12.16708,1.37661,0.10549,49766
68.05937,12.17044,1.37643,0.11597,50343
68.06937,12.17583,1.37625,0.11255,50173
68.07937,12.17447,1.37607,0.10945,50224
68.08936,12.1792,1.3759,0.11552,49756
68.09936,12.18643,1.37572,0.10075,50518
68.10936,12.18331,1.37554,0.10264,50024
68.11936,12.18132,1.37536,0.1131,49739
68.12936,12.18469,1.37519,0.10885,49735
68.13936,12.19261,1.37501,0.1069,50386
68.14935,12.19342,1.37483,0.11789,50128
68.15935,12.19345,1.37465,0.10397,49954
68.16935,12.1947,1.37448,0.10641,49748
68.17935,12.19744,1.3743,0.108,50457
68.18935,12.20064,1.37412,0.11303,50246
68.19935,12.20176,1.37395,0.11444,50190
68.20934,12.2009,1.37377,0.11104,49980
68.21934,12.20328,1.37359,0.11025,50398
68.22934,12.20626,1.37341,0.10555,50431
68.23934,12.19665,1.37324,0.10281,49700
68.24934,12.20349,1.37306,0.1104,49967
68.25934,12.20352,1.37288,0.10752,50392
68.26933,12.20872,1.37271,0.11409,50263
68.27933,12.20607,1.37253,0.1098,49889
68.28933,12.20955,1.37235,0.11519,49831
68.29933,12.21261,1.37218,0.10322,50431
68.30933,12.21707,1.372,0.10797,50413
68.31933,12.21207,1.37182,0.11195,49895
68.32932,12.21914,1.37165,0.11018,50269
68.33932,12.22343,1.37147,0.11236,50427
68.34932,12.21992,1.3713,0.11493,50362
68.35932,12.22869,1.37112,0.10409,50147
68.36932,12.22459,1.37094,0.1063,50317
68.37931,12.2254,1.37077,0.10761,49980
68.38931,12.22974,1.37059,0.10965,50227
68.39931,12.23304,1.37042,0.10776,50326
68.40931,12.23537,1.37024,0.11364,50190
68.41931,12.24023,1.37006,0.11134,49802
68.42931,12.24465,1.36989,0.11268,50268
68.4393,12.24927,1.36971,0.10146,50507
68.4493,12.25173,1.36954,0.11358,50294
68.4593,12.25703,1.36936,0.11502,50139
68.4693,12.26033,1.36919,0.10774,50261
68.4793,12.26532,1.36901,0.11351,50681
68.4893,12.26743,1.36883,0.11212,50343
68.49929,12.26433,1.36866,0.09959,50240
68.50929,12.27464,1.36848,0.11075,49963
68.51929,12.27747,1.36831,0.10931,50412
68.52929,12.27918,1.36813,0.10682,50444
68.53929,12.28446,1.36796,0.11357,49976
68.54929,12.29654,1.36778,0.11713,50428
68.55928,12.29512,1.36761,0.11217,50362
68.56928,12.30035,1.36743,0.10423,50236
68.57928,12.30399,1.36726,0.10874,50103
68.58928,12.31385,1.36708,0.11029,50503
68.59928,12.31126,1.36691,0.11191,50473
68.60928,12.32071,1.36673,0.11991,50664
68.61927,12.31738,1.36656,0.10797,50039
68.62927,12.32803,1.36638,0.09995,50614
68.63927,12.32809,1.36621,0.11201,50415
68.64927,12.33497,1.36603,0.10678,50332
68.65927,12.33265,1.36586,0.107,49803
68.66927,12.34169,1.36569,0.11449,50661
68.67926,12.34797,1.36551,0.11365,50827
68.68926,12.35472,1.36534,0.11317,50082
68.69926,12.35474,1.36516,0.11403,49828
68.70926,12.36203,1.36499,0.1041,50742
68.71926,12.36832,1.36481,0.10825,50678
68.72926,12.37187,1.36464,0.11555,50481
68.73925,12.37214,1.36447,0.11183,50210
68.74925,12.37934,1.36429,0.11351,50591
68.75925,12.3888,1.36412,0.10289,50663
68.76925,12.39136,1.36394,0.10671,50349
68.77925,12.39045,1.36377,0.11248,50159
68.78924,12.39882,1.3636,0.10385,50496
68.79924,12.40349,1.36342,0.12105,50504
68.80924,12.41302,1.36325,0.11219,50658
68.81924,12.41687,1.36307,0.11149,50301
68.82924,12.41822,1.3629,0.1212,50090
68.83924,12.43134,1.36273,0.10523,50679
68.84923,12.4343,1.36255,0.10493,50707
68.85923,12.43821,1.36238,0.11472,50417
68.86923,12.43935,1.36221,0.11435,50534
68.87923,12.44855,1.36203,0.10828,50694
68.88923,12.46069,1.36186,0.10786,50736
68.89923,12.45805,1.36169,0.10558,50135
68.90922,12.46056,1.36151,0.10707,50503
68.91922,12.4719,1.36134,0.11434,50542
68.92922,12.48019,1.36117,0.10917,50544
68.93922,12.48759,1.36099,0.11953,50554
68.94922,12.48799,1.36082,0.10958,50681
68.95922,12.49271,1.36065,0.11762,50242
68.96921,12.50818,1.36048,0.11385,50633
68.97921,12.50801,1.3603,0.10318,50628
68.98921,12.51412,1.36013,0.11206,50680
68.99921,12.51725,1.35996,0.11624,50415
69.00921,12.52849,1.35979,0.11214,50840
69.01921,12.53141,1.35961,0.10688,50656
69.0292,12.53976,1.35944,0.10546,50671
69.0392,12.53067,1.35927,0.10583,50331
69.0492,12.55109,1.3591,0.11557,50482
69.0592,12.56347,1.35892,0.11259,50642
69.0692,12.55889,1.35875,0.11102,50917
69.0792,12.56499,1.35858,0.12061,50327
69.08919,12.58052,1.35841,0.10909,50741
69.09919,12.57807,1.35823,0.11737,50445
69.10919,12.58851,1.35806,0.10727,50848
69.11919,12.59274,1.35789,0.10759,50592
69.12919,12.59345,1.35772,0.11656,50586
69.13918,12.61135,1.35755,0.11409,50848
69.14918,12.61592,1.35737,0.10584,51066
69.15918,12.61067,1.3572,0.10829,50555
69.16918,12.61472,1.35703,0.1113,50081
69.17918,12.63158,1.35686,0.10686,50761
69.18918,12.63482,1.35669,0.12233,50946
69.19917,12.64282,1.35652,0.10971,50800
69.20917,12.64207,1.35634,0.11713,50444
69.21917,12.65613,1.35617,0.11891,50859
69.22917,12.66016,1.356,0.11311,50708
69.23917,12.65651,1.35583,0.10766,50849
69.24917,12.66753,1.35566,0.11063,50190
69.25916,12.68223,1.35549,0.10991,51022
69.26916,12.68345,1.35532,0.11541,51055
69.27916,12.69564,1.35514,0.10502,50959
69.28916,12.69081,1.35497,0.10875,50547
69.29916,12.69921,1.3548,0.11061,50303
69.30916,12.71836,1.35463,0.11468,51025
69.31915,12.71553,1.35446,0.10754,50919
69.32915,12.7262,1.35429,0.1225,50562
69.33915,12.73434,1.35412,0.11483,50706
69.34915,12.74492,1.35395,0.11416,51070
69.35915,12.75622,1.35378,0.11682,50746
69.36915,12.75604,1.35361,0.11558,50702
69.37914,12.76831,1.35344,0.10494,50395
69.38914,12.78104,1.35327,0.11315,51349
69.39914,12.79018,1.3531,0.117,50977
69.40914,12.80979,1.35292,0.1058,50905
69.41914,12.80224,1.35275,0.10564,50671
69.42914,12.80756,1.35258,0.11314,50679
69.43913,12.82687,1.35241,0.11255,50848
69.44913,12.83529,1.35224,0.11611,50834
69.45913,12.84577,1.35207,0.1129,50866
69.46913,12.84885,1.3519,0.12224,50912
69.47913,12.86462,1.35173,0.114,50933
69.48913,12.87079,1.35156,0.11384,51033
69.49912,12.88128,1.35139,0.12033,50546
69.50912,12.8805,1.35122,0.10337,50639
69.51912,12.89525,1.35105,0.11519,51317
69.52912,12.9128,1.35088,0.1151,51035
69.53912,12.91289,1.35071,0.10832,50960
69.54911,12.91655,1.35054,0.10663,50857
69.55911,12.91796,1.35037,0.11258,50725
69.56911,12.93513,1.3502,0.11208,50940
69.57911,12.93857,1.35003,0.11266,50861
69.58911,12.9429,1.34987,0.11673,51159
69.59911,12.95106,1.3497,0.1156,50699
69.6091,12.95744,1.34953,0.12006,51349
69.6191,12.9664,1.34936,0.1181,50876
69.6291,12.96767,1.34919,0.11197,50873
69.6391,12.97534,1.34902,0.11134,50890
69.6491,12.98388,1.34885,0.11271,51054
69.6591,12.9868,1.34868,0.11898,50832
69.66909,12.99253,1.34851,0.106,51458
69.67909,12.9936,1.34834,0.10919,50924
69.68909,12.98817,1.34817,0.10859,50541
69.69909,12.99771,1.348,0.11222,50814
69.70909,13.0085,1.34784,0.11876,51336
69.71909,13.00071,1.34767,0.11459,51240
69.72908,13.00236,1.3475,0.11558,50661
69.73908,13.01261,1.34733,0.12454,51095
69.74908,13.01714,1.34716,0.11072,51574
69.75908,13.01013,1.34699,0.12077,50863
69.76908,13.01424,1.34682,0.1105,50894
69.77908,13.00776,1.34665,0.10773,50837
69.78907,13.01761,1.34649,0.11417,51277
69.79907,13.00873,1.34632,0.11457,51422
69.80907,13.01133,1.34615,0.10452,50932
69.81907,13.00031,1.34598,0.11331,50319
69.82907,13.00452,1.34581,0.11514,51480
69.83907,13.003,1.34564,0.11626,51371
69.84906,12.9964,1.34548,0.11333,51233
69.85906,12.99156,1.34531,0.12102,50801
69.86906,12.98741,1.34514,0.11191,51116
69.87906,12.98256,1.34497,0.12505,51566
69.88906,12.98006,1.3448,0.11361,51041
69.89906,12.97271,1.34464,0.11479,51050
69.90905,12.96441,1.34447,0.10534,50872
69.91905,12.96298,1.3443,0.11808,51397
69.92905,12.95589,1.34413,0.10179,51395
69.93905,12.94376,1.34397,0.11171,50957
69.94905,12.93111,1.3438,0.1143,50850
69.95904,12.92898,1.34363,0.11125,51168
69.96904,12.93231,1.34346,0.11717,51238
69.97904,12.91598,1.34329,0.11575,51384
69.98904,12.91239,1.34313,0.11081,51052
69.99904,12.89971,1.34296,0.12582,51310
70.00904,12.90687,1.34279,0.1186,51481
70.01903,12.89293,1.34263,0.11199,51330
70.02903,12.88828,1.34246,0.12131,50814
70.03903,12.87798,1.34229,0.10332,51417
70.04903,12.8787,1.34212,0.11445,51259
70.05903,12.87277,1.34196,0.10421,51469
70.06903,12.86267,1.34179,0.10847,50752
70.07902,12.8618,1.34162,0.11345,51383
70.08902,12.85135,1.34146,0.11478,51050
70.09902,12.85886,1.34129,0.11377,51444
70.10902,12.85229,1.34112,0.11419,51229
70.11902,12.84787,1.34096,0.12069,51454
70.12902,12.84128,1.34079,0.11195,51483
70.13901,12.83756,1.34062,0.12675,51205
70.14901,12.836,1.34046,0.11264,51295
70.15901,12.83153,1.34029,0.11622,51184
70.16901,12.82934,1.34012,0.10873,51604
70.17901,12.81758,1.33996,0.1076,51143
70.18901,12.82463,1.33979,0.10502,51494
70.199,12.80773,1.33962,0.1078,50933
70.209,12.81453,1.33946,0.11352,51445
70.219,12.79805,1.33929,0.1145,51284
70.229,12.79536,1.33912,0.11347,51250
70.239,12.79893,1.33896,0.11666,51350
70.249,12.78481,1.33879,0.1157,51802
70.25899,12.78515,1.33863,0.11737,51421
70.26899,12.76727,1.33846,0.11848,51433
70.27899,12.77357,1.33829,0.1196,51206
70.28899,12.7624,1.33813,0.11229,51442
70.29899,12.758,1.33796,0.11141,51549
70.30899,12.75079,1.3378,0.10294,51377
70.31898,12.74416,1.33763,0.10836,51289
70.32898,12.74076,1.33747,0.10725,51179
70.33898,12.73239,1.3373,0.11397,51598
70.34898,12.72579,1.33713,0.11274,51352
70.35898,12.72346,1.33697,0.11286,51385
70.36897,12.71464,1.3368,0.11885,51366
70.37897,12.71648,1.33664,0.11805,51879
70.38897,12.71132,1.33647,0.11345,51522
70.39897,12.70179,1.33631,0.12033,51732
70.40897,12.70602,1.33614,0.11614,50935
70.41897,12.69692,1.33598,0.1166,51681
70.42896,12.69665,1.33581,0.10626,51621
70.43896,12.69358,1.33565,0.1043,51560
70.44896,12.68826,1.33548,0.10818,51025
70.45896,12.68088,1.33532,0.10708,51404
70.46896,12.69158,1.33515,0.11674,51721
70.47896,12.67722,1.33499,0.11358,51716
70.48895,12.68733,1.33482,0.11343,51337
70.49895,12.67749,1.33466,0.11771,51417
70.50895,12.67622,1.33449,0.1131,51724
70.51895,12.68359,1.33433,0.12124,51835
70.52895,12.66866,1.33416,0.11648,51697
70.53895,12.67407,1.334,0.11618,51580
70.54894,12.6679,1.33383,0.116,51166
70.55894,12.66625,1.33367,0.10472,51877
70.56894,12.6652,1.3335,0.1014,51833
70.57894,12.66647,1.33334,0.11058,50972
70.58894,12.65647,1.33318,0.1084,51649
70.59894,12.65998,1.33301,0.11692,51452
70.60893,12.6617,1.33285,0.11091,51730
70.61893,12.6567,1.33268,0.11587,51478
70.62893,12.65072,1.33252,0.11726,51987
70.63893,12.65849,1.33236,0.11832,51630
70.64893,12.64295,1.33219,0.118,51917
70.65893,12.6521,1.33203,0.11398,51648
70.66892,12.64875,1.33186,0.11609,51738
70.67892,12.6452,1.3317,0.11675,51562
70.68892,12.64156,1.33154,0.10594,51473
70.69892,12.6512,1.33137,0.10303,51872
70.70892,12.64481,1.33121,0.10664,51140
70.71891,12.64284,1.33104,0.11421,51913
70.72891,12.64636,1.33088,0.11186,51760
70.73891,12.64086,1.33072,0.11575,51405
70.74891,12.646,1.33055,0.114,51791
70.75891,12.6483,1.33039,0.11458,52054
70.76891,12.65605,1.33023,0.11586,51950
70.7789,12.65316,1.33006,0.12123,51857
70.7889,12.65191,1.3299,0.11252,51511
70.7989,12.66065,1.32974,0.12003,51925
70.8089,12.66667,1.32957,0.11671,51636
70.8189,12.66039,1.32941,0.09815,52005
70.8289,12.66306,1.32925,0.10758,51468
70.83889,12.66412,1.32908,0.11007,51218
70.84889,12.68006,1.32892,0.11038,51890
70.85889,12.67366,1.32876,0.11241,52087
70.86889,12.67947,1.3286,0.11544,51814
70.87889,12.69084,1.32843,0.12078,51655
70.88889,12.68789,1.32827,0.11549,51781
70.89888,12.69852,1.32811,0.11705,52238
70.90888,12.69474,1.32794,0.11729,52104
70.91888,12.7076,1.32778,0.1163,51875
70.92888,12.706,1.32762,0.11763,51337
70.93888,12.71201,1.32746,0.11455,51847
70.94888,12.71864,1.32729,0.09939,52172
70.95887,12.71696,1.32713,0.1065,51632
70.96887,12.72434,1.32697,0.10733,51529
70.97887,12.72798,1.32681,0.11612,51655
70.98887,12.73351,1.32664,0.11396,52266
70.99887,12.74276,1.32648,0.11593,52019
71.00887,12.74954,1.32632,0.11285,51980
71.01886,12.74755,1.32616,0.1213,51845
71.02886,12.75418,1.32599,0.11922,51886
71.03886,12.76098,1.32583,0.11714,52337
71.04886,12.7656,1.32567,0.11519,52094
71.05886,12.76993,1.32551,0.11484,51698
71.06886,12.76747,1.32535,0.11318,51807
71.07885,12.78173,1.32518,0.10085,51971
71.08885,12.7825,1.32502,0.10748,51740
71.09885,12.78659,1.32486,0.11205,51806
71.10885,12.79497,1.3247,0.11514,51936
71.11885,12.7988,1.32454,0.11283,51977
71.12884,12.80399,1.32438,0.1199,52104
71.13884,12.81566,1.32421,0.1188,52171
71.14884,12.81795,1.32405,0.11439,51874
71.15884,12.82451,1.32389,0.11585,52417
71.16884,12.8312,1.32373,0.11846,51998
71.17884,12.83789,1.32357,0.11378,52094
71.18883,12.84629,1.32341,0.12487,52093
71.19883,12.85363,1.32325,0.10753,51920
71.20883,12.86182,1.32308,0.10061,51839
71.21883,12.86562,1.32292,0.10937,51810
71.22883,12.88205,1.32276,0.10937,51954
71.23883,12.89069,1.3226,0.12221,51935
71.24882,12.90125,1.32244,0.11446,52346
71.25882,12.91123,1.32228,0.11791,52291
71.26882,12.9194,1.32212,0.11861,51939
71.27882,12.93613,1.32196,0.11417,52125
71.28882,12.94741,1.3218,0.12209,52283
71.29882,12.96249,1.32164,0.11599,52420
71.30881,12.97212,1.32148,0.11517,52309
71.31881,12.98694,1.32131,0.11868,51905
71.32881,13.00379,1.32115,0.10793,51667
71.33881,13.01506,1.32099,0.10206,52077
71.34881,13.03025,1.32083,0.11229,52296
71.35881,13.04713,1.32067,0.11282,52206
71.3688,13.05785,1.32051,0.12402,51732
71.3788,13.08001,1.32035,0.1103,52247
71.3888,13.09405,1.32019,0.12538,52455
71.3988,13.11089,1.32003,0.11495,52466
71.4088,13.13187,1.31987,0.12478,52235
71.4188,13.14791,1.31971,0.12142,51819
71.42879,13.17145,1.31955,0.11454,52582
71.43879,13.19021,1.31939,0.12172,52556
71.44879,13.20903,1.31923,0.10581,52128
71.45879,13.22222,1.31907,0.11163,51870
71.46879,13.23821,1.31891,0.10776,51786
71.47879,13.26638,1.31875,0.11136,52244
71.48878,13.28884,1.31859,0.12059,52339
71.49878,13.30519,1.31843,0.1141,52420
71.50878,13.32903,1.31827,0.12353,52203
71.51878,13.35312,1.31811,0.11714,52270
71.52878,13.37531,1.31795,0.1189,52377
71.53877,13.39896,1.31779,0.12437,52594
71.54877,13.42019,1.31763,0.1206,52475
71.55877,13.44559,1.31747,0.11924,52199
71.56877,13.46894,1.31731,0.12116,52456
71.57877,13.49314,1.31715,0.10564,52147
71.58877,13.50986,1.31699,0.11043,52136
71.59876,13.53646,1.31683,0.11093,52150
71.60876,13.55498,1.31668,0.11899,52108
71.61876,13.58724,1.31652,0.11352,52463
71.62876,13.60767,1.31636,0.12268,52375
71.63876,13.64114,1.3162,0.12289,52645
71.64876,13.66147,1.31604,0.1205,52237
71.65875,13.68753,1.31588,0.12331,52675
71.66875,13.71633,1.31572,0.11835,52508
71.67875,13.7354,1.31556,0.12555,52329
71.68875,13.77165,1.3154,0.11861,52666
71.69875,13.79565,1.31524,0.11739,52501
71.70875,13.82184,1.31509,0.11075,51955
71.71874,13.83785,1.31493,0.11013,52251
71.72874,13.87091,1.31477,0.11422,52135
71.73874,13.90536,1.31461,0.11977,52363
71.74874,13.93568,1.31445,0.1234,52671
71.75874,13.96237,1.31429,0.11826,52600
71.76874,13.99175,1.31413,0.12434,52742
71.77873,14.01576,1.31397,0.12393,52238
71.78873,14.05255,1.31382,0.12074,52460
71.79873,14.08288,1.31366,0.13299,52880
71.80873,14.11461,1.3135,0.11972,52837
71.81873,14.14365,1.31334,0.11564,52555
71.82873,14.16485,1.31318,0.11721,52091
71.83872,14.19973,1.31303,0.11538,51927
71.84872,14.23381,1.31287,0.11434,52553
71.85872,14.26575,1.31271,0.1151,52783
71.86872,14.29686,1.31255,0.12277,52538
71.87872,14.33111,1.31239,0.12332,52185
71.88872,14.35896,1.31223,0.12434,52639
71.89871,14.40262,1.31208,0.12486,53016
71.90871,14.42841,1.31192,0.12469,52782
71.91871,14.46387,1.31176,0.12597,52624
71.92871,14.49522,1.3116,0.12497,52345
71.93871,14.53252,1.31145,0.12058,52773
71.9487,14.57737,1.31129,0.11801,52990
71.9587,14.6008,1.31113,0.1187,52029
71.9687,14.6356,1.31097,0.11837,52439
71.9787,14.67981,1.31082,0.11202,52223
71.9887,14.71266,1.31066,0.12486,52712
71.9987,14.75788,1.3105,0.12773,52985
72.00869,14.80063,1.31034,0.12583,52692
72.01869,14.84433,1.31019,0.12823,52781
72.02869,14.88071,1.31003,0.12091,52539
72.03869,14.91437,1.30987,0.13739,52679
72.04869,14.9676,1.30971,0.12384,53017
72.05869,15.01512,1.30956,0.12866,52911
72.06868,15.05526,1.3094,0.11703,52740
72.07868,15.09536,1.30924,0.12069,52595
72.08868,15.13964,1.30909,0.12115,51991
72.09868,15.18801,1.30893,0.11957,52780
72.10868,15.23628,1.30877,0.11641,52798
72.11868,15.28993,1.30862,0.13672,52473
72.12867,15.3326,1.30846,0.11972,52993
72.13867,15.38621,1.3083,0.13551,52941
72.14867,15.42559,1.30815,0.12425,52803
72.15867,15.48952,1.30799,0.1327,52914
72.16867,15.53866,1.30783,0.13169,52754
72.17867,15.5931,1.30768,0.12598,53118
72.18866,15.64389,1.30752,0.12474,52997
72.19866,15.68987,1.30736,0.12085,52578
72.20866,15.7456,1.30721,0.12803,52317
72.21866,15.80989,1.30705,0.12507,52514
72.22866,15.85891,1.30689,0.11673,52937
72.23866,15.9183,1.30674,0.12943,53001
72.24865,15.9686,1.30658,0.1345,52781
72.25865,16.03315,1.30642,0.12925,52749
72.26865,16.09237,1.30627,0.13319,52834
72.27865,16.15436,1.30611,0.12942,53280
72.28865,16.20724,1.30596,0.134,53212
72.29865,16.27502,1.3058,0.13651,52908
72.30864,16.32569,1.30564,0.12843,52577
72.31864,16.39056,1.30549,0.11884,53052
72.32864,16.44239,1.30533,0.13028,52916
72.33864,16.51903,1.30518,0.1275,52573
72.34864,16.5763,1.30502,0.12435,52711
72.35863,16.63482,1.30487,0.12986,52613
72.36863,16.69846,1.30471,0.13133,52965
72.37863,16.76786,1.30455,0.13037,53394
72.38863,16.83068,1.3044,0.14002,53129
72.39863,16.88919,1.30424,0.13019,53036
72.40863,16.96151,1.30409,0.14071,52822
72.41862,17.00465,1.30393,0.13058,52997
72.42862,17.07524,1.30378,0.14376,53342
72.43862,17.1427,1.30362,0.11986,53261
72.44862,17.19939,1.30347,0.12888,52763
72.45862,17.25077,1.30331,0.13559,52542
72.46862,17.33095,1.30316,0.13146,52650
72.47861,17.38503,1.303,0.12713,53111
72.48861,17.45568,1.30285,0.13556,53244
72.49861,17.52362,1.30269,0.13423,53160
72.50861,17.58036,1.30254,0.13533,52847
72.51861,17.64514,1.30238,0.13989,53203
72.52861,17.70092,1.30223,0.13421,53221
72.5386,17.77636,1.30207,0.14472,53269
72.5486,17.83174,1.30192,0.13692,53266
72.5586,17.91095,1.30176,0.12873,53036
72.5686,17.96265,1.30161,0.13115,53023
72.5786,18.02738,1.30145,0.13052,52864
72.5886,18.09996,1.3013,0.14299,52884
72.59859,18.17278,1.30114,0.13026,52991
72.60859,18.24787,1.30099,0.13628,53046
72.61859,18.31217,1.30083,0.13689,53315
72.62859,18.38387,1.30068,0.14053,53364
72.63859,18.44335,1.30053,0.14152,52986
72.64859,18.52614,1.30037,0.13931,53376
72.65858,18.60385,1.30022,0.14585,53195
72.66858,18.66445,1.30006,0.1404,53413
72.67858,18.74034,1.29991,0.13603,53488
72.68858,18.8091,1.29975,0.13281,53070
72.69858,18.87117,1.2996,0.13987,52922
72.70857,18.95854,1.29945,0.13458,52963
72.71857,19.03486,1.29929,0.15014,52913
72.72857,19.10822,1.29914,0.1301,53476
72.73857,19.18181,1.29898,0.13699,53395
72.74857,19.25141,1.29883,0.14478,53017
72.75857,19.33384,1.29868,0.14453,53097
72.76856,19.40655,1.29852,0.14547,53611
72.77856,19.47031,1.29837,0.14743,53579
72.78856,19.55939,1.29822,0.14228,53616
72.79856,19.61506,1.29806,0.13983,53313
72.80856,19.69672,1.29791,0.1352,52782
72.81856,19.76057,1.29775,0.13694,53233
72.82855,19.83497,1.2976,0.15103,53511
72.83855,19.90982,1.29745,0.14025,53094
72.84855,19.98984,1.29729,0.13919,53257
72.85855,20.05729,1.29714,0.13838,52961
72.86855,20.11656,1.29699,0.15216,53363
72.87855,20.2005,1.29683,0.1434,53782
72.88854,20.26839,1.29668,0.1509,53558
72.89854,20.33513,1.29653,0.14856,53652
72.90854,20.40728,1.29637,0.14668,53250
72.91854,20.47,1.29622,0.15124,53217
72.92854,20.54088,1.29607,0.13243,53719
72.93854,20.60509,1.29592,0.14195,53210
72.94853,20.68094,1.29576,0.14569,53464
72.95853,20.73853,1.29561,0.14809,53129
72.96853,20.81269,1.29546,0.15277,53089
72.97853,20.87666,1.2953,0.13306,53211
72.98853,20.95257,1.29515,0.15048,53926
72.99853,21.01882,1.295,0.15325,53683
73.00852,21.09287,1.29485,0.14791,53464
73.01852,21.14809,1.29469,0.15407,53561
73.02852,21.21734,1.29454,0.15235,53603
73.03852,21.27939,1.29439,0.15609,53421
73.04852,21.35466,1.29424,0.13156,53783
73.05852,21.41047,1.29408,0.1534,53259
73.06851,21.47489,1.29393,0.14287,53243
73.07851,21.54801,1.29378,0.15424,53766
73.08851,21.60854,1.29363,0.15212,53203
73.09851,21.66499,1.29347,0.14252,53373
73.10851,21.73248,1.29332,0.1494,53671
73.1185,21.80414,1.29317,0.14702,53471
73.1285,21.85425,1.29302,0.15735,53841
73.1385,21.9223,1.29286,0.15336,53743
73.1485,21.96773,1.29271,0.15521,53821
73.1585,22.0281,1.29256,0.15501,53476
73.1685,22.09213,1.29241,0.13443,53516
73.17849,22.12742,1.29226,0.15003,53545
73.18849,22.19509,1.29211,0.15043,53758
73.19849,22.25527,1.29195,0.15507,53702
73.20849,22.29632,1.2918,0.15709,53298
73.21849,22.35473,1.29165,0.1563,53143
73.22849,22.40768,1.2915,0.14055,53908
73.23848,22.45348,1.29135,0.15512,53900
73.24848,22.49643,1.29119,0.15404,53976
73.25848,22.54093,1.29104,0.15377,53704
73.26848,22.58347,1.29089,0.15941,53725
73.27848,22.62614,1.29074,0.15628,53460
73.28848,22.68064,1.29059,0.14163,54001
73.29847,22.70531,1.29044,0.14918,53656
73.30847,22.7511,1.29029,0.15026,53767
73.31847,22.78484,1.29014,0.15801,53466
73.32847,22.82293,1.28998,0.15721,53603
73.33847,22.85203,1.28983,0.15492,53390
73.34847,22.88161,1.28968,0.14866,54028
73.35846,22.91654,1.28953,0.14902,53995
73.36846,22.95059,1.28938,0.15715,53904
73.37846,22.96681,1.28923,0.15676,53625
73.38846,22.98928,1.28908,0.16137,53788
73.39846,23.01836,1.28893,0.15829,53968
73.40846,23.04705,1.28878,0.14053,54096
73.41845,23.04981,1.28862,0.15264,53694
73.42845,23.0798,1.28847,0.14908,53609
73.43845,23.09265,1.28832,0.16337,53741
73.44845,23.11329,1.28817,0.15284,53871
73.45845,23.12183,1.28802,0.16687,53586
73.46845,23.14265,1.28787,0.14704,54090
73.47844,23.15329,1.28772,0.15379,53908
73.48844,23.162,1.28757,0.15422,53758
73.49844,23.18107,1.28742,0.15817,54144
73.50844,23.17663,1.28727,0.16185,53966
73.51844,23.19438,1.28712,0.1568,53947
73.52843,23.20793,1.28697,0.14507,54201
73.53843,23.20376,1.28682,0.14754,53482
73.54843,23.21902,1.28667,0.15823,53960
73.55843,23.22617,1.28652,0.15353,54019
73.56843,23.23395,1.28637,0.16435,54059
73.57843,23.23555,1.28622,0.15925,53626
73.58842,23.2468,1.28607,0.15142,53788
73.59842,23.26409,1.28592,0.14901,54041
73.60842,23.25871,1.28577,0.15373,54276
73.61842,23.26481,1.28562,0.16007,54178
73.62842,23.27221,1.28547,0.16147,54105
73.63842,23.26459,1.28532,0.16125,53915
73.64841,23.2898,1.28517,0.14134,53852
73.65841,23.27519,1.28502,0.14937,54009
73.66841,23.28983,1.28487,0.15529,54000
73.67841,23.29145,1.28472,0.16156,54251
73.68841,23.3018,1.28457,0.15614,54143
73.69841,23.29007,1.28442,0.16174,53723
73.7084,23.30278,1.28427,0.16306,53629
73.7184,23.31599,1.28412,0.1438,54492
73.7284,23.30684,1.28397,0.15447,54307
73.7384,23.31702,1.28382,0.15861,54323
73.7484,23.3142,1.28367,0.16178,54165
73.7584,23.32154,1.28352,0.15188,53851
73.76839,23.31057,1.28337,0.15294,54173
73.77839,23.31971,1.28323,0.14644,53967
73.78839,23.32252,1.28308,0.16062,54140
73.79839,23.32702,1.28293,0.15092,54342
73.80839,23.32233,1.28278,0.16247,54336
73.81839,23.32431,1.28263,0.16289,53844
73.82838,23.31642,1.28248,0.16069,53822
73.83838,23.32871,1.28233,0.14545,54471
73.84838,23.32537,1.28218,0.15317,54420
73.85838,23.32957,1.28203,0.15977,54464
73.86838,23.32888,1.28188,0.16455,54018
73.87838,23.31948,1.28174,0.1457,54377
73.88837,23.32433,1.28159,0.15553,54183
73.89837,23.31772,1.28144,0.14693,53981
73.90837,23.32484,1.28129,0.15897,54328
73.91837,23.3224,1.28114,0.15762,54279
73.92837,23.32208,1.28099,0.16347,54216
73.93836,23.32742,1.28084,0.15796,54434
73.94836,23.3285,1.2807,0.16008,54191
73.95836,23.32028,1.28055,0.14622,54163
73.96836,23.33563,1.2804,0.15821,54515
73.97836,23.33814,1.28025,0.16071,54307
73.98836,23.33988,1.2801,0.15893,54453
73.99835,23.33553,1.27995,0.14802,54629
74.00835,23.34968,1.27981,0.14887,54318
74.01835,23.34812,1.27966,0.15873,54046
74.02835,23.34813,1.27951,0.15622,54000
74.03835,23.36726,1.27936,0.1581,54366
74.04835,23.37552,1.27921,0.16238,54622
74.05834,23.38635,1.27907,0.15317,54599
74.06834,23.38387,1.27892,0.16334,54391
74.07834,23.40786,1.27877,0.15033,54426
74.08834,23.4068,1.27862,0.1556,54095
74.09834,23.43956,1.27847,0.1567,54355
74.10834,23.4415,1.27833,0.16576,54732
74.11833,23.46182,1.27818,0.14337,54947
74.12833,23.45988,1.27803,0.15659,54365
74.13833,23.49111,1.27788,0.15322,54227
74.14833,23.49529,1.27774,0.1528,54172
74.15833,23.5107,1.27759,0.16193,54307
74.16833,23.54256,1.27744,0.16787,54857
74.17832,23.55695,1.27729,0.15605,54811
74.18832,23.58702,1.27715,0.16842,54206
74.19832,23.60062,1.277,0.15035,54639
74.20832,23.62142,1.27685,0.15896,54375
74.21832,23.64273,1.2767,0.15701,54528
74.22832,23.66338,1.27656,0.16419,54688
74.23831,23.70036,1.27641,0.14327,54845
74.24831,23.71066,1.27626,0.15408,54452
74.25831,23.73871,1.27612,0.15084,54533
74.26831,23.76858,1.27597,0.16013,54207
74.27831,23.79911,1.27582,0.16333,54734
74.28831,23.82177,1.27567,0.16136,54512
74.2983,23.85903,1.27553,0.16274,54889
74.3083,23.89512,1.27538,0.16125,54518
74.3183,23.9187,1.27523,0.15773,54794
74.3283,23.95162,1.27509,0.15467,54461
74.3383,23.98633,1.27494,0.16138,54712
74.34829,24.01626,1.27479,0.15578,55034
74.35829,24.04617,1.27465,0.15172,54546
74.36829,24.07524,1.2745,0.152,54428
74.37829,24.11852,1.27435,0.16822,54635
74.38829,24.14883,1.27421,0.15423,54557
74.39829,24.1923,1.27406,0.16303,55053
74.40828,24.22496,1.27391,0.16688,54851
74.41828,24.27129,1.27377,0.1614,54843
74.42828,24.30062,1.27362,0.16314,54426
74.43828,24.34422,1.27348,0.15604,54650
74.44828,24.38605,1.27333,0.1634,54711
74.45828,24.41783,1.27318,0.15829,54893
74.46827,24.46676,1.27304,0.15293,55256
74.47827,24.50501,1.27289,0.15248,54729
74.48827,24.52263,1.27274,0.15833,54501
74.49827,24.56931,1.2726,0.15979,54378
74.50827,24.62041,1.27245,0.16396,54812
74.51827,24.6676,1.27231,0.16487,55153
74.52826,24.70627,1.27216,0.16811,55004
74.53826,24.74155,1.27201,0.16171,55119
74.54826,24.77921,1.27187,0.17332,54759
74.55826,24.82402,1.27172,0.15598,54481
74.56826,24.8579,1.27158,0.16341,54599
74.57826,24.90788,1.27143,0.15817,55247
74.58825,24.94683,1.27129,0.15072,55183
74.59825,24.97885,1.27114,0.16057,54742
74.60825,25.00399,1.27099,0.15691,54887
74.61825,25.05363,1.27085,0.16815,54726
74.62825,25.09263,1.2707,0.16204,54755
74.63825,25.12175,1.27056,0.16581,54936
74.64824,25.17248,1.27041,0.16397,55297
74.65824,25.2038,1.27027,0.16841,55278
74.66824,25.24412,1.27012,0.16989,54881
74.67824,25.2738,1.26998,0.1623,54925
74.68824,25.31232,1.26983,0.15367,54700
74.69823,25.34943,1.26969,0.16378,55102
74.70823,25.37107,1.26954,0.15354,55062
74.71823,25.38995,1.2694,0.15823,54819
74.72823,25.43139,1.26925,0.15753,55033
74.73823,25.46935,1.26911,0.16778,55046
74.74823,25.50414,1.26896,0.16978,54987
74.75822,25.52777,1.26882,0.16377,55226
74.76822,25.55502,1.26867,0.17548,55257
74.77822,25.58698,1.26853,0.16667,55088
74.78822,25.6085,1.26838,0.16889,55030
74.79822,25.64224,1.26824,0.16698,55031
74.80822,25.66219,1.26809,0.15385,55021
74.81821,25.69054,1.26795,0.15484,55421
74.82821,25.70552,1.2678,0.15794,55050
74.83821,25.71812,1.26766,0.16086,55013
74.84821,25.75124,1.26751,0.16318,55071
74.85821,25.77573,1.26737,0.17038,55005
74.86821,25.79962,1.26723,0.16892,55015
74.8782,25.81176,1.26708,0.17067,55447
74.8882,25.83139,1.26694,0.16424,55506
74.8982,25.8458,1.26679,0.17763,55451
74.9082,25.86561,1.26665,0.16282,55059
74.9182,25.87639,1.2665,0.16676,55045
74.9282,25.88566,1.26636,0.15975,54924
74.93819,25.91703,1.26622,0.15194,55335
74.94819,25.89332,1.26607,0.16096,55028
74.95819,25.91187,1.26593,0.16232,55414
74.96819,25.91207,1.26578,0.16953,55296
74.97819,25.93395,1.26564,0.16269,55484
74.98819,25.92951,1.26549,0.17547,55157
74.99818,25.94025,1.26535,0.16556,54951
75.00818,25.93638,1.26521,0.17021,55507
75.01818,25.94353,1.26506,0.16891,55707
75.02818,25.94366,1.26492,0.17714,55318
75.03818,25.93751,1.26478,0.15538,55413
75.04818,25.92518,1.26463,0.15678,55428
75.05817,25.91479,1.26449,0.15055,54802
75.06817,25.89942,1.26434,0.16431,55249
75.07817,25.8968,1.2642,0.1643,55258
75.08817,25.88711,1.26406,0.16822,55514
75.09817,25.87675,1.26391,0.16838,55697
75.10816,25.86485,1.26377,0.17126,55456
75.11816,25.85479,1.26363,0.17183,55375
75.12816,25.82579,1.26348,0.16874,55503
75.13816,25.80664,1.26334,0.16967,55767
75.14816,25.78743,1.2632,0.1692,54951
75.15816,25.76444,1.26305,0.1578,55599
75.16815,25.74318,1.26291,0.15006,55614
75.17815,25.71823,1.26277,0.15769,55132
75.18815,25.68966,1.26262,0.16265,55161
75.19815,25.66215,1.26248,0.16754,55740
75.20815,25.63306,1.26234,0.17175,55614
75.21815,25.60276,1.2622,0.16148,55561
75.22814,25.57166,1.26205,0.17449,55358
75.23814,25.55308,1.26191,0.16249,55798
75.24814,25.51963,1.26177,0.17467,55439
75.25814,25.48335,1.26162,0.16586,55783
75.26814,25.46155,1.26148,0.17548,55510
75.27814,25.42042,1.26134,0.14325,55686
75.28813,25.38416,1.2612,0.15527,55518
75.29813,25.33901,1.26105,0.15932,55368
75.30813,25.31146,1.26091,0.16362,55223
75.31813,25.28741,1.26077,0.16719,55525
75.32813,25.25316,1.26063,0.16028,55879
75.33813,25.21281,1.26048,0.17307,55918
75.34812,25.17871,1.26034,0.16592,55797
75.35812,25.14293,1.2602,0.16465,55927
75.36812,25.10245,1.26006,0.1714,55666
75.37812,25.05539,1.25991,0.16944,55504
75.38812,25.01793,1.25977,0.16966,55117
75.39812,24.98672,1.25963,0.13875,56085
75.40811,24.93439,1.25949,0.1544,55478
75.41811,24.89635,1.25934,0.16332,55768
75.42811,24.8668,1.2592,0.16086,55834
75.43811,24.81367,1.25906,0.16859,55817
75.44811,24.76438,1.25892,0.16439,55482
75.45811,24.7317,1.25878,0.1647,55881
75.4681,24.67272,1.25863,0.16833,55671
75.4781,24.63611,1.25849,0.16238,56032
75.4881,24.58347,1.25835,0.1648,56059
75.4981,24.54016,1.25821,0.16899,55749
75.5081,24.48671,1.25807,0.14981,55858
75.51809,24.43453,1.25793,0.14519,55326
75.52809,24.38109,1.25778,0.15734,55756
75.53809,24.33013,1.25764,0.15935,55793
75.54809,24.2721,1.2575,0.16754,55755
75.55809,24.22682,1.25736,0.15972,56075
75.56809,24.16915,1.25722,0.17105,56120
75.57808,24.10713,1.25708,0.15932,55777
75.58808,24.05543,1.25693,0.16234,56059
75.59808,23.99888,1.25679,0.16864,56014
75.60808,23.93071,1.25665,0.16254,56084
75.61808,23.87505,1.25651,0.15664,55840
75.62808,23.80092,1.25637,0.1405,55816
75.63807,23.7366,1.25623,0.15215,55513
75.64807,23.68242,1.25609,0.15702,55669
75.65807,23.62328,1.25595,0.15957,56024
75.66807,23.55605,1.2558,0.16125,56145
75.67807,23.48873,1.25566,0.16162,56256
75.68807,23.42067,1.25552,0.16186,56137
75.69806,23.35346,1.25538,0.16135,56225
75.70806,23.28289,1.25524,0.16677,55939
75.71806,23.21822,1.2551,0.15797,55621
75.72806,23.15792,1.25496,0.16753,56325
75.73806,23.08363,1.25482,0.1465,56029
75.74806,23.00157,1.25468,0.13525,55955
75.75805,22.95107,1.25454,0.15847,55933
75.76805,22.87341,1.2544,0.15546,56112
75.77805,22.81006,1.25426,0.15911,56180
75.78805,22.73989,1.25411,0.16151,55691
75.79805,22.67604,1.25397,0.15705,56071
75.80805,22.61398,1.25383,0.15429,56297
75.81804,22.54642,1.25369,0.16358,56478
75.82804,22.4867,1.25355,0.15713,56356
75.83804,22.41243,1.25341,0.16533,56460
75.84804,22.33632,1.25327,0.14304,56113
75.85804,22.27399,1.25313,0.15129,55528
75.86804,22.20743,1.25299,0.13974,56130
75.87803,22.14166,1.25285,0.15195,55944
75.88803,22.07781,1.25271,0.15905,56138
75.89803,22.02434,1.25257,0.15369,56515
75.90803,21.95523,1.25243,0.15134,56478
75.91803,21.8855,1.25229,0.15605,56385
75.92802,21.81988,1.25215,0.15594,55926
75.93802,21.75515,1.25201,0.16035,56594
75.94802,21.68483,1.25187,0.15608,56390
75.95802,21.62125,1.25173,0.15073,56481
75.96802,21.54802,1.25159,0.14139,55951
75.97802,21.47173,1.25145,0.13994,55803
75.98801,21.41599,1.25131,0.14824,56331
75.99801,21.35033,1.25117,0.15445,56177
76.00801,21.28528,1.25103,0.15245,56472
76.01801,21.21556,1.25089,0.15062,56415
76.02801,21.14819,1.25075,0.15456,56580
76.03801,21.07544,1.25061,0.15695,56555
76.048,21.00557,1.25047,0.15373,56565
76.058,20.94066,1.25033,0.15191,56210
76.068,20.86799,1.25019,0.16024,56461
76.078,20.81095,1.25005,0.13557,56465
76.088,20.74178,1.24992,0.14884,55798
76.098,20.66922,1.24978,0.13436,56522
76.10799,20.60632,1.24964,0.14821,56505
76.11799,20.55228,1.2495,0.15593,56587
76.12799,20.47109,1.24936,0.14227,56651
76.13799,20.41884,1.24922,0.15704,56429
76.14799,20.34555,1.24908,0.1495,56035
76.15799,20.2892,1.24894,0.14774,56673
76.16798,20.22905,1.2488,0.15095,56758
76.17798,20.16401,1.24866,0.15633,56835
76.18798,20.10253,1.24852,0.13683,56836
76.19798,20.0388,1.24838,0.14182,56021
76.20798,19.97035,1.24825,0.1376,56322
76.21798,19.91074,1.24811,0.14624,56107
76.22797,19.85397,1.24797,0.14144,56662
76.23797,19.79484,1.24783,0.15155,56658
76.24797,19.72717,1.24769,0.14716,56521
76.25797,19.67841,1.24755,0.14559,56871
76.26797,19.60545,1.24741,0.14929,56841
76.27797,19.55133,1.24727,0.15084,56868
76.28796,19.48214,1.24714,0.14998,56718
76.29796,19.42461,1.247,0.13556,56634
76.30796,19.35843,1.24686,0.13903,56491
76.31796,19.29939,1.24672,0.14357,56265
76.32796,19.23512,1.24658,0.13734,56516
76.33795,19.1718,1.24644,0.14183,56625
76.34795,19.11592,1.24631,0.14161,56817
76.35795,19.04361,1.24617,0.1526,56946
76.36795,18.98957,1.24603,0.13995,56718
76.37795,18.92397,1.24589,0.14686,56673
76.38795,18.86372,1.24575,0.14583,56962
76.39794,18.80274,1.24561,0.14882,56997
76.40794,18.74129,1.24548,0.13212,56983
76.41794,18.67907,1.24534,0.13852,56827
76.42794,18.61818,1.2452,0.14218,56074
76.43794,18.55374,1.24506,0.13469,56433
76.44794,18.49464,1.24492,0.13741,56508
76.45793,18.43921,1.24479,0.14527,57170
76.46793,18.38488,1.24465,0.13924,57018
76.47793,18.32285,1.24451,0.14558,57106
76.48793,18.26985,1.24437,0.14622,56959
76.49793,18.21446,1.24424,0.13864,57122
76.50793,18.16373,1.2441,0.14412,57045
76.51792,18.10405,1.24396,0.1357,56784
76.52792,18.04615,1.24382,0.1357,56641
76.53792,17.99166,1.24368,0.13424,56568
76.54792,17.93503,1.24355,0.14,56677
76.55792,17.88568,1.24341,0.13556,57053
76.56792,17.84273,1.24327,0.13265,57138
76.57791,17.79018,1.24314,0.13982,57020
76.58791,17.74151,1.243,0.14095,57211
76.59791,17.68469,1.24286,0.13782,56930
76.60791,17.64057,1.24272,0.14695,56882
76.61791,17.59292,1.24259,0.13553,57154
76.62791,17.53931,1.24245,0.14118,56988
76.6379,17.48991,1.24231,0.12836,57248
76.6479,17.43669,1.24217,0.13588,56704
76.6579,17.39517,1.24204,0.13761,56832
76.6679,17.34413,1.2419,0.13232,57191
76.6779,17.2963,1.24176,0.13447,56888
76.68789,17.25493,1.24163,0.13543,56914
76.69789,17.20339,1.24149,0.13989,57380
76.70789,17.15446,1.24135,0.13685,57241
76.71789,17.10925,1.24122,0.13956,57182
76.72789,17.06324,1.24108,0.14185,57204
76.73789,17.02025,1.24094,0.14195,57071
76.74788,16.97109,1.24081,0.12141,57417
76.75788,16.92233,1.24067,0.13421,56805
76.76788,16.87517,1.24053,0.13273,56957
76.77788,16.8309,1.2404,0.14047,56850
76.78788,16.78843,1.24026,0.128,57407
76.79788,16.74391,1.24012,0.13046,57380
76.80787,16.69557,1.23999,0.1412,57360
76.81787,16.65601,1.23985,0.13475,57297
76.82787,16.62029,1.23971,0.13356,57362
76.83787,16.57707,1.23958,0.14305,57045
76.84787,16.5329,1.23944,0.13509,57126
76.85787,16.49991,1.2393,0.12398,57590
76.86786,16.44813,1.23917,0.13025,57040
76.87786,16.41893,1.23903,0.13439,57246
76.88786,16.37722,1.23889,0.13463,57165
76.89786,16.34596,1.23876,0.12747,57468
76.90786,16.3055,1.23862,0.13403,57473
76.91786,16.2699,1.23849,0.13112,57303
76.92785,16.2372,1.23835,0.13593,57121
76.93785,16.20907,1.23821,0.13835,57437
76.94785,16.16939,1.23808,0.13492,57200
76.95785,16.14472,1.23794,0.13674,57728
76.96785,16.10803,1.23781,0.11816,57657
76.97785,16.07884,1.23767,0.12952,57175
76.98784,16.04816,1.23754,0.13375,57476
76.99784,16.01991,1.2374,0.13425,57255
77.00784,15.98463,1.23726,0.13085,57224
77.01784,15.95423,1.23713,0.12582,57414
77.02784,15.9314,1.23699,0.13307,57679
77.03784,15.89734,1.23686,0.13144,57565
77.04783,15.86827,1.23672,0.13533,57514
77.05783,15.84151,1.23659,0.13524,57379
77.06783,15.80921,1.23645,0.13279,57701
77.07783,15.77961,1.23631,0.11956,57844
77.08783,15.74738,1.23618,0.1252,57221
77.09782,15.72071,1.23604,0.13397,57212
77.10782,15.68542,1.23591,0.13274,57669
77.11782,15.65621,1.23577,0.13339,57437
77.12782,15.63231,1.23564,0.12476,57613
77.13782,15.60499,1.2355,0.13,57715
77.14782,15.56909,1.23537,0.13066,57883
77.15781,15.54189,1.23523,0.13258,57584
77.16781,15.51583,1.2351,0.13893,57658
77.17781,15.48653,1.23496,0.13419,57387
77.18781,15.46724,1.23483,0.11216,57693
77.19781,15.42019,1.23469,0.12805,57448
77.20781,15.40052,1.23456,0.13207,57727
77.2178,15.3732,1.23442,0.13293,57839
77.2278,15.34882,1.23429,0.13521,57639
77.2378,15.3273,1.23415,0.12008,57714
77.2478,15.30181,1.23402,0.12735,57875
77.2578,15.27625,1.23388,0.13456,57859
77.2678,15.25091,1.23375,0.12986,57673
77.27779,15.22934,1.23361,0.13454,57529
77.28779,15.20517,1.23348,0.13056,57893
77.29779,15.18414,1.23334,0.11386,57860
77.30779,15.15504,1.23321,0.12807,57525
77.31779,15.13503,1.23308,0.12964,57850
77.32779,15.11582,1.23294,0.12979,57979
77.33778,15.09262,1.23281,0.13645,57681
77.34778,15.07478,1.23267,0.12216,57916
77.35778,15.05439,1.23254,0.129,57752
77.36778,15.02945,1.2324,0.12613,57942
77.37778,15.00858,1.23227,0.1287,57980
77.38778,14.99671,1.23214,0.1355,57915
77.39777,14.969,1.232,0.12331,58090
77.40777,14.94928,1.23187,0.12004,57836
77.41777,14.92174,1.23173,0.12306,57548
77.42777,14.91074,1.2316,0.13041,57905
77.43777,14.89613,1.23146,0.12879,58022
77.44777,14.86891,1.23133,0.13354,57915
77.45776,14.85469,1.2312,0.13062,57670
77.46776,14.83496,1.23106,0.11843,58239
77.47776,14.81885,1.23093,0.1323,58212
77.48776,14.8046,1.2308,0.12802,58145
77.49776,14.78988,1.23066,0.12977,58067
77.50775,14.76816,1.23053,0.12165,58220
77.51775,14.74368,1.23039,0.12096,57968
77.52775,14.72933,1.23026,0.12304,57789
77.53775,14.70441,1.23013,0.12987,57815
77.54775,14.69921,1.22999,0.12975,57776
77.55775,14.68109,1.22986,0.12788,58274
77.56774,14.67068,1.22973,0.13147,57944
77.57774,14.65222,1.22959,0.11688,58344
77.58774,14.63549,1.22946,0.13268,58307
77.59774,14.62229,1.22933,0.12846,58273
77.60774,14.60771,1.22919,0.12841,58362
77.61774,14.59141,1.22906,0.11676,58327
77.62773,14.57864,1.22893,0.11967,57937
77.63773,14.56116,1.22879,0.12635,57915
77.64773,14.5405,1.22866,0.12758,57893
77.65773,14.53688,1.22853,0.12595,58402
77.66773,14.52272,1.22839,0.13355,58140
77.67773,14.50941,1.22826,0.12788,57906
77.68772,14.49253,1.22813,0.12039,58522
77.69772,14.48075,1.22799,0.13128,58423
77.70772,14.46618,1.22786,0.12948,58428
77.71772,14.45899,1.22773,0.12539,58359
77.72772,14.43848,1.22759,0.11474,58557
77.73772,14.42566,1.22746,0.12236,57708
77.74771,14.40943,1.22733,0.12079,58313
77.75771,14.39409,1.2272,0.12655,58409
77.76771,14.39173,1.22706,0.13353,58389
77.77771,14.3777,1.22693,0.12475,58585
77.78771,14.3634,1.2268,0.13087,58170
77.79771,14.34534,1.22666,0.1226,58385
77.8077,14.33331,1.22653,0.12307,58345
77.8177,14.32291,1.2264,0.12597,58399
77.8277,14.31024,1.22627,0.13353,58518
77.8377,14.29431,1.22613,0.11339,58277
77.8477,14.284,1.226,0.1178,58178
77.8577,14.27265,1.22587,0.12574,58518
77.86769,14.25965,1.22574,0.12708,58633
77.87769,14.25725,1.2256,0.1293,58555
77.88769,14.24323,1.22547,0.13063,58708
77.89769,14.23343,1.22534,0.12593,58454
77.90769,14.22453,1.22521,0.12135,58448
77.91768,14.2116,1.22508,0.12542,58663
77.92768,14.20085,1.22494,0.12617,58601
77.93768,14.19476,1.22481,0.122,58344
77.94768,14.17993,1.22468,0.11603,58473
77.95768,14.16626,1.22455,0.12039,58038
77.96768,14.16723,1.22442,0.12658,58687
77.97767,14.15686,1.22428,0.12777,58727
77.98767,14.15212,1.22415,0.12623,58744
77.99767,14.14245,1.22402,0.12762,58897
78.00767,14.13557,1.22389,0.12935,58527
78.01767,14.12845,1.22376,0.12201,58734
78.02767,14.12491,1.22362,0.12469,58808
78.03766,14.11605,1.22349,0.12505,58763
78.04766,14.11392,1.22336,0.11499,58503
78.05766,14.10434,1.22323,0.12033,58557
78.06766,14.09426,1.2231,0.12254,58559
78.07766,14.09004,1.22297,0.12615,58665
78.08766,14.08863,1.22283,0.12567,58827
78.09765,14.08503,1.2227,0.1272,58846
78.10765,14.07709,1.22257,0.12844,58668
78.11765,14.07267,1.22244,0.1293,58617
78.12765,14.06927,1.22231,0.12248,58973
78.13765,14.06879,1.22218,0.12454,58897
78.14765,14.06426,1.22205,0.13004,58734
78.15764,14.0624,1.22191,0.11125,58895
78.16764,14.04537,1.22178,0.11735,58568
78.17764,14.04584,1.22165,0.12437,58744
78.18764,14.04247,1.22152,0.12549,58952
78.19764,14.03895,1.22139,0.12772,59119
78.20764,14.03922,1.22126,0.12638,58966
78.21763,14.03277,1.22113,0.1265,59119
78.22763,14.03069,1.221,0.13059,58778
78.23763,14.02374,1.22086,0.12063,58828
78.24763,14.02067,1.22073,0.12982,59066
78.25763,14.01956,1.2206,0.12071,58838
78.26762,14.01491,1.22047,0.11323,58753
78.27762,14.00395,1.22034,0.1196,58435
78.28762,14.00145,1.22021,0.12364,58992
78.29762,14.00016,1.22008,0.1256,59235
78.30762,13.99825,1.21995,0.12656,59139
78.31762,13.99302,1.21982,0.12708,59213
78.32761,13.99238,1.21969,0.13106,59267
78.33761,13.98735,1.21956,0.12853,59026
78.34761,13.97898,1.21943,0.12125,59067
78.35761,13.98249,1.2193,0.12409,59182
78.36761,13.98316,1.21917,0.11763,59172
78.37761,13.97154,1.21903,0.11376,58630
78.3876,13.96981,1.2189,0.12174,58999
78.3976,13.96368,1.21877,0.12454,59089
78.4076,13.9563,1.21864,0.12695,59238
78.4176,13.96221,1.21851,0.12421,59306
78.4276,13.96355,1.21838,0.12872,59236
78.4376,13.96012,1.21825,0.12833,59212
78.44759,13.96234,1.21812,0.13155,58958
78.45759,13.96421,1.21799,0.12225,59276
78.46759,13.96136,1.21786,0.12661,59348
78.47759,13.96317,1.21773,0.1109,59422
78.48759,13.95602,1.2176,0.11731,58441
78.49759,13.95564,1.21747,0.12515,59267
78.50758,13.95838,1.21734,0.12359,59415
78.51758,13.95906,1.21721,0.12493,59288
78.52758,13.96113,1.21708,0.12814,59530
78.53758,13.95866,1.21695,0.12724,59521
78.54758,13.96238,1.21682,0.12838,59504
78.55758,13.95919,1.21669,0.1298,59237
78.56757,13.95832,1.21656,0.12173,59459
78.57757,13.95821,1.21643,0.11561,59427
78.58757,13.94843,1.2163,0.11765,59287
78.59757,13.95354,1.21617,0.12156,58978
78.60757,13.95118,1.21604,0.12233,58887
78.61757,13.95118,1.21591,0.12356,59624
78.62756,13.95196,1.21578,0.12871,59385
78.63756,13.94472,1.21566,0.12474,59397
78.64756,13.95197,1.21553,0.13059,59662
78.65756,13.95005,1.2154,0.12802,59614
78.66756,13.94841,1.21527,0.12951,59448
78.67755,13.95035,1.21514,0.1212,59587
78.68755,13.94726,1.21501,0.11532,59714
78.69755,13.93846,1.21488,0.11753,59168
78.70755,13.94347,1.21475,0.12124,59306
78.71755,13.94466,1.21462,0.12444,59614
78.72755,13.94502,1.21449,0.12688,59421
78.73754,13.94732,1.21436,0.1246,59555
78.74754,13.94331,1.21423,0.12939,59831
78.75754,13.94821,1.2141,0.12885,59784
78.76754,13.94237,1.21397,0.12783,59856
78.77754,13.94227,1.21385,0.12897,59495
78.78754,13.94855,1.21372,0.11138,59823
78.79753,13.94003,1.21359,0.11954,59422
78.80753,13.94158,1.21346,0.12188,59359
78.81753,13.94818,1.21333,0.12249,59537
78.82753,13.94447,1.2132,0.12262,59687
78.83753,13.93753,1.21307,0.12559,59727
78.84753,13.93188,1.21294,0.12757,59499
78.85752,13.93663,1.21281,0.12962,59783
78.86752,13.9404,1.21269,0.12767,59634
78.87752,13.94178,1.21256,0.13001,60121
78.88752,13.94206,1.21243,0.13371,59709
78.89752,13.94175,1.2123,0.1062,59954
78.90752,13.93714,1.21217,0.11761,59415
78.91751,13.93805,1.21204,0.12564,59668
78.92751,13.93191,1.21191,0.12458,59878
78.93751,13.93384,1.21179,0.12516,59937
78.94751,13.92923,1.21166,0.12348,59971
78.95751,13.93242,1.21153,0.13234,60016
78.96751,13.93685,1.2114,0.12552,60042
78.9775,13.93745,1.21127,0.12932,60037
78.9875,13.9376,1.21114,0.13126,59871
78.9975,13.93884,1.21102,0.12,59598
79.0075,13.93744,1.21089,0.11136,59780
79.0175,13.93927,1.21076,0.1216,59672
79.0275,13.93645,1.21063,0.12294,59875
79.03749,13.93549,1.2105,0.12311,59889
79.04749,13.93654,1.21038,0.1258,60120
79.05749,13.9377,1.21025,0.12639,60096
79.06749,13.93593,1.21012,0.12896,60174
79.07749,13.9368,1.20999,0.12948,60124
79.08748,13.93848,1.20986,0.12805,60010
79.09748,13.93674,1.20974,0.13219,59966
79.10748,13.93458,1.20961,0.10906,60150
79.11748,13.92891,1.20948,0.1179,59608
79.12748,13.92716,1.20935,0.12064,59875
79.13748,13.92012,1.20923,0.12339,59792
79.14747,13.91758,1.2091,0.12796,60236
79.15747,13.91348,1.20897,0.12503,60314
79.16747,13.90789,1.20884,0.12931,60271
79.17747,13.90796,1.20872,0.12885,60315
79.18747,13.89962,1.20859,0.12985,60403
79.19747,13.89259,1.20846,0.1304,60414
79.20746,13.88868,1.20833,0.11596,60242
79.21746,13.87467,1.20821,0.11359,59867
79.22746,13.8674,1.20808,0.121,59966
79.23746,13.86036,1.20795,0.12355,60153
79.24746,13.85362,1.20782,0.12268,60265
79.25746,13.85112,1.2077,0.12627,60378
79.26745,13.83968,1.20757,0.12569,60360
79.27745,13.83667,1.20744,0.1288,60317
79.28745,13.83232,1.20731,0.12871,60212
79.29745,13.82518,1.20719,0.12867,60548
79.30745,13.82138,1.20706,0.12174,60611
79.31745,13.80907,1.20693,0.11849,59872
79.32744,13.80622,1.20681,0.11308,60068
79.33744,13.79852,1.20668,0.12385,60161
79.34744,13.79577,1.20655,0.12537,60380
79.35744,13.79076,1.20643,0.1219,60415
79.36744,13.792,1.2063,0.12403,60533
79.37744,13.78652,1.20617,0.12962,60341
79.38743,13.7832,1.20605,0.13141,60578
79.39743,13.78255,1.20592,0.13001,60614
79.40743,13.78012,1.20579,0.12903,60609
79.41743,13.7779,1.20566,0.11172,60675
79.42743,13.7693,1.20554,0.1169,59794
79.43743,13.76385,1.20541,0.12192,60399
79.44742,13.76932,1.20529,0.12047,60138
79.45742,13.76586,1.20516,0.12525,60660
79.46742,13.76078,1.20503,0.12475,60599
79.47742,13.76274,1.20491,0.12593,60777
79.48742,13.75767,1.20478,0.12682,60661
79.49741,13.75715,1.20465,0.12857,60843
79.50741,13.75646,1.20453,0.12792,60765
79.51741,13.75499,1.2044,0.11503,61014
79.52741,13.74397,1.20427,0.12369,60110
79.53741,13.74335,1.20415,0.11779,60340
79.54741,13.74198,1.20402,0.12255,60572
79.5574,13.73754,1.20389,0.12249,60754
79.5674,13.73674,1.20377,0.12526,60666
79.5774,13.73089,1.20364,0.12576,60813
79.5874,13.72345,1.20352,0.12547,60796
79.5974,13.72171,1.20339,0.12889,60899
79.6074,13.71725,1.20326,0.1284,60834
79.61739,13.71512,1.20314,0.11884,60775
79.62739,13.69979,1.20301,0.1171,60625
79.63739,13.69893,1.20289,0.12249,60368
79.64739,13.69205,1.20276,0.11789,60677
79.65739,13.68611,1.20264,0.12389,60626
79.66739,13.68017,1.20251,0.1251,60989
79.67738,13.67257,1.20238,0.1249,60881
79.68738,13.66345,1.20226,0.12608,60980
79.69738,13.65767,1.20213,0.1258,61041
79.70738,13.64595,1.20201,0.13026,61002
79.71738,13.63583,1.20188,0.11993,61090
79.72738,13.63066,1.20176,0.11629,61024
79.73737,13.61965,1.20163,0.12623,60409
79.74737,13.61381,1.2015,0.11915,60641
79.75737,13.60699,1.20138,0.12245,60802
79.76737,13.59115,1.20125,0.12056,60821
79.77737,13.58601,1.20113,0.12536,60872
79.78737,13.57953,1.201,0.12202,61031
79.79736,13.57289,1.20088,0.1289,60996
79.80736,13.5626,1.20075,0.12738,61210
79.81736,13.55431,1.20063,0.13041,61272
79.82736,13.54771,1.2005,0.11281,61274
79.83736,13.52492,1.20038,0.11994,60690
79.84736,13.52527,1.20025,0.12508,60830
79.85735,13.51766,1.20013,0.11747,60926
79.86735,13.50459,1.2,0.12306,61190
79.87735,13.50252,1.19988,0.12262,61209
79.88735,13.49195,1.19975,0.12542,61164
79.89735,13.48096,1.19963,0.12313,61327
79.90734,13.46774,1.1995,0.12879,61271
79.91734,13.45778,1.19938,0.12547,61385
79.92734,13.45158,1.19925,0.11331,61446
79.93734,13.42555,1.19913,0.12012,60810
79.94734,13.42238,1.199,0.12221,60918
79.95734,13.40686,1.19888,0.11999,61146
79.96733,13.39764,1.19875,0.12134,61152
79.97733,13.38686,1.19863,0.12362,61232
79.98733,13.37638,1.1985,0.12717,61325
79.99733,13.35735,1.19838,0.12368,61275
80.00733,13.34676,1.19825,0.12377,61438
80.01733,13.33495,1.19813,0.12856,61555
80.02732,13.32766,1.198,0.11163,61479
80.03732,13.28865,1.19788,0.11667,61106
80.04732,13.28254,1.19776,0.12314,61251
80.05732,13.27177,1.19763,0.12815,61097
80.06732,13.26324,1.19751,0.11609,61426
80.07732,13.25148,1.19738,0.12204,61398
80.08731,13.23771,1.19726,0.12354,61475
80.09731,13.22314,1.19713,0.12358,61563
80.10731,13.20966,1.19701,0.12606,61560
80.11731,13.19491,1.19688,0.12869,61630
80.12731,13.18356,1.19676,0.1112,61712
80.13731,13.1582,1.19664,0.11926,61188
80.1473,13.15073,1.19651,0.12078,61447
80.1573,13.14663,1.19639,0.1241,61277
80.1673,13.13514,1.19626,0.11949,61514
80.1773,13.1205,1.19614,0.11875,61443
80.1873,13.10805,1.19602,0.12122,61565
80.1973,13.09405,1.19589,0.12435,61557
80.20729,13.0829,1.19577,0.12295,61802
80.21729,13.07144,1.19564,0.12614,61517
80.22729,13.05891,1.19552,0.11462,61838
80.23729,13.04491,1.1954,0.11625,61510
80.24729,13.03814,1.19527,0.12038,61415
80.25728,13.02349,1.19515,0.12607,61718
80.26728,13.01322,1.19503,0.12526,61440
80.27728,13.00049,1.1949,0.11679,61618
80.28728,12.99088,1.19478,0.11893,61813
80.29728,12.9729,1.19466,0.12309,61773
80.30728,12.96588,1.19453,0.12174,61911
80.31727,12.95618,1.19441,0.12433,61857
80.32727,12.94701,1.19428,0.11561,61977
80.33727,12.92971,1.19416,0.1163,61593
80.34727,12.91988,1.19404,0.11903,61691
80.35727,12.91411,1.19391,0.1243,61753
80.36727,12.90237,1.19379,0.12635,61657
80.37726,12.88779,1.19367,0.11687,61816
80.38726,12.87961,1.19354,0.12249,61753
80.39726,12.86676,1.19342,0.11871,62032
80.40726,12.8516,1.1933,0.12145,61960
80.41726,12.84552,1.19317,0.1237,62024
80.42726,12.83428,1.19305,0.11515,61994
80.43725,12.81731,1.19293,0.1132,61775
80.44725,12.80843,1.19281,0.11913,61784
80.45725,12.79499,1.19268,0.12256,61793
80.46725,12.78382,1.19256,0.12258,62050
80.47725,12.76604,1.19244,0.12441,61643
80.48725,12.7543,1.19231,0.11344,61996
80.49724,12.74345,1.19219,0.12026,62011
80.50724,12.7263,1.19207,0.12273,62203
80.51724,12.71348,1.19194,0.12196,62172
80.52724,12.70146,1.19182,0.11493,62265
80.53724,12.68395,1.1917,0.11021,61886
80.54724,12.66791,1.19158,0.12251,61867
80.55723,12.6567,1.19145,0.1201,62109
80.56723,12.64107,1.19133,0.12407,62274
80.57723,12.62138,1.19121,0.12286,61953
80.58723,12.60433,1.19109,0.11913,62177
80.59723,12.5893,1.19096,0.11729,62132
80.60723,12.58014,1.19084,0.12026,62337
80.61722,12.56899,1.19072,0.12237,62272
80.62722,12.559,1.1906,0.11331,62417
80.63722,12.53584,1.19047,0.11308,61948
80.64722,12.52083,1.19035,0.11724,62086
80.65722,12.51249,1.19023,0.12118,62189
80.66721,12.49735,1.19011,0.12168,62360
80.67721,12.47897,1.18998,0.12259,62214
80.68721,12.46761,1.18986,0.12079,62254
80.69721,12.45934,1.18974,0.11558,62324
80.70721,12.4477,1.18962,0.1212,62333
80.71721,12.43432,1.1895,0.12119,62462
80.7272,12.42247,1.18937,0.11128,62577
80.7372,12.40271,1.18925,0.1112,62118
80.7472,12.39561,1.18913,0.11773,62099
80.7572,12.38661,1.18901,0.11957,62384
80.7672,12.38249,1.18889,0.12108,62492
80.7772,12.36741,1.18876,0.12662,62496
80.78719,12.35577,1.18864,0.11928,62261
80.79719,12.34413,1.18852,0.11624,62406
80.80719,12.33743,1.1884,0.11851,62518
80.81719,12.32582,1.18828,0.12075,62555
80.82719,12.31727,1.18815,0.11031,62671
80.83719,12.29965,1.18803,0.11326,62180
80.84718,12.29726,1.18791,0.11721,62391
80.85718,12.28595,1.18779,0.12084,62559
80.86718,12.28138,1.18767,0.11956,62673
80.87718,12.26811,1.18755,0.12659,62788
80.88718,12.25633,1.18742,0.1223,62425
80.89718,12.24762,1.1873,0.11653,62472
80.90717,12.24082,1.18718,0.11746,62788
80.91717,12.23134,1.18706,0.12239,62721
80.92717,12.22213,1.18694,0.10626,62852
80.93717,12.20276,1.18682,0.11127,62334
80.94717,12.19783,1.1867,0.1165,62469
80.95717,12.19354,1.18657,0.12279,62744
80.96716,12.18569,1.18645,0.12129,62836
80.97716,12.176,1.18633,0.12414,62851
80.98716,12.16868,1.18621,0.12262,62567
80.99716,12.15778,1.18609,0.11536,62750
81.00716,12.14443,1.18597,0.11792,62800
81.01716,12.13811,1.18585,0.11583,62934
81.02715,12.1318,1.18573,0.10789,63066
81.03715,12.11183,1.1856,0.11157,62316
81.04715,12.10855,1.18548,0.1171,62582
81.05715,12.0982,1.18536,0.11946,62908
81.06715,12.09325,1.18524,0.12122,62991
81.07714,12.08175,1.18512,0.1239,63007
81.08714,12.07141,1.185,0.12062,62909
81.09714,12.06524,1.18488,0.11672,62847
81.10714,12.05414,1.18476,0.1174,63013
81.11714,12.04515,1.18464,0.11992,62907
81.12714,12.03714,1.18452,0.10306,63244
81.13713,12.01657,1.1844,0.1151,62341
81.14713,12.00974,1.18428,0.11503,62794
81.15713,12.00523,1.18415,0.11806,63120
81.16713,11.99866,1.18403,0.1236,63023
81.17713,11.99093,1.18391,0.12225,63449
81.18713,11.97814,1.18379,0.12314,63161
81.19712,11.97336,1.18367,0.11782,63005
81.20712,11.95931,1.18355,0.11772,63206
81.21712,11.95039,1.18343,0.11017,63231
81.22712,11.93635,1.18331,0.10787,63015
81.23712,11.9263,1.18319,0.11132,62757
81.24712,11.91796,1.18307,0.11525,63121
81.25711,11.90404,1.18295,0.12033,63172
81.26711,11.89598,1.18283,0.12195,63352
81.27711,11.88324,1.18271,0.11984,63364
81.28711,11.86985,1.18259,0.12396,63391
81.29711,11.86119,1.18247,0.12211,62991
81.30711,11.84222,1.18235,0.11114,63249
81.3171,11.83047,1.18223,0.10909,63375
81.3271,11.80796,1.18211,0.10715,62953
81.3371,11.79711,1.18199,0.11356,62928
81.3471,11.78071,1.18187,0.11866,63252
81.3571,11.76987,1.18175,0.11521,63391
81.3671,11.75997,1.18163,0.12114,63492
81.37709,11.74425,1.18151,0.12266,63504
81.38709,11.73106,1.18139,0.12283,63567
81.39709,11.72121,1.18127,0.12316,63224
81.40709,11.7065,1.18115,0.11336,63380
81.41709,11.69454,1.18103,0.10285,63463
81.42709,11.67989,1.18091,0.10887,62981
81.43708,11.67542,1.18079,0.11471,63315
81.44708,11.66758,1.18067,0.11688,63432
81.45708,11.66271,1.18055,0.11997,63449
81.46708,11.65634,1.18043,0.1202,63696
81.47708,11.64868,1.18031,0.11914,63627
81.48707,11.64217,1.18019,0.12195,63651
81.49707,11.63691,1.18007,0.12168,63453
81.50707,11.63154,1.17995,0.11403,63493
81.51707,11.62726,1.17983,0.10062,63716
81.52707,11.61943,1.17971,0.10929,62965
81.53707,11.61486,1.17959,0.11526,63467
81.54706,11.6121,1.17948,0.11761,63521
81.55706,11.6102,1.17936,0.11655,63948
81.56706,11.60125,1.17924,0.11956,63875
81.57706,11.59724,1.17912,0.12034,63967
81.58706,11.59055,1.179,0.12363,63961
81.59706,11.58528,1.17888,0.12101,63559
81.60705,11.57579,1.17876,0.10603,63747
81.61705,11.56109,1.17864,0.10409,63541
81.62705,11.55073,1.17852,0.10979,63357
81.63705,11.54438,1.1784,0.11687,63696
81.64705,11.53398,1.17828,0.11612,63844
81.65705,11.51931,1.17816,0.11665,63906
81.66704,11.51151,1.17805,0.11892,63919
81.67704,11.49737,1.17793,0.12094,64056
81.68704,11.48418,1.17781,0.12241,64059
81.69704,11.47332,1.17769,0.1208,63728
81.70704,11.45978,1.17757,0.10154,63899
81.71704,11.4426,1.17745,0.1064,63308
81.72703,11.42907,1.17733,0.11022,63715
81.73703,11.4203,1.17721,0.11708,63842
81.74703,11.40592,1.1771,0.11645,63997
81.75703,11.39467,1.17698,0.11732,64037
81.76703,11.38349,1.17686,0.11764,64093
81.77703,11.3708,1.17674,0.12284,64183
81.78702,11.36065,1.17662,0.12167,64193
81.79702,11.34982,1.1765,0.12071,63919
81.80702,11.34614,1.17638,0.09743,64007
81.81702,11.32951,1.17627,0.10739,63294
81.82702,11.32667,1.17615,0.11085,63972
81.83702,11.32156,1.17603,0.11887,64279
81.84701,11.31293,1.17591,0.11741,64303
81.85701,11.30045,1.17579,0.11765,64283
81.86701,11.29762,1.17567,0.11516,64399
81.87701,11.29243,1.17556,0.12105,64358
81.88701,11.29073,1.17544,0.12214,64375
81.897,11.2852,1.17532,0.11071,64120
81.907,11.2811,1.1752,0.10133,63703
81.917,11.27155,1.17508,0.10896,63888
81.927,11.26759,1.17496,0.11331,64032
81.937,11.26216,1.17485,0.11312,64370
81.947,11.25115,1.17473,0.11681,64287
81.95699,11.24725,1.17461,0.11877,64439
81.96699,11.24216,1.17449,0.11725,64453
81.97699,11.24073,1.17437,0.12172,64525
81.98699,11.23321,1.17426,0.11828,64454
81.99699,11.2218,1.17414,0.10685,64239
82.00699,11.21237,1.17402,0.1015,63629
82.01698,11.20707,1.1739,0.11141,64122
82.02698,11.20203,1.17379,0.1121,64328
82.03698,11.18893,1.17367,0.11635,64412
82.04698,11.18165,1.17355,0.11815,64547
82.05698,11.17574,1.17343,0.11655,64719
82.06698,11.1687,1.17331,0.11708,64764
82.07697,11.16515,1.1732,0.12107,64824
82.08697,11.15684,1.17308,0.11608,64879
82.09697,11.1461,1.17296,0.107,63935
82.10697,11.13234,1.17284,0.10205,63981
82.11697,11.12749,1.17273,0.11121,64431
82.12697,11.12293,1.17261,0.11272,64578
82.13696,11.11719,1.17249,0.11791,64632
82.14696,11.10992,1.17237,0.11599,64693
82.15696,11.10407,1.17226,0.11796,64875
82.16696,11.10364,1.17214,0.11939,64816
82.17696,11.10012,1.17202,0.12017,64897
82.18696,11.09514,1.17191,0.10486,64835
82.19695,11.08333,1.17179,0.10845,63834
82.20695,11.07954,1.17167,0.10607,64313
82.21695,11.08405,1.17155,0.11071,64582
82.22695,11.07764,1.17144,0.11648,64703
82.23695,11.07152,1.17132,0.11445,64912
82.24694,11.06377,1.1712,0.1172,64937
82.25694,11.06655,1.17109,0.11807,65114
82.26694,11.06309,1.17097,0.11897,65122
82.27694,11.05676,1.17085,0.11153,65139
82.28694,11.04728,1.17073,0.10558,64681
82.29694,11.04037,1.17062,0.1081,64085
82.30693,11.03767,1.1705,0.10645,64792
82.31693,11.02974,1.17038,0.11324,64861
82.32693,11.02431,1.17027,0.11573,64964
82.33693,11.01396,1.17015,0.11638,64980
82.34693,11.00767,1.17003,0.11634,65012
82.35693,10.99672,1.16992,0.11993,65164
82.36692,10.9937,1.1698,0.12019,65147
82.37692,10.98269,1.16968,0.1021,65308
82.38692,10.96573,1.16957,0.11144,64174
82.39692,10.96741,1.16945,0.10735,64473
82.40692,10.96161,1.16933,0.11158,64960
82.41692,10.95282,1.16922,0.11364,64959
82.42691,10.94764,1.1691,0.11348,65356
82.43691,10.94116,1.16898,0.11615,65288
82.44691,10.9348,1.16887,0.11974,65409
82.45691,10.92968,1.16875,0.11809,65458
82.46691,10.92287,1.16864,0.10997,65369
82.47691,10.9155,1.16852,0.10548,64945
82.4869,10.91627,1.1684,0.11235,64525
82.4969,10.91099,1.16829,0.10771,64935
82.5069,10.9107,1.16817,0.11041,65104
82.5169,10.91019,1.16805,0.11369,65258
82.5269,10.90867,1.16794,0.11403,65192
82.5369,10.90794,1.16782,0.11601,65462
82.54689,10.90714,1.16771,0.11936,65352
82.55689,10.90264,1.16759,0.11985,65509
82.56689,10.9058,1.16747,0.10033,65568
82.57689,10.90162,1.16736,0.11019,64662
82.58689,10.90968,1.16724,0.11607,64961
82.59689,10.91018,1.16713,0.10693,65486
82.60688,10.90733,1.16701,0.11353,65375
82.61688,10.90262,1.16689,0.11285,65531
82.62688,10.90046,1.16678,0.1172,65503
82.63688,10.90374,1.16666,0.11503,65557
82.64688,10.90418,1.16655,0.11929,65757
82.65687,10.90097,1.16643,0.1043,65759
82.66687,10.89253,1.16631,0.11078,65052
82.67687,10.89545,1.1662,0.11138,65159
82.68687,10.89311,1.16608,0.11291,65112
82.69687,10.88591,1.16597,0.10777,65485
82.70687,10.88246,1.16585,0.11282,65534
82.71686,10.88198,1.16574,0.11404,65559
82.72686,10.87969,1.16562,0.11735,65646
82.73686,10.87697,1.16551,0.11805,66138
82.74686,10.86748,1.16539,0.11111,65980
82.75686,10.85952,1.16527,0.10529,65642
82.76686,10.85671,1.16516,0.11097,65357
82.77685,10.84968,1.16504,0.11604,65254
82.78685,10.84446,1.16493,0.10933,65573
82.79685,10.84124,1.16481,0.11026,65541
82.80685,10.83703,1.1647,0.11462,65839
82.81685,10.83637,1.16458,0.11663,65792
82.82685,10.82672,1.16447,0.11384,65856
82.83684,10.81723,1.16435,0.11958,65982
82.84684,10.81514,1.16424,0.10171,66068
82.85684,10.80386,1.16412,0.10833,65105
82.86684,10.80579,1.16401,0.11604,65663
82.87684,10.80481,1.16389,0.11756,65908
82.88684,10.80424,1.16378,0.1082,65760
82.89683,10.80043,1.16366,0.10984,66044
82.90683,10.79293,1.16355,0.11593,65952
82.91683,10.78858,1.16343,0.11435,66045
82.92683,10.78731,1.16332,0.11757,66112
82.93683,10.78712,1.1632,0.1037,66087
82.94683,10.78373,1.16309,0.10828,65547
82.95682,10.7828,1.16297,0.11302,65774
82.96682,10.78314,1.16286,0.11583,65847
82.97682,10.77957,1.16274,0.11928,65830
82.98682,10.78153,1.16263,0.1072,65969
82.99682,10.78007,1.16251,0.11158,66017
83.00682,10.78059,1.1624,0.11438,66587
83.01681,10.78318,1.16228,0.11657,66325
83.02681,10.78965,1.16217,0.1091,66432
83.03681,10.78309,1.16206,0.10513,65947
83.04681,10.77768,1.16194,0.11131,65697
83.05681,10.78125,1.16183,0.11493,66263
83.0668,10.78438,1.16171,0.11747,65930
83.0768,10.78703,1.1616,0.10965,66030
83.0868,10.78402,1.16148,0.11054,66181
83.0968,10.78592,1.16137,0.11547,66231
83.1068,10.7875,1.16125,0.1152,66310
83.1168,10.79166,1.16114,0.1178,66392
83.12679,10.78849,1.16103,0.09977,66673
83.13679,10.78575,1.16091,0.11127,65983
83.14679,10.79147,1.1608,0.1135,66293
83.15679,10.79408,1.16068,0.1194,66302
83.16679,10.79299,1.16057,0.11544,66233
83.17679,10.7915,1.16046,0.1096,66271
83.18678,10.79377,1.16034,0.11261,66318
83.19678,10.78662,1.16023,0.11766,66534
83.20678,10.78989,1.16011,0.1126,66515
83.21678,10.78733,1.16,0.10087,66733
83.22678,10.78464,1.15989,0.10942,65722
83.23678,10.78637,1.15977,0.11342,66367
83.24677,10.7878,1.15966,0.118,66957
83.25677,10.78445,1.15954,0.11953,66505
83.26677,10.77901,1.15943,0.1115,66508
83.27677,10.77744,1.15932,0.10963,66521
83.28677,10.77218,1.1592,0.11421,66690
83.29677,10.77113,1.15909,0.1178,66743
83.30676,10.77541,1.15897,0.10003,66803
83.31676,10.7687,1.15886,0.11097,66060
83.32676,10.76683,1.15875,0.11233,66319
83.33676,10.76618,1.15863,0.11539,66655
83.34676,10.76572,1.15852,0.12019,66665
83.35676,10.76756,1.15841,0.1137,66848
83.36675,10.76399,1.15829,0.11119,66860
83.37675,10.7628,1.15818,0.11546,66755
83.38675,10.76462,1.15807,0.11528,66919
83.39675,10.76742,1.15795,0.10373,66897
83.40675,10.75883,1.15784,0.10615,66381
83.41675,10.76333,1.15773,0.11297,66446
83.42674,10.76117,1.15761,0.1143,66822
83.43674,10.76521,1.1575,0.11726,66985
83.44674,10.76524,1.15739,0.11712,66753
83.45674,10.76227,1.15727,0.11587,66878
83.46674,10.76607,1.15716,0.10965,67227
83.47673,10.76589,1.15705,0.11548,67100
83.48673,10.76592,1.15693,0.10667,67123
83.49673,10.75615,1.15682,0.10399,66628
83.50673,10.75479,1.15671,0.11037,66587
83.51673,10.75458,1.15659,0.118,67013
83.52673,10.75208,1.15648,0.11586,67044
83.53672,10.75107,1.15637,0.11932,67025
83.54672,10.74429,1.15626,0.11666,66794
83.55672,10.74124,1.15614,0.11038,66819
83.56672,10.74261,1.15603,0.1135,67618
83.57672,10.74494,1.15592,0.10872,67373
83.58672,10.73109,1.1558,0.10187,66868
83.59671,10.72909,1.15569,0.11069,66715
83.60671,10.72587,1.15558,0.11547,67200
83.61671,10.72892,1.15547,0.1173,67273
83.62671,10.72415,1.15535,0.11875,67276
83.63671,10.72418,1.15524,0.115,67146
83.64671,10.7224,1.15513,0.1154,67077
83.6567,10.72205,1.15502,0.11263,67143
83.6667,10.72516,1.1549,0.10964,67882
83.6767,10.7169,1.15479,0.10193,67236
83.6867,10.71421,1.15468,0.10878,66807
83.6967,10.71621,1.15456,0.11571,67197
83.7067,10.71718,1.15445,0.11734,67464
83.71669,10.7122,1.15434,0.1164,67442
83.72669,10.7179,1.15423,0.11981,67446
83.73669,10.71205,1.15412,0.1157,67149
83.74669,10.71456,1.154,0.10905,67236
83.75669,10.72049,1.15389,0.11209,67681
83.76669,10.71826,1.15378,0.09739,67589
83.77668,10.70948,1.15367,0.11162,67078
83.78668,10.71546,1.15355,0.1144,67484
83.79668,10.71185,1.15344,0.11583,67590
83.80668,10.70788,1.15333,0.11729,67727
83.81668,10.71291,1.15322,0.12122,67639
83.82668,10.71332,1.15311,0.11741,67424
83.83667,10.70953,1.15299,0.11538,67384
83.84667,10.7152,1.15288,0.10999,67595
83.85667,10.71885,1.15277,0.09755,67934
83.86667,10.70874,1.15266,0.10872,67112
83.87667,10.70706,1.15255,0.11341,67543
83.88666,10.706,1.15243,0.11662,67759
83.89666,10.71075,1.15232,0.11781,67858
83.90666,10.71216,1.15221,0.12051,67824
83.91666,10.71192,1.1521,0.12047,67710
83.92666,10.71411,1.15199,0.11411,67557
83.93666,10.71395,1.15187,0.10738,67743
83.94665,10.72043,1.15176,0.09679,68127
83.95665,10.71753,1.15165,0.108,67298
83.96665,10.71559,1.15154,0.11617,67757
83.97665,10.72133,1.15143,0.11703,67941
83.98665,10.72799,1.15132,0.11721,68036
83.99665,10.72571,1.1512,0.1221,67987
84.00664,10.72462,1.15109,0.11885,67900
84.01664,10.7266,1.15098,0.11524,67722
84.02664,10.73794,1.15087,0.1097,68039
84.03664,10.73339,1.15076,0.09932,67985
84.04664,10.73081,1.15065,0.10735,67488
84.05664,10.73396,1.15054,0.11396,67876
84.06663,10.73187,1.15042,0.11493,68113
84.07663,10.73649,1.15031,0.11833,68158
84.08663,10.73597,1.1502,0.11973,68350
84.09663,10.74011,1.15009,0.12211,68019
84.10663,10.73578,1.14998,0.11754,68037
84.11663,10.7455,1.14987,0.10697,68422
84.12662,10.7397,1.14976,0.09826,67954
84.13662,10.74403,1.14965,0.10736,67541
84.14662,10.74307,1.14953,0.11521,68064
84.15662,10.74628,1.14942,0.11638,68144
84.16662,10.7492,1.14931,0.11763,68422
84.17662,10.75122,1.1492,0.12066,68341
84.18661,10.7571,1.14909,0.1213,68397
84.19661,10.76357,1.14898,0.12032,68458
84.20661,10.76722,1.14887,0.10549,68440
84.21661,10.76125,1.14876,0.10003,67938
84.22661,10.76792,1.14865,0.10659,67840
84.2366,10.7778,1.14854,0.11501,68222
84.2466,10.77934,1.14842,0.11665,68433
84.2566,10.78218,1.14831,0.11955,68364
84.2666,10.78693,1.1482,0.11735,68508
84.2766,10.79545,1.14809,0.12099,68764
84.2866,10.80283,1.14798,0.12117,68804
84.29659,10.79928,1.14787,0.10624,68554
84.30659,10.79953,1.14776,0.0993,67807
84.31659,10.80332,1.14765,0.11096,67988
84.32659,10.8111,1.14754,0.11366,68360
84.33659,10.81133,1.14743,0.11626,68524
84.34659,10.81503,1.14732,0.11818,68586
84.35658,10.81577,1.14721,0.12112,69000
84.36658,10.82289,1.1471,0.12076,69173
84.37658,10.8246,1.14699,0.11962,68792
84.38658,10.82424,1.14688,0.10583,68585
84.39658,10.82228,1.14677,0.1007,67890
84.40658,10.82338,1.14666,0.10981,68084
84.41657,10.83363,1.14655,0.11485,68472
84.42657,10.83743,1.14644,0.11678,68725
84.43657,10.84474,1.14632,0.11969,69180
84.44657,10.84052,1.14621,0.11907,69223
84.45657,10.855,1.1461,0.12197,69070
84.46657,10.85696,1.14599,0.12215,69014
84.47656,10.85825,1.14588,0.101,68768
84.48656,10.86171,1.14577,0.10628,67780
84.49656,10.87573,1.14566,0.10843,68319
84.50656,10.87704,1.14555,0.11403,68641
84.51656,10.88594,1.14544,0.11896,69539
84.52656,10.89041,1.14533,0.11697,69135
84.53655,10.89301,1.14522,0.12131,69172
84.54655,10.90057,1.14511,0.12244,69165
84.55655,10.90158,1.145,0.12121,69018
84.56655,10.90699,1.14489,0.10106,69027
84.57655,10.90658,1.14478,0.10774,67784
84.58655,10.91566,1.14467,0.1081,69084
84.59654,10.91264,1.14456,0.11412,69189
84.60654,10.90941,1.14446,0.11743,69211
84.61654,10.91376,1.14435,0.11897,69158
84.62654,10.91372,1.14424,0.1214,69282
84.63654,10.91628,1.14413,0.12209,69303
84.64653,10.91256,1.14402,0.12172,69302
84.65653,10.91532,1.14391,0.09852,69186
84.66653,10.90983,1.1438,0.11149,68428
84.67653,10.92044,1.14369,0.10992,68929
84.68653,10.91632,1.14358,0.11395,69199
84.69653,10.91451,1.14347,0.11739,69285
84.70652,10.91658,1.14336,0.12028,69370
84.71652,10.91955,1.14325,0.12321,69412
84.72652,10.92726,1.14314,0.12209,69750
84.73652,10.92296,1.14303,0.11123,69929
84.74652,10.91599,1.14292,0.10416,68875
84.75652,10.92279,1.14281,0.11221,68534
84.76651,10.9297,1.1427,0.11164,69026
84.77651,10.92974,1.14259,0.1148,69319
84.78651,10.9332,1.14248,0.11734,69415
84.79651,10.93737,1.14238,0.11794,69817
84.80651,10.94044,1.14227,0.12257,70087
84.81651,10.93494,1.14216,0.12102,69786
84.8265,10.93447,1.14205,0.10576,69728
84.8365,10.93414,1.14194,0.10638,68743
84.8465,10.935,1.14183,0.11442,68810
84.8565,10.94732,1.14172,0.10973,69217
84.8665,10.94407,1.14161,0.11426,69824
84.8765,10.95155,1.1415,0.12027,69978
84.88649,10.95209,1.14139,0.11995,69777
84.89649,10.94787,1.14129,0.12188,70013
84.90649,10.94487,1.14118,0.12029,69916
84.91649,10.94872,1.14107,0.10528,69762
84.92649,10.95246,1.14096,0.10906,68595
84.93649,10.95481,1.14085,0.11526,69756
84.94648,10.96078,1.14074,0.1116,69666
84.95648,10.95903,1.14063,0.11659,69760
84.96648,10.96711,1.14052,0.11674,69799
84.97648,10.97013,1.14042,0.11975,69914
84.98648,10.97774,1.14031,0.12431,70004
84.99648,10.97555,1.1402,0.12018,70111
85.00647,10.98417,1.14009,0.10104,70243
85.01647,10.98622,1.13998,0.11171,69291
85.02647,10.99089,1.13987,0.11626,69507
85.03647,11.00656,1.13976,0.11288,69611
85.04647,11.00733,1.13966,0.11544,69907
85.05646,11.00526,1.13955,0.11814,69899
85.06646,11.01369,1.13944,0.12177,70534
85.07646,11.01642,1.13933,0.12039,70564
85.08646,11.02034,1.13922,0.10794,70389
85.09646,11.02591,1.13911,0.10932,69395
85.10646,11.0242,1.13901,0.11442,69500
85.11645,11.02534,1.1389,0.11667,69714
85.12645,11.02787,1.13879,0.11481,70143
85.13645,11.02613,1.13868,0.11504,70428
85.14645,11.02275,1.13857,0.11776,70294
85.15645,11.03199,1.13846,0.12381,70348
85.16645,11.03483,1.13836,0.12013,70489
85.17644,11.03131,1.13825,0.10376,70390
85.18644,11.0291,1.13814,0.11225,69248
85.19644,11.03278,1.13803,0.11534,70431
85.20644,11.03126,1.13792,0.11698,70272
85.21644,11.03373,1.13782,0.11433,70129
85.22644,11.03555,1.13771,0.11704,70248
85.23643,11.04078,1.1376,0.12033,70279
85.24643,11.04415,1.13749,0.12037,70446
85.25643,11.05772,1.13739,0.11454,71292
85.26643,11.04996,1.13728,0.10647,70251
85.27643,11.04986,1.13717,0.11497,69887
85.28643,11.06074,1.13706,0.11684,70099
85.29642,11.06714,1.13695,0.11896,70297
85.30642,11.07566,1.13685,0.11447,70156
85.31642,11.08377,1.13674,0.11805,71003
85.32642,11.08245,1.13663,0.12073,70824
85.33642,11.09404,1.13652,0.11907,70837
85.34642,11.10522,1.13642,0.10692,70813
85.35641,11.10543,1.13631,0.11211,69844
85.36641,11.11999,1.1362,0.11898,70073
85.37641,11.1243,1.13609,0.11701,70979
85.38641,11.13111,1.13599,0.11877,70663
85.39641,11.13886,1.13588,0.11541,70596
85.40641,11.14501,1.13577,0.11742,70676
85.4164,11.15147,1.13566,0.12004,70819
85.4264,11.16161,1.13556,0.12104,70850
85.4364,11.16872,1.13545,0.10085,71237
85.4464,11.16712,1.13534,0.11548,70341
85.4564,11.1809,1.13523,0.12157,70481
85.46639,11.18158,1.13513,0.11643,70728
85.47639,11.18677,1.13502,0.12052,70518
85.48639,11.19097,1.13491,0.113,70663
85.49639,11.19594,1.13481,0.12154,71577
85.50639,11.2064,1.1347,0.12211,71291
85.51639,11.2115,1.13459,0.1069,71121
85.52638,11.20502,1.13448,0.1109,70313
85.53638,11.21925,1.13438,0.11946,70490
85.54638,11.22106,1.13427,0.1237,70611
85.55638,11.22898,1.13416,0.11521,71591
85.56638,11.228,1.13406,0.12137,71053
85.57638,11.23841,1.13395,0.11742,71042
85.58637,11.24981,1.13384,0.1199,71167
85.59637,11.25427,1.13374,0.12103,71182
85.60637,11.26045,1.13363,0.10185,71384
85.61637,11.25733,1.13352,0.11544,70664
85.62637,11.27256,1.13342,0.12145,71092
85.63637,11.28247,1.13331,0.12288,70939
85.64636,11.28271,1.1332,0.11435,71135
85.65636,11.30092,1.1331,0.12495,70924
85.66636,11.31947,1.13299,0.11649,71877
85.67636,11.32058,1.13288,0.11961,71583
85.68636,11.33055,1.13278,0.10607,71488
85.69636,11.32883,1.13267,0.10963,70532
85.70635,11.34026,1.13256,0.12173,70776
85.71635,11.3537,1.13246,0.12398,71642
85.72635,11.37048,1.13235,0.12301,71533
85.73635,11.38079,1.13224,0.11914,71623
85.74635,11.38333,1.13214,0.12042,71267
85.75635,11.3849,1.13203,0.1185,71429
85.76634,11.40476,1.13192,0.12048,71382
85.77634,11.42121,1.13182,0.10218,71745
85.78634,11.4129,1.13171,0.11292,71091
85.79634,11.42311,1.13161,0.12281,71432
85.80634,11.43823,1.1315,0.12482,71437
85.81633,11.44321,1.13139,0.12317,71433
85.82633,11.46062,1.13129,0.12047,71991
85.83633,11.47015,1.13118,0.12132,71792
85.84633,11.4765,1.13107,0.11843,71657
85.85633,11.48194,1.13097,0.10569,71788
85.86633,11.47484,1.13086,0.1116,70809
85.87632,11.48669,1.13076,0.12046,71216
85.88632,11.50418,1.13065,0.12525,72513
85.89632,11.50911,1.13054,0.12685,71766
85.90632,11.51422,1.13044,0.11756,71678
85.91632,11.51779,1.13033,0.12609,71597
85.92632,11.52487,1.13023,0.12018,71774
85.93631,11.54105,1.13012,0.11181,72520
85.94631,11.52771,1.13001,0.10539,71564
85.95631,11.53601,1.12991,0.11634,71263
85.96631,11.55022,1.1298,0.12423,71762
85.97631,11.55345,1.1297,0.12666,71837
85.98631,11.57013,1.12959,0.12555,72114
85.9963,11.57677,1.12949,0.11922,72464
86.0063,11.58875,1.12938,0.12668,72055
86.0163,11.58939,1.12927,0.11955,71974
86.0263,11.59586,1.12917,0.10285,71917
86.0363,11.60621,1.12906,0.11285,71354
86.0463,11.62585,1.12896,0.12219,71972
86.05629,11.63403,1.12885,0.12668,72330
86.06629,11.64659,1.12875,0.12653,72226
86.07629,11.65857,1.12864,0.12391,71968
86.08629,11.67787,1.12854,0.12394,72558
86.09629,11.68858,1.12843,0.12405,72450
86.10629,11.69498,1.12833,0.10564,72187
86.11628,11.70642,1.12822,0.10827,71223
86.12628,11.71868,1.12811,0.11902,71829
86.13628,11.74623,1.12801,0.12666,72607
86.14628,11.75882,1.1279,0.12684,72917
86.15628,11.77521,1.1278,0.13004,72206
86.16628,11.79336,1.12769,0.1212,72225
86.17627,11.80595,1.12759,0.12386,72230
86.18627,11.82365,1.12748,0.12064,72561
86.19627,11.83343,1.12738,0.10323,72527
86.20627,11.85171,1.12727,0.11516,71870
86.21627,11.87229,1.12717,0.12685,72184
86.22626,11.88951,1.12706,0.12633,72327
86.23626,11.90613,1.12696,0.12902,72954
86.24626,11.9198,1.12685,0.13332,72573
86.25626,11.93124,1.12675,0.11863,72971
86.26626,11.95031,1.12664,0.12503,72559
86.27626,11.96598,1.12654,0.10413,72439
86.28625,11.97353,1.12643,0.11168,71831
86.29625,11.9807,1.12633,0.12271,72448
86.30625,11.9915,1.12622,0.12623,72686
86.31625,12.00945,1.12612,0.12999,72857
86.32625,12.0242,1.12601,0.13141,72722
86.33625,12.03413,1.12591,0.12581,73240
86.34624,12.03649,1.1258,0.12119,73064
86.35624,12.0497,1.1257,0.11029,72542
86.36624,12.04711,1.12559,0.11148,71567
86.37624,12.05643,1.12549,0.11887,72163
86.38624,12.08299,1.12539,0.12477,73763
86.39624,12.08377,1.12528,0.13089,73168
86.40623,12.09794,1.12518,0.13175,73012
86.41623,12.10871,1.12507,0.13075,72563
86.42623,12.11784,1.12497,0.12244,72744
86.43623,12.15344,1.12486,0.11515,73786
86.44623,12.14705,1.12476,0.11065,72390
86.45623,12.15799,1.12465,0.1181,72280
86.46622,12.18129,1.12455,0.12438,72685
86.47622,12.20478,1.12445,0.1276,73409
86.48622,12.2223,1.12434,0.13179,73464
86.49622,12.23905,1.12424,0.13273,73385
86.50622,12.24404,1.12413,0.12665,72951
86.51622,12.2659,1.12403,0.1247,73058
86.52621,12.29349,1.12392,0.10513,73400
86.53621,12.29089,1.12382,0.11508,72218
86.54621,12.30892,1.12372,0.12286,72731
86.55621,12.32176,1.12361,0.12697,73204
86.56621,12.34851,1.12351,0.12929,73747
86.57621,12.36848,1.1234,0.13466,74091
86.5862,12.37163,1.1233,0.13443,73166
86.5962,12.38979,1.1232,0.12217,73104
86.6062,12.39807,1.12309,0.10713,73120
86.6162,12.40723,1.12299,0.11768,72773
86.6262,12.42693,1.12288,0.12197,73347
86.63619,12.43691,1.12278,0.12878,73367
86.64619,12.45392,1.12268,0.13096,73287
86.65619,12.46681,1.12257,0.13416,73585
86.66619,12.48507,1.12247,0.1349,74299
86.67619,12.50497,1.12236,0.12928,73493
86.68619,12.51479,1.12226,0.10583,73619
86.69618,12.51137,1.12216,0.11631,72192
86.70618,12.54077,1.12205,0.12165,73516
86.71618,12.55287,1.12195,0.1274,73574
86.72618,12.56906,1.12185,0.13141,73440
86.73618,12.57915,1.12174,0.13135,74088
86.74618,12.60358,1.12164,0.13513,74250
86.75617,12.6171,1.12154,0.13613,74003
86.76617,12.62744,1.12143,0.10751,73575
86.77617,12.62896,1.12133,0.11437,72475
86.78617,12.63467,1.12122,0.12521,73025
86.79617,12.66241,1.12112,0.12615,74565
86.80617,12.66437,1.12102,0.12973,73993
86.81616,12.67716,1.12091,0.13286,73825
86.82616,12.67406,1.12081,0.13546,73703
86.83616,12.70433,1.12071,0.13455,74569
86.84616,12.71317,1.1206,0.11414,74157
86.85616,12.70327,1.1205,0.11035,73087
86.86616,12.70868,1.1204,0.12357,73070
86.87615,12.7242,1.12029,0.1281,73591
86.88615,12.75315,1.12019,0.12868,74508
86.89615,12.74384,1.12009,0.13288,74459
86.90615,12.75018,1.11998,0.13712,74169
86.91615,12.7657,1.11988,0.13579,74165
86.92615,12.79443,1.11978,0.12394,74518
86.93614,12.77894,1.11968,0.10566,73192
86.94614,12.78813,1.11957,0.11969,73256
86.95614,12.80156,1.11947,0.13111,74003
86.96614,12.83109,1.11937,0.12814,74773
86.97614,12.82946,1.11926,0.13366,74511
86.98614,12.8453,1.11916,0.13695,74197
86.99613,12.84796,1.11906,0.13439,74113
87.00613,12.87892,1.11895,0.12973,75137
87.01613,12.87659,1.11885,0.10706,73741
87.02613,12.86537,1.11875,0.1176,73458
87.03613,12.88974,1.11865,0.13119,73737
87.04612,12.90854,1.11854,0.13188,74291
87.05612,12.91959,1.11844,0.1315,75483
87.06612,12.91201,1.11834,0.13639,74572
87.07612,12.91592,1.11824,0.13425,74487
87.08612,12.92351,1.11813,0.13654,74433
87.09612,12.93128,1.11803,0.10866,74071
87.10611,12.9188,1.11793,0.11028,74040
87.11611,12.91542,1.11782,0.1287,74153
87.12611,12.91767,1.11772,0.13417,74096
87.13611,12.94391,1.11762,0.13122,75503
87.14611,12.9301,1.11752,0.13752,74520
87.15611,12.92547,1.11741,0.13266,75089
87.1661,12.9149,1.11731,0.13924,74787
87.1761,12.91631,1.11721,0.10891,74640
87.1861,12.89974,1.11711,0.11259,73636
87.1961,12.89774,1.11701,0.12789,74020
87.2061,12.90389,1.1169,0.134,74608
87.2161,12.92015,1.1168,0.13478,76021
87.22609,12.90278,1.1167,0.13462,74911
87.23609,12.89178,1.1166,0.13335,74779
87.24609,12.87914,1.11649,0.13676,74599
87.25609,12.89724,1.11639,0.10722,75519
87.26609,12.86515,1.11629,0.11517,73841
87.27609,12.86594,1.11619,0.12622,74281
87.28608,12.87287,1.11609,0.13294,74462
87.29608,12.88114,1.11598,0.13561,75676
87.30608,12.8511,1.11588,0.13385,75561
87.31608,12.84076,1.11578,0.13286,75323
87.32608,12.84232,1.11568,0.13727,74827
87.33608,12.83869,1.11557,0.10842,75511
87.34607,12.7971,1.11547,0.12288,73251
87.35607,12.79332,1.11537,0.11506,75012
87.36607,12.79223,1.11527,0.13382,75092
87.37607,12.79424,1.11517,0.13408,75998
87.38607,12.75986,1.11507,0.13619,75131
87.39607,12.76107,1.11496,0.13204,74967
87.40606,12.74251,1.11486,0.13222,76100
87.41606,12.72316,1.11476,0.10876,75612
87.42606,12.70217,1.11466,0.12346,73629
87.43606,12.69238,1.11456,0.11716,74312
87.44606,12.69943,1.11445,0.12897,75423
87.45605,12.67745,1.11435,0.13661,76938
87.46605,12.65316,1.11425,0.13603,75288
87.47605,12.64217,1.11415,0.1314,75026
87.48605,12.64094,1.11405,0.12536,75831
87.49605,12.61384,1.11395,0.11159,75579
87.50605,12.58211,1.11385,0.12456,74595
87.51604,12.5863,1.11374,0.11781,74478
87.52604,12.57781,1.11364,0.12907,76017
87.53604,12.55487,1.11354,0.13406,75595
87.54604,12.54371,1.11344,0.13522,76035
87.55604,12.51995,1.11334,0.13109,75670
87.56604,12.52012,1.11324,0.1187,76551
87.57603,12.48291,1.11314,0.1141,74780
87.58603,12.46439,1.11303,0.12506,74574
87.59603,12.45468,1.11293,0.12105,75375
87.60603,12.4463,1.11283,0.12387,76416
87.61603,12.42502,1.11273,0.13205,75623
87.62603,12.4094,1.11263,0.13625,75210
87.63602,12.39836,1.11253,0.13213,77118
87.64602,12.39052,1.11243,0.1176,76812
87.65602,12.34424,1.11233,0.11369,74595
87.66602,12.33952,1.11222,0.12516,74620
87.67602,12.3344,1.11212,0.1359,75034
87.68602,12.31512,1.11202,0.11201,77172
87.69601,12.29373,1.11192,0.13394,76031
87.70601,12.27081,1.11182,0.13771,75537
87.71601,12.27583,1.11172,0.13173,76752
87.72601,12.2506,1.11162,0.10965,76834
87.73601,12.21472,1.11152,0.11558,74829
87.74601,12.20956,1.11142,0.12494,75973
87.756,12.19109,1.11132,0.13646,75018
87.766,12.18003,1.11122,0.1126,76172
87.776,12.14885,1.11111,0.13202,76513
87.786,12.15659,1.11101,0.13489,77303
87.796,12.12238,1.11091,0.13143,75967
87.80599,12.10313,1.11081,0.10683,75707
87.81599,12.07257,1.11071,0.11791,76025
87.82599,12.07253,1.11061,0.12937,76797
87.83599,12.05577,1.11051,0.13475,74951
87.84599,12.01464,1.11041,0.11041,75438
87.85599,12.01675,1.11031,0.13043,77814
87.86598,11.98748,1.11021,0.13302,77072
87.87598,11.96589,1.11011,0.13374,76227
87.88598,11.93618,1.11001,0.10478,75869
87.89598,11.92684,1.10991,0.11654,76513
87.90598,11.89081,1.10981,0.12972,76445
87.91598,11.87215,1.10971,0.13292,75023
87.92597,11.86847,1.10961,0.11025,76712
87.93597,11.83664,1.10951,0.13147,77083
87.94597,11.80507,1.1094,0.13234,77412
87.95597,11.78466,1.1093,0.13476,76170
87.96597,11.7749,1.1092,0.10027,76886
87.97597,11.7306,1.1091,0.11826,75173
87.98596,11.71937,1.109,0.12834,77058
87.99596,11.7122,1.1089,0.13601,76623
88.00596,11.68835,1.1088,0.11044,76576
88.01596,11.66576,1.1087,0.13019,76267
88.02596,11.63657,1.1086,0.13058,77934
88.03596,11.64368,1.1085,0.11428,77781
88.04595,11.59489,1.1084,0.10932,75438
88.05595,11.5812,1.1083,0.11907,75409
88.06595,11.57351,1.1082,0.13248,78594
88.07595,11.57114,1.1081,0.13596,76261
88.08595,11.53537,1.108,0.10982,76113
88.09595,11.53235,1.1079,0.12552,77034
88.10594,11.50531,1.1078,0.13127,78609
88.11594,11.48224,1.1077,0.10694,77233
88.12594,11.45468,1.1076,0.11302,74963
88.13594,11.46912,1.1075,0.12133,77193
88.14594,11.44533,1.1074,0.13219,78081
88.15594,11.42285,1.1073,0.13491,75841
88.16593,11.41783,1.1072,0.10915,77247
88.17593,11.40187,1.1071,0.12296,77169
88.18593,11.37771,1.107,0.13319,78351
88.19593,11.3565,1.1069,0.1033,77387
88.20593,11.3491,1.10681,0.11628,76060
88.21592,11.33291,1.10671,0.12191,76661
88.22592,11.30722,1.10661,0.13196,77685
88.23592,11.3159,1.10651,0.13462,77313
88.24592,11.28445,1.10641,0.10873,76816
88.25592,11.26232,1.10631,0.12179,77672
88.26592,11.25866,1.10621,0.11573,78848
88.27591,11.22638,1.10611,0.10713,76559
88.28591,11.20615,1.10601,0.1162,75826
88.29591,11.18996,1.10591,0.127,78375
88.30591,11.18352,1.10581,0.13432,78414
88.31591,11.15203,1.10571,0.1395,76054
88.32591,11.14655,1.10561,0.10555,76397
88.3359,11.13489,1.10551,0.12199,79901
88.3459,11.09763,1.10541,0.10517,77870
88.3559,11.07812,1.10531,0.1119,75527
88.3659,11.07877,1.10521,0.12313,77698
88.3759,11.04188,1.10512,0.12964,78813
88.3859,11.04425,1.10502,0.13217,77458
88.39589,11.04362,1.10492,0.13858,76893
88.40589,11.01383,1.10482,0.1016,78224
88.41589,10.99248,1.10472,0.12137,78116
88.42589,10.98502,1.10462,0.09996,78052
88.43589,10.96917,1.10452,0.11849,76474
88.44589,10.9542,1.10442,0.12346,78125
88.45588,10.94739,1.10432,0.13,78366
88.46588,10.9534,1.10422,0.1335,78378
88.47588,10.92187,1.10412,0.12772,76393
88.48588,10.92229,1.10403,0.10316,78527
88.49588,10.9091,1.10393,0.10643,79075
88.50588,10.87421,1.10383,0.10771,76168
88.51587,10.85995,1.10373,0.1205,77708
88.52587,10.89246,1.10363,0.12866,79204
88.53587,10.85283,1.10353,0.13141,77915
88.54587,10.84471,1.10343,0.1361,77798
88.55587,10.84772,1.10333,0.11515,78760
88.56587,10.82915,1.10324,0.11008,77829
88.57586,10.80886,1.10314,0.09729,77543
88.58586,10.78371,1.10304,0.11163,78705
88.59586,10.78799,1.10294,0.122,77871
88.60586,10.77163,1.10284,0.13389,77294
88.61586,10.77182,1.10274,0.13647,80349
88.62585,10.75985,1.10264,0.14006,77956
88.63585,10.74191,1.10254,0.10656,76861
88.64585,10.73332,1.10245,0.09981,78791
88.65585,10.70068,1.10235,0.10063,78893
88.66585,10.68591,1.10225,0.11713,76979
88.67585,10.69992,1.10215,0.12995,78730
88.68584,10.66893,1.10205,0.13907,79905
88.69584,10.65914,1.10195,0.13512,78538
88.70584,10.67241,1.10186,0.13936,77662
88.71584,10.65052,1.10176,0.09873,78958
88.72584,10.62111,1.10166,0.09258,78542
88.73584,10.60732,1.10156,0.11052,77541
88.74583,10.62315,1.10146,0.12249,78547
88.75583,10.58144,1.10136,0.13741,78823
88.76583,10.60285,1.10127,0.13636,79924
88.77583,10.5935,1.10117,0.13644,78663
88.78583,10.56851,1.10107,0.11373,77690
88.79583,10.58566,1.10097,0.09518,79491
88.80582,10.55891,1.10087,0.09812,76884
88.81582,10.53055,1.10078,0.11672,78855
88.82582,10.54741,1.10068,0.12778,79789
88.83582,10.54388,1.10058,0.13927,78532
88.84582,10.52089,1.10048,0.14089,80072
88.85582,10.54349,1.10038,0.13966,78972
88.86581,10.53392,1.10029,0.10315,77603
88.87581,10.50923,1.10019,0.08885,79982
88.88581,10.50053,1.10009,0.1043,77934
88.89581,10.49103,1.09999,0.12195,77737
88.90581,10.48832,1.09989,0.13578,80994
88.91581,10.49105,1.0998,0.14162,79849
88.9258,10.47269,1.0997,0.1489,78730
88.9358,10.49786,1.0996,0.11651,79528
88.9458,10.47861,1.0995,0.08969,78831
88.9558,10.45542,1.09941,0.09914,76013
88.9658,10.43424,1.09931,0.1116,81310
88.9758,10.45259,1.09921,0.12571,78592
88.98579,10.42323,1.09911,0.1475,79268
88.99579,10.44841,1.09901,0.15009,82480
89.00579,10.45538,1.09892,0.15228,77001
89.01579,10.42653,1.09882,0.09552,79893
89.02579,10.39535,1.09872,0.08979,79052
89.03578,10.41254,1.09862,0.10673,76672
89.04578,10.38882,1.09853,0.11767,81328
89.05578,10.3954,1.09843,0.13928,79908
89.06578,10.39868,1.09833,0.14866,78711
89.07578,10.39371,1.09824,0.15743,82127
89.08578,10.38625,1.09814,0.1055,78013
89.09577,10.36758,1.09804,0.08649,79477
89.10577,10.35824,1.09794,0.10488,78630
89.11577,10.36988,1.09785,0.1131,77656
89.12577,10.33987,1.09775,0.12604,82223
89.13577,10.35993,1.09765,0.15433,80450
89.14577,10.34287,1.09755,0.15723,79802
89.15576,10.36415,1.09746,0.11684,79951
89.16576,10.34721,1.09736,0.08931,78300
89.17576,10.30454,1.09726,0.0998,79239
89.18576,10.31635,1.09717,0.11026,79176
89.19576,10.29508,1.09707,0.12267,80344
89.20576,10.3147,1.09697,0.14726,81747
89.21575,10.299,1.09687,0.15546,80247
89.22575,10.3062,1.09678,0.11886,78317
89.23575,10.31559,1.09668,0.09578,79959
89.24575,10.24347,1.09658,0.09504,79363
89.25575,10.26804,1.09649,0.1144,79472
89.26575,10.25208,1.09639,0.12135,81325
89.27574,10.24189,1.09629,0.13171,79430
89.28574,10.27298,1.0962,0.16036,81871
89.29574,10.26159,1.0961,0.11285,77166
89.30574,10.25932,1.096,0.10151,83680
89.31574,10.21626,1.09591,0.09869,77814
89.32574,10.20092,1.09581,0.11211,80890
89.33573,10.25025,1.09571,0.11972,79346
89.34573,10.19645,1.09562,0.1297,80752
89.35573,10.27607,1.09552,0.15063,78539
89.36573,10.22041,1.09542,0.10553,81627
89.37573,10.26218,1.09533,0.11409,80998
89.38573,10.17155,1.09523,0.09821,81149
89.39572,10.21658,1.09513,0.11046,79694
89.40572,10.21611,1.09504,0.12274,79592
89.41572,10.2164,1.09494,0.13075,79444
89.42572,10.25942,1.09484,0.10868,79361
89.43572,10.19173,1.09475,0.13121,81754
89.44571,10.22786,1.09465,0.10812,84664
89.45571,10.16734,1.09455,0.10115,76862
89.46571,10.19171,1.09446,0.11898,81637
89.47571,10.18593,1.09436,0.12465,79429
89.48571,10.21646,1.09426,0.11122,80924
89.49571,10.1755,1.09417,0.11915,79809
89.5057,10.19007,1.09407,0.1316,83418
89.5157,10.1503,1.09398,0.09573,81265
89.5257,10.14673,1.09388,0.11442,79046
89.5357,10.13894,1.09378,0.12513,79713
89.5457,10.16595,1.09369,0.11423,81577
89.5557,10.12563,1.09359,0.1145,79385
89.56569,10.15757,1.09349,0.1219,83213
89.57569,10.10414,1.0934,0.1327,79221
89.58569,10.13268,1.0933,0.09177,81950
89.59569,10.12038,1.09321,0.12464,80561
89.60569,10.11971,1.09311,0.11386,80180
89.61569,10.11809,1.09301,0.11957,82449
89.62568,10.09873,1.09292,0.11936,79443
89.63568,10.13767,1.09282,0.12215,82865
89.64568,10.09188,1.09273,0.09807,81204
89.65568,10.08951,1.09263,0.11419,78737
89.66568,10.11764,1.09253,0.11683,81916
89.67568,10.10383,1.09244,0.11866,81803
89.68567,10.10434,1.09234,0.12068,81211
89.69567,10.11493,1.09225,0.12489,82298
89.70567,10.10238,1.09215,0.10464,81260
89.71567,10.09335,1.09205,0.10739,79447
89.72567,10.09527,1.09196,0.115,81266
89.73567,10.11497,1.09186,0.11646,81586
89.74566,10.0996,1.09177,0.12182,81865
89.75566,10.10409,1.09167,0.12082,82344
89.76566,10.10743,1.09158,0.11275,81680
89.77566,10.08128,1.09148,0.11042,80323
89.78566,10.10307,1.09139,0.10696,81020
89.79565,10.09303,1.09129,0.1175,81302
89.80565,10.09761,1.09119,0.11834,81779
89.81565,10.09832,1.0911,0.12189,82309
89.82565,10.06827,1.091,0.11301,82290
89.83565,10.08837,1.09091,0.11102,81056
89.84565,10.07172,1.09081,0.1115,81254
89.85564,10.07858,1.09072,0.11179,81380
89.86564,10.06736,1.09062,0.11617,81490
89.87564,10.06851,1.09053,0.123,82162
89.88564,10.06148,1.09043,0.11651,82270
89.89564,10.06989,1.09034,0.1102,81202
89.90564,10.05571,1.09024,0.11295,80129
89.91563,10.08644,1.09014,0.11325,79724
89.92563,10.08469,1.09005,0.11472,79093
89.93563,10.08665,1.08995,0.11956,78776
89.94563,10.1101,1.08986,0.1173,78172
89.95563,10.10948,1.08976,0.11456,76871
89.96563,10.13207,1.08967,0.11263,75902
89.97562,10.15987,1.08957,0.11365,74669
89.98562,10.15933,1.08948,0.11518,73610
89.99562,10.1834,1.08938,0.11931,73277
90.00562,10.20174,1.08929,0.11737,71996
90.01562,10.19406,1.08919,0.11994,70357
90.02562,10.21539,1.0891,0.11907,68917
90.03561,10.22118,1.089,0.11635,67161
90.04561,10.21658,1.08891,0.11822,65667
90.05561,10.22037,1.08881,0.11919,64733
90.06561,10.22143,1.08872,0.12064,62796
90.07561,10.20686,1.08862,0.11936,60633
90.08561,10.20518,1.08853,0.12537,58177
90.0956,10.20687,1.08843,0.12588,55711
90.1056,10.18765,1.08834,0.12602,54159
90.1156,10.16823,1.08824,0.1182,52022
90.1256,10.16502,1.08815,0.12685,49473
90.1356,10.13377,1.08806,0.12691,46683
90.1456,10.11183,1.08796,0.12586,43704
90.15559,10.08155,1.08787,0.14404,40942
90.16559,10.05762,1.08777,0.13897,38804
90.17559,10.03874,1.08768,0.13897,35719
90.18559,10.05981,1.08758,0.12939,32394
90.19559,10.01611,1.08749,0.13039,28104
90.20558,10.05324,1.08739,0.14138,23226
90.21558,10.01363,1.0873,0.15285,19348
90.22558,9.92337,1.0872,0.16292,16196
90.23558,9.93826,1.08711,0.17125,13375
90.24558,9.97857,1.08701,0.17687,10848
90.25558,10.04337,1.08692,0.18038,7774
90.26557,10.59702,1.08683,0.24792,4126
90.27557,10.76411,1.08673,0.28595,2593
90.28557,10.67877,1.08664,0.27871,1347
90.29557,11.01593,1.08654,0.27784,189
90.30557,10.58662,1.08645,0.38529,24
