2thetadeg,d-value,intx,sigx,count
0.001,88267.7,0,0,0
0.011,8025.665,0,0,0
0.021,4203.953,0,0,0
0.03099,2847.847,0,0,0
0.04099,2153.253,0,0,0
0.05099,1731.048,0,0,0
0.06099,1447.271,0,0,0
0.07099,1243.43,0,0,0
0.08099,1089.921,0,0,0
0.09098,970.1496,0,0,0
0.10098,874.0953,0,0,0
0.11098,795.3482,0,0,0
0.12098,729.617,0,0,0
0.13098,673.9212,0,0,0
0.14097,626.1254,0,0,0
0.15097,584.6602,0,0,0
0.16097,548.346,0,0,0
0.17097,516.279,0,0,0
0.18097,487.7554,0,0,0
0.19097,462.2185,0,0,0
0.20096,439.2226,0,0,0
0.21096,418.4064,0,0,0
0.22096,399.474,0,0,0
0.23096,382.1808,0,0,0
0.24096,366.3227,0,0,0
0.25095,351.7282,0,0,0
0.26095,338.2521,0,0,0
0.27095,325.7705,0,0,0
0.28095,314.1773,0,0,0
0.29095,303.3808,0,0,0
0.30095,293.3017,0,0,0
0.31094,283.8709,0,0,0
0.32094,275.0275,0,0,0
0.33094,266.7186,0,0,0
0.34094,258.897,0,0,0
0.35094,251.521,0,0,0
0.36093,244.5537,0,0,0
0.37093,237.962,0,0,0
0.38093,231.7163,0,0,0
0.39093,225.79,0,0,0
0.40093,220.1594,0,0,0
0.41093,214.8027,0,0,0
0.42092,209.7006,0,0,0
0.43092,204.8351,0,0,0
0.44092,200.1904,0,0,0
0.45092,195.7516,0,0,0
0.46092,191.5054,0,0,0
0.47091,187.4395,0,0,0
0.48091,183.5426,0,0,0
0.49091,179.8045,0,0,0
0.50091,176.2156,0,0,0
0.51091,172.7672,0,0,0
0.52091,169.4512,0,0,0
0.5309,166.26,0,0,0
0.5409,163.1868,0,0,0
0.5509,160.2252,0,0,0
0.5609,157.3692,0,0,0
0.5709,154.6132,0,0,0
0.58089,151.952,0,0,0
0.59089,149.381,0,0,0
0.60089,146.8954,0,0,0
0.61089,144.4913,0,0,0
0.62089,142.1646,0,0,0
0.63089,139.9116,0,0,0
0.64088,137.7289,0,0,0
0.65088,135.6133,0,0,0
0.66088,133.5616,0,0,0
0.67088,131.5712,0,0,0
0.68088,129.6392,0,0,0
0.69087,127.7631,0,0,0
0.70087,125.9405,0,0,0
0.71087,124.1692,0,0,0
0.72087,122.4471,0,0,0
0.73087,120.772,0,0,0
0.74087,119.1422,0,0,0
0.75086,117.5558,0,0,0
0.76086,116.011,0,0,0
0.77086,114.5064,0,0,0
0.78086,113.0403,0,0,0
0.79086,111.6112,0,0,0
0.80085,110.2178,0,0,0
0.81085,108.8588,0,0,0
0.82085,107.5329,0,0,0
0.83085,106.2389,0,0,0
0.84085,104.9757,0,0,0
0.85085,103.7422,0,0,0
0.86084,102.5373,0,0,0
0.87084,101.3601,0,0,0
0.88084,100.2096,0,0,0
0.89084,99.0849,0,0,0
0.90084,97.9852,0,0,0
0.91083,96.90965,0,0,0
0.92083,95.85745,0,0,0
0.93083,94.82785,0,0,0
0.94083,93.82014,0,0,0
0.95083,92.83362,0,0,0
0.96083,91.86763,0,0,0
0.97082,90.92154,0,0,0
0.98082,89.99474,0,0,0
0.99082,89.08664,0,0,0
1.00082,88.19669,0,0,0
1.01082,87.32434,0,0,0
1.02081,86.46908,0,0,0
1.03081,85.63041,0,0,0
1.04081,84.80785,0,0,0
1.05081,84.00095,0,0,0
1.06081,83.20926,0,0,0
1.07081,82.43235,0,0,0
1.0808,81.66982,0,0,0
1.0908,80.92126,0,0,0
1.1008,80.1863,0,0,0
1.1108,79.46458,0,0,0
1.1208,78.75573,0,0,0
1.13079,78.05941,0,0,0
1.14079,77.3753,0,0,0
1.15079,76.70308,0,0,0
1.16079,76.04244,0,0,0
1.17079,75.39308,0,0,0
1.18079,74.75472,0,0,0
1.19078,74.12708,0,0,0
1.20078,73.50989,0,0,0
1.21078,72.9029,0,0,0
1.22078,72.30584,0,0,0
1.23078,71.71849,0,0,0
1.24077,71.1406,0,0,0
1.25077,70.57196,0,0,0
1.26077,70.01233,0,0,0
1.27077,69.46151,0,0,0
1.28077,68.91928,0,0,0
1.29077,68.38546,0,0,0
1.30076,67.85985,0,0,0
1.31076,67.34225,0,0,0
1.32076,66.83249,0,0,0
1.33076,66.33039,0,0,0
1.34076,65.83578,0,0,0
1.35075,65.34849,0,0,0
1.36075,64.86836,0,0,0
1.37075,64.39524,0,0,0
1.38075,63.92897,0,0,0
1.39075,63.4694,0,0,0
1.40075,63.01639,0,0,0
1.41074,62.56981,0,0,0
1.42074,62.12951,0,0,0
1.43074,61.69536,0,0,0
1.44074,61.26724,0,0,0
1.45074,60.84502,0,0,0
1.46073,60.42858,0,0,0
1.47073,60.0178,0,0,0
1.48073,59.61257,0,0,0
1.49073,59.21278,0,0,0
1.50073,58.81831,0,0,0
1.51073,58.42907,0,0,0
1.52072,58.04494,0,0,0
1.53072,57.66583,0,0,0
1.54072,57.29165,0,0,0
1.55072,56.92228,0,0,0
1.56072,56.55765,0,0,0
1.57071,56.19766,0,0,0
1.58071,55.84223,0,0,0
1.59071,55.49126,0,0,0
1.60071,55.14468,0,0,0
1.61071,54.8024,0,0,0
1.62071,54.46435,0,0,0
1.6307,54.13044,0,0,0
1.6407,53.8006,0,0,0
1.6507,53.47475,0,0,0
1.6607,53.15283,0,0,0
1.6707,52.83477,0,0,0
1.68069,52.52048,0,0,0
1.69069,52.20992,0,0,0
1.70069,51.903,0,0,0
1.71069,51.59968,0,0,0
1.72069,51.29987,0,0,0
1.73068,51.00354,0,0,0
1.74068,50.7106,0,0,0
1.75068,50.42102,0,0,0
1.76068,50.13472,0,0,0
1.77068,49.85165,0,0,0
1.78068,49.57177,0,0,0
1.79067,49.29501,0,0,0
1.80067,49.02132,0,0,0
1.81067,48.75066,0,0,0
1.82067,48.48297,0,0,0
1.83067,48.2182,0,0,0
1.84066,47.95631,0,0,0
1.85066,47.69725,0,0,0
1.86066,47.44097,0,0,0
1.87066,47.18743,0,0,0
1.88066,46.93659,0,0,0
1.89066,46.6884,0,0,0
1.90065,46.44283,0,0,0
1.91065,46.19982,0,0,0
1.92065,45.95935,0,0,0
1.93065,45.72136,0,0,0
1.94065,45.48583,0,0,0
1.95064,45.25271,0,0,0
1.96064,45.02197,0,0,0
1.97064,44.79357,0,0,0
1.98064,44.56747,0,0,0
1.99064,44.34365,0,0,0
2.00064,44.12207,0,0,0
2.01063,43.90268,0,0,0
2.02063,43.68547,0,0,0
2.03063,43.4704,0,0,0
2.04063,43.25744,0,0,0
2.05063,43.04655,0,0,0
2.06062,42.83771,0,0,0
2.07062,42.63089,0,0,0
2.08062,42.42605,0,0,0
2.09062,42.22318,0,0,0
2.10062,42.02223,0,0,0
2.11062,41.82319,0,0,0
2.12061,41.62603,0,0,0
2.13061,41.43072,0,0,0
2.14061,41.23723,0,0,0
2.15061,41.04554,0,0,0
2.16061,40.85562,0,0,0
2.1706,40.66746,0,0,0
2.1806,40.48102,0,0,0
2.1906,40.29628,0,0,0
2.2006,40.11322,0,0,0
2.2106,39.93182,0,0,0
2.2206,39.75205,0,0,0
2.23059,39.57389,0,0,0
2.24059,39.39732,0,0,0
2.25059,39.22232,0,0,0
2.26059,39.04887,0,0,0
2.27059,38.87695,0,0,0
2.28058,38.70653,0,0,0
2.29058,38.5376,0,0,0
2.30058,38.37014,0,0,0
2.31058,38.20413,0,0,0
2.32058,38.03955,0,0,0
2.33058,37.87639,0,0,0
2.34057,37.71461,0,0,0
2.35057,37.55422,0,0,0
2.36057,37.39518,0,0,0
2.37057,37.23748,0,0,0
2.38057,37.08111,0,0,0
2.39056,36.92605,0,0,0
2.40056,36.77227,0,0,0
2.41056,36.61978,0,0,0
2.42056,36.46854,0,0,0
2.43056,36.31855,0,0,0
2.44056,36.16978,0,0,0
2.45055,36.02224,0,0,0
2.46055,35.87589,0,0,0
2.47055,35.73072,0,0,0
2.48055,35.58673,0,0,0
2.49055,35.44389,0,0,0
2.50054,35.30219,0,0,0
2.51054,35.16162,0,0,0
2.52054,35.02217,0,0,0
2.53054,34.88382,0,0,0
2.54054,34.74656,0,0,0
2.55054,34.61037,0,0,0
2.56053,34.47525,0,0,0
2.57053,34.34118,0,0,0
2.58053,34.20815,0,0,0
2.59053,34.07614,0,0,0
2.60053,33.94516,0,0,0
2.61052,33.81517,0,0,0
2.62052,33.68618,0,0,0
2.63052,33.55816,0,0,0
2.64052,33.43112,0,0,0
2.65052,33.30503,0,0,0
2.66052,33.1799,0,0,0
2.67051,33.0557,0,0,0
2.68051,32.93242,0,0,0
2.69051,32.81006,0,0,0
2.70051,32.68861,0,0,0
2.71051,32.56806,0,0,0
2.7205,32.44839,0,0,0
2.7305,32.3296,0,0,0
2.7405,32.21167,0,0,0
2.7505,32.0946,0,0,0
2.7605,31.97838,0,0,0
2.7705,31.863,0,0,0
2.78049,31.74845,0,0,0
2.79049,31.63472,0,0,0
2.80049,31.5218,0,0,0
2.81049,31.40968,0,0,0
2.82049,31.29836,0,0,0
2.83048,31.18783,0,0,0
2.84048,31.07808,0,0,0
2.85048,30.96909,0,0,0
2.86048,30.86087,0,0,0
2.87048,30.7534,0,0,0
2.88048,30.64667,0,0,0
2.89047,30.54069,0,0,0
2.90047,30.43544,0,0,0
2.91047,30.3309,0,0,0
2.92047,30.22709,0,0,0
2.93047,30.12398,0,0,0
2.94046,30.02158,0,0,0
2.95046,29.91987,0,0,0
2.96046,29.81884,0,0,0
2.97046,29.7185,0,0,0
2.98046,29.61883,0,0,0
2.99046,29.51982,0,0,0
3.00045,29.42148,0,0,0
3.01045,29.32379,0,0,0
3.02045,29.22674,0,0,0
3.03045,29.13034,0,0,0
3.04045,29.03457,0,0,0
3.05044,28.93943,153.5433,5.02948,1
3.06044,28.84491,0,0,0
3.07044,28.751,0,0,0
3.08044,28.65771,0,0,0
3.09044,28.56502,0,0,0
3.10044,28.47293,0,0,0
3.11043,28.38142,147.5233,5.01594,1
3.12043,28.29051,139.9118,4.80459,1
3.13043,28.20018,140.1831,3.05705,1
3.14043,28.11042,140.4545,3.06001,1
3.15043,28.02123,140.7258,3.06296,1
3.16042,27.93261,140.9972,4.91187,1
3.17042,27.84454,137.7406,3.0303,1
3.18042,27.75703,134.4839,4.83393,1
3.19042,27.67007,132.4868,2.57378,1
3.20042,27.58365,131.2885,2.29162,2
3.21042,27.49776,130.4896,3.34589,2
3.22041,27.41242,125.8404,1.83187,3
3.23041,27.3276,122.741,4.467,3
3.24041,27.2433,120.8989,1.4195,4
3.25041,27.15952,120.1106,1.15523,6
3.26041,27.07626,119.4432,1.06656,7
3.2704,26.99351,119.8225,2.23509,13
3.2804,26.91126,118.6017,0.72603,15
3.2904,26.82951,117.9517,4.35664,25
3.3004,26.74825,117.4066,3.19659,37
3.3104,26.66749,116.8263,3.19145,47
3.3204,26.58721,116.1679,2.22701,66
3.33039,26.50742,115.3306,4.59488,84
3.34039,26.4281,114.6775,3.19165,108
3.35039,26.34925,113.891,3.20851,137
3.36039,26.27088,113.2659,3.21524,170
3.37039,26.19297,112.5519,4.45248,206
3.38038,26.11552,111.7699,4.34735,249
3.39038,26.03853,111.0404,1.97751,277
3.40038,25.96199,110.2415,2.55205,317
3.41038,25.8859,109.428,4.65335,355
3.42038,25.81025,108.6262,3.13577,404
3.43038,25.73505,107.8321,2.54163,447
3.44037,25.66028,106.9853,3.16863,478
3.45037,25.58595,106.2108,4.5084,544
3.46037,25.51205,105.4737,2.51342,562
3.47037,25.43857,104.6685,2.51502,616
3.48037,25.36551,103.9792,1.88959,614
3.49036,25.29287,103.1775,4.14037,632
3.50036,25.22065,102.413,2.07159,680
3.51036,25.14884,101.5588,2.45595,674
3.52036,25.07744,100.7337,2.46352,745
3.53036,25.00644,99.85633,2.06207,750
3.54036,24.93584,98.94038,2.02172,776
3.55035,24.86564,98.1783,1.83167,802
3.56035,24.79584,97.21339,2.35018,820
3.57035,24.72642,96.56777,2.04585,887
3.58035,24.6574,95.54093,2.29836,849
3.59035,24.58875,94.90461,1.92603,960
3.60034,24.52049,93.93097,1.53676,922
3.61034,24.45261,93.24001,1.92832,1007
3.62034,24.3851,92.39113,4.17381,983
3.63034,24.31797,91.69291,1.6089,1046
3.64034,24.2512,91.02621,1.71109,1089
3.65034,24.1848,90.3547,2.30096,1122
3.66033,24.11876,89.72201,3.82229,1186
3.67033,24.05308,88.96847,1.35534,1175
3.68033,23.98776,88.27688,1.3448,1244
3.69033,23.92279,87.56053,2.67181,1256
3.70033,23.85818,86.83658,1.88198,1270
3.71032,23.79391,86.29171,2.2499,1296
3.72032,23.72999,85.63737,1.69025,1323
3.73032,23.66641,85.22881,1.88377,1407
3.74032,23.60317,84.61696,1.53368,1377
3.75032,23.54027,84.18941,1.67179,1404
3.76032,23.4777,83.61609,2.25005,1377
3.77031,23.41546,82.92551,1.4703,1450
3.78031,23.35355,82.33772,1.78155,1434
3.79031,23.29197,81.83485,1.65062,1435
3.80031,23.23072,81.32319,1.67401,1457
3.81031,23.16978,80.76653,1.43745,1512
3.8203,23.10917,80.38876,1.49718,1539
3.8303,23.04887,79.85679,1.45338,1502
3.8403,22.98888,79.43753,2.08398,1521
3.8503,22.92921,78.91944,2.64687,1512
3.8603,22.86985,78.49576,3.41286,1548
3.8703,22.81079,78.08385,1.56828,1515
3.88029,22.75203,77.34928,1.18053,1533
3.89029,22.69358,76.86404,1.20247,1612
3.90029,22.63543,76.40531,1.42151,1603
3.91029,22.57758,76.03037,1.84238,1684
3.92029,22.52002,75.57991,1.40518,1678
3.93028,22.46275,75.14467,2.05203,1673
3.94028,22.40578,74.69236,2.50651,1662
3.95028,22.34909,74.25541,1.46304,1649
3.96028,22.29269,73.82141,2.10918,1667
3.97028,22.23657,73.42865,1.37762,1565
3.98028,22.18074,73.04075,1.08534,1671
3.99027,22.12519,72.53235,1.4138,1687
4.00027,22.06991,72.16214,2.03375,1746
4.01027,22.01491,71.68228,1.41124,1730
4.02027,21.96018,71.36548,1.19845,1803
4.03027,21.90572,70.96301,1.71657,1804
4.04026,21.85154,70.5361,1.40903,1823
4.05026,21.79762,70.02886,3.26157,1727
4.06026,21.74397,69.64215,1.33606,1723
4.07026,21.69058,69.47156,1.19886,1776
4.08026,21.63745,69.24583,1.52641,1762
4.09026,21.58458,68.85933,1.26438,1826
4.10025,21.53197,68.337,1.24912,1821
4.11025,21.47962,68.0551,1.23777,1864
4.12025,21.42752,67.61265,1.78547,1871
4.13025,21.37567,67.36933,1.56083,1920
4.14025,21.32407,66.89376,1.33071,1844
4.15024,21.27272,66.62251,1.06613,1926
4.16024,21.22162,66.23273,1.28083,1926
4.17024,21.17077,65.90558,0.99323,1953
4.18024,21.12015,65.75578,1.66858,1963
4.19024,21.06978,65.32693,1.07528,2059
4.20024,21.01965,64.93017,1.089,2074
4.21023,20.96976,64.49809,1.09682,2133
4.22023,20.9201,64.14781,1.18086,2123
4.23023,20.87068,63.83283,0.7996,2264
4.24023,20.82149,63.48979,1.6393,2365
4.25023,20.77253,63.12718,1.03073,2419
4.26022,20.7238,62.77775,1.05216,2476
4.27022,20.6753,62.43529,0.8894,2571
4.28022,20.62703,62.20148,1.51892,2597
4.29022,20.57898,61.88798,1.02663,2729
4.30022,20.53115,61.4756,0.966,2744
4.31022,20.48355,61.19384,0.79715,2822
4.32021,20.43617,60.78947,0.97441,2969
4.33021,20.38901,60.57348,1.03322,2979
4.34021,20.34206,60.19216,1.13631,3184
4.35021,20.29533,59.94644,0.89037,3147
4.36021,20.24881,59.62209,0.9748,3275
4.3702,20.20251,59.3746,1.20547,3232
4.3802,20.15642,58.98424,0.98266,3380
4.3902,20.11054,58.83443,0.96502,3275
4.4002,20.06487,58.38144,0.96174,3392
4.4102,20.0194,58.21301,0.73705,3419
4.4202,19.97414,57.84964,0.98906,3443
4.43019,19.92908,57.63488,1.0099,3498
4.44019,19.88423,57.43533,0.95264,3553
4.45019,19.83958,57.07936,1.14526,3604
4.46019,19.79513,56.8636,0.92697,3520
4.47019,19.75088,56.52528,0.83937,3598
4.48018,19.70682,56.37184,0.79858,3537
4.49018,19.66296,56.03448,1.12885,3663
4.50018,19.6193,55.92341,0.87136,3595
4.51018,19.57583,55.56002,0.7885,3679
4.52018,19.53255,55.46146,1.00114,3661
4.53018,19.48947,55.11449,0.93294,3692
4.54017,19.44657,55.04403,1.02285,3804
4.55017,19.40386,54.68168,0.75823,3769
4.56017,19.36134,54.48943,0.81997,3753
4.57017,19.31901,54.23522,0.83066,3773
4.58017,19.27686,54.17285,0.94952,3829
4.59016,19.23489,53.89508,1.14931,3937
4.60016,19.19311,53.70039,0.98454,3784
4.61016,19.15151,53.49424,0.69101,3942
4.62016,19.11008,53.31257,0.82146,3878
4.63016,19.06884,53.0912,0.8664,3937
4.64016,19.02778,52.87375,0.78103,3939
4.65015,18.98689,52.77095,0.72762,3960
4.66015,18.94617,52.49252,0.8924,3989
4.67015,18.90563,52.38204,0.88215,3943
4.68015,18.86527,52.1783,1.00999,4170
4.69015,18.82507,52.05576,0.84568,4052
4.70014,18.78505,51.78849,0.72862,4130
4.71014,18.7452,51.70195,0.87845,4010
4.72014,18.70552,51.39069,0.7684,4095
4.73014,18.666,51.3635,0.76859,4143
4.74014,18.62665,51.13015,0.71429,4268
4.75014,18.58747,51.04133,0.83697,4189
4.76013,18.54845,50.75546,0.73039,4234
4.77013,18.50959,50.74873,0.9825,4294
4.78013,18.4709,50.54383,0.88402,4388
4.79013,18.43237,50.45176,0.80736,4390
4.80013,18.394,50.11753,0.79164,4313
4.81012,18.35579,50.10877,0.74352,4266
4.82012,18.31774,49.97836,0.57186,4456
4.83012,18.27984,49.86521,0.97831,4401
4.84012,18.2421,49.68941,0.83751,4538
4.85012,18.20452,49.57798,0.69918,4437
4.86012,18.16709,49.41499,0.80566,4545
4.87011,18.12982,49.38083,1.08746,4618
4.88011,18.0927,49.1433,0.73226,4539
4.89011,18.05573,49.06517,0.6851,4589
4.90011,18.01891,48.90895,0.62942,4615
4.91011,17.98224,48.86257,0.98337,4670
4.9201,17.94572,48.73842,0.82501,4630
4.9301,17.90935,48.61658,0.70041,4664
4.9401,17.87313,48.46102,0.8798,4698
4.9501,17.83705,48.38348,0.62091,4760
4.9601,17.80112,48.20854,0.69926,4798
4.9701,17.76533,48.08785,0.67925,4785
4.98009,17.72969,47.94166,0.69612,4809
4.99009,17.69419,47.90561,1.04241,4823
5.00009,17.65883,47.74302,0.56781,4933
5.01009,17.62361,47.6854,0.8926,4954
5.02009,17.58853,47.50395,0.77813,4952
5.03008,17.55359,47.43183,0.77138,4930
5.04008,17.51879,47.27496,0.71383,4998
5.05008,17.48413,47.15588,0.5627,4986
5.06008,17.44961,47.04289,0.65274,5088
5.07008,17.41522,46.92968,0.73761,5109
5.08007,17.38097,46.81692,0.81118,5173
5.09007,17.34685,46.76966,0.66449,5297
5.10007,17.31287,46.57616,0.63213,5236
5.11007,17.27901,46.49633,0.77972,5291
5.12007,17.24529,46.43137,0.76864,5309
5.13007,17.21171,46.26002,0.69456,5274
5.14006,17.17825,46.19984,0.68319,5323
5.15006,17.14492,46.03205,0.53862,5371
5.16006,17.11173,46.01735,0.61064,5415
5.17006,17.07866,45.93576,0.84304,5543
5.18006,17.04571,45.81853,0.83265,5531
5.19005,17.0129,45.71166,0.62455,5524
5.20005,16.98021,45.55359,0.64826,5593
5.21005,16.94765,45.43427,0.67782,5546
5.22005,16.91521,45.39614,0.62268,5717
5.23005,16.8829,45.33194,0.697,5644
5.24005,16.85071,45.19368,0.64721,5652
5.25004,16.81864,45.15862,0.5703,5682
5.26004,16.78669,45.04263,0.5833,5857
5.27004,16.75487,44.95334,0.70386,5817
5.28004,16.72316,44.80853,0.79799,5863
5.29004,16.69158,44.66919,0.5897,5795
5.30003,16.66011,44.65778,0.52408,5932
5.31003,16.62877,44.58785,0.67449,6013
5.32003,16.59754,44.47918,0.56585,6040
5.33003,16.56643,44.40177,0.66382,6103
5.34003,16.53543,44.29903,0.71881,6218
5.35003,16.50455,44.27832,0.64017,6138
5.36002,16.47379,44.1296,0.54686,6240
5.37002,16.44314,44.02267,0.64572,6175
5.38002,16.4126,43.94905,0.52424,6364
5.39002,16.38218,43.93046,0.56238,6348
5.40002,16.35187,43.74737,0.60955,6479
5.41001,16.32167,43.74963,0.65254,6472
5.42001,16.29159,43.58559,0.6547,6622
5.43001,16.26161,43.57497,0.49626,6767
5.44001,16.23175,43.43276,0.66281,6767
5.45001,16.20199,43.31883,0.53387,6742
5.46001,16.17235,43.19886,0.53801,6871
5.47,16.14281,43.1396,0.51636,6988
5.48,16.11338,42.96062,0.50251,7095
5.49,16.08406,42.9412,0.62038,7191
5.5,16.05484,42.76621,0.56174,7311
5.51,16.02573,42.76625,0.53437,7354
5.51999,15.99673,42.53651,0.71849,7479
5.52999,15.96783,42.4929,0.58111,7423
5.53999,15.93903,42.34769,0.53315,7584
5.54999,15.91034,42.31486,0.47875,7738
5.55999,15.88175,42.18894,0.48195,7791
5.56999,15.85327,42.03224,0.52195,7851
5.57998,15.82488,41.9982,0.4875,8042
5.58998,15.7966,41.91588,0.66085,8146
5.59998,15.76842,41.83294,0.56964,8255
5.60998,15.74034,41.64474,0.46869,8205
5.61998,15.71236,41.56001,0.55736,8250
5.62997,15.68448,41.55677,0.53326,8548
5.63997,15.6567,41.47661,0.53911,8515
5.64997,15.62901,41.29685,0.54141,8532
5.65997,15.60143,41.29955,0.52274,8598
5.66997,15.57394,41.14216,0.61249,8569
5.67997,15.54655,41.15789,0.4249,8780
5.68996,15.51925,40.97905,0.5018,8761
5.69996,15.49205,41.07795,0.49168,8873
5.70996,15.46495,40.92108,0.51539,8957
5.71996,15.43794,40.88742,0.44011,8881
5.72996,15.41102,40.81627,0.49158,9207
5.73995,15.3842,40.78928,0.62421,9178
5.74995,15.35747,40.6954,0.53803,9215
5.75995,15.33084,40.63956,0.59103,9121
5.76995,15.3043,40.47808,0.48505,9018
5.77995,15.27784,40.54366,0.55456,9208
5.78995,15.25148,40.44457,0.47176,9320
5.79994,15.22522,40.337,0.41888,9289
5.80994,15.19904,40.32269,0.47966,9323
5.81994,15.17295,40.26052,0.43728,9451
5.82994,15.14695,40.25388,0.48168,9495
5.83994,15.12104,40.13363,0.54778,9628
5.84993,15.09522,40.0517,0.50772,9571
5.85993,15.06949,40.0128,0.49527,9650
5.86993,15.04384,39.92541,0.47574,9606
5.87993,15.01828,39.84703,0.49546,9649
5.88993,14.99281,39.89833,0.51131,9833
5.89993,14.96743,39.68237,0.45246,9839
5.90992,14.94213,39.72626,0.46734,9912
5.91992,14.91692,39.59259,0.4403,9860
5.92992,14.89179,39.51397,0.4192,9852
5.93992,14.86674,39.54565,0.47749,9955
5.94992,14.84178,39.43835,0.45491,10225
5.95991,14.81691,39.39434,0.45571,10180
5.96991,14.79212,39.33588,0.4715,10351
5.97991,14.76741,39.29003,0.51742,10264
5.98991,14.74278,39.2174,0.47288,10404
5.99991,14.71823,39.16787,0.47837,10395
6.00991,14.69377,39.09867,0.43317,10529
6.0199,14.66939,39.06384,0.50754,10346
6.0299,14.64509,38.98195,0.46693,10478
6.0399,14.62087,38.98765,0.4003,10556
6.0499,14.59673,38.9328,0.39777,10650
6.0599,14.57267,38.84784,0.54013,10770
6.06989,14.54869,38.8686,0.39906,10827
6.07989,14.52478,38.81395,0.44537,10867
6.08989,14.50096,38.74362,0.492,10859
6.09989,14.47721,38.69756,0.44319,11047
6.10989,14.45355,38.72418,0.45854,11003
6.11989,14.42996,38.60214,0.43351,11185
6.12988,14.40644,38.56907,0.50832,11040
6.13988,14.383,38.59296,0.43662,11202
6.14988,14.35964,38.52146,0.4157,11315
6.15988,14.33636,38.40631,0.41783,11081
6.16988,14.31315,38.37905,0.40272,11317
6.17987,14.29001,38.39057,0.36463,11288
6.18987,14.26696,38.38179,0.54814,11474
6.19987,14.24397,38.27343,0.42427,11611
6.20987,14.22106,38.18043,0.45911,11636
6.21987,14.19822,38.24899,0.44243,11560
6.22987,14.17546,38.1388,0.39882,11737
6.23986,14.15277,38.07521,0.49952,11648
6.24986,14.13015,38.0798,0.36063,11924
6.25986,14.1076,37.92421,0.45815,11865
6.26986,14.08513,37.95935,0.46924,11774
6.27986,14.06273,37.87113,0.36411,11976
6.28985,14.04039,37.88875,0.44547,11930
6.29985,14.01813,37.75416,0.41779,12218
6.30985,13.99594,37.79682,0.49544,12138
6.31985,13.97382,37.65505,0.34228,12192
6.32985,13.95177,37.6202,0.42172,12235
6.33985,13.92979,37.6376,0.42467,12243
6.34984,13.90788,37.54884,0.40025,12522
6.35984,13.88604,37.5748,0.42784,12585
6.36984,13.86427,37.51357,0.45697,12497
6.37984,13.84256,37.43964,0.48484,12438
6.38984,13.82093,37.33322,0.41359,12561
6.39983,13.79936,37.37873,0.35607,12677
6.40983,13.77786,37.30632,0.40469,12733
6.41983,13.75642,37.2835,0.37252,12713
6.42983,13.73505,37.28249,0.43714,12860
6.43983,13.71375,37.14889,0.44275,12662
6.44983,13.69251,37.25438,0.36758,12953
6.45982,13.67134,37.1727,0.41529,13124
6.46982,13.65024,37.16749,0.40767,13035
6.47982,13.6292,37.08221,0.41845,13029
6.48982,13.60822,37.04137,0.40868,12965
6.49982,13.58731,37.08295,0.39461,13168
6.50981,13.56647,37.02154,0.42037,13239
6.51981,13.54569,37.02413,0.38765,13317
6.52981,13.52497,36.96738,0.42017,13209
6.53981,13.50431,36.94827,0.39771,13341
6.54981,13.48372,36.84198,0.41461,13089
6.55981,13.46319,36.937,0.35294,13423
6.5698,13.44273,36.88524,0.38987,13519
6.5798,13.42232,36.832,0.39493,13548
6.5898,13.40198,36.80761,0.4086,13425
6.5998,13.3817,36.75849,0.37429,13629
6.6098,13.36148,36.82753,0.46737,13464
6.61979,13.34132,36.69188,0.39977,13899
6.62979,13.32123,36.63471,0.42148,13713
6.63979,13.30119,36.66561,0.37154,13758
6.64979,13.28121,36.57863,0.38343,13700
6.65979,13.2613,36.59115,0.37771,13599
6.66979,13.24144,36.51768,0.3481,13846
6.67978,13.22164,36.54825,0.36486,13921
6.68978,13.2019,36.49873,0.40363,14004
6.69978,13.18223,36.45441,0.38506,14195
6.70978,13.1626,36.39671,0.38735,14043
6.71978,13.14304,36.41423,0.40386,14156
6.72977,13.12354,36.3868,0.36788,14266
6.73977,13.10409,36.32737,0.39143,14437
6.74977,13.08471,36.30786,0.42313,14250
6.75977,13.06537,36.25587,0.41323,14415
6.76977,13.0461,36.28866,0.35533,14487
6.77977,13.02688,36.19144,0.35284,14097
6.78976,13.00772,36.18191,0.33143,14492
6.79976,12.98862,36.23172,0.3694,14658
6.80976,12.96957,36.09779,0.41372,14699
6.81976,12.95058,36.17096,0.36921,14843
6.82976,12.93164,36.14699,0.39428,14818
6.83975,12.91276,36.07574,0.35108,14965
6.84975,12.89394,36.07102,0.4145,14938
6.85975,12.87517,36.04597,0.37962,15064
6.86975,12.85645,35.99864,0.37299,14975
6.87975,12.83779,35.96871,0.41625,15173
6.88975,12.81918,35.99447,0.3602,15117
6.89974,12.80063,35.94976,0.33019,15087
6.90974,12.78213,35.90663,0.34198,15224
6.91974,12.76368,35.92564,0.36415,15389
6.92974,12.74529,35.83906,0.39563,15416
6.93974,12.72695,35.87812,0.34843,15356
6.94973,12.70866,35.84244,0.38387,15449
6.95973,12.69043,35.79562,0.34745,15642
6.96973,12.67225,35.84572,0.37105,15414
6.97973,12.65412,35.78406,0.41186,15922
6.98973,12.63604,35.7683,0.40612,15834
6.99973,12.61801,35.7552,0.36124,15621
7.00972,12.60004,35.66342,0.37563,15577
7.01972,12.58211,35.64738,0.32645,15696
7.02972,12.56424,35.63438,0.33419,15522
7.03972,12.54642,35.59399,0.3307,15716
7.04972,12.52865,35.58695,0.37487,15622
7.05971,12.51093,35.5433,0.38609,15674
7.06971,12.49325,35.49426,0.36977,15752
7.07971,12.47563,35.45725,0.36115,15791
7.08971,12.45806,35.43395,0.33162,15609
7.09971,12.44054,35.37749,0.41341,15691
7.10971,12.42307,35.29075,0.3544,15445
7.1197,12.40565,35.27059,0.36718,15373
7.1297,12.38827,35.20353,0.32228,15423
7.1397,12.37095,35.20201,0.34404,15458
7.1497,12.35367,35.17361,0.33898,15371
7.1597,12.33644,35.1038,0.36666,15427
7.16969,12.31926,35.1309,0.36458,15438
7.17969,12.30213,35.04798,0.3251,15556
7.18969,12.28504,35.01236,0.37146,15377
7.19969,12.268,35.01474,0.38494,15584
7.20969,12.25101,34.97821,0.34453,15601
7.21969,12.23407,34.94812,0.38414,15456
7.22968,12.21717,34.8252,0.37982,15440
7.23968,12.20032,34.82226,0.3392,15333
7.24968,12.18352,34.81065,0.32399,15560
7.25968,12.16676,34.78213,0.33756,15508
7.26968,12.15005,34.70211,0.36757,15456
7.27967,12.13339,34.66767,0.37884,15495
7.28967,12.11677,34.63427,0.31203,15446
7.29967,12.10019,34.60485,0.34177,15311
7.30967,12.08366,34.56171,0.35343,15801
7.31967,12.06718,34.54884,0.4122,15614
7.32967,12.05074,34.49931,0.35705,15683
7.33966,12.03435,34.45135,0.35489,15594
7.34966,12.018,34.43431,0.34589,15496
7.35966,12.0017,34.37657,0.32362,15535
7.36966,11.98544,34.37827,0.36164,15758
7.37966,11.96922,34.33808,0.3639,15740
7.38965,11.95305,34.29994,0.33955,15813
7.39965,11.93692,34.27126,0.325,15569
7.40965,11.92084,34.20734,0.37125,15801
7.41965,11.9048,34.2125,0.34199,15759
7.42965,11.8888,34.21504,0.32059,16020
7.43965,11.87284,34.16922,0.36701,15926
7.44964,11.85693,34.17306,0.39071,15945
7.45964,11.84106,34.07969,0.33899,15992
7.46964,11.82523,34.07992,0.33481,16056
7.47964,11.80945,34.09525,0.36241,15854
7.48964,11.79371,34.00578,0.33815,16098
7.49963,11.77801,34.03589,0.36311,16228
7.50963,11.76235,34.00233,0.33507,16167
7.51963,11.74673,33.94814,0.3134,16221
7.52963,11.73116,33.95277,0.33211,16147
7.53963,11.71562,33.92507,0.38113,16196
7.54963,11.70013,33.93305,0.32908,16380
7.55962,11.68468,33.88611,0.34853,16528
7.56962,11.66927,33.87959,0.37446,16336
7.57962,11.6539,33.90276,0.33546,16429
7.58962,11.63857,33.84516,0.34203,16519
7.59962,11.62328,33.78379,0.32901,16410
7.60961,11.60803,33.85752,0.33337,16568
7.61961,11.59282,33.77171,0.36217,16630
7.62961,11.57765,33.82113,0.32813,16788
7.63961,11.56252,33.76401,0.35207,16548
7.64961,11.54743,33.71685,0.30686,16644
7.65961,11.53238,33.76338,0.32845,16777
7.6696,11.51737,33.74283,0.35781,16826
7.6796,11.50239,33.70083,0.38436,16814
7.6896,11.48746,33.72255,0.29862,16824
7.6996,11.47257,33.6862,0.34995,17037
7.7096,11.45771,33.65566,0.32424,16928
7.71959,11.44289,33.6459,0.3906,16844
7.72959,11.42812,33.63839,0.31724,17044
7.73959,11.41337,33.63315,0.32215,17207
7.74959,11.39867,33.59741,0.34481,17190
7.75959,11.38401,33.57824,0.31441,17108
7.76959,11.36938,33.56092,0.33146,17030
7.77958,11.35479,33.51134,0.33189,17252
7.78958,11.34024,33.52448,0.33719,17209
7.79958,11.32572,33.5258,0.33639,17246
7.80958,11.31125,33.47739,0.33526,17408
7.81958,11.29681,33.46675,0.3341,17430
7.82957,11.2824,33.42099,0.32159,17364
7.83957,11.26804,33.415,0.35378,17275
7.84957,11.25371,33.39841,0.31635,17486
7.85957,11.23941,33.42427,0.32963,17676
7.86957,11.22516,33.34376,0.31851,17474
7.87957,11.21094,33.34445,0.36373,17424
7.88956,11.19675,33.32027,0.29582,17449
7.89956,11.1826,33.2755,0.37339,17598
7.90956,11.16849,33.31328,0.34561,17624
7.91956,11.15441,33.28318,0.29196,17735
7.92956,11.14037,33.26614,0.30671,17621
7.93955,11.12636,33.24794,0.38272,17752
7.94955,11.11239,33.20631,0.31037,17697
7.95955,11.09846,33.19529,0.34741,17637
7.96955,11.08455,33.22434,0.30958,17775
7.97955,11.07069,33.17718,0.34129,17889
7.98955,11.05686,33.16719,0.32511,18065
7.99954,11.04306,33.13093,0.32059,17848
8.00954,11.0293,33.10503,0.34244,17599
8.01954,11.01557,33.10696,0.32315,17947
8.02954,11.00188,33.08592,0.29371,17933
8.03954,10.98822,33.10714,0.302,17859
8.04953,10.97459,33.08896,0.32879,18054
8.05953,10.961,33.01303,0.34005,18204
8.06953,10.94744,33.01277,0.34081,18003
8.07953,10.93391,33.00858,0.3466,17899
8.08953,10.92042,32.96242,0.30274,18228
8.09953,10.90697,32.98376,0.29665,18322
8.10952,10.89354,33.01454,0.36485,18078
8.11952,10.88015,32.91107,0.32528,18330
8.12952,10.86679,32.89007,0.30097,18151
8.13952,10.85346,32.9095,0.3198,17983
8.14952,10.84017,32.89687,0.31844,18298
8.15951,10.82691,32.88957,0.29057,18351
8.16951,10.81368,32.91635,0.3532,18384
8.17951,10.80049,32.85168,0.34252,18371
8.18951,10.78732,32.86273,0.32315,18466
8.19951,10.77419,32.82961,0.32117,18169
8.20951,10.76109,32.84368,0.29215,18666
8.2195,10.74803,32.8582,0.32189,18560
8.2295,10.73499,32.8465,0.3491,18519
8.2395,10.72199,32.82987,0.30461,18692
8.2495,10.70901,32.79227,0.33833,18303
8.2595,10.69607,32.83127,0.31085,18386
8.26949,10.68316,32.84092,0.28759,18746
8.27949,10.67029,32.82659,0.32623,18742
8.28949,10.65744,32.82075,0.33043,18597
8.29949,10.64462,32.81832,0.30342,18839
8.30949,10.63184,32.80787,0.32988,18668
8.31948,10.61908,32.77773,0.31259,18568
8.32948,10.60636,32.81623,0.30573,18891
8.33948,10.59366,32.80602,0.34839,18990
8.34948,10.581,32.81662,0.32891,18874
8.35948,10.56837,32.77922,0.32402,18978
8.36948,10.55577,32.77466,0.30692,18812
8.37947,10.54319,32.78472,0.29134,18718
8.38947,10.53065,32.76298,0.28635,18903
8.39947,10.51814,32.7596,0.29867,19034
8.40947,10.50566,32.76538,0.3333,19071
8.41947,10.4932,32.77281,0.32353,19082
8.42946,10.48078,32.72833,0.32138,19114
8.43946,10.46838,32.73405,0.32906,19091
8.44946,10.45602,32.71619,0.3062,19162
8.45946,10.44368,32.74028,0.32411,19161
8.46946,10.43138,32.7278,0.31857,19238
8.47946,10.4191,32.69455,0.32508,19325
8.48945,10.40685,32.71401,0.29513,19195
8.49945,10.39463,32.65546,0.27906,19168
8.50945,10.38244,32.68074,0.28706,19291
8.51945,10.37028,32.66584,0.36242,19288
8.52945,10.35815,32.69157,0.31472,19356
8.53944,10.34604,32.65906,0.32591,19463
8.54944,10.33396,32.66533,0.32469,19437
8.55944,10.32192,32.6548,0.28221,19551
8.56944,10.3099,32.62549,0.29889,19465
8.57944,10.2979,32.6325,0.32257,19563
8.58944,10.28594,32.65393,0.31204,19607
8.59943,10.274,32.64326,0.34231,19657
8.60943,10.26209,32.60836,0.30928,19465
8.61943,10.25021,32.59794,0.26912,19541
8.62943,10.23836,32.58968,0.30834,19411
8.63943,10.22653,32.62923,0.31554,19830
8.64942,10.21473,32.6005,0.31154,19794
8.65942,10.20296,32.61172,0.29143,19904
8.66942,10.19122,32.63527,0.32788,19770
8.67942,10.1795,32.57035,0.30513,19833
8.68942,10.16781,32.59109,0.30373,19702
8.69942,10.15615,32.60628,0.33272,19883
8.70941,10.14451,32.59916,0.33164,19902
8.71941,10.1329,32.62146,0.31901,20096
8.72941,10.12132,32.57746,0.28196,19937
8.73941,10.10976,32.62085,0.26461,19864
8.74941,10.09823,32.58928,0.31429,19921
8.7594,10.08673,32.56614,0.2942,19905
8.7694,10.07525,32.62391,0.32702,20220
8.7794,10.0638,32.61575,0.30907,20210
8.7894,10.05237,32.58429,0.30988,20187
8.7994,10.04097,32.59357,0.29563,20083
8.8094,10.0296,32.58867,0.33404,20161
8.81939,10.01825,32.59213,0.3407,20122
8.82939,10.00693,32.61104,0.2868,20356
8.83939,9.99563,32.60782,0.29367,20351
8.84939,9.98436,32.60501,0.29055,20437
8.85939,9.97312,32.58466,0.28775,19928
8.86938,9.9619,32.56044,0.30187,20146
8.87938,9.9507,32.58343,0.29704,20269
8.88938,9.93953,32.57981,0.32657,20458
8.89938,9.92839,32.57316,0.3139,20497
8.90938,9.91727,32.55164,0.31146,20415
8.91938,9.90617,32.55568,0.2912,20362
8.92937,9.8951,32.53518,0.30083,20353
8.93937,9.88406,32.54316,0.30763,20496
8.94937,9.87304,32.53623,0.30058,20531
8.95937,9.86204,32.52755,0.33415,20502
8.96937,9.85107,32.52961,0.27088,20535
8.97936,9.84013,32.49834,0.3011,20440
8.98936,9.82921,32.49399,0.29668,20299
8.99936,9.81831,32.47947,0.30885,20563
9.00936,9.80743,32.46567,0.29264,20467
9.01936,9.79659,32.49583,0.29955,20829
9.02936,9.78576,32.441,0.3108,20520
9.03935,9.77496,32.45716,0.28608,20791
9.04935,9.76418,32.4519,0.31152,20678
9.05935,9.75343,32.44624,0.33287,20633
9.06935,9.7427,32.46546,0.30043,20768
9.07935,9.73199,32.42068,0.30723,20637
9.08934,9.72131,32.45396,0.30515,20772
9.09934,9.71065,32.39716,0.26247,20540
9.10934,9.70001,32.42217,0.29836,20745
9.11934,9.6894,32.45814,0.29171,20856
9.12934,9.67881,32.42185,0.30164,20860
9.13934,9.66825,32.42715,0.31222,20826
9.14933,9.6577,32.44376,0.31798,20752
9.15933,9.64718,32.39605,0.26993,20863
9.16933,9.63669,32.42078,0.36925,20917
9.17933,9.62621,32.42161,0.31275,21087
9.18933,9.61576,32.4566,0.27503,21000
9.19932,9.60533,32.40696,0.2778,20887
9.20932,9.59493,32.45068,0.28658,20952
9.21932,9.58454,32.41943,0.32227,20723
9.22932,9.57418,32.41324,0.26714,20953
9.23932,9.56385,32.43026,0.30228,21113
9.24932,9.55353,32.43181,0.30703,21125
9.25931,9.54324,32.42664,0.33027,21121
9.26931,9.53297,32.42622,0.31082,20889
9.27931,9.52272,32.41726,0.27501,21140
9.28931,9.51249,32.397,0.30098,21113
9.29931,9.50228,32.45286,0.29461,21358
9.3093,9.4921,32.41409,0.29607,21234
9.3193,9.48194,32.41689,0.29558,21157
9.3293,9.4718,32.4062,0.28025,21044
9.3393,9.46168,32.40576,0.31157,20863
9.3493,9.45159,32.39123,0.28512,21110
9.3593,9.44151,32.40993,0.31019,21273
9.36929,9.43146,32.42169,0.26637,21466
9.37929,9.42143,32.36793,0.32567,21177
9.38929,9.41142,32.39909,0.29081,21229
9.39929,9.40143,32.37159,0.29979,21156
9.40929,9.39146,32.37486,0.2851,21175
9.41928,9.38152,32.41896,0.30858,21511
9.42928,9.37159,32.3563,0.32039,21323
9.43928,9.36169,32.38051,0.30111,21324
9.44928,9.3518,32.37325,0.26519,21263
9.45928,9.34194,32.35141,0.29544,21112
9.46928,9.3321,32.32241,0.31146,20999
9.47927,9.32228,32.36616,0.25248,21604
9.48927,9.31248,32.36783,0.31315,21506
9.49927,9.3027,32.3255,0.34502,21220
9.50927,9.29294,32.36834,0.30123,21400
9.51927,9.28321,32.31791,0.28688,21308
9.52926,9.27349,32.34612,0.28827,21304
9.53926,9.26379,32.34895,0.32613,21413
9.54926,9.25411,32.32204,0.27522,21624
9.55926,9.24446,32.35283,0.30791,21414
9.56926,9.23482,32.31833,0.27379,21464
9.57926,9.2252,32.31985,0.28726,21289
9.58925,9.21561,32.29968,0.27052,21144
9.59925,9.20603,32.33382,0.31967,21537
9.60925,9.19648,32.31444,0.29382,21568
9.61925,9.18694,32.29293,0.31765,21448
9.62925,9.17742,32.33801,0.30379,21514
9.63924,9.16793,32.29764,0.28045,21588
9.64924,9.15845,32.29753,0.27622,21425
9.65924,9.14899,32.30917,0.28395,21669
9.66924,9.13955,32.29234,0.33478,21426
9.67924,9.13014,32.32944,0.28318,21690
9.68924,9.12074,32.26144,0.2911,21475
9.69923,9.11136,32.3016,0.28569,21502
9.70923,9.102,32.27495,0.27509,21308
9.71923,9.09266,32.27459,0.29975,21753
9.72923,9.08333,32.28124,0.31207,21561
9.73923,9.07403,32.26955,0.28423,21587
9.74922,9.06475,32.28981,0.28528,21710
9.75922,9.05548,32.27307,0.30176,21655
9.76922,9.04624,32.25902,0.27505,21523
9.77922,9.03701,32.26118,0.32657,21789
9.78922,9.02781,32.29333,0.28949,21642
9.79922,9.01862,32.24666,0.31008,21789
9.80921,9.00945,32.24801,0.27763,21532
9.81921,9.0003,32.25363,0.26992,21716
9.82921,8.99116,32.22131,0.27512,21439
9.83921,8.98205,32.24976,0.30226,21794
9.84921,8.97295,32.22735,0.30105,21883
9.8592,8.96388,32.24199,0.29734,21745
9.8692,8.95482,32.21354,0.29221,21786
9.8792,8.94578,32.22311,0.28284,21698
9.8892,8.93676,32.20132,0.28988,21677
9.8992,8.92775,32.21366,0.31615,21799
9.9092,8.91877,32.22378,0.28045,21990
9.91919,8.9098,32.23335,0.29589,21908
9.92919,8.90085,32.19597,0.27016,21736
9.93919,8.89192,32.18988,0.28274,21748
9.94919,8.88301,32.19185,0.26844,21506
9.95919,8.87411,32.16846,0.32528,21977
9.96918,8.86523,32.20374,0.30615,21758
9.97918,8.85637,32.18027,0.26697,22034
9.98918,8.84753,32.20056,0.32935,21921
9.99918,8.83871,32.19522,0.25641,21955
10.0092,8.8299,32.16689,0.31198,21733
10.0192,8.82111,32.17103,0.29696,21938
10.0292,8.81234,32.2147,0.2878,22088
10.0392,8.80359,32.19864,0.32013,22068
10.0492,8.79485,32.19599,0.27249,21936
10.0592,8.78613,32.19074,0.27072,21811
10.0692,8.77743,32.16266,0.2835,22010
10.0792,8.76874,32.18125,0.29124,21750
10.0892,8.76008,32.13658,0.29887,21821
10.0992,8.75143,32.19734,0.27123,22182
10.1092,8.74279,32.1672,0.27531,22173
10.1192,8.73418,32.19617,0.30465,22017
10.1292,8.72558,32.17784,0.2925,22117
10.1392,8.717,32.16781,0.2839,22138
10.1492,8.70843,32.17321,0.30597,21902
10.1592,8.69988,32.18648,0.30775,22162
10.1692,8.69135,32.16401,0.274,22147
10.1792,8.68284,32.18146,0.26503,21961
10.1891,8.67434,32.14669,0.30578,22072
10.1991,8.66586,32.14486,0.28124,21989
10.2091,8.6574,32.13458,0.27606,21991
10.2191,8.64895,32.12913,0.27495,22205
10.2291,8.64052,32.16583,0.30627,22199
10.2391,8.6321,32.12752,0.28155,22357
10.2491,8.6237,32.13751,0.27684,22234
10.2591,8.61532,32.10679,0.31337,22348
10.2691,8.60696,32.1287,0.29563,22020
10.2791,8.59861,32.11612,0.31455,22335
10.2891,8.59027,32.08411,0.26559,22083
10.2991,8.58196,32.08855,0.25356,22145
10.3091,8.57366,32.08236,0.29134,22271
10.3191,8.56537,32.0569,0.28899,22116
10.3291,8.5571,32.07146,0.28381,22209
10.3391,8.54885,32.01766,0.27621,22337
10.3491,8.54061,32.06453,0.31015,22198
10.3591,8.53239,32.02032,0.26814,22472
10.3691,8.52419,32.02423,0.28172,22468
10.3791,8.516,32.01363,0.31872,22355
10.3891,8.50783,32.00854,0.28847,22388
10.3991,8.49967,31.98637,0.31316,22300
10.4091,8.49153,31.97366,0.26122,22292
10.4191,8.4834,31.9443,0.25161,22329
10.4291,8.47529,31.96112,0.29125,22402
10.4391,8.4672,31.9282,0.32886,22152
10.4491,8.45912,31.94809,0.24163,22398
10.4591,8.45105,31.90375,0.29292,22381
10.4691,8.44301,31.91309,0.30162,22466
10.4791,8.43497,31.89631,0.27172,22595
10.4891,8.42695,31.89853,0.29833,22587
10.4991,8.41895,31.88005,0.30728,22549
10.5091,8.41096,31.87473,0.29592,22450
10.5191,8.40299,31.86458,0.29444,22429
10.5291,8.39504,31.8416,0.24709,22550
10.5391,8.38709,31.82751,0.27529,22413
10.5491,8.37917,31.83802,0.28527,22420
10.5591,8.37126,31.8269,0.28718,22629
10.5691,8.36336,31.82447,0.26077,22342
10.5791,8.35548,31.79653,0.28615,22306
10.5891,8.34761,31.81524,0.2761,22673
10.5991,8.33976,31.78676,0.30681,22794
10.6091,8.33192,31.79226,0.27816,22775
10.6191,8.3241,31.78338,0.31989,22737
10.6291,8.31629,31.78965,0.28475,22691
10.6391,8.3085,31.76164,0.26322,22482
10.6491,8.30072,31.74674,0.28239,22558
10.6591,8.29296,31.73751,0.26366,22504
10.6691,8.28521,31.73174,0.27572,22540
10.6791,8.27747,31.72773,0.28718,22800
10.6891,8.26975,31.72274,0.27139,22600
10.6991,8.26205,31.70218,0.26077,22697
10.7091,8.25436,31.69048,0.2753,22729
10.7191,8.24668,31.70091,0.31722,22801
10.7291,8.23902,31.66764,0.29227,22662
10.739,8.23137,31.67734,0.29755,22791
10.749,8.22374,31.66179,0.2907,23193
10.759,8.21612,31.65051,0.27569,22696
10.769,8.20851,31.63193,0.25807,22824
10.779,8.20092,31.61179,0.27392,22531
10.789,8.19334,31.62332,0.27128,22634
10.799,8.18578,31.59151,0.26188,22563
10.809,8.17823,31.58627,0.2773,22784
10.819,8.17069,31.60123,0.25826,23025
10.829,8.16317,31.57556,0.31424,22858
10.839,8.15566,31.57577,0.29802,22956
10.849,8.14817,31.566,0.29761,23059
10.859,8.14069,31.5536,0.27937,23075
10.869,8.13322,31.53811,0.29075,22954
10.879,8.12577,31.53118,0.2792,22753
10.889,8.11833,31.52454,0.25688,22856
10.899,8.11091,31.51648,0.27375,22649
10.909,8.1035,31.52094,0.25403,22948
10.919,8.0961,31.50636,0.26454,22963
10.929,8.08872,31.50027,0.25921,23014
10.939,8.08135,31.49681,0.30674,22992
10.949,8.07399,31.50111,0.28675,22852
10.959,8.06664,31.48998,0.28219,23170
10.969,8.05931,31.48451,0.32657,23133
10.979,8.052,31.4922,0.27912,23183
10.989,8.04469,31.47295,0.2875,23174
10.999,8.0374,31.48025,0.24863,23118
11.009,8.03013,31.46938,0.29733,22731
11.019,8.02286,31.46634,0.24584,22904
11.029,8.01561,31.46394,0.2654,22994
11.039,8.00838,31.4712,0.26224,23061
11.049,8.00115,31.4752,0.2754,23031
11.059,7.99394,31.47767,0.28782,23236
11.069,7.98674,31.46488,0.26957,23231
11.079,7.97956,31.47015,0.31606,23243
11.089,7.97238,31.47938,0.29464,23358
11.099,7.96522,31.46853,0.27041,23296
11.109,7.95808,31.46204,0.29221,23003
11.119,7.95095,31.48063,0.26018,23422
11.129,7.94382,31.46316,0.2934,22790
11.139,7.93672,31.4694,0.23795,23134
11.149,7.92962,31.46844,0.26907,23174
11.159,7.92254,31.47124,0.26544,23255
11.169,7.91547,31.46311,0.27634,23203
11.179,7.90841,31.44997,0.26288,23205
11.189,7.90137,31.45992,0.30197,23436
11.199,7.89434,31.44822,0.30867,23495
11.209,7.88732,31.44846,0.2902,23324
11.219,7.88031,31.45242,0.26186,23398
11.229,7.87332,31.44264,0.28756,23324
11.239,7.86634,31.42576,0.26771,23464
11.249,7.85937,31.41051,0.26165,23089
11.259,7.85241,31.41985,0.24649,23147
11.269,7.84546,31.41798,0.26787,23361
11.279,7.83853,31.39413,0.27093,23324
11.2889,7.83161,31.39766,0.26351,23480
11.2989,7.82471,31.39735,0.28005,23384
11.3089,7.81781,31.3873,0.29336,23443
11.3189,7.81093,31.3865,0.31097,23559
11.3289,7.80406,31.36462,0.28263,23654
11.3389,7.7972,31.35491,0.26273,23561
11.3489,7.79035,31.34779,0.27835,23582
11.3589,7.78352,31.33675,0.2641,23235
11.3689,7.77669,31.32974,0.25114,23356
11.3789,7.76988,31.33361,0.27971,23150
11.3889,7.76308,31.31645,0.25249,23540
11.3989,7.7563,31.30593,0.26739,23667
11.4089,7.74952,31.28722,0.2643,23594
11.4189,7.74276,31.2982,0.30046,23531
11.4289,7.73601,31.28574,0.28087,23632
11.4389,7.72927,31.2718,0.26467,23750
11.4489,7.72254,31.26088,0.31984,23802
11.4589,7.71583,31.24184,0.26113,23660
11.4689,7.70912,31.22931,0.26697,23479
11.4789,7.70243,31.22364,0.2538,23549
11.4889,7.69575,31.19647,0.25836,23397
11.4989,7.68908,31.19758,0.2806,23503
11.5089,7.68242,31.19537,0.24978,23746
11.5189,7.67578,31.18921,0.25795,23588
11.5289,7.66914,31.16765,0.30031,23748
11.5389,7.66252,31.15089,0.27338,23888
11.5489,7.65591,31.14595,0.26608,23887
11.5589,7.64931,31.13395,0.3043,23692
11.5689,7.64272,31.10684,0.29237,23783
11.5789,7.63614,31.10191,0.268,23724
11.5889,7.62958,31.08964,0.24857,23713
11.5989,7.62302,31.07988,0.24542,23588
11.6089,7.61648,31.06488,0.27201,23814
11.6189,7.60995,31.04883,0.26921,23832
11.6289,7.60343,31.05246,0.25811,23705
11.6389,7.59692,31.03251,0.26157,23603
11.6489,7.59042,31.02121,0.28071,24007
11.6589,7.58394,31.02184,0.27702,23811
11.6689,7.57746,31.01328,0.28334,24000
11.6789,7.571,30.99931,0.29947,24105
11.6889,7.56454,30.98069,0.2769,23987
11.6989,7.5581,30.95675,0.24378,23808
11.7089,7.55167,30.95826,0.24907,23703
11.7189,7.54525,30.94565,0.25669,23725
11.7289,7.53884,30.95232,0.27285,23636
11.7389,7.53244,30.93133,0.272,24027
11.7489,7.52605,30.93288,0.27383,24083
11.7589,7.51968,30.93019,0.25061,24167
11.7689,7.51331,30.9268,0.29198,24092
11.7789,7.50695,30.91857,0.27378,24009
11.7889,7.50061,30.90398,0.27227,24167
11.7989,7.49428,30.90183,0.29392,24030
11.8089,7.48795,30.88808,0.25438,23868
11.8189,7.48164,30.88094,0.25748,23864
11.8289,7.47534,30.88724,0.23132,23852
11.8388,7.46905,30.87858,0.2712,24094
11.8488,7.46277,30.88103,0.26691,24143
11.8588,7.4565,30.87313,0.29089,24049
11.8688,7.45024,30.87189,0.25596,24272
11.8788,7.44399,30.88061,0.27901,23987
11.8888,7.43776,30.87137,0.28633,24255
11.8988,7.43153,30.85926,0.25573,24323
11.9088,7.42531,30.87609,0.284,24166
11.9188,7.41911,30.87136,0.26031,24167
11.9288,7.41291,30.85583,0.25495,24054
11.9388,7.40672,30.84048,0.23487,23952
11.9488,7.40055,30.83793,0.26878,24097
11.9588,7.39438,30.84453,0.27098,24275
11.9688,7.38823,30.84352,0.271,24256
11.9788,7.38209,30.83662,0.27766,24288
11.9888,7.37595,30.81752,0.25708,24298
11.9988,7.36983,30.82592,0.26285,24258
12.0088,7.36371,30.82183,0.27635,24308
12.0188,7.35761,30.81537,0.27173,24309
12.0288,7.35152,30.80684,0.26472,24518
12.0388,7.34544,30.78883,0.27982,24322
12.0488,7.33936,30.77632,0.24642,24182
12.0588,7.3333,30.7707,0.2386,24134
12.0688,7.32725,30.74778,0.26576,24033
12.0788,7.3212,30.75223,0.27029,24404
12.0888,7.31517,30.72936,0.26632,24261
12.0988,7.30915,30.72966,0.2618,24549
12.1088,7.30314,30.7223,0.25869,24571
12.1188,7.29713,30.72374,0.26022,24510
12.1288,7.29114,30.70602,0.29765,24745
12.1388,7.28516,30.69219,0.28766,24522
12.1488,7.27918,30.684,0.25889,24363
12.1588,7.27322,30.65212,0.25784,23961
12.1688,7.26727,30.66089,0.23914,24377
12.1788,7.26132,30.64435,0.24448,24414
12.1888,7.25539,30.64139,0.2502,24424
12.1988,7.24947,30.63265,0.26189,24598
12.2088,7.24355,30.62676,0.26576,24678
12.2188,7.23765,30.62471,0.28241,24465
12.2288,7.23175,30.60264,0.28298,24738
12.2388,7.22587,30.59014,0.26779,24457
12.2488,7.21999,30.59504,0.29425,24704
12.2588,7.21413,30.59858,0.28071,24703
12.2688,7.20827,30.56849,0.23824,24427
12.2788,7.20242,30.55349,0.23135,24435
12.2888,7.19658,30.56004,0.24126,24554
12.2988,7.19076,30.55136,0.25034,24546
12.3088,7.18494,30.54728,0.25995,24486
12.3188,7.17913,30.53289,0.28594,24658
12.3288,7.17333,30.53104,0.26199,24732
12.3388,7.16754,30.52267,0.27301,24878
12.3488,7.16176,30.52189,0.26994,24909
12.3588,7.15599,30.51554,0.27383,24778
12.3688,7.15023,30.49781,0.27231,25015
12.3788,7.14447,30.48825,0.26831,24369
12.3887,7.13873,30.47433,0.23301,24420
12.3987,7.13299,30.46405,0.21839,24626
12.4087,7.12727,30.4529,0.26034,24658
12.4187,7.12155,30.44771,0.277,24740
12.4287,7.11585,30.44637,0.26944,24884
12.4387,7.11015,30.4332,0.26899,24960
12.4487,7.10446,30.43659,0.26999,24877
12.4587,7.09878,30.42302,0.25591,24944
12.4687,7.09311,30.40807,0.25952,24746
12.4787,7.08745,30.40279,0.28675,25077
12.4887,7.0818,30.3982,0.2418,24942
12.4987,7.07616,30.37267,0.28984,24448
12.5087,7.07053,30.36433,0.23757,24739
12.5187,7.0649,30.36935,0.22878,24938
12.5287,7.05929,30.35317,0.26105,24907
12.5387,7.05368,30.35275,0.28009,24822
12.5487,7.04808,30.33807,0.24621,24915
12.5587,7.04249,30.33841,0.24775,25081
12.5687,7.03691,30.33108,0.2733,25194
12.5787,7.03134,30.32892,0.25679,25068
12.5887,7.02578,30.32208,0.27771,24986
12.5987,7.02023,30.30402,0.25675,25134
12.6087,7.01468,30.2842,0.28156,24735
12.6187,7.00915,30.27632,0.25737,24822
12.6287,7.00362,30.27977,0.23541,24946
12.6387,6.9981,30.2765,0.25173,24849
12.6487,6.99259,30.27107,0.23281,25117
12.6587,6.98709,30.25309,0.27295,25211
12.6687,6.9816,30.25401,0.2532,25184
12.6787,6.97612,30.24691,0.25947,25134
12.6887,6.97064,30.24501,0.26272,25072
12.6987,6.96518,30.22467,0.2738,25187
12.7087,6.95972,30.22392,0.2506,25359
12.7187,6.95427,30.20435,0.29351,24948
12.7287,6.94883,30.20846,0.24861,25064
12.7387,6.9434,30.20252,0.23454,25191
12.7487,6.93798,30.1782,0.24312,25217
12.7587,6.93256,30.18456,0.25147,25178
12.7687,6.92716,30.18063,0.23912,25132
12.7787,6.92176,30.18233,0.26931,24962
12.7887,6.91637,30.16382,0.26941,25091
12.7987,6.91099,30.16505,0.26783,25546
12.8087,6.90562,30.17664,0.28042,25430
12.8187,6.90025,30.17097,0.24729,25521
12.8287,6.8949,30.13298,0.25445,25117
12.8387,6.88955,30.13989,0.26285,25125
12.8487,6.88421,30.13012,0.22705,25216
12.8587,6.87888,30.11689,0.24131,25366
12.8687,6.87356,30.1202,0.24122,25115
12.8787,6.86825,30.10075,0.26454,25252
12.8887,6.86294,30.12271,0.26833,25436
12.8987,6.85765,30.11869,0.26296,25464
12.9087,6.85236,30.11671,0.28425,25418
12.9187,6.84708,30.10791,0.24802,25680
12.9287,6.8418,30.10244,0.23806,25481
12.9386,6.83654,30.06382,0.2635,25253
12.9486,6.83128,30.07161,0.23919,25329
12.9586,6.82603,30.07506,0.2589,25109
12.9686,6.82079,30.05495,0.23114,25443
12.9786,6.81556,30.02841,0.25083,25465
12.9886,6.81034,30.04462,0.25843,25624
12.9986,6.80512,30.03891,0.27463,25410
13.0086,6.79991,30.02708,0.26884,25620
13.0186,6.79471,30.02691,0.27387,25566
13.0286,6.78952,30.00879,0.2483,25704
13.0386,6.78434,29.99761,0.22692,25757
13.0486,6.77916,29.9737,0.23693,25279
13.0586,6.77399,29.96451,0.26545,25426
13.0686,6.76883,29.93712,0.26863,25561
13.0786,6.76368,29.93789,0.23211,25457
13.0886,6.75854,29.92862,0.2503,25569
13.0986,6.7534,29.91122,0.26721,25451
13.1086,6.74827,29.8934,0.24615,25617
13.1186,6.74315,29.89638,0.24939,25722
13.1286,6.73804,29.88107,0.27251,25865
13.1386,6.73294,29.87134,0.26219,25770
13.1486,6.72784,29.86831,0.23996,25803
13.1586,6.72275,29.84125,0.24147,25541
13.1686,6.71767,29.82231,0.24317,25730
13.1786,6.71259,29.80123,0.27808,25466
13.1886,6.70753,29.80291,0.23533,25569
13.1986,6.70247,29.79798,0.28204,25788
13.2086,6.69742,29.7729,0.21386,25722
13.2186,6.69237,29.77587,0.26464,25785
13.2286,6.68734,29.77778,0.23975,25754
13.2386,6.68231,29.76642,0.24537,26068
13.2486,6.67729,29.75417,0.28601,25920
13.2586,6.67228,29.75344,0.26211,25979
13.2686,6.66727,29.74408,0.25313,25680
13.2786,6.66227,29.73074,0.2665,25452
13.2886,6.65728,29.72357,0.23858,25938
13.2986,6.6523,29.72439,0.23941,25697
13.3086,6.64733,29.71216,0.2266,25869
13.3186,6.64236,29.71784,0.25813,25769
13.3286,6.6374,29.71139,0.22186,25944
13.3386,6.63245,29.69772,0.24685,25969
13.3486,6.6275,29.704,0.27119,26063
13.3586,6.62256,29.70234,0.25939,26009
13.3686,6.61763,29.69335,0.26283,26094
13.3786,6.61271,29.68197,0.25346,26047
13.3886,6.60779,29.67149,0.28536,25815
13.3986,6.60288,29.68275,0.23182,25870
13.4086,6.59798,29.67639,0.25813,25794
13.4186,6.59309,29.65943,0.21536,26137
13.4286,6.5882,29.64979,0.23346,25961
13.4386,6.58332,29.65557,0.25306,25992
13.4486,6.57845,29.65189,0.23777,26072
13.4586,6.57359,29.63227,0.25955,25899
13.4686,6.56873,29.63824,0.26875,26310
13.4786,6.56388,29.62323,0.25027,26288
13.4885,6.55904,29.60835,0.27401,25874
13.4985,6.5542,29.60957,0.23716,25935
13.5085,6.54937,29.59252,0.24883,26395
13.5185,6.54455,29.58383,0.226,26130
13.5285,6.53974,29.58112,0.24067,26052
13.5385,6.53493,29.57892,0.24263,26118
13.5485,6.53013,29.55202,0.25499,26126
13.5585,6.52534,29.55878,0.24662,26174
13.5685,6.52055,29.54817,0.24705,26266
13.5785,6.51577,29.53873,0.26678,26146
13.5885,6.511,29.52899,0.24317,26218
13.5985,6.50624,29.52718,0.2367,26204
13.6085,6.50148,29.50222,0.26207,26220
13.6185,6.49673,29.50625,0.22974,26213
13.6285,6.49198,29.50202,0.2454,26202
13.6385,6.48725,29.48755,0.24383,26334
13.6485,6.48252,29.48145,0.23581,26560
13.6585,6.4778,29.48074,0.27823,26068
13.6685,6.47308,29.48112,0.25679,26284
13.6785,6.46837,29.46116,0.23834,26278
13.6885,6.46367,29.45288,0.23255,26556
13.6985,6.45897,29.45645,0.25234,26279
13.7085,6.45428,29.44228,0.22952,26250
13.7185,6.4496,29.42533,0.25566,26311
13.7285,6.44493,29.42582,0.24016,26452
13.7385,6.44026,29.4062,0.25807,26455
13.7485,6.4356,29.40459,0.23306,26556
13.7585,6.43095,29.40533,0.23637,26394
13.7685,6.4263,29.37525,0.27118,26281
13.7785,6.42166,29.37671,0.24386,26659
13.7885,6.41702,29.38574,0.25022,26477
13.7985,6.4124,29.36767,0.23303,26310
13.8085,6.40778,29.34452,0.21964,26558
13.8185,6.40316,29.33253,0.25801,26504
13.8285,6.39856,29.30799,0.24425,26313
13.8385,6.39395,29.30989,0.24764,26501
13.8485,6.38936,29.29148,0.26854,26594
13.8585,6.38477,29.27403,0.23982,26492
13.8685,6.38019,29.25234,0.22982,26651
13.8785,6.37562,29.25467,0.23673,26712
13.8885,6.37105,29.24635,0.25214,26440
13.8985,6.36649,29.21682,0.25305,26679
13.9085,6.36194,29.20773,0.21884,26888
13.9185,6.35739,29.19064,0.25311,26538
13.9285,6.35285,29.17927,0.24104,26411
13.9385,6.34831,29.14994,0.25226,26661
13.9485,6.34379,29.13291,0.24852,26695
13.9585,6.33926,29.13068,0.25449,26650
13.9685,6.33475,29.10778,0.2463,26423
13.9785,6.33024,29.10553,0.2219,26814
13.9885,6.32574,29.08549,0.22338,26779
13.9985,6.32124,29.07178,0.24913,26700
14.0085,6.31675,29.06879,0.23695,26928
14.0185,6.31227,29.0556,0.24283,26874
14.0285,6.3078,29.03397,0.2472,26791
14.0384,6.30333,29.01755,0.24891,26654
14.0484,6.29886,29.00326,0.2588,26574
14.0584,6.2944,29.004,0.25569,26764
14.0684,6.28995,28.98682,0.24749,26867
14.0784,6.28551,28.98073,0.22375,26642
14.0884,6.28107,28.96855,0.22047,27053
14.0984,6.27664,28.97051,0.21747,26953
14.1084,6.27221,28.95534,0.24418,26672
14.1184,6.26779,28.94196,0.24922,27157
14.1284,6.26338,28.93669,0.24126,27064
14.1384,6.25897,28.93709,0.26163,26577
14.1484,6.25457,28.91136,0.24101,27114
14.1584,6.25018,28.89988,0.24066,26775
14.1684,6.24579,28.88721,0.23575,26727
14.1784,6.24141,28.9111,0.25312,27013
14.1884,6.23703,28.88865,0.26209,26809
14.1984,6.23266,28.89041,0.20669,27098
14.2084,6.2283,28.88241,0.22629,27228
14.2184,6.22394,28.88077,0.24309,26940
14.2284,6.21959,28.86837,0.23589,26990
14.2384,6.21525,28.86163,0.24051,27022
14.2484,6.21091,28.85378,0.26516,26981
14.2584,6.20658,28.84744,0.25117,26805
14.2684,6.20225,28.82655,0.22378,26946
14.2784,6.19793,28.83134,0.23362,27134
14.2884,6.19362,28.81956,0.23192,27205
14.2984,6.18931,28.80686,0.26193,27094
14.3084,6.185,28.81837,0.24825,27235
14.3184,6.18071,28.81037,0.22271,27244
14.3284,6.17642,28.80985,0.23247,27192
14.3384,6.17213,28.79964,0.23628,27185
14.3484,6.16786,28.79402,0.23186,27111
14.3584,6.16358,28.78639,0.25605,27147
14.3684,6.15932,28.76324,0.23016,27068
14.3784,6.15506,28.74182,0.23125,26955
14.3884,6.1508,28.76421,0.23006,27272
14.3984,6.14655,28.7382,0.23783,27330
14.4084,6.14231,28.71938,0.24861,27083
14.4184,6.13807,28.71687,0.23906,27387
14.4284,6.13384,28.71562,0.25089,27419
14.4384,6.12962,28.70292,0.24145,27293
14.4484,6.1254,28.69261,0.22758,27333
14.4584,6.12118,28.68001,0.23031,27203
14.4684,6.11698,28.66944,0.2188,27275
14.4784,6.11278,28.63577,0.24827,27052
14.4884,6.10858,28.62071,0.23287,27349
14.4984,6.10439,28.61256,0.22356,27508
14.5084,6.10021,28.60906,0.23739,27495
14.5184,6.09603,28.5884,0.26034,27382
14.5284,6.09185,28.57065,0.23103,27443
14.5384,6.08769,28.56091,0.24008,27550
14.5484,6.08353,28.54759,0.24448,27261
14.5584,6.07937,28.54728,0.21462,27349
14.5684,6.07522,28.53538,0.23524,27343
14.5784,6.07108,28.52236,0.24145,27482
14.5883,6.06694,28.50186,0.23413,27218
14.5983,6.06281,28.49676,0.22555,27316
14.6083,6.05868,28.48569,0.25544,27717
14.6183,6.05456,28.47479,0.22757,27683
14.6283,6.05044,28.45994,0.25893,27397
14.6383,6.04633,28.44703,0.21692,27657
14.6483,6.04223,28.44321,0.24334,27702
14.6583,6.03813,28.44003,0.22363,27542
14.6683,6.03404,28.43031,0.22686,27437
14.6783,6.02995,28.43355,0.23075,27430
14.6883,6.02587,28.41142,0.22869,27456
14.6983,6.02179,28.39411,0.25386,27559
14.7083,6.01772,28.40147,0.23167,27591
14.7183,6.01365,28.40759,0.25088,27582
14.7283,6.00959,28.39857,0.24803,27621
14.7383,6.00554,28.37691,0.22865,27769
14.7483,6.00149,28.36783,0.22642,27831
14.7583,5.99745,28.37417,0.21169,27765
14.7683,5.99341,28.36824,0.22232,27836
14.7783,5.98938,28.36101,0.24071,27566
14.7883,5.98535,28.35778,0.22963,27600
14.7983,5.98133,28.33131,0.23735,27695
14.8083,5.97731,28.32192,0.22889,27655
14.8183,5.9733,28.31503,0.2521,27769
14.8283,5.9693,28.29819,0.23927,27799
14.8383,5.9653,28.31231,0.24542,27894
14.8483,5.9613,28.29318,0.25086,27617
14.8583,5.95731,28.28306,0.20181,27989
14.8683,5.95333,28.27935,0.23062,27881
14.8783,5.94935,28.2713,0.21264,27774
14.8883,5.94538,28.26217,0.22879,27670
14.8983,5.94141,28.25612,0.23745,27834
14.9083,5.93745,28.20976,0.25648,27674
14.9183,5.93349,28.22133,0.23629,27738
14.9283,5.92954,28.20405,0.21691,27990
14.9383,5.9256,28.17858,0.23895,28082
14.9483,5.92165,28.16789,0.24006,28101
14.9583,5.91772,28.14889,0.23289,27794
14.9683,5.91379,28.1388,0.23189,27953
14.9783,5.90986,28.13402,0.22138,28095
14.9883,5.90594,28.13226,0.22282,27742
14.9983,5.90203,28.12059,0.2271,27943
15.0083,5.89812,28.10256,0.23747,28027
15.0183,5.89422,28.06658,0.22542,27784
15.0283,5.89032,28.0579,0.23717,27995
15.0383,5.88642,28.04661,0.23203,28257
15.0483,5.88253,28.03413,0.21765,28040
15.0583,5.87865,28.0168,0.24007,28149
15.0683,5.87477,27.98916,0.23515,28030
15.0783,5.8709,27.99438,0.22863,28219
15.0883,5.86703,27.98967,0.21313,28056
15.0983,5.86317,27.96837,0.24023,27987
15.1083,5.85931,27.96604,0.25736,27944
15.1183,5.85546,27.94915,0.21893,27976
15.1282,5.85161,27.92155,0.21728,27963
15.1382,5.84777,27.91456,0.23867,28204
15.1482,5.84393,27.91284,0.22113,28239
15.1582,5.8401,27.90095,0.22046,28297
15.1682,5.83627,27.88988,0.24187,28280
15.1782,5.83245,27.8688,0.23303,28246
15.1882,5.82863,27.86304,0.21745,28270
15.1982,5.82482,27.86517,0.2192,28249
15.2082,5.82102,27.86008,0.22729,28134
15.2182,5.81721,27.84508,0.23647,28231
15.2282,5.81342,27.83026,0.25393,28237
15.2382,5.80963,27.8239,0.21795,28228
15.2482,5.80584,27.81563,0.21985,28259
15.2582,5.80206,27.81143,0.22724,28337
15.2682,5.79828,27.79244,0.21917,28516
15.2782,5.79451,27.78613,0.24227,28323
15.2882,5.79074,27.778,0.22754,28236
15.2982,5.78698,27.75429,0.22574,28356
15.3082,5.78322,27.76088,0.22028,28284
15.3182,5.77947,27.76613,0.21854,28205
15.3282,5.77572,27.75506,0.23646,28376
15.3382,5.77198,27.73519,0.23058,28438
15.3482,5.76824,27.73063,0.22163,28427
15.3582,5.76451,27.73147,0.22933,28507
15.3682,5.76078,27.71817,0.23349,28612
15.3782,5.75706,27.71847,0.2278,28523
15.3882,5.75334,27.69138,0.23314,28337
15.3982,5.74963,27.69253,0.22045,28516
15.4082,5.74592,27.67816,0.21555,28464
15.4182,5.74222,27.67697,0.23043,28541
15.4282,5.73852,27.67796,0.21459,28380
15.4382,5.73482,27.65724,0.22068,28378
15.4482,5.73113,27.63027,0.234,28513
15.4582,5.72745,27.62244,0.21483,28497
15.4682,5.72377,27.61639,0.24133,28598
15.4782,5.7201,27.62823,0.24532,28655
15.4882,5.71643,27.60797,0.21999,28872
15.4982,5.71276,27.58693,0.23407,28541
15.5082,5.7091,27.58194,0.2211,28591
15.5182,5.70544,27.60327,0.23382,28349
15.5282,5.70179,27.57733,0.20647,28765
15.5382,5.69815,27.56609,0.22076,28601
15.5482,5.6945,27.53762,0.21932,28566
15.5582,5.69087,27.54314,0.21889,28589
15.5682,5.68724,27.52151,0.22081,28735
15.5782,5.68361,27.50768,0.22642,28863
15.5882,5.67998,27.51153,0.24796,28838
15.5982,5.67637,27.49334,0.24352,28691
15.6082,5.67275,27.4764,0.21363,28873
15.6182,5.66914,27.4743,0.21234,28716
15.6282,5.66554,27.47589,0.23025,28759
15.6382,5.66194,27.46401,0.21779,28828
15.6482,5.65834,27.46611,0.22595,28416
15.6582,5.65475,27.42481,0.22919,28611
15.6682,5.65117,27.44246,0.20601,28852
15.6781,5.64759,27.42183,0.22213,28826
15.6881,5.64401,27.41236,0.23485,29105
15.6981,5.64044,27.40585,0.22924,29028
15.7081,5.63687,27.38634,0.21847,28942
15.7181,5.63331,27.37462,0.23481,28758
15.7281,5.62975,27.3736,0.21235,28894
15.7381,5.62619,27.36351,0.21233,28931
15.7481,5.62265,27.36069,0.2242,28861
15.7581,5.6191,27.34665,0.23406,28658
15.7681,5.61556,27.32863,0.21632,29000
15.7781,5.61202,27.33724,0.23326,28799
15.7881,5.60849,27.32328,0.22016,28960
15.7981,5.60497,27.30476,0.21945,29216
15.8081,5.60144,27.29251,0.22339,29022
15.8181,5.59793,27.26115,0.21318,29052
15.8281,5.59441,27.26531,0.23351,28838
15.8381,5.5909,27.25501,0.21529,29115
15.8481,5.5874,27.23363,0.21953,29168
15.8581,5.5839,27.23925,0.20967,29025
15.8681,5.5804,27.2135,0.22533,28698
15.8781,5.57691,27.20486,0.22543,29102
15.8881,5.57342,27.19781,0.23146,29243
15.8981,5.56994,27.18336,0.2182,29272
15.9081,5.56646,27.18949,0.23671,29168
15.9181,5.56299,27.17554,0.22649,29137
15.9281,5.55952,27.151,0.21674,28910
15.9381,5.55605,27.14389,0.19988,29176
15.9481,5.55259,27.12525,0.23359,29120
15.9581,5.54914,27.10925,0.21545,29483
15.9681,5.54569,27.09898,0.21764,29112
15.9781,5.54224,27.09586,0.20752,29042
15.9881,5.53879,27.0769,0.21741,29257
15.9981,5.53536,27.08324,0.23571,29379
16.0081,5.53192,27.063,0.2337,29365
16.0181,5.52849,27.05607,0.20782,29349
16.0281,5.52506,27.03162,0.23364,29128
16.0381,5.52164,27.02606,0.21458,29272
16.0481,5.51822,27.01254,0.23236,29097
16.0581,5.51481,27.00737,0.21548,29110
16.0681,5.5114,26.98433,0.20314,29394
16.0781,5.508,26.98092,0.22463,29007
16.0881,5.5046,26.97423,0.21245,29294
16.0981,5.5012,26.96724,0.22544,29578
16.1081,5.49781,26.96597,0.21316,29361
16.1181,5.49442,26.9345,0.21653,29660
16.1281,5.49104,26.95023,0.22523,29572
16.1381,5.48766,26.92487,0.22556,29098
16.1481,5.48428,26.91717,0.22535,29369
16.1581,5.48091,26.90713,0.20628,29663
16.1681,5.47754,26.89794,0.22465,29535
16.1781,5.47418,26.88168,0.22056,29291
16.1881,5.47082,26.88326,0.22558,29319
16.1981,5.46747,26.8692,0.2055,29561
16.2081,5.46412,26.87202,0.20678,29414
16.2181,5.46077,26.85646,0.23718,29466
16.228,5.45743,26.84113,0.20859,29738
16.238,5.45409,26.8494,0.22043,29389
16.248,5.45076,26.82604,0.21598,29299
16.258,5.44743,26.82036,0.21895,29796
16.268,5.4441,26.8178,0.21489,29764
16.278,5.44078,26.80259,0.22902,29497
16.288,5.43747,26.80904,0.21171,29490
16.298,5.43415,26.78928,0.20447,29631
16.308,5.43084,26.78163,0.23364,29705
16.318,5.42754,26.78811,0.21609,29658
16.328,5.42424,26.7773,0.22032,29660
16.338,5.42094,26.76664,0.20757,29499
16.348,5.41765,26.74925,0.22131,29634
16.358,5.41436,26.74694,0.21481,29537
16.368,5.41107,26.73822,0.21446,29896
16.378,5.40779,26.72657,0.21236,29824
16.388,5.40452,26.70761,0.21881,29617
16.398,5.40124,26.71959,0.20619,29415
16.408,5.39798,26.70018,0.21834,29848
16.418,5.39471,26.69217,0.22953,29793
16.428,5.39145,26.69362,0.19759,29903
16.438,5.38819,26.69318,0.23186,29858
16.448,5.38494,26.67124,0.23234,29983
16.458,5.38169,26.66149,0.21914,29534
16.468,5.37845,26.6571,0.20438,29905
16.478,5.37521,26.64329,0.22103,29899
16.488,5.37197,26.63067,0.20649,29849
16.498,5.36874,26.62252,0.20179,29806
16.508,5.36551,26.62567,0.20365,29809
16.518,5.36228,26.60951,0.25252,29898
16.528,5.35906,26.5971,0.20213,30024
16.538,5.35584,26.59545,0.21965,30066
16.548,5.35263,26.59075,0.21407,29843
16.558,5.34942,26.57507,0.22571,29831
16.568,5.34621,26.55739,0.21763,29979
16.578,5.34301,26.54633,0.21496,30087
16.588,5.33981,26.5424,0.22594,29894
16.598,5.33662,26.52578,0.20477,29862
16.608,5.33343,26.51922,0.20079,29930
16.618,5.33024,26.50199,0.21273,29685
16.628,5.32706,26.5055,0.20842,30209
16.638,5.32388,26.49081,0.21453,30134
16.648,5.32071,26.48267,0.21001,29843
16.658,5.31754,26.48275,0.228,30173
16.668,5.31437,26.44578,0.21899,30033
16.678,5.31121,26.44944,0.21086,30132
16.688,5.30805,26.44546,0.21319,30289
16.698,5.30489,26.42294,0.20928,29927
16.708,5.30174,26.41829,0.22146,30137
16.718,5.29859,26.40432,0.22762,30109
16.728,5.29545,26.40688,0.20093,30267
16.738,5.29231,26.38315,0.20873,30129
16.748,5.28917,26.39446,0.20385,30019
16.758,5.28604,26.36316,0.22576,30231
16.768,5.28291,26.35285,0.20744,29975
16.7779,5.27978,26.32692,0.20291,30434
16.7879,5.27666,26.32285,0.21827,30341
16.7979,5.27354,26.31036,0.21888,30160
16.8079,5.27043,26.2939,0.20222,30322
16.8179,5.26732,26.28684,0.22134,30193
16.8279,5.26421,26.27289,0.20954,30398
16.8379,5.2611,26.2715,0.21047,30175
16.8479,5.25801,26.26501,0.21928,30236
16.8579,5.25491,26.25355,0.20146,30552
16.8679,5.25182,26.26499,0.22357,30248
16.8779,5.24873,26.21222,0.23302,30267
16.8879,5.24564,26.22367,0.19311,30487
16.8979,5.24256,26.19471,0.20776,30267
16.9079,5.23948,26.19682,0.21144,30537
16.9179,5.23641,26.18131,0.20136,30260
16.9279,5.23334,26.18223,0.21297,30376
16.9379,5.23027,26.15556,0.21802,30628
16.9479,5.22721,26.17696,0.21137,30196
16.9579,5.22415,26.15361,0.20569,30478
16.9679,5.2211,26.15244,0.21058,30553
16.9779,5.21804,26.1115,0.22163,30518
16.9879,5.21499,26.12671,0.21028,30389
16.9979,5.21195,26.10134,0.21559,30650
17.0079,5.20891,26.09246,0.21959,30524
17.0179,5.20587,26.08425,0.19848,30478
17.0279,5.20284,26.09472,0.20421,30365
17.0379,5.19981,26.07569,0.19815,30699
17.0479,5.19678,26.0871,0.21454,30256
17.0579,5.19376,26.06835,0.20789,30563
17.0679,5.19074,26.05809,0.2115,30714
17.0779,5.18772,26.04502,0.22677,30636
17.0879,5.18471,26.03119,0.19267,30510
17.0979,5.1817,26.01991,0.22046,30760
17.1079,5.17869,25.9937,0.22902,30455
17.1179,5.17569,26.01055,0.21156,30700
17.1279,5.17269,26.01162,0.19427,30736
17.1379,5.1697,26.00231,0.20419,30727
17.1479,5.1667,26.00105,0.21198,30420
17.1579,5.16372,25.99444,0.19805,30750
17.1679,5.16073,25.98186,0.21137,30712
17.1779,5.15775,25.97821,0.20686,30837
17.1879,5.15477,25.94135,0.21885,30552
17.1979,5.1518,25.93644,0.20366,30891
17.2079,5.14883,25.90859,0.21664,30545
17.2179,5.14586,25.89968,0.20074,30807
17.2279,5.1429,25.9014,0.21159,31096
17.2379,5.13993,25.91136,0.21698,30621
17.2479,5.13698,25.90977,0.19094,30673
17.2579,5.13402,25.89028,0.21137,31021
17.2679,5.13107,25.88096,0.20695,30902
17.2779,5.12813,25.87663,0.2106,30983
17.2879,5.12518,25.85279,0.22942,30772
17.2979,5.12224,25.8479,0.22237,30926
17.3079,5.11931,25.79566,0.19252,30685
17.3179,5.11637,25.81276,0.1953,30994
17.3278,5.11345,25.80198,0.20636,31015
17.3378,5.11052,25.79633,0.20189,30898
17.3478,5.1076,25.81346,0.19913,30694
17.3578,5.10468,25.80055,0.21722,30971
17.3678,5.10176,25.78314,0.21006,31125
17.3778,5.09885,25.77156,0.21571,31095
17.3878,5.09594,25.77256,0.20195,31057
17.3978,5.09303,25.74267,0.21462,30939
17.4078,5.09013,25.7086,0.22719,30865
17.4178,5.08723,25.73257,0.20886,31001
17.4278,5.08433,25.73437,0.19653,30917
17.4378,5.08144,25.71829,0.19089,31140
17.4478,5.07855,25.7395,0.19037,30881
17.4578,5.07567,25.72739,0.20729,30865
17.4678,5.07278,25.71437,0.21314,31315
17.4778,5.0699,25.70202,0.20851,31163
17.4878,5.06703,25.7004,0.22126,31207
17.4978,5.06416,25.67025,0.20967,31146
17.5078,5.06129,25.64112,0.20059,31050
17.5178,5.05842,25.65709,0.21788,31188
17.5278,5.05556,25.65469,0.20913,31225
17.5378,5.0527,25.65406,0.19278,31395
17.5478,5.04984,25.67316,0.20652,30937
17.5578,5.04699,25.65597,0.19248,31188
17.5678,5.04414,25.65261,0.22172,31213
17.5778,5.04129,25.64355,0.18731,31292
17.5878,5.03845,25.62074,0.21795,31474
17.5978,5.03561,25.60292,0.21703,31098
17.6078,5.03277,25.57813,0.22124,31209
17.6178,5.02994,25.58303,0.18677,31278
17.6278,5.02711,25.57174,0.2098,31448
17.6378,5.02428,25.59117,0.19749,31328
17.6478,5.02146,25.59706,0.19761,31287
17.6578,5.01864,25.57489,0.20425,31235
17.6678,5.01582,25.56024,0.20596,31409
17.6778,5.013,25.56153,0.20663,31538
17.6878,5.01019,25.5379,0.2087,31572
17.6978,5.00738,25.52834,0.22852,31293
17.7078,5.00458,25.4994,0.20153,31126
17.7178,5.00178,25.49164,0.20433,31432
17.7278,4.99898,25.48274,0.19807,31435
17.7378,4.99618,25.50072,0.19369,31538
17.7478,4.99339,25.50082,0.18274,31182
17.7578,4.9906,25.47847,0.21963,31402
17.7678,4.98782,25.47556,0.19219,31625
17.7778,4.98504,25.45513,0.20157,31417
17.7878,4.98226,25.43767,0.23255,31742
17.7978,4.97948,25.42116,0.21461,31572
17.8078,4.97671,25.39125,0.21434,31322
17.8178,4.97394,25.3978,0.19868,31471
17.8278,4.97117,25.38915,0.19966,31648
17.8378,4.96841,25.39535,0.20583,31628
17.8478,4.96564,25.39953,0.1874,31279
17.8578,4.96289,25.38582,0.18573,31413
17.8678,4.96013,25.37276,0.21301,31643
17.8777,4.95738,25.35173,0.20234,31691
17.8877,4.95463,25.3521,0.20457,31768
17.8977,4.95189,25.33082,0.20891,31813
17.9077,4.94915,25.27323,0.21831,31510
17.9177,4.94641,25.30701,0.19831,31577
17.9277,4.94367,25.29555,0.20055,31827
17.9377,4.94094,25.30102,0.2117,31662
17.9477,4.93821,25.29563,0.18098,31733
17.9577,4.93548,25.30319,0.20458,31515
17.9677,4.93276,25.28839,0.19088,31835
17.9777,4.93004,25.27188,0.2075,31820
17.9877,4.92732,25.28475,0.22871,31637
17.9977,4.9246,25.25798,0.20903,31903
18.0077,4.92189,25.2122,0.20406,31564
18.0177,4.91918,25.21975,0.19465,31857
18.0277,4.91648,25.22257,0.18369,31863
18.0377,4.91377,25.22988,0.20503,31727
18.0477,4.91107,25.21873,0.18896,31827
18.0577,4.90838,25.22442,0.20813,31651
18.0677,4.90568,25.2134,0.2104,31875
18.0777,4.90299,25.19846,0.20855,31921
18.0877,4.90031,25.19737,0.18946,32038
18.0977,4.89762,25.18812,0.21169,32053
18.1077,4.89494,25.13428,0.23726,31759
18.1177,4.89226,25.15988,0.19986,31845
18.1277,4.88959,25.16409,0.19663,31913
18.1377,4.88691,25.17192,0.18205,31734
18.1477,4.88424,25.15327,0.1804,32053
18.1577,4.88158,25.16666,0.20516,31903
18.1677,4.87891,25.15687,0.19117,31908
18.1777,4.87625,25.1532,0.21041,32024
18.1877,4.87359,25.14166,0.22737,32185
18.1977,4.87094,25.1348,0.2094,32216
18.2077,4.86829,25.07375,0.20465,31752
18.2177,4.86564,25.0987,0.18417,31946
18.2277,4.86299,25.10122,0.20686,32042
18.2377,4.86035,25.09994,0.19958,31841
18.2477,4.85771,25.09467,0.19448,32253
18.2577,4.85507,25.09389,0.1988,31999
18.2677,4.85243,25.10578,0.19498,31971
18.2777,4.8498,25.08565,0.1836,32049
18.2877,4.84717,25.0879,0.20689,32280
18.2977,4.84455,25.0735,0.21756,32237
18.3077,4.84192,25.01785,0.23486,31745
18.3177,4.8393,25.02443,0.17959,32353
18.3277,4.83669,25.04272,0.18804,31842
18.3377,4.83407,25.02776,0.20052,31991
18.3477,4.83146,25.01278,0.20031,32304
18.3577,4.82885,25.00736,0.18846,32311
18.3677,4.82624,25.01317,0.19757,31942
18.3777,4.82364,25.00441,0.22163,32315
18.3877,4.82104,24.99048,0.20259,32534
18.3977,4.81844,24.9787,0.19911,32329
18.4077,4.81585,24.92095,0.22419,31717
18.4177,4.81326,24.92679,0.17977,32344
18.4276,4.81067,24.93051,0.21226,32067
18.4376,4.80808,24.93142,0.18349,32070
18.4476,4.8055,24.90006,0.19105,32572
18.4576,4.80292,24.90519,0.18147,32568
18.4676,4.80034,24.9075,0.19866,32213
18.4776,4.79777,24.8863,0.20527,32475
18.4876,4.79519,24.87102,0.2249,32539
18.4976,4.79262,24.85689,0.2015,32510
18.5076,4.79006,24.80743,0.22197,32067
18.5176,4.78749,24.79984,0.18473,32273
18.5276,4.78493,24.80713,0.17794,32402
18.5376,4.78238,24.7944,0.21349,32307
18.5476,4.77982,24.78572,0.20053,32434
18.5576,4.77727,24.76776,0.17718,32572
18.5676,4.77472,24.78879,0.19574,32424
18.5776,4.77217,24.75945,0.20296,32467
18.5876,4.76963,24.74621,0.20764,32627
18.5976,4.76708,24.7089,0.19796,32521
18.6076,4.76455,24.67286,0.20856,32159
18.6176,4.76201,24.68469,0.18569,32198
18.6276,4.75948,24.67621,0.20041,32426
18.6376,4.75694,24.66987,0.18751,32588
18.6476,4.75442,24.65736,0.19884,32509
18.6576,4.75189,24.64316,0.18988,32797
18.6676,4.74937,24.64415,0.18954,32597
18.6776,4.74685,24.63016,0.20091,32679
18.6876,4.74433,24.61601,0.22097,32663
18.6976,4.74182,24.57832,0.21074,32530
18.7076,4.73931,24.56129,0.18657,32238
18.7176,4.7368,24.58211,0.1873,32459
18.7276,4.73429,24.55271,0.18239,32416
18.7376,4.73179,24.56087,0.1919,32792
18.7476,4.72929,24.54484,0.2134,32752
18.7576,4.72679,24.55038,0.17603,32751
18.7676,4.72429,24.55927,0.21035,32671
18.7776,4.7218,24.54877,0.20087,32712
18.7876,4.71931,24.53397,0.20519,32837
18.7976,4.71682,24.49151,0.19288,32656
18.8076,4.71434,24.49211,0.20145,32260
18.8176,4.71185,24.49897,0.19871,32533
18.8276,4.70937,24.48311,0.20345,32493
18.8376,4.7069,24.49123,0.18331,32825
18.8476,4.70442,24.49264,0.17398,32853
18.8576,4.70195,24.50682,0.19076,33128
18.8676,4.69948,24.50686,0.19057,32666
18.8776,4.69702,24.4944,0.20565,33019
18.8876,4.69455,24.47665,0.21793,32918
18.8976,4.69209,24.45408,0.19249,32606
18.9076,4.68963,24.45328,0.19156,32551
18.9176,4.68718,24.4402,0.18621,32537
18.9276,4.68472,24.43766,0.19045,33105
18.9376,4.68227,24.447,0.20947,33049
18.9476,4.67982,24.44972,0.19226,32891
18.9576,4.67738,24.43351,0.19743,33125
18.9676,4.67494,24.44056,0.19561,32883
18.9775,4.67249,24.4452,0.18793,32961
18.9875,4.67006,24.40313,0.1842,32751
18.9975,4.66762,24.4028,0.19358,32689
19.0075,4.66519,24.36707,0.21063,32627
19.0175,4.66276,24.3757,0.20361,32752
19.0275,4.66033,24.36909,0.18152,33020
19.0375,4.65791,24.36261,0.17893,33163
19.0475,4.65548,24.37349,0.2012,33122
19.0575,4.65306,24.34236,0.19339,33169
19.0675,4.65065,24.364,0.19755,33169
19.0775,4.64823,24.34441,0.19667,33088
19.0875,4.64582,24.31705,0.19834,32806
19.0975,4.64341,24.31489,0.19637,32930
19.1075,4.641,24.28221,0.18836,32749
19.1175,4.6386,24.29399,0.19487,32983
19.1275,4.6362,24.27809,0.19011,33260
19.1375,4.6338,24.29286,0.19664,33365
19.1475,4.6314,24.27279,0.19085,33424
19.1575,4.62901,24.2697,0.17604,33294
19.1675,4.62661,24.28571,0.18642,33157
19.1775,4.62422,24.24752,0.1977,33164
19.1875,4.62184,24.24451,0.20126,32743
19.1975,4.61945,24.21463,0.1938,33046
19.2075,4.61707,24.22225,0.20031,33175
19.2175,4.61469,24.20878,0.20275,32967
19.2275,4.61231,24.20007,0.17564,33493
19.2375,4.60994,24.19393,0.20864,33461
19.2475,4.60757,24.1865,0.18933,33386
19.2575,4.6052,24.18621,0.18798,33339
19.2675,4.60283,24.19677,0.19312,33243
19.2775,4.60047,24.17246,0.18542,32951
19.2875,4.5981,24.14867,0.18914,33045
19.2975,4.59574,24.13284,0.19394,33185
19.3075,4.59339,24.11871,0.1869,33322
19.3175,4.59103,24.14043,0.19938,33151
19.3275,4.58868,24.11858,0.19758,33583
19.3375,4.58633,24.10224,0.19135,33538
19.3475,4.58398,24.11876,0.19673,33381
19.3575,4.58164,24.09864,0.17714,33297
19.3675,4.57929,24.10088,0.18208,33496
19.3775,4.57695,24.08664,0.2081,32950
19.3875,4.57462,24.07188,0.18582,33448
19.3975,4.57228,24.00898,0.20695,33219
19.4075,4.56995,24.03643,0.19736,33438
19.4175,4.56762,24.03776,0.18359,33483
19.4275,4.56529,24.0145,0.18545,33486
19.4375,4.56296,24.01245,0.19154,33683
19.4475,4.56064,24.00441,0.18005,33679
19.4575,4.55832,24.00535,0.18794,33379
19.4675,4.556,23.97905,0.19615,33030
19.4775,4.55368,23.97218,0.1887,33298
19.4875,4.55137,23.95903,0.19128,33556
19.4975,4.54906,23.90531,0.19245,33367
19.5075,4.54675,23.94524,0.1872,33551
19.5175,4.54444,23.93136,0.2025,33652
19.5274,4.54214,23.90292,0.20955,33808
19.5374,4.53984,23.89649,0.19119,33582
19.5474,4.53754,23.89639,0.18626,33754
19.5574,4.53524,23.92087,0.15667,33441
19.5674,4.53295,23.86989,0.19872,33330
19.5774,4.53065,23.87564,0.18818,33602
19.5874,4.52836,23.84442,0.19716,33593
19.5974,4.52608,23.82516,0.20084,33543
19.6074,4.52379,23.84253,0.20288,33707
19.6174,4.52151,23.83838,0.18408,33617
19.6274,4.51923,23.81846,0.18243,34000
19.6374,4.51695,23.80981,0.19314,33725
19.6474,4.51467,23.8087,0.18721,33844
19.6574,4.5124,23.82096,0.20049,33161
19.6674,4.51013,23.76178,0.17706,33737
19.6774,4.50786,23.79084,0.18561,33783
19.6874,4.50559,23.74719,0.18899,33545
19.6974,4.50333,23.75422,0.1834,33731
19.7074,4.50106,23.76253,0.19521,33853
19.7174,4.4988,23.75672,0.20604,33773
19.7274,4.49655,23.75205,0.20127,34019
19.7374,4.49429,23.75371,0.17437,33904
19.7474,4.49204,23.77965,0.18463,33558
19.7574,4.48979,23.73896,0.16922,33730
19.7674,4.48754,23.73441,0.19762,33756
19.7774,4.48529,23.74876,0.19604,33852
19.7874,4.48305,23.67107,0.19444,33851
19.7974,4.48081,23.72659,0.18496,34186
19.8074,4.47857,23.73137,0.19211,33917
19.8174,4.47633,23.71171,0.19355,34017
19.8274,4.4741,23.71781,0.20201,34069
19.8374,4.47187,23.72114,0.17133,33823
19.8474,4.46963,23.71175,0.19,33503
19.8574,4.46741,23.70262,0.17092,33871
19.8674,4.46518,23.6887,0.18649,34093
19.8774,4.46296,23.68342,0.20071,33565
19.8874,4.46074,23.66854,0.17979,34090
19.8974,4.45852,23.66201,0.19955,34115
19.9074,4.4563,23.68215,0.19084,34119
19.9174,4.45409,23.66807,0.19125,34353
19.9274,4.45187,23.66392,0.19994,34009
19.9374,4.44966,23.64527,0.17753,34079
19.9474,4.44746,23.66559,0.17749,33715
19.9574,4.44525,23.64119,0.18297,34062
19.9674,4.44305,23.63438,0.1904,34067
19.9774,4.44085,23.59383,0.19289,33675
19.9874,4.43865,23.58708,0.17623,34213
19.9974,4.43645,23.6087,0.19647,34265
20.0074,4.43426,23.573,0.18665,33966
20.0174,4.43206,23.58156,0.19529,34398
20.0274,4.42987,23.58769,0.18568,34380
20.0374,4.42769,23.54492,0.18444,33783
20.0474,4.4255,23.56938,0.18092,34225
20.0574,4.42332,23.56329,0.18244,34408
20.0674,4.42114,23.52754,0.18895,34282
20.0773,4.41896,23.52367,0.18812,33971
20.0873,4.41678,23.49671,0.17475,34524
20.0973,4.41461,23.50069,0.19787,34388
20.1073,4.41243,23.48112,0.2082,34208
20.1173,4.41026,23.48513,0.18669,34049
20.1273,4.40809,23.44366,0.18208,34206
20.1373,4.40593,23.45977,0.17806,33936
20.1473,4.40376,23.44684,0.16951,34243
20.1573,4.4016,23.42573,0.17828,34495
20.1673,4.39944,23.39935,0.19552,34030
20.1773,4.39729,23.40922,0.19829,34297
20.1873,4.39513,23.39527,0.19072,34420
20.1973,4.39298,23.39976,0.18169,34577
20.2073,4.39083,23.39705,0.20095,34265
20.2173,4.38868,23.35201,0.18007,34342
20.2273,4.38653,23.36787,0.1879,34473
20.2373,4.38439,23.37909,0.18389,34282
20.2473,4.38224,23.33917,0.18871,34575
20.2573,4.3801,23.31038,0.18018,34481
20.2673,4.37797,23.329,0.16971,34317
20.2773,4.37583,23.31526,0.18245,34610
20.2873,4.3737,23.30146,0.19139,34405
20.2973,4.37156,23.31136,0.19252,34424
20.3073,4.36943,23.28993,0.18796,34508
20.3173,4.36731,23.27905,0.18144,34414
20.3273,4.36518,23.31049,0.17819,34420
20.3373,4.36306,23.27501,0.19214,34462
20.3473,4.36094,23.26595,0.17631,34754
20.3573,4.35882,23.23931,0.19036,34381
20.3673,4.3567,23.2352,0.1817,34415
20.3773,4.35458,23.23626,0.18247,34903
20.3873,4.35247,23.24802,0.18352,34411
20.3973,4.35036,23.22792,0.19147,34656
20.4073,4.34825,23.20532,0.19624,34456
20.4173,4.34614,23.21256,0.17247,34598
20.4273,4.34404,23.22516,0.19133,34313
20.4373,4.34194,23.18385,0.17401,34745
20.4473,4.33984,23.16569,0.17902,34940
20.4573,4.33774,23.15569,0.18409,34678
20.4673,4.33564,23.16542,0.17388,34754
20.4773,4.33355,23.14665,0.18749,34849
20.4873,4.33146,23.14846,0.18942,34734
20.4973,4.32937,23.11388,0.19309,34562
20.5073,4.32728,23.1209,0.18592,34876
20.5173,4.32519,23.12292,0.19327,34519
20.5273,4.32311,23.10701,0.18269,34766
20.5373,4.32102,23.10093,0.18702,34897
20.5473,4.31894,23.06475,0.17193,34595
20.5573,4.31687,23.07558,0.18556,34653
20.5673,4.31479,23.08566,0.16994,34990
20.5773,4.31272,23.07794,0.18031,35010
20.5873,4.31064,23.05971,0.18092,34638
20.5973,4.30858,23.03469,0.1971,34893
20.6073,4.30651,23.02898,0.17489,34953
20.6173,4.30444,23.05078,0.17843,34706
20.6272,4.30238,23.02076,0.20199,34902
20.6372,4.30032,22.98274,0.18297,34798
20.6472,4.29826,22.99427,0.18219,35136
20.6572,4.2962,22.99632,0.17562,34954
20.6672,4.29414,22.99414,0.17967,34753
20.6772,4.29209,22.97627,0.17226,35183
20.6872,4.29004,22.96732,0.19681,34955
20.6972,4.28799,22.95415,0.18784,34758
20.7072,4.28594,22.96218,0.17573,34999
20.7172,4.28389,22.95565,0.18057,34862
20.7272,4.28185,22.93628,0.18338,35162
20.7372,4.27981,22.92458,0.17815,35057
20.7472,4.27777,22.91303,0.18096,34859
20.7572,4.27573,22.91364,0.18539,35192
20.7672,4.27369,22.90886,0.17091,35198
20.7772,4.27166,22.86857,0.1914,34944
20.7872,4.26963,22.87807,0.17578,35060
20.7972,4.2676,22.88802,0.18621,35272
20.8072,4.26557,22.86083,0.18884,35141
20.8172,4.26354,22.85632,0.17888,35122
20.8272,4.26152,22.85032,0.19161,35192
20.8372,4.2595,22.83937,0.18608,35159
20.8472,4.25748,22.84762,0.17443,34944
20.8572,4.25546,22.83176,0.16585,35263
20.8672,4.25344,22.82244,0.18065,35139
20.8772,4.25143,22.81701,0.17348,35196
20.8872,4.24942,22.80241,0.19119,35325
20.8972,4.2474,22.82373,0.17273,35166
20.9072,4.2454,22.81973,0.18476,35206
20.9172,4.24339,22.79231,0.19163,35372
20.9272,4.24138,22.78433,0.18735,35262
20.9372,4.23938,22.79009,0.17935,35235
20.9472,4.23738,22.78956,0.17472,35400
20.9572,4.23538,22.76519,0.18141,35279
20.9672,4.23339,22.75328,0.174,35438
20.9772,4.23139,22.75791,0.18266,35221
20.9872,4.2294,22.74061,0.18368,35415
20.9972,4.22741,22.74947,0.17853,35247
21.0072,4.22542,22.73282,0.17635,35177
21.0172,4.22343,22.70707,0.17979,35595
21.0272,4.22144,22.70905,0.18273,35345
21.0372,4.21946,22.71192,0.17722,35319
21.0472,4.21748,22.69698,0.17985,35532
21.0572,4.2155,22.67234,0.1789,35412
21.0672,4.21352,22.66358,0.17206,35355
21.0772,4.21154,22.65601,0.17495,35651
21.0872,4.20957,22.63637,0.18495,35482
21.0972,4.2076,22.63716,0.1867,35384
21.1072,4.20563,22.60875,0.18666,35488
21.1172,4.20366,22.60686,0.18043,35579
21.1272,4.20169,22.58979,0.18844,35390
21.1372,4.19973,22.58099,0.17604,35568
21.1472,4.19776,22.56597,0.16397,35601
21.1572,4.1958,22.56523,0.18263,35355
21.1672,4.19384,22.5399,0.17103,35685
21.1771,4.19188,22.53798,0.17209,35668
21.1871,4.18993,22.53718,0.18067,35564
21.1971,4.18798,22.51204,0.18969,35536
21.2071,4.18602,22.50769,0.18117,35633
21.2171,4.18407,22.50483,0.17439,35688
21.2271,4.18213,22.49928,0.1771,35679
21.2371,4.18018,22.47989,0.19028,35607
21.2471,4.17823,22.47876,0.18474,35699
21.2571,4.17629,22.47165,0.17551,35684
21.2671,4.17435,22.46976,0.17151,35826
21.2771,4.17241,22.4642,0.18173,35683
21.2871,4.17048,22.45743,0.17828,35589
21.2971,4.16854,22.46605,0.16652,35732
21.3071,4.16661,22.44325,0.18491,35880
21.3171,4.16467,22.44209,0.17068,35567
21.3271,4.16274,22.45284,0.17966,35731
21.3371,4.16082,22.42385,0.18548,35843
21.3471,4.15889,22.42379,0.18316,35802
21.3571,4.15697,22.42982,0.17033,35876
21.3671,4.15504,22.42915,0.17134,35842
21.3771,4.15312,22.4205,0.175,35872
21.3871,4.1512,22.40512,0.18947,35935
21.3971,4.14929,22.40008,0.18109,35852
21.4071,4.14737,22.417,0.17118,35808
21.4171,4.14546,22.39086,0.18332,36067
21.4271,4.14355,22.38804,0.17936,35725
21.4371,4.14164,22.39544,0.16955,35929
21.4471,4.13973,22.37945,0.20106,35839
21.4571,4.13782,22.3757,0.15562,36169
21.4671,4.13592,22.37236,0.17646,35959
21.4771,4.13401,22.36729,0.18462,35914
21.4871,4.13211,22.36012,0.16578,36061
21.4971,4.13021,22.34736,0.17815,36103
21.5071,4.12832,22.3349,0.18272,35759
21.5171,4.12642,22.32688,0.18425,36067
21.5271,4.12453,22.31721,0.18093,36188
21.5371,4.12263,22.31052,0.18098,35953
21.5471,4.12074,22.31647,0.17615,36052
21.5571,4.11886,22.30101,0.16705,36340
21.5671,4.11697,22.29245,0.17842,35991
21.5771,4.11508,22.29417,0.17533,36016
21.5871,4.1132,22.27172,0.18023,36157
21.5971,4.11132,22.25931,0.16324,35889
21.6071,4.10944,22.26484,0.17768,36364
21.6171,4.10756,22.25743,0.17492,36099
21.6271,4.10568,22.22839,0.18051,35940
21.6371,4.10381,22.23345,0.17479,36471
21.6471,4.10194,22.23318,0.18867,36392
21.6571,4.10007,22.22823,0.17154,35905
21.6671,4.0982,22.21016,0.17729,36364
21.6771,4.09633,22.19488,0.16178,36329
21.6871,4.09446,22.19532,0.17815,36166
21.6971,4.0926,22.17535,0.17475,36200
21.7071,4.09074,22.16789,0.19031,36345
21.717,4.08888,22.16014,0.1844,36143
21.727,4.08702,22.16411,0.1741,36446
21.737,4.08516,22.15198,0.16866,36324
21.747,4.0833,22.14838,0.17245,36238
21.757,4.08145,22.13757,0.16128,36441
21.767,4.0796,22.13108,0.18581,36320
21.777,4.07775,22.11095,0.16949,36348
21.787,4.0759,22.10593,0.1773,36128
21.797,4.07405,22.11111,0.1644,36555
21.807,4.07221,22.08079,0.18615,36358
21.817,4.07036,22.0793,0.17817,36530
21.827,4.06852,22.08208,0.16786,36576
21.837,4.06668,22.07646,0.18733,36395
21.847,4.06484,22.0691,0.18694,36306
21.857,4.06301,22.04331,0.17064,36647
21.867,4.06117,22.03291,0.17343,36302
21.877,4.05934,22.0464,0.17226,36338
21.887,4.05751,22.02061,0.15533,36449
21.897,4.05568,22.01164,0.18108,36683
21.907,4.05385,22.01107,0.17169,36331
21.917,4.05202,22.00908,0.17635,36726
21.927,4.0502,21.98904,0.1773,36532
21.937,4.04837,21.99715,0.17453,36609
21.947,4.04655,21.98584,0.17511,36493
21.957,4.04473,21.96514,0.17703,36604
21.967,4.04291,21.95874,0.16242,36435
21.977,4.0411,21.95046,0.18174,36680
21.987,4.03928,21.9513,0.17257,36724
21.997,4.03747,21.92419,0.18174,36671
22.007,4.03566,21.93253,0.17202,36723
22.017,4.03384,21.9266,0.16935,36822
22.027,4.03204,21.90219,0.16182,36507
22.037,4.03023,21.91518,0.18351,36625
22.047,4.02842,21.89822,0.17904,36767
22.057,4.02662,21.87842,0.17618,36677
22.067,4.02482,21.87383,0.16255,36579
22.077,4.02302,21.86642,0.16244,36911
22.087,4.02122,21.84893,0.16768,36866
22.097,4.01942,21.86041,0.18268,36875
22.107,4.01763,21.83635,0.18366,36898
22.117,4.01584,21.82792,0.17359,36624
22.127,4.01404,21.83653,0.17562,36859
22.137,4.01225,21.82285,0.16903,36910
22.147,4.01046,21.79672,0.17869,36898
22.157,4.00868,21.80737,0.17268,36780
22.167,4.00689,21.78833,0.16942,36871
22.177,4.00511,21.78395,0.1773,36942
22.187,4.00333,21.7872,0.1606,36845
22.197,4.00154,21.76061,0.17388,37004
22.207,3.99977,21.77233,0.15936,36862
22.217,3.99799,21.77501,0.18103,36894
22.227,3.99621,21.75691,0.17194,37156
22.237,3.99444,21.7379,0.18044,36883
22.247,3.99267,21.7438,0.16788,36875
22.257,3.99089,21.73218,0.17766,37169
22.2669,3.98913,21.73397,0.16828,37141
22.2769,3.98736,21.7336,0.17288,36726
22.2869,3.98559,21.72388,0.16696,37309
22.2969,3.98383,21.71766,0.17154,37103
22.3069,3.98206,21.72462,0.17322,36988
22.3169,3.9803,21.71398,0.17703,37021
22.3269,3.97854,21.71417,0.17324,37119
22.3369,3.97678,21.69553,0.16443,37042
22.3469,3.97503,21.68457,0.17513,37106
22.3569,3.97327,21.68991,0.16403,37216
22.3669,3.97152,21.68804,0.16239,36979
22.3769,3.96977,21.67704,0.17929,37369
22.3869,3.96802,21.67808,0.17536,37169
22.3969,3.96627,21.67626,0.17629,37113
22.4069,3.96452,21.6771,0.16468,37303
22.4169,3.96278,21.65639,0.16567,37271
22.4269,3.96103,21.63648,0.16567,37100
22.4369,3.95929,21.64699,0.18036,37329
22.4469,3.95755,21.63331,0.19129,37224
22.4569,3.95581,21.63717,0.16963,37304
22.4669,3.95407,21.62317,0.17026,37301
22.4769,3.95233,21.61458,0.15962,37310
22.4869,3.9506,21.6213,0.15576,37214
22.4969,3.94887,21.62132,0.16799,37457
22.5069,3.94714,21.59824,0.18565,37256
22.5169,3.94541,21.59578,0.17116,37237
22.5269,3.94368,21.57732,0.17542,37355
22.5369,3.94195,21.57576,0.15867,37638
22.5469,3.94022,21.56196,0.17125,37131
22.5569,3.9385,21.56374,0.18041,37570
22.5669,3.93678,21.56237,0.17476,37542
22.5769,3.93506,21.55593,0.16664,37401
22.5869,3.93334,21.56592,0.18056,37454
22.5969,3.93162,21.5395,0.16387,37515
22.6069,3.9299,21.52947,0.16476,37356
22.6169,3.92819,21.52903,0.16226,37564
22.6269,3.92648,21.53276,0.17534,37330
22.6369,3.92476,21.51717,0.16217,37676
22.6469,3.92305,21.49483,0.17432,37444
22.6569,3.92135,21.50897,0.16499,37827
22.6669,3.91964,21.51244,0.169,37412
22.6769,3.91793,21.50432,0.17541,37613
22.6869,3.91623,21.49374,0.16374,37524
22.6969,3.91453,21.47611,0.16036,37670
22.7069,3.91283,21.47623,0.18057,37517
22.7169,3.91113,21.46321,0.16709,37802
22.7269,3.90943,21.47299,0.17645,37715
22.7369,3.90773,21.45651,0.16682,37730
22.7469,3.90604,21.45075,0.16698,37823
22.7569,3.90434,21.445,0.1653,37625
22.7669,3.90265,21.4449,0.17526,37664
22.7769,3.90096,21.43192,0.1653,37651
22.7869,3.89927,21.41278,0.18023,37509
22.7969,3.89758,21.41366,0.15779,37944
22.8069,3.8959,21.40933,0.15651,37872
22.8168,3.89421,21.40294,0.15971,37601
22.8268,3.89253,21.39341,0.17107,37850
22.8368,3.89085,21.38306,0.18073,37909
22.8468,3.88917,21.37857,0.18133,37855
22.8568,3.88749,21.37623,0.1814,37781
22.8668,3.88581,21.35801,0.15563,37990
22.8768,3.88414,21.36437,0.16088,37705
22.8868,3.88246,21.34107,0.16823,38065
22.8968,3.88079,21.33571,0.16913,37903
22.9068,3.87912,21.33048,0.17993,37783
22.9168,3.87745,21.32896,0.16594,37928
22.9268,3.87578,21.32028,0.15969,38011
22.9368,3.87411,21.3184,0.15703,37964
22.9468,3.87245,21.30305,0.17321,37911
22.9568,3.87078,21.29181,0.16371,38069
22.9668,3.86912,21.29484,0.18471,37943
22.9768,3.86746,21.28634,0.16679,38054
22.9868,3.8658,21.27087,0.16187,38052
22.9968,3.86414,21.26477,0.16477,38095
23.0068,3.86249,21.26121,0.1586,38143
23.0168,3.86083,21.27497,0.16818,38094
23.0268,3.85918,21.24346,0.17097,38080
23.0368,3.85753,21.22966,0.16789,38162
23.0468,3.85587,21.24347,0.16891,38238
23.0568,3.85423,21.24055,0.19006,38050
23.0668,3.85258,21.22493,0.1555,38046
23.0768,3.85093,21.19265,0.16042,38143
23.0868,3.84929,21.20137,0.16574,38314
23.0968,3.84764,21.20684,0.1605,38226
23.1068,3.846,21.21023,0.15869,38201
23.1168,3.84436,21.18998,0.18467,38114
23.1268,3.84272,21.17335,0.16368,38318
23.1368,3.84108,21.18715,0.159,38346
23.1468,3.83945,21.16681,0.16669,38322
23.1568,3.83781,21.16765,0.16753,38346
23.1668,3.83618,21.15784,0.17328,38336
23.1768,3.83454,21.14224,0.17071,38331
23.1868,3.83291,21.14575,0.16874,38367
23.1968,3.83128,21.13637,0.17577,38546
23.2068,3.82966,21.13784,0.15198,38393
23.2168,3.82803,21.13888,0.16118,38217
23.2268,3.8264,21.12952,0.15669,38551
23.2368,3.82478,21.10672,0.17258,38367
23.2468,3.82316,21.10798,0.16862,38455
23.2568,3.82154,21.11507,0.17895,38411
23.2668,3.81992,21.11232,0.15269,38454
23.2768,3.8183,21.08228,0.16576,38487
23.2868,3.81668,21.09083,0.15997,38638
23.2968,3.81507,21.08643,0.17451,38439
23.3068,3.81345,21.08745,0.16893,38693
23.3168,3.81184,21.0842,0.17654,38510
23.3268,3.81023,21.06402,0.14836,38602
23.3368,3.80862,21.053,0.17313,38661
23.3468,3.80701,21.05415,0.159,38600
23.3568,3.8054,21.0528,0.17935,38546
23.3667,3.8038,21.05388,0.15919,38589
23.3767,3.80219,21.03166,0.16833,38552
23.3867,3.80059,21.03129,0.15761,38659
23.3967,3.79899,21.02839,0.17006,38570
23.4067,3.79739,21.02918,0.15638,38861
23.4167,3.79579,21.01335,0.16347,38558
23.4267,3.79419,21.00936,0.15698,38871
23.4367,3.7926,21.00248,0.16575,38673
23.4467,3.791,20.99771,0.1703,38779
23.4567,3.78941,20.97962,0.17582,38693
23.4667,3.78782,20.99917,0.17262,38772
23.4767,3.78623,20.97827,0.14981,38739
23.4867,3.78464,20.97976,0.17857,39002
23.4967,3.78305,20.96724,0.15816,38836
23.5067,3.78146,20.96767,0.15946,38765
23.5167,3.77988,20.96061,0.17449,38723
23.5267,3.7783,20.93507,0.15453,38999
23.5367,3.77671,20.95138,0.16146,38788
23.5467,3.77513,20.94586,0.15717,38813
23.5567,3.77355,20.94313,0.16574,39137
23.5667,3.77197,20.94446,0.15913,38867
23.5767,3.7704,20.93079,0.18126,39047
23.5867,3.76882,20.92716,0.17158,38932
23.5967,3.76725,20.93757,0.16783,38925
23.6067,3.76567,20.91588,0.14732,39108
23.6167,3.7641,20.90875,0.161,38953
23.6267,3.76253,20.90921,0.15627,39074
23.6367,3.76096,20.90884,0.17865,38986
23.6467,3.7594,20.90635,0.16499,39265
23.6567,3.75783,20.90518,0.17914,39144
23.6667,3.75626,20.91501,0.16115,38842
23.6767,3.7547,20.88303,0.15078,39137
23.6867,3.75314,20.88922,0.16817,39070
23.6967,3.75158,20.87868,0.15869,39175
23.7067,3.75002,20.87322,0.16448,39166
23.7167,3.74846,20.87246,0.16137,38990
23.7267,3.7469,20.87001,0.15817,39297
23.7367,3.74535,20.84102,0.16065,39356
23.7467,3.74379,20.85988,0.16292,39287
23.7567,3.74224,20.83978,0.16262,39162
23.7667,3.74069,20.84219,0.17139,39287
23.7767,3.73914,20.83052,0.15755,39353
23.7867,3.73759,20.82445,0.17178,39271
23.7967,3.73604,20.80809,0.16984,39259
23.8067,3.73449,20.79122,0.1565,39172
23.8167,3.73295,20.79584,0.15675,39305
23.8267,3.73141,20.78838,0.15484,39474
23.8367,3.72986,20.76256,0.15712,39337
23.8467,3.72832,20.77892,0.16364,39362
23.8567,3.72678,20.74613,0.16609,39491
23.8667,3.72524,20.75115,0.16918,39320
23.8767,3.72371,20.7381,0.16509,39472
23.8867,3.72217,20.72547,0.16204,39380
23.8967,3.72064,20.71078,0.15105,39406
23.9067,3.7191,20.71258,0.17355,39626
23.9166,3.71757,20.70224,0.15891,39473
23.9266,3.71604,20.69454,0.15791,39450
23.9366,3.71451,20.6802,0.16286,39590
23.9466,3.71298,20.66223,0.15434,39519
23.9566,3.71145,20.66262,0.15814,39769
23.9666,3.70993,20.66537,0.17346,39459
23.9766,3.7084,20.64638,0.16587,39391
23.9866,3.70688,20.63593,0.15831,39578
23.9966,3.70536,20.6321,0.15938,39680
24.0066,3.70384,20.62027,0.15533,39596
24.0166,3.70232,20.6074,0.16008,39688
24.0266,3.7008,20.59229,0.15013,39736
24.0366,3.69929,20.59193,0.1609,39591
24.0466,3.69777,20.58876,0.16657,39779
24.0566,3.69626,20.57607,0.16564,39885
24.0666,3.69474,20.5648,0.16193,39494
24.0766,3.69323,20.53894,0.16467,39807
24.0866,3.69172,20.54052,0.15387,39692
24.0966,3.69021,20.53749,0.16654,39842
24.1066,3.6887,20.52428,0.15874,39832
24.1166,3.6872,20.49808,0.16165,39806
24.1266,3.68569,20.49818,0.15856,39704
24.1366,3.68419,20.47991,0.15514,39797
24.1466,3.68268,20.49723,0.14898,39814
24.1566,3.68118,20.46336,0.16473,39898
24.1666,3.67968,20.45312,0.16864,39865
24.1766,3.67818,20.44943,0.15248,39905
24.1866,3.67669,20.44328,0.16019,39788
24.1966,3.67519,20.4349,0.17087,39896
24.2066,3.67369,20.43105,0.15933,40055
24.2166,3.6722,20.40884,0.15793,39899
24.2266,3.67071,20.40418,0.14755,40175
24.2366,3.66922,20.40518,0.15784,39853
24.2466,3.66772,20.38494,0.16493,39980
24.2566,3.66624,20.39562,0.16948,40193
24.2666,3.66475,20.38409,0.16105,39903
24.2766,3.66326,20.37615,0.16357,39942
24.2866,3.66178,20.37363,0.14965,40093
24.2966,3.66029,20.36234,0.15333,40060
24.3066,3.65881,20.36744,0.16054,40085
24.3166,3.65733,20.36019,0.16061,40189
24.3266,3.65585,20.35668,0.15585,40001
24.3366,3.65437,20.33281,0.15253,40237
24.3466,3.65289,20.34131,0.15758,40297
24.3566,3.65141,20.34389,0.16374,40043
24.3666,3.64994,20.33172,0.15645,40248
24.3766,3.64846,20.33884,0.16545,40253
24.3866,3.64699,20.32894,0.15729,40170
24.3966,3.64552,20.31645,0.16658,40369
24.4066,3.64405,20.31432,0.16388,40222
24.4166,3.64258,20.31346,0.15947,40100
24.4266,3.64111,20.3101,0.14683,40388
24.4366,3.63964,20.28363,0.15182,40154
24.4466,3.63817,20.29934,0.14902,40354
24.4566,3.63671,20.29345,0.1707,40376
24.4665,3.63525,20.2731,0.1622,40345
24.4765,3.63378,20.2759,0.15288,40364
24.4865,3.63232,20.26243,0.15994,40550
24.4965,3.63086,20.25391,0.15762,40232
24.5065,3.6294,20.25483,0.16554,40504
24.5165,3.62795,20.2338,0.15272,40558
24.5265,3.62649,20.22185,0.14956,40391
24.5365,3.62504,20.21495,0.16496,40444
24.5465,3.62358,20.22166,0.1648,40517
24.5565,3.62213,20.2118,0.15031,40504
24.5665,3.62068,20.1983,0.15597,40614
24.5765,3.61923,20.17055,0.16056,40474
24.5865,3.61778,20.17843,0.15748,40447
24.5965,3.61633,20.16739,0.15572,40559
24.6065,3.61488,20.16032,0.16174,40502
24.6165,3.61344,20.14473,0.15572,40584
24.6265,3.61199,20.13625,0.1415,40744
24.6365,3.61055,20.12526,0.15145,40583
24.6465,3.60911,20.11826,0.16527,40451
24.6565,3.60767,20.1189,0.16982,40821
24.6665,3.60623,20.08981,0.1506,40670
24.6765,3.60479,20.10106,0.16372,40626
24.6865,3.60335,20.078,0.15423,40692
24.6965,3.60192,20.07772,0.15463,40740
24.7065,3.60048,20.06148,0.16208,40665
24.7165,3.59905,20.05731,0.15549,40990
24.7265,3.59761,20.05993,0.15898,40582
24.7365,3.59618,20.03609,0.14443,40620
24.7465,3.59475,20.02528,0.1502,40852
24.7565,3.59332,20.02455,0.16372,40748
24.7665,3.5919,20.02583,0.15029,40890
24.7765,3.59047,20.01841,0.15026,40893
24.7865,3.58904,20.01828,0.1668,40762
24.7965,3.58762,19.98399,0.15326,40872
24.8065,3.5862,19.98746,0.16816,40902
24.8165,3.58477,19.99228,0.15428,40900
24.8265,3.58335,19.98072,0.15444,41018
24.8365,3.58193,19.9747,0.1505,40939
24.8465,3.58051,19.96045,0.1535,40853
24.8565,3.5791,19.9564,0.14768,41006
24.8665,3.57768,19.95269,0.16778,41135
24.8765,3.57626,19.96253,0.17402,40665
24.8865,3.57485,19.93344,0.14242,41071
24.8965,3.57344,19.93204,0.15851,40893
24.9065,3.57203,19.94012,0.15607,41009
24.9165,3.57061,19.92139,0.14897,41183
24.9265,3.56921,19.92567,0.15201,41027
24.9365,3.5678,19.9011,0.1514,41187
24.9465,3.56639,19.89815,0.15423,41026
24.9565,3.56498,19.91279,0.14991,41310
24.9665,3.56358,19.90136,0.15044,40987
24.9765,3.56217,19.90458,0.15748,41373
24.9865,3.56077,19.87573,0.16344,41163
24.9965,3.55937,19.88142,0.16053,41256
25.0065,3.55797,19.877,0.14908,41282
25.0164,3.55657,19.87532,0.17035,41378
25.0264,3.55517,19.86042,0.15488,41182
25.0364,3.55378,19.85471,0.14406,41227
25.0464,3.55238,19.85567,0.15444,41162
25.0564,3.55098,19.8432,0.1474,41350
25.0664,3.54959,19.85568,0.15097,41323
25.0764,3.5482,19.84417,0.15109,41338
25.0864,3.54681,19.82159,0.16041,41457
25.0964,3.54542,19.8097,0.15636,41392
25.1064,3.54403,19.81361,0.14911,41366
25.1164,3.54264,19.80339,0.15497,41542
25.1264,3.54125,19.8019,0.15795,41617
25.1364,3.53987,19.79507,0.14917,41300
25.1464,3.53848,19.78592,0.15267,41684
25.1564,3.5371,19.77928,0.15402,41454
25.1664,3.53571,19.77049,0.15929,41349
25.1764,3.53433,19.75576,0.15097,41822
25.1864,3.53295,19.75134,0.14922,41634
25.1964,3.53157,19.74269,0.15944,41481
25.2064,3.5302,19.74339,0.15583,41469
25.2164,3.52882,19.73988,0.14869,41774
25.2264,3.52744,19.72539,0.15292,41412
25.2364,3.52607,19.71763,0.1417,41878
25.2464,3.52469,19.69946,0.14742,41635
25.2564,3.52332,19.70893,0.15933,41658
25.2664,3.52195,19.69352,0.1506,41957
25.2764,3.52058,19.68818,0.15867,41563
25.2864,3.51921,19.69542,0.16175,41782
25.2964,3.51784,19.67728,0.14024,41958
25.3064,3.51647,19.67514,0.1627,41665
25.3164,3.51511,19.67114,0.16968,41854
25.3264,3.51374,19.66429,0.14665,41912
25.3364,3.51238,19.6536,0.1441,41777
25.3464,3.51102,19.65654,0.14689,41955
25.3564,3.50965,19.64948,0.15334,41609
25.3664,3.50829,19.65832,0.14706,41997
25.3764,3.50693,19.63429,0.14945,41958
25.3864,3.50558,19.63571,0.14925,42116
25.3964,3.50422,19.6331,0.14896,41935
25.4064,3.50286,19.64387,0.15513,41982
25.4164,3.50151,19.63554,0.15421,41943
25.4264,3.50015,19.63381,0.16825,42076
25.4364,3.4988,19.61818,0.14912,42236
25.4464,3.49745,19.61582,0.13511,41973
25.4564,3.4961,19.62034,0.15422,42326
25.4664,3.49475,19.62115,0.16012,42082
25.4764,3.4934,19.62084,0.15163,42177
25.4864,3.49205,19.62065,0.15118,42266
25.4964,3.4907,19.62348,0.15228,42212
25.5064,3.48936,19.60718,0.15111,42040
25.5164,3.48801,19.61314,0.14177,42247
25.5264,3.48667,19.62485,0.15968,42377
25.5364,3.48533,19.61579,0.15473,42269
25.5464,3.48399,19.61437,0.13674,42381
25.5564,3.48265,19.62101,0.14849,42385
25.5663,3.48131,19.62944,0.14726,42232
25.5763,3.47997,19.62648,0.16127,42488
25.5863,3.47863,19.62774,0.15572,42432
25.5963,3.47729,19.62902,0.14504,42489
25.6063,3.47596,19.6371,0.15046,42603
25.6163,3.47463,19.63364,0.15955,42340
25.6263,3.47329,19.63489,0.16029,42515
25.6363,3.47196,19.64272,0.13903,42640
25.6463,3.47063,19.65603,0.1558,42592
25.6563,3.4693,19.64406,0.14054,42563
25.6663,3.46797,19.64621,0.14721,42534
25.6763,3.46664,19.66056,0.15115,42641
25.6863,3.46532,19.66003,0.14915,42610
25.6963,3.46399,19.66134,0.15101,42707
25.7063,3.46267,19.66405,0.14959,42731
25.7163,3.46134,19.67041,0.15313,42736
25.7263,3.46002,19.66484,0.15205,42769
25.7363,3.4587,19.66937,0.15227,42701
25.7463,3.45738,19.67182,0.14187,42817
25.7563,3.45606,19.67466,0.15339,42977
25.7663,3.45474,19.68237,0.1491,42956
25.7763,3.45342,19.67543,0.15208,42735
25.7863,3.45211,19.67905,0.14529,42959
25.7963,3.45079,19.6698,0.15609,42843
25.8063,3.44948,19.67751,0.15198,42999
25.8163,3.44816,19.66564,0.15084,42675
25.8263,3.44685,19.69349,0.14262,43202
25.8363,3.44554,19.67934,0.15364,42959
25.8463,3.44423,19.67554,0.14149,42798
25.8563,3.44292,19.6667,0.14521,43292
25.8663,3.44161,19.66129,0.14894,43167
25.8763,3.44031,19.66195,0.15327,43031
25.8863,3.439,19.65858,0.14858,43104
25.8963,3.43769,19.6621,0.14872,43203
25.9063,3.43639,19.63339,0.14851,43128
25.9163,3.43509,19.64305,0.16299,43322
25.9263,3.43379,19.63589,0.14912,43013
25.9363,3.43248,19.63296,0.14516,43480
25.9463,3.43118,19.61445,0.14624,43323
25.9563,3.42989,19.60764,0.13722,43226
25.9663,3.42859,19.59472,0.15475,43237
25.9763,3.42729,19.58048,0.14187,43341
25.9863,3.42599,19.57017,0.14448,43176
25.9963,3.4247,19.55696,0.14458,43504
26.0063,3.42341,19.55048,0.15165,43540
26.0163,3.42211,19.52884,0.15442,43234
26.0263,3.42082,19.50907,0.15386,43687
26.0363,3.41953,19.48091,0.14953,43381
26.0463,3.41824,19.47358,0.14253,43570
26.0563,3.41695,19.4656,0.14982,43454
26.0663,3.41566,19.44766,0.13803,43636
26.0763,3.41438,19.41244,0.16077,43639
26.0863,3.41309,19.41108,0.15024,43773
26.0963,3.4118,19.37725,0.14036,43449
26.1063,3.41052,19.37692,0.14873,43753
26.1162,3.40924,19.33355,0.14809,43599
26.1262,3.40796,19.33558,0.15047,43391
26.1362,3.40667,19.30471,0.14146,43888
26.1462,3.40539,19.29657,0.14442,43716
26.1562,3.40412,19.27133,0.13365,43571
26.1662,3.40284,19.25854,0.15166,43981
26.1762,3.40156,19.23946,0.15087,43701
26.1862,3.40028,19.21729,0.15137,43807
26.1962,3.39901,19.20276,0.14238,44082
26.2062,3.39774,19.18935,0.13928,43690
26.2162,3.39646,19.16484,0.1576,44029
26.2262,3.39519,19.15759,0.15563,43873
26.2362,3.39392,19.13928,0.14323,43808
26.2462,3.39265,19.1185,0.14801,44193
26.2562,3.39138,19.10452,0.141,44001
26.2662,3.39011,19.09233,0.13827,43984
26.2762,3.38884,19.07692,0.14824,43755
26.2862,3.38758,19.06369,0.14282,43904
26.2962,3.38631,19.05362,0.14152,44005
26.3062,3.38505,19.03311,0.14089,44203
26.3162,3.38378,19.03768,0.1449,43944
26.3262,3.38252,19.02207,0.15162,44020
26.3362,3.38126,19.00302,0.14512,44355
26.3462,3.38,18.98588,0.14956,44016
26.3562,3.37874,18.97851,0.13905,44399
26.3662,3.37748,18.97488,0.13621,44282
26.3762,3.37622,18.95922,0.15479,44133
26.3862,3.37497,18.94977,0.15393,44455
26.3962,3.37371,18.95043,0.14126,44148
26.4062,3.37246,18.92414,0.15281,44311
26.4162,3.3712,18.92031,0.1423,44517
26.4262,3.36995,18.91433,0.13813,44291
26.4362,3.3687,18.88969,0.15031,44101
26.4462,3.36745,18.88078,0.13784,44294
26.4562,3.3662,18.88414,0.13944,44273
26.4662,3.36495,18.87596,0.14232,44489
26.4762,3.3637,18.85891,0.14191,44301
26.4862,3.36245,18.85619,0.13613,44519
26.4962,3.36121,18.84602,0.1486,44516
26.5062,3.35996,18.83218,0.14308,44336
26.5162,3.35872,18.82872,0.15607,44471
26.5262,3.35748,18.81651,0.13757,44609
26.5362,3.35623,18.79704,0.14858,44684
26.5462,3.35499,18.79868,0.15237,44564
26.5562,3.35375,18.79572,0.14521,44820
26.5662,3.35251,18.77707,0.13278,44583
26.5762,3.35127,18.78375,0.14022,44642
26.5862,3.35004,18.75462,0.14485,44479
26.5962,3.3488,18.75164,0.1447,44366
26.6062,3.34756,18.74132,0.14149,44702
26.6162,3.34633,18.7391,0.13339,44761
26.6262,3.34509,18.72771,0.15139,44699
26.6362,3.34386,18.72301,0.13715,44540
26.6462,3.34263,18.70618,0.14477,44806
26.6562,3.3414,18.7044,0.14297,44557
26.6661,3.34017,18.7014,0.13732,44922
26.6761,3.33894,18.69102,0.15698,44581
26.6861,3.33771,18.68454,0.13491,45041
26.6961,3.33648,18.67568,0.14868,44719
26.7061,3.33526,18.67735,0.14128,44979
26.7161,3.33403,18.6519,0.15054,44878
26.7261,3.33281,18.64694,0.15474,44873
26.7361,3.33158,18.64097,0.12917,44900
26.7461,3.33036,18.64595,0.15382,44711
26.7561,3.32914,18.64453,0.13218,44742
26.7661,3.32792,18.62096,0.13654,44747
26.7761,3.3267,18.62009,0.13495,45024
26.7861,3.32548,18.60549,0.14436,44999
26.7961,3.32426,18.59978,0.141,44916
26.8061,3.32304,18.59177,0.13771,44749
26.8161,3.32183,18.58734,0.16465,45229
26.8261,3.32061,18.58718,0.13578,44937
26.8361,3.3194,18.56541,0.14499,45029
26.8461,3.31818,18.55288,0.14437,45185
26.8561,3.31697,18.54819,0.14345,44971
26.8661,3.31576,18.54742,0.13782,45101
26.8761,3.31455,18.52311,0.14568,45025
26.8861,3.31334,18.5236,0.14904,45070
26.8961,3.31213,18.51568,0.14056,45260
26.9061,3.31092,18.5035,0.12864,44799
26.9161,3.30971,18.49244,0.13995,45168
26.9261,3.30851,18.47188,0.13773,45234
26.9361,3.3073,18.47392,0.14458,44867
26.9461,3.3061,18.46625,0.14081,45203
26.9561,3.3049,18.45183,0.1448,45121
26.9661,3.30369,18.45031,0.13437,45186
26.9761,3.30249,18.43494,0.13876,45327
26.9861,3.30129,18.42507,0.1396,45415
26.9961,3.30009,18.4176,0.14528,45007
27.0061,3.29889,18.4115,0.14768,45531
27.0161,3.29769,18.40685,0.14355,45152
27.0261,3.2965,18.3917,0.15015,45410
27.0361,3.2953,18.3846,0.13691,45547
27.0461,3.2941,18.38043,0.13767,45257
27.0561,3.29291,18.37524,0.14732,45274
27.0661,3.29172,18.36858,0.13053,45241
27.0761,3.29052,18.35393,0.1271,45179
27.0861,3.28933,18.34817,0.14454,45406
27.0961,3.28814,18.34827,0.14372,45466
27.1061,3.28695,18.32649,0.13763,45179
27.1161,3.28576,18.34241,0.13482,45832
27.1261,3.28457,18.33232,0.1423,45165
27.1361,3.28338,18.32347,0.14511,45599
27.1461,3.2822,18.32015,0.14264,45615
27.1561,3.28101,18.30889,0.14649,45278
27.1661,3.27983,18.30494,0.14589,45743
27.1761,3.27864,18.30383,0.12993,45487
27.1861,3.27746,18.28688,0.14609,45530
27.1961,3.27628,18.28719,0.1432,45786
27.2061,3.2751,18.28894,0.13404,45507
27.216,3.27392,18.28556,0.15004,45362
27.226,3.27274,18.28338,0.12956,45653
27.236,3.27156,18.25653,0.14019,45305
27.246,3.27038,18.265,0.13397,45841
27.256,3.2692,18.26308,0.13953,45714
27.266,3.26803,18.25025,0.15004,45379
27.276,3.26685,18.24964,0.12696,45838
27.286,3.26568,18.24731,0.13548,45779
27.296,3.2645,18.24214,0.15319,45589
27.306,3.26333,18.22957,0.14617,45870
27.316,3.26216,18.23103,0.1392,45737
27.326,3.26099,18.21643,0.1378,45718
27.336,3.25982,18.21474,0.13502,46198
27.346,3.25865,18.2057,0.15243,45464
27.356,3.25748,18.20153,0.14416,45937
27.366,3.25631,18.20591,0.14655,45850
27.376,3.25515,18.18146,0.12409,45606
27.386,3.25398,18.17448,0.12816,45924
27.396,3.25282,18.18178,0.13651,45841
27.406,3.25165,18.16462,0.13707,45768
27.416,3.25049,18.16824,0.14176,45975
27.426,3.24933,18.15814,0.14043,45819
27.436,3.24817,18.14073,0.14143,45901
27.446,3.24701,18.13118,0.13857,46223
27.456,3.24585,18.1332,0.13586,45707
27.466,3.24469,18.10846,0.14996,46113
27.476,3.24353,18.11626,0.13456,45989
27.486,3.24237,18.10378,0.13825,45882
27.496,3.24122,18.11344,0.13672,46425
27.506,3.24006,18.08474,0.15809,45762
27.516,3.23891,18.07502,0.13637,46315
27.526,3.23775,18.08707,0.13381,46005
27.536,3.2366,18.05888,0.1301,45801
27.546,3.23545,18.05304,0.1301,46105
27.556,3.2343,18.03839,0.14596,46047
27.566,3.23314,18.04699,0.143,46021
27.576,3.232,18.0348,0.13008,46228
27.586,3.23085,18.01378,0.13704,46156
27.596,3.2297,18.02016,0.13753,46261
27.606,3.22855,17.99105,0.14172,46336
27.616,3.22741,17.99985,0.13519,46133
27.626,3.22626,17.97252,0.13184,46303
27.636,3.22512,17.97747,0.15721,46369
27.646,3.22397,17.96073,0.14066,46063
27.656,3.22283,17.96262,0.13551,46495
27.666,3.22169,17.95602,0.14291,46333
27.676,3.22055,17.92729,0.13919,46449
27.686,3.21941,17.92318,0.12788,46418
27.696,3.21827,17.90921,0.13029,46168
27.706,3.21713,17.91803,0.13998,46190
27.716,3.21599,17.89896,0.13504,46246
27.726,3.21485,17.87976,0.13704,46306
27.736,3.21372,17.89525,0.13848,46428
27.746,3.21258,17.86557,0.13067,46499
27.756,3.21145,17.86465,0.14648,46420
27.7659,3.21031,17.8653,0.1484,46676
27.7759,3.20918,17.84356,0.12907,46472
27.7859,3.20805,17.8327,0.13818,46406
27.7959,3.20692,17.83724,0.13786,46676
27.8059,3.20579,17.83046,0.1371,46347
27.8159,3.20466,17.81284,0.14269,46513
27.8259,3.20353,17.81107,0.12661,46730
27.8359,3.2024,17.79404,0.14933,46436
27.8459,3.20127,17.78287,0.14121,46635
27.8559,3.20015,17.78992,0.13662,46595
27.8659,3.19902,17.76503,0.11982,46457
27.8759,3.1979,17.77932,0.13212,46633
27.8859,3.19677,17.76419,0.13769,46630
27.8959,3.19565,17.7453,0.13757,46648
27.9059,3.19453,17.7462,0.14329,46676
27.9159,3.19341,17.72467,0.13517,46607
27.9259,3.19229,17.72588,0.13813,46853
27.9359,3.19117,17.72339,0.12987,46608
27.9459,3.19005,17.71662,0.14285,46895
27.9559,3.18893,17.70799,0.13815,46901
27.9659,3.18781,17.70358,0.14219,46567
27.9759,3.18669,17.69228,0.13721,46777
27.9859,3.18558,17.67529,0.13353,47000
27.9959,3.18446,17.67142,0.14991,46736
28.0059,3.18335,17.67207,0.12598,46836
28.0159,3.18224,17.64353,0.12725,46660
28.0259,3.18112,17.65103,0.12718,46906
28.0359,3.18001,17.63841,0.13403,46928
28.0459,3.1789,17.63267,0.13339,46770
28.0559,3.17779,17.6343,0.15043,46876
28.0659,3.17668,17.62,0.1425,46899
28.0759,3.17557,17.6232,0.12608,47008
28.0859,3.17447,17.60622,0.12569,47142
28.0959,3.17336,17.60945,0.14247,46885
28.1059,3.17225,17.59302,0.14792,47055
28.1159,3.17115,17.58797,0.12975,47077
28.1259,3.17004,17.58187,0.1372,46988
28.1359,3.16894,17.58474,0.14153,46991
28.1459,3.16784,17.56881,0.12976,47124
28.1559,3.16673,17.56843,0.15212,47075
28.1659,3.16563,17.55575,0.13179,46964
28.1759,3.16453,17.54751,0.12568,47068
28.1859,3.16343,17.55069,0.12778,47246
28.1959,3.16233,17.53244,0.13347,47005
28.2059,3.16123,17.52523,0.13913,47128
28.2159,3.16014,17.52372,0.12788,47217
28.2259,3.15904,17.51841,0.13689,47106
28.2359,3.15794,17.51836,0.12818,47206
28.2459,3.15685,17.49532,0.13907,47299
28.2559,3.15575,17.50117,0.1418,47201
28.2659,3.15466,17.48984,0.15058,47347
28.2759,3.15357,17.48794,0.13632,47322
28.2859,3.15248,17.47599,0.12418,47446
28.2959,3.15139,17.47049,0.13241,47429
28.3058,3.1503,17.4651,0.14532,47112
28.3158,3.14921,17.46012,0.14259,47431
28.3258,3.14812,17.46231,0.12506,47117
28.3358,3.14703,17.44709,0.1241,47475
28.3458,3.14594,17.43567,0.13201,47286
28.3558,3.14485,17.43491,0.13335,47257
28.3658,3.14377,17.42441,0.13712,47439
28.3758,3.14268,17.41486,0.13097,47478
28.3858,3.1416,17.4173,0.12921,47457
28.3958,3.14052,17.40367,0.1331,47402
28.4058,3.13943,17.3961,0.14854,47582
28.4158,3.13835,17.40478,0.13076,47421
28.4258,3.13727,17.38901,0.13232,47657
28.4358,3.13619,17.37587,0.13126,47548
28.4458,3.13511,17.378,0.1374,47660
28.4558,3.13403,17.35797,0.13871,47644
28.4658,3.13295,17.36381,0.14342,47480
28.4758,3.13188,17.33856,0.14781,47641
28.4858,3.1308,17.34901,0.11948,47577
28.4958,3.12972,17.33933,0.12408,47479
28.5058,3.12865,17.32234,0.12339,47676
28.5158,3.12757,17.32432,0.13694,47560
28.5258,3.1265,17.32304,0.13454,47568
28.5358,3.12543,17.29804,0.12879,47776
28.5458,3.12436,17.28663,0.13694,47579
28.5558,3.12329,17.28687,0.13186,47746
28.5658,3.12222,17.27094,0.13689,47850
28.5758,3.12115,17.27,0.13944,47724
28.5858,3.12008,17.2654,0.12524,47988
28.5958,3.11901,17.25692,0.13756,47682
28.6058,3.11794,17.2479,0.14232,47875
28.6158,3.11687,17.23099,0.13722,47813
28.6258,3.11581,17.23238,0.12942,47837
28.6358,3.11474,17.21298,0.13472,47810
28.6458,3.11368,17.2079,0.12208,47993
28.6558,3.11262,17.19561,0.12838,47657
28.6658,3.11155,17.19749,0.13172,47944
28.6758,3.11049,17.18096,0.13697,47722
28.6858,3.10943,17.18023,0.13121,48048
28.6958,3.10837,17.17899,0.12525,48066
28.7058,3.10731,17.17082,0.13313,47645
28.7158,3.10625,17.16353,0.13141,48260
28.7258,3.10519,17.15509,0.13761,47873
28.7358,3.10413,17.14852,0.13212,47956
28.7458,3.10308,17.14589,0.13473,48372
28.7558,3.10202,17.13929,0.13606,48069
28.7658,3.10096,17.13051,0.13976,47935
28.7758,3.09991,17.12316,0.13119,48294
28.7858,3.09886,17.11522,0.13512,47814
28.7958,3.0978,17.11,0.13117,48168
28.8058,3.09675,17.10891,0.12478,48262
28.8158,3.0957,17.10829,0.1326,47938
28.8258,3.09465,17.09938,0.12371,48339
28.8358,3.0936,17.0882,0.12592,47960
28.8458,3.09255,17.08371,0.13003,48119
28.8557,3.0915,17.07766,0.13191,48254
28.8657,3.09045,17.06981,0.13503,48070
28.8757,3.0894,17.05808,0.13464,48427
28.8857,3.08836,17.0684,0.13763,48424
28.8957,3.08731,17.04173,0.13435,48132
28.9057,3.08627,17.04536,0.12854,48243
28.9157,3.08522,17.0413,0.13137,48475
28.9257,3.08418,17.01305,0.1253,48325
28.9357,3.08313,17.01785,0.13703,48529
28.9457,3.08209,17.0023,0.14309,47967
28.9557,3.08105,17.0041,0.13622,48471
28.9657,3.08001,17.00022,0.12364,48397
28.9757,3.07897,16.98511,0.12766,48159
28.9857,3.07793,16.98728,0.12699,48574
28.9957,3.07689,16.95991,0.12391,48261
29.0057,3.07585,16.95753,0.131,48570
29.0157,3.07482,16.95305,0.12482,48434
29.0257,3.07378,16.95195,0.14171,48464
29.0357,3.07275,16.94045,0.12899,48687
29.0457,3.07171,16.93254,0.1304,48729
29.0557,3.07068,16.92632,0.12788,48169
29.0657,3.06964,16.91643,0.14235,48793
29.0757,3.06861,16.92369,0.1301,48504
29.0857,3.06758,16.90916,0.13928,48601
29.0957,3.06655,16.90006,0.13323,48751
29.1057,3.06552,16.88938,0.13595,48380
29.1157,3.06449,16.88643,0.12835,48686
29.1257,3.06346,16.89338,0.12299,48674
29.1357,3.06243,16.88261,0.115,48643
29.1457,3.0614,16.87782,0.1324,48666
29.1557,3.06037,16.86772,0.13539,48533
29.1657,3.05935,16.86018,0.13395,48762
29.1757,3.05832,16.86486,0.12981,48786
29.1857,3.0573,16.85575,0.13784,48753
29.1957,3.05627,16.84585,0.1201,48765
29.2057,3.05525,16.84895,0.1362,48786
29.2157,3.05423,16.84114,0.12866,48739
29.2257,3.0532,16.83539,0.12705,49049
29.2357,3.05218,16.81483,0.13458,48878
29.2457,3.05116,16.822,0.13207,48814
29.2557,3.05014,16.8144,0.13163,49039
29.2657,3.04912,16.80332,0.14129,48748
29.2757,3.0481,16.7912,0.12665,48843
29.2857,3.04709,16.79331,0.12988,48737
29.2957,3.04607,16.78967,0.11758,49111
29.3057,3.04505,16.77111,0.13077,49046
29.3157,3.04404,16.76691,0.13123,48768
29.3257,3.04302,16.76709,0.11802,48887
29.3357,3.04201,16.76195,0.13178,49013
29.3457,3.04099,16.75528,0.12413,49112
29.3557,3.03998,16.74477,0.13303,49107
29.3657,3.03897,16.73834,0.14173,49089
29.3757,3.03796,16.72586,0.13284,49040
29.3857,3.03694,16.71963,0.1279,49087
29.3957,3.03593,16.72391,0.13328,49280
29.4056,3.03493,16.71472,0.12345,49251
29.4156,3.03392,16.6997,0.13916,49145
29.4256,3.03291,16.69094,0.12154,49102
29.4356,3.0319,16.69022,0.12891,49226
29.4456,3.03089,16.68076,0.13472,49070
29.4556,3.02989,16.67601,0.12174,49231
29.4656,3.02888,16.65768,0.12604,49125
29.4756,3.02788,16.65677,0.12502,49183
29.4856,3.02687,16.65737,0.13037,49241
29.4956,3.02587,16.64701,0.12907,49182
29.5056,3.02487,16.63629,0.12809,49416
29.5156,3.02387,16.63442,0.13401,49331
29.5256,3.02287,16.63546,0.13233,49243
29.5356,3.02186,16.62459,0.11609,49239
29.5456,3.02086,16.60887,0.13317,49602
29.5556,3.01987,16.6068,0.12784,49412
29.5656,3.01887,16.61212,0.14434,49398
29.5756,3.01787,16.5937,0.13439,49390
29.5856,3.01687,16.58518,0.13328,49536
29.5956,3.01588,16.58381,0.12443,49324
29.6056,3.01488,16.57609,0.12989,49462
29.6156,3.01389,16.57633,0.11407,49536
29.6256,3.01289,16.5695,0.12115,49346
29.6356,3.0119,16.56647,0.12726,49517
29.6456,3.0109,16.55024,0.12816,49571
29.6556,3.00991,16.55605,0.12802,49334
29.6656,3.00892,16.53049,0.13717,49665
29.6756,3.00793,16.54168,0.12578,49554
29.6856,3.00694,16.5413,0.13064,49629
29.6956,3.00595,16.50954,0.12493,49638
29.7056,3.00496,16.52133,0.128,49547
29.7156,3.00397,16.52717,0.13939,49880
29.7256,3.00298,16.50552,0.1262,49714
29.7356,3.002,16.49822,0.12799,49501
29.7456,3.00101,16.49028,0.12407,49741
29.7556,3.00003,16.48149,0.1401,49742
29.7656,2.99904,16.47862,0.11992,49810
29.7756,2.99806,16.47373,0.1246,49582
29.7856,2.99707,16.46361,0.12856,49857
29.7956,2.99609,16.45736,0.1265,49718
29.8056,2.99511,16.44275,0.12112,49778
29.8156,2.99413,16.44244,0.13537,49855
29.8256,2.99314,16.44801,0.11341,49835
29.8356,2.99216,16.41528,0.13006,49783
29.8456,2.99118,16.42082,0.1295,50070
29.8556,2.99021,16.42356,0.13068,49853
29.8656,2.98923,16.40193,0.13095,49942
29.8756,2.98825,16.41305,0.13876,49973
29.8856,2.98727,16.38104,0.12816,49912
29.8956,2.9863,16.38315,0.12059,50196
29.9056,2.98532,16.38052,0.12892,49787
29.9156,2.98435,16.36264,0.13283,49831
29.9256,2.98337,16.36584,0.12827,50133
29.9356,2.9824,16.35133,0.11283,50036
29.9456,2.98143,16.34586,0.12691,50067
29.9555,2.98045,16.34072,0.12326,49863
29.9655,2.97948,16.3263,0.12555,50114
29.9755,2.97851,16.32428,0.12798,50030
29.9855,2.97754,16.31351,0.12941,50120
29.9955,2.97657,16.29902,0.12735,50126
30.0055,2.9756,16.30675,0.12589,50162
30.0155,2.97463,16.2981,0.13064,50216
30.0255,2.97366,16.28015,0.12703,50163
30.0355,2.9727,16.28855,0.11867,50407
30.0455,2.97173,16.26947,0.12833,50070
30.0555,2.97077,16.26871,0.12888,50506
30.0655,2.9698,16.25323,0.14025,50038
30.0755,2.96884,16.26246,0.13298,50237
30.0855,2.96787,16.25175,0.12798,50236
30.0955,2.96691,16.23871,0.11152,50110
30.1055,2.96595,16.24523,0.12198,50479
30.1155,2.96498,16.23002,0.1193,50378
30.1255,2.96402,16.22928,0.12123,50062
30.1355,2.96306,16.22466,0.13335,50451
30.1455,2.9621,16.20519,0.11935,50348
30.1555,2.96114,16.2143,0.12662,50462
30.1655,2.96018,16.20351,0.136,50405
30.1755,2.95923,16.20616,0.12304,50283
30.1855,2.95827,16.20859,0.13325,50698
30.1955,2.95731,16.19309,0.12829,50563
30.2055,2.95636,16.18679,0.12288,50309
30.2155,2.9554,16.19191,0.13298,50678
30.2255,2.95445,16.17413,0.12546,50469
30.2355,2.95349,16.17167,0.12191,50472
30.2455,2.95254,16.17241,0.12136,50513
30.2555,2.95158,16.16879,0.12759,50416
30.2655,2.95063,16.15255,0.12474,50825
30.2755,2.94968,16.14448,0.12578,50421
30.2855,2.94873,16.15521,0.12655,50584
30.2955,2.94778,16.1373,0.12253,50693
30.3055,2.94683,16.12017,0.11931,50424
30.3155,2.94588,16.13311,0.12959,50909
30.3255,2.94493,16.12454,0.11612,50776
30.3355,2.94398,16.11127,0.12674,50618
30.3455,2.94304,16.10818,0.13293,50814
30.3555,2.94209,16.09179,0.12222,50663
30.3655,2.94114,16.08697,0.13342,50927
30.3755,2.9402,16.09521,0.14145,50824
30.3855,2.93925,16.06586,0.12046,50738
30.3955,2.93831,16.07722,0.12455,50909
30.4055,2.93737,16.06228,0.12332,50687
30.4155,2.93642,16.0564,0.12351,50833
30.4255,2.93548,16.05405,0.1142,51034
30.4355,2.93454,16.043,0.12411,50734
30.4455,2.9336,16.0361,0.11668,50866
30.4555,2.93266,16.03114,0.12508,51005
30.4655,2.93172,16.03055,0.12563,50885
30.4755,2.93078,16.02564,0.13607,50949
30.4855,2.92984,16.01706,0.12846,50976
30.4955,2.9289,16.0076,0.1241,50957
30.5054,2.92797,16.01558,0.1225,51038
30.5154,2.92703,16.00359,0.12431,51007
30.5254,2.92609,16.00363,0.12317,51307
30.5354,2.92516,15.98073,0.12089,51008
30.5454,2.92422,16.00259,0.12924,51093
30.5554,2.92329,15.99355,0.12922,51176
30.5654,2.92236,15.97226,0.12605,50735
30.5754,2.92142,15.98264,0.13433,51460
30.5854,2.92049,15.97621,0.12015,51007
30.5954,2.91956,15.96637,0.11075,51123
30.6054,2.91863,15.9543,0.1233,51251
30.6154,2.9177,15.96027,0.123,51034
30.6254,2.91677,15.95635,0.11922,51354
30.6354,2.91584,15.94416,0.1218,51153
30.6454,2.91491,15.93731,0.13606,51304
30.6554,2.91398,15.94731,0.11502,51338
30.6654,2.91306,15.93005,0.12868,51433
30.6754,2.91213,15.91542,0.12587,51085
30.6854,2.9112,15.92282,0.139,51539
30.6954,2.91028,15.89961,0.12316,51233
30.7054,2.90935,15.89328,0.12002,51360
30.7154,2.90843,15.89521,0.12477,51522
30.7254,2.90751,15.87564,0.12957,51203
30.7354,2.90658,15.87669,0.11278,51703
30.7454,2.90566,15.87108,0.11946,51236
30.7554,2.90474,15.86559,0.12022,51601
30.7654,2.90382,15.84446,0.12286,51420
30.7754,2.9029,15.84534,0.12829,51149
30.7854,2.90198,15.84097,0.13642,51740
30.7954,2.90106,15.82266,0.11541,51408
30.8054,2.90014,15.83161,0.11905,51590
30.8154,2.89922,15.81957,0.11896,51484
30.8254,2.8983,15.80257,0.12499,51508
30.8354,2.89739,15.81412,0.12434,51721
30.8454,2.89647,15.79999,0.12368,51622
30.8554,2.89555,15.78153,0.13953,51608
30.8654,2.89464,15.78562,0.11871,51806
30.8754,2.89372,15.78358,0.12572,51584
30.8854,2.89281,15.76664,0.13145,51629
30.8954,2.8919,15.77547,0.1247,51864
30.9054,2.89098,15.76505,0.11374,51558
30.9154,2.89007,15.76551,0.11127,51755
30.9254,2.88916,15.75972,0.12962,51764
30.9354,2.88825,15.75678,0.11143,51535
30.9454,2.88734,15.76162,0.11914,52008
30.9554,2.88643,15.7539,0.12704,51575
30.9654,2.88552,15.74637,0.12539,52000
30.9754,2.88461,15.74311,0.13164,51932
30.9854,2.8837,15.71943,0.12387,51656
30.9954,2.8828,15.74794,0.13041,52042
31.0054,2.88189,15.73088,0.11143,51950
31.0154,2.88098,15.72571,0.12637,51919
31.0254,2.88008,15.72985,0.11737,52042
31.0354,2.87917,15.70971,0.13283,51917
31.0454,2.87827,15.70491,0.12047,51978
31.0553,2.87736,15.72302,0.12361,51722
31.0653,2.87646,15.69395,0.12373,52038
31.0753,2.87556,15.70746,0.12041,52085
31.0853,2.87466,15.6885,0.11325,52029
31.0953,2.87375,15.68046,0.12229,51982
31.1053,2.87285,15.68254,0.12271,52065
31.1153,2.87195,15.66697,0.10989,51969
31.1253,2.87105,15.66377,0.13085,52206
31.1353,2.87015,15.65984,0.12756,52089
31.1453,2.86926,15.6573,0.11428,52174
31.1553,2.86836,15.64307,0.12437,52294
31.1653,2.86746,15.64225,0.12772,52086
31.1753,2.86656,15.62325,0.12644,52362
31.1853,2.86567,15.63309,0.12841,52086
31.1953,2.86477,15.62024,0.12824,52260
31.2053,2.86388,15.61204,0.11703,52294
31.2153,2.86298,15.60284,0.11328,52225
31.2253,2.86209,15.59539,0.11813,52394
31.2353,2.86119,15.59003,0.12048,52291
31.2453,2.8603,15.59012,0.11849,52402
31.2553,2.85941,15.58006,0.11185,52306
31.2653,2.85852,15.56178,0.12958,52304
31.2753,2.85763,15.57865,0.13434,52349
31.2853,2.85674,15.56441,0.11894,52304
31.2953,2.85585,15.55684,0.12033,52393
31.3053,2.85496,15.5569,0.11076,52461
31.3153,2.85407,15.53994,0.12983,52532
31.3253,2.85318,15.5496,0.11454,52563
31.3353,2.85229,15.52398,0.13302,52385
31.3453,2.85141,15.54546,0.12703,52554
31.3553,2.85052,15.52605,0.11621,52640
31.3653,2.84963,15.52545,0.12961,52302
31.3753,2.84875,15.52387,0.12626,52579
31.3853,2.84786,15.52614,0.11523,52593
31.3953,2.84698,15.51632,0.12698,52581
31.4053,2.8461,15.50814,0.10731,52672
31.4153,2.84521,15.50778,0.1162,52779
31.4253,2.84433,15.49493,0.11827,52661
31.4353,2.84345,15.49541,0.12138,52499
31.4453,2.84257,15.48791,0.1226,52681
31.4553,2.84169,15.4789,0.1177,52513
31.4653,2.84081,15.4823,0.12115,52909
31.4753,2.83993,15.46399,0.14172,52829
31.4853,2.83905,15.48284,0.12667,52616
31.4953,2.83817,15.45344,0.11157,52856
31.5053,2.83729,15.4583,0.116,52869
31.5153,2.83641,15.44348,0.11665,52916
31.5253,2.83554,15.4421,0.1334,52669
31.5353,2.83466,15.4375,0.117,52708
31.5453,2.83379,15.42813,0.12052,52910
31.5553,2.83291,15.42538,0.12219,53001
31.5653,2.83204,15.4194,0.12128,52864
31.5753,2.83116,15.41766,0.11674,52950
31.5853,2.83029,15.41158,0.1196,52645
31.5953,2.82942,15.39069,0.11409,53178
31.6052,2.82854,15.39398,0.11972,52941
31.6152,2.82767,15.39355,0.11933,53007
31.6252,2.8268,15.38838,0.11754,53035
31.6352,2.82593,15.38778,0.12295,53032
31.6452,2.82506,15.37478,0.1179,52922
31.6552,2.82419,15.38109,0.12507,53169
31.6652,2.82332,15.37457,0.1225,53102
31.6752,2.82245,15.36441,0.13102,53010
31.6852,2.82159,15.3742,0.12407,53319
31.6952,2.82072,15.36405,0.12568,52987
31.7052,2.81985,15.37216,0.10938,53221
31.7152,2.81899,15.36036,0.10993,53174
31.7252,2.81812,15.36866,0.1214,53228
31.7352,2.81725,15.36355,0.11662,53467
31.7452,2.81639,15.36512,0.11918,53058
31.7552,2.81553,15.34719,0.11992,53306
31.7652,2.81466,15.35052,0.1254,53252
31.7752,2.8138,15.34821,0.12096,53146
31.7852,2.81294,15.34793,0.12047,53499
31.7952,2.81208,15.3496,0.11344,53203
31.8052,2.81121,15.33746,0.11472,53395
31.8152,2.81035,15.32901,0.1214,53403
31.8252,2.80949,15.33081,0.12618,53265
31.8352,2.80863,15.32011,0.12543,53456
31.8452,2.80778,15.31805,0.11654,53605
31.8552,2.80692,15.30297,0.12704,53073
31.8652,2.80606,15.30806,0.11556,53694
31.8752,2.8052,15.28957,0.12562,53407
31.8852,2.80434,15.29952,0.11114,53383
31.8952,2.80349,15.28183,0.11736,53632
31.9052,2.80263,15.27293,0.11519,53497
31.9152,2.80178,15.26146,0.1087,53590
31.9252,2.80092,15.24879,0.11754,53362
31.9352,2.80007,15.24844,0.1253,53676
31.9452,2.79922,15.24466,0.11999,53636
31.9552,2.79836,15.23369,0.12791,53391
31.9652,2.79751,15.23764,0.11686,53807
31.9752,2.79666,15.22621,0.12785,53537
31.9852,2.79581,15.21882,0.1226,53856
31.9952,2.79496,15.22515,0.11302,53973
32.0052,2.79411,15.2148,0.11505,53580
32.0152,2.79326,15.21274,0.11745,53782
32.0252,2.79241,15.19992,0.12271,53640
32.0352,2.79156,15.20532,0.11998,53635
32.0452,2.79071,15.2,0.12383,54071
32.0552,2.78986,15.18745,0.11502,53635
32.0652,2.78901,15.19505,0.11201,53943
32.0752,2.78817,15.18969,0.12125,53809
32.0852,2.78732,15.19009,0.1148,53755
32.0952,2.78648,15.18453,0.11308,53876
32.1052,2.78563,15.17746,0.11328,53983
32.1152,2.78479,15.18018,0.1283,53786
32.1252,2.78394,15.18372,0.10964,54280
32.1352,2.7831,15.16856,0.12141,53748
32.1452,2.78226,15.1743,0.1305,54092
32.1551,2.78141,15.18091,0.12014,53896
32.1651,2.78057,15.17106,0.1245,54017
32.1751,2.77973,15.16175,0.12102,54168
32.1851,2.77889,15.15681,0.12266,53806
32.1951,2.77805,15.16468,0.11276,54245
32.2051,2.77721,15.15698,0.10916,54042
32.2151,2.77637,15.16066,0.11412,54095
32.2251,2.77553,15.16343,0.11277,54149
32.2351,2.7747,15.15516,0.12142,53955
32.2451,2.77386,15.13494,0.1198,54223
32.2551,2.77302,15.1528,0.12765,54207
32.2651,2.77218,15.1432,0.1134,54155
32.2751,2.77135,15.13526,0.11249,54351
32.2851,2.77051,15.14076,0.12369,54042
32.2951,2.76968,15.14115,0.11406,54290
32.3051,2.76884,15.13656,0.11789,54347
32.3151,2.76801,15.12141,0.11564,54302
32.3251,2.76718,15.133,0.12902,54287
32.3351,2.76634,15.11757,0.12061,54244
32.3451,2.76551,15.11617,0.11285,54313
32.3551,2.76468,15.12214,0.12841,54415
32.3651,2.76385,15.1099,0.11232,54209
32.3751,2.76302,15.08897,0.12023,54661
32.3851,2.76219,15.09524,0.11782,54463
32.3951,2.76136,15.09362,0.10746,54364
32.4051,2.76053,15.07567,0.11547,54514
32.4151,2.7597,15.07492,0.11297,54237
32.4251,2.75887,15.07377,0.11323,54821
32.4351,2.75804,15.06388,0.12252,54473
32.4451,2.75722,15.06144,0.12065,54550
32.4551,2.75639,15.05312,0.12743,54720
32.4651,2.75556,15.04786,0.12126,54238
32.4751,2.75474,15.0508,0.11005,54777
32.4851,2.75391,15.03517,0.12373,54727
32.4951,2.75309,15.02632,0.11727,54607
32.5051,2.75227,15.01901,0.11173,54680
32.5151,2.75144,15.02183,0.12353,54491
32.5251,2.75062,15.01805,0.11074,54787
32.5351,2.7498,15.01915,0.12372,54859
32.5451,2.74898,15.0071,0.11895,54583
32.5551,2.74815,15.00514,0.11145,54872
32.5651,2.74733,15.00194,0.11725,54691
32.5751,2.74651,14.98645,0.11205,54756
32.5851,2.74569,14.99169,0.116,54737
32.5951,2.74487,14.98796,0.11174,54528
32.6051,2.74405,14.98003,0.12136,55269
32.6151,2.74324,14.97777,0.11802,54980
32.6251,2.74242,14.97385,0.11647,54815
32.6351,2.7416,14.98765,0.11816,55148
32.6451,2.74078,14.95952,0.12234,54509
32.6551,2.73997,14.96249,0.12761,55160
32.6651,2.73915,14.95718,0.11777,54920
32.6751,2.73834,14.9501,0.11285,54658
32.6851,2.73752,14.96369,0.11916,55353
32.6951,2.73671,14.94547,0.10731,54563
32.705,2.73589,14.93762,0.11251,55463
32.715,2.73508,14.92946,0.11283,55137
32.725,2.73427,14.91246,0.11469,54905
32.735,2.73345,14.92894,0.11877,55179
32.745,2.73264,14.91512,0.12237,54790
32.755,2.73183,14.90807,0.12156,55183
32.765,2.73102,14.91082,0.11294,55332
32.775,2.73021,14.89804,0.10914,55139
32.785,2.7294,14.90091,0.12013,55193
32.795,2.72859,14.8954,0.11214,55330
32.805,2.72778,14.8676,0.11957,55219
32.815,2.72697,14.88567,0.12245,55431
32.825,2.72617,14.86333,0.11835,55092
32.835,2.72536,14.87852,0.11482,55174
32.845,2.72455,14.86471,0.12087,55321
32.855,2.72375,14.85148,0.11391,55229
32.865,2.72294,14.85873,0.11362,55532
32.875,2.72214,14.84201,0.11844,55153
32.885,2.72133,14.85139,0.11183,55421
32.895,2.72053,14.84226,0.10423,55539
32.905,2.71972,14.83593,0.11611,55241
32.915,2.71892,14.84056,0.12035,55453
32.925,2.71812,14.83573,0.10956,55540
32.935,2.71731,14.83997,0.11754,55498
32.945,2.71651,14.83528,0.12884,55445
32.955,2.71571,14.82435,0.12097,55360
32.965,2.71491,14.8377,0.11978,55683
32.975,2.71411,14.81991,0.1083,55582
32.985,2.71331,14.82815,0.11335,55693
32.995,2.71251,14.84217,0.11807,55560
33.005,2.71171,14.83076,0.11688,55344
33.015,2.71091,14.82024,0.11595,55831
33.025,2.71012,14.81256,0.11234,55605
33.035,2.70932,14.83704,0.11852,55706
33.045,2.70852,14.82613,0.11281,55836
33.055,2.70772,14.82733,0.11323,55397
33.065,2.70693,14.81322,0.11228,55988
33.075,2.70613,14.82082,0.11414,55754
33.085,2.70534,14.81823,0.11131,55795
33.095,2.70454,14.81556,0.11459,55738
33.105,2.70375,14.81518,0.12118,55770
33.115,2.70296,14.82065,0.113,55918
33.125,2.70216,14.80712,0.1201,55800
33.135,2.70137,14.81631,0.11397,55923
33.145,2.70058,14.80129,0.12498,55950
33.155,2.69979,14.79044,0.11634,55801
33.165,2.699,14.80068,0.12572,55868
33.175,2.69821,14.79412,0.10725,55905
33.185,2.69742,14.7892,0.10798,55760
33.195,2.69663,14.80511,0.11486,56079
33.205,2.69584,14.77358,0.11014,55957
33.215,2.69505,14.78244,0.11545,56045
33.225,2.69426,14.77895,0.11353,56047
33.235,2.69347,14.7648,0.11861,55729
33.245,2.69269,14.75621,0.11924,56299
33.2549,2.6919,14.76661,0.11097,55974
33.2649,2.69111,14.76895,0.11665,56078
33.2749,2.69033,14.75525,0.1138,56169
33.2849,2.68954,14.74193,0.10725,55995
33.2949,2.68876,14.74119,0.12059,56580
33.3049,2.68797,14.73154,0.12209,56136
33.3149,2.68719,14.74807,0.11699,56161
33.3249,2.68641,14.73184,0.11626,56267
33.3349,2.68562,14.72349,0.11438,56065
33.3449,2.68484,14.73695,0.11075,56506
33.3549,2.68406,14.7154,0.11464,55994
33.3649,2.68328,14.72653,0.11878,56281
33.3749,2.6825,14.71526,0.11032,56603
33.3849,2.68172,14.71114,0.10932,56264
33.3949,2.68094,14.71952,0.10982,56241
33.4049,2.68016,14.7137,0.11169,56172
33.4149,2.67938,14.70677,0.11887,56470
33.4249,2.6786,14.70202,0.11366,56388
33.4349,2.67782,14.71116,0.12101,56613
33.4449,2.67704,14.69687,0.1114,56546
33.4549,2.67626,14.70467,0.12488,56374
33.4649,2.67549,14.70797,0.11876,56617
33.4749,2.67471,14.70474,0.10335,56726
33.4849,2.67394,14.7084,0.11266,56436
33.4949,2.67316,14.7015,0.11854,56269
33.5049,2.67239,14.69562,0.11481,56626
33.5149,2.67161,14.70796,0.12084,56643
33.5249,2.67084,14.7104,0.11199,56790
33.5349,2.67006,14.6983,0.11595,56583
33.5449,2.66929,14.69378,0.11047,56584
33.5549,2.66852,14.72112,0.1074,56859
33.5649,2.66775,14.70683,0.11886,56564
33.5749,2.66698,14.71054,0.10682,56836
33.5849,2.6662,14.70991,0.1189,56808
33.5949,2.66543,14.70928,0.11625,56693
33.6049,2.66466,14.71505,0.10941,56854
33.6149,2.66389,14.71411,0.12269,56812
33.6249,2.66312,14.72255,0.11648,57026
33.6349,2.66236,14.71001,0.11456,56723
33.6449,2.66159,14.7166,0.11985,56895
33.6549,2.66082,14.71034,0.1164,56665
33.6649,2.66005,14.71089,0.11474,56880
33.6749,2.65928,14.72075,0.10707,57103
33.6849,2.65852,14.71637,0.10805,56879
33.6949,2.65775,14.70725,0.11459,57055
33.7049,2.65699,14.70207,0.111,57131
33.7149,2.65622,14.71181,0.11686,57021
33.7249,2.65546,14.72362,0.12294,56892
33.7349,2.65469,14.7016,0.11327,56914
33.7449,2.65393,14.70763,0.10504,57214
33.7549,2.65317,14.70571,0.11382,57054
33.7649,2.6524,14.70799,0.10913,57236
33.7749,2.65164,14.7086,0.1201,57203
33.7849,2.65088,14.71192,0.11837,57245
33.7949,2.65012,14.71351,0.11203,57129
33.8048,2.64936,14.72267,0.12547,57153
33.8148,2.6486,14.69304,0.11291,57322
33.8248,2.64784,14.71545,0.11427,57192
33.8348,2.64708,14.7207,0.10858,57177
33.8448,2.64632,14.7093,0.10928,57145
33.8548,2.64556,14.71779,0.11824,57379
33.8648,2.6448,14.72688,0.11883,57281
33.8748,2.64404,14.73185,0.10579,57392
33.8848,2.64329,14.7204,0.10918,57488
33.8948,2.64253,14.72007,0.1095,57227
33.9048,2.64177,14.72739,0.11875,57167
33.9148,2.64102,14.73929,0.11413,57339
33.9248,2.64026,14.72881,0.11669,57390
33.9348,2.63951,14.73521,0.12077,57698
33.9448,2.63875,14.73476,0.11564,57553
33.9548,2.638,14.73852,0.11011,57445
33.9648,2.63724,14.74565,0.10988,57589
33.9748,2.63649,14.74756,0.11223,57398
33.9848,2.63574,14.73826,0.11914,57461
33.9948,2.63499,14.73116,0.11439,57795
34.0048,2.63423,14.74351,0.11731,57413
34.0148,2.63348,14.74737,0.11692,57803
34.0248,2.63273,14.74717,0.11163,57562
34.0348,2.63198,14.75314,0.1064,57866
34.0448,2.63123,14.7408,0.11149,57658
34.0548,2.63048,14.74946,0.1128,57636
34.0648,2.62973,14.74691,0.1103,57726
34.0748,2.62898,14.7572,0.11188,57764
34.0848,2.62823,14.75061,0.11788,57643
34.0948,2.62749,14.75167,0.11911,57932
34.1048,2.62674,14.75632,0.11018,57849
34.1148,2.62599,14.75885,0.11543,57785
34.1248,2.62525,14.7536,0.11853,57856
34.1348,2.6245,14.75038,0.12196,57832
34.1448,2.62375,14.75722,0.11398,57985
34.1548,2.62301,14.76546,0.11469,57751
34.1648,2.62226,14.75526,0.10508,57889
34.1748,2.62152,14.7689,0.1105,57970
34.1848,2.62078,14.76427,0.1173,57675
34.1948,2.62003,14.76224,0.11449,58173
34.2048,2.61929,14.77221,0.10798,58176
34.2148,2.61855,14.7659,0.11668,58124
34.2248,2.61781,14.77716,0.11436,57860
34.2348,2.61706,14.77443,0.11562,57864
34.2448,2.61632,14.78713,0.10384,58396
34.2548,2.61558,14.77934,0.1132,57957
34.2648,2.61484,14.77157,0.11234,58149
34.2748,2.6141,14.78694,0.12076,58200
34.2848,2.61336,14.78924,0.12553,58067
34.2948,2.61262,14.79671,0.11656,58250
34.3048,2.61188,14.76729,0.11554,58314
34.3148,2.61115,14.7935,0.11239,58129
34.3248,2.61041,14.79807,0.10918,58215
34.3348,2.60967,14.79523,0.11014,58330
34.3448,2.60893,14.78498,0.11528,58325
34.3547,2.6082,14.79243,0.10934,58341
34.3647,2.60746,14.78602,0.12229,58284
34.3747,2.60673,14.80098,0.11069,58530
34.3847,2.60599,14.79431,0.10854,58167
34.3947,2.60526,14.78,0.10903,58584
34.4047,2.60452,14.79484,0.11398,58433
34.4147,2.60379,14.80602,0.11921,58378
34.4247,2.60306,14.7983,0.11564,58614
34.4347,2.60232,14.81306,0.11594,58507
34.4447,2.60159,14.79084,0.11074,58448
34.4547,2.60086,14.81371,0.10934,58666
34.4647,2.60013,14.80976,0.11442,58356
34.4747,2.59939,14.83484,0.11599,58542
34.4847,2.59866,14.81209,0.1194,58415
34.4947,2.59793,14.82387,0.11671,58706
34.5047,2.5972,14.8273,0.11475,58529
34.5147,2.59647,14.84555,0.10772,58432
34.5247,2.59575,14.82597,0.11426,58977
34.5347,2.59502,14.8335,0.10851,58535
34.5447,2.59429,14.84625,0.11339,58540
34.5547,2.59356,14.84507,0.10697,58976
34.5647,2.59283,14.84601,0.11237,58491
34.5747,2.59211,14.85312,0.12155,58857
34.5847,2.59138,14.8407,0.11623,58875
34.5947,2.59065,14.86274,0.11237,58885
34.6047,2.58993,14.85386,0.11521,58937
34.6147,2.5892,14.86052,0.1114,58911
34.6247,2.58848,14.86559,0.11834,59089
34.6347,2.58775,14.866,0.11696,58818
34.6447,2.58703,14.85171,0.11995,59017
34.6547,2.58631,14.86961,0.10287,58824
34.6647,2.58558,14.88018,0.10761,58775
34.6747,2.58486,14.86944,0.11766,59196
34.6847,2.58414,14.86587,0.11504,58775
34.6947,2.58342,14.88852,0.12085,59063
34.7047,2.5827,14.88274,0.10536,59328
34.7147,2.58197,14.88438,0.11666,58704
34.7247,2.58125,14.88712,0.11415,59079
34.7347,2.58053,14.88823,0.10441,59007
34.7447,2.57981,14.90408,0.10792,59181
34.7547,2.57909,14.88606,0.11658,59162
34.7647,2.57838,14.88362,0.12707,58978
34.7747,2.57766,14.92194,0.10993,59534
34.7847,2.57694,14.88807,0.12299,59081
34.7947,2.57622,14.90107,0.11178,59201
34.8047,2.5755,14.91021,0.11623,59311
34.8147,2.57479,14.91722,0.11319,59146
34.8247,2.57407,14.91121,0.10352,59443
34.8347,2.57336,14.91172,0.1101,59198
34.8447,2.57264,14.91328,0.12257,59475
34.8547,2.57193,14.92865,0.11875,59371
34.8647,2.57121,14.90903,0.10666,59135
34.8747,2.5705,14.91159,0.1058,59745
34.8847,2.56978,14.92599,0.1123,59562
34.8946,2.56907,14.92764,0.12033,59061
34.9046,2.56836,14.9279,0.10841,59751
34.9146,2.56764,14.92521,0.11366,59301
34.9246,2.56693,14.94495,0.11982,59621
34.9346,2.56622,14.93457,0.11572,59526
34.9446,2.56551,14.94769,0.11163,59418
34.9546,2.5648,14.9497,0.10905,60092
34.9646,2.56409,14.94432,0.12054,59278
34.9746,2.56338,14.97952,0.1198,59462
34.9846,2.56267,14.97878,0.11716,59664
34.9946,2.56196,14.96623,0.1098,59539
35.0046,2.56125,15.00458,0.11181,59743
35.0146,2.56054,14.99374,0.11088,59420
35.0246,2.55983,15.02965,0.11053,59955
35.0346,2.55912,15.01233,0.10883,59900
35.0446,2.55842,15.03207,0.10827,59675
35.0546,2.55771,15.06234,0.12808,59805
35.0646,2.557,15.05084,0.11025,59379
35.0746,2.5563,15.06714,0.11329,60254
35.0846,2.55559,15.08974,0.10833,59759
35.0946,2.55489,15.08922,0.11707,59941
35.1046,2.55418,15.0964,0.11612,59918
35.1146,2.55348,15.11282,0.11567,59839
35.1246,2.55277,15.13102,0.11786,60300
35.1346,2.55207,15.15024,0.11692,59868
35.1446,2.55137,15.13677,0.11876,59786
35.1546,2.55067,15.15929,0.103,60143
35.1646,2.54996,15.1744,0.11666,59696
35.1746,2.54926,15.17713,0.11593,60145
35.1846,2.54856,15.19701,0.1125,60052
35.1946,2.54786,15.19894,0.11309,60185
35.2046,2.54716,15.21891,0.11696,60225
35.2146,2.54646,15.22517,0.11164,59757
35.2246,2.54576,15.22677,0.1037,60285
35.2346,2.54506,15.24828,0.11396,60223
35.2446,2.54436,15.25582,0.11649,59941
35.2546,2.54366,15.26997,0.1184,60463
35.2646,2.54296,15.2744,0.11939,60059
35.2746,2.54226,15.27664,0.11848,60432
35.2846,2.54157,15.30394,0.11153,60488
35.2946,2.54087,15.30072,0.11885,60031
35.3046,2.54017,15.31702,0.11035,60491
35.3146,2.53948,15.32411,0.1101,59927
35.3246,2.53878,15.32718,0.11358,60474
35.3346,2.53809,15.34868,0.12008,60389
35.3446,2.53739,15.3458,0.11429,60322
35.3546,2.5367,15.36373,0.11281,60533
35.3646,2.536,15.36926,0.10916,60372
35.3746,2.53531,15.38158,0.11108,60459
35.3846,2.53461,15.39299,0.1167,60456
35.3946,2.53392,15.39361,0.11615,60272
35.4046,2.53323,15.41054,0.11096,60748
35.4146,2.53254,15.41302,0.11644,60340
35.4246,2.53184,15.42547,0.11803,60669
35.4346,2.53115,15.44368,0.11161,60726
35.4445,2.53046,15.45137,0.11181,60560
35.4545,2.52977,15.46404,0.11885,60799
35.4645,2.52908,15.46576,0.11954,60539
35.4745,2.52839,15.47447,0.11887,60596
35.4845,2.5277,15.50441,0.12244,60748
35.4945,2.52701,15.50928,0.10597,60533
35.5045,2.52632,15.51712,0.10723,60939
35.5145,2.52564,15.5363,0.1131,60383
35.5245,2.52495,15.53562,0.12379,61019
35.5345,2.52426,15.55776,0.10604,60885
35.5445,2.52357,15.57042,0.12399,60727
35.5545,2.52289,15.58963,0.11515,60785
35.5645,2.5222,15.59422,0.11288,60698
35.5745,2.52151,15.60527,0.11188,61010
35.5845,2.52083,15.63516,0.11824,61108
35.5945,2.52014,15.63518,0.11771,60748
35.6045,2.51946,15.66761,0.11482,61119
35.6145,2.51877,15.67039,0.11997,60840
35.6245,2.51809,15.7048,0.11744,60993
35.6345,2.51741,15.71936,0.11927,61132
35.6445,2.51672,15.72257,0.11457,60903
35.6545,2.51604,15.758,0.10751,60938
35.6645,2.51536,15.7713,0.11231,61226
35.6745,2.51468,15.78565,0.12716,61123
35.6845,2.51399,15.82058,0.11632,61114
35.6945,2.51331,15.82775,0.11057,61155
35.7045,2.51263,15.84672,0.11273,61208
35.7145,2.51195,15.85421,0.11118,61222
35.7245,2.51127,15.89709,0.11445,61197
35.7345,2.51059,15.89874,0.11323,61386
35.7445,2.50991,15.93182,0.12233,61024
35.7545,2.50923,15.9497,0.11958,61357
35.7645,2.50855,15.969,0.12581,61148
35.7745,2.50788,16.00409,0.11536,61417
35.7845,2.5072,16.01058,0.10883,61567
35.7945,2.50652,16.03057,0.12044,61026
35.8045,2.50584,16.06633,0.12279,61551
35.8145,2.50517,16.07736,0.11163,61171
35.8245,2.50449,16.10308,0.11294,61332
35.8345,2.50382,16.12649,0.12884,61885
35.8445,2.50314,16.14505,0.11382,61027
35.8545,2.50246,16.17751,0.1133,61890
35.8645,2.50179,16.18778,0.11517,61646
35.8745,2.50112,16.20462,0.11471,61479
35.8845,2.50044,16.23075,0.11545,61713
35.8945,2.49977,16.2455,0.11286,61286
35.9045,2.4991,16.27135,0.12171,61613
35.9145,2.49842,16.30083,0.11705,61565
35.9245,2.49775,16.30844,0.11572,61677
35.9345,2.49708,16.34216,0.1239,61705
35.9445,2.49641,16.36584,0.11255,61508
35.9545,2.49573,16.37891,0.12315,61632
35.9645,2.49506,16.39587,0.12871,61497
35.9745,2.49439,16.42385,0.12268,61670
35.9845,2.49372,16.43749,0.10494,61709
35.9944,2.49305,16.45946,0.11609,61581
36.0044,2.49238,16.47144,0.11658,61748
36.0144,2.49172,16.4986,0.12215,61551
36.0244,2.49105,16.52881,0.11431,61906
36.0344,2.49038,16.52912,0.11793,61536
36.0444,2.48971,16.57029,0.12223,61715
36.0544,2.48904,16.57843,0.11816,61543
36.0644,2.48838,16.59176,0.11394,61592
36.0744,2.48771,16.62934,0.11043,61445
36.0844,2.48704,16.64077,0.12992,61582
36.0944,2.48638,16.66022,0.11527,61369
36.1044,2.48571,16.6948,0.12469,61865
36.1144,2.48505,16.70247,0.12139,61291
36.1244,2.48438,16.7323,0.12206,61609
36.1344,2.48372,16.75554,0.11408,61620
36.1444,2.48305,16.78616,0.1221,61146
36.1544,2.48239,16.80708,0.11244,61761
36.1644,2.48173,16.83331,0.12192,61348
36.1744,2.48106,16.85993,0.12119,61347
36.1844,2.4804,16.88288,0.11805,61631
36.1944,2.47974,16.90832,0.12052,61217
36.2044,2.47908,16.94032,0.11356,61681
36.2144,2.47841,16.96073,0.1173,61366
36.2244,2.47775,16.9746,0.11897,61110
36.2344,2.47709,17.02301,0.11719,61388
36.2444,2.47643,17.03303,0.12688,61232
36.2544,2.47577,17.06784,0.12565,61471
36.2644,2.47511,17.0869,0.11419,61259
36.2744,2.47445,17.11476,0.11254,61186
36.2844,2.47379,17.14958,0.12511,61514
36.2944,2.47314,17.17968,0.12291,61130
36.3044,2.47248,17.19228,0.13011,61219
36.3144,2.47182,17.23604,0.12134,61054
36.3244,2.47116,17.25384,0.11819,61254
36.3344,2.47051,17.29238,0.11757,61237
36.3444,2.46985,17.31473,0.1209,61029
36.3544,2.46919,17.35825,0.12234,61445
36.3644,2.46854,17.38641,0.11293,61163
36.3744,2.46788,17.39981,0.11824,61214
36.3844,2.46723,17.44521,0.12369,61252
36.3944,2.46657,17.4695,0.12512,60930
36.4044,2.46592,17.51293,0.11652,61364
36.4144,2.46526,17.53289,0.11508,60833
36.4244,2.46461,17.57708,0.12915,61004
36.4344,2.46395,17.61654,0.12704,61382
36.4444,2.4633,17.64455,0.121,60781
36.4544,2.46265,17.68022,0.123,61375
36.4644,2.462,17.70847,0.13305,60871
36.4744,2.46134,17.75037,0.11722,60862
36.4844,2.46069,17.77961,0.11409,60966
36.4944,2.46004,17.8121,0.12126,60896
36.5044,2.45939,17.85113,0.12377,61218
36.5144,2.45874,17.88596,0.128,61000
36.5244,2.45809,17.91269,0.13247,61100
36.5344,2.45744,17.95469,0.11892,61148
36.5443,2.45679,17.98562,0.11384,60662
36.5543,2.45614,18.02644,0.12579,60980
36.5643,2.45549,18.05301,0.11199,60877
36.5743,2.45485,18.09745,0.12293,60990
36.5843,2.4542,18.13423,0.13601,60896
36.5943,2.45355,18.16559,0.12487,60786
36.6043,2.4529,18.22349,0.12908,61170
36.6143,2.45226,18.23153,0.12617,60555
36.6243,2.45161,18.2847,0.12844,61004
36.6343,2.45096,18.32407,0.12049,60751
36.6443,2.45032,18.3486,0.122,60671
36.6543,2.44967,18.39855,0.11116,60897
36.6643,2.44903,18.43243,0.13755,60756
36.6743,2.44838,18.47657,0.13329,60971
36.6843,2.44774,18.51281,0.11722,60746
36.6943,2.44709,18.55919,0.12596,60654
36.7043,2.44645,18.59531,0.11652,60846
36.7143,2.44581,18.62974,0.13257,60737
36.7243,2.44516,18.67011,0.12424,60681
36.7343,2.44452,18.72058,0.12219,60742
36.7443,2.44388,18.73765,0.12443,60697
36.7543,2.44324,18.78988,0.13443,60889
36.7643,2.4426,18.82755,0.12054,60469
36.7743,2.44195,18.87045,0.12537,60682
36.7843,2.44131,18.91519,0.12721,60744
36.7943,2.44067,18.95544,0.13288,60576
36.8043,2.44003,19.00895,0.14061,60548
36.8143,2.43939,19.0322,0.12364,60618
36.8243,2.43875,19.09442,0.11944,60745
36.8343,2.43812,19.12087,0.12335,60463
36.8443,2.43748,19.17875,0.1235,60728
36.8543,2.43684,19.21444,0.12368,60713
36.8643,2.4362,19.25987,0.13411,60677
36.8743,2.43556,19.30134,0.12644,60600
36.8843,2.43493,19.33704,0.12652,60740
36.8943,2.43429,19.38915,0.12551,60371
36.9043,2.43365,19.42256,0.12632,60595
36.9143,2.43302,19.4735,0.13375,60596
36.9243,2.43238,19.51523,0.12102,60415
36.9343,2.43174,19.54578,0.13105,60530
36.9443,2.43111,19.59808,0.13098,60535
36.9543,2.43047,19.62509,0.14057,60596
36.9643,2.42984,19.66939,0.1253,60400
36.9743,2.42921,19.71091,0.1306,60480
36.9843,2.42857,19.73879,0.12079,60647
36.9943,2.42794,19.79148,0.1278,60586
37.0043,2.42731,19.82323,0.13748,60667
37.0143,2.42667,19.85398,0.12362,60418
37.0243,2.42604,19.88625,0.13351,60505
37.0343,2.42541,19.9258,0.12977,60444
37.0443,2.42478,19.96256,0.11768,60499
37.0543,2.42415,19.98974,0.13028,60483
37.0643,2.42351,20.02536,0.12422,60239
37.0743,2.42288,20.05607,0.13766,60430
37.0843,2.42225,20.09076,0.1358,60467
37.0942,2.42162,20.11655,0.13893,60292
37.1042,2.42099,20.15635,0.12048,60667
37.1142,2.42037,20.18604,0.12714,60551
37.1242,2.41974,20.21838,0.13332,60449
37.1342,2.41911,20.25185,0.1321,60364
37.1442,2.41848,20.28347,0.13271,60247
37.1542,2.41785,20.32034,0.12899,60568
37.1642,2.41722,20.33959,0.13693,60236
37.1742,2.4166,20.38375,0.12383,60453
37.1842,2.41597,20.40001,0.13789,60398
37.1942,2.41534,20.43699,0.12625,60178
37.2042,2.41472,20.46199,0.1231,60560
37.2142,2.41409,20.50025,0.12637,60380
37.2242,2.41347,20.52145,0.13444,60278
37.2342,2.41284,20.5582,0.14376,60204
37.2442,2.41222,20.58998,0.12359,60242
37.2542,2.41159,20.63431,0.1303,60633
37.2642,2.41097,20.65477,0.13267,60391
37.2742,2.41034,20.68419,0.14252,60271
37.2842,2.40972,20.70616,0.13418,60183
37.2942,2.4091,20.74187,0.13194,60493
37.3042,2.40847,20.76466,0.13466,60056
37.3142,2.40785,20.79135,0.123,60442
37.3242,2.40723,20.83228,0.13042,60167
37.3342,2.40661,20.84791,0.13176,60243
37.3442,2.40599,20.88006,0.12846,60114
37.3542,2.40537,20.89488,0.13835,60397
37.3642,2.40475,20.93922,0.14321,60200
37.3742,2.40413,20.95469,0.12483,60444
37.3842,2.40351,20.988,0.12872,60422
37.3942,2.40289,20.98621,0.12679,60078
37.4042,2.40227,21.02043,0.1257,60428
37.4142,2.40165,21.03372,0.13555,60378
37.4242,2.40103,21.07083,0.13777,60194
37.4342,2.40041,21.0751,0.14361,60112
37.4442,2.39979,21.12328,0.13938,60323
37.4542,2.39917,21.11885,0.12579,60277
37.4642,2.39856,21.15876,0.13762,60191
37.4742,2.39794,21.15992,0.13533,59840
37.4842,2.39732,21.19724,0.12553,60215
37.4942,2.39671,21.21725,0.13303,60166
37.5042,2.39609,21.2404,0.12982,60489
37.5142,2.39548,21.25112,0.14427,60236
37.5242,2.39486,21.27086,0.12577,60212
37.5342,2.39425,21.29458,0.13963,60249
37.5442,2.39363,21.31532,0.12666,60301
37.5542,2.39302,21.32978,0.13492,59997
37.5642,2.3924,21.35063,0.13327,60298
37.5742,2.39179,21.37212,0.12868,59940
37.5842,2.39118,21.38261,0.13892,60116
37.5942,2.39056,21.40684,0.13523,60004
37.6042,2.38995,21.41301,0.12707,60320
37.6142,2.38934,21.45285,0.13977,60540
37.6242,2.38873,21.46132,0.13528,60154
37.6342,2.38811,21.47165,0.14203,60041
37.6441,2.3875,21.48637,0.14087,59938
37.6541,2.38689,21.50393,0.12613,60173
37.6641,2.38628,21.51821,0.12607,60252
37.6741,2.38567,21.53135,0.13242,60004
37.6841,2.38506,21.53314,0.13119,60114
37.6941,2.38445,21.55289,0.13746,60018
37.7041,2.38384,21.54812,0.1403,60204
37.7141,2.38323,21.56334,0.12952,60216
37.7241,2.38262,21.57629,0.13506,60185
37.7341,2.38202,21.5833,0.12816,59966
37.7441,2.38141,21.59361,0.1334,60129
37.7541,2.3808,21.59129,0.13873,60008
37.7641,2.38019,21.61046,0.12477,60291
37.7741,2.37959,21.6163,0.14308,59902
37.7841,2.37898,21.61262,0.14101,60279
37.7941,2.37837,21.61683,0.14552,59997
37.8041,2.37777,21.62503,0.13032,60045
37.8141,2.37716,21.62918,0.12834,60066
37.8241,2.37656,21.64994,0.12923,60029
37.8341,2.37595,21.64673,0.1395,60077
37.8441,2.37535,21.66548,0.13354,59955
37.8541,2.37474,21.65394,0.13699,60073
37.8641,2.37414,21.67358,0.13087,60089
37.8741,2.37353,21.66789,0.13085,60181
37.8841,2.37293,21.66944,0.13114,59885
37.8941,2.37233,21.67241,0.13099,60064
37.9041,2.37172,21.66245,0.1368,59993
37.9141,2.37112,21.68421,0.13726,60208
37.9241,2.37052,21.67841,0.13807,59939
37.9341,2.36992,21.67517,0.1387,59971
37.9441,2.36932,21.68861,0.12622,60268
37.9541,2.36872,21.67932,0.1388,59779
37.9641,2.36811,21.69362,0.13008,60178
37.9741,2.36751,21.67798,0.14351,59838
37.9841,2.36691,21.69461,0.13458,60179
37.9941,2.36631,21.69693,0.13249,59936
38.0041,2.36571,21.68661,0.13738,59916
38.0141,2.36512,21.70423,0.12752,60178
38.0241,2.36452,21.69272,0.13726,59860
38.0341,2.36392,21.71159,0.1316,60216
38.0441,2.36332,21.71108,0.12914,60011
38.0541,2.36272,21.71911,0.13715,59892
38.0641,2.36212,21.72862,0.13798,59996
38.0741,2.36153,21.70858,0.12626,59752
38.0841,2.36093,21.74217,0.13826,60392
38.0941,2.36033,21.74501,0.1344,59794
38.1041,2.35974,21.73598,0.13729,60059
38.1141,2.35914,21.75297,0.13555,59935
38.1241,2.35855,21.75728,0.13633,59804
38.1341,2.35795,21.74649,0.13922,60184
38.1441,2.35735,21.76211,0.13712,59803
38.1541,2.35676,21.758,0.12791,59957
38.1641,2.35617,21.78019,0.1335,59891
38.1741,2.35557,21.75387,0.12859,59939
38.1841,2.35498,21.77342,0.13656,60128
38.194,2.35438,21.77992,0.13994,60166
38.204,2.35379,21.77444,0.13978,59907
38.214,2.3532,21.77183,0.12916,60006
38.224,2.35261,21.77466,0.12191,59921
38.234,2.35201,21.78724,0.13253,59707
38.244,2.35142,21.77369,0.13854,60204
38.254,2.35083,21.7811,0.14237,59798
38.264,2.35024,21.78405,0.13123,60212
38.274,2.34965,21.76768,0.14282,59809
38.284,2.34906,21.78583,0.13424,60210
38.294,2.34847,21.78139,0.13316,59771
38.304,2.34788,21.79669,0.13439,59890
38.314,2.34729,21.78441,0.13431,59919
38.324,2.3467,21.7988,0.12252,59705
38.334,2.34611,21.79401,0.14618,60143
38.344,2.34552,21.80406,0.14008,59693
38.354,2.34493,21.8072,0.12807,60318
38.364,2.34434,21.81538,0.14226,59948
38.374,2.34376,21.82526,0.13073,59839
38.384,2.34317,21.84184,0.12738,60262
38.394,2.34258,21.83339,0.13819,59640
38.404,2.34199,21.8506,0.12694,60124
38.414,2.34141,21.84667,0.14492,59611
38.424,2.34082,21.88662,0.13668,59914
38.434,2.34024,21.85882,0.13014,60105
38.444,2.33965,21.89279,0.13284,59900
38.454,2.33906,21.89331,0.1405,60033
38.464,2.33848,21.90902,0.14352,59934
38.474,2.33789,21.92038,0.13754,59820
38.484,2.33731,21.9195,0.12946,59983
38.494,2.33673,21.94525,0.13013,59716
38.504,2.33614,21.94368,0.13145,59902
38.514,2.33556,21.95546,0.13741,59908
38.524,2.33498,21.97015,0.13197,59975
38.534,2.33439,21.97168,0.13853,59980
38.544,2.33381,22.00333,0.14161,59628
38.554,2.33323,22.01265,0.12939,60145
38.564,2.33265,22.01985,0.13073,59885
38.574,2.33206,22.0313,0.13666,59956
38.584,2.33148,22.05038,0.12817,59925
38.594,2.3309,22.06459,0.13974,59310
38.604,2.33032,22.07355,0.13513,60222
38.614,2.32974,22.08853,0.14687,59936
38.624,2.32916,22.11947,0.13972,59793
38.634,2.32858,22.13395,0.13132,59943
38.644,2.328,22.15499,0.1335,59415
38.654,2.32742,22.17611,0.13355,60196
38.664,2.32684,22.19408,0.13498,59751
38.674,2.32627,22.21781,0.13241,59840
38.684,2.32569,22.22889,0.13668,59905
38.694,2.32511,22.25196,0.13951,59743
38.704,2.32453,22.28849,0.14149,60111
38.714,2.32395,22.30395,0.12807,59848
38.724,2.32338,22.34498,0.13204,59765
38.734,2.3228,22.36686,0.13455,59878
38.7439,2.32222,22.38387,0.14471,59659
38.7539,2.32165,22.43014,0.13431,60054
38.7639,2.32107,22.427,0.14219,59772
38.7739,2.3205,22.4797,0.13237,60125
38.7839,2.31992,22.49798,0.14122,59517
38.7939,2.31935,22.53643,0.13542,60023
38.8039,2.31877,22.56025,0.13759,59612
38.8139,2.3182,22.60535,0.14306,59932
38.8239,2.31762,22.63688,0.1418,59933
38.8339,2.31705,22.68355,0.12921,59784
38.8439,2.31648,22.70138,0.12909,59985
38.8539,2.3159,22.73813,0.14818,59892
38.8639,2.31533,22.78607,0.13683,59966
38.8739,2.31476,22.82416,0.13436,59770
38.8839,2.31419,22.8872,0.13517,59988
38.8939,2.31361,22.92103,0.13581,59842
38.9039,2.31304,22.97424,0.14323,59934
38.9139,2.31247,23.01898,0.13485,59556
38.9239,2.3119,23.06523,0.13567,60335
38.9339,2.31133,23.14617,0.14016,59816
38.9439,2.31076,23.1854,0.13969,59821
38.9539,2.31019,23.26247,0.14229,60009
38.9639,2.30962,23.30073,0.14561,59601
38.9739,2.30905,23.39434,0.14677,59900
38.9839,2.30848,23.4436,0.13849,59794
38.9939,2.30791,23.52152,0.13091,59726
39.0039,2.30734,23.60062,0.13669,60121
39.0139,2.30678,23.67114,0.13846,59815
39.0239,2.30621,23.76876,0.15426,60049
39.0339,2.30564,23.83555,0.13915,59705
39.0439,2.30507,23.92444,0.14252,60058
39.0539,2.3045,24.01401,0.13531,59932
39.0639,2.30394,24.11078,0.14025,59791
39.0739,2.30337,24.19545,0.14182,59788
39.0839,2.30281,24.29325,0.14271,59708
39.0939,2.30224,24.40241,0.14273,60231
39.1039,2.30167,24.50504,0.1534,59979
39.1139,2.30111,24.61711,0.14527,59803
39.1239,2.30054,24.722,0.13922,59836
39.1339,2.29998,24.84689,0.15012,59999
39.1439,2.29941,24.96276,0.14303,59408
39.1539,2.29885,25.0671,0.14484,59971
39.1639,2.29829,25.19249,0.14313,59844
39.1739,2.29772,25.32627,0.14157,60054
39.1839,2.29716,25.48178,0.15531,59903
39.1939,2.2966,25.59349,0.14168,60023
39.2039,2.29603,25.74811,0.14284,60132
39.2139,2.29547,25.88502,0.15375,59238
39.2239,2.29491,26.02945,0.14353,60367
39.2339,2.29435,26.16883,0.15405,59711
39.2439,2.29379,26.33472,0.14196,59762
39.2539,2.29322,26.48649,0.14967,60065
39.2639,2.29266,26.65507,0.15305,59902
39.2739,2.2921,26.8325,0.15044,60175
39.2839,2.29154,27.00208,0.15273,59820
39.2938,2.29098,27.17852,0.15209,60102
39.3038,2.29042,27.3527,0.16478,59723
39.3138,2.28986,27.53856,0.15038,59864
39.3238,2.2893,27.73499,0.1475,59837
39.3338,2.28875,27.93438,0.15139,59868
39.3438,2.28819,28.13423,0.15866,59833
39.3538,2.28763,28.35285,0.14635,60141
39.3638,2.28707,28.57254,0.16132,60024
39.3738,2.28651,28.78383,0.16178,60218
39.3838,2.28596,29.00629,0.1661,59780
39.3938,2.2854,29.24891,0.15007,60169
39.4038,2.28484,29.4805,0.14557,59757
39.4138,2.28428,29.72335,0.16434,59596
39.4238,2.28373,29.97558,0.16625,60112
39.4338,2.28317,30.24065,0.15976,59723
39.4438,2.28262,30.49771,0.15902,60370
39.4538,2.28206,30.77304,0.16419,60165
39.4638,2.28151,31.05493,0.17207,59977
39.4738,2.28095,31.33388,0.16141,60027
39.4838,2.2804,31.63084,0.17048,59488
39.4938,2.27984,31.92191,0.15555,60119
39.5038,2.27929,32.24001,0.1651,59622
39.5138,2.27874,32.55412,0.17216,60020
39.5238,2.27818,32.8636,0.16732,60334
39.5338,2.27763,33.20052,0.17067,59904
39.5438,2.27708,33.5376,0.16321,60332
39.5538,2.27652,33.88689,0.17204,59824
39.5638,2.27597,34.22622,0.16528,60080
39.5738,2.27542,34.60417,0.17632,60051
39.5838,2.27487,34.95791,0.17272,59501
39.5938,2.27432,35.33411,0.19343,60264
39.6038,2.27376,35.72854,0.16245,59919
39.6138,2.27321,36.1137,0.17811,60318
39.6238,2.27266,36.50773,0.18056,60219
39.6338,2.27211,36.92799,0.1806,59690
39.6438,2.27156,37.33882,0.18625,60124
39.6538,2.27101,37.76801,0.18377,59557
39.6638,2.27046,38.18391,0.17385,60172
39.6738,2.26991,38.64892,0.18038,60142
39.6838,2.26937,39.09227,0.18092,59934
39.6938,2.26882,39.56667,0.1832,60371
39.7038,2.26827,40.03725,0.18596,59926
39.7138,2.26772,40.51006,0.18834,60100
39.7238,2.26717,41.0144,0.18881,60092
39.7338,2.26663,41.50492,0.19382,60320
39.7438,2.26608,42.01913,0.18577,59907
39.7538,2.26553,42.54846,0.1907,59972
39.7638,2.26499,43.06506,0.191,60072
39.7738,2.26444,43.61231,0.19404,60156
39.7838,2.26389,44.14826,0.20496,60173
39.7938,2.26335,44.69763,0.19563,60205
39.8038,2.2628,45.26333,0.19393,59896
39.8138,2.26226,45.8356,0.20508,60243
39.8238,2.26171,46.40967,0.20152,60032
39.8338,2.26117,46.98675,0.20768,59816
39.8437,2.26062,47.56757,0.19704,60322
39.8537,2.26008,48.1813,0.19848,59675
39.8637,2.25953,48.75417,0.21148,60642
39.8737,2.25899,49.38685,0.20635,59948
39.8837,2.25845,49.96562,0.20596,60204
39.8937,2.2579,50.60046,0.2038,60213
39.9037,2.25736,51.24739,0.21,60097
39.9137,2.25682,51.85636,0.20539,60001
39.9237,2.25628,52.4992,0.21744,59658
39.9337,2.25574,53.11978,0.22087,60353
39.9437,2.25519,53.77433,0.21782,60259
39.9537,2.25465,54.44212,0.2183,60005
39.9637,2.25411,55.0816,0.21256,60069
39.9737,2.25357,55.74751,0.21367,59908
39.9837,2.25303,56.4299,0.22645,59858
39.9937,2.25249,57.08777,0.2357,60083
40.0037,2.25195,57.75868,0.22219,59744
40.0137,2.25141,58.42317,0.21785,60063
40.0237,2.25087,59.10239,0.22214,59836
40.0337,2.25033,59.79171,0.22783,60088
40.0437,2.24979,60.47885,0.24254,60083
40.0537,2.24925,61.17385,0.21026,59750
40.0637,2.24872,61.84501,0.22683,60323
40.0737,2.24818,62.53121,0.23369,59396
40.0837,2.24764,63.21922,0.23613,59899
40.0937,2.2471,63.91013,0.23194,59836
40.1037,2.24657,64.60396,0.23817,59765
40.1137,2.24603,65.27062,0.23639,60017
40.1237,2.24549,65.96449,0.2398,59473
40.1337,2.24496,66.61368,0.25189,60309
40.1437,2.24442,67.3012,0.23125,59681
40.1537,2.24388,67.97707,0.25103,59499
40.1637,2.24335,68.61879,0.22719,59663
40.1737,2.24281,69.24865,0.24473,59394
40.1837,2.24228,69.86456,0.23903,60023
40.1937,2.24174,70.52723,0.2609,59750
40.2037,2.24121,71.11292,0.25532,59743
40.2137,2.24068,71.7256,0.24522,59953
40.2237,2.24014,72.33741,0.24214,59525
40.2337,2.23961,72.87355,0.23263,59524
40.2437,2.23907,73.47445,0.24378,59464
40.2537,2.23854,73.99407,0.25976,59732
40.2637,2.23801,74.51721,0.25777,59988
40.2737,2.23748,75.05753,0.25154,59358
40.2837,2.23694,75.5093,0.25533,59641
40.2937,2.23641,75.98988,0.27101,59324
40.3037,2.23588,76.40709,0.25414,59456
40.3137,2.23535,76.8389,0.23957,59717
40.3237,2.23482,77.2307,0.26076,59226
40.3337,2.23429,77.5815,0.24545,59886
40.3437,2.23376,77.90984,0.24525,59460
40.3537,2.23323,78.18559,0.28257,59529
40.3637,2.2327,78.43994,0.25249,59397
40.3737,2.23217,78.73486,0.2512,59150
40.3837,2.23164,78.9006,0.27155,59529
40.3936,2.23111,79.09702,0.24135,59133
40.4036,2.23058,79.21451,0.24207,60182
40.4136,2.23005,79.34595,0.25297,59367
40.4236,2.22952,79.40944,0.26037,59113
40.4336,2.22899,79.47418,0.25199,59227
40.4436,2.22846,79.49733,0.26807,59430
40.4536,2.22794,79.44793,0.2615,59439
40.4636,2.22741,79.44077,0.25405,59075
40.4736,2.22688,79.33117,0.25513,59472
40.4836,2.22636,79.24467,0.25544,59382
40.4936,2.22583,79.08494,0.2628,59089
40.5036,2.2253,78.91177,0.23162,59110
40.5136,2.22478,78.70869,0.25737,59353
40.5236,2.22425,78.455,0.25807,58945
40.5336,2.22372,78.21165,0.25699,59314
40.5436,2.2232,77.91207,0.24734,59152
40.5536,2.22267,77.6058,0.26091,59492
40.5636,2.22215,77.25101,0.24761,59409
40.5736,2.22162,76.87451,0.23596,59132
40.5836,2.2211,76.47989,0.2364,59254
40.5936,2.22058,76.05151,0.24853,58464
40.6036,2.22005,75.65508,0.25637,59455
40.6136,2.21953,75.17052,0.25801,58859
40.6236,2.21901,74.6896,0.24719,59584
40.6336,2.21848,74.17723,0.25123,59146
40.6436,2.21796,73.65586,0.25298,58753
40.6536,2.21744,73.12511,0.24034,59035
40.6636,2.21692,72.58084,0.23474,58825
40.6736,2.21639,71.9935,0.23241,59007
40.6836,2.21587,71.40695,0.24533,59023
40.6936,2.21535,70.78158,0.24286,59073
40.7036,2.21483,70.19873,0.24841,59153
40.7136,2.21431,69.56021,0.238,58947
40.7236,2.21379,68.90869,0.24059,58798
40.7336,2.21327,68.27622,0.22354,59230
40.7436,2.21275,67.58218,0.22619,58863
40.7536,2.21223,66.92753,0.22565,59008
40.7636,2.21171,66.22994,0.2339,58853
40.7736,2.21119,65.56831,0.26221,59042
40.7836,2.21067,64.86757,0.21738,58803
40.7936,2.21015,64.18228,0.239,58560
40.8036,2.20963,63.49221,0.23649,59211
40.8136,2.20912,62.75777,0.24047,58543
40.8236,2.2086,62.08165,0.21642,59122
40.8336,2.20808,61.34184,0.21435,58711
40.8436,2.20756,60.67767,0.21243,58652
40.8536,2.20705,59.9381,0.22364,58843
40.8636,2.20653,59.21537,0.23014,58816
40.8736,2.20601,58.55756,0.21926,59026
40.8836,2.2055,57.81736,0.23201,58645
40.8936,2.20498,57.10678,0.21701,58730
40.9036,2.20446,56.41687,0.20611,58880
40.9136,2.20395,55.67348,0.21061,58688
40.9236,2.20343,54.99475,0.19978,58802
40.9336,2.20292,54.2959,0.21409,58861
40.9435,2.2024,53.58342,0.21609,58444
40.9535,2.20189,52.9159,0.19707,58740
40.9635,2.20137,52.17926,0.23234,58483
40.9735,2.20086,51.55736,0.22018,59187
40.9835,2.20035,50.82812,0.20032,58510
40.9935,2.19983,50.15988,0.19465,58593
41.0035,2.19932,49.50864,0.20332,58670
41.0135,2.19881,48.80904,0.18967,58246
41.0235,2.19829,48.20278,0.19304,58879
41.0335,2.19778,47.50454,0.20564,58530
41.0435,2.19727,46.87297,0.20321,58856
41.0535,2.19676,46.23988,0.20554,58821
41.0635,2.19624,45.59229,0.19325,58345
41.0735,2.19573,44.98187,0.18233,58684
41.0835,2.19522,44.3202,0.1815,58529
41.0935,2.19471,43.71418,0.18619,58511
41.1035,2.1942,43.13628,0.18687,58898
41.1135,2.19369,42.48818,0.18436,58301
41.1235,2.19318,41.96485,0.19524,58736
41.1335,2.19267,41.32627,0.19437,58262
41.1435,2.19216,40.77216,0.18898,58793
41.1535,2.19165,40.19407,0.17913,58199
41.1635,2.19114,39.61438,0.19567,58292
41.1735,2.19063,39.10454,0.16292,58716
41.1835,2.19012,38.52382,0.17665,58135
41.1935,2.18961,38.01323,0.16445,58770
41.2035,2.18911,37.46982,0.18799,58384
41.2135,2.1886,36.93656,0.18176,57905
41.2235,2.18809,36.46639,0.17559,58679
41.2335,2.18758,35.92254,0.17251,58113
41.2435,2.18708,35.47607,0.17216,58465
41.2535,2.18657,34.94663,0.15876,58499
41.2635,2.18606,34.45899,0.16632,57929
41.2735,2.18555,34.03354,0.16457,58171
41.2835,2.18505,33.53624,0.16417,57804
41.2935,2.18454,33.15873,0.17922,58308
41.3035,2.18404,32.66966,0.16229,58363
41.3135,2.18353,32.24485,0.17115,58119
41.3235,2.18303,31.82043,0.16836,57883
41.3335,2.18252,31.38438,0.16865,57401
41.3435,2.18202,31.03924,0.14267,58181
41.3535,2.18151,30.62015,0.15052,57872
41.3635,2.18101,30.22902,0.16881,58080
41.3735,2.1805,29.85791,0.1502,57970
41.3835,2.18,29.47183,0.16353,57666
41.3935,2.1795,29.13197,0.15949,57827
41.4035,2.17899,28.77313,0.15688,57798
41.4135,2.17849,28.41911,0.15006,57861
41.4235,2.17799,28.08525,0.14607,57933
41.4335,2.17749,27.71567,0.14651,57401
41.4435,2.17698,27.44001,0.15085,57882
41.4535,2.17648,27.08771,0.15349,57251
41.4635,2.17598,26.79515,0.14729,57796
41.4735,2.17548,26.51121,0.1531,57880
41.4834,2.17498,26.19128,0.15544,57300
41.4934,2.17448,25.92203,0.15038,57692
41.5034,2.17398,25.60461,0.14282,57081
41.5134,2.17347,25.35187,0.13264,57689
41.5234,2.17297,25.07796,0.14541,57418
41.5334,2.17247,24.82761,0.14215,57501
41.5434,2.17197,24.58007,0.13669,57543
41.5534,2.17148,24.30666,0.15215,57315
41.5634,2.17098,24.0715,0.14985,57462
41.5734,2.17048,23.84508,0.13421,57428
41.5834,2.16998,23.58599,0.13253,57164
41.5934,2.16948,23.37599,0.13854,57580
41.6034,2.16898,23.14065,0.13336,56897
41.6134,2.16848,22.94342,0.13565,57550
41.6234,2.16799,22.72426,0.1426,57204
41.6334,2.16749,22.52626,0.13545,57096
41.6434,2.16699,22.34002,0.14012,57074
41.6534,2.16649,22.13826,0.14514,56985
41.6634,2.166,21.9564,0.13141,57161
41.6734,2.1655,21.75148,0.13167,56973
41.6834,2.165,21.57033,0.13626,56966
41.6934,2.16451,21.41293,0.12168,56979
41.7034,2.16401,21.23468,0.12784,56609
41.7134,2.16352,21.09588,0.13837,57404
41.7234,2.16302,20.90389,0.13672,56804
41.7334,2.16253,20.74531,0.13013,57032
41.7434,2.16203,20.60026,0.13424,56906
41.7534,2.16154,20.44682,0.11881,56671
41.7634,2.16104,20.30737,0.13771,56891
41.7734,2.16055,20.15463,0.12256,56913
41.7834,2.16005,20.02561,0.12202,56630
41.7934,2.15956,19.89697,0.13179,56918
41.8034,2.15907,19.75165,0.13729,56164
41.8134,2.15857,19.65662,0.1299,57101
41.8234,2.15808,19.49376,0.12665,56547
41.8334,2.15759,19.39519,0.13298,56567
41.8434,2.1571,19.28102,0.12197,56516
41.8534,2.1566,19.15807,0.1231,56374
41.8634,2.15611,19.06581,0.11741,56746
41.8734,2.15562,18.93185,0.12209,56505
41.8834,2.15513,18.85413,0.1343,56588
41.8934,2.15464,18.73774,0.12217,56621
41.9034,2.15415,18.63223,0.12536,56159
41.9134,2.15366,18.54104,0.12229,56815
41.9234,2.15317,18.43929,0.12098,56314
41.9334,2.15268,18.34203,0.11957,56313
41.9434,2.15219,18.27233,0.11917,56414
41.9534,2.1517,18.16377,0.11882,56049
41.9634,2.15121,18.08267,0.12837,56557
41.9734,2.15072,17.99301,0.12146,56175
41.9834,2.15023,17.93863,0.12182,56465
41.9934,2.14974,17.8491,0.12853,55979
42.0034,2.14925,17.76553,0.12891,56003
42.0134,2.14876,17.68848,0.11028,56263
42.0234,2.14827,17.61275,0.11235,56002
42.0333,2.14779,17.55962,0.11994,56369
42.0433,2.1473,17.49372,0.1232,56141
42.0533,2.14681,17.41219,0.11235,55721
42.0633,2.14632,17.35819,0.12829,56369
42.0733,2.14584,17.28392,0.12329,55679
42.0833,2.14535,17.24195,0.11985,56460
42.0933,2.14486,17.17447,0.11008,55676
42.1033,2.14438,17.10633,0.1249,55650
42.1133,2.14389,17.05825,0.11185,56358
42.1233,2.14341,16.99123,0.12101,55576
42.1333,2.14292,16.9693,0.11556,56296
42.1433,2.14243,16.91406,0.11884,55748
42.1533,2.14195,16.8431,0.12332,55782
42.1633,2.14146,16.79856,0.12329,55957
42.1733,2.14098,16.73834,0.11305,55550
42.1833,2.1405,16.7186,0.11444,55751
42.1933,2.14001,16.66094,0.10936,55836
42.2033,2.13953,16.60807,0.11998,55894
42.2133,2.13904,16.56461,0.11714,55774
42.2233,2.13856,16.52551,0.1116,55681
42.2333,2.13808,16.50058,0.12796,56022
42.2433,2.13759,16.45044,0.11732,55619
42.2533,2.13711,16.39193,0.10534,56215
42.2633,2.13663,16.36184,0.11867,55801
42.2733,2.13615,16.31639,0.11627,55247
42.2833,2.13567,16.30708,0.11034,55910
42.2933,2.13518,16.2515,0.11657,55537
42.3033,2.1347,16.21637,0.11621,56166
42.3133,2.13422,16.18738,0.11551,55580
42.3233,2.13374,16.15902,0.12305,55504
42.3333,2.13326,16.12714,0.11275,55742
42.3433,2.13278,16.0839,0.11505,55471
42.3533,2.1323,16.06155,0.11228,55948
42.3633,2.13182,16.03436,0.10942,55624
42.3733,2.13134,16.00137,0.11281,55451
42.3833,2.13086,15.98585,0.11172,55776
42.3933,2.13038,15.94583,0.11585,55743
42.4033,2.1299,15.92991,0.12479,55739
42.4133,2.12942,15.89945,0.10708,55847
42.4233,2.12894,15.8621,0.11234,55289
42.4333,2.12846,15.8491,0.11588,55884
42.4433,2.12799,15.81588,0.11547,55201
42.4533,2.12751,15.80788,0.10505,55981
42.4633,2.12703,15.76745,0.11464,55544
42.4733,2.12655,15.75318,0.11946,55352
42.4833,2.12607,15.72564,0.11156,55877
42.4933,2.1256,15.71045,0.11403,55650
42.5033,2.12512,15.69487,0.12661,55408
42.5133,2.12464,15.66714,0.11206,55412
42.5233,2.12417,15.63532,0.10488,55478
42.5333,2.12369,15.63445,0.10979,55783
42.5433,2.12322,15.62323,0.10813,55479
42.5533,2.12274,15.60553,0.11378,55634
42.5633,2.12226,15.58709,0.12856,55258
42.5733,2.12179,15.54962,0.10519,55638
42.5832,2.12131,15.55861,0.1117,55856
42.5932,2.12084,15.54193,0.11371,55316
42.6032,2.12036,15.53695,0.10945,55687
42.6132,2.11989,15.49532,0.11141,54890
42.6232,2.11942,15.48891,0.10929,55882
42.6332,2.11894,15.4923,0.11436,55285
42.6432,2.11847,15.49416,0.11529,55325
42.6532,2.118,15.46675,0.11309,55565
42.6632,2.11752,15.4392,0.11615,55336
42.6732,2.11705,15.43481,0.11304,55203
42.6832,2.11658,15.43717,0.10978,55442
42.6932,2.1161,15.43247,0.10403,55227
42.7032,2.11563,15.41891,0.11855,55639
42.7132,2.11516,15.3873,0.1056,55014
42.7232,2.11469,15.39614,0.11746,55548
42.7332,2.11422,15.39508,0.11143,55386
42.7432,2.11374,15.3702,0.11246,55325
42.7532,2.11327,15.3685,0.11317,55600
42.7632,2.1128,15.34937,0.10927,54983
42.7732,2.11233,15.3338,0.10973,55302
42.7832,2.11186,15.3397,0.11206,55234
42.7932,2.11139,15.32876,0.10713,55484
42.8032,2.11092,15.31538,0.10979,55408
42.8132,2.11045,15.29886,0.11852,54807
42.8232,2.10998,15.30804,0.1161,55440
42.8332,2.10951,15.28762,0.11645,55426
42.8432,2.10904,15.28931,0.10856,55189
42.8532,2.10857,15.28326,0.112,55272
42.8632,2.10811,15.26373,0.10529,54647
42.8732,2.10764,15.27723,0.10584,55801
42.8832,2.10717,15.25238,0.11603,55150
42.8932,2.1067,15.2652,0.11157,55327
42.9032,2.10623,15.2666,0.11472,55353
42.9132,2.10577,15.23585,0.11927,54837
42.9232,2.1053,15.25663,0.1054,55747
42.9332,2.10483,15.2451,0.10369,54925
42.9432,2.10436,15.25278,0.11262,55423
42.9532,2.1039,15.25597,0.10991,54979
42.9632,2.10343,15.22773,0.10813,55132
42.9732,2.10296,15.24908,0.12418,55485
42.9832,2.1025,15.23935,0.1087,54955
42.9932,2.10203,15.26515,0.11403,55396
43.0032,2.10157,15.24251,0.10782,54982
43.0132,2.1011,15.25099,0.12078,54945
43.0232,2.10064,15.26396,0.10505,55233
43.0332,2.10017,15.256,0.10956,55057
43.0432,2.09971,15.2524,0.10728,55300
43.0532,2.09924,15.27578,0.1182,55218
43.0632,2.09878,15.27663,0.11036,54867
43.0732,2.09831,15.27093,0.11151,55288
43.0832,2.09785,15.27441,0.11705,55153
43.0932,2.09739,15.28877,0.10239,55246
43.1032,2.09692,15.30314,0.11566,55017
43.1132,2.09646,15.28288,0.11001,54670
43.1232,2.096,15.29735,0.10954,55385
43.1331,2.09553,15.29693,0.1076,54893
43.1431,2.09507,15.32282,0.11252,55268
43.1531,2.09461,15.32341,0.11283,54880
43.1631,2.09415,15.31242,0.1171,55019
43.1731,2.09369,15.30381,0.12476,55009
43.1831,2.09322,15.32832,0.11457,54639
43.1931,2.09276,15.34852,0.09797,55262
43.2031,2.0923,15.33648,0.11344,54899
43.2131,2.09184,15.32087,0.10723,54878
43.2231,2.09138,15.3376,0.11283,55350
43.2331,2.09092,15.34635,0.11427,54610
43.2431,2.09046,15.35527,0.11836,55417
43.2531,2.09,15.34296,0.10336,54616
43.2631,2.08954,15.34864,0.11508,55239
43.2731,2.08908,15.35803,0.10242,54772
43.2831,2.08862,15.35471,0.11356,54822
43.2931,2.08816,15.35932,0.11071,55021
43.3031,2.0877,15.36272,0.11389,54644
43.3131,2.08724,15.35481,0.12244,54888
43.3231,2.08679,15.37407,0.11283,55274
43.3331,2.08633,15.3585,0.11119,54897
43.3431,2.08587,15.37429,0.12011,54644
43.3531,2.08541,15.368,0.10578,54520
43.3631,2.08495,15.37291,0.10515,54963
43.3731,2.0845,15.37216,0.1137,55288
43.3831,2.08404,15.379,0.11234,54390
43.3931,2.08358,15.38912,0.1094,54963
43.4031,2.08313,15.36197,0.11667,54512
43.4131,2.08267,15.39489,0.10881,55542
43.4231,2.08221,15.39996,0.11286,54596
43.4331,2.08176,15.38685,0.10979,54550
43.4431,2.0813,15.38703,0.1073,54665
43.4531,2.08084,15.40209,0.11123,54900
43.4631,2.08039,15.39314,0.11455,54739
43.4731,2.07993,15.4142,0.11199,54665
43.4831,2.07948,15.39501,0.1123,54316
43.4931,2.07902,15.41041,0.1156,55029
43.5031,2.07857,15.41647,0.11917,54475
43.5131,2.07811,15.41815,0.11224,54736
43.5231,2.07766,15.41969,0.10795,54349
43.5331,2.07721,15.41292,0.10966,54343
43.5431,2.07675,15.42515,0.10564,54995
43.5531,2.0763,15.43161,0.11756,54460
43.5631,2.07585,15.41833,0.10944,54576
43.5731,2.07539,15.43833,0.12141,54470
43.5831,2.07494,15.42635,0.1179,54474
43.5931,2.07449,15.45751,0.10595,54970
43.6031,2.07403,15.42506,0.10171,54181
43.6131,2.07358,15.44586,0.11019,54566
43.6231,2.07313,15.45307,0.11531,54197
43.6331,2.07268,15.45337,0.11894,54527
43.6431,2.07223,15.44571,0.11034,54635
43.6531,2.07177,15.45793,0.11743,54131
43.6631,2.07132,15.47773,0.11874,54506
43.6731,2.07087,15.46243,0.10916,54387
43.683,2.07042,15.46761,0.10977,54190
43.693,2.06997,15.47911,0.11197,54338
43.703,2.06952,15.47897,0.10862,54067
43.713,2.06907,15.47583,0.1122,54489
43.723,2.06862,15.48269,0.11537,54356
43.733,2.06817,15.4764,0.11723,54388
43.743,2.06772,15.49705,0.10608,54193
43.753,2.06727,15.47798,0.11598,54121
43.763,2.06682,15.48063,0.10544,54829
43.773,2.06637,15.47476,0.1127,54061
43.783,2.06593,15.48227,0.10858,54005
43.793,2.06548,15.46964,0.11603,54444
43.803,2.06503,15.45477,0.10959,54085
43.813,2.06458,15.47224,0.11333,54446
43.823,2.06413,15.45946,0.12469,54023
43.833,2.06369,15.45736,0.11147,54477
43.843,2.06324,15.45312,0.11038,54106
43.853,2.06279,15.44436,0.11573,54058
43.863,2.06234,15.42422,0.10643,54384
43.873,2.0619,15.44093,0.10755,54219
43.883,2.06145,15.43737,0.11324,54070
43.893,2.061,15.41985,0.11718,54342
43.903,2.06056,15.38825,0.11221,54224
43.913,2.06011,15.42258,0.11404,54416
43.923,2.05967,15.39742,0.11385,53997
43.933,2.05922,15.39085,0.1047,54483
43.943,2.05877,15.36241,0.10503,54306
43.953,2.05833,15.37191,0.11372,54117
43.963,2.05788,15.37382,0.11029,53891
43.973,2.05744,15.34387,0.11507,54292
43.983,2.057,15.33527,0.12075,54410
43.993,2.05655,15.35573,0.11603,54344
44.003,2.05611,15.33125,0.10621,53860
44.013,2.05566,15.30714,0.10996,54298
44.023,2.05522,15.28966,0.11702,53954
44.033,2.05478,15.31935,0.10092,54397
44.043,2.05433,15.29187,0.1139,54093
44.053,2.05389,15.27398,0.12114,53923
44.063,2.05345,15.27448,0.11032,54591
44.073,2.053,15.27768,0.11704,53921
44.083,2.05256,15.26367,0.10666,54453
44.093,2.05212,15.23485,0.10646,53896
44.103,2.05168,15.24636,0.103,54588
44.113,2.05124,15.24035,0.11475,54009
44.123,2.05079,15.20352,0.11256,54173
44.133,2.05035,15.21887,0.11287,53929
44.143,2.04991,15.20486,0.11838,54267
44.153,2.04947,15.1965,0.11082,54337
44.163,2.04903,15.19266,0.105,54134
44.173,2.04859,15.15988,0.11964,53557
44.183,2.04815,15.18711,0.11487,54574
44.193,2.04771,15.14361,0.11219,54113
44.203,2.04727,15.14419,0.10245,54053
44.213,2.04683,15.1456,0.11332,53947
44.223,2.04639,15.12098,0.10943,54169
44.2329,2.04595,15.12407,0.11196,54624
44.2429,2.04551,15.10334,0.11211,53867
44.2529,2.04507,15.0955,0.10866,53879
44.2629,2.04463,15.0792,0.10618,54599
44.2729,2.04419,15.06351,0.10946,54154
44.2829,2.04376,15.0556,0.10931,53837
44.2929,2.04332,15.01899,0.1151,53818
44.3029,2.04288,15.04573,0.11183,54419
44.3129,2.04244,15.0098,0.11115,54353
44.3229,2.04201,14.99852,0.10877,53619
44.3329,2.04157,14.97753,0.11019,54306
44.3429,2.04113,14.96363,0.11858,54233
44.3529,2.04069,14.95178,0.10247,54067
44.3629,2.04026,14.91999,0.11015,53905
44.3729,2.03982,14.91087,0.11148,53889
44.3829,2.03938,14.91238,0.11574,54288
44.3929,2.03895,14.88836,0.11375,54015
44.4029,2.03851,14.85306,0.10262,54166
44.4129,2.03808,14.85546,0.10829,54223
44.4229,2.03764,14.8407,0.11123,53966
44.4329,2.03721,14.80449,0.10259,54543
44.4429,2.03677,14.78768,0.11149,53663
44.4529,2.03634,14.78338,0.11067,53998
44.4629,2.0359,14.76124,0.11901,54206
44.4729,2.03547,14.72993,0.10523,54049
44.4829,2.03503,14.72883,0.10083,54139
44.4929,2.0346,14.7067,0.1183,53828
44.5029,2.03416,14.68336,0.10844,54478
44.5129,2.03373,14.65878,0.10471,53944
44.5229,2.0333,14.64245,0.11806,53802
44.5329,2.03286,14.62331,0.11236,54066
44.5429,2.03243,14.59815,0.11018,54074
44.5529,2.032,14.58131,0.09812,54030
44.5629,2.03156,14.57152,0.10487,54069
44.5729,2.03113,14.54426,0.11679,54124
44.5829,2.0307,14.52755,0.10833,54273
44.5929,2.03027,14.50541,0.10524,53943
44.6029,2.02984,14.47666,0.10827,54237
44.6129,2.0294,14.46742,0.10908,53619
44.6229,2.02897,14.43222,0.10569,54090
44.6329,2.02854,14.41016,0.10911,54249
44.6429,2.02811,14.38916,0.1034,53874
44.6529,2.02768,14.38813,0.11429,54043
44.6629,2.02725,14.33368,0.10721,54105
44.6729,2.02682,14.32042,0.10609,54259
44.6829,2.02639,14.31314,0.11012,53816
44.6929,2.02596,14.27193,0.12734,53694
44.7029,2.02553,14.24639,0.09665,54388
44.7129,2.0251,14.22255,0.09775,53907
44.7229,2.02467,14.21282,0.11197,53832
44.7329,2.02424,14.16954,0.11461,54328
44.7429,2.02381,14.1545,0.09989,54058
44.7529,2.02338,14.13694,0.10891,53963
44.7629,2.02295,14.10567,0.10815,53907
44.7729,2.02252,14.06485,0.10452,54289
44.7828,2.0221,14.06928,0.10736,54005
44.7928,2.02167,14.02014,0.10761,53574
44.8028,2.02124,14.00047,0.10217,54301
44.8128,2.02081,13.97171,0.10755,54048
44.8228,2.02038,13.96261,0.10366,53974
44.8328,2.01996,13.9083,0.10828,53933
44.8428,2.01953,13.91508,0.10866,54116
44.8528,2.0191,13.86952,0.11754,53932
44.8628,2.01868,13.84371,0.10474,53945
44.8728,2.01825,13.8201,0.09672,53826
44.8828,2.01782,13.8161,0.10445,54209
44.8928,2.0174,13.7602,0.10772,53904
44.9028,2.01697,13.75358,0.09858,54244
44.9128,2.01655,13.73281,0.10848,53676
44.9228,2.01612,13.70778,0.11511,54441
44.9328,2.01569,13.65717,0.10687,53775
44.9428,2.01527,13.66131,0.09409,53930
44.9528,2.01484,13.65538,0.09982,53959
44.9628,2.01442,13.58154,0.10688,54332
44.9728,2.014,13.57566,0.10403,53457
44.9828,2.01357,13.57359,0.112,54000
44.9928,2.01315,13.51206,0.11152,54002
45.0028,2.01272,13.51659,0.10245,54334
45.0128,2.0123,13.4792,0.10978,53331
45.0228,2.01187,13.4671,0.10058,54359
45.0328,2.01145,13.41906,0.10381,53538
45.0428,2.01103,13.41471,0.10101,53829
45.0528,2.01061,13.39301,0.10354,53985
45.0628,2.01018,13.3769,0.09874,53879
45.0728,2.00976,13.32962,0.11035,53878
45.0828,2.00934,13.30739,0.10518,53686
45.0928,2.00891,13.3033,0.10469,53820
45.1028,2.00849,13.27781,0.0922,54248
45.1128,2.00807,13.22392,0.10183,53589
45.1228,2.00765,13.22839,0.10753,53733
45.1328,2.00723,13.21416,0.10167,53642
45.1428,2.00681,13.15514,0.10366,53875
45.1528,2.00639,13.15262,0.10928,53730
45.1628,2.00596,13.1419,0.09968,53760
45.1728,2.00554,13.09431,0.10513,53710
45.1828,2.00512,13.0628,0.10997,53727
45.1928,2.0047,13.05296,0.09986,53400
45.2028,2.00428,13.04852,0.10427,53767
45.2128,2.00386,12.98228,0.0944,53605
45.2228,2.00344,12.99172,0.10439,53624
45.2328,2.00302,12.96975,0.10341,53474
45.2428,2.0026,12.91974,0.10702,53902
45.2528,2.00218,12.91286,0.10481,53784
45.2628,2.00177,12.89133,0.09265,53388
45.2728,2.00135,12.86686,0.09953,53786
45.2828,2.00093,12.82123,0.09889,53375
45.2928,2.00051,12.82254,0.10315,53371
45.3028,2.00009,12.79152,0.10286,53941
45.3128,1.99967,12.76391,0.10481,53128
45.3228,1.99926,12.74572,0.10363,53652
45.3327,1.99884,12.70512,0.10735,53570
45.3427,1.99842,12.70873,0.0951,53369
45.3527,1.998,12.67451,0.10176,53559
45.3627,1.99759,12.63412,0.10204,53447
45.3727,1.99717,12.63418,0.09956,53355
45.3827,1.99675,12.60591,0.10472,53214
45.3927,1.99634,12.56601,0.09742,53715
45.4027,1.99592,12.56297,0.10661,53328
45.4127,1.9955,12.55532,0.09411,53274
45.4227,1.99509,12.50401,0.09511,53790
45.4327,1.99467,12.49474,0.09931,53353
45.4427,1.99426,12.4902,0.1051,53188
45.4527,1.99384,12.42572,0.1008,53475
45.4627,1.99342,12.435,0.09761,53234
45.4727,1.99301,12.41657,0.10414,53226
45.4827,1.99259,12.38248,0.09747,53574
45.4927,1.99218,12.35257,0.09884,53307
45.5027,1.99177,12.34376,0.096,53032
45.5127,1.99135,12.32337,0.10835,53587
45.5227,1.99094,12.29496,0.10063,53272
45.5327,1.99052,12.26252,0.1144,52928
45.5427,1.99011,12.25427,0.0859,53290
45.5527,1.9897,12.23359,0.10076,53210
45.5627,1.98928,12.19969,0.10294,53187
45.5727,1.98887,12.18686,0.09007,53345
45.5827,1.98846,12.19002,0.1095,53115
45.5927,1.98804,12.12432,0.10167,53362
45.6027,1.98763,12.12128,0.0954,53016
45.6127,1.98722,12.11624,0.08974,53242
45.6227,1.98681,12.0681,0.09984,53347
45.6327,1.98639,12.04187,0.10088,52848
45.6427,1.98598,12.06174,0.10329,53204
45.6527,1.98557,12.01534,0.09244,53087
45.6627,1.98516,11.98387,0.10321,53061
45.6727,1.98475,11.9933,0.10076,53032
45.6827,1.98434,11.9534,0.09814,53310
45.6927,1.98393,11.91043,0.10451,52728
45.7027,1.98351,11.93035,0.09678,53045
45.7127,1.9831,11.88881,0.09352,53159
45.7227,1.98269,11.86831,0.09646,53075
45.7327,1.98228,11.86635,0.09888,52741
45.7427,1.98187,11.83805,0.09638,53359
45.7527,1.98146,11.81337,0.1009,52826
45.7627,1.98105,11.79134,0.09582,52872
45.7727,1.98064,11.78233,0.08958,53401
45.7827,1.98024,11.76411,0.10308,52591
45.7927,1.97983,11.70754,0.10197,52988
45.8027,1.97942,11.73429,0.09431,53007
45.8127,1.97901,11.70989,0.0902,52783
45.8227,1.9786,11.66107,0.09966,52945
45.8327,1.97819,11.68233,0.10089,53262
45.8427,1.97778,11.64893,0.10251,52471
45.8527,1.97738,11.60352,0.09602,53054
45.8627,1.97697,11.60756,0.09941,52640
45.8727,1.97656,11.61333,0.09261,52833
45.8826,1.97615,11.54271,0.09387,52729
45.8926,1.97575,11.57136,0.09552,52960
45.9026,1.97534,11.55058,0.09683,52743
45.9126,1.97493,11.50592,0.10008,52604
45.9226,1.97452,11.51045,0.09812,53183
45.9326,1.97412,11.48802,0.09403,52953
45.9426,1.97371,11.47251,0.08867,52633
45.9526,1.97331,11.44011,0.09719,52623
45.9626,1.9729,11.43398,0.08803,52831
45.9726,1.97249,11.4139,0.1043,52434
45.9826,1.97209,11.41256,0.09943,52999
45.9926,1.97168,11.36985,0.10013,52751
46.0026,1.97128,11.36709,0.09321,52616
46.0126,1.97087,11.34802,0.09407,52524
46.0226,1.97047,11.32341,0.09824,53089
46.0326,1.97006,11.31497,0.09658,52212
46.0426,1.96966,11.29538,0.09602,52939
46.0526,1.96925,11.26065,0.09085,52295
46.0626,1.96885,11.27166,0.09456,52595
46.0726,1.96845,11.23704,0.09766,52874
46.0826,1.96804,11.22534,0.09127,52741
46.0926,1.96764,11.21493,0.09959,52336
46.1026,1.96723,11.1977,0.09061,52910
46.1126,1.96683,11.15476,0.09511,52318
46.1226,1.96643,11.16536,0.09572,52513
46.1326,1.96603,11.14247,0.09773,52699
46.1426,1.96562,11.10882,0.09023,52425
46.1526,1.96522,11.10849,0.0973,52742
46.1626,1.96482,11.09929,0.09214,52305
46.1726,1.96442,11.06691,0.09858,52472
46.1826,1.96401,11.05793,0.09763,52806
46.1926,1.96361,11.05574,0.0979,52290
46.2026,1.96321,11.01028,0.09461,52228
46.2126,1.96281,11.00465,0.08486,52687
46.2226,1.96241,11.00029,0.09484,52133
46.2326,1.96201,10.96737,0.09551,52702
46.2426,1.96161,10.97782,0.09932,52613
46.2526,1.9612,10.96497,0.08841,52245
46.2626,1.9608,10.89967,0.10354,52322
46.2726,1.9604,10.94799,0.08935,52725
46.2826,1.96,10.90862,0.08261,52313
46.2926,1.9596,10.86472,0.09391,52332
46.3026,1.9592,10.89274,0.10208,52267
46.3126,1.9588,10.86438,0.0931,52454
46.3226,1.9584,10.82984,0.09408,52089
46.3326,1.95801,10.87456,0.09576,52692
46.3426,1.95761,10.80901,0.09413,52172
46.3526,1.95721,10.79884,0.09389,52208
46.3626,1.95681,10.80032,0.09316,52316
46.3726,1.95641,10.78118,0.0993,52095
46.3826,1.95601,10.7733,0.08882,52149
46.3926,1.95561,10.76447,0.09599,52703
46.4026,1.95521,10.7636,0.08573,52020
46.4126,1.95482,10.73338,0.09394,52147
46.4226,1.95442,10.72722,0.09652,52624
46.4325,1.95402,10.72405,0.09217,52085
46.4425,1.95362,10.68392,0.08775,52367
46.4525,1.95323,10.70238,0.09606,52373
46.4625,1.95283,10.68718,0.09154,51634
46.4725,1.95243,10.6528,0.09233,52342
46.4825,1.95204,10.66868,0.09044,52434
46.4925,1.95164,10.64232,0.09335,51981
46.5025,1.95124,10.63135,0.10268,52341
46.5125,1.95085,10.63093,0.08576,52013
46.5225,1.95045,10.594,0.10032,52018
46.5325,1.95006,10.61011,0.09524,52260
46.5425,1.94966,10.58666,0.08904,51982
46.5525,1.94926,10.57727,0.08458,52023
46.5625,1.94887,10.56936,0.09382,52096
46.5725,1.94847,10.53768,0.0969,52101
46.5825,1.94808,10.56477,0.09529,52180
46.5925,1.94768,10.52659,0.09858,51991
46.6025,1.94729,10.51772,0.08007,52339
46.6125,1.9469,10.52989,0.08842,51753
46.6225,1.9465,10.4807,0.09823,52238
46.6325,1.94611,10.48962,0.08943,51878
46.6425,1.94571,10.49833,0.0954,51742
46.6525,1.94532,10.44644,0.09477,52320
46.6625,1.94493,10.46474,0.09404,51830
46.6725,1.94453,10.44494,0.08814,51966
46.6825,1.94414,10.44271,0.09188,52214
46.6925,1.94375,10.43965,0.1007,51564
46.7025,1.94335,10.40582,0.08867,52097
46.7125,1.94296,10.40286,0.08857,51830
46.7225,1.94257,10.40177,0.09546,51902
46.7325,1.94218,10.39349,0.08608,52088
46.7425,1.94178,10.37673,0.09287,51711
46.7525,1.94139,10.38076,0.08825,52276
46.7625,1.941,10.35172,0.09482,51616
46.7725,1.94061,10.3622,0.08909,52181
46.7825,1.94022,10.34217,0.09047,51775
46.7925,1.93983,10.31546,0.08763,51759
46.8025,1.93944,10.31724,0.0896,51884
46.8125,1.93904,10.32346,0.09257,51495
46.8225,1.93865,10.2739,0.09408,51960
46.8325,1.93826,10.31744,0.09046,52111
46.8425,1.93787,10.27552,0.09656,51300
46.8525,1.93748,10.27549,0.09411,52311
46.8625,1.93709,10.25846,0.08739,51429
46.8725,1.9367,10.23412,0.09147,51709
46.8825,1.93631,10.25276,0.08763,52174
46.8925,1.93592,10.22007,0.09162,51250
46.9025,1.93553,10.22881,0.08944,52039
46.9125,1.93514,10.22163,0.09279,51651
46.9225,1.93476,10.18889,0.0918,51653
46.9325,1.93437,10.21421,0.08473,52123
46.9425,1.93398,10.18076,0.0886,51562
46.9525,1.93359,10.17519,0.08936,51475
46.9625,1.9332,10.1706,0.09025,51760
46.9725,1.93281,10.1554,0.09663,51668
46.9824,1.93242,10.18359,0.09233,51562
46.9924,1.93204,10.11401,0.08654,51937
47.0024,1.93165,10.14745,0.09175,51408
47.0124,1.93126,10.13529,0.09415,51913
47.0224,1.93087,10.11682,0.09176,51652
47.0324,1.93049,10.1207,0.09028,51058
47.0424,1.9301,10.09718,0.09681,51896
47.0524,1.92971,10.11263,0.08691,51730
47.0624,1.92933,10.09203,0.08807,51349
47.0724,1.92894,10.08612,0.08436,51785
47.0824,1.92855,10.08689,0.09922,51557
47.0924,1.92817,10.07832,0.08986,51379
47.1024,1.92778,10.0703,0.08325,51888
47.1124,1.9274,10.05038,0.09074,51428
47.1224,1.92701,10.05449,0.09076,51565
47.1324,1.92662,10.031,0.09041,51566
47.1424,1.92624,10.04014,0.083,51324
47.1524,1.92585,10.03832,0.09586,51552
47.1624,1.92547,10.00783,0.09337,51452
47.1724,1.92508,10.03925,0.09422,51465
47.1824,1.9247,9.9848,0.08974,51864
47.1924,1.92432,10.00254,0.08877,51103
47.2024,1.92393,9.98535,0.09153,51573
47.2124,1.92355,9.97733,0.08614,51377
47.2224,1.92316,9.98585,0.08887,51097
47.2324,1.92278,9.95738,0.09272,51990
47.2424,1.9224,9.96339,0.09084,50954
47.2524,1.92201,9.96032,0.08886,51788
47.2624,1.92163,9.93507,0.08382,51242
47.2724,1.92125,9.94254,0.08872,51554
47.2824,1.92086,9.93153,0.08999,51448
47.2924,1.92048,9.92156,0.08983,51118
47.3024,1.9201,9.91902,0.09067,51267
47.3124,1.91972,9.91371,0.09021,51390
47.3224,1.91933,9.8984,0.08857,51500
47.3324,1.91895,9.91654,0.08737,51270
47.3424,1.91857,9.87502,0.09412,51406
47.3524,1.91819,9.89189,0.08809,51226
47.3624,1.91781,9.87933,0.09277,51413
47.3724,1.91742,9.86711,0.09814,51068
47.3824,1.91704,9.89464,0.07966,51175
47.3924,1.91666,9.83573,0.08978,51333
47.4024,1.91628,9.87675,0.08916,51393
47.4124,1.9159,9.84503,0.08825,51331
47.4224,1.91552,9.83789,0.09179,51316
47.4324,1.91514,9.8429,0.08525,51363
47.4424,1.91476,9.83038,0.09006,51154
47.4524,1.91438,9.82739,0.08291,51226
47.4624,1.914,9.82619,0.09011,51102
47.4724,1.91362,9.80889,0.09318,51073
47.4824,1.91324,9.80267,0.09556,51437
47.4924,1.91286,9.80715,0.08398,50972
47.5024,1.91248,9.7826,0.09195,51556
47.5124,1.9121,9.82026,0.09433,51033
47.5224,1.91172,9.7611,0.08841,51299
47.5323,1.91134,9.78814,0.08969,50860
47.5423,1.91096,9.76463,0.08948,50853
47.5523,1.91059,9.77016,0.08803,51483
47.5623,1.91021,9.78976,0.08807,51091
47.5723,1.90983,9.73737,0.09005,51279
47.5823,1.90945,9.76711,0.08404,50881
47.5923,1.90907,9.74715,0.09248,51002
47.6023,1.9087,9.76003,0.08563,51481
47.6123,1.90832,9.74005,0.08111,51165
47.6223,1.90794,9.72925,0.09564,50783
47.6323,1.90756,9.73031,0.093,51065
47.6423,1.90719,9.74995,0.08285,50828
47.6523,1.90681,9.71646,0.08654,51368
47.6623,1.90643,9.74508,0.09329,51117
47.6723,1.90606,9.72429,0.09114,50820
47.6823,1.90568,9.71835,0.0891,51263
47.6923,1.90531,9.72948,0.09367,50596
47.7023,1.90493,9.68774,0.08924,51324
47.7123,1.90455,9.73271,0.08575,50943
47.7223,1.90418,9.68857,0.08576,51057
47.7323,1.9038,9.71237,0.08701,50947
47.7423,1.90343,9.70171,0.09739,50600
47.7523,1.90305,9.69564,0.08505,51455
47.7623,1.90268,9.69247,0.0909,51080
47.7723,1.9023,9.67941,0.07769,50880
47.7823,1.90193,9.67924,0.09318,50961
47.7923,1.90155,9.68234,0.08774,50363
47.8023,1.90118,9.67638,0.0854,51206
47.8123,1.9008,9.66775,0.09748,51049
47.8223,1.90043,9.66553,0.0894,50676
47.8323,1.90006,9.64342,0.08791,51229
47.8423,1.89968,9.66674,0.08635,50355
47.8523,1.89931,9.63536,0.09111,51470
47.8623,1.89893,9.67438,0.09044,50670
47.8723,1.89856,9.61536,0.09191,50840
47.8823,1.89819,9.65668,0.08731,50846
47.8923,1.89782,9.6128,0.08528,50561
47.9023,1.89744,9.64036,0.08999,51255
47.9123,1.89707,9.62751,0.08594,50726
47.9223,1.8967,9.60559,0.0883,50799
47.9323,1.89633,9.63498,0.0849,51018
47.9423,1.89595,9.6025,0.08853,50512
47.9523,1.89558,9.6166,0.0943,50858
47.9623,1.89521,9.61241,0.08348,50745
47.9723,1.89484,9.59302,0.0854,50770
47.9823,1.89447,9.6015,0.09023,50859
47.9923,1.8941,9.60376,0.09103,50726
48.0023,1.89372,9.59225,0.08748,50969
48.0123,1.89335,9.60178,0.09674,50632
48.0223,1.89298,9.56662,0.09389,50664
48.0323,1.89261,9.59914,0.08066,50574
48.0423,1.89224,9.55551,0.0893,50828
48.0523,1.89187,9.59736,0.08584,50610
48.0623,1.8915,9.55718,0.08992,51047
48.0722,1.89113,9.57393,0.08855,50303
48.0822,1.89076,9.57452,0.09051,50865
48.0922,1.89039,9.55653,0.08611,50682
48.1022,1.89002,9.55618,0.08146,50899
48.1122,1.88965,9.54597,0.08892,50691
48.1222,1.88928,9.53225,0.08131,50270
48.1322,1.88891,9.55707,0.09766,50856
48.1422,1.88854,9.52292,0.08722,50633
48.1522,1.88818,9.54826,0.0935,50371
48.1622,1.88781,9.51064,0.08773,51019
48.1722,1.88744,9.52197,0.08728,50235
48.1822,1.88707,9.51081,0.08486,51208
48.1922,1.8867,9.50961,0.09623,50316
48.2022,1.88633,9.49799,0.0898,50345
48.2122,1.88597,9.49292,0.09052,50689
48.2222,1.8856,9.49866,0.08262,50380
48.2322,1.88523,9.4838,0.08508,50948
48.2422,1.88486,9.47988,0.08973,50390
48.2522,1.8845,9.47068,0.08696,50677
48.2622,1.88413,9.46832,0.08293,50629
48.2722,1.88376,9.47045,0.09006,50401
48.2822,1.8834,9.45665,0.08178,50630
48.2922,1.88303,9.46188,0.09059,50327
48.3022,1.88266,9.43946,0.08987,50527
48.3122,1.8823,9.45498,0.08198,50618
48.3222,1.88193,9.42901,0.0924,50320
48.3322,1.88156,9.45167,0.09561,50622
48.3422,1.8812,9.43881,0.08497,50601
48.3522,1.88083,9.42303,0.09613,50214
48.3622,1.88047,9.44821,0.08309,50738
48.3722,1.8801,9.39832,0.09314,50014
48.3822,1.87974,9.44355,0.08039,50656
48.3922,1.87937,9.40818,0.08995,50527
48.4022,1.87901,9.42161,0.0928,50181
48.4122,1.87864,9.42851,0.08583,50941
48.4222,1.87828,9.40768,0.08145,50130
48.4322,1.87791,9.42467,0.08256,50730
48.4422,1.87755,9.4007,0.09227,50308
48.4522,1.87719,9.41983,0.08452,50121
48.4622,1.87682,9.39531,0.09026,50675
48.4722,1.87646,9.41976,0.08657,49954
48.4822,1.87609,9.39624,0.08934,50786
48.4922,1.87573,9.41485,0.08921,50187
48.5022,1.87537,9.39185,0.08525,50518
48.5122,1.875,9.41836,0.08871,50420
48.5222,1.87464,9.39658,0.09273,50190
48.5322,1.87428,9.39576,0.09005,50245
48.5422,1.87392,9.40409,0.08964,50287
48.5522,1.87355,9.39797,0.08352,50064
48.5622,1.87319,9.40189,0.08405,50646
48.5722,1.87283,9.39693,0.08551,50188
48.5822,1.87247,9.39236,0.09387,50584
48.5922,1.8721,9.40879,0.08165,50255
48.6022,1.87174,9.38176,0.08804,50250
48.6122,1.87138,9.4091,0.08067,50156
48.6221,1.87102,9.37148,0.0906,50283
48.6321,1.87066,9.4274,0.08681,50054
48.6421,1.8703,9.35744,0.09004,50676
48.6521,1.86994,9.41128,0.0965,49837
48.6621,1.86958,9.36643,0.08139,50588
48.6721,1.86921,9.40025,0.09139,50047
48.6821,1.86885,9.38137,0.0897,50403
48.6921,1.86849,9.38587,0.09023,50212
48.7021,1.86813,9.37345,0.08471,50130
48.7121,1.86777,9.38283,0.0885,50130
48.7221,1.86741,9.38187,0.09182,50147
48.7321,1.86705,9.3704,0.07933,50256
48.7421,1.86669,9.39863,0.09554,50082
48.7521,1.86633,9.35588,0.08184,50472
48.7621,1.86598,9.39908,0.08302,50000
48.7721,1.86562,9.34338,0.08547,50330
48.7821,1.86526,9.38651,0.09252,49662
48.7921,1.8649,9.34921,0.08692,50625
48.8021,1.86454,9.38491,0.08411,49569
48.8121,1.86418,9.34128,0.08901,50695
48.8221,1.86382,9.38253,0.08637,49764
48.8321,1.86346,9.33662,0.09579,50251
48.8421,1.86311,9.37386,0.08932,50407
48.8521,1.86275,9.34525,0.08849,49950
48.8621,1.86239,9.34639,0.08552,50166
48.8721,1.86203,9.35795,0.08991,49782
48.8821,1.86168,9.32934,0.08479,50197
48.8921,1.86132,9.37163,0.08254,49954
48.9021,1.86096,9.30757,0.09091,50242
48.9121,1.8606,9.37031,0.08922,49991
48.9221,1.86025,9.30905,0.08105,50293
48.9321,1.85989,9.36142,0.08516,49840
48.9421,1.85953,9.29775,0.08932,50153
48.9521,1.85918,9.33496,0.08337,49669
48.9621,1.85882,9.3131,0.086,50378
48.9721,1.85847,9.31944,0.09559,49851
48.9821,1.85811,9.3086,0.08394,50036
48.9921,1.85775,9.32145,0.09582,50172
49.0021,1.8574,9.30885,0.08138,49887
49.0121,1.85704,9.30485,0.08752,50189
49.0221,1.85669,9.30649,0.09899,49667
49.0321,1.85633,9.2824,0.0897,50026
49.0421,1.85598,9.32296,0.08662,50059
49.0521,1.85562,9.26716,0.08136,49934
49.0621,1.85527,9.29769,0.0905,49990
49.0721,1.85491,9.28102,0.08172,49821
49.0821,1.85456,9.28216,0.09266,50086
49.0921,1.8542,9.28645,0.07887,50196
49.1021,1.85385,9.27491,0.0886,49610
49.1121,1.8535,9.26864,0.08534,49882
49.1221,1.85314,9.27268,0.08865,49776
49.1321,1.85279,9.27622,0.0951,50023
49.1421,1.85243,9.26123,0.07975,49876
49.1521,1.85208,9.24846,0.0884,50050
49.1621,1.85173,9.27483,0.09053,49827
49.172,1.85137,9.24695,0.08653,50072
49.182,1.85102,9.27825,0.09653,49667
49.192,1.85067,9.23504,0.08353,50108
49.202,1.85032,9.28169,0.09051,49319
49.212,1.84996,9.22319,0.0814,50193
49.222,1.84961,9.2701,0.0922,49676
49.232,1.84926,9.23941,0.08427,50080
49.242,1.84891,9.25234,0.08642,49758
49.252,1.84855,9.2526,0.08262,49900
49.262,1.8482,9.24768,0.08287,49854
49.272,1.84785,9.25063,0.09311,49660
49.282,1.8475,9.23706,0.08607,49865
49.292,1.84715,9.23733,0.08993,49721
49.302,1.8468,9.25112,0.08097,49881
49.312,1.84645,9.22701,0.0909,49756
49.322,1.8461,9.26878,0.09017,49790
49.332,1.84574,9.22453,0.08771,49830
49.342,1.84539,9.25679,0.08997,49561
49.352,1.84504,9.2178,0.085,50187
49.362,1.84469,9.24249,0.09317,49308
49.372,1.84434,9.21969,0.09136,49917
49.382,1.84399,9.24184,0.08021,49680
49.392,1.84364,9.23121,0.08728,49738
49.402,1.84329,9.22575,0.08449,49760
49.412,1.84294,9.23451,0.08895,49826
49.422,1.84259,9.21807,0.08052,49804
49.432,1.84225,9.2098,0.08711,49686
49.442,1.8419,9.23109,0.08606,49404
49.452,1.84155,9.20075,0.08563,49803
49.462,1.8412,9.24357,0.08824,49526
49.472,1.84085,9.18303,0.09381,49932
49.482,1.8405,9.22639,0.08681,49675
49.492,1.84015,9.18735,0.08342,49578
49.502,1.8398,9.22008,0.08974,49629
49.512,1.83946,9.20829,0.09125,50009
49.522,1.83911,9.1973,0.09356,49327
49.532,1.83876,9.20309,0.08492,49610
49.542,1.83841,9.19137,0.08264,49432
49.552,1.83807,9.18479,0.08527,49918
49.562,1.83772,9.21969,0.08901,49481
49.572,1.83737,9.16936,0.08562,49832
49.582,1.83702,9.24308,0.0826,49417
49.592,1.83668,9.15056,0.08189,49775
49.602,1.83633,9.19725,0.09135,49411
49.612,1.83598,9.1987,0.08815,49793
49.622,1.83564,9.17346,0.08798,49484
49.632,1.83529,9.21131,0.08304,49538
49.642,1.83494,9.1702,0.08721,49636
49.652,1.8346,9.18194,0.09018,49734
49.662,1.83425,9.19672,0.09333,49504
49.672,1.83391,9.16548,0.08718,49368
49.682,1.83356,9.21073,0.08551,49872
49.692,1.83322,9.16744,0.08664,49425
49.702,1.83287,9.16109,0.09021,49512
49.712,1.83252,9.20431,0.08715,49418
49.7219,1.83218,9.14914,0.08534,49523
49.7319,1.83183,9.20983,0.08635,49427
49.7419,1.83149,9.1506,0.08265,49815
49.7519,1.83115,9.16786,0.08399,49488
49.7619,1.8308,9.17295,0.08354,49363
49.7719,1.83046,9.15823,0.08697,49204
49.7819,1.83011,9.15705,0.09014,49679
49.7919,1.82977,9.18017,0.08834,49497
49.8019,1.82942,9.12765,0.08177,49530
49.8119,1.82908,9.17469,0.09219,49461
49.8219,1.82874,9.12798,0.08663,49371
49.8319,1.82839,9.15843,0.08575,49650
49.8419,1.82805,9.16046,0.08922,49692
49.8519,1.82771,9.12467,0.09977,49211
49.8619,1.82736,9.16333,0.08719,49327
49.8719,1.82702,9.11397,0.07959,49580
49.8819,1.82668,9.14227,0.08443,49172
49.8919,1.82634,9.14047,0.0864,49829
49.9019,1.82599,9.12756,0.09091,49028
49.9119,1.82565,9.13108,0.08214,49691
49.9219,1.82531,9.13401,0.08649,49284
49.9319,1.82497,9.10275,0.08128,49241
49.9419,1.82462,9.13678,0.08709,49499
49.9519,1.82428,9.10255,0.09154,49317
49.9619,1.82394,9.1181,0.08648,49455
49.9719,1.8236,9.11982,0.08563,49347
49.9819,1.82326,9.10432,0.09059,49253
49.9919,1.82292,9.1283,0.08597,49514
50.0019,1.82258,9.09113,0.08895,49421
50.0119,1.82223,9.1333,0.09075,49562
50.0219,1.82189,9.08642,0.08871,49173
50.0319,1.82155,9.11567,0.08553,49004
50.0419,1.82121,9.09701,0.0833,49692
50.0519,1.82087,9.1021,0.09023,49121
50.0619,1.82053,9.10116,0.08234,49431
50.0719,1.82019,9.10627,0.07946,49505
50.0819,1.81985,9.09888,0.08172,49196
50.0919,1.81951,9.0956,0.09337,49534
50.1019,1.81917,9.1052,0.08742,49074
50.1119,1.81883,9.08214,0.08441,49164
50.1219,1.81849,9.11367,0.08584,49182
50.1319,1.81815,9.07435,0.08652,49329
50.1419,1.81782,9.11518,0.09009,49441
50.1519,1.81748,9.08468,0.08755,49314
50.1619,1.81714,9.08666,0.09003,49185
50.1719,1.8168,9.101,0.09232,49237
50.1819,1.81646,9.07737,0.08109,49299
50.1919,1.81612,9.10985,0.09716,49267
50.2019,1.81578,9.07601,0.08611,49395
50.2119,1.81545,9.09787,0.0803,48761
50.2219,1.81511,9.07875,0.08271,49615
50.2319,1.81477,9.07762,0.09309,49146
50.2419,1.81443,9.09306,0.0807,49316
50.2519,1.81409,9.07418,0.08558,49401
50.2619,1.81376,9.07541,0.08343,48614
50.2718,1.81342,9.07199,0.08718,49484
50.2818,1.81308,9.08366,0.09128,49029
50.2918,1.81275,9.05237,0.08699,49116
50.3018,1.81241,9.08407,0.08897,49518
50.3118,1.81207,9.0616,0.08192,49019
50.3218,1.81174,9.0587,0.09056,49381
50.3318,1.8114,9.07399,0.08936,49295
50.3418,1.81106,9.04188,0.08686,48973
50.3518,1.81073,9.06899,0.09117,49053
50.3618,1.81039,9.02917,0.08748,49037
50.3718,1.81005,9.05315,0.08255,49257
50.3818,1.80972,9.0487,0.08232,49278
50.3918,1.80938,9.02057,0.09249,48838
50.4018,1.80905,9.05772,0.08057,49418
50.4118,1.80871,9.01427,0.08019,49175
50.4218,1.80838,9.04475,0.08806,48827
50.4318,1.80804,9.0062,0.08881,49409
50.4418,1.80771,9.01258,0.08876,48768
50.4518,1.80737,9.02075,0.08048,49273
50.4618,1.80704,9.00072,0.08734,49153
50.4718,1.8067,9.02447,0.09369,48918
50.4818,1.80637,8.99334,0.08601,49326
50.4918,1.80603,8.99606,0.09047,48671
50.5018,1.8057,9.00125,0.08612,49472
50.5118,1.80537,8.99029,0.08979,49076
50.5218,1.80503,8.99632,0.08666,48885
50.5318,1.8047,8.98307,0.08354,49290
50.5418,1.80437,8.99383,0.08802,48559
50.5518,1.80403,8.97533,0.08432,49520
50.5618,1.8037,8.98522,0.08017,49150
50.5718,1.80337,8.98152,0.08494,48979
50.5818,1.80303,8.96931,0.08554,49053
50.5918,1.8027,8.97965,0.0848,48469
50.6018,1.80237,8.97015,0.0859,49571
50.6118,1.80203,8.96703,0.08529,48836
50.6218,1.8017,8.97273,0.09312,48741
50.6318,1.80137,8.97583,0.08683,49465
50.6418,1.80104,8.97797,0.0859,48555
50.6518,1.80071,8.96564,0.08718,49464
50.6618,1.80037,8.97614,0.08784,49049
50.6718,1.80004,8.96816,0.09621,48737
50.6818,1.79971,8.97037,0.08473,49285
50.6918,1.79938,8.97624,0.08543,48559
50.7018,1.79905,8.95841,0.07987,49178
50.7118,1.79872,8.97468,0.09093,49098
50.7218,1.79838,8.95801,0.08283,48464
50.7318,1.79805,8.97843,0.08327,49574
50.7418,1.79772,8.9821,0.08239,48560
50.7518,1.79739,8.95434,0.0806,49033
50.7618,1.79706,8.97598,0.09289,49134
50.7718,1.79673,8.96366,0.08853,48489
50.7818,1.7964,8.97087,0.08703,49203
50.7918,1.79607,8.98555,0.08483,48769
50.8018,1.79574,8.95188,0.08571,48830
50.8118,1.79541,8.977,0.09186,49367
50.8217,1.79508,8.97326,0.08738,48437
50.8317,1.79475,8.96739,0.08768,49315
50.8417,1.79442,8.98262,0.08624,48827
50.8517,1.79409,8.95335,0.09371,48520
50.8617,1.79376,8.97236,0.07828,49413
50.8717,1.79343,8.97981,0.08848,48533
50.8817,1.79311,8.95714,0.08975,49045
50.8917,1.79278,8.97189,0.07955,49125
50.9017,1.79245,8.96729,0.08265,48412
50.9117,1.79212,8.96167,0.08727,49076
50.9217,1.79179,8.97691,0.08427,48616
50.9317,1.79146,8.949,0.08766,48846
50.9417,1.79113,8.97241,0.08587,49220
50.9517,1.79081,8.96105,0.08896,48346
50.9617,1.79048,8.96456,0.08637,49242
50.9717,1.79015,8.9643,0.09145,48931
50.9817,1.78982,8.96257,0.08344,48617
50.9917,1.7895,8.96304,0.08651,49264
51.0017,1.78917,8.96952,0.0948,48443
51.0117,1.78884,8.95266,0.08766,48777
51.0217,1.78851,8.96434,0.08356,49020
51.0317,1.78819,8.94858,0.08467,48243
51.0417,1.78786,8.96398,0.08405,49365
51.0517,1.78753,8.95671,0.08729,48466
51.0617,1.78721,8.95852,0.0761,48912
51.0717,1.78688,8.95268,0.09541,48947
51.0817,1.78655,8.95219,0.08113,48437
51.0917,1.78623,8.95212,0.08867,48977
51.1017,1.7859,8.95136,0.08411,48820
51.1117,1.78558,8.9471,0.08951,48428
51.1217,1.78525,8.95365,0.09162,49126
51.1317,1.78493,8.94288,0.08393,48505
51.1417,1.7846,8.94975,0.08634,49043
51.1517,1.78427,8.94958,0.09392,48784
51.1617,1.78395,8.94397,0.08469,48463
51.1717,1.78362,8.94493,0.08785,49063
51.1817,1.7833,8.93244,0.09082,48434
51.1917,1.78297,8.94478,0.08188,48698
51.2017,1.78265,8.93708,0.08473,48939
51.2117,1.78233,8.93994,0.08631,48534
51.2217,1.782,8.94051,0.07933,49008
51.2317,1.78168,8.93025,0.08553,48435
51.2417,1.78135,8.93878,0.08703,48732
51.2517,1.78103,8.92572,0.08476,48832
51.2617,1.7807,8.93536,0.09072,48397
51.2717,1.78038,8.92759,0.08535,48944
51.2817,1.78006,8.93255,0.0888,48551
51.2917,1.77973,8.9323,0.08307,48654
51.3017,1.77941,8.92266,0.08895,48903
51.3117,1.77909,8.92217,0.09364,48749
51.3217,1.77876,8.92496,0.08166,48778
51.3317,1.77844,8.91788,0.08926,48669
51.3417,1.77812,8.90981,0.09562,48214
51.3517,1.7778,8.92194,0.08018,48872
51.3617,1.77747,8.90718,0.08496,48563
51.3716,1.77715,8.91447,0.08576,48712
51.3816,1.77683,8.91155,0.08164,48870
51.3916,1.77651,8.90187,0.08557,48410
51.4016,1.77618,8.90694,0.08422,48671
51.4116,1.77586,8.89802,0.0842,48457
51.4216,1.77554,8.8902,0.0873,48480
51.4316,1.77522,8.91027,0.08862,48819
51.4416,1.7749,8.886,0.08516,48654
51.4516,1.77458,8.89157,0.09047,48607
51.4616,1.77425,8.8998,0.08815,48532
51.4716,1.77393,8.88743,0.0849,48664
51.4816,1.77361,8.89412,0.08597,48891
51.4916,1.77329,8.89077,0.09801,48553
51.5016,1.77297,8.88045,0.08764,48286
51.5116,1.77265,8.88113,0.08256,48752
51.5216,1.77233,8.89243,0.08656,48536
51.5316,1.77201,8.87724,0.08181,48425
51.5416,1.77169,8.88251,0.08257,48831
51.5516,1.77137,8.88071,0.08484,48436
51.5616,1.77105,8.87222,0.08314,48448
51.5716,1.77073,8.88143,0.08594,48633
51.5816,1.77041,8.87666,0.08684,48522
51.5916,1.77009,8.87632,0.08098,48443
51.6016,1.76977,8.87627,0.09303,48686
51.6116,1.76945,8.87548,0.08744,48473
51.6216,1.76913,8.87552,0.0934,48561
51.6316,1.76881,8.87558,0.08255,48668
51.6416,1.76849,8.86898,0.09174,48432
51.6516,1.76817,8.88196,0.08914,48818
51.6616,1.76786,8.86701,0.08418,48430
51.6716,1.76754,8.86992,0.0895,48338
51.6816,1.76722,8.87002,0.08938,48513
51.6916,1.7669,8.87478,0.07956,48522
51.7016,1.76658,8.87155,0.08272,48569
51.7116,1.76626,8.87443,0.08095,48596
51.7216,1.76595,8.86334,0.08344,48202
51.7316,1.76563,8.86989,0.09185,48348
51.7416,1.76531,8.87138,0.08368,48676
51.7516,1.76499,8.87322,0.08423,48502
51.7616,1.76468,8.87176,0.08797,48519
51.7716,1.76436,8.86071,0.08321,48230
51.7816,1.76404,8.87668,0.0908,48661
51.7916,1.76372,8.87818,0.08853,48594
51.8016,1.76341,8.8663,0.08934,48372
51.8116,1.76309,8.87937,0.09132,48421
51.8216,1.76277,8.87476,0.08504,48615
51.8316,1.76246,8.86717,0.09024,48260
51.8416,1.76214,8.87438,0.08299,48461
51.8516,1.76182,8.88073,0.08383,48549
51.8616,1.76151,8.86612,0.08731,48277
51.8716,1.76119,8.87993,0.08218,48560
51.8816,1.76088,8.88061,0.08251,48381
51.8916,1.76056,8.87129,0.08343,48317
51.9016,1.76024,8.87536,0.08137,48409
51.9116,1.75993,8.87847,0.09361,48540
51.9215,1.75961,8.87225,0.09097,48281
51.9315,1.7593,8.87712,0.08117,48596
51.9415,1.75898,8.87031,0.08737,48165
51.9515,1.75867,8.87661,0.08888,48361
51.9615,1.75835,8.88595,0.08721,48752
51.9715,1.75804,8.86945,0.08949,48356
51.9815,1.75772,8.87408,0.09125,48360
51.9915,1.75741,8.86866,0.08733,48334
52.0015,1.7571,8.86807,0.09081,48047
52.0115,1.75678,8.8717,0.07854,48722
52.0215,1.75647,8.86394,0.08859,48198
52.0315,1.75615,8.86596,0.07651,48525
52.0415,1.75584,8.86973,0.08807,48243
52.0515,1.75553,8.85627,0.08553,48249
52.0615,1.75521,8.8652,0.08451,48582
52.0715,1.7549,8.84903,0.08759,47950
52.0815,1.75458,8.86321,0.0853,48477
52.0915,1.75427,8.87035,0.08672,48548
52.1015,1.75396,8.84353,0.08949,48115
52.1115,1.75365,8.86697,0.09247,48430
52.1215,1.75333,8.85592,0.08374,48508
52.1315,1.75302,8.84645,0.08972,47986
52.1415,1.75271,8.86089,0.08652,48881
52.1515,1.75239,8.85091,0.09157,48186
52.1615,1.75208,8.84646,0.08818,48127
52.1715,1.75177,8.86483,0.08225,48414
52.1815,1.75146,8.85311,0.08353,48238
52.1915,1.75115,8.84979,0.08125,48284
52.2015,1.75083,8.85039,0.08237,48384
52.2115,1.75052,8.85301,0.08587,48169
52.2215,1.75021,8.85535,0.0867,48283
52.2315,1.7499,8.84948,0.08603,48102
52.2415,1.74959,8.84899,0.09042,48520
52.2515,1.74928,8.85538,0.08105,48132
52.2615,1.74897,8.84634,0.08754,48162
52.2715,1.74865,8.86049,0.08998,48632
52.2815,1.74834,8.84514,0.08846,47958
52.2915,1.74803,8.86041,0.09167,48566
52.3015,1.74772,8.85711,0.0883,48506
52.3115,1.74741,8.84819,0.08421,47854
52.3215,1.7471,8.85286,0.09044,48371
52.3315,1.74679,8.84953,0.08196,48402
52.3415,1.74648,8.84722,0.08762,47954
52.3515,1.74617,8.85055,0.08041,48467
52.3615,1.74586,8.84769,0.0829,48176
52.3715,1.74555,8.846,0.08754,48062
52.3815,1.74524,8.84935,0.07906,48233
52.3915,1.74493,8.83301,0.09435,47978
52.4015,1.74462,8.85793,0.08812,48428
52.4115,1.74431,8.84339,0.08546,48104
52.4215,1.744,8.8407,0.0814,48387
52.4315,1.7437,8.85028,0.09498,48327
52.4415,1.74339,8.84464,0.08477,47994
52.4515,1.74308,8.8421,0.09407,48465
52.4615,1.74277,8.84772,0.08767,48229
52.4714,1.74246,8.8496,0.08544,48160
52.4814,1.74215,8.84207,0.09254,48279
52.4914,1.74184,8.83579,0.08427,47882
52.5014,1.74154,8.85242,0.08339,48382
52.5114,1.74123,8.84261,0.08212,48222
52.5214,1.74092,8.85101,0.08244,48030
52.5314,1.74061,8.84239,0.08509,48401
52.5414,1.7403,8.83877,0.08675,47874
52.5514,1.74,8.84622,0.0843,48096
52.5614,1.73969,8.8499,0.0895,48347
52.5714,1.73938,8.84756,0.08224,47708
52.5814,1.73907,8.8559,0.09275,48657
52.5914,1.73877,8.84572,0.08865,48221
52.6014,1.73846,8.84931,0.08442,48040
52.6114,1.73815,8.84974,0.08693,48255
52.6214,1.73785,8.85357,0.09157,48022
52.6314,1.73754,8.86503,0.08783,48402
52.6414,1.73723,8.85513,0.09217,48044
52.6514,1.73693,8.84866,0.08907,47847
52.6614,1.73662,8.86555,0.0806,48554
52.6714,1.73632,8.85843,0.08262,47976
52.6814,1.73601,8.8644,0.08021,48010
52.6914,1.7357,8.8686,0.08547,48286
52.7014,1.7354,8.85868,0.0875,47632
52.7114,1.73509,8.87707,0.0863,48254
52.7214,1.73479,8.87835,0.08757,48371
52.7314,1.73448,8.87889,0.08307,47921
52.7414,1.73418,8.87937,0.09131,48034
52.7514,1.73387,8.88595,0.09004,48198
52.7614,1.73357,8.89706,0.08552,48299
52.7714,1.73326,8.89624,0.09693,47958
52.7814,1.73296,8.90143,0.08343,47918
52.7914,1.73265,8.91114,0.09019,48605
52.8014,1.73235,8.90818,0.08837,48012
52.8114,1.73204,8.91069,0.09482,47646
52.8214,1.73174,8.92965,0.08346,48424
52.8314,1.73143,8.92412,0.08386,47904
52.8414,1.73113,8.93514,0.07848,48106
52.8514,1.73083,8.94003,0.08628,48132
52.8614,1.73052,8.93985,0.08422,47716
52.8714,1.73022,8.95381,0.08966,48180
52.8814,1.72991,8.95307,0.08549,48098
52.8914,1.72961,8.96341,0.09189,48085
52.9014,1.72931,8.97112,0.08543,48065
52.9114,1.729,8.97121,0.08746,47808
52.9214,1.7287,8.98755,0.08786,48410
52.9314,1.7284,8.98693,0.09354,47848
52.9414,1.7281,8.98505,0.08603,48079
52.9514,1.72779,9.00797,0.09328,48477
52.9614,1.72749,8.9993,0.08979,47897
52.9714,1.72719,8.99869,0.08743,47810
52.9814,1.72689,9.00874,0.088,48010
52.9914,1.72658,9.01095,0.08332,47667
53.0014,1.72628,9.02387,0.08449,48464
53.0114,1.72598,9.0219,0.07891,47957
53.0213,1.72568,9.01975,0.0888,47899
53.0313,1.72538,9.02995,0.0843,48117
53.0413,1.72507,9.02796,0.08927,47655
53.0513,1.72477,9.0312,0.09121,47991
53.0613,1.72447,9.03627,0.08629,48308
53.0713,1.72417,9.03639,0.08767,47870
53.0813,1.72387,9.05192,0.09444,48119
53.0913,1.72357,9.03134,0.08561,47940
53.1013,1.72327,9.04499,0.08997,48209
53.1113,1.72297,9.04594,0.09088,47919
53.1213,1.72266,9.04557,0.09231,48055
53.1313,1.72236,9.03874,0.08924,48063
53.1413,1.72206,9.04113,0.09073,47836
53.1513,1.72176,9.03578,0.07882,47679
53.1613,1.72146,9.05082,0.08469,48277
53.1713,1.72116,9.03114,0.08082,47791
53.1813,1.72086,9.03461,0.08768,47715
53.1913,1.72056,9.03813,0.09045,48147
53.2013,1.72026,9.02966,0.08497,47889
53.2113,1.71996,9.03297,0.08793,48115
53.2213,1.71966,9.02201,0.08616,47714
53.2313,1.71936,9.02334,0.0878,47822
53.2413,1.71907,9.02218,0.09446,48272
53.2513,1.71877,9.01741,0.08524,47877
53.2613,1.71847,9.01161,0.09697,48079
53.2713,1.71817,9.01606,0.08577,48139
53.2813,1.71787,8.99842,0.09067,47857
53.2913,1.71757,8.99931,0.08972,47668
53.3013,1.71727,8.99624,0.08972,47932
53.3113,1.71697,8.9883,0.08437,47965
53.3213,1.71667,8.98646,0.07984,47975
53.3313,1.71638,8.97361,0.08243,47803
53.3413,1.71608,8.97992,0.0852,47970
53.3513,1.71578,8.9647,0.08711,47789
53.3613,1.71548,8.95687,0.0865,47597
53.3713,1.71518,8.96941,0.09497,48226
53.3813,1.71489,8.9527,0.07942,47931
53.3913,1.71459,8.93825,0.09571,47722
53.4013,1.71429,8.95003,0.08767,48107
53.4113,1.71399,8.94082,0.08838,47872
53.4213,1.7137,8.93284,0.09066,48078
53.4313,1.7134,8.92661,0.08818,47766
53.4413,1.7131,8.93055,0.08924,47915
53.4513,1.71281,8.92414,0.09473,48112
53.4613,1.71251,8.90652,0.08782,47548
53.4713,1.71221,8.90898,0.08222,47884
53.4813,1.71192,8.91794,0.08013,48053
53.4913,1.71162,8.89823,0.08462,47762
53.5013,1.71132,8.89625,0.08273,47723
53.5113,1.71103,8.89873,0.08834,47753
53.5213,1.71073,8.8889,0.08364,47770
53.5313,1.71044,8.89725,0.09049,47986
53.5413,1.71014,8.88652,0.088,47918
53.5513,1.70984,8.88656,0.09118,47839
53.5613,1.70955,8.88469,0.08245,47885
53.5712,1.70925,8.88176,0.0951,47919
53.5812,1.70896,8.88645,0.08857,47819
53.5912,1.70866,8.88086,0.08849,48012
53.6012,1.70837,8.87567,0.09322,47902
53.6112,1.70807,8.87937,0.08844,47844
53.6212,1.70778,8.87487,0.08748,47616
53.6312,1.70748,8.87413,0.08819,47937
53.6412,1.70719,8.87741,0.07692,47829
53.6512,1.70689,8.87606,0.08549,47740
53.6612,1.7066,8.864,0.08425,47776
53.6712,1.7063,8.87105,0.08655,47698
53.6812,1.70601,8.87095,0.08711,47707
53.6912,1.70572,8.8693,0.08542,47931
53.7012,1.70542,8.87189,0.08744,47892
53.7112,1.70513,8.87507,0.08758,47635
53.7212,1.70483,8.86489,0.08675,47884
53.7312,1.70454,8.87548,0.09365,48009
53.7412,1.70425,8.87675,0.08912,47797
53.7512,1.70395,8.87099,0.08734,47767
53.7612,1.70366,8.86902,0.09308,47940
53.7712,1.70337,8.8763,0.08477,47706
53.7812,1.70307,8.87456,0.1018,47874
53.7912,1.70278,8.87153,0.08228,47796
53.8012,1.70249,8.87241,0.07773,47637
53.8112,1.7022,8.87904,0.08193,47728
53.8212,1.7019,8.87045,0.08507,47626
53.8312,1.70161,8.88693,0.08792,47971
53.8412,1.70132,8.87438,0.08751,47504
53.8512,1.70103,8.87186,0.0849,47578
53.8612,1.70073,8.89399,0.08939,48125
53.8712,1.70044,8.88216,0.08676,47891
53.8812,1.70015,8.88535,0.09043,47555
53.8912,1.69986,8.89456,0.08909,48001
53.9012,1.69957,8.88667,0.08996,47811
53.9112,1.69928,8.89848,0.08893,47889
53.9212,1.69898,8.88735,0.08847,47600
53.9312,1.69869,8.8934,0.08763,47832
53.9412,1.6984,8.89437,0.09337,47911
53.9512,1.69811,8.89382,0.08663,47469
53.9612,1.69782,8.89856,0.08315,47753
53.9712,1.69753,8.8925,0.08048,47772
53.9812,1.69724,8.88782,0.07942,47406
53.9912,1.69695,8.89775,0.089,47914
54.0012,1.69666,8.89971,0.08856,47632
54.0112,1.69637,8.89146,0.08825,47681
54.0212,1.69608,8.89542,0.09171,47795
54.0312,1.69578,8.8905,0.08309,47540
54.0412,1.69549,8.89028,0.09064,47957
54.0512,1.6952,8.89462,0.08553,48055
54.0612,1.69491,8.88251,0.09427,47460
54.0712,1.69462,8.88686,0.09118,47932
54.0812,1.69434,8.88381,0.0908,47698
54.0912,1.69405,8.88191,0.08327,47699
54.1012,1.69376,8.86895,0.09304,47706
54.1112,1.69347,8.87217,0.09157,47529
54.1211,1.69318,8.87395,0.07625,47894
54.1311,1.69289,8.86413,0.08429,47599
54.1411,1.6926,8.85738,0.08796,47269
54.1511,1.69231,8.8683,0.08261,48141
54.1611,1.69202,8.85473,0.08244,47541
54.1711,1.69173,8.85941,0.08859,47477
54.1811,1.69144,8.85075,0.08958,47930
54.1911,1.69116,8.84144,0.08948,47395
54.2011,1.69087,8.84971,0.09108,47872
54.2111,1.69058,8.84796,0.0835,47891
54.2211,1.69029,8.84238,0.09306,47411
54.2311,1.69,8.84011,0.084,48106
54.2411,1.68972,8.83271,0.09752,47770
54.2511,1.68943,8.83472,0.09473,47606
54.2611,1.68914,8.83477,0.0827,47796
54.2711,1.68885,8.81733,0.08759,47184
54.2811,1.68856,8.82521,0.07631,48008
54.2911,1.68828,8.8285,0.08702,47530
54.3011,1.68799,8.81096,0.08565,47299
54.3111,1.6877,8.82108,0.08321,47893
54.3211,1.68742,8.81595,0.08841,47596
54.3311,1.68713,8.81185,0.08647,47506
54.3411,1.68684,8.81608,0.08526,47765
54.3511,1.68656,8.80576,0.08876,47319
54.3611,1.68627,8.81307,0.08905,48186
54.3711,1.68598,8.80995,0.09691,47621
54.3811,1.6857,8.80165,0.08368,47575
54.3911,1.68541,8.81155,0.08551,47990
54.4011,1.68512,8.79296,0.09425,47533
54.4111,1.68484,8.79788,0.0877,47746
54.4211,1.68455,8.8073,0.09879,47631
54.4311,1.68427,8.78205,0.08812,47190
54.4411,1.68398,8.79491,0.0738,47876
54.4511,1.6837,8.78942,0.08012,47654
54.4611,1.68341,8.79208,0.0864,47185
54.4711,1.68312,8.78951,0.08856,47837
54.4811,1.68284,8.77592,0.09047,47599
54.4911,1.68255,8.79218,0.07933,47560
54.5011,1.68227,8.78545,0.08925,47844
54.5111,1.68198,8.77828,0.08941,47367
54.5211,1.6817,8.78219,0.09228,47699
54.5311,1.68141,8.78165,0.08698,47775
54.5411,1.68113,8.78079,0.09016,47463
54.5511,1.68085,8.78955,0.09114,47989
54.5611,1.68056,8.77377,0.08556,47495
54.5711,1.68028,8.76913,0.08976,47698
54.5811,1.67999,8.78188,0.0944,47724
54.5911,1.67971,8.77559,0.08554,47156
54.6011,1.67942,8.77345,0.07914,47747
54.6111,1.67914,8.77623,0.08231,47565
54.6211,1.67886,8.76644,0.08063,47256
54.6311,1.67857,8.77848,0.08492,47719
54.6411,1.67829,8.77403,0.08473,47567
54.6511,1.67801,8.77722,0.09864,47471
54.6611,1.67772,8.77664,0.08748,47839
54.671,1.67744,8.78112,0.08122,47553
54.681,1.67716,8.78067,0.08737,47493
54.691,1.67687,8.77963,0.09588,47887
54.701,1.67659,8.78052,0.09393,47335
54.711,1.67631,8.78538,0.08723,47820
54.721,1.67603,8.7837,0.08683,47725
54.731,1.67574,8.78123,0.09007,47541
54.741,1.67546,8.78759,0.08745,47530
54.751,1.67518,8.78088,0.0882,47522
54.761,1.6749,8.78674,0.07858,47578
54.771,1.67461,8.78148,0.08199,47422
54.781,1.67433,8.79126,0.08294,47325
54.791,1.67405,8.79359,0.08389,47696
54.801,1.67377,8.78429,0.09147,47523
54.811,1.67349,8.79086,0.08518,47296
54.821,1.6732,8.7858,0.08817,47787
54.831,1.67292,8.79297,0.091,47430
54.841,1.67264,8.79556,0.09278,47769
54.851,1.67236,8.80067,0.08098,47717
54.861,1.67208,8.78844,0.09289,47421
54.871,1.6718,8.79621,0.09377,47706
54.881,1.67152,8.77808,0.09307,47652
54.891,1.67124,8.79561,0.08397,47458
54.901,1.67096,8.78772,0.08656,47616
54.911,1.67068,8.79043,0.08515,47428
54.921,1.6704,8.78849,0.08173,47448
54.931,1.67011,8.78062,0.08605,47407
54.941,1.66983,8.78148,0.08171,47414
54.951,1.66955,8.78471,0.08648,47626
54.961,1.66927,8.79302,0.08277,47423
54.971,1.66899,8.77638,0.08803,47429
54.981,1.66871,8.78161,0.097,47591
54.991,1.66843,8.78117,0.08732,47577
55.001,1.66816,8.78818,0.0837,47553
55.011,1.66788,8.78319,0.09176,47652
55.021,1.6676,8.78368,0.09498,47505
55.031,1.66732,8.78236,0.08228,47779
55.041,1.66704,8.78696,0.09338,47530
55.051,1.66676,8.78375,0.09342,47604
55.061,1.66648,8.78207,0.09587,47222
55.071,1.6662,8.78146,0.07949,47623
55.081,1.66592,8.78854,0.07583,47451
55.091,1.66564,8.77845,0.08401,47347
55.101,1.66536,8.79072,0.09326,47199
55.111,1.66509,8.78773,0.08202,47679
55.121,1.66481,8.79879,0.086,47594
55.131,1.66453,8.78531,0.08795,47439
55.141,1.66425,8.7982,0.08539,47408
55.151,1.66397,8.79737,0.09173,47424
55.161,1.6637,8.8051,0.09955,47639
55.171,1.66342,8.80554,0.08335,47662
55.181,1.66314,8.80754,0.08135,47570
55.191,1.66286,8.80423,0.09821,47360
55.201,1.66258,8.81692,0.09448,47788
55.2109,1.66231,8.81606,0.09048,47559
55.2209,1.66203,8.80863,0.08711,47330
55.2309,1.66175,8.81806,0.08068,47399
55.2409,1.66148,8.82071,0.08152,47481
55.2509,1.6612,8.81793,0.08454,47261
55.2609,1.66092,8.82085,0.07977,47198
55.2709,1.66064,8.8275,0.09171,47593
55.2809,1.66037,8.82428,0.09144,47511
55.2909,1.66009,8.83917,0.08409,47618
55.3009,1.65982,8.82507,0.08783,47204
55.3109,1.65954,8.84135,0.09096,47520
55.3209,1.65926,8.83657,0.08866,47724
55.3309,1.65899,8.83721,0.095,47464
55.3409,1.65871,8.84564,0.089,47598
55.3509,1.65843,8.8451,0.0888,47604
55.3609,1.65816,8.84317,0.08647,47342
55.3709,1.65788,8.85122,0.09719,47712
55.3809,1.65761,8.84763,0.09608,47138
55.3909,1.65733,8.8448,0.08006,47544
55.4009,1.65706,8.85392,0.07588,47291
55.4109,1.65678,8.84758,0.08161,47298
55.4209,1.65651,8.8585,0.09101,47392
55.4309,1.65623,8.85806,0.08949,47642
55.4409,1.65596,8.85744,0.08326,47284
55.4509,1.65568,8.86526,0.08854,47502
55.4609,1.65541,8.86652,0.09358,47511
55.4709,1.65513,8.86247,0.08541,47090
55.4809,1.65486,8.87501,0.09202,47939
55.4909,1.65458,8.87079,0.09462,47365
55.5009,1.65431,8.87317,0.08566,47509
55.5109,1.65403,8.88633,0.08733,47531
55.5209,1.65376,8.86837,0.0978,47471
55.5309,1.65348,8.88518,0.0886,47744
55.5409,1.65321,8.88476,0.08349,47401
55.5509,1.65294,8.87742,0.09145,47149
55.5609,1.65266,8.88625,0.07782,47157
55.5709,1.65239,8.88108,0.08402,47323
55.5809,1.65212,8.89247,0.08406,47309
55.5909,1.65184,8.89675,0.08527,47725
55.6009,1.65157,8.88675,0.09552,47253
55.6109,1.6513,8.89776,0.09152,47346
55.6209,1.65102,8.89924,0.08143,47656
55.6309,1.65075,8.90013,0.09169,47334
55.6409,1.65048,8.90613,0.09553,47691
55.6509,1.6502,8.90335,0.08981,47465
55.6609,1.64993,8.90235,0.09216,47199
55.6709,1.64966,8.91209,0.08739,47778
55.6809,1.64939,8.91588,0.08948,47397
55.6909,1.64911,8.9093,0.09379,47436
55.7009,1.64884,8.91672,0.0846,47505
55.7109,1.64857,8.90841,0.08851,47055
55.7209,1.6483,8.91734,0.07749,47367
55.7309,1.64803,8.92615,0.08748,47309
55.7409,1.64775,8.91292,0.08711,47012
55.7509,1.64748,8.93374,0.08365,47749
55.7608,1.64721,8.92621,0.08872,47526
55.7708,1.64694,8.92644,0.08844,47137
55.7808,1.64667,8.94392,0.09622,47609
55.7908,1.6464,8.93153,0.08679,47334
55.8008,1.64612,8.94265,0.08532,47512
55.8108,1.64585,8.94611,0.09856,47590
55.8208,1.64558,8.94296,0.09526,47134
55.8308,1.64531,8.95794,0.09125,47681
55.8408,1.64504,8.94951,0.08543,47647
55.8508,1.64477,8.95727,0.09348,47186
55.8608,1.6445,8.96148,0.08302,47469
55.8708,1.64423,8.9623,0.08413,47184
55.8808,1.64396,8.96066,0.08654,47088
55.8908,1.64369,8.976,0.08576,47501
55.9008,1.64342,8.97067,0.08289,47170
55.9108,1.64315,8.98295,0.09285,47382
55.9208,1.64288,8.98434,0.08829,47472
55.9308,1.64261,8.98797,0.08835,47130
55.9408,1.64234,9.00214,0.09166,47829
55.9508,1.64207,8.99495,0.08507,47524
55.9608,1.6418,8.9999,0.09742,47119
55.9708,1.64153,9.01399,0.08981,47480
55.9808,1.64126,9.01235,0.0887,47683
55.9908,1.64099,9.02057,0.09447,47286
56.0008,1.64072,9.02025,0.09396,47723
56.0108,1.64045,9.0255,0.09,47011
56.0208,1.64018,9.02975,0.08297,47314
56.0308,1.63991,9.03807,0.08354,47363
56.0408,1.63964,9.02494,0.08244,46927
56.0508,1.63937,9.05268,0.08818,47489
56.0608,1.63911,9.04198,0.08539,47454
56.0708,1.63884,9.04608,0.09028,47207
56.0808,1.63857,9.05954,0.08905,47550
56.0908,1.6383,9.06019,0.08877,47253
56.1008,1.63803,9.06157,0.09478,47433
56.1108,1.63776,9.07386,0.09165,47567
56.1208,1.6375,9.06565,0.0867,47260
56.1308,1.63723,9.07923,0.09369,47531
56.1408,1.63696,9.08192,0.09706,47457
56.1508,1.63669,9.08236,0.08871,47227
56.1608,1.63642,9.08716,0.09321,47573
56.1708,1.63616,9.1024,0.08193,47512
56.1808,1.63589,9.09129,0.09727,47053
56.1908,1.63562,9.10146,0.07847,47310
56.2008,1.63535,9.09716,0.0862,46954
56.2108,1.63509,9.11227,0.08869,47395
56.2208,1.63482,9.11827,0.08375,47591
56.2308,1.63455,9.12857,0.09469,46975
56.2408,1.63429,9.12694,0.08842,47579
56.2508,1.63402,9.14136,0.09182,47502
56.2608,1.63375,9.13622,0.09653,47108
56.2708,1.63349,9.15536,0.08981,47617
56.2808,1.63322,9.14838,0.09096,47260
56.2908,1.63295,9.1661,0.09095,47442
56.3008,1.63269,9.17492,0.09252,47635
56.3107,1.63242,9.16857,0.09668,47173
56.3207,1.63215,9.1899,0.09716,47479
56.3307,1.63189,9.19284,0.07854,47467
56.3407,1.63162,9.19488,0.08795,47026
56.3507,1.63136,9.19511,0.08782,47116
56.3607,1.63109,9.21397,0.08556,47277
56.3707,1.63083,9.21767,0.08357,47180
56.3807,1.63056,9.22956,0.09593,47517
56.3907,1.6303,9.23327,0.0868,47292
56.4007,1.63003,9.24838,0.09225,47344
56.4107,1.62976,9.25189,0.09618,47427
56.4207,1.6295,9.25543,0.08882,47266
56.4307,1.62923,9.27217,0.09031,47404
56.4407,1.62897,9.27995,0.09832,47560
56.4507,1.6287,9.28471,0.08968,47475
56.4607,1.62844,9.29387,0.10055,47187
56.4707,1.62818,9.29845,0.08962,47298
56.4807,1.62791,9.31162,0.09191,47520
56.4907,1.62765,9.3133,0.08857,47409
56.5007,1.62738,9.32046,0.08932,47065
56.5107,1.62712,9.33695,0.07823,47007
56.5207,1.62685,9.33563,0.09223,47421
56.5307,1.62659,9.35048,0.09169,47112
56.5407,1.62633,9.36397,0.08998,47238
56.5507,1.62606,9.36931,0.0846,47598
56.5607,1.6258,9.38303,0.0988,47284
56.5707,1.62554,9.3844,0.09529,47352
56.5807,1.62527,9.40013,0.09158,47161
56.5907,1.62501,9.41708,0.09357,47599
56.6007,1.62474,9.41351,0.09356,47355
56.6107,1.62448,9.43041,0.09363,47449
56.6207,1.62422,9.4462,0.09657,47418
56.6307,1.62396,9.44882,0.09767,47413
56.6407,1.62369,9.46691,0.08595,47280
56.6507,1.62343,9.46879,0.08465,47305
56.6607,1.62317,9.48295,0.08927,46901
56.6707,1.6229,9.49777,0.08705,47303
56.6807,1.62264,9.50626,0.09097,47144
56.6907,1.62238,9.51898,0.08582,47105
56.7007,1.62212,9.54292,0.09467,47626
56.7107,1.62185,9.55125,0.09245,47242
56.7207,1.62159,9.56525,0.0918,47373
56.7307,1.62133,9.58545,0.09798,47541
56.7407,1.62107,9.59216,0.09725,47245
56.7507,1.62081,9.61567,0.09441,47217
56.7607,1.62054,9.62353,0.09467,47512
56.7707,1.62028,9.63676,0.08595,47183
56.7807,1.62002,9.65773,0.11105,47675
56.7907,1.61976,9.67467,0.09426,47163
56.8007,1.6195,9.69823,0.08527,47374
56.8107,1.61924,9.70008,0.09127,47137
56.8207,1.61898,9.7164,0.08504,47071
56.8307,1.61872,9.74753,0.08731,47168
56.8407,1.61845,9.75903,0.09771,47428
56.8507,1.61819,9.77483,0.0929,47055
56.8606,1.61793,9.80141,0.08784,47322
56.8706,1.61767,9.81522,0.09464,47495
56.8806,1.61741,9.83908,0.09896,47063
56.8906,1.61715,9.86616,0.09334,47585
56.9006,1.61689,9.88034,0.09979,47404
56.9106,1.61663,9.89732,0.09316,47175
56.9206,1.61637,9.92576,0.09741,47615
56.9306,1.61611,9.93467,0.09868,47025
56.9406,1.61585,9.96996,0.09469,47519
56.9506,1.61559,9.99202,0.09119,47559
56.9606,1.61533,10.00709,0.09455,47138
56.9706,1.61507,10.0268,0.09077,47098
56.9806,1.61481,10.05497,0.09124,47242
56.9906,1.61455,10.07157,0.08791,46908
57.0006,1.61429,10.10892,0.09112,47414
57.0106,1.61403,10.13401,0.09987,47188
57.0206,1.61377,10.15193,0.09607,47059
57.0306,1.61351,10.18614,0.09674,47768
57.0406,1.61325,10.20955,0.09103,47318
57.0506,1.613,10.2275,0.10422,47200
57.0606,1.61274,10.27146,0.10595,47618
57.0706,1.61248,10.29041,0.09346,46989
57.0806,1.61222,10.32317,0.09579,47537
57.0906,1.61196,10.35463,0.10342,47678
57.1006,1.6117,10.37322,0.10078,46910
57.1106,1.61144,10.41691,0.09395,47487
57.1206,1.61119,10.43726,0.08801,47181
57.1306,1.61093,10.47507,0.0947,46729
57.1406,1.61067,10.50293,0.09127,47374
57.1506,1.61041,10.53546,0.09265,47317
57.1606,1.61015,10.57044,0.09714,47098
57.1706,1.6099,10.61294,0.09978,47477
57.1806,1.60964,10.64164,0.09489,47275
57.1906,1.60938,10.6837,0.10656,47284
57.2006,1.60912,10.72077,0.09771,47460
57.2106,1.60887,10.75284,0.0997,46963
57.2206,1.60861,10.79402,0.10115,47592
57.2306,1.60835,10.83577,0.10762,47432
57.2406,1.60809,10.86999,0.09981,47051
57.2506,1.60784,10.91362,0.09721,47558
57.2606,1.60758,10.95846,0.09602,47687
57.2706,1.60732,10.9934,0.10113,47097
57.2806,1.60707,11.04603,0.1037,46911
57.2906,1.60681,11.08306,0.0897,47232
57.3006,1.60655,11.12318,0.09337,47038
57.3106,1.6063,11.17775,0.1007,47177
57.3206,1.60604,11.22029,0.09967,47113
57.3306,1.60578,11.27077,0.10672,47497
57.3406,1.60553,11.32909,0.09622,47473
57.3506,1.60527,11.37352,0.10235,47078
57.3606,1.60501,11.42514,0.10495,47515
57.3706,1.60476,11.4864,0.10867,47569
57.3806,1.6045,11.52906,0.10735,46819
57.3906,1.60425,11.59003,0.09645,47677
57.4006,1.60399,11.64247,0.11304,47446
57.4105,1.60374,11.70489,0.10781,46967
57.4205,1.60348,11.76084,0.09678,47702
57.4305,1.60322,11.82714,0.09958,47127
57.4405,1.60297,11.88533,0.10149,46773
57.4505,1.60271,11.94752,0.10114,47333
57.4605,1.60246,12.01354,0.10149,47001
57.4705,1.6022,12.08289,0.09507,47318
57.4805,1.60195,12.14706,0.11502,47275
57.4905,1.60169,12.2191,0.1074,47239
57.5005,1.60144,12.28573,0.10837,47545
57.5105,1.60119,12.3672,0.10523,47360
57.5205,1.60093,12.43286,0.10765,47143
57.5305,1.60068,12.51093,0.11162,47447
57.5405,1.60042,12.58762,0.1116,47434
57.5505,1.60017,12.66205,0.11374,46985
57.5605,1.59991,12.74627,0.10323,47757
57.5705,1.59966,12.82201,0.10276,47134
57.5805,1.59941,12.90297,0.11253,47255
57.5905,1.59915,12.98845,0.11113,47093
57.6005,1.5989,13.07811,0.10302,47067
57.6105,1.59864,13.15465,0.10129,47073
57.6205,1.59839,13.24958,0.10593,47415
57.6305,1.59814,13.33997,0.11712,47128
57.6405,1.59788,13.42888,0.10711,47346
57.6505,1.59763,13.52712,0.10862,47281
57.6605,1.59738,13.61974,0.12236,47349
57.6705,1.59712,13.71324,0.11424,47160
57.6805,1.59687,13.81227,0.10919,47322
57.6905,1.59662,13.90913,0.12264,47417
57.7005,1.59636,14.01382,0.11574,47444
57.7105,1.59611,14.11129,0.11459,47244
57.7205,1.59586,14.21763,0.11796,47423
57.7305,1.59561,14.31982,0.10607,47508
57.7405,1.59535,14.4249,0.11314,47032
57.7505,1.5951,14.53209,0.11485,46925
57.7605,1.59485,14.64694,0.11863,47266
57.7705,1.5946,14.75202,0.10563,46992
57.7805,1.59434,14.86411,0.11088,47285
57.7905,1.59409,14.98404,0.12403,47320
57.8005,1.59384,15.09667,0.11932,47343
57.8105,1.59359,15.21192,0.12381,47235
57.8205,1.59334,15.33793,0.1096,47439
57.8305,1.59309,15.44691,0.12693,47431
57.8405,1.59283,15.5713,0.12976,47254
57.8505,1.59258,15.69865,0.11838,47264
57.8605,1.59233,15.81906,0.12091,47486
57.8705,1.59208,15.93875,0.13082,47168
57.8805,1.59183,16.07222,0.1142,47269
57.8905,1.59158,16.19312,0.1244,47583
57.9005,1.59133,16.32924,0.11768,46898
57.9105,1.59108,16.46143,0.12217,47095
57.9205,1.59082,16.59212,0.11552,47018
57.9305,1.59057,16.72531,0.12964,47163
57.9405,1.59032,16.86289,0.11801,47341
57.9505,1.59007,16.99195,0.12811,47102
57.9604,1.58982,17.14244,0.12243,47255
57.9704,1.58957,17.28005,0.13164,47774
57.9804,1.58932,17.41854,0.13761,47182
57.9904,1.58907,17.56674,0.12204,47212
58.0004,1.58882,17.70357,0.13285,47608
58.0104,1.58857,17.85498,0.13469,47212
58.0204,1.58832,18.00364,0.12746,47358
58.0304,1.58807,18.14968,0.12752,47424
58.0404,1.58782,18.30319,0.12524,47336
58.0504,1.58757,18.4451,0.13135,47061
58.0604,1.58732,18.60607,0.12912,47038
58.0704,1.58707,18.75552,0.12622,47026
58.0804,1.58682,18.90809,0.12566,47297
58.0904,1.58657,19.06342,0.12949,47266
58.1004,1.58632,19.21692,0.13819,46967
58.1104,1.58608,19.37078,0.13388,47631
58.1204,1.58583,19.52848,0.12979,47198
58.1304,1.58558,19.68256,0.14264,47134
58.1404,1.58533,19.8407,0.14201,47452
58.1504,1.58508,19.99378,0.13963,47261
58.1604,1.58483,20.15507,0.13369,47419
58.1704,1.58458,20.30551,0.13322,47673
58.1804,1.58433,20.45885,0.15506,47073
58.1904,1.58409,20.62083,0.12901,47430
58.2004,1.58384,20.76693,0.13553,47443
58.2104,1.58359,20.91953,0.13279,46759
58.2204,1.58334,21.07597,0.14241,47202
58.2304,1.58309,21.22222,0.13225,47248
58.2404,1.58285,21.36989,0.13524,46718
58.2504,1.5826,21.51533,0.13893,47619
58.2604,1.58235,21.6546,0.13995,47357
58.2704,1.5821,21.79493,0.13984,47032
58.2804,1.58185,21.93496,0.15068,47619
58.2904,1.58161,22.07566,0.14504,47408
58.3004,1.58136,22.20842,0.14822,47235
58.3104,1.58111,22.33505,0.14351,47637
58.3204,1.58086,22.46546,0.14385,47152
58.3304,1.58062,22.58716,0.15035,47235
58.3404,1.58037,22.70608,0.13764,47549
58.3504,1.58012,22.82672,0.14356,47099
58.3604,1.57988,22.93053,0.14324,47051
58.3704,1.57963,23.04975,0.1395,47295
58.3804,1.57938,23.15116,0.14388,46680
58.3904,1.57914,23.24357,0.13924,47465
58.4004,1.57889,23.33685,0.14555,47346
58.4104,1.57864,23.42637,0.1377,46899
58.4204,1.5784,23.50336,0.14668,47630
58.4304,1.57815,23.57997,0.15135,47353
58.4404,1.5779,23.65257,0.15356,46981
58.4504,1.57766,23.71079,0.15381,47549
58.4604,1.57741,23.78263,0.1447,47496
58.4704,1.57717,23.82857,0.14069,46999
58.4804,1.57692,23.87705,0.15712,47710
58.4904,1.57667,23.92251,0.14692,47349
58.5004,1.57643,23.94783,0.14011,47246
58.5103,1.57618,23.97466,0.14239,47223
58.5203,1.57594,24.00115,0.14208,47146
58.5303,1.57569,24.0103,0.15348,46984
58.5403,1.57545,24.0219,0.1409,47354
58.5503,1.5752,24.0294,0.14309,46900
58.5603,1.57496,24.01738,0.14433,47432
58.5703,1.57471,24.01292,0.14103,47571
58.5803,1.57447,23.99436,0.14962,47000
58.5903,1.57422,23.96496,0.15536,47425
58.6003,1.57398,23.93912,0.15734,47417
58.6103,1.57373,23.91015,0.14441,47095
58.6203,1.57349,23.86302,0.1439,47638
58.6303,1.57324,23.82253,0.14876,47469
58.6403,1.573,23.76558,0.15692,47001
58.6503,1.57276,23.71967,0.14163,47574
58.6603,1.57251,23.65711,0.14136,47305
58.6703,1.57227,23.58229,0.13599,46942
58.6803,1.57202,23.52309,0.15068,47196
58.6903,1.57178,23.44976,0.14428,47131
58.7003,1.57153,23.36865,0.13839,47044
58.7103,1.57129,23.29044,0.1451,47374
58.7203,1.57105,23.20399,0.13876,47294
58.7303,1.5708,23.10863,0.14145,47374
58.7403,1.57056,23.01858,0.15743,47474
58.7503,1.57032,22.9224,0.15103,47325
58.7603,1.57007,22.80979,0.14784,47108
58.7703,1.56983,22.71942,0.13807,47718
58.7803,1.56959,22.61085,0.14756,47204
58.7903,1.56934,22.49028,0.1483,47367
58.8003,1.5691,22.39323,0.1356,47564
58.8103,1.56886,22.26451,0.14801,47031
58.8203,1.56862,22.15043,0.12821,47275
58.8303,1.56837,22.03028,0.14142,47368
58.8403,1.56813,21.90788,0.14373,46895
58.8503,1.56789,21.78966,0.13595,47307
58.8603,1.56764,21.66152,0.1394,47196
58.8703,1.5674,21.53423,0.12822,47263
58.8803,1.56716,21.40943,0.14343,47497
58.8903,1.56692,21.27475,0.15362,47126
58.9003,1.56668,21.1464,0.13649,47366
58.9103,1.56643,21.01122,0.15116,47528
58.9203,1.56619,20.87378,0.13319,47236
58.9303,1.56595,20.739,0.13632,47441
58.9403,1.56571,20.61048,0.14501,47477
58.9503,1.56547,20.46521,0.13503,47202
58.9603,1.56522,20.3344,0.13116,47342
58.9703,1.56498,20.18989,0.12736,47201
58.9803,1.56474,20.05687,0.13432,47213
58.9903,1.5645,19.90868,0.14004,46949
59.0003,1.56426,19.78287,0.1328,47316
59.0103,1.56402,19.63686,0.12741,47253
59.0203,1.56378,19.50522,0.12746,47351
59.0303,1.56354,19.36078,0.13645,47315
59.0403,1.56329,19.23345,0.12996,47552
59.0503,1.56305,19.08383,0.14179,47127
59.0602,1.56281,18.94629,0.14152,47297
59.0702,1.56257,18.81715,0.12452,47642
59.0802,1.56233,18.67247,0.13098,47312
59.0902,1.56209,18.53836,0.13366,47334
59.1002,1.56185,18.40253,0.13363,47487
59.1102,1.56161,18.25584,0.12354,47250
59.1202,1.56137,18.12035,0.12377,47171
59.1302,1.56113,17.99024,0.12234,47414
59.1402,1.56089,17.84649,0.13556,46962
59.1502,1.56065,17.71666,0.13217,47142
59.1602,1.56041,17.58469,0.11849,47295
59.1702,1.56017,17.43888,0.11768,47164
59.1802,1.55993,17.31277,0.12401,47338
59.1902,1.55969,17.18888,0.13042,47376
59.2002,1.55945,17.04949,0.13125,47191
59.2102,1.55921,16.92436,0.12784,47641
59.2202,1.55897,16.7911,0.12026,47394
59.2302,1.55873,16.65251,0.13007,47159
59.2402,1.55849,16.53928,0.12761,47580
59.2502,1.55826,16.40715,0.12324,47430
59.2602,1.55802,16.27015,0.11745,47159
59.2702,1.55778,16.15535,0.12049,47492
59.2802,1.55754,16.02821,0.11437,47278
59.2902,1.5573,15.90498,0.12768,47074
59.3002,1.55706,15.78997,0.12055,47256
59.3102,1.55682,15.66601,0.11662,47212
59.3202,1.55658,15.55042,0.11165,47150
59.3302,1.55635,15.44397,0.11813,47596
59.3402,1.55611,15.32305,0.11598,47311
59.3502,1.55587,15.20803,0.12751,47231
59.3602,1.55563,15.10766,0.1208,47677
59.3702,1.55539,14.99186,0.11372,47231
59.3802,1.55515,14.88462,0.12285,47348
59.3902,1.55492,14.78512,0.11918,47660
59.4002,1.55468,14.67132,0.1278,47036
59.4102,1.55444,14.58118,0.10468,47510
59.4202,1.5542,14.4727,0.10973,47561
59.4302,1.55397,14.36844,0.11037,46800
59.4402,1.55373,14.28184,0.12051,47369
59.4502,1.55349,14.17995,0.11881,47285
59.4602,1.55325,14.07828,0.11189,46849
59.4702,1.55302,13.99734,0.10351,47460
59.4802,1.55278,13.90896,0.11408,47576
59.4902,1.55254,13.79964,0.11677,46915
59.5002,1.5523,13.73496,0.1137,47789
59.5102,1.55207,13.64573,0.11277,47460
59.5202,1.55183,13.54939,0.11012,47001
59.5302,1.55159,13.47894,0.11316,47928
59.5402,1.55136,13.39367,0.11801,47384
59.5502,1.55112,13.30735,0.11161,47191
59.5602,1.55088,13.23789,0.10411,47605
59.5702,1.55065,13.15364,0.11042,47263
59.5802,1.55041,13.06766,0.10491,46934
59.5902,1.55018,13.01156,0.10852,47617
59.6002,1.54994,12.93339,0.11378,47221
59.6101,1.5497,12.84646,0.10895,46979
59.6201,1.54947,12.79443,0.10032,47585
59.6301,1.54923,12.72143,0.10769,47422
59.6401,1.549,12.65092,0.10415,47075
59.6501,1.54876,12.59786,0.11382,47667
59.6601,1.54852,12.52761,0.11128,47293
59.6701,1.54829,12.46689,0.10464,47209
59.6801,1.54805,12.41458,0.11046,47659
59.6901,1.54782,12.34723,0.11051,47305
59.7001,1.54758,12.29722,0.1096,47407
59.7101,1.54735,12.24109,0.1003,47688
59.7201,1.54711,12.17497,0.10051,47146
59.7301,1.54688,12.13146,0.111,47171
59.7401,1.54664,12.08161,0.10449,47655
59.7501,1.54641,12.01771,0.104,47095
59.7601,1.54617,11.97047,0.10238,47060
59.7701,1.54594,11.93026,0.10232,47567
59.7801,1.5457,11.87979,0.10033,47085
59.7901,1.54547,11.83527,0.10628,47444
59.8001,1.54523,11.78901,0.105,47580
59.8101,1.545,11.74462,0.10159,47277
59.8201,1.54476,11.69837,0.10732,47442
59.8301,1.54453,11.65815,0.10894,47439
59.8401,1.5443,11.61419,0.10521,47391
59.8501,1.54406,11.57177,0.10359,47443
59.8601,1.54383,11.53143,0.09635,47668
59.8701,1.54359,11.48127,0.10632,47183
59.8801,1.54336,11.44614,0.09728,47286
59.8901,1.54313,11.40223,0.09982,47501
59.9001,1.54289,11.36441,0.10462,47226
59.9101,1.54266,11.32664,0.1047,47202
59.9201,1.54243,11.2838,0.09563,47149
59.9301,1.54219,11.25005,0.10162,47493
59.9401,1.54196,11.20974,0.09903,47332
59.9501,1.54173,11.17317,0.10085,47429
59.9601,1.54149,11.13908,0.10143,47507
59.9701,1.54126,11.09564,0.10561,47478
59.9801,1.54103,11.06478,0.10262,47383
59.9901,1.54079,11.03516,0.10199,47602
60.0001,1.54056,10.99132,0.10752,47430
60.0101,1.54033,10.96347,0.08984,47327
60.0201,1.54009,10.92915,0.10132,47486
60.0301,1.53986,10.89554,0.09833,47112
60.0401,1.53963,10.86134,0.09851,47379
60.0501,1.5394,10.83625,0.09818,47460
60.0601,1.53916,10.79496,0.10127,47230
60.0701,1.53893,10.76658,0.1064,47025
60.0801,1.5387,10.74779,0.09176,47549
60.0901,1.53847,10.71768,0.09193,47470
60.1001,1.53824,10.68651,0.10452,47471
60.1101,1.538,10.66438,0.09931,47495
60.1201,1.53777,10.63432,0.1036,47387
60.1301,1.53754,10.60759,0.09699,47481
60.1401,1.53731,10.58785,0.10217,47642
60.1501,1.53708,10.55864,0.09927,47333
60.16,1.53685,10.53496,0.09621,47436
60.17,1.53661,10.50799,0.09414,47708
60.18,1.53638,10.48006,0.09726,47016
60.19,1.53615,10.46611,0.09426,47327
60.2,1.53592,10.4408,0.10292,47723
60.21,1.53569,10.41307,0.09856,46952
60.22,1.53546,10.3942,0.10063,47358
60.23,1.53523,10.37479,0.08877,47427
60.24,1.535,10.34871,0.09919,47484
60.25,1.53477,10.32759,0.0946,47473
60.26,1.53453,10.3096,0.09701,47529
60.27,1.5343,10.28443,0.10278,47290
60.28,1.53407,10.26774,0.09865,47572
60.29,1.53384,10.25452,0.09737,47577
60.3,1.53361,10.22342,0.10368,47241
60.31,1.53338,10.21071,0.08978,47738
60.32,1.53315,10.18281,0.09428,47458
60.33,1.53292,10.16297,0.09536,47031
60.34,1.53269,10.14738,0.0977,47610
60.35,1.53246,10.13573,0.0946,47348
60.36,1.53223,10.10883,0.09885,47039
60.37,1.532,10.10186,0.10089,47604
60.38,1.53177,10.08566,0.08966,47471
60.39,1.53154,10.05771,0.09539,47195
60.4,1.53131,10.04869,0.09176,47803
60.41,1.53108,10.03103,0.10398,47559
60.42,1.53085,10.01639,0.09338,47187
60.43,1.53062,10.00288,0.10066,47667
60.44,1.5304,9.9879,0.09743,47551
60.45,1.53017,9.96887,0.09891,47204
60.46,1.52994,9.96798,0.09113,47841
60.47,1.52971,9.93834,0.09201,47464
60.48,1.52948,9.92108,0.09249,46973
60.49,1.52925,9.91928,0.09676,47735
60.5,1.52902,9.90603,0.09433,47487
60.51,1.52879,9.88281,0.10029,47064
60.52,1.52856,9.881,0.09203,47588
60.53,1.52834,9.86399,0.0925,47301
60.54,1.52811,9.84631,0.09496,47369
60.55,1.52788,9.84409,0.09192,47713
60.56,1.52765,9.82456,0.0967,47560
60.57,1.52742,9.81415,0.09329,47210
60.58,1.52719,9.80487,0.10516,47701
60.59,1.52697,9.79674,0.08928,47716
60.6,1.52674,9.77427,0.09947,47233
60.61,1.52651,9.7734,0.08938,47971
60.62,1.52628,9.75884,0.09108,47309
60.63,1.52605,9.739,0.09732,47066
60.64,1.52583,9.74256,0.09148,47620
60.65,1.5256,9.72684,0.10027,47619
60.66,1.52537,9.71044,0.0895,46888
60.67,1.52514,9.70994,0.09998,47666
60.68,1.52492,9.69347,0.09303,47409
60.69,1.52469,9.68741,0.08645,47478
60.7,1.52446,9.68032,0.09973,47675
60.7099,1.52424,9.67657,0.09118,47606
60.7199,1.52401,9.65747,0.09858,47209
60.7299,1.52378,9.65361,0.09348,47876
60.7399,1.52355,9.64505,0.09938,47513
60.7499,1.52333,9.63423,0.10101,47286
60.7599,1.5231,9.63592,0.08424,47905
60.7699,1.52287,9.61978,0.09403,47104
60.7799,1.52265,9.60957,0.09191,47358
60.7899,1.52242,9.60549,0.09397,47608
60.7999,1.52219,9.60014,0.0915,47583
60.8099,1.52197,9.59391,0.09846,47301
60.8199,1.52174,9.5944,0.09762,47599
60.8299,1.52152,9.57882,0.09374,47294
60.8399,1.52129,9.57154,0.08836,47346
60.8499,1.52106,9.5718,0.08911,47905
60.8599,1.52084,9.56141,0.09658,47366
60.8699,1.52061,9.55867,0.10112,47452
60.8799,1.52039,9.55958,0.08935,47787
60.8899,1.52016,9.5542,0.10043,47454
60.8999,1.51993,9.53854,0.09056,47660
60.9099,1.51971,9.54275,0.09072,47738
60.9199,1.51948,9.52819,0.0906,47126
60.9299,1.51926,9.53474,0.09376,47524
60.9399,1.51903,9.53153,0.09405,47601
60.9499,1.51881,9.52716,0.09421,47501
60.9599,1.51858,9.51902,0.09324,47610
60.9699,1.51836,9.52293,0.09408,47379
60.9799,1.51813,9.51388,0.10233,47222
60.9899,1.51791,9.51824,0.08555,47467
60.9999,1.51768,9.51521,0.09097,47597
61.0099,1.51746,9.51013,0.09615,47652
61.0199,1.51723,9.51071,0.09047,47784
61.0299,1.51701,9.51213,0.10118,47645
61.0399,1.51678,9.51644,0.09596,47241
61.0499,1.51656,9.50879,0.09117,47979
61.0599,1.51634,9.50033,0.08922,47476
61.0699,1.51611,9.50647,0.09241,47252
61.0799,1.51589,9.50529,0.0907,47575
61.0899,1.51566,9.5133,0.09646,47477
61.0999,1.51544,9.50853,0.09358,47480
61.1099,1.51521,9.509,0.09708,47837
61.1199,1.51499,9.50953,0.09337,47354
61.1299,1.51477,9.51725,0.09528,47369
61.1399,1.51454,9.51293,0.09109,47589
61.1499,1.51432,9.50665,0.09263,47427
61.1599,1.5141,9.51271,0.08927,47636
61.1699,1.51387,9.51719,0.09826,47879
61.1799,1.51365,9.51462,0.09734,47505
61.1899,1.51343,9.52256,0.09313,47617
61.1999,1.5132,9.51249,0.09278,47867
61.2099,1.51298,9.51282,0.08381,47361
61.2199,1.51276,9.52326,0.09964,47386
61.2299,1.51253,9.5205,0.09618,47786
61.2399,1.51231,9.51535,0.08992,47191
61.2499,1.51209,9.51475,0.09303,47692
61.2598,1.51186,9.52143,0.09618,47729
61.2698,1.51164,9.523,0.09781,47392
61.2798,1.51142,9.52857,0.09257,47420
61.2898,1.5112,9.52109,0.09124,47893
61.2998,1.51097,9.51849,0.0864,47559
61.3098,1.51075,9.52747,0.10199,47368
61.3198,1.51053,9.53244,0.09283,47788
61.3298,1.51031,9.52996,0.09413,47634
61.3398,1.51008,9.5228,0.09833,47404
61.3498,1.50986,9.53234,0.0876,48092
61.3598,1.50964,9.53502,0.09414,47544
61.3698,1.50942,9.53355,0.09418,47286
61.3798,1.5092,9.53362,0.08903,47815
61.3898,1.50897,9.53873,0.0948,47598
61.3998,1.50875,9.54463,0.09729,47078
61.4098,1.50853,9.55173,0.097,47934
61.4198,1.50831,9.54838,0.0932,47647
61.4298,1.50809,9.54526,0.10126,47168
61.4398,1.50787,9.56516,0.0839,47955
61.4498,1.50765,9.56417,0.09604,47535
61.4598,1.50742,9.56697,0.09337,47236
61.4698,1.5072,9.56727,0.09923,48230
61.4798,1.50698,9.57568,0.09076,47696
61.4898,1.50676,9.57722,0.09961,47400
61.4998,1.50654,9.5918,0.0907,47959
61.5098,1.50632,9.57632,0.08919,47639
61.5198,1.5061,9.58706,0.0882,47212
61.5298,1.50588,9.60073,0.10024,47710
61.5398,1.50566,9.60533,0.09147,47717
61.5498,1.50544,9.59356,0.09812,47317
61.5598,1.50522,9.61331,0.0972,48016
61.5698,1.50499,9.61836,0.09321,47517
61.5798,1.50477,9.62005,0.09494,47101
61.5898,1.50455,9.61561,0.09457,47934
61.5998,1.50433,9.63191,0.09014,47978
61.6098,1.50411,9.63018,0.09687,47191
61.6198,1.50389,9.64398,0.08917,47910
61.6298,1.50367,9.63455,0.10362,47895
61.6398,1.50345,9.64648,0.09248,47722
61.6498,1.50323,9.65255,0.09002,47603
61.6598,1.50301,9.65875,0.09218,47575
61.6698,1.50279,9.64952,0.09528,47321
61.6798,1.50257,9.66253,0.09306,47754
61.6898,1.50236,9.67647,0.102,47982
61.6998,1.50214,9.67304,0.09048,47354
61.7098,1.50192,9.67909,0.09584,47789
61.7198,1.5017,9.69334,0.09848,47728
61.7298,1.50148,9.69458,0.10168,47281
61.7398,1.50126,9.69039,0.0869,47771
61.7498,1.50104,9.70756,0.09172,48025
61.7598,1.50082,9.71749,0.09501,47397
61.7698,1.5006,9.72512,0.09672,47638
61.7798,1.50038,9.72214,0.09806,48001
61.7898,1.50016,9.73357,0.0922,47670
61.7997,1.49995,9.74581,0.0888,47584
61.8097,1.49973,9.74784,0.09562,47717
61.8197,1.49951,9.75289,0.09679,47495
61.8297,1.49929,9.76731,0.09617,47653
61.8397,1.49907,9.78105,0.09355,47747
61.8497,1.49885,9.7803,0.09949,47777
61.8597,1.49863,9.7923,0.09934,47822
61.8697,1.49842,9.80552,0.09372,47521
61.8797,1.4982,9.8122,0.09864,47555
61.8897,1.49798,9.81094,0.09095,47881
61.8997,1.49776,9.83192,0.09036,47717
61.9097,1.49754,9.84144,0.09699,47526
61.9197,1.49733,9.84247,0.10297,48085
61.9297,1.49711,9.85556,0.09297,47691
61.9397,1.49689,9.87153,0.09142,47768
61.9497,1.49667,9.87087,0.09168,47688
61.9597,1.49646,9.8795,0.09522,47594
61.9697,1.49624,9.89852,0.10339,47653
61.9797,1.49602,9.90783,0.08858,47692
61.9897,1.4958,9.9038,0.10164,47746
61.9997,1.49559,9.92778,0.09398,47761
62.0097,1.49537,9.94202,0.10615,47760
62.0197,1.49515,9.93856,0.09545,47596
62.0297,1.49494,9.95554,0.09329,47673
62.0397,1.49472,9.96975,0.09053,47850
62.0497,1.4945,9.97175,0.10352,47485
62.0597,1.49429,9.98708,0.09699,48028
62.0697,1.49407,10.00359,0.09171,47941
62.0797,1.49385,10.00999,0.1043,47749
62.0897,1.49364,10.01268,0.08809,47648
62.0997,1.49342,10.03115,0.10123,47806
62.1097,1.4932,10.04643,0.0883,47667
62.1197,1.49299,10.04425,0.10033,47566
62.1297,1.49277,10.06797,0.0982,47879
62.1397,1.49255,10.07402,0.09765,47808
62.1497,1.49234,10.08487,0.10152,47718
62.1597,1.49212,10.0991,0.09801,47894
62.1697,1.49191,10.11371,0.09826,47667
62.1797,1.49169,10.11323,0.09633,47535
62.1897,1.49147,10.1347,0.09382,47756
62.1997,1.49126,10.14741,0.09466,48115
62.2097,1.49104,10.14978,0.09994,47378
62.2197,1.49083,10.16868,0.09757,48165
62.2297,1.49061,10.18118,0.09298,47939
62.2397,1.4904,10.18916,0.09864,47647
62.2497,1.49018,10.19362,0.09395,47414
62.2597,1.48997,10.21818,0.09601,48081
62.2697,1.48975,10.22019,0.09802,47670
62.2797,1.48954,10.23149,0.09919,47590
62.2897,1.48932,10.25131,0.10005,48002
62.2997,1.48911,10.25936,0.09464,48012
62.3097,1.48889,10.26559,0.10361,47732
62.3197,1.48868,10.29148,0.10108,47706
62.3297,1.48846,10.28754,0.09822,47666
62.3397,1.48825,10.29764,0.0903,47678
62.3496,1.48803,10.32231,0.10016,48090
62.3596,1.48782,10.33013,0.10012,48042
62.3696,1.4876,10.3354,0.10694,47322
62.3796,1.48739,10.35604,0.08597,48247
62.3896,1.48717,10.35556,0.09497,47898
62.3996,1.48696,10.36959,0.10129,47243
62.4096,1.48675,10.39182,0.09771,47975
62.4196,1.48653,10.39382,0.09956,48091
62.4296,1.48632,10.40906,0.09474,47509
62.4396,1.4861,10.42973,0.10599,47841
62.4496,1.48589,10.43199,0.10265,48306
62.4596,1.48568,10.44997,0.10022,47638
62.4696,1.48546,10.46472,0.09863,47489
62.4796,1.48525,10.47207,0.10059,47972
62.4896,1.48503,10.4901,0.09558,47903
62.4996,1.48482,10.50967,0.09829,47664
62.5096,1.48461,10.50863,0.10062,48320
62.5196,1.48439,10.53209,0.09621,47853
62.5296,1.48418,10.54319,0.09756,47633
62.5396,1.48397,10.55937,0.09394,47971
62.5496,1.48375,10.57852,0.09822,47685
62.5596,1.48354,10.5805,0.10117,47652
62.5696,1.48333,10.60632,0.09706,48093
62.5796,1.48311,10.62732,0.1051,47832
62.5896,1.4829,10.62738,0.10036,47875
62.5996,1.48269,10.64993,0.10378,48052
62.6096,1.48248,10.67302,0.10241,47800
62.6196,1.48226,10.67317,0.10487,47660
62.6296,1.48205,10.69164,0.09161,47852
62.6396,1.48184,10.71083,0.09927,48073
62.6496,1.48163,10.72805,0.10549,47759
62.6596,1.48141,10.74433,0.09895,47958
62.6696,1.4812,10.74584,0.09553,48214
62.6796,1.48099,10.77427,0.09547,47559
62.6896,1.48078,10.78385,0.10484,47697
62.6996,1.48057,10.79685,0.09681,48103
62.7096,1.48035,10.82161,0.10002,47693
62.7196,1.48014,10.82109,0.10787,47727
62.7296,1.47993,10.84587,0.1003,48376
62.7396,1.47972,10.86715,0.10348,47726
62.7496,1.47951,10.87002,0.1013,48094
62.7596,1.47929,10.89056,0.1033,47875
62.7696,1.47908,10.90457,0.10259,47727
62.7796,1.47887,10.92323,0.09666,47953
62.7896,1.47866,10.93753,0.09733,47907
62.7996,1.47845,10.94685,0.1056,48130
62.8096,1.47824,10.97361,0.10108,47930
62.8196,1.47803,10.97716,0.0916,47943
62.8296,1.47781,10.99553,0.1044,47819
62.8396,1.4776,11.02086,0.1027,47678
62.8496,1.47739,11.01842,0.10213,47961
62.8596,1.47718,11.04788,0.09779,48158
62.8696,1.47697,11.0565,0.1043,47845
62.8796,1.47676,11.07413,0.11083,48012
62.8896,1.47655,11.0925,0.10111,47956
62.8995,1.47634,11.09931,0.10472,48130
62.9095,1.47613,11.1273,0.10715,47696
62.9195,1.47592,11.1213,0.09776,47927
62.9295,1.47571,11.1533,0.09978,48024
62.9395,1.4755,11.16849,0.10038,48111
62.9495,1.47529,11.16776,0.10234,47840
62.9595,1.47508,11.20233,0.0991,47957
62.9695,1.47487,11.19918,0.10236,48049
62.9795,1.47466,11.21409,0.09779,47765
62.9895,1.47445,11.23357,0.1005,47809
62.9995,1.47424,11.24924,0.10812,48130
63.0095,1.47403,11.26469,0.10316,48019
63.0195,1.47382,11.26351,0.10253,47746
63.0295,1.47361,11.29519,0.10219,48238
63.0395,1.4734,11.28911,0.11408,48304
63.0495,1.47319,11.31916,0.10164,47654
63.0595,1.47298,11.32157,0.10728,48001
63.0695,1.47277,11.33695,0.09778,48163
63.0795,1.47256,11.35871,0.10175,47715
63.0895,1.47235,11.35632,0.10237,48134
63.0995,1.47214,11.38159,0.09896,48302
63.1095,1.47193,11.3851,0.10056,47850
63.1195,1.47172,11.39978,0.10295,47713
63.1295,1.47151,11.4107,0.10011,48362
63.1395,1.4713,11.42484,0.10355,47687
63.1495,1.4711,11.43654,0.10602,47915
63.1595,1.47089,11.45272,0.10949,48309
63.1695,1.47068,11.47034,0.10367,47929
63.1795,1.47047,11.46476,0.10306,48065
63.1895,1.47026,11.49848,0.11433,48277
63.1995,1.47005,11.49443,0.10499,47929
63.2095,1.46984,11.50707,0.10379,47505
63.2195,1.46964,11.52404,0.09668,48498
63.2295,1.46943,11.54041,0.1067,48088
63.2395,1.46922,11.54447,0.10685,47813
63.2495,1.46901,11.56435,0.09057,48307
63.2595,1.4688,11.5689,0.10791,48147
63.2695,1.46859,11.58175,0.1075,47726
63.2795,1.46839,11.60442,0.09923,47852
63.2895,1.46818,11.59354,0.10487,48435
63.2995,1.46797,11.6295,0.10854,47775
63.3095,1.46776,11.62922,0.10729,48015
63.3195,1.46756,11.65049,0.10881,48421
63.3295,1.46735,11.65384,0.10301,48180
63.3395,1.46714,11.66995,0.11045,47879
63.3495,1.46693,11.67819,0.11347,48096
63.3595,1.46673,11.70343,0.09947,47966
63.3695,1.46652,11.69767,0.0971,48030
63.3795,1.46631,11.72125,0.11391,48335
63.3895,1.4661,11.73211,0.09864,48274
63.3995,1.4659,11.74525,0.10074,47830
63.4095,1.46569,11.75142,0.10329,47866
63.4195,1.46548,11.76383,0.10612,48248
63.4295,1.46528,11.77776,0.10508,48019
63.4395,1.46507,11.78945,0.10449,47836
63.4494,1.46486,11.80037,0.10993,48505
63.4594,1.46466,11.81051,0.10855,48098
63.4694,1.46445,11.81688,0.10469,47940
63.4794,1.46424,11.83358,0.11021,48439
63.4894,1.46404,11.84307,0.10992,48159
63.4994,1.46383,11.83811,0.10658,47882
63.5094,1.46362,11.85932,0.10039,48078
63.5194,1.46342,11.86364,0.10722,48369
63.5294,1.46321,11.86906,0.09849,47978
63.5394,1.463,11.87785,0.10475,48137
63.5494,1.4628,11.88294,0.0989,48258
63.5594,1.46259,11.89364,0.10695,47774
63.5694,1.46239,11.89241,0.10904,48150
63.5794,1.46218,11.90469,0.10201,48211
63.5894,1.46197,11.90563,0.1101,47980
63.5994,1.46177,11.91714,0.10862,48459
63.6094,1.46156,11.91733,0.1118,48138
63.6194,1.46136,11.92218,0.10719,48127
63.6294,1.46115,11.93082,0.10541,48492
63.6394,1.46095,11.9323,0.11176,47801
63.6494,1.46074,11.93425,0.1096,48167
63.6594,1.46054,11.94554,0.09779,48099
63.6694,1.46033,11.93775,0.10543,48376
63.6794,1.46012,11.96037,0.09986,48256
63.6894,1.45992,11.94581,0.10547,47962
63.6994,1.45971,11.96095,0.09863,48173
63.7094,1.45951,11.96416,0.11027,48039
63.7194,1.4593,11.96565,0.10566,48175
63.7294,1.4591,11.97327,0.11104,48290
63.7394,1.4589,11.97334,0.10538,48200
63.7494,1.45869,11.97974,0.10834,48143
63.7594,1.45849,11.98715,0.11589,48421
63.7694,1.45828,11.98603,0.10669,48302
63.7794,1.45808,11.99549,0.10602,48116
63.7894,1.45787,11.98708,0.11031,48130
63.7994,1.45767,12.0051,0.10231,48153
63.8094,1.45746,11.9938,0.10459,48264
63.8194,1.45726,12.0095,0.0954,48340
63.8294,1.45706,12.00354,0.10823,48309
63.8394,1.45685,12.0085,0.10612,47735
63.8494,1.45665,12.00537,0.10562,48149
63.8594,1.45644,12.01702,0.10393,48509
63.8694,1.45624,12.01518,0.10858,47913
63.8794,1.45604,12.01086,0.11028,48408
63.8894,1.45583,12.01782,0.10718,48394
63.8994,1.45563,12.01261,0.11021,48383
63.9094,1.45542,12.01454,0.10848,48045
63.9194,1.45522,12.01166,0.10725,48673
63.9294,1.45502,12.0135,0.11288,48131
63.9394,1.45481,12.00525,0.11263,47829
63.9494,1.45461,12.01307,0.09762,48444
63.9594,1.45441,12.0066,0.0983,48604
63.9694,1.4542,12.00333,0.10753,47979
63.9794,1.454,12.00519,0.10536,48031
63.9894,1.4538,11.99255,0.09949,48366
63.9993,1.4536,11.99743,0.10573,48146
64.0093,1.45339,11.98866,0.10739,48291
64.0193,1.45319,11.99233,0.11194,48542
64.0293,1.45299,11.97774,0.10565,48228
64.0393,1.45278,11.98368,0.11431,47993
64.0493,1.45258,11.97624,0.10646,48775
64.0593,1.45238,11.97477,0.11176,48510
64.0693,1.45218,11.96263,0.10357,47923
64.0793,1.45197,11.9626,0.11166,48331
64.0893,1.45177,11.95799,0.10655,48469
64.0993,1.45157,11.95177,0.10319,48053
64.1093,1.45137,11.94988,0.09355,48457
64.1193,1.45116,11.94694,0.10574,48269
64.1293,1.45096,11.9367,0.10994,48199
64.1393,1.45076,11.93433,0.09954,48008
64.1493,1.45056,11.9306,0.10722,48655
64.1593,1.45036,11.92342,0.11604,48433
64.1693,1.45015,11.91753,0.10467,47962
64.1793,1.44995,11.91699,0.11046,48674
64.1893,1.44975,11.91332,0.10726,48499
64.1993,1.44955,11.90066,0.10986,48325
64.2093,1.44935,11.89878,0.1083,48354
64.2193,1.44915,11.89433,0.10781,48394
64.2293,1.44894,11.88592,0.10956,47911
64.2393,1.44874,11.87755,0.1032,48463
64.2493,1.44854,11.88082,0.09182,48701
64.2593,1.44834,11.86355,0.1054,48329
64.2693,1.44814,11.85616,0.10572,47989
64.2793,1.44794,11.84928,0.105,48421
64.2893,1.44774,11.84363,0.10407,48399
64.2993,1.44754,11.83559,0.1063,48374
64.3093,1.44734,11.82795,0.11565,48298
64.3193,1.44713,11.81746,0.10527,48675
64.3293,1.44693,11.80647,0.10434,48295
64.3393,1.44673,11.80111,0.11154,48397
64.3493,1.44653,11.79014,0.11516,48612
64.3593,1.44633,11.77612,0.09985,48329
64.3693,1.44613,11.7652,0.11299,48275
64.3793,1.44593,11.76214,0.10363,48418
64.3893,1.44573,11.74328,0.09406,48498
64.3993,1.44553,11.72949,0.09977,48289
64.4093,1.44533,11.71564,0.10383,48167
64.4193,1.44513,11.71214,0.11027,48412
64.4293,1.44493,11.68701,0.0977,48473
64.4393,1.44473,11.68376,0.10507,48411
64.4493,1.44453,11.6639,0.11231,48527
64.4593,1.44433,11.65979,0.11242,48332
64.4693,1.44413,11.63507,0.09743,48743
64.4793,1.44393,11.62938,0.11237,48333
64.4893,1.44373,11.60904,0.10813,48527
64.4993,1.44353,11.6062,0.11469,48669
64.5093,1.44333,11.5816,0.10115,48156
64.5193,1.44313,11.57316,0.10873,48555
64.5293,1.44293,11.55929,0.09654,48391
64.5393,1.44273,11.54344,0.0949,48477
64.5492,1.44253,11.53658,0.10637,48295
64.5592,1.44233,11.51392,0.10187,48442
64.5692,1.44214,11.51027,0.10575,48435
64.5792,1.44194,11.48695,0.10377,48159
64.5892,1.44174,11.48338,0.10211,48566
64.5992,1.44154,11.46705,0.11702,48859
64.6092,1.44134,11.4537,0.10368,48644
64.6192,1.44114,11.44428,0.10835,48195
64.6292,1.44094,11.42804,0.10298,48651
64.6392,1.44074,11.42301,0.11616,48789
64.6492,1.44054,11.40622,0.102,48291
64.6592,1.44035,11.3955,0.10823,48214
64.6692,1.44015,11.38164,0.09037,48966
64.6792,1.43995,11.37232,0.10441,48279
64.6892,1.43975,11.35072,0.09565,48120
64.6992,1.43955,11.34416,0.10506,48630
64.7092,1.43935,11.3306,0.10035,48628
64.7192,1.43916,11.31129,0.10745,48187
64.7292,1.43896,11.30681,0.10342,48673
64.7392,1.43876,11.29289,0.10689,48855
64.7492,1.43856,11.2798,0.10977,48439
64.7592,1.43836,11.26156,0.10522,48550
64.7692,1.43817,11.24898,0.10229,48792
64.7792,1.43797,11.23636,0.11193,48731
64.7892,1.43777,11.22135,0.1057,48296
64.7992,1.43757,11.20838,0.10505,48556
64.8092,1.43737,11.19196,0.09429,48545
64.8192,1.43718,11.17993,0.09712,48217
64.8292,1.43698,11.16149,0.09761,48681
64.8392,1.43678,11.14913,0.1038,48590
64.8492,1.43658,11.12992,0.10102,48411
64.8592,1.43639,11.11425,0.10459,48439
64.8692,1.43619,11.10464,0.10423,48952
64.8792,1.43599,11.08404,0.10329,48659
64.8892,1.4358,11.07107,0.10833,48015
64.8992,1.4356,11.05558,0.10175,49100
64.9092,1.4354,11.04285,0.10353,48918
64.9192,1.4352,11.0245,0.1091,48374
64.9292,1.43501,11.0068,0.10897,48652
64.9392,1.43481,10.99301,0.09987,48606
64.9492,1.43461,10.97548,0.09759,48535
64.9592,1.43442,10.95643,0.09271,48504
64.9692,1.43422,10.94228,0.09966,48649
64.9792,1.43402,10.92534,0.09978,48553
64.9892,1.43383,10.9064,0.09746,48425
64.9992,1.43363,10.88907,0.10618,48543
65.0092,1.43344,10.87402,0.1076,48940
65.0192,1.43324,10.85658,0.09804,48410
65.0292,1.43304,10.83968,0.10359,48581
65.0392,1.43285,10.82273,0.10772,49041
65.0492,1.43265,10.80471,0.1018,48782
65.0592,1.43245,10.78684,0.10751,48567
65.0692,1.43226,10.77014,0.10536,48742
65.0792,1.43206,10.75708,0.10857,48793
65.0892,1.43187,10.73517,0.09231,48420
65.0991,1.43167,10.7147,0.0936,48482
65.1091,1.43148,10.69915,0.09814,48625
65.1191,1.43128,10.68397,0.09576,48472
65.1291,1.43108,10.66575,0.10026,48811
65.1391,1.43089,10.64621,0.10154,48592
65.1491,1.43069,10.63283,0.10145,48854
65.1591,1.4305,10.61497,0.10961,48577
65.1691,1.4303,10.59193,0.09722,48707
65.1791,1.43011,10.58202,0.10327,49020
65.1891,1.42991,10.56689,0.10461,48632
65.1991,1.42972,10.54451,0.10097,48896
65.2091,1.42952,10.52566,0.10667,48686
65.2191,1.42933,10.51046,0.10082,48743
65.2291,1.42913,10.49846,0.09953,48752
65.2391,1.42894,10.47388,0.08861,48372
65.2491,1.42874,10.4547,0.09958,48598
65.2591,1.42855,10.44459,0.09519,48724
65.2691,1.42835,10.42333,0.09639,48880
65.2791,1.42816,10.40504,0.10268,48420
65.2891,1.42796,10.39512,0.10239,48754
65.2991,1.42777,10.3733,0.09524,49031
65.3091,1.42758,10.35602,0.10882,48685
65.3191,1.42738,10.33729,0.10131,48681
65.3291,1.42719,10.32627,0.09985,49067
65.3391,1.42699,10.30904,0.10333,48885
65.3491,1.4268,10.28734,0.10402,48740
65.3591,1.42661,10.27503,0.10067,48754
65.3691,1.42641,10.26059,0.09565,48851
65.3791,1.42622,10.24004,0.09164,48711
65.3891,1.42602,10.22051,0.09572,48213
65.3991,1.42583,10.20526,0.09601,48778
65.4091,1.42564,10.19716,0.09425,49007
65.4191,1.42544,10.17474,0.10275,48499
65.4291,1.42525,10.16331,0.10004,48918
65.4391,1.42505,10.15267,0.09913,49087
65.4491,1.42486,10.13029,0.09882,48693
65.4591,1.42467,10.11838,0.10483,48869
65.4691,1.42447,10.10068,0.09655,49031
65.4791,1.42428,10.09103,0.09919,48971
65.4891,1.42409,10.07156,0.10916,48518
65.4991,1.42389,10.06178,0.09888,49193
65.5091,1.4237,10.04587,0.09701,48864
65.5191,1.42351,10.02593,0.09282,48523
65.5291,1.42332,10.01429,0.08975,48475
65.5391,1.42312,10.00097,0.09452,48928
65.5491,1.42293,9.98944,0.09512,48973
65.5591,1.42274,9.97139,0.10095,48287
65.5691,1.42254,9.96289,0.09702,49196
65.5791,1.42235,9.94693,0.10307,49164
65.5891,1.42216,9.93245,0.09628,48758
65.5991,1.42197,9.91618,0.10216,48747
65.6091,1.42177,9.90431,0.09976,49052
65.6191,1.42158,9.88756,0.09923,49188
65.6291,1.42139,9.87567,0.10056,48421
65.6391,1.4212,9.86027,0.10217,49334
65.649,1.421,9.84885,0.0879,49073
65.659,1.42081,9.82528,0.0982,48356
65.669,1.42062,9.81388,0.09092,48724
65.679,1.42043,9.79897,0.0889,48866
65.689,1.42024,9.7863,0.1031,48834
65.699,1.42004,9.7693,0.09133,48877
65.709,1.41985,9.75881,0.10078,48915
65.719,1.41966,9.74365,0.09868,49131
65.729,1.41947,9.72765,0.09757,48907
65.739,1.41928,9.70907,0.09936,48891
65.749,1.41909,9.70336,0.09604,49242
65.759,1.41889,9.68176,0.09964,49023
65.769,1.4187,9.66581,0.10304,48883
65.779,1.41851,9.65639,0.10352,49086
65.789,1.41832,9.64526,0.09037,48897
65.799,1.41813,9.62281,0.09306,48583
65.809,1.41794,9.61305,0.0911,48667
65.819,1.41775,9.59979,0.08801,49095
65.829,1.41756,9.58894,0.0927,48884
65.839,1.41736,9.57286,0.10128,49077
65.849,1.41717,9.56399,0.09384,48980
65.859,1.41698,9.55323,0.09741,48919
65.869,1.41679,9.54074,0.10071,48997
65.879,1.4166,9.52618,0.09857,49146
65.889,1.41641,9.51246,0.09908,49122
65.899,1.41622,9.50599,0.09589,49001
65.909,1.41603,9.49011,0.10105,49283
65.919,1.41584,9.47413,0.09962,48883
65.929,1.41565,9.4703,0.08779,49128
65.939,1.41546,9.44896,0.09403,48544
65.949,1.41527,9.44354,0.086,49025
65.959,1.41508,9.42939,0.09159,48831
65.969,1.41489,9.41789,0.09184,48790
65.979,1.4147,9.40795,0.09852,49326
65.989,1.41451,9.39166,0.09621,48890
65.999,1.41432,9.38542,0.09602,49100
66.009,1.41413,9.37051,0.09817,49181
66.019,1.41394,9.35755,0.09748,49152
66.029,1.41375,9.3427,0.09906,49004
66.039,1.41356,9.33107,0.09667,49277
66.049,1.41337,9.32155,0.09696,49307
66.059,1.41318,9.30324,0.09273,49163
66.069,1.41299,9.29534,0.09255,48862
66.079,1.4128,9.27393,0.09335,48610
66.089,1.41261,9.26696,0.08708,49117
66.099,1.41242,9.25239,0.08729,48790
66.109,1.41223,9.24311,0.09876,49084
66.119,1.41204,9.23928,0.09791,49229
66.129,1.41185,9.21911,0.09163,49214
66.139,1.41166,9.20724,0.10554,48742
66.149,1.41147,9.20372,0.08799,49532
66.159,1.41128,9.18795,0.09893,49265
66.169,1.41109,9.17176,0.09599,49097
66.179,1.41091,9.16906,0.0962,48977
66.189,1.41072,9.1596,0.10197,49534
66.1989,1.41053,9.14878,0.08728,49228
66.2089,1.41034,9.13468,0.0929,48775
66.2189,1.41015,9.1291,0.09519,48791
66.2289,1.40996,9.12481,0.08523,49127
66.2389,1.40977,9.11169,0.09176,49077
66.2489,1.40958,9.10397,0.09356,48788
66.2589,1.4094,9.10179,0.09204,49552
66.2689,1.40921,9.09307,0.09822,49224
66.2789,1.40902,9.07839,0.09341,48868
66.2889,1.40883,9.07964,0.09705,49402
66.2989,1.40864,9.07516,0.09133,49430
66.3089,1.40845,9.06064,0.10091,49409
66.3189,1.40827,9.05407,0.09607,48734
66.3289,1.40808,9.05283,0.09516,49662
66.3389,1.40789,9.04529,0.08706,49386
66.3489,1.4077,9.03059,0.0958,48789
66.3589,1.40751,9.02777,0.09192,48715
66.3689,1.40733,9.02625,0.0864,49248
66.3789,1.40714,9.01426,0.08947,49276
66.3889,1.40695,9.00889,0.09506,48976
66.3989,1.40676,9.00066,0.09012,49226
66.4089,1.40658,8.99652,0.09464,49454
66.4189,1.40639,8.98508,0.09829,48994
66.4289,1.4062,8.98253,0.09053,49366
66.4389,1.40601,8.97682,0.09921,49432
66.4489,1.40583,8.96919,0.094,49398
66.4589,1.40564,8.95695,0.10104,49365
66.4689,1.40545,8.9537,0.09112,49122
66.4789,1.40527,8.94927,0.08848,49636
66.4889,1.40508,8.93093,0.0953,48927
66.4989,1.40489,8.92876,0.0882,48924
66.5089,1.4047,8.92323,0.0869,49232
66.5189,1.40452,8.91403,0.09351,49209
66.5289,1.40433,8.90319,0.09012,49240
66.5389,1.40414,8.89982,0.09051,49175
66.5489,1.40396,8.89014,0.09848,49408
66.5589,1.40377,8.87927,0.09357,49222
66.5689,1.40358,8.87553,0.09208,49531
66.5789,1.4034,8.86779,0.09352,49223
66.5889,1.40321,8.8599,0.1065,49483
66.5989,1.40302,8.84842,0.09262,49487
66.6089,1.40284,8.83991,0.08794,49374
66.6189,1.40265,8.83392,0.08887,49512
66.6289,1.40247,8.82063,0.09411,48918
66.6389,1.40228,8.81082,0.08957,49041
66.6489,1.40209,8.80633,0.08503,49304
66.6589,1.40191,8.79523,0.09198,49178
66.6689,1.40172,8.78529,0.08919,49336
66.6789,1.40154,8.78253,0.09534,49612
66.6889,1.40135,8.77204,0.0953,49003
66.6989,1.40116,8.76139,0.093,49499
66.7089,1.40098,8.75222,0.09388,49499
66.7189,1.40079,8.74846,0.09487,49605
66.7289,1.40061,8.73583,0.09577,49207
66.7389,1.40042,8.72909,0.0961,49577
66.7488,1.40024,8.72029,0.08548,49550
66.7588,1.40005,8.71035,0.0926,49407
66.7688,1.39987,8.69948,0.08924,48861
66.7788,1.39968,8.69109,0.08885,49321
66.7888,1.39949,8.68907,0.08879,49336
66.7988,1.39931,8.68388,0.08792,49441
66.8088,1.39912,8.66935,0.08871,49008
66.8188,1.39894,8.6686,0.09599,49851
66.8288,1.39875,8.66092,0.09945,49552
66.8388,1.39857,8.65262,0.08776,49268
66.8488,1.39838,8.64395,0.09515,49466
66.8588,1.3982,8.64156,0.09845,49544
66.8688,1.39801,8.63569,0.09033,49714
66.8788,1.39783,8.62089,0.09573,49094
66.8888,1.39765,8.62049,0.08831,49896
66.8988,1.39746,8.61335,0.08598,49511
66.9088,1.39728,8.60773,0.09363,49101
66.9188,1.39709,8.59902,0.09175,48894
66.9288,1.39691,8.59782,0.08575,49653
66.9388,1.39672,8.59544,0.08515,49600
66.9488,1.39654,8.58837,0.09743,49233
66.9588,1.39635,8.57968,0.09253,49354
66.9688,1.39617,8.58067,0.08673,49753
66.9788,1.39599,8.57377,0.1024,49646
66.9888,1.3958,8.56876,0.09063,49295
66.9988,1.39562,8.56023,0.09321,49711
67.0088,1.39543,8.55786,0.09463,49831
67.0188,1.39525,8.5547,0.08894,49636
67.0288,1.39507,8.54636,0.08892,49255
67.0388,1.39488,8.54423,0.08726,49520
67.0488,1.3947,8.53868,0.09066,49362
67.0588,1.39452,8.53568,0.09765,49016
67.0688,1.39433,8.52816,0.08009,49426
67.0788,1.39415,8.52519,0.09198,49789
67.0888,1.39396,8.52347,0.093,49648
67.0988,1.39378,8.51734,0.08928,49470
67.1088,1.3936,8.51283,0.09419,49515
67.1188,1.39341,8.50801,0.0943,49830
67.1288,1.39323,8.50434,0.09235,49647
67.1388,1.39305,8.50187,0.0937,49618
67.1488,1.39287,8.49381,0.09722,49527
67.1588,1.39268,8.48981,0.08352,50025
67.1688,1.3925,8.48457,0.0859,49182
67.1788,1.39232,8.48336,0.09336,49673
67.1888,1.39213,8.47376,0.09342,49222
67.1988,1.39195,8.47132,0.08774,49375
67.2088,1.39177,8.46951,0.08351,49611
67.2188,1.39158,8.4631,0.09572,49591
67.2288,1.3914,8.45791,0.08934,49691
67.2388,1.39122,8.4592,0.08924,49509
67.2488,1.39104,8.45332,0.09604,49881
67.2588,1.39085,8.44818,0.09319,49645
67.2688,1.39067,8.44638,0.09069,49804
67.2788,1.39049,8.44363,0.09409,49699
67.2888,1.39031,8.44051,0.09363,49884
67.2987,1.39013,8.43391,0.08324,49591
67.3087,1.38994,8.43207,0.09154,49395
67.3187,1.38976,8.42928,0.09057,49654
67.3287,1.38958,8.42548,0.09425,49478
67.3387,1.3894,8.4201,0.08206,49339
67.3487,1.38921,8.424,0.09233,49454
67.3587,1.38903,8.42067,0.08673,49972
67.3687,1.38885,8.41753,0.09158,49810
67.3787,1.38867,8.41483,0.09447,49666
67.3887,1.38849,8.41577,0.0944,49540
67.3987,1.38831,8.41357,0.09042,50090
67.4087,1.38812,8.41117,0.09312,49839
67.4187,1.38794,8.41026,0.10156,49475
67.4287,1.38776,8.41217,0.08008,50047
67.4387,1.38758,8.40722,0.08952,49685
67.4487,1.3874,8.4052,0.08913,49666
67.4587,1.38722,8.40764,0.09115,49313
67.4687,1.38704,8.4087,0.09004,49615
67.4787,1.38685,8.40621,0.08982,49797
67.4887,1.38667,8.4089,0.0857,49699
67.4987,1.38649,8.40659,0.09249,49550
67.5087,1.38631,8.40732,0.09243,50028
67.5187,1.38613,8.40622,0.09425,49936
67.5287,1.38595,8.40767,0.0877,49565
67.5387,1.38577,8.40707,0.09593,49857
67.5487,1.38559,8.40853,0.09461,50161
67.5587,1.38541,8.40718,0.0865,49950
67.5687,1.38523,8.40585,0.08885,49433
67.5787,1.38505,8.40645,0.08633,49691
67.5887,1.38487,8.40548,0.09095,49933
67.5987,1.38468,8.40415,0.09436,49624
67.6087,1.3845,8.40069,0.09118,49243
67.6187,1.38432,8.39914,0.08568,49951
67.6287,1.38414,8.40237,0.0883,50049
67.6387,1.38396,8.39771,0.08975,49659
67.6487,1.38378,8.39532,0.0952,49633
67.6587,1.3836,8.39677,0.08948,50273
67.6687,1.38342,8.39691,0.09471,49860
67.6787,1.38324,8.38702,0.09193,49820
67.6887,1.38306,8.38567,0.09631,49872
67.6987,1.38288,8.38582,0.08155,50203
67.7087,1.3827,8.38224,0.08982,49774
67.7187,1.38252,8.37683,0.09093,49728
67.7287,1.38234,8.37152,0.0899,49658
67.7387,1.38216,8.36515,0.09492,49810
67.7487,1.38198,8.36493,0.08556,49738
67.7587,1.3818,8.36073,0.08905,49821
67.7687,1.38163,8.3577,0.0878,49888
67.7787,1.38145,8.35337,0.09151,49998
67.7887,1.38127,8.34728,0.09546,49829
67.7987,1.38109,8.34579,0.09215,50029
67.8087,1.38091,8.34011,0.09107,49929
67.8187,1.38073,8.34114,0.09815,50070
67.8287,1.38055,8.33205,0.08377,50038
67.8387,1.38037,8.33101,0.08549,50068
67.8486,1.38019,8.32468,0.09068,49643
67.8586,1.38001,8.32245,0.09027,50040
67.8686,1.37983,8.31519,0.09113,49808
67.8786,1.37965,8.31203,0.09257,49658
67.8886,1.37948,8.31417,0.08527,49961
67.8986,1.3793,8.31013,0.08534,49970
67.9086,1.37912,8.3067,0.09533,50015
67.9186,1.37894,8.30266,0.08832,50086
67.9286,1.37876,8.30222,0.09649,49810
67.9386,1.37858,8.30054,0.08968,50002
67.9486,1.3784,8.30221,0.09349,50261
67.9586,1.37822,8.30068,0.09105,50233
67.9686,1.37805,8.29845,0.08285,50005
67.9786,1.37787,8.29706,0.09044,49618
67.9886,1.37769,8.29769,0.08946,50124
67.9986,1.37751,8.29336,0.09412,50079
68.0086,1.37733,8.29331,0.08959,49656
68.0186,1.37716,8.29681,0.09516,49865
68.0286,1.37698,8.29977,0.08428,50203
68.0386,1.3768,8.29867,0.085,50054
68.0486,1.37662,8.29575,0.09893,49803
68.0586,1.37644,8.30134,0.09087,50326
68.0686,1.37627,8.30267,0.09246,50201
68.0786,1.37609,8.30047,0.09012,50203
68.0886,1.37591,8.30387,0.09687,49721
68.0986,1.37573,8.30863,0.08094,50583
68.1086,1.37556,8.30655,0.08904,50006
68.1186,1.37538,8.30513,0.09381,49822
68.1286,1.3752,8.30688,0.08687,49730
68.1386,1.37502,8.31198,0.09297,50384
68.1486,1.37485,8.30713,0.09322,49907
68.1586,1.37467,8.30762,0.08826,50103
68.1686,1.37449,8.31236,0.08689,49599
68.1786,1.37431,8.31329,0.09215,50589
68.1886,1.37414,8.31358,0.08801,50215
68.1986,1.37396,8.31017,0.09238,50000
68.2086,1.37378,8.31243,0.09521,50076
68.2186,1.37361,8.31547,0.09235,50568
68.2286,1.37343,8.31146,0.08233,50310
68.2386,1.37325,8.30916,0.09349,49803
68.2486,1.37307,8.31319,0.08988,49942
68.2586,1.3729,8.31089,0.08748,50494
68.2686,1.37272,8.30635,0.09085,50059
68.2786,1.37254,8.30471,0.0962,49971
68.2886,1.37237,8.30977,0.0912,49838
68.2986,1.37219,8.30605,0.08305,50479
68.3086,1.37201,8.30429,0.09382,50230
68.3186,1.37184,8.30199,0.088,50002
68.3286,1.37166,8.30264,0.09192,50274
68.3386,1.37149,8.3024,0.09705,50381
68.3486,1.37131,8.29792,0.08806,50289
68.3586,1.37113,8.30007,0.09192,50221
68.3686,1.37096,8.29685,0.0873,50186
68.3786,1.37078,8.29543,0.08527,50219
68.3885,1.37061,8.2961,0.08988,50231
68.3985,1.37043,8.29277,0.09801,50076
68.4085,1.37025,8.29038,0.08928,50126
68.4185,1.37008,8.29366,0.09255,50271
68.4285,1.3699,8.29108,0.09512,49997
68.4385,1.36973,8.29362,0.08031,50542
68.4485,1.36955,8.28812,0.09304,50112
68.4585,1.36937,8.2888,0.09455,50242
68.4685,1.3692,8.29005,0.08797,50218
68.4785,1.36902,8.28473,0.09743,50696
68.4885,1.36885,8.2859,0.08949,50245
68.4985,1.36867,8.28802,0.08492,50488
68.5085,1.3685,8.28599,0.08573,49822
68.5185,1.36832,8.28539,0.09454,50639
68.5285,1.36815,8.2851,0.08965,50124
68.5385,1.36797,8.28678,0.09272,50201
68.5485,1.3678,8.28912,0.09153,50298
68.5585,1.36762,8.28879,0.09373,50271
68.5685,1.36745,8.28914,0.08608,50262
68.5785,1.36727,8.29302,0.08639,50308
68.5885,1.3671,8.29384,0.09585,50222
68.5985,1.36692,8.29662,0.08851,50768
68.6085,1.36675,8.29464,0.0932,50504
68.6185,1.36657,8.29687,0.09928,50172
68.6285,1.3664,8.30166,0.07936,50420
68.6385,1.36622,8.30408,0.08909,50525
68.6485,1.36605,8.30321,0.09458,50098
68.6585,1.36587,8.30809,0.08874,50142
68.6685,1.3657,8.31497,0.09219,50483
68.6785,1.36552,8.318,0.0988,50741
68.6885,1.36535,8.32239,0.08698,50136
68.6985,1.36518,8.32411,0.09536,49942
68.7085,1.365,8.32757,0.08793,50789
68.7185,1.36483,8.3309,0.08559,50569
68.7285,1.36465,8.33649,0.09457,50394
68.7385,1.36448,8.33824,0.09903,49855
68.7485,1.3643,8.34485,0.08851,51051
68.7585,1.36413,8.34826,0.0835,50833
68.7685,1.36396,8.35126,0.09088,50198
68.7785,1.36378,8.35341,0.08831,49872
68.7885,1.36361,8.36385,0.09318,50686
68.7985,1.36344,8.36589,0.09258,50623
68.8085,1.36326,8.36915,0.09284,50523
68.8185,1.36309,8.37417,0.09327,50266
68.8285,1.36291,8.37529,0.09563,50259
68.8385,1.36274,8.38174,0.08298,50784
68.8485,1.36257,8.38526,0.09,50577
68.8585,1.36239,8.38544,0.09381,50169
68.8685,1.36222,8.39242,0.09419,50707
68.8785,1.36205,8.39413,0.08782,50731
68.8885,1.36187,8.39781,0.08983,50774
68.8985,1.3617,8.40009,0.08726,50208
68.9085,1.36153,8.39995,0.08824,50308
68.9185,1.36135,8.40268,0.09359,50687
68.9285,1.36118,8.40391,0.09404,50616
68.9384,1.36101,8.40491,0.08994,50337
68.9484,1.36084,8.40888,0.09814,50545
68.9584,1.36066,8.40895,0.09261,50597
68.9684,1.36049,8.40915,0.08902,50458
68.9784,1.36032,8.40837,0.08855,50614
68.9884,1.36014,8.41168,0.09584,50471
68.9984,1.35997,8.4112,0.08701,50775
69.0084,1.3598,8.4097,0.09567,50563
69.0184,1.35963,8.41218,0.08553,50814
69.0284,1.35945,8.41202,0.08595,50681
69.0384,1.35928,8.40889,0.09534,50290
69.0484,1.35911,8.41362,0.08775,50554
69.0584,1.35894,8.41056,0.09478,50687
69.0684,1.35876,8.41239,0.09658,50558
69.0784,1.35859,8.4138,0.09295,50621
69.0884,1.35842,8.41279,0.09415,50720
69.0984,1.35825,8.41596,0.09703,50402
69.1084,1.35808,8.41965,0.0836,50799
69.1184,1.3579,8.4114,0.09445,50491
69.1284,1.35773,8.41788,0.09375,50891
69.1384,1.35756,8.41962,0.08985,50735
69.1484,1.35739,8.41724,0.08943,50864
69.1584,1.35722,8.41889,0.08541,50676
69.1684,1.35704,8.42211,0.09171,50246
69.1784,1.35687,8.41981,0.09046,50651
69.1884,1.3567,8.42479,0.09125,50917
69.1984,1.35653,8.42373,0.0944,50765
69.2084,1.35636,8.42452,0.09378,50500
69.2184,1.35619,8.43087,0.09425,50809
69.2284,1.35601,8.42732,0.09024,50686
69.2384,1.35584,8.43213,0.08926,50712
69.2484,1.35567,8.43342,0.09391,50490
69.2584,1.3555,8.43263,0.08691,50896
69.2684,1.35533,8.43714,0.09612,50969
69.2784,1.35516,8.4385,0.09081,51022
69.2884,1.35499,8.43783,0.08321,50372
69.2984,1.35482,8.44208,0.0933,50676
69.3084,1.35465,8.44295,0.09303,50740
69.3184,1.35447,8.44858,0.09042,50911
69.3284,1.3543,8.45086,0.09529,50723
69.3384,1.35413,8.45278,0.09277,50798
69.3484,1.35396,8.45931,0.09466,50955
69.3584,1.35379,8.46234,0.0963,50667
69.3684,1.35362,8.46694,0.09318,50588
69.3784,1.35345,8.47022,0.08522,50803
69.3884,1.35328,8.4753,0.0941,50986
69.3984,1.35311,8.48124,0.09126,50896
69.4084,1.35294,8.48613,0.09152,51034
69.4184,1.35277,8.49075,0.08723,50583
69.4284,1.3526,8.49056,0.09005,50930
69.4384,1.35243,8.49912,0.09225,50783
69.4484,1.35226,8.50528,0.09387,50603
69.4584,1.35209,8.50799,0.09796,50968
69.4684,1.35192,8.51593,0.09009,51042
69.4784,1.35175,8.51941,0.09682,50928
69.4883,1.35158,8.52534,0.09623,50925
69.4983,1.35141,8.53314,0.08813,50661
69.5083,1.35124,8.53582,0.09103,50787
69.5183,1.35107,8.5452,0.0931,51152
69.5283,1.3509,8.5442,0.09092,50981
69.5383,1.35073,8.55451,0.09005,50772
69.5483,1.35056,8.55195,0.08902,50998
69.5583,1.35039,8.56187,0.08718,50746
69.5683,1.35022,8.56162,0.09707,50839
69.5783,1.35005,8.57055,0.09034,50966
69.5883,1.34988,8.57456,0.09341,51014
69.5983,1.34971,8.58075,0.10017,50987
69.6083,1.34954,8.58281,0.09141,51153
69.6183,1.34937,8.58625,0.09651,50902
69.6283,1.3492,8.59511,0.09799,50751
69.6383,1.34903,8.59524,0.08764,50954
69.6483,1.34886,8.60064,0.09368,51171
69.6583,1.34869,8.60245,0.09161,50896
69.6683,1.34852,8.60946,0.08773,51189
69.6783,1.34836,8.61202,0.08831,51010
69.6883,1.34819,8.61777,0.0945,50780
69.6983,1.34802,8.61709,0.08848,50920
69.7083,1.34785,8.62606,0.09429,51182
69.7183,1.34768,8.62676,0.09544,51003
69.7283,1.34751,8.63234,0.0987,50853
69.7383,1.34734,8.63627,0.09297,51054
69.7483,1.34717,8.63979,0.1021,51401
69.7583,1.347,8.64114,0.09391,50922
69.7683,1.34684,8.64637,0.0886,50665
69.7783,1.34667,8.64925,0.0921,50992
69.7883,1.3465,8.65168,0.08997,51632
69.7983,1.34633,8.66005,0.0909,51168
69.8083,1.34616,8.66017,0.08707,51005
69.8183,1.34599,8.66142,0.08935,50411
69.8283,1.34583,8.66767,0.09823,51379
69.8383,1.34566,8.67512,0.09016,51175
69.8483,1.34549,8.67603,0.09766,51318
69.8583,1.34532,8.68132,0.09749,50709
69.8683,1.34515,8.6849,0.09538,51373
69.8783,1.34499,8.69297,0.09424,51445
69.8883,1.34482,8.69249,0.10297,51082
69.8983,1.34465,8.69917,0.08654,50814
69.9083,1.34448,8.70062,0.09404,50987
69.9183,1.34431,8.7091,0.09565,51619
69.9283,1.34415,8.71424,0.08554,51395
69.9383,1.34398,8.7167,0.09135,50820
69.9483,1.34381,8.71914,0.08885,50680
69.9583,1.34364,8.72715,0.09665,51465
69.9683,1.34348,8.73498,0.09288,51194
69.9783,1.34331,8.73967,0.09693,51355
69.9883,1.34314,8.74372,0.0987,50953
69.9983,1.34297,8.75083,0.09351,51391
70.0083,1.34281,8.7605,0.0972,51551
70.0183,1.34264,8.76115,0.09486,51105
70.0283,1.34247,8.77033,0.10158,50779
70.0382,1.3423,8.77429,0.08411,51416
70.0482,1.34214,8.78787,0.09608,51367
70.0582,1.34197,8.78942,0.08608,51455
70.0682,1.3418,8.79732,0.09355,50954
70.0782,1.34164,8.80609,0.08841,51128
70.0882,1.34147,8.81108,0.09995,51188
70.0982,1.3413,8.82328,0.09461,51428
70.1082,1.34114,8.8294,0.09365,51170
70.1182,1.34097,8.84192,0.09858,51381
70.1282,1.3408,8.84689,0.09569,51333
70.1382,1.34064,8.85931,0.09992,51478
70.1482,1.34047,8.86235,0.09749,51336
70.1582,1.3403,8.8717,0.09888,51145
70.1682,1.34014,8.88269,0.08595,51350
70.1782,1.33997,8.88844,0.09661,51392
70.1882,1.3398,8.89921,0.08562,51381
70.1982,1.33964,8.90196,0.09303,51106
70.2082,1.33947,8.91204,0.09234,51454
70.2182,1.3393,8.92064,0.0961,51104
70.2282,1.33914,8.92891,0.09575,51410
70.2382,1.33897,8.93647,0.09896,51289
70.2482,1.33881,8.94267,0.09907,51677
70.2582,1.33864,8.95662,0.09566,51512
70.2682,1.33847,8.95765,0.09854,51253
70.2782,1.33831,8.96621,0.09812,51423
70.2882,1.33814,8.97528,0.09353,51276
70.2982,1.33798,8.98375,0.09313,51708
70.3082,1.33781,8.99366,0.08712,51353
70.3182,1.33764,8.99571,0.09541,51227
70.3282,1.33748,9.0034,0.09,51346
70.3382,1.33731,9.01609,0.09455,51405
70.3482,1.33715,9.01614,0.09522,51524
70.3582,1.33698,9.03051,0.09903,50945
70.3682,1.33682,9.03748,0.09488,51737
70.3782,1.33665,9.04784,0.09901,51697
70.3882,1.33649,9.06267,0.10086,51642
70.3982,1.33632,9.06706,0.10123,51474
70.4082,1.33616,9.07613,0.09489,51281
70.4182,1.33599,9.09313,0.10162,51451
70.4282,1.33582,9.10075,0.08976,51911
70.4382,1.33566,9.11155,0.08947,51383
70.4482,1.33549,9.11962,0.09269,51170
70.4582,1.33533,9.1291,0.09158,51334
70.4682,1.33516,9.1423,0.09599,51685
70.4782,1.335,9.15647,0.09563,51656
70.4882,1.33484,9.1629,0.09702,51385
70.4982,1.33467,9.18078,0.10175,51228
70.5082,1.33451,9.19295,0.09978,52079
70.5182,1.33434,9.20457,0.0998,51750
70.5282,1.33418,9.21999,0.10015,51563
70.5382,1.33401,9.22761,0.10077,51536
70.5482,1.33385,9.24116,0.09853,51290
70.5582,1.33368,9.25995,0.09229,51849
70.5682,1.33352,9.26701,0.08655,51642
70.5782,1.33335,9.2794,0.0924,51279
70.5881,1.33319,9.29632,0.09491,51262
70.5981,1.33302,9.30718,0.09502,51791
70.6081,1.33286,9.31682,0.1028,51747
70.6181,1.3327,9.33219,0.09573,51547
70.6281,1.33253,9.34798,0.1022,51654
70.6381,1.33237,9.36165,0.1001,51572
70.6481,1.3322,9.37263,0.10106,51995
70.6581,1.33204,9.38666,0.10026,51756
70.6681,1.33188,9.39607,0.10085,51777
70.6781,1.33171,9.40858,0.10002,51323
70.6881,1.33155,9.4303,0.09408,51729
70.6981,1.33138,9.43329,0.08569,51748
70.7081,1.33122,9.44725,0.09542,51381
70.7181,1.33106,9.46266,0.09723,51787
70.7281,1.33089,9.47319,0.09633,51549
70.7381,1.33073,9.48586,0.10153,51700
70.7481,1.33057,9.4979,0.10138,51558
70.7581,1.3304,9.51483,0.10116,52058
70.7681,1.33024,9.52332,0.09985,52028
70.7781,1.33008,9.5354,0.10487,51589
70.7881,1.32991,9.55158,0.0981,51901
70.7981,1.32975,9.56428,0.10426,51646
70.8081,1.32959,9.57371,0.09787,51885
70.8181,1.32942,9.5868,0.08928,51755
70.8281,1.32926,9.606,0.09552,51501
70.8381,1.3291,9.61772,0.09269,51364
70.8481,1.32893,9.63072,0.0997,51843
70.8581,1.32877,9.64567,0.0961,52179
70.8681,1.32861,9.66351,0.10132,51574
70.8781,1.32845,9.68055,0.10366,51616
70.8881,1.32828,9.69361,0.10156,52080
70.8981,1.32812,9.70963,0.10443,52166
70.9081,1.32796,9.72609,0.09971,52039
70.9181,1.32779,9.74464,0.10437,51805
70.9281,1.32763,9.76199,0.10121,51579
70.9381,1.32747,9.77896,0.10229,51900
70.9481,1.32731,9.7961,0.08872,52004
70.9581,1.32714,9.81409,0.092,51805
70.9681,1.32698,9.82858,0.10424,51226
70.9781,1.32682,9.84938,0.09558,51739
70.9881,1.32666,9.86832,0.10308,52239
70.9981,1.32649,9.88799,0.10248,51960
71.0081,1.32633,9.90506,0.10127,51925
71.0181,1.32617,9.92405,0.10429,51778
71.0281,1.32601,9.94027,0.10326,52110
71.0381,1.32585,9.96198,0.10488,52256
71.0481,1.32568,9.98159,0.10286,52075
71.0581,1.32552,9.99939,0.10591,51697
71.0681,1.32536,10.01792,0.10251,51576
71.0781,1.3252,10.03556,0.08607,52322
71.0881,1.32504,10.05702,0.09556,51636
71.0981,1.32487,10.07664,0.10146,51885
71.1081,1.32471,10.09466,0.10213,51821
71.1181,1.32455,10.11441,0.10219,51839
71.1281,1.32439,10.13821,0.10318,52366
71.138,1.32423,10.15975,0.10481,52097
71.148,1.32407,10.1817,0.10348,51908
71.158,1.3239,10.19831,0.10767,52379
71.168,1.32374,10.2206,0.10492,51913
71.178,1.32358,10.2457,0.10361,52240
71.188,1.32342,10.26965,0.10755,52108
71.198,1.32326,10.29221,0.0948,51738
71.208,1.3231,10.31264,0.09285,52042
71.218,1.32294,10.33334,0.10004,51686
71.228,1.32278,10.36292,0.10181,52051
71.238,1.32261,10.39244,0.10146,51818
71.248,1.32245,10.41607,0.10723,52241
71.258,1.32229,10.44099,0.10426,52284
71.268,1.32213,10.46672,0.10915,52103
71.278,1.32197,10.4989,0.10751,52150
71.288,1.32181,10.52288,0.10738,52297
71.298,1.32165,10.55099,0.10488,52438
71.308,1.32149,10.58066,0.1073,52244
71.318,1.32133,10.61045,0.10954,51620
71.328,1.32117,10.64345,0.09443,52000
71.338,1.32101,10.66868,0.0955,52174
71.348,1.32085,10.70152,0.09707,52021
71.358,1.32068,10.73308,0.10618,52185
71.368,1.32052,10.76499,0.10796,51875
71.378,1.32036,10.79897,0.10672,52124
71.388,1.3202,10.82982,0.10894,52631
71.398,1.32004,10.86317,0.11092,52463
71.408,1.31988,10.89491,0.10528,52244
71.418,1.31972,10.9294,0.11166,51722
71.428,1.31956,10.9639,0.10422,52547
71.438,1.3194,10.99811,0.11396,52599
71.448,1.31924,11.03512,0.09916,52150
71.458,1.31908,11.06775,0.09956,51851
71.468,1.31892,11.10378,0.0992,51610
71.478,1.31876,11.14105,0.10336,52343
71.488,1.3186,11.18108,0.11388,52481
71.498,1.31844,11.2161,0.10503,52342
71.508,1.31828,11.25907,0.11207,52070
71.518,1.31812,11.29307,0.11281,52256
71.528,1.31796,11.33515,0.10893,52634
71.538,1.3178,11.37659,0.11475,52589
71.548,1.31764,11.41676,0.10878,52396
71.558,1.31749,11.46054,0.11182,52141
71.568,1.31733,11.49751,0.11556,52262
71.578,1.31717,11.54687,0.09462,52483
71.588,1.31701,11.58927,0.10399,51946
71.598,1.31685,11.63827,0.10075,52265
71.608,1.31669,11.68534,0.11381,52050
71.618,1.31653,11.72517,0.11273,52258
71.628,1.31637,11.77773,0.10745,52637
71.638,1.31621,11.82515,0.11636,52426
71.648,1.31605,11.8762,0.11041,52318
71.658,1.31589,11.9241,0.1187,52690
71.668,1.31573,11.97187,0.11198,52359
71.678,1.31557,12.02481,0.11739,52662
71.6879,1.31542,12.07462,0.11326,52545
71.6979,1.31526,12.13272,0.10669,52375
71.7079,1.3151,12.18345,0.10719,52089
71.7179,1.31494,12.22978,0.10195,52131
71.7279,1.31478,12.28794,0.10966,52305
71.7379,1.31462,12.34593,0.11384,52364
71.7479,1.31446,12.40263,0.11389,52531
71.7579,1.3143,12.45852,0.11777,52602
71.7679,1.31415,12.51527,0.11617,52586
71.7779,1.31399,12.56931,0.12276,52544
71.7879,1.31383,12.63435,0.11558,52453
71.7979,1.31367,12.68915,0.11375,52818
71.8079,1.31351,12.75021,0.12467,52646
71.8179,1.31335,12.81305,0.10903,52622
71.8279,1.3132,12.87549,0.10881,52300
71.8379,1.31304,12.93967,0.11456,51872
71.8479,1.31288,13.00207,0.10669,52561
71.8579,1.31272,13.06831,0.11621,52596
71.8679,1.31256,13.13886,0.11818,52544
71.8779,1.31241,13.20327,0.12147,52282
71.8879,1.31225,13.2728,0.11393,52678
71.8979,1.31209,13.34389,0.12423,52941
71.9079,1.31193,13.41655,0.12265,52906
71.9179,1.31177,13.49179,0.11899,52595
71.9279,1.31162,13.56636,0.12444,52103
71.9379,1.31146,13.63902,0.12155,52954
71.9479,1.3113,13.71547,0.11056,52929
71.9579,1.31114,13.80103,0.11826,52204
71.9679,1.31099,13.87715,0.1124,52290
71.9779,1.31083,13.95517,0.11503,52076
71.9879,1.31067,14.03741,0.12166,52869
71.9979,1.31051,14.12627,0.12404,52907
72.0079,1.31036,14.21243,0.12454,52848
72.0179,1.3102,14.30176,0.1236,52741
72.0279,1.31004,14.38783,0.12318,52424
72.0379,1.30988,14.47798,0.13221,52874
72.0479,1.30973,14.56878,0.1238,52960
72.0579,1.30957,14.66576,0.12811,52941
72.0679,1.30941,14.76177,0.11706,52660
72.0779,1.30926,14.8541,0.12077,52521
72.0879,1.3091,14.95763,0.12146,52039
72.0979,1.30894,15.05192,0.11822,52890
72.1079,1.30879,15.15655,0.11905,52699
72.1179,1.30863,15.26713,0.13431,52605
72.1279,1.30847,15.36719,0.12531,52824
72.1379,1.30831,15.47352,0.13455,52715
72.1479,1.30816,15.58483,0.12663,53058
72.1579,1.308,15.70259,0.13171,53059
72.1679,1.30784,15.81699,0.1377,52708
72.1779,1.30769,15.92893,0.12648,52939
72.1879,1.30753,16.04853,0.13317,52842
72.1979,1.30738,16.17181,0.12166,52957
72.2079,1.30722,16.30012,0.12582,52319
72.2179,1.30706,16.42906,0.13185,52385
72.2279,1.30691,16.54856,0.12219,52856
72.2378,1.30675,16.68299,0.13036,53001
72.2478,1.30659,16.81719,0.14171,52728
72.2578,1.30644,16.9646,0.13187,52945
72.2678,1.30628,17.10466,0.13932,52822
72.2778,1.30613,17.24384,0.13247,53262
72.2878,1.30597,17.38729,0.14426,53020
72.2978,1.30581,17.53766,0.13966,52815
72.3078,1.30566,17.70034,0.13736,52843
72.3178,1.3055,17.85546,0.12973,53108
72.3278,1.30535,18.00395,0.13167,52767
72.3378,1.30519,18.17627,0.1374,52535
72.3478,1.30503,18.33808,0.13221,52876
72.3578,1.30488,18.5062,0.13594,52551
72.3678,1.30472,18.67774,0.14055,53003
72.3778,1.30457,18.85586,0.14973,53258
72.3878,1.30441,19.03163,0.14217,53260
72.3978,1.30426,19.21015,0.14399,53024
72.4078,1.3041,19.39583,0.14597,52563
72.4178,1.30395,19.58136,0.14682,53199
72.4278,1.30379,19.77234,0.15293,53375
72.4378,1.30363,19.97025,0.13277,53249
72.4478,1.30348,20.16566,0.14537,52803
72.4578,1.30332,20.36895,0.144,52410
72.4678,1.30317,20.57131,0.14412,52601
72.4778,1.30301,20.77642,0.14303,53300
72.4878,1.30286,20.99166,0.14647,53180
72.4978,1.3027,21.20957,0.15226,53155
72.5078,1.30255,21.43807,0.14891,52782
72.5178,1.30239,21.63564,0.15826,53014
72.5278,1.30224,21.8709,0.15376,53419
72.5378,1.30208,22.10601,0.15799,53386
72.5478,1.30193,22.34409,0.15689,53175
72.5578,1.30177,22.58762,0.14778,53006
72.5678,1.30162,22.81252,0.1506,53084
72.5778,1.30146,23.05453,0.15208,52851
72.5878,1.30131,23.32048,0.15697,52829
72.5978,1.30116,23.57497,0.15104,53171
72.6078,1.301,23.84242,0.15979,52907
72.6178,1.30085,24.08997,0.15635,53293
72.6278,1.30069,24.35455,0.16402,53146
72.6378,1.30054,24.62714,0.1658,53409
72.6478,1.30038,24.90525,0.16611,53299
72.6578,1.30023,25.19495,0.16806,53063
72.6678,1.30007,25.45976,0.17085,53494
72.6778,1.29992,25.74715,0.15853,53273
72.6878,1.29977,26.03088,0.15768,53120
72.6978,1.29961,26.33268,0.16471,53031
72.7078,1.29946,26.64578,0.16641,53038
72.7178,1.2993,26.94729,0.17214,52923
72.7278,1.29915,27.24402,0.15956,53379
72.7378,1.299,27.55601,0.17042,53347
72.7478,1.29884,27.86682,0.17769,53018
72.7578,1.29869,28.20193,0.16819,53087
72.7678,1.29854,28.51186,0.1816,53771
72.7778,1.29838,28.83388,0.17975,53548
72.7877,1.29823,29.16887,0.17931,53472
72.7977,1.29807,29.49405,0.18364,53087
72.8077,1.29792,29.84655,0.16145,53069
72.8177,1.29777,30.16745,0.16704,53258
72.8277,1.29761,30.51373,0.18496,53415
72.8377,1.29746,30.88214,0.18158,53161
72.8477,1.29731,31.21794,0.18293,53210
72.8577,1.29715,31.57912,0.17383,52794
72.8677,1.297,31.92164,0.19375,53725
72.8777,1.29685,32.27898,0.18,53641
72.8877,1.29669,32.64545,0.18985,53621
72.8977,1.29654,33.01475,0.19183,53418
72.9077,1.29639,33.37989,0.19184,53291
72.9177,1.29623,33.74565,0.19939,53286
72.9277,1.29608,34.11352,0.17321,53764
72.9377,1.29593,34.48584,0.18535,53296
72.9477,1.29577,34.87592,0.192,53249
72.9577,1.29562,35.26546,0.19377,53331
72.9677,1.29547,35.65036,0.19583,52833
72.9777,1.29532,36.0189,0.18007,53492
72.9877,1.29516,36.40692,0.19748,53774
72.9977,1.29501,36.81646,0.20444,53722
73.0077,1.29486,37.20595,0.2009,53521
73.0177,1.29471,37.60472,0.20503,53391
73.0277,1.29455,37.98725,0.20689,53477
73.0377,1.2944,38.38593,0.21193,53729
73.0477,1.29425,38.80199,0.18203,53713
73.0577,1.2941,39.2038,0.20127,53334
73.0677,1.29394,39.62909,0.19819,53288
73.0777,1.29379,40.01397,0.21154,53480
73.0877,1.29364,40.43481,0.21401,52941
73.0977,1.29349,40.83861,0.1949,53860
73.1077,1.29333,41.26353,0.20952,53746
73.1177,1.29318,41.67524,0.21171,53365
73.1277,1.29303,42.08047,0.21503,53877
73.1377,1.29288,42.4712,0.21736,53647
73.1477,1.29273,42.89364,0.21262,53637
73.1577,1.29257,43.29805,0.22373,53701
73.1677,1.29242,43.72569,0.19317,53459
73.1777,1.29227,44.08517,0.2153,53547
73.1877,1.29212,44.49957,0.21168,53771
73.1977,1.29197,44.87823,0.22078,53531
73.2077,1.29181,45.28228,0.21928,53259
73.2177,1.29166,45.67189,0.22723,53456
73.2277,1.29151,46.04088,0.20333,53833
73.2377,1.29136,46.40106,0.22314,53738
73.2477,1.29121,46.76145,0.22246,54034
73.2577,1.29106,47.10925,0.22956,53613
73.2677,1.2909,47.45803,0.22393,53559
73.2777,1.29075,47.79995,0.2328,53808
73.2877,1.2906,48.12177,0.20694,54010
73.2977,1.29045,48.41071,0.21654,53735
73.3077,1.2903,48.73369,0.2218,53640
73.3177,1.29015,49.01524,0.23787,53587
73.3277,1.29,49.29538,0.22551,53243
73.3376,1.28985,49.57151,0.22999,53756
73.3476,1.28969,49.81479,0.21214,53971
73.3576,1.28954,50.05881,0.23069,54010
73.3676,1.28939,50.27782,0.23424,53783
73.3776,1.28924,50.51037,0.22423,53650
73.3876,1.28909,50.67543,0.24214,53664
73.3976,1.28894,50.87265,0.23303,54164
73.4076,1.28879,51.04112,0.20821,54203
73.4176,1.28864,51.17951,0.23101,53447
73.4276,1.28849,51.32273,0.21811,53739
73.4376,1.28834,51.44175,0.24346,53481
73.4476,1.28819,51.53709,0.23093,53896
73.4576,1.28803,51.63599,0.25344,53693
73.4676,1.28788,51.70748,0.21252,54171
73.4776,1.28773,51.77048,0.22896,53946
73.4876,1.28758,51.81275,0.23416,53668
73.4976,1.28743,51.81786,0.23221,54146
73.5076,1.28728,51.81763,0.23671,53641
73.5176,1.28713,51.83023,0.23455,54364
73.5276,1.28698,51.79705,0.21661,54123
73.5376,1.28683,51.76062,0.22238,53478
73.5476,1.28668,51.70512,0.22835,53873
73.5576,1.28653,51.62457,0.23389,53936
73.5676,1.28638,51.54611,0.23886,53915
73.5776,1.28623,51.45085,0.23994,53931
73.5876,1.28608,51.34266,0.21867,53890
73.5976,1.28593,51.22376,0.23164,53924
73.6076,1.28578,51.07469,0.22292,54172
73.6176,1.28563,50.92471,0.23905,54334
73.6276,1.28548,50.75623,0.2302,53937
73.6376,1.28533,50.58777,0.24036,54032
73.6476,1.28518,50.421,0.21001,53986
73.6576,1.28503,50.19345,0.21853,53909
73.6676,1.28488,50.00237,0.22917,54095
73.6776,1.28473,49.77667,0.23295,54076
73.6876,1.28458,49.54932,0.23065,54114
73.6976,1.28443,49.3223,0.22637,53726
73.7076,1.28428,49.08505,0.24355,53770
73.7176,1.28413,48.82239,0.205,54360
73.7276,1.28398,48.57382,0.22347,54283
73.7376,1.28383,48.30368,0.23605,54439
73.7476,1.28369,48.03113,0.22507,54049
73.7576,1.28354,47.74967,0.23664,53638
73.7676,1.28339,47.47044,0.20165,54491
73.7776,1.28324,47.16728,0.21411,53942
73.7876,1.28309,46.87346,0.21852,54317
73.7976,1.28294,46.57935,0.2219,54139
73.8076,1.28279,46.27373,0.22563,54099
73.8176,1.28264,45.95456,0.22627,53992
73.8276,1.28249,45.63629,0.22092,54085
73.8376,1.28234,45.33336,0.20592,54317
73.8476,1.28219,45.00575,0.21894,54432
73.8576,1.28205,44.68033,0.21827,54362
73.8676,1.2819,44.34197,0.22167,54134
73.8776,1.28175,44.00722,0.20715,54218
73.8875,1.2816,43.67512,0.20309,54272
73.8975,1.28145,43.32029,0.20235,54117
73.9075,1.2813,42.99065,0.22129,54249
73.9175,1.28115,42.64787,0.20723,54451
73.9275,1.28101,42.29543,0.22181,53970
73.9375,1.28086,41.94294,0.20974,54560
73.9475,1.28071,41.58292,0.21762,53717
73.9575,1.28056,41.24415,0.19136,54550
73.9675,1.28041,40.88474,0.20659,54429
73.9775,1.28026,40.52718,0.213,54470
73.9875,1.28011,40.16812,0.20653,54257
73.9975,1.27997,39.8069,0.19939,54684
74.0075,1.27982,39.45349,0.19477,54324
74.0175,1.27967,39.07934,0.20695,53994
74.0275,1.27952,38.73085,0.19349,54300
74.0375,1.27937,38.3722,0.2086,54048
74.0475,1.27923,38.01088,0.20441,54771
74.0575,1.27908,37.65195,0.20476,54604
74.0675,1.27893,37.28321,0.20379,54356
74.0775,1.27878,36.92459,0.1862,54248
74.0875,1.27863,36.57085,0.19549,54385
74.0975,1.27849,36.21214,0.19635,54359
74.1075,1.27834,35.86579,0.20158,54719
74.1175,1.27819,35.51283,0.17771,54759
74.1275,1.27804,35.14953,0.18973,54424
74.1375,1.2779,34.79699,0.18695,54172
74.1475,1.27775,34.44112,0.19067,53953
74.1575,1.2776,34.098,0.18994,54560
74.1675,1.27745,33.75261,0.19894,54786
74.1775,1.27731,33.40487,0.18901,54841
74.1875,1.27716,33.05371,0.19469,54402
74.1975,1.27701,32.71151,0.17633,54541
74.2075,1.27686,32.36354,0.18692,54250
74.2175,1.27672,32.02595,0.17942,54401
74.2275,1.27657,31.69877,0.19323,54834
74.2375,1.27642,31.36627,0.16339,54913
74.2475,1.27628,31.02863,0.18318,54540
74.2575,1.27613,30.70423,0.17101,54378
74.2675,1.27598,30.36494,0.18837,54169
74.2775,1.27583,30.05434,0.18082,54604
74.2875,1.27569,29.73545,0.17894,54797
74.2975,1.27554,29.41946,0.17925,54843
74.3075,1.27539,29.10126,0.18249,54735
74.3175,1.27525,28.79486,0.1738,54534
74.3275,1.2751,28.48289,0.16842,54394
74.3375,1.27495,28.18204,0.17172,54803
74.3475,1.27481,27.88676,0.17413,54660
74.3575,1.27466,27.59967,0.16008,54933
74.3675,1.27451,27.3076,0.16486,54450
74.3775,1.27437,27.01605,0.17123,54665
74.3875,1.27422,26.73834,0.16529,54458
74.3975,1.27407,26.46005,0.17517,54915
74.4075,1.27393,26.18663,0.1722,54825
74.4175,1.27378,25.92159,0.16655,54677
74.4275,1.27363,25.65571,0.17162,54783
74.4374,1.27349,25.39361,0.15949,54679
74.4474,1.27334,25.13397,0.16101,54716
74.4574,1.2732,24.88578,0.1616,55005
74.4674,1.27305,24.63587,0.15711,54992
74.4774,1.2729,24.38571,0.15212,54806
74.4874,1.27276,24.1465,0.15817,54342
74.4974,1.27261,23.91255,0.15587,54740
74.5074,1.27246,23.68,0.16358,54552
74.5174,1.27232,23.45745,0.16194,55122
74.5274,1.27217,23.23605,0.16164,55109
74.5374,1.27203,23.01786,0.15479,55051
74.5474,1.27188,22.79871,0.16779,54720
74.5574,1.27174,22.58886,0.15188,54499
74.5674,1.27159,22.37434,0.15258,54844
74.5774,1.27144,22.17609,0.15012,55157
74.5874,1.2713,21.97744,0.14627,55091
74.5974,1.27115,21.78282,0.14599,54850
74.6074,1.27101,21.5872,0.14645,54774
74.6174,1.27086,21.40442,0.15359,54768
74.6274,1.27072,21.21616,0.15522,54474
74.6374,1.27057,21.04532,0.14933,55187
74.6474,1.27043,20.86636,0.15283,55369
74.6574,1.27028,20.68638,0.15618,55269
74.6674,1.27013,20.5164,0.15301,54813
74.6774,1.26999,20.34736,0.1448,54885
74.6874,1.26984,20.17845,0.14021,54719
74.6974,1.2697,20.01971,0.14827,54949
74.7074,1.26955,19.86229,0.13592,55359
74.7174,1.26941,19.70892,0.13968,54738
74.7274,1.26926,19.55417,0.14121,55145
74.7374,1.26912,19.40409,0.14744,54952
74.7474,1.26897,19.25379,0.14763,54819
74.7574,1.26883,19.11452,0.14275,55306
74.7674,1.26868,18.97537,0.15105,55018
74.7774,1.26854,18.83487,0.13866,55340
74.7874,1.26839,18.69313,0.14671,55050
74.7974,1.26825,18.56257,0.14138,55129
74.8074,1.2681,18.42899,0.13353,54894
74.8174,1.26796,18.30628,0.13095,55401
74.8274,1.26782,18.18445,0.13532,55115
74.8374,1.26767,18.05858,0.1352,54801
74.8474,1.26753,17.94176,0.13981,55049
74.8574,1.26738,17.82777,0.14102,55288
74.8674,1.26724,17.71352,0.14164,54952
74.8774,1.26709,17.60709,0.13904,55360
74.8874,1.26695,17.50255,0.13689,55516
74.8974,1.2668,17.39859,0.14773,55361
74.9074,1.26666,17.29815,0.13395,55040
74.9174,1.26652,17.20225,0.13442,54954
74.9274,1.26637,17.10726,0.12926,55342
74.9374,1.26623,17.01645,0.12766,55228
74.9474,1.26608,16.92613,0.13298,55133
74.9574,1.26594,16.83636,0.13161,55269
74.9674,1.2658,16.75487,0.13677,55289
74.9773,1.26565,16.6701,0.13288,55293
74.9873,1.26551,16.59151,0.13707,55042
74.9973,1.26536,16.5158,0.13347,55203
75.0073,1.26522,16.4408,0.13612,55548
75.0173,1.26508,16.36482,0.13565,55761
75.0273,1.26493,16.29787,0.13661,55205
75.0373,1.26479,16.22687,0.12725,55347
75.0473,1.26464,16.16056,0.12718,55498
75.0573,1.2645,16.09592,0.11981,54902
75.0673,1.26436,16.02909,0.13017,54849
75.0773,1.26421,15.97043,0.12787,55480
75.0873,1.26407,15.90785,0.13628,55535
75.0973,1.26393,15.85025,0.13096,55730
75.1073,1.26378,15.79236,0.13191,55503
75.1173,1.26364,15.73395,0.13328,55379
75.1273,1.2635,15.6817,0.13038,55357
75.1373,1.26335,15.62976,0.13521,55468
75.1473,1.26321,15.57705,0.1337,55271
75.1573,1.26307,15.52562,0.12416,55741
75.1673,1.26292,15.47321,0.11618,55628
75.1773,1.26278,15.42606,0.12272,55225
75.1873,1.26264,15.37341,0.12854,55104
75.1973,1.26249,15.32944,0.13149,55620
75.2073,1.26235,15.28289,0.12971,55512
75.2173,1.26221,15.24345,0.1246,55418
75.2273,1.26206,15.19335,0.13698,55846
75.2373,1.26192,15.15279,0.12274,55694
75.2473,1.26178,15.1052,0.13461,55491
75.2573,1.26164,15.06957,0.12954,55674
75.2673,1.26149,15.03001,0.1353,55326
75.2773,1.26135,14.9881,0.11242,55800
75.2873,1.26121,14.9525,0.11995,55507
75.2973,1.26107,14.90813,0.12116,55212
75.3073,1.26092,14.87281,0.12857,55535
75.3173,1.26078,14.83432,0.12495,55333
75.3273,1.26064,14.80374,0.12675,55830
75.3373,1.2605,14.76582,0.13041,55975
75.3473,1.26035,14.73252,0.1288,55793
75.3573,1.26021,14.69529,0.12601,55727
75.3673,1.26007,14.66355,0.1311,55778
75.3773,1.25993,14.63457,0.12884,55387
75.3873,1.25978,14.60201,0.13171,55507
75.3973,1.25964,14.57555,0.10885,55905
75.4073,1.2595,14.54344,0.1164,55559
75.4173,1.25936,14.51434,0.12314,55723
75.4273,1.25921,14.48813,0.12687,55811
75.4373,1.25907,14.4613,0.12663,55731
75.4473,1.25893,14.43547,0.1236,55367
75.4573,1.25879,14.41108,0.12879,55818
75.4673,1.25865,14.38998,0.12626,55997
75.4773,1.25851,14.36252,0.12835,56040
75.4873,1.25836,14.34163,0.12677,55968
75.4973,1.25822,14.31929,0.13007,55870
75.5073,1.25808,14.2971,0.11425,55722
75.5173,1.25794,14.27216,0.1144,55318
75.5272,1.2578,14.25104,0.1163,55708
75.5372,1.25765,14.23252,0.12377,55587
75.5472,1.25751,14.21564,0.12703,56156
75.5572,1.25737,14.1955,0.12363,56104
75.5672,1.25723,14.17713,0.13183,55942
75.5772,1.25709,14.15585,0.12051,55953
75.5872,1.25695,14.14047,0.12724,55819
75.5972,1.25681,14.12124,0.12768,56082
75.6072,1.25666,14.10349,0.1249,56029
75.6172,1.25652,14.08485,0.12819,55574
75.6272,1.25638,14.0709,0.10712,56114
75.6372,1.25624,14.05605,0.1184,55668
75.6472,1.2561,14.04144,0.12111,55637
75.6572,1.25596,14.02901,0.12502,55954
75.6672,1.25582,14.01875,0.12363,56145
75.6772,1.25568,14.00389,0.12679,56191
75.6872,1.25553,13.9901,0.12452,56141
75.6972,1.25539,13.98111,0.12213,55978
75.7072,1.25525,13.97126,0.12914,55993
75.7172,1.25511,13.95832,0.12626,56029
75.7272,1.25497,13.9512,0.12874,56302
75.7372,1.25483,13.94496,0.11314,55952
75.7472,1.25469,13.93312,0.10839,55883
75.7572,1.25455,13.9344,0.12404,55920
75.7672,1.25441,13.92543,0.11765,56129
75.7772,1.25427,13.91804,0.12924,56010
75.7872,1.25413,13.91261,0.1177,55665
75.7972,1.25399,13.90788,0.13135,56287
75.8072,1.25385,13.90353,0.12252,56353
75.8172,1.25371,13.89683,0.1249,56261
75.8272,1.25356,13.89446,0.12551,56518
75.8372,1.25342,13.88805,0.12742,56411
75.8472,1.25328,13.88732,0.11734,56014
75.8572,1.25314,13.88093,0.11534,55654
75.8672,1.253,13.87515,0.11378,55827
75.8772,1.25286,13.87306,0.11596,56078
75.8872,1.25272,13.86712,0.13385,56445
75.8972,1.25258,13.864,0.12017,56293
75.9072,1.25244,13.85689,0.12225,56501
75.9172,1.2523,13.85565,0.12457,56381
75.9272,1.25216,13.85176,0.12961,56091
75.9372,1.25202,13.84482,0.12538,56264
75.9472,1.25188,13.84226,0.12323,56492
75.9572,1.25174,13.83868,0.12916,56331
75.9672,1.2516,13.83413,0.10945,56179
75.9772,1.25146,13.82848,0.11367,55928
75.9872,1.25132,13.82608,0.12125,56233
75.9972,1.25118,13.82508,0.1178,56288
76.0072,1.25104,13.82144,0.12518,56277
76.0172,1.2509,13.81863,0.12287,56518
76.0272,1.25076,13.81528,0.12415,56501
76.0372,1.25062,13.81188,0.12476,56444
76.0472,1.25049,13.80846,0.12328,56323
76.0572,1.25035,13.80827,0.12929,56571
76.0672,1.25021,13.80373,0.12449,56585
76.0771,1.25007,13.79789,0.11475,56417
76.0871,1.24993,13.79707,0.11741,55844
76.0971,1.24979,13.79314,0.11442,56360
76.1071,1.24965,13.79089,0.11884,56543
76.1171,1.24951,13.79266,0.1261,56515
76.1271,1.24937,13.78614,0.12268,56578
76.1371,1.24923,13.77783,0.12166,56203
76.1471,1.24909,13.77218,0.12714,56315
76.1571,1.24895,13.7712,0.12125,56806
76.1671,1.24881,13.76591,0.12626,56599
76.1771,1.24867,13.76382,0.12488,56849
76.1871,1.24854,13.75781,0.11455,56831
76.1971,1.2484,13.75497,0.12035,56169
76.2071,1.24826,13.74496,0.11345,56287
76.2171,1.24812,13.74029,0.1194,56263
76.2271,1.24798,13.73453,0.12536,56280
76.2371,1.24784,13.725,0.12403,56665
76.2471,1.2477,13.72274,0.12117,56818
76.2571,1.24756,13.71541,0.12335,56793
76.2671,1.24743,13.71225,0.12176,56814
76.2771,1.24729,13.70513,0.12663,56864
76.2871,1.24715,13.70323,0.1275,56765
76.2971,1.24701,13.69846,0.11688,56624
76.3071,1.24687,13.68944,0.1169,56569
76.3171,1.24673,13.68308,0.12031,56064
76.3271,1.24659,13.67607,0.11403,56333
76.3371,1.24646,13.67335,0.11958,56932
76.3471,1.24632,13.67035,0.12253,56908
76.3571,1.24618,13.66691,0.12329,56824
76.3671,1.24604,13.66093,0.12672,56627
76.3771,1.2459,13.65617,0.12151,56741
76.3871,1.24576,13.65274,0.12609,56913
76.3971,1.24563,13.64999,0.12718,56979
76.4071,1.24549,13.64595,0.11397,56933
76.4171,1.24535,13.63779,0.11732,56753
76.4271,1.24521,13.63018,0.1204,56171
76.4371,1.24507,13.62815,0.1168,56663
76.4471,1.24494,13.62488,0.11968,56498
76.4571,1.2448,13.62135,0.12083,57121
76.4671,1.24466,13.61174,0.12442,56978
76.4771,1.24452,13.61138,0.12403,57070
76.4871,1.24439,13.60292,0.12412,56901
76.4971,1.24425,13.59762,0.12342,57064
76.5071,1.24411,13.59087,0.12308,56952
76.5171,1.24397,13.58339,0.12847,56754
76.5271,1.24383,13.57507,0.1084,56982
76.5371,1.2437,13.5688,0.11832,56569
76.5471,1.24356,13.56276,0.12567,56628
76.5571,1.24342,13.55858,0.11262,56992
76.5671,1.24328,13.54771,0.12231,57102
76.5771,1.24315,13.54074,0.12064,57054
76.5871,1.24301,13.53279,0.11994,57137
76.5971,1.24287,13.5282,0.12899,56920
76.6071,1.24273,13.52363,0.11663,56729
76.6171,1.2426,13.51204,0.12773,56942
76.627,1.24246,13.50399,0.12573,57321
76.637,1.24232,13.49752,0.1112,57366
76.647,1.24219,13.48817,0.11839,56774
76.657,1.24205,13.48728,0.11915,56812
76.667,1.24191,13.47745,0.12154,56921
76.677,1.24177,13.47137,0.11561,57149
76.687,1.24164,13.46861,0.12517,56868
76.697,1.2415,13.45753,0.12062,57162
76.707,1.24136,13.45314,0.12731,57326
76.717,1.24123,13.44526,0.12421,57042
76.727,1.24109,13.43585,0.1217,57171
76.737,1.24095,13.42859,0.12654,57516
76.747,1.24082,13.4235,0.10902,57289
76.757,1.24068,13.41657,0.12113,56868
76.767,1.24054,13.41445,0.11849,56972
76.777,1.24041,13.40648,0.1235,56854
76.787,1.24027,13.40415,0.11437,57334
76.797,1.24013,13.39547,0.11931,57265
76.807,1.24,13.38729,0.12454,57314
76.817,1.23986,13.3798,0.12378,57301
76.827,1.23972,13.3728,0.11968,56974
76.837,1.23959,13.36782,0.12408,57466
76.847,1.23945,13.36436,0.12447,57214
76.857,1.23932,13.35571,0.10957,57598
76.867,1.23918,13.35106,0.11871,57065
76.877,1.23904,13.34379,0.12314,57374
76.887,1.23891,13.3382,0.12018,57070
76.897,1.23877,13.32889,0.11906,57353
76.907,1.23863,13.32107,0.11668,57386
76.917,1.2385,13.31451,0.11969,57328
76.927,1.23836,13.3078,0.12372,57136
76.937,1.23823,13.29568,0.12035,57240
76.947,1.23809,13.28411,0.1248,57561
76.957,1.23795,13.27259,0.12342,57726
76.967,1.23782,13.25946,0.11252,57553
76.977,1.23768,13.24545,0.11434,57212
76.987,1.23755,13.23472,0.12279,57401
76.997,1.23741,13.22209,0.11912,57240
77.007,1.23728,13.20812,0.11992,57406
77.017,1.23714,13.19061,0.11401,57277
77.027,1.237,13.17758,0.12374,57488
77.037,1.23687,13.161,0.12207,57527
77.047,1.23673,13.14368,0.11723,57371
77.057,1.2366,13.12728,0.12433,57760
77.067,1.23646,13.11008,0.12338,57758
77.077,1.23633,13.09642,0.10847,57780
77.087,1.23619,13.0785,0.11831,57196
77.097,1.23606,13.06386,0.11817,57299
77.107,1.23592,13.04655,0.1263,57556
77.117,1.23579,13.0344,0.11888,57452
77.127,1.23565,13.01787,0.11219,57612
77.137,1.23551,13.00143,0.12509,57784
77.147,1.23538,12.98688,0.11784,57647
77.157,1.23524,12.97415,0.12211,57321
77.167,1.23511,12.96013,0.12144,57917
77.1769,1.23497,12.95034,0.12349,57781
77.1869,1.23484,12.93898,0.1088,57625
77.1969,1.2347,12.92431,0.11367,57441
77.2069,1.23457,12.91402,0.12223,57709
77.2169,1.23443,12.90243,0.11998,57790
77.2269,1.2343,12.89627,0.12073,57472
77.2369,1.23416,12.88498,0.11412,57858
77.2469,1.23403,12.87641,0.12009,57744
77.2569,1.2339,12.86979,0.11977,57773
77.2669,1.23376,12.85565,0.11939,57701
77.2769,1.23363,12.84544,0.12155,57338
77.2869,1.23349,12.83613,0.12196,57996
77.2969,1.23336,12.82712,0.10889,58165
77.3069,1.23322,12.81956,0.11528,57588
77.3169,1.23309,12.81096,0.12001,57681
77.3269,1.23295,12.79908,0.12126,57991
77.3369,1.23282,12.79053,0.11978,57807
77.3469,1.23268,12.77876,0.11315,57856
77.3569,1.23255,12.76871,0.11695,57811
77.3669,1.23242,12.75974,0.11725,57675
77.3769,1.23228,12.74688,0.12092,57980
77.3869,1.23215,12.73461,0.11999,57830
77.3969,1.23201,12.72145,0.12254,57900
77.4069,1.23188,12.71374,0.10559,58163
77.4169,1.23174,12.69617,0.11478,57664
77.4269,1.23161,12.68483,0.12061,58045
77.4369,1.23148,12.66884,0.11997,57944
77.4469,1.23134,12.65129,0.11918,58018
77.4569,1.23121,12.63664,0.12343,57620
77.4669,1.23107,12.62053,0.10968,58010
77.4769,1.23094,12.60763,0.12144,58142
77.4869,1.23081,12.58799,0.11679,58125
77.4969,1.23067,12.57032,0.12145,58197
77.5069,1.23054,12.55257,0.11306,58175
77.5169,1.23041,12.53178,0.10938,58065
77.5269,1.23027,12.51066,0.11525,57532
77.5369,1.23014,12.49497,0.11495,58011
77.5469,1.23,12.47228,0.1232,58071
77.5569,1.22987,12.45363,0.11846,58123
77.5669,1.22974,12.43221,0.11856,57906
77.5769,1.2296,12.41422,0.11281,58267
77.5869,1.22947,12.3912,0.1165,58306
77.5969,1.22934,12.37441,0.1163,58308
77.6069,1.2292,12.35309,0.12183,58307
77.6169,1.22907,12.33672,0.11097,58248
77.6269,1.22894,12.31496,0.10959,58066
77.6369,1.2288,12.29513,0.11421,57825
77.6469,1.22867,12.27498,0.11893,57788
77.6569,1.22854,12.25675,0.11539,58140
77.6669,1.2284,12.23697,0.12259,58502
77.6769,1.22827,12.22051,0.1207,58205
77.6869,1.22814,12.20564,0.1104,58224
77.6969,1.228,12.1842,0.11616,58509
77.7069,1.22787,12.16956,0.11885,58370
77.7169,1.22774,12.15321,0.11649,58414
77.7268,1.22761,12.14092,0.10771,58495
77.7368,1.22747,12.12117,0.10915,57966
77.7468,1.22734,12.10526,0.11303,58009
77.7568,1.22721,12.09263,0.11945,58376
77.7668,1.22707,12.07553,0.11402,58509
77.7768,1.22694,12.0635,0.12122,58383
77.7868,1.22681,12.04923,0.11887,58140
77.7968,1.22668,12.03662,0.11045,58288
77.8068,1.22654,12.02413,0.11723,58512
77.8168,1.22641,12.01029,0.11609,58574
77.8268,1.22628,12.00053,0.11734,58528
77.8368,1.22615,11.9883,0.1045,58537
77.8468,1.22601,11.97501,0.11151,57810
77.8568,1.22588,11.96001,0.11069,58558
77.8668,1.22575,11.94788,0.11909,58617
77.8768,1.22562,11.93888,0.11714,58586
77.8868,1.22548,11.92856,0.11637,58657
77.8968,1.22535,11.9136,0.11808,58354
77.9068,1.22522,11.90597,0.11321,58567
77.9168,1.22509,11.89323,0.11507,58524
77.9268,1.22496,11.87915,0.11572,58500
77.9368,1.22482,11.86663,0.11899,58447
77.9468,1.22469,11.85328,0.10349,58487
77.9568,1.22456,11.83727,0.10892,58301
77.9668,1.22443,11.82262,0.11375,58638
77.9768,1.22429,11.81072,0.11486,58694
77.9868,1.22416,11.79728,0.11794,58752
77.9968,1.22403,11.78348,0.1176,58870
78.0068,1.2239,11.77015,0.11768,58617
78.0168,1.22377,11.75748,0.11389,58597
78.0268,1.22364,11.74405,0.11228,58754
78.0368,1.2235,11.72651,0.11274,58777
78.0468,1.22337,11.71308,0.10836,58470
78.0568,1.22324,11.6979,0.10571,58559
78.0668,1.22311,11.67966,0.11181,58575
78.0768,1.22298,11.66775,0.11393,58608
78.0868,1.22285,11.65272,0.11626,58569
78.0968,1.22271,11.63731,0.11445,58984
78.1068,1.22258,11.62238,0.1154,58985
78.1168,1.22245,11.61043,0.11884,58664
78.1268,1.22232,11.5955,0.1131,58919
78.1368,1.22219,11.58219,0.11065,58854
78.1468,1.22206,11.56533,0.11547,58925
78.1568,1.22193,11.55027,0.1063,58587
78.1668,1.22179,11.53163,0.10624,58709
78.1768,1.22166,11.51902,0.11079,58708
78.1868,1.22153,11.50572,0.11247,59043
78.1968,1.2214,11.4912,0.1158,58956
78.2068,1.22127,11.47806,0.11558,58991
78.2168,1.22114,11.46547,0.11405,59032
78.2268,1.22101,11.4534,0.12032,58687
78.2368,1.22088,11.43682,0.10952,58961
78.2468,1.22075,11.42635,0.11131,58807
78.2568,1.22061,11.41053,0.11659,59024
78.2668,1.22048,11.39431,0.09954,58840
78.2767,1.22035,11.38024,0.10727,58677
78.2867,1.22022,11.36939,0.11171,58997
78.2967,1.22009,11.35651,0.11465,59089
78.3067,1.21996,11.34398,0.11478,59081
78.3167,1.21983,11.3301,0.11324,59385
78.3267,1.2197,11.31573,0.11776,59138
78.3367,1.21957,11.30339,0.11703,58929
78.3467,1.21944,11.28909,0.10836,59090
78.3567,1.21931,11.27059,0.11185,59194
78.3667,1.21918,11.25785,0.10791,59188
78.3767,1.21905,11.23873,0.10469,58566
78.3867,1.21892,11.22584,0.10715,59011
78.3967,1.21879,11.2119,0.11047,59047
78.4067,1.21865,11.19661,0.1099,59175
78.4167,1.21852,11.18093,0.11781,58983
78.4267,1.21839,11.1623,0.11543,59325
78.4367,1.21826,11.14128,0.11399,59419
78.4467,1.21813,11.12496,0.11566,59154
78.4567,1.218,11.10701,0.10878,59204
78.4667,1.21787,11.08541,0.11215,59344
78.4767,1.21774,11.06686,0.09971,59442
78.4867,1.21761,11.04608,0.10645,58905
78.4967,1.21748,11.03367,0.10704,58823
78.5067,1.21735,11.014,0.11381,59368
78.5167,1.21722,10.99457,0.11005,59399
78.5267,1.21709,10.97621,0.11362,59391
78.5367,1.21696,10.95698,0.11316,59555
78.5467,1.21683,10.94025,0.11193,59427
78.5567,1.2167,10.92533,0.11884,59295
78.5667,1.21657,10.90884,0.1071,59395
78.5767,1.21644,10.89043,0.10577,59402
78.5867,1.21631,10.88049,0.09988,59241
78.5967,1.21618,10.86611,0.10709,58955
78.6067,1.21606,10.85798,0.11286,58980
78.6167,1.21593,10.84816,0.10734,59399
78.6267,1.2158,10.83466,0.11155,59558
78.6367,1.21567,10.82459,0.11246,59641
78.6467,1.21554,10.81568,0.11754,59602
78.6567,1.21541,10.80669,0.10995,59799
78.6667,1.21528,10.79913,0.1175,59405
78.6767,1.21515,10.78996,0.10908,59577
78.6867,1.21502,10.78295,0.09973,59618
78.6967,1.21489,10.7763,0.1018,59229
78.7067,1.21476,10.7739,0.10834,59286
78.7167,1.21463,10.76526,0.11107,59509
78.7267,1.2145,10.76074,0.10918,59520
78.7367,1.21437,10.75298,0.11136,59402
78.7467,1.21424,10.74598,0.11049,59697
78.7567,1.21412,10.74349,0.11382,59811
78.7667,1.21399,10.7391,0.11486,59856
78.7767,1.21386,10.73438,0.11512,59540
78.7867,1.21373,10.72994,0.1015,59726
78.7967,1.2136,10.72436,0.10043,59530
78.8067,1.21347,10.72033,0.10396,59166
78.8167,1.21334,10.71483,0.10824,59445
78.8266,1.21321,10.71084,0.11032,59691
78.8366,1.21308,10.70378,0.11027,59825
78.8466,1.21296,10.70152,0.11287,59893
78.8566,1.21283,10.69765,0.1099,59735
78.8666,1.2127,10.6923,0.11298,59832
78.8766,1.21257,10.68787,0.1167,59941
78.8866,1.21244,10.68461,0.11472,59625
78.8966,1.21231,10.67616,0.0943,60021
78.9066,1.21218,10.66713,0.10354,59346
78.9166,1.21205,10.6631,0.10518,59658
78.9266,1.21193,10.65608,0.10903,59887
78.9366,1.2118,10.65518,0.11045,59863
78.9466,1.21167,10.64681,0.10865,60038
78.9566,1.21154,10.63959,0.1097,59967
78.9666,1.21141,10.63241,0.11683,59933
78.9766,1.21128,10.62362,0.11261,60144
78.9866,1.21116,10.61843,0.11226,59821
78.9966,1.21103,10.61094,0.1036,59743
79.0066,1.2109,10.60133,0.10127,59705
79.0166,1.21077,10.58946,0.10261,59494
79.0266,1.21064,10.58492,0.10749,59825
79.0366,1.21052,10.57921,0.10878,59943
79.0466,1.21039,10.57114,0.11202,59771
79.0566,1.21026,10.56416,0.11003,60224
79.0666,1.21013,10.55668,0.1108,60239
79.0766,1.21,10.54609,0.11094,60237
79.0866,1.20988,10.54151,0.11485,60225
79.0966,1.20975,10.53501,0.11636,60094
79.1066,1.20962,10.52727,0.09499,60159
79.1166,1.20949,10.51652,0.10256,59594
79.1266,1.20936,10.511,0.10652,59846
79.1366,1.20924,10.50426,0.10948,59968
79.1466,1.20911,10.49975,0.11062,59992
79.1566,1.20898,10.49087,0.10744,60338
79.1666,1.20885,10.48549,0.11102,60296
79.1766,1.20873,10.47841,0.11048,60309
79.1866,1.2086,10.47476,0.11218,60396
79.1966,1.20847,10.46774,0.11273,60392
79.2066,1.20834,10.45893,0.1035,60165
79.2166,1.20822,10.45005,0.10002,59890
79.2266,1.20809,10.44944,0.10368,59932
79.2366,1.20796,10.44211,0.10643,60147
79.2466,1.20783,10.4389,0.1078,60292
79.2566,1.20771,10.43236,0.10818,60243
79.2666,1.20758,10.42468,0.11189,60320
79.2766,1.20745,10.41816,0.11091,60417
79.2866,1.20733,10.41128,0.11323,60334
79.2966,1.2072,10.40738,0.10993,60357
79.3066,1.20707,10.39863,0.10784,60529
79.3166,1.20694,10.39394,0.10148,60076
79.3266,1.20682,10.38833,0.10113,59680
79.3366,1.20669,10.38624,0.10444,60190
79.3466,1.20656,10.37689,0.10781,60504
79.3566,1.20644,10.37015,0.1076,60447
79.3666,1.20631,10.3647,0.10869,60553
79.3765,1.20618,10.36106,0.1106,60601
79.3865,1.20606,10.35637,0.10852,60481
79.3965,1.20593,10.34897,0.11719,60699
79.4065,1.2058,10.34507,0.1123,60798
79.4165,1.20568,10.33968,0.10003,60520
79.4265,1.20555,10.33095,0.1017,59883
79.4365,1.20542,10.33199,0.10299,60315
79.4465,1.2053,10.32695,0.10516,60440
79.4565,1.20517,10.3191,0.11058,60333
79.4665,1.20504,10.31523,0.1078,60676
79.4765,1.20492,10.31154,0.10993,60635
79.4865,1.20479,10.30699,0.11027,60885
79.4965,1.20466,10.30318,0.11068,60747
79.5065,1.20454,10.30032,0.1148,60739
79.5165,1.20441,10.29709,0.10093,60797
79.5265,1.20428,10.29299,0.10286,60180
79.5365,1.20416,10.29003,0.10204,60450
79.5465,1.20403,10.28437,0.1076,60412
79.5565,1.20391,10.28349,0.10275,60725
79.5665,1.20378,10.27872,0.10804,60746
79.5765,1.20365,10.27821,0.10729,60750
79.5865,1.20353,10.27752,0.11393,60758
79.5965,1.2034,10.2739,0.11096,60775
79.6065,1.20328,10.27134,0.10984,60998
79.6165,1.20315,10.27053,0.10539,60863
79.6265,1.20302,10.26626,0.10289,60628
79.6365,1.2029,10.26117,0.10815,60237
79.6465,1.20277,10.26106,0.10208,60579
79.6565,1.20265,10.25863,0.10631,60806
79.6665,1.20252,10.25855,0.10603,60791
79.6765,1.20239,10.2536,0.10951,60898
79.6865,1.20227,10.2539,0.10943,60895
79.6965,1.20214,10.25563,0.11058,60883
79.7065,1.20202,10.25205,0.11159,61065
79.7165,1.20189,10.25027,0.11178,61168
79.7265,1.20177,10.24809,0.09714,61147
79.7365,1.20164,10.24009,0.10416,60174
79.7465,1.20152,10.24434,0.1048,60777
79.7565,1.20139,10.2395,0.10704,60849
79.7665,1.20126,10.23698,0.10486,60939
79.7765,1.20114,10.23602,0.10763,61124
79.7865,1.20101,10.2349,0.11101,61093
79.7965,1.20089,10.23492,0.11028,61098
79.8065,1.20076,10.23264,0.10949,61020
79.8165,1.20064,10.2277,0.11044,61225
79.8265,1.20051,10.22657,0.0991,61251
79.8365,1.20039,10.21601,0.10567,60802
79.8465,1.20026,10.21501,0.10669,60735
79.8565,1.20014,10.21292,0.10418,60935
79.8665,1.20001,10.20737,0.10502,61172
79.8765,1.19989,10.20469,0.10959,61130
79.8865,1.19976,10.20324,0.10691,61268
79.8965,1.19964,10.19902,0.11071,61207
79.9065,1.19951,10.19506,0.11109,61339
79.9165,1.19939,10.19134,0.11146,61350
79.9264,1.19926,10.18393,0.09932,61518
79.9364,1.19914,10.17387,0.1032,60797
79.9464,1.19901,10.16922,0.10631,60817
79.9564,1.19889,10.16789,0.10735,61177
79.9664,1.19876,10.16948,0.1027,61164
79.9764,1.19864,10.1662,0.10561,61306
79.9864,1.19851,10.16315,0.1078,61281
79.9964,1.19839,10.16321,0.10884,61292
80.0064,1.19826,10.15772,0.11176,61345
80.0164,1.19814,10.15571,0.11119,61564
80.0264,1.19802,10.15479,0.10355,61540
80.0364,1.19789,10.14766,0.10163,61169
80.0464,1.19777,10.14705,0.10454,61177
80.0564,1.19764,10.14773,0.11065,61137
80.0664,1.19752,10.15059,0.1041,61217
80.0764,1.19739,10.15321,0.10604,61471
80.0864,1.19727,10.14842,0.10862,61451
80.0964,1.19714,10.1481,0.10808,61653
80.1064,1.19702,10.14785,0.11072,61573
80.1164,1.1969,10.15071,0.11149,61569
80.1264,1.19677,10.15204,0.10185,61677
80.1364,1.19665,10.1482,0.10049,61366
80.1464,1.19652,10.14965,0.10642,61295
80.1564,1.1964,10.15228,0.10969,61279
80.1664,1.19628,10.15159,0.10797,61497
80.1764,1.19615,10.15725,0.10453,61483
80.1864,1.19603,10.15766,0.10765,61452
80.1964,1.1959,10.15827,0.11091,61689
80.2064,1.19578,10.15805,0.10813,61586
80.2164,1.19566,10.1606,0.1104,61781
80.2264,1.19553,10.16315,0.1036,61775
80.2364,1.19541,10.16051,0.10263,61415
80.2464,1.19528,10.16039,0.10272,61438
80.2564,1.19516,10.16162,0.11047,61759
80.2664,1.19504,10.16033,0.11056,61394
80.2764,1.19491,10.16142,0.10256,61676
80.2864,1.19479,10.16166,0.1081,61789
80.2964,1.19467,10.15989,0.10653,61721
80.3064,1.19454,10.15748,0.10911,61841
80.3164,1.19442,10.15292,0.11077,61970
80.3264,1.1943,10.14923,0.10639,61963
80.3364,1.19417,10.14877,0.09848,61665
80.3464,1.19405,10.14737,0.10937,61437
80.3564,1.19393,10.13839,0.10795,61806
80.3664,1.1938,10.13583,0.10871,61749
80.3764,1.19368,10.13313,0.10694,61739
80.3864,1.19356,10.12986,0.10494,61883
80.3964,1.19343,10.12755,0.10833,61830
80.4064,1.19331,10.121,0.11012,62015
80.4164,1.19319,10.11587,0.11019,62033
80.4264,1.19306,10.11461,0.10621,62033
80.4364,1.19294,10.10679,0.09736,61901
80.4464,1.19282,10.10289,0.10601,61567
80.4564,1.19269,10.09966,0.10887,61979
80.4664,1.19257,10.09722,0.10975,61978
80.4763,1.19245,10.0943,0.11118,61775
80.4863,1.19232,10.09386,0.10396,61938
80.4963,1.1922,10.08897,0.10604,61825
80.5063,1.19208,10.08376,0.10651,62296
80.5163,1.19196,10.0826,0.10921,62107
80.5263,1.19183,10.08205,0.10328,62266
80.5363,1.19171,10.08082,0.10186,62005
80.5463,1.19159,10.07456,0.10359,61762
80.5563,1.19146,10.07682,0.10862,62111
80.5663,1.19134,10.07157,0.10999,62371
80.5763,1.19122,10.06406,0.11419,61821
80.5863,1.1911,10.06388,0.10281,62122
80.5963,1.19097,10.0592,0.10631,62210
80.6063,1.19085,10.05994,0.10862,62192
80.6163,1.19073,10.06018,0.11067,62395
80.6263,1.19061,10.05728,0.10422,62392
80.6363,1.19048,10.05384,0.09863,62175
80.6463,1.19036,10.04839,0.10607,61993
80.6563,1.19024,10.04474,0.10918,62125
80.6663,1.19012,10.04184,0.11075,62463
80.6763,1.19,10.04292,0.11125,62117
80.6863,1.18987,10.04021,0.10393,62259
80.6963,1.18975,10.04252,0.10684,62267
80.7063,1.18963,10.04178,0.10542,62425
80.7163,1.18951,10.04192,0.10978,62546
80.7263,1.18938,10.04164,0.10356,62443
80.7363,1.18926,10.03755,0.10019,62304
80.7463,1.18914,10.0362,0.10559,61985
80.7563,1.18902,10.03657,0.10751,62442
80.7663,1.1889,10.0379,0.11376,62446
80.7763,1.18877,10.03425,0.10965,62450
80.7863,1.18865,10.03068,0.10947,62332
80.7963,1.18853,10.02936,0.10326,62510
80.8063,1.18841,10.03013,0.10601,62553
80.8163,1.18829,10.02574,0.10961,62466
80.8263,1.18817,10.01984,0.10146,62706
80.8363,1.18804,10.01602,0.09982,62110
80.8463,1.18792,10.01044,0.10394,62386
80.8563,1.1878,10.00121,0.109,62539
80.8663,1.18768,9.99879,0.11035,62683
80.8763,1.18756,9.99466,0.11094,62672
80.8863,1.18744,9.98973,0.11553,62549
80.8963,1.18731,9.98312,0.10356,62609
80.9063,1.18719,9.97664,0.10513,62696
80.9163,1.18707,9.96772,0.10801,62619
80.9263,1.18695,9.96153,0.10081,62906
80.9363,1.18683,9.95264,0.09988,62384
80.9463,1.18671,9.94497,0.10495,62502
80.9563,1.18659,9.93964,0.1074,62709
80.9663,1.18646,9.93805,0.11048,62788
80.9763,1.18634,9.9343,0.11251,62824
80.9863,1.18622,9.92641,0.11352,62649
80.9963,1.1861,9.92208,0.10393,62728
81.0063,1.18598,9.91787,0.10548,62847
81.0163,1.18586,9.91745,0.11093,62916
81.0262,1.18574,9.91451,0.09686,62998
81.0362,1.18562,9.90818,0.10151,62408
81.0462,1.18549,9.90785,0.10399,62584
81.0562,1.18537,9.90708,0.10917,62811
81.0662,1.18525,9.90432,0.11193,63033
81.0762,1.18513,9.90515,0.11063,63086
81.0862,1.18501,9.90073,0.1098,62863
81.0962,1.18489,9.90172,0.10637,62810
81.1062,1.18477,9.90259,0.10516,62941
81.1162,1.18465,9.90158,0.10716,63021
81.1262,1.18453,9.89858,0.09631,63150
81.1362,1.18441,9.8935,0.10381,62555
81.1462,1.18429,9.89317,0.10602,62765
81.1562,1.18417,9.88419,0.10797,63077
81.1662,1.18405,9.8855,0.11095,62968
81.1762,1.18392,9.88066,0.10806,63271
81.1862,1.1838,9.87605,0.11054,63002
81.1962,1.18368,9.87592,0.10587,63019
81.2062,1.18356,9.87029,0.10742,63040
81.2162,1.18344,9.86232,0.10666,63196
81.2262,1.18332,9.85617,0.09427,63259
81.2362,1.1832,9.84974,0.10243,62546
81.2462,1.18308,9.84123,0.10697,62991
81.2562,1.18296,9.82895,0.10589,63248
81.2662,1.18284,9.82566,0.10982,63451
81.2762,1.18272,9.82084,0.10959,63400
81.2862,1.1826,9.81235,0.11135,63283
81.2962,1.18248,9.80546,0.10952,63203
81.3062,1.18236,9.79458,0.10505,63293
81.3162,1.18224,9.78696,0.09907,63379
81.3262,1.18212,9.77915,0.09698,63113
81.3362,1.182,9.76592,0.10244,62894
81.3462,1.18188,9.76173,0.10708,63392
81.3562,1.18176,9.75325,0.11009,63386
81.3662,1.18164,9.74788,0.1126,63400
81.3762,1.18152,9.73929,0.10957,63497
81.3862,1.1814,9.73236,0.11079,63496
81.3962,1.18128,9.72156,0.11157,63183
81.4062,1.18116,9.72139,0.10096,63397
81.4162,1.18104,9.71345,0.09713,63545
81.4262,1.18092,9.70361,0.09921,63128
81.4362,1.1808,9.69663,0.10428,63151
81.4462,1.18068,9.69475,0.10704,63329
81.4562,1.18056,9.68894,0.10625,63607
81.4662,1.18044,9.67928,0.10882,63577
81.4762,1.18032,9.67425,0.10852,63771
81.4862,1.1802,9.66878,0.11133,63751
81.4962,1.18008,9.66838,0.11109,63307
81.5062,1.17996,9.66177,0.10367,63523
81.5162,1.17984,9.65368,0.09316,63769
81.5262,1.17973,9.6418,0.10058,62999
81.5362,1.17961,9.63918,0.1068,63265
81.5462,1.17949,9.63352,0.10345,63616
81.5562,1.17937,9.62162,0.10749,63774
81.5661,1.17925,9.6138,0.1077,63791
81.5761,1.17913,9.60922,0.1102,63792
81.5861,1.17901,9.60491,0.1121,63908
81.5961,1.17889,9.59527,0.10988,63427
81.6061,1.17877,9.58827,0.10312,63763
81.6161,1.17865,9.57718,0.08959,63938
81.6261,1.17853,9.56574,0.09833,63275
81.6361,1.17841,9.56013,0.1065,63643
81.6461,1.17829,9.55381,0.10675,63923
81.6561,1.17818,9.54909,0.10806,63916
81.6661,1.17806,9.539,0.10829,64034
81.6761,1.17794,9.53039,0.11232,64011
81.6861,1.17782,9.52263,0.11149,64133
81.6961,1.1777,9.51476,0.11206,63691
81.7061,1.17758,9.50815,0.0918,63892
81.7161,1.17746,9.49767,0.09573,63533
81.7261,1.17734,9.49258,0.09951,63541
81.7361,1.17722,9.48848,0.10791,63885
81.7461,1.17711,9.48003,0.10662,63961
81.7561,1.17699,9.46993,0.10727,64130
81.7661,1.17687,9.46392,0.10842,64057
81.7761,1.17675,9.45779,0.10977,64268
81.7861,1.17663,9.45302,0.11002,64095
81.7961,1.17651,9.44829,0.10919,63847
81.8061,1.17639,9.44068,0.09122,64125
81.8161,1.17628,9.43073,0.09772,63444
81.8261,1.17616,9.42718,0.10289,63700
81.8361,1.17604,9.41909,0.10374,64097
81.8461,1.17592,9.41257,0.10663,64084
81.8561,1.1758,9.40638,0.1064,64247
81.8661,1.17568,9.40513,0.10979,64197
81.8761,1.17557,9.39705,0.11019,64564
81.8861,1.17545,9.39469,0.11006,64561
81.8961,1.17533,9.38801,0.10663,64078
81.9061,1.17521,9.38049,0.08967,64084
81.9161,1.17509,9.37358,0.09872,63701
81.9261,1.17498,9.36812,0.10309,64059
81.9361,1.17486,9.36335,0.10655,64312
81.9461,1.17474,9.3568,0.10582,64340
81.9561,1.17462,9.35342,0.10733,64520
81.9661,1.1745,9.35167,0.10689,64510
81.9761,1.17439,9.34603,0.11087,64496
81.9861,1.17427,9.33878,0.11081,64577
81.9961,1.17415,9.33427,0.09654,64193
82.0061,1.17403,9.32565,0.09363,63673
82.0161,1.17391,9.31813,0.0986,64028
82.0261,1.1738,9.31215,0.10398,64381
82.0361,1.17368,9.30803,0.10573,64326
82.0461,1.17356,9.30496,0.10404,64598
82.0561,1.17344,9.30067,0.11164,64586
82.0661,1.17333,9.29382,0.10726,64654
82.0761,1.17321,9.28931,0.10926,64573
82.0861,1.17309,9.28447,0.10906,64606
82.0961,1.17297,9.28192,0.09171,64572
82.1061,1.17286,9.27748,0.09691,64052
82.116,1.17274,9.27128,0.10055,64394
82.126,1.17262,9.26699,0.10602,64526
82.136,1.1725,9.26557,0.1039,64756
82.146,1.17239,9.2616,0.10947,64762
82.156,1.17227,9.25993,0.10775,64814
82.166,1.17215,9.26102,0.10797,64806
82.176,1.17203,9.25858,0.10965,64943
82.186,1.17192,9.25363,0.09859,64819
82.196,1.1718,9.25585,0.09594,63908
82.206,1.17168,9.25539,0.09938,64191
82.216,1.17156,9.25018,0.10137,64682
82.226,1.17145,9.24699,0.10457,64721
82.236,1.17133,9.24749,0.10353,64773
82.246,1.17121,9.24741,0.10952,64837
82.256,1.1711,9.24734,0.10669,65001
82.266,1.17098,9.24074,0.10874,64974
82.276,1.17086,9.23815,0.10887,65055
82.286,1.17075,9.23497,0.09536,64963
82.296,1.17063,9.22763,0.09736,64162
82.306,1.17051,9.22019,0.0996,64621
82.316,1.17039,9.21068,0.10136,64860
82.326,1.17028,9.20517,0.10559,65077
82.336,1.17016,9.19766,0.10515,65023
82.346,1.17004,9.18854,0.10737,65085
82.356,1.16993,9.17962,0.1089,65138
82.366,1.16981,9.17151,0.11043,65177
82.376,1.16969,9.15905,0.09413,65305
82.386,1.16958,9.14287,0.10043,64188
82.396,1.16946,9.13416,0.09869,64573
82.406,1.16934,9.12494,0.09807,64939
82.416,1.16923,9.1122,0.10534,64947
82.426,1.16911,9.10343,0.10416,65096
82.436,1.169,9.0945,0.10742,65096
82.446,1.16888,9.08531,0.10933,65268
82.456,1.16876,9.07551,0.10816,65348
82.466,1.16865,9.06513,0.10191,65723
82.476,1.16853,9.05572,0.09612,65190
82.486,1.16841,9.04568,0.09958,64397
82.496,1.1683,9.04259,0.09841,65009
82.506,1.16818,9.03204,0.10344,65153
82.516,1.16806,9.02941,0.1037,65246
82.526,1.16795,9.02122,0.10536,65329
82.536,1.16783,9.01468,0.1049,65382
82.546,1.16772,9.00825,0.10624,65319
82.556,1.1676,9.00169,0.10754,65589
82.566,1.16748,8.99841,0.09499,65627
82.576,1.16737,8.98957,0.09918,64660
82.586,1.16725,8.98283,0.10032,64598
82.596,1.16714,8.97959,0.09919,65241
82.606,1.16702,8.96978,0.1015,65342
82.616,1.1669,8.96474,0.10358,65635
82.626,1.16679,8.95874,0.10629,65708
82.636,1.16667,8.95467,0.10666,65687
82.646,1.16656,8.94898,0.1071,65737
82.656,1.16644,8.94361,0.0979,65727
82.6659,1.16633,8.93677,0.09688,65236
82.6759,1.16621,8.92817,0.10411,65077
82.6859,1.16609,8.92356,0.10038,65141
82.6959,1.16598,8.91531,0.09865,65454
82.7059,1.16586,8.90712,0.10248,65579
82.7159,1.16575,8.90233,0.10733,65599
82.7259,1.16563,8.89881,0.10341,65701
82.7359,1.16552,8.89365,0.10544,65729
82.7459,1.1654,8.88922,0.10567,65773
82.7559,1.16529,8.88525,0.09265,65869
82.7659,1.16517,8.87354,0.10024,65269
82.7759,1.16505,8.87093,0.10433,65457
82.7859,1.16494,8.8645,0.09843,65588
82.7959,1.16482,8.85626,0.09981,65684
82.8059,1.16471,8.85572,0.1031,65773
82.8159,1.16459,8.85187,0.10351,65860
82.8259,1.16448,8.84649,0.1083,65938
82.8359,1.16436,8.8425,0.1082,65927
82.8459,1.16425,8.83926,0.09397,66052
82.8559,1.16413,8.82974,0.09812,65225
82.8659,1.16402,8.82719,0.1037,65635
82.8759,1.1639,8.82444,0.10242,65327
82.8859,1.16379,8.81505,0.09941,65730
82.8959,1.16367,8.81206,0.10231,65947
82.9059,1.16356,8.81209,0.10264,66279
82.9159,1.16344,8.80924,0.10463,66120
82.9259,1.16333,8.81085,0.10561,66172
82.9359,1.16321,8.80536,0.09532,66206
82.9459,1.1631,8.80184,0.09694,65662
82.9559,1.16298,8.80348,0.10328,65766
82.9659,1.16287,8.80234,0.1029,65768
82.9759,1.16275,8.79985,0.10211,65853
82.9859,1.16264,8.79753,0.09997,65911
82.9959,1.16252,8.79935,0.10108,66066
83.0059,1.16241,8.80139,0.10554,66138
83.0159,1.1623,8.79887,0.10599,66198
83.0259,1.16218,8.80113,0.10433,66465
83.0359,1.16207,8.79498,0.09088,66437
83.0459,1.16195,8.79369,0.09999,65702
83.0559,1.16184,8.79353,0.10423,66132
83.0659,1.16172,8.79505,0.10603,66004
83.0759,1.16161,8.79032,0.09596,66103
83.0859,1.16149,8.78323,0.10393,66213
83.0959,1.16138,8.78213,0.10475,66311
83.1059,1.16127,8.77736,0.10342,66277
83.1159,1.16115,8.77454,0.10603,66466
83.1259,1.16104,8.76997,0.09096,66417
83.1359,1.16092,8.76023,0.09719,65503
83.1459,1.16081,8.75935,0.107,66223
83.1559,1.16069,8.75381,0.10543,66582
83.1659,1.16058,8.74428,0.10191,66306
83.1759,1.16047,8.74122,0.09827,66293
83.1859,1.16035,8.73706,0.10441,66504
83.1959,1.16024,8.72944,0.10345,66527
83.2059,1.16012,8.72362,0.10365,66681
83.2158,1.16001,8.71574,0.09401,66680
83.2258,1.1599,8.70779,0.09668,65916
83.2358,1.15978,8.7062,0.10367,66271
83.2458,1.15967,8.69654,0.10598,66476
83.2558,1.15955,8.69411,0.10369,66253
83.2658,1.15944,8.68937,0.10065,66686
83.2758,1.15933,8.6883,0.10077,66731
83.2858,1.15921,8.68474,0.10176,66758
83.2958,1.1591,8.6787,0.10504,66770
83.3058,1.15899,8.67515,0.09269,66816
83.3158,1.15887,8.67165,0.0957,66286
83.3258,1.15876,8.6663,0.10371,66281
83.3358,1.15864,8.66092,0.10476,66660
83.3458,1.15853,8.66261,0.10531,66628
83.3558,1.15842,8.66317,0.10409,66421
83.3658,1.1583,8.66191,0.09949,66570
83.3758,1.15819,8.65826,0.10129,66895
83.3858,1.15808,8.65637,0.10324,67138
83.3958,1.15796,8.65622,0.09752,67130
83.4058,1.15785,8.65667,0.09377,66489
83.4158,1.15774,8.64979,0.10009,66429
83.4258,1.15762,8.65115,0.1056,66941
83.4358,1.15751,8.655,0.10522,66951
83.4458,1.1574,8.65324,0.10476,66681
83.4558,1.15728,8.65059,0.10248,66671
83.4658,1.15717,8.64875,0.09912,66893
83.4758,1.15706,8.64798,0.10343,66912
83.4858,1.15694,8.6508,0.10054,67467
83.4958,1.15683,8.6446,0.09191,66914
83.5058,1.15672,8.64351,0.10013,66578
83.5158,1.15661,8.64431,0.10182,66975
83.5258,1.15649,8.63925,0.10286,67114
83.5358,1.15638,8.63846,0.10754,67020
83.5458,1.15627,8.63646,0.10212,66812
83.5558,1.15615,8.6337,0.09984,66993
83.5658,1.15604,8.63156,0.10126,67015
83.5758,1.15593,8.62616,0.1055,67248
83.5858,1.15581,8.62289,0.08837,67274
83.5958,1.1557,8.62005,0.09706,66805
83.6058,1.15559,8.61659,0.10493,67205
83.6158,1.15548,8.6127,0.10494,67357
83.6258,1.15536,8.60842,0.10751,67296
83.6358,1.15525,8.60894,0.1039,67200
83.6458,1.15514,8.60697,0.10087,67022
83.6558,1.15503,8.60575,0.10231,67152
83.6658,1.15491,8.60554,0.10133,67310
83.6758,1.1548,8.60255,0.08947,67326
83.6858,1.15469,8.59644,0.09841,66859
83.6958,1.15458,8.6006,0.10232,67413
83.7058,1.15446,8.60238,0.1046,67590
83.7158,1.15435,8.60628,0.10531,67464
83.7258,1.15424,8.61039,0.10581,67340
83.7358,1.15413,8.60992,0.10609,67283
83.7458,1.15401,8.61523,0.09824,67284
83.7558,1.1539,8.61707,0.1021,67522
83.7657,1.15379,8.61487,0.08985,67595
83.7757,1.15368,8.61843,0.09574,66593
83.7857,1.15356,8.62762,0.10504,67742
83.7957,1.15345,8.62708,0.10418,67720
83.8057,1.15334,8.62822,0.10493,67797
83.8157,1.15323,8.63303,0.10657,67619
83.8257,1.15312,8.63525,0.10522,67513
83.8357,1.153,8.63688,0.1029,67480
83.8457,1.15289,8.64131,0.099,67576
83.8557,1.15278,8.6418,0.08901,67646
83.8657,1.15267,8.63223,0.09582,66659
83.8757,1.15256,8.64529,0.10305,67942
83.8857,1.15244,8.64197,0.10544,67981
83.8957,1.15233,8.64721,0.10508,67903
83.9057,1.15222,8.64371,0.10877,67852
83.9157,1.15211,8.64408,0.10417,67787
83.9257,1.152,8.64609,0.10393,67562
83.9357,1.15188,8.64901,0.09808,67739
83.9457,1.15177,8.64943,0.08798,67819
83.9557,1.15166,8.64448,0.09877,66867
83.9657,1.15155,8.65348,0.10387,68142
83.9757,1.15144,8.64791,0.10648,68019
83.9857,1.15133,8.6541,0.10464,68066
83.9957,1.15121,8.65318,0.1091,68123
84.0057,1.1511,8.65533,0.10468,67898
84.0157,1.15099,8.6646,0.1049,67741
84.0257,1.15088,8.66815,0.09933,67948
84.0357,1.15077,8.66588,0.08898,67875
84.0457,1.15066,8.66769,0.09684,67029
84.0557,1.15055,8.6709,0.10285,68320
84.0657,1.15043,8.67048,0.1031,68294
84.0757,1.15032,8.67527,0.10583,68171
84.0857,1.15021,8.68212,0.10814,68329
84.0957,1.1501,8.69037,0.10884,68073
84.1057,1.14999,8.69628,0.10516,68002
84.1157,1.14988,8.69949,0.10129,68046
84.1257,1.14977,8.7016,0.0877,67987
84.1357,1.14966,8.70551,0.09648,67639
84.1457,1.14954,8.70177,0.10293,68206
84.1557,1.14943,8.70781,0.10486,68299
84.1657,1.14932,8.71602,0.10539,68424
84.1757,1.14921,8.71979,0.10975,68355
84.1857,1.1491,8.72292,0.10823,68240
84.1957,1.14899,8.72616,0.10381,68298
84.2057,1.14888,8.72684,0.10603,68059
84.2157,1.14877,8.73126,0.08581,68412
84.2257,1.14866,8.73005,0.09746,67796
84.2357,1.14855,8.72935,0.10199,68292
84.2457,1.14844,8.73551,0.10356,68515
84.2557,1.14832,8.73745,0.10824,68481
84.2657,1.14821,8.73739,0.10714,68621
84.2757,1.1481,8.74258,0.10825,68462
84.2857,1.14799,8.7427,0.10682,68354
84.2957,1.14788,8.74277,0.10533,68380
84.3057,1.14777,8.74613,0.08567,68447
84.3156,1.14766,8.74695,0.09824,67998
84.3256,1.14755,8.74834,0.0997,68452
84.3356,1.14744,8.75164,0.1075,68494
84.3456,1.14733,8.76018,0.10687,68756
84.3556,1.14722,8.76181,0.10848,68729
84.3656,1.14711,8.76547,0.11006,68692
84.3756,1.147,8.77367,0.10622,68834
84.3856,1.14689,8.77496,0.09717,68897
84.3956,1.14678,8.77272,0.09082,68186
84.4056,1.14667,8.77627,0.09796,68147
84.4156,1.14656,8.7856,0.10329,68566
84.4256,1.14645,8.79013,0.10538,68650
84.4356,1.14634,8.79454,0.10693,68727
84.4456,1.14623,8.80009,0.10944,68776
84.4556,1.14611,8.8063,0.11032,69475
84.4656,1.146,8.8049,0.10772,69028
84.4756,1.14589,8.80467,0.09512,68939
84.4856,1.14578,8.80166,0.09328,68204
84.4956,1.14567,8.80764,0.09776,68233
84.5056,1.14556,8.81365,0.10177,68733
84.5156,1.14545,8.81774,0.10538,68755
84.5256,1.14534,8.8208,0.10978,68908
84.5356,1.14523,8.82882,0.10807,69638
84.5456,1.14512,8.82657,0.11037,69295
84.5556,1.14501,8.83046,0.10823,69047
84.5656,1.1449,8.83433,0.09271,69075
84.5756,1.14479,8.83016,0.09381,68119
84.5856,1.14469,8.83359,0.09971,68504
84.5956,1.14458,8.84688,0.10363,68854
84.6056,1.14447,8.85403,0.10561,69509
84.6156,1.14436,8.85818,0.10935,69432
84.6256,1.14425,8.86089,0.10764,69354
84.6356,1.14414,8.86574,0.11169,69403
84.6456,1.14403,8.87262,0.10773,69096
84.6556,1.14392,8.87646,0.09164,69077
84.6656,1.14381,8.88114,0.0968,67939
84.6756,1.1437,8.89034,0.10021,69308
84.6856,1.14359,8.89586,0.10435,69408
84.6956,1.14348,8.89902,0.10754,69498
84.7056,1.14337,8.90435,0.10636,69402
84.7156,1.14326,8.90917,0.1087,69425
84.7256,1.14315,8.91481,0.11085,69514
84.7356,1.14304,8.92195,0.10956,69117
84.7456,1.14293,8.92644,0.08894,69508
84.7556,1.14282,8.93337,0.10094,68595
84.7656,1.14271,8.93961,0.09975,69174
84.7756,1.1426,8.94204,0.10586,69476
84.7856,1.1425,8.95546,0.10408,69535
84.7956,1.14239,8.95756,0.1126,69484
84.8056,1.14228,8.95977,0.10833,69521
84.8156,1.14217,8.97074,0.11126,70049
84.8256,1.14206,8.97874,0.09965,69824
84.8356,1.14195,8.97762,0.09467,69088
84.8456,1.14184,8.99352,0.10305,68740
84.8556,1.14173,8.99627,0.10244,69341
84.8655,1.14162,8.99726,0.10284,69421
84.8755,1.14151,9.00523,0.10757,69646
84.8855,1.1414,9.01881,0.10757,70196
84.8955,1.1413,9.02331,0.11126,70072
84.9055,1.14119,9.03062,0.11075,70115
84.9155,1.14108,9.0379,0.09701,69676
84.9255,1.14097,9.03755,0.09735,68844
84.9355,1.14086,9.05066,0.10345,68976
84.9455,1.14075,9.04943,0.10218,69370
84.9555,1.14064,9.06561,0.10632,70309
84.9655,1.14053,9.07412,0.10855,70070
84.9755,1.14043,9.07838,0.10887,70132
84.9855,1.14032,9.09017,0.11028,70007
84.9955,1.14021,9.09566,0.11061,70055
85.0055,1.1401,9.09996,0.09539,69760
85.0155,1.13999,9.10312,0.09882,69065
85.0255,1.13988,9.11671,0.10453,69795
85.0355,1.13977,9.12894,0.10368,69843
85.0455,1.13967,9.14348,0.10651,69985
85.0555,1.13956,9.14615,0.10881,70044
85.0655,1.13945,9.15761,0.11014,70061
85.0755,1.13934,9.16714,0.10996,70141
85.0855,1.13923,9.18548,0.10387,70800
85.0955,1.13912,9.18739,0.09818,69758
85.1055,1.13902,9.20002,0.10141,69436
85.1155,1.13891,9.21546,0.10618,69806
85.1255,1.1388,9.22999,0.10504,69827
85.1355,1.13869,9.24115,0.10613,70003
85.1455,1.13858,9.25837,0.11177,70574
85.1555,1.13848,9.26951,0.11084,70712
85.1655,1.13837,9.28094,0.1102,70528
85.1755,1.13826,9.29463,0.0975,70483
85.1855,1.13815,9.30313,0.1025,69315
85.1955,1.13804,9.3261,0.10414,69604
85.2055,1.13794,9.34608,0.10816,70002
85.2155,1.13783,9.35985,0.1066,70722
85.2255,1.13772,9.37294,0.10755,70561
85.2355,1.13761,9.3889,0.1099,70534
85.2455,1.1375,9.4059,0.11177,70493
85.2555,1.1374,9.42379,0.11189,70469
85.2655,1.13729,9.43547,0.0962,70462
85.2755,1.13718,9.45586,0.10664,69830
85.2855,1.13707,9.46616,0.10541,70372
85.2955,1.13696,9.48378,0.10734,70327
85.3055,1.13686,9.4995,0.1091,70373
85.3155,1.13675,9.51406,0.10894,70439
85.3255,1.13664,9.52501,0.11071,70484
85.3355,1.13653,9.54361,0.11346,71344
85.3455,1.13643,9.55146,0.10108,70996
85.3555,1.13632,9.56268,0.10095,70171
85.3655,1.13621,9.57816,0.11036,69883
85.3755,1.1361,9.59316,0.10617,70303
85.3855,1.136,9.60663,0.11168,70361
85.3955,1.13589,9.62199,0.10845,71282
85.4055,1.13578,9.62609,0.11106,70923
85.4154,1.13567,9.64012,0.11267,70941
85.4254,1.13557,9.66109,0.11241,70891
85.4354,1.13546,9.67414,0.09758,70811
85.4454,1.13535,9.68731,0.10741,69699
85.4554,1.13525,9.7106,0.11278,70896
85.4654,1.13514,9.72324,0.10619,71046
85.4754,1.13503,9.74117,0.11504,70839
85.4854,1.13492,9.75743,0.10868,70755
85.4954,1.13482,9.77795,0.11121,70832
85.5054,1.13471,9.80353,0.11339,70910
85.5154,1.1346,9.82346,0.10441,71665
85.5254,1.1345,9.84456,0.09972,70670
85.5354,1.13439,9.85838,0.11193,70518
85.5454,1.13428,9.89251,0.11271,70725
85.5554,1.13417,9.91399,0.11179,70820
85.5654,1.13407,9.94156,0.11454,71160
85.5754,1.13396,9.96638,0.11037,71395
85.5854,1.13385,9.99198,0.11272,71233
85.5954,1.13375,10.02013,0.11425,71185
85.6054,1.13364,10.04767,0.0987,71205
85.6154,1.13353,10.06478,0.10716,70279
85.6254,1.13343,10.09839,0.11475,71370
85.6354,1.13332,10.13325,0.11371,71180
85.6454,1.13321,10.16285,0.11268,71324
85.6554,1.13311,10.18856,0.11735,70971
85.6654,1.133,10.22056,0.11047,71094
85.6754,1.13289,10.24398,0.11507,71239
85.6854,1.13279,10.28292,0.10907,72196
85.6954,1.13268,10.3033,0.1022,71037
85.7054,1.13257,10.33794,0.11227,70916
85.7154,1.13247,10.36464,0.11805,71030
85.7254,1.13236,10.39439,0.11372,71055
85.7354,1.13225,10.42892,0.11584,71741
85.7454,1.13215,10.46051,0.11757,71654
85.7554,1.13204,10.49444,0.11465,71608
85.7654,1.13193,10.51865,0.11607,71629
85.7754,1.13183,10.54197,0.10027,71493
85.7854,1.13172,10.56742,0.1087,70386
85.7954,1.13162,10.60807,0.11779,72099
85.8054,1.13151,10.6424,0.12191,71396
85.8154,1.1314,10.67485,0.11433,71515
85.8254,1.1313,10.70586,0.11885,71501
85.8354,1.13119,10.73429,0.11848,71486
85.8454,1.13108,10.76957,0.1153,72270
85.8554,1.13098,10.81017,0.10817,72014
85.8654,1.13087,10.83382,0.10614,71082
85.8754,1.13077,10.86667,0.11769,71157
85.8854,1.13066,10.90296,0.1212,71561
85.8954,1.13055,10.94749,0.12221,71627
85.9054,1.13045,10.99447,0.1144,72394
85.9154,1.13034,11.01975,0.12309,71966
85.9254,1.13024,11.0573,0.11674,71752
85.9354,1.13013,11.10084,0.11791,71682
85.9454,1.13003,11.13553,0.10128,71757
85.9554,1.12992,11.17349,0.11636,71464
85.9653,1.12981,11.22376,0.11897,71959
85.9753,1.12971,11.26263,0.12372,72075
85.9853,1.1296,11.30606,0.12381,71734
85.9953,1.1295,11.3494,0.11975,71822
86.0053,1.12939,11.39653,0.1213,72535
86.0153,1.12928,11.44691,0.12004,72037
86.0253,1.12918,11.48847,0.10684,72069
86.0353,1.12907,11.52885,0.11245,71238
86.0453,1.12897,11.58437,0.12183,71702
86.0553,1.12886,11.63291,0.12557,72832
86.0653,1.12876,11.68975,0.12794,72077
86.0753,1.12865,11.73877,0.12261,72038
86.0853,1.12855,11.79905,0.122,72138
86.0953,1.12844,11.85259,0.12522,71812
86.1053,1.12834,11.90505,0.11576,72987
86.1153,1.12823,11.96252,0.10868,72055
86.1253,1.12812,12.01869,0.12042,71662
86.1353,1.12802,12.07739,0.12527,72138
86.1453,1.12791,12.14334,0.12909,72147
86.1553,1.12781,12.2145,0.13244,72434
86.1653,1.1277,12.28049,0.12279,72712
86.1753,1.1276,12.33325,0.1271,72736
86.1853,1.12749,12.39735,0.12599,72269
86.1953,1.12739,12.46393,0.10598,72239
86.2053,1.12728,12.51622,0.11909,71667
86.2153,1.12718,12.59156,0.12712,72407
86.2253,1.12707,12.66488,0.13191,72515
86.2353,1.12697,12.73513,0.13372,72801
86.2453,1.12686,12.8094,0.132,72179
86.2553,1.12676,12.86243,0.12673,73217
86.2653,1.12665,12.94583,0.12987,72658
86.2753,1.12655,13.01632,0.11434,72491
86.2853,1.12644,13.08516,0.11755,71525
86.2953,1.12634,13.15133,0.128,72213
86.3053,1.12623,13.23153,0.13687,73443
86.3153,1.12613,13.31651,0.13643,73081
86.3253,1.12602,13.38879,0.1402,72423
86.3353,1.12592,13.47067,0.12454,72481
86.3453,1.12581,13.53883,0.13163,72508
86.3553,1.12571,13.61833,0.12569,73552
86.3653,1.12561,13.70781,0.11369,72462
86.3753,1.1255,13.77762,0.12876,72238
86.3853,1.1254,13.86684,0.13423,72577
86.3953,1.12529,13.94173,0.13982,72852
86.4053,1.12519,14.03776,0.13999,73557
86.4153,1.12508,14.12066,0.14109,72677
86.4253,1.12498,14.20347,0.12896,73262
86.4353,1.12487,14.29211,0.13869,72881
86.4453,1.12477,14.38179,0.11436,72949
86.4553,1.12466,14.47061,0.1277,72221
86.4653,1.12456,14.56385,0.13721,72719
86.4753,1.12446,14.67027,0.14302,73132
86.4853,1.12435,14.75941,0.14708,73263
86.4953,1.12425,14.86626,0.1487,73561
86.5053,1.12414,14.95702,0.13251,73288
86.5152,1.12404,15.05968,0.13882,73075
86.5252,1.12393,15.179,0.12315,72890
86.5352,1.12383,15.27333,0.12911,71869
86.5452,1.12373,15.38747,0.1381,73815
86.5552,1.12362,15.49146,0.14529,73391
86.5652,1.12352,15.60573,0.14535,73379
86.5752,1.12341,15.7165,0.1516,73151
86.5852,1.12331,15.84156,0.15007,73219
86.5952,1.12321,15.94925,0.13496,73885
86.6052,1.1231,16.06805,0.12859,73595
86.6152,1.123,16.17489,0.13069,72185
86.6252,1.12289,16.27796,0.14126,72541
86.6352,1.12279,16.41359,0.14614,74021
86.6452,1.12269,16.53458,0.15141,73486
86.6552,1.12258,16.63725,0.15555,74032
86.6652,1.12248,16.7627,0.15655,73193
86.6752,1.12237,16.88331,0.14128,73717
86.6852,1.12227,17.00964,0.13307,73849
86.6952,1.12217,17.10927,0.13552,72701
86.7052,1.12206,17.22882,0.14376,72510
86.7152,1.12196,17.34365,0.14866,73762
86.7252,1.12186,17.48356,0.15425,74374
86.7352,1.12175,17.59166,0.15661,73998
86.7452,1.12165,17.71886,0.16012,73783
86.7552,1.12155,17.84285,0.16132,72860
86.7652,1.12144,17.96588,0.13544,74521
86.7752,1.12134,18.0829,0.13136,73569
86.7852,1.12123,18.19979,0.14937,72823
86.7952,1.12113,18.32658,0.15309,73395
86.8052,1.12103,18.445,0.15896,73576
86.8152,1.12092,18.58325,0.16338,74504
86.8252,1.12082,18.68432,0.16239,74772
86.8352,1.12072,18.82235,0.16347,73482
86.8452,1.12061,18.94871,0.15022,73398
86.8552,1.12051,19.07469,0.12895,74138
86.8652,1.12041,19.1931,0.15152,73064
86.8752,1.1203,19.30657,0.15815,74185
86.8852,1.1202,19.44236,0.15992,73773
86.8952,1.1201,19.58225,0.16741,74391
86.9052,1.11999,19.71275,0.166,74510
86.9152,1.11989,19.83997,0.16759,74177
86.9252,1.11979,19.9707,0.16992,73420
86.9352,1.11969,20.10033,0.12792,74550
86.9452,1.11958,20.21847,0.15392,73513
86.9552,1.11948,20.3495,0.16379,73690
86.9652,1.11938,20.49941,0.16114,73891
86.9752,1.11927,20.61568,0.17054,73758
86.9852,1.11917,20.75849,0.17249,75896
86.9952,1.11907,20.89344,0.17313,74688
87.0052,1.11896,21.01748,0.17738,73549
87.0152,1.11886,21.15373,0.1305,73924
87.0252,1.11876,21.26726,0.15309,73429
87.0352,1.11866,21.38758,0.16724,74832
87.0452,1.11855,21.51656,0.16958,74281
87.0552,1.11845,21.64257,0.17342,74068
87.0651,1.11835,21.77401,0.17555,74902
87.0751,1.11825,21.88608,0.17567,74849
87.0851,1.11814,21.99375,0.17915,74817
87.0951,1.11804,22.10175,0.13838,74162
87.1051,1.11794,22.19591,0.1514,73358
87.1151,1.11783,22.30232,0.17074,74455
87.1251,1.11773,22.39206,0.17446,74228
87.1351,1.11763,22.48527,0.1726,74933
87.1451,1.11753,22.58269,0.18155,75213
87.1551,1.11742,22.65867,0.17852,75183
87.1651,1.11732,22.72524,0.18072,74609
87.1751,1.11722,22.81035,0.1496,73727
87.1851,1.11712,22.83917,0.14217,73865
87.1951,1.11702,22.92171,0.17251,75311
87.2051,1.11691,22.97046,0.18168,74650
87.2151,1.11681,23.02731,0.17551,74373
87.2251,1.11671,23.06247,0.17984,74487
87.2351,1.11661,23.11499,0.17839,76277
87.2451,1.1165,23.13476,0.18092,75385
87.2551,1.1164,23.19463,0.15624,74165
87.2651,1.1163,23.18032,0.14408,72992
87.2751,1.1162,23.22061,0.17239,75102
87.2851,1.1161,23.2425,0.17946,75561
87.2951,1.11599,23.25661,0.17972,75004
87.3051,1.11589,23.25578,0.17881,74818
87.3151,1.11579,23.27537,0.1791,75744
87.3251,1.11569,23.26019,0.18605,75011
87.3351,1.11558,23.27244,0.15227,75464
87.3451,1.11548,23.23124,0.14646,73520
87.3551,1.11538,23.22631,0.17023,75069
87.3651,1.11528,23.21842,0.17561,74896
87.3751,1.11518,23.19583,0.1868,74656
87.3851,1.11508,23.16829,0.17925,76394
87.3951,1.11497,23.13692,0.17711,76022
87.4051,1.11487,23.11287,0.18454,75166
87.4151,1.11477,23.05573,0.15067,75089
87.4251,1.11467,22.99912,0.15822,73415
87.4351,1.11457,22.98915,0.15441,75805
87.4451,1.11446,22.93786,0.17679,75387
87.4551,1.11436,22.8704,0.18523,74936
87.4651,1.11426,22.83435,0.18117,75616
87.4751,1.11416,22.78102,0.17518,76441
87.4851,1.11406,22.71749,0.18022,75762
87.4951,1.11396,22.64856,0.14918,75394
87.5051,1.11386,22.57234,0.16528,73504
87.5151,1.11375,22.51742,0.14912,74920
87.5251,1.11365,22.44336,0.17411,76299
87.5351,1.11355,22.36626,0.18012,75514
87.5451,1.11345,22.28639,0.17659,76264
87.5551,1.11335,22.19412,0.17428,75477
87.5651,1.11325,22.11098,0.17845,75998
87.5751,1.11315,22.02362,0.14491,75998
87.5851,1.11304,21.91005,0.16465,74301
87.5951,1.11294,21.82401,0.1476,74899
87.6051,1.11284,21.72884,0.1709,75098
87.615,1.11274,21.62391,0.17663,77081
87.625,1.11264,21.52791,0.17903,76430
87.635,1.11254,21.41172,0.17156,75716
87.645,1.11244,21.31537,0.1772,75308
87.655,1.11234,21.20893,0.14046,76771
87.665,1.11223,21.0873,0.16126,74685
87.675,1.11213,20.98513,0.14682,75083
87.685,1.11203,20.86933,0.16574,75241
87.695,1.11193,20.78501,0.17238,76627
87.705,1.11183,20.672,0.17738,77185
87.715,1.11173,20.54297,0.16792,75837
87.725,1.11163,20.44974,0.1673,75982
87.735,1.11153,20.3409,0.13848,75936
87.745,1.11143,20.22074,0.16314,75466
87.755,1.11133,20.10677,0.14605,75041
87.765,1.11123,20.01149,0.15754,76570
87.775,1.11112,19.88527,0.17038,76201
87.785,1.11102,19.77235,0.17065,76752
87.795,1.11092,19.66135,0.16943,76237
87.805,1.11082,19.55288,0.14942,77303
87.815,1.11072,19.41883,0.1418,75235
87.825,1.11062,19.29821,0.15976,75149
87.835,1.11052,19.19388,0.14827,75884
87.845,1.11042,19.06521,0.14744,76853
87.855,1.11032,18.94417,0.17072,76281
87.865,1.11022,18.82675,0.16531,75865
87.875,1.11012,18.7104,0.16912,78202
87.885,1.11002,18.57667,0.13682,76725
87.895,1.10992,18.43976,0.14382,74960
87.905,1.10982,18.33006,0.15832,75504
87.915,1.10972,18.19455,0.14796,76832
87.925,1.10962,18.07161,0.14203,76563
87.935,1.10952,17.95578,0.16404,76172
87.945,1.10941,17.84304,0.16109,77225
87.955,1.10931,17.69567,0.16481,77528
87.965,1.10921,17.59293,0.13115,76783
87.975,1.10911,17.4459,0.14008,74901
87.985,1.10901,17.32721,0.15929,77137
87.995,1.10891,17.20747,0.14525,75843
88.005,1.10881,17.10037,0.13673,76457
88.015,1.10871,16.98396,0.15745,77510
88.025,1.10861,16.85636,0.15783,76841
88.035,1.10851,16.74672,0.16402,77553
88.045,1.10841,16.62089,0.12414,77040
88.055,1.10831,16.50023,0.13987,76155
88.065,1.10821,16.39727,0.15559,76134
88.075,1.10811,16.26744,0.14086,75637
88.085,1.10801,16.18535,0.13187,77980
88.095,1.10791,16.05348,0.15281,77189
88.105,1.10781,15.94551,0.15388,76529
88.115,1.10771,15.8374,0.1518,78488
88.125,1.10761,15.73273,0.1217,76933
88.135,1.10751,15.60064,0.14036,75634
88.145,1.10741,15.49885,0.1541,76197
88.1549,1.10731,15.40637,0.13674,77722
88.1649,1.10721,15.29616,0.12896,77234
88.1749,1.10711,15.17337,0.14731,76719
88.1849,1.10701,15.08752,0.15204,77592
88.1949,1.10691,14.97703,0.12879,78859
88.2049,1.10682,14.84594,0.12739,75789
88.2149,1.10672,14.75097,0.14199,76234
88.2249,1.10662,14.66522,0.1506,78247
88.2349,1.10652,14.55525,0.13021,76472
88.2449,1.10642,14.44171,0.12821,76773
88.2549,1.10632,14.3446,0.1418,78074
88.2649,1.10622,14.25338,0.15085,78370
88.2749,1.10612,14.14367,0.1195,77752
88.2849,1.10602,14.03828,0.12803,76447
88.2949,1.10592,13.94433,0.14306,76862
88.3049,1.10582,13.86184,0.14748,77492
88.3149,1.10572,13.7483,0.12261,76708
88.3249,1.10562,13.66202,0.12542,78059
88.3349,1.10552,13.576,0.14126,77741
88.3449,1.10542,13.4788,0.14715,78019
88.3549,1.10532,13.39565,0.11097,78353
88.3649,1.10522,13.31185,0.1307,76180
88.3749,1.10512,13.21672,0.14076,77644
88.3849,1.10503,13.13762,0.1463,77825
88.3949,1.10493,13.05126,0.11666,77086
88.4049,1.10483,12.96915,0.12416,76979
88.4149,1.10473,12.893,0.13948,79802
88.4249,1.10463,12.82277,0.11797,78381
88.4349,1.10453,12.72606,0.11985,75982
88.4449,1.10443,12.64537,0.13246,78015
88.4549,1.10433,12.58264,0.14015,79024
88.4649,1.10423,12.48897,0.14671,76214
88.4749,1.10413,12.41844,0.1107,76221
88.4849,1.10404,12.35457,0.12142,80670
88.4949,1.10394,12.27378,0.13597,77997
88.5049,1.10384,12.19347,0.10843,77319
88.5149,1.10374,12.12538,0.1245,78572
88.5249,1.10364,12.05025,0.13711,78019
88.5349,1.10354,11.97706,0.14007,77473
88.5449,1.10344,11.90987,0.13395,77380
88.5549,1.10334,11.85162,0.10458,78720
88.5649,1.10324,11.7742,0.12191,77590
88.5749,1.10315,11.71844,0.1225,78852
88.5849,1.10305,11.65817,0.11022,78914
88.5949,1.10295,11.5808,0.12701,77204
88.6049,1.10285,11.53079,0.13818,78309
88.6149,1.10275,11.4808,0.13567,78882
88.6249,1.10265,11.40458,0.11421,76906
88.6349,1.10255,11.36312,0.11308,78364
88.6449,1.10246,11.31183,0.12448,79474
88.6549,1.10236,11.26076,0.10577,79153
88.6649,1.10226,11.19554,0.11571,76857
88.6749,1.10216,11.15868,0.13231,77955
88.6849,1.10206,11.10239,0.13581,79826
88.6949,1.10196,11.0449,0.13951,77219
88.7048,1.10187,11.00718,0.1041,78082
88.7148,1.10177,10.96199,0.11484,79507
88.7248,1.10167,10.90489,0.11666,78888
88.7348,1.10157,10.8699,0.10105,77890
88.7448,1.10147,10.80432,0.11792,78729
88.7548,1.10137,10.76779,0.13683,78859
88.7648,1.10128,10.71942,0.14382,79287
88.7748,1.10118,10.66453,0.11859,77706
88.7848,1.10108,10.62151,0.10529,78661
88.7948,1.10098,10.57727,0.11745,78649
88.8048,1.10088,10.5207,0.09727,80004
88.8148,1.10079,10.47639,0.11135,77556
88.8248,1.10069,10.42148,0.12864,78623
88.8348,1.10059,10.38654,0.14046,80249
88.8448,1.10049,10.34485,0.14299,78011
88.8548,1.10039,10.29962,0.1013,77898
88.8648,1.1003,10.24287,0.10912,79619
88.8748,1.1002,10.20365,0.1071,79536
88.8848,1.1001,10.16673,0.0985,77895
88.8948,1.1,10.11873,0.11958,79450
88.9048,1.0999,10.09653,0.13425,79718
88.9148,1.09981,10.05109,0.14214,79266
88.9248,1.09971,10.02011,0.10968,77715
88.9348,1.09961,9.96875,0.10537,79410
88.9448,1.09951,9.94,0.11794,79863
88.9548,1.09942,9.90511,0.0939,79525
88.9648,1.09932,9.8707,0.1081,77999
88.9748,1.09922,9.84551,0.12292,80074
88.9848,1.09912,9.79192,0.13501,78911
88.9948,1.09902,9.77203,0.14374,78053
89.0048,1.09893,9.74658,0.09541,80382
89.0148,1.09883,9.68611,0.11303,78194
89.0248,1.09873,9.69952,0.09991,81841
89.0348,1.09863,9.63269,0.0977,77938
89.0448,1.09854,9.61825,0.11113,78328
89.0548,1.09844,9.59213,0.13586,81824
89.0648,1.09834,9.56526,0.14917,77235
89.0748,1.09824,9.55485,0.10229,80295
89.0848,1.09815,9.51616,0.11126,80293
89.0948,1.09805,9.50525,0.1172,77935
89.1048,1.09795,9.47636,0.08661,81799
89.1148,1.09786,9.45891,0.10772,77908
89.1248,1.09776,9.43339,0.12752,79700
89.1348,1.09766,9.43402,0.14468,80137
89.1448,1.09756,9.41086,0.10012,78140
89.1548,1.09747,9.39435,0.11516,81125
89.1648,1.09737,9.38457,0.11363,79704
89.1748,1.09727,9.34548,0.09118,81330
89.1848,1.09718,9.33792,0.10524,78019
89.1948,1.09708,9.31336,0.11485,81381
89.2048,1.09698,9.30557,0.13767,76240
89.2148,1.09688,9.29742,0.09639,81600
89.2248,1.09679,9.26989,0.11851,79705
89.2348,1.09669,9.24058,0.12596,81822
89.2448,1.09659,9.22913,0.09765,80751
89.2547,1.0965,9.1965,0.10073,78513
89.2647,1.0964,9.19104,0.11015,80819
89.2747,1.0963,9.18078,0.1052,77140
89.2847,1.09621,9.1444,0.10316,79275
89.2947,1.09611,9.15439,0.12876,82909
89.3047,1.09601,9.11739,0.13806,79508
89.3147,1.09592,9.0991,0.10828,83680
89.3247,1.09582,9.094,0.0932,77229
89.3347,1.09572,9.06055,0.10717,77800
89.3447,1.09562,9.05522,0.08979,80705
89.3547,1.09553,9.04252,0.11563,79154
89.3647,1.09543,9.04092,0.13462,83587
89.3747,1.09533,9.00775,0.1413,79505
89.3847,1.09524,9.00033,0.12083,82772
89.3947,1.09514,8.99168,0.08658,79861
89.4047,1.09505,8.96131,0.09069,75496
89.4147,1.09495,8.95712,0.10048,82057
89.4247,1.09485,8.94728,0.1174,80247
89.4347,1.09476,8.92996,0.13465,82230
89.4447,1.09466,8.93603,0.13846,81954
89.4547,1.09456,8.89186,0.13344,80169
89.4647,1.09447,8.91219,0.07837,80536
89.4747,1.09437,8.88098,0.09547,77109
89.4847,1.09427,8.87855,0.10674,81888
89.4947,1.09418,8.85853,0.11634,80385
89.5047,1.09408,8.86791,0.12752,82559
89.5147,1.09398,8.84969,0.13836,81140
89.5247,1.09389,8.84283,0.10437,82208
89.5347,1.09379,8.8245,0.084,78786
89.5447,1.0937,8.81925,0.10381,78888
89.5547,1.0936,8.79819,0.1095,81663
89.5647,1.0935,8.80093,0.11384,80426
89.5747,1.09341,8.81157,0.12419,82035
89.5847,1.09331,8.78084,0.1223,80829
89.5947,1.09322,8.7809,0.09134,83521
89.6047,1.09312,8.75567,0.09612,77419
89.6147,1.09302,8.76726,0.10821,81637
89.6247,1.09293,8.73475,0.11023,81246
89.6347,1.09283,8.7518,0.11106,80695
89.6447,1.09274,8.74107,0.11659,82349
89.6547,1.09264,8.72939,0.12575,80257
89.6647,1.09254,8.70699,0.08728,81882
89.6747,1.09245,8.69918,0.10383,78513
89.6847,1.09235,8.70108,0.10807,82870
89.6947,1.09226,8.69629,0.1115,81775
89.7047,1.09216,8.67217,0.10822,80162
89.7147,1.09206,8.68809,0.11348,82638
89.7247,1.09197,8.66845,0.09577,81270
89.7347,1.09187,8.65846,0.10437,80003
89.7447,1.09178,8.65852,0.11105,82080
89.7547,1.09168,8.6521,0.10813,81482
89.7647,1.09159,8.64443,0.10817,81483
89.7747,1.09149,8.6463,0.11344,81947
89.7847,1.09139,8.64717,0.09587,81551
89.7947,1.0913,8.61965,0.1041,80290
89.8046,1.0912,8.62468,0.10881,81561
89.8146,1.09111,8.62678,0.10794,82176
89.8246,1.09101,8.61828,0.10782,81774
89.8346,1.09092,8.60557,0.11094,81949
89.8446,1.09082,8.61884,0.10135,81951
89.8546,1.09073,8.58866,0.10181,80744
89.8646,1.09063,8.5969,0.10725,81279
89.8746,1.09054,8.58494,0.10997,81168
89.8846,1.09044,8.59186,0.10851,80794
89.8946,1.09034,8.57283,0.10729,80620
89.9046,1.09025,8.58516,0.10156,79257
89.9146,1.09015,8.55078,0.10394,78562
89.9246,1.09006,8.55356,0.10485,77744
89.9346,1.08996,8.53705,0.10502,76593
89.9446,1.08987,8.54812,0.10991,76279
89.9546,1.08977,8.54695,0.10997,75396
89.9646,1.08968,8.52143,0.10195,74425
89.9746,1.08958,8.53042,0.10604,73336
89.9846,1.08949,8.51906,0.10517,72250
89.9946,1.08939,8.50242,0.10557,71698
90.0046,1.0893,8.53381,0.10957,70668
90.0146,1.0892,8.52332,0.1134,70192
90.0246,1.08911,8.51824,0.11372,69725
90.0346,1.08901,8.5087,0.10806,68335
90.0446,1.08892,8.50998,0.10711,66484
90.0546,1.08882,8.50653,0.10885,64671
90.0646,1.08873,8.51681,0.10853,62913
90.0746,1.08863,8.52508,0.10957,61767
90.0846,1.08854,8.49414,0.11961,60129
90.0946,1.08844,8.49988,0.11675,58213
90.1046,1.08835,8.48976,0.11163,55781
90.1146,1.08825,8.45485,0.10619,52751
90.1246,1.08816,8.46675,0.1089,49706
90.1346,1.08806,8.43618,0.11732,46902
90.1446,1.08797,8.43088,0.12005,44794
90.1546,1.08788,8.40757,0.13224,41535
90.1646,1.08778,8.3934,0.12505,38310
90.1746,1.08769,8.40412,0.12026,34817
90.1846,1.08759,8.41334,0.11495,30420
90.1946,1.0875,8.38608,0.12935,26444
90.2046,1.0874,8.34469,0.13407,23757
90.2146,1.08731,8.35135,0.13315,20656
90.2246,1.08721,8.3396,0.14231,16872
90.2346,1.08712,8.34111,0.14051,13188
90.2446,1.08702,8.44878,0.18906,8408
90.2546,1.08693,8.47384,0.21607,6343
90.2646,1.08684,8.47447,0.24443,5425
90.2746,1.08674,8.54659,0.27246,4431
90.2846,1.08665,8.52359,0.2638,3472
90.2946,1.08655,8.54429,0.26084,2398
90.3046,1.08646,8.47335,0.25595,1239
90.3146,1.08636,8.32544,0.25357,162
90.3246,1.08627,8.70972,0.3674,22