2thetadeg,d-value,intx,sigx,count
0.001,88267.7,0.0,0.0,0
0.011,8025.583,0.0,0.0,0
0.021,4203.908,0.0,0.0,0
0.03099,2847.816,0.0,0.0,0
0.04099,2153.23,0.0,0.0,0
0.05099,1731.029,0.0,0.0,0
0.06099,1447.255,0.0,0.0,0
0.07099,1243.417,0.0,0.0,0
0.08099,1089.909,0.0,0.0,0
0.09098,970.1388,0.0,0.0,0
0.10098,874.0856,0.0,0.0,0
0.11098,795.3393,0.0,0.0,0
0.12098,729.6089,0.0,0.0,0
0.13098,673.9137,0.0,0.0,0
0.14098,626.1184,0.0,0.0,0
0.15097,584.6537,0.0,0.0,0
0.16097,548.3399,0.0,0.0,0
0.17097,516.2733,0.0,0.0,0
0.18097,487.7499,0.0,0.0,0
0.19097,462.2133,0.0,0.0,0
0.20097,439.2177,0.0,0.0,0
0.21096,418.4017,0.0,0.0,0
0.22096,399.4696,0.0,0.0,0
0.23096,382.1765,0.0,0.0,0
0.24096,366.3186,0.0,0.0,0
0.25096,351.7243,0.0,0.0,0
0.26096,338.2483,0.0,0.0,0
0.27095,325.7668,0.0,0.0,0
0.28095,314.1737,0.0,0.0,0
0.29095,303.3774,0.0,0.0,0
0.30095,293.2985,0.0,0.0,0
0.31095,283.8677,0.0,0.0,0
0.32095,275.0245,0.0,0.0,0
0.33094,266.7156,0.0,0.0,0
0.34094,258.8941,0.0,0.0,0
0.35094,251.5182,0.0,0.0,0
0.36094,244.5509,0.0,0.0,0
0.37094,237.9593,0.0,0.0,0
0.38094,231.7137,0.0,0.0,0
0.39093,225.7875,0.0,0.0,0
0.40093,220.1569,0.0,0.0,0
0.41093,214.8003,0.0,0.0,0
0.42093,209.6982,0.0,0.0,0
0.43093,204.8329,0.0,0.0,0
0.44092,200.1881,0.0,0.0,0
0.45092,195.7494,0.0,0.0,0
0.46092,191.5032,0.0,0.0,0
0.47092,187.4374,0.0,0.0,0
0.48092,183.5406,0.0,0.0,0
0.49092,179.8025,0.0,0.0,0
0.50091,176.2136,0.0,0.0,0
0.51091,172.7653,0.0,0.0,0
0.52091,169.4493,0.0,0.0,0
0.53091,166.2581,0.0,0.0,0
0.54091,163.185,0.0,0.0,0
0.55091,160.2234,0.0,0.0,0
0.5609,157.3674,0.0,0.0,0
0.5709,154.6114,0.0,0.0,0
0.5809,151.9503,0.0,0.0,0
0.5909,149.3793,0.0,0.0,0
0.6009,146.8938,0.0,0.0,0
0.6109,144.4897,0.0,0.0,0
0.62089,142.163,0.0,0.0,0
0.63089,139.91,0.0,0.0,0
0.64089,137.7273,0.0,0.0,0
0.65089,135.6117,0.0,0.0,0
0.66089,133.5601,0.0,0.0,0
0.67089,131.5697,0.0,0.0,0
0.68088,129.6377,0.0,0.0,0
0.69088,127.7617,0.0,0.0,0
0.70088,125.9391,0.0,0.0,0
0.71088,124.1678,0.0,0.0,0
0.72088,122.4457,0.0,0.0,0
0.73088,120.7707,0.0,0.0,0
0.74087,119.1409,0.0,0.0,0
0.75087,117.5545,0.0,0.0,0
0.76087,116.0097,0.0,0.0,0
0.77087,114.5051,0.0,0.0,0
0.78087,113.039,0.0,0.0,0
0.79087,111.61,0.0,0.0,0
0.80086,110.2166,0.0,0.0,0
0.81086,108.8576,0.0,0.0,0
0.82086,107.5317,0.0,0.0,0
0.83086,106.2377,0.0,0.0,0
0.84086,104.9745,0.0,0.0,0
0.85085,103.741,0.0,0.0,0
0.86085,102.5361,0.0,0.0,0
0.87085,101.3589,0.0,0.0,0
0.88085,100.2084,0.0,0.0,0
0.89085,99.08379,0.0,0.0,0
0.90085,97.9841,0.0,0.0,0
0.91084,96.90856,0.0,0.0,0
0.92084,95.85637,0.0,0.0,0
0.93084,94.82679,0.0,0.0,0
0.94084,93.81909,0.0,0.0,0
0.95084,92.83258,0.0,0.0,0
0.96084,91.8666,0.0,0.0,0
0.97083,90.92052,0.0,0.0,0
0.98083,89.99373,0.0,0.0,0
0.99083,89.08564,0.0,0.0,0
1.00083,88.1957,0.0,0.0,0
1.01083,87.32336,0.0,0.0,0
1.02083,86.46811,0.0,0.0,0
1.03082,85.62945,0.0,0.0,0
1.04082,84.8069,0.0,0.0,0
1.05082,84.00001,0.0,0.0,0
1.06082,83.20832,0.0,0.0,0
1.07082,82.43142,0.0,0.0,0
1.08082,81.6689,0.0,0.0,0
1.09081,80.92035,0.0,0.0,0
1.10081,80.1854,0.0,0.0,0
1.11081,79.46368,0.0,0.0,0
1.12081,78.75484,0.0,0.0,0
1.13081,78.05854,0.0,0.0,0
1.14081,77.37443,0.0,0.0,0
1.1508,76.70222,0.0,0.0,0
1.1608,76.04159,0.0,0.0,0
1.1708,75.39224,0.0,0.0,0
1.1808,74.75388,0.0,0.0,0
1.1908,74.12625,0.0,0.0,0
1.20079,73.50907,0.0,0.0,0
1.21079,72.90208,0.0,0.0,0
1.22079,72.30503,0.0,0.0,0
1.23079,71.71768,0.0,0.0,0
1.24079,71.1398,0.0,0.0,0
1.25079,70.57116,0.0,0.0,0
1.26078,70.01154,0.0,0.0,0
1.27078,69.46073,0.0,0.0,0
1.28078,68.91851,0.0,0.0,0
1.29078,68.38469,0.0,0.0,0
1.30078,67.85908,0.0,0.0,0
1.31078,67.34149,0.0,0.0,0
1.32077,66.83174,0.0,0.0,0
1.33077,66.32965,0.0,0.0,0
1.34077,65.83504,0.0,0.0,0
1.35077,65.34776,0.0,0.0,0
1.36077,64.86763,0.0,0.0,0
1.37077,64.39451,0.0,0.0,0
1.38076,63.92825,0.0,0.0,0
1.39076,63.46869,0.0,0.0,0
1.40076,63.01568,0.0,0.0,0
1.41076,62.5691,0.0,0.0,0
1.42076,62.12881,0.0,0.0,0
1.43076,61.69467,0.0,0.0,0
1.44075,61.26655,0.0,0.0,0
1.45075,60.84434,0.0,0.0,0
1.46075,60.4279,0.0,0.0,0
1.47075,60.01713,0.0,0.0,0
1.48075,59.61191,0.0,0.0,0
1.49075,59.21212,0.0,0.0,0
1.50074,58.81765,0.0,0.0,0
1.51074,58.42841,0.0,0.0,0
1.52074,58.04429,0.0,0.0,0
1.53074,57.66519,0.0,0.0,0
1.54074,57.291,0.0,0.0,0
1.55074,56.92164,0.0,0.0,0
1.56073,56.55702,0.0,0.0,0
1.57073,56.19703,0.0,0.0,0
1.58073,55.8416,0.0,0.0,0
1.59073,55.49064,0.0,0.0,0
1.60073,55.14406,0.0,0.0,0
1.61072,54.80179,0.0,0.0,0
1.62072,54.46374,0.0,0.0,0
1.63072,54.12983,0.0,0.0,0
1.64072,53.8,0.0,0.0,0
1.65072,53.47415,0.0,0.0,0
1.66072,53.15224,0.0,0.0,0
1.67071,52.83417,0.0,0.0,0
1.68071,52.51989,0.0,0.0,0
1.69071,52.20933,0.0,0.0,0
1.70071,51.90242,0.0,0.0,0
1.71071,51.5991,0.0,0.0,0
1.72071,51.2993,0.0,0.0,0
1.7307,51.00297,0.0,0.0,0
1.7407,50.71004,0.0,0.0,0
1.7507,50.42045,0.0,0.0,0
1.7607,50.13416,0.0,0.0,0
1.7707,49.8511,0.0,0.0,0
1.7807,49.57121,0.0,0.0,0
1.79069,49.29446,0.0,0.0,0
1.80069,49.02077,0.0,0.0,0
1.81069,48.75011,0.0,0.0,0
1.82069,48.48242,0.0,0.0,0
1.83069,48.21766,0.0,0.0,0
1.84069,47.95577,0.0,0.0,0
1.85068,47.69671,0.0,0.0,0
1.86068,47.44044,0.0,0.0,0
1.87068,47.1869,0.0,0.0,0
1.88068,46.93607,0.0,0.0,0
1.89068,46.68788,0.0,0.0,0
1.90068,46.44231,0.0,0.0,0
1.91067,46.1993,0.0,0.0,0
1.92067,45.95883,0.0,0.0,0
1.93067,45.72085,0.0,0.0,0
1.94067,45.48532,0.0,0.0,0
1.95067,45.2522,0.0,0.0,0
1.96067,45.02146,0.0,0.0,0
1.97066,44.79306,0.0,0.0,0
1.98066,44.56697,0.0,0.0,0
1.99066,44.34315,0.0,0.0,0
2.00066,44.12157,0.0,0.0,0
2.01066,43.90219,0.0,0.0,0
2.02065,43.68498,0.0,0.0,0
2.03065,43.46992,0.0,0.0,0
2.04065,43.25695,0.0,0.0,0
2.05065,43.04607,0.0,0.0,0
2.06065,42.83723,0.0,0.0,0
2.07065,42.63041,0.0,0.0,0
2.08064,42.42558,0.0,0.0,0
2.09064,42.2227,0.0,0.0,0
2.10064,42.02176,0.0,0.0,0
2.11064,41.82272,0.0,0.0,0
2.12064,41.62556,0.0,0.0,0
2.13064,41.43025,0.0,0.0,0
2.14063,41.23676,0.0,0.0,0
2.15063,41.04508,0.0,0.0,0
2.16063,40.85516,0.0,0.0,0
2.17063,40.667,0.0,0.0,0
2.18063,40.48056,0.0,0.0,0
2.19063,40.29583,0.0,0.0,0
2.20062,40.11277,0.0,0.0,0
2.21062,39.93137,0.0,0.0,0
2.22062,39.7516,0.0,0.0,0
2.23062,39.57344,0.0,0.0,0
2.24062,39.39688,0.0,0.0,0
2.25062,39.22188,0.0,0.0,0
2.26061,39.04843,0.0,0.0,0
2.27061,38.87651,0.0,0.0,0
2.28061,38.7061,0.0,0.0,0
2.29061,38.53717,0.0,0.0,0
2.30061,38.36971,0.0,0.0,0
2.31061,38.2037,0.0,0.0,0
2.3206,38.03913,0.0,0.0,0
2.3306,37.87596,0.0,0.0,0
2.3406,37.71419,0.0,0.0,0
2.3506,37.55379,0.0,0.0,0
2.3606,37.39476,0.0,0.0,0
2.3706,37.23706,0.0,0.0,0
2.38059,37.08069,0.0,0.0,0
2.39059,36.92563,0.0,0.0,0
2.40059,36.77186,0.0,0.0,0
2.41059,36.61937,0.0,0.0,0
2.42059,36.46813,0.0,0.0,0
2.43058,36.31814,0.0,0.0,0
2.44058,36.16938,0.0,0.0,0
2.45058,36.02183,0.0,0.0,0
2.46058,35.87548,0.0,0.0,0
2.47058,35.73032,0.0,0.0,0
2.48058,35.58633,0.0,0.0,0
2.49057,35.44349,0.0,0.0,0
2.50057,35.30179,0.0,0.0,0
2.51057,35.16123,0.0,0.0,0
2.52057,35.02178,0.0,0.0,0
2.53057,34.88343,0.0,0.0,0
2.54057,34.74617,0.0,0.0,0
2.55056,34.60998,0.0,0.0,0
2.56056,34.47486,0.0,0.0,0
2.57056,34.34079,0.0,0.0,0
2.58056,34.20776,0.0,0.0,0
2.59056,34.07576,0.0,0.0,0
2.60056,33.94477,0.0,0.0,0
2.61055,33.81479,0.0,0.0,0
2.62055,33.6858,0.0,0.0,0
2.63055,33.55779,0.0,0.0,0
2.64055,33.43074,0.0,0.0,0
2.65055,33.30466,0.0,0.0,0
2.66055,33.17952,0.0,0.0,0
2.67054,33.05532,0.0,0.0,0
2.68054,32.93205,0.0,0.0,0
2.69054,32.8097,0.0,0.0,0
2.70054,32.68825,0.0,0.0,0
2.71054,32.56769,0.0,0.0,0
2.72054,32.44802,0.0,0.0,0
2.73053,32.32923,0.0,0.0,0
2.74053,32.21131,0.0,0.0,0
2.75053,32.09424,0.0,0.0,0
2.76053,31.97802,0.0,0.0,0
2.77053,31.86264,0.0,0.0,0
2.78053,31.74809,0.0,0.0,0
2.79052,31.63436,0.0,0.0,0
2.80052,31.52145,0.0,0.0,0
2.81052,31.40933,0.0,0.0,0
2.82052,31.29801,0.0,0.0,0
2.83052,31.18748,0.0,0.0,0
2.84051,31.07773,0.0,0.0,0
2.85051,30.96874,0.0,0.0,0
2.86051,30.86052,0.0,0.0,0
2.87051,30.75305,0.0,0.0,0
2.88051,30.64633,0.0,0.0,0
2.89051,30.54035,0.0,0.0,0
2.9005,30.43509,0.0,0.0,0
2.9105,30.33056,0.0,0.0,0
2.9205,30.22675,0.0,0.0,0
2.9305,30.12364,0.0,0.0,0
2.9405,30.02124,0.0,0.0,0
2.9505,29.91953,0.0,0.0,0
2.96049,29.81851,0.0,0.0,0
2.97049,29.71816,0.0,0.0,0
2.98049,29.6185,0.0,0.0,0
2.99049,29.51949,0.0,0.0,0
3.00049,29.42115,0.0,0.0,0
3.01049,29.32346,0.0,0.0,0
3.02048,29.22642,0.0,0.0,0
3.03048,29.13001,0.0,0.0,0
3.04048,29.03425,0.0,0.0,0
3.05048,28.9391,0.0,0.0,0
3.06048,28.84459,0.0,0.0,0
3.07048,28.75068,0.0,0.0,0
3.08047,28.65739,0.0,0.0,0
3.09047,28.5647,0.0,0.0,0
3.10047,28.47261,0.0,0.0,0
3.11047,28.38111,0.0,0.0,0
3.12047,28.29019,0.0,0.0,0
3.13047,28.19986,0.0,0.0,0
3.14046,28.1101,0.0,0.0,0
3.15046,28.02091,0.0,0.0,0
3.16046,27.93229,0.0,0.0,0
3.17046,27.84423,0.0,0.0,0
3.18046,27.75672,0.0,0.0,0
3.19045,27.66975,0.0,0.0,0
3.20045,27.58334,0.0,0.0,0
3.21045,27.49746,0.0,0.0,0
3.22045,27.41211,0.0,0.0,0
3.23045,27.32729,0.0,0.0,0
3.24045,27.243,0.0,0.0,0
3.25044,27.15922,0.0,0.0,0
3.26044,27.07596,0.0,0.0,0
3.27044,26.9932,0.0,0.0,0
3.28044,26.91095,0.0,0.0,0
3.29044,26.8292,0.0,0.0,0
3.30044,26.74795,0.0,0.0,0
3.31043,26.66719,18.18625,1.74997,3
3.32043,26.58691,18.34121,0.55289,4
3.33043,26.50712,18.50179,0.41977,7
3.34043,26.4278,19.09914,1.23028,15
3.35043,26.34896,19.17522,1.81189,25
3.36043,26.27058,18.99674,2.09784,35
3.37042,26.19268,18.57616,1.10816,52
3.38042,26.11523,18.31385,1.65806,74
3.39042,26.03824,17.35444,2.18645,99
3.40042,25.9617,17.06428,1.65743,127
3.41042,25.88561,16.38162,0.84821,161
3.42042,25.80997,15.91926,1.12008,198
3.43041,25.73476,15.74044,0.91335,253
3.44041,25.66,15.56988,1.72999,298
3.45041,25.58566,15.51536,0.79176,343
3.46041,25.51176,15.51022,0.96562,404
3.47041,25.43828,15.52468,0.64799,473
3.48041,25.36523,15.47158,0.72612,537
3.4904,25.29259,15.63123,0.51931,610
3.5004,25.22037,15.86304,0.71589,697
3.5104,25.14856,16.08462,0.66845,789
3.5204,25.07716,16.24347,0.4757,906
3.5304,25.00616,16.53034,0.52858,1044
3.5404,24.93556,16.87059,1.01366,1132
3.55039,24.86536,17.07212,0.45973,1285
3.56039,24.79556,17.22108,0.63093,1416
3.57039,24.72615,17.5065,0.46262,1598
3.58039,24.65712,17.67454,0.48483,1742
3.59039,24.58848,17.85304,0.67048,1869
3.60038,24.52022,18.10771,0.60834,2024
3.61038,24.45234,18.20754,0.48662,2170
3.62038,24.38483,18.42584,0.72161,2325
3.63038,24.31769,18.56664,0.45763,2412
3.64038,24.25093,18.90616,0.468,2666
3.65038,24.18453,18.84601,0.57641,2820
3.66037,24.11849,19.02351,0.41782,3043
3.67037,24.05281,19.19038,0.39394,3167
3.68037,23.98749,19.33938,0.64322,3457
3.69037,23.92253,19.41427,0.38266,3619
3.70037,23.85791,19.70934,0.51476,3698
3.71037,23.79364,19.75079,0.51116,3857
3.72036,23.72972,19.98933,0.51373,3893
3.73036,23.66614,20.1311,0.39292,4170
3.74036,23.6029,20.35059,0.46251,4155
3.75036,23.54,20.47549,0.59861,4384
3.76036,23.47743,20.86406,0.39866,4344
3.77036,23.4152,20.92288,0.42906,4613
3.78035,23.35329,21.24302,0.48367,4643
3.79035,23.29171,21.4277,0.39984,4964
3.80035,23.23046,21.65589,0.37299,4962
3.81035,23.16952,21.90044,0.39058,5074
3.82035,23.10891,22.35201,0.45278,5244
3.83035,23.04861,22.64199,0.40745,5335
3.84034,22.98863,22.78528,0.54312,5484
3.85034,22.92895,23.10216,0.40363,5558
3.86034,22.86959,23.41565,0.41921,5561
3.87034,22.81053,23.62485,0.50892,5735
3.88034,22.75178,24.05321,0.41215,5688
3.89034,22.69333,24.33273,0.36906,6009
3.90033,22.63518,24.87946,0.42599,5922
3.91033,22.57732,25.01563,0.33594,6147
3.92033,22.51977,25.43843,0.48023,6242
3.93033,22.4625,25.62202,0.42769,6383
3.94033,22.40553,26.00645,0.42144,6538
3.95033,22.34884,26.19538,0.52433,6659
3.96032,22.29244,26.53223,0.42535,6656
3.97032,22.23633,26.78505,0.36035,6900
3.98032,22.18049,27.11474,0.39555,6985
3.99032,22.12494,27.36358,0.50244,7156
4.00032,22.06966,27.66735,0.47526,7169
4.01031,22.01466,27.74283,0.46021,7197
4.02031,21.95993,28.0726,0.42627,7394
4.03031,21.90548,28.26436,0.38567,7473
4.04031,21.85129,28.40792,0.41999,7538
4.05031,21.79737,28.36556,0.41105,7619
4.06031,21.74372,28.72003,0.44044,7670
4.0703,21.69033,28.79839,0.44237,7880
4.0803,21.63721,29.13662,0.42473,7994
4.0903,21.58434,29.20321,0.42156,8023
4.1003,21.53173,29.36283,0.50394,8084
4.1103,21.47938,29.44191,0.45506,8259
4.1203,21.42728,29.63499,0.46975,8275
4.13029,21.37543,29.62277,0.40252,8311
4.14029,21.32383,29.78501,0.45672,8213
4.15029,21.27248,29.65047,0.43121,8308
4.16029,21.22138,30.04784,0.41368,8393
4.17029,21.17053,29.9506,0.45701,8600
4.18029,21.11992,30.23775,0.44262,8445
4.19028,21.06954,30.07408,0.46633,8607
4.20028,21.01941,30.31637,0.41126,8537
4.21028,20.96952,30.20378,0.41909,8677
4.22028,20.91986,30.35955,0.52587,8669
4.23028,20.87044,30.2953,0.47158,8699
4.24028,20.82125,30.47116,0.44724,8794
4.25027,20.7723,30.47628,0.42675,8672
4.26027,20.72357,30.48578,0.46399,8747
4.27027,20.67507,30.54689,0.51039,8698
4.28027,20.6268,30.6042,0.43281,8756
4.29027,20.57875,30.65704,0.40945,8758
4.30027,20.53092,30.60865,0.38779,8668
4.31026,20.48332,30.61268,0.3973,8866
4.32026,20.43594,30.79827,0.44654,8891
4.33026,20.38878,30.74396,0.46186,8906
4.34026,20.34183,30.88299,0.46933,8998
4.35026,20.2951,30.83421,0.48698,8919
4.36026,20.24859,30.89067,0.49433,8985
4.37025,20.20228,30.97649,0.4294,9057
4.38025,20.15619,30.96009,0.50105,9024
4.39025,20.11031,30.90544,0.46138,8832
4.40025,20.06464,30.93462,0.35939,8829
4.41025,20.01917,30.99709,0.36977,9047
4.42024,19.97392,31.0904,0.47781,9040
4.43024,19.92886,31.1487,0.44219,9164
4.44024,19.88401,31.19732,0.49873,9102
4.45024,19.83936,31.19849,0.41931,9148
4.46024,19.79491,31.2052,0.45064,9160
4.47024,19.75065,31.21611,0.5399,9187
4.48023,19.7066,31.21844,0.40066,9260
4.49023,19.66274,31.36697,0.4807,9231
4.50023,19.61908,31.25781,0.44104,9155
4.51023,19.57561,31.35862,0.49172,9086
4.52023,19.53233,31.29502,0.37705,9229
4.53023,19.48925,31.48071,0.41085,9270
4.54022,19.44635,31.45044,0.41537,9411
4.55022,19.40364,31.50501,0.43361,9231
4.56022,19.36112,31.43167,0.43017,9350
4.57022,19.31879,31.55374,0.45943,9333
4.58022,19.27664,31.56067,0.43529,9515
4.59022,19.23468,31.73423,0.41905,9461
4.60021,19.19289,31.53803,0.54175,9388
4.61021,19.15129,31.63973,0.45484,9410
4.62021,19.10987,31.6549,0.39929,9559
4.63021,19.06863,31.69969,0.52412,9496
4.64021,19.02756,31.59609,0.39902,9384
4.65021,18.98667,31.59819,0.39363,9428
4.6602,18.94596,31.85631,0.40919,9540
4.6702,18.90542,31.67378,0.42485,9517
4.6802,18.86506,31.85501,0.47158,9693
4.6902,18.82486,31.72942,0.43543,9655
4.7002,18.78484,31.8476,0.44727,9625
4.7102,18.74499,31.75974,0.47503,9684
4.72019,18.70531,31.80362,0.40476,9619
4.73019,18.66579,31.84887,0.40002,9677
4.74019,18.62644,31.82542,0.47026,9749
4.75019,18.58726,31.8983,0.42787,9779
4.76019,18.54824,31.78737,0.43455,9676
4.77018,18.50939,31.92844,0.45208,9777
4.78018,18.47069,31.88493,0.41332,9755
4.79018,18.43216,31.92944,0.39107,9759
4.80018,18.39379,31.82891,0.44374,9865
4.81018,18.35558,31.89768,0.40908,9860
4.82018,18.31753,31.94193,0.48893,9893
4.83017,18.27964,31.93719,0.3761,9796
4.84017,18.2419,31.90778,0.45066,9876
4.85017,18.20432,31.96966,0.48489,10039
4.86017,18.16689,31.98899,0.42728,10081
4.87017,18.12962,31.99737,0.41935,10117
4.88017,18.0925,31.87458,0.48445,9785
4.89016,18.05553,31.81289,0.44347,9855
4.90016,18.01871,32.01024,0.37662,9909
4.91016,17.98204,31.92526,0.4065,10238
4.92016,17.94552,31.98595,0.4903,10098
4.93016,17.90915,31.85621,0.36301,10099
4.94016,17.87293,32.03425,0.42823,10014
4.95015,17.83685,31.9023,0.39585,10194
4.96015,17.80092,32.09866,0.45683,10285
4.97015,17.76513,31.84858,0.45489,10269
4.98015,17.72949,32.00064,0.40559,10189
4.99015,17.69399,31.89546,0.47431,10187
5.00015,17.65863,32.01212,0.52352,10276
5.01014,17.62341,31.95279,0.39888,10204
5.02014,17.58833,31.99357,0.39674,10257
5.03014,17.5534,31.93991,0.35956,10271
5.04014,17.5186,31.97701,0.43363,10248
5.05014,17.48394,31.9482,0.38196,10230
5.06014,17.44941,32.00853,0.46824,10443
5.07013,17.41503,32.03046,0.40445,10460
5.08013,17.38077,32.03313,0.44105,10450
5.09013,17.34665,32.04869,0.43333,10533
5.10013,17.31267,32.10273,0.42395,10367
5.11013,17.27882,32.10792,0.43216,10678
5.12013,17.2451,32.27052,0.55474,10480
5.13012,17.21151,31.82145,0.42842,10365
5.14012,17.17806,32.1817,0.35835,10402
5.15012,17.14473,31.94287,0.34782,10553
5.16012,17.11153,32.23868,0.431,10499
5.17012,17.07846,32.12478,0.44052,10653
5.18011,17.04552,32.30682,0.38622,10638
5.19011,17.01271,32.19325,0.45164,10672
5.20011,16.98002,32.17713,0.42838,10651
5.21011,16.94746,32.19346,0.40566,10661
5.22011,16.91502,32.33536,0.42799,10856
5.23011,16.88271,32.30125,0.42207,10748
5.2401,16.85052,32.27331,0.53244,10716
5.2501,16.81845,32.27214,0.41072,10705
5.2601,16.7865,32.34166,0.41054,10695
5.2701,16.75468,32.25285,0.36244,10811
5.2801,16.72297,32.38845,0.3825,10831
5.2901,16.69139,32.20319,0.38576,10791
5.30009,16.65993,32.48861,0.41334,10863
5.31009,16.62858,32.32085,0.40509,10931
5.32009,16.59735,32.50215,0.4773,10796
5.33009,16.56624,32.36405,0.40941,11062
5.34009,16.53524,32.47462,0.44299,11045
5.35009,16.50437,32.38031,0.4307,11038
5.36008,16.4736,32.48895,0.40672,11039
5.37008,16.44295,32.43206,0.41604,10903
5.38008,16.41242,32.38642,0.38028,10907
5.39008,16.382,32.50139,0.38475,11022
5.40008,16.35169,32.40131,0.39517,11099
5.41008,16.32149,32.55088,0.37141,11081
5.42007,16.29141,32.49697,0.51337,11147
5.43007,16.26143,32.52719,0.43459,11136
5.44007,16.23157,32.54525,0.39084,11257
5.45007,16.20181,32.36523,0.43978,11109
5.46007,16.17217,32.48605,0.35967,11263
5.47007,16.14263,32.44371,0.4003,11306
5.48006,16.1132,32.5575,0.41934,11136
5.49006,16.08388,32.53155,0.48647,11317
5.50006,16.05466,32.42062,0.4378,11245
5.51006,16.02555,32.5939,0.40565,11274
5.52006,15.99655,32.39321,0.37308,11411
5.53006,15.96765,32.42183,0.39119,11170
5.54005,15.93885,32.40862,0.37126,11363
5.55005,15.91016,32.57134,0.38734,11442
5.56005,15.88157,32.37766,0.44449,11460
5.57005,15.85309,32.47415,0.37243,11426
5.58005,15.82471,32.41949,0.4828,11485
5.59004,15.79642,32.47856,0.40729,11432
5.60004,15.76824,32.46676,0.42794,11563
5.61004,15.74016,32.40978,0.42155,11559
5.62004,15.71218,32.41444,0.36844,11498
5.63004,15.6843,32.40978,0.40694,11519
5.64004,15.65652,32.36673,0.36764,11572
5.65003,15.62884,32.40397,0.41087,11480
5.66003,15.60125,32.47098,0.40627,11798
5.67003,15.57376,32.54049,0.40192,11624
5.68003,15.54637,32.43745,0.44725,11661
5.69003,15.51908,32.3481,0.37752,11585
5.70003,15.49188,32.39742,0.36242,11672
5.71002,15.46477,32.45156,0.40189,11844
5.72002,15.43777,32.55858,0.42352,11823
5.73002,15.41085,32.42234,0.4131,11908
5.74002,15.38403,32.62611,0.43591,11743
5.75002,15.3573,32.40146,0.4182,11768
5.76002,15.33067,32.45249,0.40163,11662
5.77001,15.30412,32.47712,0.42466,11836
5.78001,15.27767,32.56238,0.34129,11951
5.79001,15.25131,32.55884,0.33875,11893
5.80001,15.22505,32.47851,0.40428,11869
5.81001,15.19887,32.47985,0.39229,11879
5.82001,15.17278,32.69722,0.44528,12088
5.83,15.14678,32.57283,0.40649,12131
5.84,15.12087,32.69234,0.46239,12051
5.85,15.09505,32.51166,0.43582,11969
5.86,15.06932,32.60915,0.36821,12103
5.87,15.04367,32.66453,0.39641,12009
5.88,15.01812,32.49412,0.37987,12090
5.88999,14.99264,32.78387,0.38235,12009
5.89999,14.96726,32.60182,0.34566,12167
5.90999,14.94196,32.67965,0.43037,12043
5.91999,14.91675,32.60047,0.40031,12194
5.92999,14.89162,32.71652,0.4153,12240
5.93999,14.86658,32.68598,0.38285,12276
5.94998,14.84162,32.68195,0.4111,12215
5.95998,14.81674,32.67941,0.38425,12220
5.96998,14.79195,32.79315,0.37831,12515
5.97998,14.76724,32.76561,0.41962,12398
5.98998,14.74261,32.74253,0.48685,12339
5.99997,14.71807,32.68186,0.39545,12137
6.00997,14.69361,32.71736,0.33901,12209
6.01997,14.66922,32.61202,0.32869,12488
6.02997,14.64492,32.6354,0.41377,12409
6.03997,14.6207,32.8071,0.36374,12582
6.04997,14.59656,32.72303,0.3687,12636
6.05996,14.5725,32.76565,0.38276,12488
6.06996,14.54852,32.6714,0.46167,12737
6.07996,14.52462,32.76913,0.37037,12785
6.08996,14.5008,32.73721,0.40091,12572
6.09996,14.47705,32.67512,0.45723,12879
6.10996,14.45338,32.80676,0.44541,12509
6.11995,14.42979,32.67817,0.33101,12900
6.12995,14.40628,32.71475,0.33721,12693
6.13995,14.38284,32.6734,0.35064,12765
6.14995,14.35948,32.7253,0.37846,12966
6.15995,14.3362,32.58585,0.41407,12917
6.16995,14.31299,32.56426,0.39654,13009
6.17994,14.28985,32.6624,0.38268,13115
6.18994,14.2668,32.71643,0.36914,13234
6.19994,14.24381,32.66019,0.37921,13122
6.20994,14.2209,32.65131,0.41454,13311
6.21994,14.19806,32.67107,0.42178,13175
6.22994,14.1753,32.59759,0.34763,13283
6.23993,14.15261,32.69965,0.3686,13252
6.24993,14.12999,32.53655,0.32646,13280
6.25993,14.10744,32.70247,0.36059,13254
6.26993,14.08497,32.5638,0.35331,13288
6.27993,14.06257,32.62912,0.46007,13541
6.28993,14.04024,32.79259,0.3359,13615
6.29992,14.01798,32.61237,0.36294,13682
6.30992,13.99579,32.67254,0.39901,13561
6.31992,13.97367,32.60187,0.40717,13642
6.32992,13.95162,32.65921,0.37537,13724
6.33992,13.92964,32.70899,0.35426,13779
6.34992,13.90773,32.68217,0.39922,13619
6.35991,13.88589,32.72228,0.36935,13854
6.36991,13.86411,32.69935,0.36362,13695
6.37991,13.84241,32.7205,0.37595,13803
6.38991,13.82077,32.74753,0.33493,14037
6.39991,13.7992,32.77856,0.33888,13931
6.4099,13.7777,32.66978,0.35153,13998
6.4199,13.75627,32.79113,0.38411,14006
6.4299,13.7349,32.77043,0.40119,14260
6.4399,13.7136,32.80668,0.39734,14203
6.4499,13.69236,32.82727,0.39036,14147
6.4599,13.67119,32.79478,0.33028,14469
6.46989,13.65009,32.843,0.37801,14148
6.47989,13.62905,32.69604,0.3588,14106
6.48989,13.60807,32.90399,0.32562,14286
6.49989,13.58716,32.91428,0.3773,14496
6.50989,13.56632,32.77615,0.35142,14495
6.51989,13.54553,32.80155,0.3653,14406
6.52988,13.52482,32.89027,0.37056,14489
6.53988,13.50416,32.87637,0.36126,14716
6.54988,13.48357,32.7904,0.39472,14599
6.55988,13.46304,32.87684,0.35231,14652
6.56988,13.44258,32.85128,0.33574,14745
6.57988,13.42217,32.88345,0.36795,14612
6.58987,13.40183,32.79762,0.3742,14845
6.59987,13.38155,32.92596,0.35825,14831
6.60987,13.36133,32.9803,0.34256,14894
6.61987,13.34117,32.85226,0.434,14878
6.62987,13.32108,32.84862,0.3182,14812
6.63987,13.30104,32.84703,0.34219,14835
6.64986,13.28106,32.85508,0.33373,15045
6.65986,13.26115,32.94331,0.36378,15205
6.66986,13.24129,32.9058,0.31931,15151
6.67986,13.22149,32.90573,0.4758,15028
6.68986,13.20176,32.92921,0.35045,15169
6.69986,13.18208,32.96807,0.3496,15323
6.70985,13.16246,32.8834,0.34496,15246
6.71985,13.1429,32.91929,0.36364,15158
6.72985,13.12339,33.03686,0.34604,15560
6.73985,13.10395,32.98444,0.3413,15392
6.74985,13.08456,33.03851,0.38422,15269
6.75984,13.06523,32.96217,0.30418,15567
6.76984,13.04595,33.09005,0.36706,15665
6.77984,13.02674,32.95391,0.37249,15495
6.78984,13.00758,32.99624,0.32022,15690
6.79984,12.98847,33.13396,0.40175,15645
6.80984,12.96943,33.07337,0.30761,15966
6.81983,12.95044,33.11188,0.33467,15811
6.82983,12.9315,33.10484,0.36324,16070
6.83983,12.91262,33.11018,0.37703,15838
6.84983,12.89379,33.11534,0.34824,15976
6.85983,12.87502,33.18473,0.32605,16098
6.86983,12.85631,33.15657,0.36112,15940
6.87982,12.83765,33.13584,0.32317,16001
6.88982,12.81904,33.21527,0.33403,16380
6.89982,12.80049,33.1556,0.33576,16319
6.90982,12.78199,33.25246,0.34039,16443
6.91982,12.76354,33.33284,0.34929,16453
6.92982,12.74515,33.15303,0.33943,16559
6.93981,12.72681,33.24079,0.32444,16421
6.94981,12.70852,33.25778,0.38431,16681
6.95981,12.69029,33.31349,0.33937,16725
6.96981,12.6721,33.32958,0.34111,16651
6.97981,12.65397,33.31593,0.33685,16840
6.98981,12.6359,33.4022,0.33039,16809
6.9998,12.61787,33.32085,0.38381,16778
7.0098,12.5999,33.18785,0.28743,16842
7.0198,12.58197,33.298,0.3321,16923
7.0298,12.5641,33.2884,0.31967,16879
7.0398,12.54628,33.22047,0.34435,16949
7.0498,12.52851,33.18234,0.38293,16830
7.05979,12.51079,33.20305,0.3055,16906
7.06979,12.49311,33.17485,0.40031,17066
7.07979,12.47549,33.2273,0.31505,16972
7.08979,12.45792,33.11454,0.37459,16794
7.09979,12.4404,32.99423,0.28029,16885
7.10979,12.42293,33.02098,0.33967,16567
7.11978,12.40551,32.93365,0.32968,16650
7.12978,12.38813,32.87919,0.32386,16824
7.13978,12.37081,32.96356,0.30466,16762
7.14978,12.35353,32.90855,0.29966,16882
7.15978,12.3363,32.85057,0.40008,16840
7.16977,12.31912,32.87496,0.32599,16563
7.17977,12.30199,32.84732,0.35212,16931
7.18977,12.2849,32.83603,0.30524,16979
7.19977,12.26786,32.76881,0.37813,16821
7.20977,12.25087,32.7603,0.32611,16813
7.21977,12.23393,32.72054,0.31516,16699
7.22976,12.21703,32.75165,0.30963,16704
7.23976,12.20019,32.69378,0.32416,16790
7.24976,12.18338,32.63351,0.34584,17026
7.25976,12.16663,32.71407,0.31833,16857
7.26976,12.14991,32.70268,0.30323,16970
7.27976,12.13325,32.66066,0.34447,16927
7.28975,12.11663,32.72799,0.35513,16951
7.29975,12.10006,32.7239,0.32352,16952
7.30975,12.08353,32.6396,0.34923,17082
7.31975,12.06705,32.76229,0.31556,16789
7.32975,12.05061,32.66976,0.34168,16874
7.33975,12.03422,32.73497,0.32174,16843
7.34974,12.01787,32.74752,0.31846,17030
7.35974,12.00156,32.69375,0.33318,16889
7.36974,11.9853,32.72445,0.30489,16930
7.37974,11.96909,32.67121,0.32119,16938
7.38974,11.95292,32.73538,0.31886,17014
7.39974,11.93679,32.75216,0.31672,16983
7.40973,11.9207,32.8111,0.36504,17147
7.41973,11.90466,32.87304,0.34224,17022
7.42973,11.88866,32.74293,0.33191,17254
7.43973,11.87271,32.84059,0.32624,16928
7.44973,11.8568,32.8853,0.32958,16910
7.45973,11.84093,32.7775,0.29796,17048
7.46972,11.8251,32.87268,0.32064,17207
7.47972,11.80932,32.89242,0.35489,16988
7.48972,11.79358,32.79662,0.32314,17256
7.49972,11.77787,32.89717,0.31086,17179
7.50972,11.76222,32.91449,0.31347,17190
7.51972,11.7466,32.89579,0.34756,17206
7.52971,11.73102,32.95052,0.36183,17514
7.53971,11.71549,32.98764,0.32876,17385
7.54971,11.7,32.94555,0.29909,17299
7.55971,11.68455,32.98315,0.3799,17215
7.56971,11.66914,32.91275,0.30723,17328
7.5797,11.65376,32.98402,0.28896,17222
7.5897,11.63844,32.93347,0.32678,17477
7.5997,11.62315,33.05551,0.3447,17451
7.6097,11.6079,32.92105,0.33511,17388
7.6197,11.59269,32.96328,0.30557,17573
7.6297,11.57752,32.96787,0.32141,17545
7.63969,11.56239,33.02414,0.31597,17409
7.64969,11.5473,32.99946,0.36497,17655
7.65969,11.53225,33.08066,0.33444,17577
7.66969,11.51724,33.04151,0.30068,17776
7.67969,11.50227,33.03823,0.32478,17633
7.68969,11.48733,33.06507,0.33502,17612
7.69968,11.47244,33.01229,0.29492,17590
7.70968,11.45758,33.04194,0.34712,17599
7.71968,11.44277,33.08224,0.30579,17730
7.72968,11.42799,33.06076,0.34726,17680
7.73968,11.41325,33.09791,0.33559,17915
7.74968,11.39854,33.02948,0.28801,17912
7.75967,11.38388,33.12033,0.34352,17861
7.76967,11.36925,33.14095,0.32322,17825
7.77967,11.35466,33.12641,0.33799,18120
7.78967,11.34011,33.17616,0.32355,17970
7.79967,11.3256,33.21685,0.33045,17767
7.80967,11.31112,33.11939,0.29776,17936
7.81966,11.29668,33.13567,0.31115,17932
7.82966,11.28228,33.1729,0.32211,18016
7.83966,11.26791,33.20466,0.30023,18144
7.84966,11.25358,33.28218,0.34403,18028
7.85966,11.23929,33.21657,0.3082,18183
7.86966,11.22503,33.18124,0.34077,18131
7.87965,11.21081,33.19404,0.35655,18036
7.88965,11.19663,33.31428,0.30197,18486
7.89965,11.18248,33.28736,0.31278,18347
7.90965,11.16836,33.38115,0.36566,18160
7.91965,11.15429,33.34134,0.29832,18177
7.92965,11.14024,33.22447,0.29512,18181
7.93964,11.12624,33.32797,0.32632,18163
7.94964,11.11227,33.3249,0.30856,18531
7.95964,11.09833,33.34314,0.31491,18443
7.96964,11.08443,33.41537,0.34519,18332
7.97964,11.07056,33.34613,0.30858,18422
7.98963,11.05673,33.31497,0.33791,18448
7.99963,11.04294,33.35887,0.3162,18578
8.00963,11.02917,33.4227,0.30118,18679
8.01963,11.01545,33.41827,0.32405,18597
8.02963,11.00175,33.47053,0.32516,18671
8.03963,10.98809,33.54005,0.30541,18355
8.04962,10.97447,33.39447,0.31777,18493
8.05962,10.96087,33.37755,0.32198,18749
8.06962,10.94732,33.42786,0.29363,18832
8.07962,10.93379,33.49431,0.32883,18626
8.08962,10.9203,33.44608,0.3288,18909
8.09962,10.90684,33.50247,0.33985,18644
8.10961,10.89342,33.46307,0.29936,18634
8.11961,10.88003,33.451,0.30481,18957
8.12961,10.86667,33.49146,0.31942,19114
8.13961,10.85334,33.50906,0.33074,18932
8.14961,10.84005,33.56126,0.3253,18905
8.15961,10.82679,33.58119,0.32789,18668
8.1696,10.81356,33.54268,0.28586,18958
8.1796,10.80037,33.46186,0.29798,18951
8.1896,10.7872,33.50089,0.28984,19067
8.1996,10.77407,33.53852,0.35222,19171
8.2096,10.76097,33.5186,0.32584,19124
8.2196,10.74791,33.55406,0.32115,18940
8.22959,10.73487,33.54449,0.32429,19269
8.23959,10.72187,33.53774,0.28208,19260
8.24959,10.70889,33.5313,0.37802,19179
8.25959,10.69595,33.57566,0.31794,19321
8.26959,10.68304,33.56399,0.27884,19196
8.27959,10.67017,33.57045,0.35195,19095
8.28958,10.65732,33.67237,0.28872,19244
8.29958,10.6445,33.57701,0.28158,19493
8.30958,10.63172,33.5504,0.30814,19423
8.31958,10.61896,33.57914,0.35323,19437
8.32958,10.60624,33.59246,0.32069,19430
8.33958,10.59355,33.61129,0.34494,19418
8.34957,10.58088,33.70516,0.28565,19471
8.35957,10.56825,33.63127,0.3297,19534
8.36957,10.55565,33.59722,0.32516,19662
8.37957,10.54308,33.62451,0.27988,19632
8.38957,10.53053,33.71411,0.30208,19382
8.39956,10.51802,33.75039,0.34251,19712
8.40956,10.50554,33.73643,0.29426,19647
8.41956,10.49308,33.72381,0.30521,19575
8.42956,10.48066,33.71245,0.32512,19695
8.43956,10.46827,33.75238,0.29744,19840
8.44956,10.4559,33.70308,0.31711,19948
8.45955,10.44357,33.76071,0.33786,19696
8.46955,10.43126,33.83434,0.279,19846
8.47955,10.41898,33.86006,0.33724,19950
8.48955,10.40674,33.78254,0.3221,19806
8.49955,10.39452,33.79721,0.29674,19871
8.50955,10.38233,33.94331,0.30599,20081
8.51954,10.37016,33.88232,0.33153,19890
8.52954,10.35803,33.92793,0.29123,20027
8.53954,10.34593,33.94073,0.28338,19946
8.54954,10.33385,33.9671,0.3033,19968
8.55954,10.3218,33.9374,0.32177,20087
8.56954,10.30978,33.96756,0.32778,20352
8.57953,10.29779,33.96624,0.33097,20172
8.58953,10.28582,34.00714,0.30553,20273
8.59953,10.27389,34.08067,0.2947,20232
8.60953,10.26198,34.08303,0.37547,20067
8.61953,10.2501,34.02546,0.26874,20254
8.62953,10.23824,34.15353,0.32841,20362
8.63952,10.22642,34.17268,0.27723,20348
8.64952,10.21462,34.09674,0.30016,20365
8.65952,10.20285,34.15994,0.30232,20400
8.66952,10.1911,34.18239,0.3164,20224
8.67952,10.17939,34.21523,0.32696,20305
8.68952,10.1677,34.20799,0.32629,20739
8.69951,10.15603,34.21335,0.32957,20561
8.70951,10.1444,34.2161,0.29381,20698
8.71951,10.13279,34.25923,0.28518,20568
8.72951,10.1212,34.23344,0.3196,20507
8.73951,10.10965,34.34761,0.30415,20495
8.7495,10.09812,34.41096,0.29704,20642
8.7595,10.08661,34.2766,0.31938,20616
8.7695,10.07514,34.34594,0.27214,20806
8.7795,10.06368,34.31167,0.33974,20640
8.7895,10.05226,34.32237,0.31125,20858
8.7995,10.04086,34.43128,0.31408,20846
8.80949,10.02949,34.46183,0.31749,20771
8.81949,10.01814,34.34861,0.28591,20941
8.82949,10.00682,34.42334,0.29386,20866
8.83949,9.99552,34.41551,0.34174,20871
8.84949,9.98425,34.44634,0.28091,20910
8.85949,9.973,34.54529,0.35433,20951
8.86948,9.96178,34.55581,0.2809,20953
8.87948,9.95059,34.53604,0.30295,20692
8.88948,9.93942,34.48301,0.30957,21089
8.89948,9.92828,34.45719,0.29693,21033
8.90948,9.91716,34.55527,0.28243,21062
8.91948,9.90606,34.55512,0.33382,21302
8.92947,9.89499,34.56037,0.31825,20990
8.93947,9.88395,34.6525,0.32031,21035
8.94947,9.87293,34.50546,0.29112,21124
8.95947,9.86193,34.56435,0.32324,21107
8.96947,9.85096,34.58971,0.32304,21144
8.97947,9.84002,34.67887,0.29737,21242
8.98946,9.8291,34.67652,0.26978,21154
8.99946,9.8182,34.63912,0.29034,21105
9.00946,9.80732,34.69383,0.29527,21182
9.01946,9.79648,34.64751,0.3342,21294
9.02946,9.78565,34.6252,0.30372,21221
9.03946,9.77485,34.70957,0.30605,21446
9.04945,9.76407,34.71143,0.31868,21537
9.05945,9.75332,34.69169,0.34612,21177
9.06945,9.74259,34.73559,0.31443,21211
9.07945,9.73188,34.69409,0.27815,21290
9.08945,9.7212,34.74404,0.28096,21473
9.09945,9.71054,34.82309,0.28754,21463
9.10944,9.69991,34.77796,0.33512,21442
9.11944,9.68929,34.78339,0.28104,21448
9.12944,9.6787,34.77122,0.30673,21279
9.13944,9.66814,34.79717,0.31066,21445
9.14944,9.6576,34.80408,0.3459,21458
9.15943,9.64708,34.7939,0.28452,21632
9.16943,9.63658,34.8719,0.29545,21808
9.17943,9.62611,34.80367,0.32138,21580
9.18943,9.61565,34.81253,0.31864,21416
9.19943,9.60523,34.82891,0.28008,21573
9.20943,9.59482,34.90617,0.28262,21570
9.21942,9.58444,34.97568,0.31281,21593
9.22942,9.57408,34.89189,0.34489,21649
9.23942,9.56374,34.89551,0.26764,21814
9.24942,9.55342,34.88684,0.30593,21663
9.25942,9.54313,34.8984,0.30635,21645
9.26942,9.53286,34.94646,0.29381,21657
9.27941,9.52261,34.98861,0.32681,21762
9.28941,9.51238,34.95778,0.30035,22046
9.29941,9.50218,34.93293,0.31099,21771
9.30941,9.492,34.92807,0.33434,21714
9.31941,9.48183,35.00344,0.28005,21834
9.32941,9.4717,35.00428,0.28463,21750
9.3394,9.46158,35.10235,0.30779,21782
9.3494,9.45148,35.06346,0.3307,21904
9.3594,9.44141,35.01029,0.25321,21960
9.3694,9.43135,35.03949,0.31391,21814
9.3794,9.42132,34.997,0.30079,21886
9.3894,9.41131,35.06941,0.30054,21799
9.39939,9.40133,35.085,0.33188,21916
9.40939,9.39136,35.09459,0.32244,22131
9.41939,9.38141,35.09862,0.31757,21964
9.42939,9.37149,35.07128,0.3097,21902
9.43939,9.36158,35.10312,0.27176,21989
9.44939,9.3517,35.15613,0.27248,21889
9.45938,9.34184,35.18965,0.33205,21819
9.46938,9.332,35.1254,0.30184,21973
9.47938,9.32218,35.16019,0.27628,22129
9.48938,9.31238,35.18693,0.30588,21859
9.49938,9.3026,35.09999,0.324,22029
9.50938,9.29284,35.17451,0.31203,22130
9.51937,9.2831,35.17087,0.28687,22148
9.52937,9.27338,35.19207,0.3232,22127
9.53937,9.26369,35.1849,0.32629,22090
9.54937,9.25401,35.15348,0.27508,22049
9.55937,9.24435,35.2431,0.27248,21979
9.56936,9.23472,35.23466,0.30941,21998
9.57936,9.2251,35.23562,0.31038,22105
9.58936,9.2155,35.21635,0.32103,21976
9.59936,9.20593,35.21661,0.28472,22261
9.60936,9.19637,35.20552,0.30134,22186
9.61936,9.18684,35.18825,0.29355,22172
9.62935,9.17732,35.26134,0.29774,21976
9.63935,9.16782,35.23472,0.30046,22341
9.64935,9.15835,35.25133,0.30727,22300
9.65935,9.14889,35.18405,0.3675,22144
9.66935,9.13945,35.22707,0.26959,22094
9.67935,9.13003,35.29686,0.27597,22241
9.68934,9.12063,35.28518,0.30141,22226
9.69934,9.11126,35.29456,0.33062,21976
9.70934,9.1019,35.26067,0.29149,22336
9.71934,9.09255,35.24926,0.28402,22253
9.72934,9.08323,35.2296,0.29173,22340
9.73934,9.07393,35.27697,0.26863,22262
9.74933,9.06465,35.24991,0.35044,22398
9.75933,9.05538,35.28751,0.32521,22273
9.76933,9.04614,35.31753,0.30092,22336
9.77933,9.03691,35.24774,0.33513,22394
9.78933,9.0277,35.28516,0.29814,22214
9.79933,9.01852,35.29676,0.26319,22325
9.80932,9.00935,35.35552,0.29455,22376
9.81932,9.0002,35.30875,0.28806,22234
9.82932,8.99106,35.32039,0.3082,22465
9.83932,8.98195,35.31311,0.29484,22291
9.84932,8.97285,35.31143,0.27984,22447
9.85932,8.96378,35.28283,0.30122,22243
9.86931,8.95472,35.30363,0.34922,22607
9.87931,8.94568,35.32873,0.30235,22555
9.88931,8.93666,35.31752,0.3153,22515
9.89931,8.92765,35.32825,0.29635,22518
9.90931,8.91867,35.31544,0.27618,22337
9.91931,8.9097,35.41082,0.26032,22407
9.9293,8.90075,35.37872,0.33058,22356
9.9393,8.89182,35.3613,0.32078,22369
9.9493,8.88291,35.36062,0.27755,22477
9.9593,8.87401,35.35124,0.3082,22677
9.9693,8.86513,35.37113,0.28637,22541
9.97929,8.85627,35.32439,0.28196,22527
9.98929,8.84743,35.41232,0.34347,22631
9.99929,8.83861,35.35547,0.28302,22561
10.0093,8.8298,35.37985,0.33896,22716
10.0193,8.82101,35.32411,0.28318,22630
10.0293,8.81224,35.40409,0.27542,22373
10.0393,8.80349,35.4173,0.29798,22692
10.0493,8.79475,35.44248,0.3139,22511
10.0593,8.78603,35.4091,0.30041,22430
10.0693,8.77733,35.40159,0.2811,22547
10.0793,8.76865,35.39227,0.29886,22873
10.0893,8.75998,35.38321,0.26628,22764
10.0993,8.75133,35.39927,0.30785,22651
10.1093,8.7427,35.37887,0.31136,22847
10.1193,8.73408,35.42916,0.31629,22713
10.1293,8.72548,35.38876,0.30026,22689
10.1393,8.7169,35.39018,0.307,22505
10.1493,8.70834,35.42373,0.28622,22676
10.1593,8.69979,35.44514,0.28294,22854
10.1693,8.69126,35.46106,0.31155,22725
10.1793,8.68274,35.45016,0.27555,22746
10.1893,8.67424,35.42041,0.29105,22782
10.1993,8.66576,35.4603,0.28916,22891
10.2093,8.6573,35.43365,0.28183,22556
10.2193,8.64885,35.39896,0.3348,22761
10.2293,8.64042,35.4536,0.3044,23044
10.2393,8.63201,35.45276,0.29469,23022
10.2493,8.62361,35.43747,0.32612,22904
10.2593,8.61523,35.44414,0.30166,22698
10.2693,8.60686,35.49037,0.26197,22780
10.2792,8.59851,35.48105,0.31265,22698
10.2892,8.59018,35.51331,0.27962,22763
10.2992,8.58186,35.49354,0.29336,23061
10.3092,8.57356,35.48012,0.28687,22993
10.3192,8.56528,35.46216,0.29157,23048
10.3292,8.55701,35.49263,0.28816,22859
10.3392,8.54876,35.43947,0.31694,22919
10.3492,8.54052,35.49454,0.3069,22832
10.3592,8.5323,35.47542,0.28933,23135
10.3692,8.52409,35.47596,0.28404,23155
10.3792,8.51591,35.49881,0.31228,22866
10.3892,8.50773,35.47846,0.28076,22913
10.3992,8.49957,35.51425,0.29463,22943
10.4092,8.49143,35.51398,0.29316,22943
10.4192,8.48331,35.50083,0.28138,22945
10.4292,8.4752,35.54224,0.30564,23202
10.4392,8.4671,35.49193,0.28769,23128
10.4492,8.45902,35.49194,0.26405,23097
10.4592,8.45096,35.43024,0.3363,23064
10.4692,8.44291,35.46347,0.3161,23028
10.4792,8.43488,35.49758,0.26757,23476
10.4892,8.42686,35.52382,0.3194,22987
10.4992,8.41886,35.50773,0.29441,23075
10.5092,8.41087,35.51687,0.31832,22986
10.5192,8.4029,35.49957,0.2779,22935
10.5292,8.39494,35.49613,0.27298,23194
10.5392,8.387,35.48653,0.29216,23169
10.5492,8.37907,35.53618,0.28312,23411
10.5592,8.37116,35.51524,0.2737,23375
10.5692,8.36327,35.48924,0.30054,23054
10.5792,8.35538,35.46468,0.30093,23194
10.5892,8.34752,35.47852,0.3195,23277
10.5992,8.33967,35.45476,0.2905,23368
10.6092,8.33183,35.4985,0.30238,23135
10.6192,8.32401,35.5066,0.29761,23402
10.6292,8.3162,35.49913,0.27641,23156
10.6392,8.30841,35.49564,0.29028,22990
10.6492,8.30063,35.49783,0.2683,23365
10.6592,8.29286,35.4608,0.30073,23167
10.6692,8.28512,35.48539,0.28913,23449
10.6792,8.27738,35.48974,0.28652,23543
10.6892,8.26966,35.44491,0.28641,23423
10.6992,8.26196,35.45541,0.2962,23469
10.7092,8.25426,35.44752,0.3079,23461
10.7192,8.24659,35.44288,0.28924,23266
10.7292,8.23892,35.4156,0.29667,23179
10.7392,8.23128,35.47805,0.27405,23442
10.7492,8.22364,35.47746,0.28673,23419
10.7592,8.21602,35.43871,0.30568,23400
10.7692,8.20842,35.44394,0.27597,23472
10.7792,8.20083,35.42863,0.31026,23488
10.7892,8.19325,35.41075,0.27455,23296
10.7992,8.18569,35.43251,0.2829,23606
10.8092,8.17814,35.40084,0.28386,23566
10.8192,8.1706,35.40599,0.32025,23686
10.8292,8.16308,35.41316,0.29526,23622
10.8392,8.15557,35.41846,0.29098,23285
10.8492,8.14808,35.38837,0.2873,23458
10.8591,8.1406,35.38517,0.26692,23460
10.8691,8.13313,35.43492,0.31169,23538
10.8791,8.12568,35.43133,0.31946,23631
10.8891,8.11824,35.42464,0.26094,23652
10.8991,8.11082,35.42515,0.30292,23440
10.9091,8.10341,35.40297,0.27554,23857
10.9191,8.09601,35.38274,0.27234,23520
10.9291,8.08863,35.37338,0.29102,23592
10.9391,8.08126,35.42778,0.29868,23716
10.9491,8.0739,35.45185,0.2887,23700
10.9591,8.06655,35.42768,0.28874,23585
10.9691,8.05922,35.42146,0.31449,23741
10.9791,8.05191,35.45591,0.26912,23531
10.9891,8.0446,35.42941,0.29977,23564
10.9991,8.03731,35.46219,0.28816,23788
11.0091,8.03004,35.47455,0.30017,23645
11.0191,8.02277,35.47567,0.25548,23937
11.0291,8.01552,35.47025,0.2927,24050
11.0391,8.00829,35.46461,0.27878,23729
11.0491,8.00106,35.45559,0.29617,23676
11.0591,7.99385,35.47434,0.29846,23681
11.0691,7.98665,35.53682,0.28021,23776
11.0791,7.97947,35.49889,0.30914,23774
11.0891,7.97229,35.51983,0.29096,23700
11.0991,7.96514,35.53804,0.27696,23946
11.1091,7.95799,35.51947,0.28012,23717
11.1191,7.95086,35.52407,0.31679,23897
11.1291,7.94374,35.51778,0.28729,23887
11.1391,7.93663,35.54611,0.26111,24010
11.1491,7.92953,35.58262,0.29229,23954
11.1591,7.92245,35.52353,0.27508,23885
11.1691,7.91538,35.52371,0.28859,23945
11.1791,7.90832,35.5575,0.29353,23962
11.1891,7.90128,35.52543,0.28028,23814
11.1991,7.89425,35.53736,0.31182,23840
11.2091,7.88723,35.5832,0.27332,23914
11.2191,7.88022,35.59879,0.28522,23970
11.2291,7.87323,35.57485,0.27308,24016
11.2391,7.86625,35.56352,0.33336,24146
11.2491,7.85928,35.54748,0.27239,23928
11.2591,7.85232,35.53536,0.29901,23971
11.2691,7.84538,35.55484,0.26334,24155
11.2791,7.83844,35.52262,0.26462,24125
11.2891,7.83152,35.55537,0.30928,24226
11.2991,7.82462,35.56059,0.28746,23981
11.3091,7.81772,35.53899,0.27971,23948
11.3191,7.81084,35.55063,0.29429,23870
11.3291,7.80397,35.51362,0.27975,23946
11.3391,7.79711,35.53752,0.27474,24206
11.3491,7.79026,35.53531,0.29197,24279
11.3591,7.78343,35.53247,0.31204,24295
11.3691,7.77661,35.5108,0.27418,24214
11.3791,7.7698,35.51672,0.2978,24409
11.3891,7.763,35.48249,0.25585,24060
11.3991,7.75621,35.46489,0.28444,23888
11.4091,7.74944,35.48365,0.30805,24111
11.4191,7.74267,35.47941,0.26421,24315
11.4291,7.73592,35.47643,0.29493,24210
11.4391,7.72918,35.45505,0.27667,24162
11.449,7.72246,35.45908,0.2866,24369
11.459,7.71574,35.46057,0.29128,24310
11.469,7.70904,35.44268,0.27632,24082
11.479,7.70234,35.46231,0.3202,24145
11.489,7.69566,35.43217,0.28482,24520
11.499,7.68899,35.42247,0.27663,24604
11.509,7.68234,35.39344,0.26626,24462
11.519,7.67569,35.41395,0.28144,24235
11.529,7.66906,35.3947,0.27856,24206
11.539,7.66243,35.40321,0.27773,24304
11.549,7.65582,35.41785,0.28285,24234
11.559,7.64922,35.42679,0.29737,24164
11.569,7.64264,35.41863,0.27602,24304
11.579,7.63606,35.40888,0.29395,24479
11.589,7.62949,35.40333,0.28523,24731
11.599,7.62294,35.37162,0.29471,24436
11.609,7.6164,35.38437,0.2794,24565
11.619,7.60986,35.40325,0.26606,24646
11.629,7.60334,35.39273,0.28059,24174
11.639,7.59684,35.40325,0.26739,24442
11.649,7.59034,35.40076,0.29785,24627
11.659,7.58385,35.38057,0.2868,24428
11.669,7.57738,35.39084,0.27914,24242
11.679,7.57091,35.39562,0.26652,24474
11.689,7.56446,35.39585,0.30112,24673
11.699,7.55801,35.37967,0.28932,24582
11.709,7.55158,35.38396,0.25966,24700
11.719,7.54516,35.38276,0.31391,24696
11.729,7.53875,35.37261,0.26169,24665
11.739,7.53236,35.36043,0.28029,24576
11.749,7.52597,35.35238,0.28574,24242
11.759,7.51959,35.34579,0.26867,24796
11.769,7.51323,35.3544,0.3181,24583
11.779,7.50687,35.34776,0.27787,24355
11.789,7.50053,35.36115,0.25474,24736
11.799,7.49419,35.343,0.28582,24753
11.809,7.48787,35.35136,0.28464,24683
11.819,7.48156,35.32855,0.27397,24727
11.829,7.47526,35.33401,0.29026,24762
11.839,7.46897,35.31603,0.29526,24840
11.849,7.46269,35.30218,0.26483,24974
11.859,7.45642,35.28783,0.28587,24654
11.869,7.45016,35.29646,0.28989,24808
11.879,7.44391,35.30582,0.29339,24586
11.889,7.43767,35.26668,0.25942,24648
11.899,7.43145,35.28912,0.27466,24739
11.909,7.42523,35.30135,0.25325,24679
11.919,7.41902,35.28253,0.28222,24676
11.929,7.41283,35.30863,0.28143,24982
11.939,7.40664,35.2795,0.28822,25080
11.949,7.40047,35.26179,0.30804,24911
11.959,7.3943,35.25634,0.27515,24985
11.969,7.38815,35.29452,0.26749,24834
11.979,7.382,35.25383,0.29491,24817
11.989,7.37587,35.24179,0.26826,25009
11.999,7.36975,35.26939,0.27831,24934
12.009,7.36363,35.26844,0.29757,24555
12.019,7.35753,35.27013,0.24639,24789
12.0289,7.35144,35.26924,0.27249,25079
12.0389,7.34535,35.24826,0.29118,25083
12.0489,7.33928,35.2789,0.28604,24838
12.0589,7.33322,35.2587,0.2973,25195
12.0689,7.32717,35.2405,0.28255,25044
12.0789,7.32112,35.25747,0.2465,25181
12.0889,7.31509,35.25027,0.29228,25008
12.0989,7.30907,35.23243,0.283,25095
12.1089,7.30305,35.24236,0.26385,24857
12.1189,7.29705,35.24247,0.29628,24917
12.1289,7.29106,35.24877,0.28223,24934
12.1389,7.28508,35.23959,0.25936,24967
12.1489,7.2791,35.25394,0.29327,25010
12.1589,7.27314,35.26217,0.26738,25330
12.1689,7.26719,35.2557,0.29896,25201
12.1789,7.26124,35.22143,0.25912,25216
12.1889,7.25531,35.26012,0.26891,25317
12.1989,7.24939,35.26711,0.27396,25237
12.2089,7.24347,35.22961,0.26812,25038
12.2189,7.23757,35.22885,0.2802,25143
12.2289,7.23167,35.22701,0.29488,25262
12.2389,7.22579,35.23968,0.29869,25014
12.2489,7.21991,35.23599,0.27165,25119
12.2589,7.21404,35.26521,0.25815,25147
12.2689,7.20819,35.25637,0.26521,25352
12.2789,7.20234,35.26883,0.27697,25285
12.2889,7.1965,35.2532,0.27793,25435
12.2989,7.19068,35.25208,0.26758,25304
12.3089,7.18486,35.28703,0.27542,25242
12.3189,7.17905,35.25639,0.27328,25184
12.3289,7.17325,35.20239,0.28348,25294
12.3389,7.16746,35.24663,0.29445,25534
12.3489,7.16168,35.24792,0.28775,25226
12.3589,7.15591,35.25026,0.25758,25190
12.3689,7.15015,35.2521,0.26925,25525
12.3789,7.14439,35.25063,0.27072,25280
12.3889,7.13865,35.25686,0.26829,25329
12.3989,7.13292,35.25415,0.28621,25466
12.4089,7.12719,35.22944,0.26243,25410
12.4189,7.12147,35.25671,0.28633,25523
12.4289,7.11577,35.24716,0.26976,25584
12.4389,7.11007,35.19478,0.29182,25512
12.4489,7.10438,35.20338,0.26932,25521
12.4589,7.0987,35.21035,0.26174,25267
12.4689,7.09303,35.18564,0.3069,25262
12.4789,7.08737,35.19088,0.23654,25541
12.4889,7.08172,35.1989,0.27744,25494
12.4989,7.07608,35.21655,0.28827,25378
12.5089,7.07045,35.19526,0.28781,25714
12.5189,7.06482,35.1792,0.2678,25748
12.5289,7.05921,35.18083,0.2912,25452
12.5389,7.0536,35.15643,0.26908,25560
12.5489,7.048,35.13549,0.26399,25720
12.5589,7.04241,35.09536,0.26016,25429
12.5689,7.03683,35.15414,0.2808,25651
12.5789,7.03126,35.13149,0.27086,25498
12.5889,7.0257,35.13562,0.25549,25486
12.5989,7.02015,35.11277,0.27553,25606
12.6089,7.0146,35.09321,0.29382,25807
12.6188,7.00907,35.07601,0.28703,25827
12.6288,7.00354,35.08823,0.27048,25743
12.6388,6.99802,35.0852,0.27912,25598
12.6488,6.99252,35.09275,0.25808,25864
12.6588,6.98702,35.06534,0.2654,25844
12.6688,6.98152,35.02072,0.26026,25744
12.6788,6.97604,35.03248,0.2606,25703
12.6888,6.97057,35.02271,0.30365,25400
12.6988,6.9651,34.97681,0.2625,25614
12.7088,6.95964,35.00018,0.26894,25809
12.7188,6.95419,34.98221,0.28651,25731
12.7288,6.94875,35.01558,0.28158,25918
12.7388,6.94332,34.99085,0.25927,26147
12.7488,6.9379,35.00327,0.26096,25877
12.7588,6.93249,34.98426,0.27543,25834
12.7688,6.92708,34.97711,0.25699,25847
12.7788,6.92168,34.9391,0.27302,25673
12.7888,6.91629,34.92892,0.27221,25767
12.7988,6.91091,34.92428,0.28248,25780
12.8088,6.90554,34.9354,0.29265,25824
12.8188,6.90018,34.93708,0.25788,26111
12.8288,6.89482,34.93878,0.2511,25974
12.8388,6.88948,34.93584,0.28017,26069
12.8488,6.88414,34.94231,0.27622,26082
12.8588,6.87881,34.93637,0.24169,25925
12.8688,6.87348,34.94305,0.28501,25791
12.8788,6.86817,34.92916,0.29373,26050
12.8888,6.86287,34.96208,0.26336,26218
12.8988,6.85757,34.89389,0.2864,25971
12.9088,6.85228,34.9245,0.26844,25808
12.9188,6.847,34.90943,0.26489,25998
12.9288,6.84173,34.91051,0.25788,25992
12.9388,6.83646,34.90386,0.24372,26116
12.9488,6.83121,34.87782,0.27571,26051
12.9588,6.82596,34.90345,0.25562,26091
12.9688,6.82072,34.92326,0.28142,25912
12.9788,6.81549,34.94038,0.26016,26363
12.9888,6.81026,34.9144,0.31794,26328
12.9988,6.80505,34.90791,0.26544,26195
13.0088,6.79984,34.88996,0.28496,26117
13.0188,6.79464,34.85694,0.27278,25920
13.0288,6.78945,34.83802,0.26079,26074
13.0388,6.78426,34.81113,0.2441,25881
13.0488,6.77909,34.86274,0.25009,26363
13.0588,6.77392,34.83417,0.27541,26330
13.0688,6.76876,34.83528,0.25747,26329
13.0788,6.76361,34.83077,0.26492,26337
13.0888,6.75846,34.82876,0.28403,26235
13.0988,6.75333,34.8178,0.30153,26341
13.1088,6.7482,34.78777,0.28427,26383
13.1188,6.74308,34.75308,0.23552,26283
13.1288,6.73796,34.72938,0.27699,26061
13.1388,6.73286,34.75862,0.27012,26373
13.1488,6.72776,34.72635,0.2753,26152
13.1588,6.72267,34.73543,0.2354,26404
13.1688,6.71759,34.7136,0.28148,26280
13.1788,6.71252,34.72015,0.26704,26381
13.1888,6.70745,34.70735,0.2546,26443
13.1987,6.70239,34.69358,0.29719,26248
13.2087,6.69734,34.67029,0.25213,26365
13.2187,6.6923,34.69027,0.29071,26538
13.2287,6.68726,34.71683,0.25791,26653
13.2387,6.68224,34.66474,0.24197,26218
13.2487,6.67721,34.65913,0.27388,26462
13.2587,6.6722,34.62441,0.29537,26455
13.2687,6.6672,34.66435,0.25312,26298
13.2787,6.6622,34.63949,0.27417,26462
13.2887,6.65721,34.61305,0.26555,26491
13.2987,6.65223,34.63679,0.25674,26425
13.3087,6.64725,34.65929,0.2434,26675
13.3187,6.64228,34.66481,0.28644,26677
13.3287,6.63732,34.64359,0.25493,26596
13.3387,6.63237,34.64458,0.2736,26738
13.3487,6.62743,34.61608,0.25481,26499
13.3587,6.62249,34.61261,0.26525,26448
13.3687,6.61756,34.60014,0.28974,26381
13.3787,6.61263,34.58073,0.26852,26559
13.3887,6.60772,34.58613,0.26824,26708
13.3987,6.60281,34.61798,0.25418,26685
13.4087,6.59791,34.64462,0.26684,26561
13.4187,6.59302,34.60194,0.23884,26750
13.4287,6.58813,34.59072,0.2573,26760
13.4387,6.58325,34.61255,0.27013,26792
13.4487,6.57838,34.5982,0.27142,26757
13.4587,6.57351,34.57667,0.2808,26606
13.4687,6.56866,34.55817,0.26402,26449
13.4787,6.56381,34.55902,0.25952,26696
13.4887,6.55896,34.56522,0.27977,26670
13.4987,6.55413,34.56574,0.25514,26788
13.5087,6.5493,34.57056,0.25272,26952
13.5187,6.54448,34.56176,0.25495,26713
13.5287,6.53966,34.55747,0.25861,26870
13.5387,6.53486,34.56057,0.26011,26749
13.5487,6.53006,34.53063,0.26787,26832
13.5587,6.52526,34.55726,0.30085,26930
13.5687,6.52048,34.53823,0.24506,26985
13.5787,6.5157,34.51606,0.29259,26564
13.5887,6.51093,34.52193,0.24691,26772
13.5987,6.50616,34.48865,0.25966,26897
13.6087,6.50141,34.50544,0.25112,27063
13.6187,6.49666,34.50918,0.24607,26943
13.6287,6.49191,34.50532,0.27111,26740
13.6387,6.48718,34.4764,0.25856,27011
13.6487,6.48245,34.49398,0.26109,27076
13.6587,6.47772,34.48614,0.28963,26989
13.6687,6.47301,34.49362,0.28006,26913
13.6787,6.4683,34.4905,0.25368,27125
13.6887,6.4636,34.46505,0.24347,26863
13.6987,6.4589,34.46396,0.27479,26818
13.7087,6.45421,34.41141,0.24617,26927
13.7187,6.44953,34.45035,0.24071,26924
13.7287,6.44486,34.41262,0.24453,27117
13.7387,6.44019,34.4626,0.27164,26994
13.7487,6.43553,34.43444,0.28604,27179
13.7587,6.43087,34.41722,0.26948,26997
13.7687,6.42623,34.42121,0.26238,27190
13.7787,6.42159,34.42999,0.27783,27465
13.7886,6.41695,34.4315,0.26311,27026
13.7986,6.41232,34.39962,0.27172,26833
13.8086,6.4077,34.37426,0.22581,27158
13.8186,6.40309,34.34054,0.26144,27103
13.8286,6.39848,34.3664,0.254,27032
13.8386,6.39388,34.35646,0.2407,27279
13.8486,6.38929,34.37153,0.26687,27133
13.8586,6.3847,34.34383,0.29174,27092
13.8686,6.38012,34.35159,0.26395,27461
13.8786,6.37555,34.34706,0.26231,27456
13.8886,6.37098,34.35137,0.27337,27266
13.8986,6.36642,34.33034,0.2391,27256
13.9086,6.36187,34.30341,0.26051,27368
13.9186,6.35732,34.30504,0.26246,27048
13.9286,6.35278,34.28537,0.27564,26996
13.9386,6.34824,34.26689,0.23479,27389
13.9486,6.34372,34.26966,0.25798,27338
13.9586,6.33919,34.2852,0.25418,27182
13.9686,6.33468,34.27627,0.27104,27261
13.9786,6.33017,34.25672,0.25772,27500
13.9886,6.32567,34.26442,0.25535,27456
13.9986,6.32117,34.25942,0.25444,27477
14.0086,6.31668,34.24683,0.25182,27457
14.0186,6.3122,34.26,0.25292,27496
14.0286,6.30773,34.23258,0.26878,27329
14.0386,6.30326,34.19233,0.27608,27328
14.0486,6.29879,34.20413,0.27452,27421
14.0586,6.29433,34.2223,0.23824,27072
14.0686,6.28988,34.21524,0.24453,27630
14.0786,6.28544,34.19234,0.26116,27442
14.0886,6.281,34.21143,0.24896,27543
14.0986,6.27657,34.18697,0.25667,27426
14.1086,6.27214,34.1924,0.2583,27738
14.1186,6.26772,34.20941,0.28825,27526
14.1286,6.26331,34.18583,0.23416,27642
14.1386,6.2589,34.1697,0.25862,27341
14.1486,6.2545,34.14596,0.28432,27612
14.1586,6.25011,34.1211,0.26147,27480
14.1686,6.24572,34.14391,0.24424,27343
14.1786,6.24134,34.14876,0.24742,27715
14.1886,6.23696,34.14047,0.24407,27538
14.1986,6.2326,34.12356,0.25513,27616
14.2086,6.22823,34.12963,0.24811,28019
14.2186,6.22387,34.1247,0.291,27757
14.2286,6.21952,34.11764,0.26169,27602
14.2386,6.21518,34.09041,0.24401,27857
14.2486,6.21084,34.06938,0.24663,27621
14.2586,6.20651,34.06539,0.2658,27398
14.2686,6.20218,34.0356,0.25015,27686
14.2786,6.19786,34.0594,0.25186,27529
14.2886,6.19355,34.03335,0.23136,27700
14.2986,6.18924,34.02584,0.26116,27806
14.3086,6.18494,34.02334,0.27433,27887
14.3186,6.18064,34.03046,0.27015,27820
14.3286,6.17635,34.01424,0.25339,28002
14.3386,6.17206,33.98741,0.2777,27771
14.3486,6.16779,33.98426,0.25033,27840
14.3586,6.16351,33.96899,0.2461,27803
14.3685,6.15925,33.93883,0.23987,27766
14.3785,6.15499,33.9279,0.23772,27586
14.3885,6.15073,33.91273,0.24336,27649
14.3985,6.14648,33.92927,0.24782,27888
14.4085,6.14224,33.91278,0.26636,27854
14.4185,6.138,33.90403,0.27145,27972
14.4285,6.13377,33.89354,0.25775,28184
14.4385,6.12955,33.88199,0.29347,28054
14.4485,6.12533,33.88649,0.25492,27871
14.4585,6.12112,33.87601,0.25906,28052
14.4685,6.11691,33.84466,0.2262,27906
14.4785,6.11271,33.84483,0.23937,27799
14.4885,6.10851,33.82178,0.24769,27855
14.4985,6.10432,33.8326,0.23137,27855
14.5085,6.10014,33.82755,0.2613,28091
14.5185,6.09596,33.82213,0.28208,28082
14.5285,6.09179,33.80692,0.24194,28174
14.5385,6.08762,33.81262,0.30381,28098
14.5485,6.08346,33.79943,0.23266,28158
14.5585,6.0793,33.80115,0.3057,28014
14.5685,6.07515,33.78672,0.22888,28141
14.5785,6.07101,33.77343,0.25993,28072
14.5885,6.06687,33.76331,0.2183,28067
14.5985,6.06274,33.75873,0.26363,27627
14.6085,6.05861,33.74893,0.23981,28089
14.6185,6.05449,33.74124,0.24808,28374
14.6285,6.05037,33.74017,0.2603,28283
14.6385,6.04626,33.73498,0.28756,28144
14.6485,6.04216,33.706,0.24448,28480
14.6585,6.03806,33.72265,0.24796,28339
14.6685,6.03397,33.70725,0.25004,28112
14.6785,6.02988,33.70647,0.24609,28346
14.6885,6.0258,33.68357,0.25353,28199
14.6985,6.02172,33.6653,0.23563,27989
14.7085,6.01765,33.65737,0.26528,27876
14.7185,6.01359,33.66585,0.24199,28122
14.7285,6.00953,33.67312,0.24891,28307
14.7385,6.00547,33.63284,0.24861,28418
14.7485,6.00142,33.63267,0.27125,28418
14.7585,5.99738,33.6212,0.24415,28530
14.7685,5.99334,33.61868,0.25881,28377
14.7785,5.98931,33.58603,0.24246,28434
14.7885,5.98528,33.60561,0.24164,28484
14.7985,5.98126,33.5666,0.2524,28380
14.8085,5.97725,33.56818,0.24695,27978
14.8185,5.97324,33.52985,0.27724,28205
14.8285,5.96923,33.55204,0.22136,28333
14.8385,5.96523,33.54214,0.2719,28444
14.8485,5.96124,33.53823,0.25721,28481
14.8585,5.95725,33.51656,0.2293,28650
14.8685,5.95326,33.51495,0.26375,28654
14.8785,5.94929,33.50827,0.2541,28310
14.8885,5.94531,33.48099,0.22516,28669
14.8985,5.94135,33.47861,0.26313,28596
14.9085,5.93738,33.46242,0.24622,28557
14.9185,5.93343,33.45125,0.24538,28115
14.9285,5.92948,33.41716,0.25477,28214
14.9385,5.92553,33.43896,0.25007,28560
14.9485,5.92159,33.41733,0.2385,28739
14.9584,5.91765,33.41949,0.24511,28686
14.9684,5.91372,33.40787,0.26501,28724
14.9784,5.9098,33.41019,0.24861,28629
14.9884,5.90588,33.37391,0.26432,28553
14.9984,5.90196,33.38071,0.2405,28672
15.0084,5.89805,33.3647,0.23811,28778
15.0184,5.89415,33.34925,0.23794,28584
15.0284,5.89025,33.31574,0.25521,28436
15.0384,5.88636,33.30587,0.25117,28503
15.0484,5.88247,33.30015,0.22048,28613
15.0584,5.87859,33.27871,0.25989,28696
15.0684,5.87471,33.29775,0.2461,28928
15.0784,5.87083,33.2811,0.24561,28830
15.0884,5.86697,33.27254,0.27836,28739
15.0984,5.8631,33.26008,0.24799,28792
15.1084,5.85925,33.23881,0.25137,28787
15.1184,5.85539,33.23336,0.2385,28950
15.1284,5.85155,33.23215,0.2323,28401
15.1384,5.8477,33.18206,0.25296,28516
15.1484,5.84387,33.16273,0.22661,28833
15.1584,5.84004,33.17718,0.24223,28751
15.1684,5.83621,33.16023,0.24161,28854
15.1784,5.83239,33.14615,0.2434,29083
15.1884,5.82857,33.124,0.24999,29000
15.1984,5.82476,33.12898,0.28342,28740
15.2084,5.82095,33.12999,0.2449,29087
15.2184,5.81715,33.10622,0.25227,29124
15.2284,5.81335,33.11891,0.23838,28857
15.2384,5.80956,33.09731,0.23906,28901
15.2484,5.80577,33.06527,0.24443,28573
15.2584,5.80199,33.04485,0.23037,28812
15.2684,5.79822,33.0538,0.22565,28939
15.2784,5.79444,33.03628,0.26428,28860
15.2884,5.79068,33.03647,0.24322,29058
15.2984,5.78691,33.02852,0.26193,29100
15.3084,5.78316,32.99189,0.236,28847
15.3184,5.77941,32.997,0.26117,29043
15.3284,5.77566,32.99037,0.24624,29227
15.3384,5.77192,33.00913,0.24213,29171
15.3484,5.76818,32.97316,0.21758,29016
15.3584,5.76445,32.93671,0.2568,28790
15.3684,5.76072,32.93796,0.24222,29253
15.3784,5.75699,32.92903,0.23544,29056
15.3884,5.75328,32.91868,0.26394,29025
15.3984,5.74956,32.91545,0.24169,29231
15.4084,5.74586,32.88927,0.24563,29190
15.4184,5.74215,32.87934,0.23923,29203
15.4284,5.73845,32.87193,0.23983,29266
15.4384,5.73476,32.88385,0.24016,29214
15.4484,5.73107,32.85634,0.24135,29144
15.4584,5.72739,32.84632,0.24123,29030
15.4684,5.72371,32.79342,0.23503,29172
15.4784,5.72003,32.82484,0.2438,28998
15.4884,5.71636,32.80959,0.2447,29321
15.4984,5.7127,32.78613,0.24149,29444
15.5084,5.70904,32.7658,0.26719,29332
15.5184,5.70538,32.78164,0.2707,28920
15.5284,5.70173,32.74855,0.21828,29436
15.5383,5.69808,32.74281,0.22183,29411
15.5483,5.69444,32.78374,0.23823,29268
15.5583,5.6908,32.72034,0.26008,29269
15.5683,5.68717,32.69012,0.22263,29357
15.5783,5.68354,32.67885,0.249,29311
15.5883,5.67992,32.6707,0.24342,29239
15.5983,5.6763,32.66357,0.23341,29343
15.6083,5.67269,32.66555,0.26153,29675
15.6183,5.66908,32.65115,0.2375,29460
15.6283,5.66548,32.64979,0.2484,29393
15.6383,5.66188,32.64552,0.24206,29497
15.6483,5.65828,32.65314,0.23997,29258
15.6583,5.65469,32.60721,0.23359,29360
15.6683,5.65111,32.63663,0.22645,29519
15.6783,5.64752,32.58405,0.23296,29314
15.6883,5.64395,32.57819,0.25364,29349
15.6983,5.64037,32.58043,0.23815,29648
15.7083,5.63681,32.56646,0.24822,29699
15.7183,5.63324,32.55875,0.23187,29579
15.7283,5.62969,32.56113,0.23577,29507
15.7383,5.62613,32.54463,0.24985,29505
15.7483,5.62258,32.53584,0.23842,29504
15.7583,5.61904,32.57065,0.23965,29619
15.7683,5.6155,32.54248,0.23833,29782
15.7783,5.61196,32.53954,0.25554,29592
15.7883,5.60843,32.51741,0.23753,29062
15.7983,5.6049,32.51737,0.22165,29616
15.8083,5.60138,32.48485,0.23985,29743
15.8183,5.59786,32.51575,0.23486,29724
15.8283,5.59435,32.51538,0.275,29603
15.8383,5.59084,32.47982,0.22403,29735
15.8483,5.58734,32.48247,0.22027,29945
15.8583,5.58384,32.49975,0.23798,29517
15.8683,5.58034,32.4793,0.26261,29529
15.8783,5.57685,32.46807,0.23062,30021
15.8883,5.57336,32.45154,0.23648,29639
15.8983,5.56988,32.42782,0.25511,29520
15.9083,5.5664,32.45223,0.2276,29714
15.9183,5.56293,32.44411,0.25753,29786
15.9283,5.55946,32.44387,0.22506,29891
15.9383,5.55599,32.42803,0.23994,29744
15.9483,5.55253,32.43336,0.23154,29826
15.9583,5.54908,32.40482,0.22178,29803
15.9683,5.54562,32.41538,0.24805,29866
15.9783,5.54218,32.39566,0.24072,30030
15.9883,5.53873,32.36491,0.22952,30025
15.9983,5.53529,32.34906,0.24363,29775
16.0083,5.53186,32.33553,0.22931,29852
16.0183,5.52843,32.33738,0.25192,29872
16.0283,5.525,32.32141,0.22822,30048
16.0383,5.52158,32.31898,0.25391,30001
16.0483,5.51816,32.30625,0.241,29839
16.0583,5.51475,32.28775,0.21967,29549
16.0683,5.51134,32.28148,0.23008,29929
16.0783,5.50794,32.26924,0.24392,30067
16.0883,5.50454,32.25085,0.24399,29947
16.0983,5.50114,32.25016,0.22352,30134
16.1083,5.49775,32.17765,0.23372,29885
16.1183,5.49436,32.18453,0.22683,29954
16.1282,5.49098,32.18899,0.2541,30113
16.1382,5.4876,32.18482,0.24509,30185
16.1482,5.48422,32.16005,0.23116,29937
16.1582,5.48085,32.1544,0.22567,30405
16.1682,5.47748,32.16593,0.2378,29926
16.1782,5.47412,32.15032,0.23712,30119
16.1882,5.47076,32.11373,0.23988,30122
16.1982,5.46741,32.115,0.24785,30269
16.2082,5.46406,32.09048,0.22377,30010
16.2182,5.46071,32.02975,0.23121,29968
16.2282,5.45737,32.05192,0.22617,30186
16.2382,5.45403,32.04569,0.23767,30183
16.2482,5.4507,32.04107,0.24723,30114
16.2582,5.44737,32.03838,0.22678,30352
16.2682,5.44404,32.05786,0.22389,30184
16.2782,5.44072,32.0242,0.2486,30118
16.2882,5.43741,32.02303,0.21772,30399
16.2982,5.43409,32.01271,0.24395,30477
16.3082,5.43078,31.98577,0.25935,30453
16.3182,5.42748,31.97499,0.24947,30076
16.3282,5.42418,31.94861,0.22264,30189
16.3382,5.42088,31.93689,0.20934,30278
16.3482,5.41759,31.9542,0.24443,30417
16.3582,5.4143,31.93154,0.22396,29961
16.3682,5.41101,31.93981,0.22195,30238
16.3782,5.40773,31.9393,0.24131,30458
16.3882,5.40446,31.91035,0.23545,30410
16.3982,5.40118,31.90324,0.25395,30294
16.4082,5.39792,31.90198,0.22577,30626
16.4182,5.39465,31.86803,0.22888,30620
16.4282,5.39139,31.85471,0.24584,30129
16.4382,5.38813,31.84335,0.23933,30457
16.4482,5.38488,31.84654,0.22561,30533
16.4582,5.38163,31.83953,0.22778,30315
16.4682,5.37839,31.8408,0.2256,30371
16.4782,5.37515,31.85424,0.21448,30440
16.4882,5.37191,31.82635,0.2286,30521
16.4982,5.36868,31.81993,0.25815,30632
16.5082,5.36545,31.80819,0.2352,30670
16.5182,5.36222,31.79703,0.23136,30601
16.5282,5.359,31.75473,0.23358,30658
16.5382,5.35578,31.75128,0.21835,30401
16.5482,5.35257,31.74244,0.25299,30455
16.5582,5.34936,31.71591,0.22419,30499
16.5682,5.34615,31.7439,0.22462,30559
16.5782,5.34295,31.75534,0.23185,30483
16.5882,5.33975,31.72042,0.22898,30596
16.5982,5.33656,31.71527,0.22571,30691
16.6082,5.33337,31.69792,0.2472,30635
16.6182,5.33018,31.67554,0.25817,30671
16.6282,5.327,31.66563,0.21858,30828
16.6382,5.32382,31.62033,0.22847,30495
16.6482,5.32065,31.6178,0.22012,30735
16.6582,5.31748,31.62018,0.22537,30544
16.6682,5.31431,31.58887,0.22488,30892
16.6782,5.31115,31.61172,0.22577,30471
16.6882,5.30799,31.60513,0.22655,30671
16.6982,5.30483,31.57761,0.24715,30906
16.7081,5.30168,31.57806,0.23864,30934
16.7181,5.29853,31.57403,0.23,30974
16.7281,5.29539,31.55141,0.23278,30794
16.7381,5.29225,31.52504,0.24621,30725
16.7481,5.28911,31.50895,0.22356,30629
16.7581,5.28598,31.49543,0.20648,30838
16.7681,5.28285,31.50966,0.22075,30585
16.7781,5.27972,31.50137,0.22461,30833
16.7881,5.2766,31.49653,0.22479,30940
16.7981,5.27348,31.49562,0.23201,30970
16.8081,5.27037,31.47724,0.24437,30881
16.8181,5.26726,31.48235,0.23922,31257
16.8281,5.26415,31.48081,0.23771,30910
16.8381,5.26105,31.46096,0.21919,31210
16.8481,5.25795,31.42697,0.24508,30759
16.8581,5.25485,31.44162,0.22483,30851
16.8681,5.25176,31.45121,0.21872,30993
16.8781,5.24867,31.46419,0.23019,30577
16.8881,5.24559,31.44637,0.20984,30988
16.8981,5.2425,31.44485,0.22099,31003
16.9081,5.23943,31.43419,0.24959,31147
16.9181,5.23635,31.43104,0.23813,31187
16.9281,5.23328,31.42638,0.22179,31225
16.9381,5.23022,31.41849,0.24263,31238
16.9481,5.22715,31.36863,0.21735,31065
16.9581,5.22409,31.38087,0.22514,30834
16.9681,5.22104,31.37486,0.22638,30940
16.9781,5.21799,31.39161,0.22119,31160
16.9881,5.21494,31.37085,0.22052,30792
16.9981,5.21189,31.36448,0.23318,31363
17.0081,5.20885,31.34953,0.22973,31137
17.0181,5.20581,31.34086,0.24625,31307
17.0281,5.20278,31.30668,0.22066,31202
17.0381,5.19975,31.31786,0.23648,31386
17.0481,5.19672,31.27317,0.21884,31417
17.0581,5.1937,31.26637,0.21335,31040
17.0681,5.19068,31.25477,0.22783,31176
17.0781,5.18766,31.2536,0.22364,31018
17.0881,5.18465,31.24696,0.22511,31127
17.0981,5.18164,31.21619,0.21576,31218
17.1081,5.17863,31.19864,0.24275,31317
17.1181,5.17563,31.1978,0.22709,31412
17.1281,5.17263,31.17307,0.22598,31372
17.1381,5.16964,31.17054,0.25773,31412
17.1481,5.16665,31.17077,0.23405,31487
17.1581,5.16366,31.10759,0.21869,31056
17.1681,5.16067,31.13715,0.19681,31288
17.1781,5.15769,31.13429,0.22495,31071
17.1881,5.15471,31.11486,0.2087,31153
17.1981,5.15174,31.1104,0.23507,31413
17.2081,5.14877,31.07433,0.23043,31398
17.2181,5.1458,31.08845,0.24904,31654
17.2281,5.14284,31.06097,0.22222,31543
17.2381,5.13988,31.04814,0.22507,31708
17.2481,5.13692,31.06411,0.24646,31607
17.2581,5.13397,30.99148,0.2109,31621
17.2681,5.13102,31.0287,0.22473,31422
17.2781,5.12807,31.02335,0.21402,31133
17.2881,5.12513,31.0185,0.21187,31191
17.298,5.12219,31.0046,0.22357,31556
17.308,5.11925,30.98292,0.22586,31616
17.318,5.11632,30.98818,0.23765,31528
17.328,5.11339,30.96302,0.24504,31745
17.338,5.11046,30.9544,0.22356,31800
17.348,5.10754,30.9653,0.22088,31697
17.358,5.10462,30.90695,0.21358,31728
17.368,5.1017,30.9102,0.22171,31641
17.378,5.09879,30.93099,0.22167,31226
17.388,5.09588,30.89957,0.2165,31247
17.398,5.09298,30.90297,0.21142,31756
17.408,5.09007,30.8787,0.26398,31746
17.418,5.08717,30.88008,0.21295,31423
17.428,5.08428,30.86756,0.24183,31812
17.438,5.08139,30.84925,0.23358,31881
17.448,5.0785,30.8553,0.21511,31682
17.458,5.07561,30.82871,0.22749,31898
17.468,5.07273,30.79006,0.19964,31673
17.478,5.06985,30.82024,0.20602,31291
17.488,5.06697,30.80532,0.22698,31573
17.498,5.0641,30.79657,0.23747,31723
17.508,5.06123,30.75787,0.21233,31875
17.518,5.05836,30.78969,0.24297,31909
17.528,5.0555,30.75422,0.2116,31952
17.538,5.05264,30.74104,0.25618,31966
17.548,5.04978,30.73829,0.21474,32182
17.558,5.04693,30.74043,0.25077,31932
17.568,5.04408,30.68924,0.21074,31662
17.578,5.04124,30.73189,0.20149,31417
17.588,5.03839,30.71464,0.20085,31610
17.598,5.03555,30.73689,0.22897,31601
17.608,5.03272,30.67594,0.22646,31970
17.618,5.02988,30.70793,0.23241,32000
17.628,5.02705,30.68212,0.23308,32047
17.638,5.02422,30.66386,0.2225,31930
17.648,5.0214,30.67142,0.2128,32216
17.658,5.01858,30.63889,0.22943,32242
17.668,5.01576,30.61433,0.22697,31735
17.678,5.01295,30.63866,0.21272,31536
17.688,5.01014,30.6192,0.22149,31835
17.698,5.00733,30.63013,0.2155,31803
17.708,5.00452,30.60283,0.2154,31854
17.718,5.00172,30.6223,0.22085,31972
17.728,4.99892,30.59234,0.22189,32332
17.738,4.99613,30.62176,0.2569,31758
17.748,4.99334,30.59594,0.20526,32432
17.758,4.99055,30.57662,0.22612,32291
17.768,4.98776,30.56915,0.20976,31911
17.778,4.98498,30.55348,0.20756,31588
17.788,4.9822,30.55847,0.22897,31770
17.798,4.97942,30.53828,0.22367,32012
17.808,4.97665,30.56056,0.23287,32057
17.818,4.97388,30.525,0.20825,32202
17.828,4.97111,30.50991,0.23377,32195
17.838,4.96835,30.5247,0.22875,32198
17.848,4.96559,30.49344,0.22867,32201
17.858,4.96283,30.483,0.2181,32342
17.868,4.96008,30.47047,0.21006,32220
17.878,4.95733,30.43906,0.20701,31885
17.8879,4.95458,30.45677,0.20859,31793
17.8979,4.95183,30.42524,0.20181,32252
17.9079,4.94909,30.44346,0.24601,32182
17.9179,4.94635,30.42534,0.23803,32158
17.9279,4.94362,30.40645,0.21801,32331
17.9379,4.94088,30.39685,0.2319,32427
17.9479,4.93815,30.37412,0.20956,32311
17.9579,4.93543,30.39181,0.23304,32444
17.9679,4.9327,30.3737,0.20997,32483
17.9779,4.92998,30.32988,0.2237,31831
17.9879,4.92726,30.34638,0.21816,31845
17.9979,4.92455,30.33316,0.19888,32396
18.0079,4.92184,30.32753,0.22977,32203
18.0179,4.91913,30.30649,0.21286,32410
18.0279,4.91642,30.31472,0.23234,32394
18.0379,4.91372,30.29118,0.22124,32642
18.0479,4.91102,30.30717,0.22673,32516
18.0579,4.90832,30.29087,0.20607,32436
18.0679,4.90563,30.30968,0.22253,32624
18.0779,4.90294,30.23427,0.2132,32009
18.0879,4.90025,30.25975,0.20687,32172
18.0979,4.89757,30.24246,0.22226,32301
18.1079,4.89489,30.24641,0.24433,32494
18.1179,4.89221,30.23311,0.20643,32480
18.1279,4.88953,30.23426,0.23341,32374
18.1379,4.88686,30.21249,0.21084,32691
18.1479,4.88419,30.20532,0.21789,32630
18.1579,4.88152,30.20055,0.21078,32728
18.1679,4.87886,30.23542,0.20948,32539
18.1779,4.8762,30.1376,0.2222,32050
18.1879,4.87354,30.1543,0.20603,32553
18.1979,4.87088,30.19168,0.22104,32344
18.2079,4.86823,30.13948,0.21917,32583
18.2179,4.86558,30.13802,0.22195,32669
18.2279,4.86294,30.13392,0.24069,32712
18.2379,4.86029,30.11862,0.20475,32712
18.2479,4.85765,30.11275,0.22007,32792
18.2579,4.85501,30.10526,0.21328,32763
18.2679,4.85238,30.1214,0.22687,32575
18.2779,4.84975,30.03715,0.20894,32204
18.2879,4.84712,30.05372,0.19374,32657
18.2979,4.84449,30.05626,0.21931,32287
18.3079,4.84187,30.03358,0.22376,32685
18.3179,4.83925,30.01975,0.21576,32743
18.3279,4.83663,30.00604,0.22487,33003
18.3379,4.83402,29.98896,0.23567,32789
18.3479,4.83141,29.98692,0.19263,33066
18.3579,4.8288,29.99402,0.21402,32797
18.3679,4.82619,29.97089,0.23583,32678
18.3779,4.82359,29.90744,0.21985,32520
18.3879,4.82099,29.92116,0.20239,32845
18.3979,4.81839,29.90499,0.22528,32428
18.4079,4.8158,29.89364,0.21833,32761
18.4179,4.8132,29.88628,0.20532,32918
18.4279,4.81062,29.84884,0.22583,32901
18.4379,4.80803,29.8501,0.2139,33153
18.4479,4.80545,29.81338,0.21055,32914
18.4579,4.80287,29.84555,0.20789,32909
18.4678,4.80029,29.80662,0.2137,32821
18.4778,4.79771,29.74976,0.2124,32677
18.4878,4.79514,29.74288,0.20329,32996
18.4978,4.79257,29.75769,0.22997,32770
18.5078,4.79,29.7246,0.22505,32928
18.5178,4.78744,29.71453,0.2096,33071
18.5278,4.78488,29.70436,0.22434,33090
18.5378,4.78232,29.69,0.19878,33039
18.5478,4.77977,29.69675,0.22192,33078
18.5578,4.77721,29.65984,0.20547,32966
18.5678,4.77466,29.64293,0.22628,32970
18.5778,4.77212,29.59401,0.20988,32797
18.5878,4.76957,29.59169,0.1979,33054
18.5978,4.76703,29.58294,0.21365,32826
18.6078,4.76449,29.56454,0.2336,32874
18.6178,4.76196,29.55095,0.20226,33335
18.6278,4.75942,29.54116,0.23652,33065
18.6378,4.75689,29.53215,0.20853,33364
18.6478,4.75436,29.54586,0.21153,33084
18.6578,4.75184,29.51725,0.1972,33267
18.6678,4.74932,29.47884,0.21975,32879
18.6778,4.7468,29.44232,0.23183,32957
18.6878,4.74428,29.44048,0.21039,33002
18.6978,4.74176,29.43329,0.2008,33089
18.7078,4.73925,29.4205,0.20671,33039
18.7178,4.73674,29.41403,0.21921,33190
18.7278,4.73424,29.39871,0.19919,33473
18.7378,4.73173,29.36932,0.22576,33397
18.7478,4.72923,29.40798,0.21238,33120
18.7578,4.72674,29.35771,0.21243,33438
18.7678,4.72424,29.34928,0.20351,33300
18.7778,4.72175,29.30462,0.22471,33025
18.7878,4.71926,29.28726,0.19938,33521
18.7978,4.71677,29.28963,0.20754,33052
18.8078,4.71428,29.27781,0.23342,33301
18.8178,4.7118,29.30003,0.22674,33383
18.8278,4.70932,29.26904,0.21023,33546
18.8378,4.70685,29.28084,0.19379,33166
18.8478,4.70437,29.26154,0.20334,33323
18.8578,4.7019,29.24099,0.21117,33456
18.8678,4.69943,29.21087,0.22285,33368
18.8778,4.69696,29.15666,0.20942,33193
18.8878,4.6945,29.18315,0.19235,33297
18.8978,4.69204,29.17062,0.23012,33484
18.9078,4.68958,29.14394,0.21232,33335
18.9178,4.68712,29.16223,0.20497,33591
18.9278,4.68467,29.13653,0.21586,33620
18.9378,4.68222,29.15755,0.21138,33462
18.9478,4.67977,29.12925,0.21903,33504
18.9578,4.67733,29.13579,0.19761,33572
18.9678,4.67488,29.08194,0.22487,33521
18.9778,4.67244,29.06961,0.20355,33260
18.9878,4.67001,29.06159,0.19385,33606
18.9978,4.66757,29.06107,0.20564,33508
19.0078,4.66514,29.06343,0.21663,33427
19.0178,4.66271,29.03895,0.2276,33715
19.0278,4.66028,29.06938,0.1908,33612
19.0378,4.65785,29.02862,0.21605,33518
19.0478,4.65543,29.02526,0.21735,33678
19.0577,4.65301,29.00474,0.20834,33521
19.0677,4.6506,28.97918,0.19615,33736
19.0777,4.64818,28.96556,0.21839,33633
19.0877,4.64577,28.96649,0.2047,33663
19.0977,4.64336,28.96584,0.22681,33668
19.1077,4.64095,28.95652,0.20334,33571
19.1177,4.63855,28.95639,0.19984,33737
19.1277,4.63614,28.94653,0.21772,33665
19.1377,4.63375,28.92644,0.19988,34022
19.1477,4.63135,28.9027,0.21149,33470
19.1577,4.62895,28.90575,0.20445,33902
19.1677,4.62656,28.85929,0.20334,33662
19.1777,4.62417,28.86246,0.19765,33692
19.1877,4.62179,28.85737,0.20755,33810
19.1977,4.6194,28.84204,0.21833,33742
19.2077,4.61702,28.8251,0.22406,33852
19.2177,4.61464,28.83999,0.2129,33635
19.2277,4.61226,28.83764,0.19456,33831
19.2377,4.60989,28.77802,0.2131,33923
19.2477,4.60752,28.77891,0.2213,33737
19.2577,4.60515,28.76903,0.18693,33770
19.2677,4.60278,28.73458,0.21697,33765
19.2777,4.60041,28.70349,0.20124,33986
19.2877,4.59805,28.71718,0.20334,34105
19.2977,4.59569,28.70393,0.1978,33830
19.3077,4.59333,28.72744,0.19945,33935
19.3177,4.59098,28.68538,0.24151,33861
19.3277,4.58863,28.67569,0.21356,34155
19.3377,4.58628,28.62475,0.19867,33958
19.3477,4.58393,28.62382,0.20501,33933
19.3577,4.58159,28.61418,0.19683,34111
19.3677,4.57924,28.55572,0.20663,33931
19.3777,4.5769,28.57187,0.19727,33959
19.3877,4.57456,28.57869,0.22346,34063
19.3977,4.57223,28.55655,0.21808,33855
19.4077,4.5699,28.57052,0.20033,33719
19.4177,4.56757,28.5383,0.2017,34019
19.4277,4.56524,28.52383,0.20013,34516
19.4377,4.56291,28.46682,0.21179,33982
19.4477,4.56059,28.48728,0.19851,34167
19.4577,4.55827,28.4537,0.20567,34114
19.4677,4.55595,28.42233,0.20487,34108
19.4777,4.55363,28.41341,0.20281,34204
19.4877,4.55132,28.44889,0.19336,34098
19.4977,4.54901,28.42649,0.20426,33933
19.5077,4.5467,28.40434,0.23854,34224
19.5177,4.54439,28.39609,0.21481,34299
19.5277,4.54209,28.37903,0.20458,34335
19.5377,4.53979,28.34292,0.20125,34042
19.5477,4.53749,28.33948,0.20665,34175
19.5577,4.53519,28.316,0.18537,34138
19.5677,4.53289,28.30249,0.19872,34312
19.5777,4.5306,28.28856,0.19646,34412
19.5877,4.52831,28.32632,0.21477,34078
19.5977,4.52602,28.30807,0.20602,34300
19.6077,4.52374,28.28201,0.20143,34254
19.6177,4.52146,28.26671,0.23415,34434
19.6277,4.51918,28.24526,0.19837,34232
19.6376,4.5169,28.24931,0.20274,34226
19.6476,4.51462,28.22911,0.20164,34390
19.6576,4.51235,28.1775,0.19939,34367
19.6676,4.51008,28.20173,0.20414,34271
19.6776,4.50781,28.18051,0.19205,34577
19.6876,4.50554,28.23757,0.2056,33953
19.6976,4.50328,28.19675,0.19895,34528
19.7076,4.50101,28.16028,0.21651,34429
19.7176,4.49875,28.14515,0.19841,34547
19.7276,4.4965,28.14514,0.20124,34458
19.7376,4.49424,28.13761,0.2258,34667
19.7476,4.49199,28.10908,0.18533,34528
19.7576,4.48974,28.08021,0.20051,34479
19.7676,4.48749,28.07996,0.18393,34698
19.7776,4.48524,28.09532,0.20581,34328
19.7876,4.483,28.06954,0.21275,34344
19.7976,4.48076,28.05646,0.23353,34593
19.8076,4.47852,28.02559,0.19261,34600
19.8176,4.47628,27.99611,0.24315,34402
19.8276,4.47405,27.99687,0.17996,34644
19.8376,4.47182,27.966,0.195,34668
19.8476,4.46959,27.94729,0.22115,34546
19.8576,4.46736,27.94383,0.17239,34771
19.8676,4.46513,27.95746,0.19918,34613
19.8776,4.46291,27.93021,0.20565,34464
19.8876,4.46069,27.91286,0.19295,34656
19.8976,4.45847,27.89284,0.21435,34681
19.9076,4.45625,27.88476,0.21926,34612
19.9176,4.45404,27.84743,0.20867,34470
19.9276,4.45183,27.8398,0.21266,34993
19.9376,4.44962,27.83377,0.20332,34641
19.9476,4.44741,27.76833,0.18158,34610
19.9576,4.4452,27.77985,0.20141,34731
19.9676,4.443,27.80538,0.18109,34941
19.9776,4.4408,27.78521,0.21375,34359
19.9876,4.4386,27.75954,0.20308,34885
19.9976,4.4364,27.75245,0.20418,34847
20.0076,4.43421,27.72669,0.19327,34677
20.0176,4.43202,27.71601,0.21423,34919
20.0276,4.42983,27.69655,0.20625,34937
20.0376,4.42764,27.676,0.19666,34796
20.0476,4.42545,27.65425,0.19543,34994
20.0576,4.42327,27.65581,0.18247,34935
20.0676,4.42109,27.63443,0.19653,34811
20.0776,4.41891,27.62642,0.2035,34865
20.0876,4.41673,27.60334,0.20781,35021
20.0976,4.41456,27.59088,0.21386,34681
20.1076,4.41238,27.58201,0.21752,34867
20.1176,4.41021,27.55516,0.19268,35108
20.1276,4.40805,27.55177,0.19227,34897
20.1376,4.40588,27.51548,0.19134,34634
20.1476,4.40372,27.53045,0.18619,35262
20.1576,4.40155,27.51999,0.19823,34892
20.1676,4.39939,27.50868,0.19304,34956
20.1776,4.39724,27.50072,0.20198,35137
20.1876,4.39508,27.47748,0.20129,35030
20.1976,4.39293,27.44522,0.20199,35070
20.2076,4.39078,27.45454,0.20788,35064
20.2176,4.38863,27.44122,0.21434,35241
20.2275,4.38648,27.39252,0.19945,35026
20.2375,4.38434,27.41429,0.1831,34868
20.2475,4.3822,27.40666,0.20498,35185
20.2575,4.38005,27.38251,0.19623,35014
20.2675,4.37792,27.38904,0.19149,34845
20.2775,4.37578,27.35222,0.19741,35177
20.2875,4.37365,27.35014,0.17933,35318
20.2975,4.37151,27.31641,0.20248,35295
20.3075,4.36939,27.32817,0.22446,35233
20.3175,4.36726,27.31619,0.20226,35405
20.3275,4.36513,27.28028,0.19328,35042
20.3375,4.36301,27.29408,0.19924,34961
20.3475,4.36089,27.29006,0.18213,35454
20.3575,4.35877,27.29867,0.18684,35254
20.3675,4.35665,27.274,0.19883,35232
20.3775,4.35454,27.2429,0.21287,35117
20.3875,4.35242,27.23728,0.20329,35371
20.3975,4.35031,27.2323,0.19266,35470
20.4075,4.3482,27.20535,0.21518,35196
20.4175,4.3461,27.1945,0.19061,35334
20.4275,4.34399,27.19118,0.19757,35043
20.4375,4.34189,27.17308,0.1838,35608
20.4475,4.33979,27.16613,0.19933,35136
20.4575,4.33769,27.17518,0.1919,35382
20.4675,4.33559,27.12733,0.18172,35195
20.4775,4.3335,27.13746,0.19823,35450
20.4875,4.33141,27.12054,0.20253,35310
20.4975,4.32932,27.09851,0.20826,35610
20.5075,4.32723,27.08747,0.21143,35547
20.5175,4.32514,27.08557,0.19615,35628
20.5275,4.32306,27.07518,0.19661,35362
20.5375,4.32098,27.04497,0.18487,35695
20.5475,4.3189,27.0567,0.19103,35378
20.5575,4.31682,27.01956,0.19655,35369
20.5675,4.31474,27.02737,0.18374,35461
20.5775,4.31267,27.01035,0.19306,35474
20.5875,4.3106,26.97625,0.19721,35595
20.5975,4.30853,26.97878,0.19724,35666
20.6075,4.30646,26.95526,0.20275,35529
20.6175,4.30439,26.93146,0.1985,35386
20.6275,4.30233,26.92632,0.20134,35708
20.6375,4.30027,26.92458,0.18804,35818
20.6475,4.29821,26.92287,0.18962,35418
20.6575,4.29615,26.8821,0.18475,35545
20.6675,4.29409,26.86652,0.20078,35725
20.6775,4.29204,26.86276,0.1958,36038
20.6875,4.28999,26.85114,0.20169,35466
20.6975,4.28794,26.82232,0.19745,35744
20.7075,4.28589,26.82446,0.18849,35724
20.7175,4.28385,26.78478,0.19862,35591
20.7275,4.2818,26.79116,0.19936,35724
20.7375,4.27976,26.78319,0.18863,35852
20.7475,4.27772,26.73645,0.18668,35563
20.7575,4.27568,26.74556,0.18714,35787
20.7675,4.27365,26.73705,0.19124,35904
20.7775,4.27161,26.69097,0.20353,35723
20.7875,4.26958,26.71078,0.18123,35964
20.7975,4.26755,26.66793,0.2261,35628
20.8074,4.26552,26.67915,0.18802,35872
20.8174,4.2635,26.63642,0.19771,35868
20.8274,4.26147,26.63423,0.20229,36196
20.8374,4.25945,26.62347,0.18874,35421
20.8474,4.25743,26.60582,0.18478,36028
20.8574,4.25541,26.58483,0.17414,35794
20.8674,4.2534,26.57413,0.21113,36024
20.8774,4.25138,26.56191,0.17742,35919
20.8874,4.24937,26.56518,0.19418,36104
20.8974,4.24736,26.52433,0.18439,35923
20.9074,4.24535,26.50245,0.21958,35868
20.9174,4.24334,26.49933,0.20015,36043
20.9274,4.24134,26.48297,0.18387,36032
20.9374,4.23933,26.47112,0.18922,35756
20.9474,4.23733,26.44336,0.19099,36048
20.9574,4.23534,26.43272,0.196,36216
20.9674,4.23334,26.4374,0.18336,36026
20.9774,4.23134,26.41127,0.19396,36070
20.9874,4.22935,26.39098,0.20015,36041
20.9974,4.22736,26.37815,0.18614,36098
21.0074,4.22537,26.3537,0.18708,36038
21.0174,4.22338,26.34524,0.19517,36233
21.0274,4.2214,26.33311,0.20192,35906
21.0374,4.21941,26.31117,0.17808,36170
21.0474,4.21743,26.30218,0.18558,36291
21.0574,4.21545,26.286,0.18577,36215
21.0674,4.21347,26.28721,0.20101,36050
21.0774,4.2115,26.24677,0.18422,36266
21.0874,4.20952,26.22944,0.18534,36289
21.0974,4.20755,26.23959,0.22159,36078
21.1074,4.20558,26.19953,0.19019,36395
21.1174,4.20361,26.20439,0.18853,36258
21.1274,4.20164,26.18925,0.19344,36146
21.1374,4.19968,26.1824,0.20619,36171
21.1474,4.19772,26.15523,0.16337,36384
21.1574,4.19575,26.14017,0.18568,36352
21.1674,4.1938,26.13529,0.19186,36208
21.1774,4.19184,26.12258,0.18055,36472
21.1874,4.18988,26.09264,0.18979,36402
21.1974,4.18793,26.0718,0.19317,36387
21.2074,4.18598,26.08459,0.19552,36370
21.2174,4.18403,26.06702,0.20461,36304
21.2274,4.18208,26.02905,0.18394,36326
21.2374,4.18013,26.0404,0.19139,36694
21.2474,4.17819,26.01602,0.18797,36402
21.2574,4.17625,26.01006,0.18497,36317
21.2674,4.1743,25.98238,0.18699,36576
21.2774,4.17237,25.9809,0.19433,36540
21.2874,4.17043,25.9465,0.18839,36273
21.2974,4.16849,25.9413,0.18086,36728
21.3074,4.16656,25.93402,0.19104,36292
21.3174,4.16463,25.91378,0.18302,36636
21.3274,4.1627,25.89053,0.20291,36585
21.3374,4.16077,25.89208,0.18148,36598
21.3474,4.15884,25.87495,0.17416,36413
21.3574,4.15692,25.84964,0.19282,36846
21.3674,4.155,25.83317,0.18708,36594
21.3774,4.15308,25.81701,0.18776,36635
21.3874,4.15116,25.81315,0.194,36544
21.3973,4.14924,25.78985,0.18708,36788
21.4073,4.14733,25.7793,0.19413,36682
21.4173,4.14541,25.75851,0.18738,36591
21.4273,4.1435,25.76337,0.19211,36731
21.4373,4.14159,25.73153,0.19332,36689
21.4473,4.13968,25.72032,0.17625,36619
21.4573,4.13778,25.6986,0.17849,36790
21.4673,4.13587,25.69342,0.18791,36776
21.4773,4.13397,25.67514,0.18455,36671
21.4873,4.13207,25.64404,0.17807,36845
21.4973,4.13017,25.65968,0.18687,36802
21.5073,4.12827,25.64163,0.19581,36692
21.5173,4.12638,25.63527,0.19837,37025
21.5273,4.12448,25.61251,0.1893,36735
21.5373,4.12259,25.58366,0.17963,36826
21.5473,4.1207,25.58863,0.18374,37088
21.5573,4.11881,25.57315,0.18824,36844
21.5673,4.11692,25.53295,0.19,36668
21.5773,4.11504,25.53122,0.18527,36936
21.5873,4.11316,25.54848,0.17597,36840
21.5973,4.11127,25.50717,0.18538,36798
21.6073,4.10939,25.50295,0.17416,37008
21.6173,4.10752,25.50196,0.21067,36980
21.6273,4.10564,25.46982,0.18242,36949
21.6373,4.10376,25.47101,0.18375,37070
21.6473,4.10189,25.43537,0.1772,37027
21.6573,4.10002,25.42497,0.18945,37018
21.6673,4.09815,25.4143,0.19414,37015
21.6773,4.09628,25.41076,0.17274,37045
21.6873,4.09442,25.38995,0.18697,36885
21.6973,4.09255,25.40684,0.17947,37188
21.7073,4.09069,25.37666,0.20083,37196
21.7173,4.08883,25.35585,0.18831,37007
21.7273,4.08697,25.34704,0.18725,37024
21.7373,4.08511,25.33082,0.1797,37209
21.7473,4.08326,25.30186,0.18206,37178
21.7573,4.08141,25.28669,0.16738,37082
21.7673,4.07955,25.28887,0.18456,37285
21.7773,4.0777,25.26723,0.19212,37218
21.7873,4.07585,25.26197,0.17899,37130
21.7973,4.07401,25.23932,0.1882,37282
21.8073,4.07216,25.23482,0.18702,37167
21.8173,4.07032,25.22246,0.18771,37330
21.8273,4.06848,25.1794,0.18041,37249
21.8373,4.06664,25.18807,0.19317,37399
21.8473,4.0648,25.17848,0.18712,37243
21.8573,4.06296,25.14842,0.17506,37322
21.8673,4.06113,25.12755,0.18489,37329
21.8773,4.05929,25.14406,0.17997,37181
21.8873,4.05746,25.12136,0.16952,37301
21.8973,4.05563,25.10879,0.19875,37433
21.9073,4.0538,25.08471,0.18289,37287
21.9173,4.05198,25.07896,0.18361,37540
21.9273,4.05015,25.06728,0.1911,37376
21.9373,4.04833,25.05531,0.17463,37308
21.9473,4.04651,25.02876,0.1814,37562
21.9573,4.04469,25.0278,0.1697,37488
21.9673,4.04287,25.02224,0.19498,37320
21.9772,4.04105,25.00781,0.18762,37611
21.9872,4.03924,24.9862,0.17946,37478
21.9972,4.03742,24.99489,0.18247,37506
22.0072,4.03561,24.96818,0.18518,37601
22.0172,4.0338,24.95845,0.17674,37485
22.0272,4.03199,24.93116,0.18998,37359
22.0372,4.03019,24.94169,0.18414,37620
22.0472,4.02838,24.92863,0.17438,37526
22.0572,4.02658,24.9074,0.17305,37558
22.0672,4.02477,24.9086,0.17899,37666
22.0772,4.02297,24.90735,0.19228,37697
22.0872,4.02118,24.86676,0.17699,37575
22.0972,4.01938,24.86196,0.18102,37662
22.1072,4.01758,24.84485,0.18151,37658
22.1172,4.01579,24.8433,0.18826,37639
22.1272,4.014,24.81234,0.19186,37701
22.1372,4.01221,24.80599,0.17774,37699
22.1472,4.01042,24.79944,0.17698,37789
22.1572,4.00863,24.80616,0.16842,37668
22.1672,4.00685,24.77538,0.18247,37719
22.1772,4.00506,24.74502,0.1877,37665
22.1872,4.00328,24.73269,0.18221,37781
22.1972,4.0015,24.74925,0.17736,37830
22.2072,3.99972,24.70812,0.17212,37783
22.2172,3.99794,24.6843,0.18114,37797
22.2272,3.99617,24.69293,0.18568,37862
22.2372,3.99439,24.6716,0.17857,37816
22.2472,3.99262,24.6702,0.1869,37737
22.2572,3.99085,24.64979,0.17332,37947
22.2672,3.98908,24.64171,0.18613,37840
22.2772,3.98731,24.62288,0.16922,38077
22.2872,3.98555,24.60084,0.17868,37911
22.2972,3.98378,24.59428,0.18668,37998
22.3072,3.98202,24.57712,0.18508,37840
22.3172,3.98026,24.57471,0.1886,38069
22.3272,3.9785,24.561,0.18536,37883
22.3372,3.97674,24.55413,0.15916,37840
22.3472,3.97498,24.54466,0.1739,38042
22.3572,3.97323,24.52865,0.18562,38198
22.3672,3.97148,24.51987,0.17097,37962
22.3772,3.96972,24.499,0.19892,38071
22.3872,3.96797,24.49877,0.16639,38050
22.3972,3.96622,24.48218,0.18434,38153
22.4072,3.96448,24.4559,0.17676,38127
22.4172,3.96273,24.46649,0.18321,38144
22.4272,3.96099,24.44622,0.17814,38026
22.4372,3.95924,24.4455,0.18473,38236
22.4472,3.9575,24.43418,0.17923,38300
22.4572,3.95576,24.4191,0.17392,38051
22.4672,3.95403,24.39238,0.17957,38212
22.4772,3.95229,24.39625,0.17961,38092
22.4872,3.95056,24.35911,0.166,38144
22.4972,3.94882,24.36615,0.17092,38419
22.5072,3.94709,24.36362,0.18069,38182
22.5172,3.94536,24.34748,0.18113,38167
22.5272,3.94363,24.32136,0.18765,38371
22.5372,3.94191,24.33754,0.173,38248
22.5472,3.94018,24.28574,0.17884,38250
22.5572,3.93846,24.29598,0.1835,38597
22.5671,3.93673,24.29235,0.1605,38250
22.5771,3.93501,24.2575,0.19299,38293
22.5871,3.93329,24.23703,0.18088,38492
22.5971,3.93158,24.23941,0.17713,38388
22.6071,3.92986,24.23889,0.17561,38294
22.6171,3.92815,24.2052,0.17761,38233
22.6271,3.92643,24.211,0.17242,38578
22.6371,3.92472,24.19213,0.1719,38327
22.6471,3.92301,24.17542,0.19175,38381
22.6571,3.9213,24.16026,0.17983,38436
22.6671,3.9196,24.1452,0.16515,38530
22.6771,3.91789,24.12001,0.16751,38464
22.6871,3.91619,24.12008,0.17316,38569
22.6971,3.91448,24.11223,0.19405,38476
22.7071,3.91278,24.10054,0.17429,38598
22.7171,3.91108,24.0855,0.18833,38413
22.7271,3.90938,24.06676,0.17105,38717
22.7371,3.90769,24.05822,0.17794,38512
22.7471,3.90599,24.03018,0.16801,38721
22.7571,3.9043,24.01179,0.17545,38412
22.7671,3.90261,24.02708,0.18869,38540
22.7771,3.90092,23.98494,0.17585,38640
22.7871,3.89923,23.98611,0.16056,38702
22.7971,3.89754,23.99085,0.17533,38540
22.8071,3.89585,23.96752,0.1811,38689
22.8171,3.89417,23.92465,0.16574,38710
22.8271,3.89249,23.92767,0.18177,38801
22.8371,3.89081,23.90461,0.18203,38681
22.8471,3.88913,23.90927,0.17042,38705
22.8571,3.88745,23.88902,0.17741,38680
22.8671,3.88577,23.87874,0.17015,38859
22.8771,3.88409,23.8692,0.17994,38820
22.8871,3.88242,23.85646,0.17625,38749
22.8971,3.88075,23.84829,0.16664,38863
22.9071,3.87908,23.82406,0.17725,38910
22.9171,3.87741,23.80881,0.19761,38705
22.9271,3.87574,23.80438,0.16393,38950
22.9371,3.87407,23.77473,0.17498,38705
22.9471,3.87241,23.77313,0.16022,38898
22.9571,3.87074,23.76913,0.17022,38978
22.9671,3.86908,23.75462,0.17901,38791
22.9771,3.86742,23.72717,0.16922,38885
22.9871,3.86576,23.7407,0.19118,39031
22.9971,3.8641,23.72643,0.17191,38902
23.0071,3.86244,23.70104,0.16992,39007
23.0171,3.86079,23.67469,0.16846,39104
23.0271,3.85914,23.66709,0.18406,38957
23.0371,3.85748,23.66932,0.17219,39138
23.0471,3.85583,23.65085,0.18152,38986
23.0571,3.85418,23.65246,0.17395,39076
23.0671,3.85253,23.61584,0.16892,38848
23.0771,3.85089,23.62351,0.16142,39077
23.0871,3.84924,23.60549,0.16327,39027
23.0971,3.8476,23.58969,0.19136,39110
23.1071,3.84596,23.5717,0.17738,39208
23.1171,3.84432,23.55573,0.16987,38981
23.1271,3.84268,23.55,0.17032,39219
23.1371,3.84104,23.54252,0.17714,39348
23.147,3.8394,23.51364,0.16678,38981
23.157,3.83777,23.50867,0.16269,39124
23.167,3.83613,23.50137,0.19612,39256
23.177,3.8345,23.48782,0.16375,39276
23.187,3.83287,23.45284,0.17316,39122
23.197,3.83124,23.4531,0.18013,39460
23.207,3.82961,23.4473,0.17118,39003
23.217,3.82799,23.41654,0.17066,39323
23.227,3.82636,23.4165,0.16381,39178
23.237,3.82474,23.38595,0.16756,39182
23.247,3.82312,23.37677,0.17162,39405
23.257,3.82149,23.38132,0.17058,39427
23.267,3.81988,23.35643,0.17352,39329
23.277,3.81826,23.35624,0.17672,39311
23.287,3.81664,23.32265,0.16414,39370
23.297,3.81502,23.31934,0.1666,39323
23.307,3.81341,23.30322,0.17891,39551
23.317,3.8118,23.28739,0.18134,39365
23.327,3.81019,23.29326,0.16897,39301
23.337,3.80858,23.25516,0.18051,39609
23.347,3.80697,23.26205,0.15652,39528
23.357,3.80536,23.22743,0.16834,39419
23.367,3.80376,23.23484,0.18063,39423
23.377,3.80215,23.21556,0.16332,39476
23.387,3.80055,23.2049,0.18288,39463
23.397,3.79895,23.17753,0.16348,39619
23.407,3.79735,23.18235,0.16723,39596
23.417,3.79575,23.1654,0.16488,39329
23.427,3.79415,23.15819,0.16626,39626
23.437,3.79256,23.13621,0.19133,39704
23.447,3.79096,23.13108,0.1617,39546
23.457,3.78937,23.11791,0.17149,39663
23.467,3.78778,23.10671,0.1663,39776
23.477,3.78619,23.09919,0.17096,39488
23.487,3.7846,23.08087,0.16584,39852
23.497,3.78301,23.06256,0.18333,39679
23.507,3.78142,23.06064,0.16739,39712
23.517,3.77984,23.04896,0.17403,39708
23.527,3.77825,23.04811,0.16285,39690
23.537,3.77667,23.03034,0.15883,39589
23.547,3.77509,23.00849,0.17122,39953
23.557,3.77351,22.98641,0.16632,39741
23.567,3.77193,23.01369,0.1614,39710
23.577,3.77036,22.98824,0.17563,39881
23.587,3.76878,22.96389,0.17055,39834
23.597,3.76721,22.95752,0.15747,39866
23.607,3.76563,22.95529,0.19371,39784
23.617,3.76406,22.92843,0.1613,39930
23.627,3.76249,22.94158,0.1616,39960
23.637,3.76092,22.92696,0.172,40054
23.647,3.75935,22.91736,0.16991,39940
23.657,3.75779,22.89105,0.17027,40000
23.667,3.75622,22.88803,0.16903,39965
23.677,3.75466,22.89524,0.16202,39947
23.687,3.7531,22.88233,0.15463,39912
23.697,3.75154,22.86006,0.17077,40108
23.707,3.74998,22.85765,0.16617,39995
23.717,3.74842,22.85543,0.16904,40022
23.727,3.74686,22.84426,0.18327,40272
23.7369,3.74531,22.82427,0.16283,40039
23.7469,3.74375,22.81295,0.15377,40209
23.7569,3.7422,22.79935,0.16631,40310
23.7669,3.74065,22.81089,0.17077,40218
23.7769,3.7391,22.79833,0.17261,40121
23.7869,3.73755,22.78638,0.17898,40408
23.7969,3.736,22.76127,0.15398,40259
23.8069,3.73445,22.76712,0.1747,40419
23.8169,3.73291,22.76021,0.16726,40335
23.8269,3.73136,22.75686,0.16537,40283
23.8369,3.72982,22.73743,0.16099,40177
23.8469,3.72828,22.73571,0.17126,40573
23.8569,3.72674,22.71614,0.15359,40343
23.8669,3.7252,22.70263,0.1627,40492
23.8769,3.72367,22.69345,0.16921,40574
23.8869,3.72213,22.68483,0.16726,40334
23.8969,3.72059,22.68767,0.16472,40512
23.9069,3.71906,22.67323,0.17061,40753
23.9169,3.71753,22.66212,0.17451,40570
23.9269,3.716,22.64243,0.15606,40646
23.9369,3.71447,22.62074,0.18207,40618
23.9469,3.71294,22.6312,0.1513,40480
23.9569,3.71141,22.6143,0.16343,40938
23.9669,3.70989,22.59201,0.16539,40494
23.9769,3.70836,22.58269,0.164,40572
23.9869,3.70684,22.56606,0.16365,40826
23.9969,3.70532,22.57716,0.16527,40725
24.0069,3.7038,22.54849,0.16149,40707
24.0169,3.70228,22.52637,0.16856,40923
24.0269,3.70076,22.50577,0.15925,40825
24.0369,3.69924,22.51245,0.15742,40730
24.0469,3.69773,22.48709,0.17767,41075
24.0569,3.69621,22.46412,0.16285,41062
24.0669,3.6947,22.45323,0.1696,40795
24.0769,3.69319,22.45625,0.15172,41075
24.0869,3.69168,22.42998,0.17397,40937
24.0969,3.69017,22.42036,0.15574,41034
24.1069,3.68866,22.40271,0.16683,41098
24.1169,3.68716,22.38573,0.17225,40932
24.1269,3.68565,22.36266,0.16619,40841
24.1369,3.68415,22.35135,0.15004,41181
24.1469,3.68264,22.34366,0.16033,41261
24.1569,3.68114,22.32421,0.15571,40941
24.1669,3.67964,22.31393,0.16499,41385
24.1769,3.67814,22.30132,0.1658,41147
24.1869,3.67664,22.28224,0.16849,41088
24.1969,3.67515,22.26952,0.15699,41386
24.2069,3.67365,22.26649,0.16925,41163
24.2169,3.67216,22.2585,0.16855,41134
24.2269,3.67067,22.2257,0.16185,41342
24.2369,3.66917,22.22551,0.15848,41427
24.2469,3.66768,22.21699,0.16093,41278
24.2569,3.66619,22.20899,0.15851,41509
24.2669,3.66471,22.18261,0.16297,41240
24.2769,3.66322,22.16712,0.15958,41413
24.2869,3.66173,22.14952,0.15747,41475
24.2969,3.66025,22.14223,0.15912,41404
24.3069,3.65877,22.14225,0.15727,41550
24.3168,3.65729,22.12147,0.16262,41444
24.3268,3.65581,22.10411,0.18017,41345
24.3368,3.65433,22.09102,0.15183,41719
24.3468,3.65285,22.07871,0.16629,41603
24.3568,3.65137,22.07765,0.15062,41676
24.3668,3.6499,22.05871,0.1595,41731
24.3768,3.64842,22.03519,0.16147,41617
24.3868,3.64695,22.03358,0.168,41454
24.3968,3.64548,22.01983,0.16037,41797
24.4068,3.64401,21.99116,0.16655,41712
24.4168,3.64254,21.99117,0.14785,41788
24.4268,3.64107,21.96972,0.17719,41620
24.4368,3.6396,21.95619,0.15787,41700
24.4468,3.63813,21.94965,0.14974,41769
24.4568,3.63667,21.92804,0.16134,41978
24.4668,3.63521,21.90621,0.1548,42035
24.4768,3.63374,21.90124,0.16066,41625
24.4868,3.63228,21.88719,0.15817,41881
24.4968,3.63082,21.87585,0.16326,42029
24.5068,3.62936,21.86933,0.15876,41798
24.5168,3.62791,21.83791,0.16466,42016
24.5268,3.62645,21.84125,0.16649,41938
24.5368,3.625,21.83618,0.16595,41829
24.5468,3.62354,21.8122,0.14995,42211
24.5568,3.62209,21.81831,0.15122,42049
24.5668,3.62064,21.82059,0.15048,41851
24.5768,3.61919,21.7747,0.16417,42074
24.5868,3.61774,21.77966,0.16321,42022
24.5968,3.61629,21.77625,0.15984,42015
24.6068,3.61484,21.75277,0.15676,42320
24.6168,3.6134,21.76429,0.16114,41848
24.6268,3.61195,21.72557,0.15971,42301
24.6368,3.61051,21.72858,0.15499,42083
24.6468,3.60907,21.73071,0.1686,42212
24.6568,3.60763,21.70846,0.14758,42250
24.6668,3.60619,21.70207,0.16282,42277
24.6768,3.60475,21.69972,0.16122,42008
24.6868,3.60331,21.68194,0.16026,42415
24.6968,3.60188,21.67244,0.15574,42388
24.7068,3.60044,21.67105,0.15295,42219
24.7168,3.59901,21.66888,0.15236,42298
24.7268,3.59757,21.66549,0.18144,42181
24.7368,3.59614,21.65349,0.16449,42045
24.7468,3.59471,21.64174,0.14915,42403
24.7568,3.59328,21.63081,0.14384,42275
24.7668,3.59186,21.62268,0.14858,42422
24.7768,3.59043,21.60283,0.15991,42418
24.7868,3.589,21.6198,0.16609,42296
24.7968,3.58758,21.61624,0.17351,42421
24.8068,3.58616,21.57727,0.15053,42469
24.8168,3.58473,21.5837,0.15783,42497
24.8268,3.58331,21.5566,0.16002,42404
24.8368,3.58189,21.57371,0.17553,42463
24.8468,3.58047,21.56627,0.15228,42366
24.8568,3.57906,21.5378,0.14298,42826
24.8668,3.57764,21.53571,0.16029,42467
24.8768,3.57622,21.53851,0.15844,42341
24.8868,3.57481,21.51657,0.15374,42343
24.8968,3.5734,21.50721,0.15499,42624
24.9067,3.57199,21.50923,0.15429,42307
24.9167,3.57058,21.48376,0.1474,42673
24.9267,3.56917,21.48038,0.17232,42664
24.9367,3.56776,21.46301,0.16465,42453
24.9467,3.56635,21.44372,0.16058,42578
24.9567,3.56494,21.45358,0.14228,42843
24.9667,3.56354,21.41655,0.15046,42721
24.9767,3.56214,21.41908,0.16962,42707
24.9867,3.56073,21.41462,0.15624,42475
24.9967,3.55933,21.38995,0.16173,42710
25.0067,3.55793,21.37068,0.15399,42850
25.0167,3.55653,21.37576,0.15415,42789
25.0267,3.55513,21.3616,0.15347,42634
25.0367,3.55374,21.35215,0.16716,42488
25.0467,3.55234,21.33336,0.14976,42668
25.0567,3.55095,21.30853,0.14784,42802
25.0667,3.54955,21.2866,0.14886,42829
25.0767,3.54816,21.30454,0.15453,42533
25.0867,3.54677,21.27559,0.15851,42901
25.0967,3.54538,21.27238,0.15617,42761
25.1067,3.54399,21.27011,0.15431,42815
25.1167,3.5426,21.22795,0.15423,43028
25.1267,3.54121,21.23795,0.17819,42862
25.1367,3.53983,21.20825,0.15651,42815
25.1467,3.53844,21.19584,0.16122,43112
25.1567,3.53706,21.20291,0.15069,42740
25.1667,3.53568,21.19311,0.13839,43096
25.1767,3.53429,21.17626,0.16248,42931
25.1867,3.53291,21.17889,0.15726,42792
25.1967,3.53153,21.15096,0.15669,42935
25.2067,3.53016,21.13658,0.15158,43062
25.2167,3.52878,21.12051,0.15384,42815
25.2267,3.5274,21.13013,0.15392,43050
25.2367,3.52603,21.11038,0.15761,42977
25.2467,3.52466,21.0918,0.15064,43253
25.2567,3.52328,21.07803,0.15196,43100
25.2667,3.52191,21.07127,0.15302,42981
25.2767,3.52054,21.07045,0.15834,43021
25.2867,3.51917,21.03656,0.15442,43229
25.2967,3.5178,21.05721,0.15021,43203
25.3067,3.51644,21.01938,0.1625,43102
25.3167,3.51507,21.0157,0.15349,43372
25.3267,3.5137,21.01529,0.15211,43025
25.3367,3.51234,21.01247,0.1551,43234
25.3467,3.51098,20.9899,0.16284,42956
25.3567,3.50962,20.98459,0.147,43212
25.3667,3.50826,20.97558,0.139,43135
25.3767,3.5069,20.96691,0.15382,43262
25.3867,3.50554,20.94584,0.14858,43259
25.3967,3.50418,20.95118,0.16396,43355
25.4067,3.50282,20.93283,0.15376,43155
25.4167,3.50147,20.92087,0.15878,43484
25.4267,3.50011,20.91525,0.16055,43297
25.4367,3.49876,20.91758,0.14558,43333
25.4467,3.49741,20.89106,0.16962,43250
25.4567,3.49606,20.89184,0.15645,43584
25.4667,3.49471,20.88622,0.14516,43466
25.4767,3.49336,20.88289,0.1435,43296
25.4866,3.49201,20.8637,0.15405,43551
25.4966,3.49066,20.86552,0.15136,43195
25.5066,3.48932,20.85088,0.1596,43194
25.5166,3.48797,20.85298,0.1447,43373
25.5266,3.48663,20.84479,0.14808,43516
25.5366,3.48529,20.82186,0.15951,43463
25.5466,3.48395,20.83165,0.15057,43607
25.5566,3.48261,20.79953,0.15413,43558
25.5666,3.48127,20.81449,0.15132,43383
25.5766,3.47993,20.80874,0.15387,43496
25.5866,3.47859,20.77929,0.14448,43677
25.5966,3.47726,20.78653,0.15825,43577
25.6066,3.47592,20.77155,0.16376,43692
25.6166,3.47459,20.75831,0.15941,43438
25.6266,3.47325,20.76734,0.14872,43540
25.6366,3.47192,20.75362,0.14571,43716
25.6466,3.47059,20.7337,0.15155,43708
25.6566,3.46926,20.73771,0.16289,43382
25.6666,3.46793,20.72633,0.1415,43739
25.6766,3.4666,20.71228,0.14269,43516
25.6866,3.46528,20.73084,0.14733,43593
25.6966,3.46395,20.67778,0.15209,43865
25.7066,3.46263,20.71291,0.15972,43683
25.7166,3.4613,20.68881,0.15277,43843
25.7266,3.45998,20.67105,0.16347,43794
25.7366,3.45866,20.66429,0.14151,43589
25.7466,3.45734,20.64762,0.161,43895
25.7566,3.45602,20.64545,0.15894,44034
25.7666,3.4547,20.64039,0.14523,43716
25.7766,3.45338,20.6351,0.14892,44166
25.7866,3.45207,20.61287,0.14595,43606
25.7966,3.45075,20.6091,0.15338,43846
25.8066,3.44944,20.61311,0.15656,43957
25.8166,3.44813,20.60115,0.15082,43534
25.8266,3.44681,20.58142,0.14318,44029
25.8366,3.4455,20.56989,0.14899,43985
25.8466,3.44419,20.56721,0.1496,43605
25.8566,3.44288,20.55665,0.15599,44105
25.8666,3.44157,20.53493,0.14836,44046
25.8766,3.44027,20.53919,0.14888,43844
25.8866,3.43896,20.52544,0.15036,44302
25.8966,3.43766,20.50789,0.15206,43968
25.9066,3.43635,20.5146,0.1542,43872
25.9166,3.43505,20.49077,0.15349,44179
25.9266,3.43375,20.48041,0.14589,44023
25.9366,3.43245,20.46937,0.16288,44199
25.9466,3.43115,20.47117,0.15624,44298
25.9566,3.42985,20.44502,0.14364,43910
25.9666,3.42855,20.43346,0.13964,44039
25.9766,3.42725,20.4214,0.14393,44083
25.9866,3.42596,20.4404,0.14568,43898
25.9966,3.42466,20.39294,0.14887,44332
26.0066,3.42337,20.39929,0.15299,44060
26.0166,3.42207,20.38912,0.15707,44237
26.0266,3.42078,20.35732,0.1508,44147
26.0366,3.41949,20.35854,0.14631,44374
26.0466,3.4182,20.35533,0.16286,44175
26.0566,3.41691,20.33023,0.14859,44420
26.0666,3.41562,20.33601,0.14799,44008
26.0765,3.41434,20.31169,0.14433,44485
26.0865,3.41305,20.30577,0.1515,44353
26.0965,3.41177,20.29372,0.15711,44228
26.1065,3.41048,20.2769,0.14566,44548
26.1165,3.4092,20.27018,0.14458,44197
26.1265,3.40792,20.28242,0.14984,43880
26.1365,3.40664,20.24781,0.14321,44655
26.1465,3.40536,20.23654,0.14958,44369
26.1565,3.40408,20.23872,0.15835,44152
26.1665,3.4028,20.23444,0.14772,44644
26.1765,3.40152,20.20813,0.13347,44182
26.1865,3.40025,20.19492,0.14674,44636
26.1965,3.39897,20.1923,0.15586,44657
26.2065,3.3977,20.18002,0.1581,44242
26.2165,3.39642,20.16672,0.154,44583
26.2265,3.39515,20.16118,0.1467,44627
26.2365,3.39388,20.1482,0.147,44238
26.2465,3.39261,20.13297,0.16621,44875
26.2565,3.39134,20.12286,0.14632,44461
26.2665,3.39007,20.1058,0.14337,44685
26.2765,3.38881,20.11541,0.14375,44471
26.2865,3.38754,20.09743,0.13799,44461
26.2965,3.38627,20.07891,0.14172,44649
26.3065,3.38501,20.07509,0.14435,44635
26.3165,3.38375,20.05875,0.15543,44588
26.3265,3.38248,20.06063,0.1481,44671
26.3365,3.38122,20.02106,0.14997,44714
26.3465,3.37996,20.03992,0.15194,44590
26.3565,3.3787,20.00635,0.16039,44781
26.3665,3.37744,19.98514,0.14068,44938
26.3765,3.37619,19.98477,0.14136,44553
26.3865,3.37493,19.96381,0.158,45074
26.3965,3.37368,19.97471,0.13641,44686
26.4065,3.37242,19.94919,0.15787,44611
26.4165,3.37117,19.9342,0.15288,45034
26.4265,3.36991,19.93603,0.14896,44852
26.4365,3.36866,19.90664,0.14123,44727
26.4465,3.36741,19.90692,0.13709,44673
26.4565,3.36616,19.89473,0.15204,44825
26.4665,3.36491,19.85466,0.14655,44804
26.4765,3.36366,19.8795,0.14176,45043
26.4865,3.36242,19.85969,0.1495,44737
26.4965,3.36117,19.83485,0.14019,45027
26.5065,3.35993,19.84435,0.1457,44842
26.5165,3.35868,19.81518,0.1459,44956
26.5265,3.35744,19.81139,0.16408,45092
26.5365,3.3562,19.79562,0.15207,44922
26.5465,3.35495,19.79721,0.14365,45147
26.5565,3.35371,19.77948,0.14699,45036
26.5665,3.35247,19.77487,0.15313,45210
26.5765,3.35124,19.7628,0.13506,45032
26.5865,3.35,19.76774,0.1479,44761
26.5965,3.34876,19.74629,0.14304,44876
26.6065,3.34753,19.74127,0.1305,45155
26.6165,3.34629,19.74235,0.15086,45148
26.6265,3.34506,19.73354,0.15769,44996
26.6365,3.34382,19.72218,0.14559,45204
26.6465,3.34259,19.71858,0.14584,45135
26.6564,3.34136,19.70994,0.1445,44991
26.6664,3.34013,19.71266,0.14216,45328
26.6764,3.3389,19.70204,0.15041,45386
26.6864,3.33767,19.70067,0.1478,45072
26.6964,3.33645,19.68322,0.14491,45323
26.7064,3.33522,19.68313,0.14867,45186
26.7164,3.33399,19.677,0.14442,45510
26.7264,3.33277,19.66505,0.14757,45354
26.7364,3.33155,19.65083,0.151,45087
26.7464,3.33032,19.66282,0.14445,45309
26.7564,3.3291,19.65603,0.14404,45131
26.7664,3.32788,19.65418,0.13294,45269
26.7764,3.32666,19.64402,0.15083,45344
26.7864,3.32544,19.63161,0.13907,45559
26.7964,3.32422,19.61351,0.1397,45231
26.8064,3.32301,19.62076,0.14633,45347
26.8164,3.32179,19.59873,0.14665,45483
26.8264,3.32058,19.61451,0.15748,45419
26.8364,3.31936,19.60656,0.14565,45466
26.8464,3.31815,19.57897,0.14226,45543
26.8564,3.31693,19.58594,0.15625,45427
26.8664,3.31572,19.57048,0.14645,45567
26.8764,3.31451,19.55792,0.14261,45543
26.8864,3.3133,19.56188,0.14046,45400
26.8964,3.31209,19.5519,0.14111,45663
26.9064,3.31089,19.5403,0.14918,45370
26.9164,3.30968,19.53575,0.13142,45351
26.9264,3.30847,19.53587,0.14368,45736
26.9364,3.30727,19.50707,0.14671,45487
26.9464,3.30606,19.51909,0.1418,45645
26.9564,3.30486,19.501,0.15012,45519
26.9664,3.30366,19.50821,0.15518,45545
26.9764,3.30245,19.48408,0.13852,45924
26.9864,3.30125,19.46922,0.14054,45675
26.9964,3.30005,19.46026,0.13874,45646
27.0064,3.29885,19.44987,0.14973,45831
27.0164,3.29766,19.43979,0.14678,45694
27.0264,3.29646,19.43928,0.15334,45672
27.0364,3.29526,19.41657,0.14727,46027
27.0464,3.29407,19.40992,0.13818,45653
27.0564,3.29287,19.39092,0.14587,45675
27.0664,3.29168,19.37724,0.13551,45840
27.0764,3.29049,19.38386,0.14458,45400
27.0864,3.28929,19.35012,0.13227,45998
27.0964,3.2881,19.33337,0.13621,45774
27.1064,3.28691,19.33633,0.15023,45761
27.1164,3.28572,19.31303,0.14426,46050
27.1264,3.28454,19.30836,0.15038,45901
27.1364,3.28335,19.2935,0.14191,45813
27.1464,3.28216,19.2827,0.14305,46250
27.1564,3.28098,19.28116,0.14576,45534
27.1664,3.27979,19.2519,0.15607,46152
27.1764,3.27861,19.24597,0.14381,46050
27.1864,3.27742,19.24191,0.13931,45882
27.1964,3.27624,19.22937,0.13286,46384
27.2064,3.27506,19.22004,0.14379,45832
27.2164,3.27388,19.215,0.14411,46049
27.2264,3.2727,19.20791,0.14156,45940
27.2364,3.27152,19.20597,0.14173,45786
27.2463,3.27034,19.18819,0.14569,46111
27.2563,3.26917,19.18201,0.13795,46305
27.2663,3.26799,19.17467,0.13307,45847
27.2763,3.26682,19.17045,0.15387,46296
27.2863,3.26564,19.15951,0.14276,46064
27.2963,3.26447,19.15553,0.13489,46055
27.3063,3.2633,19.15416,0.14457,46439
27.3163,3.26212,19.11964,0.15372,46266
27.3263,3.26095,19.13068,0.13909,46133
27.3363,3.25978,19.11013,0.14752,46452
27.3463,3.25861,19.12922,0.13976,45902
27.3563,3.25745,19.1017,0.14728,46557
27.3663,3.25628,19.08349,0.14008,46198
27.3763,3.25511,19.09305,0.15715,46064
27.3863,3.25395,19.08388,0.12375,46338
27.3963,3.25278,19.07001,0.13577,46165
27.4063,3.25162,19.0457,0.13914,46238
27.4163,3.25045,19.04492,0.13491,46735
27.4263,3.24929,19.04445,0.15306,46058
27.4363,3.24813,19.02554,0.14243,46421
27.4463,3.24697,19.02291,0.14001,46535
27.4563,3.24581,18.9835,0.156,46168
27.4663,3.24465,19.00529,0.13214,46729
27.4763,3.24349,18.9714,0.14417,46575
27.4863,3.24234,18.97677,0.14321,46208
27.4963,3.24118,18.96576,0.14657,46695
27.5063,3.24002,18.97038,0.13837,46370
27.5163,3.23887,18.93256,0.14748,46563
27.5263,3.23772,18.94677,0.1402,46645
27.5363,3.23656,18.91833,0.13701,46374
27.5463,3.23541,18.90674,0.13388,46354
27.5563,3.23426,18.92184,0.13412,46759
27.5663,3.23311,18.89248,0.14143,46137
27.5763,3.23196,18.90778,0.14989,46835
27.5863,3.23081,18.88034,0.13446,46581
27.5963,3.22966,18.88865,0.13516,46618
27.6063,3.22852,18.87579,0.14157,46860
27.6163,3.22737,18.86027,0.14551,46530
27.6263,3.22622,18.84609,0.13888,46780
27.6363,3.22508,18.85505,0.14253,46711
27.6463,3.22394,18.84735,0.14616,46603
27.6563,3.22279,18.83392,0.14288,46723
27.6663,3.22165,18.83759,0.14626,46906
27.6763,3.22051,18.81162,0.13692,46518
27.6863,3.21937,18.82571,0.12861,46985
27.6963,3.21823,18.79406,0.14102,46661
27.7063,3.21709,18.78996,0.13038,46778
27.7163,3.21595,18.79694,0.14007,46774
27.7263,3.21482,18.79069,0.14483,46692
27.7363,3.21368,18.77836,0.1358,46911
27.7463,3.21255,18.76628,0.14386,46710
27.7563,3.21141,18.77047,0.13653,47045
27.7663,3.21028,18.7456,0.14616,46862
27.7763,3.20914,18.74519,0.14151,46910
27.7863,3.20801,18.74182,0.13626,46866
27.7963,3.20688,18.72546,0.1414,47192
27.8063,3.20575,18.71937,0.14232,46934
27.8163,3.20462,18.70751,0.1301,47012
27.8262,3.20349,18.70469,0.15618,46958
27.8362,3.20236,18.66924,0.13943,47054
27.8462,3.20124,18.69728,0.14067,47023
27.8562,3.20011,18.67435,0.13104,46944
27.8662,3.19899,18.6679,0.14149,46875
27.8762,3.19786,18.65484,0.13781,47243
27.8862,3.19674,18.65204,0.12716,47039
27.8962,3.19561,18.63233,0.13308,47035
27.9062,3.19449,18.63517,0.1417,47228
27.9162,3.19337,18.61999,0.14788,47156
27.9262,3.19225,18.59533,0.13723,47042
27.9362,3.19113,18.60373,0.14338,47033
27.9462,3.19001,18.59124,0.14271,47238
27.9562,3.18889,18.57576,0.1391,47428
27.9662,3.18778,18.56959,0.13901,47275
27.9762,3.18666,18.56685,0.1465,47242
27.9862,3.18554,18.54311,0.13704,47472
27.9962,3.18443,18.54176,0.1408,47094
28.0062,3.18331,18.52699,0.13535,47260
28.0162,3.1822,18.51588,0.12374,47282
28.0262,3.18109,18.50288,0.1353,47226
28.0362,3.17998,18.50538,0.14511,47225
28.0462,3.17887,18.49157,0.13101,47275
28.0562,3.17776,18.48407,0.14522,47399
28.0662,3.17665,18.48293,0.13808,47511
28.0762,3.17554,18.45844,0.13352,47355
28.0862,3.17443,18.44594,0.14356,47458
28.0962,3.17332,18.46065,0.13622,47282
28.1062,3.17222,18.44173,0.12627,47648
28.1162,3.17111,18.41812,0.15408,47466
28.1262,3.17001,18.42004,0.14551,47387
28.1362,3.1689,18.39719,0.13357,47647
28.1462,3.1678,18.40534,0.1565,47524
28.1562,3.1667,18.39716,0.13108,47414
28.1662,3.1656,18.38117,0.13574,47425
28.1762,3.1645,18.39109,0.13024,47600
28.1862,3.1634,18.36116,0.12689,47723
28.1962,3.1623,18.36448,0.14129,47468
28.2062,3.1612,18.34138,0.13796,47462
28.2162,3.1601,18.35167,0.13578,47736
28.2262,3.15901,18.33703,0.12577,47538
28.2362,3.15791,18.33288,0.14568,47697
28.2462,3.15681,18.31227,0.14908,47578
28.2562,3.15572,18.32695,0.13527,47763
28.2662,3.15463,18.29246,0.13168,47839
28.2762,3.15353,18.29939,0.14702,47604
28.2862,3.15244,18.29877,0.13248,47710
28.2962,3.15135,18.27107,0.1481,47790
28.3062,3.15026,18.2866,0.13182,47979
28.3162,3.14917,18.26211,0.13364,47577
28.3262,3.14808,18.26221,0.13664,47958
28.3362,3.14699,18.24124,0.13525,47531
28.3462,3.14591,18.2429,0.13564,47947
28.3562,3.14482,18.22878,0.1422,47492
28.3662,3.14373,18.22866,0.12026,47943
28.3762,3.14265,18.21886,0.1434,48003
28.3862,3.14157,18.20736,0.13525,47802
28.3962,3.14048,18.20796,0.13393,47979
28.4062,3.1394,18.19528,0.14103,47869
28.4161,3.13832,18.19562,0.14308,47954
28.4261,3.13724,18.17566,0.12855,47998
28.4361,3.13616,18.15101,0.13485,48003
28.4461,3.13508,18.15504,0.14382,48095
28.4561,3.134,18.13615,0.14257,47980
28.4661,3.13292,18.14048,0.1351,48065
28.4761,3.13184,18.12936,0.14154,47972
28.4861,3.13077,18.11564,0.13084,48148
28.4961,3.12969,18.10638,0.12879,47916
28.5061,3.12861,18.0972,0.13271,48114
28.5161,3.12754,18.09442,0.13116,47826
28.5261,3.12647,18.06203,0.1313,48081
28.5361,3.12539,18.06809,0.13887,48350
28.5461,3.12432,18.04328,0.14399,48018
28.5561,3.12325,18.0488,0.13799,48333
28.5661,3.12218,18.02699,0.1328,48269
28.5761,3.12111,18.01428,0.12509,47983
28.5861,3.12004,17.99931,0.14482,48512
28.5961,3.11897,17.99465,0.13863,48305
28.6061,3.11791,17.98675,0.13787,48092
28.6161,3.11684,17.96866,0.13783,48416
28.6261,3.11577,17.95714,0.1413,48224
28.6361,3.11471,17.9452,0.13569,48320
28.6461,3.11364,17.94779,0.12182,48523
28.6561,3.11258,17.91651,0.1337,47980
28.6661,3.11152,17.92537,0.13488,48475
28.6761,3.11046,17.91067,0.13316,48326
28.6861,3.10939,17.89882,0.12595,48276
28.6961,3.10833,17.8915,0.14128,48331
28.7061,3.10727,17.87991,0.13158,48263
28.7161,3.10621,17.87324,0.1296,48647
28.7261,3.10516,17.86825,0.13798,48420
28.7361,3.1041,17.86388,0.13423,48497
28.7461,3.10304,17.83617,0.15171,48635
28.7561,3.10199,17.84039,0.13835,48434
28.7661,3.10093,17.83371,0.12575,48509
28.7761,3.09988,17.82535,0.13469,48738
28.7861,3.09882,17.80843,0.13342,48463
28.7961,3.09777,17.80507,0.14197,48638
28.8061,3.09672,17.79873,0.12681,48601
28.8161,3.09566,17.7961,0.12926,48440
28.8261,3.09461,17.76827,0.13232,48462
28.8361,3.09356,17.77476,0.13,48611
28.8461,3.09251,17.76088,0.13336,48333
28.8561,3.09146,17.77565,0.1353,48917
28.8661,3.09042,17.73923,0.12983,48547
28.8761,3.08937,17.73918,0.1327,48899
28.8861,3.08832,17.74268,0.14339,48782
28.8961,3.08728,17.73315,0.13056,48580
28.9061,3.08623,17.71326,0.14016,49165
28.9161,3.08519,17.727,0.12501,48663
28.9261,3.08414,17.71387,0.13653,48790
28.9361,3.0831,17.70911,0.13451,49030
28.9461,3.08206,17.68809,0.14497,48515
28.9561,3.08102,17.68993,0.14305,48896
28.9661,3.07998,17.67683,0.11957,48891
28.9761,3.07894,17.68815,0.12758,48660
28.9861,3.0779,17.67341,0.1293,48918
28.9961,3.07686,17.66565,0.12805,48812
29.006,3.07582,17.6735,0.12987,48677
29.016,3.07478,17.65219,0.14323,49151
29.026,3.07375,17.64877,0.12484,48794
29.036,3.07271,17.64935,0.13526,49099
29.046,3.07168,17.64565,0.14553,49063
29.056,3.07064,17.63628,0.1356,48969
29.066,3.06961,17.63423,0.12073,49174
29.076,3.06858,17.61993,0.13782,48990
29.086,3.06754,17.62876,0.13975,49022
29.096,3.06651,17.60235,0.13792,49353
29.106,3.06548,17.60058,0.13546,48925
29.116,3.06445,17.59057,0.12789,49051
29.126,3.06342,17.58033,0.12621,49179
29.136,3.06239,17.577,0.12392,48899
29.146,3.06137,17.58305,0.1305,49339
29.156,3.06034,17.56175,0.14332,48986
29.166,3.05931,17.56228,0.12437,49075
29.176,3.05829,17.55545,0.13259,49382
29.186,3.05726,17.53756,0.13576,48955
29.196,3.05624,17.53623,0.12433,49299
29.206,3.05521,17.5329,0.13837,49191
29.216,3.05419,17.53159,0.13519,49377
29.226,3.05317,17.50155,0.13046,49402
29.236,3.05215,17.51536,0.13408,49250
29.246,3.05113,17.49577,0.14212,49383
29.256,3.05011,17.49338,0.13822,49371
29.266,3.04909,17.47278,0.13081,49324
29.276,3.04807,17.47988,0.12257,49471
29.286,3.04705,17.47299,0.13651,49254
29.296,3.04603,17.44349,0.12275,49277
29.306,3.04502,17.44583,0.13444,49462
29.316,3.044,17.45677,0.12487,49376
29.326,3.04299,17.44099,0.12768,49472
29.336,3.04197,17.42413,0.13024,49443
29.346,3.04096,17.42248,0.13689,49285
29.356,3.03995,17.40886,0.1367,49579
29.366,3.03893,17.40084,0.12889,49495
29.376,3.03792,17.3943,0.13007,49647
29.386,3.03691,17.37405,0.13703,49685
29.396,3.0359,17.37643,0.13309,49477
29.406,3.03489,17.37985,0.12723,49661
29.416,3.03388,17.36492,0.13479,49683
29.426,3.03288,17.34427,0.13078,49612
29.436,3.03187,17.33498,0.1375,49643
29.446,3.03086,17.33939,0.13357,49592
29.456,3.02985,17.31673,0.12347,49544
29.466,3.02885,17.33797,0.12091,49700
29.476,3.02784,17.31351,0.12581,49575
29.486,3.02684,17.29659,0.13777,49592
29.496,3.02584,17.301,0.12953,49956
29.506,3.02484,17.29511,0.1338,49699
29.516,3.02383,17.27875,0.13138,49802
29.526,3.02283,17.28999,0.12771,49890
29.536,3.02183,17.28015,0.12961,49627
29.546,3.02083,17.25479,0.13677,50017
29.556,3.01983,17.26775,0.13517,49859
29.566,3.01883,17.25479,0.12596,49912
29.576,3.01784,17.25624,0.12816,49969
29.5859,3.01684,17.25012,0.14089,49912
29.5959,3.01584,17.23761,0.13455,49717
29.6059,3.01485,17.23583,0.12681,50069
29.6159,3.01385,17.24043,0.116,49922
29.6259,3.01286,17.2398,0.13269,49795
29.6359,3.01186,17.22273,0.12177,49936
29.6459,3.01087,17.22621,0.13961,49888
29.6559,3.00988,17.21731,0.13827,49943
29.6659,3.00889,17.20688,0.12108,50229
29.6759,3.0079,17.20493,0.12753,49988
29.6859,3.00691,17.21131,0.12839,50172
29.6959,3.00592,17.19166,0.12657,50088
29.7059,3.00493,17.18726,0.13652,49884
29.7159,3.00394,17.18322,0.14018,50351
29.7259,3.00295,17.17282,0.12291,50178
29.7359,3.00196,17.17914,0.14177,50149
29.7459,3.00098,17.15044,0.12979,50298
29.7559,2.99999,17.14668,0.14027,49896
29.7659,2.99901,17.13879,0.11852,50345
29.7759,2.99802,17.12657,0.12177,50222
29.7859,2.99704,17.11256,0.12781,50024
29.7959,2.99606,17.13214,0.1273,50337
29.8059,2.99507,17.09865,0.1323,50162
29.8159,2.99409,17.09343,0.12427,50296
29.8259,2.99311,17.09122,0.12987,50214
29.8359,2.99213,17.06867,0.13301,50321
29.8459,2.99115,17.05782,0.126,50422
29.8559,2.99017,17.05146,0.14003,50274
29.8659,2.98919,17.04402,0.12378,50462
29.8759,2.98822,17.02794,0.13056,50468
29.8859,2.98724,17.01165,0.13233,50403
29.8959,2.98626,17.02499,0.1276,50532
29.9059,2.98529,16.9986,0.13731,50401
29.9159,2.98431,16.97741,0.13349,50169
29.9259,2.98334,16.96826,0.12023,50677
29.9359,2.98237,16.97474,0.12407,50435
29.9459,2.98139,16.94755,0.13306,50457
29.9559,2.98042,16.94416,0.11919,50508
29.9659,2.97945,16.93908,0.12761,50465
29.9759,2.97848,16.91902,0.12629,50652
29.9859,2.97751,16.91607,0.12754,50368
29.9959,2.97654,16.89489,0.1312,50670
30.0059,2.97557,16.8821,0.1285,50723
30.0159,2.9746,16.89009,0.12728,50573
30.0259,2.97363,16.85896,0.12575,50673
30.0359,2.97266,16.85864,0.13265,50816
30.0459,2.9717,16.85043,0.128,50672
30.0559,2.97073,16.82898,0.13701,50781
30.0659,2.96977,16.81866,0.1331,50613
30.0759,2.9688,16.81025,0.12672,50682
30.0859,2.96784,16.80813,0.12248,50881
30.0959,2.96688,16.78873,0.12752,50610
30.1059,2.96591,16.78458,0.11811,50824
30.1159,2.96495,16.77742,0.12255,50777
30.1259,2.96399,16.76255,0.1294,50505
30.1359,2.96303,16.76291,0.12788,51007
30.1459,2.96207,16.73669,0.13245,50610
30.1559,2.96111,16.75187,0.1302,50955
30.1659,2.96015,16.72989,0.11446,51086
30.1758,2.95919,16.72602,0.13467,50815
30.1858,2.95824,16.72827,0.13222,50962
30.1958,2.95728,16.71527,0.12567,51014
30.2058,2.95632,16.70936,0.13816,50973
30.2158,2.95537,16.70379,0.12645,51104
30.2258,2.95441,16.7076,0.1245,51014
30.2358,2.95346,16.70179,0.12894,50805
30.2458,2.95251,16.68617,0.12992,51040
30.2558,2.95155,16.69528,0.12971,50881
30.2658,2.9506,16.68208,0.11236,51277
30.2758,2.94965,16.69386,0.12487,50936
30.2858,2.9487,16.67389,0.12742,51104
30.2958,2.94775,16.67456,0.12509,51150
30.3058,2.9468,16.67069,0.12696,50865
30.3158,2.94585,16.66892,0.12638,51375
30.3258,2.9449,16.66401,0.12434,51157
30.3358,2.94395,16.64269,0.12711,51158
30.3458,2.943,16.66936,0.14246,51288
30.3558,2.94206,16.64917,0.12183,51143
30.3658,2.94111,16.64465,0.12631,51365
30.3758,2.94017,16.64371,0.12753,51277
30.3858,2.93922,16.62884,0.13145,51230
30.3958,2.93828,16.63209,0.11924,51345
30.4058,2.93733,16.6148,0.13839,51319
30.4158,2.93639,16.61105,0.12754,51229
30.4258,2.93545,16.60296,0.11283,51513
30.4358,2.93451,16.6134,0.12342,51036
30.4458,2.93357,16.59648,0.1285,51309
30.4558,2.93263,16.59204,0.12071,51578
30.4658,2.93169,16.59037,0.12467,51138
30.4758,2.93075,16.56224,0.12714,51533
30.4858,2.92981,16.56534,0.13405,51442
30.4958,2.92887,16.55831,0.12649,51511
30.5058,2.92794,16.55779,0.12396,51600
30.5158,2.927,16.54078,0.12605,51347
30.5258,2.92606,16.52711,0.13044,51706
30.5358,2.92513,16.53592,0.12187,51672
30.5458,2.92419,16.52546,0.12937,51413
30.5558,2.92326,16.50912,0.14316,51592
30.5658,2.92233,16.49991,0.12013,51297
30.5758,2.92139,16.50643,0.11946,51661
30.5858,2.92046,16.48384,0.11513,51898
30.5958,2.91953,16.48319,0.12541,51310
30.6058,2.9186,16.47689,0.12119,51815
30.6158,2.91767,16.46428,0.13336,51437
30.6258,2.91674,16.4576,0.12361,51562
30.6358,2.91581,16.45519,0.12083,51928
30.6458,2.91488,16.44782,0.12862,51428
30.6558,2.91395,16.44458,0.12809,52140
30.6658,2.91302,16.42847,0.12205,51701
30.6758,2.9121,16.43883,0.12996,51850
30.6858,2.91117,16.42129,0.12787,51938
30.6958,2.91025,16.41483,0.12953,51629
30.7058,2.90932,16.42407,0.13189,52045
30.7158,2.9084,16.40855,0.12553,51815
30.7258,2.90747,16.4129,0.12195,51699
30.7358,2.90655,16.39424,0.12379,51915
30.7458,2.90563,16.4069,0.11679,51936
30.7557,2.90471,16.38842,0.12606,51927
30.7657,2.90379,16.39853,0.12107,51876
30.7757,2.90286,16.38376,0.12137,51737
30.7857,2.90194,16.38697,0.12295,52082
30.7957,2.90103,16.36844,0.12519,52152
30.8057,2.90011,16.37837,0.12472,51678
30.8157,2.89919,16.35885,0.1231,52356
30.8257,2.89827,16.36533,0.13245,51790
30.8357,2.89735,16.37097,0.12628,52254
30.8457,2.89644,16.35459,0.12445,52125
30.8557,2.89552,16.34581,0.1278,51911
30.8657,2.89461,16.36773,0.11894,52441
30.8757,2.89369,16.34296,0.13129,51981
30.8857,2.89278,16.35861,0.12636,52096
30.8957,2.89186,16.35146,0.1208,52367
30.9057,2.89095,16.3516,0.12601,51939
30.9157,2.89004,16.352,0.12755,52434
30.9257,2.88913,16.35353,0.11175,52065
30.9357,2.88822,16.36355,0.11891,52042
30.9457,2.88731,16.35282,0.13851,52322
30.9557,2.8864,16.34999,0.1187,52253
30.9657,2.88549,16.36793,0.12471,52283
30.9757,2.88458,16.36862,0.12565,52538
30.9857,2.88367,16.37491,0.12522,52021
30.9957,2.88276,16.37748,0.12186,52583
31.0057,2.88186,16.39589,0.13146,52415
31.0157,2.88095,16.3833,0.12428,52328
31.0257,2.88005,16.40421,0.12364,52622
31.0357,2.87914,16.39322,0.13572,52237
31.0457,2.87824,16.41121,0.13195,52395
31.0557,2.87733,16.40757,0.11746,52515
31.0657,2.87643,16.41487,0.11917,52403
31.0757,2.87553,16.41713,0.11431,52745
31.0857,2.87462,16.43243,0.1262,52440
31.0957,2.87372,16.43435,0.1223,52460
31.1057,2.87282,16.44801,0.1246,52451
31.1157,2.87192,16.45587,0.1318,52443
31.1257,2.87102,16.45038,0.12723,52708
31.1357,2.87012,16.45628,0.11581,52498
31.1457,2.86922,16.46321,0.12481,52794
31.1557,2.86833,16.4799,0.13189,52581
31.1657,2.86743,16.48695,0.12063,52660
31.1757,2.86653,16.48817,0.12838,52672
31.1857,2.86564,16.47454,0.12549,52642
31.1957,2.86474,16.4914,0.12555,52830
31.2057,2.86384,16.49196,0.12763,52736
31.2157,2.86295,16.51656,0.13362,52705
31.2257,2.86206,16.50662,0.11662,52737
31.2357,2.86116,16.50942,0.11731,52856
31.2457,2.86027,16.52698,0.11992,52717
31.2557,2.85938,16.51506,0.1335,52779
31.2657,2.85849,16.5396,0.1239,52869
31.2757,2.8576,16.5207,0.11635,52737
31.2857,2.8567,16.54016,0.11976,52972
31.2957,2.85582,16.52289,0.13269,53067
31.3057,2.85493,16.53196,0.12786,52868
31.3157,2.85404,16.54257,0.12481,52978
31.3257,2.85315,16.52841,0.12418,52820
31.3357,2.85226,16.5524,0.13165,53125
31.3456,2.85137,16.51612,0.1172,52964
31.3556,2.85049,16.55801,0.13136,53019
31.3656,2.8496,16.52935,0.12236,52892
31.3756,2.84872,16.53167,0.12987,52979
31.3856,2.84783,16.53813,0.11688,53105
31.3956,2.84695,16.523,0.12682,53164
31.4056,2.84606,16.53158,0.11391,52946
31.4156,2.84518,16.51986,0.12619,53148
31.4256,2.8443,16.53521,0.12091,53117
31.4356,2.84342,16.51049,0.11934,53193
31.4456,2.84254,16.51343,0.1251,53141
31.4556,2.84166,16.50628,0.12968,53076
31.4656,2.84078,16.48933,0.12599,53331
31.4756,2.8399,16.50498,0.12519,53337
31.4856,2.83902,16.47187,0.11449,53090
31.4956,2.83814,16.47655,0.12863,53378
31.5056,2.83726,16.45467,0.13578,53309
31.5156,2.83638,16.44246,0.12882,53285
31.5256,2.83551,16.44318,0.12161,53294
31.5356,2.83463,16.42553,0.1239,53113
31.5456,2.83375,16.42261,0.12631,53364
31.5556,2.83288,16.40303,0.11504,53319
31.5656,2.832,16.39256,0.11769,53436
31.5756,2.83113,16.3757,0.11592,53424
31.5856,2.83026,16.36315,0.12753,53271
31.5956,2.82938,16.35799,0.12101,53577
31.6056,2.82851,16.33244,0.13066,53496
31.6156,2.82764,16.33178,0.12098,53435
31.6256,2.82677,16.31874,0.11994,53515
31.6356,2.8259,16.28868,0.12354,53592
31.6456,2.82503,16.28721,0.12678,53593
31.6556,2.82416,16.2652,0.12538,53590
31.6656,2.82329,16.24184,0.12196,53514
31.6756,2.82242,16.23149,0.13268,53655
31.6856,2.82155,16.20888,0.11835,53651
31.6956,2.82069,16.21196,0.12088,53476
31.7056,2.81982,16.18593,0.12065,53509
31.7156,2.81895,16.16449,0.12835,53515
31.7256,2.81809,16.15647,0.11586,53642
31.7356,2.81722,16.14981,0.11197,54009
31.7456,2.81636,16.11522,0.13102,53591
31.7556,2.8155,16.12523,0.11788,53801
31.7656,2.81463,16.08748,0.12069,53793
31.7756,2.81377,16.09307,0.11925,53550
31.7856,2.81291,16.06262,0.11798,53928
31.7956,2.81204,16.05488,0.13221,53719
31.8056,2.81118,16.04238,0.12392,53698
31.8156,2.81032,16.0301,0.13727,54060
31.8256,2.80946,15.99693,0.11303,53763
31.8356,2.8086,16.00729,0.11819,54010
31.8456,2.80774,15.98052,0.13536,53754
31.8556,2.80689,15.97501,0.11633,53845
31.8656,2.80603,15.94965,0.11973,53981
31.8756,2.80517,15.94981,0.12194,54011
31.8856,2.80431,15.93402,0.12026,54022
31.8956,2.80346,15.92691,0.11376,54038
31.9056,2.8026,15.90416,0.11468,54109
31.9156,2.80175,15.88728,0.12605,53876
31.9255,2.80089,15.8695,0.12453,54005
31.9355,2.80004,15.8721,0.11161,54077
31.9455,2.79918,15.85186,0.12686,54059
31.9555,2.79833,15.84221,0.1213,54031
31.9655,2.79748,15.81535,0.12302,54230
31.9755,2.79663,15.81053,0.11496,54207
31.9855,2.79578,15.78793,0.12497,54124
31.9955,2.79493,15.78619,0.11754,54438
32.0055,2.79407,15.75995,0.13357,53955
32.0155,2.79322,15.76328,0.13181,54148
32.0255,2.79238,15.72826,0.11895,54226
32.0355,2.79153,15.7323,0.11162,54164
32.0455,2.79068,15.70322,0.11751,54494
32.0555,2.78983,15.69348,0.1161,54263
32.0655,2.78898,15.69393,0.11637,54477
32.0755,2.78814,15.66424,0.11693,54313
32.0855,2.78729,15.67079,0.11833,54116
32.0955,2.78645,15.65082,0.12346,54446
32.1055,2.7856,15.63456,0.12455,54124
32.1155,2.78476,15.63157,0.11748,54769
32.1255,2.78391,15.62039,0.11764,54321
32.1355,2.78307,15.6076,0.12066,54416
32.1455,2.78223,15.59261,0.12158,54533
32.1555,2.78138,15.58788,0.11905,54406
32.1655,2.78054,15.58403,0.13338,54532
32.1755,2.7797,15.57426,0.11818,54592
32.1855,2.77886,15.56483,0.11533,54451
32.1955,2.77802,15.54105,0.11167,54599
32.2055,2.77718,15.53885,0.12585,54701
32.2155,2.77634,15.51345,0.11849,54341
32.2255,2.7755,15.54663,0.11312,54801
32.2355,2.77467,15.51114,0.11451,54611
32.2455,2.77383,15.50007,0.11895,54418
32.2555,2.77299,15.50077,0.1128,54911
32.2655,2.77215,15.48233,0.12704,54350
32.2755,2.77132,15.48727,0.10935,55196
32.2855,2.77048,15.46784,0.12165,54474
32.2955,2.76965,15.46654,0.12751,54631
32.3055,2.76881,15.45639,0.12339,54929
32.3155,2.76798,15.43339,0.12333,54601
32.3255,2.76715,15.44476,0.11333,55141
32.3355,2.76631,15.41936,0.11712,54681
32.3455,2.76548,15.419,0.12485,54826
32.3555,2.76465,15.40297,0.11594,55012
32.3655,2.76382,15.41726,0.11632,54700
32.3755,2.76299,15.38715,0.11709,55094
32.3855,2.76216,15.38952,0.11591,55018
32.3955,2.76133,15.3778,0.11347,54698
32.4055,2.7605,15.37778,0.11587,54914
32.4155,2.75967,15.36213,0.11902,54707
32.4255,2.75884,15.36158,0.12051,54973
32.4355,2.75801,15.35262,0.11822,55246
32.4455,2.75719,15.34224,0.11944,54845
32.4555,2.75636,15.32064,0.11714,55350
32.4655,2.75553,15.33121,0.11821,54988
32.4755,2.75471,15.31454,0.11504,55096
32.4855,2.75388,15.31378,0.12577,55322
32.4955,2.75306,15.28485,0.12072,54966
32.5055,2.75224,15.28035,0.11878,55282
32.5154,2.75141,15.28901,0.12039,55066
32.5254,2.75059,15.27625,0.11333,55247
32.5354,2.74977,15.26047,0.11414,55236
32.5454,2.74895,15.25636,0.11174,55009
32.5554,2.74812,15.23906,0.1158,55440
32.5654,2.7473,15.23354,0.11601,55247
32.5754,2.74648,15.21928,0.11895,55120
32.5854,2.74566,15.2081,0.11911,55285
32.5954,2.74484,15.21455,0.11767,54921
32.6054,2.74402,15.19874,0.10978,55881
32.6154,2.74321,15.18065,0.12409,55234
32.6254,2.74239,15.18724,0.11586,55345
32.6354,2.74157,15.18586,0.12441,55402
32.6454,2.74075,15.15321,0.11543,55111
32.6554,2.73994,15.15911,0.11922,55786
32.6654,2.73912,15.13895,0.11758,55337
32.6754,2.73831,15.13449,0.11775,55371
32.6854,2.73749,15.14435,0.11434,55807
32.6954,2.73668,15.11916,0.11355,55317
32.7054,2.73586,15.12042,0.11512,55701
32.7154,2.73505,15.12299,0.11366,55813
32.7254,2.73424,15.08993,0.1207,55194
32.7354,2.73343,15.10658,0.11325,55601
32.7454,2.73261,15.09347,0.10599,55447
32.7554,2.7318,15.08697,0.11796,55706
32.7654,2.73099,15.09523,0.12068,55786
32.7754,2.73018,15.06834,0.12496,55319
32.7854,2.72937,15.07258,0.11628,56161
32.7954,2.72856,15.06543,0.113,55557
32.8054,2.72775,15.05676,0.1208,55623
32.8154,2.72694,15.06579,0.11777,55903
32.8254,2.72614,15.03981,0.11665,55572
32.8354,2.72533,15.05014,0.11764,55960
32.8454,2.72452,15.04352,0.11072,55725
32.8554,2.72372,15.02955,0.12017,55773
32.8654,2.72291,15.04458,0.1112,55652
32.8754,2.72211,15.01228,0.12315,55848
32.8854,2.7213,15.01497,0.10577,56073
32.8954,2.7205,15.01777,0.11321,55811
32.9054,2.71969,15.00727,0.11548,55731
32.9154,2.71889,15.01513,0.1172,55946
32.9254,2.71809,14.98694,0.11647,55814
32.9354,2.71728,14.99159,0.12079,56237
32.9454,2.71648,14.98622,0.11362,55764
32.9554,2.71568,14.9826,0.10891,55912
32.9654,2.71488,14.98262,0.11921,56467
32.9754,2.71408,14.95658,0.11844,55911
32.9854,2.71328,14.96601,0.12154,56358
32.9954,2.71248,14.95545,0.11728,56010
33.0054,2.71168,14.94055,0.12155,55890
33.0154,2.71088,14.95062,0.10894,56282
33.0254,2.71009,14.9264,0.11503,55947
33.0354,2.70929,14.94344,0.11114,56385
33.0454,2.70849,14.9304,0.10857,56308
33.0554,2.7077,14.90531,0.11689,56051
33.0654,2.7069,14.90724,0.11579,56291
33.0754,2.7061,14.90506,0.11141,56184
33.0854,2.70531,14.8925,0.12235,56165
33.0953,2.70451,14.91167,0.1082,56343
33.1053,2.70372,14.88856,0.12012,56186
33.1153,2.70293,14.893,0.11801,56645
33.1253,2.70213,14.87457,0.11965,56169
33.1353,2.70134,14.8598,0.11537,56383
33.1453,2.70055,14.87429,0.11649,56682
33.1553,2.69976,14.85675,0.11896,56184
33.1653,2.69897,14.85696,0.10849,56580
33.1753,2.69818,14.85038,0.11473,56323
33.1853,2.69739,14.84031,0.11706,56378
33.1953,2.6966,14.82942,0.1171,56575
33.2053,2.69581,14.83824,0.1126,56375
33.2153,2.69502,14.81204,0.10943,56660
33.2253,2.69423,14.81697,0.11445,56565
33.2353,2.69344,14.82057,0.11157,56248
33.2453,2.69266,14.81324,0.11045,56762
33.2553,2.69187,14.78521,0.11358,56531
33.2653,2.69108,14.79636,0.11626,56670
33.2753,2.6903,14.79105,0.11752,56833
33.2853,2.68951,14.78031,0.1207,56466
33.2953,2.68873,14.76741,0.11653,56757
33.3053,2.68794,14.76955,0.10664,56820
33.3153,2.68716,14.77867,0.12068,56527
33.3253,2.68638,14.76433,0.1184,56706
33.3353,2.68559,14.75571,0.11804,56624
33.3453,2.68481,14.74639,0.11324,56750
33.3553,2.68403,14.75368,0.10676,56931
33.3653,2.68325,14.73037,0.11449,56680
33.3753,2.68247,14.74985,0.10576,57200
33.3853,2.68169,14.731,0.11588,56643
33.3953,2.68091,14.72263,0.11816,56813
33.4053,2.68013,14.73234,0.10815,56781
33.4153,2.67935,14.72688,0.116,56743
33.4253,2.67857,14.71995,0.11136,57284
33.4353,2.67779,14.69359,0.12293,56719
33.4453,2.67701,14.71432,0.10747,57277
33.4553,2.67624,14.71064,0.11369,57089
33.4653,2.67546,14.69555,0.11463,56728
33.4753,2.67468,14.67806,0.12181,57277
33.4853,2.67391,14.68557,0.12215,56828
33.4953,2.67313,14.68646,0.1122,57166
33.5053,2.67236,14.66282,0.10811,57267
33.5153,2.67158,14.64854,0.11069,57177
33.5253,2.67081,14.66296,0.11006,57136
33.5353,2.67003,14.65723,0.11772,57042
33.5453,2.66926,14.64177,0.10919,57170
33.5553,2.66849,14.62523,0.10871,57258
33.5653,2.66772,14.62073,0.11837,57299
33.5753,2.66695,14.61232,0.11378,57046
33.5853,2.66617,14.61877,0.10582,57260
33.5953,2.6654,14.58696,0.1172,57370
33.6053,2.66463,14.59723,0.11655,57474
33.6153,2.66386,14.5948,0.11849,57283
33.6253,2.6631,14.58699,0.11122,57164
33.6353,2.66233,14.55208,0.11246,57458
33.6453,2.66156,14.56335,0.12072,57292
33.6553,2.66079,14.55791,0.10572,57495
33.6653,2.66002,14.55888,0.11602,57340
33.6753,2.65926,14.52222,0.10834,57504
33.6852,2.65849,14.54047,0.11909,57179
33.6952,2.65772,14.51895,0.11493,57302
33.7052,2.65696,14.53432,0.11167,57719
33.7152,2.65619,14.52233,0.10341,57680
33.7252,2.65543,14.50774,0.10825,57385
33.7352,2.65466,14.50709,0.11497,57512
33.7452,2.6539,14.48827,0.11587,57377
33.7552,2.65314,14.49941,0.11133,58015
33.7652,2.65237,14.49075,0.1136,57560
33.7752,2.65161,14.47835,0.11322,57664
33.7852,2.65085,14.475,0.11902,57475
33.7952,2.65009,14.47485,0.11271,57773
33.8052,2.64933,14.4887,0.1157,57966
33.8152,2.64857,14.45905,0.10745,57587
33.8252,2.64781,14.4494,0.11774,57802
33.8352,2.64705,14.4714,0.11312,57721
33.8452,2.64629,14.46368,0.10466,57736
33.8552,2.64553,14.4614,0.1182,57742
33.8652,2.64477,14.45761,0.10351,57926
33.8752,2.64401,14.43832,0.11375,57832
33.8852,2.64326,14.4503,0.11444,57753
33.8952,2.6425,14.44556,0.11238,57830
33.9052,2.64174,14.46088,0.10989,58016
33.9152,2.64099,14.46218,0.11253,57893
33.9252,2.64023,14.44437,0.11728,57654
33.9352,2.63948,14.44889,0.1066,58218
33.9452,2.63872,14.45429,0.11286,58072
33.9552,2.63797,14.46799,0.11531,58077
33.9652,2.63721,14.46245,0.11536,57950
33.9752,2.63646,14.44783,0.11666,58014
33.9852,2.63571,14.46435,0.12128,57858
33.9952,2.63496,14.48437,0.10818,58210
34.0052,2.6342,14.48152,0.10591,58040
34.0152,2.63345,14.49344,0.10547,58254
34.0252,2.6327,14.50815,0.12298,58093
34.0352,2.63195,14.51589,0.10776,58146
34.0452,2.6312,14.50951,0.10784,58397
34.0552,2.63045,14.52188,0.11362,58047
34.0652,2.6297,14.54542,0.11059,58138
34.0752,2.62895,14.54646,0.11233,58274
34.0852,2.62821,14.56765,0.10992,58252
34.0952,2.62746,14.5818,0.11655,58478
34.1052,2.62671,14.5757,0.11634,58246
34.1152,2.62596,14.59546,0.11193,58425
34.1252,2.62522,14.6098,0.11425,58475
34.1352,2.62447,14.63805,0.1137,58370
34.1452,2.62373,14.63156,0.11044,58379
34.1552,2.62298,14.63782,0.12563,58312
34.1652,2.62224,14.65988,0.10593,58318
34.1752,2.62149,14.67484,0.11294,58286
34.1852,2.62075,14.69051,0.11067,58625
34.1952,2.62,14.70294,0.12007,58447
34.2052,2.61926,14.7234,0.10577,58611
34.2152,2.61852,14.72956,0.10826,58663
34.2252,2.61778,14.75856,0.107,58445
34.2352,2.61703,14.76573,0.11909,58557
34.2452,2.61629,14.77341,0.11196,58408
34.2552,2.61555,14.78127,0.11514,58821
34.2651,2.61481,14.80523,0.1163,58602
34.2751,2.61407,14.83588,0.11766,58802
34.2851,2.61333,14.82018,0.11548,58444
34.2951,2.61259,14.8496,0.10726,58943
34.3051,2.61186,14.85246,0.11512,58690
34.3151,2.61112,14.86281,0.13031,58611
34.3251,2.61038,14.88272,0.10483,58804
34.3351,2.60964,14.89847,0.10702,58586
34.3451,2.60891,14.90089,0.11614,59008
34.3551,2.60817,14.91141,0.11049,58908
34.3651,2.60743,14.91769,0.11782,58791
34.3751,2.6067,14.92293,0.10591,59054
34.3851,2.60596,14.92243,0.11353,58747
34.3951,2.60523,14.95183,0.11329,58912
34.4051,2.60449,14.93276,0.11032,58978
34.4151,2.60376,14.93862,0.11953,58921
34.4251,2.60303,14.94831,0.10492,59143
34.4351,2.60229,14.94785,0.11135,58744
34.4451,2.60156,14.9492,0.11927,59104
34.4551,2.60083,14.94468,0.11712,59143
34.4651,2.6001,14.95019,0.12818,58962
34.4751,2.59937,14.94159,0.10742,59148
34.4851,2.59864,14.94738,0.11412,58887
34.4951,2.59791,14.93934,0.10497,59175
34.5051,2.59718,14.91851,0.11538,59110
34.5151,2.59645,14.92421,0.11352,59037
34.5251,2.59572,14.91303,0.10646,59233
34.5351,2.59499,14.91595,0.11769,59223
34.5451,2.59426,14.88989,0.10696,59338
34.5551,2.59353,14.87981,0.11324,59118
34.5651,2.59281,14.86452,0.10973,59068
34.5751,2.59208,14.86029,0.11544,59463
34.5851,2.59135,14.83934,0.10907,59265
34.5951,2.59063,14.82766,0.11719,59521
34.6051,2.5899,14.81537,0.1165,59570
34.6151,2.58917,14.79893,0.10633,59212
34.6251,2.58845,14.77054,0.11867,59465
34.6351,2.58773,14.75024,0.11039,59617
34.6451,2.587,14.73332,0.11052,59266
34.6551,2.58628,14.7209,0.11697,59497
34.6651,2.58556,14.68625,0.11731,58982
34.6751,2.58483,14.66348,0.1102,59726
34.6851,2.58411,14.656,0.10688,59531
34.6951,2.58339,14.62216,0.11075,59612
34.7051,2.58267,14.60174,0.10867,59626
34.7151,2.58195,14.58453,0.10203,59524
34.7251,2.58123,14.54353,0.1122,59644
34.7351,2.58051,14.54158,0.11964,59318
34.7451,2.57979,14.49236,0.10988,59574
34.7551,2.57907,14.49039,0.11849,59886
34.7651,2.57835,14.45457,0.1052,59604
34.7751,2.57763,14.4169,0.10949,59726
34.7851,2.57691,14.41443,0.11235,59817
34.7951,2.57619,14.38795,0.11566,59622
34.8051,2.57548,14.34951,0.1107,59942
34.8151,2.57476,14.3231,0.11396,59363
34.8251,2.57404,14.33256,0.10682,60148
34.8351,2.57333,14.28881,0.11153,59902
34.8451,2.57261,14.26782,0.10504,59825
34.855,2.5719,14.25706,0.11077,59916
34.865,2.57118,14.223,0.11542,59928
34.875,2.57047,14.21847,0.1023,59987
34.885,2.56975,14.18461,0.11323,59698
34.895,2.56904,14.17377,0.10552,60108
34.905,2.56833,14.14771,0.10769,59969
34.915,2.56762,14.1346,0.10662,59762
34.925,2.5669,14.1027,0.11041,60284
34.935,2.56619,14.1049,0.1108,60249
34.945,2.56548,14.08649,0.12314,59911
34.955,2.56477,14.06974,0.1155,60073
34.965,2.56406,14.06021,0.10113,60329
34.975,2.56335,14.0435,0.11088,60044
34.985,2.56264,14.03066,0.11119,59956
34.995,2.56193,14.02926,0.10274,59957
35.005,2.56122,14.0081,0.10728,60485
35.015,2.56051,14.00237,0.10893,60000
35.025,2.5598,13.99357,0.12405,60195
35.035,2.5591,13.99457,0.099,60517
35.045,2.55839,13.97941,0.11703,60143
35.055,2.55768,13.96661,0.09769,60267
35.065,2.55698,13.97897,0.10679,60189
35.075,2.55627,13.972,0.11772,60347
35.085,2.55557,13.93948,0.10916,60660
35.095,2.55486,13.9327,0.10883,60241
35.105,2.55416,13.95507,0.10314,60805
35.115,2.55345,13.93516,0.11446,60140
35.125,2.55275,13.92841,0.11107,60614
35.135,2.55204,13.93555,0.10913,60664
35.145,2.55134,13.92785,0.11261,60147
35.155,2.55064,13.92549,0.10511,60524
35.165,2.54994,13.90529,0.10985,60516
35.175,2.54923,13.93366,0.10898,60675
35.185,2.54853,13.92523,0.10308,60701
35.195,2.54783,13.91222,0.10375,60303
35.205,2.54713,13.93143,0.10757,60909
35.215,2.54643,13.90802,0.10874,60205
35.225,2.54573,13.93428,0.10823,60683
35.235,2.54503,13.91732,0.11604,60922
35.245,2.54433,13.9174,0.10589,60450
35.255,2.54363,13.92862,0.10766,61013
35.265,2.54293,13.93148,0.10769,60670
35.275,2.54224,13.93291,0.10839,61023
35.285,2.54154,13.92994,0.10664,61070
35.295,2.54084,13.93933,0.11399,60528
35.305,2.54015,13.93956,0.11892,60854
35.315,2.53945,13.95049,0.10205,60657
35.325,2.53875,13.94627,0.10824,60851
35.335,2.53806,13.97583,0.11245,61081
35.345,2.53736,13.95869,0.10135,60780
35.355,2.53667,13.9699,0.10701,61074
35.365,2.53597,13.99488,0.11425,60938
35.375,2.53528,13.98757,0.10187,61181
35.385,2.53459,14.00442,0.10964,60873
35.395,2.53389,14.01594,0.1044,60850
35.405,2.5332,14.01997,0.10639,61073
35.415,2.53251,14.02063,0.11633,61132
35.425,2.53182,14.05077,0.11157,61101
35.4349,2.53113,14.06646,0.11042,61347
35.4449,2.53043,14.06327,0.10564,60951
35.4549,2.52974,14.08968,0.11353,61339
35.4649,2.52905,14.09102,0.11067,61122
35.4749,2.52836,14.11033,0.10346,61177
35.4849,2.52767,14.12955,0.10146,61431
35.4949,2.52698,14.1429,0.11188,61043
35.5049,2.5263,14.14692,0.11216,61238
35.5149,2.52561,14.16605,0.11333,61412
35.5249,2.52492,14.18526,0.11156,61356
35.5349,2.52423,14.19638,0.10108,61397
35.5449,2.52355,14.20026,0.11029,61051
35.5549,2.52286,14.21637,0.10303,61560
35.5649,2.52217,14.24242,0.1034,61205
35.5749,2.52149,14.23485,0.11106,61498
35.5849,2.5208,14.25294,0.11831,61889
35.5949,2.52012,14.25919,0.10749,61100
35.6049,2.51943,14.27708,0.11271,61544
35.6149,2.51875,14.29242,0.10942,61758
35.6249,2.51806,14.29352,0.11411,61319
35.6349,2.51738,14.30915,0.10326,61812
35.6449,2.5167,14.30351,0.12034,61111
35.6549,2.51601,14.30877,0.10041,61943
35.6649,2.51533,14.33041,0.10565,61648
35.6749,2.51465,14.33054,0.11092,61552
35.6849,2.51397,14.31495,0.10835,61832
35.6949,2.51329,14.32509,0.1072,61402
35.7049,2.5126,14.34064,0.11492,62020
35.7149,2.51192,14.3052,0.10576,61614
35.7249,2.51124,14.32386,0.10576,61768
35.7349,2.51056,14.31948,0.11186,61735
35.7449,2.50988,14.28912,0.10981,61516
35.7549,2.50921,14.31578,0.10175,62230
35.7649,2.50853,14.28512,0.11049,61627
35.7749,2.50785,14.28069,0.1139,61931
35.7849,2.50717,14.27616,0.10429,62194
35.7949,2.50649,14.25633,0.12301,61649
35.8049,2.50582,14.25051,0.11074,62046
35.8149,2.50514,14.21941,0.10627,61910
35.8249,2.50446,14.21241,0.10185,61745
35.8349,2.50379,14.21299,0.10567,62134
35.8449,2.50311,14.1664,0.10539,62122
35.8549,2.50244,14.16716,0.1133,62117
35.8649,2.50176,14.15216,0.10563,62169
35.8749,2.50109,14.11033,0.10277,62094
35.8849,2.50041,14.10702,0.10943,62093
35.8949,2.49974,14.08994,0.10892,61840
35.9049,2.49907,14.05422,0.10885,62050
35.9149,2.4984,14.0533,0.10571,62278
35.9249,2.49772,14.0227,0.10547,61906
35.9349,2.49705,13.9922,0.11569,62243
35.9449,2.49638,13.98544,0.10527,61860
35.9549,2.49571,13.9684,0.10829,62413
35.9649,2.49504,13.92179,0.10332,62212
35.9749,2.49437,13.91706,0.10954,62036
35.9849,2.4937,13.88383,0.1126,61969
35.9949,2.49303,13.86461,0.10697,62101
36.0049,2.49236,13.84424,0.1036,62312
36.0149,2.49169,13.82146,0.10437,61879
36.0248,2.49102,13.79508,0.11218,62202
36.0348,2.49035,13.77771,0.0967,62364
36.0448,2.48968,13.76132,0.10011,61782
36.0548,2.48902,13.72647,0.10966,62342
36.0648,2.48835,13.71136,0.11276,61632
36.0748,2.48768,13.70402,0.1079,62146
36.0848,2.48702,13.66434,0.10587,61956
36.0948,2.48635,13.64404,0.11589,61631
36.1048,2.48568,13.64654,0.10036,62210
36.1148,2.48502,13.60299,0.10665,61832
36.1248,2.48435,13.60577,0.10685,62105
36.1348,2.48369,13.55775,0.10316,61930
36.1448,2.48303,13.54441,0.11191,61827
36.1548,2.48236,13.53983,0.09894,62005
36.1648,2.4817,13.50256,0.11041,61620
36.1748,2.48104,13.49542,0.10192,61952
36.1848,2.48037,13.49162,0.1094,61996
36.1948,2.47971,13.46108,0.10647,61768
36.2048,2.47905,13.45016,0.09926,62094
36.2148,2.47839,13.43719,0.10247,61713
36.2248,2.47773,13.39996,0.10751,61614
36.2348,2.47707,13.40603,0.10203,61843
36.2448,2.47641,13.39195,0.09957,61485
36.2548,2.47575,13.35487,0.11272,61924
36.2648,2.47509,13.34951,0.10761,61808
36.2748,2.47443,13.33926,0.11383,61695
36.2848,2.47377,13.31494,0.10545,61809
36.2948,2.47311,13.31261,0.10116,61628
36.3048,2.47245,13.28348,0.11123,61773
36.3148,2.47179,13.27085,0.09822,61462
36.3248,2.47114,13.26211,0.09655,61614
36.3348,2.47048,13.24424,0.10479,61850
36.3448,2.46982,13.22441,0.10765,61575
36.3548,2.46917,13.22031,0.11153,61680
36.3648,2.46851,13.20234,0.10561,61726
36.3748,2.46785,13.18252,0.10174,61520
36.3848,2.4672,13.18142,0.09834,61738
36.3948,2.46654,13.14618,0.09995,61276
36.4048,2.46589,13.14275,0.10122,61699
36.4148,2.46524,13.1288,0.10808,61573
36.4248,2.46458,13.11028,0.10193,61578
36.4348,2.46393,13.11113,0.10911,61725
36.4448,2.46327,13.08006,0.10444,61360
36.4548,2.46262,13.08052,0.10588,61551
36.4648,2.46197,13.05342,0.10707,61372
36.4748,2.46132,13.04512,0.10728,61317
36.4848,2.46067,13.03949,0.1002,61584
36.4948,2.46002,13.00689,0.09889,61135
36.5048,2.45936,13.02066,0.10233,61701
36.5148,2.45871,12.99183,0.0998,61402
36.5248,2.45806,12.99487,0.10798,61703
36.5348,2.45741,12.97017,0.09775,61593
36.5448,2.45676,12.96797,0.10401,61272
36.5548,2.45612,12.96375,0.10156,61390
36.5648,2.45547,12.93802,0.10988,61048
36.5748,2.45482,12.95631,0.09854,61674
36.5848,2.45417,12.92326,0.10308,61347
36.5948,2.45352,12.933,0.09819,61368
36.6047,2.45288,12.91301,0.10435,61397
36.6147,2.45223,12.90387,0.1031,61316
36.6247,2.45158,12.90897,0.10903,61295
36.6347,2.45094,12.87222,0.10496,61138
36.6447,2.45029,12.89116,0.10647,61166
36.6547,2.44965,12.87019,0.09888,61281
36.6647,2.449,12.87619,0.10049,61579
36.6747,2.44836,12.85055,0.09861,61087
36.6847,2.44771,12.85901,0.10493,61541
36.6947,2.44707,12.84392,0.10008,61155
36.7047,2.44642,12.83551,0.0984,61349
36.7147,2.44578,12.83739,0.10157,61311
36.7247,2.44514,12.81517,0.10449,60919
36.7347,2.44449,12.81841,0.10095,61631
36.7447,2.44385,12.80939,0.10722,60793
36.7547,2.44321,12.79987,0.10087,61457
36.7647,2.44257,12.7838,0.10419,61042
36.7747,2.44193,12.78542,0.1045,61265
36.7847,2.44129,12.7765,0.10273,61197
36.7947,2.44065,12.76643,0.10017,61004
36.8047,2.44001,12.76188,0.10083,61173
36.8147,2.43937,12.75066,0.10343,61081
36.8247,2.43873,12.75051,0.09783,61141
36.8347,2.43809,12.73334,0.1068,61221
36.8447,2.43745,12.74154,0.10082,61063
36.8547,2.43681,12.72805,0.10456,61309
36.8647,2.43617,12.72103,0.10144,61053
36.8747,2.43554,12.70611,0.09044,61334
36.8847,2.4349,12.69695,0.09948,61110
36.8947,2.43426,12.68328,0.10316,60669
36.9047,2.43363,12.69656,0.1046,61347
36.9147,2.43299,12.67487,0.10018,60876
36.9247,2.43235,12.67776,0.10829,60939
36.9347,2.43172,12.66654,0.10661,61033
36.9447,2.43108,12.66398,0.099,60965
36.9547,2.43045,12.66477,0.09591,61249
36.9647,2.42981,12.65551,0.10309,60867
36.9747,2.42918,12.64595,0.10975,61144
36.9847,2.42855,12.63375,0.09351,61111
36.9947,2.42791,12.64102,0.10118,61019
37.0047,2.42728,12.62912,0.10284,61205
37.0147,2.42665,12.62874,0.10436,60802
37.0247,2.42601,12.61957,0.10443,60978
37.0347,2.42538,12.61462,0.09882,60861
37.0447,2.42475,12.61019,0.09603,61110
37.0547,2.42412,12.60378,0.09488,60829
37.0647,2.42349,12.5952,0.10669,60855
37.0747,2.42286,12.6009,0.09634,60908
37.0847,2.42223,12.58169,0.10078,60729
37.0947,2.4216,12.58731,0.10561,61067
37.1047,2.42097,12.56735,0.10632,61082
37.1147,2.42034,12.58302,0.10138,61108
37.1247,2.41971,12.56782,0.10583,60931
37.1347,2.41908,12.54453,0.10324,60725
37.1447,2.41845,12.56084,0.09819,60906
37.1547,2.41783,12.53929,0.09128,60816
37.1647,2.4172,12.54191,0.09935,61099
37.1747,2.41657,12.52892,0.09979,60550
37.1847,2.41594,12.52601,0.10687,60845
37.1946,2.41532,12.5124,0.10382,60720
37.2046,2.41469,12.51053,0.10015,61222
37.2146,2.41407,12.50401,0.1,60638
37.2246,2.41344,12.48643,0.09592,60931
37.2346,2.41282,12.48599,0.09221,60813
37.2446,2.41219,12.48718,0.11003,60768
37.2546,2.41157,12.47044,0.10086,60982
37.2646,2.41094,12.47289,0.09873,60969
37.2746,2.41032,12.45351,0.09965,60653
37.2846,2.40969,12.45383,0.10852,61068
37.2946,2.40907,12.43753,0.10033,60380
37.3046,2.40845,12.44573,0.1064,60932
37.3146,2.40783,12.41152,0.09363,60469
37.3246,2.4072,12.42528,0.09584,61006
37.3346,2.40658,12.40574,0.09869,60742
37.3446,2.40596,12.41438,0.10747,60637
37.3546,2.40534,12.4006,0.09682,61034
37.3646,2.40472,12.41116,0.09709,60784
37.3746,2.4041,12.39182,0.09867,60770
37.3846,2.40348,12.38803,0.09721,60846
37.3946,2.40286,12.37746,0.10698,60464
37.4046,2.40224,12.38318,0.09788,60873
37.4146,2.40162,12.35315,0.10116,60772
37.4246,2.401,12.37918,0.09938,60733
37.4346,2.40038,12.35402,0.09492,60648
37.4446,2.39977,12.36879,0.0998,60716
37.4546,2.39915,12.35401,0.10771,60772
37.4646,2.39853,12.34366,0.10042,60701
37.4746,2.39791,12.37231,0.10155,60669
37.4846,2.3973,12.34828,0.10465,60565
37.4946,2.39668,12.35753,0.09698,60798
37.5046,2.39607,12.34741,0.09699,60544
37.5146,2.39545,12.35435,0.09367,60906
37.5246,2.39483,12.34488,0.10331,60623
37.5346,2.39422,12.35299,0.10404,60863
37.5446,2.39361,12.34186,0.09155,60622
37.5546,2.39299,12.36388,0.10068,60858
37.5646,2.39238,12.34888,0.10009,60402
37.5746,2.39176,12.36194,0.09913,60517
37.5846,2.39115,12.37201,0.10425,60599
37.5946,2.39054,12.36838,0.09829,60637
37.6046,2.38992,12.39203,0.10033,60865
37.6146,2.38931,12.37684,0.10732,60614
37.6246,2.3887,12.39171,0.09714,60767
37.6346,2.38809,12.39242,0.09804,60363
37.6446,2.38748,12.39532,0.10413,60704
37.6546,2.38687,12.40837,0.09656,60480
37.6646,2.38626,12.42452,0.10021,60661
37.6746,2.38565,12.42696,0.10187,60741
37.6846,2.38504,12.42316,0.10256,60485
37.6946,2.38443,12.46424,0.09629,60548
37.7046,2.38382,12.45874,0.10471,60628
37.7146,2.38321,12.4697,0.09303,60852
37.7246,2.3826,12.49671,0.09255,60703
37.7346,2.38199,12.49466,0.10371,60444
37.7446,2.38138,12.51363,0.10173,60685
37.7546,2.38077,12.53098,0.10413,60331
37.7646,2.38017,12.54696,0.10399,60761
37.7745,2.37956,12.57111,0.10126,60497
37.7845,2.37895,12.57529,0.09784,60564
37.7945,2.37835,12.61484,0.09986,60612
37.8045,2.37774,12.60436,0.10664,60178
37.8145,2.37714,12.67294,0.09815,60968
37.8245,2.37653,12.65522,0.09909,60476
37.8345,2.37593,12.70634,0.0994,60681
37.8445,2.37532,12.73034,0.11086,60454
37.8545,2.37472,12.73655,0.09686,60541
37.8645,2.37411,12.77589,0.10466,60672
37.8745,2.37351,12.79376,0.09931,60301
37.8845,2.3729,12.83477,0.09268,60923
37.8945,2.3723,12.8397,0.10646,60145
37.9045,2.3717,12.88501,0.10195,60529
37.9145,2.3711,12.89493,0.10472,60729
37.9245,2.37049,12.92717,0.09529,60571
37.9345,2.36989,12.96602,0.10611,60615
37.9445,2.36929,12.96123,0.10802,60320
37.9545,2.36869,13.00525,0.10328,60701
37.9645,2.36809,13.03989,0.10683,60360
37.9745,2.36749,13.0315,0.09761,60530
37.9845,2.36689,13.07291,0.09879,60502
37.9945,2.36629,13.07592,0.09948,60208
38.0045,2.36569,13.09279,0.09989,60753
38.0145,2.36509,13.09996,0.10466,60446
38.0245,2.36449,13.12875,0.10521,60834
38.0345,2.36389,13.13872,0.10521,60404
38.0445,2.36329,13.13649,0.09893,60539
38.0545,2.3627,13.15758,0.10002,60548
38.0645,2.3621,13.16456,0.09746,60294
38.0745,2.3615,13.15345,0.10169,60529
38.0845,2.3609,13.15715,0.10011,60570
38.0945,2.36031,13.1515,0.10259,60350
38.1045,2.35971,13.14352,0.11376,60576
38.1145,2.35912,13.13744,0.10317,60459
38.1245,2.35852,13.13199,0.10388,60369
38.1345,2.35792,13.1342,0.09927,60552
38.1445,2.35733,13.10489,0.10361,60540
38.1545,2.35673,13.09713,0.09814,60380
38.1645,2.35614,13.09203,0.09799,60405
38.1745,2.35555,13.06128,0.10646,60426
38.1845,2.35495,13.05029,0.09648,60824
38.1945,2.35436,13.01224,0.10335,60401
38.2045,2.35377,13.01517,0.10454,60576
38.2145,2.35317,12.96696,0.09557,60328
38.2245,2.35258,12.94727,0.10691,60370
38.2345,2.35199,12.9538,0.09316,60586
38.2445,2.3514,12.89507,0.10201,60291
38.2545,2.3508,12.8857,0.10417,60649
38.2645,2.35021,12.83421,0.11164,60194
38.2745,2.34962,12.85022,0.09136,60627
38.2845,2.34903,12.79913,0.10214,60749
38.2945,2.34844,12.7787,0.10199,60456
38.3045,2.34785,12.74098,0.10789,60242
38.3145,2.34726,12.7144,0.10655,60336
38.3245,2.34667,12.69971,0.09388,60287
38.3345,2.34608,12.67444,0.09905,60604
38.3445,2.34549,12.6558,0.09286,60381
38.3545,2.34491,12.62093,0.10433,60235
38.3644,2.34432,12.58868,0.09901,60739
38.3744,2.34373,12.56125,0.09926,60540
38.3844,2.34314,12.55824,0.09992,60574
38.3944,2.34256,12.52075,0.103,60548
38.4044,2.34197,12.4921,0.1004,60168
38.4144,2.34138,12.47106,0.09471,60589
38.4244,2.3408,12.45831,0.10727,60152
38.4344,2.34021,12.45819,0.09461,60656
38.4444,2.33962,12.39165,0.10178,60427
38.4544,2.33904,12.40157,0.1001,60621
38.4644,2.33845,12.37102,0.10653,60257
38.4744,2.33787,12.34809,0.10012,60267
38.4844,2.33728,12.3361,0.09549,60635
38.4944,2.3367,12.3268,0.0995,60387
38.5044,2.33612,12.32463,0.09525,60450
38.5144,2.33553,12.28736,0.09958,60163
38.5244,2.33495,12.30342,0.10309,60622
38.5344,2.33437,12.27348,0.10048,60651
38.5444,2.33379,12.27046,0.09447,60438
38.5544,2.3332,12.26966,0.09369,60484
38.5644,2.33262,12.25123,0.09769,60213
38.5744,2.33204,12.24682,0.10366,60466
38.5844,2.33146,12.24197,0.1004,60325
38.5944,2.33088,12.25533,0.10054,60484
38.6044,2.3303,12.24246,0.09627,60478
38.6144,2.32972,12.23689,0.09981,60542
38.6244,2.32914,12.23409,0.10214,60556
38.6344,2.32856,12.25562,0.09582,60511
38.6444,2.32798,12.23023,0.10004,60181
38.6544,2.3274,12.2449,0.09973,60401
38.6644,2.32682,12.23837,0.09769,60255
38.6744,2.32624,12.24992,0.09882,60410
38.6844,2.32566,12.25571,0.09841,60384
38.6944,2.32508,12.24612,0.09496,60360
38.7044,2.32451,12.2617,0.09793,60932
38.7144,2.32393,12.26955,0.09751,60444
38.7244,2.32335,12.27033,0.09723,60614
38.7344,2.32278,12.29451,0.1006,60216
38.7444,2.3222,12.26977,0.0977,60353
38.7544,2.32162,12.29148,0.09819,60498
38.7644,2.32105,12.30225,0.10218,60164
38.7744,2.32047,12.30842,0.09869,60495
38.7844,2.3199,12.31798,0.099,60571
38.7944,2.31932,12.33014,0.10056,60412
38.8044,2.31875,12.33938,0.09898,60826
38.8144,2.31817,12.36309,0.10297,60171
38.8244,2.3176,12.37464,0.09331,60390
38.8344,2.31703,12.38553,0.09583,60354
38.8444,2.31645,12.40301,0.09995,60260
38.8544,2.31588,12.42859,0.10399,60671
38.8644,2.31531,12.42618,0.09575,60422
38.8744,2.31473,12.46657,0.103,60399
38.8844,2.31416,12.48749,0.10359,60493
38.8944,2.31359,12.52075,0.0913,60662
38.9044,2.31302,12.5393,0.09832,60531
38.9144,2.31245,12.55722,0.0977,60287
38.9244,2.31188,12.60514,0.10507,60473
38.9344,2.3113,12.62732,0.10364,60158
38.9443,2.31073,12.64988,0.10543,60650
38.9543,2.31016,12.71029,0.09564,60586
38.9643,2.30959,12.72289,0.1025,60257
38.9743,2.30903,12.78228,0.10895,60416
38.9843,2.30846,12.82876,0.10052,60410
38.9943,2.30789,12.87589,0.09758,60571
39.0043,2.30732,12.92313,0.09605,60548
39.0143,2.30675,12.98529,0.10935,60232
39.0243,2.30618,13.01235,0.10349,60718
39.0343,2.30561,13.08399,0.10192,60400
39.0443,2.30505,13.15622,0.10676,60357
39.0543,2.30448,13.2147,0.09485,60592
39.0643,2.30391,13.29265,0.10145,60210
39.0743,2.30335,13.37928,0.10818,60428
39.0843,2.30278,13.4359,0.1055,60812
39.0943,2.30221,13.51721,0.11035,60388
39.1043,2.30165,13.61176,0.09986,60725
39.1143,2.30108,13.68745,0.10458,60171
39.1243,2.30052,13.79886,0.11307,60716
39.1343,2.29995,13.88513,0.10639,60259
39.1443,2.29939,13.97629,0.11182,60390
39.1543,2.29883,14.10193,0.10291,60447
39.1643,2.29826,14.21529,0.10788,60261
39.1743,2.2977,14.30666,0.10559,60963
39.1843,2.29713,14.42812,0.10805,60242
39.1943,2.29657,14.56584,0.10993,60631
39.2043,2.29601,14.67879,0.10652,60524
39.2143,2.29545,14.79975,0.11946,60431
39.2243,2.29488,14.9434,0.1045,60530
39.2343,2.29432,15.07052,0.10626,60411
39.2443,2.29376,15.22263,0.1163,60491
39.2543,2.2932,15.36119,0.10709,60576
39.2643,2.29264,15.50093,0.10747,60596
39.2743,2.29208,15.64411,0.11931,60493
39.2843,2.29152,15.79657,0.11853,60507
39.2943,2.29096,15.94398,0.12465,60496
39.3043,2.2904,16.08453,0.11613,60443
39.3143,2.28984,16.25644,0.10608,60155
39.3243,2.28928,16.4063,0.11358,60760
39.3343,2.28872,16.55529,0.11799,60441
39.3443,2.28816,16.73927,0.11601,60806
39.3543,2.2876,16.87642,0.1154,60302
39.3643,2.28705,17.03965,0.12054,60590
39.3743,2.28649,17.19505,0.12195,60746
39.3843,2.28593,17.34928,0.11388,60150
39.3943,2.28537,17.51123,0.1159,60869
39.4043,2.28482,17.66857,0.1157,60315
39.4143,2.28426,17.83588,0.11945,60530
39.4243,2.2837,18.00625,0.13339,60682
39.4343,2.28315,18.13204,0.11853,60372
39.4443,2.28259,18.31158,0.12378,60693
39.4543,2.28204,18.45087,0.11801,60378
39.4643,2.28148,18.60365,0.12908,60533
39.4743,2.28093,18.74434,0.11622,60657
39.4843,2.28037,18.90036,0.13072,60429
39.4943,2.27982,19.05853,0.12257,60632
39.5043,2.27926,19.20023,0.12735,60428
39.5143,2.27871,19.36287,0.11568,60721
39.5243,2.27816,19.51329,0.12473,60469
39.5342,2.2776,19.64116,0.13219,60430
39.5442,2.27705,19.78349,0.12269,60855
39.5542,2.2765,19.9374,0.12478,60530
39.5642,2.27595,20.12067,0.12461,60791
39.5742,2.27539,20.26505,0.13231,60525
39.5842,2.27484,20.42723,0.12879,60338
39.5942,2.27429,20.60103,0.13096,60481
39.6042,2.27374,20.77546,0.13033,60580
39.6142,2.27319,20.95613,0.13104,60822
39.6242,2.27264,21.15954,0.13487,60853
39.6342,2.27209,21.35906,0.13501,60272
39.6442,2.27154,21.61215,0.14347,60738
39.6542,2.27099,21.83303,0.14608,60440
39.6642,2.27044,22.12293,0.12149,60351
39.6742,2.26989,22.45103,0.1322,60847
39.6842,2.26934,22.72976,0.14315,60469
39.6942,2.26879,23.12387,0.15586,60894
39.7042,2.26824,23.49692,0.147,60352
39.7142,2.2677,23.97516,0.14255,60891
39.7242,2.26715,24.44734,0.14722,60616
39.7342,2.2666,25.01202,0.15008,60723
39.7442,2.26605,25.61004,0.15343,60466
39.7542,2.26551,26.27859,0.15616,60385
39.7642,2.26496,27.04217,0.16578,60964
39.7742,2.26441,27.84543,0.17223,60553
39.7842,2.26387,28.76548,0.18314,60582
39.7942,2.26332,29.82744,0.17194,60863
39.8042,2.26278,30.87397,0.17655,60484
39.8142,2.26223,32.16331,0.19506,60605
39.8242,2.26169,33.48624,0.18191,60678
39.8342,2.26114,35.02086,0.18988,60517
39.8442,2.2606,36.71637,0.2094,60904
39.8542,2.26005,38.49707,0.21745,60296
39.8642,2.25951,40.4995,0.21477,60754
39.8742,2.25897,42.7254,0.22099,60885
39.8842,2.25842,45.12249,0.23971,60721
39.8942,2.25788,47.73585,0.24613,60960
39.9042,2.25734,50.50443,0.24625,60434
39.9142,2.2568,53.72175,0.26596,60866
39.9242,2.25625,57.00342,0.27202,60398
39.9342,2.25571,60.64096,0.27769,60618
39.9442,2.25517,64.5002,0.31238,60950
39.9542,2.25463,68.71681,0.29969,60456
39.9642,2.25409,73.12357,0.3146,61140
39.9742,2.25355,77.86519,0.34185,60218
39.9842,2.25301,83.07975,0.32405,60638
39.9942,2.25247,88.27064,0.33714,60536
40.0042,2.25193,94.11499,0.32912,60342
40.0142,2.25139,100.0782,0.36495,60794
40.0242,2.25085,106.4698,0.34769,60650
40.0342,2.25031,113.0719,0.35954,60653
40.0442,2.24977,119.898,0.39982,60619
40.0542,2.24923,127.0592,0.42165,60326
40.0642,2.24869,134.4775,0.39658,60491
40.0742,2.24815,142.4737,0.37164,60394
40.0842,2.24762,150.203,0.39383,60621
40.0942,2.24708,158.6315,0.4202,60617
40.1042,2.24654,166.7318,0.43564,60212
40.1142,2.24601,175.2365,0.4084,60698
40.1241,2.24547,183.5339,0.44951,60245
40.1341,2.24493,192.23,0.46192,60279
40.1441,2.2444,200.9264,0.43321,60445
40.1541,2.24386,209.7745,0.43501,60311
40.1641,2.24332,218.2534,0.42918,60718
40.1741,2.24279,226.8642,0.43435,59956
40.1841,2.24225,235.178,0.45341,60480
40.1941,2.24172,243.0634,0.47151,60282
40.2041,2.24119,251.2697,0.45435,60218
40.2141,2.24065,258.5452,0.48615,60473
40.2241,2.24012,266.6832,0.4643,60140
40.2341,2.23958,273.0943,0.42601,60661
40.2441,2.23905,280.2974,0.47293,60044
40.2541,2.23852,286.338,0.50085,60017
40.2641,2.23798,291.9803,0.46053,60295
40.2741,2.23745,297.4646,0.4801,59966
40.2841,2.23692,301.3031,0.44588,60472
40.2941,2.23639,306.1888,0.49097,60172
40.3041,2.23586,309.7154,0.50365,60364
40.3141,2.23532,312.487,0.48973,60255
40.3241,2.23479,314.9073,0.49863,59733
40.3341,2.23426,316.279,0.44464,60163
40.3441,2.23373,317.4311,0.4724,60059
40.3541,2.2332,317.3302,0.44701,60063
40.3641,2.23267,317.4126,0.46875,60127
40.3741,2.23214,316.5602,0.48239,60179
40.3841,2.23161,314.9815,0.48314,60407
40.3941,2.23108,312.537,0.45161,59739
40.4041,2.23055,309.7453,0.49892,60242
40.4141,2.23002,305.8354,0.45534,59884
40.4241,2.2295,302.0558,0.43292,59765
40.4341,2.22897,297.3743,0.42306,60395
40.4441,2.22844,292.5934,0.46003,59877
40.4541,2.22791,286.9557,0.50007,60166
40.4641,2.22739,280.3123,0.44836,60057
40.4741,2.22686,274.241,0.46721,59882
40.4841,2.22633,267.2575,0.43493,59675
40.4941,2.2258,259.9562,0.46823,59475
40.5041,2.22528,252.6169,0.42024,60166
40.5141,2.22475,244.869,0.39309,60089
40.5241,2.22423,236.951,0.43837,59836
40.5341,2.2237,228.4962,0.44722,60079
40.5441,2.22318,220.4909,0.42567,59655
40.5541,2.22265,211.9712,0.40803,60111
40.5641,2.22213,203.69,0.3939,59506
40.5741,2.2216,195.1287,0.406,59895
40.5841,2.22108,186.8818,0.3928,60020
40.5941,2.22055,178.068,0.38342,59572
40.6041,2.22003,170.2815,0.41805,60101
40.6141,2.21951,161.9391,0.38806,59640
40.6241,2.21898,154.0531,0.41018,59720
40.6341,2.21846,146.3416,0.34736,59707
40.6441,2.21794,138.478,0.37004,59628
40.6541,2.21741,131.3412,0.39292,59865
40.6641,2.21689,123.9638,0.39261,59752
40.6741,2.21637,117.2445,0.32763,59633
40.6841,2.21585,110.6817,0.32153,59776
40.6941,2.21533,104.135,0.34976,59172
40.704,2.21481,98.43045,0.32611,59971
40.714,2.21429,92.3153,0.32184,59774
40.724,2.21376,87.12096,0.32973,59815
40.734,2.21324,81.86987,0.31226,59772
40.744,2.21272,76.75796,0.28554,59369
40.754,2.2122,72.37407,0.31025,59580
40.764,2.21169,67.83772,0.28947,59235
40.774,2.21117,63.87743,0.27977,59997
40.784,2.21065,60.03014,0.26865,59777
40.794,2.21013,56.34169,0.26581,59351
40.804,2.20961,53.2963,0.26428,59916
40.814,2.20909,49.92409,0.26644,59382
40.824,2.20857,47.18904,0.24205,59387
40.834,2.20806,44.50908,0.22776,59511
40.844,2.20754,41.97897,0.20557,59294
40.854,2.20702,39.8706,0.21708,59659
40.864,2.2065,37.61453,0.21244,59414
40.874,2.20599,35.81076,0.20191,59443
40.884,2.20547,33.99703,0.20787,59713
40.894,2.20496,32.24392,0.17845,59278
40.904,2.20444,30.92483,0.17885,59905
40.914,2.20392,29.35238,0.16633,58981
40.924,2.20341,28.25734,0.17973,59579
40.934,2.20289,27.02636,0.18366,59347
40.944,2.20238,25.92179,0.14902,59477
40.954,2.20186,25.02325,0.16258,59523
40.964,2.20135,24.03545,0.15546,59141
40.974,2.20084,23.34198,0.1542,59552
40.984,2.20032,22.51073,0.14155,59169
40.994,2.19981,21.79886,0.14359,59394
41.004,2.19929,21.17063,0.13813,59434
41.014,2.19878,20.54981,0.14478,59028
41.024,2.19827,20.09821,0.14025,59530
41.034,2.19776,19.54512,0.12119,59154
41.044,2.19724,19.10155,0.12274,59225
41.054,2.19673,18.68941,0.13499,59509
41.064,2.19622,18.24518,0.12516,59249
41.074,2.19571,17.95099,0.11714,59460
41.084,2.1952,17.56662,0.12819,59221
41.094,2.19469,17.27862,0.12341,59214
41.104,2.19418,17.00449,0.12267,59169
41.114,2.19367,16.67618,0.1092,58984
41.124,2.19315,16.49273,0.12098,59683
41.134,2.19264,16.19764,0.11669,59042
41.144,2.19214,16.02691,0.11865,59437
41.154,2.19163,15.78675,0.10764,59039
41.164,2.19112,15.57057,0.13218,58853
41.174,2.19061,15.40267,0.10369,59227
41.184,2.1901,15.21392,0.1107,58867
41.194,2.18959,15.06085,0.11084,59455
41.204,2.18908,14.9029,0.10174,59151
41.214,2.18857,14.73648,0.11362,58990
41.224,2.18807,14.59883,0.11641,59348
41.234,2.18756,14.45008,0.10351,58895
41.244,2.18705,14.32963,0.10095,58804
41.254,2.18654,14.21715,0.10404,59164
41.264,2.18604,14.07401,0.10588,58725
41.274,2.18553,13.96635,0.11049,59304
41.284,2.18503,13.83118,0.10941,58592
41.2939,2.18452,13.7439,0.1056,58901
41.3039,2.18401,13.64285,0.10057,58765
41.3139,2.18351,13.54415,0.10723,58537
41.3239,2.183,13.45539,0.09671,59095
41.3339,2.1825,13.33203,0.10986,58477
41.3439,2.18199,13.27297,0.09944,59002
41.3539,2.18149,13.16376,0.09988,58310
41.3639,2.18098,13.09398,0.10556,58646
41.3739,2.18048,13.02245,0.1069,58606
41.3839,2.17998,12.9268,0.09744,58793
41.3939,2.17947,12.86626,0.09857,58837
41.4039,2.17897,12.78797,0.09146,58521
41.4139,2.17847,12.71337,0.10093,58432
41.4239,2.17796,12.6464,0.10491,58343
41.4339,2.17746,12.54699,0.10472,58005
41.4439,2.17696,12.53791,0.10032,58945
41.4539,2.17646,12.43094,0.0969,58363
41.4639,2.17596,12.39401,0.09641,58356
41.4739,2.17545,12.32359,0.09696,58404
41.4839,2.17495,12.24829,0.10481,58053
41.4939,2.17445,12.18996,0.10047,58408
41.5039,2.17395,12.16128,0.09608,58212
41.5139,2.17345,12.0968,0.09143,58402
41.5239,2.17295,12.04292,0.09616,58112
41.5339,2.17245,11.97214,0.0999,57880
41.5439,2.17195,11.92773,0.0992,58515
41.5539,2.17145,11.87407,0.09134,57854
41.5639,2.17095,11.85576,0.09681,58514
41.5739,2.17045,11.78908,0.09927,58231
41.5839,2.16995,11.73695,0.09142,57887
41.5939,2.16946,11.68901,0.08929,58118
41.6039,2.16896,11.62941,0.0978,57690
41.6139,2.16846,11.62692,0.09962,58084
41.6239,2.16796,11.58434,0.09906,57993
41.6339,2.16746,11.5256,0.0944,57990
41.6439,2.16697,11.48492,0.09847,58121
41.6539,2.16647,11.43775,0.08991,57664
41.6639,2.16597,11.40097,0.09663,57656
41.6739,2.16548,11.39257,0.08933,57804
41.6839,2.16498,11.33615,0.09502,57566
41.6939,2.16448,11.3101,0.09845,58148
41.7039,2.16399,11.24423,0.09419,57471
41.7139,2.16349,11.24106,0.09284,57934
41.7239,2.163,11.20024,0.09122,57679
41.7339,2.1625,11.17671,0.09305,57724
41.7439,2.16201,11.14622,0.08802,57863
41.7539,2.16151,11.09109,0.08979,57517
41.7639,2.16102,11.06921,0.09221,57510
41.7739,2.16053,11.04999,0.1025,57377
41.7839,2.16003,11.0173,0.09157,57606
41.7939,2.15954,10.99757,0.09583,57845
41.8039,2.15904,10.94026,0.08957,57190
41.8139,2.15855,10.93593,0.0883,57601
41.8239,2.15806,10.88996,0.09554,57353
41.8339,2.15757,10.88077,0.09177,57230
41.8439,2.15707,10.84297,0.09815,57496
41.8539,2.15658,10.81165,0.08807,57368
41.8639,2.15609,10.79709,0.08691,57480
41.8738,2.1556,10.75947,0.09227,57059
41.8838,2.15511,10.75202,0.09232,57360
41.8938,2.15461,10.71476,0.09497,57582
41.9038,2.15412,10.6799,0.09451,56945
41.9138,2.15363,10.70436,0.0841,57605
41.9238,2.15314,10.64761,0.08725,56951
41.9338,2.15265,10.63158,0.09636,57088
41.9438,2.15216,10.61027,0.0853,57317
41.9538,2.15167,10.57839,0.09564,57098
41.9638,2.15118,10.5859,0.09243,57208
41.9738,2.15069,10.55992,0.0931,56742
41.9838,2.1502,10.53796,0.08926,57126
41.9938,2.14972,10.50974,0.1005,57145
42.0038,2.14923,10.49288,0.08267,57005
42.0138,2.14874,10.48569,0.08817,56877
42.0238,2.14825,10.47834,0.08661,56704
42.0338,2.14776,10.46442,0.09518,56950
42.0438,2.14728,10.43478,0.09666,57181
42.0538,2.14679,10.41698,0.09274,56866
42.0638,2.1463,10.42297,0.08248,56995
42.0738,2.14581,10.39125,0.0908,56561
42.0838,2.14533,10.41182,0.08021,57137
42.0938,2.14484,10.35897,0.09869,56648
42.1038,2.14435,10.35316,0.08833,56757
42.1138,2.14387,10.34177,0.09047,56810
42.1238,2.14338,10.3152,0.09073,56365
42.1338,2.1429,10.3426,0.10211,56849
42.1438,2.14241,10.29274,0.08221,56702
42.1538,2.14193,10.30288,0.08996,56779
42.1638,2.14144,10.27262,0.08952,56642
42.1738,2.14096,10.26482,0.08849,56203
42.1838,2.14047,10.2539,0.08818,56660
42.1938,2.13999,10.23011,0.08883,56557
42.2038,2.13951,10.22938,0.08886,56613
42.2138,2.13902,10.22997,0.08731,56607
42.2238,2.13854,10.19977,0.09106,56281
42.2338,2.13805,10.18726,0.08376,56771
42.2438,2.13757,10.17909,0.09629,56293
42.2538,2.13709,10.18394,0.08869,56595
42.2638,2.13661,10.17649,0.08292,56337
42.2738,2.13612,10.13522,0.08674,55987
42.2838,2.13564,10.13562,0.09151,56723
42.2938,2.13516,10.12072,0.09414,56097
42.3038,2.13468,10.14266,0.08813,56533
42.3138,2.1342,10.12143,0.08853,56130
42.3238,2.13372,10.0956,0.09291,56260
42.3338,2.13324,10.08259,0.08601,56198
42.3438,2.13276,10.07649,0.09197,56029
42.3538,2.13228,10.10094,0.07854,56229
42.3638,2.1318,10.07076,0.09322,56216
42.3738,2.13132,10.04967,0.092,56126
42.3838,2.13084,10.05279,0.09005,56222
42.3938,2.13036,10.02821,0.09225,55787
42.4038,2.12988,10.04824,0.09263,56311
42.4138,2.1294,10.04337,0.07688,56366
42.4238,2.12892,10.00696,0.08481,55940
42.4338,2.12844,10.0069,0.08502,56123
42.4438,2.12796,9.97003,0.09772,55376
42.4538,2.12748,10.01766,0.09491,56450
42.4637,2.12701,9.9758,0.08759,55772
42.4737,2.12653,9.98197,0.0837,56026
42.4837,2.12605,9.96114,0.09073,55747
42.4937,2.12558,9.95058,0.09186,55735
42.5037,2.1251,9.97447,0.08337,55939
42.5137,2.12462,9.93263,0.09254,55964
42.5237,2.12415,9.93577,0.08274,55721
42.5337,2.12367,9.93839,0.08975,55586
42.5437,2.12319,9.91528,0.08374,55571
42.5537,2.12272,9.9222,0.09371,56233
42.5637,2.12224,9.92095,0.08576,55823
42.5737,2.12177,9.90054,0.08969,55535
42.5837,2.12129,9.91119,0.0802,55928
42.5937,2.12082,9.88134,0.09147,55191
42.6037,2.12034,9.883,0.08769,56146
42.6137,2.11987,9.86925,0.08715,55445
42.6237,2.11939,9.87593,0.08228,55901
42.6337,2.11892,9.84945,0.09203,55171
42.6437,2.11845,9.85174,0.09565,55579
42.6537,2.11797,9.83635,0.09029,56080
42.6637,2.1175,9.85374,0.08494,55651
42.6737,2.11703,9.83031,0.08833,55361
42.6837,2.11655,9.81666,0.08235,55519
42.6937,2.11608,9.79408,0.08656,55495
42.7037,2.11561,9.80929,0.0878,55880
42.7137,2.11514,9.80268,0.08872,55561
42.7237,2.11466,9.792,0.09345,55407
42.7337,2.11419,9.77806,0.08536,55807
42.7437,2.11372,9.7655,0.08411,55357
42.7537,2.11325,9.77984,0.08441,55855
42.7637,2.11278,9.75976,0.08031,55378
42.7737,2.11231,9.74821,0.09037,55748
42.7837,2.11184,9.72035,0.08845,55273
42.7937,2.11137,9.74672,0.0901,55384
42.8037,2.1109,9.73029,0.09703,55602
42.8137,2.11043,9.71662,0.08362,55588
42.8237,2.10996,9.70962,0.08109,55586
42.8337,2.10949,9.69386,0.0877,55542
42.8437,2.10902,9.70488,0.09216,55024
42.8537,2.10855,9.69571,0.08294,55707
42.8637,2.10808,9.65932,0.08771,55285
42.8737,2.10761,9.69241,0.08506,55724
42.8837,2.10715,9.66726,0.08558,55204
42.8937,2.10668,9.6765,0.0923,55312
42.9037,2.10621,9.64326,0.08547,55877
42.9137,2.10574,9.64541,0.08484,55368
42.9237,2.10528,9.6475,0.08317,55633
42.9337,2.10481,9.64581,0.08303,55147
42.9437,2.10434,9.62319,0.08902,55355
42.9537,2.10387,9.62324,0.08928,55768
42.9637,2.10341,9.60986,0.08691,55116
42.9737,2.10294,9.62014,0.08638,55551
42.9837,2.10248,9.62057,0.08454,55222
42.9937,2.10201,9.58244,0.08849,55372
43.0037,2.10154,9.60266,0.09161,55719
43.0137,2.10108,9.57929,0.08217,54897
43.0237,2.10061,9.60519,0.0791,55620
43.0337,2.10015,9.57308,0.08704,55089
43.0436,2.09968,9.57764,0.08965,55292
43.0536,2.09922,9.58399,0.09168,55598
43.0636,2.09876,9.55995,0.08569,55156
43.0736,2.09829,9.57735,0.08938,55700
43.0836,2.09783,9.55488,0.07785,55221
43.0936,2.09736,9.5739,0.08085,55160
43.1036,2.0969,9.54849,0.08795,55521
43.1136,2.09644,9.53229,0.08778,55181
43.1236,2.09598,9.55139,0.09094,55509
43.1336,2.09551,9.53617,0.09078,54668
43.1436,2.09505,9.54086,0.08608,55555
43.1536,2.09459,9.53152,0.08514,55418
43.1636,2.09413,9.52036,0.08496,55482
43.1736,2.09366,9.52529,0.08248,55045
43.1836,2.0932,9.50903,0.08713,54933
43.1936,2.09274,9.49973,0.08429,55378
43.2036,2.09228,9.51159,0.09036,55531
43.2136,2.09182,9.49627,0.08793,55000
43.2236,2.09136,9.50017,0.08503,55350
43.2336,2.0909,9.46688,0.08213,54790
43.2436,2.09044,9.4933,0.08441,55896
43.2536,2.08998,9.46177,0.08287,55262
43.2636,2.08952,9.46666,0.08554,55127
43.2736,2.08906,9.45501,0.08478,55024
43.2836,2.0886,9.43015,0.08597,54949
43.2936,2.08814,9.45738,0.08521,55539
43.3036,2.08768,9.43869,0.09083,55207
43.3136,2.08722,9.41788,0.08711,55002
43.3236,2.08676,9.42138,0.08319,55421
43.3336,2.0863,9.40784,0.08517,54936
43.3436,2.08585,9.41862,0.08328,55429
43.3536,2.08539,9.37287,0.09322,54741
43.3636,2.08493,9.3865,0.08076,55290
43.3736,2.08447,9.39243,0.08221,55057
43.3836,2.08402,9.38094,0.08909,55141
43.3936,2.08356,9.3753,0.08759,55329
43.4036,2.0831,9.34933,0.08453,54973
43.4136,2.08265,9.36083,0.08631,55124
43.4236,2.08219,9.37928,0.07811,55468
43.4336,2.08173,9.32984,0.08102,55041
43.4436,2.08128,9.33315,0.08758,55166
43.4536,2.08082,9.32718,0.08524,54686
43.4636,2.08037,9.35048,0.0924,55199
43.4736,2.07991,9.32618,0.08755,55288
43.4836,2.07946,9.30838,0.08352,54855
43.4936,2.079,9.32442,0.07932,55361
43.5036,2.07855,9.31818,0.08402,54720
43.5136,2.07809,9.32623,0.09366,55209
43.5236,2.07764,9.29117,0.08405,55018
43.5336,2.07718,9.30774,0.08355,54797
43.5436,2.07673,9.31182,0.08459,55016
43.5536,2.07628,9.31438,0.08833,55041
43.5636,2.07582,9.29773,0.08202,54980
43.5736,2.07537,9.30404,0.08296,55179
43.5836,2.07492,9.28506,0.08091,54588
43.5936,2.07446,9.31718,0.08531,55270
43.6036,2.07401,9.29029,0.08901,54675
43.6136,2.07356,9.29375,0.08199,55112
43.6236,2.07311,9.28227,0.08895,54585
43.6335,2.07266,9.2836,0.08387,55024
43.6435,2.0722,9.30222,0.08053,54968
43.6535,2.07175,9.27392,0.08447,54757
43.6635,2.0713,9.26732,0.08615,54918
43.6735,2.07085,9.27004,0.09342,54926
43.6835,2.0704,9.26314,0.08758,54451
43.6935,2.06995,9.27656,0.07657,54963
43.7035,2.0695,9.23958,0.08815,54441
43.7135,2.06905,9.25458,0.08972,55153
43.7235,2.0686,9.24379,0.08008,54601
43.7335,2.06815,9.26147,0.0818,54849
43.7435,2.0677,9.22176,0.08616,55031
43.7535,2.06725,9.22398,0.08418,54704
43.7635,2.0668,9.24138,0.08176,55094
43.7735,2.06635,9.21769,0.08077,54440
43.7835,2.0659,9.21569,0.08617,54716
43.7935,2.06545,9.19167,0.09178,54941
43.8035,2.06501,9.1987,0.08382,54470
43.8135,2.06456,9.21952,0.08169,55002
43.8235,2.06411,9.17629,0.08405,54713
43.8335,2.06366,9.17972,0.08261,54914
43.8435,2.06322,9.18217,0.08437,54699
43.8535,2.06277,9.16504,0.09123,54332
43.8635,2.06232,9.16301,0.08455,54967
43.8735,2.06187,9.16072,0.08994,54712
43.8835,2.06143,9.1655,0.07963,54731
43.8935,2.06098,9.13933,0.07654,54863
43.9035,2.06054,9.13341,0.08712,54580
43.9135,2.06009,9.15994,0.08443,54998
43.9235,2.05964,9.11997,0.08475,54755
43.9335,2.0592,9.11129,0.07975,54918
43.9435,2.05875,9.12911,0.08984,54630
43.9535,2.05831,9.11124,0.08553,54267
43.9635,2.05786,9.11539,0.08221,54982
43.9735,2.05742,9.08022,0.08154,54775
43.9835,2.05697,9.09194,0.07934,54755
43.9935,2.05653,9.11048,0.08692,54652
44.0035,2.05609,9.07451,0.09109,54774
44.0135,2.05564,9.06147,0.08404,54748
44.0235,2.0552,9.07833,0.09473,54375
44.0335,2.05475,9.09271,0.07834,54662
44.0435,2.05431,9.05311,0.07677,54983
44.0535,2.05387,9.05761,0.07738,54527
44.0635,2.05343,9.06163,0.09182,54719
44.0735,2.05298,9.06828,0.08865,54659
44.0835,2.05254,9.05735,0.08155,54829
44.0935,2.0521,9.03047,0.07872,54708
44.1035,2.05166,9.05001,0.08683,54517
44.1135,2.05121,9.05216,0.084,54855
44.1235,2.05077,9.03596,0.08484,54495
44.1335,2.05033,9.02444,0.07774,54714
44.1435,2.04989,9.03241,0.08552,54395
44.1535,2.04945,9.03493,0.08385,55135
44.1635,2.04901,9.04333,0.08413,54765
44.1735,2.04857,9.00507,0.09081,54424
44.1835,2.04813,9.00727,0.08301,54368
44.1935,2.04769,9.03321,0.08899,54908
44.2035,2.04725,9.0133,0.07861,54565
44.2134,2.04681,9.00934,0.07847,54543
44.2234,2.04637,8.97842,0.08607,54705
44.2334,2.04593,9.02313,0.08141,54881
44.2434,2.04549,9.00966,0.08022,54254
44.2534,2.04505,8.97567,0.08737,54831
44.2634,2.04461,8.99116,0.08172,54936
44.2734,2.04417,8.99552,0.08756,54522
44.2834,2.04373,8.98502,0.08103,54535
44.2934,2.0433,8.9579,0.0772,54565
44.3034,2.04286,8.96113,0.0792,54729
44.3134,2.04242,8.98921,0.08887,54775
44.3234,2.04198,8.94952,0.08526,54383
44.3334,2.04155,8.95644,0.08699,54728
44.3434,2.04111,8.94951,0.08572,54641
44.3534,2.04067,8.9615,0.0868,54418
44.3634,2.04024,8.94706,0.07783,54773
44.3734,2.0398,8.92181,0.07713,54381
44.3834,2.03936,8.95665,0.08272,54825
44.3934,2.03893,8.93121,0.08398,54750
44.4034,2.03849,8.91788,0.08705,54273
44.4134,2.03805,8.93818,0.08755,54870
44.4234,2.03762,8.91876,0.08373,54423
44.4334,2.03718,8.9173,0.07767,54981
44.4434,2.03675,8.90842,0.08072,54271
44.4534,2.03631,8.91765,0.07453,54711
44.4634,2.03588,8.88515,0.08878,54661
44.4734,2.03544,8.90481,0.08938,54581
44.4834,2.03501,8.89858,0.08278,54407
44.4934,2.03458,8.90155,0.08346,54749
44.5034,2.03414,8.87967,0.08139,54746
44.5134,2.03371,8.88053,0.09023,54333
44.5234,2.03328,8.90267,0.0828,54311
44.5334,2.03284,8.85304,0.07475,54821
44.5434,2.03241,8.87474,0.08318,54573
44.5534,2.03198,8.88112,0.08205,54508
44.5634,2.03154,8.87639,0.08634,54554
44.5734,2.03111,8.84271,0.08244,54613
44.5834,2.03068,8.88376,0.08742,54629
44.5934,2.03025,8.8718,0.07964,54487
44.6034,2.02981,8.86794,0.08009,54609
44.6134,2.02938,8.83179,0.08056,54314
44.6234,2.02895,8.87074,0.0813,54474
44.6334,2.02852,8.85216,0.0825,54624
44.6434,2.02809,8.86179,0.08408,54281
44.6534,2.02766,8.843,0.0833,54558
44.6634,2.02723,8.84511,0.08905,54230
44.6734,2.0268,8.86073,0.08612,54657
44.6834,2.02637,8.86276,0.08209,54146
44.6934,2.02594,8.831,0.07708,54344
44.7034,2.02551,8.83863,0.07981,54643
44.7134,2.02508,8.8449,0.08222,54115
44.7234,2.02465,8.85027,0.08446,54136
44.7334,2.02422,8.82358,0.08398,54612
44.7434,2.02379,8.84134,0.08626,54314
44.7534,2.02336,8.8488,0.08247,54349
44.7634,2.02293,8.80723,0.07651,54124
44.7734,2.0225,8.83789,0.07941,54672
44.7834,2.02207,8.82605,0.08457,54100
44.7934,2.02165,8.81788,0.07916,54053
44.8033,2.02122,8.80252,0.08505,54403
44.8133,2.02079,8.82772,0.08935,54218
44.8233,2.02036,8.81139,0.08315,53931
44.8333,2.01994,8.80791,0.08243,54248
44.8433,2.01951,8.79045,0.07684,54388
44.8533,2.01908,8.81567,0.08555,54221
44.8633,2.01865,8.78501,0.08885,53854
44.8733,2.01823,8.79376,0.0779,53886
44.8833,2.0178,8.8028,0.08308,54510
44.8933,2.01738,8.77553,0.08263,54039
44.9033,2.01695,8.79573,0.08532,54058
44.9133,2.01652,8.79298,0.07746,54117
44.9233,2.0161,8.78817,0.08296,54289
44.9333,2.01567,8.77352,0.08084,53862
44.9433,2.01525,8.78656,0.08303,54030
44.9533,2.01482,8.78751,0.07692,54101
44.9633,2.0144,8.75771,0.08355,54202
44.9733,2.01397,8.7779,0.09021,53559
44.9833,2.01355,8.7967,0.08305,54003
44.9933,2.01312,8.7453,0.07883,54226
45.0033,2.0127,8.77887,0.0823,54078
45.0133,2.01228,8.77681,0.08455,53424
45.0233,2.01185,8.75641,0.08319,54322
45.0333,2.01143,8.75426,0.08569,53693
45.0433,2.01101,8.76446,0.07689,53636
45.0533,2.01058,8.75472,0.0823,53966
45.0633,2.01016,8.75954,0.0865,54152
45.0733,2.00974,8.75354,0.08004,53759
45.0833,2.00932,8.74086,0.08119,53787
45.0933,2.00889,8.7564,0.08411,53844
45.1033,2.00847,8.74705,0.07338,54225
45.1133,2.00805,8.71144,0.08369,53379
45.1233,2.00763,8.7373,0.08703,53971
45.1333,2.00721,8.73569,0.08345,53656
45.1433,2.00678,8.7154,0.08056,53801
45.1533,2.00636,8.7314,0.0792,53858
45.1633,2.00594,8.72814,0.08188,53758
45.1733,2.00552,8.7058,0.08663,53642
45.1833,2.0051,8.69602,0.08164,53894
45.1933,2.00468,8.71137,0.08516,53278
45.2033,2.00426,8.71268,0.08755,53758
45.2133,2.00384,8.67217,0.07741,53736
45.2233,2.00342,8.71115,0.07985,53735
45.2333,2.003,8.7082,0.08091,53350
45.2433,2.00258,8.66782,0.08008,54037
45.2533,2.00216,8.69572,0.0833,53567
45.2633,2.00174,8.69404,0.08299,53431
45.2733,2.00133,8.67299,0.08355,53964
45.2833,2.00091,8.66803,0.08123,53460
45.2933,2.00049,8.68244,0.08021,53287
45.3033,2.00007,8.67521,0.07884,53686
45.3133,1.99965,8.65316,0.08405,53614
45.3233,1.99923,8.68651,0.08371,53618
45.3333,1.99882,8.64672,0.08056,53360
45.3433,1.9984,8.66474,0.08919,53619
45.3533,1.99798,8.66418,0.08257,53577
45.3633,1.99756,8.63639,0.08393,53336
45.3733,1.99715,8.65769,0.07891,53325
45.3832,1.99673,8.65804,0.0813,53456
45.3932,1.99631,8.61778,0.08188,53539
45.4032,1.9959,8.66437,0.07709,53473
45.4132,1.99548,8.64155,0.08552,53259
45.4232,1.99507,8.63036,0.0829,53840
45.4332,1.99465,8.6235,0.08103,53136
45.4432,1.99423,8.64636,0.0783,53276
45.4532,1.99382,8.61715,0.08173,53666
45.4632,1.9934,8.6296,0.08327,53224
45.4732,1.99299,8.63325,0.07981,53220
45.4832,1.99257,8.62464,0.08216,53614
45.4932,1.99216,8.61037,0.08491,53123
45.5032,1.99174,8.62903,0.08145,53166
45.5132,1.99133,8.62178,0.08764,53442
45.5232,1.99092,8.61068,0.08233,53352
45.5332,1.9905,8.61596,0.08365,52755
45.5432,1.99009,8.62047,0.07828,53507
45.5532,1.98967,8.61685,0.07583,53302
45.5632,1.98926,8.61156,0.08075,53094
45.5732,1.98885,8.6096,0.08689,53606
45.5832,1.98844,8.62023,0.08638,53036
45.5932,1.98802,8.60828,0.08127,53141
45.6032,1.98761,8.59928,0.07588,53283
45.6132,1.9872,8.63407,0.08292,53357
45.6232,1.98678,8.59014,0.07904,53011
45.6332,1.98637,8.58761,0.08276,52932
45.6432,1.98596,8.62455,0.07955,53426
45.6532,1.98555,8.58843,0.08526,53023
45.6632,1.98514,8.58222,0.08765,52973
45.6732,1.98473,8.62864,0.08329,53345
45.6832,1.98432,8.59278,0.08083,53040
45.6932,1.9839,8.5701,0.08605,52815
45.7032,1.98349,8.61579,0.0778,53186
45.7132,1.98308,8.59848,0.07965,52960
45.7232,1.98267,8.5636,0.08195,53048
45.7332,1.98226,8.60662,0.08197,53153
45.7432,1.98185,8.5826,0.08306,52939
45.7532,1.98144,8.57866,0.079,52894
45.7632,1.98103,8.59099,0.08402,53064
45.7732,1.98062,8.59284,0.07764,53416
45.7832,1.98021,8.56142,0.07721,52644
45.7932,1.97981,8.57985,0.08515,52853
45.8032,1.9794,8.5647,0.08352,53089
45.8132,1.97899,8.57774,0.08106,52869
45.8232,1.97858,8.5647,0.08472,52904
45.8332,1.97817,8.5695,0.08403,53137
45.8432,1.97776,8.56849,0.0794,52522
45.8532,1.97735,8.56151,0.08155,53172
45.8632,1.97695,8.55329,0.08689,52755
45.8732,1.97654,8.56502,0.08073,52791
45.8832,1.97613,8.54483,0.07729,52919
45.8932,1.97572,8.54924,0.08238,52887
45.9032,1.97532,8.55762,0.08215,52579
45.9132,1.97491,8.54935,0.08429,52993
45.9232,1.9745,8.53276,0.08136,52909
45.9332,1.9741,8.56635,0.0762,52877
45.9432,1.97369,8.53484,0.0793,52758
45.9532,1.97328,8.51315,0.08255,52572
45.9632,1.97288,8.54707,0.08215,52751
45.9731,1.97247,8.52678,0.08174,52834
45.9831,1.97207,8.52374,0.08536,52750
45.9931,1.97166,8.51913,0.08052,52843
46.0031,1.97126,8.53918,0.08441,52693
46.0131,1.97085,8.51881,0.07608,52518
46.0231,1.97045,8.49654,0.08812,52939
46.0331,1.97004,8.5237,0.08493,52498
46.0431,1.96964,8.50842,0.08112,52469
46.0531,1.96923,8.48278,0.07837,52663
46.0631,1.96883,8.52754,0.08553,52860
46.0731,1.96842,8.50561,0.07873,52341
46.0831,1.96802,8.48419,0.07698,53003
46.0931,1.96762,8.50317,0.09298,52505
46.1031,1.96721,8.48868,0.07146,52696
46.1131,1.96681,8.4764,0.08185,52658
46.1231,1.96641,8.49798,0.08578,52288
46.1331,1.966,8.48116,0.07695,52664
46.1431,1.9656,8.46978,0.08879,52510
46.1531,1.9652,8.50053,0.07718,52606
46.1631,1.9648,8.46371,0.08174,52400
46.1731,1.96439,8.46228,0.08715,52523
46.1831,1.96399,8.49089,0.08386,52983
46.1931,1.96359,8.45536,0.08109,52062
46.2031,1.96319,8.46769,0.08347,52358
46.2131,1.96279,8.4732,0.07837,52770
46.2231,1.96239,8.45411,0.07946,52063
46.2331,1.96199,8.47676,0.08003,52529
46.2431,1.96158,8.45009,0.08127,52760
46.2531,1.96118,8.47145,0.08484,52207
46.2631,1.96078,8.44907,0.08135,52531
46.2731,1.96038,8.46368,0.07617,52720
46.2831,1.95998,8.46473,0.08407,52006
46.2931,1.95958,8.43674,0.08114,52526
46.3031,1.95918,8.46117,0.07651,52476
46.3131,1.95878,8.46386,0.08547,52107
46.3231,1.95838,8.42782,0.0789,52461
46.3331,1.95798,8.46004,0.08469,52650
46.3431,1.95759,8.44236,0.0839,51967
46.3531,1.95719,8.45111,0.07956,52729
46.3631,1.95679,8.43849,0.08754,51978
46.3731,1.95639,8.43195,0.08511,52040
46.3831,1.95599,8.45483,0.07264,52718
46.3931,1.95559,8.43312,0.08162,51909
46.4031,1.95519,8.42304,0.08381,52229
46.4131,1.9548,8.44729,0.0815,52582
46.4231,1.9544,8.41911,0.0836,52139
46.4331,1.954,8.44511,0.0762,52424
46.4431,1.9536,8.44128,0.08178,52379
46.4531,1.95321,8.40545,0.07782,52077
46.4631,1.95281,8.43211,0.0799,51998
46.4731,1.95241,8.42362,0.08309,52302
46.4831,1.95202,8.41179,0.08503,52310
46.4931,1.95162,8.43399,0.0825,51786
46.5031,1.95122,8.41209,0.08169,52702
46.5131,1.95083,8.40679,0.08809,51920
46.5231,1.95043,8.43818,0.07727,51872
46.5331,1.95003,8.39289,0.08156,52451
46.5431,1.94964,8.40745,0.08111,51921
46.553,1.94924,8.40734,0.07665,51954
46.563,1.94885,8.40688,0.08473,52404
46.573,1.94845,8.41649,0.0827,51721
46.583,1.94806,8.40176,0.07688,52454
46.593,1.94766,8.39879,0.08343,51822
46.603,1.94727,8.40699,0.07689,52576
46.613,1.94687,8.40475,0.07944,51855
46.623,1.94648,8.3907,0.07863,51801
46.633,1.94609,8.39116,0.08616,52282
46.643,1.94569,8.40707,0.08043,51874
46.653,1.9453,8.37821,0.08088,52107
46.663,1.94491,8.38882,0.08348,51961
46.673,1.94451,8.41127,0.07892,51784
46.683,1.94412,8.36581,0.08436,52439
46.693,1.94373,8.3753,0.08616,51634
46.703,1.94333,8.38819,0.08301,51858
46.713,1.94294,8.367,0.07887,52212
46.723,1.94255,8.38294,0.07712,51347
46.733,1.94216,8.37889,0.08103,52347
46.743,1.94176,8.3543,0.08914,51810
46.753,1.94137,8.37618,0.07723,52012
46.763,1.94098,8.36515,0.0824,51943
46.773,1.94059,8.36514,0.07727,51915
46.783,1.9402,8.3493,0.0793,51808
46.793,1.93981,8.37046,0.08156,51956
46.803,1.93941,8.34796,0.07951,51762
46.813,1.93902,8.35717,0.08281,51834
46.823,1.93863,8.36466,0.08334,51781
46.833,1.93824,8.3324,0.08301,51962
46.843,1.93785,8.38156,0.08002,51791
46.853,1.93746,8.3312,0.08186,51954
46.863,1.93707,8.34488,0.08332,51587
46.873,1.93668,8.38015,0.0784,51517
46.883,1.93629,8.32407,0.08418,52299
46.893,1.9359,8.35425,0.08031,51265
46.903,1.93551,8.36555,0.07991,52127
46.913,1.93512,8.32666,0.07955,51450
46.923,1.93473,8.37834,0.08281,51870
46.933,1.93435,8.34536,0.07618,52009
46.943,1.93396,8.34456,0.08167,51491
46.953,1.93357,8.36363,0.08057,51845
46.963,1.93318,8.35293,0.08425,51627
46.973,1.93279,8.34932,0.07511,51526
46.983,1.9324,8.37103,0.08594,51933
46.993,1.93202,8.34677,0.08053,51348
47.003,1.93163,8.36363,0.08065,52099
47.013,1.93124,8.37585,0.08615,51474
47.023,1.93085,8.33293,0.08408,51527
47.033,1.93047,8.37274,0.08382,51860
47.043,1.93008,8.36625,0.07963,51081
47.053,1.92969,8.33559,0.07376,52060
47.063,1.92931,8.38454,0.08268,51552
47.073,1.92892,8.33713,0.08253,51393
47.083,1.92853,8.36986,0.08393,51954
47.093,1.92815,8.36157,0.08179,51147
47.103,1.92776,8.34712,0.0789,52117
47.113,1.92738,8.38056,0.07763,51535
47.123,1.92699,8.33157,0.07685,51148
47.133,1.9266,8.3513,0.08254,51685
47.1429,1.92622,8.34279,0.08508,51409
47.1529,1.92583,8.35645,0.08025,51652
47.1629,1.92545,8.3455,0.08859,51507
47.1729,1.92506,8.33955,0.07375,51439
47.1829,1.92468,8.35262,0.0864,51584
47.1929,1.9243,8.32504,0.08234,51546
47.2029,1.92391,8.3488,0.0821,51210
47.2129,1.92353,8.31523,0.08178,51501
47.2229,1.92314,8.34494,0.07999,51261
47.2329,1.92276,8.35934,0.0803,51587
47.2429,1.92238,8.30106,0.07895,51417
47.2529,1.92199,8.3577,0.08432,51455
47.2629,1.92161,8.31196,0.07944,51769
47.2729,1.92123,8.33434,0.07566,51171
47.2829,1.92084,8.34316,0.08431,51573
47.2929,1.92046,8.30386,0.08341,50830
47.3029,1.92008,8.34526,0.07588,51741
47.3129,1.91969,8.33243,0.08378,51239
47.3229,1.91931,8.32402,0.07836,51300
47.3329,1.91893,8.32689,0.08943,51727
47.3429,1.91855,8.31828,0.08115,50715
47.3529,1.91817,8.33602,0.08598,51981
47.3629,1.91779,8.33078,0.08174,50964
47.3729,1.9174,8.31453,0.08064,51344
47.3829,1.91702,8.33018,0.07521,51384
47.3929,1.91664,8.32741,0.08761,50781
47.4029,1.91626,8.32953,0.07904,52018
47.4129,1.91588,8.33731,0.07957,51047
47.4229,1.9155,8.29895,0.08176,51192
47.4329,1.91512,8.34804,0.07697,51552
47.4429,1.91474,8.30819,0.07802,50818
47.4529,1.91436,8.32058,0.08042,51635
47.4629,1.91398,8.33062,0.08539,51105
47.4729,1.9136,8.30552,0.08024,51034
47.4829,1.91322,8.34082,0.08349,51319
47.4929,1.91284,8.30531,0.08152,50796
47.5029,1.91246,8.33966,0.08179,51704
47.5129,1.91208,8.31199,0.07957,51258
47.5229,1.9117,8.32646,0.08617,50844
47.5329,1.91132,8.31859,0.08634,51595
47.5429,1.91094,8.31822,0.07916,50406
47.5529,1.91057,8.3361,0.0797,51760
47.5629,1.91019,8.32031,0.07813,51046
47.5729,1.90981,8.35497,0.07884,50727
47.5829,1.90943,8.31066,0.08738,51589
47.5929,1.90905,8.33865,0.08109,50720
47.6029,1.90868,8.3419,0.07647,51738
47.6129,1.9083,8.34533,0.08261,50903
47.6229,1.90792,8.34759,0.07683,50826
47.6329,1.90754,8.34776,0.08455,51223
47.6429,1.90717,8.35242,0.08066,50769
47.6529,1.90679,8.36356,0.08512,51330
47.6629,1.90641,8.37275,0.07878,51219
47.6729,1.90604,8.36698,0.08724,50671
47.6829,1.90566,8.39355,0.08453,51487
47.6929,1.90528,8.37132,0.08005,50791
47.7029,1.90491,8.40001,0.08409,50866
47.7129,1.90453,8.38862,0.07719,51251
47.7228,1.90416,8.41715,0.08398,50623
47.7328,1.90378,8.41564,0.08042,51588
47.7428,1.90341,8.41218,0.08257,50326
47.7528,1.90303,8.44203,0.08362,51396
47.7628,1.90266,8.45334,0.07561,51158
47.7728,1.90228,8.46145,0.0812,50646
47.7828,1.90191,8.46074,0.08561,51225
47.7928,1.90153,8.47988,0.07872,50366
47.8028,1.90116,8.47562,0.08638,51481
47.8128,1.90078,8.51391,0.0818,50823
47.8228,1.90041,8.50375,0.08045,50778
47.8328,1.90004,8.53252,0.08907,51123
47.8428,1.89966,8.53364,0.084,50711
47.8528,1.89929,8.55996,0.08086,50942
47.8628,1.89891,8.56017,0.08393,51234
47.8728,1.89854,8.58743,0.09137,50212
47.8828,1.89817,8.5891,0.07646,51264
47.8928,1.8978,8.63134,0.07983,50572
47.9028,1.89742,8.62728,0.08271,50997
47.9128,1.89705,8.66705,0.09104,51059
47.9228,1.89668,8.67277,0.08224,50316
47.9328,1.89631,8.68841,0.07816,51556
47.9428,1.89593,8.72151,0.08638,50296
47.9528,1.89556,8.71286,0.07656,51020
47.9628,1.89519,8.77823,0.08351,50640
47.9728,1.89482,8.75675,0.09111,50620
47.9828,1.89445,8.81581,0.08833,51055
47.9928,1.89408,8.81299,0.08158,50661
48.0028,1.8937,8.84822,0.0863,50842
48.0128,1.89333,8.86838,0.08306,51015
48.0228,1.89296,8.90236,0.08752,50427
48.0328,1.89259,8.9091,0.09294,51035
48.0428,1.89222,8.95618,0.08348,50264
48.0528,1.89185,8.9555,0.0816,51043
48.0628,1.89148,9.01025,0.08416,50551
48.0728,1.89111,9.0025,0.08771,50558
48.0828,1.89074,9.06754,0.08197,51055
48.0928,1.89037,9.07173,0.08501,50580
48.1028,1.89,9.09967,0.08329,50871
48.1128,1.88963,9.14192,0.08487,50538
48.1228,1.88926,9.13566,0.09068,50429
48.1328,1.88889,9.19838,0.08655,50827
48.1428,1.88852,9.20166,0.08296,50695
48.1528,1.88816,9.23915,0.08448,50742
48.1628,1.88779,9.27297,0.09368,50592
48.1728,1.88742,9.27125,0.08616,50503
48.1828,1.88705,9.32273,0.09166,50700
48.1928,1.88668,9.34123,0.0909,50744
48.2028,1.88631,9.34453,0.08365,50338
48.2128,1.88595,9.40092,0.08153,50622
48.2228,1.88558,9.38829,0.08727,50539
48.2328,1.88521,9.46359,0.09337,50449
48.2428,1.88484,9.43008,0.08301,51008
48.2528,1.88448,9.49494,0.08854,50115
48.2628,1.88411,9.48384,0.0843,51265
48.2728,1.88374,9.52573,0.08173,49998
48.2828,1.88338,9.51775,0.08732,50826
48.2928,1.88301,9.55646,0.08988,50334
48.3028,1.88264,9.56881,0.0847,50438
48.3127,1.88228,9.58599,0.09282,50700
48.3227,1.88191,9.58226,0.08739,50336
48.3327,1.88154,9.61771,0.08795,50699
48.3427,1.88118,9.59784,0.08741,50455
48.3527,1.88081,9.64162,0.08775,50471
48.3627,1.88045,9.61695,0.09224,50708
48.3727,1.88008,9.65886,0.09641,49883
48.3827,1.87972,9.61505,0.08235,50855
48.3927,1.87935,9.66891,0.0839,50154
48.4027,1.87899,9.61766,0.08536,50705
48.4127,1.87862,9.66448,0.08799,50375
48.4227,1.87826,9.62068,0.09148,50585
48.4327,1.87789,9.65851,0.07977,50388
48.4427,1.87753,9.61184,0.08696,50451
48.4527,1.87717,9.62549,0.09225,50077
48.4627,1.8768,9.60652,0.08038,50516
48.4727,1.87644,9.60009,0.09039,50425
48.4827,1.87607,9.57308,0.09215,50438
48.4927,1.87571,9.57281,0.08577,50437
48.5027,1.87535,9.54284,0.08741,50225
48.5127,1.87498,9.54113,0.094,50597
48.5227,1.87462,9.49885,0.08693,50425
48.5327,1.87426,9.49902,0.09093,50022
48.5427,1.8739,9.45371,0.08185,50611
48.5527,1.87353,9.45322,0.08349,49918
48.5627,1.87317,9.4023,0.09084,50710
48.5727,1.87281,9.39978,0.08527,50121
48.5827,1.87245,9.35408,0.08942,50462
48.5927,1.87208,9.33824,0.07879,50462
48.6027,1.87172,9.29687,0.08096,50106
48.6127,1.87136,9.2731,0.0947,50351
48.6227,1.871,9.24123,0.08337,50112
48.6327,1.87064,9.18707,0.08778,50380
48.6427,1.87028,9.20013,0.08539,50102
48.6527,1.86992,9.11371,0.08942,50283
48.6627,1.86956,9.14027,0.08411,50551
48.6727,1.8692,9.04933,0.09043,50200
48.6827,1.86883,9.05781,0.08496,50171
48.6927,1.86847,8.98976,0.08966,50439
48.7027,1.86811,8.97903,0.08976,49685
48.7127,1.86775,8.92762,0.07865,50609
48.7227,1.86739,8.91481,0.08723,49856
48.7327,1.86703,8.86526,0.08369,50450
48.7427,1.86667,8.8553,0.08328,50236
48.7527,1.86632,8.80349,0.08352,50104
48.7627,1.86596,8.77464,0.08426,50352
48.7727,1.8656,8.73886,0.08119,49935
48.7827,1.86524,8.70309,0.07871,50229
48.7927,1.86488,8.69564,0.08238,50090
48.8027,1.86452,8.63732,0.08876,50290
48.8127,1.86416,8.6407,0.08559,49950
48.8227,1.8638,8.58786,0.08514,50219
48.8327,1.86345,8.58201,0.08001,50094
48.8427,1.86309,8.53932,0.08332,50488
48.8527,1.86273,8.5387,0.08458,49942
48.8627,1.86237,8.47325,0.0902,50010
48.8727,1.86201,8.47515,0.08525,49856
48.8827,1.86166,8.45054,0.07924,50083
48.8926,1.8613,8.44213,0.08041,50207
48.9026,1.86094,8.39726,0.08217,50129
48.9126,1.86058,8.37789,0.08138,50313
48.9226,1.86023,8.36828,0.07886,49929
48.9326,1.85987,8.32752,0.07815,50197
48.9426,1.85951,8.33754,0.08126,49885
48.9526,1.85916,8.28903,0.08695,50035
48.9626,1.8588,8.30805,0.08071,49842
48.9726,1.85845,8.25248,0.08282,50134
48.9826,1.85809,8.27829,0.07855,49812
48.9926,1.85773,8.22789,0.08621,50355
49.0026,1.85738,8.25245,0.08229,50026
49.0126,1.85702,8.18751,0.09236,49943
49.0226,1.85667,8.21737,0.07741,49912
49.0326,1.85631,8.18035,0.08072,49952
49.0426,1.85596,8.16686,0.08377,50031
49.0526,1.8556,8.18612,0.07603,49883
49.0626,1.85525,8.12503,0.08384,49910
49.0726,1.85489,8.17531,0.08043,50089
49.0826,1.85454,8.10351,0.07765,50234
49.0926,1.85418,8.15212,0.07614,49636
49.1026,1.85383,8.08044,0.07695,50211
49.1126,1.85348,8.11991,0.09025,49364
49.1226,1.85312,8.06491,0.0789,50463
49.1326,1.85277,8.09239,0.07555,49721
49.1426,1.85241,8.06511,0.08835,49985
49.1526,1.85206,8.07328,0.08422,49884
49.1626,1.85171,8.04901,0.07979,49747
49.1726,1.85136,8.05677,0.0781,50198
49.1826,1.851,8.03737,0.0839,49676
49.1926,1.85065,8.02766,0.08362,50013
49.2026,1.8503,8.02216,0.08592,49689
49.2126,1.84994,8.00622,0.07526,49679
49.2226,1.84959,8.02507,0.07941,50316
49.2326,1.84924,8.01082,0.07975,49645
49.2426,1.84889,7.98527,0.07922,50137
49.2526,1.84854,8.00716,0.07967,49590
49.2626,1.84818,7.95418,0.07934,49976
49.2726,1.84783,7.99741,0.07578,49579
49.2826,1.84748,7.94621,0.07722,49847
49.2926,1.84713,7.9692,0.08506,49757
49.3026,1.84678,7.95733,0.08168,49863
49.3126,1.84643,7.94225,0.08609,49834
49.3226,1.84608,7.95008,0.07332,49919
49.3326,1.84573,7.93556,0.08426,49820
49.3426,1.84537,7.94916,0.08205,49540
49.3526,1.84502,7.91721,0.07918,49949
49.3626,1.84467,7.91436,0.08748,49738
49.3726,1.84432,7.92243,0.07346,49627
49.3826,1.84397,7.89502,0.08009,49869
49.3926,1.84362,7.91856,0.08097,49555
49.4026,1.84327,7.89453,0.07933,49859
49.4126,1.84292,7.91731,0.07512,49742
49.4226,1.84258,7.87859,0.0753,49978
49.4326,1.84223,7.88449,0.0838,49604
49.4426,1.84188,7.87269,0.07819,49542
49.4526,1.84153,7.87433,0.08032,49753
49.4626,1.84118,7.88598,0.07856,49610
49.4726,1.84083,7.86007,0.07911,49820
49.4825,1.84048,7.86106,0.07917,49488
49.4925,1.84013,7.8747,0.08641,49691
49.5025,1.83979,7.84124,0.08342,49883
49.5125,1.83944,7.87738,0.07596,49603
49.5225,1.83909,7.83387,0.08161,49807
49.5325,1.83874,7.86783,0.08411,49218
49.5425,1.83839,7.82303,0.07891,49768
49.5525,1.83805,7.8497,0.07719,49637
49.5625,1.8377,7.84433,0.07722,49837
49.5725,1.83735,7.83986,0.08019,49639
49.5825,1.837,7.83891,0.07399,49544
49.5925,1.83666,7.83245,0.07659,49831
49.6025,1.83631,7.80763,0.08238,49417
49.6125,1.83596,7.85013,0.07861,49525
49.6225,1.83562,7.79736,0.07929,49663
49.6325,1.83527,7.84566,0.07821,49288
49.6425,1.83492,7.7973,0.08324,49991
49.6525,1.83458,7.83047,0.08251,49443
49.6625,1.83423,7.80612,0.07564,49719
49.6725,1.83389,7.81855,0.08277,49523
49.6825,1.83354,7.80873,0.08434,49439
49.6925,1.8332,7.7999,0.08654,49467
49.7025,1.83285,7.78777,0.07358,49680
49.7125,1.83251,7.81613,0.07455,49348
49.7225,1.83216,7.77635,0.08032,49759
49.7325,1.83182,7.81749,0.08289,49260
49.7425,1.83147,7.78159,0.07759,49890
49.7525,1.83113,7.78615,0.07342,49612
49.7625,1.83078,7.79198,0.08028,49277
49.7725,1.83044,7.77007,0.07478,49696
49.7825,1.83009,7.80519,0.08289,49062
49.7925,1.82975,7.75816,0.08335,49742
49.8025,1.8294,7.78214,0.07723,49515
49.8125,1.82906,7.77037,0.08317,49315
49.8225,1.82872,7.777,0.07994,49593
49.8325,1.82837,7.76595,0.0795,49576
49.8425,1.82803,7.77807,0.0825,49461
49.8525,1.82769,7.74111,0.07738,49485
49.8625,1.82734,7.78375,0.0813,49021
49.8725,1.827,7.74354,0.07803,49851
49.8825,1.82666,7.75889,0.08185,49105
49.8925,1.82632,7.75127,0.07705,49691
49.9025,1.82597,7.74738,0.07369,49515
49.9125,1.82563,7.75603,0.07637,49324
49.9225,1.82529,7.73655,0.08092,49574
49.9325,1.82495,7.73289,0.07635,49184
49.9425,1.8246,7.7369,0.08046,49447
49.9525,1.82426,7.73992,0.0762,49292
49.9625,1.82392,7.72027,0.0824,49399
49.9725,1.82358,7.74572,0.0778,49495
49.9825,1.82324,7.70664,0.08295,49411
49.9925,1.8229,7.74573,0.08249,49123
50.0025,1.82256,7.69638,0.08312,49664
50.0125,1.82222,7.72883,0.07396,49228
50.0225,1.82187,7.71303,0.08503,49502
50.0325,1.82153,7.7004,0.07951,49220
50.0425,1.82119,7.71773,0.07453,49207
50.0525,1.82085,7.69785,0.07686,49589
50.0624,1.82051,7.70461,0.08304,49048
50.0724,1.82017,7.69959,0.07841,49691
50.0824,1.81983,7.70787,0.07466,49115
50.0924,1.81949,7.67702,0.07205,49426
50.1024,1.81915,7.7004,0.0826,49138
50.1124,1.81881,7.67134,0.08126,49197
50.1224,1.81847,7.68889,0.08056,49490
50.1324,1.81814,7.6768,0.07997,49165
50.1424,1.8178,7.67948,0.07539,49363
50.1524,1.81746,7.68609,0.07935,49462
50.1624,1.81712,7.65793,0.08021,49157
50.1724,1.81678,7.69162,0.08764,49348
50.1824,1.81644,7.65137,0.08001,49249
50.1924,1.8161,7.6842,0.08139,49003
50.2024,1.81576,7.65197,0.07085,49523
50.2124,1.81543,7.65178,0.07775,48982
50.2224,1.81509,7.6734,0.08217,49531
50.2324,1.81475,7.64438,0.07977,49226
50.2424,1.81441,7.66629,0.07231,49115
50.2524,1.81408,7.6336,0.07592,49372
50.2624,1.81374,7.6541,0.08553,48604
50.2724,1.8134,7.64413,0.07539,49667
50.2824,1.81306,7.65394,0.07467,49133
50.2924,1.81273,7.63642,0.08153,49188
50.3024,1.81239,7.64353,0.08388,49464
50.3124,1.81205,7.63662,0.07748,48804
50.3224,1.81172,7.64166,0.07824,49709
50.3324,1.81138,7.64697,0.07986,48838
50.3424,1.81104,7.62364,0.08325,49277
50.3524,1.81071,7.65709,0.07902,49294
50.3624,1.81037,7.59973,0.08166,48729
50.3724,1.81004,7.64541,0.07851,49490
50.3824,1.8097,7.62862,0.07794,49161
50.3924,1.80936,7.61403,0.07208,48790
50.4024,1.80903,7.64972,0.07532,49664
50.4124,1.80869,7.60495,0.081,48862
50.4224,1.80836,7.62551,0.08253,49050
50.4324,1.80802,7.61115,0.07445,49218
50.4424,1.80769,7.6034,0.08123,48848
50.4524,1.80735,7.63344,0.07767,49211
50.4624,1.80702,7.60419,0.07786,49353
50.4724,1.80668,7.62582,0.07789,48795
50.4824,1.80635,7.5998,0.08488,49584
50.4924,1.80602,7.5933,0.08316,48504
50.5024,1.80568,7.61455,0.07991,49474
50.5124,1.80535,7.60046,0.07871,49180
50.5224,1.80501,7.60208,0.07726,48661
50.5324,1.80468,7.59454,0.07812,49376
50.5424,1.80435,7.6056,0.07682,48574
50.5524,1.80401,7.58373,0.0809,49424
50.5624,1.80368,7.59684,0.07578,49306
50.5724,1.80335,7.59238,0.07328,48650
50.5824,1.80301,7.58571,0.07363,49371
50.5924,1.80268,7.59754,0.07538,48633
50.6024,1.80235,7.56327,0.08746,49209
50.6124,1.80202,7.59045,0.0851,49096
50.6224,1.80168,7.57159,0.07412,48830
50.6324,1.80135,7.58145,0.07652,49265
50.6424,1.80102,7.59046,0.08308,48955
50.6523,1.80069,7.5619,0.08158,49009
50.6623,1.80035,7.57962,0.07439,49248
50.6723,1.80002,7.56912,0.08784,48725
50.6823,1.79969,7.56485,0.08433,49037
50.6923,1.79936,7.58578,0.07537,48971
50.7023,1.79903,7.55251,0.07559,49029
50.7123,1.7987,7.56539,0.07513,48996
50.7223,1.79837,7.55784,0.08191,48787
50.7323,1.79803,7.5588,0.07114,49244
50.7423,1.7977,7.5717,0.07918,48828
50.7523,1.79737,7.53038,0.07847,48819
50.7623,1.79704,7.56372,0.07646,49010
50.7723,1.79671,7.54768,0.07524,48920
50.7823,1.79638,7.54248,0.07879,49011
50.7923,1.79605,7.5609,0.08612,48927
50.8023,1.79572,7.52238,0.08148,48834
50.8123,1.79539,7.54445,0.07756,49159
50.8223,1.79506,7.5373,0.07465,48769
50.8323,1.79473,7.5281,0.08398,49120
50.8423,1.7944,7.5513,0.0851,48751
50.8523,1.79407,7.50147,0.07731,48660
50.8623,1.79374,7.51994,0.07833,49084
50.8723,1.79342,7.53938,0.07814,48810
50.8823,1.79309,7.50107,0.07527,48939
50.8923,1.79276,7.53691,0.07083,49127
50.9023,1.79243,7.50198,0.07491,48622
50.9123,1.7921,7.50619,0.08278,49113
50.9223,1.79177,7.52706,0.08109,48710
50.9323,1.79144,7.49303,0.07492,48782
50.9423,1.79112,7.50681,0.07923,48952
50.9523,1.79079,7.51005,0.07761,48762
50.9623,1.79046,7.50126,0.07661,48884
50.9723,1.79013,7.52028,0.08529,48811
50.9823,1.7898,7.48802,0.0821,48808
50.9923,1.78948,7.49906,0.08527,49039
51.0023,1.78915,7.51401,0.07258,48785
51.0123,1.78882,7.48733,0.0793,48770
51.0223,1.7885,7.50209,0.07891,48911
51.0323,1.78817,7.49416,0.07638,48541
51.0423,1.78784,7.50033,0.08172,49030
51.0523,1.78752,7.49717,0.07277,48658
51.0623,1.78719,7.49761,0.07407,49042
51.0723,1.78686,7.48437,0.07446,48559
51.0823,1.78654,7.50318,0.07971,48746
51.0923,1.78621,7.48381,0.07614,48942
51.1023,1.78588,7.4919,0.083,48605
51.1123,1.78556,7.48789,0.082,48794
51.1223,1.78523,7.49621,0.07405,49043
51.1323,1.78491,7.49118,0.08071,48430
51.1423,1.78458,7.48776,0.08079,49082
51.1523,1.78426,7.48818,0.07783,48811
51.1623,1.78393,7.48347,0.08204,48590
51.1723,1.78361,7.48508,0.0853,48940
51.1823,1.78328,7.47798,0.08052,48293
51.1923,1.78296,7.48267,0.06836,49003
51.2023,1.78263,7.47266,0.08076,48778
51.2123,1.78231,7.48395,0.0771,48636
51.2223,1.78198,7.47165,0.07488,48996
51.2323,1.78166,7.47262,0.07692,48425
51.2422,1.78133,7.46489,0.07506,48583
51.2522,1.78101,7.47538,0.0769,48930
51.2622,1.78069,7.47451,0.07622,48538
51.2722,1.78036,7.4651,0.08296,48666
51.2822,1.78004,7.46572,0.07863,48720
51.2922,1.77971,7.46635,0.08671,48593
51.3022,1.77939,7.47443,0.07484,49027
51.3122,1.77907,7.46714,0.07808,48586
51.3222,1.77875,7.46417,0.08101,48849
51.3322,1.77842,7.46716,0.08341,48699
51.3422,1.7781,7.46563,0.07982,48487
51.3522,1.77778,7.45703,0.07858,48749
51.3622,1.77745,7.457,0.07919,48405
51.3722,1.77713,7.46285,0.07285,48809
51.3822,1.77681,7.47269,0.07012,48748
51.3922,1.77649,7.4568,0.07968,48532
51.4022,1.77616,7.45643,0.08133,48670
51.4122,1.77584,7.46339,0.07816,48371
51.4222,1.77552,7.46302,0.07785,48689
51.4322,1.7752,7.46888,0.07082,48844
51.4422,1.77488,7.45576,0.08501,48427
51.4522,1.77456,7.46774,0.07965,48772
51.4622,1.77424,7.46539,0.07971,48478
51.4722,1.77391,7.45547,0.08583,48628
51.4822,1.77359,7.46698,0.07808,48957
51.4922,1.77327,7.46542,0.07796,48565
51.5022,1.77295,7.46041,0.07997,48336
51.5122,1.77263,7.46224,0.07933,48705
51.5222,1.77231,7.46341,0.07824,48602
51.5322,1.77199,7.46717,0.07622,48570
51.5422,1.77167,7.46871,0.07684,48664
51.5522,1.77135,7.45706,0.07252,48522
51.5622,1.77103,7.46097,0.07254,48301
51.5722,1.77071,7.46315,0.07847,48699
51.5822,1.77039,7.46083,0.08013,48462
51.5922,1.77007,7.46181,0.08318,48556
51.6022,1.76975,7.46171,0.08057,48589
51.6122,1.76943,7.46351,0.07413,48757
51.6222,1.76911,7.46103,0.07526,48308
51.6322,1.76879,7.46727,0.08544,48702
51.6422,1.76847,7.46449,0.07976,48575
51.6522,1.76816,7.46881,0.0868,48500
51.6622,1.76784,7.46438,0.08091,48621
51.6722,1.76752,7.46305,0.07505,48478
51.6822,1.7672,7.46011,0.07399,48286
51.6922,1.76688,7.47431,0.07804,48726
51.7022,1.76656,7.4713,0.07816,48632
51.7122,1.76625,7.459,0.0726,48354
51.7222,1.76593,7.47517,0.07805,48465
51.7322,1.76561,7.47056,0.07913,48423
51.7422,1.76529,7.46971,0.07838,48340
51.7522,1.76497,7.48806,0.07487,48718
51.7622,1.76466,7.48103,0.08023,48239
51.7722,1.76434,7.48725,0.08127,48548
51.7822,1.76402,7.50027,0.087,48742
51.7922,1.76371,7.49699,0.07721,48410
51.8022,1.76339,7.50017,0.07411,48555
51.8122,1.76307,7.5069,0.08285,48529
51.8221,1.76276,7.51107,0.08529,48187
51.8321,1.76244,7.52272,0.08258,48580
51.8421,1.76212,7.52649,0.07937,48478
51.8521,1.76181,7.52516,0.07317,48345
51.8621,1.76149,7.55243,0.07317,48596
51.8721,1.76117,7.55146,0.07567,48485
51.8821,1.76086,7.54908,0.07926,48361
51.8921,1.76054,7.56121,0.08572,48255
51.9021,1.76023,7.57982,0.07473,48355
51.9121,1.75991,7.58163,0.07753,48501
51.9221,1.7596,7.5995,0.08138,48388
51.9321,1.75928,7.60987,0.08077,48453
51.9421,1.75897,7.61461,0.07926,48323
51.9521,1.75865,7.62814,0.08417,48444
51.9621,1.75834,7.64206,0.08121,48704
51.9721,1.75802,7.65326,0.08333,48226
51.9821,1.75771,7.67062,0.07886,48539
51.9921,1.75739,7.67849,0.08102,48304
52.0021,1.75708,7.68321,0.08415,48124
52.0121,1.75676,7.71689,0.07651,48544
52.0221,1.75645,7.71037,0.08235,48292
52.0321,1.75613,7.74429,0.07087,48525
52.0421,1.75582,7.74189,0.07727,48288
52.0521,1.75551,7.76617,0.07611,48277
52.0621,1.75519,7.77852,0.08474,48423
52.0721,1.75488,7.793,0.0847,48201
52.0821,1.75457,7.81748,0.08152,48387
52.0921,1.75425,7.83249,0.07684,48618
52.1021,1.75394,7.83013,0.07846,48088
52.1121,1.75363,7.86321,0.08676,48491
52.1221,1.75331,7.87958,0.08402,48484
52.1321,1.753,7.87795,0.0829,47965
52.1421,1.75269,7.91563,0.08381,48672
52.1521,1.75238,7.90882,0.08629,48222
52.1621,1.75206,7.93517,0.07866,48171
52.1721,1.75175,7.94118,0.08016,48571
52.1821,1.75144,7.95732,0.07978,48224
52.1921,1.75113,7.96295,0.07553,48437
52.2021,1.75082,7.98061,0.07873,48184
52.2121,1.7505,7.97614,0.08165,48085
52.2221,1.75019,8.00255,0.07658,48418
52.2321,1.74988,7.9997,0.07964,48064
52.2421,1.74957,8.0098,0.08207,48529
52.2521,1.74926,8.01952,0.09252,48371
52.2621,1.74895,8.01317,0.08092,47978
52.2721,1.74864,8.03573,0.07841,48620
52.2821,1.74833,8.0321,0.07864,48176
52.2921,1.74801,8.02646,0.08668,48239
52.3021,1.7477,8.03147,0.08662,48602
52.3121,1.74739,8.02761,0.08356,48050
52.3221,1.74708,8.03115,0.0822,48087
52.3321,1.74677,8.02348,0.07856,48432
52.3421,1.74646,8.031,0.07864,48236
52.3521,1.74615,8.01749,0.07241,48223
52.3621,1.74584,8.00847,0.08202,48205
52.3721,1.74553,8.01406,0.07973,48345
52.3821,1.74522,7.99368,0.08213,48126
52.3921,1.74491,7.99478,0.08193,47813
52.4021,1.7446,7.98707,0.07809,48685
52.412,1.7443,7.97542,0.0816,48140
52.422,1.74399,7.95809,0.08004,47998
52.432,1.74368,7.96416,0.08779,48647
52.442,1.74337,7.93008,0.08365,47887
52.452,1.74306,7.94142,0.08392,48385
52.462,1.74275,7.92154,0.07658,48628
52.472,1.74244,7.89629,0.08462,47919
52.482,1.74213,7.88554,0.08339,48196
52.492,1.74183,7.8713,0.09194,47981
52.502,1.74152,7.86122,0.07228,48313
52.512,1.74121,7.84308,0.07703,48221
52.522,1.7409,7.82908,0.07507,48171
52.532,1.74059,7.80192,0.07795,48300
52.542,1.74029,7.78933,0.08329,47933
52.552,1.73998,7.77573,0.08176,47960
52.562,1.73967,7.7685,0.07644,48479
52.572,1.73936,7.73107,0.08179,47834
52.582,1.73906,7.7341,0.07776,48509
52.592,1.73875,7.70385,0.08377,48279
52.602,1.73844,7.69189,0.0844,48043
52.612,1.73814,7.67843,0.07786,48264
52.622,1.73783,7.65849,0.08305,48157
52.632,1.73752,7.64377,0.0882,48310
52.642,1.73722,7.6218,0.07721,48083
52.652,1.73691,7.59542,0.08377,47683
52.662,1.7366,7.60841,0.07594,48632
52.672,1.7363,7.57247,0.07711,47983
52.682,1.73599,7.55484,0.07609,47984
52.692,1.73569,7.54823,0.07619,48316
52.702,1.73538,7.5324,0.07339,47832
52.712,1.73507,7.51598,0.08157,48210
52.722,1.73477,7.5086,0.07995,48076
52.732,1.73446,7.48374,0.08431,48002
52.742,1.73416,7.4804,0.07871,48126
52.752,1.73385,7.46258,0.07747,48258
52.762,1.73355,7.45882,0.07813,48231
52.772,1.73324,7.44701,0.08321,48230
52.782,1.73294,7.41567,0.08548,47762
52.792,1.73263,7.4305,0.07962,48524
52.802,1.73233,7.40331,0.07776,48051
52.812,1.73202,7.3887,0.08706,47617
52.822,1.73172,7.38946,0.0726,48425
52.832,1.73142,7.36735,0.07378,47840
52.842,1.73111,7.36634,0.07307,48232
52.852,1.73081,7.36063,0.07878,48152
52.862,1.7305,7.33612,0.0791,47696
52.872,1.7302,7.34547,0.07594,48261
52.882,1.7299,7.32988,0.07441,48001
52.892,1.72959,7.32009,0.08394,47955
52.902,1.72929,7.33001,0.07726,48341
52.912,1.72899,7.30364,0.08144,47744
52.922,1.72868,7.30505,0.07651,48467
52.932,1.72838,7.29761,0.08012,48133
52.942,1.72808,7.28191,0.08096,47614
52.952,1.72777,7.29392,0.07968,48443
52.962,1.72747,7.27759,0.08433,47959
52.972,1.72717,7.26447,0.07954,48004
52.982,1.72687,7.27071,0.07103,48099
52.9919,1.72657,7.26253,0.07694,47833
53.0019,1.72626,7.26029,0.07536,48267
53.0119,1.72596,7.24399,0.07387,47596
53.0219,1.72566,7.24513,0.07905,47931
53.0319,1.72536,7.25249,0.07163,48304
53.0419,1.72506,7.23818,0.0856,47668
53.0519,1.72475,7.23198,0.07792,48248
53.0619,1.72445,7.23993,0.07772,48180
53.0719,1.72415,7.21577,0.07723,47677
53.0819,1.72385,7.23262,0.08059,48023
53.0919,1.72355,7.21922,0.07819,48151
53.1019,1.72325,7.21695,0.07944,48098
53.1119,1.72295,7.22793,0.07962,48102
53.1219,1.72265,7.20993,0.0774,48034
53.1319,1.72235,7.20128,0.08069,47922
53.1419,1.72205,7.21151,0.07828,47886
53.1519,1.72175,7.20021,0.07788,47784
53.1619,1.72144,7.21255,0.07029,48379
53.1719,1.72114,7.18863,0.07117,47699
53.1819,1.72084,7.19572,0.07769,47832
53.1919,1.72054,7.20246,0.08003,48055
53.2019,1.72025,7.18643,0.07721,47759
53.2119,1.71995,7.1905,0.0729,48187
53.2219,1.71965,7.18594,0.08374,47721
53.2319,1.71935,7.18433,0.07557,47991
53.2419,1.71905,7.1986,0.07987,48229
53.2519,1.71875,7.17505,0.08082,47956
53.2619,1.71845,7.1774,0.07926,47910
53.2719,1.71815,7.18181,0.07972,48169
53.2819,1.71785,7.17813,0.08007,48005
53.2919,1.71755,7.16576,0.08109,47753
53.3019,1.71725,7.16717,0.07637,47699
53.3119,1.71696,7.16887,0.07583,47986
53.3219,1.71666,7.171,0.06759,48208
53.3319,1.71636,7.15773,0.07676,47592
53.3419,1.71606,7.15309,0.08109,47982
53.3519,1.71576,7.15837,0.07193,47753
53.3619,1.71546,7.14673,0.07661,47871
53.3719,1.71517,7.15257,0.08035,47975
53.3819,1.71487,7.14867,0.07859,48021
53.3919,1.71457,7.13687,0.07372,47790
53.4019,1.71427,7.14265,0.08164,47920
53.4119,1.71398,7.13922,0.0795,48025
53.4219,1.71368,7.13825,0.07791,48072
53.4319,1.71338,7.12854,0.07989,47764
53.4419,1.71309,7.13496,0.07738,48159
53.4519,1.71279,7.12525,0.07926,47872
53.4619,1.71249,7.12179,0.08301,47697
53.4719,1.7122,7.11361,0.07254,47549
53.4819,1.7119,7.12396,0.07055,48203
53.4919,1.7116,7.12082,0.07576,47746
53.5019,1.71131,7.11034,0.07227,47885
53.5119,1.71101,7.11128,0.07557,47697
53.5219,1.71071,7.11643,0.08162,47886
53.5319,1.71042,7.10682,0.07693,48008
53.5419,1.71012,7.10763,0.07255,47785
53.5519,1.70983,7.10493,0.07902,47776
53.5619,1.70953,7.11401,0.08683,47795
53.5719,1.70924,7.10875,0.07573,48168
53.5818,1.70894,7.10212,0.07832,47870
53.5918,1.70864,7.10896,0.07873,47830
53.6018,1.70835,7.10315,0.08198,47941
53.6118,1.70805,7.10208,0.07638,47910
53.6218,1.70776,7.10638,0.08005,47611
53.6318,1.70747,7.10092,0.0751,47878
53.6418,1.70717,7.10291,0.06901,47850
53.6518,1.70688,7.10351,0.07834,47796
53.6618,1.70658,7.09751,0.07561,47548
53.6718,1.70629,7.09906,0.07726,47989
53.6818,1.70599,7.10032,0.07242,47814
53.6918,1.7057,7.0952,0.07892,47700
53.7018,1.7054,7.09811,0.07556,47892
53.7118,1.70511,7.09036,0.08642,47792
53.7218,1.70482,7.09778,0.07212,47835
53.7318,1.70452,7.09435,0.07727,48096
53.7418,1.70423,7.09113,0.0867,47725
53.7518,1.70394,7.08934,0.07906,47886
53.7618,1.70364,7.08684,0.07722,47941
53.7718,1.70335,7.07925,0.07893,47562
53.7818,1.70306,7.08077,0.07993,47825
53.7918,1.70276,7.06893,0.07593,47710
53.8018,1.70247,7.08167,0.06843,47990
53.8118,1.70218,7.06942,0.07548,47601
53.8218,1.70189,7.05697,0.07138,47586
53.8318,1.70159,7.06572,0.08148,47812
53.8418,1.7013,7.07466,0.07411,47733
53.8518,1.70101,7.04672,0.07919,47677
53.8618,1.70072,7.06967,0.07366,48134
53.8718,1.70042,7.0501,0.083,47584
53.8818,1.70013,7.05434,0.07529,47873
53.8918,1.69984,7.04502,0.08526,47632
53.9018,1.69955,7.05725,0.07956,47923
53.9118,1.69926,7.05595,0.07272,48073
53.9218,1.69897,7.04313,0.08503,47585
53.9318,1.69867,7.04318,0.07894,47705
53.9418,1.69838,7.04413,0.083,47950
53.9518,1.69809,7.03924,0.06992,47498
53.9618,1.6978,7.03908,0.06952,47674
53.9718,1.69751,7.03862,0.07367,47986
53.9818,1.69722,7.03433,0.07528,47411
53.9918,1.69693,7.04248,0.07932,47663
54.0018,1.69664,7.02338,0.07304,47735
54.0118,1.69635,7.03576,0.07733,47631
54.0218,1.69606,7.03704,0.07658,48063
54.0318,1.69577,7.02552,0.07732,47494
54.0418,1.69548,7.03386,0.08383,47798
54.0518,1.69519,7.03645,0.08075,47952
54.0618,1.6949,7.02139,0.07366,47594
54.0718,1.69461,7.04181,0.07947,48099
54.0818,1.69432,7.02415,0.08309,47624
54.0918,1.69403,7.02445,0.07608,47688
54.1018,1.69374,7.02699,0.07976,47750
54.1118,1.69345,7.01504,0.07872,47490
54.1218,1.69316,7.02007,0.0713,47744
54.1318,1.69287,7.02657,0.06836,47774
54.1418,1.69258,7.00598,0.07397,47363
54.1518,1.69229,7.02749,0.0755,48007
54.1617,1.692,7.00963,0.07938,47432
54.1717,1.69172,7.0095,0.08138,47562
54.1817,1.69143,7.0287,0.0731,48065
54.1917,1.69114,7.00065,0.07241,47585
54.2017,1.69085,7.01644,0.0856,47632
54.2117,1.69056,7.02249,0.07966,47985
54.2217,1.69027,6.99415,0.07928,47457
54.2317,1.68999,7.01925,0.08296,47811
54.2417,1.6897,7.00834,0.07449,47676
54.2517,1.68941,7.0088,0.07874,47678
54.2617,1.68912,7.01371,0.08021,47877
54.2717,1.68883,6.98907,0.08154,47265
54.2817,1.68855,7.01007,0.06498,47696
54.2917,1.68826,7.0071,0.07666,47592
54.3017,1.68797,6.99513,0.07269,47327
54.3117,1.68769,7.01232,0.07485,47900
54.3217,1.6874,7.00215,0.07601,47692
54.3317,1.68711,6.99792,0.07999,47235
54.3417,1.68683,7.01552,0.08071,47802
54.3517,1.68654,6.99513,0.07607,47421
54.3617,1.68625,7.01902,0.07515,47950
54.3717,1.68597,7.00524,0.07864,47640
54.3817,1.68568,7.00167,0.08105,47248
54.3917,1.68539,7.01676,0.08009,47912
54.4017,1.68511,7.00605,0.08131,47789
54.4117,1.68482,7.00356,0.07804,47248
54.4217,1.68453,7.00452,0.07589,47766
54.4317,1.68425,7.00261,0.07675,47456
54.4417,1.68396,7.00915,0.06834,47638
54.4517,1.68368,6.99196,0.08074,47314
54.4617,1.68339,6.99555,0.07026,47280
54.4717,1.68311,7.00241,0.07354,47970
54.4817,1.68282,7.00097,0.07799,47463
54.4917,1.68254,6.99353,0.07864,47310
54.5017,1.68225,6.99819,0.07465,47900
54.5117,1.68197,6.99209,0.08274,47512
54.5217,1.68168,6.98822,0.07466,47691
54.5317,1.6814,6.98742,0.07843,47664
54.5417,1.68111,6.98282,0.07769,47398
54.5517,1.68083,6.9953,0.0826,48034
54.5617,1.68054,6.97469,0.08,47605
54.5717,1.68026,6.9749,0.07895,47503
54.5817,1.67997,6.98287,0.07676,47649
54.5917,1.67969,6.96339,0.07258,47380
54.6017,1.67941,6.96761,0.07177,47509
54.6117,1.67912,6.96447,0.07206,47781
54.6217,1.67884,6.96082,0.07397,47198
54.6317,1.67856,6.96232,0.08159,47666
54.6417,1.67827,6.95319,0.07101,47580
54.6517,1.67799,6.96235,0.0746,47434
54.6617,1.67771,6.94652,0.08217,47942
54.6717,1.67742,6.95267,0.08111,47289
54.6817,1.67714,6.94249,0.07565,47587
54.6917,1.67686,6.9496,0.07946,47918
54.7017,1.67657,6.94541,0.07504,47582
54.7117,1.67629,6.94224,0.08143,47543
54.7217,1.67601,6.94445,0.07988,47666
54.7317,1.67573,6.93626,0.08128,47634
54.7417,1.67544,6.94452,0.07985,47687
54.7516,1.67516,6.92501,0.07561,47466
54.7616,1.67488,6.93079,0.06483,47386
54.7716,1.6746,6.93483,0.07314,47580
54.7816,1.67431,6.92465,0.08296,47332
54.7916,1.67403,6.93275,0.0706,47676
54.8016,1.67375,6.92542,0.07942,47487
54.8116,1.67347,6.92783,0.07691,47308
54.8216,1.67319,6.93917,0.07382,48054
54.8316,1.67291,6.91403,0.07581,47314
54.8416,1.67262,6.93236,0.08479,47628
54.8516,1.67234,6.93557,0.0773,47667
54.8616,1.67206,6.9227,0.08161,47677
54.8716,1.67178,6.93038,0.07608,47518
54.8816,1.6715,6.92105,0.07486,47730
54.8916,1.67122,6.93262,0.08267,47522
54.9016,1.67094,6.92501,0.08472,47508
54.9116,1.67066,6.92096,0.0735,47462
54.9216,1.67038,6.93088,0.06748,47499
54.9316,1.6701,6.92275,0.07285,47541
54.9416,1.66982,6.91341,0.07335,47234
54.9516,1.66954,6.92685,0.07347,47399
54.9616,1.66926,6.92431,0.08766,47761
54.9716,1.66898,6.92366,0.07208,47452
54.9816,1.6687,6.92754,0.07594,47663
54.9916,1.66842,6.92098,0.08251,47239
55.0016,1.66814,6.9287,0.07474,47708
55.0116,1.66786,6.92719,0.07939,47808
55.0216,1.66758,6.92802,0.08044,47507
55.0316,1.6673,6.92258,0.07612,47572
55.0416,1.66702,6.93113,0.08233,47638
55.0516,1.66674,6.91465,0.07787,47603
55.0616,1.66646,6.92312,0.07823,47340
55.0716,1.66618,6.92172,0.07675,47497
55.0816,1.6659,6.92325,0.06877,47311
55.0916,1.66563,6.92194,0.07062,47574
55.1016,1.66535,6.91242,0.07349,47299
55.1116,1.66507,6.91862,0.07776,47513
55.1216,1.66479,6.92744,0.07587,47510
55.1316,1.66451,6.91637,0.07764,47506
55.1416,1.66423,6.91497,0.07716,47568
55.1516,1.66396,6.91639,0.07758,47370
55.1616,1.66368,6.929,0.07511,47818
55.1716,1.6634,6.91367,0.08417,47483
55.1816,1.66312,6.91089,0.07696,47457
55.1916,1.66284,6.91513,0.0847,47521
55.2016,1.66257,6.9268,0.07359,47678
55.2116,1.66229,6.91749,0.0791,47752
55.2216,1.66201,6.91287,0.08051,47284
55.2316,1.66174,6.90291,0.07308,47075
55.2416,1.66146,6.92423,0.07258,47674
55.2516,1.66118,6.90988,0.06838,47311
55.2616,1.6609,6.91212,0.07867,47632
55.2716,1.66063,6.90728,0.07435,47344
55.2816,1.66035,6.90989,0.07558,47276
55.2916,1.66007,6.91929,0.08178,47713
55.3016,1.6598,6.90705,0.07665,47370
55.3116,1.65952,6.90715,0.07515,47417
55.3216,1.65925,6.91476,0.08363,47762
55.3315,1.65897,6.91147,0.07571,47287
55.3415,1.65869,6.90474,0.07727,47662
55.3515,1.65842,6.91213,0.08416,47614
55.3615,1.65814,6.90191,0.08114,47501
55.3715,1.65787,6.90767,0.07584,47494
55.3815,1.65759,6.89503,0.07317,47464
55.3915,1.65731,6.89956,0.07524,47172
55.4015,1.65704,6.90253,0.07436,47589
55.4115,1.65676,6.89235,0.0705,47179
55.4215,1.65649,6.89441,0.07345,47487
55.4315,1.65621,6.89774,0.07204,47658
55.4415,1.65594,6.89434,0.08195,46982
55.4515,1.65566,6.88793,0.07447,47702
55.4615,1.65539,6.89485,0.08305,47537
55.4715,1.65511,6.88188,0.07634,47249
55.4815,1.65484,6.89102,0.07577,47669
55.4915,1.65456,6.88595,0.07861,47481
55.5015,1.65429,6.88149,0.08008,47459
55.5115,1.65402,6.89029,0.07917,47674
55.5215,1.65374,6.8765,0.08102,47371
55.5315,1.65347,6.88301,0.07808,47608
55.5415,1.65319,6.87518,0.07547,47530
55.5515,1.65292,6.87951,0.07296,47060
55.5615,1.65265,6.86993,0.06792,47378
55.5715,1.65237,6.86955,0.07779,47393
55.5815,1.6521,6.87155,0.07411,47181
55.5915,1.65183,6.86974,0.07648,47580
55.6015,1.65155,6.86739,0.07487,47280
55.6115,1.65128,6.86888,0.07372,47454
55.6215,1.65101,6.87517,0.08432,47690
55.6315,1.65073,6.85578,0.07836,47247
55.6415,1.65046,6.87344,0.07755,47757
55.6515,1.65019,6.8663,0.07903,47343
55.6615,1.64991,6.86041,0.08013,47247
55.6715,1.64964,6.87523,0.07886,48007
55.6815,1.64937,6.85841,0.07849,47428
55.6915,1.6491,6.85712,0.08141,47281
55.7015,1.64882,6.86475,0.06922,47378
55.7115,1.64855,6.85439,0.07374,47157
55.7215,1.64828,6.86065,0.07343,47246
55.7315,1.64801,6.85722,0.07076,47628
55.7415,1.64774,6.85161,0.08062,46938
55.7515,1.64746,6.85716,0.073,47680
55.7615,1.64719,6.85497,0.07568,47510
55.7715,1.64692,6.85685,0.07839,47125
55.7815,1.64665,6.85911,0.077,47704
55.7915,1.64638,6.8537,0.07846,47432
55.8015,1.64611,6.85703,0.0857,47330
55.8115,1.64584,6.85881,0.07211,47716
55.8215,1.64556,6.84868,0.08016,46966
55.8315,1.64529,6.86323,0.08275,47819
55.8415,1.64502,6.85197,0.07964,47667
55.8515,1.64475,6.85404,0.07842,47080
55.8615,1.64448,6.85651,0.07061,47651
55.8715,1.64421,6.84435,0.07213,47090
55.8815,1.64394,6.84275,0.07237,47004
55.8915,1.64367,6.85643,0.07347,47524
55.9015,1.6434,6.84592,0.07906,47281
55.9115,1.64313,6.84934,0.07323,47368
55.9214,1.64286,6.85318,0.07795,47678
55.9314,1.64259,6.84131,0.07605,47025
55.9414,1.64232,6.84803,0.08044,47629
55.9514,1.64205,6.85663,0.07854,47325
55.9614,1.64178,6.83807,0.07897,47350
55.9714,1.64151,6.85557,0.0745,47756
55.9814,1.64124,6.84858,0.08349,47614
55.9914,1.64097,6.83488,0.07491,47178
56.0014,1.6407,6.84922,0.082,47527
56.0114,1.64043,6.8449,0.07903,47262
56.0214,1.64016,6.84099,0.07235,47475
56.0314,1.63989,6.8359,0.06851,47198
56.0414,1.63963,6.83481,0.07514,46939
56.0514,1.63936,6.83689,0.07438,47507
56.0614,1.63909,6.84349,0.07319,47332
56.0714,1.63882,6.83356,0.07987,47299
56.0814,1.63855,6.84455,0.07468,47462
56.0914,1.63828,6.83783,0.07586,47279
56.1014,1.63801,6.83599,0.08151,47393
56.1114,1.63775,6.8368,0.07838,47698
56.1214,1.63748,6.84505,0.07996,47004
56.1314,1.63721,6.83529,0.07695,47694
56.1414,1.63694,6.83845,0.07749,47482
56.1514,1.63667,6.83629,0.08244,47216
56.1614,1.63641,6.83823,0.08468,47547
56.1714,1.63614,6.8363,0.0692,47617
56.1814,1.63587,6.83023,0.07882,46689
56.1914,1.6356,6.83453,0.06886,47301
56.2014,1.63534,6.83476,0.07094,47079
56.2114,1.63507,6.83963,0.07395,47388
56.2214,1.6348,6.8409,0.07976,47507
56.2314,1.63454,6.83292,0.07639,47153
56.2414,1.63427,6.84452,0.07559,47148
56.2514,1.634,6.83821,0.07745,47561
56.2614,1.63374,6.84148,0.08106,47239
56.2714,1.63347,6.84633,0.07527,47375
56.2814,1.6332,6.8419,0.08161,47230
56.2914,1.63294,6.83502,0.08191,47320
56.3014,1.63267,6.84914,0.07714,47598
56.3114,1.6324,6.84258,0.07613,47255
56.3214,1.63214,6.84487,0.08376,47235
56.3314,1.63187,6.84503,0.07419,47372
56.3414,1.63161,6.84233,0.07564,46812
56.3514,1.63134,6.84181,0.06667,47297
56.3614,1.63107,6.84356,0.07386,47408
56.3714,1.63081,6.84898,0.07942,47121
56.3814,1.63054,6.83792,0.07582,47252
56.3914,1.63028,6.84611,0.07837,47052
56.4014,1.63001,6.849,0.07432,47340
56.4114,1.62975,6.85071,0.0782,47574
56.4214,1.62948,6.84382,0.07789,47346
56.4314,1.62922,6.84638,0.08068,47272
56.4414,1.62895,6.85937,0.0813,47446
56.4514,1.62869,6.84064,0.08084,47277
56.4614,1.62842,6.8544,0.07828,47353
56.4714,1.62816,6.85986,0.07684,47450
56.4814,1.62789,6.85672,0.07515,47500
56.4914,1.62763,6.8466,0.0729,47340
56.5013,1.62737,6.84733,0.0819,46847
56.5113,1.6271,6.86021,0.07018,47273
56.5213,1.62684,6.85114,0.06921,47300
56.5313,1.62657,6.85911,0.07381,47226
56.5413,1.62631,6.85255,0.0807,47239
56.5513,1.62605,6.86653,0.08052,47258
56.5613,1.62578,6.8614,0.07679,47478
56.5713,1.62552,6.86293,0.07778,47465
56.5813,1.62525,6.86568,0.07602,47216
56.5913,1.62499,6.87349,0.07981,47541
56.6013,1.62473,6.85787,0.08814,47322
56.6113,1.62446,6.87132,0.07525,47258
56.6213,1.6242,6.88011,0.08014,47674
56.6313,1.62394,6.87243,0.07627,47280
56.6413,1.62368,6.87582,0.07347,47466
56.6513,1.62341,6.86838,0.08045,47090
56.6613,1.62315,6.86883,0.07193,46974
56.6713,1.62289,6.87516,0.07084,47293
56.6813,1.62263,6.87786,0.07698,47170
56.6913,1.62236,6.87906,0.07661,47252
56.7013,1.6221,6.88341,0.07329,47471
56.7113,1.62184,6.88504,0.07849,47211
56.7213,1.62158,6.87769,0.08457,47372
56.7313,1.62131,6.88993,0.07367,47570
56.7413,1.62105,6.88376,0.07761,47233
56.7513,1.62079,6.88716,0.08015,47390
56.7613,1.62053,6.89231,0.08263,47434
56.7713,1.62027,6.87828,0.08134,47192
56.7813,1.62001,6.89456,0.07773,47506
56.7913,1.61974,6.88944,0.07458,47455
56.8013,1.61948,6.88606,0.07601,47294
56.8113,1.61922,6.88851,0.0739,47290
56.8213,1.61896,6.87947,0.07937,46958
56.8313,1.6187,6.88235,0.06982,46988
56.8413,1.61844,6.89701,0.07164,47430
56.8513,1.61818,6.8888,0.0751,47173
56.8613,1.61792,6.89092,0.08486,47410
56.8713,1.61766,6.89497,0.08178,47464
56.8813,1.61739,6.88738,0.07196,47235
56.8913,1.61713,6.89778,0.08297,47432
56.9013,1.61687,6.89535,0.07958,47298
56.9113,1.61661,6.88857,0.07885,47210
56.9213,1.61635,6.90442,0.08196,47706
56.9313,1.61609,6.90078,0.07932,47205
56.9413,1.61583,6.90713,0.07791,47375
56.9513,1.61557,6.90447,0.07561,47595
56.9613,1.61531,6.90091,0.06988,46888
56.9713,1.61505,6.89273,0.08484,46892
56.9813,1.61479,6.91625,0.07135,47551
56.9913,1.61453,6.91724,0.07372,46949
57.0013,1.61427,6.91639,0.0794,47447
57.0113,1.61402,6.92148,0.07221,47347
57.0213,1.61376,6.91807,0.07478,46988
57.0313,1.6135,6.93687,0.08515,47655
57.0413,1.61324,6.93682,0.0909,47116
57.0513,1.61298,6.94018,0.06934,47307
57.0613,1.61272,6.95114,0.07732,47754
57.0713,1.61246,6.94375,0.08736,47131
57.0813,1.6122,6.95294,0.0823,47473
57.0912,1.61194,6.96516,0.08006,47326
57.1012,1.61169,6.95691,0.07633,47228
57.1112,1.61143,6.98242,0.07345,47610
57.1212,1.61117,6.97321,0.07925,46996
57.1312,1.61091,6.96657,0.07597,46718
57.1412,1.61065,6.98868,0.0724,47477
57.1512,1.61039,7.00076,0.07724,47339
57.1612,1.61014,6.99289,0.07179,47047
57.1712,1.60988,7.0138,0.07981,47558
57.1812,1.60962,7.0208,0.07814,47167
57.1912,1.60936,7.01331,0.08258,47125
57.2012,1.60911,7.03314,0.07871,47589
57.2112,1.60885,7.03044,0.08448,47263
57.2212,1.60859,7.04776,0.07851,47332
57.2312,1.60833,7.05378,0.07512,47609
57.2412,1.60808,7.06173,0.08674,46962
57.2512,1.60782,7.07796,0.08433,47535
57.2612,1.60756,7.08,0.07661,47577
57.2712,1.60731,7.07429,0.0728,47024
57.2812,1.60705,7.09333,0.07586,47154
57.2912,1.60679,7.09945,0.07999,47081
57.3012,1.60654,7.10573,0.07765,46946
57.3112,1.60628,7.1302,0.07022,47585
57.3212,1.60602,7.14512,0.07838,47220
57.3312,1.60577,7.15039,0.08101,47271
57.3412,1.60551,7.16097,0.08028,47474
57.3512,1.60525,7.17711,0.08797,46992
57.3612,1.605,7.18591,0.07983,47234
57.3712,1.60474,7.20365,0.07358,47754
57.3812,1.60449,7.21714,0.08565,47125
57.3912,1.60423,7.23026,0.08936,47522
57.4012,1.60397,7.25899,0.07923,47500
57.4112,1.60372,7.25649,0.07929,46993
57.4212,1.60346,7.29077,0.07583,47718
57.4312,1.60321,7.29072,0.08259,46912
57.4412,1.60295,7.31516,0.07568,46767
57.4512,1.6027,7.33766,0.07611,47519
57.4612,1.60244,7.35233,0.07791,47002
57.4712,1.60219,7.38317,0.0835,47208
57.4812,1.60193,7.41046,0.07885,47495
57.4912,1.60168,7.41663,0.07588,47214
57.5012,1.60142,7.45191,0.0942,47425
57.5112,1.60117,7.47566,0.07997,47337
57.5212,1.60091,7.5017,0.08577,47165
57.5312,1.60066,7.53438,0.08071,47395
57.5412,1.60041,7.56188,0.08574,47360
57.5512,1.60015,7.59424,0.08129,47224
57.5612,1.5999,7.629,0.09381,47659
57.5712,1.59964,7.65182,0.07722,47242
57.5812,1.59939,7.69337,0.07944,47249
57.5912,1.59913,7.73557,0.07966,47094
57.6012,1.59888,7.77,0.08813,46890
57.6112,1.59863,7.82197,0.07884,47083
57.6212,1.59837,7.87344,0.07895,47398
57.6312,1.59812,7.92528,0.07968,47423
57.6412,1.59787,7.98141,0.08998,47198
57.6512,1.59761,8.04767,0.09017,47329
57.6612,1.59736,8.10355,0.08288,47313
57.6711,1.59711,8.18192,0.089,47233
57.6811,1.59685,8.25459,0.09158,47422
57.6911,1.5966,8.33537,0.09148,47437
57.7011,1.59635,8.4383,0.08988,47398
57.7111,1.5961,8.51849,0.09462,47147
57.7211,1.59584,8.62992,0.08646,47553
57.7311,1.59559,8.74197,0.08699,47421
57.7411,1.59534,8.85454,0.09481,46867
57.7511,1.59509,8.99269,0.0886,46976
57.7611,1.59483,9.13549,0.08857,47144
57.7711,1.59458,9.29132,0.09301,47317
57.7811,1.59433,9.47021,0.09455,47156
57.7911,1.59408,9.65752,0.09516,47388
57.8011,1.59382,9.8701,0.09523,47231
57.8111,1.59357,10.09111,0.10674,47178
57.8211,1.59332,10.32205,0.11139,47310
57.8311,1.59307,10.60159,0.10065,47608
57.8411,1.59282,10.88068,0.10702,47145
57.8511,1.59257,11.18436,0.12,47468
57.8611,1.59231,11.52851,0.11291,47514
57.8711,1.59206,11.87277,0.11489,47224
57.8811,1.59181,12.26343,0.10687,47471
57.8911,1.59156,12.70012,0.11927,47442
57.9011,1.59131,13.11889,0.12011,46712
57.9111,1.59106,13.63688,0.12769,47027
57.9211,1.59081,14.16764,0.12192,47165
57.9311,1.59056,14.70892,0.11746,47105
57.9411,1.59031,15.32917,0.13405,47333
57.9511,1.59006,15.9958,0.14545,47365
57.9611,1.58981,16.64719,0.13637,47093
57.9711,1.58956,17.44576,0.14836,47615
57.9811,1.58931,18.19555,0.1473,47241
57.9911,1.58905,19.01814,0.16112,47332
58.0011,1.5888,19.93512,0.16642,47559
58.0111,1.58855,20.7931,0.15437,47175
58.0211,1.5883,21.77613,0.16697,47363
58.0311,1.58805,22.82994,0.16326,47546
58.0411,1.58781,23.86096,0.16462,47137
58.0511,1.58756,24.96565,0.16497,47197
58.0611,1.58731,26.11545,0.17846,47089
58.0711,1.58706,27.26574,0.17214,46961
58.0811,1.58681,28.53898,0.16999,47340
58.0911,1.58656,29.79248,0.17423,47325
58.1011,1.58631,31.0995,0.18075,46979
58.1111,1.58606,32.43244,0.1938,47513
58.1211,1.58581,33.80381,0.19249,47236
58.1311,1.58556,35.12193,0.1934,47167
58.1411,1.58531,36.5941,0.19456,47603
58.1511,1.58506,38.03621,0.20401,47319
58.1611,1.58481,39.41887,0.21091,47254
58.1711,1.58457,40.8852,0.19955,47462
58.1811,1.58432,42.31333,0.20755,47137
58.1911,1.58407,43.69838,0.18551,47523
58.2011,1.58382,45.13942,0.2032,47363
58.2111,1.58357,46.53381,0.22094,46740
58.2211,1.58332,47.83755,0.19278,47241
58.2311,1.58308,49.18966,0.20098,47252
58.2411,1.58283,50.52579,0.1922,46913
58.2511,1.58258,51.7409,0.2176,47582
58.261,1.58233,52.98671,0.20655,47378
58.271,1.58209,54.1581,0.22305,46918
58.281,1.58184,55.13234,0.21293,47722
58.291,1.58159,56.26513,0.21325,47455
58.301,1.58134,57.16221,0.22326,47025
58.311,1.5811,58.0288,0.22003,47594
58.321,1.58085,58.85465,0.22862,47274
58.331,1.5806,59.4911,0.22578,47186
58.341,1.58035,60.04791,0.19615,47512
58.351,1.58011,60.6887,0.22026,47369
58.361,1.57986,61.14391,0.21635,47014
58.371,1.57961,61.29188,0.23282,47144
58.381,1.57937,61.5809,0.21551,46817
58.391,1.57912,61.76527,0.18852,47472
58.401,1.57887,61.74787,0.221,47433
58.411,1.57863,61.69589,0.21636,46861
58.421,1.57838,61.51016,0.23163,47581
58.431,1.57813,61.23204,0.21194,47443
58.441,1.57789,60.7959,0.21916,46869
58.451,1.57764,60.38322,0.21531,47636
58.461,1.5774,59.77758,0.23378,47477
58.471,1.57715,59.09225,0.22192,46982
58.481,1.5769,58.41974,0.21972,47553
58.491,1.57666,57.60741,0.19574,47413
58.501,1.57641,56.75136,0.21211,47145
58.511,1.57617,55.61645,0.19712,47263
58.521,1.57592,54.69161,0.2213,47227
58.531,1.57568,53.52755,0.21166,46929
58.541,1.57543,52.44589,0.19225,47298
58.551,1.57519,51.21969,0.19505,47152
58.561,1.57494,49.97174,0.20101,47379
58.571,1.5747,48.69287,0.21246,47441
58.581,1.57445,47.36165,0.20671,47129
58.591,1.57421,46.02579,0.19935,47414
58.601,1.57396,44.6634,0.19327,47447
58.611,1.57372,43.28553,0.20947,47240
58.621,1.57347,41.9235,0.20592,47519
58.631,1.57323,40.56432,0.21189,47390
58.641,1.57298,39.1031,0.17516,47295
58.651,1.57274,37.77948,0.1806,47488
58.661,1.57249,36.35518,0.17957,47179
58.671,1.57225,34.97031,0.19597,46993
58.681,1.57201,33.74081,0.18368,47165
58.691,1.57176,32.35325,0.16682,47012
58.701,1.57152,31.08542,0.16517,47180
58.711,1.57128,29.91076,0.17978,47518
58.721,1.57103,28.5994,0.17323,47118
58.731,1.57079,27.43054,0.1736,47290
58.741,1.57054,26.3754,0.16478,47564
58.751,1.5703,25.19264,0.16753,47249
58.761,1.57006,24.15148,0.16421,47273
58.771,1.56981,23.15702,0.16646,47553
58.781,1.56957,22.14171,0.17326,47402
58.791,1.56933,21.19493,0.14809,47263
58.801,1.56908,20.31135,0.14398,47588
58.811,1.56884,19.44168,0.14503,47190
58.821,1.5686,18.61658,0.14568,47097
58.831,1.56836,17.87616,0.15098,47194
58.8409,1.56811,17.13347,0.13393,47182
58.8509,1.56787,16.42113,0.12341,46988
58.8609,1.56763,15.80669,0.12716,47352
58.8709,1.56739,15.20323,0.13498,47415
58.8809,1.56714,14.63152,0.1429,47176
58.8909,1.5669,14.1002,0.11796,47392
58.9009,1.56666,13.60945,0.12193,47548
58.9109,1.56642,13.13967,0.12455,47158
58.9209,1.56618,12.70407,0.12426,47396
58.9309,1.56593,12.30055,0.12603,47507
58.9409,1.56569,11.90803,0.10999,47253
58.9509,1.56545,11.55914,0.10371,47404
58.9609,1.56521,11.23921,0.10627,47263
58.9709,1.56497,10.9296,0.10774,47122
58.9809,1.56473,10.65441,0.1113,47214
58.9909,1.56448,10.38629,0.09845,47146
59.0009,1.56424,10.14654,0.09688,47211
59.0109,1.564,9.94068,0.09477,47212
59.0209,1.56376,9.72999,0.09922,47227
59.0309,1.56352,9.5465,0.09824,47391
59.0409,1.56328,9.37915,0.09579,47448
59.0509,1.56304,9.21131,0.09641,47310
59.0609,1.5628,9.07033,0.0928,47356
59.0709,1.56256,8.94171,0.09618,47603
59.0809,1.56232,8.79938,0.09878,47257
59.0909,1.56208,8.6948,0.09431,47277
59.1009,1.56184,8.58991,0.08031,47656
59.1109,1.56159,8.47564,0.08674,47279
59.1209,1.56135,8.38551,0.09319,47042
59.1309,1.56111,8.30691,0.08896,47529
59.1409,1.56087,8.21923,0.0864,47012
59.1509,1.56063,8.14315,0.08279,47098
59.1609,1.56039,8.07473,0.08153,47473
59.1709,1.56015,8.01389,0.08574,47047
59.1809,1.55991,7.95479,0.08349,47325
59.1909,1.55968,7.90711,0.0881,47637
59.2009,1.55944,7.84263,0.08046,46979
59.2109,1.5592,7.79567,0.08642,47598
59.2209,1.55896,7.75372,0.09087,47414
59.2309,1.55872,7.70263,0.0862,47141
59.2409,1.55848,7.66418,0.08279,47653
59.2509,1.55824,7.62679,0.07981,47475
59.2609,1.558,7.58107,0.08355,47016
59.2709,1.55776,7.55184,0.07895,47546
59.2809,1.55752,7.51342,0.08404,47270
59.2909,1.55728,7.47749,0.08158,47024
59.3009,1.55704,7.45504,0.08236,47255
59.3109,1.55681,7.41758,0.07749,47297
59.3209,1.55657,7.39141,0.07637,47073
59.3309,1.55633,7.36987,0.08457,47483
59.3409,1.55609,7.34491,0.08107,47417
59.3509,1.55585,7.31962,0.07869,47176
59.3609,1.55561,7.29969,0.08313,47665
59.3709,1.55538,7.27012,0.08357,47352
59.3809,1.55514,7.2537,0.08851,47227
59.3909,1.5549,7.24094,0.0811,47749
59.4009,1.55466,7.20953,0.07638,47327
59.4109,1.55442,7.19264,0.07716,47253
59.4209,1.55419,7.18054,0.08049,47473
59.4308,1.55395,7.15653,0.08211,46983
59.4408,1.55371,7.14332,0.0774,47515
59.4508,1.55347,7.12659,0.07757,47193
59.4608,1.55324,7.1065,0.08371,46920
59.4708,1.553,7.09711,0.07851,47366
59.4808,1.55276,7.08909,0.07384,47493
59.4908,1.55253,7.06053,0.08067,47073
59.5008,1.55229,7.06362,0.0788,47662
59.5108,1.55205,7.04546,0.08158,47527
59.5208,1.55181,7.0231,0.08465,47086
59.5308,1.55158,7.02288,0.08241,47717
59.5408,1.55134,7.00905,0.07864,47599
59.5508,1.5511,6.9876,0.08143,46920
59.5608,1.55087,6.98654,0.07296,47858
59.5708,1.55063,6.97247,0.07813,47159
59.5808,1.5504,6.95263,0.07604,46835
59.5908,1.55016,6.94928,0.08097,47701
59.6008,1.54992,6.93317,0.07896,47251
59.6108,1.54969,6.92236,0.0795,46779
59.6208,1.54945,6.91661,0.07478,47570
59.6308,1.54922,6.90195,0.0756,47442
59.6408,1.54898,6.89253,0.07986,47128
59.6508,1.54874,6.89082,0.07758,47743
59.6608,1.54851,6.87236,0.08,47391
59.6708,1.54827,6.86131,0.08216,47257
59.6808,1.54804,6.85467,0.08143,47784
59.6908,1.5478,6.84529,0.07588,47230
59.7008,1.54757,6.83545,0.07955,47526
59.7108,1.54733,6.82525,0.07393,47578
59.7208,1.5471,6.81258,0.07998,46908
59.7308,1.54686,6.80378,0.07617,47378
59.7408,1.54663,6.7949,0.0761,47484
59.7508,1.54639,6.78907,0.07844,47149
59.7608,1.54616,6.77434,0.07908,47090
59.7708,1.54592,6.77848,0.07834,47504
59.7808,1.54569,6.76211,0.07119,47134
59.7908,1.54545,6.75955,0.0795,47455
59.8008,1.54522,6.7529,0.0794,47563
59.8108,1.54498,6.73433,0.0815,47435
59.8208,1.54475,6.73877,0.07513,47514
59.8308,1.54451,6.72753,0.08268,47349
59.8408,1.54428,6.71995,0.07821,47386
59.8508,1.54405,6.71715,0.08184,47444
59.8608,1.54381,6.71207,0.07088,47600
59.8708,1.54358,6.6979,0.07483,47104
59.8808,1.54334,6.69167,0.07671,47355
59.8908,1.54311,6.6948,0.07855,47315
59.9008,1.54288,6.68102,0.0768,47372
59.9108,1.54264,6.67347,0.07528,47112
59.9208,1.54241,6.67034,0.08152,47431
59.9308,1.54218,6.66357,0.07035,47409
59.9408,1.54194,6.66028,0.08008,47326
59.9508,1.54171,6.65759,0.07497,47606
59.9608,1.54148,6.64898,0.08029,47232
59.9708,1.54124,6.64773,0.07411,47538
59.9808,1.54101,6.64328,0.08625,47383
59.9908,1.54078,6.63277,0.07536,47547
60.0008,1.54054,6.63296,0.08172,47364
60.0107,1.54031,6.62383,0.07146,47327
60.0207,1.54008,6.61968,0.07681,47699
60.0307,1.53985,6.60559,0.0741,47193
60.0407,1.53961,6.60894,0.0788,47365
60.0507,1.53938,6.60676,0.07806,47622
60.0607,1.53915,6.59285,0.0765,46946
60.0707,1.53892,6.59559,0.07603,47275
60.0807,1.53868,6.58841,0.06882,47434
60.0907,1.53845,6.58644,0.08766,47291
60.1007,1.53822,6.58134,0.07101,47329
60.1107,1.53799,6.57988,0.07739,47682
60.1207,1.53776,6.56612,0.07947,47449
60.1307,1.53753,6.57272,0.07941,47641
60.1407,1.53729,6.56746,0.07899,47589
60.1507,1.53706,6.55794,0.08248,47322
60.1607,1.53683,6.5567,0.0671,47659
60.1707,1.5366,6.55039,0.0762,47227
60.1807,1.53637,6.54246,0.07989,47120
60.1907,1.53614,6.5441,0.07875,47284
60.2007,1.5359,6.53703,0.07276,47679
60.2107,1.53567,6.52521,0.07698,47125
60.2207,1.53544,6.53516,0.07924,47300
60.2307,1.53521,6.52758,0.07391,47559
60.2407,1.53498,6.5172,0.07237,47169
60.2507,1.53475,6.52436,0.07406,47540
60.2607,1.53452,6.52067,0.08064,47613
60.2707,1.53429,6.50837,0.0759,47122
60.2807,1.53406,6.5162,0.07649,47909
60.2907,1.53383,6.50196,0.08357,47425
60.3007,1.5336,6.49935,0.07461,47471
60.3107,1.53337,6.50322,0.07321,47717
60.3207,1.53314,6.4934,0.07397,47531
60.3307,1.53291,6.48753,0.07902,46813
60.3407,1.53268,6.48733,0.07346,47675
60.3507,1.53245,6.48499,0.07683,47562
60.3607,1.53222,6.47577,0.07711,47019
60.3707,1.53199,6.47597,0.07359,47425
60.3807,1.53176,6.47363,0.07787,47417
60.3907,1.53153,6.46581,0.07161,47177
60.4007,1.5313,6.47214,0.07833,47770
60.4107,1.53107,6.46956,0.0744,47702
60.4207,1.53084,6.45859,0.07927,47004
60.4307,1.53061,6.46249,0.08092,47843
60.4407,1.53038,6.45379,0.07451,47668
60.4507,1.53015,6.44718,0.07876,47081
60.4607,1.52992,6.45599,0.0711,47952
60.4707,1.52969,6.43938,0.07511,47361
60.4807,1.52946,6.44073,0.07669,47075
60.4907,1.52923,6.4431,0.07329,47693
60.5007,1.52901,6.43784,0.0781,47440
60.5107,1.52878,6.42498,0.0753,47076
60.5207,1.52855,6.4321,0.08554,47579
60.5307,1.52832,6.42564,0.07229,47453
60.5407,1.52809,6.41977,0.07038,47130
60.5507,1.52786,6.42639,0.07326,47885
60.5607,1.52763,6.42117,0.08015,47444
60.5707,1.52741,6.41468,0.07495,47218
60.5807,1.52718,6.4095,0.07571,47942
60.5907,1.52695,6.40746,0.08052,47494
60.6006,1.52672,6.40357,0.07785,47243
60.6106,1.52649,6.40886,0.06906,47732
60.6206,1.52627,6.39835,0.07929,47497
60.6306,1.52604,6.39529,0.07276,47151
60.6406,1.52581,6.39547,0.07508,47718
60.6506,1.52558,6.38659,0.0795,47564
60.6606,1.52536,6.38711,0.07361,47018
60.6706,1.52513,6.38989,0.07912,47624
60.6806,1.5249,6.38056,0.07264,47281
60.6906,1.52467,6.38065,0.07605,47308
60.7006,1.52445,6.38387,0.07376,47684
60.7106,1.52422,6.37136,0.07448,47681
60.7206,1.52399,6.37001,0.07711,47279
60.7306,1.52377,6.37408,0.0772,47868
60.7406,1.52354,6.37345,0.08001,47516
60.7506,1.52331,6.36515,0.07565,47472
60.7606,1.52309,6.3708,0.07229,47758
60.7706,1.52286,6.35912,0.07297,47491
60.7806,1.52263,6.35753,0.07411,47108
60.7906,1.52241,6.36133,0.07683,47647
60.8006,1.52218,6.35816,0.07821,47316
60.8106,1.52195,6.35777,0.07755,47375
60.8206,1.52173,6.3605,0.07135,47644
60.8306,1.5215,6.35118,0.08502,47175
60.8406,1.52127,6.35236,0.0685,47696
60.8506,1.52105,6.35664,0.07675,47637
60.8606,1.52082,6.35411,0.07222,47467
60.8706,1.5206,6.36004,0.07712,47622
60.8806,1.52037,6.35453,0.07856,47574
60.8906,1.52014,6.35249,0.0803,47446
60.9006,1.51992,6.35457,0.07234,47706
60.9106,1.51969,6.35834,0.07109,47700
60.9206,1.51947,6.35148,0.07699,47113
60.9306,1.51924,6.36126,0.07572,47508
60.9406,1.51902,6.35191,0.0763,47672
60.9506,1.51879,6.35926,0.07246,47461
60.9606,1.51857,6.36082,0.07869,47687
60.9706,1.51834,6.36216,0.07767,47281
60.9806,1.51812,6.36517,0.07742,47295
60.9906,1.51789,6.36432,0.0712,47632
61.0006,1.51767,6.36813,0.07323,47734
61.0106,1.51744,6.37126,0.07841,47464
61.0206,1.51722,6.37967,0.07595,47673
61.0306,1.51699,6.37491,0.07741,47432
61.0406,1.51677,6.38011,0.07721,47380
61.0506,1.51654,6.38214,0.07729,48118
61.0606,1.51632,6.38792,0.0685,47501
61.0706,1.5161,6.38677,0.07805,47378
61.0806,1.51587,6.39672,0.07544,47513
61.0906,1.51565,6.39839,0.07614,47291
61.1006,1.51542,6.39424,0.07553,47496
61.1106,1.5152,6.41524,0.07848,47995
61.1206,1.51498,6.40849,0.07641,47145
61.1306,1.51475,6.42042,0.08228,47438
61.1406,1.51453,6.42785,0.0686,47636
61.1506,1.5143,6.42476,0.07482,47604
61.1606,1.51408,6.43376,0.08114,47572
61.1706,1.51386,6.44792,0.07672,47905
61.1806,1.51363,6.44822,0.0775,47142
61.1905,1.51341,6.46216,0.07783,47703
61.2005,1.51319,6.45974,0.07281,47901
61.2105,1.51296,6.47147,0.07932,47666
61.2205,1.51274,6.47627,0.07376,47193
61.2305,1.51252,6.49484,0.07283,47804
61.2405,1.51229,6.48627,0.08019,47382
61.2505,1.51207,6.49603,0.07848,47363
61.2605,1.51185,6.51708,0.0759,47932
61.2705,1.51163,6.51852,0.07989,47500
61.2805,1.5114,6.5302,0.07707,47116
61.2905,1.51118,6.53889,0.07575,47947
61.3005,1.51096,6.5468,0.07568,47664
61.3105,1.51074,6.5545,0.07885,47336
61.3205,1.51051,6.57739,0.0744,47851
61.3305,1.51029,6.57925,0.08172,47740
61.3405,1.51007,6.5773,0.07704,47398
61.3505,1.50985,6.59923,0.07505,47870
61.3605,1.50962,6.61822,0.07377,47660
61.3705,1.5094,6.61682,0.07833,47174
61.3805,1.50918,6.63023,0.07738,47806
61.3905,1.50896,6.639,0.07711,47652
61.4005,1.50874,6.64905,0.07859,47315
61.4105,1.50852,6.67929,0.07968,47925
61.4205,1.50829,6.67297,0.07829,47416
61.4305,1.50807,6.68333,0.08239,47343
61.4405,1.50785,6.70743,0.07342,47733
61.4505,1.50763,6.71812,0.07603,47811
61.4605,1.50741,6.73188,0.07792,47324
61.4705,1.50719,6.73767,0.07893,48121
61.4805,1.50697,6.75593,0.08307,47606
61.4905,1.50675,6.76589,0.08174,47207
61.5005,1.50652,6.79287,0.06882,48124
61.5105,1.5063,6.78523,0.07878,47790
61.5205,1.50608,6.80179,0.07922,47040
61.5305,1.50586,6.82666,0.07712,47839
61.5405,1.50564,6.84001,0.08113,47691
61.5505,1.50542,6.83492,0.07924,47253
61.5605,1.5052,6.86754,0.08123,48050
61.5705,1.50498,6.87413,0.08227,47593
61.5805,1.50476,6.88844,0.08322,47302
61.5905,1.50454,6.89552,0.07022,47837
61.6005,1.50432,6.91673,0.07839,47717
61.6105,1.5041,6.92204,0.08113,47331
61.6205,1.50388,6.94214,0.08162,47928
61.6305,1.50366,6.94524,0.08182,47994
61.6405,1.50344,6.9597,0.07392,47603
61.6505,1.50322,6.97092,0.07854,47520
61.6605,1.503,6.98172,0.07486,47680
61.6705,1.50278,6.97036,0.08551,47368
61.6805,1.50256,7.00224,0.07636,47832
61.6905,1.50234,7.00916,0.07783,47735
61.7005,1.50212,7.01229,0.083,47341
61.7105,1.5019,7.01208,0.08715,47954
61.7205,1.50168,7.02267,0.0771,47647
61.7305,1.50146,7.02803,0.07811,47481
61.7405,1.50124,7.03487,0.07589,47431
61.7505,1.50102,7.03069,0.07941,48132
61.7605,1.50081,7.03449,0.08115,47478
61.7704,1.50059,7.04139,0.07663,47759
61.7804,1.50037,7.03855,0.08497,47802
61.7904,1.50015,7.03722,0.07749,47731
61.8004,1.49993,7.04087,0.07847,47574
61.8104,1.49971,7.04226,0.07577,47776
61.8204,1.49949,7.02231,0.07951,47590
61.8304,1.49927,7.02773,0.07967,47747
61.8404,1.49906,7.02615,0.08427,47688
61.8504,1.49884,7.0256,0.07734,47513
61.8604,1.49862,7.00735,0.08267,47925
61.8704,1.4984,6.99979,0.08276,47627
61.8804,1.49818,6.99695,0.0835,47420
61.8904,1.49797,6.97956,0.07018,47835
61.9004,1.49775,6.97757,0.0828,47799
61.9104,1.49753,6.97212,0.07729,47657
61.9204,1.49731,6.95988,0.08201,47848
61.9304,1.49709,6.93627,0.07967,47890
61.9404,1.49688,6.93326,0.07522,47631
61.9504,1.49666,6.92583,0.07726,47574
61.9604,1.49644,6.89486,0.0758,47669
61.9704,1.49622,6.88548,0.07967,47791
61.9804,1.49601,6.87968,0.07669,47804
61.9904,1.49579,6.86157,0.08083,47374
62.0004,1.49557,6.83532,0.08182,47859
62.0104,1.49535,6.82939,0.07946,48103
62.0204,1.49514,6.81456,0.07996,47535
62.0304,1.49492,6.78425,0.08106,47548
62.0404,1.4947,6.77685,0.07205,47835
62.0504,1.49449,6.76176,0.07685,47823
62.0604,1.49427,6.73762,0.08014,47786
62.0704,1.49405,6.72262,0.07895,47924
62.0804,1.49384,6.71419,0.07759,47760
62.0904,1.49362,6.69613,0.07332,47580
62.1004,1.4934,6.65364,0.07687,47724
62.1104,1.49319,6.65398,0.07788,47771
62.1204,1.49297,6.64264,0.08078,47590
62.1304,1.49275,6.61267,0.07609,47800
62.1404,1.49254,6.60336,0.08213,48029
62.1504,1.49232,6.58661,0.07727,47587
62.1604,1.49211,6.56511,0.08077,47960
62.1704,1.49189,6.55555,0.07703,47611
62.1804,1.49167,6.53385,0.078,47495
62.1904,1.49146,6.52189,0.07373,47911
62.2004,1.49124,6.50639,0.07714,47943
62.2104,1.49103,6.49886,0.07843,47615
62.2204,1.49081,6.47488,0.0801,47852
62.2304,1.4906,6.4636,0.07237,48193
62.2404,1.49038,6.45266,0.07266,47600
62.2504,1.49017,6.43494,0.07841,47384
62.2604,1.48995,6.42174,0.07486,48193
62.2704,1.48974,6.41244,0.07991,47600
62.2804,1.48952,6.40493,0.07546,47526
62.2904,1.48931,6.38633,0.07659,48132
62.3004,1.48909,6.37868,0.08028,47916
62.3104,1.48888,6.37207,0.08068,47562
62.3204,1.48866,6.346,0.07328,47777
62.3304,1.48845,6.35196,0.07794,47835
62.3404,1.48823,6.33694,0.07117,47339
62.3504,1.48802,6.32472,0.0794,48387
62.3603,1.4878,6.32484,0.07594,47989
62.3703,1.48759,6.30987,0.07764,47222
62.3803,1.48737,6.29731,0.07028,48514
62.3903,1.48716,6.3006,0.07546,47634
62.4003,1.48694,6.28045,0.07199,47434
62.4103,1.48673,6.27333,0.07648,48042
62.4203,1.48652,6.27655,0.07692,47893
62.4303,1.4863,6.26327,0.0794,47557
62.4403,1.48609,6.2569,0.07568,47851
62.4503,1.48587,6.26169,0.07686,48351
62.4603,1.48566,6.23824,0.07817,47683
62.4703,1.48545,6.23711,0.07979,47510
62.4803,1.48523,6.24535,0.06974,47907
62.4903,1.48502,6.2191,0.07513,48019
62.5003,1.48481,6.22399,0.07563,47561
62.5103,1.48459,6.22783,0.07488,48089
62.5203,1.48438,6.20768,0.0727,48047
62.5303,1.48417,6.2029,0.07256,47710
62.5403,1.48395,6.20561,0.07336,47746
62.5503,1.48374,6.19163,0.07948,47976
62.5603,1.48353,6.18771,0.07221,47614
62.5703,1.48331,6.18744,0.08091,47950
62.5803,1.4831,6.17822,0.07507,48064
62.5903,1.48289,6.17733,0.0778,47759
62.6003,1.48267,6.16968,0.07501,48067
62.6103,1.48246,6.16646,0.07823,47875
62.6203,1.48225,6.16347,0.07503,47382
62.6303,1.48204,6.14479,0.07342,47919
62.6403,1.48182,6.15939,0.0699,48366
62.6503,1.48161,6.15334,0.07815,47515
62.6603,1.4814,6.13312,0.07868,48095
62.6703,1.48119,6.14479,0.06685,48047
62.6803,1.48097,6.13152,0.07498,47715
62.6903,1.48076,6.12682,0.07399,47715
62.7003,1.48055,6.1297,0.07482,47905
62.7103,1.48034,6.11831,0.07583,47950
62.7203,1.48013,6.12468,0.07409,47887
62.7303,1.47991,6.12419,0.08029,48074
62.7403,1.4797,6.10391,0.07303,47894
62.7503,1.47949,6.11721,0.07833,48027
62.7603,1.47928,6.10378,0.08029,47795
62.7703,1.47907,6.10957,0.07434,47757
62.7803,1.47886,6.11409,0.07055,47812
62.7903,1.47864,6.09121,0.07596,48016
62.8003,1.47843,6.1035,0.07403,48099
62.8103,1.47822,6.09959,0.06926,48143
62.8203,1.47801,6.09583,0.07618,47906
62.8303,1.4778,6.09306,0.07172,47579
62.8403,1.47759,6.08174,0.07446,47976
62.8503,1.47738,6.09579,0.07386,47942
62.8603,1.47717,6.08377,0.07802,47930
62.8703,1.47696,6.08545,0.07566,47933
62.8803,1.47675,6.09599,0.07478,48023
62.8903,1.47653,6.06526,0.07804,47967
62.9003,1.47632,6.09032,0.07527,48209
62.9103,1.47611,6.07525,0.07672,47692
62.9203,1.4759,6.07478,0.07238,47817
62.9303,1.47569,6.08374,0.07281,48013
62.9402,1.47548,6.06795,0.07262,48196
62.9502,1.47527,6.07231,0.07924,47810
62.9602,1.47506,6.06673,0.06846,47960
62.9702,1.47485,6.07209,0.07178,48084
62.9802,1.47464,6.07207,0.07768,47745
62.9902,1.47443,6.04976,0.07444,47826
63.0002,1.47422,6.07578,0.07395,48249
63.0102,1.47401,6.05829,0.07546,48092
63.0202,1.4738,6.06242,0.07572,47540
63.0302,1.47359,6.06468,0.07778,48359
63.0402,1.47338,6.06051,0.07335,48171
63.0502,1.47317,6.06172,0.08045,47658
63.0602,1.47296,6.05652,0.07565,48146
63.0702,1.47275,6.06787,0.0745,47891
63.0802,1.47254,6.04536,0.06949,47864
63.0902,1.47233,6.06788,0.08041,48042
63.1002,1.47213,6.06447,0.06851,48425
63.1102,1.47192,6.05409,0.07293,47909
63.1202,1.47171,6.06378,0.07287,47459
63.1302,1.4715,6.0507,0.07207,48440
63.1402,1.47129,6.0665,0.07771,47797
63.1502,1.47108,6.05186,0.07245,47711
63.1602,1.47087,6.06703,0.07522,48427
63.1702,1.47066,6.05749,0.07911,48013
63.1802,1.47045,6.06281,0.0759,47684
63.1902,1.47025,6.06117,0.07434,48367
63.2002,1.47004,6.06371,0.07505,47979
63.2102,1.46983,6.06695,0.08359,47154
63.2202,1.46962,6.05232,0.06766,48555
63.2302,1.46941,6.07146,0.07285,48123
63.2402,1.4692,6.05129,0.07337,47684
63.2502,1.469,6.06394,0.0732,48259
63.2602,1.46879,6.05847,0.07159,47999
63.2702,1.46858,6.05649,0.0735,47788
63.2802,1.46837,6.04944,0.07586,47725
63.2902,1.46816,6.06427,0.07348,48260
63.3002,1.46796,6.05609,0.07725,47952
63.3102,1.46775,6.0486,0.07505,47853
63.3202,1.46754,6.06498,0.07571,48220
63.3302,1.46733,6.04101,0.08022,48350
63.3402,1.46713,6.05581,0.07646,47594
63.3502,1.46692,6.03767,0.07408,48174
63.3602,1.46671,6.04935,0.0723,48054
63.3702,1.4665,6.03695,0.07648,47767
63.3802,1.4663,6.04578,0.07187,48141
63.3902,1.46609,6.0349,0.06935,48448
63.4002,1.46588,6.04122,0.07372,47550
63.4102,1.46567,6.0249,0.07311,48093
63.4202,1.46547,6.04514,0.07348,48135
63.4302,1.46526,6.02773,0.0757,47880
63.4402,1.46505,6.031,0.07848,48071
63.4502,1.46485,6.03589,0.07449,48305
63.4602,1.46464,6.03266,0.07644,48153
63.4702,1.46443,6.031,0.07745,48127
63.4802,1.46423,6.02909,0.07561,48279
63.4902,1.46402,6.02782,0.07374,48061
63.5002,1.46381,6.03014,0.07711,47849
63.5102,1.46361,6.0276,0.07414,48192
63.5202,1.4634,6.02924,0.07391,48181
63.5301,1.4632,6.02975,0.0667,48168
63.5401,1.46299,6.02715,0.0735,48326
63.5501,1.46278,6.03242,0.0733,47715
63.5601,1.46258,6.02157,0.07287,48239
63.5701,1.46237,6.03107,0.07256,48196
63.5801,1.46217,6.03263,0.07808,47960
63.5901,1.46196,6.02541,0.0757,48180
63.6001,1.46175,6.03584,0.07865,48227
63.6101,1.46155,6.02713,0.07329,48368
63.6201,1.46134,6.03234,0.07893,48011
63.6301,1.46114,6.02779,0.077,48465
63.6401,1.46093,6.02753,0.07821,47928
63.6501,1.46073,6.02882,0.07294,47838
63.6601,1.46052,6.02909,0.07243,48455
63.6701,1.46032,6.02793,0.07453,48247
63.6801,1.46011,6.02732,0.06868,48334
63.6901,1.45991,6.02145,0.0699,47949
63.7001,1.4597,6.03134,0.07563,48010
63.7101,1.4595,6.01581,0.07511,48299
63.7201,1.45929,6.02634,0.07542,47894
63.7301,1.45909,6.02039,0.07169,48527
63.7401,1.45888,6.02525,0.08188,48106
63.7501,1.45868,6.01828,0.07074,48136
63.7601,1.45847,6.02647,0.0784,48610
63.7701,1.45827,6.02104,0.07886,48178
63.7801,1.45806,6.01609,0.07719,48031
63.7901,1.45786,6.01731,0.0774,48203
63.8001,1.45765,6.01945,0.07166,48257
63.8101,1.45745,6.01548,0.07202,48092
63.8201,1.45724,6.02033,0.0694,48335
63.8301,1.45704,6.0152,0.07088,48369
63.8401,1.45684,6.01971,0.07386,47810
63.8501,1.45663,6.01252,0.07798,48201
63.8601,1.45643,6.02675,0.07167,48354
63.8701,1.45622,6.0141,0.07632,48263
63.8801,1.45602,6.02162,0.07592,48019
63.8901,1.45582,6.02313,0.07726,48608
63.9001,1.45561,6.02594,0.07401,48343
63.9101,1.45541,6.02071,0.08002,48118
63.9201,1.45521,6.02588,0.07632,48541
63.9301,1.455,6.03054,0.08215,48181
63.9401,1.4548,6.01749,0.072,47768
63.9501,1.4546,6.03617,0.06891,48538
63.9601,1.45439,6.02531,0.07165,48421
63.9701,1.45419,6.03578,0.06939,48214
63.9801,1.45399,6.02536,0.07556,48174
63.9901,1.45378,6.0398,0.07533,48068
64.0001,1.45358,6.0324,0.07371,48447
64.0101,1.45338,6.03911,0.07732,47994
64.0201,1.45317,6.03777,0.07631,48419
64.0301,1.45297,6.04544,0.07604,48496
64.0401,1.45277,6.03669,0.07686,47966
64.0501,1.45257,6.046,0.07795,48765
64.0601,1.45236,6.04862,0.07346,48415
64.0701,1.45216,6.03567,0.08302,48066
64.0801,1.45196,6.05013,0.07516,48131
64.0901,1.45176,6.0445,0.07064,48672
64.1001,1.45155,6.05085,0.07137,48013
64.11,1.45135,6.04311,0.07186,48330
64.12,1.45115,6.05197,0.0718,48324
64.13,1.45095,6.04419,0.07286,48267
64.14,1.45075,6.04358,0.07621,47896
64.15,1.45054,6.05143,0.07707,48608
64.16,1.45034,6.05617,0.07195,48613
64.17,1.45014,6.04915,0.07877,48100
64.18,1.44994,6.05215,0.07484,48428
64.19,1.44974,6.05182,0.07993,48655
64.2,1.44953,6.05359,0.07438,48173
64.21,1.44933,6.04793,0.0785,48241
64.22,1.44913,6.0553,0.0794,48630
64.23,1.44893,6.05262,0.07449,48130
64.24,1.44873,6.05474,0.0695,48242
64.25,1.44853,6.05288,0.07025,48607
64.26,1.44833,6.05391,0.07074,48256
64.27,1.44813,6.05114,0.07574,48204
64.28,1.44792,6.0543,0.07419,48192
64.29,1.44772,6.05883,0.0759,48555
64.3,1.44752,6.05549,0.07661,48295
64.31,1.44732,6.05354,0.07409,48347
64.32,1.44712,6.06588,0.08018,48673
64.33,1.44692,6.0564,0.07852,48265
64.34,1.44672,6.06389,0.07354,48639
64.35,1.44652,6.06051,0.07888,48451
64.36,1.44632,6.06755,0.07995,48432
64.37,1.44612,6.05887,0.07452,48240
64.38,1.44592,6.06981,0.07239,48215
64.39,1.44572,6.06605,0.06587,48665
64.4,1.44552,6.07405,0.07549,48292
64.41,1.44532,6.06219,0.07434,48283
64.42,1.44512,6.07799,0.07086,48292
64.43,1.44492,6.0706,0.07873,48477
64.44,1.44472,6.08006,0.0768,48565
64.45,1.44452,6.06953,0.07485,48297
64.46,1.44432,6.08693,0.07543,48350
64.47,1.44412,6.07758,0.08022,48856
64.48,1.44392,6.0894,0.07787,48266
64.49,1.44372,6.07825,0.07514,48609
64.5,1.44352,6.0926,0.07854,48421
64.51,1.44332,6.08658,0.08073,48495
64.52,1.44312,6.08876,0.07497,48334
64.53,1.44292,6.09611,0.06337,48601
64.54,1.44272,6.09422,0.07466,48269
64.55,1.44252,6.09604,0.07708,48209
64.56,1.44232,6.09605,0.07157,48411
64.57,1.44212,6.1074,0.07436,48651
64.58,1.44192,6.10067,0.07914,48544
64.59,1.44172,6.1127,0.07965,48090
64.6,1.44152,6.10592,0.07156,48849
64.61,1.44132,6.12353,0.08253,48634
64.62,1.44113,6.11692,0.07794,48399
64.63,1.44093,6.11686,0.07751,48608
64.64,1.44073,6.12798,0.07647,48890
64.65,1.44053,6.12782,0.08266,48359
64.66,1.44033,6.13261,0.07903,48047
64.67,1.44013,6.13522,0.06457,48805
64.68,1.43993,6.14566,0.07121,48444
64.69,1.43974,6.13726,0.07627,47990
64.6999,1.43954,6.15388,0.0736,48753
64.7099,1.43934,6.14749,0.07569,48594
64.7199,1.43914,6.15393,0.07506,48185
64.7299,1.43894,6.16382,0.07939,48746
64.7399,1.43874,6.16537,0.0767,48842
64.7499,1.43855,6.16904,0.07506,48408
64.7599,1.43835,6.16582,0.07928,48418
64.7699,1.43815,6.18023,0.07845,48827
64.7799,1.43795,6.17908,0.07895,48769
64.7899,1.43776,6.17507,0.07597,48151
64.7999,1.43756,6.18612,0.08085,48611
64.8099,1.43736,6.18604,0.06925,48738
64.8199,1.43716,6.18593,0.06773,48147
64.8299,1.43696,6.18961,0.07742,48450
64.8399,1.43677,6.19936,0.07668,48647
64.8499,1.43657,6.19339,0.07314,48455
64.8599,1.43637,6.19367,0.07863,48143
64.8699,1.43618,6.2017,0.07843,48923
64.8799,1.43598,6.20533,0.07854,48718
64.8899,1.43578,6.20174,0.07349,48257
64.8999,1.43558,6.20088,0.07921,48710
64.9099,1.43539,6.21357,0.07984,48732
64.9199,1.43519,6.20442,0.07947,48439
64.9299,1.43499,6.20896,0.07675,48620
64.9399,1.4348,6.21291,0.07776,48658
64.9499,1.4346,6.21198,0.07014,48411
64.9599,1.4344,6.20997,0.07085,48412
64.9699,1.43421,6.20979,0.07138,48440
64.9799,1.43401,6.21707,0.07768,48547
64.9899,1.43381,6.207,0.0761,48300
64.9999,1.43362,6.21049,0.07202,48598
65.0099,1.43342,6.21932,0.08245,48837
65.0199,1.43322,6.21025,0.07991,48437
65.0299,1.43303,6.21775,0.07463,48727
65.0399,1.43283,6.21462,0.07977,48605
65.0499,1.43264,6.21541,0.08072,48930
65.0599,1.43244,6.20951,0.0772,48453
65.0699,1.43224,6.21302,0.082,48641
65.0799,1.43205,6.21215,0.07564,48765
65.0899,1.43185,6.20798,0.07648,48436
65.0999,1.43166,6.20742,0.06659,48687
65.1099,1.43146,6.20708,0.07425,48499
65.1199,1.43127,6.20332,0.07363,48414
65.1299,1.43107,6.20484,0.07406,48631
65.1399,1.43088,6.2033,0.07884,48668
65.1499,1.43068,6.19928,0.07732,48804
65.1599,1.43048,6.20028,0.07385,48765
65.1699,1.43029,6.19732,0.08344,48731
65.1799,1.43009,6.19629,0.07853,48812
65.1899,1.4299,6.19384,0.07997,48670
65.1999,1.4297,6.19357,0.07821,48996
65.2099,1.42951,6.18414,0.07486,48601
65.2199,1.42931,6.189,0.08517,48792
65.2299,1.42912,6.18743,0.0689,48658
65.2399,1.42892,6.1798,0.0743,48542
65.2499,1.42873,6.17671,0.06874,48510
65.2599,1.42853,6.17522,0.07771,48621
65.2699,1.42834,6.17605,0.07284,48942
65.2798,1.42815,6.17251,0.07676,48441
65.2898,1.42795,6.16771,0.07635,48727
65.2998,1.42776,6.17129,0.0788,49027
65.3098,1.42756,6.1626,0.0752,48870
65.3198,1.42737,6.16084,0.08176,48627
65.3298,1.42717,6.1615,0.0759,48916
65.3398,1.42698,6.15643,0.07759,49121
65.3498,1.42678,6.15014,0.082,48556
65.3598,1.42659,6.14436,0.07389,48790
65.3698,1.4264,6.14851,0.07642,48847
65.3798,1.4262,6.14013,0.06878,48622
65.3898,1.42601,6.13285,0.07109,48316
65.3998,1.42582,6.1381,0.07594,48933
65.4098,1.42562,6.13212,0.07461,48887
65.4198,1.42543,6.11936,0.07681,48393
65.4298,1.42523,6.1243,0.07687,49047
65.4398,1.42504,6.11856,0.07898,48999
65.4498,1.42485,6.11696,0.07588,48878
65.4598,1.42465,6.10803,0.07951,48621
65.4698,1.42446,6.10918,0.07921,49084
65.4798,1.42427,6.1053,0.07752,48970
65.4898,1.42407,6.09131,0.07547,48497
65.4998,1.42388,6.09571,0.0824,49138
65.5098,1.42369,6.08896,0.07084,48962
65.5198,1.42349,6.07961,0.07046,48615
65.5298,1.4233,6.0685,0.07292,48413
65.5398,1.42311,6.07631,0.06977,48877
65.5498,1.42292,6.06949,0.0765,49066
65.5598,1.42272,6.05529,0.07667,48446
65.5698,1.42253,6.05714,0.07451,49048
65.5798,1.42234,6.05653,0.07652,48981
65.5898,1.42214,6.04895,0.07812,48958
65.5998,1.42195,6.04057,0.07733,48662
65.6098,1.42176,6.04245,0.0804,49135
65.6198,1.42157,6.03757,0.07421,49093
65.6298,1.42137,6.02907,0.078,48834
65.6398,1.42118,6.02425,0.08143,49058
65.6498,1.42099,6.02328,0.07252,48908
65.6598,1.4208,6.00815,0.07016,48431
65.6698,1.42061,6.01198,0.07039,48611
65.6798,1.42041,6.00965,0.07321,49053
65.6898,1.42022,6.00701,0.07206,48876
65.6998,1.42003,5.99687,0.07895,48885
65.7098,1.41984,5.99969,0.07556,48962
65.7198,1.41965,5.9966,0.076,49130
65.7298,1.41945,5.98962,0.07786,48790
65.7398,1.41926,5.98715,0.07497,48858
65.7498,1.41907,5.99093,0.08014,49121
65.7598,1.41888,5.98436,0.07961,49064
65.7698,1.41869,5.98054,0.07572,49068
65.7798,1.4185,5.97256,0.07612,49036
65.7898,1.41831,5.97799,0.07069,48978
65.7998,1.41811,5.96243,0.07417,48480
65.8098,1.41792,5.96517,0.0678,48824
65.8198,1.41773,5.96242,0.07739,49064
65.8298,1.41754,5.95876,0.07178,48603
65.8398,1.41735,5.95728,0.07383,49165
65.8498,1.41716,5.95095,0.07941,48844
65.8598,1.41697,5.95438,0.07469,49181
65.8697,1.41678,5.94416,0.07561,49081
65.8797,1.41659,5.94308,0.07914,49149
65.8897,1.4164,5.93642,0.07441,48836
65.8997,1.4162,5.93494,0.08052,49085
65.9097,1.41601,5.93404,0.07708,49469
65.9197,1.41582,5.92595,0.0768,48869
65.9297,1.41563,5.91953,0.06999,48983
65.9397,1.41544,5.91574,0.07525,48542
65.9497,1.41525,5.91723,0.06839,49140
65.9597,1.41506,5.90617,0.0698,48777
65.9697,1.41487,5.91009,0.07828,48849
65.9797,1.41468,5.90454,0.07317,49245
65.9897,1.41449,5.90098,0.07364,48941
65.9997,1.4143,5.89171,0.07939,49011
66.0097,1.41411,5.89639,0.07559,49334
66.0197,1.41392,5.89312,0.07759,49239
66.0297,1.41373,5.88061,0.07906,48815
66.0397,1.41354,5.88897,0.07562,49121
66.0497,1.41335,5.88328,0.07639,49516
66.0597,1.41316,5.87823,0.07853,49073
66.0697,1.41297,5.87377,0.06863,48837
66.0797,1.41278,5.86671,0.07432,48668
66.0897,1.41259,5.87211,0.07169,49130
66.0997,1.4124,5.86545,0.06978,49023
66.1097,1.41222,5.86823,0.07152,48781
66.1197,1.41203,5.86561,0.07703,49413
66.1297,1.41184,5.86458,0.07672,49189
66.1397,1.41165,5.85638,0.07479,48629
66.1497,1.41146,5.86289,0.07941,49339
66.1597,1.41127,5.86022,0.0723,49585
66.1697,1.41108,5.85779,0.07745,49176
66.1797,1.41089,5.85247,0.07724,48868
66.1897,1.4107,5.85955,0.08108,49379
66.1997,1.41051,5.85494,0.06985,49386
66.2097,1.41032,5.85281,0.07316,48866
66.2197,1.41014,5.85063,0.07326,48775
66.2297,1.40995,5.84974,0.07089,49187
66.2397,1.40976,5.85298,0.06809,49033
66.2497,1.40957,5.84904,0.07561,48686
66.2597,1.40938,5.85157,0.07783,49445
66.2697,1.40919,5.8506,0.07356,49363
66.2797,1.40901,5.84977,0.07773,49016
66.2897,1.40882,5.84745,0.07555,49182
66.2997,1.40863,5.85158,0.08021,49605
66.3097,1.40844,5.84786,0.07359,49215
66.3197,1.40825,5.84407,0.07906,48998
66.3297,1.40806,5.84742,0.08049,49433
66.3397,1.40788,5.84765,0.06774,49479
66.3497,1.40769,5.84028,0.07338,48823
66.3597,1.4075,5.84111,0.07507,48614
66.3697,1.40731,5.84556,0.06931,49419
66.3797,1.40713,5.84381,0.0713,49115
66.3897,1.40694,5.84188,0.0735,49034
66.3997,1.40675,5.84318,0.07612,49261
66.4097,1.40656,5.84446,0.07832,49402
66.4197,1.40637,5.84411,0.07164,49134
66.4297,1.40619,5.84645,0.07834,49395
66.4397,1.406,5.84084,0.0733,49143
66.4496,1.40581,5.84472,0.07638,49582
66.4596,1.40563,5.84601,0.07755,49295
66.4696,1.40544,5.84175,0.08267,49187
66.4796,1.40525,5.8464,0.06673,49656
66.4896,1.40506,5.84353,0.07299,48885
66.4996,1.40488,5.84289,0.07669,48887
66.5096,1.40469,5.84186,0.06864,49052
66.5196,1.4045,5.8458,0.07073,49342
66.5296,1.40432,5.84295,0.07683,49183
66.5396,1.40413,5.84594,0.07693,49449
66.5496,1.40394,5.84479,0.07208,49317
66.5596,1.40376,5.84481,0.0791,49208
66.5696,1.40357,5.84573,0.07597,49608
66.5796,1.40338,5.84326,0.07675,49234
66.5896,1.4032,5.84709,0.07463,49409
66.5996,1.40301,5.84308,0.07999,49442
66.6096,1.40282,5.84315,0.07302,49643
66.6196,1.40264,5.84138,0.06959,49212
66.6296,1.40245,5.84233,0.07575,48977
66.6396,1.40227,5.83406,0.0781,49021
66.6496,1.40208,5.83636,0.0665,49419
66.6596,1.40189,5.83624,0.07135,48960
66.6696,1.40171,5.84033,0.0765,49285
66.6796,1.40152,5.83527,0.07567,49608
66.6896,1.40134,5.83611,0.07495,49470
66.6996,1.40115,5.83172,0.07608,49068
66.7096,1.40096,5.83534,0.07822,49726
66.7196,1.40078,5.83096,0.07568,49614
66.7296,1.40059,5.82963,0.07896,49176
66.7396,1.40041,5.82872,0.07364,49377
66.7496,1.40022,5.83159,0.07359,49772
66.7596,1.40004,5.82594,0.06922,49441
66.7696,1.39985,5.82314,0.07526,48843
66.7796,1.39967,5.82653,0.08023,49122
66.7896,1.39948,5.82579,0.06605,49583
66.7996,1.3993,5.82209,0.07346,49477
66.8096,1.39911,5.81868,0.07755,48907
66.8196,1.39893,5.82646,0.07445,49726
66.8296,1.39874,5.81876,0.07288,49625
66.8396,1.39856,5.82216,0.08339,49352
66.8496,1.39837,5.81647,0.07617,49415
66.8596,1.39819,5.82114,0.07443,49608
66.8696,1.398,5.81857,0.07859,49726
66.8796,1.39782,5.81492,0.07674,49113
66.8896,1.39763,5.81759,0.07013,49696
66.8996,1.39745,5.81591,0.07398,49432
66.9096,1.39726,5.81297,0.07243,49265
66.9196,1.39708,5.8057,0.07642,48740
66.9296,1.39689,5.81622,0.06799,49721
66.9396,1.39671,5.81312,0.07258,49619
66.9496,1.39652,5.81015,0.07918,49323
66.9596,1.39634,5.81172,0.07272,49405
66.9696,1.39616,5.81237,0.07666,49778
66.9796,1.39597,5.81278,0.07807,49669
66.9896,1.39579,5.8102,0.07359,49338
66.9996,1.3956,5.81044,0.07842,49662
67.0096,1.39542,5.81282,0.07937,49711
67.0196,1.39524,5.81156,0.07208,49578
67.0296,1.39505,5.8079,0.07116,49376
67.0395,1.39487,5.80556,0.07508,49426
67.0495,1.39469,5.80934,0.07544,49334
67.0595,1.3945,5.80575,0.07242,49216
67.0695,1.39432,5.80911,0.06957,49455
67.0795,1.39413,5.81025,0.07328,49635
67.0895,1.39395,5.81188,0.07683,49762
67.0995,1.39377,5.81059,0.07556,49481
67.1095,1.39358,5.8093,0.07608,49433
67.1195,1.3934,5.81349,0.07957,49799
67.1295,1.39322,5.80871,0.07367,49648
67.1395,1.39303,5.80961,0.07459,49712
67.1495,1.39285,5.80897,0.08015,49612
67.1595,1.39267,5.81148,0.06895,49791
67.1695,1.39249,5.80432,0.07593,49169
67.1795,1.3923,5.80952,0.072,49658
67.1895,1.39212,5.80263,0.07631,49201
67.1995,1.39194,5.81273,0.07482,49458
67.2095,1.39175,5.80849,0.07026,49578
67.2195,1.39157,5.807,0.07408,49622
67.2295,1.39139,5.80535,0.07483,49527
67.2395,1.39121,5.80816,0.07523,49448
67.2495,1.39102,5.8068,0.07672,49894
67.2595,1.39084,5.80576,0.07891,49648
67.2695,1.39066,5.80423,0.07633,49656
67.2795,1.39048,5.80682,0.07669,49716
67.2895,1.39029,5.80325,0.07169,49971
67.2995,1.39011,5.8007,0.07251,49424
67.3095,1.38993,5.79823,0.07534,49371
67.3195,1.38975,5.80167,0.07957,49578
67.3295,1.38957,5.79675,0.07051,49422
67.3395,1.38938,5.79315,0.07428,49086
67.3495,1.3892,5.79833,0.06814,49634
67.3595,1.38902,5.79744,0.07613,49786
67.3695,1.38884,5.79647,0.07557,49889
67.3795,1.38866,5.789,0.07516,49266
67.3895,1.38847,5.79459,0.07803,49788
67.3995,1.38829,5.79878,0.07606,49919
67.4095,1.38811,5.79319,0.07578,49844
67.4195,1.38793,5.7871,0.07654,49409
67.4295,1.38775,5.79314,0.07117,49939
67.4395,1.38757,5.78795,0.07333,49700
67.4495,1.38738,5.78806,0.0731,49542
67.4595,1.3872,5.78355,0.07717,49314
67.4695,1.38702,5.78805,0.07739,49574
67.4795,1.38684,5.78881,0.06909,49825
67.4895,1.38666,5.78742,0.07593,49659
67.4995,1.38648,5.78654,0.07193,49364
67.5095,1.3863,5.79474,0.0816,50066
67.5195,1.38612,5.79038,0.0739,49876
67.5295,1.38594,5.78871,0.07625,49654
67.5395,1.38576,5.79166,0.07704,49745
67.5495,1.38557,5.79636,0.0815,50078
67.5595,1.38539,5.79311,0.06951,49944
67.5695,1.38521,5.78876,0.06972,49540
67.5795,1.38503,5.79068,0.07621,49746
67.5895,1.38485,5.79425,0.07197,49763
67.5995,1.38467,5.79514,0.07612,49693
67.6095,1.38449,5.79357,0.08054,49291
67.6194,1.38431,5.79681,0.06701,49965
67.6294,1.38413,5.80112,0.07694,49961
67.6394,1.38395,5.79732,0.07509,49677
67.6494,1.38377,5.79532,0.07398,49861
67.6594,1.38359,5.7977,0.07671,50002
67.6694,1.38341,5.80283,0.07749,50122
67.6794,1.38323,5.79952,0.0798,49631
67.6894,1.38305,5.80143,0.07175,49986
67.6994,1.38287,5.8043,0.07133,50133
67.7094,1.38269,5.79737,0.07522,49731
67.7194,1.38251,5.79957,0.07398,49708
67.7294,1.38233,5.79787,0.07622,49700
67.7394,1.38215,5.79897,0.07596,49860
67.7494,1.38197,5.79999,0.07743,49715
67.7594,1.38179,5.80318,0.06686,49835
67.7694,1.38161,5.79414,0.08023,49632
67.7794,1.38143,5.80105,0.07456,50165
67.7894,1.38125,5.80111,0.07359,49811
67.7994,1.38107,5.80288,0.08039,50208
67.8094,1.38089,5.7967,0.07448,49823
67.8194,1.38071,5.79774,0.07606,50238
67.8294,1.38054,5.79744,0.07251,49844
67.8394,1.38036,5.79763,0.07205,50102
67.8494,1.38018,5.79271,0.07111,49633
67.8594,1.38,5.79444,0.0787,49972
67.8694,1.37982,5.795,0.07669,49979
67.8794,1.37964,5.79339,0.0755,49808
67.8894,1.37946,5.79253,0.07234,49663
67.8994,1.37928,5.79411,0.07538,49898
67.9094,1.3791,5.79228,0.07393,50152
67.9194,1.37893,5.79433,0.07768,50147
67.9294,1.37875,5.79307,0.07484,49746
67.9394,1.37857,5.79414,0.0787,50130
67.9494,1.37839,5.79089,0.07789,50288
67.9594,1.37821,5.79353,0.07129,50150
67.9694,1.37803,5.79214,0.0736,49984
67.9794,1.37785,5.7886,0.07185,49639
67.9894,1.37768,5.79009,0.0766,50230
67.9994,1.3775,5.79062,0.07561,49992
68.0094,1.37732,5.78985,0.07488,49599
68.0194,1.37714,5.79133,0.081,49736
68.0294,1.37696,5.79036,0.06829,50357
68.0394,1.37679,5.7918,0.07535,50071
68.0494,1.37661,5.79244,0.07248,49766
68.0594,1.37643,5.79637,0.08038,50343
68.0694,1.37625,5.79322,0.07761,50173
68.0794,1.37607,5.79419,0.07565,50224
68.0894,1.3759,5.79322,0.07866,49756
68.0994,1.37572,5.79966,0.06859,50518
68.1094,1.37554,5.79016,0.07126,50024
68.1194,1.37536,5.79291,0.07714,49739
68.1294,1.37519,5.79189,0.07475,49735
68.1394,1.37501,5.79725,0.07268,50386
68.1494,1.37483,5.79158,0.08107,50128
68.1594,1.37465,5.79473,0.07168,49954
68.1694,1.37448,5.79348,0.07362,49748
68.1794,1.3743,5.79654,0.07458,50457
68.1894,1.37412,5.79462,0.07789,50246
68.1994,1.37395,5.79364,0.07857,50190
68.2093,1.37377,5.79297,0.07701,49980
68.2193,1.37359,5.7918,0.0757,50398
68.2293,1.37341,5.79348,0.07193,50431
68.2393,1.37324,5.78608,0.07013,49700
68.2493,1.37306,5.78804,0.07575,49967
68.2593,1.37288,5.78898,0.07327,50392
68.2693,1.37271,5.78809,0.07851,50263
68.2793,1.37253,5.78547,0.07488,49889
68.2893,1.37235,5.7833,0.07817,49831
68.2993,1.37218,5.78615,0.07072,50431
68.3093,1.372,5.78618,0.07261,50413
68.3193,1.37182,5.78257,0.07661,49895
68.3293,1.37165,5.78149,0.07601,50269
68.3393,1.37147,5.78261,0.07701,50427
68.3493,1.3713,5.7793,0.07852,50362
68.3593,1.37112,5.78233,0.07207,50147
68.3693,1.37094,5.7776,0.07288,50317
68.3793,1.37077,5.77658,0.07343,49980
68.3893,1.37059,5.77513,0.0756,50227
68.3993,1.37042,5.7773,0.07356,50326
68.4093,1.37024,5.77604,0.07813,50190
68.4193,1.37006,5.77456,0.07669,49802
68.4293,1.36989,5.77441,0.07748,50268
68.4393,1.36971,5.77591,0.06861,50507
68.4493,1.36954,5.77603,0.07734,50294
68.4593,1.36936,5.77597,0.07905,50139
68.4693,1.36919,5.77347,0.07379,50261
68.4793,1.36901,5.77602,0.07786,50681
68.4893,1.36883,5.77451,0.07599,50343
68.4993,1.36866,5.77279,0.06797,50240
68.5093,1.36848,5.77505,0.07594,49963
68.5193,1.36831,5.7742,0.07643,50412
68.5293,1.36813,5.77438,0.07245,50444
68.5393,1.36796,5.77395,0.07852,49976
68.5493,1.36778,5.77783,0.07911,50428
68.5593,1.36761,5.77325,0.07681,50362
68.5693,1.36743,5.77556,0.07099,50236
68.5793,1.36726,5.7756,0.07486,50103
68.5893,1.36708,5.77791,0.07499,50503
68.5993,1.36691,5.77483,0.0757,50473
68.6093,1.36673,5.77906,0.08197,50664
68.6193,1.36656,5.77528,0.07337,50039
68.6293,1.36638,5.7793,0.06822,50614
68.6393,1.36621,5.77715,0.07671,50415
68.6493,1.36603,5.77872,0.07304,50332
68.6593,1.36586,5.77668,0.07318,49803
68.6693,1.36569,5.78074,0.07899,50661
68.6793,1.36551,5.78103,0.07725,50827
68.6893,1.36534,5.78124,0.07722,50082
68.6993,1.36516,5.78035,0.07798,49828
68.7093,1.36499,5.78297,0.07054,50742
68.7193,1.36481,5.78463,0.07416,50678
68.7293,1.36464,5.78788,0.07831,50481
68.7393,1.36447,5.78458,0.07546,50210
68.7493,1.36429,5.78801,0.07788,50591
68.7593,1.36412,5.79167,0.07003,50663
68.7693,1.36394,5.78919,0.07294,50349
68.7793,1.36377,5.79083,0.07616,50159
68.7892,1.3636,5.79626,0.07089,50496
68.7992,1.36342,5.79864,0.08202,50504
68.8092,1.36325,5.80097,0.0762,50658
68.8192,1.36307,5.80202,0.07609,50301
68.8292,1.3629,5.80327,0.08375,50090
68.8392,1.36273,5.81118,0.07194,50679
68.8492,1.36255,5.81134,0.07129,50707
68.8592,1.36238,5.81254,0.0792,50417
68.8692,1.36221,5.81477,0.07807,50534
68.8792,1.36203,5.81837,0.07407,50694
68.8892,1.36186,5.82236,0.07421,50736
68.8992,1.36169,5.82015,0.07148,50135
68.9092,1.36151,5.82056,0.0728,50503
68.9192,1.36134,5.82847,0.07762,50542
68.9292,1.36117,5.83118,0.07511,50544
68.9392,1.36099,5.8322,0.07984,50554
68.9492,1.36082,5.83581,0.07485,50681
68.9592,1.36065,5.83801,0.07928,50242
68.9692,1.36048,5.84288,0.07802,50633
68.9792,1.3603,5.83986,0.07018,50628
68.9892,1.36013,5.84608,0.07654,50680
68.9992,1.35996,5.84782,0.07793,50415
69.0092,1.35979,5.84828,0.07672,50840
69.0192,1.35961,5.84974,0.07217,50656
69.0292,1.35944,5.8551,0.07169,50671
69.0392,1.35927,5.85156,0.072,50331
69.0492,1.3591,5.85529,0.0797,50482
69.0592,1.35892,5.86111,0.07759,50642
69.0692,1.35875,5.8607,0.07578,50917
69.0792,1.35858,5.86318,0.082,50327
69.0892,1.35841,5.86853,0.07417,50741
69.0992,1.35823,5.86599,0.08021,50445
69.1092,1.35806,5.87223,0.07265,50848
69.1192,1.35789,5.87368,0.07331,50592
69.1292,1.35772,5.87139,0.07988,50586
69.1392,1.35755,5.87989,0.0787,50848
69.1492,1.35737,5.88279,0.072,51066
69.1592,1.3572,5.88194,0.07313,50555
69.1692,1.35703,5.88539,0.07628,50081
69.1792,1.35686,5.89292,0.07265,50761
69.1892,1.35669,5.89615,0.08324,50946
69.1992,1.35652,5.9033,0.07498,50800
69.2092,1.35634,5.90451,0.08062,50444
69.2192,1.35617,5.91297,0.08007,50859
69.2292,1.356,5.91952,0.0769,50708
69.2392,1.35583,5.92182,0.07419,50849
69.2492,1.35566,5.92871,0.07531,50190
69.2592,1.35549,5.93964,0.07507,51022
69.2692,1.35532,5.94814,0.07875,51055
69.2792,1.35514,5.95793,0.0715,50959
69.2892,1.35497,5.96124,0.07399,50547
69.2992,1.3548,5.97621,0.0752,50303
69.3092,1.35463,5.98988,0.07868,51025
69.3192,1.35446,5.99745,0.07507,50919
69.3292,1.35429,6.0106,0.0844,50562
69.3392,1.35412,6.02353,0.07978,50706
69.3492,1.35395,6.03704,0.07928,51070
69.3592,1.35378,6.0514,0.0804,50746
69.3692,1.35361,6.05965,0.07874,50702
69.3791,1.35344,6.07926,0.07292,50395
69.3891,1.35327,6.09907,0.07728,51349
69.3991,1.3531,6.11128,0.08215,50977
69.4091,1.35292,6.13388,0.0738,50905
69.4191,1.35275,6.14623,0.07255,50671
69.4291,1.35258,6.16746,0.07817,50679
69.4391,1.35241,6.18644,0.07773,50848
69.4491,1.35224,6.20426,0.08079,50834
69.4591,1.35207,6.22896,0.07889,50866
69.4691,1.3519,6.24892,0.08547,50912
69.4791,1.35173,6.27067,0.07986,50933
69.4891,1.35156,6.29056,0.07943,51033
69.4991,1.35139,6.31304,0.08422,50546
69.5091,1.35122,6.33531,0.07282,50639
69.5191,1.35105,6.35985,0.08049,51317
69.5291,1.35088,6.38591,0.08082,51035
69.5391,1.35071,6.40935,0.07754,50960
69.5491,1.35054,6.43608,0.07507,50857
69.5591,1.35037,6.45477,0.08032,50725
69.5691,1.3502,6.4838,0.0787,50940
69.5791,1.35003,6.50652,0.07886,50861
69.5891,1.34987,6.53207,0.08271,51159
69.5991,1.3497,6.55942,0.08228,50699
69.6091,1.34953,6.57962,0.08704,51349
69.6191,1.34936,6.60731,0.08512,50876
69.6291,1.34919,6.62808,0.07813,50873
69.6391,1.34902,6.65573,0.07967,50890
69.6491,1.34885,6.67915,0.08031,51054
69.6591,1.34868,6.70154,0.08539,50832
69.6691,1.34851,6.72872,0.07531,51458
69.6791,1.34834,6.74784,0.07832,50924
69.6891,1.34817,6.76233,0.07717,50541
69.6991,1.348,6.78422,0.07963,50814
69.7091,1.34784,6.8149,0.08555,51336
69.7191,1.34767,6.822,0.08336,51240
69.7291,1.3475,6.84172,0.08368,50661
69.7391,1.34733,6.85682,0.09047,51095
69.7491,1.34716,6.87703,0.07918,51574
69.7591,1.34699,6.87814,0.08774,50863
69.7691,1.34682,6.89406,0.07941,50894
69.7791,1.34665,6.90108,0.07651,50837
69.7891,1.34649,6.91711,0.08195,51277
69.7991,1.34632,6.91731,0.08198,51422
69.8091,1.34615,6.9259,0.07494,50932
69.8191,1.34598,6.92023,0.08076,50319
69.8291,1.34581,6.93111,0.08324,51480
69.8391,1.34564,6.92985,0.08361,51371
69.8491,1.34548,6.92787,0.08293,51233
69.8591,1.34531,6.91996,0.08805,50801
69.8691,1.34514,6.91861,0.08172,51116
69.8791,1.34497,6.91119,0.08944,51566
69.8891,1.3448,6.90087,0.08223,51041
69.8991,1.34464,6.88902,0.08371,51050
69.9091,1.34447,6.88223,0.07485,50872
69.9191,1.3443,6.87115,0.08446,51397
69.9291,1.34413,6.85827,0.07347,51395
69.9391,1.34397,6.84057,0.08037,50957
69.9491,1.3438,6.82616,0.08227,50850
69.959,1.34363,6.80869,0.08049,51168
69.969,1.34346,6.79731,0.08463,51238
69.979,1.34329,6.77405,0.08304,51384
69.989,1.34313,6.75678,0.08011,51052
69.999,1.34296,6.73434,0.08793,51310
70.009,1.34279,6.71975,0.08562,51481
70.019,1.34263,6.6928,0.08046,51330
70.029,1.34246,6.67236,0.08787,50814
70.039,1.34229,6.65122,0.0744,51417
70.049,1.34212,6.63126,0.08113,51259
70.059,1.34196,6.60844,0.07428,51469
70.069,1.34179,6.58382,0.07725,50752
70.079,1.34162,6.56884,0.08059,51383
70.089,1.34146,6.5405,0.08133,51050
70.099,1.34129,6.52162,0.0804,51444
70.109,1.34112,6.49912,0.0821,51229
70.119,1.34096,6.47779,0.08591,51454
70.129,1.34079,6.45428,0.08028,51483
70.139,1.34062,6.43138,0.09015,51205
70.149,1.34046,6.40932,0.07929,51295
70.159,1.34029,6.38501,0.083,51184
70.169,1.34012,6.36655,0.07604,51604
70.179,1.33996,6.3413,0.07536,51143
70.189,1.33979,6.32748,0.07337,51494
70.199,1.33962,6.29969,0.0757,50933
70.209,1.33946,6.28672,0.07904,51445
70.219,1.33929,6.2619,0.07979,51284
70.229,1.33912,6.24421,0.07927,51250
70.239,1.33896,6.22878,0.081,51350
70.249,1.33879,6.20666,0.08001,51802
70.259,1.33863,6.19234,0.08219,51421
70.269,1.33846,6.17058,0.08239,51433
70.279,1.33829,6.15914,0.0837,51206
70.289,1.33813,6.1396,0.07827,51442
70.299,1.33796,6.12348,0.07774,51549
70.309,1.3378,6.11074,0.07136,51377
70.319,1.33763,6.09447,0.07545,51289
70.329,1.33747,6.08509,0.07435,51179
70.339,1.3373,6.07138,0.07912,51598
70.349,1.33713,6.05925,0.07819,51352
70.359,1.33697,6.05152,0.07778,51385
70.369,1.3368,6.03596,0.08155,51366
70.379,1.33664,6.03197,0.08113,51879
70.389,1.33647,6.02155,0.07784,51522
70.399,1.33631,6.00966,0.08267,51732
70.409,1.33614,6.0058,0.08044,50935
70.419,1.33598,5.99555,0.07945,51681
70.429,1.33581,5.99239,0.07354,51621
70.439,1.33565,5.98394,0.07147,51560
70.449,1.33548,5.97563,0.07429,51025
70.459,1.33532,5.97344,0.07325,51404
70.469,1.33515,5.97541,0.07938,51721
70.479,1.33499,5.96579,0.0778,51716
70.489,1.33482,5.96557,0.07768,51337
70.499,1.33466,5.9583,0.08087,51417
70.509,1.33449,5.95898,0.07733,51724
70.519,1.33433,5.9628,0.08358,51835
70.529,1.33416,5.9514,0.07928,51697
70.539,1.334,5.9538,0.07931,51580
70.5489,1.33383,5.95201,0.08081,51166
70.5589,1.33367,5.95134,0.07182,51877
70.5689,1.3335,5.95038,0.06937,51833
70.5789,1.33334,5.95003,0.07492,50972
70.5889,1.33318,5.94426,0.07403,51649
70.5989,1.33301,5.94691,0.08049,51452
70.6089,1.33285,5.95297,0.07647,51730
70.6189,1.33268,5.94767,0.07853,51478
70.6289,1.33252,5.94869,0.08092,51987
70.6389,1.33236,5.95394,0.07998,51630
70.6489,1.33219,5.94675,0.08108,51917
70.6589,1.33203,5.94968,0.07876,51648
70.6689,1.33186,5.95407,0.07937,51738
70.6789,1.3317,5.94699,0.08034,51562
70.6889,1.33154,5.94675,0.07174,51473
70.6989,1.33137,5.95194,0.07017,51872
70.7089,1.33121,5.94854,0.07265,51140
70.7189,1.33104,5.94731,0.07782,51913
70.7289,1.33088,5.94825,0.07632,51760
70.7389,1.33072,5.9502,0.07944,51405
70.7489,1.33055,5.94801,0.07783,51791
70.7589,1.33039,5.95062,0.07972,52054
70.7689,1.33023,5.95492,0.07942,51950
70.7789,1.33006,5.94885,0.08346,51857
70.7889,1.3299,5.94599,0.07636,51511
70.7989,1.32974,5.94998,0.08083,51925
70.8089,1.32957,5.95109,0.07988,51636
70.8189,1.32941,5.94504,0.06697,52005
70.8289,1.32925,5.94391,0.07278,51468
70.8389,1.32908,5.94172,0.07606,51218
70.8489,1.32892,5.94936,0.07562,51890
70.8589,1.32876,5.94444,0.07702,52087
70.8689,1.3286,5.94587,0.0778,51814
70.8789,1.32843,5.94982,0.08299,51655
70.8889,1.32827,5.94545,0.07883,51781
70.8989,1.32811,5.94692,0.08093,52238
70.9089,1.32794,5.94444,0.08008,52104
70.9189,1.32778,5.95164,0.07937,51875
70.9289,1.32762,5.94655,0.07982,51337
70.9389,1.32746,5.94729,0.07804,51847
70.9489,1.32729,5.94949,0.06722,52172
70.9589,1.32713,5.94735,0.07312,51632
70.9689,1.32697,5.95225,0.07387,51529
70.9789,1.32681,5.94812,0.07968,51655
70.9889,1.32664,5.95452,0.07825,52266
70.9989,1.32648,5.95865,0.07916,52019
71.0089,1.32632,5.96396,0.07714,51980
71.0189,1.32616,5.9606,0.08211,51845
71.0289,1.32599,5.96155,0.08242,51886
71.0389,1.32583,5.96884,0.0785,52337
71.0489,1.32567,5.97134,0.07981,52094
71.0589,1.32551,5.97542,0.07969,51698
71.0689,1.32535,5.97487,0.07744,51807
71.0789,1.32518,5.97922,0.06799,51971
71.0889,1.32502,5.98104,0.0731,51740
71.0989,1.32486,5.98607,0.07544,51806
71.1089,1.3247,5.99369,0.07753,51936
71.1189,1.32454,5.99477,0.0771,51977
71.1288,1.32438,5.99789,0.08146,52104
71.1388,1.32421,6.00833,0.08238,52171
71.1488,1.32405,6.0104,0.07921,51874
71.1588,1.32389,6.0162,0.08019,52417
71.1688,1.32373,6.01882,0.08083,51998
71.1788,1.32357,6.02157,0.07824,52094
71.1888,1.32341,6.02553,0.08579,52093
71.1988,1.32325,6.03167,0.07319,51920
71.2088,1.32308,6.03269,0.06782,51839
71.2188,1.32292,6.03547,0.07456,51810
71.2288,1.32276,6.04211,0.07467,51954
71.2388,1.3226,6.04645,0.08276,51935
71.2488,1.32244,6.05513,0.079,52346
71.2588,1.32228,6.05725,0.08029,52291
71.2688,1.32212,6.06029,0.08182,51939
71.2788,1.32196,6.06311,0.07736,52125
71.2888,1.3218,6.07011,0.08422,52283
71.2988,1.32164,6.07536,0.08094,52420
71.3088,1.32148,6.07641,0.07836,52309
71.3188,1.32131,6.07813,0.08028,51905
71.3288,1.32115,6.08156,0.07352,51667
71.3388,1.32099,6.08941,0.06829,52077
71.3488,1.32083,6.09181,0.07691,52296
71.3588,1.32067,6.09801,0.07645,52206
71.3688,1.32051,6.10236,0.08453,51732
71.3788,1.32035,6.11002,0.07512,52247
71.3888,1.32019,6.11495,0.08518,52455
71.3988,1.32003,6.12053,0.07875,52466
71.4088,1.31987,6.12502,0.0852,52235
71.4188,1.31971,6.128,0.08265,51819
71.4288,1.31955,6.13644,0.07889,52582
71.4388,1.31939,6.14374,0.08258,52556
71.4488,1.31923,6.14757,0.07212,52128
71.4588,1.31907,6.1506,0.07607,51870
71.4688,1.31891,6.15841,0.07239,51786
71.4788,1.31875,6.16906,0.07609,52244
71.4888,1.31859,6.17634,0.08247,52339
71.4988,1.31843,6.18073,0.07812,52420
71.5088,1.31827,6.1878,0.08424,52203
71.5188,1.31811,6.19665,0.07926,52270
71.5288,1.31795,6.20664,0.07973,52377
71.5388,1.31779,6.21141,0.08513,52594
71.5488,1.31763,6.21919,0.08216,52475
71.5588,1.31747,6.22985,0.08037,52199
71.5688,1.31731,6.23474,0.0812,52456
71.5788,1.31715,6.24751,0.07141,52147
71.5888,1.31699,6.25123,0.07527,52136
71.5988,1.31683,6.26146,0.07531,52150
71.6088,1.31668,6.26883,0.08066,52108
71.6188,1.31652,6.27659,0.07757,52463
71.6288,1.31636,6.28795,0.08397,52375
71.6388,1.3162,6.29915,0.08336,52645
71.6488,1.31604,6.30731,0.08281,52237
71.6588,1.31588,6.3152,0.0838,52675
71.6688,1.31572,6.322,0.08085,52508
71.6788,1.31556,6.33009,0.08476,52329
71.6888,1.3154,6.34245,0.08024,52666
71.6988,1.31524,6.35249,0.07929,52501
71.7088,1.31509,6.35688,0.07542,51955
71.7187,1.31493,6.36071,0.07455,52251
71.7287,1.31477,6.37159,0.077,52135
71.7387,1.31461,6.38635,0.08054,52363
71.7487,1.31445,6.39701,0.08352,52671
71.7587,1.31429,6.40346,0.07906,52600
71.7687,1.31413,6.41021,0.08459,52742
71.7787,1.31397,6.42059,0.08401,52238
71.7887,1.31382,6.43723,0.08165,52460
71.7987,1.31366,6.44375,0.08818,52880
71.8087,1.3135,6.45276,0.08093,52837
71.8187,1.31334,6.45994,0.07782,52555
71.8287,1.31318,6.47053,0.07829,52091
71.8387,1.31303,6.48151,0.0774,51927
71.8487,1.31287,6.49475,0.07733,52553
71.8587,1.31271,6.50657,0.07786,52783
71.8687,1.31255,6.51715,0.08311,52538
71.8787,1.31239,6.53126,0.0835,52185
71.8887,1.31223,6.54176,0.08457,52639
71.8987,1.31208,6.56042,0.0843,53016
71.9087,1.31192,6.56931,0.08354,52782
71.9187,1.31176,6.58185,0.08575,52624
71.9287,1.3116,6.59399,0.08476,52345
71.9387,1.31145,6.60932,0.08124,52773
71.9487,1.31129,6.62885,0.07911,52990
71.9587,1.31113,6.63853,0.07972,52029
71.9687,1.31097,6.65248,0.08089,52439
71.9787,1.31082,6.6704,0.07564,52223
71.9887,1.31066,6.68689,0.08293,52712
71.9987,1.3105,6.70542,0.08532,52985
72.0087,1.31034,6.72352,0.08322,52692
72.0187,1.31019,6.74064,0.08687,52781
72.0287,1.31003,6.75815,0.08121,52539
72.0387,1.30987,6.77393,0.0939,52679
72.0487,1.30971,6.79809,0.08433,53017
72.0587,1.30956,6.81903,0.08579,52911
72.0687,1.3094,6.83685,0.07869,52740
72.0787,1.30924,6.85689,0.08067,52595
72.0887,1.30909,6.87428,0.08185,51991
72.0987,1.30893,6.90074,0.08036,52780
72.1087,1.30877,6.92361,0.07855,52798
72.1187,1.30862,6.94601,0.09191,52473
72.1287,1.30846,6.9723,0.08111,52993
72.1387,1.3083,6.99639,0.09265,52941
72.1487,1.30815,7.01991,0.08313,52803
72.1587,1.30799,7.04699,0.08955,52914
72.1687,1.30783,7.07204,0.08937,52754
72.1787,1.30768,7.10277,0.08527,53118
72.1887,1.30752,7.12977,0.08418,52997
72.1987,1.30736,7.15547,0.08187,52578
72.2087,1.30721,7.18407,0.08604,52317
72.2187,1.30705,7.21473,0.0849,52514
72.2287,1.30689,7.25177,0.07807,52937
72.2387,1.30674,7.28538,0.08696,53001
72.2487,1.30658,7.3159,0.09182,52781
72.2587,1.30642,7.35099,0.0874,52749
72.2687,1.30627,7.39,0.0901,52834
72.2787,1.30611,7.42925,0.08836,53280
72.2887,1.30596,7.46641,0.09123,53212
72.2987,1.3058,7.50809,0.09245,52908
72.3086,1.30564,7.54278,0.08796,52577
72.3186,1.30549,7.58949,0.0813,53052
72.3286,1.30533,7.6358,0.08893,52916
72.3386,1.30518,7.68271,0.08902,52573
72.3486,1.30502,7.73048,0.08472,52711
72.3586,1.30487,7.77751,0.08928,52613
72.3686,1.30471,7.83387,0.09024,52965
72.3786,1.30455,7.8914,0.08952,53394
72.3886,1.3044,7.94892,0.09644,53129
72.3986,1.30424,8.00649,0.09017,53036
72.4086,1.30409,8.06952,0.09808,52822
72.4186,1.30393,8.13269,0.09128,52997
72.4286,1.30378,8.20252,0.09956,53342
72.4386,1.30362,8.27506,0.08411,53261
72.4486,1.30347,8.34376,0.08987,52763
72.4586,1.30331,8.41026,0.09559,52542
72.4686,1.30316,8.50357,0.09427,52650
72.4786,1.303,8.58573,0.08886,53111
72.4886,1.30285,8.67776,0.09678,53244
72.4986,1.30269,8.77273,0.09579,53160
72.5086,1.30254,8.86354,0.09891,52847
72.5186,1.30238,8.97281,0.10086,53203
72.5286,1.30223,9.08204,0.09809,53221
72.5386,1.30207,9.19707,0.10484,53269
72.5486,1.30192,9.3065,0.101,53266
72.5586,1.30176,9.43755,0.09531,53036
72.5686,1.30161,9.57354,0.09787,53023
72.5786,1.30145,9.71508,0.09756,52864
72.5886,1.3013,9.86079,0.10752,52884
72.5986,1.30114,10.01511,0.09914,52991
72.6086,1.30099,10.18473,0.10221,53046
72.6186,1.30083,10.37391,0.10557,53315
72.6286,1.30068,10.56692,0.10879,53364
72.6386,1.30053,10.77001,0.11132,52986
72.6486,1.30037,10.98532,0.11071,53376
72.6586,1.30022,11.21306,0.11716,53195
72.6686,1.30006,11.46665,0.11486,53413
72.6786,1.29991,11.74175,0.11226,53488
72.6886,1.29975,12.02433,0.10921,53070
72.6986,1.2996,12.32091,0.11952,52922
72.7086,1.29945,12.65253,0.11424,52963
72.7186,1.29929,13.02065,0.13106,52913
72.7286,1.29914,13.40577,0.11349,53476
72.7386,1.29898,13.83466,0.12262,53395
72.7486,1.29883,14.28285,0.13226,53017
72.7586,1.29868,14.76814,0.13345,53097
72.7686,1.29852,15.31399,0.14069,53611
72.7786,1.29837,15.88817,0.14311,53579
72.7886,1.29822,16.52934,0.14269,53616
72.7986,1.29806,17.1756,0.14354,53313
72.8086,1.29791,17.90014,0.14198,52782
72.8186,1.29775,18.73032,0.14721,53233
72.8286,1.2976,19.58705,0.16547,53511
72.8386,1.29745,20.50704,0.1598,53094
72.8486,1.29729,21.53118,0.15953,53257
72.8586,1.29714,22.59442,0.16296,52961
72.8686,1.29699,23.78571,0.18617,53363
72.8786,1.29683,25.10464,0.18006,53782
72.8885,1.29668,26.46317,0.19577,53558
72.8985,1.29653,27.91335,0.19826,53652
72.9085,1.29637,29.46618,0.20195,53250
72.9185,1.29622,31.16216,0.21014,53217
72.9285,1.29607,32.9686,0.19559,53719
72.9385,1.29592,34.917,0.21181,53210
72.9485,1.29576,36.9706,0.22386,53464
72.9585,1.29561,39.02818,0.23289,53129
72.9685,1.29546,41.32775,0.24148,53089
72.9785,1.2953,43.76957,0.21597,53211
72.9885,1.29515,46.2869,0.24612,53926
72.9985,1.295,48.95138,0.26411,53683
73.0085,1.29485,51.73152,0.25091,53464
73.0185,1.29469,54.54424,0.27514,53561
73.0285,1.29454,57.62009,0.27007,53603
73.0385,1.29439,60.77102,0.29258,53421
73.0485,1.29424,63.86112,0.24685,53783
73.0585,1.29408,67.22973,0.29445,53259
73.0685,1.29393,70.47723,0.27567,53243
73.0785,1.29378,74.05003,0.301,53766
73.0885,1.29363,77.48503,0.30303,53203
73.0985,1.29347,81.03771,0.27685,53373
73.1085,1.29332,84.56197,0.3006,53671
73.1185,1.29317,88.21056,0.30002,53471
73.1285,1.29302,91.88301,0.32494,53841
73.1385,1.29286,95.57589,0.32196,53743
73.1485,1.29271,99.17362,0.32545,53821
73.1585,1.29256,102.7212,0.33381,53476
73.1685,1.29241,106.164,0.29128,53516
73.1785,1.29226,109.6616,0.33127,53545
73.1885,1.29211,113.144,0.32722,53758
73.1985,1.29195,116.4991,0.34751,53702
73.2085,1.2918,119.3285,0.34812,53298
73.2185,1.29165,122.483,0.35191,53143
73.2285,1.2915,125.5161,0.31631,53908
73.2385,1.29135,128.2899,0.35146,53900
73.2485,1.29119,130.9001,0.35863,53976
73.2585,1.29104,133.2363,0.35437,53704
73.2685,1.29089,135.4674,0.37168,53725
73.2785,1.29074,137.4342,0.36569,53460
73.2885,1.29059,139.5007,0.33207,54001
73.2985,1.29044,140.8972,0.35326,53656
73.3085,1.29029,142.3284,0.35502,53767
73.3185,1.29014,143.3134,0.37274,53466
73.3285,1.28998,144.1412,0.36874,53603
73.3385,1.28983,144.6932,0.3682,53390
73.3485,1.28968,145.2534,0.3479,54028
73.3585,1.28953,145.3709,0.35178,53995
73.3685,1.28938,145.3512,0.37372,53904
73.3785,1.28923,144.7567,0.36825,53625
73.3885,1.28908,144.3421,0.383,53788
73.3985,1.28893,143.5752,0.36928,53968
73.4085,1.28878,142.543,0.33124,54096
73.4185,1.28862,141.0391,0.35688,53694
73.4285,1.28847,139.5982,0.34632,53609
73.4385,1.28832,137.8224,0.38008,53741
73.4485,1.28817,136.0141,0.35276,53871
73.4585,1.28802,133.773,0.38309,53586
73.4685,1.28787,131.5159,0.33284,54090
73.4784,1.28772,129.1436,0.34453,53908
73.4884,1.28757,126.4372,0.34236,53758
73.4984,1.28742,123.9285,0.35595,54144
73.5084,1.28727,120.9142,0.35438,53966
73.5184,1.28712,118.0284,0.34378,53947
73.5284,1.28697,114.9659,0.31097,54201
73.5384,1.28682,111.6128,0.31557,53482
73.5484,1.28667,108.5361,0.33365,53960
73.5584,1.28652,105.3193,0.32013,54019
73.5684,1.28637,101.9547,0.33941,54059
73.5784,1.28622,98.50866,0.32215,53626
73.5884,1.28607,95.20661,0.30568,53788
73.5984,1.28592,91.86492,0.29203,54041
73.6084,1.28577,88.56189,0.30013,54276
73.6184,1.28562,85.21636,0.30789,54178
73.6284,1.28547,81.88259,0.3074,54105
73.6384,1.28532,78.5119,0.29975,53915
73.6484,1.28517,75.31762,0.25848,53852
73.6584,1.28502,72.15323,0.2674,54009
73.6684,1.28487,69.0803,0.27343,54000
73.6784,1.28472,65.99015,0.28097,54251
73.6884,1.28457,63.00664,0.26554,54143
73.6984,1.28442,60.04534,0.26903,53723
73.7084,1.28427,57.24205,0.26815,53629
73.7184,1.28412,54.63531,0.2306,54492
73.7284,1.28397,51.93495,0.24373,54307
73.7384,1.28382,49.38114,0.24512,54323
73.7484,1.28367,46.91959,0.24373,54165
73.7584,1.28352,44.54726,0.22399,53851
73.7684,1.28337,42.32647,0.22152,54173
73.7784,1.28323,40.21219,0.2078,53967
73.7884,1.28308,38.16211,0.22339,54140
73.7984,1.28293,36.21114,0.20368,54342
73.8084,1.28278,34.348,0.21561,54336
73.8184,1.28263,32.60488,0.21066,53844
73.8284,1.28248,30.92882,0.2058,53822
73.8384,1.28233,29.40299,0.17974,54471
73.8484,1.28218,27.94357,0.18429,54420
73.8584,1.28203,26.53264,0.18796,54464
73.8684,1.28188,25.21749,0.18928,54018
73.8784,1.28174,24.02476,0.16257,54377
73.8884,1.28159,22.90425,0.16937,54183
73.8984,1.28144,21.8332,0.15657,53981
73.9084,1.28129,20.87348,0.16494,54328
73.9184,1.28114,19.95095,0.15921,54279
73.9284,1.28099,19.08375,0.16142,54216
73.9384,1.28084,18.32675,0.15248,54434
73.9484,1.2807,17.5724,0.14877,54191
73.9584,1.28055,16.88377,0.13348,54163
73.9684,1.2804,16.26799,0.14148,54515
73.9784,1.28025,15.68798,0.14114,54307
73.9884,1.2801,15.14225,0.13639,54453
73.9984,1.27995,14.65092,0.12361,54629
74.0084,1.27981,14.19931,0.12306,54318
74.0184,1.27966,13.77081,0.12725,54046
74.0284,1.27951,13.37868,0.12433,54000
74.0384,1.27936,13.01886,0.12215,54366
74.0484,1.27921,12.70222,0.12659,54622
74.0583,1.27907,12.39631,0.11546,54599
74.0683,1.27892,12.08767,0.1232,54391
74.0783,1.27877,11.83208,0.10964,54426
74.0883,1.27862,11.5764,0.11179,54095
74.0983,1.27847,11.35749,0.11166,54355
74.1083,1.27833,11.15183,0.11625,54732
74.1183,1.27818,10.95065,0.10007,54947
74.1283,1.27803,10.76291,0.10807,54365
74.1383,1.27788,10.59633,0.10518,54227
74.1483,1.27774,10.42794,0.10396,54172
74.1583,1.27759,10.28369,0.10922,54307
74.1683,1.27744,10.15253,0.11149,54857
74.1783,1.27729,10.02125,0.10321,54811
74.1883,1.27715,9.88921,0.11109,54206
74.1983,1.277,9.77248,0.09792,54639
74.2083,1.27685,9.65724,0.10185,54375
74.2183,1.2767,9.56624,0.10127,54528
74.2283,1.27656,9.46632,0.10567,54688
74.2383,1.27641,9.38034,0.09095,54845
74.2483,1.27626,9.28942,0.09772,54452
74.2583,1.27612,9.20462,0.09509,54533
74.2683,1.27597,9.12605,0.09974,54207
74.2783,1.27582,9.06256,0.10081,54734
74.2883,1.27567,8.99574,0.09864,54512
74.2983,1.27553,8.93529,0.1012,54889
74.3083,1.27538,8.87313,0.09923,54518
74.3183,1.27523,8.81039,0.09603,54794
74.3283,1.27509,8.76003,0.09278,54461
74.3383,1.27494,8.71401,0.09838,54712
74.3483,1.27479,8.66631,0.09334,55034
74.3583,1.27465,8.6241,0.09122,54546
74.3683,1.2745,8.57887,0.09077,54428
74.3783,1.27435,8.54466,0.10184,54635
74.3883,1.27421,8.50507,0.091,54557
74.3983,1.27406,8.4773,0.09753,55053
74.4083,1.27391,8.44554,0.09894,54851
74.4183,1.27377,8.41699,0.09572,54843
74.4283,1.27362,8.385,0.09652,54426
74.4383,1.27348,8.36112,0.09148,54650
74.4483,1.27333,8.3356,0.09529,54711
74.4583,1.27318,8.31382,0.09191,54893
74.4683,1.27304,8.29819,0.0891,55256
74.4783,1.27289,8.27685,0.0889,54729
74.4883,1.27274,8.25562,0.0925,54501
74.4983,1.2726,8.24218,0.09213,54378
74.5083,1.27245,8.22523,0.09542,54812
74.5183,1.27231,8.21935,0.09563,55153
74.5283,1.27216,8.2061,0.09619,55004
74.5383,1.27201,8.1924,0.09257,55119
74.5483,1.27187,8.17644,0.09945,54759
74.5583,1.27172,8.16794,0.08894,54481
74.5683,1.27158,8.15429,0.09226,54599
74.5783,1.27143,8.15409,0.08988,55247
74.5883,1.27129,8.14813,0.08711,55183
74.5983,1.27114,8.14514,0.09248,54742
74.6083,1.27099,8.13854,0.09024,54887
74.6183,1.27085,8.13368,0.09616,54726
74.6283,1.2707,8.1282,0.0923,54755
74.6383,1.27056,8.12586,0.0943,54936
74.6482,1.27041,8.12846,0.0938,55297
74.6582,1.27027,8.12437,0.09589,55278
74.6682,1.27012,8.12219,0.09642,54881
74.6782,1.26998,8.11842,0.09185,54925
74.6882,1.26983,8.11572,0.08712,54700
74.6982,1.26969,8.1228,0.09187,55102
74.7082,1.26954,8.1211,0.08778,55062
74.7182,1.2694,8.12468,0.08992,54819
74.7282,1.26925,8.12345,0.08965,55033
74.7382,1.26911,8.12415,0.09505,55046
74.7482,1.26896,8.12354,0.09554,54987
74.7582,1.26882,8.12523,0.09162,55226
74.7682,1.26867,8.1269,0.09844,55257
74.7782,1.26853,8.12836,0.09412,55088
74.7882,1.26838,8.11992,0.09465,55030
74.7982,1.26824,8.12086,0.09385,55031
74.8082,1.26809,8.11797,0.08466,55021
74.8182,1.26795,8.12324,0.08637,55421
74.8282,1.2678,8.12104,0.08902,55050
74.8382,1.26766,8.12143,0.09086,55013
74.8482,1.26751,8.11349,0.09242,55071
74.8582,1.26737,8.10927,0.09498,55005
74.8682,1.26723,8.09622,0.09364,55015
74.8782,1.26708,8.09939,0.09535,55447
74.8882,1.26694,8.09221,0.09159,55506
74.8982,1.26679,8.08534,0.09918,55451
74.9082,1.26665,8.07173,0.09114,55059
74.9182,1.2665,8.06051,0.09188,55045
74.9282,1.26636,8.04875,0.08756,54924
74.9382,1.26622,8.04505,0.08415,55335
74.9482,1.26607,8.03286,0.08981,55028
74.9582,1.26593,8.02096,0.09022,55414
74.9682,1.26578,8.004,0.09439,55296
74.9782,1.26564,7.99028,0.09175,55484
74.9882,1.26549,7.97376,0.09617,55157
74.9982,1.26535,7.9593,0.09114,54951
75.0082,1.26521,7.94431,0.09441,55507
75.0182,1.26506,7.92799,0.09227,55707
75.0282,1.26492,7.90594,0.09714,55318
75.0382,1.26478,7.88464,0.08518,55413
75.0482,1.26463,7.86475,0.0859,55428
75.0582,1.26449,7.84232,0.08263,54802
75.0682,1.26434,7.83124,0.08965,55249
75.0782,1.2642,7.8081,0.08988,55258
75.0882,1.26406,7.78555,0.09291,55514
75.0982,1.26391,7.76402,0.09188,55697
75.1082,1.26377,7.73922,0.09371,55456
75.1182,1.26363,7.71823,0.09309,55375
75.1282,1.26348,7.69173,0.09192,55503
75.1382,1.26334,7.67387,0.09117,55767
75.1482,1.2632,7.64552,0.09165,54951
75.1582,1.26305,7.62581,0.08517,55599
75.1682,1.26291,7.60371,0.08187,55614
75.1782,1.26277,7.58272,0.08635,55132
75.1882,1.26262,7.55306,0.0889,55161
75.1982,1.26248,7.53524,0.09136,55740
75.2082,1.26234,7.51067,0.09253,55614
75.2182,1.2622,7.49004,0.08732,55561
75.2281,1.26205,7.46795,0.09545,55358
75.2381,1.26191,7.44846,0.08839,55798
75.2481,1.26177,7.4226,0.09418,55439
75.2581,1.26162,7.40448,0.09012,55783
75.2681,1.26148,7.3833,0.09372,55510
75.2781,1.26134,7.36567,0.07697,55686
75.2881,1.2612,7.3491,0.08404,55518
75.2981,1.26105,7.32982,0.08695,55368
75.3081,1.26091,7.31341,0.08879,55223
75.3181,1.26077,7.2974,0.09041,55525
75.3281,1.26063,7.2854,0.08629,55879
75.3381,1.26048,7.27,0.09247,55918
75.3481,1.26034,7.25862,0.08915,55797
75.3581,1.2602,7.24935,0.08883,55927
75.3681,1.26006,7.23536,0.09214,55666
75.3781,1.25991,7.22042,0.09042,55504
75.3881,1.25977,7.21215,0.09048,55117
75.3981,1.25963,7.20852,0.07408,56085
75.4081,1.25949,7.20225,0.08387,55478
75.4181,1.25934,7.19577,0.08841,55768
75.4281,1.2592,7.19275,0.088,55834
75.4381,1.25906,7.1856,0.09083,55817
75.4481,1.25892,7.18009,0.08839,55482
75.4581,1.25878,7.18379,0.0891,55881
75.4681,1.25863,7.17771,0.09241,55671
75.4781,1.25849,7.17711,0.08745,56032
75.4881,1.25835,7.17564,0.08844,56059
75.4981,1.25821,7.17382,0.09029,55749
75.5081,1.25807,7.17269,0.0818,55858
75.5181,1.25793,7.17755,0.07816,55326
75.5281,1.25778,7.18054,0.08566,55756
75.5381,1.25764,7.18461,0.08725,55793
75.5481,1.2575,7.18271,0.09076,55755
75.5581,1.25736,7.18619,0.08753,56075
75.5681,1.25722,7.1884,0.09378,56120
75.5781,1.25708,7.19121,0.08724,55777
75.5881,1.25693,7.19538,0.08897,56059
75.5981,1.25679,7.19897,0.09372,56014
75.6081,1.25665,7.20068,0.08901,56084
75.6181,1.25651,7.20287,0.0858,55840
75.6281,1.25637,7.20499,0.07711,55816
75.6381,1.25623,7.20853,0.08336,55513
75.6481,1.25609,7.21219,0.08567,55669
75.6581,1.25595,7.21416,0.08837,56024
75.6681,1.2558,7.21483,0.089,56145
75.6781,1.25566,7.21791,0.08918,56256
75.6881,1.25552,7.21934,0.09028,56137
75.6981,1.25538,7.21875,0.08898,56225
75.7081,1.25524,7.22074,0.09192,55939
75.7181,1.2551,7.21794,0.08715,55621
75.7281,1.25496,7.22132,0.09329,56325
75.7381,1.25482,7.21653,0.08192,56029
75.7481,1.25468,7.21584,0.07537,55955
75.7581,1.25454,7.21624,0.08755,55933
75.7681,1.2544,7.21358,0.08658,56112
75.7781,1.25426,7.20838,0.08909,56180
75.7881,1.25411,7.20126,0.09168,55691
75.7981,1.25397,7.2068,0.08789,56071
75.8081,1.25383,7.20224,0.08632,56297
75.818,1.25369,7.19604,0.09187,56478
75.828,1.25355,7.19095,0.08839,56356
75.838,1.25341,7.18323,0.09377,56460
75.848,1.25327,7.17207,0.08092,56113
75.858,1.25313,7.16216,0.08576,55528
75.868,1.25299,7.16054,0.07874,56130
75.878,1.25285,7.15273,0.08569,55944
75.888,1.25271,7.1444,0.08962,56138
75.898,1.25257,7.13594,0.08789,56515
75.908,1.25243,7.12245,0.08662,56478
75.918,1.25229,7.1138,0.0886,56385
75.928,1.25215,7.09811,0.08872,55926
75.938,1.25201,7.09096,0.09046,56594
75.948,1.25187,7.07811,0.08928,56390
75.958,1.25173,7.06862,0.08668,56481
75.968,1.25159,7.05097,0.08119,55951
75.978,1.25145,7.03961,0.0803,55803
75.988,1.25131,7.03,0.08365,56331
75.998,1.25117,7.01541,0.08885,56177
76.008,1.25103,7.00344,0.08714,56472
76.018,1.25089,6.9917,0.08636,56415
76.028,1.25075,6.9818,0.08757,56580
76.038,1.25061,6.9672,0.08932,56555
76.048,1.25047,6.95606,0.08795,56565
76.058,1.25033,6.94915,0.08701,56210
76.068,1.25019,6.933,0.09209,56461
76.078,1.25005,6.92349,0.07779,56465
76.088,1.24992,6.91374,0.08621,55798
76.098,1.24978,6.90104,0.07825,56522
76.108,1.24964,6.89043,0.08614,56505
76.118,1.2495,6.88358,0.09106,56587
76.128,1.24936,6.86672,0.08237,56651
76.138,1.24922,6.86158,0.08947,56429
76.148,1.24908,6.84848,0.08712,56035
76.158,1.24894,6.84115,0.0847,56673
76.168,1.2488,6.83055,0.0869,56758
76.178,1.24866,6.81975,0.09031,56835
76.188,1.24852,6.80907,0.07978,56836
76.198,1.24838,6.79942,0.0829,56021
76.208,1.24825,6.78766,0.07985,56322
76.218,1.24811,6.77287,0.08448,56107
76.228,1.24797,6.76814,0.08332,56662
76.238,1.24783,6.75789,0.08886,56658
76.248,1.24769,6.74369,0.08511,56521
76.258,1.24755,6.73503,0.08404,56871
76.268,1.24741,6.72003,0.08702,56841
76.278,1.24727,6.71156,0.08887,56868
76.288,1.24714,6.69773,0.08699,56718
76.298,1.247,6.68737,0.07979,56634
76.308,1.24686,6.67776,0.08208,56491
76.318,1.24672,6.66454,0.08469,56265
76.328,1.24658,6.65214,0.08102,56516
76.338,1.24644,6.64136,0.08245,56625
76.348,1.24631,6.62707,0.08466,56817
76.358,1.24617,6.61463,0.08879,56946
76.368,1.24603,6.60209,0.08256,56718
76.378,1.24589,6.58926,0.08619,56673
76.388,1.24575,6.57945,0.0872,56962
76.3979,1.24561,6.56623,0.08631,56997
76.4079,1.24548,6.55437,0.07896,56983
76.4179,1.24534,6.5414,0.08174,56827
76.4279,1.2452,6.52679,0.08278,56074
76.4379,1.24506,6.51199,0.07889,56433
76.4479,1.24492,6.49576,0.08195,56508
76.4579,1.24479,6.48708,0.08544,57170
76.4679,1.24465,6.47458,0.082,57018
76.4779,1.24451,6.46169,0.08692,57106
76.4879,1.24437,6.44709,0.0865,56959
76.4979,1.24424,6.435,0.08268,57122
76.5079,1.2441,6.42214,0.08602,57045
76.5179,1.24396,6.40624,0.08034,56784
76.5279,1.24382,6.39134,0.08094,56641
76.5379,1.24368,6.37876,0.08045,56568
76.5479,1.24355,6.364,0.0825,56677
76.5579,1.24341,6.35255,0.08174,57053
76.5679,1.24327,6.34154,0.07947,57138
76.5779,1.24314,6.32944,0.08354,57020
76.5879,1.243,6.31857,0.08448,57211
76.5979,1.24286,6.30383,0.08252,56930
76.6079,1.24272,6.29307,0.08791,56882
76.6179,1.24259,6.28291,0.08136,57154
76.6279,1.24245,6.27198,0.08473,56988
76.6379,1.24231,6.26274,0.07677,57248
76.6479,1.24217,6.25092,0.08091,56704
76.6579,1.24204,6.23975,0.08314,56832
76.6679,1.2419,6.23076,0.07899,57191
76.6779,1.24176,6.22428,0.07981,56888
76.6879,1.24163,6.21613,0.08069,56914
76.6979,1.24149,6.21052,0.08331,57380
76.7079,1.24135,6.20195,0.08255,57241
76.7179,1.24122,6.19557,0.08299,57182
76.7279,1.24108,6.18726,0.08506,57204
76.7379,1.24094,6.18345,0.08628,57071
76.7479,1.24081,6.17609,0.07276,57417
76.7579,1.24067,6.16919,0.08125,56805
76.7679,1.24053,6.15855,0.08112,56957
76.7779,1.2404,6.15382,0.08614,56850
76.7879,1.24026,6.15154,0.07734,57407
76.7979,1.24012,6.14255,0.07848,57380
76.8079,1.23999,6.13703,0.08515,57360
76.8179,1.23985,6.13291,0.08141,57297
76.8279,1.23971,6.1282,0.08137,57362
76.8379,1.23958,6.12101,0.08657,57045
76.8479,1.23944,6.11534,0.08247,57126
76.8579,1.2393,6.11048,0.07542,57590
76.8679,1.23917,6.1022,0.07809,57040
76.8779,1.23903,6.09425,0.08153,57246
76.8879,1.23889,6.08579,0.08145,57165
76.8979,1.23876,6.0798,0.07729,57468
76.9079,1.23862,6.07218,0.08257,57473
76.9179,1.23849,6.06525,0.07954,57303
76.9279,1.23835,6.06018,0.08329,57121
76.9379,1.23821,6.05333,0.08476,57437
76.9479,1.23808,6.0445,0.08258,57200
76.9579,1.23794,6.03772,0.08369,57728
76.9679,1.23781,6.02882,0.07245,57657
76.9779,1.23767,6.02035,0.08036,57175
76.9878,1.23754,6.00986,0.0813,57476
76.9978,1.2374,6.0037,0.08112,57255
77.0078,1.23726,5.99501,0.07954,57224
77.0178,1.23713,5.9866,0.07779,57414
77.0278,1.23699,5.98483,0.08134,57679
77.0378,1.23686,5.97652,0.08125,57565
77.0478,1.23672,5.96667,0.08267,57514
77.0578,1.23659,5.95964,0.08282,57379
77.0678,1.23645,5.94969,0.08025,57701
77.0778,1.23631,5.94301,0.07282,57844
77.0878,1.23618,5.93579,0.07748,57221
77.0978,1.23604,5.92821,0.08199,57212
77.1078,1.23591,5.92117,0.08213,57669
77.1178,1.23577,5.91498,0.08213,57437
77.1278,1.23564,5.91054,0.07645,57613
77.1378,1.2355,5.90438,0.0801,57715
77.1478,1.23537,5.89767,0.07944,57883
77.1578,1.23523,5.88882,0.08072,57584
77.1678,1.2351,5.88145,0.08542,57658
77.1778,1.23496,5.8762,0.0823,57387
77.1878,1.23483,5.86771,0.0699,57693
77.1978,1.23469,5.86275,0.07806,57448
77.2078,1.23456,5.85541,0.08111,57727
77.2178,1.23442,5.84853,0.08219,57839
77.2278,1.23429,5.84097,0.08349,57639
77.2378,1.23415,5.8399,0.07352,57714
77.2478,1.23402,5.83284,0.07917,57875
77.2578,1.23388,5.82769,0.08391,57859
77.2678,1.23375,5.82067,0.08056,57673
77.2778,1.23361,5.81315,0.08333,57529
77.2878,1.23348,5.80912,0.08126,57893
77.2978,1.23334,5.80428,0.07162,57860
77.3078,1.23321,5.79891,0.07806,57525
77.3178,1.23308,5.793,0.08063,57850
77.3278,1.23294,5.78756,0.08111,57979
77.3378,1.23281,5.78313,0.08376,57681
77.3478,1.23267,5.77845,0.07545,57916
77.3578,1.23254,5.77341,0.0793,57752
77.3678,1.2324,5.76752,0.07736,57942
77.3778,1.23227,5.76612,0.07894,57980
77.3878,1.23214,5.76194,0.08488,57915
77.3978,1.232,5.75601,0.07557,58090
77.4078,1.23187,5.75008,0.07455,57836
77.4178,1.23173,5.74543,0.07615,57548
77.4278,1.2316,5.74245,0.08061,57905
77.4378,1.23146,5.73968,0.08014,58022
77.4478,1.23133,5.73529,0.08403,57915
77.4578,1.2312,5.73221,0.08219,57670
77.4678,1.23106,5.72619,0.07338,58239
77.4778,1.23093,5.72124,0.08214,58212
77.4878,1.2308,5.71774,0.07841,58145
77.4978,1.23066,5.71335,0.07941,58067
77.5078,1.23053,5.71002,0.07574,58220
77.5178,1.23039,5.70425,0.07477,57968
77.5278,1.23026,5.70244,0.07635,57789
77.5378,1.23013,5.69451,0.08076,57815
77.5478,1.22999,5.6959,0.08209,57776
77.5578,1.22986,5.69276,0.07907,58274
77.5677,1.22973,5.68762,0.08351,57944
77.5777,1.22959,5.68335,0.07313,58344
77.5877,1.22946,5.67869,0.08157,58307
77.5977,1.22933,5.67391,0.08007,58273
77.6077,1.22919,5.67153,0.0795,58362
77.6177,1.22906,5.66725,0.07324,58327
77.6277,1.22893,5.66335,0.07513,57937
77.6377,1.22879,5.65894,0.07773,57915
77.6477,1.22866,5.6551,0.07967,57893
77.6577,1.22853,5.65148,0.0788,58402
77.6677,1.22839,5.64817,0.08362,58140
77.6777,1.22826,5.64249,0.07951,57906
77.6877,1.22813,5.63642,0.07421,58522
77.6977,1.22799,5.63429,0.08049,58423
77.7077,1.22786,5.62834,0.08095,58428
77.7177,1.22773,5.62731,0.07859,58359
77.7277,1.22759,5.62127,0.07198,58557
77.7377,1.22746,5.61515,0.07764,57708
77.7477,1.22733,5.60913,0.07473,58313
77.7577,1.2272,5.6074,0.07884,58409
77.7677,1.22706,5.60567,0.08322,58389
77.7777,1.22693,5.60232,0.07762,58585
77.7877,1.2268,5.59923,0.08166,58170
77.7977,1.22666,5.5952,0.07647,58385
77.8077,1.22653,5.59414,0.0782,58345
77.8177,1.2264,5.59167,0.07915,58399
77.8277,1.22627,5.5892,0.08458,58518
77.8377,1.22613,5.58652,0.06985,58277
77.8477,1.226,5.58503,0.07372,58178
77.8577,1.22587,5.5833,0.07921,58518
77.8677,1.22574,5.58626,0.07816,58633
77.8777,1.2256,5.58733,0.08134,58555
77.8877,1.22547,5.58513,0.08238,58708
77.8977,1.22534,5.58526,0.07881,58454
77.9077,1.22521,5.58673,0.07585,58448
77.9177,1.22508,5.58454,0.078,58663
77.9277,1.22494,5.5851,0.07893,58601
77.9377,1.22481,5.58456,0.0764,58344
77.9477,1.22468,5.58246,0.07299,58473
77.9577,1.22455,5.57956,0.07489,58038
77.9677,1.22442,5.58235,0.07804,58687
77.9777,1.22428,5.57879,0.08088,58727
77.9877,1.22415,5.57699,0.08059,58744
77.9977,1.22402,5.57619,0.07819,58897
78.0077,1.22389,5.57259,0.08051,58527
78.0177,1.22376,5.5688,0.07613,58734
78.0277,1.22362,5.5669,0.07927,58808
78.0377,1.22349,5.56117,0.07824,58763
78.0477,1.22336,5.55787,0.0715,58503
78.0577,1.22323,5.55392,0.0758,58557
78.0677,1.2231,5.54835,0.07671,58559
78.0777,1.22297,5.54625,0.07953,58665
78.0877,1.22283,5.54228,0.07942,58827
78.0977,1.2227,5.53867,0.0787,58846
78.1077,1.22257,5.53533,0.07912,58668
78.1177,1.22244,5.5314,0.08212,58617
78.1277,1.22231,5.52921,0.07736,58973
78.1377,1.22218,5.52766,0.07783,58897
78.1477,1.22205,5.5253,0.08116,58734
78.1576,1.22191,5.52282,0.0702,58895
78.1676,1.22178,5.51982,0.07405,58568
78.1776,1.22165,5.51958,0.07771,58744
78.1876,1.22152,5.51847,0.07905,58952
78.1976,1.22139,5.51672,0.08,59119
78.2076,1.22126,5.51691,0.07996,58966
78.2176,1.22113,5.51543,0.07832,59119
78.2276,1.221,5.51389,0.082,58778
78.2376,1.22086,5.51238,0.07547,58828
78.2476,1.22073,5.50932,0.08129,59066
78.2576,1.2206,5.51053,0.07458,58838
78.2676,1.22047,5.50924,0.0713,58753
78.2776,1.22034,5.50613,0.07502,58435
78.2876,1.22021,5.50515,0.07792,58992
78.2976,1.22008,5.50493,0.07785,59235
78.3076,1.21995,5.50376,0.07922,59139
78.3176,1.21982,5.50073,0.07893,59213
78.3276,1.21969,5.49879,0.08194,59267
78.3376,1.21956,5.49595,0.07995,59026
78.3476,1.21943,5.49491,0.07608,59067
78.3576,1.2193,5.49425,0.0775,59182
78.3676,1.21917,5.49145,0.07444,59172
78.3776,1.21903,5.49076,0.07176,58630
78.3876,1.2189,5.49069,0.07719,58999
78.3976,1.21877,5.48935,0.07832,59089
78.4076,1.21864,5.48614,0.08101,59238
78.4176,1.21851,5.48605,0.07785,59306
78.4276,1.21838,5.48423,0.07995,59236
78.4376,1.21825,5.48221,0.07975,59212
78.4476,1.21812,5.48285,0.08204,58958
78.4576,1.21799,5.48244,0.07678,59276
78.4676,1.21786,5.47923,0.07773,59348
78.4776,1.21773,5.47841,0.06954,59422
78.4876,1.2176,5.47503,0.07327,58441
78.4976,1.21747,5.47745,0.0791,59267
78.5076,1.21734,5.4775,0.07733,59415
78.5176,1.21721,5.47461,0.07878,59288
78.5276,1.21708,5.47673,0.08077,59530
78.5376,1.21695,5.47655,0.07879,59521
78.5476,1.21682,5.47428,0.0809,59504
78.5576,1.21669,5.47387,0.08101,59237
78.5676,1.21656,5.47303,0.07551,59459
78.5776,1.21643,5.47279,0.07255,59427
78.5876,1.2163,5.46948,0.07388,59287
78.5976,1.21617,5.47223,0.07624,58978
78.6076,1.21604,5.47083,0.07758,58887
78.6176,1.21591,5.47047,0.07729,59624
78.6276,1.21578,5.47044,0.08086,59385
78.6376,1.21566,5.47163,0.07845,59397
78.6476,1.21553,5.47309,0.0826,59662
78.6576,1.2154,5.47236,0.08055,59614
78.6676,1.21527,5.47111,0.08031,59448
78.6776,1.21514,5.47125,0.07577,59587
78.6876,1.21501,5.47054,0.07087,59714
78.6976,1.21488,5.46803,0.07336,59168
78.7076,1.21475,5.46558,0.07537,59306
78.7176,1.21462,5.46519,0.07819,59614
78.7276,1.21449,5.46533,0.07882,59421
78.7375,1.21436,5.46578,0.07765,59555
78.7475,1.21423,5.46418,0.08117,59831
78.7575,1.2141,5.46452,0.08049,59784
78.7675,1.21397,5.45942,0.08118,59856
78.7775,1.21385,5.45628,0.08101,59495
78.7875,1.21372,5.45501,0.06942,59823
78.7975,1.21359,5.4502,0.07398,59422
78.8075,1.21346,5.45028,0.07484,59359
78.8175,1.21333,5.4469,0.07698,59537
78.8275,1.2132,5.44503,0.07794,59687
78.8375,1.21307,5.4452,0.07859,59727
78.8475,1.21294,5.44255,0.07991,59499
78.8575,1.21281,5.44021,0.08154,59783
78.8675,1.21269,5.44042,0.07921,59634
78.8775,1.21256,5.43684,0.08145,60121
78.8875,1.21243,5.43523,0.08333,59709
78.8975,1.2123,5.43331,0.06662,59954
78.9075,1.21217,5.43163,0.07335,59415
78.9175,1.21204,5.43202,0.07854,59668
78.9275,1.21191,5.43064,0.07736,59878
78.9375,1.21179,5.43141,0.07802,59937
78.9475,1.21166,5.43161,0.07749,59971
78.9575,1.21153,5.43258,0.0815,60016
78.9675,1.2114,5.4336,0.07932,60042
78.9775,1.21127,5.43421,0.08078,60037
78.9875,1.21114,5.4345,0.08128,59871
78.9975,1.21102,5.43305,0.07483,59598
79.0075,1.21089,5.43119,0.06888,59780
79.0175,1.21076,5.43191,0.07512,59672
79.0275,1.21063,5.43343,0.0776,59875
79.0375,1.2105,5.43493,0.07679,59889
79.0475,1.21038,5.43623,0.07888,60120
79.0575,1.21025,5.43901,0.07987,60096
79.0675,1.21012,5.43922,0.07964,60174
79.0775,1.20999,5.43687,0.08147,60124
79.0875,1.20986,5.43609,0.07985,60010
79.0975,1.20974,5.43391,0.08049,59966
79.1075,1.20961,5.43436,0.06848,60150
79.1175,1.20948,5.43477,0.07379,59608
79.1275,1.20935,5.43364,0.0753,59875
79.1375,1.20923,5.43152,0.07648,59792
79.1475,1.2091,5.43157,0.08001,60236
79.1575,1.20897,5.4294,0.0789,60314
79.1675,1.20884,5.43161,0.07997,60271
79.1775,1.20872,5.43053,0.0796,60315
79.1875,1.20859,5.42607,0.08141,60403
79.1975,1.20846,5.42102,0.08191,60414
79.2075,1.20833,5.42269,0.07196,60242
79.2175,1.20821,5.42323,0.07062,59867
79.2275,1.20808,5.42098,0.07509,59966
79.2375,1.20795,5.41981,0.07718,60153
79.2475,1.20782,5.41948,0.0769,60265
79.2575,1.2077,5.41772,0.07947,60378
79.2675,1.20757,5.41704,0.07909,60360
79.2775,1.20744,5.41618,0.08019,60317
79.2875,1.20731,5.41444,0.08019,60212
79.2975,1.20719,5.4126,0.08073,60548
79.3075,1.20706,5.413,0.07709,60611
79.3175,1.20693,5.41617,0.07364,59872
79.3274,1.20681,5.4147,0.07112,60068
79.3374,1.20668,5.41394,0.07784,60161
79.3474,1.20655,5.41729,0.07769,60380
79.3574,1.20643,5.41424,0.07699,60415
79.3674,1.2063,5.41566,0.07715,60533
79.3774,1.20617,5.41623,0.08092,60341
79.3874,1.20605,5.4169,0.08209,60578
79.3974,1.20592,5.41641,0.08131,60614
79.4074,1.20579,5.41603,0.08086,60609
79.4174,1.20566,5.41549,0.06947,60675
79.4274,1.20554,5.41381,0.07279,59794
79.4374,1.20541,5.41461,0.07537,60399
79.4474,1.20529,5.41654,0.07743,60138
79.4574,1.20516,5.41453,0.07723,60660
79.4674,1.20503,5.4123,0.07849,60599
79.4774,1.20491,5.4134,0.07982,60777
79.4874,1.20478,5.41394,0.07918,60661
79.4974,1.20465,5.41268,0.08071,60843
79.5074,1.20453,5.41107,0.07933,60765
79.5174,1.2044,5.41162,0.07226,61014
79.5274,1.20427,5.41207,0.07699,60110
79.5374,1.20415,5.41,0.07442,60340
79.5474,1.20402,5.41059,0.07747,60572
79.5574,1.20389,5.41061,0.07628,60754
79.5674,1.20377,5.41257,0.07877,60666
79.5774,1.20364,5.41165,0.07905,60813
79.5874,1.20352,5.41095,0.07824,60796
79.5974,1.20339,5.41277,0.08088,60899
79.6074,1.20326,5.4141,0.08131,60834
79.6174,1.20314,5.4159,0.0742,60775
79.6274,1.20301,5.41596,0.07368,60625
79.6374,1.20289,5.41807,0.07767,60368
79.6474,1.20276,5.41767,0.0737,60677
79.6574,1.20264,5.42097,0.077,60626
79.6674,1.20251,5.42339,0.07758,60989
79.6774,1.20238,5.42483,0.07929,60881
79.6874,1.20226,5.42496,0.07993,60980
79.6974,1.20213,5.42495,0.07936,61041
79.7074,1.20201,5.42604,0.08188,61002
79.7174,1.20188,5.4262,0.07557,61090
79.7274,1.20176,5.42831,0.07263,61024
79.7374,1.20163,5.42799,0.07882,60409
79.7474,1.2015,5.43151,0.07515,60641
79.7574,1.20138,5.43395,0.07768,60802
79.7674,1.20125,5.43273,0.0757,60821
79.7774,1.20113,5.43627,0.07881,60872
79.7874,1.201,5.43781,0.07702,61031
79.7974,1.20088,5.4392,0.08199,60996
79.8074,1.20075,5.44285,0.07954,61210
79.8174,1.20063,5.44225,0.08378,61272
79.8274,1.2005,5.44612,0.07116,61274
79.8374,1.20038,5.44185,0.07551,60690
79.8474,1.20025,5.4469,0.08005,60830
79.8574,1.20013,5.45094,0.07344,60926
79.8674,1.2,5.4506,0.07755,61190
79.8774,1.19988,5.45746,0.07703,61209
79.8874,1.19975,5.45994,0.07946,61164
79.8974,1.19963,5.46124,0.07917,61327
79.9073,1.1995,5.4639,0.08217,61271
79.9173,1.19938,5.46257,0.08024,61385
79.9273,1.19925,5.46578,0.07092,61446
79.9373,1.19913,5.45646,0.07572,60810
79.9473,1.199,5.46333,0.07576,60918
79.9573,1.19888,5.46582,0.07704,61146
79.9673,1.19875,5.46718,0.07816,61152
79.9773,1.19863,5.47105,0.07827,61232
79.9873,1.1985,5.47172,0.08146,61325
79.9973,1.19838,5.47035,0.08031,61275
80.0073,1.19825,5.46867,0.07974,61438
80.0173,1.19813,5.46841,0.08226,61555
80.0273,1.198,5.46759,0.07136,61479
80.0373,1.19788,5.45567,0.07334,61106
80.0473,1.19776,5.45505,0.07897,61251
80.0573,1.19763,5.45748,0.08052,61097
80.0673,1.19751,5.45779,0.07453,61426
80.0773,1.19738,5.45758,0.07758,61398
80.0873,1.19726,5.45466,0.08047,61475
80.0973,1.19713,5.45211,0.07932,61563
80.1073,1.19701,5.4479,0.08006,61560
80.1173,1.19688,5.44642,0.08138,61630
80.1273,1.19676,5.44371,0.07128,61712
80.1373,1.19664,5.43087,0.07552,61188
80.1473,1.19651,5.42975,0.0773,61447
80.1573,1.19639,5.43314,0.07909,61277
80.1673,1.19626,5.4322,0.07778,61514
80.1773,1.19614,5.4318,0.07699,61443
80.1873,1.19602,5.43126,0.07801,61565
80.1973,1.19589,5.42717,0.07982,61557
80.2073,1.19577,5.42477,0.07999,61802
80.2173,1.19564,5.42522,0.08127,61517
80.2273,1.19552,5.42162,0.07337,61838
80.2373,1.1954,5.41459,0.07519,61510
80.2473,1.19527,5.4135,0.07677,61415
80.2573,1.19515,5.41341,0.08187,61718
80.2673,1.19503,5.41483,0.08041,61440
80.2773,1.1949,5.4151,0.07623,61618
80.2873,1.19478,5.41351,0.07647,61813
80.2973,1.19466,5.41354,0.07943,61773
80.3073,1.19453,5.41236,0.07885,61911
80.3173,1.19441,5.41025,0.0793,61857
80.3273,1.19428,5.40735,0.07369,61977
80.3373,1.19416,5.40521,0.07445,61593
80.3473,1.19404,5.40279,0.0772,61691
80.3573,1.19391,5.40738,0.07956,61753
80.3673,1.19379,5.40437,0.08177,61657
80.3773,1.19367,5.40366,0.07599,61816
80.3873,1.19354,5.40594,0.07864,61753
80.3973,1.19342,5.40508,0.07694,62032
80.4073,1.1933,5.40419,0.07871,61960
80.4173,1.19317,5.40298,0.08027,62024
80.4273,1.19305,5.40271,0.07497,61994
80.4373,1.19293,5.40315,0.07324,61775
80.4473,1.19281,5.39825,0.07731,61784
80.4573,1.19268,5.40431,0.0805,61793
80.4673,1.19256,5.40152,0.08064,62050
80.4773,1.19244,5.39426,0.08172,61643
80.4873,1.19231,5.39714,0.07307,61996
80.4972,1.19219,5.39975,0.07856,62011
80.5072,1.19207,5.39761,0.08031,62203
80.5172,1.19194,5.39645,0.07913,62172
80.5272,1.19182,5.39687,0.07413,62265
80.5372,1.1917,5.39736,0.07193,61886
80.5472,1.19158,5.39303,0.08056,61867
80.5572,1.19145,5.39294,0.07842,62109
80.5672,1.19133,5.39237,0.08087,62274
80.5772,1.19121,5.38352,0.08054,61953
80.5872,1.19109,5.38611,0.07658,62177
80.5972,1.19096,5.38516,0.07595,62132
80.6072,1.19084,5.3852,0.07786,62337
80.6172,1.19072,5.38363,0.07941,62272
80.6272,1.1906,5.38497,0.07352,62417
80.6372,1.19047,5.38155,0.07434,61948
80.6472,1.19035,5.37911,0.07755,62086
80.6572,1.19023,5.37794,0.0788,62189
80.6672,1.19011,5.37707,0.08144,62360
80.6772,1.18998,5.37226,0.08008,62214
80.6872,1.18986,5.36912,0.07918,62254
80.6972,1.18974,5.36927,0.07548,62324
80.7072,1.18962,5.36659,0.07829,62333
80.7172,1.1895,5.36628,0.07942,62462
80.7272,1.18937,5.3671,0.07354,62577
80.7372,1.18925,5.36192,0.07445,62118
80.7472,1.18913,5.36035,0.07736,62099
80.7572,1.18901,5.3564,0.07811,62384
80.7672,1.18889,5.3548,0.08014,62492
80.7772,1.18876,5.35239,0.08357,62496
80.7872,1.18864,5.34513,0.07838,62261
80.7972,1.18852,5.34534,0.07618,62406
80.8072,1.1884,5.34242,0.07756,62518
80.8172,1.18828,5.34144,0.07988,62555
80.8272,1.18815,5.34084,0.07293,62671
80.8372,1.18803,5.33706,0.07445,62180
80.8472,1.18791,5.33604,0.07748,62391
80.8572,1.18779,5.3328,0.07889,62559
80.8672,1.18767,5.33243,0.07849,62673
80.8772,1.18755,5.33205,0.08361,62788
80.8872,1.18742,5.32847,0.08093,62425
80.8972,1.1873,5.32753,0.0762,62472
80.9072,1.18718,5.32864,0.07772,62788
80.9172,1.18706,5.32845,0.08189,62721
80.9272,1.18694,5.33072,0.07089,62852
80.9372,1.18682,5.32729,0.07316,62334
80.9472,1.1867,5.32867,0.07695,62469
80.9572,1.18657,5.328,0.08035,62744
80.9672,1.18645,5.32807,0.08015,62836
80.9772,1.18633,5.32953,0.08237,62851
80.9872,1.18621,5.33007,0.08086,62567
80.9972,1.18609,5.32945,0.07676,62750
81.0072,1.18597,5.32918,0.07806,62800
81.0172,1.18585,5.33069,0.07799,62934
81.0272,1.18573,5.33275,0.07089,63066
81.0372,1.1856,5.32835,0.07448,62316
81.0472,1.18548,5.33285,0.07804,62582
81.0572,1.18536,5.33516,0.07958,62908
81.0672,1.18524,5.33839,0.08143,62991
81.0771,1.18512,5.34017,0.0834,63007
81.0871,1.185,5.33955,0.08115,62909
81.0971,1.18488,5.34122,0.07643,62847
81.1071,1.18476,5.34031,0.07833,63013
81.1171,1.18464,5.34666,0.07877,62907
81.1271,1.18452,5.35181,0.0691,63244
81.1371,1.1844,5.35054,0.07665,62341
81.1471,1.18428,5.35703,0.07746,62794
81.1571,1.18415,5.36003,0.07919,63120
81.1671,1.18403,5.36504,0.08077,63023
81.1771,1.18391,5.36785,0.08205,63449
81.1871,1.18379,5.37038,0.08284,63161
81.1971,1.18367,5.37191,0.0789,63005
81.2071,1.18355,5.37925,0.07768,63206
81.2171,1.18343,5.38585,0.0747,63231
81.2271,1.18331,5.38903,0.07284,63015
81.2371,1.18319,5.38814,0.07433,62757
81.2471,1.18307,5.39431,0.0791,63121
81.2571,1.18295,5.3957,0.08171,63172
81.2671,1.18283,5.40129,0.08202,63352
81.2771,1.18271,5.40338,0.08097,63364
81.2871,1.18259,5.40508,0.08318,63391
81.2971,1.18247,5.40912,0.08166,62991
81.3071,1.18235,5.41122,0.07588,63249
81.3171,1.18223,5.41459,0.07343,63375
81.3271,1.18211,5.41609,0.07346,62953
81.3371,1.18199,5.41722,0.07628,62928
81.3471,1.18187,5.41969,0.08,63252
81.3571,1.18175,5.42066,0.07884,63391
81.3671,1.18163,5.4251,0.08219,63492
81.3771,1.18151,5.4278,0.08307,63504
81.3871,1.18139,5.42934,0.0835,63567
81.3971,1.18127,5.42851,0.08406,63224
81.4071,1.18115,5.43175,0.07551,63380
81.4171,1.18103,5.43271,0.07058,63463
81.4271,1.18091,5.43357,0.07427,62981
81.4371,1.18079,5.43287,0.07796,63315
81.4471,1.18067,5.4327,0.07846,63432
81.4571,1.18055,5.43236,0.08104,63449
81.4671,1.18043,5.4318,0.0819,63696
81.4771,1.18031,5.4318,0.08097,63627
81.4871,1.18019,5.4335,0.08294,63651
81.4971,1.18007,5.43018,0.08333,63453
81.5071,1.17995,5.43057,0.0778,63493
81.5171,1.17983,5.42827,0.06861,63716
81.5271,1.17971,5.42377,0.07443,62965
81.5371,1.17959,5.42378,0.07911,63467
81.5471,1.17948,5.42285,0.08059,63521
81.5571,1.17936,5.42331,0.07896,63948
81.5671,1.17924,5.41807,0.08178,63875
81.5771,1.17912,5.41629,0.08271,63967
81.5871,1.179,5.41338,0.08431,63961
81.5971,1.17888,5.40606,0.08261,63559
81.6071,1.17876,5.40352,0.0713,63747
81.6171,1.17864,5.39908,0.07118,63541
81.6271,1.17852,5.3974,0.07525,63357
81.6371,1.1784,5.39628,0.07982,63696
81.6471,1.17828,5.38917,0.07928,63844
81.6571,1.17816,5.38546,0.08041,63906
81.667,1.17805,5.38377,0.08187,63919
81.677,1.17793,5.37915,0.08413,64056
81.687,1.17781,5.37381,0.08314,64059
81.697,1.17769,5.36656,0.08225,63728
81.707,1.17757,5.36302,0.06857,63899
81.717,1.17745,5.35917,0.07351,63308
81.727,1.17733,5.35349,0.07527,63715
81.737,1.17721,5.35051,0.08055,63842
81.747,1.1771,5.34632,0.08038,63997
81.757,1.17698,5.34305,0.08035,64037
81.767,1.17686,5.33913,0.08059,64093
81.777,1.17674,5.33328,0.08309,64183
81.787,1.17662,5.32826,0.08264,64193
81.797,1.1765,5.32462,0.08203,63919
81.807,1.17638,5.32369,0.06715,64007
81.817,1.17627,5.31589,0.07381,63294
81.827,1.17615,5.31747,0.07454,63972
81.837,1.17603,5.31651,0.08135,64279
81.847,1.17591,5.31514,0.08005,64303
81.857,1.17579,5.31261,0.08209,64283
81.867,1.17567,5.30905,0.08039,64399
81.877,1.17556,5.30695,0.082,64358
81.887,1.17544,5.30278,0.08298,64375
81.897,1.17532,5.30111,0.07579,64120
81.907,1.1752,5.29963,0.06993,63703
81.917,1.17508,5.29811,0.07487,63888
81.927,1.17496,5.2989,0.07672,64032
81.937,1.17485,5.29328,0.07828,64370
81.947,1.17473,5.29179,0.07925,64287
81.957,1.17461,5.28739,0.08156,64439
81.967,1.17449,5.28516,0.07902,64453
81.977,1.17437,5.28328,0.08361,64525
81.987,1.17426,5.28018,0.0816,64454
81.997,1.17414,5.27804,0.07334,64239
82.007,1.17402,5.27349,0.06976,63629
82.017,1.1739,5.26809,0.07476,64122
82.027,1.17379,5.2673,0.07669,64328
82.037,1.17367,5.26363,0.08083,64412
82.047,1.17355,5.26139,0.08111,64547
82.057,1.17343,5.25852,0.08026,64719
82.067,1.17331,5.25661,0.08003,64764
82.077,1.1732,5.25441,0.08362,64824
82.087,1.17308,5.2531,0.07905,64879
82.097,1.17296,5.24981,0.07366,63935
82.107,1.17284,5.24586,0.07063,63981
82.117,1.17273,5.24544,0.07633,64431
82.127,1.17261,5.24583,0.0773,64578
82.137,1.17249,5.2436,0.08058,64632
82.147,1.17237,5.24444,0.08072,64693
82.157,1.17226,5.24472,0.08005,64875
82.167,1.17214,5.24314,0.08082,64816
82.177,1.17202,5.24364,0.08219,64897
82.187,1.17191,5.24432,0.07246,64835
82.197,1.17179,5.24254,0.07506,63834
82.207,1.17167,5.24394,0.0728,64313
82.217,1.17155,5.24443,0.07672,64582
82.227,1.17144,5.24212,0.08156,64703
82.237,1.17132,5.24445,0.07763,64912
82.2469,1.1712,5.24463,0.08125,64937
82.2569,1.17109,5.24572,0.08076,65114
82.2669,1.17097,5.24389,0.08158,65122
82.2769,1.17085,5.24408,0.07617,65139
82.2869,1.17073,5.24144,0.07269,64681
82.2969,1.17062,5.24485,0.07431,64085
82.3069,1.1705,5.24568,0.07358,64792
82.3169,1.17038,5.24193,0.07906,64861
82.3269,1.17027,5.24321,0.08068,64964
82.3369,1.17015,5.24065,0.07997,64980
82.3469,1.17003,5.23968,0.08136,65012
82.3569,1.16992,5.23899,0.08254,65164
82.3669,1.1698,5.23807,0.0833,65147
82.3769,1.16968,5.24023,0.07026,65308
82.3869,1.16957,5.23609,0.07624,64174
82.3969,1.16945,5.23559,0.07414,64473
82.4069,1.16933,5.23391,0.07653,64960
82.4169,1.16922,5.23088,0.07787,64959
82.4269,1.1691,5.23393,0.07776,65356
82.4369,1.16898,5.23134,0.08063,65288
82.4469,1.16887,5.23356,0.0826,65409
82.4569,1.16875,5.23653,0.08268,65458
82.4669,1.16864,5.23741,0.07723,65369
82.4769,1.16852,5.23349,0.07303,64945
82.4869,1.1684,5.22998,0.0782,64525
82.4969,1.16829,5.23353,0.0747,64935
82.5069,1.16817,5.23058,0.07592,65104
82.5169,1.16805,5.23352,0.07897,65258
82.5269,1.16794,5.23602,0.07948,65192
82.5369,1.16782,5.23754,0.08043,65462
82.5469,1.16771,5.23941,0.08305,65352
82.5569,1.16759,5.23762,0.08224,65509
82.5669,1.16747,5.23641,0.0693,65568
82.5769,1.16736,5.23309,0.07628,64662
82.5869,1.16724,5.23475,0.07971,64961
82.5969,1.16713,5.23571,0.0735,65486
82.6069,1.16701,5.23429,0.07763,65375
82.6169,1.16689,5.23468,0.07878,65531
82.6269,1.16678,5.2339,0.08189,65503
82.6369,1.16666,5.23429,0.0794,65557
82.6469,1.16655,5.231,0.08373,65757
82.6569,1.16643,5.23347,0.07307,65759
82.6669,1.16631,5.22981,0.07646,65052
82.6769,1.1662,5.22656,0.07733,65159
82.6869,1.16608,5.2256,0.07865,65112
82.6969,1.16597,5.2272,0.07504,65485
82.7069,1.16585,5.22758,0.078,65534
82.7169,1.16574,5.22653,0.07963,65559
82.7269,1.16562,5.22605,0.08121,65646
82.7369,1.16551,5.22401,0.08121,66138
82.7469,1.16539,5.22683,0.07677,65980
82.7569,1.16527,5.22442,0.07289,65642
82.7669,1.16516,5.22279,0.07643,65357
82.7769,1.16504,5.22436,0.08091,65254
82.7869,1.16493,5.22387,0.07637,65573
82.7969,1.16481,5.22601,0.07642,65541
82.8069,1.1647,5.22726,0.07985,65839
82.8169,1.16458,5.22659,0.08174,65792
82.8269,1.16447,5.2286,0.07851,65856
82.8368,1.16435,5.22916,0.08273,65982
82.8468,1.16424,5.23434,0.07036,66068
82.8568,1.16412,5.2328,0.07598,65105
82.8668,1.16401,5.23559,0.08203,65663
82.8768,1.16389,5.23617,0.07996,65908
82.8868,1.16378,5.23737,0.07518,65760
82.8968,1.16366,5.2382,0.07649,66044
82.9068,1.16355,5.24144,0.08034,65952
82.9168,1.16343,5.24383,0.08019,66045
82.9268,1.16332,5.24812,0.08342,66112
82.9368,1.1632,5.24901,0.074,66087
82.9468,1.16309,5.24902,0.07542,65547
82.9568,1.16297,5.24802,0.07729,65774
82.9668,1.16286,5.24638,0.08047,65847
82.9768,1.16274,5.2467,0.0827,65830
82.9868,1.16263,5.25038,0.07469,65969
82.9968,1.16251,5.25008,0.07785,66017
83.0068,1.1624,5.24702,0.08103,66587
83.0168,1.16228,5.24752,0.08106,66325
83.0268,1.16217,5.244,0.07608,66432
83.0368,1.16206,5.24432,0.07273,65947
83.0468,1.16194,5.23636,0.07793,65697
83.0568,1.16183,5.23958,0.08198,66263
83.0668,1.16171,5.2426,0.0816,65930
83.0768,1.1616,5.24061,0.07653,66030
83.0868,1.16148,5.2362,0.07715,66181
83.0968,1.16137,5.23259,0.08091,66231
83.1068,1.16125,5.23343,0.07965,66310
83.1168,1.16114,5.23305,0.08337,66392
83.1268,1.16103,5.23311,0.06881,66673
83.1368,1.16091,5.22794,0.07704,65983
83.1468,1.1608,5.22798,0.07939,66293
83.1568,1.16068,5.22905,0.08404,66302
83.1668,1.16057,5.22842,0.07931,66233
83.1768,1.16046,5.2288,0.07589,66271
83.1868,1.16034,5.22679,0.07825,66318
83.1968,1.16023,5.22751,0.08168,66534
83.2068,1.16011,5.22785,0.07881,66515
83.2168,1.16,5.22986,0.07014,66733
83.2268,1.15989,5.23001,0.07771,65722
83.2368,1.15977,5.22826,0.07927,66367
83.2468,1.15966,5.23184,0.08193,66957
83.2568,1.15954,5.23601,0.08379,66505
83.2668,1.15943,5.23948,0.07822,66508
83.2768,1.15932,5.23936,0.07708,66521
83.2868,1.1592,5.2411,0.07938,66690
83.2968,1.15909,5.24263,0.08368,66743
83.3068,1.15897,5.24778,0.07034,66803
83.3168,1.15886,5.24949,0.07737,66060
83.3268,1.15875,5.25362,0.07891,66319
83.3368,1.15863,5.25756,0.08138,66655
83.3468,1.15852,5.26001,0.0831,66665
83.3568,1.15841,5.26316,0.07902,66848
83.3668,1.15829,5.26641,0.07575,66860
83.3768,1.15818,5.26866,0.08064,66755
83.3868,1.15807,5.27259,0.08056,66919
83.3968,1.15795,5.27753,0.07284,66897
83.4068,1.15784,5.2764,0.07329,66381
83.4168,1.15773,5.27793,0.07949,66446
83.4267,1.15761,5.27619,0.08007,66822
83.4367,1.1575,5.27914,0.0819,66985
83.4467,1.15739,5.28036,0.08341,66753
83.4567,1.15727,5.27938,0.08049,66878
83.4667,1.15716,5.28241,0.07596,67227
83.4767,1.15705,5.27995,0.08007,67100
83.4867,1.15693,5.27827,0.07491,67123
83.4967,1.15682,5.27798,0.07321,66628
83.5067,1.15671,5.27934,0.07748,66587
83.5167,1.15659,5.27341,0.08351,67013
83.5267,1.15648,5.27279,0.0807,67044
83.5367,1.15637,5.27619,0.08411,67025
83.5467,1.15626,5.27553,0.08246,66794
83.5567,1.15614,5.27249,0.0774,66819
83.5667,1.15603,5.27532,0.07943,67618
83.5767,1.15592,5.27653,0.07642,67373
83.5867,1.1558,5.27219,0.07054,66868
83.5967,1.15569,5.27313,0.07836,66715
83.6067,1.15558,5.27223,0.08103,67200
83.6167,1.15547,5.27338,0.08188,67273
83.6267,1.15535,5.27463,0.08372,67276
83.6367,1.15524,5.27413,0.08063,67146
83.6467,1.15513,5.27784,0.07975,67077
83.6567,1.15502,5.27965,0.07975,67143
83.6667,1.1549,5.27878,0.07698,67882
83.6767,1.15479,5.2778,0.07252,67236
83.6867,1.15468,5.28047,0.07594,66807
83.6967,1.15456,5.27989,0.08041,67197
83.7067,1.15445,5.28036,0.08313,67464
83.7167,1.15434,5.28156,0.0803,67442
83.7267,1.15423,5.2818,0.08535,67446
83.7367,1.15412,5.28561,0.08092,67149
83.7467,1.154,5.28705,0.07725,67236
83.7567,1.15389,5.2833,0.07949,67681
83.7667,1.15378,5.28715,0.06886,67589
83.7767,1.15367,5.28764,0.07723,67078
83.7867,1.15355,5.28556,0.08074,67484
83.7967,1.15344,5.28922,0.08088,67590
83.8067,1.15333,5.29003,0.08261,67727
83.8167,1.15322,5.29036,0.08534,67639
83.8267,1.15311,5.29201,0.08263,67424
83.8367,1.15299,5.29258,0.07947,67384
83.8467,1.15288,5.29221,0.07699,67595
83.8567,1.15277,5.29686,0.06912,67934
83.8667,1.15266,5.29639,0.07641,67112
83.8767,1.15255,5.29996,0.08108,67543
83.8867,1.15243,5.30217,0.08283,67759
83.8967,1.15232,5.302,0.08354,67858
83.9067,1.15221,5.30411,0.08349,67824
83.9167,1.1521,5.30665,0.08519,67710
83.9267,1.15199,5.30983,0.08227,67557
83.9367,1.15187,5.311,0.0764,67743
83.9467,1.15176,5.31438,0.06835,68127
83.9567,1.15165,5.31217,0.07657,67298
83.9667,1.15154,5.31021,0.08131,67757
83.9767,1.15143,5.31055,0.08044,67941
83.9867,1.15132,5.30944,0.08012,68036
83.9967,1.1512,5.31208,0.085,67987
84.0066,1.15109,5.31315,0.08468,67900
84.0166,1.15098,5.311,0.08109,67722
84.0266,1.15087,5.3142,0.0765,68039
84.0366,1.15076,5.30883,0.07037,67985
84.0466,1.15065,5.30813,0.07514,67488
84.0566,1.15054,5.30877,0.08071,67876
84.0666,1.15042,5.30667,0.08287,68113
84.0766,1.15031,5.30834,0.08372,68158
84.0866,1.1502,5.30427,0.08375,68350
84.0966,1.15009,5.30328,0.08608,68019
84.1066,1.14998,5.3001,0.08244,68037
84.1166,1.14987,5.30208,0.07439,68422
84.1266,1.14976,5.30144,0.06881,67954
84.1366,1.14965,5.30002,0.07659,67541
84.1466,1.14953,5.30143,0.08076,68064
84.1566,1.14942,5.29875,0.08145,68144
84.1666,1.14931,5.29683,0.08152,68422
84.1766,1.1492,5.29253,0.08492,68341
84.1866,1.14909,5.29607,0.08471,68397
84.1966,1.14898,5.2939,0.08593,68458
84.2066,1.14887,5.2978,0.0734,68440
84.2166,1.14876,5.29422,0.06998,67938
84.2266,1.14865,5.29555,0.07557,67840
84.2366,1.14854,5.2972,0.08044,68222
84.2466,1.14842,5.29893,0.08195,68433
84.2566,1.14831,5.30084,0.08445,68364
84.2666,1.1482,5.30497,0.08317,68508
84.2766,1.14809,5.30612,0.08578,68764
84.2866,1.14798,5.31182,0.08552,68804
84.2966,1.14787,5.31605,0.07408,68554
84.3066,1.14776,5.31849,0.07008,67807
84.3166,1.14765,5.32046,0.07798,67988
84.3266,1.14754,5.32698,0.0795,68360
84.3366,1.14743,5.33478,0.08193,68524
84.3466,1.14732,5.33909,0.08289,68586
84.3566,1.14721,5.34319,0.08477,69000
84.3666,1.1471,5.34933,0.08408,69173
84.3766,1.14699,5.35524,0.08414,68792
84.3866,1.14688,5.35854,0.07456,68585
84.3966,1.14677,5.35895,0.07068,67890
84.4066,1.14666,5.36516,0.0762,68084
84.4166,1.14655,5.36885,0.08085,68472
84.4266,1.14644,5.37086,0.08255,68725
84.4366,1.14632,5.3782,0.08384,69180
84.4466,1.14621,5.37959,0.08416,69223
84.4566,1.1461,5.38398,0.08628,69070
84.4666,1.14599,5.3867,0.08679,69014
84.4766,1.14588,5.38984,0.07167,68768
84.4866,1.14577,5.38572,0.07467,67780
84.4966,1.14566,5.39222,0.07523,68319
84.5066,1.14555,5.39437,0.08063,68641
84.5166,1.14544,5.40456,0.08308,69539
84.5266,1.14533,5.4051,0.08396,69135
84.5366,1.14522,5.40845,0.08543,69172
84.5466,1.14511,5.40858,0.08689,69165
84.5566,1.145,5.41205,0.08646,69018
84.5666,1.14489,5.4182,0.07134,69027
84.5766,1.14478,5.41479,0.07512,67784
84.5866,1.14467,5.42608,0.07641,69084
84.5965,1.14456,5.43232,0.08045,69189
84.6065,1.14446,5.43769,0.08313,69211
84.6165,1.14435,5.43909,0.08479,69158
84.6265,1.14424,5.44301,0.086,69282
84.6365,1.14413,5.44749,0.08627,69303
84.6465,1.14402,5.45565,0.08669,69302
84.6565,1.14391,5.46394,0.07033,69186
84.6665,1.1438,5.4654,0.07833,68428
84.6765,1.14369,5.47668,0.07679,68929
84.6865,1.14358,5.47865,0.08152,69199
84.6965,1.14347,5.4905,0.08229,69285
84.7065,1.14336,5.49886,0.08476,69370
84.7165,1.14325,5.50508,0.08594,69412
84.7265,1.14314,5.51471,0.08676,69750
84.7365,1.14303,5.52389,0.0794,69929
84.7465,1.14292,5.52746,0.07441,68875
84.7565,1.14281,5.53463,0.07992,68534
84.7665,1.1427,5.54293,0.07801,69026
84.7765,1.14259,5.54899,0.08087,69319
84.7865,1.14248,5.56042,0.08346,69415
84.7965,1.14238,5.56445,0.08399,69817
84.8065,1.14227,5.57114,0.08733,70087
84.8165,1.14216,5.58304,0.08697,69786
84.8265,1.14205,5.58766,0.0765,69728
84.8365,1.14194,5.58853,0.07667,68743
84.8465,1.14183,5.59216,0.08176,68810
84.8565,1.14172,5.59818,0.07872,69217
84.8665,1.14161,5.60551,0.0816,69824
84.8765,1.1415,5.61257,0.0858,69978
84.8865,1.14139,5.61428,0.08409,69777
84.8965,1.14129,5.61321,0.08691,70013
84.9065,1.14118,5.61916,0.08628,69916
84.9165,1.14107,5.62311,0.07533,69762
84.9265,1.14096,5.62204,0.07866,68595
84.9365,1.14085,5.62813,0.08209,69756
84.9465,1.14074,5.62697,0.08018,69666
84.9565,1.14063,5.62927,0.08285,69760
84.9665,1.14052,5.63193,0.08385,69799
84.9765,1.14042,5.63376,0.08484,69914
84.9865,1.14031,5.63801,0.08845,70004
84.9965,1.1402,5.64058,0.08629,70111
85.0065,1.14009,5.63893,0.07309,70243
85.0165,1.13998,5.6391,0.08028,69291
85.0265,1.13987,5.6457,0.08281,69507
85.0365,1.13976,5.64372,0.08132,69611
85.0465,1.13966,5.65038,0.08315,69907
85.0565,1.13955,5.6534,0.08489,69899
85.0665,1.13944,5.65719,0.08776,70534
85.0765,1.13933,5.6569,0.08678,70564
85.0865,1.13922,5.66212,0.07705,70389
85.0965,1.13911,5.66677,0.07915,69395
85.1065,1.13901,5.66252,0.08179,69500
85.1165,1.1389,5.6692,0.0834,69714
85.1265,1.13879,5.66857,0.0832,70143
85.1365,1.13868,5.67341,0.08252,70428
85.1465,1.13857,5.67056,0.08335,70294
85.1565,1.13846,5.6708,0.08754,70348
85.1665,1.13836,5.6759,0.08495,70489
85.1764,1.13825,5.67432,0.0746,70390
85.1864,1.13814,5.67192,0.08119,69248
85.1964,1.13803,5.67359,0.08202,70431
85.2064,1.13792,5.66668,0.08399,70272
85.2164,1.13782,5.6592,0.08273,70129
85.2264,1.13771,5.65925,0.08363,70248
85.2364,1.1376,5.65903,0.08652,70279
85.2464,1.13749,5.65684,0.08597,70446
85.2564,1.13739,5.65468,0.08305,71292
85.2664,1.13728,5.64775,0.07546,70251
85.2764,1.13717,5.63936,0.08161,69887
85.2864,1.13706,5.63804,0.08298,70099
85.2964,1.13695,5.64013,0.08427,70297
85.3064,1.13685,5.63356,0.08093,70156
85.3164,1.13674,5.63712,0.08422,71003
85.3264,1.13663,5.63316,0.0861,70824
85.3364,1.13652,5.63113,0.08589,70837
85.3464,1.13642,5.63402,0.07576,70813
85.3564,1.13631,5.62883,0.07914,69844
85.3664,1.1362,5.62585,0.08583,70073
85.3764,1.13609,5.63349,0.08196,70979
85.3864,1.13599,5.6313,0.08505,70663
85.3964,1.13588,5.63073,0.083,70596
85.4064,1.13577,5.63647,0.08355,70676
85.4164,1.13566,5.62814,0.08541,70819
85.4264,1.13556,5.63389,0.08505,70850
85.4364,1.13545,5.63517,0.07184,71237
85.4464,1.13534,5.63033,0.08258,70341
85.4564,1.13523,5.63791,0.08631,70481
85.4664,1.13513,5.64305,0.08346,70728
85.4764,1.13502,5.6414,0.08521,70518
85.4864,1.13491,5.63929,0.08091,70663
85.4964,1.13481,5.64144,0.08582,71577
85.5064,1.1347,5.64693,0.08648,71291
85.5164,1.13459,5.64678,0.07632,71121
85.5264,1.13448,5.64717,0.07812,70313
85.5364,1.13438,5.64994,0.08467,70490
85.5464,1.13427,5.65123,0.08779,70611
85.5564,1.13416,5.65849,0.08155,71591
85.5664,1.13406,5.6569,0.08536,71053
85.5764,1.13395,5.65956,0.08281,71042
85.5864,1.13384,5.6604,0.08466,71167
85.5964,1.13374,5.65832,0.08555,71182
85.6064,1.13363,5.66344,0.07229,71384
85.6164,1.13352,5.66687,0.08182,70664
85.6264,1.13342,5.66634,0.08632,71092
85.6364,1.13331,5.66917,0.08834,70939
85.6464,1.1332,5.67269,0.08091,71135
85.6564,1.1331,5.6702,0.08859,70924
85.6664,1.13299,5.67492,0.08333,71877
85.6764,1.13288,5.67481,0.08582,71583
85.6864,1.13278,5.67889,0.07501,71488
85.6964,1.13267,5.68266,0.07776,70532
85.7064,1.13256,5.6842,0.08566,70776
85.7164,1.13246,5.68372,0.08738,71642
85.7264,1.13235,5.68788,0.08739,71533
85.7364,1.13224,5.68709,0.0829,71623
85.7464,1.13214,5.69495,0.085,71267
85.7564,1.13203,5.69529,0.08475,71429
85.7663,1.13192,5.69914,0.0845,71382
85.7763,1.13182,5.70302,0.07244,71745
85.7863,1.13171,5.70433,0.08078,71091
85.7963,1.13161,5.70748,0.08672,71432
85.8063,1.1315,5.71189,0.08737,71437
85.8163,1.13139,5.70889,0.08648,71433
85.8263,1.13129,5.71861,0.08452,71991
85.8363,1.13118,5.72913,0.08614,71792
85.8463,1.13107,5.72619,0.08444,71657
85.8563,1.13097,5.73087,0.07524,71788
85.8663,1.13086,5.73158,0.07897,70809
85.8763,1.13076,5.7434,0.08557,71216
85.8863,1.13065,5.74902,0.08934,72513
85.8963,1.13054,5.75312,0.08991,71766
85.9063,1.13044,5.76314,0.08286,71678
85.9163,1.13033,5.77175,0.08764,71597
85.9263,1.13023,5.7787,0.08512,71774
85.9363,1.13012,5.79137,0.07913,72520
85.9463,1.13001,5.79786,0.07525,71564
85.9563,1.12991,5.81109,0.08269,71263
85.9663,1.1298,5.8216,0.08806,71762
85.9763,1.1297,5.83646,0.09012,71837
85.9863,1.12959,5.85241,0.09013,72114
85.9963,1.12949,5.86248,0.08467,72464
86.0063,1.12938,5.87843,0.08951,72055
86.0163,1.12927,5.89158,0.08655,71974
86.0263,1.12917,5.91114,0.0741,71917
86.0363,1.12906,5.92226,0.08086,71354
86.0463,1.12896,5.94047,0.08641,71972
86.0563,1.12885,5.95744,0.09147,72330
86.0663,1.12875,5.97815,0.08896,72226
86.0763,1.12864,5.98682,0.08842,71968
86.0863,1.12854,6.00573,0.08758,72558
86.0963,1.12843,6.0296,0.08891,72450
86.1063,1.12833,6.04607,0.07616,72187
86.1163,1.12822,6.06227,0.07945,71223
86.1263,1.12811,6.08212,0.08474,71829
86.1363,1.12801,6.09806,0.0915,72607
86.1463,1.1279,6.12312,0.09141,72917
86.1563,1.1278,6.13191,0.0942,72206
86.1663,1.12769,6.15992,0.08691,72225
86.1763,1.12759,6.17669,0.08988,72230
86.1863,1.12748,6.1981,0.08789,72561
86.1963,1.12738,6.22219,0.07538,72527
86.2063,1.12727,6.24422,0.08321,71870
86.2163,1.12717,6.27018,0.09155,72184
86.2263,1.12706,6.28914,0.09253,72327
86.2363,1.12696,6.3242,0.09334,72954
86.2463,1.12685,6.34763,0.09953,72573
86.2563,1.12675,6.37991,0.08595,72971
86.2663,1.12664,6.41213,0.09218,72559
86.2763,1.12654,6.44294,0.07703,72439
86.2863,1.12643,6.4819,0.08276,71831
86.2963,1.12633,6.51952,0.09153,72448
86.3063,1.12622,6.55964,0.09397,72686
86.3163,1.12612,6.60207,0.09626,72857
86.3263,1.12601,6.64676,0.09934,72722
86.3363,1.12591,6.69862,0.09357,73240
86.3462,1.1258,6.74366,0.09159,73064
86.3562,1.1257,6.79568,0.08424,72542
86.3662,1.12559,6.84723,0.08353,71567
86.3762,1.12549,6.90247,0.09056,72163
86.3862,1.12539,6.97141,0.09621,73763
86.3962,1.12528,7.03548,0.0995,73168
86.4062,1.12518,7.10019,0.10237,73012
86.4162,1.12507,7.17129,0.10145,72563
86.4262,1.12497,7.2424,0.09354,72744
86.4362,1.12486,7.3267,0.08916,73786
86.4462,1.12476,7.40302,0.08671,72390
86.4562,1.12465,7.48469,0.09322,72280
86.4662,1.12455,7.5831,0.09898,72685
86.4762,1.12445,7.68536,0.1024,73409
86.4862,1.12434,7.78369,0.10582,73464
86.4962,1.12424,7.88932,0.1067,73385
86.5062,1.12413,8.01062,0.10312,72951
86.5162,1.12403,8.12543,0.10425,73058
86.5262,1.12392,8.2589,0.08765,73400
86.5362,1.12382,8.3824,0.09709,72218
86.5462,1.12372,8.54218,0.10361,72731
86.5562,1.12361,8.70002,0.10993,73204
86.5662,1.12351,8.86291,0.1107,73747
86.5762,1.1234,9.04107,0.11695,74091
86.5862,1.1233,9.22734,0.11711,73166
86.5962,1.1232,9.43321,0.10831,73104
86.6062,1.12309,9.64953,0.09551,73120
86.6162,1.12299,9.89157,0.10722,72773
86.6262,1.12288,10.15633,0.11256,73347
86.6362,1.12278,10.43931,0.12014,73367
86.6462,1.12268,10.73622,0.12523,73287
86.6562,1.12257,11.068,0.13064,73585
86.6662,1.12247,11.42918,0.13227,74299
86.6762,1.12236,11.81897,0.13109,73493
86.6862,1.12226,12.23203,0.11018,73619
86.6962,1.12216,12.69529,0.12402,72192
86.7062,1.12205,13.19595,0.13114,73516
86.7162,1.12195,13.73873,0.14178,73574
86.7262,1.12185,14.32736,0.14592,73440
86.7362,1.12174,14.95841,0.15146,74088
86.7462,1.12164,15.64394,0.15651,74250
86.7562,1.12154,16.37199,0.16322,74003
86.7662,1.12143,17.15314,0.13336,73575
86.7762,1.12133,18.00291,0.14502,72475
86.7862,1.12122,18.88657,0.1633,73025
86.7962,1.12112,19.85606,0.16341,74565
86.8062,1.12102,20.86777,0.17436,73993
86.8162,1.12091,21.94753,0.18292,73825
86.8262,1.12081,23.06588,0.1875,73703
86.8362,1.12071,24.23932,0.19542,74569
86.8462,1.1206,25.49127,0.1676,74157
86.8562,1.1205,26.76424,0.16803,73087
86.8662,1.1204,28.07864,0.18976,73070
86.8762,1.12029,29.43603,0.19934,73591
86.8862,1.12019,30.86673,0.20144,74508
86.8962,1.12009,32.29988,0.21334,74459
86.9062,1.11998,33.77207,0.22582,74169
86.9162,1.11988,35.24666,0.2277,74165
86.9262,1.11978,36.78614,0.21032,74518
86.9361,1.11968,38.26009,0.18436,73192
86.9461,1.11957,39.76722,0.21219,73256
86.9561,1.11947,41.21551,0.23458,74003
86.9661,1.11937,42.73072,0.22995,74773
86.9761,1.11926,44.19148,0.24136,74511
86.9861,1.11916,45.61976,0.25202,74197
86.9961,1.11906,46.98984,0.25172,74113
87.0061,1.11895,48.38881,0.24328,75137
87.0161,1.11885,49.66496,0.20696,73741
87.0261,1.11875,50.90326,0.22787,73458
87.0361,1.11865,52.06088,0.2577,73737
87.0461,1.11854,53.13352,0.2596,74291
87.0561,1.11844,54.23408,0.26061,75483
87.0661,1.11834,55.16727,0.27558,74572
87.0761,1.11824,56.05551,0.2718,74487
87.0861,1.11813,56.88223,0.27774,74433
87.0961,1.11803,57.58578,0.22599,74071
87.1061,1.11793,58.23581,0.23155,74040
87.1161,1.11782,58.76633,0.26891,74153
87.1261,1.11772,59.16239,0.2781,74096
87.1361,1.11762,59.5234,0.26912,75503
87.1461,1.11752,59.79608,0.28376,74520
87.1561,1.11741,60.00519,0.27661,75089
87.1661,1.11731,60.08547,0.29018,74787
87.1761,1.11721,60.02813,0.23249,74640
87.1861,1.11711,59.95343,0.23408,73636
87.1961,1.11701,59.73827,0.26724,74020
87.2061,1.1169,59.50796,0.28015,74608
87.2161,1.1168,59.16215,0.27719,76021
87.2261,1.1167,58.6784,0.28018,74911
87.2361,1.1166,58.18133,0.27699,74779
87.2461,1.11649,57.59927,0.28212,74599
87.2561,1.11639,57.00642,0.22689,75519
87.2661,1.11629,56.21474,0.23332,73841
87.2761,1.11619,55.45941,0.25456,74281
87.2861,1.11609,54.63781,0.26639,74462
87.2961,1.11598,53.76934,0.27186,75676
87.3061,1.11588,52.90031,0.26572,75561
87.3161,1.11578,51.94155,0.26371,75323
87.3261,1.11568,50.91078,0.27301,74827
87.3361,1.11557,49.89093,0.21303,75511
87.3461,1.11547,48.70723,0.24069,73251
87.3561,1.11537,47.8415,0.21685,75012
87.3661,1.11527,46.68227,0.25146,75092
87.3761,1.11517,45.55046,0.25174,75998
87.3861,1.11507,44.41766,0.24624,75131
87.3961,1.11496,43.26985,0.24124,74967
87.4061,1.11486,42.21483,0.23766,76100
87.4161,1.11476,41.0156,0.19611,75612
87.4261,1.11466,39.73693,0.21969,73629
87.4361,1.11456,38.63718,0.19871,74312
87.4461,1.11445,37.50666,0.22152,75423
87.4561,1.11435,36.44218,0.22971,76938
87.4661,1.11425,35.17733,0.22224,75288
87.4761,1.11415,34.02123,0.21473,75026
87.4861,1.11405,32.88965,0.20056,75831
87.4961,1.11395,31.78737,0.1791,75579
87.5061,1.11385,30.60933,0.19615,74595
87.516,1.11374,29.46531,0.17692,74478
87.526,1.11364,28.41953,0.19347,76017
87.536,1.11354,27.3156,0.19879,75595
87.546,1.11344,26.32869,0.20002,76035
87.556,1.11334,25.25273,0.18709,75670
87.566,1.11324,24.2138,0.16784,76551
87.576,1.11314,23.18493,0.15911,74780
87.586,1.11303,22.24905,0.17006,74574
87.596,1.11293,21.34888,0.15913,75375
87.606,1.11283,20.44132,0.15917,76416
87.616,1.11273,19.57014,0.1683,75623
87.626,1.11263,18.73235,0.17399,75210
87.636,1.11253,17.99234,0.16162,77118
87.646,1.11243,17.19961,0.14188,76812
87.656,1.11233,16.45004,0.13761,74595
87.666,1.11222,15.77037,0.14726,74620
87.676,1.11212,15.08408,0.15641,75034
87.686,1.11202,14.56858,0.12158,77172
87.696,1.11192,13.95581,0.14698,76031
87.706,1.11182,13.39241,0.14825,75537
87.716,1.11172,12.90208,0.13815,76752
87.726,1.11162,12.45722,0.11636,76834
87.736,1.11152,11.98838,0.11987,74829
87.746,1.11142,11.56708,0.12755,75973
87.756,1.11132,11.1622,0.136,75018
87.766,1.11122,10.83246,0.10564,76172
87.776,1.11111,10.52831,0.12566,76513
87.786,1.11101,10.21557,0.12776,77303
87.796,1.11091,9.9278,0.12228,75967
87.806,1.11081,9.65544,0.09708,75707
87.816,1.11071,9.44768,0.10613,76025
87.826,1.11061,9.21049,0.11468,76797
87.836,1.11051,8.97294,0.11941,74951
87.846,1.11041,8.80118,0.09548,75438
87.856,1.11031,8.64939,0.11362,77814
87.866,1.11021,8.47697,0.11336,77072
87.876,1.11011,8.3103,0.11364,76227
87.886,1.11001,8.16701,0.08897,75869
87.896,1.10991,8.06462,0.09773,76513
87.906,1.10981,7.92263,0.10555,76445
87.916,1.10971,7.80006,0.10885,75023
87.926,1.10961,7.7036,0.08814,76712
87.936,1.10951,7.61165,0.10572,77083
87.946,1.1094,7.52292,0.1059,77412
87.956,1.1093,7.43452,0.10851,76170
87.966,1.1092,7.35007,0.08087,76886
87.976,1.1091,7.27412,0.09291,75173
87.986,1.109,7.21217,0.10086,77058
87.996,1.1089,7.14118,0.10689,76623
88.006,1.1088,7.07704,0.08512,76576
88.016,1.1087,7.01838,0.10034,76267
88.026,1.1086,6.9695,0.10084,77934
88.036,1.1085,6.91706,0.08969,77781
88.046,1.1084,6.85454,0.08397,75438
88.056,1.1083,6.80468,0.09087,75409
88.066,1.1082,6.76874,0.1015,78594
88.076,1.1081,6.72181,0.10491,76261
88.086,1.108,6.6739,0.08347,76113
88.096,1.1079,6.63547,0.09504,77034
88.1059,1.1078,6.59616,0.09941,78609
88.1159,1.1077,6.55449,0.08117,77233
88.1259,1.1076,6.50248,0.08574,74963
88.1359,1.1075,6.48313,0.09133,77193
88.1459,1.1074,6.45168,0.09973,78081
88.1559,1.1073,6.40878,0.10035,75841
88.1659,1.1072,6.37673,0.08073,77247
88.1759,1.1071,6.34892,0.09117,77169
88.1859,1.107,6.31781,0.09874,78351
88.1959,1.1069,6.29112,0.07765,77387
88.2059,1.10681,6.25958,0.08614,76060
88.2159,1.10671,6.23883,0.09195,76661
88.2259,1.10661,6.21028,0.09732,77685
88.2359,1.10651,6.18361,0.09975,77313
88.2459,1.10641,6.15478,0.08011,76816
88.2559,1.10631,6.1478,0.09064,77672
88.2659,1.10621,6.11628,0.08536,78848
88.2759,1.10611,6.09067,0.07878,76559
88.2859,1.10601,6.06974,0.0865,75826
88.2959,1.10591,6.06536,0.09428,78375
88.3059,1.10581,6.0443,0.0977,78414
88.3159,1.10571,6.02344,0.10135,76054
88.3259,1.10561,5.99821,0.07706,76397
88.3359,1.10551,6.00482,0.08831,79901
88.3459,1.10541,5.97759,0.07806,77870
88.3559,1.10531,5.95274,0.08352,75527
88.3659,1.10521,5.95193,0.09009,77698
88.3759,1.10512,5.93925,0.09566,78813
88.3859,1.10502,5.92353,0.09635,77458
88.3959,1.10492,5.90937,0.10022,76893
88.4059,1.10482,5.8962,0.07353,78224
88.4159,1.10472,5.89013,0.08892,78116
88.4259,1.10462,5.86664,0.07358,78052
88.4359,1.10452,5.85907,0.0859,76474
88.4459,1.10442,5.84804,0.09031,78125
88.4559,1.10432,5.83717,0.09564,78366
88.4659,1.10422,5.81929,0.09757,78378
88.4759,1.10412,5.80961,0.0937,76393
88.4859,1.10403,5.80013,0.07482,78527
88.4959,1.10393,5.77815,0.07848,79075
88.5059,1.10383,5.77715,0.07766,76168
88.5159,1.10373,5.75605,0.08702,77708
88.5259,1.10363,5.75068,0.09437,79204
88.5359,1.10353,5.74385,0.0954,77915
88.5459,1.10343,5.72606,0.09875,77798
88.5559,1.10333,5.7204,0.08325,78760
88.5659,1.10324,5.70976,0.07984,77829
88.5759,1.10314,5.7061,0.07182,77543
88.5859,1.10304,5.693,0.08257,78705
88.5959,1.10294,5.68308,0.08821,77871
88.6059,1.10284,5.67672,0.09615,77294
88.6159,1.10274,5.67589,0.09879,80349
88.6259,1.10264,5.66822,0.1026,77956
88.6359,1.10254,5.65993,0.07595,76861
88.6459,1.10245,5.66304,0.07242,78791
88.6559,1.10235,5.64676,0.07337,78893
88.6659,1.10225,5.63796,0.08387,76979
88.6759,1.10215,5.64548,0.09536,78730
88.6858,1.10205,5.6349,0.10259,79905
88.6958,1.10195,5.62554,0.09908,78538
88.7058,1.10186,5.63447,0.10073,77662
88.7158,1.10176,5.61366,0.07198,78958
88.7258,1.10166,5.61122,0.06689,78542
88.7358,1.10156,5.60074,0.08031,77541
88.7458,1.10146,5.60101,0.08834,78547
88.7558,1.10136,5.58871,0.09901,78823
88.7658,1.10127,5.58755,0.09699,79924
88.7758,1.10117,5.58195,0.10149,78663
88.7858,1.10107,5.56359,0.08137,77690
88.7958,1.10097,5.57472,0.06924,79491
88.8058,1.10087,5.54255,0.0716,76884
88.8158,1.10078,5.55564,0.08428,78855
88.8258,1.10068,5.53947,0.09102,79789
88.8358,1.10058,5.54033,0.10025,78532
88.8458,1.10048,5.53012,0.1028,80072
88.8558,1.10038,5.52509,0.1049,78972
88.8658,1.10029,5.52441,0.07349,77603
88.8758,1.10019,5.51574,0.06503,79982
88.8858,1.10009,5.5076,0.07689,77934
88.8958,1.09999,5.50886,0.08766,77737
88.9058,1.09989,5.50863,0.09867,80994
88.9158,1.0998,5.49941,0.10276,79849
88.9258,1.0997,5.51038,0.10487,78730
88.9358,1.0996,5.49985,0.08363,79528
88.9458,1.0995,5.49759,0.06466,78831
88.9558,1.09941,5.49105,0.07285,76013
88.9658,1.09931,5.49049,0.08079,81310
88.9758,1.09921,5.49156,0.0921,78592
88.9858,1.09911,5.47991,0.10461,79268
88.9958,1.09901,5.48826,0.10795,82480
89.0058,1.09892,5.48059,0.10999,77001
89.0158,1.09882,5.46711,0.06811,79893
89.0258,1.09872,5.4725,0.06469,79052
89.0358,1.09862,5.45753,0.07767,76672
89.0458,1.09853,5.447,0.08575,81328
89.0558,1.09843,5.45072,0.10054,79908
89.0658,1.09833,5.44098,0.10737,78711
89.0758,1.09824,5.43357,0.11463,82127
89.0858,1.09814,5.43777,0.07728,78013
89.0958,1.09804,5.41407,0.06262,79477
89.1058,1.09794,5.41216,0.07552,78630
89.1158,1.09785,5.40132,0.08304,77656
89.1258,1.09775,5.4107,0.09124,82223
89.1358,1.09765,5.39734,0.10882,80450
89.1458,1.09755,5.39392,0.11389,79802
89.1558,1.09746,5.39375,0.08339,79951
89.1658,1.09736,5.38916,0.0646,78300
89.1758,1.09726,5.37815,0.07253,79239
89.1858,1.09717,5.37187,0.07961,79176
89.1958,1.09707,5.37932,0.08908,80344
89.2058,1.09697,5.3642,0.10671,81747
89.2158,1.09687,5.37208,0.11479,80247
89.2258,1.09678,5.37407,0.08571,78317
89.2358,1.09668,5.37141,0.06831,79959
89.2458,1.09658,5.35554,0.06952,79363
89.2558,1.09649,5.36233,0.08188,79472
89.2658,1.09639,5.34249,0.08722,81325
89.2757,1.09629,5.3646,0.09426,79430
89.2857,1.0962,5.35052,0.11545,81871
89.2957,1.0961,5.35951,0.08006,77166
89.3057,1.096,5.35732,0.07332,83680
89.3157,1.09591,5.33746,0.07216,77814
89.3257,1.09581,5.34445,0.08031,80890
89.3357,1.09571,5.34236,0.08622,79346
89.3457,1.09562,5.32555,0.0928,80752
89.3557,1.09552,5.36853,0.10724,78539
89.3657,1.09542,5.33628,0.0761,81627
89.3757,1.09533,5.3436,0.08278,80998
89.3857,1.09523,5.32109,0.07236,81149
89.3957,1.09513,5.33094,0.08062,79694
89.4057,1.09504,5.33427,0.08987,79592
89.4157,1.09494,5.31869,0.09304,79444
89.4257,1.09484,5.345,0.07784,79361
89.4357,1.09475,5.3047,0.09325,81754
89.4457,1.09465,5.32325,0.07731,84664
89.4557,1.09455,5.30607,0.07393,76862
89.4657,1.09446,5.31582,0.08585,81637
89.4757,1.09436,5.3002,0.08887,79429
89.4857,1.09426,5.31048,0.07922,80924
89.4957,1.09417,5.29216,0.08525,79809
89.5057,1.09407,5.30567,0.09612,83418
89.5157,1.09398,5.28039,0.06993,81265
89.5257,1.09388,5.2912,0.08345,79046
89.5357,1.09378,5.28256,0.09112,79713
89.5457,1.09369,5.28111,0.08269,81577
89.5557,1.09359,5.27586,0.08228,79385
89.5657,1.09349,5.28662,0.088,83213
89.5757,1.0934,5.25767,0.09614,79221
89.5857,1.0933,5.27678,0.06663,81950
89.5957,1.09321,5.26374,0.0894,80561
89.6057,1.09311,5.26159,0.08287,80180
89.6157,1.09301,5.272,0.08659,82449
89.6257,1.09292,5.25457,0.08567,79443
89.6357,1.09282,5.27161,0.08678,82865
89.6457,1.09273,5.25725,0.07112,81204
89.6557,1.09263,5.25748,0.08294,78737
89.6657,1.09253,5.27393,0.08372,81916
89.6757,1.09244,5.25465,0.08647,81803
89.6857,1.09234,5.27017,0.08697,81211
89.6957,1.09225,5.26937,0.09119,82298
89.7057,1.09215,5.26392,0.07558,81260
89.7157,1.09205,5.27188,0.07812,79447
89.7257,1.09196,5.26565,0.08193,81266
89.7357,1.09186,5.27572,0.08386,81586
89.7457,1.09177,5.28355,0.08827,81865
89.7557,1.09167,5.26886,0.08723,82344
89.7657,1.09158,5.28018,0.08109,81680
89.7757,1.09148,5.27244,0.08023,80323
89.7857,1.09139,5.27453,0.07691,81020
89.7957,1.09129,5.27519,0.08533,81302
89.8057,1.09119,5.27499,0.08573,81779
89.8157,1.0911,5.27336,0.08836,82309
89.8257,1.091,5.27092,0.08146,82290
89.8357,1.09091,5.26758,0.08017,81056
89.8457,1.09081,5.26044,0.08146,81254
89.8556,1.09072,5.25364,0.07983,81380
89.8656,1.09062,5.25829,0.08168,81490
89.8756,1.09053,5.25138,0.08837,82162
89.8856,1.09043,5.24584,0.08361,82270
89.8956,1.09034,5.25657,0.07975,81202
89.9056,1.09024,5.24571,0.08316,80129
89.9156,1.09014,5.24674,0.08103,79724
89.9256,1.09005,5.25545,0.08301,79093
89.9356,1.08995,5.24254,0.08685,78776
89.9456,1.08986,5.2382,0.08496,78172
89.9556,1.08976,5.24963,0.08239,76871
89.9656,1.08967,5.24957,0.08065,75902
89.9756,1.08957,5.24263,0.08074,74669
89.9856,1.08948,5.2554,0.08287,73610
89.9956,1.08938,5.24567,0.08463,73277
90.0056,1.08929,5.25362,0.0848,71996
90.0156,1.08919,5.25243,0.08602,70357
90.0256,1.0891,5.25819,0.08591,68917
90.0356,1.089,5.25496,0.08278,67161
90.0456,1.08891,5.25338,0.08414,65667
90.0556,1.08881,5.26544,0.08707,64733
90.0656,1.08872,5.25156,0.08691,62796
90.0756,1.08862,5.25351,0.08514,60633
90.0856,1.08853,5.24991,0.0882,58177
90.0956,1.08843,5.24132,0.09192,55711
90.1056,1.08834,5.23651,0.08974,54159
90.1156,1.08824,5.22188,0.08453,52022
90.1256,1.08815,5.22988,0.09103,49473
90.1356,1.08806,5.22028,0.09151,46683
90.1456,1.08796,5.231,0.09253,43704
90.1556,1.08787,5.23457,0.10448,40942
90.1656,1.08777,5.21606,0.10036,38804
90.1756,1.08768,5.22535,0.09857,35719
90.1856,1.08758,5.20779,0.09221,32394
90.1956,1.08749,5.18694,0.09398,28104
90.2056,1.08739,5.22244,0.10218,23226
90.2156,1.0873,5.24761,0.1109,19348
90.2256,1.0872,5.24301,0.11741,16196
90.2356,1.08711,5.19051,0.12094,13375
90.2456,1.08701,5.22517,0.12673,10848
90.2556,1.08692,5.14981,0.12811,7774
90.2656,1.08683,5.32716,0.16838,4126
90.2756,1.08673,5.38609,0.19322,2593
90.2856,1.08664,5.39191,0.20165,1347
90.2956,1.08654,5.59098,0.20525,189
90.3056,1.08645,5.64898,0.2807,24
